2 0.000000 100.000000 262.180540
1894 1654 
1 -11.368037 0.000000 -11.842658 99.756365 -6.975787 -0.000014 0.000001 
2 13.641644 0.000000 -11.842658 99.756173 -6.977741 -0.000917 0.000002 
3 13.641644 0.000000 11.842658 99.756192 -6.979045 -0.000158 -0.000000 
4 -11.368037 0.000000 11.842658 99.756449 -6.975910 -0.000021 -0.000001 
5 1.136804 0.000000 0.000000 101.685180 -6.617947 0.004368 -0.038367 
6 -11.368037 0.000000 0.000000 99.756399 -6.975875 0.000007 -0.000000 
7 1.136804 0.000000 -11.842658 99.756177 -6.976755 -0.000259 0.000003 
8 13.641644 0.000000 0.000000 99.792549 -6.457412 0.157206 -0.000028 
9 1.136804 0.000000 11.842658 99.756529 -6.977316 -0.000286 -0.000005 
10 -5.115617 0.000000 -5.921329 99.756221 -6.976326 -0.000086 0.000003 
11 -11.368037 0.000000 -5.921329 99.756369 -6.975832 -0.000005 0.000000 
12 -5.115617 0.000000 -11.842658 99.756300 -6.976037 -0.000068 0.000002 
13 1.136804 0.000000 -5.921329 99.755644 -6.981719 -0.000852 0.000007 
14 -5.115617 0.000000 0.000000 99.756241 -6.976593 0.000046 0.000002 
15 7.389224 0.000000 -5.921329 99.755340 -6.985242 -0.003569 0.000008 
16 7.389224 0.000000 -11.842658 99.756120 -6.977525 -0.000623 0.000003 
17 13.641644 0.000000 -5.921329 99.755636 -6.984976 -0.005282 0.000002 
18 7.389224 0.000000 0.000000 99.857589 -5.520841 1.153525 -0.000335 
19 -5.115617 0.000000 5.921329 99.756551 -6.976528 -0.000015 -0.000004 
20 -11.368037 0.000000 5.921329 99.756440 -6.975908 -0.000003 -0.000001 
21 1.136804 0.000000 5.921329 99.757088 -6.982635 -0.001090 -0.000023 
22 -5.115617 0.000000 11.842658 99.756509 -6.976290 -0.000078 -0.000003 
23 -1.989406 0.000000 -2.960664 99.755430 -6.978558 -0.000646 0.000015 
24 -5.115617 0.000000 -2.960664 99.756171 -6.976483 -0.000052 0.000004 
25 -1.989406 0.000000 -5.921329 99.756025 -6.977380 -0.000334 0.000005 
26 1.136804 0.000000 -2.960664 99.756850 -6.993381 -0.002681 -0.000034 
27 -1.989406 0.000000 0.000000 99.753890 -6.979894 0.000459 0.000044 
28 7.389224 0.000000 5.921329 99.755639 -6.988002 -0.000879 -0.000002 
29 13.641644 0.000000 5.921329 99.755475 -6.988712 0.001052 0.000000 
30 7.389224 0.000000 11.842658 99.756317 -6.978528 -0.000361 -0.000002 
31 4.263014 0.000000 -2.960664 99.751789 -7.016646 -0.012028 0.000035 
32 4.263014 0.000000 -5.921329 99.755139 -6.985329 -0.002227 0.000012 
33 7.389224 0.000000 -2.960664 99.752931 -7.016709 -0.020859 0.000012 
34 4.263014 0.000000 0.000000 99.900938 -4.826520 -2.313522 -0.000885 
35 -1.989406 0.000000 2.960664 99.756648 -6.978877 0.000355 -0.000009 
36 -5.115617 0.000000 2.960664 99.756445 -6.976604 0.000061 -0.000002 
37 1.136804 0.000000 2.960664 99.761968 -6.994912 -0.003366 -0.000138 
38 -1.989406 0.000000 5.921329 99.756833 -6.977779 -0.000152 -0.000012 
39 -0.426301 0.000000 -1.480332 99.746028 -6.991154 -0.011347 0.000185 
40 -1.989406 0.000000 -1.480332 99.753573 -6.982882 0.001450 0.000046 
41 -0.426301 0.000000 -2.960664 99.749012 -6.987700 0.000690 0.000131 
42 1.136804 0.000000 -1.480332 99.744543 -7.037021 -0.010281 0.000151 
43 -0.426301 0.000000 0.000000 99.992399 -7.100278 0.013082 -0.004889 
44 4.263014 0.000000 2.960664 99.753324 -7.022447 -0.005305 -0.000004 
45 7.389224 0.000000 2.960664 99.752745 -7.026048 0.003095 0.000002 
46 4.263014 0.000000 5.921329 99.756155 -6.987224 -0.001624 -0.000011 
47 2.699909 0.000000 -1.480332 99.732942 -7.146319 -0.030009 0.000227 
48 2.699909 0.000000 -2.960664 99.752959 -7.008717 -0.005145 0.000023 
49 4.263014 0.000000 -1.480332 99.738429 -7.160758 -0.079426 0.000096 
50 2.699909 0.000000 0.000000 99.992735 -3.757017 -1.365567 -0.001453 
51 -0.426301 0.000000 1.480332 99.750948 -6.991443 0.011095 0.000087 
52 -1.989406 0.000000 1.480332 99.755333 -6.979550 0.000556 0.000016 
53 1.136804 0.000000 1.480332 99.760505 -7.031232 -0.004068 -0.000160 
54 -0.426301 0.000000 2.960664 99.756844 -6.985881 0.000790 -0.000023 
55 0.355251 0.000000 -0.740166 99.787954 -7.082156 -0.123675 -0.000781 
56 -0.426301 0.000000 -0.740166 99.714888 -7.026388 0.012917 0.000757 
57 0.355251 0.000000 -1.480332 99.762763 -7.010119 -0.018687 -0.000175 
58 1.136804 0.000000 -0.740166 99.774914 -7.160188 0.002662 -0.000630 
59 0.355251 0.000000 0.000000 70.558896 -0.042917 -0.000463 0.502144 
60 -8.241827 0.000000 -2.960664 99.756334 -6.976018 -0.000003 0.000001 
61 -11.368037 0.000000 -2.960664 99.756380 -6.975853 0.000002 0.000000 
62 -8.241827 0.000000 -5.921329 99.756325 -6.975973 -0.000021 0.000001 
63 -8.241827 0.000000 0.000000 99.756373 -6.976056 0.000016 0.000000 
64 -3.552511 0.000000 -1.480332 99.755877 -6.977287 -0.000057 0.000008 
65 -5.115617 0.000000 -1.480332 99.756181 -6.976548 -0.000005 0.000003 
66 -3.552511 0.000000 -2.960664 99.755937 -6.977100 -0.000174 0.000007 
67 -3.552511 0.000000 0.000000 99.755996 -6.977396 0.000094 0.000006 
68 -1.207854 0.000000 -0.740166 99.750837 -6.982413 0.003968 0.000102 
69 -1.989406 0.000000 -0.740166 99.755518 -6.980651 -0.005920 0.000011 
70 -1.207854 0.000000 -1.480332 99.751143 -6.982545 -0.002313 0.000095 
71 -1.207854 0.000000 0.000000 99.753080 -6.985097 0.000943 0.000053 
72 2.699909 0.000000 1.480332 99.744741 -7.154679 -0.033650 -0.000020 
73 4.263014 0.000000 1.480332 99.738922 -7.182246 0.007492 0.000056 
74 2.699909 0.000000 2.960664 99.756978 -7.012148 -0.008556 -0.000062 
75 0.355251 0.000000 0.740166 99.819268 -7.087619 0.116555 -0.001413 
76 -0.426301 0.000000 0.740166 99.728422 -7.009027 -0.001299 0.000512 
77 1.136804 0.000000 0.740166 99.815459 -7.143777 -0.015918 -0.001416 
78 0.355251 0.000000 1.480332 99.770121 -7.009542 0.013913 -0.000321 
79 -0.035525 0.000000 -0.370083 99.175900 -7.182494 0.078556 0.011255 
80 -0.426301 0.000000 -0.370083 99.790370 -7.024228 0.060981 -0.000746 
81 -0.035525 0.000000 -0.740166 99.660348 -7.034578 -0.061704 0.001833 
82 0.355251 0.000000 -0.370083 100.351908 -7.445669 -0.614034 -0.012632 
83 -0.035525 0.000000 0.000000 168.314154 -7.444821 -0.025262 -1.838508 
84 1.918356 0.000000 -0.740166 99.711315 -7.592591 -0.000293 0.000001 
85 1.918356 0.000000 -1.480332 99.756912 -7.101819 0.000080 -0.000188 
86 2.699909 0.000000 -0.740166 99.623313 -8.015340 -0.322555 0.001085 
87 1.918356 0.000000 0.000000 101.234443 -8.101947 -0.769512 -0.031465 
88 0.746027 0.000000 -0.370083 99.751769 -7.538919 0.080028 -0.000726 
89 0.746027 0.000000 -0.740166 99.755509 -7.131048 0.003261 -0.000201 
90 1.136804 0.000000 -0.370083 99.816274 -7.622448 -0.049706 -0.002139 
91 0.746027 0.000000 0.000000 101.826978 -6.557560 -0.004766 -0.041174 
92 -8.241827 0.000000 2.960664 99.756429 -6.976083 0.000016 -0.000001 
93 -11.368037 0.000000 2.960664 99.756422 -6.975894 0.000005 -0.000001 
94 -8.241827 0.000000 5.921329 99.756469 -6.976091 -0.000004 -0.000002 
95 -3.552511 0.000000 1.480332 99.756234 -6.977381 0.000169 0.000001 
96 -5.115617 0.000000 1.480332 99.756342 -6.976611 0.000072 -0.000000 
97 -3.552511 0.000000 2.960664 99.756478 -6.977277 0.000137 -0.000004 
98 -1.207854 0.000000 0.740166 99.753433 -6.984280 0.000172 0.000047 
99 -1.989406 0.000000 0.740166 99.755989 -6.982004 0.005707 -0.000001 
100 -1.207854 0.000000 1.480332 99.753327 -6.982811 0.002463 0.000051 
101 -0.035525 0.000000 0.370083 99.158721 -7.201890 -0.085920 0.011567 
102 -0.426301 0.000000 0.370083 99.763373 -7.031471 -0.098618 -0.000218 
103 0.355251 0.000000 0.370083 100.380112 -7.450619 0.606504 -0.013205 
104 -0.035525 0.000000 0.740166 99.686817 -7.040416 0.068631 0.001297 
105 0.159863 0.000000 -0.185042 98.149373 -8.456251 -4.859265 0.027158 
106 -0.035525 0.000000 -0.185042 97.613962 -7.301547 2.957390 0.040946 
107 0.159863 0.000000 -0.370083 99.330754 -7.280724 -0.809147 0.007974 
108 0.355251 0.000000 -0.185042 101.858796 -8.893979 -1.492314 -0.045654 
109 0.159863 0.000000 0.000000 119.381143 0.029925 0.038898 -0.425186 
110 -0.817078 0.000000 -0.370083 99.756987 -6.999856 0.008349 -0.000045 
111 -1.207854 0.000000 -0.370083 99.751407 -6.984837 0.001391 0.000087 
112 -0.817078 0.000000 -0.740166 99.744973 -6.987672 0.004418 0.000211 
113 -0.817078 0.000000 0.000000 99.768946 -7.009814 0.006110 -0.000298 
114 -0.230913 0.000000 -0.185042 100.366167 -7.129823 0.416514 -0.012438 
115 -0.426301 0.000000 -0.185042 99.911685 -7.097079 0.078459 -0.003272 
116 -0.230913 0.000000 -0.370083 99.584251 -7.061955 0.304476 0.003301 
117 -0.230913 0.000000 0.000000 101.294454 -7.203174 -0.031236 -0.031245 
118 1.918356 0.000000 0.740166 99.848894 -7.598552 -0.146440 -0.002756 
119 2.699909 0.000000 0.740166 99.661492 -8.027645 0.043775 0.000314 
120 1.918356 0.000000 1.480332 99.772149 -7.112334 -0.035699 -0.000507 
121 0.746027 0.000000 0.370083 99.776616 -7.537551 -0.105797 -0.001220 
122 1.136804 0.000000 0.370083 99.857600 -7.626910 0.051450 -0.002971 
123 0.746027 0.000000 0.740166 99.795377 -7.124603 -0.025436 -0.000988 
124 0.159863 0.000000 0.185042 98.169454 -8.447602 4.847025 0.026790 
125 -0.035525 0.000000 0.185042 97.675173 -7.396759 -2.952913 0.039613 
126 0.355251 0.000000 0.185042 101.835831 -8.893084 1.504894 -0.045189 
127 0.159863 0.000000 0.370083 99.352199 -7.300649 0.813821 0.007518 
128 0.062169 0.000000 -0.092521 86.074555 -10.393341 -8.059681 0.241819 
129 -0.035525 0.000000 -0.092521 103.376695 -7.712912 18.400935 -0.108482 
130 0.062169 0.000000 -0.185042 96.052120 -7.846016 -1.639871 0.070974 
131 0.159863 0.000000 -0.092521 99.355111 -12.633898 -13.409771 -0.021088 
132 0.062169 0.000000 0.000000 200.978436 -0.772068 -0.007299 -3.039293 
133 -0.817078 0.000000 0.370083 99.760273 -6.997085 -0.000510 -0.000107 
134 -1.207854 0.000000 0.370083 99.752399 -6.984891 0.000293 0.000067 
135 -0.817078 0.000000 0.740166 99.748860 -6.990534 -0.001076 0.000130 
136 -0.230913 0.000000 0.185042 100.341837 -7.137513 -0.458316 -0.011964 
137 -0.426301 0.000000 0.185042 99.894475 -7.027341 -0.090535 -0.002830 
138 -0.230913 0.000000 0.370083 99.584104 -7.050306 -0.307989 0.003320 
139 -0.133219 0.000000 -0.092521 103.491789 -7.326048 2.649224 -0.077124 
140 -0.230913 0.000000 -0.092521 100.912031 -7.183439 0.471989 -0.023506 
141 -0.133219 0.000000 -0.185042 100.108574 -7.388063 1.855797 -0.007975 
142 -0.133219 0.000000 0.000000 106.756452 -7.245786 -0.014025 -0.144944 
143 0.062169 0.000000 0.092521 85.955455 -10.382275 8.052574 0.243902 
144 -0.035525 0.000000 0.092521 103.367064 -7.738678 -18.423856 -0.108408 
145 0.159863 0.000000 0.092521 99.359669 -12.554685 13.411592 -0.020983 
146 0.062169 0.000000 0.185042 96.083746 -7.848469 1.658298 0.070357 
147 0.013322 0.000000 -0.046260 73.302210 -11.594026 -14.411297 0.428468 
148 -0.035525 0.000000 -0.046260 145.017760 -7.696264 30.458676 -1.201711 
149 0.013322 0.000000 -0.092521 77.083115 -9.031958 6.267191 0.393734 
150 0.062169 0.000000 -0.046260 197.505488 -0.632897 -19.898815 -2.940478 
151 0.013322 0.000000 0.000000 251.720894 -3.660086 0.006300 -5.337680 
152 -0.133219 0.000000 0.092521 103.503018 -7.359865 -2.649240 -0.077406 
153 -0.230913 0.000000 0.092521 100.896701 -7.192672 -0.527711 -0.023216 
154 -0.133219 0.000000 0.185042 100.072116 -7.333407 -1.870825 -0.007171 
155 0.013322 0.000000 0.046260 73.210852 -11.871904 14.394408 0.429203 
156 -0.035525 0.000000 0.046260 145.012232 -7.722579 -30.498484 -1.201834 
157 0.062169 0.000000 0.046260 197.509032 -0.655632 19.897853 -2.940617 
158 0.013322 0.000000 0.092521 77.085877 -9.086522 -6.300149 0.393551 
159 -1.989406 0.000000 -8.881993 99.756169 -6.976708 -0.000199 0.000003 
160 -5.115617 0.000000 -8.881993 99.756268 -6.976169 -0.000079 0.000002 
161 -1.989406 0.000000 -11.842658 99.756244 -6.976326 -0.000138 0.000002 
162 1.136804 0.000000 -8.881993 99.756024 -6.977699 -0.000437 0.000005 
163 -0.426301 0.000000 -4.440997 99.755749 -6.979936 -0.000948 0.000007 
164 -1.989406 0.000000 -4.440997 99.755856 -6.977893 -0.000476 0.000008 
165 -0.426301 0.000000 -5.921329 99.755906 -6.978545 -0.000564 0.000006 
166 1.136804 0.000000 -4.440997 99.762012 -6.984905 -0.002144 -0.000125 
167 0.355251 0.000000 -2.220498 99.760351 -7.003042 -0.007736 -0.000117 
168 -0.426301 0.000000 -2.220498 99.753705 -6.985311 -0.005820 0.000040 
169 0.355251 0.000000 -2.960664 99.762611 -6.985241 -0.003104 -0.000137 
170 1.136804 0.000000 -2.220498 99.769495 -7.011349 -0.006324 -0.000311 
171 -0.035525 0.000000 -1.110249 99.734739 -7.018341 -0.033227 0.000372 
172 -0.426301 0.000000 -1.110249 99.742575 -6.998460 -0.016222 0.000244 
173 -0.035525 0.000000 -1.480332 99.735427 -7.001047 -0.010042 0.000383 
174 0.355251 0.000000 -1.110249 99.764389 -7.034593 -0.042902 -0.000242 
175 0.159863 0.000000 -0.555125 99.735327 -7.146419 -0.296928 0.000171 
176 -0.035525 0.000000 -0.555125 99.592294 -7.068578 -0.087832 0.003140 
177 0.159863 0.000000 -0.740166 99.704228 -7.057826 -0.128531 0.000924 
178 0.355251 0.000000 -0.555125 99.827906 -7.189530 -0.235028 -0.001736 
179 0.062169 0.000000 -0.277562 97.602915 -7.381851 -0.680350 0.041872 
180 -0.035525 0.000000 -0.277562 98.396834 -7.279085 0.712434 0.026457 
181 0.062169 0.000000 -0.370083 98.983210 -7.234232 -0.368760 0.014985 
182 0.159863 0.000000 -0.277562 99.026829 -7.543611 -1.887966 0.013322 
183 0.013322 0.000000 -0.138781 93.190410 -7.974740 2.624172 0.124506 
184 -0.035525 0.000000 -0.138781 98.412105 -7.440854 6.249113 0.022064 
185 0.013322 0.000000 -0.185042 96.059529 -7.516916 1.061929 0.071494 
186 0.062169 0.000000 -0.138781 93.848573 -8.480956 -3.317896 0.110951 
187 0.550639 0.000000 -0.185042 101.311197 -8.731444 -0.005994 -0.034020 
188 0.550639 0.000000 -0.370083 100.047819 -7.494596 0.105000 -0.006575 
189 0.746027 0.000000 -0.185042 101.926691 -8.247402 -0.002535 -0.045707 
190 0.550639 0.000000 0.000000 101.317675 -6.545444 -0.005575 -0.030811 
191 0.257557 0.000000 -0.092521 102.690873 -12.593825 -10.266168 -0.080941 
192 0.257557 0.000000 -0.185042 100.633518 -8.766772 -3.690918 -0.021758 
193 0.355251 0.000000 -0.092521 105.244245 -12.614419 -4.445359 -0.125524 
194 0.257557 0.000000 0.000000 84.867271 -0.090004 0.012126 0.279754 
195 0.111016 0.000000 -0.046260 148.209310 -0.241196 -14.061543 -1.216378 
196 0.111016 0.000000 -0.092521 92.490733 -12.549474 -15.469668 0.104866 
197 0.159863 0.000000 -0.046260 118.143178 -0.036995 -8.733824 -0.403409 
198 0.111016 0.000000 0.000000 151.650607 -0.252044 -0.010926 -1.299797 
199 0.037745 0.000000 -0.069391 74.231662 -11.664549 -14.525041 0.414262 
200 0.013322 0.000000 -0.069391 73.252695 -11.362803 -14.250003 0.430187 
201 0.037745 0.000000 -0.092521 83.504068 -9.739397 -4.532451 0.291167 
202 0.062169 0.000000 -0.069391 79.318610 -12.003749 -15.299858 0.333038 
203 0.037745 0.000000 -0.046260 73.821667 -11.712502 -14.512875 0.420256 
204 0.550639 0.000000 0.185042 101.323312 -8.724219 -0.001136 -0.034253 
205 0.746027 0.000000 0.185042 101.937317 -8.247697 -0.003635 -0.045924 
206 0.550639 0.000000 0.370083 100.077153 -7.515143 -0.123352 -0.007193 
207 0.257557 0.000000 0.092521 102.666441 -12.602812 10.264320 -0.080459 
208 0.355251 0.000000 0.092521 105.330443 -12.629016 4.447851 -0.127378 
209 0.257557 0.000000 0.185042 100.630098 -8.765011 3.683024 -0.021681 
210 0.111016 0.000000 0.046260 148.200781 -0.236867 14.035418 -1.216052 
211 0.159863 0.000000 0.046260 118.141100 -0.006578 8.786620 -0.403452 
212 0.111016 0.000000 0.092521 92.401950 -12.559749 15.456398 0.106523 
213 -1.989406 0.000000 8.881993 99.756649 -6.977114 -0.000200 -0.000007 
214 -5.115617 0.000000 8.881993 99.756543 -6.976410 -0.000066 -0.000004 
215 1.136804 0.000000 8.881993 99.756664 -6.978398 -0.000497 -0.000009 
216 -1.989406 0.000000 11.842658 99.756544 -6.976704 -0.000162 -0.000004 
217 -0.426301 0.000000 4.440997 99.757541 -6.980595 -0.000379 -0.000030 
218 -1.989406 0.000000 4.440997 99.756888 -6.978253 0.000015 -0.000013 
219 1.136804 0.000000 4.440997 99.764037 -6.986051 -0.001163 -0.000167 
220 -0.426301 0.000000 5.921329 99.757080 -6.979140 -0.000468 -0.000018 
221 0.355251 0.000000 2.220498 99.763538 -6.995919 0.004677 -0.000171 
222 -0.426301 0.000000 2.220498 99.757312 -6.985878 0.004441 -0.000032 
223 1.136804 0.000000 2.220498 99.776766 -7.005856 -0.002681 -0.000449 
224 0.355251 0.000000 2.960664 99.769078 -6.986651 0.001084 -0.000268 
225 -0.035525 0.000000 1.110249 99.749200 -7.007525 0.034547 0.000099 
226 -0.426301 0.000000 1.110249 99.747986 -6.995376 0.016195 0.000140 
227 0.355251 0.000000 1.110249 99.783530 -7.022078 0.038770 -0.000606 
228 -0.035525 0.000000 1.480332 99.743336 -7.000816 0.008908 0.000226 
229 0.159863 0.000000 0.555125 99.708983 -7.142171 0.304911 0.000702 
230 -0.035525 0.000000 0.555125 99.551411 -7.056300 0.076304 0.003972 
231 0.355251 0.000000 0.555125 99.855887 -7.197497 0.229743 -0.002305 
232 0.159863 0.000000 0.740166 99.736209 -7.064577 0.128782 0.000276 
233 0.062169 0.000000 0.277562 97.554818 -7.405948 0.691524 0.042773 
234 -0.035525 0.000000 0.277562 98.356435 -7.290177 -0.723638 0.027234 
235 0.159863 0.000000 0.277562 99.004029 -7.602016 1.895310 0.013682 
236 0.062169 0.000000 0.370083 98.963768 -7.250434 0.369863 0.015347 
237 0.013322 0.000000 0.138781 93.137443 -7.972454 -2.632874 0.125492 
238 -0.035525 0.000000 0.138781 98.391451 -7.458990 -6.259290 0.022431 
239 0.062169 0.000000 0.138781 93.821731 -8.513015 3.313795 0.111403 
240 0.013322 0.000000 0.185042 96.081840 -7.543490 -1.054565 0.071026 
241 0.037745 0.000000 0.069391 74.188426 -11.862807 14.521198 0.414449 
242 0.013322 0.000000 0.069391 73.177005 -11.645710 14.239648 0.430674 
243 0.037745 0.000000 0.046260 73.777093 -11.899261 14.508257 0.420486 
244 0.062169 0.000000 0.069391 79.271291 -12.170224 15.292244 0.333410 
245 0.037745 0.000000 0.092521 83.509793 -9.796579 4.508310 0.290982 
246 0.111016 0.000000 -0.138781 96.630118 -8.999538 -6.142777 0.054389 
247 0.111016 0.000000 -0.185042 96.958365 -8.176149 -3.631486 0.051904 
248 0.159863 0.000000 -0.138781 98.755414 -9.624746 -7.191656 0.010301 
249 0.086592 0.000000 -0.069391 91.792145 -12.442540 -15.293149 0.118550 
250 0.086592 0.000000 -0.092521 92.203492 -12.553571 -15.424216 0.110302 
251 0.111016 0.000000 -0.069391 92.448398 -12.400780 -15.367836 0.106334 
252 0.086592 0.000000 -0.046260 170.926628 -0.330683 -18.061107 -1.954223 
253 0.086592 0.000000 -0.115651 93.672258 -9.506028 -7.672017 0.107628 
254 0.062169 0.000000 -0.115651 91.069047 -9.125939 -5.235284 0.159574 
255 0.086592 0.000000 -0.138781 95.276166 -8.752186 -5.094635 0.081990 
256 0.111016 0.000000 -0.115651 95.974219 -9.889010 -8.615011 0.061694 
257 0.074381 0.000000 -0.080956 88.688683 -12.415417 -15.316420 0.174558 
258 0.062169 0.000000 -0.080956 77.418438 -11.994302 -15.219174 0.363090 
259 0.074381 0.000000 -0.092521 87.149305 -10.696834 -11.466882 0.215909 
260 0.086592 0.000000 -0.080956 91.885729 -12.450378 -15.312196 0.116754 
261 0.074381 0.000000 -0.069391 86.252777 -12.322660 -15.299091 0.217455 
262 0.111016 0.000000 0.138781 96.597769 -9.001006 6.170954 0.054977 
263 0.159863 0.000000 0.138781 98.718414 -9.603707 7.213336 0.011041 
264 0.111016 0.000000 0.185042 97.021742 -8.118553 3.638280 0.050763 
265 0.086592 0.000000 0.069391 91.735545 -12.342514 15.283579 0.119866 
266 0.086592 0.000000 0.046260 170.916035 -0.325875 18.032673 -1.953757 
267 0.111016 0.000000 0.069391 92.366292 -12.433290 15.355638 0.107809 
268 0.086592 0.000000 0.092521 92.154294 -12.432186 15.414806 0.111541 
269 0.086592 0.000000 0.115651 93.615768 -9.533164 7.687637 0.108611 
270 0.062169 0.000000 0.115651 91.012564 -9.176455 5.222923 0.160523 
271 0.111016 0.000000 0.115651 95.930797 -9.846016 8.646046 0.062558 
272 0.086592 0.000000 0.138781 95.243635 -8.759561 5.112494 0.082578 
273 0.074381 0.000000 0.080956 88.633513 -12.376361 15.306168 0.175665 
274 0.062169 0.000000 0.080956 77.374650 -12.198870 15.211896 0.363295 
275 0.074381 0.000000 0.069391 86.197303 -12.338772 15.288907 0.218403 
276 0.086592 0.000000 0.080956 91.826183 -12.360007 15.302309 0.118102 
277 0.074381 0.000000 0.092521 87.060754 -10.727956 11.466792 0.217385 
278 0.208710 0.000000 -0.046260 97.412422 -0.114680 -5.439606 0.048122 
279 0.208710 0.000000 -0.092521 100.463372 -12.695463 -12.895132 -0.042035 
280 0.257557 0.000000 -0.046260 83.975481 -0.073893 -4.158395 0.293082 
281 0.208710 0.000000 0.000000 98.581867 -0.003868 0.026604 0.028161 
282 0.135439 0.000000 -0.069391 93.076124 -12.533634 -15.563169 0.093753 
283 0.135439 0.000000 -0.092521 94.307989 -12.560277 -15.159106 0.071844 
284 0.159863 0.000000 -0.069391 99.665131 -12.631378 -13.447353 -0.027352 
285 0.135439 0.000000 -0.046260 131.665603 -0.091041 -11.040693 -0.745774 
286 0.257557 0.000000 -0.277562 100.181824 -7.754397 -1.756465 -0.009961 
287 0.257557 0.000000 -0.370083 99.949879 -7.379845 -0.909745 -0.004527 
288 0.355251 0.000000 -0.277562 100.636196 -7.870701 -0.772573 -0.019019 
289 0.208710 0.000000 -0.138781 100.206971 -9.953585 -7.075221 -0.019057 
290 0.208710 0.000000 -0.185042 99.362806 -8.545299 -4.716425 0.003177 
291 0.257557 0.000000 -0.138781 101.218895 -10.001610 -6.122897 -0.038279 
292 0.135439 0.000000 -0.115651 97.219539 -10.254287 -8.959692 0.036293 
293 0.135439 0.000000 -0.138781 97.822944 -9.343372 -6.755461 0.029774 
294 0.159863 0.000000 -0.115651 98.467364 -10.705046 -9.458029 0.010013 
295 0.123228 0.000000 -0.080956 92.564081 -12.454678 -15.436135 0.103850 
296 0.111016 0.000000 -0.080956 92.445249 -12.445049 -15.399272 0.106186 
297 0.123228 0.000000 -0.092521 92.372163 -12.504922 -15.446677 0.107241 
298 0.135439 0.000000 -0.080956 94.252618 -12.567447 -15.392811 0.072156 
299 0.123228 0.000000 -0.069391 92.425809 -12.525079 -15.457079 0.106167 
300 0.208710 0.000000 0.046260 97.420194 -0.104088 5.482024 0.047924 
301 0.257557 0.000000 0.046260 83.989577 -0.088405 4.179367 0.292828 
302 0.208710 0.000000 0.092521 100.466195 -12.682559 12.895399 -0.042059 
303 0.135439 0.000000 0.069391 92.998673 -12.655292 15.554012 0.094916 
304 0.135439 0.000000 0.046260 131.493208 -0.215132 11.050095 -0.741261 
305 0.159863 0.000000 0.069391 99.668020 -12.532968 13.449423 -0.027168 
306 0.135439 0.000000 0.092521 94.253542 -12.627568 15.154150 0.072717 
307 0.257557 0.000000 0.277562 100.219170 -7.781515 1.763139 -0.010754 
308 0.355251 0.000000 0.277562 100.684162 -7.885886 0.775463 -0.020009 
309 0.257557 0.000000 0.370083 99.978807 -7.399832 0.914255 -0.005136 
310 0.208710 0.000000 0.138781 100.196228 -9.928405 7.064457 -0.018776 
311 0.257557 0.000000 0.138781 101.234565 -9.961671 6.113117 -0.038504 
312 0.208710 0.000000 0.185042 99.382608 -8.524318 4.698454 0.002836 
313 0.135439 0.000000 0.115651 97.179207 -10.219204 8.987827 0.037099 
314 0.159863 0.000000 0.115651 98.424516 -10.668325 9.480785 0.010892 
315 0.135439 0.000000 0.138781 97.776027 -9.313957 6.777851 0.030716 
316 0.123228 0.000000 0.080956 92.477114 -12.568253 15.424889 0.105210 
317 0.111016 0.000000 0.080956 92.359474 -12.491217 15.386455 0.107695 
318 0.123228 0.000000 0.069391 92.331934 -12.613633 15.442881 0.107723 
319 0.135439 0.000000 0.080956 94.201779 -12.636867 15.389780 0.072949 
320 0.123228 0.000000 0.092521 92.274082 -12.658156 15.431713 0.108713 
321 0.184287 0.000000 -0.069391 99.334177 -12.651137 -13.411701 -0.020720 
322 0.184287 0.000000 -0.092521 99.328719 -12.549298 -13.356449 -0.020207 
323 0.208710 0.000000 -0.069391 95.256898 -0.216626 -8.528000 0.085335 
324 0.184287 0.000000 -0.046260 106.624580 -0.136177 -7.069881 -0.141880 
325 0.184287 0.000000 0.069391 99.345767 -12.623506 13.413655 -0.020886 
326 0.184287 0.000000 0.046260 106.645095 -0.142861 7.105418 -0.142368 
327 0.208710 0.000000 0.069391 95.289842 -0.215691 8.550095 0.084670 
328 0.184287 0.000000 0.092521 99.337222 -12.537730 13.359241 -0.020355 
329 0.452945 0.000000 -0.092521 99.003870 -10.215545 -0.000937 0.009388 
330 0.452945 0.000000 -0.185042 100.522690 -11.591692 -0.000633 -0.023918 
331 0.550639 0.000000 -0.092521 100.887451 -7.526741 -0.005278 -0.023493 
332 0.452945 0.000000 0.000000 101.317675 -6.545444 -0.005575 -0.030811 
333 0.306404 0.000000 -0.138781 102.320344 -10.304996 -4.212244 -0.059339 
334 0.306404 0.000000 -0.185042 101.336893 -8.817154 -2.762600 -0.035454 
335 0.355251 0.000000 -0.138781 103.978528 -10.514840 -2.582673 -0.092877 
336 0.306404 0.000000 -0.092521 104.364845 -12.498825 -6.476003 -0.109018 
337 0.233134 0.000000 -0.115651 101.364090 -11.451233 -8.214307 -0.047328 
338 0.208710 0.000000 -0.115651 101.276910 -11.212251 -9.068585 -0.046497 
339 0.233134 0.000000 -0.138781 100.547345 -10.016746 -6.628055 -0.025403 
340 0.257557 0.000000 -0.115651 102.786749 -12.635937 -10.276299 -0.083038 
341 0.233134 0.000000 -0.092521 102.944363 -12.660278 -10.292150 -0.086375 
342 0.452945 0.000000 0.092521 99.018398 -10.201759 -0.005821 0.009128 
343 0.550639 0.000000 0.092521 100.894766 -7.519462 -0.004492 -0.023630 
344 0.452945 0.000000 0.185042 100.537645 -11.576578 -0.000268 -0.024184 
345 0.306404 0.000000 0.138781 102.338824 -10.290150 4.226898 -0.059699 
346 0.306404 0.000000 0.092521 104.425347 -12.547824 6.480857 -0.110410 
347 0.355251 0.000000 0.138781 104.013224 -10.584122 2.579185 -0.093743 
348 0.306404 0.000000 0.185042 101.309823 -8.815736 2.770732 -0.034907 
349 0.233134 0.000000 0.115651 101.357171 -11.421772 8.207701 -0.047110 
350 0.208710 0.000000 0.115651 101.273219 -11.162691 9.060824 -0.046297 
351 0.233134 0.000000 0.092521 102.931413 -12.610569 10.290704 -0.085980 
352 0.257557 0.000000 0.115651 102.759624 -12.642054 10.274289 -0.082492 
353 0.233134 0.000000 0.138781 100.560824 -9.976006 6.624022 -0.025588 
354 0.306404 0.000000 -0.046260 75.027602 0.105263 -2.223913 0.436590 
355 0.355251 0.000000 -0.046260 69.770364 -0.049901 -1.156200 0.513076 
356 0.306404 0.000000 0.000000 75.641469 0.029554 -0.019355 0.427837 
357 0.281981 0.000000 -0.115651 103.421991 -12.506411 -9.332849 -0.093962 
358 0.281981 0.000000 -0.138781 102.161012 -10.184932 -5.069390 -0.056630 
359 0.306404 0.000000 -0.115651 104.342829 -12.512464 -6.475459 -0.108592 
360 0.281981 0.000000 -0.092521 103.529975 -12.503068 -8.793262 -0.095210 
361 0.281981 0.000000 -0.069391 77.509553 0.090735 -4.760784 0.396960 
362 0.257557 0.000000 -0.069391 83.023062 -0.103187 -6.392422 0.306630 
363 0.306404 0.000000 -0.069391 74.364120 0.049156 -3.269722 0.445928 
364 0.281981 0.000000 -0.046260 78.668850 0.049574 -3.257575 0.380060 
365 0.269769 0.000000 -0.104086 102.915606 -12.546365 -9.962227 -0.084828 
366 0.257557 0.000000 -0.104086 102.686143 -12.591747 -10.265668 -0.080838 
367 0.269769 0.000000 -0.115651 102.575434 -12.543120 -10.253970 -0.078419 
368 0.281981 0.000000 -0.104086 103.496607 -12.503439 -9.310839 -0.095458 
369 0.269769 0.000000 -0.092521 102.941246 -12.548162 -9.943486 -0.085323 
370 0.306404 0.000000 0.046260 75.155687 0.017070 2.209979 0.434674 
371 0.355251 0.000000 0.046260 69.773739 -0.050114 1.155761 0.513029 
372 0.281981 0.000000 0.115651 103.433402 -12.477422 9.333263 -0.094126 
373 0.281981 0.000000 0.092521 103.543410 -12.491247 8.794405 -0.095461 
374 0.306404 0.000000 0.115651 104.412172 -12.573604 6.480398 -0.110199 
375 0.281981 0.000000 0.138781 102.142216 -10.236914 5.068135 -0.056351 
376 0.281981 0.000000 0.069391 77.543144 0.123691 4.762853 0.396436 
377 0.257557 0.000000 0.069391 83.062741 -0.090093 6.412103 0.305946 
378 0.281981 0.000000 0.046260 78.733091 0.036948 3.289114 0.379028 
379 0.306404 0.000000 0.069391 74.479713 -0.025677 3.258233 0.444216 
380 0.269769 0.000000 0.104086 102.905316 -12.541833 9.961196 -0.084603 
381 0.257557 0.000000 0.104086 102.661844 -12.600876 10.263828 -0.080358 
382 0.269769 0.000000 0.092521 102.931558 -12.542429 9.942490 -0.085107 
383 0.281981 0.000000 0.104086 103.512392 -12.475194 9.311204 -0.095714 
384 0.269769 0.000000 0.115651 102.554245 -12.555564 10.252317 -0.078013 
385 0.746027 0.000000 -1.110249 99.778770 -7.044650 -0.022987 -0.000543 
386 0.746027 0.000000 -1.480332 99.767742 -7.022693 -0.011637 -0.000292 
387 1.136804 0.000000 -1.110249 99.779938 -7.079568 -0.005850 -0.000616 
388 0.550639 0.000000 -0.555125 99.829738 -7.215354 -0.025290 -0.001804 
389 0.550639 0.000000 -0.740166 99.805310 -7.101428 -0.069630 -0.001153 
390 0.746027 0.000000 -0.555125 99.812714 -7.231160 0.009839 -0.001487 
391 0.452945 0.000000 -0.277562 100.453170 -7.878428 0.060157 -0.015291 
392 0.452945 0.000000 -0.370083 100.315622 -7.459888 -0.088954 -0.011888 
393 0.550639 0.000000 -0.277562 101.300430 -12.008094 0.001272 -0.040597 
394 0.404098 0.000000 -0.138781 98.186591 -12.499230 -0.000467 0.020316 
395 0.404098 0.000000 -0.185042 101.783602 -9.033274 0.089341 -0.044151 
396 0.452945 0.000000 -0.138781 99.188312 -10.727656 -0.001435 0.004660 
397 0.404098 0.000000 -0.092521 101.218867 -12.521613 -1.687425 -0.040490 
398 0.330828 0.000000 -0.115651 104.321513 -12.548895 -6.476957 -0.108240 
399 0.330828 0.000000 -0.138781 102.788165 -10.416438 -3.818049 -0.068849 
400 0.355251 0.000000 -0.115651 105.250796 -12.614971 -4.413720 -0.125635 
401 0.330828 0.000000 -0.092521 104.315727 -12.549414 -6.476577 -0.108120 
402 0.746027 0.000000 1.110249 99.794262 -7.050099 0.012574 -0.000860 
403 1.136804 0.000000 1.110249 99.795430 -7.071790 -0.011763 -0.000914 
404 0.746027 0.000000 1.480332 99.777153 -7.021844 0.003573 -0.000479 
405 0.550639 0.000000 0.555125 99.852726 -7.224405 0.019300 -0.002276 
406 0.746027 0.000000 0.555125 99.840434 -7.236921 -0.030707 -0.002049 
407 0.550639 0.000000 0.740166 99.832270 -7.102232 0.057976 -0.001693 
408 0.452945 0.000000 0.277562 100.514914 -7.899141 -0.081565 -0.016565 
409 0.550639 0.000000 0.277562 101.318022 -11.990069 0.000372 -0.040910 
410 0.452945 0.000000 0.370083 100.343090 -7.491417 0.078647 -0.012486 
411 0.404098 0.000000 0.138781 98.197925 -12.479503 -0.002261 0.020143 
412 0.404098 0.000000 0.092521 101.238474 -12.474345 1.686155 -0.040768 
413 0.452945 0.000000 0.138781 99.201496 -10.713109 -0.004431 0.004429 
414 0.404098 0.000000 0.185042 101.775316 -9.056563 -0.094182 -0.044025 
415 0.330828 0.000000 0.115651 104.419277 -12.628876 6.483609 -0.110491 
416 0.330828 0.000000 0.092521 104.413226 -12.629321 6.483210 -0.110365 
417 0.355251 0.000000 0.115651 105.336872 -12.629025 4.416170 -0.127485 
418 0.330828 0.000000 0.138781 102.806005 -10.401616 3.830615 -0.069194 
419 0.404098 0.000000 -0.046260 68.910162 -0.018591 0.768516 0.525080 
420 0.452945 0.000000 -0.046260 99.517094 -8.603480 -0.002676 0.002233 
421 0.404098 0.000000 0.000000 69.993629 0.004922 0.003673 0.510089 
422 0.379675 0.000000 -0.115651 104.296592 -12.648784 -2.222291 -0.104271 
423 0.379675 0.000000 -0.138781 104.033189 -10.640622 -1.068300 -0.093727 
424 0.404098 0.000000 -0.115651 101.303768 -12.548582 -1.754495 -0.042300 
425 0.379675 0.000000 -0.092521 104.282211 -12.649224 -2.221971 -0.103972 
426 0.330828 0.000000 -0.069391 71.472926 -0.031034 -3.117400 0.488190 
427 0.355251 0.000000 -0.069391 68.471812 -0.061246 -1.887988 0.530804 
428 0.330828 0.000000 -0.046260 72.030068 -0.060394 -1.997494 0.480768 
429 0.343039 0.000000 -0.104086 104.677941 -12.559278 -6.179823 -0.115340 
430 0.330828 0.000000 -0.104086 104.410677 -12.554377 -6.482349 -0.110122 
431 0.343039 0.000000 -0.115651 104.779693 -12.573828 -5.982759 -0.117268 
432 0.355251 0.000000 -0.104086 105.253149 -12.616802 -4.924706 -0.126166 
433 0.343039 0.000000 -0.092521 104.771300 -12.573629 -5.994442 -0.117105 
434 0.404098 0.000000 0.046260 68.979296 -0.003675 -0.773660 0.524126 
435 0.452945 0.000000 0.046260 99.531179 -8.593035 -0.006433 0.001970 
436 0.330828 0.000000 0.069391 71.602882 -0.093797 3.126975 0.486324 
437 0.330828 0.000000 0.046260 72.102043 -0.077869 1.992299 0.479732 
438 0.355251 0.000000 0.069391 68.529927 -0.062543 1.887574 0.530008 
439 0.379675 0.000000 0.115651 104.352507 -12.616035 2.222757 -0.105355 
440 0.379675 0.000000 0.092521 104.337744 -12.616114 2.222437 -0.105047 
441 0.404098 0.000000 0.115651 101.323414 -12.500158 1.753358 -0.042576 
442 0.379675 0.000000 0.138781 104.077220 -10.680879 1.063922 -0.094728 
443 0.343039 0.000000 0.104086 104.776840 -12.623101 6.185762 -0.117579 
444 0.330828 0.000000 0.104086 104.507705 -12.628771 6.488742 -0.112345 
445 0.343039 0.000000 0.092521 104.866341 -12.627534 5.999662 -0.119240 
446 0.355251 0.000000 0.104086 105.339027 -12.632735 4.927390 -0.128018 
447 0.343039 0.000000 0.115651 104.874777 -12.627381 5.987962 -0.119403 
448 1.527580 0.000000 -0.370083 99.680406 -7.807695 0.107886 0.000284 
449 1.527580 0.000000 -0.740166 99.703188 -7.291169 -0.002765 0.000611 
450 1.918356 0.000000 -0.370083 74.323729 -0.000000 -9.169401 0.439191 
451 1.527580 0.000000 0.000000 101.542196 -7.967370 0.259132 -0.037436 
452 0.941416 0.000000 -0.185042 102.012912 -8.068303 -0.000264 -0.047173 
453 0.941416 0.000000 -0.370083 99.731552 -7.561955 -0.027225 -0.000357 
454 1.136804 0.000000 -0.185042 101.681048 -8.737401 0.003585 -0.041538 
455 0.941416 0.000000 0.000000 101.972584 -6.592095 0.000025 -0.044186 
456 0.648333 0.000000 -0.092521 101.509910 -7.462372 -0.004425 -0.035995 
457 0.648333 0.000000 -0.185042 101.553450 -8.714984 -0.005444 -0.038905 
458 0.746027 0.000000 -0.092521 101.932266 -6.904678 -0.005284 -0.043786 
459 0.648333 0.000000 0.000000 101.635339 -6.553001 -0.005070 -0.037268 
460 0.501792 0.000000 -0.138781 99.661737 -9.635968 -0.003615 -0.002531 
461 0.501792 0.000000 -0.185042 100.854440 -9.879827 -0.003981 -0.026923 
462 0.550639 0.000000 -0.138781 101.310958 -7.219897 -0.006647 -0.031604 
463 0.501792 0.000000 -0.092521 99.644005 -9.613564 -0.001697 -0.002135 
464 0.428522 0.000000 -0.115651 98.518462 -12.192035 -0.948495 0.014457 
465 0.428522 0.000000 -0.138781 99.147871 -11.719597 -0.000534 0.003235 
466 0.452945 0.000000 -0.115651 98.973096 -11.019090 -0.001183 0.008291 
467 0.428522 0.000000 -0.092521 98.618767 -11.979898 -0.874795 0.013006 
468 0.379675 0.000000 -0.069391 67.723813 -0.026216 -0.356065 0.541336 
469 0.404098 0.000000 -0.069391 98.192790 -11.900313 -0.000432 0.021656 
470 0.379675 0.000000 -0.046260 68.663439 -0.020259 -0.253613 0.528527 
471 0.391886 0.000000 -0.104086 103.093456 -12.665667 -2.093337 -0.079306 
472 0.379675 0.000000 -0.104086 104.595978 -12.644220 -2.228595 -0.110516 
473 0.391886 0.000000 -0.115651 102.748553 -12.655718 -1.974638 -0.072133 
474 0.404098 0.000000 -0.104086 100.986647 -12.606338 -1.894082 -0.036081 
475 0.391886 0.000000 -0.092521 102.667936 -12.652661 -1.941701 -0.070457 
476 0.379675 0.000000 0.069391 67.787566 -0.008747 0.369937 0.540471 
477 0.379675 0.000000 0.046260 68.740363 -0.021856 0.256572 0.527470 
478 0.404098 0.000000 0.069391 98.204019 -11.881194 -0.004492 0.021481 
479 1.527580 0.000000 0.370083 99.842057 -7.769177 -0.052264 -0.002880 
480 1.918356 0.000000 0.370083 125.685161 0.000000 -9.598882 -0.588890 
481 1.527580 0.000000 0.740166 99.793110 -7.271619 -0.030127 -0.001154 
482 0.941416 0.000000 0.185042 102.023936 -8.073975 -0.001646 -0.047407 
483 1.136804 0.000000 0.185042 101.694635 -8.743017 0.003615 -0.041824 
484 0.941416 0.000000 0.370083 99.762666 -7.564885 0.013497 -0.000982 
485 0.648333 0.000000 0.092521 101.516676 -7.459359 -0.004133 -0.036128 
486 0.746027 0.000000 0.092521 101.937303 -6.904286 -0.003368 -0.043888 
487 0.648333 0.000000 0.185042 101.565119 -8.711845 -0.001314 -0.039137 
488 0.501792 0.000000 0.138781 99.673998 -9.623880 -0.003688 -0.002752 
489 0.501792 0.000000 0.092521 99.656845 -9.600563 -0.005048 -0.002366 
490 0.550639 0.000000 0.138781 101.320883 -7.213713 -0.002782 -0.031796 
491 0.501792 0.000000 0.185042 100.867103 -9.870191 -0.001325 -0.027159 
492 0.428522 0.000000 0.115651 98.543688 -12.165685 0.946187 0.014024 
493 0.428522 0.000000 0.092521 98.642893 -11.954825 0.871960 0.012590 
494 0.452945 0.000000 0.115651 98.986031 -11.003611 -0.004234 0.008069 
495 0.428522 0.000000 0.138781 99.160620 -11.702158 -0.002968 0.003023 
496 0.391886 0.000000 0.104086 103.127272 -12.616319 2.093544 -0.079879 
497 0.379675 0.000000 0.104086 104.658450 -12.616982 2.229013 -0.111755 
498 0.391886 0.000000 0.092521 102.702026 -12.608671 1.941581 -0.071045 
499 0.404098 0.000000 0.104086 101.008634 -12.557763 1.893155 -0.036403 
500 0.391886 0.000000 0.115651 102.782573 -12.610668 1.974580 -0.072719 
501 1.332192 0.000000 -0.185042 101.349163 -9.433111 0.001115 -0.036064 
502 1.332192 0.000000 -0.370083 99.820280 -7.683652 0.117729 -0.002314 
503 1.527580 0.000000 -0.185042 101.574213 -9.731193 0.226139 -0.041207 
504 1.332192 0.000000 0.000000 101.327013 -7.159682 -0.005372 -0.031842 
505 1.332192 0.000000 0.185042 101.463025 -9.406163 0.070070 -0.038323 
506 1.527580 0.000000 0.185042 101.664435 -9.645832 0.289592 -0.042878 
507 1.332192 0.000000 0.370083 99.879836 -7.675816 -0.102720 -0.003491 
508 1.234498 0.000000 -0.092521 99.210639 -11.679508 0.002955 0.002084 
509 1.136804 0.000000 -0.092521 100.908643 -7.981570 0.003647 -0.024626 
510 1.234498 0.000000 -0.185042 100.739635 -12.486825 0.000354 -0.030439 
511 1.332192 0.000000 -0.092521 100.106639 -10.503745 -0.008290 -0.013167 
512 1.234498 0.000000 0.000000 80.406839 -0.047001 0.002561 0.353474 
513 1.234498 0.000000 0.092521 99.248180 -11.665298 0.005100 0.001372 
514 1.136804 0.000000 0.092521 100.921289 -7.981256 0.003972 -0.024881 
515 1.332192 0.000000 0.092521 100.185263 -10.468691 0.003785 -0.014668 
516 1.234498 0.000000 0.185042 100.761533 -12.487082 0.000821 -0.030881 
517 4.263014 0.000000 -8.881993 99.755895 -6.978798 -0.000843 0.000006 
518 4.263014 0.000000 -11.842658 99.756126 -6.977206 -0.000434 0.000003 
519 7.389224 0.000000 -8.881993 99.755901 -6.979429 -0.001280 0.000005 
520 2.699909 0.000000 -4.440997 99.760494 -6.989704 -0.001080 -0.000101 
521 2.699909 0.000000 -5.921329 99.755343 -6.982691 -0.001424 0.000011 
522 4.263014 0.000000 -4.440997 99.754169 -6.992882 -0.004584 0.000021 
523 1.918356 0.000000 -2.220498 99.762142 -7.030418 -0.001302 -0.000191 
524 1.918356 0.000000 -2.960664 99.758650 -7.002214 0.000048 -0.000082 
525 2.699909 0.000000 -2.220498 99.747298 -7.042547 -0.010463 0.000088 
526 1.527580 0.000000 -1.110249 99.763538 -7.121280 -0.000304 -0.000348 
527 1.527580 0.000000 -1.480332 99.764174 -7.052185 0.000871 -0.000262 
528 1.918356 0.000000 -1.110249 99.750384 -7.203236 0.000605 -0.000203 
529 1.332192 0.000000 -0.555125 99.769843 -7.333279 0.031766 -0.000780 
530 1.136804 0.000000 -0.555125 99.780615 -7.279683 -0.008983 -0.000916 
531 1.332192 0.000000 -0.740166 99.762721 -7.217765 0.016609 -0.000470 
532 1.527580 0.000000 -0.555125 99.700677 -7.427029 0.049551 0.000461 
533 1.234498 0.000000 -0.277562 100.058936 -8.107472 0.016407 -0.007752 
534 1.136804 0.000000 -0.277562 101.676532 -12.134587 0.000479 -0.048537 
535 1.234498 0.000000 -0.370083 99.869127 -7.642794 0.016912 -0.003226 
536 1.332192 0.000000 -0.277562 101.323903 -14.765843 0.002690 -0.048456 
537 10.515434 0.000000 -2.960664 99.753579 -7.012697 -0.026456 0.000004 
538 10.515434 0.000000 -5.921329 99.755523 -6.985290 -0.004514 0.000004 
539 13.641644 0.000000 -2.960664 99.754061 -7.007512 -0.030627 0.000002 
540 10.515434 0.000000 0.000000 99.814461 -6.142638 0.318112 -0.000076 
541 5.826119 0.000000 -1.480332 99.742939 -7.143761 -0.107815 0.000030 
542 5.826119 0.000000 -2.960664 99.752407 -7.017872 -0.017344 0.000021 
543 7.389224 0.000000 -1.480332 99.745607 -7.120945 -0.128662 0.000009 
544 5.826119 0.000000 0.000000 100.504302 3.745469 -8.291712 -0.018390 
545 3.481461 0.000000 -0.740166 99.676494 -7.913824 -0.545496 0.000167 
546 3.481461 0.000000 -1.480332 99.734945 -7.160538 -0.060253 0.000166 
547 4.263014 0.000000 -0.740166 99.695400 -7.740909 -0.685531 0.000044 
548 3.481461 0.000000 0.000000 99.932114 -4.211877 -1.392192 -0.000611 
549 2.309132 0.000000 -0.370083 99.435807 -3.336299 -1.474328 0.009922 
550 2.309132 0.000000 -0.740166 99.601590 -7.982281 -0.118422 0.001579 
551 2.699909 0.000000 -0.370083 99.890011 -4.316943 -5.015721 -0.002181 
552 2.309132 0.000000 0.000000 130.439262 -3.773088 -1.287127 -0.703029 
553 1.722968 0.000000 -0.185042 101.501057 -11.655523 0.157379 -0.043834 
554 1.722968 0.000000 -0.370083 99.520213 -8.288117 0.032571 0.002703 
555 1.918356 0.000000 -0.185042 93.486256 -1.418528 -2.695736 0.125104 
556 1.722968 0.000000 0.000000 101.572226 -8.423608 0.146870 -0.038790 
557 1.429886 0.000000 -0.092521 101.374034 -10.076504 0.010547 -0.037823 
558 1.429886 0.000000 -0.185042 101.339833 -10.201181 -0.014174 -0.037383 
559 1.527580 0.000000 -0.092521 101.485405 -10.755613 0.197741 -0.041501 
560 1.429886 0.000000 0.000000 101.327016 -7.159669 -0.005369 -0.031843 
561 1.283345 0.000000 -0.138781 99.571196 -11.100842 0.002950 -0.003765 
562 1.234498 0.000000 -0.138781 99.419353 -11.906452 0.002505 -0.002597 
563 1.283345 0.000000 -0.185042 100.195267 -12.205956 0.006886 -0.018808 
564 1.332192 0.000000 -0.138781 100.244431 -9.786417 -0.024474 -0.014472 
565 1.283345 0.000000 -0.092521 99.298629 -10.920024 -0.003064 0.002054 
566 10.515434 0.000000 2.960664 99.752895 -7.024540 0.010222 0.000002 
567 13.641644 0.000000 2.960664 99.753157 -7.021297 0.016358 0.000001 
568 10.515434 0.000000 5.921329 99.755498 -6.988617 0.000098 -0.000000 
569 5.826119 0.000000 1.480332 99.741253 -7.176517 0.039915 0.000018 
570 7.389224 0.000000 1.480332 99.743009 -7.162261 0.066628 0.000003 
571 5.826119 0.000000 2.960664 99.752872 -7.025636 -0.000849 0.000000 
572 3.481461 0.000000 0.740166 99.676057 -7.979729 0.268992 0.000094 
573 4.263014 0.000000 0.740166 99.691067 -7.844495 0.414046 -0.000002 
574 3.481461 0.000000 1.480332 99.738876 -7.177689 -0.011162 0.000064 
575 2.309132 0.000000 0.370083 99.524868 -4.704773 1.410477 0.007068 
576 2.699909 0.000000 0.370083 99.947495 -4.512484 4.284099 -0.002822 
577 2.309132 0.000000 0.740166 99.694790 -7.985359 -0.123686 -0.000283 
578 1.722968 0.000000 0.185042 102.008494 -11.468208 0.206246 -0.053730 
579 1.918356 0.000000 0.185042 106.279627 -1.391858 -1.922138 -0.130099 
580 1.722968 0.000000 0.370083 99.895038 -8.289784 -0.160692 -0.004776 
581 1.429886 0.000000 0.092521 101.484721 -10.027688 0.032339 -0.039970 
582 1.527580 0.000000 0.092521 101.687564 -10.638021 0.211388 -0.045357 
583 1.429886 0.000000 0.185042 101.517959 -10.130211 0.046484 -0.040852 
584 4.263014 0.000000 8.881993 99.756420 -6.979908 -0.000697 -0.000006 
585 7.389224 0.000000 8.881993 99.756168 -6.980927 -0.000586 -0.000003 
586 4.263014 0.000000 11.842658 99.756433 -6.977993 -0.000373 -0.000004 
587 2.699909 0.000000 4.440997 99.762363 -6.991717 -0.004543 -0.000141 
588 4.263014 0.000000 4.440997 99.755632 -6.995854 -0.002768 -0.000013 
589 2.699909 0.000000 5.921329 99.756717 -6.984263 -0.001597 -0.000018 
590 1.918356 0.000000 2.220498 99.770502 -7.026751 -0.016221 -0.000353 
591 2.699909 0.000000 2.220498 99.754652 -7.047331 -0.016094 -0.000066 
592 1.918356 0.000000 2.960664 99.767494 -7.004968 -0.010439 -0.000262 
593 1.527580 0.000000 1.110249 99.787867 -7.109431 -0.035831 -0.000816 
594 1.918356 0.000000 1.110249 99.775688 -7.191551 -0.070236 -0.000691 
595 1.527580 0.000000 1.480332 99.780166 -7.073873 -0.024421 -0.000612 
596 1.332192 0.000000 0.555125 99.843269 -7.327441 -0.036333 -0.002237 
597 1.136804 0.000000 0.555125 99.819701 -7.263658 -0.005451 -0.001673 
598 1.527580 0.000000 0.555125 99.844670 -7.422369 -0.059218 -0.002405 
599 1.332192 0.000000 0.740166 99.815069 -7.180157 -0.029483 -0.001460 
600 1.234498 0.000000 0.277562 100.095967 -8.107063 -0.008977 -0.008493 
601 1.136804 0.000000 0.277562 101.694498 -12.140932 0.001040 -0.048917 
602 1.332192 0.000000 0.277562 101.505515 -14.666392 0.002892 -0.051847 
603 1.234498 0.000000 0.370083 99.916582 -7.639319 -0.012515 -0.004168 
604 1.283345 0.000000 0.138781 99.638180 -11.081273 0.030573 -0.005056 
605 1.234498 0.000000 0.138781 99.457865 -11.892051 0.003529 -0.003329 
606 1.283345 0.000000 0.092521 99.356652 -10.902313 0.021623 0.000939 
607 1.332192 0.000000 0.138781 100.322773 -9.765034 0.018068 -0.016002 
608 1.283345 0.000000 0.185042 100.286625 -12.174363 0.026847 -0.020562 
609 2.113744 0.000000 -0.185042 100.945200 -3.776114 2.603964 -0.021097 
610 2.113744 0.000000 -0.370083 99.878585 -2.905480 0.025654 0.001583 
611 2.309132 0.000000 -0.185042 97.824046 -3.602509 -2.895212 0.040910 
612 2.113744 0.000000 0.000000 90.997772 0.974940 -0.193412 0.171842 
613 1.820662 0.000000 -0.092521 100.683929 -12.515182 -0.274695 -0.029396 
614 1.722968 0.000000 -0.092521 101.415152 -9.318121 0.233031 -0.037191 
615 1.820662 0.000000 -0.185042 101.040418 -11.236355 -0.488672 -0.033566 
616 1.918356 0.000000 -0.092521 99.422625 -12.586912 -1.006209 -0.004430 
617 1.820662 0.000000 0.000000 101.430073 -8.363076 -0.261168 -0.035807 
618 1.722968 0.000000 -0.555125 99.699087 -7.662003 -0.012004 0.000139 
619 1.722968 0.000000 -0.740166 99.663228 -7.391362 -0.014826 0.001261 
620 1.918356 0.000000 -0.555125 99.565154 -8.539042 -0.018682 0.001386 
621 1.820662 0.000000 -0.277562 100.576239 -21.260696 -0.127634 -0.056761 
622 1.722968 0.000000 -0.277562 101.733197 -13.876560 0.071581 -0.054221 
623 1.820662 0.000000 -0.370083 99.493511 -9.192442 0.001931 0.001654 
624 1.918356 0.000000 -0.277562 83.668450 -0.385647 -5.928249 0.296430 
625 2.113744 0.000000 0.185042 101.018981 -3.854483 -3.605007 -0.023269 
626 2.309132 0.000000 0.185042 98.157174 -3.625491 1.329475 0.035026 
627 2.113744 0.000000 0.370083 100.042933 -2.921492 -0.702381 -0.001762 
628 2.016050 0.000000 -0.092521 100.303628 -13.935178 -0.509283 -0.025527 
629 2.016050 0.000000 -0.185042 97.402236 -1.764178 -0.908641 0.050887 
630 2.113744 0.000000 -0.092521 106.785255 -9.286339 11.174073 -0.161419 
631 2.016050 0.000000 0.000000 101.395327 -8.629993 -0.831835 -0.035618 
632 1.869509 0.000000 -0.138781 85.848819 -2.259791 -4.166053 0.260752 
633 1.820662 0.000000 -0.138781 100.725567 -13.443921 -0.285869 -0.032646 
634 1.869509 0.000000 -0.185042 80.977505 -2.090982 -6.389283 0.339745 
635 1.918356 0.000000 -0.138781 94.842568 -2.402702 -2.541690 0.099265 
636 1.869509 0.000000 -0.092521 100.835535 -13.063206 -0.496854 -0.033870 
637 1.625274 0.000000 -0.092521 101.709310 -11.577044 0.370571 -0.047895 
638 1.625274 0.000000 -0.185042 101.681832 -10.344045 0.488493 -0.044643 
639 1.625274 0.000000 0.000000 101.710952 -8.467306 0.694944 -0.041730 
640 1.771815 0.000000 -0.138781 100.919637 -11.841159 -0.055494 -0.032499 
641 1.722968 0.000000 -0.138781 101.472224 -10.023152 0.243452 -0.039714 
642 1.771815 0.000000 -0.185042 101.326074 -10.622867 -0.122108 -0.037983 
643 1.771815 0.000000 -0.092521 100.763632 -15.966732 -0.047381 -0.040825 
644 1.820662 0.000000 0.092521 101.849565 -12.127762 -0.245289 -0.052048 
645 1.722968 0.000000 0.092521 101.877090 -9.231654 0.309584 -0.046426 
646 1.918356 0.000000 0.092521 101.651158 -9.147513 -0.695810 -0.041712 
647 1.820662 0.000000 0.185042 102.176591 -11.046814 -0.328352 -0.056220 
648 1.869509 0.000000 -0.046260 101.177119 -9.129945 -0.579548 -0.032050 
649 1.820662 0.000000 -0.046260 101.214431 -9.794697 -0.255879 -0.034036 
650 1.918356 0.000000 -0.046260 101.087851 -8.649795 -0.758308 -0.029415 
651 1.869509 0.000000 0.000000 101.223284 -8.065270 -0.765189 -0.031179 
652 1.845086 0.000000 -0.115651 89.473777 -4.363203 -2.282401 0.197020 
653 1.820662 0.000000 -0.115651 100.469601 -15.735991 -0.304343 -0.034185 
654 1.845086 0.000000 -0.138781 86.609353 -5.647413 -4.010999 0.245084 
655 1.869509 0.000000 -0.115651 92.473550 -5.276162 -1.785788 0.141762 
656 1.845086 0.000000 -0.092521 100.897477 -12.220247 -0.404910 -0.032980 
657 2.016050 0.000000 0.092521 101.080823 -14.823631 -0.430640 -0.043726 
658 2.113744 0.000000 0.092521 106.963319 -9.332075 -11.223533 -0.165421 
659 2.016050 0.000000 0.185042 104.605684 -1.843348 -1.945486 -0.094953 
660 2.309132 0.000000 1.110249 99.739368 -7.287724 -0.073481 -0.000106 
661 2.699909 0.000000 1.110249 99.719750 -7.340044 -0.043409 0.000209 
662 2.309132 0.000000 1.480332 99.757387 -7.136977 -0.040804 -0.000247 
663 2.113744 0.000000 0.555125 99.475636 -10.033831 -0.193603 0.000388 
664 1.918356 0.000000 0.555125 99.778129 -8.554780 -0.237000 -0.002892 
665 2.309132 0.000000 0.555125 99.448947 -10.171502 0.362167 0.000632 
666 2.113744 0.000000 0.740166 99.775778 -7.847058 -0.182476 -0.001682 
667 2.016050 0.000000 0.277562 104.272539 0.000000 -3.437157 -0.088458 
668 1.918356 0.000000 0.277562 116.390140 -0.376344 -6.194271 -0.358518 
669 2.113744 0.000000 0.277562 99.934843 -3.130293 -1.441715 0.000115 
670 2.016050 0.000000 0.370083 103.966477 0.000000 -5.016170 -0.083419 
671 1.967203 0.000000 0.138781 107.512890 -1.628726 1.397044 -0.156363 
672 1.918356 0.000000 0.138781 103.578163 -2.355503 -0.026946 -0.073398 
673 1.967203 0.000000 0.092521 102.122778 -19.291334 1.811532 -0.080450 
674 2.016050 0.000000 0.138781 103.703293 -2.866161 -1.897758 -0.076619 
675 1.967203 0.000000 0.185042 105.279656 -1.438012 -1.318966 -0.108761 
676 2.309132 0.000000 -1.110249 99.724580 -7.290255 -0.022362 0.000186 
677 2.309132 0.000000 -1.480332 99.744037 -7.124624 -0.012815 0.000037 
678 2.699909 0.000000 -1.110249 99.711590 -7.329288 -0.070146 0.000388 
679 2.113744 0.000000 -0.555125 99.322611 -10.021481 -0.159662 0.003456 
680 2.113744 0.000000 -0.740166 99.654018 -7.828875 -0.022686 0.000778 
681 2.309132 0.000000 -0.555125 99.334216 -10.156811 -0.793769 0.002892 
682 2.016050 0.000000 -0.277562 96.180990 -0.000000 -2.455217 0.074319 
683 2.016050 0.000000 -0.370083 96.062954 -0.000000 -4.214754 0.075414 
684 2.113744 0.000000 -0.277562 99.766064 -3.124097 0.550130 0.003667 
685 3.090685 0.000000 -0.370083 99.869041 -4.974820 -4.643095 -0.002013 
686 3.090685 0.000000 -0.740166 99.660884 -7.983355 -0.444304 0.000378 
687 3.481461 0.000000 -0.370083 99.852118 -5.372787 -4.078084 -0.001594 
688 3.090685 0.000000 0.000000 99.920367 -3.880885 -1.359812 -0.000099 
689 2.504521 0.000000 -0.185042 100.063098 -3.361762 -2.680839 -0.003111 
690 2.504521 0.000000 -0.370083 99.774481 -3.741614 -5.017404 0.000588 
691 2.699909 0.000000 -0.185042 99.954512 -3.338982 -2.319036 -0.000743 
692 2.504521 0.000000 0.000000 100.812576 -3.807823 -1.368289 -0.017955 
693 2.211438 0.000000 -0.092521 89.392972 -6.685190 16.143016 0.170361 
694 2.211438 0.000000 -0.185042 96.870374 -3.716636 1.681326 0.059949 
695 2.309132 0.000000 -0.092521 104.518761 -4.127181 -16.176359 -0.120288 
696 2.211438 0.000000 0.000000 134.714136 -0.309112 -0.269354 -0.814807 
697 2.064897 0.000000 -0.138781 101.675391 -2.788170 -1.399232 -0.034762 
698 2.016050 0.000000 -0.138781 97.747391 -2.715801 0.354246 0.043795 
699 2.064897 0.000000 -0.185042 99.733256 -0.000000 -0.149387 0.005326 
700 2.113744 0.000000 -0.138781 103.647826 -5.865189 5.556967 -0.080815 
701 2.064897 0.000000 -0.092521 100.785187 -16.952582 3.604543 -0.045804 
702 3.090685 0.000000 0.370083 99.881084 -5.347465 3.892745 -0.001998 
703 3.481461 0.000000 0.370083 99.824105 -5.828002 3.338901 -0.000997 
704 3.090685 0.000000 0.740166 99.663867 -8.028289 0.173202 0.000263 
705 2.504521 0.000000 0.185042 100.135727 -3.693706 1.011777 -0.004183 
706 2.699909 0.000000 0.185042 99.983168 -3.729548 0.682484 -0.001101 
707 2.504521 0.000000 0.370083 99.844046 -4.680968 2.596494 0.000251 
708 2.211438 0.000000 0.092521 90.348859 -6.630474 -16.347549 0.152588 
709 2.309132 0.000000 0.092521 104.874091 -4.310143 13.581288 -0.120160 
710 2.211438 0.000000 0.185042 97.225662 -3.773921 -2.882818 0.052462 
711 2.064897 0.000000 0.138781 105.141491 -2.951564 -0.179533 -0.106348 
712 2.064897 0.000000 0.092521 101.221033 -18.242203 -3.778220 -0.059275 
713 2.113744 0.000000 0.138781 103.653755 -5.988926 -6.293318 -0.081957 
714 2.064897 0.000000 0.185042 103.095482 0.000000 -2.441819 -0.063464 
715 2.211438 0.000000 -0.277562 98.627647 -3.819055 -0.084401 0.025799 
716 2.211438 0.000000 -0.370083 99.595789 -2.953061 -0.590763 0.007161 
717 2.309132 0.000000 -0.277562 98.807297 -3.893800 -1.630771 0.021930 
718 2.162591 0.000000 -0.138781 98.862388 -5.169681 7.046987 0.014984 
719 2.162591 0.000000 -0.185042 98.977614 -3.912519 3.000939 0.017912 
720 2.211438 0.000000 -0.138781 94.213553 -4.902642 4.859719 0.107615 
721 2.162591 0.000000 -0.092521 99.132651 -7.455592 15.435116 -0.012111 
722 2.064897 0.000000 -0.046260 99.934810 -20.880232 -0.124505 -0.042297 
723 2.016050 0.000000 -0.046260 100.748046 -9.722450 -0.707255 -0.024519 
724 2.113744 0.000000 -0.046260 88.975633 1.397344 3.892633 0.206623 
725 2.064897 0.000000 0.000000 85.124798 0.922440 -0.320447 0.275282 
726 2.089321 0.000000 -0.115651 105.409567 -12.489270 5.934511 -0.130238 
727 2.064897 0.000000 -0.115651 104.877888 -9.712715 -1.118911 -0.109496 
728 2.089321 0.000000 -0.138781 99.397818 -26.721353 -0.048454 -0.059396 
729 2.113744 0.000000 -0.115651 106.848728 -9.313827 11.020617 -0.162485 
730 2.089321 0.000000 -0.092521 105.080525 -12.504573 5.490862 -0.122843 
731 2.064897 0.000000 0.046260 100.824029 -22.120690 -0.169520 -0.065484 
732 2.016050 0.000000 0.046260 101.187971 -10.121616 -0.689019 -0.034193 
733 2.113744 0.000000 0.046260 89.366327 1.475819 -4.221526 0.199366 
734 2.211438 0.000000 0.277562 98.825695 -3.774504 -0.883302 0.021845 
735 2.309132 0.000000 0.277562 99.004865 -3.862566 0.505251 0.018286 
736 2.211438 0.000000 0.370083 99.718768 -3.756463 0.100817 0.004205 
737 2.162591 0.000000 0.138781 99.181503 -5.362827 -7.893877 0.007196 
738 2.162591 0.000000 0.092521 99.698789 -7.431310 -15.556125 -0.023707 
739 2.211438 0.000000 0.138781 94.825611 -5.053614 -5.958290 0.094706 
740 2.162591 0.000000 0.185042 99.183401 -3.952026 -4.051879 0.013062 
741 2.089321 0.000000 0.115651 105.559421 -12.782175 -5.979543 -0.134193 
742 2.064897 0.000000 0.115651 106.592590 -10.404023 0.632324 -0.147062 
743 2.089321 0.000000 0.092521 105.236189 -12.816835 -5.567851 -0.126993 
744 2.113744 0.000000 0.115651 107.022566 -9.359279 -11.069360 -0.166396 
745 2.089321 0.000000 0.138781 100.189848 -29.617859 -0.094429 -0.091523 
746 2.162591 0.000000 -0.046260 106.493080 0.628502 7.949396 -0.140436 
747 2.211438 0.000000 -0.046260 135.228353 -0.156623 10.707244 -0.840138 
748 2.162591 0.000000 0.000000 108.293376 0.444184 -0.169731 -0.172768 
749 2.138168 0.000000 -0.115651 103.017473 -8.088983 15.207959 -0.090931 
750 2.138168 0.000000 -0.138781 101.228643 -5.448429 6.928429 -0.032493 
751 2.162591 0.000000 -0.115651 99.117599 -6.416825 10.991864 0.001370 
752 2.138168 0.000000 -0.092521 102.407641 -7.947214 15.116812 -0.077900 
753 2.089321 0.000000 -0.069391 99.397818 -26.721353 -0.048454 -0.059396 
754 2.064897 0.000000 -0.069391 100.342624 -15.863104 -0.275438 -0.032036 
755 2.113744 0.000000 -0.069391 86.333200 1.961469 5.998744 0.250675 
756 2.089321 0.000000 -0.046260 84.762673 1.584877 1.790027 0.280957 
757 2.101533 0.000000 -0.104086 107.715244 -10.418053 7.284525 -0.176417 
758 2.089321 0.000000 -0.104086 106.095010 -11.621093 6.065799 -0.142799 
759 2.101533 0.000000 -0.115651 107.680210 -10.256992 7.620668 -0.175831 
760 2.113744 0.000000 -0.104086 106.801776 -9.237400 11.578837 -0.162602 
761 2.101533 0.000000 -0.092521 107.681342 -10.233184 7.674355 -0.175889 
762 2.162591 0.000000 0.046260 106.589132 0.762147 -8.189661 -0.142889 
763 2.211438 0.000000 0.046260 134.723223 -0.086595 -11.046783 -0.827239 
764 2.089321 0.000000 0.069391 100.189848 -29.617859 -0.094429 -0.091523 
765 2.064897 0.000000 0.069391 101.044579 -16.689366 -0.285546 -0.048862 
766 2.089321 0.000000 0.046260 85.291985 1.641344 -2.217266 0.271767 
767 2.113744 0.000000 0.069391 86.968648 2.031647 -6.247989 0.239329 
768 2.138168 0.000000 0.115651 103.409820 -8.133872 -15.292901 -0.099362 
769 2.138168 0.000000 0.092521 102.823639 -7.973459 -15.205487 -0.086748 
770 2.162591 0.000000 0.115651 99.573639 -6.473509 -11.589331 -0.009113 
771 2.138168 0.000000 0.138781 101.393320 -5.647798 -7.701460 -0.037182 
772 2.101533 0.000000 0.104086 107.805422 -10.467069 -7.319744 -0.178515 
773 2.089321 0.000000 0.104086 106.214880 -11.787517 -6.118883 -0.145799 
774 2.101533 0.000000 0.092521 107.776955 -10.279592 -7.710207 -0.178099 
775 2.113744 0.000000 0.104086 106.981792 -9.281383 -11.628673 -0.166647 
776 2.101533 0.000000 0.115651 107.775028 -10.303658 -7.656408 -0.178024 
777 2.138168 0.000000 -0.069391 94.308264 1.400656 9.275163 0.101796 
778 2.162591 0.000000 -0.069391 104.230314 0.899599 11.926958 -0.100702 
779 2.138168 0.000000 -0.046260 96.280063 1.014487 6.099201 0.069192 
780 2.125956 0.000000 -0.104086 104.122650 -8.378292 14.766950 -0.112978 
781 2.125956 0.000000 -0.115651 103.922697 -8.318835 15.341447 -0.110449 
782 2.138168 0.000000 -0.104086 102.590314 -7.989540 15.144102 -0.081795 
783 2.125956 0.000000 -0.092521 104.293927 -8.427223 14.501841 -0.115854 
784 2.138168 0.000000 0.069391 94.714362 1.553584 -9.448470 0.093750 
785 2.138168 0.000000 0.046260 96.590858 1.118019 -6.369175 0.062839 
786 2.162591 0.000000 0.069391 104.349463 0.960653 -12.089856 -0.103590 
787 2.125956 0.000000 0.104086 104.459064 -8.434832 -14.842798 -0.120315 
788 2.125956 0.000000 0.092521 104.618906 -8.475813 -14.575747 -0.122941 
789 2.138168 0.000000 0.104086 102.999258 -8.021299 -15.231664 -0.090519 
790 2.125956 0.000000 0.115651 104.271001 -8.369923 -15.419388 -0.118025 
791 2.406827 0.000000 -0.092521 101.963509 -3.482075 -3.830430 -0.042335 
792 2.406827 0.000000 -0.185042 99.941914 -3.449272 -2.756098 -0.000788 
793 2.504521 0.000000 -0.092521 100.541122 -3.266908 -2.201698 -0.012404 
794 2.406827 0.000000 0.000000 104.166042 -4.078255 -1.415518 -0.086920 
795 2.260285 0.000000 -0.138781 92.032035 -4.252522 -2.218352 0.150710 
796 2.260285 0.000000 -0.185042 96.266667 -3.649123 -0.994205 0.071842 
797 2.309132 0.000000 -0.138781 97.481893 -3.968015 -6.643076 0.043740 
798 2.260285 0.000000 -0.092521 71.113412 -5.049333 1.133353 0.491610 
799 2.187015 0.000000 -0.115651 95.754223 -6.384341 10.359824 0.068304 
800 2.187015 0.000000 -0.138781 96.442312 -5.192923 6.486213 0.062984 
801 2.211438 0.000000 -0.115651 91.700548 -5.886027 8.552856 0.148321 
802 2.187015 0.000000 -0.092521 93.214226 -7.003344 16.996658 0.097317 
803 2.150380 0.000000 -0.104086 101.455634 -7.756471 14.977423 -0.057773 
804 2.150380 0.000000 -0.115651 100.613444 -6.354517 10.925515 -0.028281 
805 2.162591 0.000000 -0.104086 99.145626 -7.492522 15.657333 -0.013115 
806 2.150380 0.000000 -0.092521 100.824331 -7.675776 15.155871 -0.045416 
807 2.406827 0.000000 0.092521 102.052314 -3.562717 1.784665 -0.043055 
808 2.504521 0.000000 0.092521 100.575850 -3.380786 0.159480 -0.012696 
809 2.406827 0.000000 0.185042 100.068121 -3.572778 1.065581 -0.002753 
810 2.260285 0.000000 0.138781 92.789084 -4.853471 0.295807 0.136654 
811 2.260285 0.000000 0.092521 73.117888 -5.034273 -2.439516 0.462248 
812 2.309132 0.000000 0.138781 97.911886 -4.325733 4.465280 0.037461 
813 2.260285 0.000000 0.185042 96.667219 -3.697285 -0.403972 0.064162 
814 2.187015 0.000000 0.115651 96.290998 -6.709339 -10.975740 0.056256 
815 2.187015 0.000000 0.092521 94.010248 -7.000239 -17.172924 0.081816 
816 2.211438 0.000000 0.115651 92.448235 -6.194976 -9.362123 0.132730 
817 2.187015 0.000000 0.138781 96.905697 -5.388012 -7.442810 0.052486 
818 2.150380 0.000000 0.104086 101.909692 -7.762164 -15.072615 -0.067302 
819 2.150380 0.000000 0.092521 101.308864 -7.672452 -15.258545 -0.055518 
820 2.162591 0.000000 0.104086 99.704956 -7.481180 -15.778305 -0.024600 
821 2.150380 0.000000 0.115651 100.955978 -6.771885 -11.574681 -0.037194 
822 2.260285 0.000000 -0.046260 166.996544 -1.974312 0.988258 -1.789272 
823 2.309132 0.000000 -0.046260 126.458830 -3.715125 -13.365029 -0.618426 
824 2.260285 0.000000 0.000000 153.651103 -2.142162 -0.783488 -1.361386 
825 2.187015 0.000000 -0.069391 117.060231 0.556336 14.972442 -0.392758 
826 2.211438 0.000000 -0.069391 135.161780 0.093016 18.030716 -0.859382 
827 2.187015 0.000000 -0.046260 119.462967 0.278560 9.725624 -0.436607 
828 2.260285 0.000000 0.046260 165.249441 -1.941364 -2.315104 -1.731651 
829 2.309132 0.000000 0.046260 126.152813 -3.640375 10.607429 -0.604030 
830 2.187015 0.000000 0.069391 116.893574 0.708863 -15.046406 -0.389100 
831 2.187015 0.000000 0.046260 119.238426 0.382979 -9.983308 -0.431762 
832 2.211438 0.000000 0.069391 134.515234 0.209140 -18.056013 -0.842041 
833 2.235862 0.000000 -0.069391 77.688757 -5.996462 12.819398 0.376416 
834 2.235862 0.000000 -0.092521 78.734672 -6.059744 12.991233 0.359536 
835 2.260285 0.000000 -0.069391 73.302702 -5.808764 12.093857 0.444671 
836 2.235862 0.000000 -0.046260 151.947457 -0.852652 9.416408 -1.317743 
837 2.235862 0.000000 -0.115651 88.328551 -5.382509 4.317441 0.215046 
838 2.235862 0.000000 -0.138781 92.400187 -4.619445 1.985599 0.143692 
839 2.260285 0.000000 -0.115651 86.015073 -4.895682 -2.593189 0.257071 
840 2.223650 0.000000 -0.080956 83.500049 -6.333710 14.199992 0.278599 
841 2.211438 0.000000 -0.080956 87.751133 -6.588826 15.614050 0.201253 
842 2.223650 0.000000 -0.092521 84.057388 -6.370137 14.492193 0.268375 
843 2.235862 0.000000 -0.080956 78.617203 -6.054444 12.971933 0.361441 
844 2.223650 0.000000 -0.069391 80.909453 -6.186133 13.348536 0.323721 
845 2.235862 0.000000 0.069391 79.300293 -6.067834 -13.116971 0.350259 
846 2.235862 0.000000 0.046260 150.942117 -0.808389 -10.030693 -1.288479 
847 2.260285 0.000000 0.069391 75.178708 -6.003266 -12.435942 0.415747 
848 2.235862 0.000000 0.092521 80.278542 -6.122854 -13.277653 0.334157 
849 2.235862 0.000000 0.115651 89.277360 -5.638819 -5.421132 0.196837 
850 2.260285 0.000000 0.115651 87.162808 -5.144870 1.014751 0.237515 
851 2.235862 0.000000 0.138781 93.113673 -5.176026 -3.350335 0.129183 
852 2.223650 0.000000 0.080956 84.760175 -6.344101 -14.444631 0.256682 
853 2.211438 0.000000 0.080956 88.792611 -6.552981 -15.830007 0.182234 
854 2.223650 0.000000 0.069391 82.313943 -6.229603 -13.612013 0.300032 
855 2.235862 0.000000 0.080956 80.168213 -6.119337 -13.259518 0.335980 
856 2.223650 0.000000 0.092521 85.290931 -6.373511 -14.734727 0.246772 
857 2.357979 0.000000 -0.046260 108.588677 -3.847280 -4.713132 -0.182852 
858 2.357979 0.000000 -0.092521 103.894798 -3.875756 -5.642752 -0.084099 
859 2.406827 0.000000 -0.046260 103.571090 -3.924881 -2.676226 -0.074954 
860 2.357979 0.000000 0.000000 110.452437 -3.971784 -1.386233 -0.221744 
861 2.284709 0.000000 -0.069391 68.775765 -5.632075 11.345615 0.510945 
862 2.284709 0.000000 -0.092521 88.973260 -4.183093 -28.672205 0.124417 
863 2.309132 0.000000 -0.069391 116.642468 -3.630412 -18.824509 -0.397301 
864 2.284709 0.000000 -0.046260 152.557043 -3.194501 -16.432584 -1.355389 
865 2.248074 0.000000 -0.080956 76.392906 -5.912393 12.606087 0.397025 
866 2.248074 0.000000 -0.092521 77.162013 -5.958049 12.732863 0.384840 
867 2.260285 0.000000 -0.080956 73.799527 -5.828273 12.175967 0.437141 
868 2.248074 0.000000 -0.069391 75.595855 -5.882841 12.473982 0.409506 
869 2.357979 0.000000 0.046260 108.623076 -3.818038 2.015252 -0.181761 
870 2.406827 0.000000 0.046260 103.616726 -3.913695 -0.043679 -0.075174 
871 2.357979 0.000000 0.092521 104.094936 -3.893730 3.125274 -0.086068 
872 2.284709 0.000000 0.069391 70.910439 -6.002229 -11.729241 0.479811 
873 2.284709 0.000000 0.046260 151.322626 -3.104724 13.865987 -1.310044 
874 2.309132 0.000000 0.069391 116.568832 -3.502081 16.076904 -0.385902 
875 2.284709 0.000000 0.092521 90.182440 -4.248424 25.533398 0.119712 
876 2.248074 0.000000 0.080956 78.090005 -5.994556 -12.917962 0.369914 
877 2.248074 0.000000 0.069391 77.340555 -5.989013 -12.794034 0.381888 
878 2.260285 0.000000 0.080956 75.647147 -6.003494 -12.513500 0.408488 
879 2.248074 0.000000 0.092521 78.809291 -6.030483 -13.036368 0.358278 
880 2.040474 0.000000 0.115651 102.414503 -1.580221 1.969148 -0.049511 
881 2.016050 0.000000 0.115651 101.432251 -5.724883 -2.434017 -0.032720 
882 2.040474 0.000000 0.092521 101.113276 -14.408929 -0.458998 -0.043172 
883 2.040474 0.000000 0.138781 104.477103 -1.416050 -0.367586 -0.091761 
884 1.722968 0.000000 0.555125 99.920152 -7.634772 -0.083229 -0.004233 
885 1.722968 0.000000 0.740166 99.791322 -7.386914 -0.065173 -0.001288 
886 1.820662 0.000000 0.277562 102.296494 -20.731583 -0.150206 -0.089439 
887 1.722968 0.000000 0.277562 102.196657 -13.673481 0.108201 -0.063113 
888 1.820662 0.000000 0.370083 99.943676 -9.202541 -0.318599 -0.007353 
889 1.869509 0.000000 0.138781 111.528192 -2.202536 -5.691568 -0.247578 
890 1.820662 0.000000 0.138781 102.060496 -13.057466 -0.218454 -0.058689 
891 1.869509 0.000000 0.092521 101.809385 -12.792865 -0.466940 -0.052903 
892 1.869509 0.000000 0.185042 118.299686 -2.051062 -6.818719 -0.404552 
893 1.967203 0.000000 0.046260 101.310845 -11.306781 -0.684439 -0.039220 
894 1.918356 0.000000 0.046260 101.419734 -8.598645 -0.733218 -0.036044 
895 1.967203 0.000000 0.000000 101.395335 -8.629919 -0.831838 -0.035618 
896 1.942780 0.000000 0.115651 102.894484 -2.055758 3.898238 -0.060670 
897 1.918356 0.000000 0.115651 102.307190 -2.482096 0.492798 -0.047316 
898 1.942780 0.000000 0.092521 101.799852 -13.727281 0.538501 -0.055194 
899 1.967203 0.000000 0.115651 105.856705 -9.619896 2.341173 -0.130367 
900 1.942780 0.000000 0.138781 104.440342 -2.943863 1.414904 -0.091845 
901 2.064897 0.000000 0.231302 101.996238 0.000000 -2.721714 -0.041064 
902 2.016050 0.000000 0.231302 104.355043 -0.584742 -2.745939 -0.089786 
903 2.113744 0.000000 0.231302 100.048720 -3.210614 -2.326514 -0.002547 
904 2.064897 0.000000 0.277562 101.633507 0.000000 -2.866065 -0.033758 
905 2.040474 0.000000 0.161911 104.361974 -1.351712 -1.781768 -0.089642 
906 2.016050 0.000000 0.161911 104.461061 -2.401795 -1.716242 -0.092083 
907 2.064897 0.000000 0.161911 103.848729 -1.905929 -1.820258 -0.079150 
908 2.040474 0.000000 0.185042 104.016101 -0.448714 -2.406211 -0.082534 
909 1.991627 0.000000 0.115651 105.072085 -8.591517 -8.607375 -0.118804 
910 1.991627 0.000000 0.092521 102.224128 -16.688636 -4.446292 -0.074805 
911 1.991627 0.000000 0.138781 105.619226 -3.447068 -2.274747 -0.117248 
912 1.967203 0.000000 0.231302 105.468046 -0.994650 -2.360454 -0.113007 
913 1.918356 0.000000 0.231302 109.400218 -0.873165 -3.617391 -0.198226 
914 1.967203 0.000000 0.277562 106.076008 -0.429680 -3.341312 -0.126347 
915 1.991627 0.000000 0.161911 105.259313 -2.346978 -1.522758 -0.108735 
916 1.967203 0.000000 0.161911 105.424668 -2.507836 -0.567406 -0.112097 
917 1.991627 0.000000 0.185042 105.265924 -0.989838 -1.677961 -0.108471 
918 2.028262 0.000000 0.150346 104.140868 -2.460469 -1.508939 -0.085365 
919 2.016050 0.000000 0.150346 104.190939 -2.697391 -1.892652 -0.086661 
920 2.028262 0.000000 0.138781 103.581034 -2.539570 -1.097646 -0.073668 
921 2.040474 0.000000 0.150346 104.381693 -2.119922 -1.217203 -0.090151 
922 2.028262 0.000000 0.161911 104.311281 -2.035224 -1.727056 -0.088797 
923 2.003839 0.000000 0.127216 103.368598 -4.840271 -2.802225 -0.071635 
924 1.991627 0.000000 0.127216 105.868652 -3.472416 -4.168788 -0.123761 
925 2.003839 0.000000 0.115651 101.920046 -6.389493 -4.135113 -0.044562 
926 2.016050 0.000000 0.127216 102.892820 -4.251609 -1.930313 -0.060873 
927 2.003839 0.000000 0.138781 104.560849 -1.935130 -2.903798 -0.094515 
928 1.942780 0.000000 0.161911 104.925226 -1.818330 -0.239962 -0.101267 
929 1.918356 0.000000 0.161911 105.097406 -1.457487 -0.985681 -0.104856 
930 1.942780 0.000000 0.185042 105.371996 -1.458252 -1.208223 -0.110684 
931 1.979415 0.000000 0.150346 106.306220 -1.804841 -0.914147 -0.130511 
932 1.967203 0.000000 0.150346 105.780252 -3.762766 -0.007785 -0.120362 
933 1.979415 0.000000 0.138781 106.407117 -3.496074 -1.178110 -0.133608 
934 1.991627 0.000000 0.150346 105.330810 -3.203483 -1.987003 -0.110879 
935 1.979415 0.000000 0.161911 105.284853 -3.069797 -0.957786 -0.109524 
936 2.089321 0.000000 0.161911 102.544165 -4.005051 -3.307274 -0.054228 
937 2.113744 0.000000 0.161911 101.905343 -4.550079 -4.630776 -0.042685 
938 2.089321 0.000000 0.185042 101.461056 -3.164476 -2.802013 -0.031221 
939 2.040474 0.000000 0.208172 103.578413 -0.248166 -2.771997 -0.073623 
940 2.016050 0.000000 0.208172 104.564077 -0.759892 -2.382341 -0.093990 
941 2.064897 0.000000 0.208172 102.477000 0.000000 -2.673762 -0.050868 
942 2.040474 0.000000 0.231302 103.258746 -0.000000 -3.015483 -0.067146 
943 2.052686 0.000000 0.173476 103.772451 -0.942300 -2.184393 -0.077438 
944 2.040474 0.000000 0.173476 104.080019 -1.422299 -2.077748 -0.083899 
945 2.052686 0.000000 0.161911 104.256793 -1.090054 -1.918760 -0.087435 
946 2.064897 0.000000 0.173476 103.343965 0.000000 -2.155690 -0.068462 
947 2.052686 0.000000 0.185042 103.530483 -0.207766 -2.542679 -0.072507 
948 1.954991 0.000000 0.150346 105.477373 -2.604167 0.649472 -0.113268 
949 1.942780 0.000000 0.150346 104.720409 -1.461076 0.546493 -0.096880 
950 1.954991 0.000000 0.138781 105.534094 -3.018693 1.357749 -0.114840 
951 1.954991 0.000000 0.161911 105.316973 -1.499185 -0.202454 -0.109395 
952 1.979415 0.000000 0.127216 107.417945 -3.318682 -1.551240 -0.155203 
953 1.967203 0.000000 0.127216 106.096386 -6.558311 3.017880 -0.130856 
954 1.979415 0.000000 0.115651 106.512379 -11.639768 -5.179800 -0.150720 
955 1.973309 0.000000 0.144564 106.251708 -3.823525 -0.295730 -0.130413 
956 1.967203 0.000000 0.144564 106.353028 -3.500932 0.694240 -0.132371 
957 1.973309 0.000000 0.138781 106.607818 -3.339366 -0.161543 -0.137640 
958 1.979415 0.000000 0.144564 106.236306 -3.331884 -1.107964 -0.129848 
959 1.973309 0.000000 0.150346 106.043178 -3.115445 -0.588596 -0.125521 
960 2.162591 0.000000 0.231302 99.111326 -3.584879 -2.301356 0.015880 
961 2.211438 0.000000 0.231302 98.372044 -3.621165 -1.601830 0.030726 
962 2.162591 0.000000 0.277562 99.344699 -3.637666 -1.278214 0.011576 
963 2.089321 0.000000 0.208172 100.803842 -2.801593 -2.300767 -0.017456 
964 2.113744 0.000000 0.208172 100.404230 -3.386231 -2.871146 -0.010072 
965 2.089321 0.000000 0.231302 100.376902 -2.617240 -1.948776 -0.008617 
966 2.052686 0.000000 0.196607 103.271076 0.000000 -2.646200 -0.067192 
967 2.040474 0.000000 0.196607 103.878660 -0.475737 -2.563722 -0.079758 
968 2.064897 0.000000 0.196607 102.624473 0.000000 -2.508654 -0.053808 
969 2.052686 0.000000 0.208172 102.982454 0.000000 -2.811553 -0.061329 
970 2.016050 0.000000 0.462604 102.122265 -0.000000 -8.789623 -0.050621 
971 1.918356 0.000000 0.462604 99.831871 -10.716447 -0.350977 -0.008137 
972 2.113744 0.000000 0.462604 100.203325 -3.568529 2.292946 -0.005870 
973 2.016050 0.000000 0.555125 99.708301 -9.517082 -0.349724 -0.003244 
974 2.064897 0.000000 0.323823 101.457515 0.000000 -3.166061 -0.030365 
975 2.016050 0.000000 0.323823 104.156306 0.000000 -4.118654 -0.086550 
976 2.113744 0.000000 0.323823 100.028652 -3.342011 -0.958144 -0.001782 
977 2.064897 0.000000 0.370083 101.523572 0.000000 -3.767161 -0.032123 
978 2.040474 0.000000 0.254432 103.016597 0.000000 -3.201848 -0.062267 
979 2.016050 0.000000 0.254432 104.322733 -0.000000 -3.134179 -0.089306 
980 2.064897 0.000000 0.254432 101.746769 0.000000 -2.746845 -0.035995 
981 2.040474 0.000000 0.277562 102.855814 0.000000 -3.446466 -0.059120 
982 2.052686 0.000000 0.219737 102.704083 0.000000 -2.836655 -0.055618 
983 2.040474 0.000000 0.219737 103.466897 0.000000 -2.857465 -0.071356 
984 2.064897 0.000000 0.219737 102.079914 0.000000 -2.648734 -0.042732 
985 2.052686 0.000000 0.231302 102.559188 0.000000 -2.932997 -0.052699 
986 2.089321 0.000000 0.254432 100.245553 -2.563148 -1.561204 -0.005818 
987 2.113744 0.000000 0.254432 99.938185 -3.125880 -1.817193 -0.000071 
988 2.089321 0.000000 0.277562 100.128946 -2.600197 -1.314459 -0.003429 
989 2.052686 0.000000 0.242867 102.419313 0.000000 -2.912881 -0.049820 
990 2.040474 0.000000 0.242867 103.180516 0.000000 -3.043233 -0.065548 
991 2.064897 0.000000 0.242867 101.907336 0.000000 -2.674617 -0.039226 
992 2.052686 0.000000 0.254432 102.300354 0.000000 -3.049966 -0.047466 
993 1.967203 0.000000 0.323823 106.536507 -0.000000 -4.142544 -0.136719 
994 1.918356 0.000000 0.323823 123.222706 0.000000 -8.568133 -0.525725 
995 1.967203 0.000000 0.370083 107.423009 -0.000000 -5.063606 -0.156534 
996 2.040474 0.000000 0.300692 102.897597 0.000000 -3.632769 -0.060111 
997 2.016050 0.000000 0.300692 104.292165 0.000000 -3.728939 -0.089076 
998 2.064897 0.000000 0.300692 101.610940 0.000000 -2.923590 -0.033333 
999 2.040474 0.000000 0.323823 102.757618 0.000000 -4.013850 -0.057524 
1000 2.052686 0.000000 0.265997 102.123810 0.000000 -3.085299 -0.043879 
1001 2.040474 0.000000 0.265997 102.883735 0.000000 -3.309019 -0.059601 
1002 2.064897 0.000000 0.265997 101.618557 0.000000 -2.786352 -0.033409 
1003 2.052686 0.000000 0.277562 102.046101 0.000000 -3.134057 -0.042323 
1004 1.967203 0.000000 -0.138781 100.162915 -1.571351 -3.146206 -0.004498 
1005 1.967203 0.000000 -0.185042 96.450843 -1.464186 -1.695999 0.069221 
1006 1.967203 0.000000 -0.092521 99.791777 -18.998999 -3.006000 -0.032840 
1007 1.893933 0.000000 -0.115651 95.684779 -7.083443 -1.318274 0.079251 
1008 1.893933 0.000000 -0.138781 92.133348 -1.712477 -2.541899 0.150205 
1009 1.918356 0.000000 -0.115651 96.108350 -6.035553 -2.175391 0.072202 
1010 1.893933 0.000000 -0.092521 100.888752 -11.253102 -0.647445 -0.030559 
1011 1.869509 0.000000 -0.231302 80.799554 -3.542910 -6.645946 0.341471 
1012 1.820662 0.000000 -0.231302 101.114952 -13.754703 -0.391582 -0.041358 
1013 1.869509 0.000000 -0.277562 100.685540 -17.093687 -0.288124 -0.042986 
1014 1.918356 0.000000 -0.231302 90.683050 -0.889278 -3.630799 0.176261 
1015 1.845086 0.000000 -0.161911 89.349343 -7.752162 -3.667187 0.194315 
1016 1.820662 0.000000 -0.161911 100.797476 -13.309295 -0.384620 -0.033742 
1017 1.845086 0.000000 -0.185042 94.277814 -9.172331 -2.507678 0.102127 
1018 1.869509 0.000000 -0.161911 81.318384 -1.317890 -5.989520 0.334971 
1019 1.857297 0.000000 -0.127216 82.929164 -2.468355 -4.721155 0.309437 
1020 1.845086 0.000000 -0.127216 87.062942 -5.681821 -3.731116 0.237384 
1021 1.857297 0.000000 -0.138781 78.577521 -1.678261 -6.237214 0.378385 
1022 1.869509 0.000000 -0.127216 88.473312 -3.562707 -3.278618 0.214903 
1023 1.857297 0.000000 -0.115651 88.131490 -2.060771 -2.697923 0.222131 
1024 1.893933 0.000000 -0.161911 90.457213 -1.528029 -3.319741 0.180414 
1025 1.893933 0.000000 -0.185042 87.316874 -1.029396 -4.454996 0.235486 
1026 1.918356 0.000000 -0.161911 94.087451 -1.486174 -2.607087 0.113855 
1027 1.857297 0.000000 -0.150346 79.916856 -2.405330 -6.178505 0.356934 
1028 1.845086 0.000000 -0.150346 86.266275 -6.330840 -4.352455 0.249911 
1029 1.857297 0.000000 -0.161911 82.342166 -3.295057 -5.744503 0.317591 
1030 1.869509 0.000000 -0.150346 84.244326 -1.882390 -4.912099 0.287522 
1031 1.967203 0.000000 -0.231302 95.363684 -1.013529 -2.173704 0.090002 
1032 1.967203 0.000000 -0.277562 94.244149 -0.445481 -2.902354 0.110942 
1033 2.016050 0.000000 -0.231302 96.757740 -0.599134 -1.676939 0.063477 
1034 1.893933 0.000000 -0.208172 83.941200 -0.864825 -5.602459 0.292174 
1035 1.869509 0.000000 -0.208172 79.184679 -2.086013 -7.113171 0.367484 
1036 1.893933 0.000000 -0.231302 80.952963 -0.747659 -6.590087 0.340263 
1037 1.918356 0.000000 -0.208172 92.193536 -1.157399 -3.102826 0.148938 
1038 5.044566 0.000000 -0.740166 99.711190 -7.572204 -0.751935 -0.000022 
1039 5.044566 0.000000 -1.480332 99.741180 -7.152103 -0.094055 0.000054 
1040 5.826119 0.000000 -0.740166 99.724236 -7.408990 -0.770376 -0.000041 
1041 5.044566 0.000000 0.000000 99.855925 -5.503773 -2.587034 -0.000819 
1042 3.872238 0.000000 -0.370083 99.844661 -5.577895 -3.553075 -0.001269 
1043 3.872238 0.000000 -0.740166 99.687456 -7.833665 -0.623605 0.000066 
1044 4.263014 0.000000 -0.370083 99.839068 -5.687119 -3.111830 -0.000987 
1045 3.872238 0.000000 0.000000 99.906390 -4.697705 -1.957178 -0.000719 
1046 5.044566 0.000000 0.740166 99.702221 -7.710229 0.508365 -0.000024 
1047 5.826119 0.000000 0.740166 99.713054 -7.573779 0.553862 -0.000036 
1048 5.044566 0.000000 1.480332 99.740006 -7.181018 0.024599 0.000036 
1049 4.653790 0.000000 -0.370083 99.836142 -5.766874 -2.732399 -0.000798 
1050 4.653790 0.000000 -0.740166 99.703932 -7.659598 -0.724588 -0.000007 
1051 5.044566 0.000000 -0.370083 99.834035 -5.814869 -2.410898 -0.000646 
1052 4.653790 0.000000 0.000000 99.872706 -5.245452 -2.429057 -0.000797 
1053 3.872238 0.000000 0.370083 99.810444 -6.086463 2.844237 -0.000726 
1054 4.263014 0.000000 0.370083 99.801651 -6.243933 2.443919 -0.000533 
1055 3.872238 0.000000 0.740166 99.683936 -7.919392 0.350721 0.000027 
1056 4.067626 0.000000 -0.185042 99.965936 -3.868768 -2.113948 -0.001262 
1057 3.872238 0.000000 -0.185042 99.968525 -3.806044 -2.177324 -0.001293 
1058 4.067626 0.000000 -0.370083 99.841846 -5.642931 -3.321779 -0.001127 
1059 4.263014 0.000000 -0.185042 99.962779 -3.925132 -2.047082 -0.001215 
1060 4.067626 0.000000 0.000000 99.908996 -4.685749 -2.209775 -0.000865 
1061 4.653790 0.000000 0.370083 99.794680 -6.366314 2.130562 -0.000405 
1062 5.044566 0.000000 0.370083 99.790051 -6.448596 1.876832 -0.000316 
1063 4.653790 0.000000 0.740166 99.696271 -7.781618 0.469298 -0.000012 
1064 4.458402 0.000000 -0.185042 99.959937 -3.983432 -1.954816 -0.001168 
1065 4.458402 0.000000 -0.370083 99.837459 -5.734711 -2.913026 -0.000889 
1066 4.653790 0.000000 -0.185042 99.957124 -4.037056 -1.860520 -0.001119 
1067 4.458402 0.000000 0.000000 99.886503 -5.035187 -2.374288 -0.000830 
1068 8.952329 0.000000 -1.480332 99.747675 -7.095333 -0.142144 0.000004 
1069 8.952329 0.000000 -2.960664 99.753295 -7.014919 -0.023841 0.000007 
1070 10.515434 0.000000 -1.480332 99.749622 -7.069434 -0.149162 0.000001 
1071 8.952329 0.000000 0.000000 99.832255 -5.886527 0.530389 -0.000141 
1072 6.607671 0.000000 -0.740166 99.735043 -7.268617 -0.754345 -0.000048 
1073 6.607671 0.000000 -1.480332 99.744497 -7.133122 -0.119365 0.000014 
1074 7.389224 0.000000 -0.740166 99.743360 -7.153481 -0.716806 -0.000042 
1075 6.607671 0.000000 0.000000 99.875973 -5.254369 2.205594 -0.000768 
1076 5.435343 0.000000 -0.370083 99.832408 -5.846339 -2.132765 -0.000524 
1077 5.435343 0.000000 -0.740166 99.718161 -7.488112 -0.766402 -0.000037 
1078 5.826119 0.000000 -0.370083 99.830893 -5.883706 -1.890021 -0.000440 
1079 5.435343 0.000000 0.000000 99.889756 -5.027088 -2.987691 -0.001216 
1080 4.849178 0.000000 -0.185042 99.954123 -4.090309 -1.758118 -0.001065 
1081 4.849178 0.000000 -0.370083 99.835037 -5.792954 -2.565708 -0.000718 
1082 5.044566 0.000000 -0.185042 99.950828 -4.145229 -1.648213 -0.001007 
1083 4.849178 0.000000 0.000000 99.861396 -5.417323 -2.492712 -0.000786 
1084 4.458402 0.000000 0.185042 99.869438 -5.281876 0.668151 -0.000225 
1085 4.263014 0.000000 0.185042 99.879835 -5.122143 0.676967 -0.000268 
1086 4.653790 0.000000 0.185042 99.859862 -5.431223 0.666677 -0.000193 
1087 4.458402 0.000000 0.370083 99.797528 -6.314200 2.279806 -0.000461 
1088 4.556096 0.000000 -0.092521 100.002749 -3.378932 -1.925485 -0.001567 
1089 4.458402 0.000000 -0.092521 99.998979 -3.425852 -1.961838 -0.001538 
1090 4.556096 0.000000 -0.185042 99.958542 -4.010551 -1.908799 -0.001144 
1091 4.653790 0.000000 -0.092521 100.006670 -3.329041 -1.877514 -0.001594 
1092 4.556096 0.000000 0.000000 99.879454 -5.142877 -2.401598 -0.000812 
1093 8.952329 0.000000 1.480332 99.744459 -7.143364 0.087649 0.000001 
1094 10.515434 0.000000 1.480332 99.746006 -7.122283 0.102921 -0.000000 
1095 8.952329 0.000000 2.960664 99.752798 -7.025580 0.006769 0.000002 
1096 6.607671 0.000000 0.740166 99.722522 -7.453419 0.566458 -0.000046 
1097 7.389224 0.000000 0.740166 99.729729 -7.350611 0.560815 -0.000036 
1098 6.607671 0.000000 1.480332 99.742343 -7.170383 0.054000 0.000005 
1099 5.435343 0.000000 0.370083 99.786584 -6.505210 1.671951 -0.000248 
1100 5.826119 0.000000 0.370083 99.783959 -6.557377 1.504855 -0.000210 
1101 5.435343 0.000000 0.740166 99.707984 -7.640381 0.535894 -0.000034 
1102 5.239954 0.000000 -0.185042 99.947152 -4.204464 -1.533089 -0.000946 
1103 5.239954 0.000000 -0.370083 99.833163 -5.834117 -2.266917 -0.000584 
1104 5.435343 0.000000 -0.185042 99.943122 -4.263358 -1.414775 -0.000881 
1105 5.239954 0.000000 0.000000 99.861945 -5.423746 -2.745154 -0.000936 
1106 6.216895 0.000000 -0.370083 99.829092 -5.915136 -1.676911 -0.000365 
1107 6.216895 0.000000 -0.740166 99.729749 -7.335689 -0.765703 -0.000042 
1108 6.607671 0.000000 -0.370083 99.827321 -5.948219 -1.490233 -0.000310 
1109 6.216895 0.000000 0.000000 99.891339 -5.025595 3.585265 -0.001639 
1110 5.630731 0.000000 -0.185042 99.938675 -4.339040 -1.295591 -0.000824 
1111 5.630731 0.000000 -0.370083 99.831741 -5.867914 -2.007335 -0.000484 
1112 5.826119 0.000000 -0.185042 99.933565 -4.415761 -1.178234 -0.000760 
1113 5.630731 0.000000 0.000000 99.948347 -4.201224 -3.389147 -0.001881 
1114 2.064897 0.000000 -0.231302 99.104346 -0.000000 -0.713063 0.017782 
1115 2.064897 0.000000 -0.277562 98.701969 -0.000000 -1.446942 0.025583 
1116 2.113744 0.000000 -0.231302 99.901363 -3.157340 1.333662 0.000797 
1117 2.040474 0.000000 -0.161911 98.904721 -1.284062 -0.568130 0.021588 
1118 2.016050 0.000000 -0.161911 97.786735 -2.290153 -0.441606 0.043231 
1119 2.040474 0.000000 -0.185042 98.519972 -0.457932 -0.614915 0.029323 
1120 2.064897 0.000000 -0.161911 100.314863 -1.785770 -0.214675 -0.006631 
1121 2.040474 0.000000 -0.138781 99.281234 -1.340943 -1.440777 0.013936 
1122 2.040474 0.000000 -0.208172 98.216525 -0.257292 -0.894065 0.035265 
1123 2.016050 0.000000 -0.208172 97.025622 -0.775580 -1.274882 0.058380 
1124 2.040474 0.000000 -0.231302 97.875095 0.000000 -1.344323 0.041866 
1125 2.064897 0.000000 -0.208172 99.368977 -0.000000 -0.336991 0.012569 
1126 2.016050 0.000000 -0.462604 97.869897 0.000000 -5.890933 0.038678 
1127 1.918356 0.000000 -0.462604 99.552486 -10.695333 -0.004234 -0.002509 
1128 2.016050 0.000000 -0.555125 99.532757 -9.500118 0.038095 0.000298 
1129 2.113744 0.000000 -0.462604 100.036178 -3.622578 -2.669718 -0.002749 
1130 2.064897 0.000000 -0.323823 98.586108 -0.000000 -2.087377 0.027642 
1131 2.016050 0.000000 -0.323823 96.108291 -0.000000 -3.228967 0.075277 
1132 2.064897 0.000000 -0.370083 98.607726 -0.000000 -2.931306 0.026792 
1133 2.113744 0.000000 -0.323823 99.902602 -2.673952 0.239325 0.001226 
1134 2.040474 0.000000 -0.254432 97.749528 -0.000000 -1.704958 0.044212 
1135 2.016050 0.000000 -0.254432 96.430449 0.000000 -2.073495 0.069687 
1136 2.040474 0.000000 -0.277562 97.554108 -0.000000 -2.138051 0.047862 
1137 2.064897 0.000000 -0.254432 98.954399 -0.000000 -1.056673 0.020691 
1138 1.967203 0.000000 -0.323823 93.553066 0.000000 -3.599163 0.123487 
1139 1.918356 0.000000 -0.323823 76.804389 -0.000000 -8.192187 0.403397 
1140 1.967203 0.000000 -0.370083 92.558628 0.000000 -4.518627 0.141248 
1141 2.040474 0.000000 -0.300692 97.560467 -0.000000 -2.560281 0.047540 
1142 2.016050 0.000000 -0.300692 96.160332 -0.000000 -2.845579 0.074509 
1143 2.040474 0.000000 -0.323823 97.435615 -0.000000 -2.992279 0.049735 
1144 2.064897 0.000000 -0.300692 98.718112 -0.000000 -1.777981 0.025157 
1145 2.504521 0.000000 -0.555125 99.410129 -9.961978 -1.279463 0.001675 
1146 2.504521 0.000000 -0.740166 99.580900 -8.028871 -0.245436 0.001912 
1147 2.699909 0.000000 -0.555125 99.495168 -9.667668 -1.561767 0.000481 
1148 2.211438 0.000000 -0.462604 99.764837 -6.535187 -5.952726 -0.003117 
1149 2.211438 0.000000 -0.555125 99.246279 -10.183282 -0.502644 0.004622 
1150 2.309132 0.000000 -0.462604 99.497064 -8.567491 -4.919150 0.000273 
1151 2.064897 0.000000 -0.416343 98.442921 -0.000000 -4.086227 0.029229 
1152 2.016050 0.000000 -0.416343 96.482057 0.000000 -5.439767 0.066162 
1153 2.064897 0.000000 -0.462604 99.544679 -0.000000 -5.357889 0.006215 
1154 2.113744 0.000000 -0.416343 99.825352 -3.260926 -0.308616 0.002417 
1155 2.040474 0.000000 -0.346953 97.351654 -0.000000 -3.491020 0.051047 
1156 2.016050 0.000000 -0.346953 96.078127 -0.000000 -3.654867 0.075564 
1157 2.040474 0.000000 -0.370083 97.305861 -0.000000 -4.097418 0.051478 
1158 2.064897 0.000000 -0.346953 98.604982 -0.000000 -2.496053 0.027083 
1159 1.820662 0.000000 -0.462604 99.593092 -8.446968 0.008880 0.000986 
1160 1.722968 0.000000 -0.462604 99.672735 -7.918201 -0.031625 0.000265 
1161 1.820662 0.000000 -0.555125 99.716406 -7.956112 -0.030666 -0.000666 
1162 1.967203 0.000000 -0.416343 88.063615 -0.000000 -6.217321 0.220614 
1163 1.918356 0.000000 -0.416343 99.604060 -13.523575 -0.003991 -0.010386 
1164 1.967203 0.000000 -0.462604 86.477257 0.000000 -6.804556 0.247538 
1165 2.040474 0.000000 -0.393213 97.263567 -0.000000 -4.905623 0.051573 
1166 2.016050 0.000000 -0.393213 96.278509 -0.000000 -4.854964 0.070688 
1167 2.040474 0.000000 -0.416343 97.385929 -0.000000 -5.790446 0.048245 
1168 2.064897 0.000000 -0.393213 98.460474 -0.000000 -3.440640 0.029370 
1169 2.113744 0.000000 -0.925208 99.700732 -7.439845 -0.011004 0.000441 
1170 1.918356 0.000000 -0.925208 99.707932 -7.353678 -0.017391 0.000425 
1171 2.113744 0.000000 -1.110249 99.725251 -7.252981 -0.006933 0.000227 
1172 2.309132 0.000000 -0.925208 99.678498 -7.493403 -0.046859 0.000804 
1173 2.016050 0.000000 -0.647645 99.671659 -8.169267 -0.015721 -0.000118 
1174 1.918356 0.000000 -0.647645 99.703319 -7.900357 -0.012978 -0.000317 
1175 2.016050 0.000000 -0.740166 99.675724 -7.720732 -0.025935 0.000514 
1176 2.113744 0.000000 -0.647645 99.612303 -8.366952 -0.034436 0.000738 
1177 2.064897 0.000000 -0.508864 99.204869 -13.033509 -0.011212 -0.001148 
1178 2.016050 0.000000 -0.508864 99.455044 -13.057194 0.089851 -0.006180 
1179 2.064897 0.000000 -0.555125 99.424307 -9.831862 -0.023166 0.001814 
1180 2.113744 0.000000 -0.508864 98.966472 -12.764165 -0.742578 0.004216 
1181 2.040474 0.000000 -0.439474 97.899240 -0.000000 -6.791992 0.036961 
1182 2.016050 0.000000 -0.439474 97.221119 0.000000 -6.214163 0.050944 
1183 2.040474 0.000000 -0.462604 98.935169 -0.000000 -6.884980 0.016443 
1184 2.064897 0.000000 -0.439474 98.704030 -0.000000 -4.759009 0.023487 
1185 2.504521 0.000000 0.555125 99.477102 -9.980606 0.801487 0.000405 
1186 2.699909 0.000000 0.555125 99.544902 -9.708357 1.044863 -0.000453 
1187 2.504521 0.000000 0.740166 99.643992 -8.038163 -0.021480 0.000646 
1188 2.211438 0.000000 0.462604 99.898622 -6.676029 5.666616 -0.005641 
1189 2.309132 0.000000 0.462604 99.617363 -8.712758 4.460813 -0.001943 
1190 2.211438 0.000000 0.555125 99.381155 -10.195959 0.111829 0.001942 
1191 2.064897 0.000000 0.416343 101.386323 0.000000 -4.799903 -0.030223 
1192 2.016050 0.000000 0.416343 103.221877 -0.000000 -6.282334 -0.069422 
1193 2.113744 0.000000 0.416343 99.974669 -3.260267 -0.254847 -0.000563 
1194 2.064897 0.000000 0.462604 101.082895 0.000000 -6.359135 -0.025819 
1195 2.040474 0.000000 0.346953 102.751257 0.000000 -4.335093 -0.057661 
1196 2.016050 0.000000 0.346953 104.056623 0.000000 -4.457392 -0.084765 
1197 2.064897 0.000000 0.346953 101.472491 0.000000 -3.349988 -0.030789 
1198 2.040474 0.000000 0.370083 102.780475 0.000000 -4.946709 -0.058830 
1199 1.820662 0.000000 0.462604 99.878318 -8.452651 -0.242144 -0.004718 
1200 1.722968 0.000000 0.462604 99.965359 -7.909198 -0.063074 -0.005563 
1201 1.820662 0.000000 0.555125 99.971392 -7.952627 -0.131195 -0.005754 
1202 1.967203 0.000000 0.416343 111.558826 0.000000 -6.741876 -0.249082 
1203 1.918356 0.000000 0.416343 99.860783 -13.567137 -0.419294 -0.015642 
1204 1.967203 0.000000 0.462604 112.876796 -0.000000 -7.249540 -0.279373 
1205 2.040474 0.000000 0.393213 102.698818 0.000000 -5.660978 -0.057909 
1206 2.016050 0.000000 0.393213 103.648923 0.000000 -5.633651 -0.077484 
1207 2.064897 0.000000 0.393213 101.505452 0.000000 -4.154783 -0.032062 
1208 2.040474 0.000000 0.416343 102.417462 0.000000 -6.591400 -0.053278 
1209 2.113744 0.000000 0.925208 99.777445 -7.406584 -0.113138 -0.001041 
1210 1.918356 0.000000 0.925208 99.792325 -7.318372 -0.079498 -0.001207 
1211 2.309132 0.000000 0.925208 99.738761 -7.472734 -0.101223 -0.000367 
1212 2.113744 0.000000 1.110249 99.758139 -7.242365 -0.077310 -0.000414 
1213 2.016050 0.000000 0.647645 99.832201 -8.180896 -0.208856 -0.003344 
1214 1.918356 0.000000 0.647645 99.868121 -7.901760 -0.164061 -0.003611 
1215 2.113744 0.000000 0.647645 99.762430 -8.398479 -0.232827 -0.002313 
1216 2.016050 0.000000 0.740166 99.809514 -7.734624 -0.155582 -0.002179 
1217 2.064897 0.000000 0.508864 99.398045 -13.077535 -0.378204 -0.005114 
1218 2.016050 0.000000 0.508864 99.653843 -13.098459 -0.450166 -0.010266 
1219 2.113744 0.000000 0.508864 99.143847 -12.778106 0.324993 0.000711 
1220 2.064897 0.000000 0.555125 99.584560 -9.853432 -0.310080 -0.001427 
1221 2.040474 0.000000 0.439474 101.901872 0.000000 -7.762404 -0.044425 
1222 2.016050 0.000000 0.439474 102.404892 -0.000000 -7.307521 -0.054016 
1223 2.064897 0.000000 0.439474 101.092619 0.000000 -5.381311 -0.024868 
1224 2.040474 0.000000 0.462604 101.617987 0.000000 -9.682087 -0.041996 
1225 -8.241827 0.000000 -8.881993 99.756330 -6.975923 -0.000029 0.000001 
1226 -11.368037 0.000000 -8.881993 99.756365 -6.975809 -0.000011 0.000001 
1227 -8.241827 0.000000 -11.842658 99.756340 -6.975874 -0.000031 0.000001 
1228 10.515434 0.000000 -8.881993 99.755966 -6.979637 -0.001622 0.000003 
1229 10.515434 0.000000 -11.842658 99.756144 -6.977684 -0.000785 0.000002 
1230 13.641644 0.000000 -8.881993 99.756022 -6.979653 -0.001893 0.000002 
1231 -8.241827 0.000000 8.881993 99.756480 -6.976077 -0.000026 -0.000002 
1232 -11.368037 0.000000 8.881993 99.756449 -6.975914 -0.000013 -0.000001 
1233 -8.241827 0.000000 11.842658 99.756473 -6.976048 -0.000038 -0.000002 
1234 -3.552511 0.000000 -4.440997 99.756049 -6.976898 -0.000196 0.000005 
1235 -5.115617 0.000000 -4.440997 99.756193 -6.976407 -0.000079 0.000003 
1236 -3.552511 0.000000 -5.921329 99.756132 -6.976706 -0.000175 0.000004 
1237 10.515434 0.000000 8.881993 99.756045 -6.981417 -0.000325 -0.000001 
1238 13.641644 0.000000 8.881993 99.755997 -6.981629 -0.000033 -0.000000 
1239 10.515434 0.000000 11.842658 99.756236 -6.978860 -0.000275 -0.000001 
1240 5.826119 0.000000 -4.440997 99.754409 -6.993262 -0.006167 0.000015 
1241 5.826119 0.000000 -5.921329 99.755236 -6.984861 -0.002963 0.000010 
1242 7.389224 0.000000 -4.440997 99.754652 -6.993539 -0.007404 0.000010 
1243 -3.552511 0.000000 4.440997 99.756618 -6.977136 0.000040 -0.000006 
1244 -5.115617 0.000000 4.440997 99.756518 -6.976574 0.000025 -0.000004 
1245 -3.552511 0.000000 5.921329 99.756650 -6.976984 -0.000046 -0.000007 
1246 -1.207854 0.000000 -2.220498 99.758958 -6.977412 -0.006226 -0.000053 
1247 -1.989406 0.000000 -2.220498 99.754900 -6.979018 -0.001135 0.000025 
1248 -1.207854 0.000000 -2.960664 99.755276 -6.980312 -0.002028 0.000016 
1249 5.826119 0.000000 4.440997 99.755075 -6.997068 -0.001773 -0.000003 
1250 7.389224 0.000000 4.440997 99.754863 -6.997968 -0.000614 -0.000000 
1251 5.826119 0.000000 5.921329 99.755843 -6.987226 -0.001326 -0.000005 
1252 3.481461 0.000000 -2.220498 99.743973 -7.045982 -0.021712 0.000149 
1253 3.481461 0.000000 -2.960664 99.751639 -7.013823 -0.008652 0.000042 
1254 4.263014 0.000000 -2.220498 99.747427 -7.053047 -0.026150 0.000070 
1255 -1.207854 0.000000 2.220498 99.762018 -6.983237 0.006807 -0.000123 
1256 -1.989406 0.000000 2.220498 99.755913 -6.979250 0.000671 0.000005 
1257 -1.207854 0.000000 2.960664 99.756814 -6.980702 0.000977 -0.000015 
1258 -0.817078 0.000000 -1.110249 99.744502 -6.987417 -0.003649 0.000221 
1259 -1.207854 0.000000 -1.110249 99.748020 -6.987828 0.005578 0.000150 
1260 -0.817078 0.000000 -1.480332 99.752007 -6.984579 -0.006457 0.000075 
1261 3.481461 0.000000 2.220498 99.752928 -7.050170 -0.013738 -0.000035 
1262 4.263014 0.000000 2.220498 99.749035 -7.062882 -0.005610 0.000025 
1263 3.481461 0.000000 2.960664 99.754384 -7.018474 -0.007500 -0.000020 
1264 -0.230913 0.000000 -0.555125 99.648962 -7.023072 0.046400 0.002076 
1265 -0.426301 0.000000 -0.555125 99.722954 -7.005460 0.040638 0.000625 
1266 -0.230913 0.000000 -0.740166 99.674168 -7.026381 -0.000494 0.001569 
1267 0.941416 0.000000 -0.555125 99.774406 -7.247941 -0.000737 -0.000746 
1268 0.941416 0.000000 -0.740166 99.737208 -7.147293 0.000907 0.000141 
1269 -0.817078 0.000000 1.110249 99.747849 -6.987622 0.004383 0.000154 
1270 -1.207854 0.000000 1.110249 99.752347 -6.986467 0.000587 0.000066 
1271 -0.817078 0.000000 1.480332 99.756752 -6.987288 0.009705 -0.000023 
1272 -0.230913 0.000000 0.555125 99.661839 -7.032948 -0.038315 0.001805 
1273 -0.426301 0.000000 0.555125 99.736074 -7.013413 -0.024113 0.000353 
1274 -0.230913 0.000000 0.740166 99.695619 -7.025147 0.014117 0.001143 
1275 -0.133219 0.000000 -0.277562 99.699638 -7.162699 0.558010 0.000837 
1276 -0.230913 0.000000 -0.277562 99.823766 -6.999585 0.438385 -0.001397 
1277 -0.133219 0.000000 -0.370083 99.458530 -7.093698 0.250366 0.005762 
1278 0.941416 0.000000 0.555125 99.815065 -7.240734 -0.019244 -0.001548 
1279 0.941416 0.000000 0.740166 99.763010 -7.137706 -0.020858 -0.000361 
1280 -0.133219 0.000000 0.277562 99.688385 -7.204931 -0.577787 0.000998 
1281 -0.230913 0.000000 0.277562 99.822536 -6.965363 -0.435552 -0.001324 
1282 -0.133219 0.000000 0.370083 99.467478 -7.092843 -0.245558 0.005585 
1283 0.037745 0.000000 -0.115651 88.800451 -8.789933 -1.536472 0.203486 
1284 0.013322 0.000000 -0.115651 88.181664 -8.398911 4.450382 0.213365 
1285 0.037745 0.000000 -0.138781 92.894319 -8.243253 -0.652089 0.130227 
1286 0.648333 0.000000 -0.277562 101.304871 -11.207822 -0.000666 -0.038829 
1287 0.648333 0.000000 -0.370083 99.820241 -7.529338 0.093016 -0.002078 
1288 0.746027 0.000000 -0.277562 102.241669 -10.295064 -0.001085 -0.055935 
1289 0.648333 0.000000 0.277562 101.321083 -11.194094 -0.000068 -0.039127 
1290 0.746027 0.000000 0.277562 102.254029 -10.302475 -0.002310 -0.056203 
1291 0.648333 0.000000 0.370083 99.845230 -7.540921 -0.111616 -0.002595 
1292 0.037745 0.000000 0.115651 88.737078 -8.808221 1.532168 0.204580 
1293 0.013322 0.000000 0.115651 88.126710 -8.421780 -4.470135 0.214277 
1294 0.037745 0.000000 0.138781 92.846307 -8.260569 0.653628 0.131090 
1295 0.098804 0.000000 -0.080956 92.375443 -12.455089 -15.386834 0.107489 
1296 0.098804 0.000000 -0.092521 92.490733 -12.549474 -15.469668 0.104866 
1297 0.098804 0.000000 -0.069391 92.366822 -12.451336 -15.382862 0.107670 
1298 0.098804 0.000000 0.080956 92.306580 -12.414448 15.375900 0.108896 
1299 0.098804 0.000000 0.069391 92.299310 -12.406822 15.372077 0.109061 
1300 0.098804 0.000000 0.092521 92.401950 -12.559749 15.456398 0.106523 
1301 0.233134 0.000000 -0.069391 88.721772 -0.104767 -6.622146 0.208458 
1302 0.233134 0.000000 -0.046260 90.224715 -0.088385 -4.970308 0.183479 
1303 0.184287 0.000000 -0.115651 99.751842 -11.046031 -9.540903 -0.016347 
1304 0.184287 0.000000 -0.138781 99.373196 -9.805616 -7.437061 -0.002649 
1305 0.233134 0.000000 0.069391 88.759224 -0.088306 6.636835 0.207774 
1306 0.233134 0.000000 0.046260 90.241382 -0.082351 5.003607 0.183145 
1307 0.184287 0.000000 0.115651 99.707768 -11.018284 9.552824 -0.015430 
1308 0.184287 0.000000 0.138781 99.368286 -9.748194 7.437191 -0.002440 
1309 0.501792 0.000000 -0.046260 100.320145 -8.064072 -0.003795 -0.012916 
1310 0.550639 0.000000 -0.046260 101.316267 -6.774891 -0.005770 -0.031089 
1311 0.501792 0.000000 0.000000 101.317675 -6.545444 -0.005575 -0.030811 
1312 0.501792 0.000000 0.046260 100.325727 -8.057918 -0.005716 -0.013018 
1313 0.550639 0.000000 0.046260 101.318692 -6.773343 -0.004909 -0.031136 
1314 0.428522 0.000000 -0.069391 99.126650 -10.874901 -0.000626 0.005564 
1315 0.452945 0.000000 -0.069391 99.259294 -9.390567 -0.001889 0.005941 
1316 0.428522 0.000000 -0.046260 99.080190 -11.107544 0.000079 0.005974 
1317 0.367463 0.000000 -0.104086 105.207605 -12.629743 -3.070171 -0.123758 
1318 0.367463 0.000000 -0.115651 105.098696 -12.636077 -2.782171 -0.121315 
1319 0.367463 0.000000 -0.092521 105.373128 -12.632063 -2.998308 -0.127206 
1320 0.428522 0.000000 0.069391 99.140681 -10.859859 -0.004972 0.005319 
1321 0.428522 0.000000 0.046260 99.094989 -11.091393 -0.004944 0.005716 
1322 0.452945 0.000000 0.069391 99.273903 -9.378582 -0.006143 0.005673 
1323 0.367463 0.000000 0.104086 105.286298 -12.623788 3.071272 -0.125400 
1324 0.367463 0.000000 0.092521 105.453512 -12.624712 2.999121 -0.128882 
1325 0.367463 0.000000 0.115651 105.172898 -12.622228 2.782885 -0.122840 
1326 1.429886 0.000000 -0.277562 101.364031 -12.581565 0.007887 -0.043296 
1327 1.429886 0.000000 -0.370083 99.726331 -7.692448 0.130143 -0.000453 
1328 1.527580 0.000000 -0.277562 101.571659 -15.339811 0.027296 -0.055211 
1329 1.429886 0.000000 0.277562 101.494460 -12.533150 0.025002 -0.045821 
1330 1.527580 0.000000 0.277562 101.994532 -15.139155 0.034095 -0.063208 
1331 1.429886 0.000000 0.370083 99.834252 -7.697371 -0.085545 -0.002613 
1332 1.722968 0.000000 -0.925208 99.741456 -7.259215 0.004453 -0.000105 
1333 1.527580 0.000000 -0.925208 99.740732 -7.178668 -0.001456 0.000025 
1334 1.722968 0.000000 -1.110249 99.737397 -7.155304 -0.016734 0.000125 
1335 1.332192 0.000000 -0.925208 99.722843 -7.137446 -0.003951 0.000441 
1336 1.136804 0.000000 -0.925208 99.740875 -7.113138 0.000753 0.000116 
1337 1.332192 0.000000 -1.110249 99.775247 -7.095632 -0.000689 -0.000545 
1338 8.952329 0.000000 -4.440997 99.754835 -6.993354 -0.008445 0.000007 
1339 8.952329 0.000000 -5.921329 99.755441 -6.985339 -0.004074 0.000006 
1340 10.515434 0.000000 -4.440997 99.754967 -6.992956 -0.009370 0.000004 
1341 5.044566 0.000000 -2.220498 99.748968 -7.052811 -0.031575 0.000040 
1342 5.044566 0.000000 -2.960664 99.752001 -7.017564 -0.014734 0.000029 
1343 5.826119 0.000000 -2.220498 99.751399 -7.052005 -0.033023 -0.000007 
1344 6.607671 0.000000 -2.220498 99.750358 -7.049665 -0.040488 0.000017 
1345 6.607671 0.000000 -2.960664 99.752686 -7.017363 -0.019204 0.000016 
1346 7.389224 0.000000 -2.220498 99.750766 -7.047238 -0.044015 0.000012 
1347 3.090685 0.000000 -1.110249 99.715934 -7.335287 -0.108884 0.000291 
1348 3.090685 0.000000 -1.480332 99.732891 -7.156563 -0.046332 0.000213 
1349 3.481461 0.000000 -1.110249 99.722935 -7.335089 -0.132956 0.000151 
1350 3.872238 0.000000 -1.110249 99.724362 -7.324270 -0.161041 0.000138 
1351 3.872238 0.000000 -1.480332 99.735604 -7.161394 -0.073802 0.000152 
1352 4.263014 0.000000 -1.110249 99.726752 -7.316020 -0.181302 0.000102 
1353 1.625274 0.000000 -0.277562 101.768360 -12.435401 0.131216 -0.051146 
1354 1.625274 0.000000 -0.370083 99.617146 -7.951478 0.046857 0.001320 
1355 8.952329 0.000000 4.440997 99.754790 -6.998329 0.000543 0.000001 
1356 10.515434 0.000000 4.440997 99.754775 -6.998390 0.001666 0.000001 
1357 8.952329 0.000000 5.921329 99.755542 -6.988412 -0.000391 -0.000001 
1358 5.044566 0.000000 2.220498 99.749402 -7.064663 -0.000351 0.000015 
1359 5.826119 0.000000 2.220498 99.751213 -7.065488 0.001360 -0.000023 
1360 5.044566 0.000000 2.960664 99.752765 -7.024431 -0.003085 0.000004 
1361 3.090685 0.000000 1.110249 99.721805 -7.358608 -0.014049 0.000141 
1362 3.481461 0.000000 1.110249 99.725490 -7.363996 0.007487 0.000060 
1363 3.090685 0.000000 1.480332 99.739021 -7.169932 -0.022029 0.000072 
1364 1.625274 0.000000 0.092521 101.924973 -11.455140 0.386811 -0.052007 
1365 1.625274 0.000000 0.185042 101.922015 -10.189594 0.556102 -0.049223 
1366 1.625274 0.000000 0.277562 102.145538 -12.259192 0.198495 -0.058404 
1367 1.625274 0.000000 0.370083 99.885615 -7.940942 -0.021391 -0.004020 
1368 1.722968 0.000000 0.925208 99.814279 -7.229629 -0.063215 -0.001516 
1369 1.527580 0.000000 0.925208 99.791083 -7.160366 -0.037891 -0.000953 
1370 1.722968 0.000000 1.110249 99.767035 -7.137628 -0.037056 -0.000441 
1371 1.771815 0.000000 -0.046260 101.276169 -9.293498 -0.021996 -0.034323 
1372 1.722968 0.000000 -0.046260 101.443598 -8.290102 0.224956 -0.035958 
1373 1.771815 0.000000 0.000000 101.436243 -8.131433 -0.011108 -0.035543 
1374 1.820662 0.000000 -0.647645 99.686510 -7.637951 -0.044429 0.000426 
1375 1.722968 0.000000 -0.647645 99.692289 -7.472396 -0.026325 0.000561 
1376 1.820662 0.000000 -0.740166 99.666565 -7.480295 -0.016062 0.001062 
1377 1.625274 0.000000 -0.462604 99.673439 -7.680006 0.024589 0.000622 
1378 1.527580 0.000000 -0.462604 99.699867 -7.536150 0.060442 0.000314 
1379 1.625274 0.000000 -0.555125 99.700512 -7.481975 0.011569 0.000383 
1380 1.869509 0.000000 -0.323823 99.696923 -12.127953 -0.161663 -0.008659 
1381 1.820662 0.000000 -0.323823 99.658331 -9.697740 -0.101715 -0.002584 
1382 1.869509 0.000000 -0.370083 99.585793 -10.694135 -0.050564 -0.003170 
1383 1.771815 0.000000 -0.231302 101.340595 -13.277097 -0.126240 -0.044621 
1384 1.722968 0.000000 -0.231302 101.538543 -13.248902 0.200918 -0.048565 
1385 1.771815 0.000000 -0.277562 101.203321 -18.479097 0.015509 -0.058359 
1386 1.967203 0.000000 -0.046260 101.025395 -10.995756 -0.690126 -0.032751 
1387 1.869509 0.000000 0.046260 101.543492 -9.053425 -0.538321 -0.039334 
1388 1.820662 0.000000 0.046260 101.592654 -9.686210 -0.240083 -0.041495 
1389 2.504521 0.000000 0.925208 99.711423 -7.517871 -0.070727 0.000111 
1390 2.699909 0.000000 0.925208 99.694919 -7.554133 -0.034574 0.000386 
1391 2.504521 0.000000 1.110249 99.725951 -7.317153 -0.059993 0.000119 
1392 2.211438 0.000000 0.647645 99.686991 -8.552916 -0.175712 -0.001068 
1393 2.309132 0.000000 0.647645 99.634906 -8.611403 -0.085513 -0.000128 
1394 2.211438 0.000000 0.740166 99.729528 -7.922110 -0.160387 -0.000876 
1395 2.504521 0.000000 -0.925208 99.670138 -7.524032 -0.095082 0.000924 
1396 2.504521 0.000000 -1.110249 99.714578 -7.314683 -0.047248 0.000350 
1397 2.699909 0.000000 -0.925208 99.678645 -7.527791 -0.137202 0.000748 
1398 2.211438 0.000000 -0.647645 99.550215 -8.507426 -0.125686 0.001736 
1399 2.211438 0.000000 -0.740166 99.622465 -7.929552 -0.061852 0.001248 
1400 2.309132 0.000000 -0.647645 99.523123 -8.571304 -0.235052 0.002163 
1401 2.406827 0.000000 -0.277562 99.675425 -3.910782 -2.221569 0.004458 
1402 2.406827 0.000000 -0.370083 99.567011 -4.857278 -3.149629 0.005290 
1403 2.504521 0.000000 -0.277562 99.798679 -3.787856 -2.470616 0.001977 
1404 2.089321 0.000000 -0.161911 102.649956 -3.931721 2.381807 -0.055814 
1405 2.089321 0.000000 -0.185042 101.510982 -3.152843 1.802362 -0.031767 
1406 2.113744 0.000000 -0.161911 101.905063 -4.483888 3.713416 -0.041854 
1407 2.040474 0.000000 -0.115651 98.095635 -1.426403 -3.430037 0.036345 
1408 2.016050 0.000000 -0.115651 97.029918 -5.180341 1.456058 0.055624 
1409 2.040474 0.000000 -0.092521 100.392322 -13.602607 -0.495150 -0.026389 
1410 2.406827 0.000000 0.277562 99.801971 -3.848743 1.025617 0.002370 
1411 2.504521 0.000000 0.277562 99.884023 -3.773865 1.242231 0.000740 
1412 2.406827 0.000000 0.370083 99.685284 -4.689512 2.220798 0.003592 
1413 2.162591 0.000000 -0.231302 98.914486 -3.557993 1.283157 0.020162 
1414 2.162591 0.000000 -0.277562 99.125607 -3.675431 0.350174 0.016048 
1415 2.211438 0.000000 -0.231302 98.089786 -3.641680 0.478160 0.036490 
1416 2.138168 0.000000 -0.161911 100.545664 -4.483753 4.511517 -0.014989 
1417 2.138168 0.000000 -0.185042 100.063015 -3.860143 2.980695 -0.003639 
1418 2.162591 0.000000 -0.161911 98.903387 -4.429925 4.627351 0.017708 
1419 2.187015 0.000000 -0.161911 97.198187 -4.219500 4.101536 0.051789 
1420 2.187015 0.000000 -0.185042 97.834309 -3.817691 2.543411 0.040740 
1421 2.211438 0.000000 -0.161911 95.677479 -4.066135 2.909820 0.082082 
1422 2.040474 0.000000 -0.069391 100.468557 -12.536084 -0.544084 -0.025138 
1423 2.016050 0.000000 -0.069391 100.455754 -11.696330 -0.579975 -0.022850 
1424 2.040474 0.000000 -0.046260 100.471922 -11.155021 -0.647473 -0.021946 
1425 2.040474 0.000000 0.069391 101.199978 -13.182006 -0.497836 -0.041545 
1426 2.016050 0.000000 0.069391 101.145347 -12.300320 -0.534315 -0.038196 
1427 2.040474 0.000000 0.046260 101.293280 -11.648005 -0.523446 -0.039628 
1428 2.260285 0.000000 0.231302 98.189496 -3.645019 -0.425640 0.034536 
1429 2.309132 0.000000 0.231302 98.650881 -3.639212 0.570625 0.025443 
1430 2.260285 0.000000 0.277562 98.725129 -3.834100 -0.166785 0.023862 
1431 2.162591 0.000000 0.323823 99.757757 -3.918860 -0.610579 0.003266 
1432 2.211438 0.000000 0.323823 99.538403 -4.023628 -0.320455 0.007581 
1433 2.162591 0.000000 0.370083 99.893564 -2.710387 -0.407380 0.001376 
1434 2.138168 0.000000 0.161911 100.679487 -4.593708 -5.468893 -0.018737 
1435 2.162591 0.000000 0.161911 99.160748 -4.541735 -5.649725 0.011460 
1436 2.138168 0.000000 0.185042 100.196420 -3.903863 -4.004752 -0.007060 
1437 2.357979 0.000000 -0.138781 100.435378 -3.876416 -4.914736 -0.012645 
1438 2.357979 0.000000 -0.185042 99.331890 -3.582824 -3.170230 0.011029 
1439 2.406827 0.000000 -0.138781 100.674550 -3.716903 -3.639111 -0.016242 
1440 2.260285 0.000000 -0.231302 97.925712 -3.683325 -0.777390 0.039638 
1441 2.260285 0.000000 -0.277562 98.520877 -3.915175 -0.853583 0.027758 
1442 2.309132 0.000000 -0.231302 98.390143 -3.687152 -1.867184 0.030230 
1443 2.235862 0.000000 -0.161911 94.629259 -3.892385 0.989453 0.102917 
1444 2.235862 0.000000 -0.185042 96.269761 -3.673005 0.395124 0.071849 
1445 2.260285 0.000000 -0.161911 94.553701 -3.787654 -1.289775 0.104359 
1446 2.284709 0.000000 -0.115651 91.470287 -4.478546 -10.616569 0.150042 
1447 2.284709 0.000000 -0.138781 94.201299 -4.054440 -5.677436 0.107744 
1448 2.309132 0.000000 -0.115651 98.913533 -4.141344 -10.296572 0.009294 
1449 2.357979 0.000000 0.138781 100.648861 -4.090118 2.882664 -0.015523 
1450 2.406827 0.000000 0.138781 100.783416 -4.001962 1.601765 -0.017588 
1451 2.357979 0.000000 0.185042 99.521767 -3.631259 1.531910 0.007989 
1452 2.284709 0.000000 0.115651 92.363068 -4.737160 8.470850 0.137487 
1453 2.309132 0.000000 0.115651 99.426432 -4.483779 7.890109 0.003203 
1454 2.284709 0.000000 0.138781 94.841411 -4.402251 3.658687 0.097234 
1455 2.028262 0.000000 0.127216 103.052927 -3.898484 -0.648394 -0.063552 
1456 2.028262 0.000000 0.115651 101.179587 -6.723891 -0.552827 -0.028283 
1457 2.040474 0.000000 0.127216 104.257955 -3.090180 0.488330 -0.087951 
1458 1.625274 0.000000 0.462604 99.890824 -7.643875 -0.045766 -0.003661 
1459 1.527580 0.000000 0.462604 99.860817 -7.534571 -0.044615 -0.002895 
1460 1.625274 0.000000 0.555125 99.886926 -7.482986 -0.056012 -0.003340 
1461 1.820662 0.000000 0.647645 99.849308 -7.640024 -0.090940 -0.002826 
1462 1.722968 0.000000 0.647645 99.843361 -7.475748 -0.063166 -0.002459 
1463 1.820662 0.000000 0.740166 99.799260 -7.475834 -0.095083 -0.001579 
1464 1.625274 0.000000 0.647645 99.838902 -7.391568 -0.072689 -0.002245 
1465 1.527580 0.000000 0.647645 99.829277 -7.340959 -0.058543 -0.001978 
1466 1.625274 0.000000 0.740166 99.780905 -7.323056 -0.046955 -0.000986 
1467 1.869509 0.000000 0.231302 119.589413 -3.478237 -6.851183 -0.436066 
1468 1.820662 0.000000 0.231302 102.263429 -13.517812 -0.346435 -0.064066 
1469 1.869509 0.000000 0.277562 102.254568 -16.744793 -0.288481 -0.073647 
1470 1.869509 0.000000 0.323823 100.127432 -12.156159 -0.380410 -0.017342 
1471 1.820662 0.000000 0.323823 100.126765 -9.710806 -0.291806 -0.011975 
1472 1.869509 0.000000 0.370083 99.963371 -10.720200 -0.389602 -0.010775 
1473 1.991627 0.000000 0.069391 101.196823 -10.809351 -0.657577 -0.035807 
1474 1.967203 0.000000 0.069391 101.276524 -11.377850 -0.638462 -0.038680 
1475 1.991627 0.000000 0.046260 101.209788 -11.253618 -0.644414 -0.037048 
1476 1.942780 0.000000 0.069391 101.451707 -8.782539 -0.723899 -0.037011 
1477 1.918356 0.000000 0.069391 101.508653 -9.204416 -0.702012 -0.038922 
1478 1.942780 0.000000 0.046260 101.385060 -8.428955 -0.743871 -0.035053 
1479 1.954991 0.000000 0.127216 106.622999 -1.297897 3.405898 -0.138175 
1480 1.942780 0.000000 0.127216 103.470828 -6.079569 2.152841 -0.074781 
1481 1.954991 0.000000 0.115651 104.142664 -7.332817 5.277046 -0.092731 
1482 2.052686 0.000000 0.150346 104.930762 -1.207184 -1.248000 -0.101348 
1483 2.052686 0.000000 0.138781 105.618986 -1.262140 -0.171674 -0.115699 
1484 2.064897 0.000000 0.150346 104.289209 -2.544984 -1.274859 -0.088434 
1485 2.028262 0.000000 0.173476 104.430521 -1.561331 -1.903602 -0.091180 
1486 2.016050 0.000000 0.173476 104.668044 -1.647786 -1.841025 -0.096150 
1487 2.028262 0.000000 0.185042 104.387863 -1.489892 -2.134875 -0.090360 
1488 1.991627 0.000000 0.208172 105.019454 -1.096242 -2.068898 -0.103457 
1489 1.967203 0.000000 0.208172 105.332210 -1.246602 -1.849794 -0.109985 
1490 1.991627 0.000000 0.231302 105.026220 -0.859253 -2.474307 -0.103737 
1491 1.991627 0.000000 0.254432 105.056829 -0.696313 -2.868397 -0.104565 
1492 1.967203 0.000000 0.254432 105.711060 -0.926476 -2.828782 -0.118369 
1493 1.991627 0.000000 0.277562 105.073109 -0.000000 -3.322078 -0.105139 
1494 2.003839 0.000000 0.150346 104.268781 -3.557524 -1.947838 -0.088843 
1495 2.003839 0.000000 0.161911 104.738810 -2.581262 -1.746803 -0.097993 
1496 2.003839 0.000000 0.173476 104.935503 -2.071671 -1.704666 -0.101866 
1497 1.991627 0.000000 0.173476 105.046650 -2.743107 -1.510755 -0.104461 
1498 2.003839 0.000000 0.185042 104.827660 -1.964633 -1.785549 -0.099589 
1499 1.979415 0.000000 0.173476 105.365778 -2.093433 -1.190006 -0.110775 
1500 1.967203 0.000000 0.173476 105.485703 -1.255906 -0.823094 -0.112949 
1501 1.979415 0.000000 0.185042 105.303663 -1.250512 -1.450512 -0.109253 
1502 1.942780 0.000000 0.208172 105.909800 -1.238793 -2.022834 -0.122251 
1503 1.918356 0.000000 0.208172 107.800963 -1.136292 -2.804464 -0.163020 
1504 1.942780 0.000000 0.231302 106.530659 -1.045738 -2.648289 -0.135689 
1505 1.954991 0.000000 0.173476 105.248003 -1.730417 -0.609579 -0.108051 
1506 1.942780 0.000000 0.173476 105.186799 -1.294155 -0.669316 -0.106639 
1507 1.954991 0.000000 0.185042 105.387163 -1.223145 -1.181344 -0.110935 
1508 2.028262 0.000000 0.196607 104.425955 -0.716370 -2.333739 -0.091074 
1509 2.016050 0.000000 0.196607 104.683027 -0.805915 -2.165524 -0.096388 
1510 2.028262 0.000000 0.208172 104.242096 -0.527455 -2.584941 -0.087337 
1511 2.028262 0.000000 0.219737 104.136309 -0.558341 -2.663044 -0.085177 
1512 2.016050 0.000000 0.219737 104.472052 -0.715314 -2.515211 -0.092125 
1513 2.028262 0.000000 0.231302 103.911818 -0.327781 -2.921595 -0.080631 
1514 2.138168 0.000000 0.208172 99.921649 -3.592484 -3.026381 -0.000640 
1515 2.162591 0.000000 0.208172 99.181916 -3.673796 -3.041072 0.014020 
1516 2.138168 0.000000 0.231302 99.687252 -3.471936 -2.336449 0.004494 
1517 2.138168 0.000000 0.254432 99.603613 -3.425034 -1.816102 0.006409 
1518 2.162591 0.000000 0.254432 99.293956 -3.599795 -1.741304 0.012472 
1519 2.138168 0.000000 0.277562 99.720266 -3.477532 -1.356620 0.004193 
1520 1.967203 0.000000 0.508864 99.759979 -10.900025 -0.337454 -0.007098 
1521 1.918356 0.000000 0.508864 99.809478 -9.291857 -0.278833 -0.004835 
1522 1.967203 0.000000 0.555125 99.750255 -9.044716 -0.291920 -0.003201 
1523 2.089321 0.000000 0.300692 100.112500 -2.640136 -1.084025 -0.003066 
1524 2.113744 0.000000 0.300692 99.903456 -3.176146 -1.173739 0.000783 
1525 2.089321 0.000000 0.323823 100.142668 -2.161632 -0.979682 -0.003419 
1526 2.089321 0.000000 0.346953 100.041716 -2.269286 -0.856963 -0.001423 
1527 2.113744 0.000000 0.346953 100.085154 -2.774816 -0.865378 -0.002549 
1528 2.089321 0.000000 0.370083 100.090150 -2.470167 -0.747468 -0.002470 
1529 2.028262 0.000000 0.242867 103.952103 -0.000000 -3.012675 -0.081512 
1530 2.016050 0.000000 0.242867 104.414770 -0.497707 -2.831204 -0.091071 
1531 2.028262 0.000000 0.254432 103.788523 -0.000000 -3.224741 -0.078246 
1532 2.028262 0.000000 0.265997 103.689205 -0.000000 -3.351927 -0.076269 
1533 2.016050 0.000000 0.265997 104.298300 -0.000000 -3.252169 -0.088871 
1534 2.028262 0.000000 0.277562 103.700382 -0.000000 -3.522890 -0.076618 
1535 1.991627 0.000000 0.300692 105.161258 -0.000000 -3.633699 -0.107209 
1536 1.967203 0.000000 0.300692 106.231410 -0.000000 -3.715129 -0.129891 
1537 1.991627 0.000000 0.323823 105.204532 -0.000000 -4.015277 -0.108412 
1538 1.991627 0.000000 0.346953 105.078891 -0.000000 -4.335114 -0.106037 
1539 1.967203 0.000000 0.346953 107.003584 -0.000000 -4.526705 -0.147026 
1540 1.991627 0.000000 0.370083 104.954280 -0.000000 -4.803638 -0.103848 
1541 1.845086 0.000000 -0.208172 101.020184 -12.759745 -0.529044 -0.036817 
1542 1.820662 0.000000 -0.208172 101.113378 -12.331773 -0.461931 -0.037620 
1543 1.845086 0.000000 -0.231302 101.012611 -14.116653 -0.453225 -0.040303 
1544 4.653790 0.000000 -1.110249 99.729181 -7.302857 -0.199283 0.000072 
1545 4.653790 0.000000 -1.480332 99.739583 -7.156549 -0.087433 0.000079 
1546 5.044566 0.000000 -1.110249 99.731025 -7.288781 -0.215613 0.000055 
1547 5.435343 0.000000 -1.110249 99.733290 -7.273336 -0.229610 0.000032 
1548 5.435343 0.000000 -1.480332 99.742174 -7.148693 -0.101478 0.000038 
1549 5.826119 0.000000 -1.110249 99.734922 -7.256991 -0.242103 0.000022 
1550 4.067626 0.000000 0.185042 99.889982 -4.962668 0.686790 -0.000311 
1551 3.872238 0.000000 0.185042 99.899995 -4.796060 0.700710 -0.000350 
1552 4.067626 0.000000 0.370083 99.805566 -6.176812 2.634200 -0.000624 
1553 4.849178 0.000000 0.185042 99.850732 -5.571547 0.671017 -0.000166 
1554 5.044566 0.000000 0.185042 99.842176 -5.701369 0.682327 -0.000143 
1555 4.849178 0.000000 0.370083 99.792218 -6.410662 1.996619 -0.000357 
1556 6.216895 0.000000 -1.110249 99.736466 -7.240048 -0.252849 0.000016 
1557 6.216895 0.000000 -1.480332 99.743762 -7.138667 -0.113788 0.000021 
1558 6.607671 0.000000 -1.110249 99.738237 -7.222668 -0.262090 0.000005 
1559 6.216895 0.000000 0.370083 99.781812 -6.593111 1.366983 -0.000175 
1560 6.607671 0.000000 0.370083 99.780594 -6.620461 1.250514 -0.000156 
1561 6.216895 0.000000 0.740166 99.717733 -7.511179 0.563912 -0.000036 
1562 5.239954 0.000000 0.185042 99.834326 -5.820056 0.699955 -0.000126 
1563 5.435343 0.000000 0.185042 99.827395 -5.920106 0.723155 -0.000108 
1564 5.239954 0.000000 0.370083 99.788176 -6.481694 1.768974 -0.000282 
1565 5.630731 0.000000 0.185042 99.821460 -6.016724 0.750251 -0.000109 
1566 5.826119 0.000000 0.185042 99.816335 -6.093448 0.779436 -0.000104 
1567 5.630731 0.000000 0.370083 99.785263 -6.535496 1.584252 -0.000232 
1568 2.089321 0.000000 -0.208172 100.765683 -2.745989 1.306328 -0.016297 
1569 2.089321 0.000000 -0.231302 100.301212 -2.608315 0.963677 -0.006807 
1570 2.113744 0.000000 -0.208172 100.317922 -3.343734 1.856678 -0.007831 
1571 1.967203 0.000000 -0.508864 99.543096 -10.876648 0.005413 -0.002713 
1572 1.918356 0.000000 -0.508864 99.568545 -9.281450 -0.021791 -0.000004 
1573 1.967203 0.000000 -0.555125 99.554612 -9.028773 0.006491 0.000736 
1574 2.406827 0.000000 -0.462604 99.258935 -10.809798 -8.576149 -0.004274 
1575 2.406827 0.000000 -0.555125 99.361075 -10.051431 -1.073223 0.002519 
1576 2.504521 0.000000 -0.462604 99.433155 -10.184582 -7.408310 -0.004556 
1577 1.869509 0.000000 -0.416343 99.557156 -9.746610 0.001713 -0.000662 
1578 1.820662 0.000000 -0.416343 99.548694 -8.747877 0.015377 0.001353 
1579 1.869509 0.000000 -0.462604 99.574770 -9.028565 0.003869 0.000335 
1580 2.406827 0.000000 0.462604 99.388985 -11.092725 7.813995 -0.006228 
1581 2.504521 0.000000 0.462604 99.525030 -10.458522 6.642154 -0.005873 
1582 2.406827 0.000000 0.555125 99.437426 -10.106244 0.617716 0.000968 
1583 2.406827 0.000000 0.647645 99.611981 -8.629267 0.013273 0.000299 
1584 2.504521 0.000000 0.647645 99.609214 -8.642374 0.099953 0.000330 
1585 2.406827 0.000000 0.740166 99.673728 -8.027582 -0.076586 0.000070 
1586 2.162591 0.000000 0.416343 99.944546 -3.040795 0.367901 0.000171 
1587 2.211438 0.000000 0.416343 99.865346 -3.389512 0.881264 0.001465 
1588 2.162591 0.000000 0.462604 100.298918 -4.058307 6.339999 -0.011654 
1589 2.162591 0.000000 0.508864 99.074337 -13.207021 0.968315 0.000891 
1590 2.211438 0.000000 0.508864 99.101036 -12.859967 1.412449 0.001161 
1591 2.162591 0.000000 0.555125 99.416932 -10.150067 -0.050956 0.001325 
1592 2.089321 0.000000 0.393213 100.087194 -2.611786 -0.621518 -0.002465 
1593 2.113744 0.000000 0.393213 100.042157 -3.257672 -0.540849 -0.001934 
1594 2.089321 0.000000 0.416343 99.998291 -2.737661 -0.447766 -0.000735 
1595 2.089321 0.000000 0.439474 99.940120 -4.825330 -0.344065 -0.001143 
1596 2.113744 0.000000 0.439474 100.067761 -3.767005 0.184729 -0.002778 
1597 2.089321 0.000000 0.462604 100.343281 -2.594425 1.137036 -0.007680 
1598 1.869509 0.000000 0.416343 99.882049 -9.760630 -0.345772 -0.007181 
1599 1.820662 0.000000 0.416343 99.885462 -8.761360 -0.290463 -0.005395 
1600 1.869509 0.000000 0.462604 99.873120 -9.040542 -0.309441 -0.005647 
1601 1.869509 0.000000 0.508864 99.861971 -8.560899 -0.267622 -0.004577 
1602 1.820662 0.000000 0.508864 99.868975 -8.179123 -0.227234 -0.004076 
1603 1.869509 0.000000 0.555125 99.901838 -8.199034 -0.155809 -0.004763 
1604 1.991627 0.000000 0.393213 104.663983 -0.000000 -5.285062 -0.098248 
1605 1.967203 0.000000 0.393213 108.225836 -0.000000 -5.601362 -0.174421 
1606 1.991627 0.000000 0.416343 104.243171 -0.000000 -5.807275 -0.090036 
1607 1.991627 0.000000 0.439474 104.160671 -0.000000 -6.268958 -0.088875 
1608 1.967203 0.000000 0.439474 112.742651 0.000000 -7.229237 -0.276317 
1609 1.991627 0.000000 0.462604 103.839366 -0.000000 -6.666936 -0.082706 
1610 0.941416 0.000000 -0.925208 99.765202 -7.099416 -0.008363 -0.000350 
1611 0.746027 0.000000 -0.925208 99.780352 -7.069871 -0.030958 -0.000610 
1612 0.941416 0.000000 -1.110249 99.781396 -7.063426 -0.012844 -0.000622 
1613 0.550639 0.000000 -0.925208 99.773855 -7.063981 -0.051234 -0.000472 
1614 0.355251 0.000000 -0.925208 99.764483 -7.047288 -0.069080 -0.000262 
1615 0.550639 0.000000 -1.110249 99.775911 -7.041250 -0.033628 -0.000481 
1616 1.429886 0.000000 -0.462604 99.723655 -7.495282 0.089250 -0.000099 
1617 1.332192 0.000000 -0.462604 99.786582 -7.461413 0.054738 -0.001304 
1618 1.429886 0.000000 -0.555125 99.748136 -7.398956 0.038220 -0.000444 
1619 1.234498 0.000000 -0.462604 99.807357 -7.420925 0.024562 -0.001658 
1620 1.136804 0.000000 -0.462604 99.797859 -7.396083 -0.013917 -0.001431 
1621 1.234498 0.000000 -0.555125 99.783477 -7.311981 0.021066 -0.001021 
1622 6.607671 0.000000 2.220498 99.749884 -7.064944 0.009197 0.000005 
1623 7.389224 0.000000 2.220498 99.749988 -7.064031 0.013534 0.000004 
1624 6.607671 0.000000 2.960664 99.752760 -7.025950 0.001176 0.000002 
1625 3.872238 0.000000 1.110249 99.724711 -7.361569 0.035596 0.000079 
1626 4.263014 0.000000 1.110249 99.725607 -7.357858 0.057087 0.000066 
1627 3.872238 0.000000 1.480332 99.741065 -7.183211 -0.004521 0.000012 
1628 1.332192 0.000000 0.925208 99.748373 -7.123377 -0.022715 -0.000048 
1629 1.136804 0.000000 0.925208 99.758962 -7.106482 -0.018683 -0.000235 
1630 1.332192 0.000000 1.110249 99.795071 -7.086439 -0.023799 -0.000927 
1631 1.429886 0.000000 0.462604 99.839628 -7.499053 -0.066981 -0.002419 
1632 1.332192 0.000000 0.462604 99.854888 -7.456074 -0.054346 -0.002659 
1633 1.429886 0.000000 0.555125 99.837081 -7.391701 -0.044010 -0.002208 
1634 1.429886 0.000000 0.647645 99.835066 -7.300883 -0.036649 -0.002034 
1635 1.332192 0.000000 0.647645 99.830845 -7.245156 -0.025854 -0.001869 
1636 1.429886 0.000000 0.740166 99.827994 -7.216210 -0.031517 -0.001770 
1637 1.625274 0.000000 -0.647645 99.708809 -7.396976 0.019654 0.000344 
1638 1.527580 0.000000 -0.647645 99.722912 -7.345000 0.032254 0.000139 
1639 1.625274 0.000000 -0.740166 99.666332 -7.330422 -0.003571 0.001289 
1640 1.771815 0.000000 -0.323823 99.481859 -8.880808 0.010166 0.002449 
1641 1.722968 0.000000 -0.323823 101.620056 -17.817898 0.021036 -0.064411 
1642 1.771815 0.000000 -0.370083 99.500269 -8.565104 0.022716 0.002633 
1643 1.771815 0.000000 0.046260 101.548292 -9.203947 -0.010894 -0.039677 
1644 1.722968 0.000000 0.046260 101.728612 -8.233136 0.248278 -0.041656 
1645 1.771815 0.000000 0.092521 102.098226 -15.464304 -0.026478 -0.066319 
1646 1.771815 0.000000 0.138781 102.090900 -11.536167 0.062481 -0.055564 
1647 1.722968 0.000000 0.138781 102.014442 -9.876057 0.277742 -0.050456 
1648 1.771815 0.000000 0.185042 102.064648 -10.452117 -0.045305 -0.052644 
1649 2.162591 0.000000 -0.323823 99.583230 -3.980431 -0.195254 0.006730 
1650 2.162591 0.000000 -0.370083 99.738665 -2.728137 -0.274402 0.004468 
1651 2.211438 0.000000 -0.323823 99.398596 -4.096144 -0.513300 0.010288 
1652 2.260285 0.000000 -0.323823 99.222517 -4.184983 -1.113445 0.013614 
1653 2.260285 0.000000 -0.370083 99.406643 -3.162537 -1.051891 0.010721 
1654 2.309132 0.000000 -0.323823 99.356112 -4.236365 -1.645455 0.010771 
1655 2.260285 0.000000 0.323823 99.383269 -4.108844 0.210843 0.010604 
1656 2.309132 0.000000 0.323823 99.522378 -4.119502 0.699217 0.007784 
1657 2.260285 0.000000 0.370083 99.500864 -4.667648 0.909792 0.007696 
1658 2.187015 0.000000 0.161911 97.555928 -4.317574 -5.180468 0.043736 
1659 2.211438 0.000000 0.161911 96.135713 -4.137796 -4.098174 0.072401 
1660 2.187015 0.000000 0.185042 98.117595 -3.851783 -3.658186 0.034472 
1661 2.284709 0.000000 -0.161911 95.752818 -3.696227 -3.187463 0.080758 
1662 2.284709 0.000000 -0.185042 96.868411 -3.637060 -2.203122 0.059843 
1663 2.309132 0.000000 -0.161911 97.517924 -3.700565 -4.052796 0.046014 
1664 2.235862 0.000000 0.161911 95.162406 -3.977948 -2.325742 0.092288 
1665 2.260285 0.000000 0.161911 95.099028 -3.859801 -0.193602 0.094124 
1666 2.235862 0.000000 0.185042 96.663925 -3.729388 -1.700393 0.063929 
1667 2.052686 0.000000 0.127216 106.234420 -1.498319 1.140006 -0.128930 
1668 2.052686 0.000000 0.115651 107.315987 -3.346362 5.819767 -0.156179 
1669 2.064897 0.000000 0.127216 106.015268 -3.433078 0.893585 -0.125182 
1670 1.771815 0.000000 0.231302 102.197001 -13.061608 -0.073722 -0.061484 
1671 1.722968 0.000000 0.231302 102.099984 -12.989752 0.280196 -0.059322 
1672 1.771815 0.000000 0.277562 102.278707 -18.056362 0.015689 -0.078697 
1673 1.771815 0.000000 0.323823 100.041052 -8.885323 -0.233918 -0.008722 
1674 1.722968 0.000000 0.323823 102.261113 -17.483263 0.013245 -0.076300 
1675 1.771815 0.000000 0.370083 99.947979 -8.571836 -0.236296 -0.006313 
1676 1.942780 0.000000 0.254432 106.997887 -0.863485 -3.131369 -0.145910 
1677 1.918356 0.000000 0.254432 112.477578 -0.630102 -4.807030 -0.267471 
1678 1.942780 0.000000 0.277562 107.818120 -0.655247 -3.693573 -0.163882 
1679 2.187015 0.000000 0.208172 98.492251 -3.647562 -2.702194 0.027867 
1680 2.211438 0.000000 0.208172 97.919243 -3.647016 -2.127314 0.039400 
1681 2.187015 0.000000 0.231302 98.767760 -3.589378 -2.007866 0.022801 
1682 2.187015 0.000000 0.254432 98.923891 -3.628164 -1.556169 0.019848 
1683 2.211438 0.000000 0.254432 98.623020 -3.671865 -1.197760 0.025858 
1684 2.187015 0.000000 0.277562 99.161118 -3.682083 -1.175076 0.015213 
1685 1.942780 0.000000 0.300692 109.275924 -0.000000 -4.391207 -0.196051 
1686 1.918356 0.000000 0.300692 119.667833 -0.272640 -7.313465 -0.437395 
1687 1.942780 0.000000 0.323823 111.235506 -0.000000 -5.210803 -0.240049 
1688 1.942780 0.000000 0.346953 115.958221 0.000000 -6.709200 -0.349132 
1689 1.918356 0.000000 0.346953 126.035859 0.000000 -9.506507 -0.597541 
1690 1.942780 0.000000 0.370083 117.703220 0.000000 -7.447046 -0.390951 
1691 4.653790 0.000000 1.110249 99.727037 -7.350587 0.077246 0.000048 
1692 5.044566 0.000000 1.110249 99.728261 -7.342019 0.095996 0.000036 
1693 4.653790 0.000000 1.480332 99.739423 -7.181808 0.016353 0.000047 
1694 2.089321 0.000000 -0.254432 100.064623 -2.554648 0.606363 -0.001982 
1695 2.089321 0.000000 -0.277562 99.980917 -2.583707 0.425266 -0.000304 
1696 2.113744 0.000000 -0.254432 99.764571 -3.133276 0.874883 0.003645 
1697 2.089321 0.000000 -0.300692 99.950510 -2.632093 0.253936 0.000290 
1698 2.089321 0.000000 -0.323823 99.996929 -2.138288 0.205408 -0.000400 
1699 2.113744 0.000000 -0.300692 99.735968 -3.177840 0.333461 0.004253 
1700 2.406827 0.000000 -0.647645 99.519875 -8.608859 -0.349453 0.002156 
1701 2.406827 0.000000 -0.740166 99.595599 -8.016528 -0.179270 0.001642 
1702 2.504521 0.000000 -0.647645 99.535706 -8.613159 -0.449717 0.001825 
1703 2.162591 0.000000 -0.416343 99.796841 -3.076728 -0.937684 0.003024 
1704 2.162591 0.000000 -0.462604 100.131968 -4.023393 -6.535409 -0.008531 
1705 2.211438 0.000000 -0.416343 99.724178 -3.440281 -1.449450 0.004115 
1706 1.869509 0.000000 -0.508864 99.596452 -8.552772 0.008457 0.000740 
1707 1.820662 0.000000 -0.508864 99.596449 -8.168254 0.012872 0.001383 
1708 1.869509 0.000000 -0.555125 99.689292 -8.195561 -0.064778 -0.000513 
1709 1.771815 0.000000 -0.416343 99.564530 -8.342599 0.013344 0.001731 
1710 1.722968 0.000000 -0.416343 99.566890 -8.079577 0.040032 0.002115 
1711 1.771815 0.000000 -0.462604 99.592432 -8.114490 0.023252 0.001550 
1712 2.260285 0.000000 0.416343 99.752740 -3.750423 1.437488 0.003326 
1713 2.309132 0.000000 0.416343 99.732234 -4.096980 1.918366 0.003302 
1714 2.260285 0.000000 0.462604 99.698662 -8.003447 4.985279 -0.002873 
1715 2.260285 0.000000 0.508864 99.141922 -12.506960 1.735759 0.001144 
1716 2.309132 0.000000 0.508864 99.187259 -12.188723 1.947321 0.000953 
1717 2.260285 0.000000 0.555125 99.363873 -10.204527 0.268978 0.002262 
1718 1.771815 0.000000 0.416343 99.899333 -8.345708 -0.208837 -0.004957 
1719 1.722968 0.000000 0.416343 99.881109 -8.087524 -0.166236 -0.004167 
1720 1.771815 0.000000 0.462604 99.874271 -8.123937 -0.199833 -0.004091 
1721 1.771815 0.000000 0.508864 99.988580 -7.931492 -0.101408 -0.006064 
1722 1.722968 0.000000 0.508864 99.962107 -7.769050 -0.075828 -0.005279 
1723 1.771815 0.000000 0.555125 99.954049 -7.778809 -0.101866 -0.005133 
1724 1.942780 0.000000 0.393213 120.664832 0.000000 -8.475679 -0.463184 
1725 1.918356 0.000000 0.393213 126.794341 0.000000 -10.101981 -0.617885 
1726 1.942780 0.000000 0.416343 123.952504 0.000000 -9.585164 -0.545610 
1727 1.942780 0.000000 0.439474 122.027514 0.000000 -9.207806 -0.497550 
1728 1.918356 0.000000 0.439474 99.867108 -11.908926 -0.387922 -0.011541 
1729 1.942780 0.000000 0.462604 120.332161 0.000000 -8.932884 -0.455963 
1730 2.357979 0.000000 -0.231302 99.082917 -3.647262 -2.412888 0.016345 
1731 2.357979 0.000000 -0.277562 99.321224 -3.910262 -2.034084 0.011587 
1732 2.406827 0.000000 -0.231302 99.695821 -3.628110 -2.306916 0.004226 
1733 2.357979 0.000000 0.231302 99.294645 -3.644209 1.012235 0.012627 
1734 2.406827 0.000000 0.231302 99.826543 -3.644061 0.897114 0.002058 
1735 2.357979 0.000000 0.277562 99.471979 -3.857398 0.867824 0.008969 
1736 2.357979 0.000000 0.323823 99.485349 -4.138021 1.200413 0.008410 
1737 2.406827 0.000000 0.323823 99.656174 -4.117350 1.468125 0.004954 
1738 2.357979 0.000000 0.370083 99.576280 -4.692493 1.893232 0.005896 
1739 2.138168 0.000000 -0.208172 99.801865 -3.551985 1.984065 0.002303 
1740 2.138168 0.000000 -0.231302 99.517137 -3.431822 1.347366 0.008275 
1741 2.162591 0.000000 -0.208172 99.025701 -3.648826 1.979202 0.017668 
1742 2.235862 0.000000 0.208172 97.562476 -3.637430 -1.360287 0.046648 
1743 2.260285 0.000000 0.208172 97.581745 -3.637184 -0.521840 0.046430 
1744 2.235862 0.000000 0.231302 98.221302 -3.629095 -1.063619 0.033827 
1745 2.235862 0.000000 0.254432 98.594507 -3.707472 -0.793043 0.026475 
1746 2.260285 0.000000 0.254432 98.529739 -3.750654 -0.301768 0.027773 
1747 2.235862 0.000000 0.277562 98.715261 -3.826023 -0.521551 0.024039 
1748 2.138168 0.000000 0.300692 99.773628 -3.563694 -1.081313 0.003135 
1749 2.162591 0.000000 0.300692 99.621464 -3.717254 -0.935729 0.006087 
1750 2.138168 0.000000 0.323823 99.895173 -3.759425 -0.754775 0.000625 
1751 2.187015 0.000000 0.300692 99.438178 -3.763787 -0.810635 0.009723 
1752 2.211438 0.000000 0.300692 99.264152 -3.824309 -0.562510 0.013169 
1753 2.187015 0.000000 0.323823 99.678666 -3.960199 -0.540655 0.004819 
1754 2.138168 0.000000 0.346953 100.004752 -2.548834 -0.745574 -0.000800 
1755 2.162591 0.000000 0.346953 99.827811 -4.128999 -0.382788 0.001721 
1756 2.138168 0.000000 0.370083 99.979808 -2.534966 -0.532352 -0.000267 
1757 2.003839 0.000000 0.196607 104.991729 -0.891272 -1.971270 -0.102794 
1758 1.991627 0.000000 0.196607 105.085962 -1.288912 -1.784724 -0.104791 
1759 2.003839 0.000000 0.208172 104.823246 -0.935077 -2.207156 -0.099366 
1760 2.003839 0.000000 0.219737 104.781576 -0.850849 -2.351907 -0.098543 
1761 1.991627 0.000000 0.219737 105.039735 -0.976683 -2.162960 -0.103898 
1762 2.003839 0.000000 0.231302 104.700365 -0.780272 -2.586152 -0.096946 
1763 2.003839 0.000000 0.242867 104.703378 -0.741073 -2.712955 -0.097071 
1764 1.991627 0.000000 0.242867 105.054326 -0.692109 -2.620739 -0.104376 
1765 2.003839 0.000000 0.254432 104.694610 -0.427026 -3.002136 -0.097016 
1766 2.003839 0.000000 0.265997 104.671210 0.000000 -3.156384 -0.096603 
1767 1.991627 0.000000 0.265997 105.023386 -0.490356 -3.050605 -0.103946 
1768 2.003839 0.000000 0.277562 104.641045 0.000000 -3.379952 -0.096117 
1769 2.357979 0.000000 0.416343 99.763369 -4.542781 2.348087 0.002112 
1770 2.406827 0.000000 0.416343 99.732939 -6.631475 4.037541 -0.000694 
1771 2.357979 0.000000 0.462604 99.331319 -11.553208 8.497068 -0.007239 
1772 2.357979 0.000000 0.508864 99.310298 -11.882793 2.042664 -0.000791 
1773 2.406827 0.000000 0.508864 99.335757 -11.623439 2.163583 -0.000738 
1774 2.357979 0.000000 0.555125 99.445588 -10.122416 0.494909 0.000787 
1775 2.138168 0.000000 0.393213 100.017294 -2.665485 -0.298648 -0.001065 
1776 2.162591 0.000000 0.393213 99.955015 -2.840466 -0.137703 0.000091 
1777 2.138168 0.000000 0.416343 99.983573 -2.835299 0.123198 -0.000477 
1778 2.138168 0.000000 0.439474 100.008520 -4.754818 0.600119 -0.002467 
1779 2.162591 0.000000 0.439474 99.961110 -5.048236 0.937440 -0.001859 
1780 2.138168 0.000000 0.462604 100.527102 -2.088012 6.112320 -0.014742 
1781 0.159863 0.000000 -0.925208 99.734039 -7.040860 -0.068416 0.000354 
1782 -0.035525 0.000000 -0.925208 99.705196 -7.040628 -0.041612 0.000930 
1783 0.159863 0.000000 -1.110249 99.747504 -7.026838 -0.043216 0.000106 
1784 -0.230913 0.000000 -0.925208 99.706428 -7.024274 -0.014132 0.000929 
1785 -0.426301 0.000000 -0.925208 99.726877 -7.007857 -0.006181 0.000544 
1786 -0.230913 0.000000 -1.110249 99.733170 -7.007915 -0.019893 0.000418 
1787 0.941416 0.000000 0.925208 99.787174 -7.085531 -0.009198 -0.000769 
1788 0.746027 0.000000 0.925208 99.802648 -7.078646 0.017966 -0.001068 
1789 0.941416 0.000000 1.110249 99.793263 -7.065117 0.001182 -0.000861 
1790 1.429886 0.000000 -0.647645 99.750720 -7.304224 0.021297 -0.000356 
1791 1.332192 0.000000 -0.647645 99.763738 -7.265146 0.021227 -0.000559 
1792 1.429886 0.000000 -0.740166 99.753083 -7.246078 0.015516 -0.000318 
1793 1.234498 0.000000 0.462604 99.863303 -7.415511 -0.021346 -0.002767 
1794 1.136804 0.000000 0.462604 99.835579 -7.386061 0.001510 -0.002170 
1795 1.234498 0.000000 0.555125 99.841122 -7.287056 -0.019379 -0.002135 
1796 1.234498 0.000000 0.647645 99.822903 -7.199736 -0.025387 -0.001645 
1797 1.136804 0.000000 0.647645 99.821189 -7.186423 -0.014730 -0.001591 
1798 1.234498 0.000000 0.740166 99.817916 -7.154792 -0.021655 -0.001481 
1799 2.284709 0.000000 0.161911 96.228420 -3.774927 1.565214 0.072339 
1800 2.309132 0.000000 0.161911 97.914061 -3.970737 2.494844 0.039085 
1801 2.284709 0.000000 0.185042 97.265476 -3.658013 0.699614 0.052556 
1802 5.435343 0.000000 1.110249 99.729864 -7.331774 0.113157 0.000019 
1803 5.826119 0.000000 1.110249 99.730972 -7.320424 0.129067 0.000013 
1804 5.435343 0.000000 1.480332 99.740860 -7.179018 0.032367 0.000022 
1805 6.216895 0.000000 1.110249 99.732072 -7.308142 0.143538 0.000008 
1806 6.607671 0.000000 1.110249 99.733528 -7.295071 0.156449 -0.000002 
1807 6.216895 0.000000 1.480332 99.742804 -7.172938 0.044727 -0.000008 
1808 2.089321 0.000000 -0.346953 99.885626 -2.263121 0.140604 0.001772 
1809 2.089321 0.000000 -0.370083 99.922240 -2.458613 0.083347 0.000949 
1810 2.113744 0.000000 -0.346953 99.951333 -2.765802 0.142627 0.000206 
1811 2.162591 0.000000 -0.508864 98.902160 -13.202744 -1.430145 0.004200 
1812 2.162591 0.000000 -0.555125 99.274110 -10.124134 -0.321111 0.004205 
1813 2.211438 0.000000 -0.508864 98.940938 -12.869144 -1.911206 0.004142 
1814 2.260285 0.000000 -0.416343 99.618174 -3.800598 -2.009455 0.005774 
1815 2.260285 0.000000 -0.462604 99.565401 -7.848114 -5.370442 -0.000370 
1816 2.309132 0.000000 -0.416343 99.605467 -4.159579 -2.489307 0.005525 
1817 2.089321 0.000000 -0.393213 99.920077 -2.605490 0.008873 0.000919 
1818 2.089321 0.000000 -0.416343 99.845878 -2.742214 -0.105071 0.002327 
1819 2.113744 0.000000 -0.393213 99.890842 -3.245320 -0.074466 0.001128 
1820 1.771815 0.000000 -0.508864 99.690039 -7.938109 -0.040379 -0.000112 
1821 1.722968 0.000000 -0.508864 99.678867 -7.770566 -0.023009 0.000374 
1822 1.771815 0.000000 -0.555125 99.706303 -7.778459 -0.024422 -0.000185 
1823 2.357979 0.000000 -0.323823 99.340321 -4.266499 -2.196883 0.010847 
1824 2.357979 0.000000 -0.370083 99.442640 -4.874935 -2.788505 0.007962 
1825 2.406827 0.000000 -0.323823 99.530891 -4.235529 -2.496270 0.006943 
1826 2.138168 0.000000 -0.254432 99.404228 -3.457583 0.856145 0.010611 
1827 2.138168 0.000000 -0.277562 99.521521 -3.499765 0.448215 0.008302 
1828 2.162591 0.000000 -0.254432 99.053884 -3.632647 0.762664 0.017455 
1829 2.187015 0.000000 -0.208172 98.271792 -3.611262 1.593783 0.032707 
1830 2.187015 0.000000 -0.231302 98.472224 -3.584312 0.925906 0.028952 
1831 2.211438 0.000000 -0.208172 97.657021 -3.603429 0.949334 0.044922 
1832 2.284709 0.000000 0.208172 97.916952 -3.624300 0.263601 0.039907 
1833 2.309132 0.000000 0.208172 98.438331 -3.625229 0.756059 0.029618 
1834 2.284709 0.000000 0.231302 98.332721 -3.656098 0.097604 0.031730 
1835 2.284709 0.000000 0.254432 98.582154 -3.732322 0.109954 0.026762 
1836 2.309132 0.000000 0.254432 98.791346 -3.711190 0.503553 0.022624 
1837 2.284709 0.000000 0.277562 98.831284 -3.823527 0.225142 0.021771 
1838 2.187015 0.000000 0.346953 99.699943 -4.197139 -0.256680 0.004224 
1839 2.211438 0.000000 0.346953 99.611621 -4.252926 -0.034216 0.005944 
1840 2.187015 0.000000 0.370083 99.818522 -2.825125 -0.285857 0.002820 
1841 2.235862 0.000000 -0.208172 97.230817 -3.631169 0.102724 0.053297 
1842 2.235862 0.000000 -0.231302 97.952325 -3.656067 -0.097206 0.039197 
1843 2.260285 0.000000 -0.208172 97.259644 -3.624694 -0.794602 0.052679 
1844 1.979415 0.000000 0.196607 105.204591 -1.248431 -1.672240 -0.107236 
1845 1.967203 0.000000 0.196607 105.399686 -1.045802 -1.554092 -0.111260 
1846 1.979415 0.000000 0.208172 105.202019 -1.039206 -1.960460 -0.107239 
1847 1.979415 0.000000 0.219737 105.159705 -1.231535 -2.054203 -0.106430 
1848 1.967203 0.000000 0.219737 105.386240 -1.100807 -2.074611 -0.111178 
1849 1.979415 0.000000 0.231302 105.253584 -0.970704 -2.398033 -0.108501 
1850 1.979415 0.000000 0.242867 105.349786 -0.899224 -2.505087 -0.110566 
1851 1.967203 0.000000 0.242867 105.657731 -0.990054 -2.500527 -0.117079 
1852 1.979415 0.000000 0.254432 105.427356 -0.700336 -2.862958 -0.112361 
1853 1.979415 0.000000 0.265997 105.440758 -0.453204 -3.008765 -0.112701 
1854 1.967203 0.000000 0.265997 105.904527 -0.701214 -3.004050 -0.122528 
1855 1.979415 0.000000 0.277562 105.565456 -0.000000 -3.305764 -0.115499 
1856 1.954991 0.000000 0.196607 105.386571 -1.409489 -1.434028 -0.111037 
1857 1.942780 0.000000 0.196607 105.452992 -1.558454 -1.474730 -0.112494 
1858 1.954991 0.000000 0.208172 105.598619 -1.215875 -1.907206 -0.115618 
1859 1.954991 0.000000 0.219737 105.659182 -1.082931 -2.067450 -0.116931 
1860 1.942780 0.000000 0.219737 106.024255 -1.373626 -2.171485 -0.124774 
1861 1.954991 0.000000 0.231302 105.889795 -1.099058 -2.424944 -0.121974 
1862 2.357979 0.000000 -0.416343 99.648801 -4.576072 -2.907207 0.004072 
1863 2.357979 0.000000 -0.462604 99.214702 -11.254863 -9.246547 -0.005573 
1864 2.406827 0.000000 -0.416343 99.760364 -2.643673 -4.906330 0.001681 
1865 2.187015 0.000000 0.393213 99.773131 -2.948272 0.039349 0.003663 
1866 2.211438 0.000000 0.393213 99.731497 -3.088087 0.241950 0.004403 
1867 2.187015 0.000000 0.416343 99.919155 -3.187778 0.589880 0.000565 
1868 2.187015 0.000000 0.439474 99.899149 -5.341459 1.254368 -0.000994 
1869 2.211438 0.000000 0.439474 99.822441 -5.689985 1.537579 0.000074 
1870 2.187015 0.000000 0.462604 100.067040 -5.543772 6.122690 -0.008163 
1871 2.138168 0.000000 -0.300692 99.656107 -3.570586 0.224588 0.005586 
1872 2.138168 0.000000 -0.323823 99.768591 -2.516491 0.142361 0.003988 
1873 2.162591 0.000000 -0.300692 99.479957 -3.752664 0.070267 0.008965 
1874 2.235862 0.000000 0.300692 99.122182 -3.876318 -0.336799 0.015965 
1875 2.260285 0.000000 0.300692 99.045657 -3.891385 0.002202 0.017481 
1876 2.235862 0.000000 0.323823 99.436866 -4.097580 -0.065449 0.009552 
1877 2.284709 0.000000 0.300692 99.191495 -3.923969 0.270186 0.014558 
1878 2.309132 0.000000 0.300692 99.313535 -3.927734 0.510662 0.012113 
1879 2.284709 0.000000 0.323823 99.477029 -4.111417 0.462512 0.008720 
1880 2.235862 0.000000 0.346953 99.548302 -4.303441 0.211253 0.007157 
1881 2.260285 0.000000 0.346953 99.504559 -4.328156 0.465940 0.007989 
1882 2.235862 0.000000 0.370083 99.647128 -4.644520 0.598004 0.004852 
1883 1.954991 0.000000 0.242867 105.905489 -1.111948 -2.555628 -0.122374 
1884 1.942780 0.000000 0.242867 106.607944 -0.968475 -2.758435 -0.137380 
1885 1.954991 0.000000 0.254432 106.145736 -0.854965 -2.912588 -0.127613 
1886 1.954991 0.000000 0.265997 106.470064 -0.734747 -3.122353 -0.134616 
1887 1.942780 0.000000 0.265997 107.326779 -0.790942 -3.349215 -0.153088 
1888 1.954991 0.000000 0.277562 106.852976 -0.636623 -3.469873 -0.143000 
1889 2.235862 0.000000 0.393213 99.686505 -3.205879 0.465509 0.005211 
1890 2.260285 0.000000 0.393213 99.659149 -3.317117 0.688230 0.005658 
1891 2.235862 0.000000 0.416343 99.782558 -3.558312 1.175695 0.002940 
1892 2.235862 0.000000 0.439474 99.775356 -5.970495 1.779433 0.000607 
1893 2.260285 0.000000 0.439474 99.736430 -6.246807 1.982859 0.000969 
1894 2.235862 0.000000 0.462604 99.782581 -7.440908 5.321460 -0.004025 
1 11 62 60 61 
2 62 10 24 60 
3 60 24 14 63 
4 61 60 63 6 
5 24 66 64 65 
6 66 23 40 64 
7 64 40 27 67 
8 65 64 67 14 
9 40 70 68 69 
10 69 68 71 27 
11 6 63 92 93 
12 63 14 36 92 
13 92 36 19 94 
14 93 92 94 20 
15 14 67 95 96 
16 67 27 52 95 
17 95 52 35 97 
18 96 95 97 36 
19 27 71 98 99 
20 99 98 100 52 
21 68 112 110 111 
22 112 56 80 110 
23 110 80 43 113 
24 111 110 113 71 
25 80 116 114 115 
26 115 114 117 43 
27 71 113 133 134 
28 113 43 102 133 
29 133 102 76 135 
30 134 133 135 98 
31 43 117 136 137 
32 137 136 138 102 
33 114 141 139 140 
34 141 106 129 139 
35 139 129 83 142 
36 140 139 142 117 
37 129 149 147 148 
38 147 150 132 151 
39 148 147 151 83 
40 117 142 152 153 
41 142 83 144 152 
42 152 144 125 154 
43 153 152 154 136 
44 83 151 155 156 
45 151 132 157 155 
46 156 155 158 144 
47 12 161 159 160 
48 161 7 162 159 
49 159 162 13 25 
50 160 159 25 10 
51 25 165 163 164 
52 165 13 166 163 
53 163 166 26 41 
54 164 163 41 23 
55 41 169 167 168 
56 169 26 170 167 
57 167 170 42 57 
58 168 167 57 39 
59 39 173 171 172 
60 173 57 174 171 
61 81 177 175 176 
62 177 55 178 175 
63 175 178 82 107 
64 176 175 107 79 
65 79 181 179 180 
66 181 107 182 179 
67 179 182 105 130 
68 180 179 130 106 
69 106 185 183 184 
70 185 130 186 183 
71 184 183 149 129 
72 195 197 109 198 
73 150 195 198 132 
74 149 201 199 200 
75 201 128 202 199 
76 199 202 150 203 
77 200 199 203 147 
78 132 198 210 157 
79 198 109 211 210 
80 19 38 213 214 
81 38 21 215 213 
82 213 215 9 216 
83 214 213 216 22 
84 35 54 217 218 
85 54 37 219 217 
86 217 219 21 220 
87 218 217 220 38 
88 51 78 221 222 
89 78 53 223 221 
90 221 223 37 224 
91 222 221 224 54 
92 76 104 225 226 
93 104 75 227 225 
94 225 227 78 228 
95 226 225 228 51 
96 101 127 229 230 
97 127 103 231 229 
98 229 231 75 232 
99 230 229 232 104 
100 125 146 233 234 
101 146 124 235 233 
102 233 235 127 236 
103 234 233 236 101 
104 144 158 237 238 
105 237 239 146 240 
106 238 237 240 125 
107 155 243 241 242 
108 243 157 244 241 
109 241 244 143 245 
110 242 241 245 158 
111 130 247 246 186 
112 247 105 248 246 
113 249 251 195 252 
114 202 249 252 150 
115 186 255 253 254 
116 255 246 256 253 
117 253 256 196 250 
118 254 253 250 128 
119 128 259 257 258 
120 259 250 260 257 
121 257 260 249 261 
122 258 257 261 202 
123 262 263 124 264 
124 239 262 264 146 
125 157 266 265 244 
126 266 210 267 265 
127 143 268 269 270 
128 268 212 271 269 
129 269 271 262 272 
130 270 269 272 239 
131 244 275 273 274 
132 275 265 276 273 
133 273 276 268 277 
134 274 273 277 143 
135 278 280 194 281 
136 197 278 281 109 
137 283 131 284 282 
138 282 284 197 285 
139 251 282 285 195 
140 107 287 286 182 
141 287 82 288 286 
142 286 288 108 192 
143 182 286 192 105 
144 105 290 289 248 
145 290 192 291 289 
146 246 293 292 256 
147 293 248 294 292 
148 292 294 131 283 
149 256 292 283 196 
150 196 297 295 296 
151 297 283 298 295 
152 295 298 282 299 
153 296 295 299 251 
154 109 281 300 211 
155 281 194 301 300 
156 210 304 303 267 
157 304 211 305 303 
158 303 305 145 306 
159 124 209 307 235 
160 209 126 308 307 
161 307 308 103 309 
162 235 307 309 127 
163 310 311 209 312 
164 263 310 312 124 
165 212 306 313 271 
166 306 145 314 313 
167 313 314 263 315 
168 271 313 315 262 
169 267 318 316 317 
170 318 303 319 316 
171 316 319 306 320 
172 317 316 320 212 
173 131 322 321 284 
174 322 279 323 321 
175 321 323 278 324 
176 284 321 324 197 
177 211 326 325 305 
178 326 300 327 325 
179 325 327 302 328 
180 305 325 328 145 
181 192 334 333 291 
182 334 108 335 333 
183 289 339 337 338 
184 339 291 340 337 
185 337 340 191 341 
186 338 337 341 279 
187 345 347 126 348 
188 311 345 348 209 
189 302 351 349 350 
190 351 207 352 349 
191 349 352 311 353 
192 350 349 353 310 
193 354 355 59 356 
194 280 354 356 194 
195 291 358 357 340 
196 358 333 359 357 
197 357 359 336 360 
198 191 360 361 362 
199 360 336 363 361 
200 361 363 354 364 
201 362 361 364 280 
202 340 367 365 366 
203 367 357 368 365 
204 365 368 360 369 
205 366 365 369 191 
206 194 356 370 301 
207 356 59 371 370 
208 373 346 374 372 
209 372 374 345 375 
210 352 372 375 311 
211 301 378 376 377 
212 378 370 379 376 
213 376 379 346 373 
214 377 376 373 207 
215 207 382 380 381 
216 382 373 383 380 
217 380 383 372 384 
218 381 380 384 352 
219 57 386 385 174 
220 386 42 387 385 
221 55 389 388 178 
222 389 89 390 388 
223 388 390 88 188 
224 178 388 188 82 
225 82 392 391 288 
226 392 188 393 391 
227 391 393 187 330 
228 288 391 330 108 
229 108 395 394 335 
230 395 330 396 394 
231 333 399 398 359 
232 399 335 400 398 
233 359 398 401 336 
234 75 123 402 227 
235 402 403 53 404 
236 227 402 404 78 
237 103 206 405 231 
238 206 121 406 405 
239 405 406 123 407 
240 231 405 407 75 
241 126 344 408 308 
242 344 204 409 408 
243 408 409 206 410 
244 308 408 410 103 
245 411 413 344 414 
246 347 411 414 126 
247 346 416 415 374 
248 415 417 347 418 
249 374 415 418 345 
250 419 420 332 421 
251 355 419 421 59 
252 335 423 422 400 
253 423 394 424 422 
254 336 401 426 363 
255 401 193 427 426 
256 426 427 355 428 
257 363 426 428 354 
258 398 431 429 430 
259 431 400 432 429 
260 429 432 193 433 
261 430 429 433 401 
262 59 421 434 371 
263 421 332 435 434 
264 370 437 436 379 
265 437 371 438 436 
266 436 438 208 416 
267 379 436 416 346 
268 439 441 411 442 
269 417 439 442 347 
270 416 445 443 444 
271 445 208 446 443 
272 443 446 417 447 
273 444 443 447 415 
274 88 453 452 189 
275 453 90 454 452 
276 452 454 5 455 
277 189 452 455 91 
278 187 457 456 331 
279 457 189 458 456 
280 456 458 91 459 
281 331 456 459 190 
282 330 461 460 396 
283 461 187 462 460 
284 460 462 331 463 
285 396 460 463 329 
286 394 465 464 424 
287 465 396 466 464 
288 464 466 329 467 
289 424 464 467 397 
290 193 425 468 427 
291 425 397 469 468 
292 468 469 419 470 
293 427 468 470 355 
294 422 473 471 472 
295 473 424 474 471 
296 471 474 397 475 
297 472 471 475 425 
298 371 477 476 438 
299 477 434 478 476 
300 476 478 412 440 
301 438 476 440 208 
302 91 455 482 205 
303 455 5 483 482 
304 482 483 122 484 
305 205 482 484 121 
306 190 459 485 343 
307 459 91 486 485 
308 485 486 205 487 
309 343 485 487 204 
310 342 489 488 413 
311 489 343 490 488 
312 488 490 204 491 
313 413 488 491 344 
314 412 493 492 441 
315 493 342 494 492 
316 492 494 413 495 
317 441 492 495 411 
318 440 498 496 497 
319 498 412 499 496 
320 496 499 441 500 
321 497 496 500 439 
322 454 510 508 509 
323 508 511 504 512 
324 509 508 512 5 
325 5 512 513 514 
326 512 504 515 513 
327 514 513 516 483 
328 7 518 517 162 
329 518 16 519 517 
330 517 519 15 32 
331 162 517 32 13 
332 13 521 520 166 
333 521 32 522 520 
334 520 522 31 48 
335 166 520 48 26 
336 26 524 523 170 
337 524 48 525 523 
338 523 525 47 85 
339 170 523 85 42 
340 42 527 526 387 
341 527 85 528 526 
342 58 531 529 530 
343 90 535 533 534 
344 535 502 536 533 
345 533 536 501 510 
346 534 533 510 454 
347 538 17 539 537 
348 537 539 8 540 
349 501 558 557 511 
350 558 503 559 557 
351 557 559 451 560 
352 511 557 560 504 
353 510 563 561 562 
354 563 501 564 561 
355 561 564 511 565 
356 562 561 565 508 
357 540 8 567 566 
358 566 567 29 568 
359 504 560 581 515 
360 560 451 582 581 
361 581 582 506 583 
362 515 581 583 505 
363 21 46 584 215 
364 46 28 585 584 
365 584 585 30 586 
366 215 584 586 9 
367 37 74 587 219 
368 74 44 588 587 
369 587 588 46 589 
370 219 587 589 21 
371 53 120 590 223 
372 120 72 591 590 
373 590 591 74 592 
374 223 590 592 37 
375 593 594 120 595 
376 403 593 595 53 
377 483 516 600 601 
378 516 505 602 600 
379 600 602 507 603 
380 601 600 603 122 
381 513 606 604 605 
382 606 515 607 604 
383 604 607 505 608 
384 605 604 608 516 
385 503 638 637 559 
386 638 553 614 637 
387 637 614 556 639 
388 559 637 639 451 
389 553 642 640 641 
390 642 615 633 640 
391 640 633 613 643 
392 641 640 643 614 
393 613 636 648 649 
394 636 616 650 648 
395 648 650 87 651 
396 649 648 651 617 
397 633 654 652 653 
398 652 655 636 656 
399 653 652 656 613 
400 660 661 72 662 
401 594 660 662 120 
402 85 677 676 528 
403 677 47 678 676 
404 86 686 685 551 
405 686 545 687 685 
406 685 687 548 688 
407 551 685 688 50 
408 690 551 691 689 
409 689 691 50 692 
410 50 688 702 576 
411 688 548 703 702 
412 702 703 572 704 
413 576 702 704 119 
414 692 50 706 705 
415 705 706 576 707 
416 722 724 612 725 
417 723 722 725 631 
418 697 728 726 727 
419 728 700 729 726 
420 727 726 730 701 
421 631 725 731 732 
422 725 612 733 731 
423 712 743 741 742 
424 741 744 713 745 
425 742 741 745 711 
426 746 747 696 748 
427 724 746 748 612 
428 700 750 749 729 
429 750 718 751 749 
430 701 730 753 754 
431 730 630 755 753 
432 753 755 724 756 
433 754 753 756 722 
434 726 759 757 758 
435 759 729 760 757 
436 757 760 630 761 
437 758 757 761 730 
438 612 748 762 733 
439 748 696 763 762 
440 731 766 764 765 
441 766 733 767 764 
442 764 767 658 743 
443 765 764 743 712 
444 768 770 737 771 
445 744 768 771 713 
446 743 774 772 773 
447 774 658 775 772 
448 772 775 744 776 
449 773 772 776 741 
450 630 752 777 755 
451 752 721 778 777 
452 777 778 746 779 
453 755 777 779 724 
454 729 781 780 760 
455 781 749 782 780 
456 780 782 752 783 
457 760 780 783 630 
458 733 785 784 767 
459 785 762 786 784 
460 784 786 738 769 
461 767 784 769 658 
462 658 788 787 775 
463 788 769 789 787 
464 787 789 768 790 
465 775 787 790 744 
466 792 689 793 791 
467 791 793 692 794 
468 718 800 799 751 
469 800 720 801 799 
470 799 801 693 802 
471 751 799 802 721 
472 749 804 803 782 
473 804 751 805 803 
474 803 805 721 806 
475 782 803 806 752 
476 794 692 808 807 
477 807 808 705 809 
478 738 815 814 770 
479 815 708 816 814 
480 814 816 739 817 
481 770 814 817 737 
482 769 819 818 789 
483 819 738 820 818 
484 818 820 770 821 
485 789 818 821 768 
486 822 823 552 824 
487 747 822 824 696 
488 721 802 825 778 
489 802 693 826 825 
490 825 826 747 827 
491 778 825 827 746 
492 696 824 828 763 
493 824 552 829 828 
494 762 831 830 786 
495 831 763 832 830 
496 830 832 708 815 
497 786 830 815 738 
498 833 835 822 836 
499 826 833 836 747 
500 720 838 837 801 
501 838 795 839 837 
502 837 839 798 834 
503 801 837 834 693 
504 693 842 840 841 
505 842 834 843 840 
506 840 843 833 844 
507 841 840 844 826 
508 763 846 845 832 
509 846 828 847 845 
510 708 848 849 816 
511 848 811 850 849 
512 849 850 810 851 
513 816 849 851 739 
514 832 854 852 853 
515 854 845 855 852 
516 852 855 848 856 
517 853 852 856 708 
518 695 858 857 823 
519 858 791 859 857 
520 857 859 794 860 
521 823 857 860 552 
522 798 862 861 835 
523 862 695 863 861 
524 861 863 823 864 
525 835 861 864 822 
526 834 866 865 843 
527 866 798 867 865 
528 865 867 835 868 
529 843 865 868 833 
530 552 860 869 829 
531 860 794 870 869 
532 869 870 807 871 
533 829 869 871 709 
534 828 873 872 847 
535 873 829 874 872 
536 872 874 709 875 
537 847 872 875 811 
538 845 877 876 855 
539 877 847 878 876 
540 876 878 811 879 
541 855 876 879 848 
542 657 882 880 881 
543 882 712 742 880 
544 644 891 889 890 
545 891 646 672 889 
546 889 672 579 892 
547 890 889 892 647 
548 87 895 893 894 
549 895 631 732 893 
550 646 898 896 897 
551 898 673 899 896 
552 897 896 900 672 
553 673 910 909 899 
554 910 657 881 909 
555 674 920 918 919 
556 920 883 921 918 
557 918 921 905 922 
558 919 918 922 906 
559 909 925 923 924 
560 925 881 926 923 
561 923 926 674 927 
562 924 923 927 911 
563 672 900 928 929 
564 929 928 930 579 
565 933 911 934 931 
566 931 934 915 935 
567 932 931 935 916 
568 711 745 936 907 
569 745 713 937 936 
570 936 937 625 938 
571 907 936 938 714 
572 905 945 943 944 
573 945 907 946 943 
574 943 946 714 947 
575 944 943 947 908 
576 900 950 948 949 
577 950 671 932 948 
578 948 932 916 951 
579 949 948 951 928 
580 899 954 952 953 
581 954 909 924 952 
582 952 924 911 933 
583 953 952 933 671 
584 671 957 955 956 
585 957 933 958 955 
586 955 958 931 959 
587 956 955 959 932 
588 714 938 963 941 
589 938 625 964 963 
590 963 964 903 965 
591 941 963 965 901 
592 908 947 966 967 
593 947 714 968 966 
594 966 968 941 969 
595 967 966 969 939 
596 939 969 982 983 
597 969 941 984 982 
598 982 984 901 985 
599 983 982 985 942 
600 901 965 986 980 
601 965 903 987 986 
602 986 987 669 988 
603 980 986 988 904 
604 942 985 989 990 
605 985 901 991 989 
606 989 991 980 992 
607 990 989 992 978 
608 667 981 996 997 
609 981 904 998 996 
610 996 998 974 999 
611 997 996 999 975 
612 978 992 1000 1001 
613 992 980 1002 1000 
614 1000 1002 904 1003 
615 1001 1000 1003 981 
616 555 1005 1004 635 
617 1005 629 698 1004 
618 1004 698 628 1006 
619 635 1004 1006 616 
620 632 1008 1007 655 
621 1008 635 1009 1007 
622 1007 1009 616 1010 
623 655 1007 1010 636 
624 621 1013 1011 1012 
625 1013 624 1014 1011 
626 615 1017 1015 1016 
627 1017 634 1018 1015 
628 1016 1015 654 633 
629 654 1021 1019 1020 
630 1021 632 1022 1019 
631 1019 1022 655 1023 
632 1020 1019 1023 652 
633 634 1025 1024 1018 
634 1025 555 1026 1024 
635 1024 1026 635 1008 
636 1018 1024 1008 632 
637 1015 1029 1027 1028 
638 1029 1018 1030 1027 
639 1027 1030 632 1021 
640 1028 1027 1021 654 
641 624 1032 1031 1014 
642 1032 682 1033 1031 
643 1031 1033 629 1005 
644 1014 1031 1005 555 
645 1011 1036 1034 1035 
646 1036 1014 1037 1034 
647 1034 1037 555 1025 
648 1035 1034 1025 634 
649 545 1043 1042 687 
650 1043 547 1044 1042 
651 687 1042 1045 548 
652 547 1050 1049 1044 
653 1050 1038 1051 1049 
654 548 1045 1053 703 
655 1053 1054 573 1055 
656 703 1053 1055 572 
657 1042 1058 1056 1057 
658 1058 1044 1059 1056 
659 1056 1059 34 1060 
660 1057 1056 1060 1045 
661 1061 1062 1046 1063 
662 1054 1061 1063 573 
663 1044 1065 1064 1059 
664 1065 1049 1066 1064 
665 1059 1064 1067 34 
666 33 1069 1068 543 
667 1069 537 1070 1068 
668 1068 1070 540 1071 
669 543 1068 1071 18 
670 1073 543 1074 1072 
671 1072 1074 18 1075 
672 1038 1077 1076 1051 
673 1077 1040 1078 1076 
674 1049 1081 1080 1066 
675 1081 1051 1082 1080 
676 1080 1082 1041 1083 
677 1066 1080 1083 1052 
678 34 1067 1084 1085 
679 1067 1052 1086 1084 
680 1084 1086 1061 1087 
681 1085 1084 1087 1054 
682 1064 1090 1088 1089 
683 1090 1066 1091 1088 
684 1088 1091 1052 1092 
685 1089 1088 1092 1067 
686 18 1071 1093 570 
687 1071 540 1094 1093 
688 1093 1094 566 1095 
689 570 1093 1095 45 
690 1075 18 1097 1096 
691 1096 1097 570 1098 
692 1099 1100 1047 1101 
693 1062 1099 1101 1046 
694 1051 1103 1102 1082 
695 1103 1076 1104 1102 
696 1102 1104 1079 1105 
697 1082 1102 1105 1041 
698 1040 1107 1106 1078 
699 1107 1072 1108 1106 
700 1106 1108 1075 1109 
701 1078 1106 1109 544 
702 1076 1111 1110 1104 
703 1111 1078 1112 1110 
704 1110 1112 544 1113 
705 1104 1110 1113 1079 
706 629 1119 1117 1118 
707 1119 699 1120 1117 
708 1117 1120 697 1121 
709 1118 1117 1121 698 
710 1033 1124 1122 1123 
711 1124 1114 1125 1122 
712 1122 1125 699 1119 
713 1123 1122 1119 629 
714 682 1136 1134 1135 
715 1136 1115 1137 1134 
716 1134 1137 1114 1124 
717 1135 1134 1124 1033 
718 450 1140 1138 1139 
719 1140 683 1131 1138 
720 1138 1131 682 1032 
721 1139 1138 1032 624 
722 1131 1143 1141 1142 
723 1143 1130 1144 1141 
724 1141 1144 1115 1136 
725 1142 1141 1136 682 
726 1146 86 1147 1145 
727 1145 1147 551 690 
728 1149 681 1150 1148 
729 1153 1129 1154 1151 
730 683 1157 1155 1156 
731 1157 1132 1158 1155 
732 1155 1158 1130 1143 
733 1156 1155 1143 1131 
734 1127 1164 1162 1163 
735 1164 1126 1152 1162 
736 1162 1152 683 1140 
737 1163 1162 1140 450 
738 1152 1167 1165 1166 
739 1167 1151 1168 1165 
740 1165 1168 1132 1157 
741 1166 1165 1157 683 
742 528 1171 1169 1170 
743 1171 676 1172 1169 
744 1169 1172 550 680 
745 1170 1169 680 84 
746 84 1175 1173 1174 
747 1175 680 1176 1173 
748 1173 1176 679 1128 
749 1174 1173 1128 620 
750 1128 1179 1177 1178 
751 1179 679 1180 1177 
752 1177 1180 1129 1153 
753 1178 1177 1153 1126 
754 1126 1183 1181 1182 
755 1183 1153 1184 1181 
756 1181 1184 1151 1167 
757 1182 1181 1167 1152 
758 707 576 1186 1185 
759 1185 1186 119 1187 
760 975 999 1195 1196 
761 999 974 1197 1195 
762 1195 1197 977 1198 
763 1196 1195 1198 670 
764 670 1198 1205 1206 
765 1198 977 1207 1205 
766 1205 1207 1191 1208 
767 1206 1205 1208 1192 
768 118 666 1209 1210 
769 666 577 1211 1209 
770 1209 1211 660 1212 
771 1210 1209 1212 594 
772 664 973 1213 1214 
773 973 663 1215 1213 
774 1213 1215 666 1216 
775 1214 1213 1216 118 
776 970 1194 1217 1218 
777 1194 972 1219 1217 
778 1217 1219 663 1220 
779 1218 1217 1220 973 
780 1192 1208 1221 1222 
781 1208 1191 1223 1221 
782 1221 1223 1194 1224 
783 1222 1221 1224 970 
784 1 1227 1225 1226 
785 1227 12 160 1225 
786 1225 160 10 62 
787 1226 1225 62 11 
788 16 1229 1228 519 
789 1229 2 1230 1228 
790 1228 1230 17 538 
791 519 1228 538 15 
792 20 94 1231 1232 
793 94 19 214 1231 
794 1231 214 22 1233 
795 1232 1231 1233 4 
796 10 1236 1234 1235 
797 1236 25 164 1234 
798 1234 164 23 66 
799 1235 1234 66 24 
800 28 568 1237 585 
801 568 29 1238 1237 
802 1237 1238 3 1239 
803 585 1237 1239 30 
804 32 1241 1240 522 
805 1241 15 1242 1240 
806 1240 1242 33 542 
807 522 1240 542 31 
808 36 97 1243 1244 
809 97 35 218 1243 
810 1243 218 38 1245 
811 1244 1243 1245 19 
812 23 1248 1246 1247 
813 1248 41 168 1246 
814 1246 168 39 70 
815 1247 1246 70 40 
816 44 571 1249 588 
817 571 45 1250 1249 
818 1249 1250 28 1251 
819 588 1249 1251 46 
820 48 1253 1252 525 
821 1253 31 1254 1252 
822 1252 1254 49 546 
823 525 1252 546 47 
824 52 100 1255 1256 
825 100 51 222 1255 
826 1255 222 54 1257 
827 1256 1255 1257 35 
828 70 1260 1258 1259 
829 1260 39 172 1258 
830 1258 172 56 112 
831 1259 1258 112 68 
832 72 574 1261 591 
833 574 73 1262 1261 
834 1261 1262 44 1263 
835 591 1261 1263 74 
836 56 1266 1264 1265 
837 1266 81 176 1264 
838 1264 176 79 116 
839 1265 1264 116 80 
840 89 1268 1267 390 
841 1268 58 530 1267 
842 1267 530 90 453 
843 390 1267 453 88 
844 98 135 1269 1270 
845 135 76 226 1269 
846 1269 226 51 1271 
847 1270 1269 1271 100 
848 102 138 1272 1273 
849 138 101 230 1272 
850 1272 230 104 1274 
851 1273 1272 1274 76 
852 116 1277 1275 1276 
853 1277 79 180 1275 
854 1275 180 106 141 
855 1276 1275 141 114 
856 121 484 1278 406 
857 484 122 597 1278 
858 1278 597 77 1279 
859 406 1278 1279 123 
860 136 154 1280 1281 
861 154 125 234 1280 
862 1280 234 101 1282 
863 1281 1280 1282 138 
864 183 1285 1283 1284 
865 1285 186 254 1283 
866 1283 254 128 201 
867 1284 1283 201 149 
868 188 1287 1286 393 
869 1287 88 1288 1286 
870 1286 1288 189 457 
871 393 1286 457 187 
872 204 487 1289 409 
873 487 205 1290 1289 
874 1289 1290 121 1291 
875 409 1289 1291 206 
876 158 245 1292 1293 
877 245 143 270 1292 
878 1292 270 239 1294 
879 1293 1292 1294 237 
880 250 1296 1295 260 
881 1296 196 296 1295 
882 1295 296 251 1297 
883 260 1295 1297 249 
884 265 1299 1298 276 
885 1299 267 317 1298 
886 1298 317 212 1300 
887 276 1298 1300 268 
888 279 341 1301 323 
889 341 191 362 1301 
890 1301 362 280 1302 
891 323 1301 1302 278 
892 248 1304 1303 294 
893 1304 289 338 1303 
894 1303 338 279 322 
895 294 1303 322 131 
896 300 1306 1305 327 
897 1306 301 377 1305 
898 1305 377 207 351 
899 327 1305 351 302 
900 145 328 1307 314 
901 328 302 350 1307 
902 1307 350 310 1308 
903 314 1307 1308 263 
904 329 463 1309 420 
905 463 331 1310 1309 
906 1309 1310 190 1311 
907 420 1309 1311 332 
908 332 1311 1312 435 
909 1311 190 1313 1312 
910 1312 1313 343 489 
911 435 1312 489 342 
912 397 467 1314 469 
913 467 329 1315 1314 
914 1314 1315 420 1316 
915 469 1314 1316 419 
916 400 1318 1317 432 
917 1318 422 472 1317 
918 1317 472 425 1319 
919 432 1317 1319 193 
920 434 1321 1320 478 
921 1321 435 1322 1320 
922 1320 1322 342 493 
923 478 1320 493 412 
924 208 1324 1323 446 
925 1324 440 497 1323 
926 1323 497 439 1325 
927 446 1323 1325 417 
928 502 1327 1326 536 
929 1327 448 1328 1326 
930 1326 1328 503 558 
931 536 1326 558 501 
932 505 583 1329 602 
933 583 506 1330 1329 
934 1329 1330 479 1331 
935 602 1329 1331 507 
936 526 1334 1332 1333 
937 1334 528 1170 1332 
938 1332 1170 84 619 
939 1333 1332 619 449 
940 387 1337 1335 1336 
941 1337 526 1333 1335 
942 1335 1333 449 531 
943 1336 1335 531 58 
944 15 1339 1338 1242 
945 1339 538 1340 1338 
946 1338 1340 537 1069 
947 1242 1338 1069 33 
948 31 1342 1341 1254 
949 1342 542 1343 1341 
950 1341 1343 541 1039 
951 1254 1341 1039 49 
952 542 1345 1344 1343 
953 1345 33 1346 1344 
954 1344 1346 543 1073 
955 1343 1344 1073 541 
956 47 1348 1347 678 
957 1348 546 1349 1347 
958 1347 1349 545 686 
959 678 1347 686 86 
960 546 1351 1350 1349 
961 1351 49 1352 1350 
962 1350 1352 547 1043 
963 1349 1350 1043 545 
964 448 1354 1353 1328 
965 1354 554 622 1353 
966 1353 622 553 638 
967 1328 1353 638 503 
968 45 1095 1355 1250 
969 1095 566 1356 1355 
970 1355 1356 568 1357 
971 1250 1355 1357 28 
972 73 1048 1358 1262 
973 1048 569 1359 1358 
974 1358 1359 571 1360 
975 1262 1358 1360 44 
976 119 704 1361 661 
977 704 572 1362 1361 
978 1361 1362 574 1363 
979 661 1361 1363 72 
980 451 639 1364 582 
981 639 556 645 1364 
982 1364 645 578 1365 
983 582 1364 1365 506 
984 506 1365 1366 1330 
985 1365 578 887 1366 
986 1366 887 580 1367 
987 1330 1366 1367 479 
988 481 885 1368 1369 
989 885 118 1210 1368 
990 1368 1210 594 1370 
991 1369 1368 1370 593 
992 614 643 1371 1372 
993 643 613 649 1371 
994 1371 649 617 1373 
995 1372 1371 1373 556 
996 619 1376 1374 1375 
997 1376 84 1174 1374 
998 1374 1174 620 1161 
999 1375 1374 1161 618 
1000 532 1379 1377 1378 
1001 1379 618 1160 1377 
1002 1377 1160 554 1354 
1003 1378 1377 1354 448 
1004 623 1382 1380 1381 
1005 1382 450 1139 1380 
1006 1380 1139 624 1013 
1007 1381 1380 1013 621 
1008 622 1385 1383 1384 
1009 1385 621 1012 1383 
1010 1383 1012 615 642 
1011 1384 1383 642 553 
1012 616 1006 1386 650 
1013 1006 628 723 1386 
1014 1386 723 631 895 
1015 650 1386 895 87 
1016 617 651 1387 1388 
1017 651 87 894 1387 
1018 1387 894 646 891 
1019 1388 1387 891 644 
1020 577 1187 1389 1211 
1021 1187 119 1390 1389 
1022 1389 1390 661 1391 
1023 1211 1389 1391 660 
1024 663 1190 1392 1215 
1025 1190 665 1393 1392 
1026 1392 1393 577 1394 
1027 1215 1392 1394 666 
1028 676 1396 1395 1172 
1029 1396 678 1397 1395 
1030 1395 1397 86 1146 
1031 1172 1395 1146 550 
1032 680 1399 1398 1176 
1033 1399 550 1400 1398 
1034 1398 1400 681 1149 
1035 1176 1398 1149 679 
1036 1402 690 1403 1401 
1037 1401 1403 689 792 
1038 699 1405 1404 1120 
1039 1405 609 1406 1404 
1040 1404 1406 700 728 
1041 1120 1404 728 697 
1042 698 1121 1407 1408 
1043 1121 697 727 1407 
1044 1407 727 701 1409 
1045 1408 1407 1409 628 
1046 809 705 1411 1410 
1047 1410 1411 707 1412 
1048 1414 715 1415 1413 
1049 609 1417 1416 1406 
1050 1417 719 1418 1416 
1051 1416 1418 718 750 
1052 1406 1416 750 700 
1053 719 1420 1419 1418 
1054 1420 694 1421 1419 
1055 1419 1421 720 800 
1056 1418 1419 800 718 
1057 628 1409 1422 1423 
1058 1409 701 754 1422 
1059 1422 754 722 1424 
1060 1423 1422 1424 723 
1061 732 1427 1425 1426 
1062 1427 731 765 1425 
1063 1425 765 712 882 
1064 1426 1425 882 657 
1065 713 771 1434 937 
1066 771 737 1435 1434 
1067 1434 1435 740 1436 
1068 937 1434 1436 625 
1069 611 1438 1437 797 
1070 1438 792 1439 1437 
1071 1437 1439 791 858 
1072 797 1437 858 695 
1073 715 1441 1440 1415 
1074 1441 717 1442 1440 
1075 1440 1442 611 796 
1076 694 1444 1443 1421 
1077 1444 796 1445 1443 
1078 1443 1445 795 838 
1079 1421 1443 838 720 
1080 795 1447 1446 839 
1081 1447 797 1448 1446 
1082 1446 1448 695 862 
1083 839 1446 862 798 
1084 709 871 1449 812 
1085 871 807 1450 1449 
1086 1449 1450 809 1451 
1087 812 1449 1451 626 
1088 811 875 1452 850 
1089 875 709 1453 1452 
1090 1452 1453 812 1454 
1091 850 1452 1454 810 
1092 881 1456 1455 926 
1093 1456 880 1457 1455 
1094 1455 1457 883 920 
1095 926 1455 920 674 
1096 479 1367 1458 1459 
1097 1367 580 1200 1458 
1098 1458 1200 884 1460 
1099 1459 1458 1460 598 
1100 884 1201 1461 1462 
1101 1201 664 1214 1461 
1102 1461 1214 118 1463 
1103 1462 1461 1463 885 
1104 598 1460 1464 1465 
1105 1460 884 1462 1464 
1106 1464 1462 885 1466 
1107 1465 1464 1466 481 
1108 647 892 1467 1468 
1109 892 579 913 1467 
1110 1467 913 668 1469 
1111 1468 1467 1469 886 
1112 886 1469 1470 1471 
1113 1469 668 994 1470 
1114 1470 994 480 1472 
1115 1471 1470 1472 888 
1116 893 1475 1473 1474 
1117 1475 732 1426 1473 
1118 1473 1426 657 910 
1119 1474 1473 910 673 
1120 894 1478 1476 1477 
1121 1478 893 1474 1476 
1122 1476 1474 673 898 
1123 1477 1476 898 646 
1124 896 1481 1479 1480 
1125 1481 899 953 1479 
1126 1479 953 671 950 
1127 1480 1479 950 900 
1128 883 1483 1482 921 
1129 1483 711 1484 1482 
1130 1482 1484 907 945 
1131 921 1482 945 905 
1132 906 922 1485 1486 
1133 922 905 944 1485 
1134 1485 944 908 1487 
1135 1486 1485 1487 659 
1136 911 927 1494 934 
1137 927 674 919 1494 
1138 1494 919 906 1495 
1139 934 1494 1495 915 
1140 915 1495 1496 1497 
1141 1495 906 1486 1496 
1142 1496 1486 659 1498 
1143 1497 1496 1498 917 
1144 916 935 1499 1500 
1145 935 915 1497 1499 
1146 1499 1497 917 1501 
1147 1500 1499 1501 675 
1148 579 930 1502 1503 
1149 1503 1502 1504 913 
1150 928 951 1505 1506 
1151 951 916 1500 1505 
1152 1505 1500 675 1507 
1153 1506 1505 1507 930 
1154 659 1487 1508 1509 
1155 1487 908 967 1508 
1156 1508 967 939 1510 
1157 1509 1508 1510 940 
1158 940 1510 1511 1512 
1159 1510 939 983 1511 
1160 1511 983 942 1513 
1161 1512 1511 1513 902 
1162 625 1436 1514 964 
1163 1436 740 1515 1514 
1164 1514 1515 960 1516 
1165 964 1514 1516 903 
1166 903 1516 1517 987 
1167 1516 960 1518 1517 
1168 1517 1518 962 1519 
1169 987 1517 1519 669 
1170 971 1204 1520 1521 
1171 1204 970 1218 1520 
1172 1520 1218 973 1522 
1173 1521 1520 1522 664 
1174 904 988 1523 998 
1175 988 669 1524 1523 
1176 1523 1524 976 1525 
1177 998 1523 1525 974 
1178 974 1525 1526 1197 
1179 1525 976 1527 1526 
1180 1526 1527 627 1528 
1181 1197 1526 1528 977 
1182 902 1513 1529 1530 
1183 1513 942 990 1529 
1184 1529 990 978 1531 
1185 1530 1529 1531 979 
1186 979 1531 1532 1533 
1187 1531 978 1001 1532 
1188 1532 1001 981 1534 
1189 1533 1532 1534 667 
1190 914 1493 1535 1536 
1191 1493 667 997 1535 
1192 1535 997 975 1537 
1193 1536 1535 1537 993 
1194 993 1537 1538 1539 
1195 1537 975 1196 1538 
1196 1538 1196 670 1540 
1197 1539 1538 1540 995 
1198 1012 1543 1541 1542 
1199 1543 1011 1035 1541 
1200 1541 1035 634 1017 
1201 1542 1541 1017 615 
1202 49 1545 1544 1352 
1203 1545 1039 1546 1544 
1204 1544 1546 1038 1050 
1205 1352 1544 1050 547 
1206 1039 1548 1547 1546 
1207 1548 541 1549 1547 
1208 1547 1549 1040 1077 
1209 1546 1547 1077 1038 
1210 1045 1060 1550 1551 
1211 1060 34 1085 1550 
1212 1550 1085 1054 1552 
1213 1551 1550 1552 1053 
1214 1052 1083 1553 1086 
1215 1083 1041 1554 1553 
1216 1553 1554 1062 1555 
1217 1086 1553 1555 1061 
1218 541 1557 1556 1549 
1219 1557 1073 1558 1556 
1220 1556 1558 1072 1107 
1221 1549 1556 1107 1040 
1222 544 1109 1559 1100 
1223 1109 1075 1560 1559 
1224 1559 1560 1096 1561 
1225 1100 1559 1561 1047 
1226 1041 1105 1562 1554 
1227 1105 1079 1563 1562 
1228 1562 1563 1099 1564 
1229 1554 1562 1564 1062 
1230 1079 1113 1565 1563 
1231 1113 544 1566 1565 
1232 1565 1566 1100 1567 
1233 1563 1565 1567 1099 
1234 1114 1569 1568 1125 
1235 1569 1116 1570 1568 
1236 1568 1570 609 1405 
1237 1125 1568 1405 699 
1238 620 1573 1571 1572 
1239 1573 1128 1178 1571 
1240 1571 1178 1126 1164 
1241 1572 1571 1164 1127 
1242 681 1575 1574 1150 
1243 1575 1145 1576 1574 
1244 1574 1576 690 1402 
1245 1159 1579 1577 1578 
1246 1579 1127 1163 1577 
1247 1577 1163 450 1382 
1248 1578 1577 1382 623 
1249 1412 707 1581 1580 
1250 1580 1581 1185 1582 
1251 665 1582 1583 1393 
1252 1582 1185 1584 1583 
1253 1583 1584 1187 1585 
1254 1393 1583 1585 577 
1255 972 1588 1589 1219 
1256 1588 1188 1590 1589 
1257 1589 1590 1190 1591 
1258 1219 1589 1591 663 
1259 977 1528 1592 1207 
1260 1528 627 1593 1592 
1261 1592 1593 1193 1594 
1262 1207 1592 1594 1191 
1263 1191 1594 1595 1223 
1264 1594 1193 1596 1595 
1265 1595 1596 972 1597 
1266 1223 1595 1597 1194 
1267 888 1472 1598 1599 
1268 1472 480 1203 1598 
1269 1598 1203 971 1600 
1270 1599 1598 1600 1199 
1271 1199 1600 1601 1602 
1272 1600 971 1521 1601 
1273 1601 1521 664 1603 
1274 1602 1601 1603 1201 
1275 995 1540 1604 1605 
1276 1540 670 1206 1604 
1277 1604 1206 1192 1606 
1278 1605 1604 1606 1202 
1279 1202 1606 1607 1608 
1280 1606 1192 1222 1607 
1281 1607 1222 970 1609 
1282 1608 1607 1609 1204 
1283 385 1612 1610 1611 
1284 1612 387 1336 1610 
1285 1610 1336 58 1268 
1286 1611 1610 1268 89 
1287 174 1615 1613 1614 
1288 1615 385 1611 1613 
1289 1613 1611 89 389 
1290 1614 1613 389 55 
1291 529 1618 1616 1617 
1292 1618 532 1378 1616 
1293 1616 1378 448 1327 
1294 1617 1616 1327 502 
1295 530 1621 1619 1620 
1296 1621 529 1617 1619 
1297 1619 1617 502 535 
1298 1620 1619 535 90 
1299 569 1098 1622 1359 
1300 1098 570 1623 1622 
1301 1622 1623 45 1624 
1302 1359 1622 1624 571 
1303 572 1055 1625 1362 
1304 1055 573 1626 1625 
1305 1625 1626 73 1627 
1306 1362 1625 1627 574 
1307 77 599 1628 1629 
1308 599 481 1369 1628 
1309 1628 1369 593 1630 
1310 1629 1628 1630 403 
1311 507 1331 1631 1632 
1312 1331 479 1459 1631 
1313 1631 1459 598 1633 
1314 1632 1631 1633 596 
1315 596 1633 1634 1635 
1316 1633 598 1465 1634 
1317 1634 1465 481 1636 
1318 1635 1634 1636 599 
1319 449 1639 1637 1638 
1320 1639 619 1375 1637 
1321 1637 1375 618 1379 
1322 1638 1637 1379 532 
1323 554 1642 1640 1641 
1324 1642 623 1381 1640 
1325 1640 1381 621 1385 
1326 1641 1640 1385 622 
1327 556 1373 1643 1644 
1328 1373 617 1388 1643 
1329 1643 1388 644 1645 
1330 1644 1643 1645 645 
1331 645 1645 1646 1647 
1332 1645 644 890 1646 
1333 1646 890 647 1648 
1334 1647 1646 1648 578 
1335 610 1650 1649 1133 
1336 1650 716 1651 1649 
1337 1649 1651 715 1414 
1338 716 1653 1652 1651 
1339 1653 549 1654 1652 
1340 1652 1654 717 1441 
1341 1651 1652 1441 715 
1342 1655 1656 575 1657 
1343 737 817 1658 1435 
1344 817 739 1659 1658 
1345 1658 1659 710 1660 
1346 1435 1658 1660 740 
1347 796 1662 1661 1445 
1348 1662 611 1663 1661 
1349 1661 1663 797 1447 
1350 1445 1661 1447 795 
1351 739 851 1664 1659 
1352 851 810 1665 1664 
1353 1664 1665 813 1666 
1354 1659 1664 1666 710 
1355 880 1668 1667 1457 
1356 1668 742 1669 1667 
1357 1667 1669 711 1483 
1358 1457 1667 1483 883 
1359 578 1648 1670 1671 
1360 1648 647 1468 1670 
1361 1670 1468 886 1672 
1362 1671 1670 1672 887 
1363 887 1672 1673 1674 
1364 1672 886 1471 1673 
1365 1673 1471 888 1675 
1366 1674 1673 1675 580 
1367 913 1504 1676 1677 
1368 1677 1676 1678 668 
1369 740 1660 1679 1515 
1370 1660 710 1680 1679 
1371 1679 1680 961 1681 
1372 1515 1679 1681 960 
1373 960 1681 1682 1518 
1374 1681 961 1683 1682 
1375 1682 1683 734 1684 
1376 1518 1682 1684 962 
1377 668 1678 1685 1686 
1378 1678 914 1536 1685 
1379 1685 1536 993 1687 
1380 1686 1685 1687 994 
1381 994 1687 1688 1689 
1382 1687 993 1539 1688 
1383 1688 1539 995 1690 
1384 1689 1688 1690 480 
1385 573 1063 1691 1626 
1386 1063 1046 1692 1691 
1387 1691 1692 1048 1693 
1388 1626 1691 1693 73 
1389 1115 1695 1694 1137 
1390 1695 684 1696 1694 
1391 1694 1696 1116 1569 
1392 1137 1694 1569 1114 
1393 1130 1698 1697 1144 
1394 1698 1133 1699 1697 
1395 1697 1699 684 1695 
1396 1144 1697 1695 1115 
1397 550 1701 1700 1400 
1398 1701 1146 1702 1700 
1399 1700 1702 1145 1575 
1400 1400 1700 1575 681 
1401 1129 1704 1703 1154 
1402 1704 1148 1705 1703 
1403 1703 1705 716 1650 
1404 1154 1703 1650 610 
1405 1161 1708 1706 1707 
1406 1708 620 1572 1706 
1407 1706 1572 1127 1579 
1408 1707 1706 1579 1159 
1409 1160 1711 1709 1710 
1410 1711 1159 1578 1709 
1411 1709 1578 623 1642 
1412 1710 1709 1642 554 
1413 1657 575 1713 1712 
1414 1712 1713 1189 1714 
1415 1188 1714 1715 1590 
1416 1714 1189 1716 1715 
1417 1715 1716 665 1717 
1418 1590 1715 1717 1190 
1419 580 1675 1718 1719 
1420 1675 888 1599 1718 
1421 1718 1599 1199 1720 
1422 1719 1718 1720 1200 
1423 1200 1720 1721 1722 
1424 1720 1199 1602 1721 
1425 1721 1602 1201 1723 
1426 1722 1721 1723 884 
1427 480 1690 1724 1725 
1428 1690 995 1605 1724 
1429 1724 1605 1202 1726 
1430 1725 1724 1726 1203 
1431 1203 1726 1727 1728 
1432 1726 1202 1608 1727 
1433 1727 1608 1204 1729 
1434 1728 1727 1729 971 
1435 717 1731 1730 1442 
1436 1731 1401 1732 1730 
1437 1730 1732 792 1438 
1438 1442 1730 1438 611 
1439 626 1451 1733 1429 
1440 1451 809 1734 1733 
1441 1733 1734 1410 1735 
1442 1429 1733 1735 735 
1443 735 1735 1736 1656 
1444 1735 1410 1737 1736 
1445 1736 1737 1412 1738 
1446 1656 1736 1738 575 
1447 1116 1740 1739 1570 
1448 1740 1413 1741 1739 
1449 1739 1741 719 1417 
1450 1570 1739 1417 609 
1451 710 1666 1742 1680 
1452 1666 813 1743 1742 
1453 1742 1743 1428 1744 
1454 1680 1742 1744 961 
1455 961 1744 1745 1683 
1456 1744 1428 1746 1745 
1457 1745 1746 1430 1747 
1458 1683 1745 1747 734 
1459 669 1519 1748 1524 
1460 1519 962 1749 1748 
1461 1748 1749 1431 1750 
1462 1524 1748 1750 976 
1463 962 1684 1751 1749 
1464 1684 734 1752 1751 
1465 1751 1752 1432 1753 
1466 1749 1751 1753 1431 
1467 976 1750 1754 1527 
1468 1750 1431 1755 1754 
1469 1754 1755 1433 1756 
1470 1527 1754 1756 627 
1471 917 1498 1757 1758 
1472 1498 659 1509 1757 
1473 1757 1509 940 1759 
1474 1758 1757 1759 1488 
1475 1488 1759 1760 1761 
1476 1759 940 1512 1760 
1477 1760 1512 902 1762 
1478 1761 1760 1762 1490 
1479 1490 1762 1763 1764 
1480 1762 902 1530 1763 
1481 1763 1530 979 1765 
1482 1764 1763 1765 1491 
1483 1491 1765 1766 1767 
1484 1765 979 1533 1766 
1485 1766 1533 667 1768 
1486 1767 1766 1768 1493 
1487 575 1738 1769 1713 
1488 1738 1412 1770 1769 
1489 1769 1770 1580 1771 
1490 1713 1769 1771 1189 
1491 1189 1771 1772 1716 
1492 1771 1580 1773 1772 
1493 1772 1773 1582 1774 
1494 1716 1772 1774 665 
1495 627 1756 1775 1593 
1496 1756 1433 1776 1775 
1497 1775 1776 1586 1777 
1498 1593 1775 1777 1193 
1499 1193 1777 1778 1596 
1500 1777 1586 1779 1778 
1501 1778 1779 1588 1780 
1502 1596 1778 1780 972 
1503 171 1783 1781 1782 
1504 1783 174 1614 1781 
1505 1781 1614 55 177 
1506 1782 1781 177 81 
1507 172 1786 1784 1785 
1508 1786 171 1782 1784 
1509 1784 1782 81 1266 
1510 1785 1784 1266 56 
1511 123 1279 1787 1788 
1512 1279 77 1629 1787 
1513 1787 1629 403 1789 
1514 1788 1787 1789 402 
1515 531 1792 1790 1791 
1516 1792 449 1638 1790 
1517 1790 1638 532 1618 
1518 1791 1790 1618 529 
1519 122 603 1793 1794 
1520 603 507 1632 1793 
1521 1793 1632 596 1795 
1522 1794 1793 1795 597 
1523 597 1795 1796 1797 
1524 1795 596 1635 1796 
1525 1796 1635 599 1798 
1526 1797 1796 1798 77 
1527 810 1454 1799 1665 
1528 1454 812 1800 1799 
1529 1799 1800 626 1801 
1530 1665 1799 1801 813 
1531 1046 1101 1802 1692 
1532 1101 1047 1803 1802 
1533 1802 1803 569 1804 
1534 1692 1802 1804 1048 
1535 1047 1561 1805 1803 
1536 1561 1096 1806 1805 
1537 1805 1806 1098 1807 
1538 1803 1805 1807 569 
1539 1132 1809 1808 1158 
1540 1809 610 1810 1808 
1541 1808 1810 1133 1698 
1542 1158 1808 1698 1130 
1543 679 1812 1811 1180 
1544 1812 1149 1813 1811 
1545 1811 1813 1148 1704 
1546 1180 1811 1704 1129 
1547 1148 1815 1814 1705 
1548 1815 1150 1816 1814 
1549 1814 1816 549 1653 
1550 1705 1814 1653 716 
1551 1151 1818 1817 1168 
1552 1818 1154 1819 1817 
1553 1817 1819 610 1809 
1554 1168 1817 1809 1132 
1555 618 1822 1820 1821 
1556 1822 1161 1707 1820 
1557 1820 1707 1159 1711 
1558 1821 1820 1711 1160 
1559 549 1824 1823 1654 
1560 1824 1402 1825 1823 
1561 1823 1825 1401 1731 
1562 1654 1823 1731 717 
1563 684 1827 1826 1696 
1564 1827 1414 1828 1826 
1565 1826 1828 1413 1740 
1566 1696 1826 1740 1116 
1567 1413 1830 1829 1741 
1568 1830 1415 1831 1829 
1569 1829 1831 694 1420 
1570 1741 1829 1420 719 
1571 813 1801 1832 1743 
1572 1801 626 1833 1832 
1573 1832 1833 1429 1834 
1574 1743 1832 1834 1428 
1575 1428 1834 1835 1746 
1576 1834 1429 1836 1835 
1577 1835 1836 735 1837 
1578 1746 1835 1837 1430 
1579 1431 1753 1838 1755 
1580 1753 1432 1839 1838 
1581 1838 1839 736 1840 
1582 1755 1838 1840 1433 
1583 1415 1842 1841 1831 
1584 1842 1440 1843 1841 
1585 1841 1843 796 1444 
1586 1831 1841 1444 694 
1587 675 1501 1844 1845 
1588 1501 917 1758 1844 
1589 1844 1758 1488 1846 
1590 1845 1844 1846 1489 
1591 1489 1846 1847 1848 
1592 1846 1488 1761 1847 
1593 1847 1761 1490 1849 
1594 1848 1847 1849 912 
1595 912 1849 1850 1851 
1596 1849 1490 1764 1850 
1597 1850 1764 1491 1852 
1598 1851 1850 1852 1492 
1599 1492 1852 1853 1854 
1600 1852 1491 1767 1853 
1601 1853 1767 1493 1855 
1602 1854 1853 1855 914 
1603 930 1507 1856 1857 
1604 1507 675 1845 1856 
1605 1856 1845 1489 1858 
1606 1857 1856 1858 1502 
1607 1502 1858 1859 1860 
1608 1858 1489 1848 1859 
1609 1859 1848 912 1861 
1610 1860 1859 1861 1504 
1611 1150 1863 1862 1816 
1612 1863 1574 1864 1862 
1613 1862 1864 1402 1824 
1614 1816 1862 1824 549 
1615 1433 1840 1865 1776 
1616 1840 736 1866 1865 
1617 1865 1866 1587 1867 
1618 1776 1865 1867 1586 
1619 1586 1867 1868 1779 
1620 1867 1587 1869 1868 
1621 1868 1869 1188 1870 
1622 1779 1868 1870 1588 
1623 1133 1872 1871 1699 
1624 1872 1649 1873 1871 
1625 1871 1873 1414 1827 
1626 1699 1871 1827 684 
1627 734 1747 1874 1752 
1628 1747 1430 1875 1874 
1629 1874 1875 1655 1876 
1630 1752 1874 1876 1432 
1631 1430 1837 1877 1875 
1632 1837 735 1878 1877 
1633 1877 1878 1656 1879 
1634 1875 1877 1879 1655 
1635 1432 1876 1880 1839 
1636 1876 1655 1881 1880 
1637 1880 1881 1657 1882 
1638 1839 1880 1882 736 
1639 1504 1861 1883 1884 
1640 1861 912 1851 1883 
1641 1883 1851 1492 1885 
1642 1884 1883 1885 1676 
1643 1676 1885 1886 1887 
1644 1885 1492 1854 1886 
1645 1886 1854 914 1888 
1646 1887 1886 1888 1678 
1647 736 1882 1889 1866 
1648 1882 1657 1890 1889 
1649 1889 1890 1712 1891 
1650 1866 1889 1891 1587 
1651 1587 1891 1892 1869 
1652 1891 1712 1893 1892 
1653 1892 1893 1714 1894 
1654 1869 1892 1894 1188 
