2 0.000000 100.000000 240.580931
1438 1210 
1 -11.368037 0.000000 -11.528932 99.513239 -6.975475 6.958586 0.000004 
2 13.641644 0.000000 -11.528932 99.513481 -6.973792 6.956665 0.000004 
3 13.641644 0.000000 11.528932 99.513443 -6.979578 6.956190 -0.000003 
4 -11.368037 0.000000 11.528932 99.513586 -6.975934 6.958594 -0.000004 
5 1.136804 0.000000 0.000000 101.887282 -6.472296 6.202246 -0.046138 
6 -11.368037 0.000000 0.000000 99.513393 -6.975708 6.958684 0.000000 
7 1.136804 0.000000 -11.528932 99.512746 -6.974910 6.957444 0.000016 
8 13.641644 0.000000 0.000000 99.534957 -6.723796 6.901985 -0.000005 
9 1.136804 0.000000 11.528932 99.514261 -6.977365 6.957300 -0.000018 
10 -5.115617 0.000000 -5.764466 99.512549 -6.978800 6.958253 0.000013 
11 -11.368037 0.000000 -5.764466 99.513258 -6.975567 6.958637 0.000003 
12 -5.115617 0.000000 -11.528932 99.512966 -6.975307 6.958333 0.000010 
13 1.136804 0.000000 -5.764466 99.510689 -6.993439 6.953482 0.000036 
14 -5.115617 0.000000 0.000000 99.512885 -6.975012 6.958366 0.000012 
15 7.389224 0.000000 -5.764466 99.513872 -6.975607 6.950998 0.000001 
16 7.389224 0.000000 -11.528932 99.513164 -6.974247 6.956700 0.000009 
17 13.641644 0.000000 -5.764466 99.514016 -6.971501 6.951504 0.000004 
18 7.389224 0.000000 0.000000 99.608924 -5.962707 6.597457 -0.000102 
19 -5.115617 0.000000 5.764466 99.514125 -6.973738 6.958553 -0.000012 
20 -11.368037 0.000000 5.764466 99.513547 -6.975847 6.958652 -0.000003 
21 1.136804 0.000000 5.764466 99.517968 -6.961487 6.952948 -0.000063 
22 -5.115617 0.000000 11.528932 99.513919 -6.976313 6.958347 -0.000011 
23 -1.989406 0.000000 -2.882233 99.512162 -6.980140 6.952773 0.000027 
24 -5.115617 0.000000 -2.882233 99.512584 -6.976975 6.958043 0.000015 
25 -1.989406 0.000000 -5.764466 99.512159 -6.981688 6.956418 0.000019 
26 1.136804 0.000000 -2.882233 99.527389 -6.924460 6.932509 -0.000171 
27 -1.989406 0.000000 0.000000 99.506555 -6.980133 6.954057 0.000136 
28 7.389224 0.000000 5.764466 99.513278 -6.984290 6.948742 0.000004 
29 13.641644 0.000000 5.764466 99.513212 -6.989744 6.948448 -0.000002 
30 7.389224 0.000000 11.528932 99.513777 -6.978735 6.956360 -0.000009 
31 4.263014 0.000000 -2.882233 99.516722 -6.985742 6.930640 -0.000041 
32 4.263014 0.000000 -5.764466 99.513717 -6.980872 6.951545 -0.000004 
33 7.389224 0.000000 -2.882233 99.515475 -6.971195 6.929696 0.000005 
34 4.263014 0.000000 0.000000 99.882905 -3.692347 4.860158 -0.001385 
35 -1.989406 0.000000 2.882233 99.513285 -6.964955 6.957412 0.000019 
36 -5.115617 0.000000 2.882233 99.513572 -6.973299 6.958401 0.000000 
37 1.136804 0.000000 2.882233 99.512775 -7.038389 6.928733 -0.000034 
38 -1.989406 0.000000 5.764466 99.514965 -6.969550 6.957174 -0.000021 
39 -0.426301 0.000000 -1.441116 99.497520 -6.963939 6.913256 0.000395 
40 -1.989406 0.000000 -1.441116 99.507313 -6.969596 6.952151 0.000139 
41 -0.426301 0.000000 -2.882233 99.512488 -6.944250 6.942475 0.000084 
42 1.136804 0.000000 -1.441116 99.530097 -6.999400 6.866738 -0.000238 
43 -0.426301 0.000000 0.000000 99.689935 -7.110382 6.996633 -0.003759 
44 4.263014 0.000000 2.882233 99.509531 -6.992146 6.919267 0.000109 
45 7.389224 0.000000 2.882233 99.512887 -7.017940 6.916329 0.000010 
46 4.263014 0.000000 5.764466 99.513693 -6.978159 6.949495 0.000003 
47 2.699909 0.000000 -1.441116 99.539961 -7.005976 6.859973 -0.000435 
48 2.699909 0.000000 -2.882233 99.527382 -6.946330 6.934610 -0.000204 
49 4.263014 0.000000 -1.441116 99.522121 -6.967403 6.848532 -0.000010 
50 2.699909 0.000000 0.000000 100.079075 -4.171479 1.979484 -0.003714 
51 -0.426301 0.000000 1.441116 99.506997 -6.993356 6.960074 0.000101 
52 -1.989406 0.000000 1.441116 99.511318 -6.988349 6.957981 0.000025 
53 1.136804 0.000000 1.441116 99.547517 -6.979806 6.847734 -0.000532 
54 -0.426301 0.000000 2.882233 99.517723 -7.013822 6.951371 -0.000129 
55 0.355251 0.000000 -0.720558 99.611691 -7.051256 6.624702 -0.001610 
56 -0.426301 0.000000 -0.720558 99.498677 -6.926772 6.842215 0.000522 
57 0.355251 0.000000 -1.441116 99.534648 -7.006734 6.884993 -0.000364 
58 1.136804 0.000000 -0.720558 99.670480 -7.225429 6.672571 -0.003093 
59 0.355251 0.000000 0.000000 61.381480 -0.022544 0.051197 0.623231 
60 -8.241827 0.000000 -2.882233 99.513103 -6.976688 6.958630 0.000005 
61 -11.368037 0.000000 -2.882233 99.513311 -6.975634 6.958667 0.000002 
62 -8.241827 0.000000 -5.764466 99.513085 -6.975538 6.958592 0.000007 
63 -8.241827 0.000000 0.000000 99.513280 -6.976077 6.958710 0.000002 
64 -3.552511 0.000000 -1.441116 99.511011 -6.978915 6.959309 0.000042 
65 -5.115617 0.000000 -1.441116 99.512641 -6.976127 6.958205 0.000015 
66 -3.552511 0.000000 -2.882233 99.511813 -6.980727 6.957039 0.000027 
67 -3.552511 0.000000 0.000000 99.511978 -6.975069 6.959993 0.000027 
68 -1.207854 0.000000 -0.720558 99.497685 -6.986863 6.938414 0.000325 
69 -1.989406 0.000000 -0.720558 99.506259 -6.973476 6.952389 0.000154 
70 -1.207854 0.000000 -1.441116 99.502363 -6.961350 6.941023 0.000264 
71 -1.207854 0.000000 0.000000 99.495240 -6.987595 6.949068 0.000358 
72 2.699909 0.000000 1.441116 99.482845 -7.084303 6.784249 0.000695 
73 4.263014 0.000000 1.441116 99.505872 -7.107984 6.792565 0.000192 
74 2.699909 0.000000 2.882233 99.503770 -7.021452 6.921301 0.000179 
75 0.355251 0.000000 0.720558 99.622615 -7.109641 6.932650 -0.002327 
76 -0.426301 0.000000 0.720558 99.421382 -6.934206 6.875788 0.002003 
77 1.136804 0.000000 0.720558 99.419858 -7.156688 6.583336 0.002113 
78 0.355251 0.000000 1.441116 99.536900 -6.965340 6.937324 -0.000424 
79 -0.035525 0.000000 -0.360279 98.525680 -7.055562 6.949589 0.019461 
80 -0.426301 0.000000 -0.360279 99.502533 -7.040602 6.993424 0.000077 
81 -0.035525 0.000000 -0.720558 99.322947 -7.028817 6.796529 0.003936 
82 0.355251 0.000000 -0.360279 99.785865 -7.402864 5.793121 -0.004558 
83 -0.035525 0.000000 0.000000 172.933443 -7.466469 7.323407 -2.001536 
84 1.918356 0.000000 -0.720558 99.672582 -7.085948 6.549355 -0.002773 
85 1.918356 0.000000 -1.441116 99.564541 -6.995927 6.856503 -0.000905 
86 2.699909 0.000000 -0.720558 99.608667 -7.004934 6.594509 -0.001444 
87 1.918356 0.000000 0.000000 102.176541 -6.707426 2.791888 -0.049283 
88 0.746027 0.000000 -0.360279 99.259765 -7.651116 6.289519 0.004940 
89 0.746027 0.000000 -0.720558 99.512018 -7.063954 6.751134 0.000188 
90 1.136804 0.000000 -0.360279 99.184604 -7.445266 5.618192 0.007542 
91 0.746027 0.000000 0.000000 102.229484 -6.541098 6.595272 -0.053715 
92 -8.241827 0.000000 2.882233 99.513509 -6.975410 6.958707 -0.000002 
93 -11.368037 0.000000 2.882233 99.513481 -6.975782 6.958677 -0.000002 
94 -8.241827 0.000000 5.764466 99.513710 -6.975981 6.958636 -0.000007 
95 -3.552511 0.000000 1.441116 99.513460 -6.971334 6.960071 0.000003 
96 -5.115617 0.000000 1.441116 99.513245 -6.973966 6.958437 0.000006 
97 -3.552511 0.000000 2.882233 99.514054 -6.971003 6.958517 -0.000006 
98 -1.207854 0.000000 0.720558 99.498566 -7.010900 6.946382 0.000263 
99 -1.989406 0.000000 0.720558 99.508319 -6.985924 6.955452 0.000091 
100 -1.207854 0.000000 1.441116 99.509440 -7.007524 6.956374 0.000037 
101 -0.035525 0.000000 0.360279 98.959748 -7.282718 6.623888 0.011005 
102 -0.426301 0.000000 0.360279 99.474877 -7.060266 6.744822 0.000941 
103 0.355251 0.000000 0.360279 100.673807 -7.473263 7.030131 -0.024049 
104 -0.035525 0.000000 0.720558 99.278309 -7.066679 6.861331 0.004680 
105 0.159863 0.000000 -0.180140 97.113959 -8.360788 0.355585 0.049885 
106 -0.035525 0.000000 -0.180140 96.429773 -7.114613 10.324219 0.054409 
107 0.159863 0.000000 -0.360279 98.676027 -7.173068 5.611655 0.018010 
108 0.355251 0.000000 -0.180140 101.640555 -8.917915 3.119949 -0.042007 
109 0.159863 0.000000 0.000000 115.783133 0.212604 0.276086 -0.340586 
110 -0.817078 0.000000 -0.360279 99.505313 -6.938614 6.887115 0.000312 
111 -1.207854 0.000000 -0.360279 99.494352 -6.986971 6.946359 0.000380 
112 -0.817078 0.000000 -0.720558 99.480610 -7.000119 6.935840 0.000650 
113 -0.817078 0.000000 0.000000 99.498875 -6.937558 6.887403 0.000441 
114 -0.230913 0.000000 -0.180140 100.038782 -7.061564 7.289194 -0.011076 
115 -0.426301 0.000000 -0.180140 99.612267 -7.111813 7.017592 -0.002243 
116 -0.230913 0.000000 -0.360279 99.244188 -7.001064 7.227855 0.004933 
117 -0.230913 0.000000 0.000000 100.881979 -7.115865 6.967558 -0.027636 
118 1.918356 0.000000 0.720558 99.288339 -7.212327 6.235985 0.005092 
119 2.699909 0.000000 0.720558 99.375645 -7.383754 6.370294 0.002938 
120 1.918356 0.000000 1.441116 99.496102 -7.038295 6.795521 0.000481 
121 0.746027 0.000000 0.360279 99.455605 -7.629977 6.191495 0.001203 
122 1.136804 0.000000 0.360279 99.797824 -7.473623 5.683957 -0.004777 
123 0.746027 0.000000 0.720558 99.333634 -7.150676 6.787774 0.003562 
124 0.159863 0.000000 0.180140 99.044621 -8.411558 10.579731 0.000748 
125 -0.035525 0.000000 0.180140 97.857242 -7.338392 3.396608 0.035857 
126 0.355251 0.000000 0.180140 102.820629 -8.998699 6.076407 -0.068998 
127 0.159863 0.000000 0.360279 99.408790 -7.423891 7.573466 0.000542 
128 0.062169 0.000000 -0.090070 82.333921 -10.556658 -5.849025 0.307547 
129 -0.035525 0.000000 -0.090070 104.243927 -7.602635 27.138970 -0.166112 
130 0.062169 0.000000 -0.180140 94.115670 -7.793233 3.968202 0.106576 
131 0.159863 0.000000 -0.090070 98.058746 -12.253353 -13.106843 0.006255 
132 0.062169 0.000000 0.000000 210.430466 -0.761841 0.698500 -3.428205 
133 -0.817078 0.000000 0.360279 99.480690 -6.927657 6.887818 0.000816 
134 -1.207854 0.000000 0.360279 99.496987 -6.987414 6.951335 0.000320 
135 -0.817078 0.000000 0.720558 99.470770 -6.938034 6.903390 0.000977 
136 -0.230913 0.000000 0.180140 100.208067 -7.094167 6.587490 -0.013538 
137 -0.426301 0.000000 0.180140 99.643365 -7.046321 6.902298 -0.002609 
138 -0.230913 0.000000 0.360279 99.428043 -7.073753 6.602986 0.002043 
139 -0.133219 0.000000 -0.090070 103.164715 -7.149395 9.506106 -0.078444 
140 -0.230913 0.000000 -0.090070 100.523340 -7.109211 7.351304 -0.020952 
141 -0.133219 0.000000 -0.180140 99.754634 -7.307857 8.965567 -0.008477 
142 -0.133219 0.000000 0.000000 106.124287 -7.086639 7.283760 -0.136564 
143 0.062169 0.000000 0.090070 87.242134 -10.565532 12.298519 0.212593 
144 -0.035525 0.000000 0.090070 106.572215 -7.703430 -12.208066 -0.156602 
145 0.159863 0.000000 0.090070 101.851051 -12.277637 13.876526 -0.071693 
146 0.062169 0.000000 0.180140 96.200542 -8.010243 8.224379 0.061365 
147 0.013322 0.000000 -0.045035 69.009514 -11.570528 -13.448891 0.492294 
148 -0.035525 0.000000 -0.045035 149.016533 -7.650484 36.923160 -1.362778 
149 0.013322 0.000000 -0.090070 67.824380 -9.093778 10.278467 0.521151 
150 0.062169 0.000000 -0.045035 207.431498 -0.667692 -18.998160 -3.338920 
151 0.013322 0.000000 0.000000 276.030583 -3.542528 3.524461 -6.621785 
152 -0.133219 0.000000 0.090070 103.582498 -7.230809 4.780993 -0.080448 
153 -0.230913 0.000000 0.090070 100.628211 -7.119832 6.560507 -0.021977 
154 -0.133219 0.000000 0.180140 100.205203 -7.323790 4.986657 -0.011959 
155 0.013322 0.000000 0.045035 77.001786 -11.923938 15.258188 0.369573 
156 -0.035525 0.000000 0.045035 148.943502 -7.702734 -21.084861 -1.268807 
157 0.062169 0.000000 0.045035 205.945563 -0.663156 19.823642 -3.280699 
158 0.013322 0.000000 0.090070 74.760763 -9.236758 0.166433 0.432548 
159 -1.989406 0.000000 -8.646699 99.512478 -6.979990 6.957531 0.000014 
160 -5.115617 0.000000 -8.646699 99.512801 -6.975373 6.958310 0.000013 
161 -1.989406 0.000000 -11.528932 99.512788 -6.975151 6.957974 0.000014 
162 1.136804 0.000000 -8.646699 99.512528 -6.980737 6.956408 0.000013 
163 -0.426301 0.000000 -4.323349 99.513829 -7.001325 6.950923 -0.000034 
164 -1.989406 0.000000 -4.323349 99.509743 -6.988123 6.956896 0.000058 
165 -0.426301 0.000000 -5.764466 99.512222 -6.985013 6.954828 0.000016 
166 1.136804 0.000000 -4.323349 99.512995 -7.010128 6.949377 -0.000027 
167 0.355251 0.000000 -2.161675 99.539239 -6.982458 6.918590 -0.000468 
168 -0.426301 0.000000 -2.161675 99.510506 -6.938777 6.930437 0.000148 
169 0.355251 0.000000 -2.882233 99.521107 -6.929731 6.934995 -0.000057 
170 1.136804 0.000000 -2.161675 99.550228 -6.965245 6.917752 -0.000662 
171 -0.035525 0.000000 -1.080837 99.590096 -6.974988 6.801595 -0.001310 
172 -0.426301 0.000000 -1.080837 99.535841 -6.965069 6.861710 -0.000298 
173 -0.035525 0.000000 -1.441116 99.507947 -6.982525 6.894568 0.000188 
174 0.355251 0.000000 -1.080837 99.710041 -7.036062 6.814388 -0.003803 
175 0.159863 0.000000 -0.540419 99.218217 -7.108178 6.407542 0.006416 
176 -0.035525 0.000000 -0.540419 99.210964 -7.007005 6.708565 0.006308 
177 0.159863 0.000000 -0.720558 99.398183 -7.026552 6.649838 0.002641 
178 0.355251 0.000000 -0.540419 99.471563 -7.168599 6.462891 0.001225 
179 0.062169 0.000000 -0.270209 96.330715 -7.211822 5.719847 0.063567 
180 -0.035525 0.000000 -0.270209 97.292901 -7.126982 7.825793 0.042205 
181 0.062169 0.000000 -0.360279 98.132610 -7.080905 6.337909 0.027968 
182 0.159863 0.000000 -0.270209 97.911690 -7.401034 3.993704 0.034258 
183 0.013322 0.000000 -0.135105 89.702420 -7.973439 8.962186 0.180958 
184 -0.035525 0.000000 -0.135105 97.444003 -7.331924 14.058370 0.025327 
185 0.013322 0.000000 -0.180140 94.056976 -7.358631 7.671059 0.104029 
186 0.062169 0.000000 -0.135105 91.280900 -8.520947 1.147605 0.159387 
187 0.550639 0.000000 -0.180140 101.457836 -8.014903 5.011820 -0.038305 
188 0.550639 0.000000 -0.360279 99.581866 -7.527633 6.450112 -0.001482 
189 0.746027 0.000000 -0.180140 102.152676 -7.986783 5.124467 -0.052522 
190 0.550639 0.000000 0.000000 101.565461 -6.546052 6.507089 -0.040074 
191 0.257557 0.000000 -0.090070 101.562952 -12.584562 -10.029315 -0.057399 
192 0.257557 0.000000 -0.180140 99.970389 -8.596786 0.910390 -0.006881 
193 0.355251 0.000000 -0.090070 104.796715 -12.605778 -4.287948 -0.115964 
194 0.257557 0.000000 0.000000 76.990692 -0.180231 0.001187 0.407240 
195 0.111016 0.000000 -0.045035 149.211406 -0.206789 -13.299594 -1.244097 
196 0.111016 0.000000 -0.090070 90.122819 -12.122525 -14.741470 0.151361 
197 0.159863 0.000000 -0.045035 114.588402 0.203665 -8.008245 -0.319468 
198 0.111016 0.000000 0.000000 152.525762 -0.212765 0.170940 -1.326418 
199 0.037745 0.000000 -0.067552 69.200589 -11.673214 -13.328284 0.489737 
200 0.013322 0.000000 -0.067552 68.993583 -11.356229 -13.089627 0.493958 
201 0.037745 0.000000 -0.090070 78.720540 -9.889204 -2.582419 0.369861 
202 0.062169 0.000000 -0.067552 75.015296 -11.967088 -14.262754 0.402607 
203 0.037745 0.000000 -0.045035 68.838297 -11.722909 -13.411952 0.494398 
204 0.550639 0.000000 0.180140 101.668197 -8.029739 5.035163 -0.042625 
205 0.746027 0.000000 0.180140 102.488322 -8.000129 5.148972 -0.059437 
206 0.550639 0.000000 0.360279 99.943969 -7.562801 6.075576 -0.008291 
207 0.257557 0.000000 0.090070 104.113432 -12.655802 10.535625 -0.111078 
208 0.355251 0.000000 0.090070 106.083463 -12.629366 4.610772 -0.143446 
209 0.257557 0.000000 0.180140 101.423208 -8.727367 8.802149 -0.044031 
210 0.111016 0.000000 0.045035 148.973424 -0.257381 13.591136 -1.237787 
211 0.159863 0.000000 0.045035 114.663051 0.102240 8.384499 -0.321793 
212 0.111016 0.000000 0.090070 94.800245 -12.207022 16.032525 0.060686 
213 -1.989406 0.000000 8.646699 99.514653 -6.972575 6.957701 -0.000019 
214 -5.115617 0.000000 8.646699 99.514084 -6.976329 6.958369 -0.000014 
215 1.136804 0.000000 8.646699 99.514910 -6.972260 6.956163 -0.000022 
216 -1.989406 0.000000 11.528932 99.514171 -6.976730 6.957945 -0.000016 
217 -0.426301 0.000000 4.323349 99.518003 -6.955734 6.954641 -0.000058 
218 -1.989406 0.000000 4.323349 99.516887 -6.963239 6.958544 -0.000052 
219 1.136804 0.000000 4.323349 99.518475 -6.950889 6.947926 -0.000052 
220 -0.426301 0.000000 5.764466 99.516029 -6.967486 6.955465 -0.000036 
221 0.355251 0.000000 2.161675 99.536812 -7.087060 6.935217 -0.000590 
222 -0.426301 0.000000 2.161675 99.516541 -7.031826 6.949708 -0.000129 
223 1.136804 0.000000 2.161675 99.540024 -6.999403 6.908921 -0.000494 
224 0.355251 0.000000 2.882233 99.520761 -7.031817 6.942602 -0.000203 
225 -0.035525 0.000000 1.080837 99.397990 -6.931487 6.924900 0.002404 
226 -0.426301 0.000000 1.080837 99.448048 -6.926312 6.919703 0.001423 
227 0.355251 0.000000 1.080837 99.421571 -6.972196 6.928423 0.001874 
228 -0.035525 0.000000 1.441116 99.526380 -6.989611 6.966802 -0.000289 
229 0.159863 0.000000 0.540419 99.451786 -7.155717 7.077873 0.000804 
230 -0.035525 0.000000 0.540419 99.324850 -7.053362 6.939558 0.003667 
231 0.355251 0.000000 0.540419 99.675163 -7.246563 6.898585 -0.003524 
232 0.159863 0.000000 0.720558 99.521762 -7.068024 6.997910 -0.000351 
233 0.062169 0.000000 0.270209 97.404823 -7.503542 7.439941 0.040064 
234 -0.035525 0.000000 0.270209 98.047254 -7.261581 5.831337 0.030000 
235 0.159863 0.000000 0.270209 99.023296 -7.635249 8.603698 0.006207 
236 0.062169 0.000000 0.360279 98.751711 -7.289538 7.096189 0.014461 
237 0.013322 0.000000 0.135105 92.823553 -8.087293 3.541814 0.130584 
238 -0.035525 0.000000 0.135105 99.391520 -7.463685 -0.100577 0.006561 
239 0.062169 0.000000 0.135105 94.380792 -8.666677 9.601044 0.092497 
240 0.013322 0.000000 0.180140 96.007255 -7.607191 5.375184 0.069585 
241 0.037745 0.000000 0.067552 76.899470 -11.888386 15.279015 0.371169 
242 0.013322 0.000000 0.067552 76.929492 -11.712895 15.324098 0.370983 
243 0.037745 0.000000 0.045035 76.680084 -11.934072 15.199424 0.374672 
244 0.062169 0.000000 0.067552 81.791825 -12.109478 15.969792 0.290842 
245 0.037745 0.000000 0.090070 84.208994 -9.943677 10.442299 0.270093 
246 0.111016 0.000000 -0.135105 95.022753 -9.070584 -2.112404 0.088394 
247 0.111016 0.000000 -0.180140 95.726283 -8.150107 1.609722 0.076746 
248 0.159863 0.000000 -0.135105 97.501324 -9.475852 -3.395319 0.039217 
249 0.086592 0.000000 -0.067552 89.558826 -12.288809 -14.681919 0.161264 
250 0.086592 0.000000 -0.090070 90.041208 -12.407940 -14.935503 0.151555 
251 0.111016 0.000000 -0.067552 90.151576 -12.115376 -14.692454 0.151004 
252 0.086592 0.000000 -0.045035 175.847205 -0.334231 -17.458692 -2.122716 
253 0.086592 0.000000 -0.112587 91.248879 -9.591291 -4.823216 0.155839 
254 0.062169 0.000000 -0.112587 87.781337 -9.201531 -1.872206 0.220626 
255 0.086592 0.000000 -0.135105 93.157742 -8.762982 -0.994022 0.124386 
256 0.111016 0.000000 -0.112587 94.332987 -9.869121 -5.756266 0.097075 
257 0.074381 0.000000 -0.078811 86.204467 -12.339959 -14.634588 0.220234 
258 0.062169 0.000000 -0.078811 76.150044 -12.065914 -14.384904 0.384866 
259 0.074381 0.000000 -0.090070 82.933378 -10.873695 -10.592359 0.289162 
260 0.086592 0.000000 -0.078811 89.698306 -12.305163 -14.743026 0.158544 
261 0.074381 0.000000 -0.067552 83.755209 -12.273853 -14.585247 0.262169 
262 0.111016 0.000000 0.135105 97.839519 -9.052691 11.666330 0.020937 
263 0.159863 0.000000 0.135105 99.974824 -9.564875 11.915872 -0.022844 
264 0.111016 0.000000 0.180140 97.740161 -8.273624 9.815845 0.028206 
265 0.086592 0.000000 0.067552 94.596591 -12.147876 15.986576 0.064834 
266 0.086592 0.000000 0.045035 175.168815 -0.346090 17.759950 -2.099965 
267 0.111016 0.000000 0.067552 94.847018 -12.175250 16.053551 0.059809 
268 0.086592 0.000000 0.090070 95.051566 -12.226980 16.025004 0.055890 
269 0.086592 0.000000 0.112587 94.848034 -9.643245 13.074011 0.073993 
270 0.062169 0.000000 0.112587 91.672299 -9.307349 11.084265 0.138670 
271 0.111016 0.000000 0.112587 97.694375 -9.866532 13.262089 0.018258 
272 0.086592 0.000000 0.135105 96.110608 -8.817707 11.074080 0.056236 
273 0.074381 0.000000 0.078811 91.736032 -12.253307 15.840803 0.118343 
274 0.062169 0.000000 0.078811 82.824218 -12.185612 15.917749 0.273829 
275 0.074381 0.000000 0.067552 89.565692 -12.237869 15.871698 0.157631 
276 0.086592 0.000000 0.078811 94.705307 -12.172959 15.996647 0.062683 
277 0.074381 0.000000 0.090070 87.746442 -10.887837 16.133156 0.192174 
278 0.208710 0.000000 -0.045035 91.051906 -0.175774 -5.035822 0.168416 
279 0.208710 0.000000 -0.090070 99.141581 -12.491309 -12.392353 -0.013866 
280 0.257557 0.000000 -0.045035 76.189368 -0.112621 -3.859712 0.418027 
281 0.208710 0.000000 0.000000 92.149653 -0.126840 0.034367 0.150842 
282 0.135439 0.000000 -0.067552 90.807653 -12.147076 -15.055852 0.137974 
283 0.135439 0.000000 -0.090070 92.274324 -12.169215 -14.858259 0.111659 
284 0.159863 0.000000 -0.067552 113.070531 0.108939 -11.996208 -0.292887 
285 0.135439 0.000000 -0.045035 130.079606 0.073997 -10.243587 -0.702564 
286 0.257557 0.000000 -0.270209 99.555301 -7.617435 4.200818 0.001307 
287 0.257557 0.000000 -0.360279 99.476246 -7.289507 5.473605 0.002138 
288 0.355251 0.000000 -0.270209 100.350716 -7.789331 5.141778 -0.015738 
289 0.208710 0.000000 -0.135105 99.297577 -9.726580 -3.807902 0.003088 
290 0.208710 0.000000 -0.180140 98.505272 -8.307300 -0.001008 0.022770 
291 0.257557 0.000000 -0.135105 100.513826 -9.984881 -3.121004 -0.021247 
292 0.135439 0.000000 -0.112587 95.661217 -10.189442 -6.173092 0.070700 
293 0.135439 0.000000 -0.135105 96.388593 -9.283140 -2.788455 0.061529 
294 0.159863 0.000000 -0.112587 97.159207 -10.506698 -6.858760 0.040266 
295 0.123228 0.000000 -0.078811 90.247200 -12.097490 -14.841889 0.148881 
296 0.111016 0.000000 -0.078811 90.142693 -12.162146 -14.795995 0.150746 
297 0.123228 0.000000 -0.090070 90.407922 -12.180573 -14.990679 0.145332 
298 0.135439 0.000000 -0.078811 92.157075 -12.167937 -14.893577 0.113720 
299 0.123228 0.000000 -0.067552 90.087199 -12.199953 -14.938216 0.151231 
300 0.208710 0.000000 0.045035 91.262058 -0.203104 5.286838 0.164324 
301 0.257557 0.000000 0.045035 76.262393 -0.195412 3.833116 0.416932 
302 0.208710 0.000000 0.090070 102.610965 -12.583994 13.091550 -0.085876 
303 0.135439 0.000000 0.067552 95.334469 -12.321410 16.074141 0.050114 
304 0.135439 0.000000 0.045035 129.761406 -0.102386 10.593154 -0.695025 
305 0.159863 0.000000 0.067552 113.233369 0.090374 12.243942 -0.297172 
306 0.135439 0.000000 0.090070 96.667474 -12.299385 15.838728 0.025326 
307 0.257557 0.000000 0.270209 100.534211 -7.745022 7.917884 -0.022981 
308 0.355251 0.000000 0.270209 101.117257 -7.951139 6.646907 -0.033210 
309 0.257557 0.000000 0.360279 100.316753 -7.513279 7.558323 -0.017703 
310 0.208710 0.000000 0.135105 101.656179 -9.854576 11.171476 -0.055589 
311 0.257557 0.000000 0.135105 102.592088 -10.158054 9.768953 -0.072376 
312 0.208710 0.000000 0.180140 100.128572 -8.462116 10.194518 -0.020127 
313 0.135439 0.000000 0.112587 98.901104 -10.200011 12.961233 -0.005346 
314 0.159863 0.000000 0.112587 100.130642 -10.651878 12.924354 -0.030665 
315 0.135439 0.000000 0.135105 99.060972 -9.304836 11.802501 -0.003896 
316 0.123228 0.000000 0.078811 94.844697 -12.252625 16.022135 0.059765 
317 0.111016 0.000000 0.078811 94.835695 -12.236947 16.026468 0.059960 
318 0.123228 0.000000 0.067552 94.747122 -12.326214 15.974801 0.061585 
319 0.135439 0.000000 0.078811 96.561895 -12.301757 15.878193 0.027235 
320 0.123228 0.000000 0.090070 95.013299 -12.324121 16.019851 0.056395 
321 0.184287 0.000000 -0.112587 98.553627 -10.859872 -7.460858 0.011358 
322 0.184287 0.000000 -0.135105 98.218136 -9.567238 -3.940635 0.024614 
323 0.208710 0.000000 -0.112587 100.622289 -11.141589 -7.295037 -0.030220 
324 0.184287 0.000000 -0.090070 97.847790 -12.246070 -12.938470 0.010844 
325 0.452945 0.000000 -0.090070 98.294482 -10.161218 2.801700 0.022709 
326 0.452945 0.000000 -0.180140 99.285072 -11.836787 1.159652 0.000102 
327 0.550639 0.000000 -0.090070 100.921584 -7.493159 5.538646 -0.027199 
328 0.452945 0.000000 0.000000 101.565461 -6.546052 6.507091 -0.040074 
329 0.306404 0.000000 -0.135105 101.790201 -10.463700 -1.168511 -0.047210 
330 0.306404 0.000000 -0.180140 100.974970 -8.653078 1.765964 -0.027394 
331 0.355251 0.000000 -0.135105 104.388721 -10.656593 0.040273 -0.101057 
332 0.306404 0.000000 -0.090070 103.701299 -12.549853 -6.309092 -0.095126 
333 0.233134 0.000000 -0.112587 101.996084 -12.587324 -10.070301 -0.066305 
334 0.233134 0.000000 -0.135105 99.832016 -9.931138 -3.349408 -0.007628 
335 0.257557 0.000000 -0.112587 101.552531 -12.582148 -10.028153 -0.057179 
336 0.233134 0.000000 -0.090070 101.857437 -12.599384 -10.057363 -0.063483 
337 0.184287 0.000000 -0.067552 100.123696 0.074173 -9.981200 -0.012438 
338 0.208710 0.000000 -0.067552 88.876288 -0.089990 -7.937013 0.203800 
339 0.184287 0.000000 -0.045035 101.562567 0.079937 -6.562528 -0.035803 
340 0.196498 0.000000 -0.101329 97.934918 -12.396064 -13.095113 0.008361 
341 0.184287 0.000000 -0.101329 97.831880 -12.349654 -13.082523 0.010526 
342 0.196498 0.000000 -0.112587 99.346804 -11.016969 -7.510540 -0.004757 
343 0.208710 0.000000 -0.101329 99.546234 -12.506155 -11.916839 -0.020787 
344 0.196498 0.000000 -0.090070 97.859897 -12.390804 -13.085652 0.009867 
345 0.184287 0.000000 0.112587 101.450280 -10.994584 12.799860 -0.057688 
346 0.184287 0.000000 0.090070 101.602123 -12.325321 13.891563 -0.066788 
347 0.208710 0.000000 0.112587 103.501636 -11.267585 11.946650 -0.098227 
348 0.184287 0.000000 0.135105 100.575914 -9.655856 11.797699 -0.034794 
349 0.184287 0.000000 0.067552 100.492328 0.072731 10.242832 -0.020363 
350 0.184287 0.000000 0.045035 101.750520 0.112057 6.877961 -0.040049 
351 0.208710 0.000000 0.067552 89.067603 -0.145303 8.139677 0.200069 
352 0.452945 0.000000 0.090070 98.528634 -10.177189 2.799084 0.018070 
353 0.550639 0.000000 0.090070 101.043924 -7.501088 5.543277 -0.029687 
354 0.452945 0.000000 0.180140 99.521070 -11.851416 1.160684 -0.004625 
355 0.306404 0.000000 0.135105 103.624606 -10.539116 7.284258 -0.090219 
356 0.306404 0.000000 0.090070 105.455991 -12.582221 6.680226 -0.132390 
357 0.355251 0.000000 0.135105 105.483797 -10.726673 5.434688 -0.127143 
358 0.306404 0.000000 0.180140 102.206568 -8.880480 7.600041 -0.058281 
359 0.233134 0.000000 0.112587 104.758426 -12.609594 10.599186 -0.124567 
360 0.233134 0.000000 0.090070 104.601290 -12.633530 10.584024 -0.121306 
361 0.257557 0.000000 0.112587 104.102810 -12.653108 10.534519 -0.110847 
362 0.233134 0.000000 0.135105 102.028870 -10.119365 10.300800 -0.061840 
363 0.196498 0.000000 0.101329 101.653347 -12.512427 13.853716 -0.068189 
364 0.184287 0.000000 0.101329 101.595573 -12.440461 13.846930 -0.066816 
365 0.196498 0.000000 0.090070 101.591472 -12.510821 13.846075 -0.066906 
366 0.208710 0.000000 0.101329 102.933954 -12.585635 12.589198 -0.091229 
367 0.196498 0.000000 0.112587 102.285828 -11.034572 12.494489 -0.074026 
368 0.306404 0.000000 -0.045035 66.475797 0.025267 -1.951800 0.557716 
369 0.355251 0.000000 -0.045035 60.603256 -0.015439 -0.982492 0.632628 
370 0.306404 0.000000 0.000000 66.908379 0.010605 0.030240 0.552327 
371 0.281981 0.000000 -0.112587 102.765473 -12.530216 -8.251138 -0.078583 
372 0.281981 0.000000 -0.135105 101.848005 -10.297201 -2.132698 -0.048360 
373 0.306404 0.000000 -0.112587 103.713230 -12.559588 -6.310779 -0.095400 
374 0.281981 0.000000 -0.090070 102.542624 -12.533069 -8.566017 -0.074544 
375 0.281981 0.000000 -0.067552 69.185002 0.034001 -4.353663 0.519448 
376 0.257557 0.000000 -0.067552 75.399064 -0.107351 -5.960790 0.427944 
377 0.306404 0.000000 -0.067552 65.917796 0.005467 -2.842026 0.564677 
378 0.281981 0.000000 -0.045035 70.377228 -0.033700 -2.954191 0.503832 
379 0.269769 0.000000 -0.101329 101.687377 -12.553086 -9.812635 -0.059419 
380 0.257557 0.000000 -0.101329 101.562020 -12.584346 -10.029211 -0.057379 
381 0.269769 0.000000 -0.112587 101.667315 -12.542581 -10.038431 -0.059433 
382 0.281981 0.000000 -0.101329 102.445239 -12.528876 -9.381585 -0.074001 
383 0.269769 0.000000 -0.090070 101.612769 -12.556858 -10.033375 -0.058350 
384 0.306404 0.000000 0.045035 66.435544 0.003125 1.952287 0.558251 
385 0.355251 0.000000 0.045035 60.600872 -0.042554 1.084930 0.632636 
386 0.281981 0.000000 0.112587 104.939484 -12.540701 8.692026 -0.124512 
387 0.281981 0.000000 0.090070 104.781030 -12.551592 9.018389 -0.121794 
388 0.306404 0.000000 0.112587 105.440932 -12.597791 6.679162 -0.132111 
389 0.281981 0.000000 0.135105 103.752123 -10.450560 8.527064 -0.094643 
390 0.281981 0.000000 0.067552 69.196330 0.004842 4.397974 0.519253 
391 0.257557 0.000000 0.067552 75.535635 -0.203779 5.958820 0.425882 
392 0.281981 0.000000 0.045035 70.373800 -0.042970 3.018460 0.503842 
393 0.306404 0.000000 0.067552 65.890975 -0.045129 2.849140 0.565026 
394 0.269769 0.000000 0.101329 104.182666 -12.605283 10.310383 -0.111923 
395 0.257557 0.000000 0.101329 104.112483 -12.655562 10.535526 -0.111057 
396 0.269769 0.000000 0.090070 104.141322 -12.610318 10.537655 -0.111548 
397 0.281981 0.000000 0.101329 104.784507 -12.522110 9.854570 -0.123371 
398 0.269769 0.000000 0.112587 104.181223 -12.584394 10.541211 -0.112321 
399 0.746027 0.000000 -1.080837 99.672919 -7.104273 6.878231 -0.003247 
400 0.746027 0.000000 -1.441116 99.530280 -7.004368 6.882893 -0.000271 
401 1.136804 0.000000 -1.080837 99.607686 -7.083459 6.834306 -0.001857 
402 0.550639 0.000000 -0.540419 99.452868 -7.279239 6.623703 0.001227 
403 0.550639 0.000000 -0.720558 99.630582 -7.086736 6.729210 -0.002176 
404 0.746027 0.000000 -0.540419 99.596694 -7.229543 6.689471 -0.001652 
405 0.452945 0.000000 -0.270209 100.083332 -7.959679 6.024753 -0.011633 
406 0.452945 0.000000 -0.360279 99.770354 -7.457712 6.263236 -0.004897 
407 0.550639 0.000000 -0.270209 101.444572 -11.194214 1.850942 -0.041974 
408 0.404098 0.000000 -0.135105 97.143854 -12.497290 0.451128 0.040669 
409 0.404098 0.000000 -0.180140 101.895978 -9.117591 4.881301 -0.048975 
410 0.452945 0.000000 -0.135105 98.475074 -10.766036 2.202888 0.018190 
411 0.404098 0.000000 -0.090070 100.387500 -12.453271 -1.110732 -0.023397 
412 0.330828 0.000000 -0.112587 103.673100 -12.570179 -6.311584 -0.094596 
413 0.330828 0.000000 -0.135105 102.274469 -10.602874 -1.188867 -0.057390 
414 0.355251 0.000000 -0.112587 104.683328 -12.597557 -4.536878 -0.113788 
415 0.330828 0.000000 -0.090070 103.667096 -12.571241 -6.311202 -0.094473 
416 0.746027 0.000000 1.080837 99.468977 -7.033327 6.879635 0.000913 
417 1.136804 0.000000 1.080837 99.498135 -7.066556 6.803543 0.000390 
418 0.746027 0.000000 1.441116 99.543862 -6.945220 6.893240 -0.000473 
419 0.550639 0.000000 0.540419 99.509267 -7.258718 6.644276 0.000107 
420 0.746027 0.000000 0.540419 99.584746 -7.291859 6.538384 -0.001304 
421 0.550639 0.000000 0.720558 99.643397 -7.108319 6.827698 -0.002595 
422 0.452945 0.000000 0.270209 100.617769 -8.032125 5.538372 -0.021912 
423 0.550639 0.000000 0.270209 101.668967 -11.209258 1.855166 -0.046567 
424 0.452945 0.000000 0.360279 100.500752 -7.516053 6.292141 -0.019648 
425 0.404098 0.000000 0.135105 97.391257 -12.511458 0.448902 0.035821 
426 0.404098 0.000000 0.090070 100.893104 -12.450766 1.924633 -0.033814 
427 0.452945 0.000000 0.135105 98.713903 -10.781445 2.201913 0.013448 
428 0.404098 0.000000 0.180140 102.872785 -9.190126 4.077724 -0.068390 
429 0.330828 0.000000 0.112587 105.397733 -12.620273 6.676256 -0.131253 
430 0.330828 0.000000 0.090070 105.391604 -12.621140 6.675872 -0.131125 
431 0.355251 0.000000 0.112587 106.025500 -12.625007 4.864865 -0.142446 
432 0.330828 0.000000 0.135105 103.869405 -10.626680 7.039794 -0.095134 
433 0.404098 0.000000 -0.045035 60.093614 0.009010 0.970957 0.638781 
434 0.452945 0.000000 -0.045035 99.001663 -8.579018 4.404524 0.010567 
435 0.404098 0.000000 0.000000 61.229997 -0.003944 -0.011762 0.625089 
436 0.379675 0.000000 -0.112587 104.268588 -12.652466 -2.093920 -0.103641 
437 0.379675 0.000000 -0.135105 104.005993 -10.805958 1.772518 -0.093716 
438 0.404098 0.000000 -0.112587 99.928534 -12.588438 -1.592964 -0.014672 
439 0.379675 0.000000 -0.090070 103.919334 -12.658375 -2.086690 -0.096382 
440 0.330828 0.000000 -0.067552 62.814908 -0.079759 -2.852355 0.604615 
441 0.355251 0.000000 -0.067552 59.291738 -0.025221 -1.674729 0.648168 
442 0.330828 0.000000 -0.045035 63.188943 -0.071598 -1.780832 0.600398 
443 0.343039 0.000000 -0.101329 104.104393 -12.565275 -5.957912 -0.103111 
444 0.330828 0.000000 -0.101329 103.669117 -12.570883 -6.311331 -0.094515 
445 0.343039 0.000000 -0.112587 104.168206 -12.571459 -5.855407 -0.104334 
446 0.355251 0.000000 -0.101329 104.777124 -12.603319 -4.592594 -0.115818 
447 0.343039 0.000000 -0.090070 103.921227 -12.560884 -6.325971 -0.099742 
448 0.404098 0.000000 0.045035 60.076849 -0.027949 -0.992739 0.638979 
449 0.452945 0.000000 0.045035 99.214235 -8.594268 4.406096 0.006326 
450 0.330828 0.000000 0.067552 62.762641 -0.108295 2.925113 0.605228 
451 0.330828 0.000000 0.045035 63.204380 -0.102905 1.885117 0.600164 
452 0.355251 0.000000 0.067552 59.289711 -0.061098 1.772718 0.648158 
453 0.379675 0.000000 0.112587 104.969145 -12.660042 2.368272 -0.118441 
454 0.379675 0.000000 0.090070 104.570485 -12.663011 2.359269 -0.110090 
455 0.404098 0.000000 0.112587 100.433995 -12.591708 2.107835 -0.024998 
456 0.379675 0.000000 0.135105 104.927304 -10.931888 3.503145 -0.114152 
457 0.343039 0.000000 0.101329 105.735133 -12.609515 6.314536 -0.137879 
458 0.330828 0.000000 0.101329 105.393667 -12.620848 6.676002 -0.131168 
459 0.343039 0.000000 0.090070 105.605656 -12.609575 6.689445 -0.135630 
460 0.355251 0.000000 0.101329 106.131050 -12.626666 4.921623 -0.144745 
461 0.343039 0.000000 0.112587 105.774772 -12.612901 6.209856 -0.138595 
462 1.527580 0.000000 -0.360279 99.634549 -7.592863 5.531501 -0.001529 
463 1.527580 0.000000 -0.720558 99.762913 -7.001137 6.491162 -0.004379 
464 1.918356 0.000000 -0.360279 99.407592 -7.342524 5.777326 0.003084 
465 1.527580 0.000000 0.000000 101.883539 -6.573639 3.170774 -0.043352 
466 0.941416 0.000000 -0.180140 101.929132 -7.995062 4.912810 -0.047760 
467 0.941416 0.000000 -0.360279 99.141962 -7.572126 6.232749 0.007469 
468 1.136804 0.000000 -0.180140 100.877608 -8.626210 3.885984 -0.026580 
469 0.941416 0.000000 0.000000 102.414061 -6.736706 6.158308 -0.057195 
470 0.648333 0.000000 -0.090070 101.740181 -7.485218 5.594809 -0.043839 
471 0.648333 0.000000 -0.180140 101.770629 -8.497107 4.520118 -0.044989 
472 0.746027 0.000000 -0.090070 102.280239 -6.683536 6.450103 -0.054752 
473 0.648333 0.000000 0.000000 101.979627 -6.542962 6.562092 -0.048572 
474 0.501792 0.000000 -0.135105 99.146541 -9.665363 3.317776 0.006554 
475 0.501792 0.000000 -0.180140 99.992739 -10.427487 2.568513 -0.011388 
476 0.550639 0.000000 -0.135105 101.474527 -7.223965 5.820731 -0.038315 
477 0.501792 0.000000 -0.090070 99.149324 -8.550584 4.441444 0.007657 
478 0.428522 0.000000 -0.112587 96.732179 -12.342569 -0.671301 0.049010 
479 0.428522 0.000000 -0.135105 98.440212 -11.722470 1.254796 0.017053 
480 0.452945 0.000000 -0.112587 98.321442 -10.710994 2.254716 0.021308 
481 0.428522 0.000000 -0.090070 97.491984 -11.929126 0.157507 0.035298 
482 0.379675 0.000000 -0.067552 58.671128 0.003758 -0.171872 0.655767 
483 0.404098 0.000000 -0.067552 97.150710 -11.896712 1.051593 0.041910 
484 0.379675 0.000000 -0.045035 59.571611 -0.015299 -0.150095 0.645120 
485 0.391886 0.000000 -0.101329 102.280967 -12.664244 -1.873044 -0.062529 
486 0.379675 0.000000 -0.101329 104.280092 -12.652155 -2.094172 -0.103880 
487 0.391886 0.000000 -0.112587 102.204402 -12.662025 -1.844720 -0.060947 
488 0.404098 0.000000 -0.101329 99.982412 -12.593123 -1.614504 -0.015768 
489 0.391886 0.000000 -0.090070 102.253788 -12.635650 -1.599380 -0.061805 
490 0.379675 0.000000 0.067552 58.684749 -0.039204 0.218029 0.655605 
491 0.379675 0.000000 0.045035 59.582395 -0.051990 0.158026 0.644991 
492 0.404098 0.000000 0.067552 97.397369 -11.910190 1.045421 0.037081 
493 1.527580 0.000000 0.360279 99.237937 -7.635012 5.225351 0.006623 
494 1.918356 0.000000 0.360279 99.548091 -7.790713 4.648195 0.000788 
495 1.527580 0.000000 0.720558 99.327324 -7.187136 6.395918 0.004152 
496 0.941416 0.000000 0.180140 103.043487 -8.015101 4.932021 -0.070653 
497 1.136804 0.000000 0.180140 103.256475 -8.653261 3.936750 -0.075228 
498 0.941416 0.000000 0.360279 99.642834 -7.651722 6.118050 -0.002467 
499 0.648333 0.000000 0.090070 101.894614 -7.492583 5.606532 -0.047008 
500 0.746027 0.000000 0.090070 102.413665 -6.689900 6.458684 -0.057503 
501 0.648333 0.000000 0.180140 102.057552 -8.512096 4.537105 -0.050879 
502 0.501792 0.000000 0.135105 99.373779 -9.680306 3.324490 0.002009 
503 0.501792 0.000000 0.090070 99.343268 -8.564037 4.439433 0.003786 
504 0.550639 0.000000 0.135105 101.653145 -7.236542 5.836716 -0.041980 
505 0.501792 0.000000 0.180140 100.227234 -10.443026 2.577970 -0.016120 
506 0.428522 0.000000 0.112587 97.129795 -12.364134 1.775633 0.040978 
507 0.428522 0.000000 0.090070 97.834535 -11.947686 1.817207 0.028235 
508 0.452945 0.000000 0.112587 98.559435 -10.726202 2.255643 0.016590 
509 0.428522 0.000000 0.135105 98.680301 -11.736515 1.252118 0.012288 
510 0.391886 0.000000 0.101329 102.906089 -12.657155 2.192396 -0.075467 
511 0.379675 0.000000 0.101329 104.976918 -12.660184 2.368438 -0.118604 
512 0.391886 0.000000 0.090070 102.847381 -12.633932 1.991309 -0.074117 
513 0.404098 0.000000 0.101329 100.491055 -12.596093 2.118077 -0.026160 
514 0.391886 0.000000 0.112587 102.821128 -12.655914 2.171017 -0.073707 
515 1.332192 0.000000 -0.180140 102.170421 -8.353007 2.489398 -0.051476 
516 1.332192 0.000000 -0.360279 99.637306 -7.653710 5.610685 -0.001765 
517 1.527580 0.000000 -0.180140 102.366517 -7.884339 2.619142 -0.054793 
518 1.332192 0.000000 0.000000 101.424869 -6.531039 3.400611 -0.034122 
519 1.332192 0.000000 0.180140 101.382016 -8.707320 2.094461 -0.035852 
520 1.527580 0.000000 0.180140 101.845232 -8.361863 2.178212 -0.044712 
521 1.332192 0.000000 0.360279 99.629595 -7.720542 5.222751 -0.001294 
522 1.234498 0.000000 -0.090070 98.603455 -11.111023 1.166399 0.015254 
523 1.136804 0.000000 -0.090070 100.497186 -8.181951 4.359710 -0.018564 
524 1.234498 0.000000 -0.180140 100.188370 -12.244882 0.656145 -0.018808 
525 1.332192 0.000000 -0.090070 100.165937 -9.344290 1.864654 -0.012401 
526 1.234498 0.000000 0.000000 75.982925 -0.001866 0.580068 0.422626 
527 1.234498 0.000000 0.090070 99.438343 -11.301647 1.125997 -0.001698 
528 1.136804 0.000000 0.090070 101.506382 -8.231625 4.357552 -0.039029 
529 1.332192 0.000000 0.090070 100.062475 -9.638645 1.787440 -0.010860 
530 1.234498 0.000000 0.180140 101.485180 -12.320247 0.649172 -0.045145 
531 4.263014 0.000000 -8.646699 99.512941 -6.978389 6.955532 0.000010 
532 4.263014 0.000000 -11.528932 99.512916 -6.974583 6.956960 0.000014 
533 7.389224 0.000000 -8.646699 99.513301 -6.975807 6.955168 0.000007 
534 2.699909 0.000000 -4.323349 99.514476 -6.997574 6.947041 -0.000036 
535 2.699909 0.000000 -5.764466 99.511459 -6.991091 6.951874 0.000027 
536 4.263014 0.000000 -4.323349 99.516418 -6.989306 6.947080 -0.000063 
537 1.918356 0.000000 -2.161675 99.546398 -6.897169 6.911949 -0.000483 
538 1.918356 0.000000 -2.882233 99.530711 -6.934499 6.933328 -0.000252 
539 2.699909 0.000000 -2.161675 99.535148 -6.945998 6.916571 -0.000333 
540 1.527580 0.000000 -1.080837 99.569906 -7.022526 6.753682 -0.000909 
541 1.527580 0.000000 -1.441116 99.548279 -7.002539 6.847939 -0.000579 
542 1.918356 0.000000 -1.080837 99.683516 -6.992040 6.755821 -0.003133 
543 1.332192 0.000000 -0.540419 99.587225 -7.192875 6.262808 -0.000858 
544 1.136804 0.000000 -0.540419 99.490818 -7.183340 6.269326 0.001067 
545 1.332192 0.000000 -0.720558 99.761467 -7.111567 6.569652 -0.004608 
546 1.527580 0.000000 -0.540419 99.809216 -7.248913 6.362860 -0.005491 
547 1.234498 0.000000 -0.270209 99.671758 -7.992561 4.671266 -0.002016 
548 1.136804 0.000000 -0.270209 101.248583 -11.940305 0.929031 -0.039471 
549 1.234498 0.000000 -0.360279 99.512626 -7.440823 5.640538 0.001006 
550 1.332192 0.000000 -0.270209 102.254567 -11.647615 0.679200 -0.059212 
551 10.515434 0.000000 -2.882233 99.515578 -6.966032 6.933312 0.000005 
552 10.515434 0.000000 -5.764466 99.513886 -6.972813 6.951014 0.000005 
553 13.641644 0.000000 -2.882233 99.515576 -6.964204 6.937145 0.000003 
554 10.515434 0.000000 0.000000 99.553046 -6.527142 6.837918 -0.000017 
555 5.826119 0.000000 -1.441116 99.520652 -6.958455 6.854230 0.000024 
556 5.826119 0.000000 -2.882233 99.516200 -6.979129 6.929988 -0.000021 
557 7.389224 0.000000 -1.441116 99.520672 -6.951461 6.866814 0.000016 
558 5.826119 0.000000 0.000000 99.693646 -5.211618 6.121006 -0.000345 
559 3.481461 0.000000 -0.720558 99.536474 -6.946437 6.544094 0.000141 
560 3.481461 0.000000 -1.441116 99.526673 -6.960407 6.851550 -0.000095 
561 4.263014 0.000000 -0.720558 99.540875 -6.904269 6.590492 0.000051 
562 3.481461 0.000000 0.000000 100.063505 -3.379134 2.380883 -0.002979 
563 2.309132 0.000000 -0.360279 98.961416 -7.336102 5.174968 0.012604 
564 2.309132 0.000000 -0.720558 99.551837 -7.061048 6.583845 -0.000377 
565 2.699909 0.000000 -0.360279 99.607711 -6.912445 5.470898 0.000059 
566 2.309132 0.000000 0.000000 141.803297 -4.397333 1.470765 -1.012967 
567 1.722968 0.000000 -0.180140 102.366853 -7.614595 2.570481 -0.054356 
568 1.722968 0.000000 -0.360279 99.578515 -7.267478 5.736588 -0.000161 
569 1.918356 0.000000 -0.180140 102.055023 -8.012648 2.585121 -0.048611 
570 1.722968 0.000000 0.000000 102.373663 -6.658381 2.906393 -0.053315 
571 1.429886 0.000000 -0.090070 101.896287 -8.461680 2.389692 -0.046016 
572 1.429886 0.000000 -0.180140 102.149227 -8.603470 2.337644 -0.051395 
573 1.527580 0.000000 -0.090070 102.146628 -7.768289 2.538977 -0.050073 
574 1.429886 0.000000 0.000000 101.424416 -6.529749 3.401447 -0.034112 
575 1.283345 0.000000 -0.135105 99.471173 -10.359493 1.348193 -0.000365 
576 1.234498 0.000000 -0.135105 98.818169 -11.379549 1.055861 0.010436 
577 1.283345 0.000000 -0.180140 100.434131 -11.061809 1.039455 -0.021046 
578 1.332192 0.000000 -0.135105 100.341158 -8.959244 2.175210 -0.015335 
579 1.283345 0.000000 -0.090070 99.119513 -10.095806 1.430985 0.007135 
580 10.515434 0.000000 2.882233 99.512003 -7.033018 6.919197 0.000002 
581 13.641644 0.000000 2.882233 99.510254 -7.050217 6.929169 -0.000001 
582 10.515434 0.000000 5.764466 99.513342 -6.986532 6.948310 0.000000 
583 5.826119 0.000000 1.441116 99.509720 -7.165151 6.790842 0.000036 
584 7.389224 0.000000 1.441116 99.504792 -7.234089 6.818059 -0.000002 
585 5.826119 0.000000 2.882233 99.511575 -7.006784 6.918200 0.000049 
586 3.481461 0.000000 0.720558 99.492660 -7.569685 6.282561 0.000444 
587 4.263014 0.000000 0.720558 99.490507 -7.795475 6.323315 0.000089 
588 3.481461 0.000000 1.441116 99.494593 -7.100137 6.798041 0.000420 
589 2.309132 0.000000 0.360279 98.666693 -8.315263 4.848162 0.017224 
590 2.699909 0.000000 0.360279 99.525398 -8.578705 4.507028 0.000079 
591 2.309132 0.000000 0.720558 99.218045 -7.317694 6.307592 0.006245 
592 1.722968 0.000000 0.180140 102.419450 -8.359919 2.210666 -0.056452 
593 1.918356 0.000000 0.180140 102.658629 -8.683862 1.526048 -0.061653 
594 1.722968 0.000000 0.360279 99.255805 -7.632342 4.956350 0.006547 
595 1.429886 0.000000 0.090070 101.460188 -8.767496 2.253945 -0.037612 
596 1.527580 0.000000 0.090070 101.805243 -8.072284 2.450513 -0.043547 
597 1.429886 0.000000 0.180140 101.417260 -9.022591 2.069220 -0.037115 
598 4.263014 0.000000 8.646699 99.514268 -6.975055 6.954835 -0.000011 
599 7.389224 0.000000 8.646699 99.513713 -6.978143 6.954343 -0.000004 
600 4.263014 0.000000 11.528932 99.514061 -6.978101 6.956697 -0.000014 
601 2.699909 0.000000 4.323349 99.515142 -6.961505 6.942747 0.000007 
602 4.263014 0.000000 4.323349 99.511065 -6.976075 6.942583 0.000068 
603 2.699909 0.000000 5.764466 99.517676 -6.967932 6.949966 -0.000062 
604 1.918356 0.000000 2.161675 99.509728 -7.056255 6.886853 0.000059 
605 2.699909 0.000000 2.161675 99.493974 -7.044107 6.889879 0.000386 
606 1.918356 0.000000 2.882233 99.506486 -7.033417 6.922645 0.000107 
607 1.527580 0.000000 1.080837 99.460156 -6.989804 6.669940 0.001433 
608 1.918356 0.000000 1.080837 99.396667 -7.069887 6.639696 0.002623 
609 1.527580 0.000000 1.441116 99.519717 -7.010674 6.812772 0.000026 
610 1.332192 0.000000 0.540419 99.348951 -7.261439 6.122847 0.003957 
611 1.136804 0.000000 0.540419 99.475655 -7.199929 6.341764 0.001254 
612 1.527580 0.000000 0.540419 99.262792 -7.332631 6.022848 0.005686 
613 1.332192 0.000000 0.720558 99.382748 -7.123361 6.473953 0.003042 
614 1.234498 0.000000 0.270209 100.197215 -8.076239 4.705710 -0.012685 
615 1.136804 0.000000 0.270209 102.874467 -11.984146 0.920170 -0.072762 
616 1.332192 0.000000 0.270209 101.363827 -12.167430 0.628361 -0.042307 
617 1.234498 0.000000 0.360279 99.875299 -7.498962 5.505535 -0.006162 
618 1.283345 0.000000 0.135105 99.534731 -10.662708 1.182694 -0.002225 
619 1.234498 0.000000 0.135105 99.663198 -11.562450 1.023318 -0.006749 
620 1.283345 0.000000 0.090070 99.300560 -10.368297 1.298391 0.003021 
621 1.332192 0.000000 0.135105 100.100127 -9.246503 1.982866 -0.010947 
622 1.283345 0.000000 0.180140 100.161026 -11.451361 0.917048 -0.016421 
623 2.113744 0.000000 -0.180140 101.529821 -7.285106 6.102588 -0.039862 
624 2.113744 0.000000 -0.360279 99.437525 -7.340402 5.800675 0.002465 
625 2.309132 0.000000 -0.180140 97.911496 -6.626353 0.411439 0.036926 
626 2.113744 0.000000 0.000000 97.266875 0.513051 -0.411871 0.053872 
627 2.113744 0.000000 0.180140 100.808547 -8.514109 -2.174008 -0.023958 
628 2.309132 0.000000 0.180140 97.550561 -8.004489 4.270752 0.040158 
629 2.113744 0.000000 0.360279 99.356193 -8.144486 4.042143 0.004568 
630 2.016050 0.000000 -0.090070 101.638245 -8.179516 1.679167 -0.040006 
631 1.918356 0.000000 -0.090070 102.064370 -7.480547 2.714436 -0.048046 
632 2.016050 0.000000 -0.180140 101.820068 -9.679534 0.810210 -0.046168 
633 2.113744 0.000000 -0.090070 108.212980 -8.765207 11.392339 -0.191666 
634 2.016050 0.000000 0.000000 102.325011 -6.713615 2.902179 -0.052390 
635 2.016050 0.000000 0.090070 102.572101 -9.798446 1.647147 -0.061976 
636 1.918356 0.000000 0.090070 102.426366 -7.839254 2.211808 -0.055751 
637 2.113744 0.000000 0.090070 105.899414 -10.112168 -11.051395 -0.143908 
638 2.016050 0.000000 0.180140 102.759236 -10.950612 0.694422 -0.067986 
639 2.309132 0.000000 -1.080837 99.653747 -7.026004 6.809842 -0.002661 
640 2.309132 0.000000 -1.441116 99.557121 -7.021808 6.862899 -0.000803 
641 2.699909 0.000000 -1.080837 99.540357 -7.001746 6.786166 -0.000336 
642 2.113744 0.000000 -0.540419 99.339275 -7.128148 6.309638 0.004109 
643 1.918356 0.000000 -0.540419 99.594006 -7.086782 6.258552 -0.000836 
644 2.113744 0.000000 -0.720558 99.639547 -7.075025 6.601854 -0.002168 
645 2.309132 0.000000 -0.540419 99.528530 -7.134718 6.313709 0.000330 
646 2.016050 0.000000 -0.270209 99.871899 -7.432700 4.818628 -0.005286 
647 1.918356 0.000000 -0.270209 101.940994 -10.520332 1.365939 -0.050451 
648 2.016050 0.000000 -0.360279 99.571403 -7.329585 5.675979 -0.000040 
649 2.113744 0.000000 -0.270209 99.555586 -7.435127 5.499120 0.000316 
650 3.090685 0.000000 -0.360279 99.608013 -6.831339 5.672393 -0.000060 
651 3.090685 0.000000 -0.720558 99.559866 -7.011497 6.562792 -0.000440 
652 3.481461 0.000000 -0.360279 99.598808 -6.698668 5.789774 0.000168 
653 3.090685 0.000000 0.000000 100.002091 -4.005923 2.243436 -0.002150 
654 2.504521 0.000000 -0.180140 100.134613 -6.190665 3.022084 -0.007440 
655 2.504521 0.000000 -0.360279 99.513951 -7.079497 5.285460 0.001892 
656 2.699909 0.000000 -0.180140 99.815708 -6.015410 3.830011 -0.001403 
657 2.504521 0.000000 0.000000 101.184992 -4.261830 1.720806 -0.025953 
658 2.211438 0.000000 -0.090070 89.956696 -7.844522 16.315918 0.158005 
659 2.211438 0.000000 -0.180140 96.144213 -7.034044 5.644409 0.067495 
660 2.309132 0.000000 -0.090070 109.724986 -5.126929 -15.163006 -0.229577 
661 2.211438 0.000000 0.000000 153.855940 -0.413472 0.024464 -1.367182 
662 2.064897 0.000000 -0.135105 101.771136 -9.247869 0.605579 -0.044325 
663 2.016050 0.000000 -0.135105 101.573029 -8.725723 1.633343 -0.039589 
664 2.064897 0.000000 -0.180140 101.863492 -7.236996 3.965233 -0.044427 
665 2.113744 0.000000 -0.135105 105.048368 -7.707813 7.999111 -0.115856 
666 2.064897 0.000000 -0.090070 102.077443 -8.840344 3.382388 -0.050940 
667 3.090685 0.000000 0.360279 99.472834 -9.242653 4.345234 0.000085 
668 3.481461 0.000000 0.360279 99.464016 -10.027863 4.237387 -0.001160 
669 3.090685 0.000000 0.720558 99.456892 -7.539388 6.324796 0.001148 
670 2.504521 0.000000 0.180140 100.219367 -7.432554 1.552027 -0.010157 
671 2.699909 0.000000 0.180140 99.996482 -7.093271 0.460830 -0.004982 
672 2.504521 0.000000 0.360279 99.302445 -8.456697 4.860582 0.004388 
673 2.211438 0.000000 0.090070 88.015697 -9.087166 -15.904433 0.191771 
674 2.309132 0.000000 0.090070 109.349289 -5.577284 19.127793 -0.235425 
675 2.211438 0.000000 0.180140 95.450744 -8.387600 -1.403308 0.081683 
676 2.309132 0.000000 1.080837 99.370185 -7.142674 6.667424 0.003009 
677 2.699909 0.000000 1.080837 99.417881 -7.187421 6.685831 0.001973 
678 2.309132 0.000000 1.441116 99.481382 -7.051677 6.789935 0.000763 
679 2.113744 0.000000 0.540419 98.973641 -7.509735 5.705552 0.011527 
680 1.918356 0.000000 0.540419 99.209208 -7.372133 5.801876 0.006952 
681 2.309132 0.000000 0.540419 99.163583 -7.663081 5.806378 0.007415 
682 2.113744 0.000000 0.720558 99.348263 -7.278569 6.242471 0.003798 
683 2.016050 0.000000 0.270209 100.253945 -8.308580 3.078160 -0.012936 
684 1.918356 0.000000 0.270209 102.806917 -11.852601 1.165758 -0.071111 
685 2.113744 0.000000 0.270209 99.440297 -8.512281 2.044015 0.003499 
686 2.016050 0.000000 0.360279 99.708117 -7.931344 4.376350 -0.002377 
687 2.064897 0.000000 0.135105 102.702262 -10.651937 0.566362 -0.066154 
688 2.016050 0.000000 0.135105 102.559120 -10.480755 1.578009 -0.063071 
689 2.064897 0.000000 0.090070 102.582814 -10.400961 -2.019165 -0.063549 
690 2.113744 0.000000 0.135105 103.515362 -8.973867 -6.146211 -0.083374 
691 2.064897 0.000000 0.180140 101.593343 -8.380235 -0.197739 -0.039147 
692 2.211438 0.000000 -0.270209 97.961795 -7.372223 5.231249 0.032177 
693 2.211438 0.000000 -0.360279 98.921605 -7.275837 5.597974 0.013024 
694 2.309132 0.000000 -0.270209 98.416071 -7.097912 3.820249 0.024930 
695 2.162591 0.000000 -0.135105 99.394836 -7.400510 10.183140 -0.003780 
696 2.162591 0.000000 -0.180140 98.927871 -7.215349 6.972047 0.011261 
697 2.211438 0.000000 -0.135105 93.591986 -6.917888 8.273613 0.112423 
698 2.162591 0.000000 -0.090070 99.981616 -8.559393 15.948191 -0.032393 
699 2.064897 0.000000 -0.045035 101.733331 -9.173185 0.541918 -0.043411 
700 2.016050 0.000000 -0.045035 101.746180 -6.999544 2.553105 -0.040780 
701 2.113744 0.000000 -0.045035 94.735785 0.483412 4.004716 0.100886 
702 2.064897 0.000000 0.000000 89.241742 0.636314 -0.424213 0.203533 
703 2.089321 0.000000 -0.112587 106.668907 -8.545801 5.739359 -0.148423 
704 2.064897 0.000000 -0.112587 103.245809 -8.655082 4.569344 -0.075549 
705 2.089321 0.000000 -0.135105 101.699694 -8.802072 0.207727 -0.042035 
706 2.113744 0.000000 -0.112587 108.276461 -8.765290 11.257674 -0.192736 
707 2.089321 0.000000 -0.090070 106.387747 -8.550396 5.457270 -0.142124 
708 2.064897 0.000000 0.045035 102.708665 -10.572034 0.510414 -0.066110 
709 2.016050 0.000000 0.045035 102.485866 -8.411540 2.662338 -0.058119 
710 2.113744 0.000000 0.045035 96.052618 0.600374 -4.827861 0.075023 
711 2.211438 0.000000 0.270209 97.487034 -8.723528 2.436913 0.041424 
712 2.309132 0.000000 0.270209 98.085173 -8.692912 3.986013 0.028784 
713 2.211438 0.000000 0.360279 98.818905 -8.262886 4.247382 0.014851 
714 2.162591 0.000000 0.135105 98.239441 -8.706965 -8.052605 0.020836 
715 2.162591 0.000000 0.090070 98.155672 -9.915520 -15.574304 0.002459 
716 2.211438 0.000000 0.135105 92.510025 -8.170072 -5.817263 0.134130 
717 2.162591 0.000000 0.180140 98.178914 -8.511129 -2.895804 0.028008 
718 2.089321 0.000000 0.112587 105.209507 -9.795986 -5.395609 -0.119411 
719 2.064897 0.000000 0.112587 103.082805 -10.034980 -3.783604 -0.074108 
720 2.089321 0.000000 0.090070 105.074091 -9.811818 -5.068353 -0.116252 
721 2.113744 0.000000 0.112587 105.960258 -10.110494 -10.919323 -0.144903 
722 2.089321 0.000000 0.135105 102.706980 -10.008590 0.184185 -0.064893 
723 2.162591 0.000000 -0.045035 117.230013 0.084795 8.436506 -0.381406 
724 2.211438 0.000000 -0.045035 153.714167 -0.587057 11.889966 -1.376976 
725 2.162591 0.000000 0.000000 119.543285 0.157136 -0.281797 -0.429070 
726 2.138168 0.000000 -0.112587 104.088285 -8.717807 15.440531 -0.114878 
727 2.138168 0.000000 -0.135105 102.249098 -7.579360 9.835124 -0.060905 
728 2.162591 0.000000 -0.112587 99.803064 -8.186167 13.218772 -0.020240 
729 2.138168 0.000000 -0.090070 103.745969 -8.708424 15.389835 -0.107591 
730 2.089321 0.000000 -0.067552 101.699261 -8.800384 0.209082 -0.042023 
731 2.064897 0.000000 -0.067552 101.451149 -9.354313 1.514509 -0.038213 
732 2.113744 0.000000 -0.067552 91.842580 0.622480 6.212731 0.152595 
733 2.089321 0.000000 -0.045035 89.100120 0.694384 1.753925 0.205761 
734 2.101533 0.000000 -0.101329 108.811479 -8.690215 8.227960 -0.198316 
735 2.089321 0.000000 -0.101329 107.245023 -8.560407 6.020596 -0.161102 
736 2.101533 0.000000 -0.112587 109.096327 -8.703146 7.559233 -0.203490 
737 2.113744 0.000000 -0.101329 108.187561 -8.773173 11.762038 -0.191986 
738 2.101533 0.000000 -0.090070 109.122846 -8.709323 8.157827 -0.205020 
739 2.162591 0.000000 0.045035 118.017853 0.354107 -8.917596 -0.400786 
740 2.211438 0.000000 0.045035 154.410416 -0.198142 -11.974973 -1.398602 
741 2.089321 0.000000 0.067552 102.707082 -10.007355 0.185392 -0.064893 
742 2.064897 0.000000 0.067552 102.581672 -11.502246 1.733400 -0.065831 
743 2.089321 0.000000 0.045035 90.671161 0.748056 -2.711503 0.177083 
744 2.113744 0.000000 0.067552 93.935275 0.678696 -6.958018 0.112729 
745 2.138168 0.000000 0.112587 102.072956 -10.131353 -15.053811 -0.074815 
746 2.138168 0.000000 0.090070 101.768450 -10.110750 -15.009185 -0.068432 
747 2.162591 0.000000 0.112587 98.204400 -9.570150 -12.172362 0.011614 
748 2.138168 0.000000 0.135105 100.931844 -8.879374 -7.819188 -0.032722 
749 2.101533 0.000000 0.101329 106.571389 -9.979561 -7.956584 -0.152036 
750 2.089321 0.000000 0.101329 105.583712 -9.808569 -5.711315 -0.127675 
751 2.101533 0.000000 0.090070 106.834348 -10.000295 -7.886293 -0.157578 
752 2.113744 0.000000 0.101329 105.866981 -10.120871 -11.411799 -0.144048 
753 2.101533 0.000000 0.112587 106.868459 -9.985334 -7.299867 -0.157386 
754 2.138168 0.000000 -0.067552 102.015421 0.328455 9.806314 -0.050342 
755 2.162591 0.000000 -0.067552 114.753486 0.102596 12.778955 -0.333167 
756 2.138168 0.000000 -0.045035 104.245993 0.280881 6.400252 -0.090827 
757 2.125956 0.000000 -0.101329 105.248421 -8.722811 15.273088 -0.138658 
758 2.125956 0.000000 -0.112587 106.021937 -8.747275 14.582622 -0.152982 
759 2.138168 0.000000 -0.101329 103.865918 -8.713685 15.407325 -0.110144 
760 2.125956 0.000000 -0.090070 105.936341 -8.745841 14.637525 -0.151326 
761 2.138168 0.000000 0.067552 103.506122 0.503576 -10.377880 -0.082147 
762 2.138168 0.000000 0.045035 105.273113 0.456671 -7.070228 -0.113262 
763 2.162591 0.000000 0.067552 116.023356 0.347340 -13.179848 -0.363525 
764 2.125956 0.000000 0.101329 103.125091 -10.151449 -14.874608 -0.095909 
765 2.125956 0.000000 0.090070 103.761930 -10.148816 -14.245315 -0.107247 
766 2.138168 0.000000 0.101329 101.874571 -10.119919 -15.024532 -0.070658 
767 2.125956 0.000000 0.112587 103.840644 -10.149334 -14.190616 -0.108726 
768 2.406827 0.000000 -0.090070 103.047215 -4.922797 0.475613 -0.064319 
769 2.406827 0.000000 -0.180140 100.374440 -6.267679 1.905032 -0.011794 
770 2.504521 0.000000 -0.090070 100.827014 -4.767674 2.314877 -0.019418 
771 2.406827 0.000000 0.000000 105.442207 -4.528612 1.592840 -0.114110 
772 2.260285 0.000000 -0.135105 90.306180 -6.331529 0.301235 0.180461 
773 2.260285 0.000000 -0.180140 95.326189 -6.842273 2.420600 0.086024 
774 2.309132 0.000000 -0.135105 98.567777 -5.898970 -4.588066 0.022855 
775 2.260285 0.000000 -0.090070 73.200622 -7.419315 12.156295 0.443885 
776 2.187015 0.000000 -0.112587 96.406725 -7.675730 13.173785 0.047328 
777 2.187015 0.000000 -0.135105 96.782109 -7.179852 9.755578 0.048650 
778 2.211438 0.000000 -0.112587 90.849814 -7.125387 11.856508 0.155496 
779 2.187015 0.000000 -0.090070 93.784007 -8.222882 17.171087 0.084210 
780 2.150380 0.000000 -0.101329 102.748525 -8.670731 15.242594 -0.086478 
781 2.150380 0.000000 -0.112587 103.169516 -8.691008 15.304689 -0.095372 
782 2.162591 0.000000 -0.101329 100.280408 -8.569695 15.677896 -0.037540 
783 2.150380 0.000000 -0.090070 102.690987 -8.668313 15.233957 -0.085265 
784 2.406827 0.000000 0.090070 103.048096 -5.197029 3.063974 -0.065531 
785 2.504521 0.000000 0.090070 100.945808 -4.726124 1.302947 -0.021409 
786 2.406827 0.000000 0.180140 100.311966 -7.604369 2.849797 -0.012844 
787 2.260285 0.000000 0.135105 89.175892 -7.425483 2.807341 0.198464 
788 2.260285 0.000000 0.090070 70.459765 -8.188553 -11.618761 0.483337 
789 2.309132 0.000000 0.135105 98.097473 -6.876829 8.200636 0.026234 
790 2.260285 0.000000 0.180140 94.720812 -8.214589 2.081956 0.095615 
791 2.187015 0.000000 0.112587 95.014538 -8.972214 -11.788632 0.075277 
792 2.187015 0.000000 0.090070 92.032364 -9.493742 -16.781284 0.115830 
793 2.211438 0.000000 0.112587 89.501072 -8.404155 -10.372249 0.181134 
794 2.187015 0.000000 0.135105 95.737738 -8.436534 -7.472465 0.070727 
795 2.150380 0.000000 0.101329 100.864784 -10.045927 -14.876953 -0.049595 
796 2.150380 0.000000 0.090070 100.809147 -10.042949 -14.868676 -0.048442 
797 2.162591 0.000000 0.101329 98.459594 -9.925063 -15.310083 -0.002720 
798 2.150380 0.000000 0.112587 101.256142 -10.074459 -14.934272 -0.057733 
799 2.260285 0.000000 -0.045035 192.887613 -2.556910 2.310045 -2.721751 
800 2.309132 0.000000 -0.045035 135.627384 -4.746958 -12.170190 -0.856543 
801 2.260285 0.000000 0.000000 178.822928 -2.345699 0.744388 -2.198370 
802 2.187015 0.000000 -0.067552 130.820938 -0.188054 16.267254 -0.737878 
803 2.211438 0.000000 -0.067552 153.472133 -0.673191 19.990838 -1.395378 
804 2.187015 0.000000 -0.045035 133.661658 -0.215371 10.554656 -0.797689 
805 2.174803 0.000000 -0.101329 96.771755 -8.410705 16.719899 0.028493 
806 2.174803 0.000000 -0.112587 98.235543 -7.906562 13.188974 0.011332 
807 2.187015 0.000000 -0.101329 93.786884 -8.240852 17.172695 0.084121 
808 2.174803 0.000000 -0.090070 96.416054 -8.393623 16.813997 0.035078 
809 2.260285 0.000000 0.045035 195.065215 -2.228113 -1.019303 -2.805644 
810 2.309132 0.000000 0.045035 136.042844 -4.656962 15.589605 -0.877238 
811 2.187015 0.000000 0.067552 131.641572 0.226444 -16.402822 -0.759861 
812 2.187015 0.000000 0.045035 134.200424 0.163011 -10.841027 -0.812731 
813 2.211438 0.000000 0.067552 154.421257 -0.080196 -19.976581 -1.424499 
814 2.174803 0.000000 0.101329 94.995645 -9.737010 -16.336107 0.061415 
815 2.174803 0.000000 0.090070 94.644871 -9.717340 -16.428918 0.067801 
816 2.187015 0.000000 0.101329 92.053908 -9.508757 -16.785603 0.115391 
817 2.174803 0.000000 0.112587 96.736945 -9.250428 -11.902485 0.041472 
818 2.235862 0.000000 -0.067552 175.409465 -1.266764 18.650850 -2.111794 
819 2.235862 0.000000 -0.090070 77.430242 -7.423499 12.838057 0.378463 
820 2.260285 0.000000 -0.067552 71.357342 -7.461931 11.860656 0.471177 
821 2.235862 0.000000 -0.045035 174.464928 -1.334693 10.887794 -2.055834 
822 2.235862 0.000000 -0.112587 86.577015 -6.635274 7.135446 0.240948 
823 2.235862 0.000000 -0.135105 91.061448 -6.612639 5.096213 0.163811 
824 2.260285 0.000000 -0.112587 82.675879 -6.118103 -0.725455 0.312674 
825 2.223650 0.000000 -0.078811 83.332594 -7.597745 14.381280 0.279113 
826 2.211438 0.000000 -0.078811 89.451189 -7.830278 16.175309 0.167553 
827 2.223650 0.000000 -0.090070 83.280580 -7.589794 14.253855 0.280357 
828 2.235862 0.000000 -0.078811 77.283672 -7.420119 12.814139 0.380797 
829 2.223650 0.000000 -0.067552 165.622727 -0.937812 18.241708 -1.776453 
830 2.235862 0.000000 0.067552 177.088263 -0.696737 -18.452602 -2.170124 
831 2.235862 0.000000 0.045035 175.664871 -0.898976 -10.536522 -2.096997 
832 2.260285 0.000000 0.067552 68.522434 -8.187767 -11.297925 0.510999 
833 2.235862 0.000000 0.090070 74.928427 -8.438680 -12.356470 0.416184 
834 2.235862 0.000000 0.112587 84.970084 -7.823339 -5.225325 0.269158 
835 2.260285 0.000000 0.112587 80.878321 -7.207903 3.305732 0.339582 
836 2.235862 0.000000 0.135105 89.952763 -7.800577 -2.395270 0.184191 
837 2.223650 0.000000 0.078811 81.104237 -8.758725 -13.935601 0.315119 
838 2.211438 0.000000 0.078811 87.489564 -9.065691 -15.760520 0.201500 
839 2.223650 0.000000 0.067552 166.839183 -0.361002 -18.073471 -1.816209 
840 2.235862 0.000000 0.078811 74.773643 -8.428472 -12.331026 0.418581 
841 2.223650 0.000000 0.090070 81.056845 -8.758204 -13.811245 0.316233 
842 2.357979 0.000000 -0.045035 111.485728 -4.737309 -1.521655 -0.245382 
843 2.357979 0.000000 -0.090070 106.252100 -5.023496 -2.220180 -0.131967 
844 2.406827 0.000000 -0.045035 104.817053 -4.696119 0.735395 -0.100921 
845 2.357979 0.000000 0.000000 113.532527 -4.527094 1.594753 -0.291267 
846 2.284709 0.000000 -0.067552 164.977715 -4.820410 -48.880981 -1.963023 
847 2.284709 0.000000 -0.090070 92.067907 -5.380389 -36.181770 0.018543 
848 2.309132 0.000000 -0.067552 124.026792 -5.035034 -17.311815 -0.570770 
849 2.284709 0.000000 -0.045035 171.515473 -4.150010 -17.171285 -1.972963 
850 2.248074 0.000000 -0.078811 74.464455 -7.393860 12.358307 0.424765 
851 2.248074 0.000000 -0.090070 74.813550 -7.393858 12.414447 0.419415 
852 2.260285 0.000000 -0.078811 71.874824 -7.456165 11.944429 0.463575 
853 2.248074 0.000000 -0.067552 73.882287 -7.397406 12.264856 0.433626 
854 2.357979 0.000000 0.045035 111.486649 -4.675842 4.864821 -0.247480 
855 2.406827 0.000000 0.045035 104.803376 -4.723888 2.635144 -0.101301 
856 2.357979 0.000000 0.090070 106.213834 -5.289593 5.802106 -0.134302 
857 2.284709 0.000000 0.067552 167.030225 -4.710441 54.145276 -2.085300 
858 2.284709 0.000000 0.045035 173.254204 -3.947565 20.323683 -2.044565 
859 2.309132 0.000000 0.067552 124.167957 -5.029041 21.232459 -0.589379 
860 2.284709 0.000000 0.090070 90.345207 -5.936792 41.041952 0.011806 
861 2.248074 0.000000 0.078811 71.791020 -8.233140 -11.839210 0.463810 
862 2.248074 0.000000 0.067552 71.175758 -8.200284 -11.737497 0.472900 
863 2.260285 0.000000 0.078811 69.066776 -8.176458 -11.387908 0.503324 
864 2.248074 0.000000 0.090070 72.160488 -8.256041 -11.900244 0.458309 
865 5.044566 0.000000 0.720558 99.469451 -8.040118 6.454922 -0.000048 
866 5.044566 0.000000 0.000000 99.782632 -4.680466 5.357009 -0.000718 
867 5.826119 0.000000 0.720558 99.437305 -8.270253 6.717019 -0.000129 
868 5.044566 0.000000 1.441116 99.509670 -7.132209 6.788207 0.000088 
869 3.872238 0.000000 0.360279 99.385486 -11.189138 4.358545 -0.002167 
870 3.872238 0.000000 0.000000 100.099966 -1.737213 3.654352 -0.003638 
871 4.263014 0.000000 0.360279 99.247612 -12.793270 4.799564 -0.003679 
872 3.872238 0.000000 0.720558 99.494829 -7.679122 6.295624 0.000218 
873 5.044566 0.000000 -0.720558 99.540011 -6.890506 6.633837 0.000030 
874 5.044566 0.000000 -1.441116 99.521152 -6.965605 6.849768 0.000010 
875 5.826119 0.000000 -0.720558 99.538525 -6.874819 6.676007 0.000025 
876 3.872238 0.000000 -0.360279 99.599784 -6.648833 5.935057 0.000045 
877 3.872238 0.000000 -0.720558 99.540382 -6.920092 6.568303 0.000068 
878 4.263014 0.000000 -0.360279 99.595615 -6.622967 6.059234 0.000014 
879 3.676849 0.000000 0.180140 100.202025 -4.508082 -0.667054 -0.006121 
880 3.481461 0.000000 0.180140 100.173071 -4.721490 -0.559136 -0.005725 
881 3.676849 0.000000 0.000000 100.055551 -2.956181 3.005203 -0.002888 
882 3.872238 0.000000 0.180140 100.247636 -4.222085 -0.969787 -0.006835 
883 3.676849 0.000000 0.360279 99.431842 -10.567289 4.257395 -0.001648 
884 3.676849 0.000000 -0.180140 99.713709 -5.897425 4.973801 -0.000234 
885 3.481461 0.000000 -0.180140 99.723518 -5.873436 4.780834 -0.000213 
886 3.676849 0.000000 -0.360279 99.599548 -6.671281 5.861509 0.000107 
887 3.872238 0.000000 -0.180140 99.703883 -5.917583 5.152393 -0.000243 
888 4.653790 0.000000 0.360279 98.864974 -16.659329 6.438413 -0.009327 
889 4.653790 0.000000 0.000000 99.746638 -4.615595 5.917731 -0.000572 
890 5.044566 0.000000 0.360279 98.683280 -10.560887 15.175584 -0.008022 
891 4.653790 0.000000 0.720558 99.481543 -7.916930 6.376155 0.000009 
892 4.067626 0.000000 0.180140 100.335858 -2.461834 -0.425904 -0.007353 
893 4.067626 0.000000 0.000000 100.045610 -2.014209 4.189579 -0.003073 
894 4.263014 0.000000 0.180140 100.186620 -0.986888 3.216471 -0.004868 
895 4.067626 0.000000 0.360279 99.325214 -11.910592 4.542043 -0.002799 
896 3.774543 0.000000 0.090070 100.340945 -1.863710 0.038873 -0.007178 
897 3.676849 0.000000 0.090070 100.303017 -1.635562 0.777997 -0.006398 
898 3.774543 0.000000 0.000000 100.063478 -2.254225 3.625354 -0.003092 
899 3.872238 0.000000 0.090070 100.290837 -2.928741 -0.280506 -0.006691 
900 3.774543 0.000000 0.180140 100.220588 -4.412282 -0.804515 -0.006428 
901 3.286073 0.000000 0.180140 100.132677 -5.204373 -0.502783 -0.005389 
902 3.090685 0.000000 0.180140 100.064227 -5.798689 -0.484405 -0.004671 
903 3.286073 0.000000 0.000000 100.039868 -3.850071 2.242108 -0.002783 
904 3.286073 0.000000 0.360279 99.477787 -9.632482 4.301571 -0.000712 
905 3.579155 0.000000 0.090070 100.283067 -1.812033 0.846056 -0.006069 
906 3.481461 0.000000 0.090070 100.364669 -1.680991 -0.237629 -0.007595 
907 3.579155 0.000000 0.000000 100.069247 -3.140507 2.585773 -0.003040 
908 3.579155 0.000000 0.180140 100.187553 -4.593215 -0.588614 -0.005899 
909 4.653790 0.000000 -0.360279 99.590325 -6.613238 6.168336 -0.000002 
910 4.653790 0.000000 -0.720558 99.540663 -6.895313 6.613928 0.000037 
911 5.044566 0.000000 -0.360279 99.584848 -6.611633 6.260094 -0.000004 
912 4.067626 0.000000 -0.180140 99.693221 -5.941824 5.309799 -0.000224 
913 4.067626 0.000000 -0.360279 99.597925 -6.633390 5.999128 0.000026 
914 4.263014 0.000000 -0.180140 99.682850 -5.968397 5.453102 -0.000203 
915 3.774543 0.000000 -0.090070 99.803113 -4.981637 4.633551 -0.000695 
916 3.676849 0.000000 -0.090070 99.814857 -4.906144 4.505994 -0.000738 
917 3.774543 0.000000 -0.180140 99.709158 -5.906025 5.067248 -0.000247 
918 3.872238 0.000000 -0.090070 99.792047 -5.052209 4.746418 -0.000651 
919 3.725696 0.000000 0.045035 100.106879 -4.493580 0.740260 -0.004213 
920 3.676849 0.000000 0.045035 100.119787 -4.105572 0.928211 -0.004169 
921 3.725696 0.000000 0.000000 100.044464 -2.719116 3.416993 -0.002796 
922 3.774543 0.000000 0.045035 100.178065 -2.844065 1.390291 -0.004567 
923 3.725696 0.000000 0.090070 100.326876 -1.626286 0.463287 -0.006834 
924 4.458402 0.000000 0.180140 100.062540 -2.297433 3.699310 -0.003148 
925 4.458402 0.000000 0.000000 99.795605 -4.312167 5.506485 -0.000808 
926 4.653790 0.000000 0.180140 99.960291 -3.461057 4.011823 -0.002013 
927 4.458402 0.000000 0.360279 99.130469 -14.113216 5.176013 -0.005282 
928 4.165320 0.000000 0.090070 100.162732 -4.596734 -0.066991 -0.005371 
929 4.067626 0.000000 0.090070 100.189304 -4.059172 0.076688 -0.005438 
930 4.165320 0.000000 0.000000 99.804461 -0.678596 8.990929 -0.004223 
931 4.263014 0.000000 0.090070 100.048272 -5.650303 0.526504 -0.004186 
932 4.165320 0.000000 0.180140 100.344290 -0.264750 1.672009 -0.007184 
933 4.458402 0.000000 -0.180140 99.672874 -5.996749 5.583383 -0.000182 
934 4.458402 0.000000 -0.360279 99.593080 -6.615560 6.115474 0.000005 
935 4.653790 0.000000 -0.180140 99.663337 -6.027481 5.702264 -0.000163 
936 4.165320 0.000000 -0.090070 99.763621 -5.228577 5.021563 -0.000533 
937 4.067626 0.000000 -0.090070 99.772251 -5.177241 4.936728 -0.000568 
938 4.165320 0.000000 -0.180140 99.687984 -5.954992 5.383114 -0.000213 
939 4.263014 0.000000 -0.090070 99.755593 -5.272736 5.103181 -0.000502 
940 4.360708 0.000000 0.090070 100.297897 -1.214062 1.414936 -0.006314 
941 4.360708 0.000000 0.000000 99.731261 -4.584284 6.144724 -0.000510 
942 4.458402 0.000000 0.090070 100.170018 1.316723 5.789889 -0.006929 
943 4.360708 0.000000 0.180140 100.116857 -1.688054 3.522958 -0.003865 
944 4.214167 0.000000 0.045035 100.224886 -0.383517 3.277581 -0.005592 
945 4.165320 0.000000 0.045035 100.257764 -0.337953 2.846626 -0.005984 
946 4.214167 0.000000 0.000000 99.907678 -2.773100 5.421589 -0.001863 
947 4.263014 0.000000 0.045035 100.194108 -0.485886 3.621087 -0.005221 
948 4.214167 0.000000 0.090070 100.126560 -5.158145 -0.105760 -0.005195 
949 4.360708 0.000000 -0.090070 99.747917 -5.311671 5.183270 -0.000473 
950 4.360708 0.000000 -0.180140 99.677796 -5.982421 5.519543 -0.000192 
951 4.458402 0.000000 -0.090070 99.740428 -5.347277 5.263029 -0.000445 
952 4.311861 0.000000 0.045035 100.166291 -0.616675 3.893328 -0.004882 
953 4.311861 0.000000 0.000000 99.809119 -4.659227 4.951449 -0.000809 
954 4.360708 0.000000 0.045035 100.141232 -0.762650 4.110306 -0.004574 
955 4.311861 0.000000 0.090070 100.132650 -4.781143 0.197128 -0.004945 
956 3.481461 0.000000 2.161675 99.500598 -7.035497 6.890266 0.000266 
957 4.263014 0.000000 2.161675 99.508647 -7.014815 6.886841 0.000139 
958 3.481461 0.000000 2.882233 99.507732 -6.997176 6.920946 0.000135 
959 3.872238 0.000000 1.080837 99.501124 -7.228550 6.659796 0.000292 
960 3.481461 0.000000 1.080837 99.495655 -7.201089 6.658468 0.000442 
961 4.263014 0.000000 1.080837 99.504566 -7.259253 6.658167 0.000181 
962 3.872238 0.000000 1.441116 99.501521 -7.107099 6.794929 0.000277 
963 4.067626 0.000000 0.540419 99.461784 -8.599327 5.898979 -0.000139 
964 3.872238 0.000000 0.540419 99.472464 -8.452599 5.846269 -0.000040 
965 4.263014 0.000000 0.540419 99.448231 -8.753506 5.972694 -0.000225 
966 4.067626 0.000000 0.720558 99.493416 -7.735611 6.306706 0.000145 
967 4.165320 0.000000 0.270209 100.106324 -2.713367 2.613704 -0.003547 
968 4.067626 0.000000 0.270209 99.529893 -11.260475 2.272218 -0.003816 
969 4.263014 0.000000 0.270209 99.769962 -5.076997 5.068961 -0.000552 
970 4.165320 0.000000 0.360279 99.289147 -12.322397 4.662660 -0.003192 
971 4.214167 0.000000 0.135105 100.133176 -3.109232 1.850019 -0.003974 
972 4.165320 0.000000 0.135105 100.153088 -2.824916 1.843299 -0.004202 
973 4.263014 0.000000 0.135105 100.112689 -3.407011 1.850876 -0.003758 
974 4.214167 0.000000 0.180140 100.246612 -0.540504 2.799489 -0.005751 
975 4.238590 0.000000 0.067552 100.591068 4.275174 2.712786 -0.014420 
976 4.214167 0.000000 0.067552 100.952958 7.126801 0.393575 -0.024245 
977 4.238590 0.000000 0.045035 100.209141 -0.429843 3.459351 -0.005402 
978 4.263014 0.000000 0.067552 100.460727 2.967657 3.268803 -0.011185 
979 4.238590 0.000000 0.090070 100.086916 -5.543159 0.078360 -0.004812 
980 3.969932 0.000000 0.090070 100.223702 -3.652279 -0.024710 -0.005813 
981 3.969932 0.000000 0.000000 100.115044 -1.660826 3.534843 -0.003828 
982 3.969932 0.000000 0.180140 100.288786 -3.710983 -1.023451 -0.007266 
983 4.116473 0.000000 0.045035 100.289156 -0.401160 2.327386 -0.006349 
984 4.067626 0.000000 0.045035 100.311144 -0.638319 1.767683 -0.006586 
985 4.116473 0.000000 0.000000 100.101836 -2.568545 2.837181 -0.003502 
986 4.116473 0.000000 0.090070 100.177817 -4.278264 0.029226 -0.005390 
987 4.189743 0.000000 0.067552 101.185172 2.540026 -7.527250 -0.030155 
988 4.165320 0.000000 0.067552 100.642493 -1.810581 -4.132114 -0.014926 
989 4.189743 0.000000 0.045035 100.241197 -0.350998 3.073755 -0.005787 
990 4.189743 0.000000 0.090070 100.149470 -4.834336 -0.112085 -0.005330 
991 5.826119 0.000000 4.323349 99.514624 -6.987043 6.939348 -0.000013 
992 7.389224 0.000000 4.323349 99.513161 -6.992221 6.940417 0.000007 
993 5.826119 0.000000 5.764466 99.513371 -6.981891 6.949015 0.000005 
994 5.044566 0.000000 2.161675 99.510307 -7.028435 6.884711 0.000090 
995 5.826119 0.000000 2.161675 99.512363 -7.039455 6.882394 0.000037 
996 5.044566 0.000000 2.882233 99.512388 -6.998839 6.917029 0.000046 
997 4.653790 0.000000 1.080837 99.505551 -7.280692 6.660900 0.000127 
998 5.044566 0.000000 1.080837 99.505003 -7.320011 6.666073 0.000074 
999 4.653790 0.000000 1.441116 99.509197 -7.114645 6.788393 0.000122 
1000 4.458402 0.000000 0.540419 99.432185 -8.910992 6.070541 -0.000302 
1001 4.653790 0.000000 0.540419 99.413783 -9.065648 6.196845 -0.000369 
1002 4.458402 0.000000 0.720558 99.486541 -7.853809 6.346896 0.000046 
1003 4.360708 0.000000 0.270209 99.630810 -6.915326 5.228419 -0.000146 
1004 4.458402 0.000000 0.270209 99.456277 -7.930871 6.717322 0.000043 
1005 4.360708 0.000000 0.360279 99.197251 -13.365487 4.959116 -0.004332 
1006 4.311861 0.000000 0.135105 100.091921 -3.718893 1.841260 -0.003561 
1007 4.360708 0.000000 0.135105 100.071381 -4.046840 1.811634 -0.003394 
1008 4.311861 0.000000 0.180140 100.147716 -1.359963 3.405006 -0.004301 
1009 4.238590 0.000000 0.112587 100.133221 -4.108194 0.852977 -0.004427 
1010 4.214167 0.000000 0.112587 100.140898 -3.986675 0.861755 -0.004484 
1011 4.263014 0.000000 0.112587 100.126053 -4.221985 0.844453 -0.004376 
1012 4.238590 0.000000 0.135105 100.122987 -3.256466 1.851427 -0.003864 
1013 4.226378 0.000000 0.078811 100.288392 -3.808233 -1.064108 -0.007340 
1014 4.214167 0.000000 0.078811 100.315421 -3.544192 -1.187505 -0.007716 
1015 4.226378 0.000000 0.067552 100.717081 5.420421 2.057397 -0.017754 
1016 4.238590 0.000000 0.078811 100.270355 -4.015155 -1.012048 -0.007129 
1017 4.226378 0.000000 0.090070 100.109051 -5.352157 -0.048263 -0.005047 
1018 8.952329 0.000000 1.441116 99.496453 -7.292458 6.879150 -0.000005 
1019 8.952329 0.000000 0.000000 99.572118 -6.328946 6.763091 -0.000040 
1020 10.515434 0.000000 1.441116 99.487945 -7.326554 6.968170 -0.000008 
1021 8.952329 0.000000 2.882233 99.512520 -7.025780 6.917169 0.000005 
1022 6.607671 0.000000 0.720558 99.402444 -8.389777 7.109082 -0.000177 
1023 6.607671 0.000000 0.000000 99.641562 -5.657714 6.433230 -0.000184 
1024 7.389224 0.000000 0.720558 99.377866 -8.311470 7.548380 -0.000202 
1025 6.607671 0.000000 1.441116 99.507001 -7.199803 6.803286 0.000023 
1026 5.435343 0.000000 0.360279 99.085460 -8.612592 11.394346 -0.002194 
1027 5.435343 0.000000 0.000000 99.731995 -4.931863 5.843616 -0.000494 
1028 5.826119 0.000000 0.360279 99.137100 -8.656660 10.621652 -0.001592 
1029 5.435343 0.000000 0.720558 99.454005 -8.163212 6.569753 -0.000090 
1030 4.849178 0.000000 0.180140 99.836706 -4.468322 4.780735 -0.001019 
1031 4.849178 0.000000 0.000000 99.811271 -4.778893 4.840019 -0.000855 
1032 5.044566 0.000000 0.180140 99.293475 -10.019715 6.994689 -0.000851 
1033 4.849178 0.000000 0.360279 98.269113 -18.323194 13.304712 -0.016957 
1034 8.952329 0.000000 -1.441116 99.520755 -6.944371 6.881343 0.000004 
1035 8.952329 0.000000 -2.882233 99.515616 -6.968476 6.931587 0.000004 
1036 10.515434 0.000000 -1.441116 99.520210 -6.940992 6.892277 0.000005 
1037 6.607671 0.000000 -0.720558 99.537299 -6.869083 6.715996 0.000004 
1038 6.607671 0.000000 -1.441116 99.521452 -6.954912 6.862937 0.000001 
1039 7.389224 0.000000 -0.720558 99.535202 -6.865602 6.746013 0.000010 
1040 5.435343 0.000000 -0.360279 99.579587 -6.615244 6.342652 -0.000008 
1041 5.435343 0.000000 -0.720558 99.539612 -6.880366 6.656873 0.000021 
1042 5.826119 0.000000 -0.360279 99.574608 -6.622751 6.413899 -0.000010 
1043 4.849178 0.000000 -0.180140 99.654371 -6.057562 5.809315 -0.000144 
1044 4.849178 0.000000 -0.360279 99.587631 -6.610698 6.217024 -0.000005 
1045 5.044566 0.000000 -0.180140 99.645901 -6.090509 5.903918 -0.000126 
1046 4.751484 0.000000 0.090070 100.054210 -0.178880 5.969481 -0.004651 
1047 4.653790 0.000000 0.090070 100.111268 0.455532 5.782835 -0.005591 
1048 4.751484 0.000000 0.000000 99.808195 -6.287988 3.367096 -0.001255 
1049 4.849178 0.000000 0.090070 100.005265 -0.760506 6.090515 -0.003873 
1050 4.751484 0.000000 0.180140 99.906730 -3.969350 4.275433 -0.001539 
1051 5.239954 0.000000 0.180140 99.624172 -1.559049 10.756817 -0.004312 
1052 5.239954 0.000000 0.000000 99.755609 -4.790499 5.642131 -0.000596 
1053 5.435343 0.000000 0.180140 99.677443 -2.043350 9.516062 -0.003032 
1054 5.239954 0.000000 0.360279 98.996592 -8.781795 12.488776 -0.003341 
1055 3.286073 0.000000 -0.180140 99.740202 -5.903058 4.599438 -0.000411 
1056 3.090685 0.000000 -0.180140 99.743604 -5.916714 4.367203 -0.000287 
1057 3.286073 0.000000 -0.360279 99.609672 -6.776818 5.745175 -0.000102 
1058 2.895297 0.000000 -0.180140 99.756582 -5.901384 4.066064 -0.000273 
1059 2.895297 0.000000 -0.360279 99.603458 -6.837577 5.550835 0.000159 
1060 2.895297 0.000000 0.000000 99.999375 -4.070631 2.128951 -0.002098 
1061 3.188379 0.000000 -0.090070 99.879059 -4.647276 3.720270 -0.001126 
1062 3.090685 0.000000 -0.090070 99.890951 -4.600170 3.553082 -0.001199 
1063 3.188379 0.000000 -0.180140 99.743325 -5.893514 4.484664 -0.000358 
1064 3.286073 0.000000 -0.090070 99.869242 -4.683524 3.902035 -0.001103 
1065 3.188379 0.000000 0.000000 100.016196 -3.980541 2.227408 -0.002405 
1066 3.969932 0.000000 -0.090070 99.781647 -5.119069 4.845962 -0.000607 
1067 3.969932 0.000000 -0.180140 99.698494 -5.930087 5.232940 -0.000234 
1068 4.556096 0.000000 0.090070 100.165994 1.044762 5.583516 -0.006549 
1069 4.556096 0.000000 0.000000 99.760326 -4.692411 5.638062 -0.000593 
1070 4.556096 0.000000 0.180140 100.010898 -2.892036 3.850715 -0.002537 
1071 4.409555 0.000000 0.045035 100.118446 -0.918076 4.285225 -0.004291 
1072 4.409555 0.000000 0.000000 99.810062 -4.043886 5.564296 -0.000936 
1073 4.458402 0.000000 0.045035 100.097451 -1.080333 4.427348 -0.004027 
1074 4.409555 0.000000 0.090070 100.156460 1.162919 5.824824 -0.006660 
1075 4.556096 0.000000 -0.090070 99.732990 -5.381865 5.342589 -0.000418 
1076 4.556096 0.000000 -0.180140 99.668017 -6.012411 5.644575 -0.000172 
1077 4.653790 0.000000 -0.090070 99.725638 -5.415558 5.420374 -0.000391 
1078 4.604943 0.000000 0.045035 100.041438 -1.596670 4.722896 -0.003314 
1079 4.556096 0.000000 0.045035 100.059234 -1.420470 4.641305 -0.003541 
1080 4.604943 0.000000 0.000000 99.750551 -4.671117 5.802815 -0.000566 
1081 4.653790 0.000000 0.045035 100.024251 -1.775670 4.792645 -0.003097 
1082 4.604943 0.000000 0.090070 100.140601 0.768280 5.673356 -0.006092 
1083 4.751484 0.000000 -0.090070 99.718360 -5.449395 5.496077 -0.000365 
1084 4.751484 0.000000 -0.180140 99.658797 -6.042551 5.757049 -0.000153 
1085 4.849178 0.000000 -0.090070 99.711163 -5.482975 5.569416 -0.000340 
1086 4.702637 0.000000 0.045035 100.007523 -1.956798 4.853505 -0.002889 
1087 4.702637 0.000000 0.000000 99.770740 -4.866661 5.324486 -0.000624 
1088 4.751484 0.000000 0.045035 99.991137 -2.139512 4.907838 -0.002689 
1089 4.702637 0.000000 0.090070 100.081919 0.134817 5.884364 -0.005103 
1090 2.895297 0.000000 0.180140 100.009567 -6.482956 -0.216501 -0.004399 
1091 2.895297 0.000000 0.360279 99.479129 -8.852307 4.439442 0.000583 
1092 3.188379 0.000000 0.090070 100.208548 -2.053723 1.074131 -0.004712 
1093 3.090685 0.000000 0.090070 100.122586 -2.946186 1.279856 -0.003485 
1094 3.286073 0.000000 0.090070 100.657108 -0.806753 -3.565336 -0.014522 
1095 3.188379 0.000000 0.180140 100.094147 -5.490332 -0.473276 -0.004921 
1096 3.383767 0.000000 0.090070 100.322895 -3.471976 -1.499555 -0.007899 
1097 3.383767 0.000000 0.000000 100.050794 -3.605445 2.265385 -0.002829 
1098 3.383767 0.000000 0.180140 100.155088 -4.908936 -0.549968 -0.005544 
1099 3.676849 0.000000 0.540419 99.480777 -8.316063 5.805879 0.000071 
1100 3.481461 0.000000 0.540419 99.484427 -8.179325 5.786081 0.000247 
1101 3.676849 0.000000 0.720558 99.495807 -7.622023 6.284266 0.000300 
1102 3.579155 0.000000 0.270209 99.127334 -15.885096 3.243307 -0.008908 
1103 3.481461 0.000000 0.270209 99.425695 -13.964849 0.850359 -0.008121 
1104 3.676849 0.000000 0.270209 99.152775 -12.755534 6.061595 -0.003072 
1105 3.579155 0.000000 0.360279 99.449592 -10.284702 4.239558 -0.001397 
1106 3.530308 0.000000 0.135105 100.244545 -3.848399 -0.673677 -0.006423 
1107 3.481461 0.000000 0.135105 100.230196 -3.881207 -0.526958 -0.006143 
1108 3.530308 0.000000 0.090070 100.300950 -1.779344 0.600461 -0.006381 
1109 3.579155 0.000000 0.135105 100.258146 -3.846130 -0.842995 -0.006720 
1110 3.530308 0.000000 0.180140 100.180560 -4.650560 -0.569309 -0.005810 
1111 4.214167 0.000000 0.225174 100.145402 -5.437850 -0.665433 -0.005911 
1112 4.165320 0.000000 0.225174 100.140446 -5.457469 -0.621609 -0.005828 
1113 4.263014 0.000000 0.225174 100.086733 -5.364259 0.254013 -0.004619 
1114 4.214167 0.000000 0.270209 99.871386 -3.732223 4.959613 -0.001282 
1115 3.969932 0.000000 0.270209 99.499999 -12.399534 1.538567 -0.005637 
1116 3.872238 0.000000 0.270209 99.560359 -11.069955 1.984667 -0.003875 
1117 3.969932 0.000000 0.360279 99.357153 -11.536943 4.439603 -0.002466 
1118 4.116473 0.000000 0.225174 100.139432 -5.306473 -0.463720 -0.005628 
1119 4.067626 0.000000 0.225174 100.141882 -5.122828 -0.323307 -0.005474 
1120 4.116473 0.000000 0.180140 100.375728 -1.285283 0.191735 -0.007698 
1121 4.116473 0.000000 0.270209 99.899205 -7.605967 0.663043 -0.003814 
1122 4.189743 0.000000 0.202657 100.181727 -6.640114 -2.392015 -0.008619 
1123 4.165320 0.000000 0.202657 100.256736 -5.494130 -2.319579 -0.008698 
1124 4.189743 0.000000 0.180140 100.291778 -0.325062 2.366083 -0.006414 
1125 4.214167 0.000000 0.202657 100.017421 -7.819139 -1.220820 -0.006611 
1126 4.189743 0.000000 0.225174 100.143480 -5.482864 -0.686686 -0.005925 
1127 4.116473 0.000000 0.135105 100.172235 -2.554554 1.832978 -0.004436 
1128 4.067626 0.000000 0.135105 100.190539 -2.298472 1.819767 -0.004674 
1129 4.189743 0.000000 0.157622 100.160768 -1.963242 2.599035 -0.004279 
1130 4.165320 0.000000 0.157622 100.171462 -1.843962 2.562076 -0.004429 
1131 4.189743 0.000000 0.135105 100.143219 -2.965366 1.847199 -0.004087 
1132 4.214167 0.000000 0.157622 100.149799 -2.087828 2.634483 -0.004128 
1133 4.311861 0.000000 0.225174 99.859633 -5.967834 2.902705 -0.001599 
1134 4.360708 0.000000 0.225174 99.772423 -4.897954 5.227846 -0.000586 
1135 4.311861 0.000000 0.270209 99.706015 -6.048450 5.016058 -0.000303 
1136 4.238590 0.000000 0.202657 100.673422 1.815922 -0.939681 -0.013932 
1137 4.238590 0.000000 0.180140 100.212606 -0.772749 3.056350 -0.005250 
1138 4.263014 0.000000 0.202657 100.336139 3.273253 5.347190 -0.010665 
1139 4.238590 0.000000 0.225174 100.134022 -5.347673 -0.408827 -0.005559 
1140 4.201955 0.000000 0.191398 100.122007 -3.861187 1.250047 -0.004089 
1141 4.189743 0.000000 0.191398 100.286232 -2.504759 0.259650 -0.006367 
1142 4.201955 0.000000 0.180140 100.267713 -0.425588 2.611209 -0.006061 
1143 4.214167 0.000000 0.191398 99.834317 -5.242219 3.981198 -0.001022 
1144 4.201955 0.000000 0.202657 100.098055 -7.560909 -2.116747 -0.008127 
1145 4.556096 0.000000 0.270209 99.433789 -7.674120 7.305521 0.000066 
1146 4.653790 0.000000 0.270209 99.410001 -8.394776 6.931561 -0.000087 
1147 4.556096 0.000000 0.360279 99.031191 -15.157313 5.558509 -0.006782 
1148 4.409555 0.000000 0.225174 99.866497 -3.704602 5.084435 -0.001289 
1149 4.409555 0.000000 0.180140 100.089092 -1.996327 3.616444 -0.003489 
1150 4.458402 0.000000 0.225174 99.950543 -2.984357 4.609705 -0.002027 
1151 4.409555 0.000000 0.270209 99.536852 -7.649235 5.842126 -0.000023 
1152 4.360708 0.000000 0.450349 99.368740 -10.086668 5.790125 -0.000941 
1153 4.263014 0.000000 0.450349 99.386455 -9.928077 5.682159 -0.000852 
1154 4.458402 0.000000 0.450349 99.349427 -10.246755 5.917692 -0.001032 
1155 4.360708 0.000000 0.540419 99.440520 -8.831856 6.018302 -0.000264 
1156 4.311861 0.000000 0.315244 99.471890 -13.255921 1.136677 -0.007167 
1157 4.263014 0.000000 0.315244 99.413936 -13.408983 1.805713 -0.006619 
1158 4.360708 0.000000 0.315244 99.566940 -12.788880 0.251406 -0.007719 
1159 4.311861 0.000000 0.360279 99.223871 -13.063022 4.875452 -0.003979 
1160 4.336284 0.000000 0.247692 100.044237 -3.418086 2.820600 -0.002849 
1161 4.311861 0.000000 0.247692 100.295093 -2.530703 0.119921 -0.006552 
1162 4.336284 0.000000 0.225174 99.770053 -5.716559 4.438488 -0.000644 
1163 4.360708 0.000000 0.247692 99.831724 -5.120645 4.155602 -0.000986 
1164 4.336284 0.000000 0.270209 99.671003 -6.488854 5.078236 -0.000220 
1165 -8.241827 0.000000 -8.646699 99.513090 -6.975458 6.958535 0.000007 
1166 -11.368037 0.000000 -8.646699 99.513237 -6.975514 6.958607 0.000004 
1167 -8.241827 0.000000 -11.528932 99.513131 -6.975408 6.958510 0.000006 
1168 10.515434 0.000000 -8.646699 99.513474 -6.973367 6.955051 0.000007 
1169 10.515434 0.000000 -11.528932 99.513359 -6.973980 6.956632 0.000006 
1170 13.641644 0.000000 -8.646699 99.513628 -6.973091 6.955208 0.000004 
1171 -8.241827 0.000000 8.646699 99.513740 -6.976041 6.958565 -0.000007 
1172 -11.368037 0.000000 8.646699 99.513581 -6.975898 6.958620 -0.000004 
1173 -8.241827 0.000000 11.528932 99.513711 -6.976072 6.958524 -0.000007 
1174 -3.552511 0.000000 -4.323349 99.512079 -6.979388 6.957320 0.000023 
1175 -5.115617 0.000000 -4.323349 99.512674 -6.977420 6.957949 0.000013 
1176 -3.552511 0.000000 -5.764466 99.512473 -6.979071 6.957378 0.000016 
1177 10.515434 0.000000 8.646699 99.513556 -6.981428 6.954174 -0.000005 
1178 13.641644 0.000000 8.646699 99.513391 -6.982083 6.954168 -0.000002 
1179 10.515434 0.000000 11.528932 99.513570 -6.979211 6.956226 -0.000005 
1180 5.826119 0.000000 -4.323349 99.512639 -6.981297 6.943645 0.000028 
1181 5.826119 0.000000 -5.764466 99.513785 -6.977749 6.951138 -0.000000 
1182 7.389224 0.000000 -4.323349 99.514286 -6.974571 6.945102 0.000003 
1183 -3.552511 0.000000 4.323349 99.514262 -6.971067 6.958093 -0.000010 
1184 -5.115617 0.000000 4.323349 99.513765 -6.973081 6.958315 -0.000003 
1185 -3.552511 0.000000 5.764466 99.514252 -6.971714 6.957904 -0.000010 
1186 -1.207854 0.000000 -2.161675 99.507395 -6.955911 6.945467 0.000165 
1187 -1.989406 0.000000 -2.161675 99.508588 -6.965523 6.953128 0.000118 
1188 -1.207854 0.000000 -2.882233 99.509233 -6.957492 6.950016 0.000120 
1189 3.481461 0.000000 -2.161675 99.524208 -6.958366 6.913016 -0.000128 
1190 3.481461 0.000000 -2.882233 99.519518 -6.977079 6.933283 -0.000088 
1191 4.263014 0.000000 -2.161675 99.517715 -6.982938 6.908307 -0.000026 
1192 -1.207854 0.000000 2.161675 99.513429 -7.003478 6.955580 -0.000035 
1193 -1.989406 0.000000 2.161675 99.513256 -6.989585 6.957828 -0.000015 
1194 -1.207854 0.000000 2.882233 99.516234 -6.997820 6.956523 -0.000084 
1195 -0.817078 0.000000 -1.080837 99.489224 -6.974654 6.930016 0.000522 
1196 -1.207854 0.000000 -1.080837 99.501820 -6.966666 6.934666 0.000276 
1197 -0.817078 0.000000 -1.441116 99.503960 -6.987117 6.926443 0.000217 
1198 -0.230913 0.000000 -0.540419 99.314841 -7.029784 6.965538 0.003863 
1199 -0.426301 0.000000 -0.540419 99.481513 -6.911197 6.855483 0.000867 
1200 -0.230913 0.000000 -0.720558 99.368219 -7.027160 6.907030 0.002887 
1201 0.941416 0.000000 -0.540419 99.439908 -7.202783 6.470700 0.001795 
1202 0.941416 0.000000 -0.720558 99.524371 -7.082043 6.647814 0.000055 
1203 -0.817078 0.000000 1.080837 99.498046 -6.990773 6.956829 0.000287 
1204 -1.207854 0.000000 1.080837 99.504912 -7.013006 6.953716 0.000124 
1205 -0.817078 0.000000 1.441116 99.505731 -7.036655 6.954423 0.000073 
1206 -0.230913 0.000000 0.540419 99.450016 -7.023429 6.867683 0.001320 
1207 -0.426301 0.000000 0.540419 99.427476 -6.907078 6.836189 0.001974 
1208 -0.230913 0.000000 0.720558 99.357930 -7.076130 6.846939 0.003105 
1209 -0.133219 0.000000 -0.270209 99.322284 -7.157579 7.462947 0.002816 
1210 -0.230913 0.000000 -0.270209 99.502813 -6.909420 7.338885 -0.000241 
1211 -0.133219 0.000000 -0.360279 99.024370 -7.009835 7.143908 0.009400 
1212 0.941416 0.000000 0.540419 99.605456 -7.260811 6.468445 -0.001581 
1213 0.941416 0.000000 0.720558 99.419965 -7.132440 6.720239 0.001964 
1214 -0.133219 0.000000 0.270209 99.685561 -7.211419 6.294530 -0.002884 
1215 -0.230913 0.000000 0.270209 99.705548 -6.975703 6.522350 -0.003240 
1216 -0.133219 0.000000 0.360279 99.327141 -7.091906 6.594717 0.004033 
1217 0.037745 0.000000 -0.112587 84.698024 -8.833784 2.397182 0.274246 
1218 0.013322 0.000000 -0.112587 82.786929 -8.395841 10.320442 0.296932 
1219 0.037745 0.000000 -0.135105 89.715261 -8.249156 4.441331 0.186340 
1220 0.648333 0.000000 -0.270209 101.444562 -11.201061 1.844175 -0.041986 
1221 0.648333 0.000000 -0.360279 99.406446 -7.572566 6.361525 0.002055 
1222 0.746027 0.000000 -0.270209 102.532986 -10.244289 2.750520 -0.062552 
1223 0.648333 0.000000 0.270209 101.668930 -11.216092 1.848375 -0.046579 
1224 0.746027 0.000000 0.270209 103.007816 -10.258885 2.746065 -0.072340 
1225 0.648333 0.000000 0.360279 99.794108 -7.643225 6.018529 -0.005351 
1226 0.037745 0.000000 0.112587 88.882846 -8.988363 7.915176 0.195640 
1227 0.013322 0.000000 0.112587 87.149052 -8.536065 1.576502 0.232969 
1228 0.037745 0.000000 0.135105 92.919627 -8.420713 7.094306 0.124471 
1229 0.098804 0.000000 -0.078811 90.139444 -12.243730 -14.790606 0.150621 
1230 0.098804 0.000000 -0.090070 90.205561 -12.283025 -14.959648 0.148829 
1231 0.098804 0.000000 -0.067552 90.135391 -12.233288 -14.765952 0.150792 
1232 0.098804 0.000000 0.078811 94.968885 -12.196894 16.050237 0.057454 
1233 0.098804 0.000000 0.067552 94.968356 -12.180923 16.055844 0.057485 
1234 0.098804 0.000000 0.090070 94.947519 -12.326427 16.009362 0.057673 
1235 0.233134 0.000000 -0.067552 81.623154 -0.091770 -5.974832 0.330195 
1236 0.233134 0.000000 -0.045035 83.035837 -0.172833 -4.512660 0.308466 
1237 0.233134 0.000000 0.067552 81.992319 -0.203143 6.132319 0.323961 
1238 0.233134 0.000000 0.045035 83.090922 -0.197327 4.509225 0.307553 
1239 0.501792 0.000000 -0.045035 100.161023 -8.045644 4.972108 -0.012168 
1240 0.550639 0.000000 -0.045035 101.544286 -6.762198 6.287245 -0.039650 
1241 0.501792 0.000000 0.000000 101.565461 -6.546052 6.507090 -0.040074 
1242 0.501792 0.000000 0.045035 100.255737 -8.051785 4.970280 -0.014075 
1243 0.550639 0.000000 0.045035 101.585845 -6.765121 6.290710 -0.040502 
1244 0.428522 0.000000 -0.067552 98.451438 -10.860744 2.110948 0.018490 
1245 0.452945 0.000000 -0.067552 98.647576 -9.350330 3.620694 0.016812 
1246 0.428522 0.000000 -0.045035 98.670429 -11.619349 1.362957 0.012728 
1247 0.367463 0.000000 -0.101329 104.741648 -12.626251 -3.148624 -0.114015 
1248 0.367463 0.000000 -0.112587 104.815398 -12.636705 -2.621286 -0.115283 
1249 0.367463 0.000000 -0.090070 105.082628 -12.629443 -2.880901 -0.121016 
1250 0.428522 0.000000 0.067552 98.689427 -10.876258 2.106683 0.013767 
1251 0.428522 0.000000 0.045035 98.909297 -11.633417 1.360512 0.007976 
1252 0.452945 0.000000 0.067552 98.873384 -9.366191 3.620821 0.012322 
1253 0.367463 0.000000 0.101329 105.719100 -12.645221 3.446341 -0.134831 
1254 0.367463 0.000000 0.090070 106.060912 -12.645964 3.174964 -0.141892 
1255 0.367463 0.000000 0.112587 105.687927 -12.651237 2.908466 -0.133845 
1256 1.722968 0.000000 -0.540419 99.709712 -7.145387 6.266530 -0.003235 
1257 1.722968 0.000000 -0.720558 99.650409 -7.085675 6.529360 -0.002304 
1258 1.722968 0.000000 0.540419 99.353888 -7.256960 5.957616 0.004065 
1259 1.722968 0.000000 0.720558 99.297995 -7.213288 6.319239 0.004794 
1260 1.429886 0.000000 -0.270209 102.238473 -10.892597 1.139544 -0.057265 
1261 1.429886 0.000000 -0.360279 99.591857 -7.628815 5.610587 -0.000822 
1262 1.527580 0.000000 -0.270209 102.487012 -11.152033 0.963672 -0.062888 
1263 1.429886 0.000000 0.270209 101.372796 -11.392809 1.028244 -0.040730 
1264 1.527580 0.000000 0.270209 101.897162 -11.904245 0.851552 -0.052547 
1265 1.429886 0.000000 0.360279 99.305128 -7.726929 5.152729 0.005224 
1266 8.952329 0.000000 -4.323349 99.514245 -6.971584 6.945196 0.000008 
1267 8.952329 0.000000 -5.764466 99.513751 -6.973653 6.950791 0.000007 
1268 10.515434 0.000000 -4.323349 99.514365 -6.970957 6.945807 0.000005 
1269 5.044566 0.000000 -2.161675 99.517078 -6.976182 6.907209 -0.000003 
1270 5.044566 0.000000 -2.882233 99.514836 -6.980650 6.928351 0.000007 
1271 5.826119 0.000000 -2.161675 99.517510 -6.974801 6.908662 -0.000011 
1272 6.607671 0.000000 -2.161675 99.516863 -6.970728 6.908813 0.000007 
1273 6.607671 0.000000 -2.882233 99.514632 -6.974994 6.927807 0.000019 
1274 7.389224 0.000000 -2.161675 99.517066 -6.966006 6.910886 0.000007 
1275 3.090685 0.000000 -1.080837 99.529094 -6.979247 6.766183 -0.000053 
1276 3.090685 0.000000 -1.441116 99.528547 -6.959022 6.851365 -0.000130 
1277 3.481461 0.000000 -1.080837 99.528933 -6.959927 6.765922 -0.000023 
1278 3.872238 0.000000 -1.080837 99.527533 -6.953524 6.766858 0.000013 
1279 3.872238 0.000000 -1.441116 99.523942 -6.959184 6.849023 -0.000035 
1280 4.263014 0.000000 -1.080837 99.527085 -6.948404 6.770655 0.000024 
1281 2.504521 0.000000 -0.540419 99.512775 -7.061234 6.202162 0.000888 
1282 2.504521 0.000000 -0.720558 99.524957 -7.041395 6.535727 0.000249 
1283 2.699909 0.000000 -0.540419 99.546196 -7.014179 6.196705 0.000296 
1284 8.952329 0.000000 4.323349 99.513323 -6.993842 6.939903 0.000002 
1285 10.515434 0.000000 4.323349 99.513152 -6.996641 6.940096 0.000001 
1286 8.952329 0.000000 5.764466 99.513461 -6.984972 6.948325 0.000000 
1287 6.607671 0.000000 2.161675 99.512307 -7.049300 6.882851 0.000023 
1288 7.389224 0.000000 2.161675 99.512442 -7.062216 6.882866 0.000003 
1289 6.607671 0.000000 2.882233 99.513535 -7.011732 6.915234 0.000007 
1290 3.090685 0.000000 1.080837 99.479593 -7.178618 6.662731 0.000789 
1291 3.090685 0.000000 1.441116 99.488485 -7.097957 6.793353 0.000551 
1292 2.504521 0.000000 0.540419 99.338498 -7.710590 5.895116 0.003766 
1293 2.699909 0.000000 0.540419 99.382255 -7.746370 5.905049 0.002829 
1294 2.504521 0.000000 0.720558 99.282847 -7.352484 6.372003 0.004825 
1295 2.895297 0.000000 -0.540419 99.592105 -6.966086 6.287526 -0.000665 
1296 2.895297 0.000000 -0.720558 99.565407 -7.044083 6.561457 -0.000594 
1297 3.090685 0.000000 -0.540419 99.571447 -7.001545 6.288414 -0.000304 
1298 3.286073 0.000000 -0.540419 99.550099 -6.909141 6.272151 0.000270 
1299 3.286073 0.000000 -0.720558 99.534913 -6.960065 6.537384 0.000162 
1300 3.481461 0.000000 -0.540419 99.553902 -6.892555 6.294782 0.000189 
1301 2.406827 0.000000 -0.270209 99.505357 -7.012564 3.900577 0.003429 
1302 2.406827 0.000000 -0.360279 99.245639 -7.272153 5.040689 0.007201 
1303 2.504521 0.000000 -0.270209 99.696891 -7.029455 4.283766 -0.000723 
1304 3.286073 0.000000 0.540419 99.482619 -8.065014 5.778750 0.000477 
1305 3.090685 0.000000 0.540419 99.460980 -8.002020 5.816255 0.000965 
1306 3.286073 0.000000 0.720558 99.485830 -7.520089 6.284494 0.000652 
1307 2.895297 0.000000 0.540419 99.440376 -7.835527 5.851159 0.001598 
1308 2.895297 0.000000 0.720558 99.426459 -7.496115 6.337466 0.001802 
1309 2.406827 0.000000 0.270209 99.342034 -8.666225 3.960052 0.004037 
1310 2.504521 0.000000 0.270209 99.547307 -8.740922 3.573855 0.000116 
1311 2.406827 0.000000 0.360279 98.967956 -8.341080 5.056689 0.011020 
1312 2.357979 0.000000 -0.135105 101.803560 -5.706373 -1.138284 -0.039782 
1313 2.357979 0.000000 -0.180140 99.886428 -6.379890 0.836275 -0.001870 
1314 2.406827 0.000000 -0.135105 101.486548 -5.508092 0.834590 -0.033056 
1315 2.284709 0.000000 -0.112587 91.023854 -5.676955 -11.613172 0.154756 
1316 2.284709 0.000000 -0.135105 93.842207 -6.077398 -4.173664 0.113929 
1317 2.309132 0.000000 -0.112587 101.584105 -5.426201 -9.194685 -0.043332 
1318 2.357979 0.000000 0.135105 101.610609 -6.728996 4.864056 -0.039365 
1319 2.406827 0.000000 0.135105 101.447826 -6.404167 2.857899 -0.034084 
1320 2.357979 0.000000 0.180140 99.646767 -7.871524 3.946435 -0.000701 
1321 2.284709 0.000000 0.112587 89.677423 -6.550088 15.168289 0.168498 
1322 2.309132 0.000000 0.112587 101.058809 -6.175467 12.800431 -0.041487 
1323 2.284709 0.000000 0.135105 92.966667 -7.098656 7.708088 0.124739 
1324 5.435343 0.000000 1.080837 99.502508 -7.358734 6.679010 0.000049 
1325 5.826119 0.000000 1.080837 99.500041 -7.397861 6.695127 0.000019 
1326 5.435343 0.000000 1.441116 99.509411 -7.148530 6.789871 0.000067 
1327 4.653790 0.000000 -1.080837 99.526797 -6.951708 6.776826 0.000017 
1328 4.653790 0.000000 -1.441116 99.520849 -6.969912 6.847504 0.000013 
1329 5.044566 0.000000 -1.080837 99.526224 -6.946947 6.781025 0.000029 
1330 5.435343 0.000000 -1.080837 99.526654 -6.941341 6.789480 0.000017 
1331 5.435343 0.000000 -1.441116 99.521335 -6.961279 6.852894 0.000008 
1332 5.826119 0.000000 -1.080837 99.526035 -6.937295 6.795135 0.000027 
1333 3.676849 0.000000 -0.540419 99.556062 -6.871398 6.320261 0.000143 
1334 3.676849 0.000000 -0.720558 99.539897 -6.929013 6.558286 0.000079 
1335 3.872238 0.000000 -0.540419 99.558292 -6.853775 6.351069 0.000084 
1336 4.067626 0.000000 -0.540419 99.558450 -6.840328 6.376713 0.000066 
1337 4.067626 0.000000 -0.720558 99.540736 -6.911249 6.579252 0.000059 
1338 4.263014 0.000000 -0.540419 99.558234 -6.829927 6.401886 0.000053 
1339 3.774543 0.000000 0.270209 99.460690 -10.616673 3.833984 -0.001984 
1340 3.774543 0.000000 0.360279 99.410326 -10.862944 4.298959 -0.001890 
1341 3.579155 0.000000 -0.090070 99.827512 -4.827764 4.366762 -0.000791 
1342 3.481461 0.000000 -0.090070 99.840237 -4.753251 4.213254 -0.000842 
1343 3.579155 0.000000 -0.180140 99.718788 -5.884814 4.879702 -0.000228 
1344 4.849178 0.000000 0.540419 99.393698 -9.214741 6.351578 -0.000436 
1345 5.044566 0.000000 0.540419 99.371168 -9.356618 6.542974 -0.000499 
1346 4.849178 0.000000 0.720558 99.476248 -7.975845 6.410640 -0.000023 
1347 3.383767 0.000000 0.270209 99.544179 -12.291140 0.771177 -0.006071 
1348 3.286073 0.000000 0.270209 99.580730 -11.358931 1.149557 -0.004667 
1349 3.383767 0.000000 0.360279 99.474942 -9.795240 4.248827 -0.000926 
1350 3.188379 0.000000 0.270209 99.557038 -10.710990 1.521451 -0.002864 
1351 3.090685 0.000000 0.270209 99.553849 -10.145307 1.800981 -0.001714 
1352 3.188379 0.000000 0.360279 99.473068 -9.442971 4.330917 -0.000282 
1353 4.458402 0.000000 -0.540419 99.557633 -6.823975 6.427025 0.000040 
1354 4.458402 0.000000 -0.720558 99.540711 -6.901996 6.602538 0.000042 
1355 4.653790 0.000000 -0.540419 99.557021 -6.815927 6.450411 0.000033 
1356 4.849178 0.000000 -0.540419 99.556273 -6.810568 6.473171 0.000026 
1357 4.849178 0.000000 -0.720558 99.540051 -6.891970 6.622975 0.000042 
1358 5.044566 0.000000 -0.540419 99.555297 -6.808251 6.492361 0.000024 
1359 4.409555 0.000000 0.135105 100.051942 -4.395749 1.745130 -0.003276 
1360 4.458402 0.000000 0.135105 100.035532 -4.773782 1.605728 -0.003247 
1361 4.165320 0.000000 0.450349 99.402615 -9.772844 5.591232 -0.000765 
1362 4.067626 0.000000 0.450349 99.417206 -9.621908 5.515651 -0.000678 
1363 4.165320 0.000000 0.540419 99.455361 -8.675569 5.932938 -0.000183 
1364 4.214167 0.000000 0.315244 99.378501 -13.406599 2.307790 -0.006115 
1365 4.165320 0.000000 0.315244 99.356622 -13.334577 2.685265 -0.005676 
1366 4.214167 0.000000 0.360279 99.269224 -12.548283 4.728904 -0.003420 
1367 4.116473 0.000000 0.315244 99.343279 -13.237139 2.965500 -0.005310 
1368 4.067626 0.000000 0.315244 99.335948 -13.134387 3.164408 -0.005016 
1369 4.116473 0.000000 0.360279 99.307744 -12.110862 4.600289 -0.002986 
1370 4.189743 0.000000 0.112587 100.149050 -3.859140 0.869655 -0.004548 
1371 4.165320 0.000000 0.112587 100.157630 -3.726667 0.876257 -0.004621 
1372 4.238590 0.000000 0.157622 100.138614 -2.217051 2.668244 -0.003978 
1373 4.263014 0.000000 0.157622 100.127251 -2.350284 2.700318 -0.003828 
1374 4.556096 0.000000 0.450349 99.328428 -10.405380 6.068277 -0.001123 
1375 4.653790 0.000000 0.450349 99.305768 -10.563340 6.242746 -0.001219 
1376 4.556096 0.000000 0.540419 99.423307 -8.987081 6.130312 -0.000334 
1377 4.409555 0.000000 0.315244 99.718942 -11.725520 -0.850744 -0.008208 
1378 4.458402 0.000000 0.315244 99.940803 -9.645072 -1.932895 -0.008493 
1379 4.409555 0.000000 0.360279 99.166630 -13.711111 5.056518 -0.004758 
1380 5.239954 0.000000 0.540419 99.347408 -9.477814 6.771167 -0.000559 
1381 5.435343 0.000000 0.540419 99.323500 -9.565153 7.032738 -0.000611 
1382 5.239954 0.000000 0.720558 99.461973 -8.103548 6.508367 -0.000071 
1383 4.751484 0.000000 0.270209 99.301290 -10.409180 6.474610 -0.001102 
1384 4.849178 0.000000 0.270209 98.845806 -15.531383 7.857829 -0.007346 
1385 4.751484 0.000000 0.360279 98.579863 -18.447825 8.731244 -0.013455 
1386 5.239954 0.000000 -0.180140 99.637969 -6.123344 5.992396 -0.000113 
1387 5.239954 0.000000 -0.360279 99.582208 -6.613103 6.303179 -0.000008 
1388 5.435343 0.000000 -0.180140 99.630518 -6.155250 6.071567 -0.000099 
1389 3.383767 0.000000 -0.090070 99.851705 -4.683684 4.047032 -0.000868 
1390 3.383767 0.000000 -0.180140 99.727060 -5.859325 4.677369 -0.000170 
1391 4.507249 0.000000 0.045035 100.077808 -1.248035 4.544508 -0.003778 
1392 4.507249 0.000000 0.000000 99.768184 -4.769346 5.444695 -0.000608 
1393 4.507249 0.000000 0.090070 100.179450 1.241535 5.584104 -0.006865 
1394 4.507249 0.000000 0.135105 100.027168 -5.191807 1.310750 -0.003411 
1395 4.556096 0.000000 0.135105 100.043766 -5.640616 0.627934 -0.004097 
1396 4.507249 0.000000 0.180140 100.036557 -2.595432 3.776659 -0.002831 
1397 4.507249 0.000000 0.225174 100.029009 -2.269223 4.208962 -0.002867 
1398 4.556096 0.000000 0.225174 100.090353 -1.569498 4.037797 -0.003685 
1399 4.507249 0.000000 0.270209 99.431043 -7.752975 7.260983 0.000064 
1400 4.507249 0.000000 0.315244 100.190490 -6.303764 -2.149697 -0.008249 
1401 4.556096 0.000000 0.315244 100.316314 -2.665372 -0.297035 -0.007056 
1402 4.507249 0.000000 0.360279 99.086504 -14.587105 5.334304 -0.005937 
1403 3.969932 0.000000 0.450349 99.430286 -9.475900 5.453574 -0.000592 
1404 3.872238 0.000000 0.450349 99.441827 -9.336626 5.403376 -0.000505 
1405 3.969932 0.000000 0.540419 99.467520 -8.524422 5.870208 -0.000091 
1406 5.239954 0.000000 -0.540419 99.554465 -6.802703 6.514292 0.000020 
1407 5.239954 0.000000 -0.720558 99.539836 -6.884026 6.645936 0.000026 
1408 5.435343 0.000000 -0.540419 99.553587 -6.799233 6.534379 0.000016 
1409 4.604943 0.000000 0.135105 100.167542 -5.734669 -1.232172 -0.006794 
1410 4.653790 0.000000 0.135105 100.738851 -0.378756 -4.029058 -0.016469 
1411 4.604943 0.000000 0.180140 99.985550 -3.182410 3.926220 -0.002265 
1412 3.774543 0.000000 0.450349 99.451947 -9.201753 5.363715 -0.000413 
1413 3.676849 0.000000 0.450349 99.461153 -9.076489 5.327451 -0.000329 
1414 3.774543 0.000000 0.540419 99.476664 -8.381419 5.826872 0.000019 
1415 4.604943 0.000000 0.225174 100.119894 -0.993951 4.196541 -0.004259 
1416 4.653790 0.000000 0.225174 100.110989 -0.683440 4.638998 -0.004420 
1417 4.604943 0.000000 0.270209 99.429083 -7.901562 7.149161 0.000031 
1418 4.604943 0.000000 0.315244 100.201190 -0.793451 3.230574 -0.005134 
1419 4.653790 0.000000 0.315244 99.956609 -1.099642 6.425690 -0.003382 
1420 4.604943 0.000000 0.360279 98.959630 -15.843788 5.898157 -0.007882 
1421 4.751484 0.000000 0.450349 99.281590 -10.711968 6.444865 -0.001312 
1422 4.849178 0.000000 0.450349 99.256323 -10.852886 6.675491 -0.001416 
1423 4.751484 0.000000 0.540419 99.403801 -9.139249 6.271118 -0.000397 
1424 4.702637 0.000000 0.135105 100.248814 0.772237 4.134925 -0.006752 
1425 4.751484 0.000000 0.135105 99.989791 -2.555074 4.507027 -0.002480 
1426 4.702637 0.000000 0.180140 99.934452 -3.723470 4.121851 -0.001775 
1427 3.579155 0.000000 0.450349 99.468248 -8.948962 5.305047 -0.000216 
1428 3.481461 0.000000 0.450349 99.473733 -8.831443 5.289550 -0.000100 
1429 3.579155 0.000000 0.540419 99.483234 -8.249551 5.793979 0.000146 
1430 3.383767 0.000000 0.450349 99.477176 -8.719751 5.280450 0.000037 
1431 3.286073 0.000000 0.450349 99.472736 -8.668963 5.308291 0.000185 
1432 3.383767 0.000000 0.540419 99.484226 -8.116743 5.781090 0.000359 
1433 4.702637 0.000000 0.225174 100.070050 -0.708047 5.203479 -0.004159 
1434 4.751484 0.000000 0.225174 100.011750 -1.022561 5.725743 -0.003618 
1435 4.702637 0.000000 0.270209 99.372342 -9.182342 6.684419 -0.000386 
1436 4.702637 0.000000 0.315244 99.730692 -2.362354 8.394807 -0.002226 
1437 4.751484 0.000000 0.315244 99.565832 -3.698947 9.416765 -0.001571 
1438 4.702637 0.000000 0.360279 98.739432 -17.575926 7.318987 -0.011196 
1 11 62 60 61 
2 62 10 24 60 
3 60 24 14 63 
4 61 60 63 6 
5 24 66 64 65 
6 66 23 40 64 
7 64 40 27 67 
8 65 64 67 14 
9 40 70 68 69 
10 69 68 71 27 
11 6 63 92 93 
12 63 14 36 92 
13 92 36 19 94 
14 93 92 94 20 
15 14 67 95 96 
16 67 27 52 95 
17 95 52 35 97 
18 96 95 97 36 
19 27 71 98 99 
20 99 98 100 52 
21 68 112 110 111 
22 112 56 80 110 
23 110 80 43 113 
24 111 110 113 71 
25 80 116 114 115 
26 115 114 117 43 
27 71 113 133 134 
28 113 43 102 133 
29 133 102 76 135 
30 134 133 135 98 
31 43 117 136 137 
32 137 136 138 102 
33 114 141 139 140 
34 141 106 129 139 
35 139 129 83 142 
36 140 139 142 117 
37 129 149 147 148 
38 147 150 132 151 
39 148 147 151 83 
40 117 142 152 153 
41 142 83 144 152 
42 152 144 125 154 
43 153 152 154 136 
44 83 151 155 156 
45 151 132 157 155 
46 156 155 158 144 
47 12 161 159 160 
48 161 7 162 159 
49 159 162 13 25 
50 160 159 25 10 
51 25 165 163 164 
52 165 13 166 163 
53 163 166 26 41 
54 164 163 41 23 
55 41 169 167 168 
56 169 26 170 167 
57 167 170 42 57 
58 168 167 57 39 
59 39 173 171 172 
60 173 57 174 171 
61 171 174 55 81 
62 172 171 81 56 
63 81 177 175 176 
64 177 55 178 175 
65 175 178 82 107 
66 176 175 107 79 
67 79 181 179 180 
68 181 107 182 179 
69 179 182 105 130 
70 180 179 130 106 
71 106 185 183 184 
72 185 130 186 183 
73 184 183 149 129 
74 195 197 109 198 
75 150 195 198 132 
76 149 201 199 200 
77 201 128 202 199 
78 199 202 150 203 
79 200 199 203 147 
80 132 198 210 157 
81 198 109 211 210 
82 19 38 213 214 
83 38 21 215 213 
84 213 215 9 216 
85 214 213 216 22 
86 35 54 217 218 
87 54 37 219 217 
88 217 219 21 220 
89 218 217 220 38 
90 51 78 221 222 
91 78 53 223 221 
92 221 223 37 224 
93 222 221 224 54 
94 76 104 225 226 
95 104 75 227 225 
96 225 227 78 228 
97 226 225 228 51 
98 101 127 229 230 
99 127 103 231 229 
100 229 231 75 232 
101 230 229 232 104 
102 125 146 233 234 
103 146 124 235 233 
104 233 235 127 236 
105 234 233 236 101 
106 144 158 237 238 
107 237 239 146 240 
108 238 237 240 125 
109 155 243 241 242 
110 243 157 244 241 
111 241 244 143 245 
112 242 241 245 158 
113 130 247 246 186 
114 247 105 248 246 
115 249 251 195 252 
116 202 249 252 150 
117 186 255 253 254 
118 255 246 256 253 
119 253 256 196 250 
120 254 253 250 128 
121 128 259 257 258 
122 259 250 260 257 
123 257 260 249 261 
124 258 257 261 202 
125 262 263 124 264 
126 239 262 264 146 
127 157 266 265 244 
128 266 210 267 265 
129 143 268 269 270 
130 268 212 271 269 
131 269 271 262 272 
132 270 269 272 239 
133 244 275 273 274 
134 275 265 276 273 
135 273 276 268 277 
136 274 273 277 143 
137 278 280 194 281 
138 197 278 281 109 
139 283 131 284 282 
140 282 284 197 285 
141 251 282 285 195 
142 107 287 286 182 
143 287 82 288 286 
144 286 288 108 192 
145 182 286 192 105 
146 105 290 289 248 
147 290 192 291 289 
148 246 293 292 256 
149 293 248 294 292 
150 292 294 131 283 
151 256 292 283 196 
152 196 297 295 296 
153 297 283 298 295 
154 295 298 282 299 
155 296 295 299 251 
156 109 281 300 211 
157 281 194 301 300 
158 210 304 303 267 
159 304 211 305 303 
160 303 305 145 306 
161 124 209 307 235 
162 209 126 308 307 
163 307 308 103 309 
164 235 307 309 127 
165 310 311 209 312 
166 263 310 312 124 
167 212 306 313 271 
168 306 145 314 313 
169 313 314 263 315 
170 271 313 315 262 
171 267 318 316 317 
172 318 303 319 316 
173 316 319 306 320 
174 317 316 320 212 
175 248 322 321 294 
176 322 289 323 321 
177 294 321 324 131 
178 192 330 329 291 
179 330 108 331 329 
180 289 334 333 323 
181 334 291 335 333 
182 333 335 191 336 
183 323 333 336 279 
184 131 324 337 284 
185 324 279 338 337 
186 337 338 278 339 
187 284 337 339 197 
188 321 342 340 341 
189 342 323 343 340 
190 340 343 279 344 
191 341 340 344 324 
192 145 346 345 314 
193 345 347 310 348 
194 314 345 348 263 
195 211 350 349 305 
196 350 300 351 349 
197 349 351 302 346 
198 305 349 346 145 
199 355 357 126 358 
200 311 355 358 209 
201 302 360 359 347 
202 360 207 361 359 
203 359 361 311 362 
204 347 359 362 310 
205 346 365 363 364 
206 365 302 366 363 
207 363 366 347 367 
208 364 363 367 345 
209 368 369 59 370 
210 280 368 370 194 
211 291 372 371 335 
212 372 329 373 371 
213 371 373 332 374 
214 191 374 375 376 
215 374 332 377 375 
216 375 377 368 378 
217 376 375 378 280 
218 335 381 379 380 
219 381 371 382 379 
220 379 382 374 383 
221 380 379 383 191 
222 194 370 384 301 
223 370 59 385 384 
224 387 356 388 386 
225 386 388 355 389 
226 361 386 389 311 
227 301 392 390 391 
228 392 384 393 390 
229 390 393 356 387 
230 391 390 387 207 
231 207 396 394 395 
232 396 387 397 394 
233 394 397 386 398 
234 395 394 398 361 
235 57 400 399 174 
236 400 42 401 399 
237 399 401 58 89 
238 174 399 89 55 
239 55 403 402 178 
240 403 89 404 402 
241 402 404 88 188 
242 178 402 188 82 
243 82 406 405 288 
244 406 188 407 405 
245 405 407 187 326 
246 288 405 326 108 
247 108 409 408 331 
248 409 326 410 408 
249 329 413 412 373 
250 413 331 414 412 
251 373 412 415 332 
252 75 123 416 227 
253 123 77 417 416 
254 416 417 53 418 
255 227 416 418 78 
256 103 206 419 231 
257 206 121 420 419 
258 419 420 123 421 
259 231 419 421 75 
260 126 354 422 308 
261 354 204 423 422 
262 422 423 206 424 
263 308 422 424 103 
264 425 427 354 428 
265 357 425 428 126 
266 356 430 429 388 
267 429 431 357 432 
268 388 429 432 355 
269 433 434 328 435 
270 369 433 435 59 
271 331 437 436 414 
272 437 408 438 436 
273 332 415 440 377 
274 415 193 441 440 
275 440 441 369 442 
276 377 440 442 368 
277 412 445 443 444 
278 445 414 446 443 
279 443 446 193 447 
280 444 443 447 415 
281 59 435 448 385 
282 435 328 449 448 
283 384 451 450 393 
284 451 385 452 450 
285 450 452 208 430 
286 393 450 430 356 
287 453 455 425 456 
288 431 453 456 357 
289 430 459 457 458 
290 459 208 460 457 
291 457 460 431 461 
292 458 457 461 429 
293 88 467 466 189 
294 467 90 468 466 
295 466 468 5 469 
296 189 466 469 91 
297 187 471 470 327 
298 471 189 472 470 
299 470 472 91 473 
300 327 470 473 190 
301 326 475 474 410 
302 475 187 476 474 
303 474 476 327 477 
304 410 474 477 325 
305 408 479 478 438 
306 479 410 480 478 
307 478 480 325 481 
308 438 478 481 411 
309 193 439 482 441 
310 439 411 483 482 
311 482 483 433 484 
312 441 482 484 369 
313 436 487 485 486 
314 487 438 488 485 
315 485 488 411 489 
316 486 485 489 439 
317 385 491 490 452 
318 491 448 492 490 
319 490 492 426 454 
320 452 490 454 208 
321 91 469 496 205 
322 469 5 497 496 
323 496 497 122 498 
324 205 496 498 121 
325 190 473 499 353 
326 473 91 500 499 
327 499 500 205 501 
328 353 499 501 204 
329 352 503 502 427 
330 503 353 504 502 
331 502 504 204 505 
332 427 502 505 354 
333 426 507 506 455 
334 507 352 508 506 
335 506 508 427 509 
336 455 506 509 425 
337 454 512 510 511 
338 512 426 513 510 
339 510 513 455 514 
340 511 510 514 453 
341 468 524 522 523 
342 522 525 518 526 
343 523 522 526 5 
344 5 526 527 528 
345 526 518 529 527 
346 528 527 530 497 
347 7 532 531 162 
348 532 16 533 531 
349 531 533 15 32 
350 162 531 32 13 
351 13 535 534 166 
352 535 32 536 534 
353 534 536 31 48 
354 166 534 48 26 
355 26 538 537 170 
356 538 48 539 537 
357 537 539 47 85 
358 170 537 85 42 
359 42 541 540 401 
360 541 85 542 540 
361 540 542 84 463 
362 401 540 463 58 
363 58 545 543 544 
364 545 463 546 543 
365 543 546 462 516 
366 544 543 516 90 
367 90 549 547 548 
368 549 516 550 547 
369 547 550 515 524 
370 548 547 524 468 
371 552 17 553 551 
372 551 553 8 554 
373 462 568 567 517 
374 568 464 569 567 
375 567 569 87 570 
376 517 567 570 465 
377 515 572 571 525 
378 572 517 573 571 
379 571 573 465 574 
380 525 571 574 518 
381 524 577 575 576 
382 577 515 578 575 
383 575 578 525 579 
384 576 575 579 522 
385 554 8 581 580 
386 580 581 29 582 
387 465 570 592 520 
388 570 87 593 592 
389 592 593 494 594 
390 520 592 594 493 
391 518 574 595 529 
392 574 465 596 595 
393 595 596 520 597 
394 529 595 597 519 
395 21 46 598 215 
396 46 28 599 598 
397 598 599 30 600 
398 215 598 600 9 
399 37 74 601 219 
400 74 44 602 601 
401 601 602 46 603 
402 219 601 603 21 
403 53 120 604 223 
404 120 72 605 604 
405 604 605 74 606 
406 223 604 606 37 
407 77 495 607 417 
408 495 118 608 607 
409 607 608 120 609 
410 417 607 609 53 
411 122 521 610 611 
412 521 493 612 610 
413 610 612 495 613 
414 611 610 613 77 
415 497 530 614 615 
416 530 519 616 614 
417 614 616 521 617 
418 615 614 617 122 
419 527 620 618 619 
420 620 529 621 618 
421 618 621 519 622 
422 619 618 622 530 
423 569 632 630 631 
424 631 630 634 87 
425 87 634 635 636 
426 636 635 638 593 
427 85 640 639 542 
428 640 47 641 639 
429 639 641 86 564 
430 542 639 564 84 
431 84 644 642 643 
432 644 564 645 642 
433 642 645 563 624 
434 643 642 624 464 
435 464 648 646 647 
436 648 624 649 646 
437 646 649 623 632 
438 647 646 632 569 
439 655 565 656 654 
440 654 656 50 657 
441 632 664 662 663 
442 664 623 665 662 
443 663 662 666 630 
444 657 50 671 670 
445 670 671 590 672 
446 118 591 676 608 
447 591 119 677 676 
448 676 677 72 678 
449 608 676 678 120 
450 494 629 679 680 
451 629 589 681 679 
452 679 681 591 682 
453 680 679 682 118 
454 593 638 683 684 
455 638 627 685 683 
456 683 685 629 686 
457 684 683 686 494 
458 635 689 687 688 
459 687 690 627 691 
460 688 687 691 638 
461 624 693 692 649 
462 693 563 694 692 
463 692 694 625 659 
464 649 692 659 623 
465 623 696 695 665 
466 696 659 697 695 
467 630 666 699 700 
468 699 701 626 702 
469 700 699 702 634 
470 662 705 703 704 
471 705 665 706 703 
472 704 703 707 666 
473 634 702 708 709 
474 702 626 710 708 
475 709 708 689 635 
476 627 675 711 685 
477 675 628 712 711 
478 711 712 589 713 
479 685 711 713 629 
480 714 716 675 717 
481 690 714 717 627 
482 689 720 718 719 
483 718 721 690 722 
484 719 718 722 687 
485 723 724 661 725 
486 701 723 725 626 
487 665 727 726 706 
488 727 695 728 726 
489 666 707 730 731 
490 707 633 732 730 
491 730 732 701 733 
492 731 730 733 699 
493 703 736 734 735 
494 736 706 737 734 
495 734 737 633 738 
496 735 734 738 707 
497 626 725 739 710 
498 725 661 740 739 
499 708 743 741 742 
500 743 710 744 741 
501 741 744 637 720 
502 742 741 720 689 
503 745 747 714 748 
504 721 745 748 690 
505 720 751 749 750 
506 751 637 752 749 
507 749 752 721 753 
508 750 749 753 718 
509 633 729 754 732 
510 729 698 755 754 
511 754 755 723 756 
512 732 754 756 701 
513 706 758 757 737 
514 758 726 759 757 
515 757 759 729 760 
516 737 757 760 633 
517 710 762 761 744 
518 762 739 763 761 
519 761 763 715 746 
520 744 761 746 637 
521 637 765 764 752 
522 765 746 766 764 
523 764 766 745 767 
524 752 764 767 721 
525 769 654 770 768 
526 768 770 657 771 
527 659 773 772 697 
528 773 625 774 772 
529 695 777 776 728 
530 777 697 778 776 
531 776 778 658 779 
532 726 781 780 759 
533 781 728 782 780 
534 780 782 698 783 
535 759 780 783 729 
536 771 657 785 784 
537 784 785 670 786 
538 787 789 628 790 
539 716 787 790 675 
540 792 673 793 791 
541 791 793 716 794 
542 747 791 794 714 
543 746 796 795 766 
544 796 715 797 795 
545 795 797 747 798 
546 766 795 798 745 
547 799 800 566 801 
548 724 799 801 661 
549 698 779 802 755 
550 779 658 803 802 
551 802 803 724 804 
552 755 802 804 723 
553 728 806 805 782 
554 806 776 807 805 
555 805 807 779 808 
556 782 805 808 698 
557 661 801 809 740 
558 801 566 810 809 
559 739 812 811 763 
560 812 740 813 811 
561 811 813 673 792 
562 763 811 792 715 
563 715 815 814 797 
564 815 792 816 814 
565 814 816 791 817 
566 797 814 817 747 
567 818 820 799 821 
568 803 818 821 724 
569 697 823 822 778 
570 823 772 824 822 
571 822 824 775 819 
572 778 822 819 658 
573 658 827 825 826 
574 827 819 828 825 
575 825 828 818 829 
576 826 825 829 803 
577 740 831 830 813 
578 831 809 832 830 
579 673 833 834 793 
580 833 788 835 834 
581 834 835 787 836 
582 793 834 836 716 
583 813 839 837 838 
584 839 830 840 837 
585 837 840 833 841 
586 838 837 841 673 
587 660 843 842 800 
588 843 768 844 842 
589 842 844 771 845 
590 800 842 845 566 
591 775 847 846 820 
592 847 660 848 846 
593 846 848 800 849 
594 820 846 849 799 
595 819 851 850 828 
596 851 775 852 850 
597 850 852 820 853 
598 828 850 853 818 
599 566 845 854 810 
600 845 771 855 854 
601 854 855 784 856 
602 810 854 856 674 
603 809 858 857 832 
604 858 810 859 857 
605 857 859 674 860 
606 832 857 860 788 
607 830 862 861 840 
608 862 832 863 861 
609 861 863 788 864 
610 840 861 864 833 
611 652 886 884 885 
612 886 876 887 884 
613 898 870 899 896 
614 896 899 882 900 
615 897 896 900 879 
616 562 907 905 906 
617 907 881 897 905 
618 905 897 879 908 
619 876 913 912 887 
620 913 878 914 912 
621 884 917 915 916 
622 917 887 918 915 
623 915 918 870 898 
624 916 915 898 881 
625 881 921 919 920 
626 921 898 922 919 
627 919 922 896 923 
628 920 919 923 897 
629 878 934 933 914 
630 934 909 935 933 
631 912 938 936 937 
632 938 914 939 936 
633 936 939 34 930 
634 937 936 930 893 
635 930 946 944 945 
636 946 34 947 944 
637 914 950 949 939 
638 950 933 951 949 
639 949 951 925 941 
640 939 949 941 34 
641 34 953 952 947 
642 953 941 954 952 
643 952 954 940 955 
644 947 952 955 931 
645 72 588 956 605 
646 588 73 957 956 
647 956 957 44 958 
648 605 956 958 74 
649 586 872 959 960 
650 872 587 961 959 
651 959 961 73 962 
652 960 959 962 588 
653 963 965 587 966 
654 964 963 966 872 
655 944 977 975 976 
656 977 947 978 975 
657 975 978 931 979 
658 870 981 980 899 
659 981 893 929 980 
660 980 929 892 982 
661 899 980 982 882 
662 893 985 983 984 
663 985 930 945 983 
664 983 945 928 986 
665 984 983 986 929 
666 945 989 987 988 
667 989 944 976 987 
668 987 976 948 990 
669 988 987 990 928 
670 44 585 991 602 
671 585 45 992 991 
672 991 992 28 993 
673 602 991 993 46 
674 73 868 994 957 
675 868 583 995 994 
676 994 995 585 996 
677 957 994 996 44 
678 587 891 997 961 
679 891 865 998 997 
680 997 998 868 999 
681 961 997 999 73 
682 1000 1001 891 1002 
683 965 1000 1002 587 
684 931 955 1006 973 
685 955 940 1007 1006 
686 1006 1007 943 1008 
687 973 1006 1008 894 
688 948 979 1009 1010 
689 979 931 1011 1009 
690 1009 1011 973 1012 
691 1010 1009 1012 971 
692 976 1015 1013 1014 
693 1015 975 1016 1013 
694 1013 1016 979 1017 
695 1014 1013 1017 948 
696 18 1019 1018 584 
697 1019 554 1020 1018 
698 1018 1020 580 1021 
699 584 1018 1021 45 
700 558 1023 1022 867 
701 1023 18 1024 1022 
702 1022 1024 584 1025 
703 867 1022 1025 583 
704 1027 558 1028 1026 
705 1026 1028 867 1029 
706 1031 866 1032 1030 
707 1030 1032 890 1033 
708 33 1035 1034 557 
709 1035 551 1036 1034 
710 1034 1036 554 1019 
711 557 1034 1019 18 
712 555 1038 1037 875 
713 1038 557 1039 1037 
714 1037 1039 18 1023 
715 875 1037 1023 558 
716 1041 875 1042 1040 
717 1040 1042 558 1027 
718 909 1044 1043 935 
719 1044 911 1045 1043 
720 1043 1045 866 1031 
721 1048 1031 1049 1046 
722 1046 1049 1030 1050 
723 866 1052 1051 1032 
724 1052 1027 1053 1051 
725 1051 1053 1026 1054 
726 1032 1051 1054 890 
727 650 1057 1055 1056 
728 1057 652 885 1055 
729 565 1059 1058 656 
730 1059 650 1056 1058 
731 1058 1056 653 1060 
732 656 1058 1060 50 
733 1056 1063 1061 1062 
734 1063 1055 1064 1061 
735 1061 1064 903 1065 
736 1062 1061 1065 653 
737 887 1067 1066 918 
738 1067 912 937 1066 
739 1066 937 893 981 
740 918 1066 981 870 
741 941 1072 1071 954 
742 1072 925 1073 1071 
743 1071 1073 942 1074 
744 954 1071 1074 940 
745 933 1076 1075 951 
746 1076 935 1077 1075 
747 1075 1077 889 1069 
748 951 1075 1069 925 
749 1069 1080 1078 1079 
750 1080 889 1081 1078 
751 1078 1081 1047 1082 
752 1079 1078 1082 1068 
753 935 1084 1083 1077 
754 1084 1043 1085 1083 
755 1083 1085 1031 1048 
756 1077 1083 1048 889 
757 889 1087 1086 1081 
758 1087 1048 1088 1086 
759 1086 1088 1046 1089 
760 1081 1086 1089 1047 
761 50 1060 1090 671 
762 1060 653 902 1090 
763 1090 902 667 1091 
764 671 1090 1091 590 
765 653 1065 1092 1093 
766 1065 903 1094 1092 
767 1092 1094 901 1095 
768 1093 1092 1095 902 
769 903 1097 1096 1094 
770 1097 562 906 1096 
771 1096 906 880 1098 
772 1094 1096 1098 901 
773 1099 964 872 1101 
774 1100 1099 1101 586 
775 880 908 1102 1103 
776 908 879 1104 1102 
777 1102 1104 883 1105 
778 1103 1102 1105 668 
779 906 1108 1106 1107 
780 1108 905 1109 1106 
781 1106 1109 908 1110 
782 1107 1106 1110 880 
783 1111 1113 969 1114 
784 1112 1111 1114 967 
785 882 982 1115 1116 
786 982 892 968 1115 
787 1115 968 895 1117 
788 1116 1115 1117 869 
789 892 1120 1118 1119 
790 1120 932 1112 1118 
791 1118 1112 967 1121 
792 1119 1118 1121 968 
793 932 1124 1122 1123 
794 1122 1125 1111 1126 
795 1123 1122 1126 1112 
796 929 986 1127 1128 
797 986 928 972 1127 
798 1127 972 932 1120 
799 1128 1127 1120 892 
800 972 1131 1129 1130 
801 1131 971 1132 1129 
802 1129 1132 974 1124 
803 1130 1129 1124 932 
804 894 1008 1133 1113 
805 1008 943 1134 1133 
806 1113 1133 1135 969 
807 974 1137 1136 1125 
808 1137 894 1138 1136 
809 1136 1138 1113 1139 
810 1125 1136 1139 1111 
811 1124 1142 1140 1141 
812 1142 974 1143 1140 
813 1140 1143 1125 1144 
814 1141 1140 1144 1122 
815 943 1149 1148 1134 
816 1149 924 1150 1148 
817 1148 1150 1004 1151 
818 1134 1148 1151 1003 
819 871 1005 1152 1153 
820 1005 927 1154 1152 
821 1152 1154 1000 1155 
822 1153 1152 1155 965 
823 969 1135 1156 1157 
824 1135 1003 1158 1156 
825 1156 1158 1005 1159 
826 1157 1156 1159 871 
827 1133 1162 1160 1161 
828 1162 1134 1163 1160 
829 1160 1163 1003 1164 
830 1161 1160 1164 1135 
831 1 1167 1165 1166 
832 1167 12 160 1165 
833 1165 160 10 62 
834 1166 1165 62 11 
835 16 1169 1168 533 
836 1169 2 1170 1168 
837 1168 1170 17 552 
838 533 1168 552 15 
839 20 94 1171 1172 
840 94 19 214 1171 
841 1171 214 22 1173 
842 1172 1171 1173 4 
843 10 1176 1174 1175 
844 1176 25 164 1174 
845 1174 164 23 66 
846 1175 1174 66 24 
847 28 582 1177 599 
848 582 29 1178 1177 
849 1177 1178 3 1179 
850 599 1177 1179 30 
851 32 1181 1180 536 
852 1181 15 1182 1180 
853 1180 1182 33 556 
854 536 1180 556 31 
855 36 97 1183 1184 
856 97 35 218 1183 
857 1183 218 38 1185 
858 1184 1183 1185 19 
859 23 1188 1186 1187 
860 1188 41 168 1186 
861 1186 168 39 70 
862 1187 1186 70 40 
863 48 1190 1189 539 
864 1190 31 1191 1189 
865 1189 1191 49 560 
866 539 1189 560 47 
867 52 100 1192 1193 
868 100 51 222 1192 
869 1192 222 54 1194 
870 1193 1192 1194 35 
871 70 1197 1195 1196 
872 1197 39 172 1195 
873 1195 172 56 112 
874 1196 1195 112 68 
875 56 1200 1198 1199 
876 1200 81 176 1198 
877 1198 176 79 116 
878 1199 1198 116 80 
879 89 1202 1201 404 
880 1202 58 544 1201 
881 1201 544 90 467 
882 404 1201 467 88 
883 98 135 1203 1204 
884 135 76 226 1203 
885 1203 226 51 1205 
886 1204 1203 1205 100 
887 102 138 1206 1207 
888 138 101 230 1206 
889 1206 230 104 1208 
890 1207 1206 1208 76 
891 116 1211 1209 1210 
892 1211 79 180 1209 
893 1209 180 106 141 
894 1210 1209 141 114 
895 121 498 1212 420 
896 498 122 611 1212 
897 1212 611 77 1213 
898 420 1212 1213 123 
899 136 154 1214 1215 
900 154 125 234 1214 
901 1214 234 101 1216 
902 1215 1214 1216 138 
903 183 1219 1217 1218 
904 1219 186 254 1217 
905 1217 254 128 201 
906 1218 1217 201 149 
907 188 1221 1220 407 
908 1221 88 1222 1220 
909 1220 1222 189 471 
910 407 1220 471 187 
911 204 501 1223 423 
912 501 205 1224 1223 
913 1223 1224 121 1225 
914 423 1223 1225 206 
915 158 245 1226 1227 
916 245 143 270 1226 
917 1226 270 239 1228 
918 1227 1226 1228 237 
919 250 1230 1229 260 
920 1230 196 296 1229 
921 1229 296 251 1231 
922 260 1229 1231 249 
923 265 1233 1232 276 
924 1233 267 317 1232 
925 1232 317 212 1234 
926 276 1232 1234 268 
927 279 336 1235 338 
928 336 191 376 1235 
929 1235 376 280 1236 
930 338 1235 1236 278 
931 300 1238 1237 351 
932 1238 301 391 1237 
933 1237 391 207 360 
934 351 1237 360 302 
935 325 477 1239 434 
936 477 327 1240 1239 
937 1239 1240 190 1241 
938 434 1239 1241 328 
939 328 1241 1242 449 
940 1241 190 1243 1242 
941 1242 1243 353 503 
942 449 1242 503 352 
943 411 481 1244 483 
944 481 325 1245 1244 
945 1244 1245 434 1246 
946 483 1244 1246 433 
947 414 1248 1247 446 
948 1248 436 486 1247 
949 1247 486 439 1249 
950 446 1247 1249 193 
951 448 1251 1250 492 
952 1251 449 1252 1250 
953 1250 1252 352 507 
954 492 1250 507 426 
955 208 1254 1253 460 
956 1254 454 511 1253 
957 1253 511 453 1255 
958 460 1253 1255 431 
959 463 1257 1256 546 
960 1257 84 643 1256 
961 1256 643 464 568 
962 546 1256 568 462 
963 493 594 1258 612 
964 594 494 680 1258 
965 1258 680 118 1259 
966 612 1258 1259 495 
967 516 1261 1260 550 
968 1261 462 1262 1260 
969 1260 1262 517 572 
970 550 1260 572 515 
971 519 597 1263 616 
972 597 520 1264 1263 
973 1263 1264 493 1265 
974 616 1263 1265 521 
975 15 1267 1266 1182 
976 1267 552 1268 1266 
977 1266 1268 551 1035 
978 1182 1266 1035 33 
979 31 1270 1269 1191 
980 1270 556 1271 1269 
981 1269 1271 555 874 
982 1191 1269 874 49 
983 556 1273 1272 1271 
984 1273 33 1274 1272 
985 1272 1274 557 1038 
986 1271 1272 1038 555 
987 47 1276 1275 641 
988 1276 560 1277 1275 
989 1275 1277 559 651 
990 641 1275 651 86 
991 560 1279 1278 1277 
992 1279 49 1280 1278 
993 1278 1280 561 877 
994 1277 1278 877 559 
995 564 1282 1281 645 
996 1282 86 1283 1281 
997 1281 1283 565 655 
998 645 1281 655 563 
999 45 1021 1284 992 
1000 1021 580 1285 1284 
1001 1284 1285 582 1286 
1002 992 1284 1286 28 
1003 583 1025 1287 995 
1004 1025 584 1288 1287 
1005 1287 1288 45 1289 
1006 995 1287 1289 585 
1007 119 669 1290 677 
1008 669 586 960 1290 
1009 1290 960 588 1291 
1010 677 1290 1291 72 
1011 589 672 1292 681 
1012 672 590 1293 1292 
1013 1292 1293 119 1294 
1014 681 1292 1294 591 
1015 86 1296 1295 1283 
1016 1296 651 1297 1295 
1017 1295 1297 650 1059 
1018 1283 1295 1059 565 
1019 651 1299 1298 1297 
1020 1299 559 1300 1298 
1021 1298 1300 652 1057 
1022 1297 1298 1057 650 
1023 563 1302 1301 694 
1024 1302 655 1303 1301 
1025 1301 1303 654 769 
1026 694 1301 769 625 
1027 667 904 1304 1305 
1028 1304 1100 586 1306 
1029 1305 1304 1306 669 
1030 590 1091 1307 1293 
1031 1091 667 1305 1307 
1032 1307 1305 669 1308 
1033 1293 1307 1308 119 
1034 628 786 1309 712 
1035 786 670 1310 1309 
1036 1309 1310 672 1311 
1037 712 1309 1311 589 
1038 625 1313 1312 774 
1039 1313 769 1314 1312 
1040 1312 1314 768 843 
1041 774 1312 843 660 
1042 772 1316 1315 824 
1043 1316 774 1317 1315 
1044 1315 1317 660 847 
1045 824 1315 847 775 
1046 674 856 1318 789 
1047 856 784 1319 1318 
1048 1318 1319 786 1320 
1049 789 1318 1320 628 
1050 788 860 1321 835 
1051 860 674 1322 1321 
1052 1321 1322 789 1323 
1053 835 1321 1323 787 
1054 865 1029 1324 998 
1055 1029 867 1325 1324 
1056 1324 1325 583 1326 
1057 998 1324 1326 868 
1058 49 1328 1327 1280 
1059 1328 874 1329 1327 
1060 1327 1329 873 910 
1061 1280 1327 910 561 
1062 874 1331 1330 1329 
1063 1331 555 1332 1330 
1064 1330 1332 875 1041 
1065 1329 1330 1041 873 
1066 559 1334 1333 1300 
1067 1334 877 1335 1333 
1068 1333 1335 876 886 
1069 1300 1333 886 652 
1070 877 1337 1336 1335 
1071 1337 561 1338 1336 
1072 1336 1338 878 913 
1073 1335 1336 913 876 
1074 879 900 1339 1104 
1075 900 882 1116 1339 
1076 1339 1116 869 1340 
1077 1104 1339 1340 883 
1078 885 1343 1341 1342 
1079 1343 884 916 1341 
1080 1341 916 881 907 
1081 1342 1341 907 562 
1082 1033 890 1345 1344 
1083 1344 1345 865 1346 
1084 1001 1344 1346 891 
1085 901 1098 1347 1348 
1086 1098 880 1103 1347 
1087 1347 1103 668 1349 
1088 1348 1347 1349 904 
1089 902 1095 1350 1351 
1090 1095 901 1348 1350 
1091 1350 1348 904 1352 
1092 1351 1350 1352 667 
1093 561 1354 1353 1338 
1094 1354 910 1355 1353 
1095 1353 1355 909 934 
1096 1338 1353 934 878 
1097 910 1357 1356 1355 
1098 1357 873 1358 1356 
1099 1356 1358 911 1044 
1100 1355 1356 1044 909 
1101 940 1074 1359 1007 
1102 1074 942 1360 1359 
1103 1359 1360 924 1149 
1104 1007 1359 1149 943 
1105 895 970 1361 1362 
1106 970 871 1153 1361 
1107 1361 1153 965 1363 
1108 1362 1361 1363 963 
1109 967 1114 1364 1365 
1110 1114 969 1157 1364 
1111 1364 1157 871 1366 
1112 1365 1364 1366 970 
1113 968 1121 1367 1368 
1114 1121 967 1365 1367 
1115 1367 1365 970 1369 
1116 1368 1367 1369 895 
1117 928 990 1370 1371 
1118 990 948 1010 1370 
1119 1370 1010 971 1131 
1120 1371 1370 1131 972 
1121 971 1012 1372 1132 
1122 1012 973 1373 1372 
1123 1372 1373 894 1137 
1124 1132 1372 1137 974 
1125 927 1147 1374 1154 
1126 1147 888 1375 1374 
1127 1374 1375 1001 1376 
1128 1154 1374 1376 1000 
1129 1003 1151 1377 1158 
1130 1151 1004 1378 1377 
1131 1377 1378 927 1379 
1132 1158 1377 1379 1005 
1133 890 1054 1380 1345 
1134 1054 1026 1381 1380 
1135 1380 1381 1029 1382 
1136 1345 1380 1382 865 
1137 1050 1030 1384 1383 
1138 1383 1384 1033 1385 
1139 911 1387 1386 1045 
1140 1387 1040 1388 1386 
1141 1386 1388 1027 1052 
1142 1045 1386 1052 866 
1143 1055 1390 1389 1064 
1144 1390 885 1342 1389 
1145 1389 1342 562 1097 
1146 1064 1389 1097 903 
1147 925 1392 1391 1073 
1148 1392 1069 1079 1391 
1149 1391 1079 1068 1393 
1150 1073 1391 1393 942 
1151 942 1393 1394 1360 
1152 1393 1068 1395 1394 
1153 1394 1395 1070 1396 
1154 1360 1394 1396 924 
1155 924 1396 1397 1150 
1156 1396 1070 1398 1397 
1157 1397 1398 1145 1399 
1158 1150 1397 1399 1004 
1159 1004 1399 1400 1378 
1160 1399 1145 1401 1400 
1161 1400 1401 1147 1402 
1162 1378 1400 1402 927 
1163 869 1117 1403 1404 
1164 1117 895 1362 1403 
1165 1403 1362 963 1405 
1166 1404 1403 1405 964 
1167 873 1407 1406 1358 
1168 1407 1041 1408 1406 
1169 1406 1408 1040 1387 
1170 1358 1406 1387 911 
1171 1068 1082 1409 1395 
1172 1082 1047 1410 1409 
1173 1409 1410 926 1411 
1174 1395 1409 1411 1070 
1175 883 1340 1412 1413 
1176 1340 869 1404 1412 
1177 1412 1404 964 1414 
1178 1413 1412 1414 1099 
1179 1070 1411 1415 1398 
1180 1411 926 1416 1415 
1181 1415 1416 1146 1417 
1182 1398 1415 1417 1145 
1183 1145 1417 1418 1401 
1184 1417 1146 1419 1418 
1185 1418 1419 888 1420 
1186 1401 1418 1420 1147 
1187 888 1385 1421 1375 
1188 1385 1033 1422 1421 
1189 1421 1422 1344 1423 
1190 1375 1421 1423 1001 
1191 1047 1089 1424 1410 
1192 1089 1046 1425 1424 
1193 1424 1425 1050 1426 
1194 1410 1424 1426 926 
1195 668 1105 1427 1428 
1196 1105 883 1413 1427 
1197 1427 1413 1099 1429 
1198 1428 1427 1429 1100 
1199 904 1349 1430 1431 
1200 1349 668 1428 1430 
1201 1430 1428 1100 1432 
1202 1431 1430 1432 1304 
1203 926 1426 1433 1416 
1204 1426 1050 1434 1433 
1205 1433 1434 1383 1435 
1206 1416 1433 1435 1146 
1207 1146 1435 1436 1419 
1208 1435 1383 1437 1436 
1209 1436 1437 1385 1438 
1210 1419 1436 1438 888 
