2 0.000000 100.000000 240.580931
1405 1189 
1 -11.368037 0.000000 -11.630765 99.512839 -6.979783 6.958999 0.000005 
2 13.641644 0.000000 -11.630765 99.510554 -7.017163 6.953109 0.000006 
3 13.641644 0.000000 11.630765 99.517367 -6.929527 6.951675 -0.000005 
4 -11.368037 0.000000 11.630765 99.514011 -6.970875 6.959012 -0.000006 
5 1.136804 0.000000 0.000000 102.058201 -6.588957 6.558647 -0.050231 
6 -11.368037 0.000000 0.000000 99.513405 -6.975316 6.959290 -0.000000 
7 1.136804 0.000000 -11.630765 99.510713 -6.997695 6.957336 0.000025 
8 13.641644 0.000000 0.000000 99.547244 -7.010840 6.438010 -0.000025 
9 1.136804 0.000000 11.630765 99.516445 -6.952737 6.957180 -0.000027 
10 -5.115617 0.000000 -5.815382 99.511739 -6.985399 6.959178 0.000019 
11 -11.368037 0.000000 -5.815382 99.513003 -6.978077 6.959178 0.000004 
12 -5.115617 0.000000 -11.630765 99.512054 -6.985006 6.958787 0.000014 
13 1.136804 0.000000 -5.815382 99.511862 -7.019834 6.953191 -0.000024 
14 -5.115617 0.000000 0.000000 99.512944 -6.976342 6.960077 0.000006 
15 7.389224 0.000000 -5.815382 99.507299 -7.060854 6.942442 0.000024 
16 7.389224 0.000000 -11.630765 99.510331 -7.011744 6.954889 0.000016 
17 13.641644 0.000000 -5.815382 99.508609 -7.060382 6.937855 0.000005 
18 7.389224 0.000000 0.000000 99.663795 -6.464725 5.304826 -0.000281 
19 -5.115617 0.000000 5.815382 99.515008 -6.966207 6.959475 -0.000020 
20 -11.368037 0.000000 5.815382 99.513827 -6.972561 6.959196 -0.000005 
21 1.136804 0.000000 5.815382 99.524752 -6.937652 6.953198 -0.000165 
22 -5.115617 0.000000 11.630765 99.514885 -6.965537 6.958804 -0.000016 
23 -1.989406 0.000000 -2.907691 99.507230 -6.992786 6.957794 0.000100 
24 -5.115617 0.000000 -2.907691 99.511916 -6.982356 6.959719 0.000019 
25 -1.989406 0.000000 -5.815382 99.509830 -6.993150 6.957938 0.000048 
26 1.136804 0.000000 -2.907691 99.510141 -7.045237 6.938581 -0.000005 
27 -1.989406 0.000000 0.000000 99.506713 -6.983508 6.961637 0.000118 
28 7.389224 0.000000 5.815382 99.521635 -6.887563 6.938862 -0.000014 
29 13.641644 0.000000 5.815382 99.522529 -6.878786 6.927454 -0.000004 
30 7.389224 0.000000 11.630765 99.517096 -6.937503 6.954333 -0.000014 
31 4.263014 0.000000 -2.907691 99.500543 -7.146618 6.908266 0.000084 
32 4.263014 0.000000 -5.815382 99.506423 -7.046839 6.947015 0.000055 
33 7.389224 0.000000 -2.907691 99.503956 -7.151937 6.896568 0.000025 
34 4.263014 0.000000 0.000000 100.178675 -3.382061 0.934142 -0.004808 
35 -1.989406 0.000000 2.907691 99.517646 -6.965529 6.961146 -0.000074 
36 -5.115617 0.000000 2.907691 99.514365 -6.970075 6.960076 -0.000013 
37 1.136804 0.000000 2.907691 99.530539 -6.919172 6.935456 -0.000230 
38 -1.989406 0.000000 5.815382 99.517489 -6.958831 6.958648 -0.000058 
39 -0.426301 0.000000 -1.453846 99.483343 -7.017817 6.927913 0.000582 
40 -1.989406 0.000000 -1.453846 99.505319 -6.989926 6.957674 0.000142 
41 -0.426301 0.000000 -2.907691 99.504998 -7.010889 6.949217 0.000131 
42 1.136804 0.000000 -1.453846 99.504516 -7.100496 6.897628 0.000086 
43 -0.426301 0.000000 0.000000 99.682253 -7.080258 7.009948 -0.003582 
44 4.263014 0.000000 2.907691 99.528860 -6.821909 6.897039 -0.000010 
45 7.389224 0.000000 2.907691 99.531428 -6.806156 6.873005 -0.000007 
46 4.263014 0.000000 5.815382 99.521688 -6.905898 6.944855 -0.000049 
47 2.699909 0.000000 -1.453846 99.492944 -7.334524 6.803306 0.000107 
48 2.699909 0.000000 -2.907691 99.504421 -7.109293 6.924517 0.000038 
49 4.263014 0.000000 -1.453846 99.496163 -7.348194 6.756162 0.000087 
50 2.699909 0.000000 0.000000 99.713971 -8.814404 3.930113 -0.003602 
51 -0.426301 0.000000 1.453846 99.523868 -6.980787 6.972839 -0.000235 
52 -1.989406 0.000000 1.453846 99.513863 -6.972706 6.963880 -0.000012 
53 1.136804 0.000000 1.453846 99.579567 -6.925412 6.871413 -0.001127 
54 -0.426301 0.000000 2.907691 99.525591 -6.953835 6.957683 -0.000211 
55 0.355251 0.000000 -0.726923 99.610694 -7.070042 6.672048 -0.001679 
56 -0.426301 0.000000 -0.726923 99.482311 -6.940014 6.876961 0.000781 
57 0.355251 0.000000 -1.453846 99.486984 -7.039129 6.904208 0.000512 
58 1.136804 0.000000 -0.726923 99.527530 -7.268230 6.881431 -0.000591 
59 0.355251 0.000000 0.000000 60.660950 -0.046078 0.035723 0.632025 
60 -8.241827 0.000000 -2.907691 99.512873 -6.978546 6.959429 0.000005 
61 -11.368037 0.000000 -2.907691 99.513179 -6.976786 6.959255 0.000002 
62 -8.241827 0.000000 -5.815382 99.512652 -6.979736 6.959278 0.000008 
63 -8.241827 0.000000 0.000000 99.513300 -6.975726 6.959550 0.000001 
64 -3.552511 0.000000 -1.453846 99.510768 -6.982366 6.959998 0.000041 
65 -5.115617 0.000000 -1.453846 99.512339 -6.978846 6.959864 0.000015 
66 -3.552511 0.000000 -2.907691 99.510611 -6.984383 6.959495 0.000042 
67 -3.552511 0.000000 0.000000 99.511905 -6.978457 6.960683 0.000023 
68 -1.207854 0.000000 -0.726923 99.492376 -7.000687 6.956458 0.000387 
69 -1.989406 0.000000 -0.726923 99.505009 -6.987271 6.959550 0.000150 
70 -1.207854 0.000000 -1.453846 99.497625 -7.000285 6.951302 0.000290 
71 -1.207854 0.000000 0.000000 99.495779 -6.997698 6.963515 0.000313 
72 2.699909 0.000000 1.453846 99.536537 -6.737827 6.740342 0.000165 
73 4.263014 0.000000 1.453846 99.543596 -6.719557 6.697909 0.000106 
74 2.699909 0.000000 2.907691 99.526553 -6.858184 6.912655 -0.000035 
75 0.355251 0.000000 0.726923 99.604597 -7.087434 6.963025 -0.001979 
76 -0.426301 0.000000 0.726923 99.446802 -6.950934 6.908443 0.001429 
77 1.136804 0.000000 0.726923 99.538747 -7.140025 6.819740 -0.000545 
78 0.355251 0.000000 1.453846 99.564454 -6.965565 6.948053 -0.000987 
79 -0.035525 0.000000 -0.363461 98.573321 -7.053892 6.873931 0.018629 
80 -0.426301 0.000000 -0.363461 99.497199 -7.021304 7.004599 0.000194 
81 -0.035525 0.000000 -0.726923 99.331666 -7.023871 6.814124 0.003745 
82 0.355251 0.000000 -0.363461 100.085008 -7.398214 5.725388 -0.010452 
83 -0.035525 0.000000 0.000000 172.015634 -7.450332 7.275485 -1.969782 
84 1.918356 0.000000 -0.726923 99.612559 -7.415857 6.438423 -0.001911 
85 1.918356 0.000000 -1.453846 99.498110 -7.217307 6.847858 0.000114 
86 2.699909 0.000000 -0.726923 99.506346 -7.844320 6.276240 -0.000244 
87 1.918356 0.000000 0.000000 101.326826 -7.802309 5.181491 -0.035485 
88 0.746027 0.000000 -0.363461 99.419858 -7.642563 6.509384 0.001491 
89 0.746027 0.000000 -0.726923 99.489510 -7.129124 6.859217 0.000396 
90 1.136804 0.000000 -0.363461 99.513901 -7.612977 6.241413 0.000007 
91 0.746027 0.000000 0.000000 102.215098 -6.552192 6.505033 -0.053317 
92 -8.241827 0.000000 2.907691 99.513780 -6.972819 6.959508 -0.000005 
93 -11.368037 0.000000 2.907691 99.513637 -6.973848 6.959267 -0.000003 
94 -8.241827 0.000000 5.815382 99.514181 -6.970865 6.959326 -0.000010 
95 -3.552511 0.000000 1.453846 99.513624 -6.973894 6.960863 -0.000005 
96 -5.115617 0.000000 1.453846 99.513667 -6.973691 6.960099 -0.000005 
97 -3.552511 0.000000 2.907691 99.515191 -6.969144 6.960438 -0.000029 
98 -1.207854 0.000000 0.726923 99.506056 -6.989919 6.967049 0.000115 
99 -1.989406 0.000000 0.726923 99.509938 -6.978327 6.962677 0.000060 
100 -1.207854 0.000000 1.453846 99.514746 -6.976316 6.966264 -0.000038 
101 -0.035525 0.000000 0.363461 98.953116 -7.161684 6.686073 0.011229 
102 -0.426301 0.000000 0.363461 99.483448 -7.023169 6.785358 0.000768 
103 0.355251 0.000000 0.363461 100.466840 -7.471169 6.992067 -0.019829 
104 -0.035525 0.000000 0.726923 99.310633 -7.015618 6.900872 0.004056 
105 0.159863 0.000000 -0.181731 97.204274 -8.416907 0.215728 0.048044 
106 -0.035525 0.000000 -0.181731 96.468316 -7.097741 10.114852 0.054118 
107 0.159863 0.000000 -0.363461 98.778794 -7.144406 5.553277 0.016087 
108 0.355251 0.000000 -0.181731 101.555800 -8.904679 3.173967 -0.040295 
109 0.159863 0.000000 0.000000 114.641452 0.116012 0.159300 -0.314270 
110 -0.817078 0.000000 -0.363461 99.501568 -6.950620 6.913789 0.000333 
111 -1.207854 0.000000 -0.363461 99.492267 -6.999939 6.960292 0.000384 
112 -0.817078 0.000000 -0.726923 99.472121 -7.013816 6.952989 0.000776 
113 -0.817078 0.000000 0.000000 99.501728 -6.949090 6.914117 0.000331 
114 -0.230913 0.000000 -0.181731 100.011761 -7.021628 7.292476 -0.010484 
115 -0.426301 0.000000 -0.181731 99.604907 -7.085731 7.029697 -0.002076 
116 -0.230913 0.000000 -0.363461 99.239899 -6.971231 7.226828 0.005062 
117 -0.230913 0.000000 0.000000 100.848868 -7.070582 6.978730 -0.026919 
118 1.918356 0.000000 0.726923 99.502296 -6.855917 6.257249 0.001314 
119 2.699909 0.000000 0.726923 99.483774 -6.704503 6.113047 0.002066 
120 1.918356 0.000000 1.453846 99.560641 -6.846991 6.796114 -0.000539 
121 0.746027 0.000000 0.363461 99.364604 -7.565794 6.305231 0.002968 
122 1.136804 0.000000 0.363461 99.546386 -7.592722 6.523842 -0.000969 
123 0.746027 0.000000 0.726923 99.315598 -7.105592 6.832854 0.003923 
124 0.159863 0.000000 0.181731 98.921600 -8.359982 10.443828 0.003555 
125 -0.035525 0.000000 0.181731 97.823018 -7.318789 3.535600 0.036459 
126 0.355251 0.000000 0.181731 102.245263 -9.038404 5.990980 -0.057168 
127 0.159863 0.000000 0.363461 99.329287 -7.420914 7.546078 0.002168 
128 0.062169 0.000000 -0.090865 82.666673 -10.481720 -5.860917 0.302200 
129 -0.035525 0.000000 -0.090865 103.774359 -7.588756 26.483331 -0.152807 
130 0.062169 0.000000 -0.181731 94.264769 -7.764155 3.918961 0.103851 
131 0.159863 0.000000 -0.090865 97.914801 -12.409709 -13.089849 0.008735 
132 0.062169 0.000000 0.000000 208.627514 -0.684474 0.705233 -3.352641 
133 -0.817078 0.000000 0.363461 99.487720 -6.935539 6.908196 0.000637 
134 -1.207854 0.000000 0.363461 99.500174 -6.993732 6.965321 0.000229 
135 -0.817078 0.000000 0.726923 99.479922 -6.937831 6.917845 0.000776 
136 -0.230913 0.000000 0.181731 100.175768 -7.050221 6.607373 -0.012855 
137 -0.426301 0.000000 0.181731 99.636493 -7.015303 6.916979 -0.002449 
138 -0.230913 0.000000 0.363461 99.415106 -7.033854 6.628735 0.002322 
139 -0.133219 0.000000 -0.090865 103.038678 -7.138292 9.414525 -0.075656 
140 -0.230913 0.000000 -0.090865 100.491234 -7.065773 7.358098 -0.020255 
141 -0.133219 0.000000 -0.181731 99.713197 -7.219654 8.802367 -0.007233 
142 -0.133219 0.000000 0.000000 105.966211 -7.075993 7.138798 -0.132987 
143 0.062169 0.000000 0.090865 87.400361 -10.478865 12.332199 0.209929 
144 -0.035525 0.000000 0.090865 106.040475 -7.701835 -11.726318 -0.144141 
145 0.159863 0.000000 0.090865 101.557066 -12.460605 13.833519 -0.066047 
146 0.062169 0.000000 0.181731 96.217517 -8.008208 8.163431 0.061142 
147 0.013322 0.000000 -0.045433 69.339860 -11.565848 -13.515319 0.487555 
148 -0.035525 0.000000 -0.045433 147.908302 -7.640450 36.666911 -1.327970 
149 0.013322 0.000000 -0.090865 68.833808 -9.051489 10.191774 0.507611 
150 0.062169 0.000000 -0.045433 205.530182 -0.594820 -19.023989 -3.260492 
151 0.013322 0.000000 0.000000 273.799293 -3.532216 3.490061 -6.499071 
152 -0.133219 0.000000 0.090865 103.438676 -7.216462 4.780493 -0.077449 
153 -0.230913 0.000000 0.090865 100.593609 -7.074326 6.576381 -0.021237 
154 -0.133219 0.000000 0.181731 100.139162 -7.212598 5.049304 -0.010537 
155 0.013322 0.000000 0.045433 77.188556 -11.911444 15.293736 0.366615 
156 -0.035525 0.000000 0.045433 147.848649 -7.690442 -20.941575 -1.235692 
157 0.062169 0.000000 0.045433 204.080103 -0.597681 19.806414 -3.204134 
158 0.013322 0.000000 0.090865 75.521894 -9.194258 0.229673 0.421186 
159 -1.989406 0.000000 -8.723074 99.510806 -6.994512 6.958152 0.000026 
160 -5.115617 0.000000 -8.723074 99.510462 -6.985845 6.959956 0.000043 
161 -1.989406 0.000000 -11.630765 99.511381 -6.990271 6.958294 0.000020 
162 1.136804 0.000000 -8.723074 99.509640 -7.007289 6.956368 0.000034 
163 -0.426301 0.000000 -4.361537 99.506873 -7.006118 6.954516 0.000093 
164 -1.989406 0.000000 -4.361537 99.509763 -6.991885 6.957049 0.000052 
165 -0.426301 0.000000 -5.815382 99.508478 -7.002421 6.956276 0.000064 
166 1.136804 0.000000 -4.361537 99.505304 -7.027047 6.949562 0.000102 
167 0.355251 0.000000 -2.180768 99.521609 -7.029307 6.927331 -0.000195 
168 -0.426301 0.000000 -2.180768 99.502053 -7.011497 6.941256 0.000200 
169 0.355251 0.000000 -2.907691 99.509179 -7.023305 6.942749 0.000039 
170 1.136804 0.000000 -2.180768 99.528111 -7.045427 6.925796 -0.000345 
171 -0.035525 0.000000 -1.090384 99.550392 -6.985230 6.836259 -0.000581 
172 -0.426301 0.000000 -1.090384 99.450237 -7.024610 6.930424 0.001227 
173 -0.035525 0.000000 -1.453846 99.484547 -7.027286 6.909202 0.000571 
174 0.355251 0.000000 -1.090384 99.660522 -7.045186 6.841457 -0.002866 
175 0.159863 0.000000 -0.545192 99.283795 -7.060588 6.419977 0.005166 
176 -0.035525 0.000000 -0.545192 99.223422 -6.980129 6.725450 0.006076 
177 0.159863 0.000000 -0.726923 99.406742 -7.029657 6.682545 0.002423 
178 0.355251 0.000000 -0.545192 99.624814 -7.126892 6.462634 -0.001766 
179 0.062169 0.000000 -0.272596 96.461629 -7.188927 5.648421 0.061157 
180 -0.035525 0.000000 -0.272596 97.380501 -7.089091 7.674696 0.040788 
181 0.062169 0.000000 -0.363461 98.213903 -7.058472 6.285556 0.026470 
182 0.159863 0.000000 -0.272596 98.069024 -7.450883 3.917397 0.031160 
183 0.013322 0.000000 -0.136298 89.984642 -7.949411 8.750407 0.176300 
184 -0.035525 0.000000 -0.136298 97.393602 -7.316212 13.712331 0.027293 
185 0.013322 0.000000 -0.181731 94.135655 -7.357245 7.536571 0.102755 
186 0.062169 0.000000 -0.136298 91.459898 -8.494769 1.151821 0.156160 
187 0.550639 0.000000 -0.181731 101.576182 -7.989248 5.028875 -0.040684 
188 0.550639 0.000000 -0.363461 99.809061 -7.513627 6.608758 -0.006198 
189 0.746027 0.000000 -0.181731 102.309888 -7.997732 5.072754 -0.055701 
190 0.550639 0.000000 0.000000 101.556337 -6.529829 6.482299 -0.039835 
191 0.257557 0.000000 -0.090865 101.547091 -12.575628 -10.026990 -0.057050 
192 0.257557 0.000000 -0.181731 100.009778 -8.566031 1.022555 -0.007638 
193 0.355251 0.000000 -0.090865 104.798668 -12.609290 -4.289880 -0.116016 
194 0.257557 0.000000 0.000000 76.151602 -0.158724 0.050091 0.420091 
195 0.111016 0.000000 -0.045433 147.811089 -0.179517 -13.352560 -1.202644 
196 0.111016 0.000000 -0.090865 90.181375 -12.350964 -14.956022 0.149109 
197 0.159863 0.000000 -0.045433 113.503057 0.091462 -8.125957 -0.294898 
198 0.111016 0.000000 0.000000 151.190668 -0.186777 0.204641 -1.285869 
199 0.037745 0.000000 -0.068149 69.502332 -11.659488 -13.383612 0.485436 
200 0.013322 0.000000 -0.068149 69.323210 -11.345896 -13.148949 0.489267 
201 0.037745 0.000000 -0.090865 79.385273 -9.830239 -2.478442 0.359520 
202 0.062169 0.000000 -0.068149 75.239505 -12.003200 -14.312460 0.399009 
203 0.037745 0.000000 -0.045433 69.126762 -11.709497 -13.471484 0.490290 
204 0.550639 0.000000 0.181731 101.533457 -7.999144 5.034089 -0.039837 
205 0.746027 0.000000 0.181731 102.302004 -8.014086 5.068253 -0.055561 
206 0.550639 0.000000 0.363461 99.763418 -7.540317 6.159448 -0.004753 
207 0.257557 0.000000 0.090865 104.222879 -12.659448 10.546071 -0.113389 
208 0.355251 0.000000 0.090865 106.126737 -12.617151 4.615106 -0.144338 
209 0.257557 0.000000 0.181731 101.298771 -8.810844 8.712424 -0.041498 
210 0.111016 0.000000 0.045433 147.636672 -0.203073 13.629202 -1.198238 
211 0.159863 0.000000 0.045433 113.463723 0.011152 8.296392 -0.294285 
212 0.111016 0.000000 0.090865 94.752906 -12.393390 15.974099 0.061312 
213 -1.989406 0.000000 8.723074 99.516421 -6.956564 6.958307 -0.000033 
214 -5.115617 0.000000 8.723074 99.516465 -6.967253 6.960063 -0.000051 
215 1.136804 0.000000 8.723074 99.517960 -6.943443 6.956103 -0.000042 
216 -1.989406 0.000000 11.630765 99.515666 -6.960244 6.958265 -0.000023 
217 -0.426301 0.000000 4.361537 99.522391 -6.949111 6.956698 -0.000139 
218 -1.989406 0.000000 4.361537 99.520079 -6.960338 6.961028 -0.000115 
219 1.136804 0.000000 4.361537 99.526861 -6.926370 6.948794 -0.000186 
220 -0.426301 0.000000 5.815382 99.519748 -6.949662 6.956743 -0.000087 
221 0.355251 0.000000 2.180768 99.552474 -6.949741 6.948950 -0.000728 
222 -0.426301 0.000000 2.180768 99.526275 -6.963419 6.959897 -0.000241 
223 1.136804 0.000000 2.180768 99.566627 -6.906659 6.918071 -0.000907 
224 0.355251 0.000000 2.907691 99.532299 -6.939500 6.949541 -0.000313 
225 -0.035525 0.000000 1.090384 99.437859 -6.942413 6.948972 0.001563 
226 -0.426301 0.000000 1.090384 99.466424 -6.938903 6.935688 0.001018 
227 0.355251 0.000000 1.090384 99.461437 -6.979635 6.949001 0.001042 
228 -0.035525 0.000000 1.453846 99.550741 -6.974739 6.977659 -0.000768 
229 0.159863 0.000000 0.545192 99.442253 -7.111541 7.103910 0.001020 
230 -0.035525 0.000000 0.545192 99.321379 -7.011145 6.963360 0.003762 
231 0.355251 0.000000 0.545192 99.623683 -7.227552 6.927435 -0.002511 
232 0.159863 0.000000 0.726923 99.513056 -7.035483 7.019366 -0.000162 
233 0.062169 0.000000 0.272596 97.420920 -7.463597 7.435559 0.039817 
234 -0.035525 0.000000 0.272596 98.028449 -7.307665 5.880463 0.030244 
235 0.159863 0.000000 0.272596 98.946631 -7.620566 8.521391 0.007888 
236 0.062169 0.000000 0.363461 98.757125 -7.302176 7.116382 0.014307 
237 0.013322 0.000000 0.136298 92.971812 -8.064707 3.672873 0.127771 
238 -0.035525 0.000000 0.136298 99.249443 -7.450052 0.118755 0.009403 
239 0.062169 0.000000 0.136298 94.422807 -8.668527 9.494100 0.091905 
240 0.013322 0.000000 0.181731 95.948193 -7.606125 5.390378 0.070703 
241 0.037745 0.000000 0.068149 77.051829 -11.870028 15.307255 0.368781 
242 0.013322 0.000000 0.068149 77.115224 -11.695021 15.358799 0.368058 
243 0.037745 0.000000 0.045433 76.824966 -11.923338 15.225932 0.372393 
244 0.062169 0.000000 0.068149 81.866426 -12.095669 15.981578 0.289617 
245 0.037745 0.000000 0.090865 84.727412 -9.890141 10.386530 0.261557 
246 0.111016 0.000000 -0.136298 95.091335 -9.081914 -2.101092 0.087074 
247 0.111016 0.000000 -0.181731 95.749314 -8.170022 1.522105 0.076300 
248 0.159863 0.000000 -0.136298 97.490079 -9.553419 -3.445415 0.039255 
249 0.086592 0.000000 -0.068149 89.636971 -12.357853 -14.703702 0.159630 
250 0.086592 0.000000 -0.090865 90.110406 -12.469832 -14.950405 0.150110 
251 0.111016 0.000000 -0.068149 90.203573 -12.222638 -14.708813 0.149757 
252 0.086592 0.000000 -0.045433 174.211772 -0.327326 -17.428744 -2.065361 
253 0.086592 0.000000 -0.113582 91.395067 -9.590768 -4.623418 0.153358 
254 0.062169 0.000000 -0.113582 88.230721 -9.148401 -1.777623 0.212849 
255 0.086592 0.000000 -0.136298 93.305409 -8.780575 -0.912252 0.121617 
256 0.111016 0.000000 -0.113582 94.364363 -9.887521 -5.638180 0.096581 
257 0.074381 0.000000 -0.079507 86.308299 -12.405639 -14.658560 0.218210 
258 0.062169 0.000000 -0.079507 76.377343 -12.103703 -14.424669 0.381193 
259 0.074381 0.000000 -0.090865 83.468069 -10.863799 -10.224407 0.281052 
260 0.086592 0.000000 -0.079507 89.757727 -12.369022 -14.751383 0.157295 
261 0.074381 0.000000 -0.068149 83.122463 -12.314283 -14.670236 0.272380 
262 0.111016 0.000000 0.136298 97.734652 -9.017803 11.546080 0.023331 
263 0.159863 0.000000 0.136298 99.875017 -9.571263 11.848860 -0.020702 
264 0.111016 0.000000 0.181731 97.603523 -8.229487 9.769549 0.031038 
265 0.086592 0.000000 0.068149 94.536825 -12.187533 15.975615 0.065903 
266 0.086592 0.000000 0.045433 173.534785 -0.318015 17.752607 -2.042958 
267 0.111016 0.000000 0.068149 94.773258 -12.238218 16.035507 0.061112 
268 0.086592 0.000000 0.090865 94.985187 -12.270550 16.015517 0.057075 
269 0.086592 0.000000 0.113582 94.815821 -9.597770 12.907165 0.075125 
270 0.062169 0.000000 0.113582 91.972305 -9.284280 10.938776 0.133524 
271 0.111016 0.000000 0.113582 97.558467 -9.819165 13.123643 0.021370 
272 0.086592 0.000000 0.136298 96.107712 -8.793855 10.939993 0.056629 
273 0.074381 0.000000 0.079507 91.689158 -12.268099 15.836520 0.119180 
274 0.062169 0.000000 0.079507 82.899091 -12.172579 15.924340 0.272598 
275 0.074381 0.000000 0.068149 88.864615 -12.240845 15.955599 0.169866 
276 0.086592 0.000000 0.079507 94.627154 -12.209691 15.984806 0.064111 
277 0.074381 0.000000 0.090865 88.075764 -10.790578 15.861560 0.187463 
278 0.208710 0.000000 -0.045433 90.169301 -0.148748 -4.988578 0.184459 
279 0.208710 0.000000 -0.090865 99.035775 -12.524656 -12.438941 -0.011968 
280 0.257557 0.000000 -0.045433 75.380988 -0.103207 -3.826080 0.430306 
281 0.208710 0.000000 0.000000 91.266811 -0.091281 0.126014 0.167034 
282 0.135439 0.000000 -0.068149 90.808025 -12.317670 -15.057586 0.137545 
283 0.135439 0.000000 -0.090865 92.198711 -12.341515 -14.698779 0.113103 
284 0.159863 0.000000 -0.068149 112.051870 -0.047676 -12.142676 -0.270307 
285 0.135439 0.000000 -0.045433 128.839733 0.007113 -10.356601 -0.670694 
286 0.257557 0.000000 -0.272596 99.769481 -7.666383 4.083099 -0.002939 
287 0.257557 0.000000 -0.363461 99.631341 -7.242426 5.389356 -0.000790 
288 0.355251 0.000000 -0.272596 100.334493 -7.807858 5.145551 -0.015445 
289 0.208710 0.000000 -0.136298 99.204449 -9.776194 -3.627823 0.004974 
290 0.208710 0.000000 -0.181731 98.501488 -8.433416 0.075666 0.022633 
291 0.257557 0.000000 -0.136298 100.445132 -9.955730 -2.978207 -0.019721 
292 0.135439 0.000000 -0.113582 95.678382 -10.225858 -6.077844 0.070414 
293 0.135439 0.000000 -0.136298 96.400081 -9.322826 -2.739638 0.061260 
294 0.159863 0.000000 -0.113582 97.077301 -10.618264 -6.868718 0.041607 
295 0.123228 0.000000 -0.079507 90.262115 -12.248058 -14.850552 0.148220 
296 0.111016 0.000000 -0.079507 90.189866 -12.271351 -14.804929 0.149602 
297 0.123228 0.000000 -0.090865 90.108772 -12.326973 -14.942861 0.150517 
298 0.135439 0.000000 -0.079507 92.137774 -12.347190 -14.901470 0.113612 
299 0.123228 0.000000 -0.068149 90.122263 -12.331431 -14.945306 0.150255 
300 0.208710 0.000000 0.045433 90.104596 -0.245380 5.166900 0.185440 
301 0.257557 0.000000 0.045433 75.367171 -0.168117 3.890678 0.430462 
302 0.208710 0.000000 0.090865 102.295138 -12.721237 13.109546 -0.079799 
303 0.135439 0.000000 0.068149 95.226793 -12.447439 16.052650 0.051923 
304 0.135439 0.000000 0.045433 128.515882 -0.141776 10.572271 -0.662812 
305 0.159863 0.000000 0.068149 112.061801 -0.079242 12.203213 -0.270677 
306 0.135439 0.000000 0.090865 96.480848 -12.436510 15.647550 0.029193 
307 0.257557 0.000000 0.272596 100.392263 -7.719751 7.817646 -0.019932 
308 0.355251 0.000000 0.272596 100.834726 -7.952233 6.590415 -0.027431 
309 0.257557 0.000000 0.363461 100.166914 -7.503791 7.499527 -0.014596 
310 0.208710 0.000000 0.136298 101.380582 -10.024990 11.084753 -0.050139 
311 0.257557 0.000000 0.136298 102.229134 -10.194924 9.596098 -0.064682 
312 0.208710 0.000000 0.181731 100.073849 -8.530164 10.115798 -0.018987 
313 0.135439 0.000000 0.113582 98.817380 -10.200906 12.914938 -0.003573 
314 0.159863 0.000000 0.113582 99.966015 -10.689544 12.850706 -0.027261 
315 0.135439 0.000000 0.136298 98.926267 -9.240575 11.679021 -0.000819 
316 0.123228 0.000000 0.079507 94.743484 -12.357316 15.999921 0.061497 
317 0.111016 0.000000 0.079507 94.757634 -12.300459 16.010079 0.061337 
318 0.123228 0.000000 0.068149 94.662542 -12.409257 15.958395 0.063034 
319 0.135439 0.000000 0.079507 96.437667 -12.443609 15.862653 0.029331 
320 0.123228 0.000000 0.090865 94.641918 -12.412878 15.954811 0.063427 
321 0.184287 0.000000 -0.068149 99.191960 -0.006383 -10.007888 0.006080 
322 0.184287 0.000000 -0.090865 97.742602 -12.335216 -12.928430 0.012708 
323 0.208710 0.000000 -0.068149 87.867783 -0.051669 -7.867911 0.221735 
324 0.184287 0.000000 -0.045433 100.580300 -0.060366 -6.537295 -0.015914 
325 0.184287 0.000000 0.068149 99.273636 -0.078858 10.207234 0.004055 
326 0.184287 0.000000 0.045433 100.505559 -0.062022 6.733815 -0.014672 
327 0.208710 0.000000 0.068149 87.773547 -0.184283 8.061749 0.223078 
328 0.184287 0.000000 0.090865 101.286376 -12.518093 13.844002 -0.060729 
329 0.452945 0.000000 -0.090865 98.319218 -10.146871 2.799794 0.022253 
330 0.452945 0.000000 -0.181731 99.364213 -11.798087 1.179191 -0.001383 
331 0.550639 0.000000 -0.090865 100.966323 -7.483041 5.514419 -0.028060 
332 0.452945 0.000000 0.000000 101.556337 -6.529829 6.482298 -0.039835 
333 0.306404 0.000000 -0.136298 101.776995 -10.411000 -1.062640 -0.046807 
334 0.306404 0.000000 -0.181731 100.861816 -8.721741 1.865364 -0.025265 
335 0.355251 0.000000 -0.136298 104.288991 -10.610032 0.154014 -0.098879 
336 0.306404 0.000000 -0.090865 103.700811 -12.563569 -6.309488 -0.095151 
337 0.233134 0.000000 -0.113582 100.399504 -11.388955 -6.166832 -0.024780 
338 0.208710 0.000000 -0.113582 100.377312 -11.071874 -7.136651 -0.024912 
339 0.233134 0.000000 -0.136298 99.719851 -9.885335 -3.172738 -0.005183 
340 0.257557 0.000000 -0.113582 101.582793 -12.581586 -10.030690 -0.057797 
341 0.233134 0.000000 -0.090865 101.829232 -12.597248 -10.054477 -0.062898 
342 0.452945 0.000000 0.090865 98.357495 -10.165058 2.792516 0.021468 
343 0.550639 0.000000 0.090865 100.957579 -7.490935 5.514375 -0.027896 
344 0.452945 0.000000 0.181731 99.379415 -11.815466 1.176102 -0.001726 
345 0.306404 0.000000 0.136298 103.167878 -10.528131 7.110556 -0.080501 
346 0.306404 0.000000 0.090865 105.504606 -12.582773 6.682921 -0.133421 
347 0.355251 0.000000 0.136298 105.385090 -10.733780 5.431308 -0.125073 
348 0.306404 0.000000 0.181731 101.849112 -8.999699 7.495886 -0.051042 
349 0.233134 0.000000 0.113582 102.736336 -11.650905 10.217068 -0.079489 
350 0.208710 0.000000 0.113582 103.008636 -11.319147 11.914940 -0.088087 
351 0.233134 0.000000 0.090865 104.563313 -12.690359 10.579565 -0.120646 
352 0.257557 0.000000 0.113582 104.261858 -12.669687 10.550113 -0.114236 
353 0.233134 0.000000 0.136298 101.669635 -10.139009 10.137433 -0.054228 
354 0.306404 0.000000 -0.045433 65.720357 0.009300 -1.947377 0.567704 
355 0.355251 0.000000 -0.045433 59.889506 -0.042524 -0.994788 0.641226 
356 0.306404 0.000000 0.000000 66.134239 -0.002214 0.035976 0.562626 
357 0.281981 0.000000 -0.113582 102.765143 -12.536483 -8.244516 -0.078581 
358 0.281981 0.000000 -0.136298 101.784303 -10.212518 -2.043534 -0.046852 
359 0.306404 0.000000 -0.113582 103.708371 -12.574781 -6.310932 -0.095338 
360 0.281981 0.000000 -0.090865 102.536458 -12.538596 -8.570524 -0.074440 
361 0.281981 0.000000 -0.068149 68.365176 0.030524 -4.355526 0.530723 
362 0.257557 0.000000 -0.068149 74.616918 -0.105855 -5.943619 0.439698 
363 0.306404 0.000000 -0.068149 65.176102 -0.011223 -2.820257 0.574412 
364 0.281981 0.000000 -0.045433 69.589090 -0.033961 -2.939959 0.514871 
365 0.269769 0.000000 -0.102224 101.725932 -12.553337 -9.776079 -0.060132 
366 0.257557 0.000000 -0.102224 101.544472 -12.575191 -10.026719 -0.056995 
367 0.269769 0.000000 -0.113582 101.663073 -12.545186 -10.038464 -0.059353 
368 0.281981 0.000000 -0.102224 102.518057 -12.534506 -9.033718 -0.074867 
369 0.269769 0.000000 -0.090865 101.606522 -12.560081 -10.032870 -0.058230 
370 0.306404 0.000000 0.045433 65.624417 0.010636 1.964472 0.568958 
371 0.355251 0.000000 0.045433 59.839590 -0.061670 1.064044 0.641809 
372 0.281981 0.000000 0.113582 105.014455 -12.539469 8.691038 -0.126081 
373 0.281981 0.000000 0.090865 104.858502 -12.550631 9.029684 -0.123436 
374 0.306404 0.000000 0.113582 105.484053 -12.599321 6.681510 -0.133027 
375 0.281981 0.000000 0.136298 103.320666 -10.505387 8.323717 -0.085481 
376 0.281981 0.000000 0.068149 68.258535 -0.000043 4.401702 0.532140 
377 0.257557 0.000000 0.068149 74.616951 -0.176670 6.018594 0.439606 
378 0.281981 0.000000 0.045433 69.516632 -0.022022 3.047313 0.515815 
379 0.306404 0.000000 0.068149 65.072582 -0.036762 2.835620 0.575752 
380 0.269769 0.000000 0.102224 104.321372 -12.604328 10.282389 -0.114755 
381 0.257557 0.000000 0.102224 104.220019 -12.658697 10.545775 -0.113327 
382 0.269769 0.000000 0.090865 104.253861 -12.621000 10.548595 -0.113943 
383 0.281981 0.000000 0.102224 104.894301 -12.527040 9.504227 -0.125007 
384 0.269769 0.000000 0.113582 104.283207 -12.584194 10.550980 -0.114467 
385 0.746027 0.000000 -1.090384 99.640415 -7.124378 6.906178 -0.002666 
386 0.746027 0.000000 -1.453846 99.490605 -7.054618 6.903935 0.000419 
387 1.136804 0.000000 -1.090384 99.571832 -7.148924 6.898960 -0.001325 
388 0.550639 0.000000 -0.545192 99.608176 -7.256474 6.756919 -0.002010 
389 0.550639 0.000000 -0.726923 99.644508 -7.134204 6.770358 -0.002576 
390 0.746027 0.000000 -0.545192 99.601587 -7.288179 6.804836 -0.001990 
391 0.452945 0.000000 -0.272596 100.079657 -7.887269 6.090428 -0.011524 
392 0.452945 0.000000 -0.363461 100.059407 -7.434090 6.343325 -0.010739 
393 0.550639 0.000000 -0.272596 101.571138 -11.969841 1.071975 -0.046112 
394 0.404098 0.000000 -0.136298 97.137832 -12.456355 0.454124 0.040887 
395 0.404098 0.000000 -0.181731 101.835260 -9.080606 4.951354 -0.047739 
396 0.452945 0.000000 -0.136298 98.529898 -10.719121 2.234683 0.017197 
397 0.404098 0.000000 -0.090865 100.302735 -12.476714 -1.302365 -0.021800 
398 0.330828 0.000000 -0.113582 103.671357 -12.581852 -6.311972 -0.094589 
399 0.330828 0.000000 -0.136298 102.261739 -10.556372 -1.044758 -0.056999 
400 0.355251 0.000000 -0.113582 104.685272 -12.601990 -4.534687 -0.113838 
401 0.330828 0.000000 -0.090865 103.665303 -12.582927 -6.311586 -0.094466 
402 0.746027 0.000000 1.090384 99.496222 -7.011569 6.909384 0.000360 
403 1.136804 0.000000 1.090384 99.533013 -7.003916 6.872128 -0.000310 
404 0.746027 0.000000 1.453846 99.568855 -6.947927 6.910448 -0.000998 
405 0.550639 0.000000 0.545192 99.469325 -7.250171 6.687202 0.000857 
406 0.746027 0.000000 0.545192 99.555895 -7.289609 6.639196 -0.000859 
407 0.550639 0.000000 0.726923 99.610452 -7.097916 6.857398 -0.001965 
408 0.452945 0.000000 0.272596 100.339962 -8.028365 5.596388 -0.016388 
409 0.550639 0.000000 0.272596 101.513273 -11.984980 1.069668 -0.044973 
410 0.452945 0.000000 0.363461 100.242234 -7.512363 6.315881 -0.014483 
411 0.404098 0.000000 0.136298 97.222405 -12.476453 0.451390 0.039194 
412 0.404098 0.000000 0.090865 100.752872 -12.459979 2.001528 -0.031040 
413 0.452945 0.000000 0.136298 98.564103 -10.738192 2.228782 0.016484 
414 0.404098 0.000000 0.181731 102.317502 -9.177175 4.049293 -0.056949 
415 0.330828 0.000000 0.113582 105.441817 -12.618358 6.678729 -0.132181 
416 0.330828 0.000000 0.090865 105.435725 -12.619265 6.678346 -0.132054 
417 0.355251 0.000000 0.113582 106.067608 -12.613949 4.864930 -0.143312 
418 0.330828 0.000000 0.136298 103.445329 -10.611861 6.847998 -0.086044 
419 0.404098 0.000000 -0.045433 59.431186 0.002808 1.021553 0.646689 
420 0.452945 0.000000 -0.045433 99.040479 -8.560799 4.395698 0.009837 
421 0.404098 0.000000 0.000000 60.592093 -0.006055 0.003554 0.632860 
422 0.379675 0.000000 -0.113582 104.257143 -12.633792 -2.093654 -0.103355 
423 0.379675 0.000000 -0.136298 103.979790 -10.728307 1.883413 -0.093044 
424 0.404098 0.000000 -0.113582 99.878211 -12.556132 -1.576211 -0.013580 
425 0.379675 0.000000 -0.090865 103.915130 -12.635446 -2.086734 -0.096236 
426 0.330828 0.000000 -0.068149 62.109110 -0.100282 -2.873726 0.613419 
427 0.355251 0.000000 -0.068149 58.547644 -0.053971 -1.696396 0.656929 
428 0.330828 0.000000 -0.045433 62.463118 -0.090876 -1.789364 0.609515 
429 0.343039 0.000000 -0.102224 104.087669 -12.573854 -5.980832 -0.102812 
430 0.330828 0.000000 -0.102224 103.667903 -12.582466 -6.311752 -0.094519 
431 0.343039 0.000000 -0.113582 104.173818 -12.582094 -5.842809 -0.104463 
432 0.355251 0.000000 -0.102224 104.781489 -12.608933 -4.636387 -0.115964 
433 0.343039 0.000000 -0.090865 103.909547 -12.572016 -6.325944 -0.099527 
434 0.404098 0.000000 0.045433 59.393468 -0.025879 -1.020566 0.647137 
435 0.452945 0.000000 0.045433 99.060277 -8.576130 4.389787 0.009424 
436 0.330828 0.000000 0.068149 61.984585 -0.098661 2.937925 0.614927 
437 0.330828 0.000000 0.045433 62.331324 -0.068210 1.832826 0.611144 
438 0.355251 0.000000 0.068149 58.362616 -0.045228 1.727890 0.659082 
439 0.379675 0.000000 0.113582 104.991736 -12.618640 2.368967 -0.118811 
440 0.379675 0.000000 0.090865 104.592310 -12.616641 2.360008 -0.110430 
441 0.404098 0.000000 0.113582 100.351831 -12.540440 2.102048 -0.023217 
442 0.379675 0.000000 0.136298 104.851223 -10.814898 3.545206 -0.112331 
443 0.343039 0.000000 0.102224 105.770714 -12.604537 6.340340 -0.138652 
444 0.330828 0.000000 0.102224 105.438341 -12.618876 6.678510 -0.132108 
445 0.343039 0.000000 0.090865 105.650853 -12.606227 6.692028 -0.136580 
446 0.355251 0.000000 0.102224 106.177972 -12.617430 4.968715 -0.145765 
447 0.343039 0.000000 0.113582 105.824034 -12.608992 6.199494 -0.139615 
448 1.527580 0.000000 -0.363461 99.174049 -7.663712 6.175599 0.006764 
449 1.527580 0.000000 -0.726923 99.426875 -7.197025 6.631313 0.001853 
450 1.918356 0.000000 -0.363461 99.037798 -8.060296 5.185917 0.009965 
451 1.527580 0.000000 0.000000 101.670156 -7.158542 6.697380 -0.043292 
452 0.941416 0.000000 -0.181731 102.443296 -8.052768 5.071092 -0.058519 
453 0.941416 0.000000 -0.363461 99.441808 -7.661344 6.419754 0.001142 
454 1.136804 0.000000 -0.181731 102.002292 -8.708217 4.454645 -0.050014 
455 0.941416 0.000000 0.000000 102.416354 -6.579535 6.540744 -0.057518 
456 0.648333 0.000000 -0.090865 101.812662 -7.489107 5.543760 -0.045264 
457 0.648333 0.000000 -0.181731 101.919214 -8.488670 4.560355 -0.048038 
458 0.746027 0.000000 -0.090865 102.359535 -6.888864 6.176584 -0.056308 
459 0.648333 0.000000 0.000000 101.967222 -6.543777 6.496478 -0.048234 
460 0.501792 0.000000 -0.136298 99.210659 -9.626415 3.337440 0.005344 
461 0.501792 0.000000 -0.181731 100.916429 -9.858720 3.155983 -0.029128 
462 0.550639 0.000000 -0.136298 101.572266 -7.204560 5.804946 -0.040253 
463 0.501792 0.000000 -0.090865 99.216951 -9.523810 3.436970 0.005348 
464 0.428522 0.000000 -0.113582 97.247979 -12.177043 -0.257048 0.039448 
465 0.428522 0.000000 -0.136298 98.485570 -11.684323 1.269534 0.016246 
466 0.452945 0.000000 -0.113582 98.361550 -10.668797 2.277092 0.020600 
467 0.428522 0.000000 -0.090865 97.477490 -11.908727 0.140649 0.035630 
468 0.379675 0.000000 -0.068149 57.980073 0.000410 -0.135232 0.663829 
469 0.404098 0.000000 -0.068149 97.146154 -11.857514 1.057960 0.042090 
470 0.379675 0.000000 -0.045433 58.882364 -0.016983 -0.109243 0.653285 
471 0.391886 0.000000 -0.102224 102.371670 -12.636242 -1.890468 -0.064321 
472 0.379675 0.000000 -0.102224 104.269549 -12.633347 -2.093948 -0.103613 
473 0.391886 0.000000 -0.113582 102.201661 -12.631808 -1.830612 -0.060809 
474 0.404098 0.000000 -0.102224 99.973552 -12.567160 -1.622185 -0.015528 
475 0.391886 0.000000 -0.090865 101.996992 -12.625232 -1.747381 -0.056584 
476 0.379675 0.000000 0.068149 57.793286 -0.017711 0.129109 0.665992 
477 0.379675 0.000000 0.045433 58.856365 -0.046102 0.137185 0.653591 
478 0.404098 0.000000 0.068149 97.219152 -11.880126 1.050647 0.040620 
479 1.527580 0.000000 0.363461 99.798756 -7.409739 5.960766 -0.005023 
480 1.918356 0.000000 0.363461 100.039369 -7.296846 4.590441 -0.008219 
481 1.527580 0.000000 0.726923 99.607590 -7.017955 6.607494 -0.001458 
482 0.941416 0.000000 0.181731 102.500559 -8.066204 5.064293 -0.059708 
483 1.136804 0.000000 0.181731 102.115359 -8.713419 4.452612 -0.052330 
484 0.941416 0.000000 0.363461 99.471923 -7.633294 6.405631 0.000604 
485 0.648333 0.000000 0.090865 101.798820 -7.496521 5.542600 -0.044992 
486 0.746027 0.000000 0.090865 102.350162 -6.896351 6.176732 -0.056127 
487 0.648333 0.000000 0.181731 101.893629 -8.503928 4.559990 -0.047542 
488 0.501792 0.000000 0.136298 99.228480 -9.642709 3.335001 0.004960 
489 0.501792 0.000000 0.090865 99.237347 -9.538563 3.432145 0.004919 
490 0.550639 0.000000 0.136298 101.535531 -7.213537 5.807802 -0.039523 
491 0.501792 0.000000 0.181731 100.891061 -9.871940 3.157001 -0.028643 
492 0.428522 0.000000 0.113582 97.477162 -12.190566 1.657111 0.034685 
493 0.428522 0.000000 0.090865 97.681198 -11.922805 1.817641 0.031293 
494 0.452945 0.000000 0.113582 98.403276 -10.687309 2.272609 0.019741 
495 0.428522 0.000000 0.136298 98.521268 -11.704316 1.263755 0.015497 
496 0.391886 0.000000 0.102224 102.946555 -12.608742 2.205433 -0.076184 
497 0.379675 0.000000 0.102224 105.002270 -12.618676 2.369189 -0.119032 
498 0.391886 0.000000 0.090865 102.546851 -12.603411 2.098752 -0.067911 
499 0.404098 0.000000 0.102224 100.455643 -12.550433 2.122515 -0.025335 
500 0.391886 0.000000 0.113582 102.766272 -12.606935 2.160647 -0.072451 
501 1.332192 0.000000 -0.181731 100.968080 -8.639869 4.618882 -0.029053 
502 1.332192 0.000000 -0.363461 99.465158 -7.666544 6.502683 0.000562 
503 1.527580 0.000000 -0.181731 100.610272 -8.364362 4.940181 -0.021679 
504 1.332192 0.000000 0.000000 101.396711 -6.696458 6.942899 -0.037434 
505 1.332192 0.000000 0.181731 101.790450 -8.824022 4.829999 -0.046249 
506 1.527580 0.000000 0.181731 102.792341 -8.753958 5.494269 -0.067308 
507 1.332192 0.000000 0.363461 99.713298 -7.553821 6.157937 -0.003772 
508 1.234498 0.000000 -0.090865 98.649917 -11.243887 1.880878 0.013823 
509 1.136804 0.000000 -0.090865 101.001599 -7.880961 5.260808 -0.029111 
510 1.234498 0.000000 -0.181731 100.726415 -12.362125 0.785472 -0.029925 
511 1.332192 0.000000 -0.090865 99.664348 -9.587354 3.702459 -0.003861 
512 1.234498 0.000000 0.000000 75.881311 -0.033333 0.038845 0.424202 
513 1.234498 0.000000 0.090865 98.956763 -11.249982 1.892737 0.007741 
514 1.136804 0.000000 0.090865 101.110298 -7.877684 5.258037 -0.031300 
515 1.332192 0.000000 0.090865 100.122753 -9.646711 3.759727 -0.013176 
516 1.234498 0.000000 0.181731 100.892415 -12.355430 0.780774 -0.033255 
517 4.263014 0.000000 -8.723074 99.509125 -7.020290 6.953883 0.000029 
518 4.263014 0.000000 -11.630765 99.510358 -7.005640 6.956078 0.000022 
519 7.389224 0.000000 -8.723074 99.509260 -7.028310 6.951730 0.000018 
520 2.699909 0.000000 -4.361537 99.503668 -7.055424 6.943115 0.000103 
521 2.699909 0.000000 -5.815382 99.510890 -7.034317 6.951091 -0.000022 
522 4.263014 0.000000 -4.361537 99.504177 -7.078812 6.937050 0.000069 
523 1.918356 0.000000 -2.180768 99.509925 -7.101364 6.912047 -0.000043 
524 1.918356 0.000000 -2.907691 99.508036 -7.076149 6.932635 0.000002 
525 2.699909 0.000000 -2.180768 99.502390 -7.172484 6.894180 0.000030 
526 1.527580 0.000000 -1.090384 99.467677 -7.173534 6.813843 0.000829 
527 1.527580 0.000000 -1.453846 99.499038 -7.148419 6.876185 0.000156 
528 1.918356 0.000000 -1.090384 99.557903 -7.269298 6.745526 -0.001012 
529 1.332192 0.000000 -0.545192 99.478263 -7.347372 6.697911 0.000523 
530 1.136804 0.000000 -0.545192 99.574822 -7.309541 6.779166 -0.001453 
531 1.332192 0.000000 -0.726923 99.508119 -7.275661 6.776828 -0.000073 
532 1.527580 0.000000 -0.545192 99.378085 -7.350951 6.516338 0.002750 
533 1.234498 0.000000 -0.272596 99.812562 -8.034190 5.872363 -0.006158 
534 1.136804 0.000000 -0.272596 101.989834 -12.076213 1.090983 -0.054895 
535 1.234498 0.000000 -0.363461 99.620046 -7.581876 6.466506 -0.002345 
536 1.332192 0.000000 -0.272596 101.046256 -12.606877 0.458242 -0.036949 
537 10.515434 0.000000 -2.907691 99.506060 -7.137852 6.893589 0.000007 
538 10.515434 0.000000 -5.815382 99.508074 -7.062221 6.939783 0.000011 
539 13.641644 0.000000 -2.907691 99.507402 -7.123689 6.892813 0.000002 
540 10.515434 0.000000 0.000000 99.575596 -6.879575 6.161182 -0.000059 
541 5.826119 0.000000 -1.453846 99.500817 -7.317033 6.750625 0.000048 
542 5.826119 0.000000 -2.907691 99.502277 -7.153148 6.900405 0.000051 
543 7.389224 0.000000 -1.453846 99.504890 -7.283707 6.758624 0.000005 
544 5.826119 0.000000 0.000000 99.934145 -4.481586 3.406501 -0.001852 
545 3.481461 0.000000 -0.726923 99.493878 -7.731609 6.227996 0.000240 
546 3.481461 0.000000 -1.453846 99.492909 -7.350813 6.769549 0.000130 
547 4.263014 0.000000 -0.726923 99.508952 -7.625670 6.270738 0.000050 
548 3.481461 0.000000 0.000000 99.849837 -9.897056 -1.084381 -0.006912 
549 2.309132 0.000000 -0.363461 99.062781 -8.221769 4.424317 0.009939 
550 2.309132 0.000000 -0.726923 99.603579 -7.755647 6.396434 -0.002194 
551 2.699909 0.000000 -0.363461 99.609730 -8.200809 4.773545 -0.001214 
552 2.309132 0.000000 0.000000 141.462931 -6.927050 4.796015 -1.008275 
553 1.722968 0.000000 -0.181731 100.510306 -8.896414 4.418963 -0.020100 
554 1.722968 0.000000 -0.363461 98.852017 -7.667951 5.794915 0.013590 
555 1.918356 0.000000 -0.181731 100.306486 -9.083365 2.885061 -0.015222 
556 1.722968 0.000000 0.000000 101.763896 -7.583087 6.226429 -0.045216 
557 1.429886 0.000000 -0.090865 101.111344 -8.827558 4.561251 -0.032223 
558 1.429886 0.000000 -0.181731 100.993087 -8.942232 4.366314 -0.029863 
559 1.527580 0.000000 -0.090865 101.345394 -8.466747 5.145520 -0.036905 
560 1.429886 0.000000 0.000000 101.396710 -6.696464 6.942895 -0.037434 
561 1.283345 0.000000 -0.136298 98.852542 -10.527580 2.635450 0.011040 
562 1.234498 0.000000 -0.136298 98.909664 -11.499242 1.628904 0.008199 
563 1.283345 0.000000 -0.181731 99.585748 -11.321911 1.811200 -0.004879 
564 1.332192 0.000000 -0.136298 99.755565 -9.154717 4.141575 -0.005213 
565 1.283345 0.000000 -0.090865 98.612071 -10.293689 2.885579 0.016137 
566 10.515434 0.000000 2.907691 99.532495 -6.810939 6.850583 -0.000004 
567 13.641644 0.000000 2.907691 99.532982 -6.824597 6.830672 -0.000005 
568 10.515434 0.000000 5.815382 99.521997 -6.881368 6.933311 -0.000005 
569 5.826119 0.000000 1.453846 99.549213 -6.759297 6.649282 0.000005 
570 7.389224 0.000000 1.453846 99.546866 -6.824687 6.624669 -0.000004 
571 5.826119 0.000000 2.907691 99.530363 -6.809939 6.884552 -0.000007 
572 3.481461 0.000000 0.726923 99.580904 -6.779101 5.924531 0.000259 
573 4.263014 0.000000 0.726923 99.582629 -7.026197 5.811239 0.000016 
574 3.481461 0.000000 1.453846 99.536122 -6.720224 6.725559 0.000217 
575 2.309132 0.000000 0.363461 98.685553 -6.155345 4.401740 0.020390 
576 2.699909 0.000000 0.363461 99.658991 -6.134673 3.892428 0.001530 
577 2.309132 0.000000 0.726923 99.325459 -6.774682 6.145464 0.005079 
578 1.722968 0.000000 0.181731 103.469279 -9.609245 5.363108 -0.082699 
579 1.918356 0.000000 0.181731 103.169526 -9.699456 4.383280 -0.075724 
580 1.722968 0.000000 0.363461 99.866801 -7.272766 5.309636 -0.005446 
581 1.429886 0.000000 0.090865 101.829800 -8.974807 4.725674 -0.047219 
582 1.527580 0.000000 0.090865 102.127948 -8.566384 5.254484 -0.053111 
583 1.429886 0.000000 0.181731 102.013153 -9.120127 4.562472 -0.051068 
584 4.263014 0.000000 8.723074 99.518484 -6.929665 6.953097 -0.000029 
585 7.389224 0.000000 8.723074 99.518563 -6.920153 6.950466 -0.000014 
586 4.263014 0.000000 11.630765 99.516902 -6.944425 6.955752 -0.000022 
587 2.699909 0.000000 4.361537 99.526364 -6.898609 6.939036 -0.000124 
588 4.263014 0.000000 4.361537 99.524371 -6.877772 6.932467 -0.000046 
589 2.699909 0.000000 5.815382 99.524937 -6.921275 6.947993 -0.000139 
590 1.918356 0.000000 2.180768 99.544728 -6.859250 6.887320 -0.000364 
591 2.699909 0.000000 2.180768 99.527756 -6.819028 6.871378 0.000051 
592 1.918356 0.000000 2.907691 99.528441 -6.889014 6.922758 -0.000129 
593 1.527580 0.000000 1.090384 99.581823 -6.914946 6.774322 -0.001025 
594 1.918356 0.000000 1.090384 99.506419 -6.880495 6.650255 0.000691 
595 1.527580 0.000000 1.453846 99.568924 -6.891813 6.837184 -0.000821 
596 1.332192 0.000000 0.545192 99.627084 -7.207700 6.581762 -0.002083 
597 1.136804 0.000000 0.545192 99.522446 -7.215946 6.710625 -0.000182 
598 1.527580 0.000000 0.545192 99.680944 -7.132170 6.413276 -0.002829 
599 1.332192 0.000000 0.726923 99.569152 -7.119423 6.704266 -0.000965 
600 1.234498 0.000000 0.272596 99.968072 -7.971982 5.949035 -0.009256 
601 1.136804 0.000000 0.272596 102.118525 -12.080450 1.084284 -0.057531 
602 1.332192 0.000000 0.272596 101.769823 -12.670553 0.474929 -0.051787 
603 1.234498 0.000000 0.363461 99.726764 -7.495227 6.375662 -0.004225 
604 1.283345 0.000000 0.136298 99.391326 -10.607444 2.730306 0.000139 
605 1.234498 0.000000 0.136298 99.201608 -11.501743 1.632647 0.002409 
606 1.283345 0.000000 0.090865 99.102679 -10.355402 2.970946 0.006260 
607 1.332192 0.000000 0.136298 100.340694 -9.253361 4.263732 -0.017206 
608 1.283345 0.000000 0.181731 100.218002 -11.437676 1.919253 -0.017815 
609 2.113744 0.000000 -0.181731 101.430521 -7.821506 5.383700 -0.037831 
610 2.113744 0.000000 -0.363461 99.050005 -8.030365 4.974450 0.009986 
611 2.309132 0.000000 -0.181731 97.980540 -7.564975 0.135231 0.034257 
612 2.113744 0.000000 0.000000 97.943595 0.206020 0.077860 0.040700 
613 2.113744 0.000000 0.181731 100.673505 -5.419468 -1.980611 -0.016845 
614 2.309132 0.000000 0.181731 97.041628 -4.110011 5.853843 0.053176 
615 2.113744 0.000000 0.363461 99.578181 -6.631460 3.625488 0.002707 
616 2.016050 0.000000 -0.090865 100.437552 -9.583749 1.778149 -0.018271 
617 1.918356 0.000000 -0.090865 100.748757 -8.473283 4.141546 -0.023926 
618 2.016050 0.000000 -0.181731 100.537621 -10.650248 0.724544 -0.022177 
619 2.113744 0.000000 -0.090865 108.723975 -10.506469 11.443536 -0.206224 
620 2.016050 0.000000 0.000000 101.591529 -8.335196 4.840472 -0.041374 
621 2.016050 0.000000 0.090865 103.000453 -10.007410 2.865321 -0.071745 
622 1.918356 0.000000 0.090865 102.196480 -8.923895 4.889228 -0.054766 
623 2.113744 0.000000 0.090865 106.503956 -6.593074 -11.061451 -0.150892 
624 2.016050 0.000000 0.181731 103.495426 -11.274766 1.520597 -0.084074 
625 2.309132 0.000000 -1.090384 99.553656 -7.384755 6.718834 -0.001061 
626 2.309132 0.000000 -1.453846 99.494675 -7.284858 6.823002 0.000119 
627 2.699909 0.000000 -1.090384 99.478469 -7.478193 6.662841 0.000372 
628 2.113744 0.000000 -0.545192 99.426551 -7.903584 5.945953 0.001654 
629 1.918356 0.000000 -0.545192 99.294551 -7.541642 5.971525 0.004806 
630 2.113744 0.000000 -0.726923 99.699547 -7.589358 6.427778 -0.003891 
631 2.309132 0.000000 -0.545192 99.519192 -8.134063 5.878620 -0.000479 
632 2.016050 0.000000 -0.272596 99.244145 -8.090200 3.966861 0.006941 
633 1.918356 0.000000 -0.272596 100.318372 -11.954226 1.216186 -0.020816 
634 2.016050 0.000000 -0.363461 99.470888 -8.148992 4.817514 0.001593 
635 2.113744 0.000000 -0.272596 99.156197 -7.930912 4.506654 0.008484 
636 3.090685 0.000000 -0.363461 99.568607 -8.017142 4.868499 -0.000188 
637 3.090685 0.000000 -0.726923 99.479519 -7.773686 6.225583 0.000464 
638 3.481461 0.000000 -0.363461 99.566146 -7.862557 5.014802 -0.000039 
639 3.090685 0.000000 0.000000 99.680360 -9.481270 2.368578 -0.003168 
640 2.504521 0.000000 -0.181731 100.141998 -7.391359 2.664074 -0.009015 
641 2.504521 0.000000 -0.363461 99.528313 -8.203511 4.491363 0.000664 
642 2.699909 0.000000 -0.181731 99.775471 -7.498338 3.253886 -0.002196 
643 2.504521 0.000000 0.000000 100.816870 -7.841853 4.415957 -0.024504 
644 2.211438 0.000000 -0.090865 90.040714 -10.931838 16.333236 0.150639 
645 2.211438 0.000000 -0.181731 96.425049 -7.880479 5.201993 0.061305 
646 2.309132 0.000000 -0.090865 109.370570 -7.269303 -14.696065 -0.223074 
647 2.211438 0.000000 0.000000 154.360946 -0.164149 2.068278 -1.383161 
648 2.064897 0.000000 -0.136298 100.769164 -10.229980 0.616002 -0.025946 
649 2.016050 0.000000 -0.136298 100.427662 -9.972443 1.774831 -0.018831 
650 2.064897 0.000000 -0.181731 101.589385 -7.538587 3.207283 -0.038752 
651 2.113744 0.000000 -0.136298 105.294154 -8.755653 7.535889 -0.122031 
652 2.064897 0.000000 -0.090865 101.592889 -9.768032 3.460420 -0.042850 
653 3.090685 0.000000 0.363461 99.777366 -6.211279 3.152438 -0.000404 
654 3.481461 0.000000 0.363461 99.863323 -6.274112 2.349010 -0.001757 
655 3.090685 0.000000 0.726923 99.540820 -6.699700 6.032367 0.001035 
656 2.504521 0.000000 0.181731 100.258190 -3.300853 3.666012 -0.007604 
657 2.699909 0.000000 0.181731 100.054248 -3.199356 2.874896 -0.002935 
658 2.504521 0.000000 0.363461 99.316794 -6.296804 4.415718 0.007703 
659 2.211438 0.000000 0.090865 86.896629 -6.636456 -15.547547 0.216321 
660 2.309132 0.000000 0.090865 108.144285 -3.043285 23.611808 -0.226197 
661 2.211438 0.000000 0.181731 94.918606 -4.775459 -0.576660 0.096732 
662 2.309132 0.000000 1.090384 99.460968 -6.792057 6.608240 0.001771 
663 2.699909 0.000000 1.090384 99.479191 -6.721137 6.600054 0.001516 
664 2.309132 0.000000 1.453846 99.539888 -6.796330 6.763572 -0.000013 
665 2.113744 0.000000 0.545192 99.090402 -6.853290 5.475457 0.010414 
666 1.918356 0.000000 0.545192 99.356822 -6.869015 5.763291 0.004782 
667 2.309132 0.000000 0.545192 99.108466 -6.809973 5.528066 0.010058 
668 2.113744 0.000000 0.726923 99.385111 -6.819358 6.148580 0.003829 
669 2.016050 0.000000 0.272596 100.756143 -7.072356 2.757948 -0.020942 
670 1.918356 0.000000 0.272596 103.583630 -13.116965 2.593779 -0.090835 
671 2.113744 0.000000 0.272596 99.660134 -6.294934 1.640874 0.002554 
672 2.016050 0.000000 0.363461 100.136434 -7.020322 4.127911 -0.009363 
673 2.064897 0.000000 0.136298 103.398413 -10.601106 1.100707 -0.080483 
674 2.016050 0.000000 0.136298 103.158944 -10.904508 3.167708 -0.077071 
675 2.064897 0.000000 0.090865 103.078018 -9.235035 -1.541397 -0.071274 
676 2.113744 0.000000 0.136298 104.029854 -5.475074 -6.035361 -0.088861 
677 2.064897 0.000000 0.181731 101.814587 -5.957291 -0.247805 -0.040176 
678 2.211438 0.000000 -0.272596 97.874090 -7.967803 4.249199 0.033912 
679 2.211438 0.000000 -0.363461 99.370265 -8.114529 4.906371 0.003563 
680 2.309132 0.000000 -0.272596 98.436128 -7.867642 2.948583 0.023973 
681 2.162591 0.000000 -0.136298 99.481071 -8.790527 9.879525 -0.007136 
682 2.162591 0.000000 -0.181731 99.053809 -7.918293 6.383988 0.008489 
683 2.211438 0.000000 -0.136298 94.151419 -8.498846 8.186416 0.099626 
684 2.162591 0.000000 -0.090865 100.391891 -11.039938 15.768730 -0.044906 
685 2.064897 0.000000 -0.045433 100.755570 -10.102013 0.554226 -0.025404 
686 2.016050 0.000000 -0.045433 100.573505 -8.674596 3.613117 -0.020333 
687 2.113744 0.000000 -0.045433 94.569879 0.298086 3.904953 0.104120 
688 2.064897 0.000000 0.000000 89.651087 0.135998 -0.734367 0.196212 
689 2.089321 0.000000 -0.113582 107.048018 -9.631514 5.731088 -0.158489 
690 2.064897 0.000000 -0.113582 103.126742 -9.531317 4.574220 -0.074689 
691 2.089321 0.000000 -0.136298 100.787093 -9.260183 0.184958 -0.024382 
692 2.113744 0.000000 -0.113582 108.792382 -10.500551 11.300826 -0.207375 
693 2.089321 0.000000 -0.090865 106.793148 -9.627834 5.523957 -0.152799 
694 2.064897 0.000000 0.045433 103.388658 -10.433279 1.010604 -0.079909 
695 2.016050 0.000000 0.045433 102.460624 -9.070502 4.333591 -0.059923 
696 2.113744 0.000000 0.045433 97.218177 1.092300 -3.843343 0.053266 
697 2.211438 0.000000 0.272596 97.538362 -5.752640 2.234274 0.044818 
698 2.309132 0.000000 0.272596 97.989742 -5.346031 4.060994 0.035294 
699 2.211438 0.000000 0.363461 98.735894 -6.352047 3.857284 0.019600 
700 2.162591 0.000000 0.136298 98.195748 -5.194303 -7.812012 0.026959 
701 2.162591 0.000000 0.090865 98.028395 -6.547138 -15.222855 0.011583 
702 2.211438 0.000000 0.136298 92.011938 -4.897959 -5.173279 0.148305 
703 2.162591 0.000000 0.181731 97.808247 -5.044077 -2.444492 0.040213 
704 2.089321 0.000000 0.113582 106.109347 -7.295609 -5.283160 -0.134033 
705 2.064897 0.000000 0.113582 103.748822 -8.481932 -3.435768 -0.084757 
706 2.089321 0.000000 0.090865 106.003393 -7.400843 -5.020998 -0.131670 
707 2.113744 0.000000 0.113582 106.578335 -6.592981 -10.922540 -0.152171 
708 2.089321 0.000000 0.136298 103.399400 -9.292052 0.336927 -0.077789 
709 2.162591 0.000000 -0.045433 117.306981 -0.018515 8.962713 -0.384126 
710 2.211438 0.000000 -0.045433 153.556828 -0.847688 12.995967 -1.374931 
711 2.162591 0.000000 0.000000 120.271485 0.239005 0.970792 -0.446623 
712 2.138168 0.000000 -0.113582 104.415944 -10.876874 15.487179 -0.126085 
713 2.138168 0.000000 -0.136298 102.536964 -8.849021 9.440243 -0.068125 
714 2.162591 0.000000 -0.113582 100.026281 -10.092483 12.988992 -0.027583 
715 2.138168 0.000000 -0.090865 104.063924 -10.918210 15.434761 -0.118674 
716 2.089321 0.000000 -0.068149 100.786664 -9.259710 0.186189 -0.024373 
717 2.064897 0.000000 -0.068149 100.332573 -10.898468 1.640924 -0.018809 
718 2.113744 0.000000 -0.068149 91.236826 0.518583 6.009621 0.163946 
719 2.089321 0.000000 -0.045433 88.691834 0.367765 1.392045 0.213169 
720 2.101533 0.000000 -0.102224 109.525010 -10.157661 8.100577 -0.216453 
721 2.089321 0.000000 -0.102224 108.130697 -9.770460 6.176401 -0.182586 
722 2.101533 0.000000 -0.113582 109.666718 -10.159936 7.615811 -0.218801 
723 2.113744 0.000000 -0.102224 108.688862 -10.524499 11.920639 -0.206614 
724 2.101533 0.000000 -0.090865 109.731896 -10.223967 8.193196 -0.221275 
725 2.162591 0.000000 0.045433 119.127768 2.037320 -7.833087 -0.425693 
726 2.211438 0.000000 0.045433 155.475255 2.562910 -11.142011 -1.430327 
727 2.089321 0.000000 0.068149 103.399356 -9.292831 0.339165 -0.077790 
728 2.064897 0.000000 0.068149 103.180342 -11.971265 3.127368 -0.079927 
729 2.089321 0.000000 0.045433 91.807574 0.839760 -1.994611 0.156669 
730 2.113744 0.000000 0.068149 94.846664 1.694377 -6.483192 0.095921 
731 2.138168 0.000000 0.113582 102.141360 -6.604823 -14.996738 -0.070138 
732 2.138168 0.000000 0.090865 101.808277 -6.584975 -14.945459 -0.063165 
733 2.162591 0.000000 0.113582 98.106706 -5.524013 -12.562895 0.018673 
734 2.138168 0.000000 0.136298 101.161749 -5.290368 -7.633863 -0.031996 
735 2.101533 0.000000 0.102224 107.565610 -6.696373 -7.812997 -0.167624 
736 2.089321 0.000000 0.102224 106.796062 -7.042286 -5.820589 -0.148887 
737 2.101533 0.000000 0.090865 107.720603 -6.645493 -7.903187 -0.171035 
738 2.113744 0.000000 0.102224 106.439583 -6.588701 -11.525899 -0.150564 
739 2.101533 0.000000 0.113582 107.779742 -6.719227 -7.339954 -0.171550 
740 2.138168 0.000000 -0.068149 101.676697 0.314199 9.871620 -0.043570 
741 2.162591 0.000000 -0.068149 114.512300 0.081182 13.018005 -0.328254 
742 2.138168 0.000000 -0.045433 104.221317 0.186495 6.639747 -0.090620 
743 2.125956 0.000000 -0.102224 105.586863 -10.738474 15.355602 -0.149969 
744 2.125956 0.000000 -0.113582 106.444524 -10.701359 14.613218 -0.165850 
745 2.138168 0.000000 -0.102224 104.209100 -10.901489 15.456328 -0.121728 
746 2.125956 0.000000 -0.090865 106.320974 -10.709935 14.702293 -0.163501 
747 2.138168 0.000000 0.068149 104.437019 2.074645 -10.231171 -0.101607 
748 2.138168 0.000000 0.045433 106.478782 1.524666 -6.002012 -0.137608 
749 2.162591 0.000000 0.068149 116.830145 2.441130 -13.481457 -0.383699 
750 2.125956 0.000000 0.102224 103.262188 -6.608616 -14.868430 -0.092782 
751 2.125956 0.000000 0.090865 104.004217 -6.598242 -14.232866 -0.106299 
752 2.138168 0.000000 0.102224 101.945727 -6.593691 -14.966571 -0.066041 
753 2.125956 0.000000 0.113582 104.127566 -6.597303 -14.146175 -0.108619 
754 2.406827 0.000000 -0.090865 102.945381 -6.993746 0.829113 -0.064735 
755 2.406827 0.000000 -0.181731 100.428635 -7.217911 1.676035 -0.014082 
756 2.504521 0.000000 -0.090865 100.709638 -6.904177 2.380479 -0.019577 
757 2.406827 0.000000 0.000000 105.015035 -7.651305 4.814256 -0.110988 
758 2.260285 0.000000 -0.136298 90.847995 -7.931032 0.493737 0.168350 
759 2.260285 0.000000 -0.181731 95.612004 -7.764849 2.110101 0.079360 
760 2.309132 0.000000 -0.136298 98.644091 -7.426116 -4.317838 0.019555 
761 2.260285 0.000000 -0.090865 72.880365 -10.302828 12.076600 0.443646 
762 2.187015 0.000000 -0.113582 96.550115 -9.799486 12.973968 0.041372 
763 2.187015 0.000000 -0.136298 96.736255 -8.666605 9.576487 0.047528 
764 2.211438 0.000000 -0.113582 91.116797 -9.437946 11.756430 0.147044 
765 2.187015 0.000000 -0.090865 94.006198 -11.003342 17.208067 0.074564 
766 2.150380 0.000000 -0.102224 103.054398 -11.005295 15.285098 -0.097496 
767 2.150380 0.000000 -0.113582 103.477452 -10.984922 15.347768 -0.106381 
768 2.162591 0.000000 -0.102224 100.477007 -11.032803 15.926303 -0.047100 
769 2.150380 0.000000 -0.090865 102.294639 -11.016423 15.463747 -0.082468 
770 2.406827 0.000000 0.090865 102.681801 -2.482697 8.117101 -0.061560 
771 2.504521 0.000000 0.090865 100.827504 -2.136073 6.765382 -0.021652 
772 2.406827 0.000000 0.181731 100.151544 -3.531208 4.886217 -0.006668 
773 2.260285 0.000000 0.136298 88.280413 -4.174520 4.265168 0.217095 
774 2.260285 0.000000 0.090865 67.915548 -7.091794 -11.007440 0.521602 
775 2.309132 0.000000 0.136298 97.153777 -3.334468 10.911704 0.043096 
776 2.260285 0.000000 0.181731 94.166676 -4.472039 3.274324 0.110192 
777 2.187015 0.000000 0.113582 94.532602 -5.308355 -12.138950 0.088805 
778 2.187015 0.000000 0.090865 91.217311 -6.688954 -16.501094 0.136237 
779 2.211438 0.000000 0.113582 88.652554 -5.142419 -10.469569 0.200467 
780 2.187015 0.000000 0.136298 95.182585 -5.072752 -7.095543 0.086420 
781 2.150380 0.000000 0.102224 100.829781 -6.530529 -14.795678 -0.042820 
782 2.150380 0.000000 0.090865 100.026596 -6.536024 -14.956580 -0.027174 
783 2.162591 0.000000 0.102224 98.104122 -6.555792 -15.375417 0.009620 
784 2.150380 0.000000 0.113582 101.252807 -6.548407 -14.860267 -0.051584 
785 2.260285 0.000000 -0.045433 192.626273 -3.734374 3.724803 -2.713270 
786 2.309132 0.000000 -0.045433 135.215456 -7.255562 -10.946356 -0.845569 
787 2.260285 0.000000 0.000000 178.761176 -3.163278 3.598338 -2.197851 
788 2.187015 0.000000 -0.068149 130.544031 -0.247195 16.665953 -0.731956 
789 2.211438 0.000000 -0.068149 153.164284 -0.734019 20.527334 -1.388121 
790 2.187015 0.000000 -0.045433 133.674541 -0.330981 11.357306 -0.799798 
791 2.174803 0.000000 -0.102224 97.054720 -11.022896 16.745028 0.017848 
792 2.174803 0.000000 -0.113582 98.404213 -9.952129 13.003423 0.004848 
793 2.187015 0.000000 -0.102224 94.011731 -10.998922 17.208974 0.074467 
794 2.174803 0.000000 -0.090865 96.618802 -11.016879 16.861088 0.025914 
795 2.260285 0.000000 0.045433 197.388689 -0.224582 0.867282 -2.896310 
796 2.309132 0.000000 0.045433 135.746503 -4.709444 21.290947 -0.890260 
797 2.187015 0.000000 0.068149 132.288386 2.685827 -17.347286 -0.780836 
798 2.187015 0.000000 0.045433 135.286526 2.450266 -9.883484 -0.840613 
799 2.211438 0.000000 0.068149 155.089234 2.613229 -21.817776 -1.453551 
800 2.174803 0.000000 0.102224 94.463087 -6.631091 -16.109411 0.077324 
801 2.174803 0.000000 0.090865 93.998154 -6.644644 -16.214228 0.085729 
802 2.187015 0.000000 0.102224 91.227323 -6.703705 -16.503523 0.136027 
803 2.174803 0.000000 0.113582 96.447718 -5.406466 -12.309451 0.051709 
804 2.235862 0.000000 -0.068149 76.399034 -10.420783 12.659616 0.389433 
805 2.235862 0.000000 -0.090865 77.593701 -10.476628 12.857719 0.370414 
806 2.260285 0.000000 -0.068149 71.474421 -10.261889 11.844434 0.464581 
807 2.235862 0.000000 -0.045433 174.168081 -1.829981 12.166011 -2.048588 
808 2.235862 0.000000 -0.113582 87.168735 -8.908983 7.155200 0.227104 
809 2.235862 0.000000 -0.136298 91.593772 -8.211792 5.114582 0.151699 
810 2.260285 0.000000 -0.113582 83.335543 -8.362140 -0.543582 0.298497 
811 2.223650 0.000000 -0.079507 83.443820 -10.711439 14.399489 0.271505 
812 2.211438 0.000000 -0.079507 89.590562 -10.919275 16.208418 0.159159 
813 2.223650 0.000000 -0.090865 83.461027 -10.708298 14.303533 0.271500 
814 2.235862 0.000000 -0.079507 77.446721 -10.470829 12.833383 0.372767 
815 2.223650 0.000000 -0.068149 165.347210 -1.099448 18.675126 -1.768967 
816 2.235862 0.000000 0.068149 71.553796 -6.865398 -11.614471 0.469802 
817 2.235862 0.000000 0.045433 176.859045 2.010295 -9.698046 -2.137722 
818 2.260285 0.000000 0.068149 66.427910 -7.141729 -10.760223 0.542055 
819 2.235862 0.000000 0.090865 72.880789 -6.847571 -11.834348 0.450145 
820 2.235862 0.000000 0.113582 83.928899 -4.740449 -5.043290 0.290803 
821 2.260285 0.000000 0.113582 79.093907 -4.199479 4.484584 0.370641 
822 2.235862 0.000000 0.136298 89.170709 -4.593945 -1.425842 0.202545 
823 2.223650 0.000000 0.079507 79.454484 -6.743064 -13.481649 0.345976 
824 2.211438 0.000000 0.079507 86.386263 -6.644890 -15.411902 0.225573 
825 2.223650 0.000000 0.068149 167.656456 2.353834 -20.148878 -1.852021 
826 2.235862 0.000000 0.079507 72.715055 -6.850339 -11.806881 0.452619 
827 2.223650 0.000000 0.090865 79.484731 -6.740212 -13.390683 0.345744 
828 2.357979 0.000000 -0.045433 111.351692 -7.344823 -0.279179 -0.245322 
829 2.357979 0.000000 -0.090865 106.152141 -7.162213 -2.034759 -0.132371 
830 2.406827 0.000000 -0.045433 104.602705 -7.375894 2.044586 -0.100031 
831 2.357979 0.000000 0.000000 113.124097 -7.581761 4.754541 -0.287715 
832 2.284709 0.000000 -0.068149 163.294864 -6.845212 -49.337136 -1.914622 
833 2.284709 0.000000 -0.090865 91.469133 -7.768587 -34.294701 0.039692 
834 2.309132 0.000000 -0.068149 123.456752 -7.293571 -16.745026 -0.557516 
835 2.284709 0.000000 -0.045433 171.162225 -6.226282 -16.033244 -1.959234 
836 2.248074 0.000000 -0.079507 74.651505 -10.339265 12.369524 0.416725 
837 2.248074 0.000000 -0.090865 74.961639 -10.356055 12.421061 0.411922 
838 2.260285 0.000000 -0.079507 71.996540 -10.282918 11.930623 0.456842 
839 2.248074 0.000000 -0.068149 74.023333 -10.317925 12.265434 0.426365 
840 2.357979 0.000000 0.045433 110.719605 -5.288670 10.746799 -0.240229 
841 2.406827 0.000000 0.045433 104.244288 -5.607706 8.496083 -0.097050 
842 2.357979 0.000000 0.090865 105.544382 -2.700427 10.618554 -0.125966 
843 2.284709 0.000000 0.068149 168.058664 -2.912883 62.658922 -2.217834 
844 2.284709 0.000000 0.045433 174.732516 -3.247930 25.562689 -2.119545 
845 2.309132 0.000000 0.068149 123.443000 -3.491404 26.864203 -0.597205 
846 2.284709 0.000000 0.090865 86.618420 -3.335707 44.611752 0.049591 
847 2.248074 0.000000 0.079507 69.718658 -6.933527 -11.309290 0.496333 
848 2.248074 0.000000 0.068149 69.068792 -6.973399 -11.200874 0.505541 
849 2.260285 0.000000 0.079507 66.998352 -7.148110 -10.854448 0.534231 
850 2.248074 0.000000 0.090865 70.047199 -6.925924 -11.363825 0.491628 
851 5.044566 0.000000 0.726923 99.563000 -7.387483 5.783026 -0.000081 
852 5.044566 0.000000 0.000000 100.069137 -3.400478 2.534415 -0.003182 
853 5.826119 0.000000 0.726923 99.521203 -7.840395 5.954793 -0.000140 
854 5.044566 0.000000 1.453846 99.548140 -6.733653 6.670852 0.000033 
855 3.872238 0.000000 0.363461 99.945714 -6.178585 1.402530 -0.002929 
856 3.872238 0.000000 0.000000 100.133955 -4.994356 -0.100991 -0.005176 
857 4.263014 0.000000 0.363461 100.041036 -5.788348 0.489920 -0.004195 
858 3.872238 0.000000 0.726923 99.584685 -6.886802 5.863895 0.000108 
859 3.286073 0.000000 0.181731 100.222289 -1.961958 1.269707 -0.004997 
860 3.090685 0.000000 0.181731 100.130467 -2.436779 1.845815 -0.003546 
861 3.286073 0.000000 0.000000 99.705600 -8.728392 2.085895 -0.002174 
862 3.481461 0.000000 0.181731 100.349714 -1.308024 0.375281 -0.007192 
863 3.286073 0.000000 0.363461 99.812106 -6.244765 2.792684 -0.000925 
864 5.044566 0.000000 -0.726923 99.514343 -7.540152 6.317852 0.000013 
865 5.044566 0.000000 -1.453846 99.498233 -7.333952 6.750626 0.000074 
866 5.826119 0.000000 -0.726923 99.517270 -7.472074 6.366397 -0.000005 
867 3.872238 0.000000 -0.363461 99.572232 -7.754275 5.174149 -0.000153 
868 3.872238 0.000000 -0.726923 99.504188 -7.673675 6.249410 0.000098 
869 4.263014 0.000000 -0.363461 99.572734 -7.662773 5.313430 -0.000168 
870 3.286073 0.000000 -0.181731 99.702492 -7.265397 3.708550 -0.000713 
871 3.090685 0.000000 -0.181731 99.708954 -7.354284 3.507027 -0.000826 
872 3.286073 0.000000 -0.363461 99.573081 -7.906249 4.964251 -0.000195 
873 3.481461 0.000000 -0.181731 99.688980 -7.262491 3.855688 -0.000550 
874 3.676849 0.000000 0.181731 100.486220 -0.725084 -0.911377 -0.009884 
875 3.676849 0.000000 0.000000 100.083930 -6.382860 -0.833549 -0.005823 
876 3.872238 0.000000 0.181731 100.619966 -0.579180 -2.626663 -0.013161 
877 3.676849 0.000000 0.363461 99.902581 -6.259529 1.890776 -0.002328 
878 3.383767 0.000000 0.090865 105.694391 96.768066 22.186874 -1.102762 
879 3.286073 0.000000 0.090865 100.556657 20.000980 18.601415 -0.085769 
880 3.383767 0.000000 0.000000 99.415275 -10.817521 4.143281 -0.001758 
881 3.481461 0.000000 0.090865 101.928898 -31.621302 -52.589492 -0.415506 
882 3.383767 0.000000 0.181731 100.287238 -1.646449 0.850572 -0.006096 
883 4.653790 0.000000 0.363461 100.093321 -5.507257 0.055799 -0.004901 
884 4.653790 0.000000 0.000000 100.143935 -2.963472 1.880750 -0.004113 
885 5.044566 0.000000 0.363461 100.063809 -6.192902 -0.186036 -0.005115 
886 4.653790 0.000000 0.726923 99.575224 -7.191744 5.781120 -0.000037 
887 4.653790 0.000000 -0.363461 99.571524 -7.581542 5.438833 -0.000155 
888 4.653790 0.000000 -0.726923 99.512082 -7.580508 6.294703 0.000026 
889 5.044566 0.000000 -0.363461 99.569735 -7.512902 5.552570 -0.000141 
890 4.458402 0.000000 0.181731 100.615531 -3.541109 -5.453047 -0.016576 
891 4.263014 0.000000 0.181731 100.696630 -2.311645 -5.400325 -0.017432 
892 4.458402 0.000000 0.000000 100.167414 -3.043899 1.453508 -0.004489 
893 4.653790 0.000000 0.181731 100.505486 -4.467171 -4.796406 -0.014431 
894 4.458402 0.000000 0.363461 100.077324 -5.575187 0.204936 -0.004660 
895 8.952329 0.000000 1.453846 99.541662 -6.898723 6.628384 -0.000007 
896 8.952329 0.000000 0.000000 99.605380 -6.729172 5.883348 -0.000113 
897 10.515434 0.000000 1.453846 99.534086 -6.966096 6.670184 -0.000005 
898 8.952329 0.000000 2.907691 99.532018 -6.807283 6.861665 -0.000004 
899 6.607671 0.000000 0.726923 99.461183 -8.202732 6.458111 -0.000152 
900 6.607671 0.000000 0.000000 99.724868 -6.319905 4.569177 -0.000587 
901 7.389224 0.000000 0.726923 99.417991 -8.140163 7.143721 -0.000123 
902 6.607671 0.000000 1.453846 99.548456 -6.788490 6.633823 0.000001 
903 5.435343 0.000000 0.363461 99.738284 -5.366721 5.312114 -0.000475 
904 5.435343 0.000000 0.000000 99.986073 -4.102436 3.032576 -0.002324 
905 5.826119 0.000000 0.363461 99.426912 -9.278832 5.854162 -0.000608 
906 5.435343 0.000000 0.726923 99.545046 -7.608676 5.834822 -0.000115 
907 4.849178 0.000000 0.181731 100.441509 -4.706579 -4.109070 -0.012753 
908 4.849178 0.000000 0.000000 100.109349 -3.121059 2.229941 -0.003660 
909 5.044566 0.000000 0.181731 100.382950 -4.492205 -3.046453 -0.010620 
910 4.849178 0.000000 0.363461 100.087630 -5.697668 -0.041266 -0.005000 
911 8.952329 0.000000 -1.453846 99.506845 -7.250521 6.766748 0.000003 
912 8.952329 0.000000 -2.907691 99.505159 -7.145156 6.894687 0.000013 
913 10.515434 0.000000 -1.453846 99.508301 -7.223886 6.776568 -0.000001 
914 6.607671 0.000000 -0.726923 99.518955 -7.415507 6.411630 -0.000012 
915 6.607671 0.000000 -1.453846 99.503083 -7.298531 6.754014 0.000025 
916 7.389224 0.000000 -0.726923 99.519863 -7.369316 6.453684 -0.000016 
917 5.435343 0.000000 -0.363461 99.567359 -7.454671 5.657163 -0.000123 
918 5.435343 0.000000 -0.726923 99.515891 -7.505656 6.342013 0.000003 
919 5.826119 0.000000 -0.363461 99.564833 -7.406828 5.753050 -0.000111 
920 4.849178 0.000000 -0.181731 99.641540 -7.237894 4.793073 -0.000380 
921 4.653790 0.000000 -0.181731 99.646713 -7.243217 4.701428 -0.000403 
922 4.849178 0.000000 -0.363461 99.570739 -7.545779 5.497864 -0.000150 
923 5.044566 0.000000 -0.181731 99.637309 -7.225298 4.874791 -0.000356 
924 4.751484 0.000000 0.090865 100.086131 -7.677103 -2.010795 -0.008021 
925 4.653790 0.000000 0.090865 100.098229 -7.672006 -2.185358 -0.008329 
926 4.751484 0.000000 0.000000 100.128122 -3.008894 2.067971 -0.003897 
927 4.849178 0.000000 0.090865 100.508271 3.966367 3.629685 -0.013082 
928 4.751484 0.000000 0.181731 100.469623 -4.662433 -4.472762 -0.013589 
929 5.239954 0.000000 0.181731 100.262789 -4.563286 -1.391252 -0.007539 
930 5.239954 0.000000 0.000000 100.029943 -3.731833 2.770799 -0.002759 
931 5.435343 0.000000 0.181731 100.097157 -5.417558 0.127473 -0.004881 
932 5.239954 0.000000 0.363461 99.974221 -7.414203 -0.121148 -0.004983 
933 5.239954 0.000000 -0.181731 99.633693 -7.205518 4.954349 -0.000334 
934 5.239954 0.000000 -0.363461 99.568564 -7.482841 5.605663 -0.000132 
935 5.435343 0.000000 -0.181731 99.630205 -7.182108 5.032884 -0.000309 
936 6.216895 0.000000 0.363461 99.120932 -8.233495 11.285893 -0.002012 
937 6.216895 0.000000 0.000000 99.823772 -5.952604 3.517544 -0.001259 
938 6.607671 0.000000 0.363461 99.379517 -5.990719 9.840550 -0.000901 
939 6.216895 0.000000 0.726923 99.492074 -8.053602 6.162498 -0.000151 
940 5.630731 0.000000 0.181731 100.073256 -4.703361 1.191780 -0.003820 
941 5.630731 0.000000 0.000000 99.941680 -4.460183 3.315395 -0.001922 
942 5.826119 0.000000 0.181731 99.909920 -0.617938 7.627080 -0.004055 
943 5.630731 0.000000 0.363461 99.645980 -7.091505 4.909690 -0.000372 
944 5.337648 0.000000 0.090865 100.192756 -0.854792 3.330093 -0.005041 
945 5.239954 0.000000 0.090865 100.261231 -0.318494 2.885545 -0.006074 
946 5.337648 0.000000 0.000000 99.999760 -3.954373 2.981983 -0.002448 
947 5.435343 0.000000 0.090865 100.138429 -1.334159 3.629669 -0.004266 
948 5.337648 0.000000 0.181731 100.179181 -4.918892 -0.548754 -0.006037 
949 5.142260 0.000000 0.090865 100.346685 0.221373 2.200861 -0.007435 
950 5.044566 0.000000 0.090865 100.440980 0.576136 1.203867 -0.009017 
951 5.142260 0.000000 0.000000 100.049415 -3.585584 2.635145 -0.002969 
952 5.142260 0.000000 0.181731 100.333041 -4.431640 -2.267774 -0.009150 
953 5.826119 0.000000 4.361537 99.525934 -6.866930 6.925771 -0.000053 
954 7.389224 0.000000 4.361537 99.524794 -6.856836 6.922111 -0.000012 
955 5.826119 0.000000 5.815382 99.521640 -6.893156 6.941673 -0.000026 
956 5.044566 0.000000 2.180768 99.535448 -6.770606 6.834841 0.000014 
957 4.263014 0.000000 2.180768 99.534042 -6.773769 6.845522 0.000023 
958 5.826119 0.000000 2.180768 99.536940 -6.771013 6.823444 -0.000001 
959 5.044566 0.000000 2.907691 99.530277 -6.815104 6.889992 -0.000019 
960 5.435343 0.000000 1.090384 99.558101 -6.836467 6.427877 0.000013 
961 5.044566 0.000000 1.090384 99.559188 -6.795105 6.440383 0.000032 
962 5.826119 0.000000 1.090384 99.556393 -6.880487 6.419455 -0.000003 
963 5.435343 0.000000 1.453846 99.548671 -6.746039 6.660137 0.000020 
964 5.239954 0.000000 0.545192 99.443429 -10.185097 4.694546 -0.001477 
965 5.044566 0.000000 0.545192 99.511452 -9.454525 4.445567 -0.001168 
966 5.435343 0.000000 0.545192 99.342692 -11.001422 5.324720 -0.001835 
967 5.239954 0.000000 0.726923 99.554876 -7.495147 5.801321 -0.000101 
968 5.337648 0.000000 0.272596 100.391089 -4.244610 -2.902465 -0.010481 
969 5.239954 0.000000 0.272596 100.385855 -4.392277 -2.979411 -0.010549 
970 5.435343 0.000000 0.272596 100.336052 -4.241467 -2.109175 -0.008976 
971 5.337648 0.000000 0.363461 99.480246 -10.569298 3.783955 -0.002235 
972 5.288801 0.000000 0.136298 99.134060 -19.414583 -0.136493 -0.020451 
973 5.239954 0.000000 0.136298 99.913876 -9.929334 -1.780908 -0.008455 
974 5.288801 0.000000 0.090865 100.224937 -0.592552 3.131202 -0.005519 
975 5.337648 0.000000 0.136298 99.469988 -1.476888 13.041371 -0.006654 
976 5.288801 0.000000 0.181731 100.221866 -4.715621 -0.957159 -0.006758 
977 6.216895 0.000000 -0.363461 99.562119 -7.366240 5.839047 -0.000097 
978 6.216895 0.000000 -0.726923 99.518159 -7.442455 6.388810 -0.000007 
979 6.607671 0.000000 -0.363461 99.559422 -7.332265 5.918172 -0.000087 
980 6.021507 0.000000 0.181731 99.890632 -1.392806 7.130651 -0.003092 
981 6.021507 0.000000 0.000000 99.911577 -5.093521 3.119666 -0.001800 
982 6.216895 0.000000 0.181731 99.876978 -2.097291 6.622957 -0.002367 
983 6.021507 0.000000 0.363461 99.122202 -10.602795 8.889606 -0.001666 
984 5.630731 0.000000 0.545192 99.220891 -11.565038 6.506805 -0.002087 
985 5.826119 0.000000 0.545192 99.134158 -11.398368 7.918070 -0.002020 
986 5.630731 0.000000 0.726923 99.533709 -7.724326 5.885608 -0.000126 
987 5.728425 0.000000 0.272596 99.577763 -7.490101 5.487152 -0.000194 
988 5.630731 0.000000 0.272596 99.895285 -6.496441 1.940199 -0.002504 
989 5.728425 0.000000 0.181731 100.008626 -1.328705 5.501000 -0.003375 
990 5.826119 0.000000 0.272596 99.494945 -6.043126 8.124088 -0.000176 
991 5.728425 0.000000 0.363461 99.551390 -8.143412 5.210159 -0.000394 
992 2.895297 0.000000 -0.181731 99.700514 -7.402353 3.380360 -0.000641 
993 2.895297 0.000000 -0.363461 99.576212 -8.103979 4.813684 -0.000427 
994 2.895297 0.000000 0.000000 99.613789 -9.293129 3.238957 -0.001976 
995 3.188379 0.000000 -0.090865 99.811496 -6.869326 2.661711 -0.001661 
996 3.090685 0.000000 -0.090865 99.798376 -6.983542 2.578910 -0.001514 
997 3.188379 0.000000 -0.181731 99.712807 -7.330536 3.604447 -0.000937 
998 3.286073 0.000000 -0.090865 99.800379 -6.740561 2.789385 -0.001333 
999 3.188379 0.000000 0.000000 99.686072 -9.342860 2.096919 -0.002900 
1000 4.067626 0.000000 -0.181731 99.668191 -7.239261 4.345338 -0.000504 
1001 3.872238 0.000000 -0.181731 99.676209 -7.240659 4.196169 -0.000538 
1002 4.067626 0.000000 -0.363461 99.572756 -7.706917 5.245485 -0.000165 
1003 4.263014 0.000000 -0.181731 99.660332 -7.241618 4.479498 -0.000469 
1004 4.067626 0.000000 0.000000 100.169652 -4.018835 0.399916 -0.005027 
1005 4.458402 0.000000 -0.181731 99.653148 -7.244370 4.597909 -0.000437 
1006 4.458402 0.000000 -0.363461 99.572252 -7.621331 5.377354 -0.000163 
1007 4.751484 0.000000 -0.090865 99.698461 -6.744069 4.467954 -0.000523 
1008 4.653790 0.000000 -0.090865 99.706106 -6.711677 4.384590 -0.000558 
1009 4.751484 0.000000 -0.181731 99.643993 -7.241401 4.748610 -0.000391 
1010 4.849178 0.000000 -0.090865 99.690984 -6.779011 4.545774 -0.000491 
1011 5.630731 0.000000 -0.181731 99.626739 -7.158760 5.112492 -0.000287 
1012 5.630731 0.000000 -0.363461 99.566102 -7.430316 5.706195 -0.000118 
1013 5.826119 0.000000 -0.181731 99.623126 -7.135628 5.192359 -0.000265 
1014 5.533037 0.000000 -0.090865 99.654758 -7.057632 4.812504 -0.000404 
1015 5.435343 0.000000 -0.090865 99.655683 -7.035386 4.816325 -0.000395 
1016 5.533037 0.000000 -0.181731 99.628550 -7.171279 5.072715 -0.000301 
1017 5.630731 0.000000 -0.090865 99.655525 -7.055611 4.804950 -0.000409 
1018 5.533037 0.000000 0.000000 99.975180 -4.166985 3.128816 -0.002219 
1019 6.021507 0.000000 -0.181731 99.619307 -7.115893 5.270041 -0.000242 
1020 6.021507 0.000000 -0.363461 99.563457 -7.385790 5.796484 -0.000103 
1021 6.216895 0.000000 -0.181731 99.615358 -7.099185 5.346905 -0.000221 
1022 5.923813 0.000000 -0.090865 99.659355 -6.966019 4.846502 -0.000400 
1023 5.826119 0.000000 -0.090865 99.658650 -7.001376 4.819556 -0.000409 
1024 5.923813 0.000000 -0.181731 99.621233 -7.125569 5.230747 -0.000252 
1025 6.021507 0.000000 -0.090865 99.659115 -6.932452 4.885571 -0.000387 
1026 5.923813 0.000000 0.000000 99.920528 -4.865006 3.218800 -0.001814 
1027 4.067626 0.000000 0.181731 100.698947 -1.214613 -4.359211 -0.016076 
1028 4.067626 0.000000 0.363461 99.993846 -6.016130 0.910929 -0.003579 
1029 3.969932 0.000000 0.090865 100.168490 -10.302696 -5.898876 -0.017467 
1030 3.872238 0.000000 0.090865 100.286900 -10.707594 -8.015735 -0.023637 
1031 3.969932 0.000000 0.000000 100.154961 -4.462769 0.149396 -0.005095 
1032 4.067626 0.000000 0.090865 100.132810 -9.643183 -4.711906 -0.014177 
1033 3.969932 0.000000 0.181731 100.669766 -0.795028 -3.537182 -0.014755 
1034 3.676849 0.000000 -0.181731 99.682992 -7.248808 4.028204 -0.000547 
1035 3.676849 0.000000 -0.363461 99.569467 -7.807371 5.093197 -0.000097 
1036 3.969932 0.000000 -0.090865 99.761860 -6.575231 3.654382 -0.000902 
1037 3.872238 0.000000 -0.090865 99.769161 -6.575894 3.531409 -0.000960 
1038 3.969932 0.000000 -0.181731 99.672225 -7.239073 4.272593 -0.000521 
1039 4.067626 0.000000 -0.090865 99.754145 -6.581762 3.773613 -0.000845 
1040 4.165320 0.000000 0.090865 100.106635 -9.112939 -3.792922 -0.011877 
1041 4.165320 0.000000 0.000000 100.177244 -3.661444 0.662677 -0.004933 
1042 4.263014 0.000000 0.090865 100.097541 -8.553117 -3.089742 -0.010222 
1043 4.165320 0.000000 0.181731 100.705940 -1.767654 -5.000186 -0.016981 
1044 4.018779 0.000000 0.045433 100.092801 -7.631695 -2.130567 -0.008135 
1045 3.969932 0.000000 0.045433 100.121492 -7.497809 -2.414714 -0.008636 
1046 4.018779 0.000000 0.000000 100.163160 -4.230077 0.273490 -0.005063 
1047 4.067626 0.000000 0.045433 100.070877 -7.787152 -1.965359 -0.007868 
1048 4.018779 0.000000 0.090865 100.148714 -9.945709 -5.250135 -0.015625 
1049 3.383767 0.000000 -0.090865 99.792684 -6.696002 2.884383 -0.001174 
1050 3.383767 0.000000 -0.181731 99.691053 -7.267711 3.766790 -0.000531 
1051 3.481461 0.000000 -0.090865 99.790456 -6.655108 3.014007 -0.001151 
1052 3.579155 0.000000 0.090865 100.430322 -19.789670 -19.256834 -0.084871 
1053 3.579155 0.000000 0.000000 100.024764 -7.827234 -1.467620 -0.006837 
1054 3.676849 0.000000 0.090865 100.256043 -14.561865 -11.491362 -0.039537 
1055 3.579155 0.000000 0.181731 100.416195 -0.987082 -0.207360 -0.008443 
1056 3.432614 0.000000 0.045433 99.524734 -13.547712 -0.125824 -0.008873 
1057 3.383767 0.000000 0.045433 99.414606 -14.291319 0.665735 -0.008795 
1058 3.432614 0.000000 0.000000 99.645434 -11.848513 -0.146622 -0.006962 
1059 3.481461 0.000000 0.045433 99.620287 -12.839325 -0.751672 -0.008961 
1060 3.432614 0.000000 0.090865 112.059178 15.987101 -149.754124 -2.523914 
1061 3.774543 0.000000 0.090865 100.254177 -11.385680 -8.255867 -0.024869 
1062 3.774543 0.000000 0.000000 100.109868 -5.616636 -0.411108 -0.005370 
1063 3.774543 0.000000 0.181731 100.556308 -0.568691 -1.731731 -0.011489 
1064 3.774543 0.000000 -0.090865 99.775683 -6.584873 3.403741 -0.001013 
1065 3.676849 0.000000 -0.090865 99.781472 -6.599151 3.272946 -0.001060 
1066 3.774543 0.000000 -0.181731 99.680001 -7.243401 4.115777 -0.000551 
1067 3.823390 0.000000 0.045433 100.084329 -9.239034 -3.656735 -0.011560 
1068 3.774543 0.000000 0.045433 100.016018 -9.814846 -3.276477 -0.011027 
1069 3.823390 0.000000 0.000000 100.122149 -5.292118 -0.240840 -0.005251 
1070 3.872238 0.000000 0.045433 100.155194 -8.317459 -3.736013 -0.011420 
1071 3.823390 0.000000 0.090865 100.339544 -10.087132 -8.156858 -0.023631 
1072 4.360708 0.000000 0.090865 100.104471 -8.060699 -2.684820 -0.009309 
1073 4.360708 0.000000 0.000000 100.174840 -3.180005 1.201836 -0.004656 
1074 4.458402 0.000000 0.090865 100.110624 -7.758612 -2.460618 -0.008839 
1075 4.360708 0.000000 0.181731 100.677210 -2.761575 -5.563180 -0.017448 
1076 4.653790 0.000000 1.090384 99.558611 -6.759921 6.459125 0.000067 
1077 4.263014 0.000000 1.090384 99.557414 -6.731350 6.479931 0.000102 
1078 4.653790 0.000000 1.453846 99.546604 -6.724699 6.683064 0.000059 
1079 4.458402 0.000000 0.545192 99.604440 -8.048081 4.485475 -0.000594 
1080 4.263014 0.000000 0.545192 99.618014 -7.751408 4.573497 -0.000475 
1081 4.653790 0.000000 0.545192 99.585002 -8.412391 4.414884 -0.000743 
1082 4.458402 0.000000 0.726923 99.579473 -7.104218 5.792884 -0.000010 
1083 4.556096 0.000000 0.272596 100.318499 -4.424106 -2.085335 -0.008772 
1084 4.458402 0.000000 0.272596 100.297300 -4.322632 -1.685601 -0.008107 
1085 4.556096 0.000000 0.181731 100.552075 -4.110390 -5.110888 -0.015374 
1086 4.653790 0.000000 0.272596 100.338124 -4.543924 -2.479832 -0.009454 
1087 4.556096 0.000000 0.363461 100.088028 -5.514447 0.117616 -0.004804 
1088 5.142260 0.000000 0.272596 100.369322 -4.331660 -2.686001 -0.009998 
1089 5.044566 0.000000 0.272596 100.360867 -4.158931 -2.396123 -0.009534 
1090 5.142260 0.000000 0.363461 100.041212 -6.591692 -0.258355 -0.005176 
1091 4.849178 0.000000 0.545192 99.556031 -8.871235 4.384982 -0.000933 
1092 4.849178 0.000000 0.726923 99.570023 -7.285906 5.775787 -0.000063 
1093 5.142260 0.000000 0.454327 100.426328 -3.391560 -2.557295 -0.010349 
1094 5.044566 0.000000 0.454327 100.385663 -5.637693 -4.231449 -0.012697 
1095 5.239954 0.000000 0.454327 100.322954 -3.452016 -1.135298 -0.007790 
1096 5.142260 0.000000 0.545192 99.481080 -9.801215 4.536624 -0.001313 
1097 5.191107 0.000000 0.318029 99.840797 -7.983534 1.213608 -0.003339 
1098 5.142260 0.000000 0.318029 100.165108 -6.116564 -1.554355 -0.007288 
1099 5.191107 0.000000 0.272596 100.376927 -4.393835 -2.855128 -0.010299 
1100 5.239954 0.000000 0.318029 99.885141 -5.773437 2.796638 -0.001820 
1101 5.191107 0.000000 0.363461 100.019672 -6.890582 -0.247975 -0.005148 
1102 6.607671 0.000000 2.180768 99.537324 -6.773561 6.813840 0.000001 
1103 7.389224 0.000000 2.180768 99.538501 -6.779512 6.802618 -0.000015 
1104 6.607671 0.000000 2.907691 99.530717 -6.807912 6.878956 -0.000003 
1105 6.216895 0.000000 1.090384 99.553424 -6.927026 6.418697 -0.000007 
1106 6.607671 0.000000 1.090384 99.549702 -6.975728 6.425234 -0.000009 
1107 6.216895 0.000000 1.453846 99.548967 -6.773277 6.640834 0.000003 
1108 6.021507 0.000000 0.545192 99.115643 -10.616984 8.971397 -0.001712 
1109 6.216895 0.000000 0.545192 99.150272 -9.615921 9.482197 -0.001315 
1110 6.021507 0.000000 0.726923 99.507124 -7.951727 6.047152 -0.000147 
1111 5.728425 0.000000 0.454327 99.874241 -3.570313 5.178477 -0.001443 
1112 5.630731 0.000000 0.454327 99.998218 -3.900097 3.072820 -0.002430 
1113 5.826119 0.000000 0.454327 99.591510 -4.931018 7.859537 -0.000456 
1114 5.728425 0.000000 0.545192 99.169354 -11.582671 7.228148 -0.002097 
1115 5.533037 0.000000 0.454327 100.061384 -3.315205 2.753426 -0.003085 
1116 5.435343 0.000000 0.454327 100.257581 -2.129108 1.132566 -0.005740 
1117 5.533037 0.000000 0.363461 99.720008 -6.139984 4.802491 -0.000484 
1118 5.533037 0.000000 0.545192 99.281699 -11.350693 5.849772 -0.001991 
1119 -8.241827 0.000000 -8.723074 99.512544 -6.981036 6.959099 0.000009 
1120 -11.368037 0.000000 -8.723074 99.512893 -6.979082 6.959086 0.000005 
1121 -8.241827 0.000000 -11.630765 99.512538 -6.981747 6.958963 0.000008 
1122 10.515434 0.000000 -8.723074 99.509510 -7.031282 6.950069 0.000012 
1123 10.515434 0.000000 -11.630765 99.510433 -7.015363 6.953914 0.000010 
1124 13.641644 0.000000 -8.723074 99.509771 -7.032419 6.948876 0.000006 
1125 -8.241827 0.000000 8.723074 99.514322 -6.969556 6.959134 -0.000010 
1126 -11.368037 0.000000 8.723074 99.513950 -6.971565 6.959103 -0.000006 
1127 -8.241827 0.000000 11.630765 99.514340 -6.968847 6.958983 -0.000010 
1128 -3.552511 0.000000 -4.361537 99.510740 -6.986271 6.959018 0.000038 
1129 -5.115617 0.000000 -4.361537 99.511754 -6.984228 6.959416 0.000020 
1130 -3.552511 0.000000 -5.815382 99.510875 -6.990042 6.958885 0.000030 
1131 10.515434 0.000000 8.723074 99.518795 -6.915509 6.948036 -0.000009 
1132 13.641644 0.000000 8.723074 99.519005 -6.911878 6.945611 -0.000005 
1133 10.515434 0.000000 11.630765 99.517228 -6.932702 6.952996 -0.000009 
1134 5.826119 0.000000 -4.361537 99.504930 -7.088542 6.932586 0.000046 
1135 5.826119 0.000000 -5.815382 99.506775 -7.057310 6.944351 0.000037 
1136 7.389224 0.000000 -4.361537 99.505796 -7.092801 6.929841 0.000027 
1137 -3.552511 0.000000 4.361537 99.515776 -6.966174 6.959778 -0.000036 
1138 -5.115617 0.000000 4.361537 99.514798 -6.967768 6.959775 -0.000018 
1139 -3.552511 0.000000 5.815382 99.515996 -6.961941 6.959387 -0.000034 
1140 -1.207854 0.000000 -2.180768 99.502499 -7.000791 6.952826 0.000190 
1141 -1.989406 0.000000 -2.180768 99.506037 -6.990624 6.957802 0.000127 
1142 -1.207854 0.000000 -2.907691 99.504796 -6.998436 6.955014 0.000145 
1143 3.481461 0.000000 -2.180768 99.499442 -7.202753 6.879037 0.000066 
1144 3.481461 0.000000 -2.907691 99.499664 -7.132302 6.914510 0.000114 
1145 4.263014 0.000000 -2.180768 99.496910 -7.215737 6.866602 0.000115 
1146 -1.207854 0.000000 2.180768 99.518881 -6.967440 6.962781 -0.000103 
1147 -1.989406 0.000000 2.180768 99.516218 -6.968196 6.962454 -0.000051 
1148 -1.207854 0.000000 2.907691 99.521169 -6.959969 6.961328 -0.000136 
1149 -0.817078 0.000000 -1.090384 99.480147 -7.010525 6.945204 0.000632 
1150 -1.207854 0.000000 -1.090384 99.494280 -7.000619 6.953101 0.000353 
1151 -0.817078 0.000000 -1.453846 99.494384 -7.008719 6.939046 0.000359 
1152 3.481461 0.000000 2.180768 99.527994 -6.789558 6.859535 0.000103 
1153 3.481461 0.000000 2.907691 99.529038 -6.833831 6.903351 -0.000039 
1154 -0.230913 0.000000 -0.545192 99.317114 -7.013966 6.972439 0.003830 
1155 -0.426301 0.000000 -0.545192 99.467295 -6.925602 6.895836 0.001074 
1156 -0.230913 0.000000 -0.726923 99.442562 -6.950873 6.825169 0.001628 
1157 0.941416 0.000000 -0.545192 99.470984 -7.265669 6.727328 0.000748 
1158 0.941416 0.000000 -0.726923 99.463640 -7.150045 6.826454 0.000926 
1159 -0.817078 0.000000 1.090384 99.509104 -6.987968 6.971165 0.000051 
1160 -1.207854 0.000000 1.090384 99.510060 -6.982745 6.965452 0.000047 
1161 -0.817078 0.000000 1.453846 99.520332 -6.981086 6.972615 -0.000165 
1162 -0.230913 0.000000 0.545192 99.344324 -6.986537 6.787905 0.003582 
1163 -0.426301 0.000000 0.545192 99.450879 -6.929992 6.874228 0.001424 
1164 -0.230913 0.000000 0.726923 99.384531 -6.948584 6.899864 0.002682 
1165 -0.133219 0.000000 -0.272596 99.263923 -7.033735 7.461227 0.004153 
1166 -0.230913 0.000000 -0.272596 99.488030 -6.876471 7.337020 0.000101 
1167 -0.133219 0.000000 -0.363461 99.027162 -6.975070 7.137426 0.009403 
1168 0.941416 0.000000 0.545192 99.551606 -7.235130 6.683704 -0.000754 
1169 0.941416 0.000000 0.726923 99.420831 -7.077181 6.839711 0.001863 
1170 -0.133219 0.000000 0.272596 99.644648 -7.131353 6.333685 -0.002003 
1171 -0.230913 0.000000 0.272596 99.683178 -6.935798 6.547891 -0.002772 
1172 -0.133219 0.000000 0.363461 99.313888 -7.044922 6.630241 0.004316 
1173 0.037745 0.000000 -0.113582 85.026494 -8.789082 2.435096 0.268732 
1174 0.013322 0.000000 -0.113582 83.292497 -8.364422 10.086298 0.289066 
1175 0.037745 0.000000 -0.136298 89.966802 -8.214183 4.397918 0.181916 
1176 0.648333 0.000000 -0.272596 101.575320 -11.173428 1.870113 -0.044589 
1177 0.648333 0.000000 -0.363461 99.573744 -7.566232 6.554914 -0.001515 
1178 0.746027 0.000000 -0.272596 102.747547 -10.288085 2.834743 -0.067094 
1179 0.648333 0.000000 0.272596 101.521395 -11.188119 1.866713 -0.043525 
1180 0.746027 0.000000 0.272596 102.764544 -10.321895 2.821101 -0.067505 
1181 0.648333 0.000000 0.363461 99.636160 -7.609851 6.130472 -0.002286 
1182 0.037745 0.000000 0.113582 89.049973 -8.950033 7.853611 0.192832 
1183 0.013322 0.000000 0.113582 87.482365 -8.506253 1.729430 0.227149 
1184 0.037745 0.000000 0.136298 93.024518 -8.394617 7.074777 0.122592 
1185 0.098804 0.000000 -0.079507 90.203192 -12.323116 -14.802572 0.149241 
1186 0.098804 0.000000 -0.090865 90.264210 -12.378336 -14.971039 0.147502 
1187 0.098804 0.000000 -0.068149 90.199140 -12.314880 -14.783381 0.149391 
1188 0.098804 0.000000 0.079507 94.900561 -12.241298 16.036998 0.058685 
1189 0.098804 0.000000 0.068149 94.900915 -12.228183 16.041371 0.058696 
1190 0.098804 0.000000 0.090865 94.879534 -12.371154 15.996104 0.058895 
1191 0.233134 0.000000 -0.068149 80.785252 -0.085337 -5.910051 0.343881 
1192 0.233134 0.000000 -0.045433 82.191672 -0.156484 -4.458649 0.322462 
1193 0.184287 0.000000 -0.113582 98.495508 -10.937350 -7.276474 0.012606 
1194 0.184287 0.000000 -0.136298 98.153998 -9.673527 -3.901235 0.025700 
1195 0.233134 0.000000 0.068149 80.765604 -0.162048 5.989013 0.344102 
1196 0.233134 0.000000 0.045433 82.154464 -0.161641 4.603668 0.322942 
1197 0.184287 0.000000 0.113582 101.167732 -11.080641 12.704583 -0.051910 
1198 0.184287 0.000000 0.136298 100.376768 -9.753096 11.712544 -0.030780 
1199 0.501792 0.000000 -0.045433 100.161138 -8.028475 4.954471 -0.012126 
1200 0.550639 0.000000 -0.045433 101.560398 -6.749453 6.263207 -0.039930 
1201 0.501792 0.000000 0.000000 101.556337 -6.529829 6.482298 -0.039835 
1202 0.501792 0.000000 0.045433 100.178406 -8.036590 4.951170 -0.012481 
1203 0.550639 0.000000 0.045433 101.551638 -6.751643 6.263730 -0.039755 
1204 0.428522 0.000000 -0.068149 98.486143 -10.830658 2.125463 0.017866 
1205 0.452945 0.000000 -0.068149 98.680666 -9.334315 3.618277 0.016190 
1206 0.428522 0.000000 -0.045433 98.710510 -11.585343 1.375475 0.012012 
1207 0.367463 0.000000 -0.102224 104.722473 -12.620257 -3.127300 -0.113585 
1208 0.367463 0.000000 -0.113582 104.791642 -12.627711 -2.629108 -0.114766 
1209 0.367463 0.000000 -0.090865 105.068726 -12.625481 -2.873881 -0.120710 
1210 0.428522 0.000000 0.068149 98.517865 -10.850660 2.117304 0.017201 
1211 0.428522 0.000000 0.045433 98.738738 -11.605179 1.369462 0.011411 
1212 0.452945 0.000000 0.068149 98.708206 -9.351177 3.611657 0.015620 
1213 0.367463 0.000000 0.102224 105.753058 -12.619228 3.426635 -0.135470 
1214 0.367463 0.000000 0.090865 106.097389 -12.623142 3.169831 -0.142605 
1215 0.367463 0.000000 0.113582 105.719399 -12.621552 2.918275 -0.134441 
1216 1.722968 0.000000 -0.545192 99.403662 -7.322039 6.156702 0.002739 
1217 1.722968 0.000000 -0.726923 99.425301 -7.278904 6.479823 0.001964 
1218 1.722968 0.000000 0.545192 99.693186 -6.946524 6.088320 -0.002405 
1219 1.722968 0.000000 0.726923 99.530991 -6.902775 6.459072 0.000421 
1220 1.429886 0.000000 -0.272596 100.995474 -11.272410 1.866912 -0.033064 
1221 1.429886 0.000000 -0.363461 99.284798 -7.653279 6.381211 0.004324 
1222 1.527580 0.000000 -0.272596 100.893957 -11.954225 1.315867 -0.032423 
1223 1.429886 0.000000 0.272596 101.791811 -11.432776 1.988311 -0.049623 
1224 1.527580 0.000000 0.272596 102.942560 -12.328426 1.678568 -0.075198 
1225 1.429886 0.000000 0.363461 99.702170 -7.521382 6.103318 -0.003434 
1226 8.952329 0.000000 -4.361537 99.506515 -7.092123 6.927932 0.000016 
1227 8.952329 0.000000 -5.815382 99.507729 -7.062170 6.940975 0.000016 
1228 10.515434 0.000000 -4.361537 99.507057 -7.090168 6.926465 0.000010 
1229 5.044566 0.000000 -2.180768 99.499329 -7.217849 6.861532 0.000071 
1230 5.044566 0.000000 -2.907691 99.500707 -7.151887 6.902832 0.000081 
1231 5.826119 0.000000 -2.180768 99.500586 -7.214231 6.857541 0.000056 
1232 6.607671 0.000000 -2.180768 99.502195 -7.209037 6.856262 0.000033 
1233 6.607671 0.000000 -2.907691 99.503250 -7.152656 6.898413 0.000035 
1234 7.389224 0.000000 -2.180768 99.503342 -7.202570 6.855216 0.000021 
1235 3.090685 0.000000 -1.090384 99.481231 -7.510972 6.628879 0.000313 
1236 3.090685 0.000000 -1.453846 99.487008 -7.344432 6.777081 0.000247 
1237 3.481461 0.000000 -1.090384 99.490156 -7.492030 6.619244 0.000176 
1238 3.872238 0.000000 -1.090384 99.494122 -7.481049 6.613135 0.000122 
1239 3.872238 0.000000 -1.453846 99.494311 -7.352824 6.761053 0.000111 
1240 4.263014 0.000000 -1.090384 99.497333 -7.464638 6.612386 0.000084 
1241 2.504521 0.000000 -0.545192 99.567749 -8.131756 5.839956 -0.001397 
1242 2.504521 0.000000 -0.726923 99.536059 -7.832175 6.330165 -0.000884 
1243 2.699909 0.000000 -0.545192 99.535767 -8.098185 5.782409 -0.000639 
1244 8.952329 0.000000 4.361537 99.525105 -6.853538 6.917095 -0.000006 
1245 10.515434 0.000000 4.361537 99.525474 -6.851689 6.911955 -0.000004 
1246 8.952329 0.000000 5.815382 99.521783 -6.883884 6.936107 -0.000008 
1247 3.872238 0.000000 1.090384 99.553994 -6.707525 6.503947 0.000171 
1248 3.481461 0.000000 1.090384 99.550417 -6.690243 6.523356 0.000240 
1249 3.872238 0.000000 1.453846 99.541100 -6.717841 6.711162 0.000140 
1250 3.090685 0.000000 1.090384 99.538865 -6.682007 6.550220 0.000446 
1251 3.090685 0.000000 1.453846 99.534852 -6.732060 6.732517 0.000217 
1252 2.504521 0.000000 0.545192 99.324599 -6.751487 5.577497 0.005793 
1253 2.699909 0.000000 0.545192 99.489951 -6.696201 5.454753 0.002716 
1254 2.504521 0.000000 0.726923 99.386011 -6.738198 6.163294 0.003903 
1255 2.895297 0.000000 -0.545192 99.514532 -8.040240 5.757708 -0.000094 
1256 2.895297 0.000000 -0.726923 99.499365 -7.827990 6.250295 -0.000047 
1257 3.090685 0.000000 -0.545192 99.519268 -7.927713 5.787309 -0.000043 
1258 3.286073 0.000000 -0.545192 99.505105 -7.902094 5.768138 0.000302 
1259 3.286073 0.000000 -0.726923 99.487502 -7.757417 6.223407 0.000333 
1260 3.481461 0.000000 -0.545192 99.513107 -7.861389 5.793806 0.000177 
1261 2.406827 0.000000 -0.272596 99.592193 -7.836060 3.167275 0.000996 
1262 2.406827 0.000000 -0.363461 99.372213 -8.229745 4.335683 0.003864 
1263 2.504521 0.000000 -0.272596 99.753032 -8.044494 3.556535 -0.002803 
1264 2.895297 0.000000 0.181731 100.083059 -2.762868 2.348327 -0.002977 
1265 2.895297 0.000000 0.363461 99.738449 -6.148503 3.510479 0.000211 
1266 2.895297 0.000000 0.545192 99.573097 -6.715925 5.303953 0.001196 
1267 3.090685 0.000000 0.545192 99.589198 -6.754793 5.200130 0.000932 
1268 2.895297 0.000000 0.726923 99.510068 -6.677580 6.078233 0.001621 
1269 2.406827 0.000000 0.272596 99.378982 -5.154975 4.111360 0.008034 
1270 2.504521 0.000000 0.272596 99.746949 -5.101635 3.686834 0.001093 
1271 2.406827 0.000000 0.363461 99.127933 -6.126271 4.552444 0.011540 
1272 2.357979 0.000000 -0.136298 101.761396 -7.233738 -1.117457 -0.040896 
1273 2.357979 0.000000 -0.181731 99.892828 -7.407197 0.507380 -0.003370 
1274 2.406827 0.000000 -0.136298 101.455324 -7.034429 0.985630 -0.034364 
1275 2.284709 0.000000 -0.113582 91.413172 -7.676821 -10.812296 0.146779 
1276 2.284709 0.000000 -0.136298 94.162318 -7.649798 -3.826968 0.106029 
1277 2.309132 0.000000 -0.113582 101.503987 -7.349708 -8.719943 -0.043311 
1278 2.357979 0.000000 0.136298 101.223775 -2.870795 7.919766 -0.031722 
1279 2.406827 0.000000 0.136298 101.239745 -2.606600 6.063648 -0.029305 
1280 2.357979 0.000000 0.181731 99.432291 -3.723809 5.777028 0.006598 
1281 2.284709 0.000000 0.113582 87.997985 -3.540210 17.612175 0.193363 
1282 2.309132 0.000000 0.113582 99.757245 -2.986551 16.338495 -0.022737 
1283 2.284709 0.000000 0.136298 91.744860 -3.663336 9.951642 0.147043 
1284 4.067626 0.000000 0.545192 99.626564 -7.507211 4.671136 -0.000363 
1285 3.872238 0.000000 0.545192 99.631316 -7.304663 4.772874 -0.000254 
1286 4.067626 0.000000 0.726923 99.584311 -6.952971 5.835556 0.000057 
1287 3.676849 0.000000 0.545192 99.633560 -7.134238 4.869882 -0.000146 
1288 3.481461 0.000000 0.545192 99.630545 -6.985255 4.973213 0.000023 
1289 3.676849 0.000000 0.726923 99.584755 -6.827211 5.889898 0.000157 
1290 3.188379 0.000000 0.090865 100.404262 8.577705 12.054122 -0.029989 
1291 3.090685 0.000000 0.090865 100.373836 4.808128 11.061035 -0.022037 
1292 3.188379 0.000000 0.181731 100.160148 -2.218416 1.588920 -0.003950 
1293 4.653790 0.000000 -1.090384 99.499991 -7.445051 6.614462 0.000057 
1294 4.653790 0.000000 -1.453846 99.497198 -7.341829 6.752045 0.000081 
1295 5.044566 0.000000 -1.090384 99.501038 -7.427606 6.615813 0.000061 
1296 5.435343 0.000000 -1.090384 99.502947 -7.410258 6.621477 0.000041 
1297 5.435343 0.000000 -1.453846 99.499870 -7.326095 6.750978 0.000053 
1298 5.826119 0.000000 -1.090384 99.504265 -7.392944 6.626206 0.000034 
1299 3.676849 0.000000 -0.545192 99.518562 -7.815290 5.821695 0.000108 
1300 3.676849 0.000000 -0.726923 99.500677 -7.698108 6.239848 0.000142 
1301 3.872238 0.000000 -0.545192 99.523921 -7.771503 5.856765 0.000029 
1302 4.067626 0.000000 -0.545192 99.526520 -7.733189 5.886271 0.000002 
1303 4.067626 0.000000 -0.726923 99.506852 -7.649616 6.259930 0.000068 
1304 4.263014 0.000000 -0.545192 99.528531 -7.697092 5.915955 -0.000017 
1305 4.458402 0.000000 -0.545192 99.529796 -7.663655 5.944466 -0.000025 
1306 4.458402 0.000000 -0.726923 99.510901 -7.603427 6.283654 0.000028 
1307 4.653790 0.000000 -0.545192 99.530896 -7.630793 5.972594 -0.000030 
1308 4.849178 0.000000 -0.545192 99.531869 -7.601415 6.000509 -0.000038 
1309 4.849178 0.000000 -0.726923 99.513180 -7.560504 6.304972 0.000021 
1310 5.044566 0.000000 -0.545192 99.532370 -7.573796 6.026025 -0.000037 
1311 4.556096 0.000000 0.090865 100.109400 -7.628174 -2.306629 -0.008540 
1312 4.556096 0.000000 0.000000 100.156350 -2.974031 1.687692 -0.004299 
1313 4.360708 0.000000 0.272596 100.274944 -4.241800 -1.294964 -0.007473 
1314 4.263014 0.000000 0.272596 100.251924 -4.187525 -0.921540 -0.006883 
1315 4.360708 0.000000 0.363461 100.061279 -5.671880 0.327662 -0.004454 
1316 4.946872 0.000000 0.090865 100.484886 0.228512 0.222928 -0.009731 
1317 4.946872 0.000000 0.000000 100.093126 -3.220691 2.366851 -0.003461 
1318 4.946872 0.000000 0.181731 100.415837 -4.625715 -3.655142 -0.011810 
1319 4.946872 0.000000 0.272596 100.344245 -4.615527 -2.620536 -0.009714 
1320 4.849178 0.000000 0.272596 100.356126 -4.847411 -3.029014 -0.010402 
1321 4.946872 0.000000 0.363461 100.078086 -5.904824 -0.105943 -0.005050 
1322 4.751484 0.000000 0.272596 100.353362 -4.686708 -2.834269 -0.010080 
1323 4.751484 0.000000 0.363461 100.092997 -5.566197 0.007908 -0.004959 
1324 6.216895 0.000000 -1.090384 99.505623 -7.376233 6.632682 0.000023 
1325 6.216895 0.000000 -1.453846 99.501997 -7.307780 6.752041 0.000036 
1326 6.607671 0.000000 -1.090384 99.506785 -7.360491 6.639479 0.000014 
1327 5.239954 0.000000 -0.545192 99.532731 -7.548594 6.051634 -0.000037 
1328 5.239954 0.000000 -0.726923 99.515035 -7.521739 6.329680 0.000012 
1329 5.435343 0.000000 -0.545192 99.533103 -7.525774 6.077386 -0.000041 
1330 5.630731 0.000000 -0.545192 99.533261 -7.503059 6.102001 -0.000040 
1331 5.630731 0.000000 -0.726923 99.516613 -7.488255 6.354306 -0.000001 
1332 5.826119 0.000000 -0.545192 99.533425 -7.482056 6.125957 -0.000041 
1333 4.946872 0.000000 -0.090865 99.683725 -6.817016 4.615778 -0.000462 
1334 4.946872 0.000000 -0.181731 99.639340 -7.232569 4.833606 -0.000367 
1335 5.044566 0.000000 -0.090865 99.676607 -6.858432 4.680841 -0.000437 
1336 5.337648 0.000000 -0.090865 99.658801 -6.997382 4.806481 -0.000394 
1337 5.239954 0.000000 -0.090865 99.663778 -6.950806 4.779763 -0.000403 
1338 5.337648 0.000000 -0.181731 99.631889 -7.194240 4.993237 -0.000320 
1339 5.142260 0.000000 -0.090865 99.669859 -6.903375 4.736552 -0.000417 
1340 5.142260 0.000000 -0.181731 99.635443 -7.216163 4.914861 -0.000345 
1341 5.533037 0.000000 0.090865 100.094162 -1.758039 3.842875 -0.003670 
1342 5.630731 0.000000 0.090865 100.056884 -2.133039 4.001548 -0.003194 
1343 5.533037 0.000000 0.181731 100.044605 -5.783956 0.516693 -0.004264 
1344 5.728425 0.000000 0.090865 100.024825 -2.470380 4.124298 -0.002808 
1345 5.728425 0.000000 0.000000 99.938863 -4.530154 3.288044 -0.001911 
1346 5.826119 0.000000 0.090865 99.996643 -2.777047 4.222133 -0.002487 
1347 5.533037 0.000000 0.272596 100.174225 -4.958955 -0.509231 -0.005973 
1348 5.337648 0.000000 0.454327 100.340134 -2.863311 -0.786832 -0.007696 
1349 5.337648 0.000000 0.545192 99.397384 -10.594450 4.946739 -0.001655 
1350 6.021507 0.000000 -0.545192 99.533382 -7.462814 6.147884 -0.000038 
1351 6.021507 0.000000 -0.726923 99.517669 -7.457042 6.377093 -0.000004 
1352 6.216895 0.000000 -0.545192 99.533380 -7.444496 6.170253 -0.000039 
1353 5.923813 0.000000 0.090865 99.971515 -3.059009 4.301102 -0.002216 
1354 6.021507 0.000000 0.090865 99.948653 -3.319530 4.368734 -0.001984 
1355 5.923813 0.000000 0.181731 99.895116 -0.981786 7.476722 -0.003590 
1356 5.923813 0.000000 0.272596 99.619409 -4.489295 7.904753 -0.000667 
1357 6.021507 0.000000 0.272596 99.729877 -4.186582 6.630143 -0.000753 
1358 5.923813 0.000000 0.363461 99.271552 -10.283308 7.072336 -0.001061 
1359 4.165320 0.000000 -0.090865 99.746172 -6.593848 3.888376 -0.000790 
1360 4.165320 0.000000 -0.181731 99.664189 -7.240213 4.414247 -0.000486 
1361 4.263014 0.000000 -0.090865 99.738107 -6.610705 3.998544 -0.000738 
1362 4.556096 0.000000 -0.090865 99.713955 -6.682738 4.296811 -0.000599 
1363 4.458402 0.000000 -0.090865 99.721984 -6.656115 4.202521 -0.000644 
1364 4.556096 0.000000 -0.181731 99.649810 -7.244369 4.651954 -0.000421 
1365 4.360708 0.000000 -0.090865 99.730011 -6.631729 4.103442 -0.000689 
1366 4.360708 0.000000 -0.181731 99.656636 -7.243192 4.540809 -0.000453 
1367 5.728425 0.000000 -0.090865 99.657184 -7.034153 4.805310 -0.000412 
1368 5.728425 0.000000 -0.181731 99.624958 -7.146885 5.152476 -0.000276 
1369 4.165320 0.000000 0.272596 100.228383 -4.160633 -0.569978 -0.006336 
1370 4.067626 0.000000 0.272596 100.204430 -4.160864 -0.241172 -0.005830 
1371 4.165320 0.000000 0.363461 100.018111 -5.907256 0.686613 -0.003899 
1372 3.969932 0.000000 0.272596 100.180165 -4.185796 0.064932 -0.005359 
1373 3.872238 0.000000 0.272596 100.155673 -4.233152 0.349723 -0.004920 
1374 3.969932 0.000000 0.363461 99.969439 -6.107166 1.152802 -0.003252 
1375 3.921085 0.000000 0.045433 100.163224 -7.564706 -3.086902 -0.009943 
1376 3.921085 0.000000 0.000000 100.145096 -4.718066 0.026060 -0.005130 
1377 3.921085 0.000000 0.090865 100.202390 -10.683948 -6.774191 -0.020056 
1378 3.579155 0.000000 -0.090865 99.786624 -6.622269 3.144307 -0.001111 
1379 3.579155 0.000000 -0.181731 99.686330 -7.254964 3.943697 -0.000555 
1380 4.946872 0.000000 0.454327 100.137968 -8.189350 -3.251351 -0.010525 
1381 4.849178 0.000000 0.454327 99.956151 -9.093203 -1.561150 -0.007636 
1382 4.946872 0.000000 0.545192 99.535992 -9.145602 4.399854 -0.001041 
1383 5.923813 0.000000 0.454327 99.455202 -5.664729 9.076878 -0.000582 
1384 6.021507 0.000000 0.454327 99.434500 -5.831589 9.207206 -0.000600 
1385 5.923813 0.000000 0.545192 99.116968 -11.059212 8.507755 -0.001886 
1386 3.286073 0.000000 0.545192 99.620019 -6.866449 5.073616 0.000296 
1387 3.286073 0.000000 0.726923 99.573005 -6.729650 5.960999 0.000439 
1388 3.774543 0.000000 0.272596 100.131433 -4.294248 0.610752 -0.004512 
1389 3.676849 0.000000 0.272596 100.106803 -4.372981 0.858935 -0.004123 
1390 3.774543 0.000000 0.363461 99.923321 -6.225577 1.651125 -0.002615 
1391 3.579155 0.000000 0.272596 100.082051 -4.455134 1.094549 -0.003746 
1392 3.481461 0.000000 0.272596 100.056895 -4.543900 1.316856 -0.003376 
1393 3.579155 0.000000 0.363461 99.882543 -6.272518 2.126247 -0.002039 
1394 4.751484 0.000000 0.454327 99.859156 -9.181126 -0.270895 -0.005622 
1395 4.653790 0.000000 0.454327 99.807495 -9.011456 0.631488 -0.004314 
1396 4.751484 0.000000 0.545192 99.571787 -8.628387 4.393706 -0.000829 
1397 3.383767 0.000000 0.272596 100.030177 -4.633494 1.529820 -0.002985 
1398 3.286073 0.000000 0.272596 99.994270 -4.707626 1.766209 -0.002414 
1399 3.383767 0.000000 0.363461 99.842823 -6.270274 2.561097 -0.001446 
1400 3.188379 0.000000 0.272596 99.960156 -4.766183 1.963971 -0.001861 
1401 3.090685 0.000000 0.272596 99.943769 -4.855075 2.141858 -0.001692 
1402 3.188379 0.000000 0.363461 99.787041 -6.208520 2.984239 -0.000490 
1403 4.556096 0.000000 0.454327 99.777914 -8.776181 1.283282 -0.003430 
1404 4.458402 0.000000 0.454327 99.759581 -8.536652 1.776211 -0.002800 
1405 4.556096 0.000000 0.545192 99.595856 -8.219410 4.446037 -0.000666 
1 11 62 60 61 
2 62 10 24 60 
3 60 24 14 63 
4 61 60 63 6 
5 24 66 64 65 
6 66 23 40 64 
7 64 40 27 67 
8 65 64 67 14 
9 40 70 68 69 
10 69 68 71 27 
11 6 63 92 93 
12 63 14 36 92 
13 92 36 19 94 
14 93 92 94 20 
15 14 67 95 96 
16 67 27 52 95 
17 95 52 35 97 
18 96 95 97 36 
19 27 71 98 99 
20 99 98 100 52 
21 68 112 110 111 
22 112 56 80 110 
23 110 80 43 113 
24 111 110 113 71 
25 80 116 114 115 
26 115 114 117 43 
27 71 113 133 134 
28 113 43 102 133 
29 133 102 76 135 
30 134 133 135 98 
31 43 117 136 137 
32 137 136 138 102 
33 114 141 139 140 
34 141 106 129 139 
35 139 129 83 142 
36 140 139 142 117 
37 129 149 147 148 
38 147 150 132 151 
39 148 147 151 83 
40 117 142 152 153 
41 142 83 144 152 
42 152 144 125 154 
43 153 152 154 136 
44 83 151 155 156 
45 151 132 157 155 
46 156 155 158 144 
47 12 161 159 160 
48 161 7 162 159 
49 159 162 13 25 
50 160 159 25 10 
51 25 165 163 164 
52 165 13 166 163 
53 163 166 26 41 
54 164 163 41 23 
55 41 169 167 168 
56 169 26 170 167 
57 167 170 42 57 
58 168 167 57 39 
59 39 173 171 172 
60 173 57 174 171 
61 171 174 55 81 
62 172 171 81 56 
63 81 177 175 176 
64 177 55 178 175 
65 175 178 82 107 
66 176 175 107 79 
67 79 181 179 180 
68 181 107 182 179 
69 179 182 105 130 
70 180 179 130 106 
71 106 185 183 184 
72 185 130 186 183 
73 184 183 149 129 
74 195 197 109 198 
75 150 195 198 132 
76 149 201 199 200 
77 201 128 202 199 
78 199 202 150 203 
79 200 199 203 147 
80 132 198 210 157 
81 198 109 211 210 
82 19 38 213 214 
83 38 21 215 213 
84 213 215 9 216 
85 214 213 216 22 
86 35 54 217 218 
87 54 37 219 217 
88 217 219 21 220 
89 218 217 220 38 
90 51 78 221 222 
91 78 53 223 221 
92 221 223 37 224 
93 222 221 224 54 
94 76 104 225 226 
95 104 75 227 225 
96 225 227 78 228 
97 226 225 228 51 
98 101 127 229 230 
99 127 103 231 229 
100 229 231 75 232 
101 230 229 232 104 
102 125 146 233 234 
103 146 124 235 233 
104 233 235 127 236 
105 234 233 236 101 
106 144 158 237 238 
107 237 239 146 240 
108 238 237 240 125 
109 155 243 241 242 
110 243 157 244 241 
111 241 244 143 245 
112 242 241 245 158 
113 130 247 246 186 
114 247 105 248 246 
115 249 251 195 252 
116 202 249 252 150 
117 186 255 253 254 
118 255 246 256 253 
119 253 256 196 250 
120 254 253 250 128 
121 128 259 257 258 
122 259 250 260 257 
123 257 260 249 261 
124 258 257 261 202 
125 262 263 124 264 
126 239 262 264 146 
127 157 266 265 244 
128 266 210 267 265 
129 143 268 269 270 
130 268 212 271 269 
131 269 271 262 272 
132 270 269 272 239 
133 244 275 273 274 
134 275 265 276 273 
135 273 276 268 277 
136 274 273 277 143 
137 278 280 194 281 
138 197 278 281 109 
139 283 131 284 282 
140 282 284 197 285 
141 251 282 285 195 
142 107 287 286 182 
143 287 82 288 286 
144 286 288 108 192 
145 182 286 192 105 
146 105 290 289 248 
147 290 192 291 289 
148 246 293 292 256 
149 293 248 294 292 
150 292 294 131 283 
151 256 292 283 196 
152 196 297 295 296 
153 297 283 298 295 
154 295 298 282 299 
155 296 295 299 251 
156 109 281 300 211 
157 281 194 301 300 
158 210 304 303 267 
159 304 211 305 303 
160 303 305 145 306 
161 124 209 307 235 
162 209 126 308 307 
163 307 308 103 309 
164 235 307 309 127 
165 310 311 209 312 
166 263 310 312 124 
167 212 306 313 271 
168 306 145 314 313 
169 313 314 263 315 
170 271 313 315 262 
171 267 318 316 317 
172 318 303 319 316 
173 316 319 306 320 
174 317 316 320 212 
175 131 322 321 284 
176 322 279 323 321 
177 321 323 278 324 
178 284 321 324 197 
179 211 326 325 305 
180 326 300 327 325 
181 325 327 302 328 
182 305 325 328 145 
183 192 334 333 291 
184 334 108 335 333 
185 289 339 337 338 
186 339 291 340 337 
187 337 340 191 341 
188 338 337 341 279 
189 345 347 126 348 
190 311 345 348 209 
191 302 351 349 350 
192 351 207 352 349 
193 349 352 311 353 
194 350 349 353 310 
195 354 355 59 356 
196 280 354 356 194 
197 291 358 357 340 
198 358 333 359 357 
199 357 359 336 360 
200 191 360 361 362 
201 360 336 363 361 
202 361 363 354 364 
203 362 361 364 280 
204 340 367 365 366 
205 367 357 368 365 
206 365 368 360 369 
207 366 365 369 191 
208 194 356 370 301 
209 356 59 371 370 
210 373 346 374 372 
211 372 374 345 375 
212 352 372 375 311 
213 301 378 376 377 
214 378 370 379 376 
215 376 379 346 373 
216 377 376 373 207 
217 207 382 380 381 
218 382 373 383 380 
219 380 383 372 384 
220 381 380 384 352 
221 57 386 385 174 
222 386 42 387 385 
223 385 387 58 89 
224 174 385 89 55 
225 55 389 388 178 
226 389 89 390 388 
227 388 390 88 188 
228 178 388 188 82 
229 82 392 391 288 
230 392 188 393 391 
231 391 393 187 330 
232 288 391 330 108 
233 108 395 394 335 
234 395 330 396 394 
235 333 399 398 359 
236 399 335 400 398 
237 359 398 401 336 
238 75 123 402 227 
239 123 77 403 402 
240 402 403 53 404 
241 227 402 404 78 
242 103 206 405 231 
243 206 121 406 405 
244 405 406 123 407 
245 231 405 407 75 
246 126 344 408 308 
247 344 204 409 408 
248 408 409 206 410 
249 308 408 410 103 
250 411 413 344 414 
251 347 411 414 126 
252 346 416 415 374 
253 415 417 347 418 
254 374 415 418 345 
255 419 420 332 421 
256 355 419 421 59 
257 335 423 422 400 
258 423 394 424 422 
259 336 401 426 363 
260 401 193 427 426 
261 426 427 355 428 
262 363 426 428 354 
263 398 431 429 430 
264 431 400 432 429 
265 429 432 193 433 
266 430 429 433 401 
267 59 421 434 371 
268 421 332 435 434 
269 370 437 436 379 
270 437 371 438 436 
271 436 438 208 416 
272 379 436 416 346 
273 439 441 411 442 
274 417 439 442 347 
275 416 445 443 444 
276 445 208 446 443 
277 443 446 417 447 
278 444 443 447 415 
279 88 453 452 189 
280 453 90 454 452 
281 452 454 5 455 
282 189 452 455 91 
283 187 457 456 331 
284 457 189 458 456 
285 456 458 91 459 
286 331 456 459 190 
287 330 461 460 396 
288 461 187 462 460 
289 460 462 331 463 
290 396 460 463 329 
291 394 465 464 424 
292 465 396 466 464 
293 464 466 329 467 
294 424 464 467 397 
295 193 425 468 427 
296 425 397 469 468 
297 468 469 419 470 
298 427 468 470 355 
299 422 473 471 472 
300 473 424 474 471 
301 471 474 397 475 
302 472 471 475 425 
303 371 477 476 438 
304 477 434 478 476 
305 476 478 412 440 
306 438 476 440 208 
307 91 455 482 205 
308 455 5 483 482 
309 482 483 122 484 
310 205 482 484 121 
311 190 459 485 343 
312 459 91 486 485 
313 485 486 205 487 
314 343 485 487 204 
315 342 489 488 413 
316 489 343 490 488 
317 488 490 204 491 
318 413 488 491 344 
319 412 493 492 441 
320 493 342 494 492 
321 492 494 413 495 
322 441 492 495 411 
323 440 498 496 497 
324 498 412 499 496 
325 496 499 441 500 
326 497 496 500 439 
327 454 510 508 509 
328 508 511 504 512 
329 509 508 512 5 
330 5 512 513 514 
331 512 504 515 513 
332 514 513 516 483 
333 7 518 517 162 
334 518 16 519 517 
335 517 519 15 32 
336 162 517 32 13 
337 13 521 520 166 
338 521 32 522 520 
339 520 522 31 48 
340 166 520 48 26 
341 26 524 523 170 
342 524 48 525 523 
343 523 525 47 85 
344 170 523 85 42 
345 42 527 526 387 
346 527 85 528 526 
347 526 528 84 449 
348 387 526 449 58 
349 58 531 529 530 
350 531 449 532 529 
351 529 532 448 502 
352 530 529 502 90 
353 90 535 533 534 
354 535 502 536 533 
355 533 536 501 510 
356 534 533 510 454 
357 538 17 539 537 
358 537 539 8 540 
359 448 554 553 503 
360 554 450 555 553 
361 553 555 87 556 
362 503 553 556 451 
363 501 558 557 511 
364 558 503 559 557 
365 557 559 451 560 
366 511 557 560 504 
367 510 563 561 562 
368 563 501 564 561 
369 561 564 511 565 
370 562 561 565 508 
371 540 8 567 566 
372 566 567 29 568 
373 451 556 578 506 
374 556 87 579 578 
375 578 579 480 580 
376 506 578 580 479 
377 504 560 581 515 
378 560 451 582 581 
379 581 582 506 583 
380 515 581 583 505 
381 21 46 584 215 
382 46 28 585 584 
383 584 585 30 586 
384 215 584 586 9 
385 37 74 587 219 
386 74 44 588 587 
387 587 588 46 589 
388 219 587 589 21 
389 53 120 590 223 
390 120 72 591 590 
391 590 591 74 592 
392 223 590 592 37 
393 77 481 593 403 
394 481 118 594 593 
395 593 594 120 595 
396 403 593 595 53 
397 122 507 596 597 
398 507 479 598 596 
399 596 598 481 599 
400 597 596 599 77 
401 483 516 600 601 
402 516 505 602 600 
403 600 602 507 603 
404 601 600 603 122 
405 513 606 604 605 
406 606 515 607 604 
407 604 607 505 608 
408 605 604 608 516 
409 555 618 616 617 
410 617 616 620 87 
411 87 620 621 622 
412 622 621 624 579 
413 85 626 625 528 
414 626 47 627 625 
415 625 627 86 550 
416 528 625 550 84 
417 84 630 628 629 
418 630 550 631 628 
419 628 631 549 610 
420 629 628 610 450 
421 450 634 632 633 
422 634 610 635 632 
423 632 635 609 618 
424 633 632 618 555 
425 641 551 642 640 
426 640 642 50 643 
427 618 650 648 649 
428 650 609 651 648 
429 649 648 652 616 
430 643 50 657 656 
431 656 657 576 658 
432 118 577 662 594 
433 577 119 663 662 
434 662 663 72 664 
435 594 662 664 120 
436 480 615 665 666 
437 615 575 667 665 
438 665 667 577 668 
439 666 665 668 118 
440 579 624 669 670 
441 624 613 671 669 
442 669 671 615 672 
443 670 669 672 480 
444 621 675 673 674 
445 673 676 613 677 
446 674 673 677 624 
447 610 679 678 635 
448 679 549 680 678 
449 678 680 611 645 
450 635 678 645 609 
451 609 682 681 651 
452 682 645 683 681 
453 616 652 685 686 
454 685 687 612 688 
455 686 685 688 620 
456 648 691 689 690 
457 691 651 692 689 
458 690 689 693 652 
459 620 688 694 695 
460 688 612 696 694 
461 695 694 675 621 
462 613 661 697 671 
463 661 614 698 697 
464 697 698 575 699 
465 671 697 699 615 
466 700 702 661 703 
467 676 700 703 613 
468 675 706 704 705 
469 704 707 676 708 
470 705 704 708 673 
471 709 710 647 711 
472 687 709 711 612 
473 651 713 712 692 
474 713 681 714 712 
475 652 693 716 717 
476 693 619 718 716 
477 716 718 687 719 
478 717 716 719 685 
479 689 722 720 721 
480 722 692 723 720 
481 720 723 619 724 
482 721 720 724 693 
483 612 711 725 696 
484 711 647 726 725 
485 694 729 727 728 
486 729 696 730 727 
487 727 730 623 706 
488 728 727 706 675 
489 731 733 700 734 
490 707 731 734 676 
491 706 737 735 736 
492 737 623 738 735 
493 735 738 707 739 
494 736 735 739 704 
495 619 715 740 718 
496 715 684 741 740 
497 740 741 709 742 
498 718 740 742 687 
499 692 744 743 723 
500 744 712 745 743 
501 743 745 715 746 
502 723 743 746 619 
503 696 748 747 730 
504 748 725 749 747 
505 747 749 701 732 
506 730 747 732 623 
507 623 751 750 738 
508 751 732 752 750 
509 750 752 731 753 
510 738 750 753 707 
511 755 640 756 754 
512 754 756 643 757 
513 645 759 758 683 
514 759 611 760 758 
515 681 763 762 714 
516 763 683 764 762 
517 762 764 644 765 
518 712 767 766 745 
519 767 714 768 766 
520 766 768 684 769 
521 745 766 769 715 
522 757 643 771 770 
523 770 771 656 772 
524 773 775 614 776 
525 702 773 776 661 
526 778 659 779 777 
527 777 779 702 780 
528 733 777 780 700 
529 732 782 781 752 
530 782 701 783 781 
531 781 783 733 784 
532 752 781 784 731 
533 785 786 552 787 
534 710 785 787 647 
535 684 765 788 741 
536 765 644 789 788 
537 788 789 710 790 
538 741 788 790 709 
539 714 792 791 768 
540 792 762 793 791 
541 791 793 765 794 
542 768 791 794 684 
543 647 787 795 726 
544 787 552 796 795 
545 725 798 797 749 
546 798 726 799 797 
547 797 799 659 778 
548 749 797 778 701 
549 701 801 800 783 
550 801 778 802 800 
551 800 802 777 803 
552 783 800 803 733 
553 804 806 785 807 
554 789 804 807 710 
555 683 809 808 764 
556 809 758 810 808 
557 808 810 761 805 
558 764 808 805 644 
559 644 813 811 812 
560 813 805 814 811 
561 811 814 804 815 
562 812 811 815 789 
563 726 817 816 799 
564 817 795 818 816 
565 659 819 820 779 
566 819 774 821 820 
567 820 821 773 822 
568 779 820 822 702 
569 799 825 823 824 
570 825 816 826 823 
571 823 826 819 827 
572 824 823 827 659 
573 646 829 828 786 
574 829 754 830 828 
575 828 830 757 831 
576 786 828 831 552 
577 761 833 832 806 
578 833 646 834 832 
579 832 834 786 835 
580 806 832 835 785 
581 805 837 836 814 
582 837 761 838 836 
583 836 838 806 839 
584 814 836 839 804 
585 552 831 840 796 
586 831 757 841 840 
587 840 841 770 842 
588 796 840 842 660 
589 795 844 843 818 
590 844 796 845 843 
591 843 845 660 846 
592 818 843 846 774 
593 816 848 847 826 
594 848 818 849 847 
595 847 849 774 850 
596 826 847 850 819 
597 636 872 870 871 
598 872 638 873 870 
599 861 880 878 879 
600 878 881 862 882 
601 879 878 882 859 
602 18 896 895 570 
603 896 540 897 895 
604 895 897 566 898 
605 570 895 898 45 
606 900 18 901 899 
607 899 901 570 902 
608 33 912 911 543 
609 912 537 913 911 
610 911 913 540 896 
611 543 911 896 18 
612 915 543 916 914 
613 914 916 18 900 
614 887 922 920 921 
615 922 889 923 920 
616 884 926 924 925 
617 926 908 927 924 
618 924 927 907 928 
619 925 924 928 893 
620 889 934 933 923 
621 934 917 935 933 
622 937 900 938 936 
623 936 938 899 939 
624 930 946 944 945 
625 946 904 947 944 
626 944 947 931 948 
627 852 951 949 950 
628 951 930 945 949 
629 949 945 929 952 
630 950 949 952 909 
631 44 571 953 588 
632 571 45 954 953 
633 953 954 28 955 
634 588 953 955 46 
635 73 854 956 957 
636 854 569 958 956 
637 956 958 571 959 
638 957 956 959 44 
639 851 906 960 961 
640 906 853 962 960 
641 960 962 569 963 
642 961 960 963 854 
643 964 966 906 967 
644 965 964 967 851 
645 929 948 968 969 
646 948 931 970 968 
647 968 970 903 971 
648 969 968 971 932 
649 945 974 972 973 
650 974 944 975 972 
651 972 975 948 976 
652 973 972 976 929 
653 978 914 979 977 
654 977 979 900 937 
655 981 937 982 980 
656 980 982 936 983 
657 984 985 853 986 
658 966 984 986 906 
659 940 989 987 988 
660 989 942 990 987 
661 987 990 905 991 
662 988 987 991 943 
663 551 993 992 642 
664 993 636 871 992 
665 992 871 639 994 
666 642 992 994 50 
667 871 997 995 996 
668 997 870 998 995 
669 995 998 861 999 
670 996 995 999 639 
671 867 1002 1000 1001 
672 1002 869 1003 1000 
673 869 1006 1005 1003 
674 1006 887 921 1005 
675 921 1009 1007 1008 
676 1009 920 1010 1007 
677 1007 1010 908 926 
678 1008 1007 926 884 
679 917 1012 1011 935 
680 1012 919 1013 1011 
681 935 1016 1014 1015 
682 1016 1011 1017 1014 
683 1014 1017 941 1018 
684 1015 1014 1018 904 
685 919 1020 1019 1013 
686 1020 977 1021 1019 
687 1019 1021 937 981 
688 1013 1024 1022 1023 
689 1024 1019 1025 1022 
690 1022 1025 981 1026 
691 1023 1022 1026 544 
692 1029 1032 1027 1033 
693 1030 1029 1033 876 
694 638 1035 1034 873 
695 1035 867 1001 1034 
696 1001 1038 1036 1037 
697 1038 1000 1039 1036 
698 1036 1039 1004 1031 
699 1037 1036 1031 856 
700 1004 1041 1040 1032 
701 1041 34 1042 1040 
702 1040 1042 891 1043 
703 1032 1040 1043 1027 
704 1031 1046 1044 1045 
705 1046 1004 1047 1044 
706 1044 1047 1032 1048 
707 1045 1044 1048 1029 
708 870 1050 1049 998 
709 1050 873 1051 1049 
710 1049 1051 548 880 
711 998 1049 880 861 
712 548 1053 1052 881 
713 1053 875 1054 1052 
714 1052 1054 874 1055 
715 881 1052 1055 862 
716 880 1058 1056 1057 
717 1058 548 1059 1056 
718 1056 1059 881 1060 
719 1057 1056 1060 878 
720 875 1062 1061 1054 
721 1061 1030 876 1063 
722 1054 1061 1063 874 
723 1034 1066 1064 1065 
724 1066 1001 1037 1064 
725 1064 1037 856 1062 
726 1065 1064 1062 875 
727 1062 1069 1067 1068 
728 1069 856 1070 1067 
729 1067 1070 1030 1071 
730 1068 1067 1071 1061 
731 34 1073 1072 1042 
732 1073 892 1074 1072 
733 1072 1074 890 1075 
734 1042 1072 1075 891 
735 573 886 1076 1077 
736 886 851 961 1076 
737 1076 961 854 1078 
738 1077 1076 1078 73 
739 857 894 1079 1080 
740 1079 1081 886 1082 
741 1080 1079 1082 573 
742 890 1085 1083 1084 
743 1085 893 1086 1083 
744 1083 1086 883 1087 
745 1084 1083 1087 894 
746 909 952 1088 1089 
747 952 929 969 1088 
748 1089 1088 1090 885 
749 1091 965 851 1092 
750 1081 1091 1092 886 
751 885 1090 1093 1094 
752 1090 932 1095 1093 
753 1093 1095 964 1096 
754 1094 1093 1096 965 
755 1088 1099 1097 1098 
756 1099 969 1100 1097 
757 1097 1100 932 1101 
758 1098 1097 1101 1090 
759 569 902 1102 958 
760 902 570 1103 1102 
761 1102 1103 45 1104 
762 958 1102 1104 571 
763 853 939 1105 962 
764 939 899 1106 1105 
765 1105 1106 902 1107 
766 962 1105 1107 569 
767 983 936 1109 1108 
768 1108 1109 939 1110 
769 985 1108 1110 853 
770 943 991 1111 1112 
771 991 905 1113 1111 
772 1111 1113 985 1114 
773 1112 1111 1114 984 
774 903 1117 1115 1116 
775 1117 943 1112 1115 
776 1115 1112 984 1118 
777 1116 1115 1118 966 
778 1 1121 1119 1120 
779 1121 12 160 1119 
780 1119 160 10 62 
781 1120 1119 62 11 
782 16 1123 1122 519 
783 1123 2 1124 1122 
784 1122 1124 17 538 
785 519 1122 538 15 
786 20 94 1125 1126 
787 94 19 214 1125 
788 1125 214 22 1127 
789 1126 1125 1127 4 
790 10 1130 1128 1129 
791 1130 25 164 1128 
792 1128 164 23 66 
793 1129 1128 66 24 
794 28 568 1131 585 
795 568 29 1132 1131 
796 1131 1132 3 1133 
797 585 1131 1133 30 
798 32 1135 1134 522 
799 1135 15 1136 1134 
800 1134 1136 33 542 
801 522 1134 542 31 
802 36 97 1137 1138 
803 97 35 218 1137 
804 1137 218 38 1139 
805 1138 1137 1139 19 
806 23 1142 1140 1141 
807 1142 41 168 1140 
808 1140 168 39 70 
809 1141 1140 70 40 
810 48 1144 1143 525 
811 1144 31 1145 1143 
812 1143 1145 49 546 
813 525 1143 546 47 
814 52 100 1146 1147 
815 100 51 222 1146 
816 1146 222 54 1148 
817 1147 1146 1148 35 
818 70 1151 1149 1150 
819 1151 39 172 1149 
820 1149 172 56 112 
821 1150 1149 112 68 
822 72 574 1152 591 
823 574 73 957 1152 
824 1152 957 44 1153 
825 591 1152 1153 74 
826 56 1156 1154 1155 
827 1156 81 176 1154 
828 1154 176 79 116 
829 1155 1154 116 80 
830 89 1158 1157 390 
831 1158 58 530 1157 
832 1157 530 90 453 
833 390 1157 453 88 
834 98 135 1159 1160 
835 135 76 226 1159 
836 1159 226 51 1161 
837 1160 1159 1161 100 
838 102 138 1162 1163 
839 138 101 230 1162 
840 1162 230 104 1164 
841 1163 1162 1164 76 
842 116 1167 1165 1166 
843 1167 79 180 1165 
844 1165 180 106 141 
845 1166 1165 141 114 
846 121 484 1168 406 
847 484 122 597 1168 
848 1168 597 77 1169 
849 406 1168 1169 123 
850 136 154 1170 1171 
851 154 125 234 1170 
852 1170 234 101 1172 
853 1171 1170 1172 138 
854 183 1175 1173 1174 
855 1175 186 254 1173 
856 1173 254 128 201 
857 1174 1173 201 149 
858 188 1177 1176 393 
859 1177 88 1178 1176 
860 1176 1178 189 457 
861 393 1176 457 187 
862 204 487 1179 409 
863 487 205 1180 1179 
864 1179 1180 121 1181 
865 409 1179 1181 206 
866 158 245 1182 1183 
867 245 143 270 1182 
868 1182 270 239 1184 
869 1183 1182 1184 237 
870 250 1186 1185 260 
871 1186 196 296 1185 
872 1185 296 251 1187 
873 260 1185 1187 249 
874 265 1189 1188 276 
875 1189 267 317 1188 
876 1188 317 212 1190 
877 276 1188 1190 268 
878 279 341 1191 323 
879 341 191 362 1191 
880 1191 362 280 1192 
881 323 1191 1192 278 
882 248 1194 1193 294 
883 1194 289 338 1193 
884 1193 338 279 322 
885 294 1193 322 131 
886 300 1196 1195 327 
887 1196 301 377 1195 
888 1195 377 207 351 
889 327 1195 351 302 
890 145 328 1197 314 
891 328 302 350 1197 
892 1197 350 310 1198 
893 314 1197 1198 263 
894 329 463 1199 420 
895 463 331 1200 1199 
896 1199 1200 190 1201 
897 420 1199 1201 332 
898 332 1201 1202 435 
899 1201 190 1203 1202 
900 1202 1203 343 489 
901 435 1202 489 342 
902 397 467 1204 469 
903 467 329 1205 1204 
904 1204 1205 420 1206 
905 469 1204 1206 419 
906 400 1208 1207 432 
907 1208 422 472 1207 
908 1207 472 425 1209 
909 432 1207 1209 193 
910 434 1211 1210 478 
911 1211 435 1212 1210 
912 1210 1212 342 493 
913 478 1210 493 412 
914 208 1214 1213 446 
915 1214 440 497 1213 
916 1213 497 439 1215 
917 446 1213 1215 417 
918 449 1217 1216 532 
919 1217 84 629 1216 
920 1216 629 450 554 
921 532 1216 554 448 
922 479 580 1218 598 
923 580 480 666 1218 
924 1218 666 118 1219 
925 598 1218 1219 481 
926 502 1221 1220 536 
927 1221 448 1222 1220 
928 1220 1222 503 558 
929 536 1220 558 501 
930 505 583 1223 602 
931 583 506 1224 1223 
932 1223 1224 479 1225 
933 602 1223 1225 507 
934 15 1227 1226 1136 
935 1227 538 1228 1226 
936 1226 1228 537 912 
937 1136 1226 912 33 
938 31 1230 1229 1145 
939 1230 542 1231 1229 
940 1229 1231 541 865 
941 1145 1229 865 49 
942 542 1233 1232 1231 
943 1233 33 1234 1232 
944 1232 1234 543 915 
945 1231 1232 915 541 
946 47 1236 1235 627 
947 1236 546 1237 1235 
948 1235 1237 545 637 
949 627 1235 637 86 
950 546 1239 1238 1237 
951 1239 49 1240 1238 
952 1238 1240 547 868 
953 1237 1238 868 545 
954 550 1242 1241 631 
955 1242 86 1243 1241 
956 1241 1243 551 641 
957 631 1241 641 549 
958 45 898 1244 954 
959 898 566 1245 1244 
960 1244 1245 568 1246 
961 954 1244 1246 28 
962 572 858 1247 1248 
963 858 573 1077 1247 
964 1247 1077 73 1249 
965 1248 1247 1249 574 
966 119 655 1250 663 
967 655 572 1248 1250 
968 1250 1248 574 1251 
969 663 1250 1251 72 
970 575 658 1252 667 
971 658 576 1253 1252 
972 1252 1253 119 1254 
973 667 1252 1254 577 
974 86 1256 1255 1243 
975 1256 637 1257 1255 
976 1255 1257 636 993 
977 1243 1255 993 551 
978 637 1259 1258 1257 
979 1259 545 1260 1258 
980 1258 1260 638 872 
981 1257 1258 872 636 
982 549 1262 1261 680 
983 1262 641 1263 1261 
984 1261 1263 640 755 
985 680 1261 755 611 
986 50 994 1264 657 
987 994 639 860 1264 
988 1264 860 653 1265 
989 657 1264 1265 576 
990 576 1265 1266 1253 
991 1265 653 1267 1266 
992 1266 1267 655 1268 
993 1253 1266 1268 119 
994 614 772 1269 698 
995 772 656 1270 1269 
996 1269 1270 658 1271 
997 698 1269 1271 575 
998 611 1273 1272 760 
999 1273 755 1274 1272 
1000 1272 1274 754 829 
1001 760 1272 829 646 
1002 758 1276 1275 810 
1003 1276 760 1277 1275 
1004 1275 1277 646 833 
1005 810 1275 833 761 
1006 660 842 1278 775 
1007 842 770 1279 1278 
1008 1278 1279 772 1280 
1009 775 1278 1280 614 
1010 774 846 1281 821 
1011 846 660 1282 1281 
1012 1281 1282 775 1283 
1013 821 1281 1283 773 
1014 855 1028 1284 1285 
1015 1028 857 1080 1284 
1016 1284 1080 573 1286 
1017 1285 1284 1286 858 
1018 654 877 1287 1288 
1019 877 855 1285 1287 
1020 1287 1285 858 1289 
1021 1288 1287 1289 572 
1022 639 999 1290 1291 
1023 999 861 879 1290 
1024 1290 879 859 1292 
1025 1291 1290 1292 860 
1026 49 1294 1293 1240 
1027 1294 865 1295 1293 
1028 1293 1295 864 888 
1029 1240 1293 888 547 
1030 865 1297 1296 1295 
1031 1297 541 1298 1296 
1032 1296 1298 866 918 
1033 1295 1296 918 864 
1034 545 1300 1299 1260 
1035 1300 868 1301 1299 
1036 1299 1301 867 1035 
1037 1260 1299 1035 638 
1038 868 1303 1302 1301 
1039 1303 547 1304 1302 
1040 1302 1304 869 1002 
1041 1301 1302 1002 867 
1042 547 1306 1305 1304 
1043 1306 888 1307 1305 
1044 1305 1307 887 1006 
1045 1304 1305 1006 869 
1046 888 1309 1308 1307 
1047 1309 864 1310 1308 
1048 1308 1310 889 922 
1049 1307 1308 922 887 
1050 892 1312 1311 1074 
1051 1312 884 925 1311 
1052 1311 925 893 1085 
1053 1074 1311 1085 890 
1054 891 1075 1313 1314 
1055 1075 890 1084 1313 
1056 1313 1084 894 1315 
1057 1314 1313 1315 857 
1058 908 1317 1316 927 
1059 1317 852 950 1316 
1060 1316 950 909 1318 
1061 927 1316 1318 907 
1062 907 1318 1319 1320 
1063 1318 909 1089 1319 
1064 1319 1089 885 1321 
1065 1320 1319 1321 910 
1066 893 928 1322 1086 
1067 928 907 1320 1322 
1068 1322 1320 910 1323 
1069 1086 1322 1323 883 
1070 541 1325 1324 1298 
1071 1325 915 1326 1324 
1072 1324 1326 914 978 
1073 1298 1324 978 866 
1074 864 1328 1327 1310 
1075 1328 918 1329 1327 
1076 1327 1329 917 934 
1077 1310 1327 934 889 
1078 918 1331 1330 1329 
1079 1331 866 1332 1330 
1080 1330 1332 919 1012 
1081 1329 1330 1012 917 
1082 920 1334 1333 1010 
1083 1334 923 1335 1333 
1084 1333 1335 852 1317 
1085 1010 1333 1317 908 
1086 933 1338 1336 1337 
1087 1338 935 1015 1336 
1088 1336 1015 904 946 
1089 1337 1336 946 930 
1090 923 1340 1339 1335 
1091 1340 933 1337 1339 
1092 1339 1337 930 951 
1093 1335 1339 951 852 
1094 904 1018 1341 947 
1095 1018 941 1342 1341 
1096 1341 1342 940 1343 
1097 947 1341 1343 931 
1098 941 1345 1344 1342 
1099 1345 544 1346 1344 
1100 1344 1346 942 989 
1101 1342 1344 989 940 
1102 931 1343 1347 970 
1103 1343 940 988 1347 
1104 1347 988 943 1117 
1105 970 1347 1117 903 
1106 932 971 1348 1095 
1107 971 903 1116 1348 
1108 1348 1116 966 1349 
1109 1095 1348 1349 964 
1110 866 1351 1350 1332 
1111 1351 978 1352 1350 
1112 1350 1352 977 1020 
1113 1332 1350 1020 919 
1114 544 1026 1353 1346 
1115 1026 981 1354 1353 
1116 1353 1354 980 1355 
1117 1346 1353 1355 942 
1118 942 1355 1356 990 
1119 1355 980 1357 1356 
1120 1356 1357 983 1358 
1121 990 1356 1358 905 
1122 1000 1360 1359 1039 
1123 1360 1003 1361 1359 
1124 1359 1361 34 1041 
1125 1039 1359 1041 1004 
1126 1005 1364 1362 1363 
1127 1364 921 1008 1362 
1128 1362 1008 884 1312 
1129 1363 1362 1312 892 
1130 1003 1366 1365 1361 
1131 1366 1005 1363 1365 
1132 1365 1363 892 1073 
1133 1361 1365 1073 34 
1134 1011 1368 1367 1017 
1135 1368 1013 1023 1367 
1136 1367 1023 544 1345 
1137 1017 1367 1345 941 
1138 1027 1043 1369 1370 
1139 1043 891 1314 1369 
1140 1369 1314 857 1371 
1141 1370 1369 1371 1028 
1142 876 1033 1372 1373 
1143 1033 1027 1370 1372 
1144 1372 1370 1028 1374 
1145 1373 1372 1374 855 
1146 856 1376 1375 1070 
1147 1376 1031 1045 1375 
1148 1375 1045 1029 1377 
1149 1070 1375 1377 1030 
1150 873 1379 1378 1051 
1151 1379 1034 1065 1378 
1152 1378 1065 875 1053 
1153 1051 1378 1053 548 
1154 910 1321 1380 1381 
1155 1321 885 1094 1380 
1156 1380 1094 965 1382 
1157 1381 1380 1382 1091 
1158 905 1358 1383 1113 
1159 1358 983 1384 1383 
1160 1383 1384 1108 1385 
1161 1113 1383 1385 985 
1162 653 863 1386 1267 
1163 863 654 1288 1386 
1164 1386 1288 572 1387 
1165 1267 1386 1387 655 
1166 874 1063 1388 1389 
1167 1063 876 1373 1388 
1168 1388 1373 855 1390 
1169 1389 1388 1390 877 
1170 862 1055 1391 1392 
1171 1055 874 1389 1391 
1172 1391 1389 877 1393 
1173 1392 1391 1393 654 
1174 883 1323 1394 1395 
1175 1323 910 1381 1394 
1176 1394 1381 1091 1396 
1177 1395 1394 1396 1081 
1178 859 882 1397 1398 
1179 882 862 1392 1397 
1180 1397 1392 654 1399 
1181 1398 1397 1399 863 
1182 860 1292 1400 1401 
1183 1292 859 1398 1400 
1184 1400 1398 863 1402 
1185 1401 1400 1402 653 
1186 894 1087 1403 1404 
1187 1087 883 1395 1403 
1188 1403 1395 1081 1405 
1189 1404 1403 1405 1079 
