2 0.000000 100.000000 262.180540
2090 1834 
1 -11.368037 0.000000 -11.842658 99.756255 0.000013 6.975592 0.000003 
2 13.641644 0.000000 -11.842658 99.756340 0.000107 6.973996 0.000004 
3 13.641644 0.000000 11.842658 99.756704 -0.000120 6.973407 -0.000003 
4 -11.368037 0.000000 11.842658 99.756570 -0.000014 6.975605 -0.000003 
5 1.136804 0.000000 0.000000 101.751094 -0.006646 6.582393 -0.039661 
6 -11.368037 0.000000 0.000000 99.756389 -0.000001 6.975694 0.000000 
7 1.136804 0.000000 -11.842658 99.755885 0.000059 6.974755 0.000012 
8 13.641644 0.000000 0.000000 99.783271 0.003540 6.590536 -0.000014 
9 1.136804 0.000000 11.842658 99.757122 -0.000061 6.974650 -0.000013 
10 -5.115617 0.000000 -5.921329 99.755767 0.000025 6.975403 0.000013 
11 -11.368037 0.000000 -5.921329 99.756265 0.000008 6.975641 0.000003 
12 -5.115617 0.000000 -11.842658 99.756056 0.000027 6.975387 0.000007 
13 1.136804 0.000000 -5.921329 99.754528 0.000120 6.972249 0.000042 
14 -5.115617 0.000000 0.000000 99.756198 0.000000 6.975913 0.000004 
15 7.389224 0.000000 -5.921329 99.756086 0.000221 6.969091 0.000016 
16 7.389224 0.000000 -11.842658 99.756108 0.000092 6.974132 0.000008 
17 13.641644 0.000000 -5.921329 99.756645 0.000230 6.969570 0.000004 
18 7.389224 0.000000 0.000000 99.855666 0.040489 5.550594 -0.000196 
19 -5.115617 0.000000 5.921329 99.757039 -0.000026 6.975547 -0.000013 
20 -11.368037 0.000000 5.921329 99.756536 -0.000009 6.975662 -0.000003 
21 1.136804 0.000000 5.921329 99.759342 -0.000112 6.971740 -0.000053 
22 -5.115617 0.000000 11.842658 99.756823 -0.000029 6.975408 -0.000008 
23 -1.989406 0.000000 -2.960664 99.753353 0.000055 6.974379 0.000063 
24 -5.115617 0.000000 -2.960664 99.755727 0.000016 6.975622 0.000014 
25 -1.989406 0.000000 -5.921329 99.755024 0.000053 6.974544 0.000029 
26 1.136804 0.000000 -2.960664 99.752818 0.000058 6.961393 0.000091 
27 -1.989406 0.000000 0.000000 99.753576 0.000065 6.976963 0.000055 
28 7.389224 0.000000 5.921329 99.757583 -0.000229 6.966795 -0.000011 
29 13.641644 0.000000 5.921329 99.757248 -0.000271 6.964964 -0.000002 
30 7.389224 0.000000 11.842658 99.756914 -0.000098 6.973786 -0.000008 
31 4.263014 0.000000 -2.960664 99.755645 0.000603 6.951086 0.000049 
32 4.263014 0.000000 -5.921329 99.755181 0.000191 6.969817 0.000033 
33 7.389224 0.000000 -2.960664 99.757260 0.000495 6.951148 0.000017 
34 4.263014 0.000000 0.000000 100.004110 -0.091412 3.366825 -0.001217 
35 -1.989406 0.000000 2.960664 99.758821 -0.000046 6.975656 -0.000048 
36 -5.115617 0.000000 2.960664 99.756853 -0.000016 6.975805 -0.000009 
37 1.136804 0.000000 2.960664 99.768842 -0.000294 6.960307 -0.000227 
38 -1.989406 0.000000 5.921329 99.758070 -0.000052 6.974848 -0.000032 
39 -0.426301 0.000000 -1.480332 99.734466 -0.001840 6.956395 0.000464 
40 -1.989406 0.000000 -1.480332 99.751529 0.001005 6.976206 0.000097 
41 -0.426301 0.000000 -2.960664 99.745257 0.003745 6.971726 0.000228 
42 1.136804 0.000000 -1.480332 99.724645 0.001710 6.917602 0.000714 
43 -0.426301 0.000000 0.000000 99.982597 -0.066177 7.038674 -0.004607 
44 4.263014 0.000000 2.960664 99.759911 -0.000283 6.941124 -0.000022 
45 7.389224 0.000000 2.960664 99.759633 -0.000505 6.934042 -0.000007 
46 4.263014 0.000000 5.921329 99.758452 -0.000186 6.968345 -0.000031 
47 2.699909 0.000000 -1.480332 99.749512 0.001742 6.883764 0.000265 
48 2.699909 0.000000 -2.960664 99.754099 0.000422 6.955244 0.000074 
49 4.263014 0.000000 -1.480332 99.758678 0.001472 6.878623 0.000089 
50 2.699909 0.000000 0.000000 100.127781 0.041482 2.198349 -0.003041 
51 -0.426301 0.000000 1.480332 99.763181 -0.000789 6.980448 -0.000142 
52 -1.989406 0.000000 1.480332 99.757212 -0.000158 6.975926 -0.000016 
53 1.136804 0.000000 1.480332 99.783345 -0.004381 6.921589 -0.000462 
54 -0.426301 0.000000 2.960664 99.761115 -0.007571 6.971976 -0.000089 
55 0.355251 0.000000 -0.740166 99.715268 0.023509 6.739977 0.001144 
56 -0.426301 0.000000 -0.740166 99.677806 0.015979 6.986832 0.001552 
57 0.355251 0.000000 -1.480332 99.744764 -0.000262 6.932726 0.000292 
58 1.136804 0.000000 -0.740166 99.730577 -0.011102 6.813535 0.000739 
59 0.355251 0.000000 0.000000 69.791269 -0.013011 0.047350 0.512918 
60 -8.241827 0.000000 -2.960664 99.756184 0.000007 6.975679 0.000004 
61 -11.368037 0.000000 -2.960664 99.756312 0.000004 6.975674 0.000002 
62 -8.241827 0.000000 -5.921329 99.756121 0.000013 6.975597 0.000006 
63 -8.241827 0.000000 0.000000 99.756354 -0.000001 6.975741 0.000001 
64 -3.552511 0.000000 -1.480332 99.755183 0.000017 6.975851 0.000024 
65 -5.115617 0.000000 -1.480332 99.755885 0.000009 6.975792 0.000010 
66 -3.552511 0.000000 -2.960664 99.755035 0.000028 6.975407 0.000028 
67 -3.552511 0.000000 0.000000 99.755909 0.000003 6.976176 0.000009 
68 -1.207854 0.000000 -0.740166 99.745631 0.002791 6.979750 0.000209 
69 -1.989406 0.000000 -0.740166 99.753960 -0.000354 6.969347 0.000058 
70 -1.207854 0.000000 -1.480332 99.746018 -0.000102 6.971909 0.000212 
71 -1.207854 0.000000 0.000000 99.752067 -0.000297 6.979196 0.000082 
72 2.699909 0.000000 1.480332 99.764758 -0.000250 6.838796 0.000022 
73 4.263014 0.000000 1.480332 99.765260 -0.000668 6.819032 0.000039 
74 2.699909 0.000000 2.960664 99.763241 -0.000269 6.946277 -0.000095 
75 0.355251 0.000000 0.740166 99.901166 -0.021362 6.980749 -0.002897 
76 -0.426301 0.000000 0.740166 99.763408 -0.040533 6.975817 -0.000140 
77 1.136804 0.000000 0.740166 99.870796 0.023785 6.790533 -0.002029 
78 0.355251 0.000000 1.480332 99.790831 -0.000778 6.965994 -0.000674 
79 -0.035525 0.000000 -0.370083 98.935356 0.008459 6.949396 0.016350 
80 -0.426301 0.000000 -0.370083 99.740929 0.001932 7.056160 0.000196 
81 -0.035525 0.000000 -0.740166 99.587379 0.022772 6.872334 0.003512 
82 0.355251 0.000000 -0.370083 100.157865 0.079824 5.823895 -0.006552 
83 -0.035525 0.000000 0.000000 167.408484 -0.075975 7.304789 -1.807897 
84 1.918356 0.000000 -0.740166 99.740550 0.001614 6.635976 0.000779 
85 1.918356 0.000000 -1.480332 99.757307 -0.005603 6.903909 0.000082 
86 2.699909 0.000000 -0.740166 99.758955 0.014653 6.616877 0.000437 
87 1.918356 0.000000 0.000000 101.394179 -0.006276 3.866784 -0.029573 
88 0.746027 0.000000 -0.370083 99.695785 0.037367 6.453237 0.001910 
89 0.746027 0.000000 -0.740166 99.713244 0.007097 6.832217 0.001059 
90 1.136804 0.000000 -0.370083 99.757781 -0.033559 6.335056 0.000825 
91 0.746027 0.000000 0.000000 101.902254 -0.001372 6.517877 -0.042655 
92 -8.241827 0.000000 2.960664 99.756553 -0.000009 6.975723 -0.000003 
93 -11.368037 0.000000 2.960664 99.756473 -0.000005 6.975688 -0.000001 
94 -8.241827 0.000000 5.921329 99.756671 -0.000015 6.975650 -0.000005 
95 -3.552511 0.000000 1.480332 99.756810 -0.000014 6.976175 -0.000009 
96 -5.115617 0.000000 1.480332 99.756566 -0.000009 6.975912 -0.000004 
97 -3.552511 0.000000 2.960664 99.757358 -0.000025 6.975853 -0.000019 
98 -1.207854 0.000000 0.740166 99.757578 -0.000370 6.976965 -0.000025 
99 -1.989406 0.000000 0.740166 99.757262 -0.003494 6.982009 -0.000026 
100 -1.207854 0.000000 1.480332 99.758246 -0.000310 6.977463 -0.000039 
101 -0.035525 0.000000 0.370083 99.411674 -0.131538 6.802604 0.007103 
102 -0.426301 0.000000 0.370083 99.804391 -0.015546 6.903754 -0.000858 
103 0.355251 0.000000 0.370083 100.596565 -0.044023 7.048230 -0.016935 
104 -0.035525 0.000000 0.740166 99.766240 -0.019483 7.008982 -0.000243 
105 0.159863 0.000000 -0.185042 97.341545 -0.070712 0.602934 0.052426 
106 -0.035525 0.000000 -0.185042 96.959432 0.234149 9.759854 0.050356 
107 0.159863 0.000000 -0.370083 99.044433 0.083837 5.816634 0.015636 
108 0.355251 0.000000 -0.185042 101.447732 0.144836 3.205526 -0.030194 
109 0.159863 0.000000 0.000000 118.266921 0.136677 0.151265 -0.398711 
110 -0.817078 0.000000 -0.370083 99.747535 -0.003484 6.986848 0.000161 
111 -1.207854 0.000000 -0.370083 99.747647 -0.000219 6.978778 0.000170 
112 -0.817078 0.000000 -0.740166 99.734293 0.003379 6.978936 0.000437 
113 -0.817078 0.000000 0.000000 99.766742 -0.015637 6.995841 -0.000234 
114 -0.230913 0.000000 -0.185042 100.225079 -0.010073 7.461378 -0.010074 
115 -0.426301 0.000000 -0.185042 99.870301 -0.058347 7.093741 -0.002440 
116 -0.230913 0.000000 -0.370083 99.464823 0.053154 7.286861 0.005365 
117 -0.230913 0.000000 0.000000 101.258288 -0.079986 7.080876 -0.030339 
118 1.918356 0.000000 0.740166 99.861813 -0.004955 6.468508 -0.001422 
119 2.699909 0.000000 0.740166 99.746481 0.031520 6.447111 0.000907 
120 1.918356 0.000000 1.480332 99.787780 -0.019200 6.859478 -0.000465 
121 0.746027 0.000000 0.370083 99.833572 -0.015763 6.254767 -0.000586 
122 1.136804 0.000000 0.370083 99.939399 -0.027838 6.438505 -0.002934 
123 0.746027 0.000000 0.740166 99.840031 -0.019016 6.798028 -0.001425 
124 0.159863 0.000000 0.185042 99.031522 -0.291121 10.300860 0.008657 
125 -0.035525 0.000000 0.185042 98.331731 -0.004574 3.987824 0.031497 
126 0.355251 0.000000 0.185042 102.271651 -0.054998 6.172009 -0.049759 
127 0.159863 0.000000 0.370083 99.657502 -0.093019 7.447227 0.001291 
128 0.062169 0.000000 -0.092521 83.794614 0.074081 -4.693509 0.295643 
129 -0.035525 0.000000 -0.092521 102.078998 0.115263 25.622560 -0.107665 
130 0.062169 0.000000 -0.185042 95.159624 0.103941 4.473572 0.092462 
131 0.159863 0.000000 -0.092521 97.498418 -0.039950 -13.032836 0.032420 
132 0.062169 0.000000 0.000000 199.245806 0.011279 0.782396 -2.969950 
133 -0.817078 0.000000 0.370083 99.766270 -0.011050 6.979700 -0.000202 
134 -1.207854 0.000000 0.370083 99.754409 -0.000356 6.978279 0.000036 
135 -0.817078 0.000000 0.740166 99.757951 -0.001386 6.975610 -0.000031 
136 -0.230913 0.000000 0.185042 100.445879 -0.069059 6.606592 -0.013303 
137 -0.426301 0.000000 0.185042 99.917407 0.000268 6.926592 -0.003147 
138 -0.230913 0.000000 0.370083 99.696322 -0.043225 6.692969 0.001585 
139 -0.133219 0.000000 -0.092521 103.189278 -0.026963 9.816448 -0.074439 
140 -0.230913 0.000000 -0.092521 100.805442 -0.056920 7.554971 -0.021882 
141 -0.133219 0.000000 -0.185042 99.808592 -0.135719 8.881920 -0.004066 
142 -0.133219 0.000000 0.000000 106.637530 0.057615 7.274041 -0.142448 
143 0.062169 0.000000 0.092521 88.460113 -0.007693 11.553914 0.204132 
144 -0.035525 0.000000 0.092521 104.444616 0.035943 -10.712963 -0.102345 
145 0.159863 0.000000 0.092521 101.196487 -0.025369 13.786169 -0.043079 
146 0.062169 0.000000 0.185042 97.040436 -0.100095 7.829487 0.052184 
147 0.013322 0.000000 -0.046260 69.523683 0.170649 -13.550572 0.498281 
148 -0.035525 0.000000 -0.046260 144.468248 -0.028773 38.151802 -1.232664 
149 0.013322 0.000000 -0.092521 74.160981 0.005991 11.547424 0.436681 
150 0.062169 0.000000 -0.046260 196.609534 0.055308 -19.342332 -2.902944 
151 0.013322 0.000000 0.000000 249.683175 0.003534 3.657762 -5.235507 
152 -0.133219 0.000000 0.092521 103.655653 -0.100680 4.602356 -0.076569 
153 -0.230913 0.000000 0.092521 100.943719 -0.091847 6.573372 -0.023285 
154 -0.133219 0.000000 0.185042 100.319274 -0.170446 5.225641 -0.009129 
155 0.013322 0.000000 0.046260 77.455486 -0.155286 15.346992 0.376509 
156 -0.035525 0.000000 0.046260 144.313941 -0.085372 -22.057475 -1.131305 
157 0.062169 0.000000 0.046260 194.957366 -0.003134 20.178109 -2.841553 
158 0.013322 0.000000 0.092521 80.340340 -0.142089 -0.686036 0.354494 
159 -1.989406 0.000000 -8.881993 99.755647 0.000047 6.974902 0.000016 
160 -5.115617 0.000000 -8.881993 99.755926 0.000027 6.975362 0.000010 
161 -1.989406 0.000000 -11.842658 99.755934 0.000041 6.975129 0.000010 
162 1.136804 0.000000 -8.881993 99.755508 0.000078 6.974086 0.000020 
163 -0.426301 0.000000 -4.440997 99.753577 0.000096 6.972460 0.000061 
164 -1.989406 0.000000 -4.440997 99.754410 0.000056 6.974347 0.000042 
165 -0.426301 0.000000 -5.921329 99.754659 0.000081 6.973561 0.000038 
166 1.136804 0.000000 -4.440997 99.760689 0.000155 6.968590 -0.000076 
167 0.355251 0.000000 -2.220498 99.752140 0.009131 6.955017 0.000114 
168 -0.426301 0.000000 -2.220498 99.747278 -0.000066 6.964263 0.000198 
169 0.355251 0.000000 -2.960664 99.758845 0.006066 6.964360 -0.000033 
170 1.136804 0.000000 -2.220498 99.762058 0.002779 6.948271 -0.000075 
171 -0.035525 0.000000 -1.110249 99.708393 0.012228 6.920050 0.001035 
172 -0.426301 0.000000 -1.110249 99.726308 0.001144 6.950195 0.000636 
173 -0.035525 0.000000 -1.480332 99.719163 0.000511 6.950853 0.000777 
174 0.355251 0.000000 -1.110249 99.734833 0.017684 6.889770 0.000549 
175 0.159863 0.000000 -0.555125 99.592458 0.058412 6.529036 0.003871 
176 -0.035525 0.000000 -0.555125 99.467919 0.054079 6.824476 0.005956 
177 0.159863 0.000000 -0.740166 99.624352 0.026330 6.768673 0.002917 
178 0.355251 0.000000 -0.555125 99.712567 0.042179 6.522535 0.001486 
179 0.062169 0.000000 -0.277562 97.117326 0.157601 5.904080 0.053334 
180 -0.035525 0.000000 -0.277562 98.022269 0.026440 7.559285 0.033449 
181 0.062169 0.000000 -0.370083 98.694484 0.030155 6.384548 0.021864 
182 0.159863 0.000000 -0.277562 98.563399 0.257708 4.412493 0.026572 
183 0.013322 0.000000 -0.138781 91.794126 0.082804 8.847049 0.149556 
184 -0.035525 0.000000 -0.138781 97.452843 0.207472 13.116007 0.033087 
185 0.013322 0.000000 -0.185042 95.223859 0.211972 7.554995 0.087529 
186 0.062169 0.000000 -0.138781 92.426305 0.098361 2.111754 0.145291 
187 0.550639 0.000000 -0.185042 101.370105 -0.005142 4.326400 -0.029462 
188 0.550639 0.000000 -0.370083 99.949005 0.052080 6.484777 -0.003186 
189 0.746027 0.000000 -0.185042 101.993198 0.005346 4.848434 -0.042612 
190 0.550639 0.000000 0.000000 101.377232 -0.009230 6.490445 -0.031947 
191 0.257557 0.000000 -0.092521 101.377522 0.019761 -10.008689 -0.037758 
192 0.257557 0.000000 -0.185042 100.002580 -0.018127 1.308639 -0.000223 
193 0.355251 0.000000 -0.092521 104.592307 0.089968 -4.288664 -0.095795 
194 0.257557 0.000000 0.000000 83.991912 -0.042663 0.061626 0.294535 
195 0.111016 0.000000 -0.046260 147.018188 -0.004596 -13.805177 -1.180493 
196 0.111016 0.000000 -0.092521 90.155993 -0.006483 -14.953398 0.164829 
197 0.159863 0.000000 -0.046260 117.060362 0.119390 -8.602249 -0.377714 
198 0.111016 0.000000 0.000000 150.299738 -0.020277 0.215784 -1.259006 
199 0.037745 0.000000 -0.069391 70.624240 0.168665 -13.590960 0.482747 
200 0.013322 0.000000 -0.069391 69.514640 0.176709 -13.167080 0.499431 
201 0.037745 0.000000 -0.092521 80.949131 0.051651 -0.429783 0.344705 
202 0.062169 0.000000 -0.069391 76.099972 0.116620 -14.487448 0.399889 
203 0.037745 0.000000 -0.046260 70.137795 0.169538 -13.670576 0.489378 
204 0.550639 0.000000 0.185042 101.383000 -0.019723 4.332129 -0.029728 
205 0.746027 0.000000 0.185042 102.027382 -0.007910 4.848082 -0.043309 
206 0.550639 0.000000 0.370083 100.180733 -0.058331 6.241330 -0.007514 
207 0.257557 0.000000 0.092521 104.027874 -0.045629 10.526323 -0.093260 
208 0.355251 0.000000 0.092521 106.050700 0.000082 4.609873 -0.126800 
209 0.257557 0.000000 0.185042 101.287867 -0.234783 8.648837 -0.033409 
210 0.111016 0.000000 0.046260 146.765154 -0.041120 14.075904 -1.173814 
211 0.159863 0.000000 0.046260 117.012008 0.078654 8.785097 -0.376899 
212 0.111016 0.000000 0.092521 94.848595 -0.066745 15.991012 0.074803 
213 -1.989406 0.000000 8.881993 99.757375 -0.000048 6.974945 -0.000018 
214 -5.115617 0.000000 8.881993 99.756950 -0.000029 6.975427 -0.000011 
215 1.136804 0.000000 8.881993 99.757689 -0.000079 6.973905 -0.000023 
216 -1.989406 0.000000 11.842658 99.757011 -0.000043 6.975117 -0.000011 
217 -0.426301 0.000000 4.440997 99.760356 -0.000085 6.973215 -0.000075 
218 -1.989406 0.000000 4.440997 99.758545 -0.000052 6.975029 -0.000042 
219 1.136804 0.000000 4.440997 99.766697 -0.000131 6.969237 -0.000196 
220 -0.426301 0.000000 5.921329 99.758857 -0.000077 6.973727 -0.000046 
221 0.355251 0.000000 2.220498 99.773653 0.000155 6.968627 -0.000334 
222 -0.426301 0.000000 2.220498 99.764532 -0.000366 6.975248 -0.000162 
223 1.136804 0.000000 2.220498 99.789346 -0.008184 6.951391 -0.000624 
224 0.355251 0.000000 2.960664 99.775678 -0.002414 6.969277 -0.000376 
225 -0.035525 0.000000 1.110249 99.777896 -0.020377 6.990518 -0.000450 
226 -0.426301 0.000000 1.110249 99.764953 -0.002147 6.985356 -0.000184 
227 0.355251 0.000000 1.110249 99.817059 -0.019844 6.972583 -0.001206 
228 -0.035525 0.000000 1.480332 99.760256 -0.008400 6.970629 -0.000070 
229 0.159863 0.000000 0.555125 99.856024 -0.078790 7.140862 -0.002222 
230 -0.035525 0.000000 0.555125 99.670165 -0.014627 7.002573 0.001682 
231 0.355251 0.000000 0.555125 99.975724 -0.064050 6.986004 -0.004395 
232 0.159863 0.000000 0.740166 99.825404 -0.022917 7.029858 -0.001453 
233 0.062169 0.000000 0.277562 98.077580 -0.025470 7.341652 0.032689 
234 -0.035525 0.000000 0.277562 98.734472 -0.066568 6.174931 0.021337 
235 0.159863 0.000000 0.277562 99.493963 -0.043315 8.249065 0.003290 
236 0.062169 0.000000 0.370083 99.266659 -0.151146 7.134668 0.009520 
237 0.013322 0.000000 0.138781 94.597791 -0.030351 3.760911 0.103711 
238 -0.035525 0.000000 0.138781 99.297203 0.104218 0.818539 0.013938 
239 0.062169 0.000000 0.138781 95.309521 -0.111126 8.802766 0.083859 
240 0.013322 0.000000 0.185042 96.964230 0.030538 5.554754 0.056708 
241 0.037745 0.000000 0.069391 78.212773 -0.071721 15.538231 0.364132 
242 0.013322 0.000000 0.069391 77.383000 -0.151745 15.415281 0.377422 
243 0.037745 0.000000 0.046260 77.887120 -0.062744 15.435268 0.369535 
244 0.062169 0.000000 0.069391 82.798497 -0.084294 16.165870 0.288307 
245 0.037745 0.000000 0.092521 86.277722 -0.108824 8.760925 0.247939 
246 0.111016 0.000000 -0.138781 95.321739 0.041496 -1.312394 0.091204 
247 0.111016 0.000000 -0.185042 96.096100 0.029835 2.126506 0.076102 
248 0.159863 0.000000 -0.138781 97.558800 -0.189358 -2.872493 0.047399 
249 0.086592 0.000000 -0.069391 89.334585 -0.091067 -14.661216 0.180437 
250 0.086592 0.000000 -0.092521 89.758782 -0.111916 -14.890826 0.172161 
251 0.111016 0.000000 -0.069391 90.142565 0.002373 -14.706559 0.165804 
252 0.086592 0.000000 -0.046260 169.789564 0.015778 -17.724256 -1.914265 
253 0.086592 0.000000 -0.115651 91.977839 0.101546 -3.412678 0.152842 
254 0.062169 0.000000 -0.115651 89.259254 0.114118 -0.525733 0.203250 
255 0.086592 0.000000 -0.138781 93.911485 0.055728 0.019661 0.118063 
256 0.111016 0.000000 -0.115651 94.376523 0.035783 -4.731049 0.107069 
257 0.074381 0.000000 -0.080956 86.006650 -0.042057 -14.724644 0.238604 
258 0.062169 0.000000 -0.080956 74.080369 0.146130 -14.441684 0.430352 
259 0.074381 0.000000 -0.092521 84.951961 0.065867 -8.453728 0.271169 
260 0.086592 0.000000 -0.080956 89.442340 -0.083743 -14.688031 0.178432 
261 0.074381 0.000000 -0.069391 83.420060 0.002064 -14.666346 0.282599 
262 0.111016 0.000000 0.138781 97.925791 -0.109759 11.036053 0.028873 
263 0.159863 0.000000 0.138781 99.907757 -0.329562 11.536427 -0.011476 
264 0.111016 0.000000 0.185042 97.939404 -0.143990 9.427676 0.031897 
265 0.086592 0.000000 0.069391 94.312801 -0.030954 15.936014 0.085114 
266 0.086592 0.000000 0.046260 169.034280 -0.009792 18.051458 -1.889844 
267 0.111016 0.000000 0.069391 94.783634 -0.081126 16.035345 0.075892 
268 0.086592 0.000000 0.092521 94.713463 -0.031244 15.967960 0.077438 
269 0.086592 0.000000 0.115651 95.362158 -0.061864 11.987795 0.076235 
270 0.062169 0.000000 0.115651 92.916178 -0.080393 10.012312 0.126633 
271 0.111016 0.000000 0.115651 97.541972 -0.060846 12.556537 0.032789 
272 0.086592 0.000000 0.138781 96.652366 -0.107732 10.260550 0.055303 
273 0.074381 0.000000 0.080956 91.475336 -0.037932 15.926746 0.137860 
274 0.062169 0.000000 0.080956 81.057147 -0.092617 16.058101 0.317187 
275 0.074381 0.000000 0.069391 89.225453 -0.047289 15.957991 0.178416 
276 0.086592 0.000000 0.080956 94.388189 -0.034327 15.946717 0.083657 
277 0.074381 0.000000 0.092521 89.484198 -0.046901 14.494849 0.178248 
278 0.208710 0.000000 -0.046260 96.459388 -0.028520 -5.325584 0.066722 
279 0.208710 0.000000 -0.092521 98.789420 -0.063614 -12.552179 0.008309 
280 0.257557 0.000000 -0.046260 83.101948 0.010890 -4.109154 0.307718 
281 0.208710 0.000000 0.000000 97.628348 0.067879 0.117503 0.046869 
282 0.135439 0.000000 -0.069391 90.846551 0.061542 -15.063572 0.151999 
283 0.135439 0.000000 -0.092521 92.147702 0.041430 -14.682960 0.129321 
284 0.159863 0.000000 -0.069391 97.814199 -0.032085 -13.070811 0.026154 
285 0.135439 0.000000 -0.046260 130.529361 0.103833 -10.855176 -0.715576 
286 0.257557 0.000000 -0.277562 99.804722 0.129751 4.339960 0.002017 
287 0.257557 0.000000 -0.370083 99.702449 0.073949 5.605715 0.002799 
288 0.355251 0.000000 -0.277562 100.357521 0.096984 5.191027 -0.009859 
289 0.208710 0.000000 -0.138781 99.136403 -0.141191 -3.206370 0.016167 
290 0.208710 0.000000 -0.185042 98.633897 0.025975 0.489038 0.027111 
291 0.257557 0.000000 -0.138781 100.314772 0.152017 -2.629119 -0.006999 
292 0.135439 0.000000 -0.115651 95.684165 -0.008824 -5.435177 0.081500 
293 0.135439 0.000000 -0.138781 96.570486 -0.097917 -2.188525 0.066934 
294 0.159863 0.000000 -0.115651 97.014281 -0.148611 -6.290952 0.054863 
295 0.123228 0.000000 -0.080956 90.301901 0.051485 -14.862866 0.162466 
296 0.111016 0.000000 -0.080956 90.140210 0.010577 -14.789348 0.165602 
297 0.123228 0.000000 -0.092521 90.109270 0.069033 -14.941957 0.165705 
298 0.135439 0.000000 -0.080956 92.085323 0.044817 -14.910475 0.129797 
299 0.123228 0.000000 -0.069391 90.130409 0.034867 -14.947133 0.165309 
300 0.208710 0.000000 0.046260 96.464996 -0.050365 5.510831 0.066413 
301 0.257557 0.000000 0.046260 83.118642 -0.055571 4.198346 0.307366 
302 0.208710 0.000000 0.092521 102.135298 -0.109573 13.239210 -0.060691 
303 0.135439 0.000000 0.069391 95.321582 -0.121275 16.068225 0.065559 
304 0.135439 0.000000 0.046260 130.207046 -0.076030 11.100923 -0.707711 
305 0.159863 0.000000 0.069391 101.496295 0.001603 13.823153 -0.049258 
306 0.135439 0.000000 0.092521 96.484359 -0.091750 15.640953 0.044612 
307 0.257557 0.000000 0.277562 100.626009 -0.143378 7.870938 -0.018757 
308 0.355251 0.000000 0.277562 100.983397 -0.160959 6.710997 -0.024271 
309 0.257557 0.000000 0.370083 100.251793 -0.103984 7.431356 -0.010566 
310 0.208710 0.000000 0.138781 101.258338 -0.291035 10.919783 -0.037258 
311 0.257557 0.000000 0.138781 102.137580 0.041808 9.599118 -0.052423 
312 0.208710 0.000000 0.185042 100.151769 -0.169590 9.870310 -0.012783 
313 0.135439 0.000000 0.115651 98.734859 -0.122264 12.530073 0.009441 
314 0.159863 0.000000 0.115651 99.864482 -0.268578 12.646856 -0.013293 
315 0.135439 0.000000 0.138781 99.037461 -0.227997 11.369406 0.006227 
316 0.123228 0.000000 0.080956 94.842767 -0.120326 16.014659 0.074837 
317 0.111016 0.000000 0.080956 94.775162 -0.087608 16.014587 0.076119 
318 0.123228 0.000000 0.069391 94.735577 -0.108716 15.970463 0.077010 
319 0.135439 0.000000 0.080956 96.441343 -0.089820 15.882844 0.044679 
320 0.123228 0.000000 0.092521 94.642193 -0.143397 15.953484 0.078832 
321 0.184287 0.000000 -0.069391 97.506725 -0.064875 -13.040017 0.032239 
322 0.184287 0.000000 -0.092521 97.516217 -0.040273 -12.889985 0.032443 
323 0.208710 0.000000 -0.069391 94.329322 -0.066274 -8.422822 0.103103 
324 0.184287 0.000000 -0.046260 105.602391 -0.016426 -6.964539 -0.120037 
325 0.184287 0.000000 0.069391 101.149610 -0.093176 13.783225 -0.042123 
326 0.184287 0.000000 0.046260 105.642174 -0.090450 7.122928 -0.121101 
327 0.208710 0.000000 0.069391 94.310738 -0.149229 8.590397 0.103167 
328 0.184287 0.000000 0.092521 101.132601 -0.085200 13.824322 -0.041892 
329 0.452945 0.000000 -0.092521 98.950875 -0.001206 2.763378 0.020109 
330 0.452945 0.000000 -0.185042 100.543050 -0.009840 1.454586 -0.011102 
331 0.550639 0.000000 -0.092521 100.925839 -0.006468 5.501183 -0.021629 
332 0.452945 0.000000 0.000000 101.377232 -0.009230 6.490444 -0.031947 
333 0.306404 0.000000 -0.138781 101.589051 0.135343 -1.026276 -0.032141 
334 0.306404 0.000000 -0.185042 100.809311 0.123235 2.044035 -0.016671 
335 0.355251 0.000000 -0.138781 103.442716 0.153982 0.370921 -0.070056 
336 0.306404 0.000000 -0.092521 103.468946 0.115911 -6.293843 -0.074545 
337 0.233134 0.000000 -0.115651 100.166272 -0.065196 -5.981691 -0.006907 
338 0.208710 0.000000 -0.115651 99.954927 -0.104031 -6.526571 -0.003359 
339 0.233134 0.000000 -0.138781 99.553918 -0.037598 -2.960754 0.008025 
340 0.257557 0.000000 -0.115651 101.469688 -0.026914 -10.018602 -0.039647 
341 0.233134 0.000000 -0.092521 101.588092 -0.069273 -10.031362 -0.042077 
342 0.452945 0.000000 0.092521 99.055397 -0.030808 2.758231 0.018042 
343 0.550639 0.000000 0.092521 100.950433 -0.016113 5.502164 -0.022126 
344 0.452945 0.000000 0.185042 100.589491 -0.027230 1.455498 -0.012036 
345 0.306404 0.000000 0.138781 103.079004 0.011016 7.398955 -0.068003 
346 0.306404 0.000000 0.092521 105.364875 0.003546 6.665657 -0.114619 
347 0.355251 0.000000 0.138781 104.602325 -0.066947 5.535667 -0.097229 
348 0.306404 0.000000 0.185042 101.858485 -0.111121 7.564749 -0.043239 
349 0.233134 0.000000 0.115651 102.547727 -0.172886 10.434945 -0.062495 
350 0.208710 0.000000 0.115651 102.591248 -0.177911 11.662111 -0.066100 
351 0.233134 0.000000 0.092521 104.299551 -0.073012 10.554000 -0.098979 
352 0.257557 0.000000 0.115651 104.121407 -0.083917 10.536414 -0.095229 
353 0.233134 0.000000 0.138781 101.547041 -0.156357 10.269405 -0.041729 
354 0.306404 0.000000 -0.046260 74.213566 0.195461 -2.193411 0.448750 
355 0.355251 0.000000 -0.046260 69.013899 0.002026 -1.092000 0.523589 
356 0.306404 0.000000 0.000000 74.826678 0.074356 0.030843 0.440096 
357 0.281981 0.000000 -0.115651 102.233875 0.131744 -9.096279 -0.053452 
358 0.281981 0.000000 -0.138781 101.340788 0.127913 -1.735048 -0.027298 
359 0.306404 0.000000 -0.115651 103.460080 0.104463 -6.294414 -0.074362 
360 0.281981 0.000000 -0.092521 102.385184 0.126123 -8.565870 -0.055612 
361 0.281981 0.000000 -0.069391 76.679422 0.213374 -4.700934 0.409812 
362 0.257557 0.000000 -0.069391 82.154579 0.025344 -6.321913 0.321066 
363 0.306404 0.000000 -0.069391 73.563436 0.156591 -3.220747 0.457802 
364 0.281981 0.000000 -0.046260 77.833976 0.150697 -3.209352 0.393155 
365 0.269769 0.000000 -0.104086 101.646896 0.078344 -9.711823 -0.042642 
366 0.257557 0.000000 -0.104086 101.372975 0.022064 -10.008200 -0.037664 
367 0.269769 0.000000 -0.115651 101.266550 0.075961 -9.996753 -0.035485 
368 0.281981 0.000000 -0.104086 102.321833 0.134780 -9.075546 -0.055214 
369 0.269769 0.000000 -0.092521 101.675009 0.076736 -9.693519 -0.043178 
370 0.306404 0.000000 0.046260 74.336798 0.041348 2.225218 0.446909 
371 0.355251 0.000000 0.046260 68.990410 -0.029432 1.185214 0.523892 
372 0.281981 0.000000 0.115651 104.670753 0.091625 9.573313 -0.104762 
373 0.281981 0.000000 0.092521 104.736061 0.070009 9.025098 -0.105110 
374 0.306404 0.000000 0.115651 105.339507 -0.018124 6.664381 -0.114083 
375 0.281981 0.000000 0.138781 102.978560 -0.065203 8.397580 -0.067511 
376 0.281981 0.000000 0.069391 76.670408 0.143186 4.748928 0.409908 
377 0.257557 0.000000 0.069391 82.215097 -0.048226 6.417943 0.319949 
378 0.281981 0.000000 0.046260 77.882509 0.077996 3.323783 0.392326 
379 0.306404 0.000000 0.069391 73.663644 -0.002983 3.248654 0.456311 
380 0.269769 0.000000 0.104086 104.223881 0.019727 10.215790 -0.096698 
381 0.257557 0.000000 0.104086 104.023259 -0.043740 10.525825 -0.093163 
382 0.269769 0.000000 0.092521 104.247377 0.019520 10.196614 -0.097149 
383 0.281981 0.000000 0.104086 104.736225 0.093767 9.549883 -0.106089 
384 0.269769 0.000000 0.115651 103.915256 0.000471 10.514173 -0.090893 
385 0.746027 0.000000 -1.110249 99.750072 0.019358 6.890249 0.000245 
386 0.746027 0.000000 -1.480332 99.748759 -0.000509 6.929291 0.000217 
387 1.136804 0.000000 -1.110249 99.755522 -0.021404 6.886747 0.000141 
388 0.550639 0.000000 -0.555125 99.750108 0.031410 6.693523 0.000511 
389 0.550639 0.000000 -0.740166 99.746410 0.031351 6.769764 0.000482 
390 0.746027 0.000000 -0.555125 99.761520 0.020885 6.712828 0.000258 
391 0.452945 0.000000 -0.277562 100.274715 0.113118 5.981076 -0.009080 
392 0.452945 0.000000 -0.370083 100.174737 0.087093 6.310037 -0.007480 
393 0.550639 0.000000 -0.277562 101.360217 -0.013102 1.072129 -0.027504 
394 0.404098 0.000000 -0.138781 98.090764 -0.004890 0.452420 0.037800 
395 0.404098 0.000000 -0.185042 101.472551 0.115304 4.716832 -0.031894 
396 0.452945 0.000000 -0.138781 99.143302 -0.002311 2.261593 0.016549 
397 0.404098 0.000000 -0.092521 100.926553 0.030330 -1.350568 -0.018799 
398 0.330828 0.000000 -0.115651 103.440069 0.104239 -6.297354 -0.073952 
399 0.330828 0.000000 -0.138781 102.151464 0.139882 -0.757441 -0.043551 
400 0.355251 0.000000 -0.115651 104.601677 0.089599 -4.257332 -0.095964 
401 0.330828 0.000000 -0.092521 103.434320 0.103190 -6.296964 -0.073832 
402 0.746027 0.000000 1.110249 99.825803 -0.004542 6.926141 -0.001316 
403 1.136804 0.000000 1.110249 99.827587 0.019367 6.879213 -0.001287 
404 0.746027 0.000000 1.480332 99.799925 -0.000832 6.944308 -0.000825 
405 0.550639 0.000000 0.555125 99.934704 -0.060749 6.727373 -0.003221 
406 0.746027 0.000000 0.555125 99.895542 -0.007979 6.674098 -0.002366 
407 0.550639 0.000000 0.740166 99.896926 -0.023709 6.896524 -0.002696 
408 0.452945 0.000000 0.277562 100.700189 -0.069277 5.807324 -0.017426 
409 0.550639 0.000000 0.277562 101.375829 -0.020784 1.072123 -0.027821 
410 0.452945 0.000000 0.370083 100.496917 -0.047919 6.468154 -0.014147 
411 0.404098 0.000000 0.138781 98.229563 -0.039892 0.449503 0.035075 
412 0.404098 0.000000 0.092521 101.494439 0.013931 2.022008 -0.030521 
413 0.452945 0.000000 0.138781 99.241064 -0.030735 2.257940 0.014611 
414 0.404098 0.000000 0.185042 102.107419 -0.115654 4.459992 -0.044583 
415 0.330828 0.000000 0.115651 105.354500 -0.038530 6.668101 -0.114404 
416 0.330828 0.000000 0.092521 105.348250 -0.039309 6.667689 -0.114271 
417 0.355251 0.000000 0.115651 106.054316 0.000191 4.577862 -0.126847 
418 0.330828 0.000000 0.138781 103.457121 0.013008 6.896643 -0.075094 
419 0.404098 0.000000 -0.046260 68.200281 0.036087 0.774952 0.534812 
420 0.452945 0.000000 -0.046260 99.489908 -0.000167 4.382499 0.008255 
421 0.404098 0.000000 0.000000 69.284259 0.017676 0.010921 0.519969 
422 0.379675 0.000000 -0.115651 103.930619 0.068209 -2.088119 -0.080594 
423 0.379675 0.000000 -0.138781 103.593753 0.112985 1.822548 -0.073500 
424 0.404098 0.000000 -0.115651 101.003371 0.031516 -1.447861 -0.020378 
425 0.379675 0.000000 -0.092521 103.916597 0.067784 -2.087799 -0.080302 
426 0.330828 0.000000 -0.069391 70.693415 0.076982 -3.071167 0.499300 
427 0.355251 0.000000 -0.069391 67.706376 0.024434 -1.841160 0.541246 
428 0.330828 0.000000 -0.046260 71.247210 0.009542 -1.950719 0.492003 
429 0.343039 0.000000 -0.104086 103.839530 0.118256 -6.004476 -0.081872 
430 0.330828 0.000000 -0.104086 103.538187 0.106055 -6.303289 -0.075990 
431 0.343039 0.000000 -0.115651 103.967142 0.108012 -5.809821 -0.084293 
432 0.355251 0.000000 -0.104086 104.562644 0.089235 -4.763798 -0.095605 
433 0.343039 0.000000 -0.092521 103.957542 0.107714 -5.821370 -0.084107 
434 0.404098 0.000000 0.046260 68.245114 -0.004501 -0.801085 0.534196 
435 0.452945 0.000000 0.046260 99.572624 -0.025526 4.378904 0.006612 
436 0.330828 0.000000 0.069391 70.816601 -0.063636 3.145627 0.497511 
437 0.330828 0.000000 0.046260 71.307024 -0.056320 2.011602 0.491126 
438 0.355251 0.000000 0.069391 67.730660 -0.038544 1.907373 0.540892 
439 0.379675 0.000000 0.115651 104.747700 0.029413 2.358317 -0.097764 
440 0.379675 0.000000 0.092521 104.732168 0.029538 2.357970 -0.097439 
441 0.404098 0.000000 0.115651 101.587660 0.015679 2.059009 -0.032429 
442 0.379675 0.000000 0.138781 104.577835 -0.083893 3.905136 -0.095178 
443 0.343039 0.000000 0.104086 105.677338 -0.014841 6.366829 -0.120824 
444 0.330828 0.000000 0.104086 105.436515 -0.032653 6.673021 -0.116139 
445 0.343039 0.000000 0.092521 105.743792 -0.015620 6.178493 -0.121992 
446 0.355251 0.000000 0.104086 106.100789 -0.001306 5.094231 -0.128333 
447 0.343039 0.000000 0.115651 105.751189 -0.015116 6.166670 -0.122134 
448 1.527580 0.000000 -0.370083 99.449439 -0.032876 6.320243 0.006986 
449 1.527580 0.000000 -0.740166 99.639882 -0.080808 6.736996 0.002650 
450 1.918356 0.000000 -0.370083 99.953740 -0.000000 5.472289 -0.002070 
451 1.527580 0.000000 0.000000 101.595782 -0.009236 6.302883 -0.036143 
452 0.941416 0.000000 -0.185042 102.053537 0.006256 5.082587 -0.044076 
453 0.941416 0.000000 -0.370083 99.686659 0.012676 6.361785 0.002210 
454 1.136804 0.000000 -0.185042 101.681817 -0.001592 4.473361 -0.035920 
455 0.941416 0.000000 0.000000 102.049924 -0.000629 6.560881 -0.045723 
456 0.648333 0.000000 -0.092521 101.571958 -0.004118 5.596514 -0.034818 
457 0.648333 0.000000 -0.185042 101.613915 0.000863 4.353573 -0.034434 
458 0.746027 0.000000 -0.092521 102.006971 0.003952 6.179347 -0.044361 
459 0.648333 0.000000 0.000000 101.704700 -0.004329 6.507555 -0.038619 
460 0.501792 0.000000 -0.138781 99.639935 -0.002049 3.361375 0.006058 
461 0.501792 0.000000 -0.185042 100.890732 -0.006344 3.169029 -0.018898 
462 0.550639 0.000000 -0.138781 101.370142 -0.004457 5.819890 -0.030978 
463 0.501792 0.000000 -0.092521 99.622308 -0.003913 3.380352 0.006397 
464 0.428522 0.000000 -0.115651 98.328077 0.016537 -0.221236 0.033154 
465 0.428522 0.000000 -0.138781 99.100311 -0.004383 1.272031 0.017751 
466 0.452945 0.000000 -0.115651 98.917312 -0.002618 1.962216 0.021152 
467 0.428522 0.000000 -0.092521 98.441652 0.015235 0.071634 0.030924 
468 0.379675 0.000000 -0.069391 66.980990 0.066661 -0.334344 0.551343 
469 0.404098 0.000000 -0.069391 98.097977 -0.001410 1.053205 0.037568 
470 0.379675 0.000000 -0.046260 67.917938 0.046195 -0.249057 0.538709 
471 0.391886 0.000000 -0.104086 102.756862 0.043959 -1.943361 -0.056275 
472 0.379675 0.000000 -0.104086 104.211022 0.071557 -2.094099 -0.086433 
473 0.391886 0.000000 -0.115651 102.422063 0.044066 -1.807535 -0.049355 
474 0.404098 0.000000 -0.104086 100.669865 0.034510 -1.649268 -0.013714 
475 0.391886 0.000000 -0.092521 102.344520 0.043960 -1.769695 -0.047753 
476 0.379675 0.000000 0.069391 67.010768 0.008482 0.364062 0.550942 
477 0.379675 0.000000 0.046260 67.977282 -0.009769 0.267273 0.537902 
478 0.404098 0.000000 0.069391 98.235070 -0.035739 1.047263 0.034877 
479 1.527580 0.000000 0.370083 100.119302 -0.002069 6.106106 -0.006116 
480 1.918356 0.000000 0.370083 99.966475 0.000000 4.990768 -0.001820 
481 1.527580 0.000000 0.740166 99.868202 -0.023860 6.689777 -0.001841 
482 0.941416 0.000000 0.185042 102.139119 -0.007474 5.081171 -0.045822 
483 1.136804 0.000000 0.185042 101.821439 -0.015950 4.472113 -0.038761 
484 0.941416 0.000000 0.370083 99.813879 0.010279 6.409269 -0.000389 
485 0.648333 0.000000 0.092521 101.585650 -0.010966 5.597246 -0.035097 
486 0.746027 0.000000 0.092521 102.019656 -0.003132 6.181646 -0.044622 
487 0.648333 0.000000 0.185042 101.637927 -0.013826 4.358486 -0.034926 
488 0.501792 0.000000 0.138781 99.718146 -0.027028 3.360966 0.004499 
489 0.501792 0.000000 0.092521 99.699965 -0.026694 3.376918 0.004851 
490 0.550639 0.000000 0.138781 101.380600 -0.015955 5.824452 -0.031195 
491 0.501792 0.000000 0.185042 100.922579 -0.024338 3.172362 -0.019543 
492 0.428522 0.000000 0.115651 98.654399 -0.019690 1.671762 0.026451 
493 0.428522 0.000000 0.092521 98.748712 -0.020254 1.816804 0.024539 
494 0.452945 0.000000 0.115651 99.023773 -0.032458 1.958398 0.019046 
495 0.428522 0.000000 0.138781 99.200161 -0.031703 1.268627 0.015772 
496 0.391886 0.000000 0.104086 103.463547 0.030500 2.243442 -0.070974 
497 0.379675 0.000000 0.104086 105.081107 0.024810 2.365406 -0.104763 
498 0.391886 0.000000 0.092521 103.019285 0.022940 2.113594 -0.061744 
499 0.404098 0.000000 0.104086 101.275566 0.015800 2.136752 -0.026131 
500 0.391886 0.000000 0.115651 103.103896 0.024438 2.141673 -0.063500 
501 1.332192 0.000000 -0.185042 100.950547 -0.013882 4.581801 -0.021201 
502 1.332192 0.000000 -0.370083 99.706758 -0.018209 6.469801 0.001670 
503 1.527580 0.000000 -0.185042 100.661897 -0.000695 4.801174 -0.015587 
504 1.332192 0.000000 0.000000 101.333938 -0.019368 6.807898 -0.031491 
505 1.332192 0.000000 0.185042 101.673388 -0.037139 4.580875 -0.035846 
506 1.527580 0.000000 0.185042 102.572147 -0.022142 4.818329 -0.054426 
507 1.332192 0.000000 0.370083 100.035204 -0.027267 6.231628 -0.004588 
508 1.234498 0.000000 -0.092521 98.999808 -0.018194 1.855938 0.019559 
509 1.136804 0.000000 -0.092521 100.883088 -0.007936 5.259584 -0.020506 
510 1.234498 0.000000 -0.185042 100.673633 -0.010243 0.787051 -0.013580 
511 1.332192 0.000000 -0.092521 99.874196 -0.016668 3.589092 0.001226 
512 1.234498 0.000000 0.000000 79.538242 -0.019497 0.035954 0.367367 
513 1.234498 0.000000 0.092521 99.286812 -0.023559 1.853370 0.013869 
514 1.136804 0.000000 0.092521 101.001313 -0.013661 5.259221 -0.022892 
515 1.332192 0.000000 0.092521 100.274453 -0.029468 3.584682 -0.006782 
516 1.234498 0.000000 0.185042 100.859072 -0.021861 0.787347 -0.017317 
517 4.263014 0.000000 -8.881993 99.755701 0.000110 6.973258 0.000017 
518 4.263014 0.000000 -11.842658 99.755960 0.000077 6.974381 0.000011 
519 7.389224 0.000000 -8.881993 99.756038 0.000133 6.972820 0.000011 
520 2.699909 0.000000 -4.440997 99.760490 0.000280 6.968162 -0.000071 
521 2.699909 0.000000 -5.921329 99.754717 0.000158 6.970822 0.000040 
522 4.263014 0.000000 -4.440997 99.754808 0.000276 6.964686 0.000047 
523 1.918356 0.000000 -2.220498 99.759655 0.002239 6.945947 -0.000024 
524 1.918356 0.000000 -2.960664 99.757860 0.004328 6.960957 -0.000009 
525 2.699909 0.000000 -2.220498 99.751305 0.000140 6.936396 0.000156 
526 1.527580 0.000000 -1.110249 99.744509 -0.033140 6.864252 0.000391 
527 1.527580 0.000000 -1.480332 99.750887 0.009715 6.914262 0.000195 
528 1.918356 0.000000 -1.110249 99.760175 -0.038715 6.843411 0.000107 
529 1.332192 0.000000 -0.555125 99.683747 -0.009565 6.696417 0.001831 
530 1.136804 0.000000 -0.555125 99.725308 -0.022555 6.693804 0.001006 
531 1.332192 0.000000 -0.740166 99.707267 -0.058136 6.802599 0.001218 
532 1.527580 0.000000 -0.555125 99.586306 -0.011883 6.629192 0.003862 
533 1.234498 0.000000 -0.277562 99.990181 -0.030060 5.949992 -0.003344 
534 1.136804 0.000000 -0.277562 101.667497 -0.003431 1.084902 -0.033746 
535 1.234498 0.000000 -0.370083 99.791306 -0.018711 6.392417 0.000083 
536 1.332192 0.000000 -0.277562 100.974398 -0.024013 0.459003 -0.019604 
537 10.515434 0.000000 -2.960664 99.757621 0.000475 6.953850 0.000006 
538 10.515434 0.000000 -5.921329 99.756494 0.000230 6.969238 0.000007 
539 13.641644 0.000000 -2.960664 99.757619 0.000449 6.956251 0.000003 
540 10.515434 0.000000 0.000000 99.803582 0.007151 6.299052 -0.000043 
541 5.826119 0.000000 -1.480332 99.760920 0.001229 6.887991 0.000031 
542 5.826119 0.000000 -2.960664 99.756529 0.000494 6.949957 0.000033 
543 7.389224 0.000000 -1.480332 99.761207 0.001042 6.896786 0.000014 
544 5.826119 0.000000 0.000000 99.911342 -0.043693 4.740786 -0.000475 
545 3.481461 0.000000 -0.740166 99.769319 0.004376 6.624800 0.000219 
546 3.481461 0.000000 -1.480332 99.755539 0.001973 6.876478 0.000155 
547 4.263014 0.000000 -0.740166 99.772721 0.012549 6.655136 0.000111 
548 3.481461 0.000000 0.000000 100.044299 -0.009116 2.675190 -0.001602 
549 2.309132 0.000000 -0.370083 99.475004 -0.017183 5.755534 0.007160 
550 2.309132 0.000000 -0.740166 99.750872 -0.039792 6.645635 0.000560 
551 2.699909 0.000000 -0.370083 99.814786 -0.022504 5.806751 0.000329 
552 2.309132 0.000000 0.000000 132.345439 0.138814 2.233108 -0.752032 
553 1.722968 0.000000 -0.185042 100.635236 0.008530 3.782082 -0.014176 
554 1.722968 0.000000 -0.370083 99.324296 -0.055628 5.892723 0.009996 
555 1.918356 0.000000 -0.185042 100.084723 -0.000175 2.208550 -0.002183 
556 1.722968 0.000000 0.000000 101.694455 -0.000798 5.233824 -0.036916 
557 1.429886 0.000000 -0.092521 101.081443 -0.015318 4.367820 -0.023654 
558 1.429886 0.000000 -0.185042 100.972648 -0.010941 4.509336 -0.021581 
559 1.527580 0.000000 -0.092521 101.285486 -0.003400 4.788696 -0.028168 
560 1.429886 0.000000 0.000000 101.333938 -0.019368 6.807887 -0.031491 
561 1.283345 0.000000 -0.138781 99.240577 -0.016716 2.672201 0.014417 
562 1.234498 0.000000 -0.138781 99.225981 -0.017530 1.636608 0.015153 
563 1.283345 0.000000 -0.185042 99.835380 -0.018820 1.812961 0.002961 
564 1.332192 0.000000 -0.138781 99.965146 -0.014663 4.137405 -0.001015 
565 1.283345 0.000000 -0.092521 98.996892 -0.016596 2.806732 0.019174 
566 10.515434 0.000000 2.960664 99.759960 -0.000562 6.925969 -0.000002 
567 13.641644 0.000000 2.960664 99.760644 -0.000619 6.915409 -0.000001 
568 10.515434 0.000000 5.921329 99.757305 -0.000253 6.965861 -0.000004 
569 5.826119 0.000000 1.480332 99.768817 -0.000977 6.790779 0.000007 
570 7.389224 0.000000 1.480332 99.771973 -0.001235 6.753071 -0.000005 
571 5.826119 0.000000 2.960664 99.759841 -0.000472 6.937527 -0.000016 
572 3.481461 0.000000 0.740166 99.790413 -0.002390 6.355247 0.000148 
573 4.263014 0.000000 0.740166 99.804455 0.001658 6.243684 0.000009 
574 3.481461 0.000000 1.480332 99.763563 0.001511 6.831196 0.000057 
575 2.309132 0.000000 0.370083 99.147284 -0.050098 5.390370 0.014076 
576 2.699909 0.000000 0.370083 99.831143 0.018116 5.248313 0.000620 
577 2.309132 0.000000 0.740166 99.725862 0.039145 6.429102 0.001342 
578 1.722968 0.000000 0.185042 103.089367 -0.011368 3.774379 -0.064166 
579 1.918356 0.000000 0.185042 99.867835 -0.002049 2.832452 0.001839 
580 1.722968 0.000000 0.370083 100.121949 -0.066931 5.628603 -0.005609 
581 1.429886 0.000000 0.092521 101.687710 -0.031747 4.364066 -0.035944 
582 1.527580 0.000000 0.092521 101.946409 -0.019776 4.786435 -0.041598 
583 1.429886 0.000000 0.185042 101.769615 -0.034743 4.513547 -0.037743 
584 4.263014 0.000000 8.881993 99.757498 -0.000113 6.972762 -0.000018 
585 7.389224 0.000000 8.881993 99.757147 -0.000140 6.972066 -0.000010 
586 4.263014 0.000000 11.842658 99.757063 -0.000081 6.974151 -0.000011 
587 2.699909 0.000000 4.440997 99.765133 -0.000138 6.962874 -0.000156 
588 4.263014 0.000000 4.440997 99.759327 -0.000261 6.961596 -0.000039 
589 2.699909 0.000000 5.921329 99.759074 -0.000145 6.969790 -0.000045 
590 1.918356 0.000000 2.220498 99.782942 -0.006919 6.927492 -0.000463 
591 2.699909 0.000000 2.220498 99.764936 0.001826 6.918245 -0.000090 
592 1.918356 0.000000 2.960664 99.774825 -0.003675 6.948077 -0.000329 
593 1.527580 0.000000 1.110249 99.818000 0.031749 6.823464 -0.001019 
594 1.918356 0.000000 1.110249 99.792200 0.037534 6.759713 -0.000418 
595 1.527580 0.000000 1.480332 99.801372 -0.009089 6.885783 -0.000773 
596 1.332192 0.000000 0.555125 99.950892 -0.022925 6.613981 -0.003393 
597 1.136804 0.000000 0.555125 99.891008 0.022750 6.691810 -0.002299 
598 1.527580 0.000000 0.555125 99.981470 -0.021497 6.492651 -0.003845 
599 1.332192 0.000000 0.740166 99.885900 0.039153 6.749242 -0.002275 
600 1.234498 0.000000 0.277562 100.223316 -0.034007 5.922258 -0.007979 
601 1.136804 0.000000 0.277562 101.826920 -0.020676 1.085289 -0.036990 
602 1.332192 0.000000 0.277562 101.583644 -0.055795 0.451641 -0.031944 
603 1.234498 0.000000 0.370083 100.030739 -0.027332 6.354558 -0.004653 
604 1.283345 0.000000 0.138781 99.722749 -0.028098 2.669072 0.004825 
605 1.234498 0.000000 0.138781 99.502122 -0.024082 1.634403 0.009666 
606 1.283345 0.000000 0.092521 99.433841 -0.025417 2.806884 0.010503 
607 1.332192 0.000000 0.138781 100.485996 -0.028781 4.141163 -0.011459 
608 1.283345 0.000000 0.185042 100.382080 -0.036475 1.801912 -0.007981 
609 2.113744 0.000000 -0.185042 101.838264 0.034754 6.648401 -0.041523 
610 2.113744 0.000000 -0.370083 100.045739 -0.004178 6.047742 -0.004573 
611 2.309132 0.000000 -0.185042 98.392168 -0.000689 2.649639 0.031196 
612 2.113744 0.000000 0.000000 93.267842 -0.076762 -0.614680 0.130073 
613 1.820662 0.000000 -0.092521 100.959763 0.000467 3.891060 -0.020801 
614 1.722968 0.000000 -0.092521 101.237113 0.004364 5.008559 -0.027404 
615 1.820662 0.000000 -0.185042 100.756719 0.004267 2.930612 -0.016050 
616 1.918356 0.000000 -0.092521 100.480755 -0.002970 1.647953 -0.009910 
617 1.820662 0.000000 0.000000 101.570952 -0.002783 4.589572 -0.033772 
618 1.722968 0.000000 -0.555125 99.621394 -0.021195 6.435095 0.003417 
619 1.722968 0.000000 -0.740166 99.629059 -0.000356 6.654680 0.002977 
620 1.918356 0.000000 -0.555125 99.625064 -0.002546 6.332257 0.003475 
621 1.820662 0.000000 -0.277562 101.072353 0.001366 0.607730 -0.021599 
622 1.722968 0.000000 -0.277562 100.813943 0.015530 2.383746 -0.016913 
623 1.820662 0.000000 -0.370083 99.442933 -0.023331 5.714877 0.007844 
624 1.918356 0.000000 -0.277562 100.018877 -0.000023 4.515300 -0.002416 
625 2.113744 0.000000 0.185042 100.071743 -0.024276 -0.143886 -0.001437 
626 2.309132 0.000000 0.185042 97.631373 -0.011016 5.426832 0.043866 
627 2.113744 0.000000 0.370083 99.557424 -0.052449 4.805367 0.006523 
628 2.016050 0.000000 -0.092521 101.006333 0.041336 1.885783 -0.020584 
629 2.016050 0.000000 -0.185042 101.936310 0.002923 3.347138 -0.040221 
630 2.113744 0.000000 -0.092521 108.472179 0.030380 11.464565 -0.189765 
631 2.016050 0.000000 0.000000 101.557807 -0.006706 3.439529 -0.032582 
632 1.869509 0.000000 -0.138781 98.430334 0.000162 2.218924 0.030655 
633 1.820662 0.000000 -0.138781 100.639194 0.002125 3.387185 -0.013972 
634 1.869509 0.000000 -0.185042 99.358655 0.000228 2.827838 0.011986 
635 1.918356 0.000000 -0.138781 99.428807 -0.000301 -0.140300 0.011389 
636 1.869509 0.000000 -0.092521 101.050255 -0.001630 2.838828 -0.021921 
637 1.625274 0.000000 -0.092521 101.312563 0.006412 4.111303 -0.028114 
638 1.625274 0.000000 -0.185042 100.697315 0.012203 4.991444 -0.016486 
639 1.625274 0.000000 0.000000 101.812042 0.002820 6.152105 -0.040354 
640 1.771815 0.000000 -0.138781 100.800181 0.004043 4.153535 -0.017793 
641 1.722968 0.000000 -0.138781 101.176541 0.007104 4.660486 -0.025841 
642 1.771815 0.000000 -0.185042 100.651884 0.005988 3.781540 -0.014510 
643 1.771815 0.000000 -0.092521 101.085710 0.002207 3.244794 -0.022885 
644 1.820662 0.000000 0.092521 101.859806 -0.016615 3.889374 -0.039055 
645 1.722968 0.000000 0.092521 102.266351 -0.004190 5.093706 -0.048435 
646 1.918356 0.000000 0.092521 101.704036 -0.011801 3.443883 -0.035557 
647 1.820662 0.000000 0.185042 102.689124 -0.013099 3.087642 -0.055459 
648 1.869509 0.000000 -0.046260 101.116351 -0.001769 3.774777 -0.023877 
649 1.820662 0.000000 -0.046260 101.400792 -0.001933 4.288185 -0.030051 
650 1.918356 0.000000 -0.046260 101.264866 -0.004936 3.682974 -0.026814 
651 1.869509 0.000000 0.000000 101.382829 -0.006247 3.896424 -0.029366 
652 1.845086 0.000000 -0.115651 99.067106 0.000330 3.102022 0.017609 
653 1.820662 0.000000 -0.115651 100.663904 0.000714 3.064637 -0.014261 
654 1.845086 0.000000 -0.138781 99.013874 0.000737 2.770415 0.018858 
655 1.869509 0.000000 -0.115651 98.897562 -0.000434 1.792729 0.021606 
656 1.845086 0.000000 -0.092521 100.945646 -0.001212 3.375296 -0.020142 
657 2.016050 0.000000 0.092521 100.930058 0.010749 1.893290 -0.019046 
658 2.113744 0.000000 0.092521 105.224607 -0.018312 -10.944104 -0.119199 
659 2.016050 0.000000 0.185042 100.156508 -0.000673 2.156736 -0.003598 
660 2.309132 0.000000 1.110249 99.755864 0.023045 6.735484 0.000340 
661 2.699909 0.000000 1.110249 99.749425 0.016220 6.735803 0.000468 
662 2.309132 0.000000 1.480332 99.772987 -0.007537 6.844509 -0.000150 
663 2.113744 0.000000 0.555125 99.604360 0.001605 6.006007 0.004290 
664 1.918356 0.000000 0.555125 99.778282 -0.034648 6.104464 0.000703 
665 2.309132 0.000000 0.555125 99.622778 0.013463 6.047912 0.003872 
666 2.113744 0.000000 0.740166 99.783879 -0.007288 6.410934 0.000208 
667 2.016050 0.000000 0.277562 99.847775 0.000000 3.916546 0.001508 
668 1.918356 0.000000 0.277562 100.033976 -0.000617 4.156702 -0.002407 
669 2.113744 0.000000 0.277562 99.375435 0.004984 3.390605 0.011303 
670 2.016050 0.000000 0.370083 99.787873 0.000000 4.925516 0.001812 
671 1.967203 0.000000 0.138781 101.302143 -0.000133 2.277404 -0.026731 
672 1.918356 0.000000 0.138781 99.405533 -0.003498 2.106550 0.011410 
673 1.967203 0.000000 0.092521 100.952658 -0.013677 2.510450 -0.019774 
674 2.016050 0.000000 0.138781 99.917576 0.001531 0.684698 0.001601 
675 1.967203 0.000000 0.185042 100.180862 -0.002089 2.623376 -0.004309 
676 2.309132 0.000000 -1.110249 99.765124 -0.025925 6.833388 0.000022 
677 2.309132 0.000000 -1.480332 99.754824 0.007742 6.892333 0.000147 
678 2.699909 0.000000 -1.110249 99.759414 -0.013810 6.818050 0.000157 
679 2.113744 0.000000 -0.555125 99.695820 0.042951 6.392132 0.001988 
680 2.113744 0.000000 -0.740166 99.762665 0.004414 6.643546 0.000327 
681 2.309132 0.000000 -0.555125 99.737046 0.055852 6.407994 0.001146 
682 2.016050 0.000000 -0.277562 100.569847 -0.000000 4.999848 -0.013929 
683 2.016050 0.000000 -0.370083 100.118650 -0.000000 5.702852 -0.005627 
684 2.113744 0.000000 -0.277562 100.219058 0.025663 5.905719 -0.007874 
685 3.090685 0.000000 -0.370083 99.811661 0.018890 5.905562 0.000276 
686 3.090685 0.000000 -0.740166 99.768649 -0.003734 6.621076 0.000238 
687 3.481461 0.000000 -0.370083 99.812737 0.024811 5.987155 0.000157 
688 3.090685 0.000000 0.000000 100.040522 0.013678 2.408309 -0.001391 
689 2.504521 0.000000 -0.185042 100.188700 0.002734 4.003114 -0.005380 
690 2.504521 0.000000 -0.370083 99.743055 0.065415 5.681351 0.001904 
691 2.699909 0.000000 -0.185042 99.955796 0.064912 4.467835 -0.001113 
692 2.504521 0.000000 0.000000 101.036239 0.016414 2.150135 -0.021294 
693 2.211438 0.000000 -0.092521 91.284377 -0.020756 16.581277 0.139222 
694 2.211438 0.000000 -0.185042 97.641480 0.116410 6.457333 0.042443 
695 2.309132 0.000000 -0.092521 105.674305 0.080005 -11.476428 -0.129877 
696 2.211438 0.000000 0.000000 137.995521 -0.013656 0.202713 -0.904281 
697 2.064897 0.000000 -0.138781 104.691716 0.007762 0.740701 -0.096090 
698 2.016050 0.000000 -0.138781 101.858703 0.007369 2.818965 -0.038314 
699 2.064897 0.000000 -0.185042 102.397577 -0.000000 4.333815 -0.050405 
700 2.113744 0.000000 -0.138781 104.900538 0.103413 8.154111 -0.107062 
701 2.064897 0.000000 -0.092521 102.144698 0.086283 4.127547 -0.045058 
702 3.090685 0.000000 0.370083 99.877792 0.022705 4.959962 -0.000018 
703 3.481461 0.000000 0.370083 99.903763 -0.004169 4.707056 -0.000292 
704 3.090685 0.000000 0.740166 99.772534 0.006802 6.410429 0.000435 
705 2.504521 0.000000 0.185042 100.153579 -0.021868 3.926607 -0.004616 
706 2.699909 0.000000 0.185042 100.043746 0.050825 3.331678 -0.001985 
707 2.504521 0.000000 0.370083 99.644124 0.039898 5.467565 0.004115 
708 2.211438 0.000000 0.092521 88.268590 -0.005072 -15.893276 0.195606 
709 2.309132 0.000000 0.092521 104.852559 0.071871 18.047730 -0.131978 
710 2.211438 0.000000 0.185042 96.291057 0.072289 0.821753 0.072735 
711 2.064897 0.000000 0.138781 102.272978 0.001253 1.523806 -0.046208 
712 2.064897 0.000000 0.092521 100.531630 0.047480 -3.318625 -0.011762 
713 2.113744 0.000000 0.138781 102.365110 0.030368 -4.167764 -0.049599 
714 2.064897 0.000000 0.185042 100.479230 0.000000 1.712566 -0.009901 
715 2.211438 0.000000 -0.277562 99.017346 0.048807 5.920110 0.016052 
716 2.211438 0.000000 -0.370083 99.684184 0.004662 6.058732 0.002636 
717 2.309132 0.000000 -0.277562 99.074512 -0.002085 4.972246 0.015952 
718 2.162591 0.000000 -0.138781 100.119523 0.056592 10.219157 -0.012835 
719 2.162591 0.000000 -0.185042 99.816395 0.058964 7.427362 -0.001848 
720 2.211438 0.000000 -0.138781 95.491671 0.048185 8.550293 0.080823 
721 2.162591 0.000000 -0.092521 100.800805 -0.042163 15.796905 -0.041035 
722 2.064897 0.000000 -0.046260 100.968981 0.062184 0.728271 -0.019527 
723 2.016050 0.000000 -0.046260 101.317847 0.022919 2.889685 -0.027366 
724 2.113744 0.000000 -0.046260 90.757005 -0.051459 3.650338 0.174984 
725 2.064897 0.000000 0.000000 87.047065 0.021178 -1.158795 0.242147 
726 2.089321 0.000000 -0.115651 107.065157 0.069530 6.164594 -0.150095 
727 2.064897 0.000000 -0.115651 107.079853 0.052836 -0.517059 -0.146637 
728 2.089321 0.000000 -0.138781 100.587235 0.092330 0.385950 -0.011795 
729 2.113744 0.000000 -0.115651 108.532932 0.030599 11.308335 -0.190728 
730 2.089321 0.000000 -0.092521 106.676593 0.068509 5.806613 -0.141362 
731 2.064897 0.000000 0.046260 100.376063 0.012458 0.622171 -0.007574 
732 2.016050 0.000000 0.046260 101.096217 0.005800 2.807392 -0.022833 
733 2.113744 0.000000 0.046260 92.113461 -0.073043 -4.703665 0.149298 
734 2.211438 0.000000 0.277562 98.235649 0.002671 3.750212 0.033569 
735 2.309132 0.000000 0.277562 98.586031 -0.045864 4.927162 0.025652 
736 2.211438 0.000000 0.370083 99.241665 -0.050299 4.976280 0.012633 
737 2.162591 0.000000 0.138781 97.878668 -0.057637 -5.547262 0.038899 
738 2.162591 0.000000 0.092521 97.961250 -0.070941 -15.191660 0.017280 
739 2.211438 0.000000 0.138781 93.455602 0.007844 -3.227326 0.125563 
740 2.162591 0.000000 0.185042 98.221568 0.059527 -0.510151 0.035226 
741 2.089321 0.000000 0.115651 104.175364 0.049307 -5.777351 -0.088589 
742 2.064897 0.000000 0.115651 104.450362 0.031413 0.615649 -0.091026 
743 2.089321 0.000000 0.092521 103.934663 0.047536 -5.285606 -0.083035 
744 2.113744 0.000000 0.115651 105.286962 -0.017165 -10.792745 -0.120183 
745 2.089321 0.000000 0.138781 99.692083 0.017843 0.311346 0.006139 
746 2.162591 0.000000 -0.046260 108.820797 -0.076747 8.051842 -0.190680 
747 2.211438 0.000000 -0.046260 137.765411 -0.008773 11.220973 -0.910522 
748 2.162591 0.000000 0.000000 111.049588 -0.114263 -0.259015 -0.233209 
749 2.138168 0.000000 -0.115651 104.746580 0.008686 15.568517 -0.121422 
750 2.138168 0.000000 -0.138781 102.469648 0.092844 9.838616 -0.059684 
751 2.162591 0.000000 -0.115651 100.572326 0.007730 12.835455 -0.027954 
752 2.138168 0.000000 -0.092521 104.104718 -0.009441 15.472889 -0.107720 
753 2.089321 0.000000 -0.069391 100.587235 0.092330 0.385950 -0.011795 
754 2.064897 0.000000 -0.069391 101.179956 0.045388 1.210667 -0.023885 
755 2.113744 0.000000 -0.069391 87.938853 0.020497 5.866861 0.223234 
756 2.089321 0.000000 -0.046260 86.280276 0.041941 1.323923 0.255396 
757 2.101533 0.000000 -0.104086 109.359638 0.043433 7.506439 -0.201588 
758 2.089321 0.000000 -0.104086 107.737532 0.062178 6.321308 -0.164734 
759 2.101533 0.000000 -0.115651 109.328304 0.041909 7.848878 -0.201428 
760 2.113744 0.000000 -0.104086 108.495358 0.028668 11.876596 -0.191230 
761 2.101533 0.000000 -0.092521 109.329516 0.041579 7.903478 -0.201541 
762 2.162591 0.000000 0.046260 109.668057 -0.056755 -8.477281 -0.209895 
763 2.211438 0.000000 0.046260 138.829584 -0.019291 -11.047509 -0.939570 
764 2.089321 0.000000 0.069391 99.692083 0.017843 0.311346 0.006139 
765 2.064897 0.000000 0.069391 100.771084 0.011569 1.087494 -0.015599 
766 2.089321 0.000000 0.046260 87.992998 0.032388 -2.875583 0.224896 
767 2.113744 0.000000 0.069391 89.928432 -0.041600 -6.686161 0.186817 
768 2.138168 0.000000 0.115651 101.689018 -0.064548 -14.952885 -0.056425 
769 2.138168 0.000000 0.092521 101.142785 -0.062908 -14.872392 -0.045106 
770 2.162591 0.000000 0.115651 98.014146 -0.105388 -10.060254 0.029201 
771 2.138168 0.000000 0.138781 100.129928 -0.002281 -5.487787 -0.005612 
772 2.101533 0.000000 0.104086 106.208194 0.017622 -7.114446 -0.133080 
773 2.089321 0.000000 0.104086 104.782509 0.042976 -5.890764 -0.101408 
774 2.101533 0.000000 0.092521 106.150747 0.014893 -7.496483 -0.132418 
775 2.113744 0.000000 0.104086 105.226734 -0.019390 -11.340946 -0.120128 
776 2.101533 0.000000 0.115651 106.152015 0.015509 -7.443764 -0.132366 
777 2.138168 0.000000 -0.069391 96.206464 -0.039625 9.343523 0.065701 
778 2.162591 0.000000 -0.069391 106.371841 -0.055000 12.171375 -0.146311 
779 2.138168 0.000000 -0.046260 98.367396 -0.058919 6.038717 0.028739 
780 2.125956 0.000000 -0.104086 105.863431 0.023120 15.121522 -0.143573 
781 2.125956 0.000000 -0.115651 105.670553 0.017529 15.705952 -0.141294 
782 2.138168 0.000000 -0.104086 104.297046 -0.004053 15.501523 -0.111817 
783 2.125956 0.000000 -0.092521 106.024675 0.017999 14.851044 -0.146179 
784 2.138168 0.000000 0.069391 97.645636 -0.078779 -9.890457 0.036750 
785 2.138168 0.000000 0.046260 99.441522 -0.086105 -6.752003 0.006579 
786 2.162591 0.000000 0.069391 107.597588 -0.132388 -12.556404 -0.173492 
787 2.125956 0.000000 0.104086 102.698135 -0.056806 -14.504108 -0.075728 
788 2.125956 0.000000 0.092521 102.864172 -0.052327 -14.242276 -0.078388 
789 2.138168 0.000000 0.104086 101.306489 -0.063399 -14.896509 -0.048491 
790 2.125956 0.000000 0.115651 102.503446 -0.057951 -15.070610 -0.073408 
791 2.406827 0.000000 -0.092521 102.379653 -0.109046 1.253185 -0.048318 
792 2.406827 0.000000 -0.185042 100.213143 0.064029 3.193963 -0.005288 
793 2.504521 0.000000 -0.092521 100.726829 0.002429 2.836786 -0.015394 
794 2.406827 0.000000 0.000000 104.621289 -0.146047 2.199755 -0.095047 
795 2.260285 0.000000 -0.138781 93.275162 0.101672 2.433644 0.129381 
796 2.260285 0.000000 -0.185042 96.978128 0.056220 4.174265 0.057782 
797 2.309132 0.000000 -0.138781 98.334687 0.030464 -1.297400 0.032861 
798 2.260285 0.000000 -0.092521 73.903000 0.030835 3.299969 0.452746 
799 2.187015 0.000000 -0.115651 97.297827 -0.004607 12.746638 0.037066 
800 2.187015 0.000000 -0.138781 97.687403 0.050756 9.897119 0.035922 
801 2.211438 0.000000 -0.115651 93.274844 0.012921 11.258882 0.117304 
802 2.187015 0.000000 -0.092521 95.025847 -0.046802 17.430186 0.066627 
803 2.150380 0.000000 -0.104086 103.107229 -0.027763 15.326818 -0.086601 
804 2.150380 0.000000 -0.115651 102.008146 0.032407 12.721019 -0.056749 
805 2.162591 0.000000 -0.104086 100.822739 -0.038634 16.026180 -0.042206 
806 2.150380 0.000000 -0.092521 102.480020 -0.031609 15.509318 -0.074269 
807 2.406827 0.000000 0.092521 102.245831 -0.140043 4.476415 -0.047427 
808 2.504521 0.000000 0.092521 100.734744 -0.009246 2.741764 -0.015501 
809 2.406827 0.000000 0.185042 99.968382 0.007991 4.863739 -0.001733 
810 2.260285 0.000000 0.138781 91.461268 0.045634 3.815619 0.162028 
811 2.260285 0.000000 0.092521 69.338011 0.065258 0.114028 0.519222 
812 2.309132 0.000000 0.138781 97.358219 -0.010671 8.354178 0.045158 
813 2.260285 0.000000 0.185042 95.855579 0.007925 3.543502 0.079915 
814 2.187015 0.000000 0.115651 94.727819 -0.070577 -9.384683 0.093856 
815 2.187015 0.000000 0.092521 92.104025 -0.060560 -16.748745 0.123632 
816 2.211438 0.000000 0.115651 90.747151 -0.050525 -7.483268 0.170895 
817 2.187015 0.000000 0.138781 95.607889 -0.056986 -4.903404 0.083508 
818 2.150380 0.000000 0.104086 100.257391 -0.062347 -14.742469 -0.026889 
819 2.150380 0.000000 0.092521 99.631979 -0.064593 -14.917558 -0.014907 
820 2.162591 0.000000 0.104086 97.969665 -0.070042 -15.412650 0.016439 
821 2.150380 0.000000 0.115651 99.522154 -0.081458 -10.191273 -0.000853 
822 2.260285 0.000000 -0.046260 168.431628 0.034976 2.738384 -1.837671 
823 2.309132 0.000000 -0.046260 127.672391 0.126976 -9.559779 -0.639164 
824 2.260285 0.000000 0.000000 157.011965 -0.010410 1.132601 -1.465404 
825 2.187015 0.000000 -0.069391 119.406601 -0.030305 15.432222 -0.449609 
826 2.211438 0.000000 -0.069391 137.511938 0.016285 18.582828 -0.925485 
827 2.187015 0.000000 -0.046260 121.973610 -0.068305 10.014170 -0.497785 
828 2.260285 0.000000 0.046260 171.306212 -0.017017 -0.483992 -1.934605 
829 2.309132 0.000000 0.046260 128.181037 0.129039 14.922580 -0.665308 
830 2.187015 0.000000 0.069391 120.433977 -0.034002 -15.617370 -0.474825 
831 2.187015 0.000000 0.046260 122.721230 -0.046685 -10.187988 -0.516430 
832 2.211438 0.000000 0.069391 138.904722 -0.016452 -18.723692 -0.964510 
833 2.235862 0.000000 -0.069391 80.083310 0.040872 13.299452 0.340979 
834 2.235862 0.000000 -0.092521 81.077815 0.035902 13.464666 0.324509 
835 2.260285 0.000000 -0.069391 75.813708 0.125859 12.591367 0.409372 
836 2.235862 0.000000 -0.046260 154.174867 0.026718 10.280741 -1.387558 
837 2.235862 0.000000 -0.115651 90.008644 0.031261 7.398092 0.184371 
838 2.235862 0.000000 -0.138781 93.674432 0.063646 5.996956 0.118913 
839 2.260285 0.000000 -0.115651 87.804185 0.093197 1.082724 0.228924 
840 2.223650 0.000000 -0.080956 85.623453 0.015001 14.652905 0.245392 
841 2.211438 0.000000 -0.080956 89.708286 -0.011032 16.056804 0.169460 
842 2.223650 0.000000 -0.092521 86.160982 0.011382 14.946180 0.235290 
843 2.235862 0.000000 -0.080956 80.966217 0.036140 13.446123 0.326367 
844 2.223650 0.000000 -0.069391 83.145417 0.026489 13.808163 0.289617 
845 2.235862 0.000000 0.069391 76.205970 -0.051487 -12.528363 0.403569 
846 2.235862 0.000000 0.046260 155.922803 -0.014133 -9.535475 -1.440285 
847 2.260285 0.000000 0.069391 71.617663 -0.083400 -11.768813 0.473240 
848 2.235862 0.000000 0.092521 77.293661 -0.051341 -12.706719 0.386423 
849 2.235862 0.000000 0.115651 87.362548 0.045494 -3.020071 0.235866 
850 2.260285 0.000000 0.115651 85.113018 0.062546 4.218402 0.273798 
851 2.235862 0.000000 0.138781 91.712936 0.035629 -0.279489 0.158866 
852 2.223650 0.000000 0.080956 82.221621 -0.035465 -13.935490 0.304541 
853 2.211438 0.000000 0.080956 86.582722 -0.013949 -15.359894 0.226751 
854 2.223650 0.000000 0.069391 79.553643 -0.049902 -13.077250 0.350020 
855 2.235862 0.000000 0.080956 77.172078 -0.051753 -12.686800 0.388351 
856 2.223650 0.000000 0.092521 82.790937 -0.030208 -14.227200 0.294325 
857 2.357979 0.000000 -0.046260 109.378217 0.061563 -0.691431 -0.196408 
858 2.357979 0.000000 -0.092521 104.572639 -0.070850 -1.132415 -0.093672 
859 2.406827 0.000000 -0.046260 104.036213 -0.119068 1.366860 -0.082542 
860 2.357979 0.000000 0.000000 111.270543 0.058689 2.285737 -0.238636 
861 2.284709 0.000000 -0.069391 71.435887 0.222974 11.867256 0.475603 
862 2.284709 0.000000 -0.092521 91.095596 0.104310 -24.343030 0.110900 
863 2.309132 0.000000 -0.069391 117.731462 0.132326 -14.388865 -0.406775 
864 2.284709 0.000000 -0.046260 153.706872 0.118529 -13.188601 -1.379976 
865 2.248074 0.000000 -0.080956 78.841666 0.054123 13.093257 0.361256 
866 2.248074 0.000000 -0.092521 79.582106 0.044534 13.216202 0.349202 
867 2.260285 0.000000 -0.080956 76.293951 0.115241 12.670797 0.401867 
868 2.248074 0.000000 -0.069391 78.059641 0.071284 12.963479 0.373864 
869 2.357979 0.000000 0.046260 109.261524 0.034580 5.704406 -0.197062 
870 2.406827 0.000000 0.046260 103.967785 -0.149643 3.419160 -0.082101 
871 2.357979 0.000000 0.092521 104.303865 -0.018868 7.066240 -0.092923 
872 2.284709 0.000000 0.069391 66.886149 -0.137520 -10.985815 0.540554 
873 2.284709 0.000000 0.046260 155.861366 0.124091 18.085428 -1.461986 
874 2.309132 0.000000 0.069391 117.715126 0.118231 20.584895 -0.428060 
875 2.284709 0.000000 0.092521 88.375409 0.085005 31.638920 0.118876 
876 2.248074 0.000000 0.080956 74.852318 -0.051168 -12.305679 0.424570 
877 2.248074 0.000000 0.069391 74.017811 -0.057393 -12.167232 0.437332 
878 2.260285 0.000000 0.080956 72.136915 -0.077449 -11.854732 0.465572 
879 2.248074 0.000000 0.092521 75.656096 -0.050128 -12.438129 0.412145 
880 2.040474 0.000000 0.115651 99.690568 0.000460 2.495479 0.005556 
881 2.016050 0.000000 0.115651 98.983625 0.001777 -0.540685 0.020195 
882 2.040474 0.000000 0.092521 100.945044 0.011071 1.673910 -0.019270 
883 2.040474 0.000000 0.138781 100.968947 0.000864 1.661110 -0.019749 
884 1.722968 0.000000 0.555125 100.015164 -0.002848 6.327982 -0.004308 
885 1.722968 0.000000 0.740166 99.841512 -0.023072 6.588995 -0.001174 
886 1.820662 0.000000 0.277562 102.057218 -0.032674 0.542603 -0.041597 
887 1.722968 0.000000 0.277562 103.139330 -0.010503 2.358179 -0.064328 
888 1.820662 0.000000 0.370083 100.031677 -0.037272 5.331262 -0.003476 
889 1.869509 0.000000 0.138781 99.299718 -0.003144 0.917582 0.013872 
890 1.820662 0.000000 0.138781 102.409406 -0.018001 3.392068 -0.049919 
891 1.869509 0.000000 0.092521 101.870407 -0.016615 2.831132 -0.038560 
892 1.869509 0.000000 0.185042 100.059961 -0.002780 2.430575 -0.001790 
893 1.967203 0.000000 0.046260 101.361662 -0.001581 2.837865 -0.028224 
894 1.918356 0.000000 0.046260 101.562839 -0.008495 3.692198 -0.032864 
895 1.967203 0.000000 0.000000 101.557816 -0.006706 3.439515 -0.032582 
896 1.942780 0.000000 0.115651 99.440846 -0.002821 2.631812 0.010459 
897 1.918356 0.000000 0.115651 99.605588 -0.003618 1.645416 0.007602 
898 1.942780 0.000000 0.092521 100.975067 -0.016974 2.364902 -0.020156 
899 1.967203 0.000000 0.115651 101.809733 -0.008027 1.923022 -0.036892 
900 1.942780 0.000000 0.138781 100.022528 -0.002202 2.530273 -0.001091 
901 2.064897 0.000000 0.231302 99.884426 0.000000 2.783753 0.001535 
902 2.016050 0.000000 0.231302 99.971076 -0.000958 3.123909 -0.000397 
903 2.113744 0.000000 0.231302 99.331737 -0.015826 1.938796 0.012945 
904 2.064897 0.000000 0.277562 99.730441 0.000000 3.691384 0.004021 
905 2.040474 0.000000 0.161911 100.678043 0.000397 1.487347 -0.013828 
906 2.016050 0.000000 0.161911 100.197618 0.000457 1.539550 -0.004193 
907 2.064897 0.000000 0.161911 101.077120 -0.000007 1.226106 -0.021809 
908 2.040474 0.000000 0.185042 100.374950 -0.000673 1.912439 -0.007879 
909 1.991627 0.000000 0.115651 101.289285 0.001643 -4.259448 -0.027766 
910 1.991627 0.000000 0.092521 100.812976 0.004524 -1.180904 -0.016465 
911 1.991627 0.000000 0.138781 100.885715 0.001343 0.434298 -0.017812 
912 1.967203 0.000000 0.231302 100.053376 -0.001450 3.324349 -0.002173 
913 1.918356 0.000000 0.231302 100.068881 -0.001268 3.439641 -0.002561 
914 1.967203 0.000000 0.277562 99.947436 -0.000750 4.064517 -0.000601 
915 1.991627 0.000000 0.161911 100.321781 0.000127 1.628687 -0.006711 
916 1.967203 0.000000 0.161911 100.364111 -0.001408 2.245673 -0.007800 
917 1.991627 0.000000 0.185042 100.150624 -0.001430 2.393148 -0.003587 
918 2.028262 0.000000 0.150346 100.301481 0.000711 1.313272 -0.006211 
919 2.016050 0.000000 0.150346 100.054960 0.000703 0.953738 -0.001190 
920 2.028262 0.000000 0.138781 100.074480 0.001464 1.189679 -0.001632 
921 2.040474 0.000000 0.150346 100.904208 0.000675 1.390931 -0.018359 
922 2.028262 0.000000 0.161911 100.307388 0.000498 1.550497 -0.006398 
923 2.003839 0.000000 0.127216 100.071274 0.002567 -0.131192 -0.001428 
924 1.991627 0.000000 0.127216 101.152160 0.001533 -1.097268 -0.023296 
925 2.003839 0.000000 0.115651 99.227552 0.001820 -1.592558 0.015136 
926 2.016050 0.000000 0.127216 99.753228 0.002501 0.273230 0.004922 
927 2.003839 0.000000 0.138781 99.932264 0.000927 0.064833 0.001354 
928 1.942780 0.000000 0.161911 99.979902 -0.002673 2.604614 -0.000276 
929 1.918356 0.000000 0.161911 99.541150 -0.002161 2.457837 0.008552 
930 1.942780 0.000000 0.185042 99.990692 -0.002129 2.751650 -0.000571 
931 1.979415 0.000000 0.150346 100.671354 0.000009 1.548794 -0.013712 
932 1.967203 0.000000 0.150346 100.927849 -0.000424 2.027532 -0.019054 
933 1.979415 0.000000 0.138781 101.241121 0.000186 1.059472 -0.025089 
934 1.991627 0.000000 0.150346 100.559267 0.000363 0.857679 -0.011290 
935 1.979415 0.000000 0.161911 100.413827 -0.000108 1.852540 -0.008637 
936 2.089321 0.000000 0.161911 101.430838 -0.015905 -0.534483 -0.028850 
937 2.113744 0.000000 0.161911 100.790768 0.045424 -1.714343 -0.016172 
938 2.089321 0.000000 0.185042 100.519254 -0.037612 0.579218 -0.010446 
939 2.040474 0.000000 0.208172 100.131612 -0.000433 2.408281 -0.003214 
940 2.016050 0.000000 0.208172 100.072619 -0.001142 2.667287 -0.002164 
941 2.064897 0.000000 0.208172 100.146047 0.000000 2.213472 -0.003413 
942 2.040474 0.000000 0.231302 99.906278 -0.000000 2.930970 0.001014 
943 2.052686 0.000000 0.173476 100.689863 -0.000196 1.434176 -0.014051 
944 2.040474 0.000000 0.173476 100.443486 -0.000348 1.605003 -0.009147 
945 2.052686 0.000000 0.161911 101.004795 0.000381 1.331923 -0.020374 
946 2.064897 0.000000 0.173476 100.797259 0.000000 1.382325 -0.016200 
947 2.052686 0.000000 0.185042 100.452362 -0.000363 1.772196 -0.009382 
948 1.954991 0.000000 0.150346 100.426185 -0.001669 2.410189 -0.009123 
949 1.942780 0.000000 0.150346 99.770305 -0.002151 2.527599 0.003950 
950 1.954991 0.000000 0.138781 100.647050 -0.001896 2.417165 -0.013567 
951 1.954991 0.000000 0.161911 100.166894 -0.002196 2.561709 -0.003997 
952 1.979415 0.000000 0.127216 101.983687 0.001058 0.327942 -0.040078 
953 1.967203 0.000000 0.127216 101.637588 -0.004810 2.788503 -0.033798 
954 1.979415 0.000000 0.115651 102.266395 -0.004730 -2.409533 -0.046422 
955 1.973309 0.000000 0.144564 101.221551 -0.000124 1.659463 -0.024856 
956 1.967203 0.000000 0.144564 101.193622 -0.000340 2.120012 -0.024464 
957 1.973309 0.000000 0.138781 101.309885 -0.000042 1.525284 -0.026602 
958 1.979415 0.000000 0.144564 101.095396 0.000097 1.194861 -0.022171 
959 1.973309 0.000000 0.150346 100.906892 -0.000163 1.676104 -0.018501 
960 2.162591 0.000000 0.231302 98.384455 0.007117 1.914596 0.031683 
961 2.211438 0.000000 0.231302 97.685257 0.025433 2.676008 0.045043 
962 2.162591 0.000000 0.277562 98.762226 0.009323 3.387408 0.023455 
963 2.089321 0.000000 0.208172 99.987272 -0.036104 1.573412 0.000007 
964 2.113744 0.000000 0.208172 99.569954 0.012250 1.044392 0.008473 
965 2.089321 0.000000 0.231302 99.680754 -0.004867 2.309660 0.005841 
966 2.052686 0.000000 0.196607 100.366320 0.000000 1.998870 -0.007739 
967 2.040474 0.000000 0.196607 100.310953 -0.000779 2.163084 -0.006697 
968 2.064897 0.000000 0.196607 100.388915 0.000000 1.897658 -0.008154 
969 2.052686 0.000000 0.208172 100.144774 0.000000 2.292557 -0.003423 
970 2.016050 0.000000 0.462604 99.624046 -0.000000 5.573779 0.004398 
971 1.918356 0.000000 0.462604 99.794261 -0.025598 5.709330 0.000851 
972 2.113744 0.000000 0.462604 99.437873 -0.016886 5.581869 0.008095 
973 2.016050 0.000000 0.555125 99.714055 -0.019629 5.999600 0.002111 
974 2.064897 0.000000 0.323823 99.687121 0.000000 4.343039 0.004362 
975 2.016050 0.000000 0.323823 99.841754 0.000000 4.486847 0.001149 
976 2.113744 0.000000 0.323823 99.536581 -0.018447 4.247252 0.007443 
977 2.064897 0.000000 0.370083 99.719697 0.000000 4.853303 0.003243 
978 2.040474 0.000000 0.254432 99.864048 0.000000 3.403301 0.001559 
979 2.016050 0.000000 0.254432 99.901030 -0.000000 3.586170 0.000692 
980 2.064897 0.000000 0.254432 99.825670 0.000000 3.322785 0.002379 
981 2.040474 0.000000 0.277562 99.781349 0.000000 3.754596 0.002959 
982 2.052686 0.000000 0.219737 99.981217 0.000000 2.459118 -0.000229 
983 2.040474 0.000000 0.219737 99.977276 0.000000 2.599728 -0.000221 
984 2.064897 0.000000 0.219737 99.978302 0.000000 2.360312 -0.000123 
985 2.052686 0.000000 0.231302 99.898991 0.000000 2.841973 0.001211 
986 2.089321 0.000000 0.254432 99.648103 0.003943 3.022617 0.006112 
987 2.113744 0.000000 0.254432 99.311874 -0.000730 2.759559 0.012954 
988 2.089321 0.000000 0.277562 99.590074 0.006054 3.535331 0.006932 
989 2.052686 0.000000 0.242867 99.907999 0.000000 3.106210 0.000874 
990 2.040474 0.000000 0.242867 99.921269 0.000000 3.183930 0.000560 
991 2.064897 0.000000 0.242867 99.897450 0.000000 3.071406 0.001107 
992 2.052686 0.000000 0.254432 99.840629 0.000000 3.349649 0.002063 
993 1.967203 0.000000 0.323823 99.900535 -0.000000 4.634182 -0.000159 
994 1.918356 0.000000 0.323823 99.967583 0.000000 4.635097 -0.001500 
995 1.967203 0.000000 0.370083 99.898790 -0.000000 5.018304 -0.000495 
996 2.040474 0.000000 0.300692 99.860403 0.000000 4.231657 0.000999 
997 2.016050 0.000000 0.300692 99.902791 0.000000 4.302232 0.000092 
998 2.064897 0.000000 0.300692 99.787243 0.000000 4.197555 0.002489 
999 2.040474 0.000000 0.323823 99.763859 0.000000 4.388292 0.002792 
1000 2.052686 0.000000 0.265997 99.755582 0.000000 3.421788 0.003712 
1001 2.040474 0.000000 0.265997 99.781508 0.000000 3.473024 0.003159 
1002 2.064897 0.000000 0.265997 99.737822 0.000000 3.403794 0.004078 
1003 2.052686 0.000000 0.277562 99.741134 0.000000 3.687249 0.003811 
1004 1.967203 0.000000 -0.138781 105.909659 0.002982 -1.756338 -0.121994 
1005 1.967203 0.000000 -0.185042 101.599069 -0.000197 2.458420 -0.032841 
1006 1.967203 0.000000 -0.092521 101.274028 0.022053 -1.790472 -0.025964 
1007 1.893933 0.000000 -0.115651 99.086927 -0.001276 0.460039 0.018157 
1008 1.893933 0.000000 -0.138781 98.636137 -0.000204 1.127497 0.026964 
1009 1.918356 0.000000 -0.115651 99.185560 -0.001117 -1.100098 0.016101 
1010 1.893933 0.000000 -0.092521 101.172107 -0.003886 3.040603 -0.024504 
1011 1.869509 0.000000 -0.231302 99.923393 -0.000493 3.127394 0.000553 
1012 1.820662 0.000000 -0.231302 101.025268 0.004198 1.793867 -0.020932 
1013 1.869509 0.000000 -0.277562 101.169873 -0.001697 1.105093 -0.023656 
1014 1.918356 0.000000 -0.231302 100.088955 -0.000125 3.555302 -0.003044 
1015 1.845086 0.000000 -0.161911 99.670211 0.001333 2.621311 0.005898 
1016 1.820662 0.000000 -0.161911 100.651444 0.003006 2.959168 -0.013947 
1017 1.845086 0.000000 -0.185042 100.355623 0.002551 2.670153 -0.007838 
1018 1.869509 0.000000 -0.161911 98.810933 0.000179 2.535790 0.022997 
1019 1.857297 0.000000 -0.127216 98.196761 0.000182 2.521535 0.035104 
1020 1.845086 0.000000 -0.127216 98.933963 0.000559 2.770892 0.020439 
1021 1.857297 0.000000 -0.138781 98.249060 0.000176 2.649745 0.034010 
1022 1.869509 0.000000 -0.127216 98.525978 0.000150 2.098850 0.028823 
1023 1.857297 0.000000 -0.115651 98.440015 0.000119 2.557869 0.030302 
1024 1.893933 0.000000 -0.161911 99.166399 -0.000181 1.897572 0.016242 
1025 1.893933 0.000000 -0.185042 99.503984 -0.000126 2.653450 0.009192 
1026 1.918356 0.000000 -0.161911 99.916183 -0.000180 1.044923 0.001566 
1027 1.857297 0.000000 -0.150346 98.639481 0.000244 2.622216 0.026338 
1028 1.845086 0.000000 -0.150346 99.253952 0.000922 2.614544 0.014182 
1029 1.857297 0.000000 -0.161911 99.102492 0.000683 2.637274 0.017174 
1030 1.869509 0.000000 -0.150346 98.656981 0.000200 2.375687 0.026116 
1031 1.967203 0.000000 -0.231302 100.821835 -0.000134 3.683446 -0.017861 
1032 1.967203 0.000000 -0.277562 100.373983 -0.000039 4.634893 -0.009642 
1033 2.016050 0.000000 -0.231302 101.143487 -0.000035 4.350045 -0.024893 
1034 1.893933 0.000000 -0.208172 99.660117 -0.000113 3.211224 0.005755 
1035 1.869509 0.000000 -0.208172 99.692962 -0.000134 3.201272 0.005107 
1036 1.893933 0.000000 -0.231302 99.783669 -0.000104 3.649191 0.002990 
1037 1.918356 0.000000 -0.208172 100.099591 -0.000153 2.934991 -0.002854 
1038 2.895297 0.000000 -0.185042 99.893833 0.007977 4.580678 0.000024 
1039 2.895297 0.000000 -0.370083 99.805222 0.002416 5.845457 0.000475 
1040 3.090685 0.000000 -0.185042 99.888956 0.041587 4.695894 0.000014 
1041 2.895297 0.000000 0.000000 100.032502 -0.012727 2.291112 -0.001175 
1042 2.064897 0.000000 -0.231302 101.214711 -0.000000 5.052594 -0.026995 
1043 2.064897 0.000000 -0.277562 100.558992 -0.000000 5.312860 -0.014034 
1044 2.113744 0.000000 -0.231302 100.538270 0.050094 6.163229 -0.014593 
1045 2.040474 0.000000 -0.161911 102.744692 0.003233 2.971074 -0.056530 
1046 2.016050 0.000000 -0.161911 102.226166 0.005298 2.893416 -0.045856 
1047 2.040474 0.000000 -0.185042 102.220891 -0.000046 3.968426 -0.046486 
1048 2.064897 0.000000 -0.161911 103.212938 0.004363 3.179650 -0.066302 
1049 2.040474 0.000000 -0.138781 103.076127 0.003761 0.918471 -0.062553 
1050 2.602215 0.000000 -0.092521 100.242001 -0.017597 3.183120 -0.005859 
1051 2.602215 0.000000 -0.185042 100.013437 0.058078 4.273772 -0.002096 
1052 2.699909 0.000000 -0.092521 100.048389 0.025655 3.262250 -0.002032 
1053 2.602215 0.000000 0.000000 100.319850 0.037474 2.155134 -0.006872 
1054 2.895297 0.000000 0.185042 100.021622 0.008726 3.114990 -0.001403 
1055 3.090685 0.000000 0.185042 100.016418 0.011677 2.964299 -0.001207 
1056 2.895297 0.000000 0.370083 99.859086 0.019894 5.103333 0.000212 
1057 2.797603 0.000000 -0.092521 99.980373 -0.029748 3.327540 -0.000715 
1058 2.797603 0.000000 -0.185042 99.907340 0.006481 4.522232 -0.000193 
1059 2.895297 0.000000 -0.092521 99.960381 -0.007859 3.402666 -0.000366 
1060 2.797603 0.000000 0.000000 100.055303 -0.011801 2.231879 -0.001605 
1061 5.044566 0.000000 -0.740166 99.773221 0.002919 6.690531 0.000054 
1062 5.044566 0.000000 -1.480332 99.760261 0.003889 6.883876 0.000050 
1063 5.826119 0.000000 -0.740166 99.772805 0.002591 6.718643 0.000025 
1064 5.044566 0.000000 0.000000 99.953314 0.023224 4.121798 -0.000765 
1065 3.872238 0.000000 -0.370083 99.812233 0.022424 6.072041 0.000065 
1066 3.872238 0.000000 -0.740166 99.772794 0.004540 6.641605 0.000128 
1067 4.263014 0.000000 -0.370083 99.808783 0.021271 6.145470 0.000044 
1068 3.872238 0.000000 0.000000 100.026216 -0.005439 3.014325 -0.001433 
1069 3.286073 0.000000 -0.185042 99.889846 0.004096 4.824029 -0.000125 
1070 3.286073 0.000000 -0.370083 99.813361 -0.012416 5.952655 0.000186 
1071 3.481461 0.000000 -0.185042 99.886300 -0.059761 4.937023 -0.000165 
1072 3.286073 0.000000 0.000000 100.048348 -0.008621 2.536915 -0.001611 
1073 2.992991 0.000000 -0.092521 99.958558 -0.008058 3.475750 -0.000379 
1074 2.992991 0.000000 -0.185042 99.885543 0.021684 4.621395 0.000152 
1075 3.090685 0.000000 -0.092521 99.962195 0.019307 3.559965 -0.000511 
1076 2.992991 0.000000 0.000000 100.031428 -0.013420 2.348642 -0.001180 
1077 5.044566 0.000000 0.740166 99.814805 -0.006972 6.112172 -0.000035 
1078 5.826119 0.000000 0.740166 99.827843 -0.023814 5.940300 -0.000089 
1079 5.044566 0.000000 1.480332 99.767256 -0.000839 6.805985 0.000017 
1080 3.872238 0.000000 0.370083 99.927200 -0.013042 4.439181 -0.000515 
1081 4.263014 0.000000 0.370083 99.949953 0.027730 4.145375 -0.000718 
1082 3.872238 0.000000 0.740166 99.797965 -0.001748 6.304442 0.000062 
1083 3.286073 0.000000 0.185042 100.028767 0.048027 2.822635 -0.001372 
1084 3.481461 0.000000 0.185042 100.045078 -0.097130 2.672694 -0.001617 
1085 3.286073 0.000000 0.370083 99.890649 0.072066 4.799718 -0.000118 
1086 3.188379 0.000000 -0.092521 99.966265 -0.045282 3.660532 -0.000666 
1087 3.188379 0.000000 -0.185042 99.891204 0.011799 4.760413 -0.000091 
1088 3.286073 0.000000 -0.092521 99.962379 0.098979 3.772795 -0.000672 
1089 3.188379 0.000000 0.000000 100.049328 0.010050 2.468019 -0.001596 
1090 2.504521 0.000000 -0.555125 99.744143 -0.023659 6.364164 0.001060 
1091 2.504521 0.000000 -0.740166 99.729466 -0.016408 6.612545 0.001031 
1092 2.699909 0.000000 -0.555125 99.770520 -0.011838 6.359710 0.000540 
1093 2.406827 0.000000 -0.277562 99.824633 -0.019944 4.896007 0.001107 
1094 2.406827 0.000000 -0.370083 99.601427 0.024488 5.603771 0.004815 
1095 2.504521 0.000000 -0.277562 99.846200 0.060184 4.985637 0.000588 
1096 2.357979 0.000000 -0.231302 99.375715 0.029642 3.907897 0.010919 
1097 2.309132 0.000000 -0.231302 98.780301 0.006305 4.193935 0.022486 
1098 2.357979 0.000000 -0.277562 99.521476 -0.014730 4.857449 0.007188 
1099 2.406827 0.000000 -0.231302 99.890546 -0.001976 4.210521 0.000415 
1100 2.357979 0.000000 -0.185042 99.738052 -0.015757 2.609468 0.004551 
1101 2.602215 0.000000 -0.277562 99.902799 0.050037 5.218832 -0.000781 
1102 2.602215 0.000000 -0.370083 99.811384 0.024274 5.764127 0.000446 
1103 2.699909 0.000000 -0.277562 99.866833 0.000565 5.279270 -0.000125 
1104 3.481461 0.000000 -2.220498 99.751527 0.013052 6.930222 0.000160 
1105 3.481461 0.000000 -2.960664 99.754501 0.000544 6.952587 0.000070 
1106 4.263014 0.000000 -2.220498 99.755634 0.000878 6.931487 0.000077 
1107 3.090685 0.000000 -1.110249 99.756429 0.002931 6.805402 0.000234 
1108 3.090685 0.000000 -1.480332 99.752398 0.001867 6.878615 0.000214 
1109 3.481461 0.000000 -1.110249 99.762070 0.003958 6.810036 0.000115 
1110 2.895297 0.000000 -0.555125 99.777060 0.024849 6.377240 0.000387 
1111 2.895297 0.000000 -0.740166 99.763890 0.014634 6.613918 0.000342 
1112 3.090685 0.000000 -0.555125 99.780577 0.017734 6.390871 0.000299 
1113 2.797603 0.000000 -0.277562 99.852431 -0.018576 5.330670 0.000108 
1114 2.797603 0.000000 -0.370083 99.815455 -0.011117 5.836165 0.000281 
1115 2.895297 0.000000 -0.277562 99.846234 -0.016733 5.370177 0.000189 
1116 2.651062 0.000000 -0.231302 99.935758 0.043201 4.890100 -0.001107 
1117 2.602215 0.000000 -0.231302 99.938057 0.063847 4.772145 -0.001039 
1118 2.651062 0.000000 -0.277562 99.891940 0.026334 5.263964 -0.000611 
1119 2.699909 0.000000 -0.231302 99.904787 0.031754 4.910960 -0.000509 
1120 2.651062 0.000000 -0.185042 99.987838 0.071270 4.423279 -0.001714 
1121 2.553368 0.000000 -0.231302 99.955897 0.035406 4.642859 -0.001274 
1122 2.504521 0.000000 -0.231302 100.035314 0.025900 4.566329 -0.002792 
1123 2.553368 0.000000 -0.277562 99.889302 0.028708 5.132647 -0.000422 
1124 2.553368 0.000000 -0.185042 100.138597 0.065167 4.224767 -0.004559 
1125 2.602215 0.000000 -0.462604 99.772680 -0.006690 6.126725 0.000788 
1126 2.504521 0.000000 -0.462604 99.749614 0.071620 6.108485 0.001270 
1127 2.602215 0.000000 -0.555125 99.759274 -0.016631 6.356156 0.000769 
1128 2.699909 0.000000 -0.462604 99.785312 -0.003077 6.139000 0.000520 
1129 2.651062 0.000000 -0.323823 99.843530 0.022278 5.546477 0.000051 
1130 2.602215 0.000000 -0.323823 99.858973 0.032988 5.533904 -0.000244 
1131 2.651062 0.000000 -0.370083 99.812433 -0.022940 5.790336 0.000395 
1132 2.699909 0.000000 -0.323823 99.836800 -0.022177 5.575765 0.000152 
1133 2.626638 0.000000 -0.254432 99.921364 0.035499 5.067278 -0.000996 
1134 2.602215 0.000000 -0.254432 99.904721 0.054002 4.978746 -0.000574 
1135 2.626638 0.000000 -0.277562 99.897654 0.029267 5.246135 -0.000706 
1136 2.651062 0.000000 -0.254432 99.912743 0.032611 5.087644 -0.000844 
1137 2.626638 0.000000 -0.231302 99.947803 0.060228 4.860658 -0.001319 
1138 2.406827 0.000000 -0.462604 99.637604 0.084333 6.058297 0.003564 
1139 2.309132 0.000000 -0.462604 99.598968 0.064440 6.135672 0.004240 
1140 2.406827 0.000000 -0.555125 99.732609 0.046767 6.374611 0.001277 
1141 2.455674 0.000000 -0.323823 99.707683 0.021254 5.283265 0.003046 
1142 2.406827 0.000000 -0.323823 99.620831 0.004425 5.261912 0.004800 
1143 2.455674 0.000000 -0.370083 99.676877 0.039181 5.612425 0.003302 
1144 2.504521 0.000000 -0.323823 99.771696 0.035755 5.342088 0.001707 
1145 2.455674 0.000000 -0.277562 99.785109 0.016334 4.866773 0.001925 
1146 2.211438 0.000000 -0.462604 99.623978 0.028495 6.224855 0.003631 
1147 2.113744 0.000000 -0.462604 99.683941 0.012311 6.216244 0.002447 
1148 2.211438 0.000000 -0.555125 99.667276 0.043597 6.402967 0.002543 
1149 2.260285 0.000000 -0.323823 99.439134 -0.010776 5.742764 0.007888 
1150 2.211438 0.000000 -0.323823 99.663401 0.009484 6.008314 0.003111 
1151 2.260285 0.000000 -0.370083 99.481341 -0.018173 5.897703 0.006868 
1152 2.309132 0.000000 -0.323823 99.539362 -0.014613 5.522346 0.006142 
1153 2.260285 0.000000 -0.277562 98.863364 0.003285 5.466944 0.019615 
1154 2.357979 0.000000 -0.323823 99.481511 -0.020097 5.307131 0.007526 
1155 2.357979 0.000000 -0.370083 99.510542 0.025148 5.644049 0.006580 
1156 2.455674 0.000000 -0.231302 99.980921 -0.006933 4.366884 -0.001525 
1157 2.455674 0.000000 -0.185042 100.298301 0.004828 3.786926 -0.007409 
1158 2.431250 0.000000 -0.300692 99.703909 -0.000182 5.063542 0.003349 
1159 2.406827 0.000000 -0.300692 99.638562 -0.022396 5.051711 0.004664 
1160 2.431250 0.000000 -0.323823 99.657601 0.022830 5.263495 0.004066 
1161 2.455674 0.000000 -0.300692 99.758177 -0.002035 5.096437 0.002233 
1162 2.431250 0.000000 -0.277562 99.830667 -0.021911 4.877199 0.001005 
1163 2.992991 0.000000 -0.277562 99.839859 0.015211 5.409247 0.000274 
1164 2.992991 0.000000 -0.370083 99.810463 0.026286 5.885077 0.000324 
1165 3.090685 0.000000 -0.277562 99.841209 0.009634 5.443831 0.000210 
1166 3.286073 0.000000 -0.555125 99.783141 0.007059 6.406342 0.000228 
1167 3.286073 0.000000 -0.740166 99.768333 0.005238 6.619733 0.000246 
1168 3.481461 0.000000 -0.555125 99.783119 0.006628 6.418660 0.000213 
1169 3.188379 0.000000 -0.277562 99.842307 0.009149 5.479083 0.000149 
1170 3.188379 0.000000 -0.370083 99.812478 0.005270 5.931968 0.000228 
1171 3.286073 0.000000 -0.277562 99.842289 -0.016927 5.521687 0.000103 
1172 2.553368 0.000000 -0.323823 99.812898 0.062646 5.437157 0.000782 
1173 2.553368 0.000000 -0.370083 99.818108 0.059504 5.754038 0.000323 
1174 2.797603 0.000000 -0.462604 99.791065 -0.000619 6.155147 0.000386 
1175 2.797603 0.000000 -0.555125 99.763919 0.002558 6.353121 0.000680 
1176 2.895297 0.000000 -0.462604 99.783602 0.012067 6.156263 0.000533 
1177 2.651062 0.000000 -0.416343 99.793682 -0.010197 5.980137 0.000546 
1178 2.602215 0.000000 -0.416343 99.788901 0.025568 5.962070 0.000663 
1179 2.651062 0.000000 -0.462604 99.780411 -0.004930 6.132606 0.000626 
1180 2.699909 0.000000 -0.416343 99.797932 -0.009000 5.990670 0.000448 
1181 2.626638 0.000000 -0.346953 99.828016 0.023501 5.659652 0.000234 
1182 2.602215 0.000000 -0.346953 99.825504 0.026158 5.647301 0.000298 
1183 2.626638 0.000000 -0.370083 99.814881 0.021960 5.775113 0.000364 
1184 2.651062 0.000000 -0.346953 99.829340 0.040136 5.667170 0.000198 
1185 2.626638 0.000000 -0.323823 99.843594 0.024708 5.531636 0.000066 
1186 2.846450 0.000000 -0.323823 99.830131 -0.015480 5.629353 0.000226 
1187 2.797603 0.000000 -0.323823 99.832338 -0.016136 5.614157 0.000199 
1188 2.846450 0.000000 -0.370083 99.814738 -0.010409 5.847982 0.000282 
1189 2.895297 0.000000 -0.323823 99.828580 -0.015071 5.643605 0.000240 
1190 2.846450 0.000000 -0.277562 99.848950 -0.017531 5.352221 0.000154 
1191 2.992991 0.000000 -0.462604 99.791510 0.030513 6.185660 0.000339 
1192 2.992991 0.000000 -0.555125 99.779161 0.022310 6.383424 0.000337 
1193 3.090685 0.000000 -0.462604 99.792955 0.027033 6.197765 0.000295 
1194 3.041838 0.000000 -0.323823 99.824043 0.017092 5.688595 0.000280 
1195 2.992991 0.000000 -0.323823 99.823531 0.020916 5.675397 0.000305 
1196 3.041838 0.000000 -0.370083 99.811028 0.022545 5.895223 0.000300 
1197 3.090685 0.000000 -0.323823 99.824695 0.013374 5.702084 0.000252 
1198 3.041838 0.000000 -0.277562 99.840426 0.012379 5.426306 0.000244 
1199 2.944144 0.000000 -0.323823 99.820245 0.002684 5.644131 0.000406 
1200 2.944144 0.000000 -0.370083 99.806116 0.008449 5.857417 0.000443 
1201 2.944144 0.000000 -0.277562 99.844857 -0.016372 5.386984 0.000198 
1202 3.041838 0.000000 -0.231302 99.861107 0.015407 5.091927 0.000183 
1203 2.992991 0.000000 -0.231302 99.859127 0.002821 5.057501 0.000258 
1204 3.090685 0.000000 -0.231302 99.862222 0.013937 5.114648 0.000138 
1205 3.041838 0.000000 -0.185042 99.887164 0.043999 4.666750 0.000077 
1206 3.017414 0.000000 -0.300692 99.831461 0.018564 5.557864 0.000279 
1207 2.992991 0.000000 -0.300692 99.831236 0.020170 5.550408 0.000292 
1208 3.017414 0.000000 -0.323823 99.823759 0.018978 5.681962 0.000293 
1209 3.041838 0.000000 -0.300692 99.831757 0.017030 5.565407 0.000265 
1210 3.017414 0.000000 -0.277562 99.840097 0.013776 5.417721 0.000260 
1211 3.188379 0.000000 -0.462604 99.794295 0.006175 6.215343 0.000247 
1212 3.188379 0.000000 -0.555125 99.782599 0.001197 6.402553 0.000244 
1213 3.286073 0.000000 -0.462604 99.795517 0.012011 6.227308 0.000208 
1214 3.676849 0.000000 -0.185042 99.881110 0.003313 5.048851 -0.000173 
1215 3.676849 0.000000 -0.370083 99.813618 -0.057973 6.014325 0.000107 
1216 3.872238 0.000000 -0.185042 99.876260 -0.014558 5.156757 -0.000186 
1217 3.676849 0.000000 0.000000 100.035969 -0.006257 2.836847 -0.001524 
1218 3.383767 0.000000 -0.277562 99.849420 -0.313875 5.442220 0.000038 
1219 3.383767 0.000000 -0.370083 99.814405 0.126274 5.949380 0.000167 
1220 3.481461 0.000000 -0.277562 99.841080 0.008720 5.586905 0.000055 
1221 3.383767 0.000000 -0.185042 99.888541 0.031017 4.877535 -0.000151 
1222 3.237226 0.000000 -0.323823 99.825757 -0.009136 5.748724 0.000177 
1223 3.188379 0.000000 -0.323823 99.825626 0.010976 5.728807 0.000203 
1224 3.237226 0.000000 -0.370083 99.812967 0.000800 5.942328 0.000206 
1225 3.286073 0.000000 -0.323823 99.826009 -0.022438 5.763239 0.000155 
1226 3.237226 0.000000 -0.277562 99.842125 -0.010231 5.503277 0.000126 
1227 3.139532 0.000000 -0.323823 99.825783 0.018295 5.717295 0.000213 
1228 3.139532 0.000000 -0.370083 99.812790 0.030880 5.917701 0.000239 
1229 3.139532 0.000000 -0.277562 99.842239 0.016444 5.463120 0.000168 
1230 3.237226 0.000000 -0.231302 99.863160 -0.011752 5.190601 0.000041 
1231 3.188379 0.000000 -0.231302 99.863695 0.003411 5.160612 0.000061 
1232 3.286073 0.000000 -0.231302 99.863144 -0.010878 5.214689 0.000016 
1233 3.237226 0.000000 -0.185042 99.890089 0.001407 4.793610 -0.000101 
1234 3.212803 0.000000 -0.300692 99.833244 -0.004519 5.625434 0.000168 
1235 3.188379 0.000000 -0.300692 99.833462 0.013935 5.611346 0.000179 
1236 3.212803 0.000000 -0.323823 99.825552 -0.007397 5.741841 0.000189 
1237 3.237226 0.000000 -0.300692 99.833435 -0.005859 5.633311 0.000155 
1238 3.212803 0.000000 -0.277562 99.841947 -0.009096 5.494300 0.000140 
1239 2.455674 0.000000 -0.416343 99.632944 0.070273 5.834391 0.003923 
1240 2.406827 0.000000 -0.416343 99.629852 0.067171 5.873862 0.003939 
1241 2.455674 0.000000 -0.462604 99.730541 0.079267 6.116214 0.001640 
1242 2.504521 0.000000 -0.416343 99.757062 0.064003 5.936782 0.001328 
1243 2.357979 0.000000 -0.416343 99.566075 0.031658 5.897375 0.005182 
1244 2.309132 0.000000 -0.416343 99.528702 0.020907 5.961575 0.005850 
1245 2.357979 0.000000 -0.462604 99.616796 0.071780 6.088133 0.003942 
1246 2.431250 0.000000 -0.393213 99.653535 0.064538 5.750221 0.003610 
1247 2.406827 0.000000 -0.393213 99.607389 0.045993 5.750962 0.004529 
1248 2.431250 0.000000 -0.416343 99.656166 0.065081 5.866048 0.003423 
1249 2.455674 0.000000 -0.393213 99.680109 0.061737 5.744529 0.003087 
1250 2.431250 0.000000 -0.370083 99.640283 0.042573 5.608817 0.004035 
1251 2.553368 0.000000 -0.416343 99.777652 0.037208 5.952407 0.000899 
1252 2.553368 0.000000 -0.462604 99.763960 0.028385 6.117272 0.000973 
1253 2.480097 0.000000 -0.393213 99.712500 0.068430 5.797607 0.002380 
1254 2.480097 0.000000 -0.416343 99.767240 0.071655 5.951003 0.001108 
1255 2.504521 0.000000 -0.393213 99.786501 0.066196 5.849504 0.000843 
1256 2.480097 0.000000 -0.370083 99.717929 0.060314 5.630390 0.002463 
1257 2.431250 0.000000 -0.346953 99.646988 0.021816 5.444277 0.004084 
1258 2.406827 0.000000 -0.346953 99.595791 0.023233 5.442773 0.005105 
1259 2.455674 0.000000 -0.346953 99.686944 0.037647 5.462462 0.003267 
1260 2.443462 0.000000 -0.381648 99.664784 0.058820 5.687687 0.003458 
1261 2.431250 0.000000 -0.381648 99.640327 0.039699 5.678703 0.003956 
1262 2.443462 0.000000 -0.393213 99.668750 0.063164 5.749590 0.003308 
1263 2.455674 0.000000 -0.381648 99.685370 0.059330 5.687816 0.003047 
1264 2.443462 0.000000 -0.370083 99.659301 0.040836 5.609761 0.003655 
1265 2.260285 0.000000 -0.416343 99.531443 0.021240 6.046037 0.005694 
1266 2.211438 0.000000 -0.416343 99.627332 -0.003794 6.132220 0.003679 
1267 2.260285 0.000000 -0.462604 99.593694 0.035049 6.174900 0.004297 
1268 2.504521 0.000000 -0.925208 99.756340 0.000560 6.753461 0.000306 
1269 2.309132 0.000000 -0.925208 99.761118 -0.013314 6.765800 0.000194 
1270 2.504521 0.000000 -1.110249 99.761200 -0.019690 6.824685 0.000113 
1271 2.699909 0.000000 -0.925208 99.754890 0.001798 6.742612 0.000350 
1272 2.406827 0.000000 -0.647645 99.742968 -0.032304 6.534565 0.000864 
1273 2.309132 0.000000 -0.647645 99.751501 0.009458 6.549514 0.000674 
1274 2.406827 0.000000 -0.740166 99.746522 -0.030927 6.633088 0.000663 
1275 2.504521 0.000000 -0.647645 99.747154 -0.025225 6.519293 0.000800 
1276 2.455674 0.000000 -0.508864 99.733584 0.057891 6.252390 0.001412 
1277 2.406827 0.000000 -0.508864 99.724623 0.064591 6.270187 0.001568 
1278 2.455674 0.000000 -0.555125 99.737519 0.002340 6.368184 0.001187 
1279 2.504521 0.000000 -0.508864 99.745683 0.016271 6.250901 0.001172 
1280 2.431250 0.000000 -0.439474 99.675795 0.067515 5.974669 0.002903 
1281 2.406827 0.000000 -0.439474 99.576387 0.065610 5.943679 0.004921 
1282 2.431250 0.000000 -0.462604 99.720528 0.083459 6.124541 0.001830 
1283 2.455674 0.000000 -0.439474 99.728917 0.063378 6.033690 0.001773 
1284 2.992991 0.000000 0.092521 100.057549 -0.011445 2.235444 -0.001651 
1285 2.895297 0.000000 0.092521 100.063402 -0.014838 2.241853 -0.001771 
1286 3.090685 0.000000 0.092521 100.061295 0.008309 2.215553 -0.001717 
1287 2.992991 0.000000 0.185042 100.012384 0.028612 3.053913 -0.001180 
1288 3.188379 0.000000 0.092521 100.070391 0.003677 2.192889 -0.001889 
1289 3.286073 0.000000 0.092521 100.073667 -0.015444 2.176313 -0.001948 
1290 3.188379 0.000000 0.185042 100.023876 0.014486 2.889286 -0.001312 
1291 3.481461 0.000000 2.220498 99.763475 0.000031 6.911368 -0.000052 
1292 4.263014 0.000000 2.220498 99.760984 -0.000404 6.910983 -0.000002 
1293 3.481461 0.000000 2.960664 99.760861 -0.000267 6.943007 -0.000043 
1294 3.090685 0.000000 1.110249 99.764587 -0.000338 6.722824 0.000183 
1295 3.481461 0.000000 1.110249 99.771790 -0.001725 6.705352 0.000063 
1296 3.090685 0.000000 1.480332 99.762663 -0.000254 6.835050 0.000069 
1297 2.895297 0.000000 0.555125 99.789737 0.018328 6.029591 0.000565 
1298 2.699909 0.000000 0.555125 99.764076 0.003660 6.084371 0.001011 
1299 3.090685 0.000000 0.555125 99.801480 -0.009929 5.978247 0.000393 
1300 2.895297 0.000000 0.740166 99.765665 0.024100 6.428977 0.000548 
1301 2.992991 0.000000 0.277562 99.938054 0.049756 4.129343 -0.000467 
1302 2.895297 0.000000 0.277562 99.940843 0.026327 4.216111 -0.000595 
1303 3.090685 0.000000 0.277562 99.942638 0.041821 4.046790 -0.000491 
1304 2.992991 0.000000 0.370083 99.871728 0.028461 5.021920 0.000042 
1305 3.041838 0.000000 0.138781 100.041966 -0.005180 2.534337 -0.001482 
1306 2.992991 0.000000 0.138781 100.044884 -0.028903 2.562065 -0.001554 
1307 3.041838 0.000000 0.092521 100.056255 0.011345 2.225286 -0.001621 
1308 3.090685 0.000000 0.138781 100.045203 -0.006871 2.508405 -0.001533 
1309 3.041838 0.000000 0.185042 100.014021 0.039870 3.001818 -0.001182 
1310 2.504521 0.000000 0.555125 99.678584 0.021282 6.124117 0.002667 
1311 2.504521 0.000000 0.740166 99.703760 0.026797 6.461373 0.001741 
1312 2.406827 0.000000 0.277562 99.590829 -0.013773 5.033684 0.005633 
1313 2.504521 0.000000 0.277562 99.774797 0.063379 4.864987 0.002132 
1314 2.406827 0.000000 0.370083 99.417219 -0.011618 5.558761 0.008532 
1315 2.260285 0.000000 0.231302 97.583271 0.026152 3.900954 0.046229 
1316 2.309132 0.000000 0.231302 98.190311 0.012216 4.887465 0.033478 
1317 2.260285 0.000000 0.277562 98.183094 -0.006215 4.397162 0.034074 
1318 2.406827 0.000000 0.462604 99.527601 0.033632 5.875504 0.005973 
1319 2.309132 0.000000 0.462604 99.389741 0.026054 5.798214 0.008806 
1320 2.504521 0.000000 0.462604 99.682025 0.035499 5.834413 0.002945 
1321 2.406827 0.000000 0.555125 99.633658 -0.005410 6.102805 0.003589 
1322 2.602215 0.000000 0.462604 99.737267 0.029924 5.813927 0.001868 
1323 2.602215 0.000000 0.370083 99.808561 0.076978 5.326758 0.000987 
1324 2.699909 0.000000 0.462604 99.790169 0.019213 5.750956 0.000885 
1325 2.602215 0.000000 0.555125 99.737472 0.003813 6.103501 0.001518 
1326 2.455674 0.000000 0.416343 99.504030 0.038419 5.767749 0.006568 
1327 2.406827 0.000000 0.416343 99.465732 0.036986 5.725583 0.007378 
1328 2.455674 0.000000 0.370083 99.548242 0.014268 5.537698 0.005948 
1329 2.504521 0.000000 0.416343 99.686220 0.036663 5.644029 0.003080 
1330 2.455674 0.000000 0.462604 99.636362 0.033563 5.834676 0.003855 
1331 2.211438 0.000000 0.462604 99.360256 -0.014478 5.665036 0.009545 
1332 2.211438 0.000000 0.555125 99.548351 0.004053 6.028484 0.005378 
1333 2.357979 0.000000 0.416343 99.357716 -0.006588 5.702912 0.009552 
1334 2.309132 0.000000 0.416343 99.268294 -0.011380 5.623353 0.011418 
1335 2.357979 0.000000 0.370083 99.261704 -0.015257 5.515691 0.011669 
1336 2.357979 0.000000 0.462604 99.441375 0.027689 5.860590 0.007707 
1337 2.602215 0.000000 0.277562 99.904834 0.048442 4.570341 -0.000187 
1338 2.602215 0.000000 0.185042 100.062166 0.020184 3.578839 -0.002525 
1339 2.699909 0.000000 0.277562 99.918771 0.022792 4.440989 -0.000348 
1340 2.455674 0.000000 0.323823 99.572448 -0.003714 5.308005 0.005715 
1341 2.406827 0.000000 0.323823 99.415185 -0.026658 5.346211 0.008804 
1342 2.455674 0.000000 0.277562 99.650290 0.001695 5.021907 0.004460 
1343 2.504521 0.000000 0.323823 99.691071 0.017331 5.221844 0.003442 
1344 2.431250 0.000000 0.393213 99.502615 0.035631 5.638413 0.006744 
1345 2.406827 0.000000 0.393213 99.435470 0.017003 5.642680 0.008075 
1346 2.431250 0.000000 0.370083 99.485795 0.015623 5.547496 0.007180 
1347 2.455674 0.000000 0.393213 99.557938 0.034856 5.627965 0.005654 
1348 2.431250 0.000000 0.416343 99.513852 0.036548 5.732028 0.006414 
1349 2.797603 0.000000 0.462604 99.810545 0.015237 5.707466 0.000528 
1350 2.797603 0.000000 0.370083 99.859339 0.005551 5.156563 0.000152 
1351 2.895297 0.000000 0.462604 99.811515 0.024727 5.677358 0.000543 
1352 2.797603 0.000000 0.555125 99.767336 0.014396 6.072425 0.000960 
1353 2.651062 0.000000 0.416343 99.782036 0.015603 5.570533 0.001251 
1354 2.602215 0.000000 0.416343 99.755268 0.021721 5.602313 0.001750 
1355 2.651062 0.000000 0.370083 99.811901 0.015318 5.292320 0.000958 
1356 2.699909 0.000000 0.416343 99.811192 0.008722 5.520287 0.000725 
1357 2.651062 0.000000 0.462604 99.773928 0.017344 5.773820 0.001183 
1358 2.260285 0.000000 0.416343 99.221879 -0.014678 5.511727 0.012464 
1359 2.211438 0.000000 0.416343 99.274207 -0.038042 5.382239 0.011566 
1360 2.260285 0.000000 0.370083 99.082437 -0.060607 5.210450 0.015552 
1361 2.260285 0.000000 0.462604 99.352264 -0.010307 5.739347 0.009619 
1362 2.553368 0.000000 0.416343 99.735234 0.062786 5.625887 0.002123 
1363 2.553368 0.000000 0.370083 99.760462 0.034338 5.367812 0.001904 
1364 2.553368 0.000000 0.462604 99.710356 0.031649 5.830965 0.002384 
1365 2.504521 0.000000 0.925208 99.745261 0.025993 6.630085 0.000692 
1366 2.309132 0.000000 0.925208 99.751714 0.034072 6.626437 0.000568 
1367 2.699909 0.000000 0.925208 99.743288 0.017823 6.632897 0.000728 
1368 2.504521 0.000000 1.110249 99.748774 0.021797 6.736198 0.000481 
1369 2.602215 0.000000 0.647645 99.734443 0.010768 6.310080 0.001322 
1370 2.504521 0.000000 0.647645 99.715052 0.018227 6.307985 0.001712 
1371 2.699909 0.000000 0.647645 99.735100 0.024434 6.314375 0.001304 
1372 2.602215 0.000000 0.740166 99.717871 0.028232 6.464646 0.001455 
1373 2.651062 0.000000 0.508864 99.760765 0.000661 5.951303 0.001237 
1374 2.602215 0.000000 0.508864 99.742520 0.003449 5.965496 0.001584 
1375 2.699909 0.000000 0.508864 99.775346 0.002581 5.934678 0.000966 
1376 2.651062 0.000000 0.555125 99.752588 0.001240 6.094075 0.001228 
1377 2.626638 0.000000 0.439474 99.758872 0.024848 5.701093 0.001566 
1378 2.602215 0.000000 0.439474 99.745012 0.027189 5.714686 0.001827 
1379 2.626638 0.000000 0.416343 99.769683 0.017225 5.587078 0.001479 
1380 2.651062 0.000000 0.439474 99.770772 0.022702 5.687114 0.001345 
1381 2.626638 0.000000 0.462604 99.750267 0.027738 5.802715 0.001621 
1382 -8.241827 0.000000 -8.881993 99.756133 0.000017 6.975546 0.000006 
1383 -11.368037 0.000000 -8.881993 99.756250 0.000011 6.975611 0.000003 
1384 -8.241827 0.000000 -11.842658 99.756172 0.000018 6.975526 0.000005 
1385 10.515434 0.000000 -8.881993 99.756281 0.000144 6.972718 0.000007 
1386 10.515434 0.000000 -11.842658 99.756245 0.000102 6.974020 0.000005 
1387 13.641644 0.000000 -8.881993 99.756414 0.000149 6.972760 0.000004 
1388 -8.241827 0.000000 8.881993 99.756695 -0.000018 6.975583 -0.000006 
1389 -11.368037 0.000000 8.881993 99.756566 -0.000012 6.975630 -0.000003 
1390 -8.241827 0.000000 11.842658 99.756669 -0.000020 6.975546 -0.000005 
1391 -3.552511 0.000000 -4.440997 99.755213 0.000033 6.975179 0.000024 
1392 -5.115617 0.000000 -4.440997 99.755710 0.000021 6.975484 0.000014 
1393 -3.552511 0.000000 -5.921329 99.755441 0.000036 6.975119 0.000020 
1394 10.515434 0.000000 8.881993 99.756933 -0.000157 6.971679 -0.000005 
1395 13.641644 0.000000 8.881993 99.756835 -0.000169 6.971396 -0.000003 
1396 10.515434 0.000000 11.842658 99.756785 -0.000111 6.973559 -0.000005 
1397 5.826119 0.000000 -4.440997 99.755789 0.000300 6.964038 0.000028 
1398 5.826119 0.000000 -5.921329 99.755695 0.000209 6.969264 0.000023 
1399 7.389224 0.000000 -4.440997 99.756343 0.000312 6.964108 0.000017 
1400 -3.552511 0.000000 4.440997 99.757508 -0.000032 6.975541 -0.000022 
1401 -5.115617 0.000000 4.440997 99.757003 -0.000022 6.975666 -0.000012 
1402 -3.552511 0.000000 5.921329 99.757436 -0.000036 6.975350 -0.000020 
1403 -1.207854 0.000000 -2.220498 99.755480 0.010290 6.966520 0.000031 
1404 -1.989406 0.000000 -2.220498 99.752908 -0.000050 6.973441 0.000073 
1405 -1.207854 0.000000 -2.960664 99.752705 -0.000010 6.971283 0.000080 
1406 5.826119 0.000000 4.440997 99.758458 -0.000294 6.960037 -0.000019 
1407 7.389224 0.000000 4.440997 99.758083 -0.000320 6.958918 -0.000010 
1408 5.826119 0.000000 5.921329 99.757918 -0.000210 6.967414 -0.000019 
1409 -1.207854 0.000000 2.220498 99.766356 -0.000138 6.980967 -0.000206 
1410 -1.989406 0.000000 2.220498 99.757902 -0.000142 6.975546 -0.000030 
1411 -1.207854 0.000000 2.960664 99.759633 -0.000157 6.974553 -0.000063 
1412 -0.817078 0.000000 -1.110249 99.734912 -0.000062 6.969103 0.000438 
1413 -1.207854 0.000000 -1.110249 99.742395 -0.000816 6.980400 0.000273 
1414 -0.817078 0.000000 -1.480332 99.744170 0.004292 6.965167 0.000259 
1415 -0.230913 0.000000 -0.555125 99.569954 0.024938 7.010338 0.003668 
1416 -0.426301 0.000000 -0.555125 99.677274 0.014880 7.021934 0.001513 
1417 -0.230913 0.000000 -0.740166 99.619286 0.010893 6.960007 0.002756 
1418 0.941416 0.000000 -0.555125 99.730691 0.002283 6.708305 0.000879 
1419 0.941416 0.000000 -0.740166 99.700107 -0.010815 6.821568 0.001335 
1420 -0.817078 0.000000 1.110249 99.756901 -0.000503 6.978773 -0.000014 
1421 -1.207854 0.000000 1.110249 99.757314 -0.007267 6.975695 -0.000018 
1422 -0.817078 0.000000 1.480332 99.764894 -0.002918 6.982669 -0.000179 
1423 -0.230913 0.000000 0.555125 99.734444 -0.000117 6.936331 0.000493 
1424 -0.426301 0.000000 0.555125 99.778271 -0.009490 6.962634 -0.000418 
1425 -0.230913 0.000000 0.740166 99.755113 -0.026908 6.980202 0.000019 
1426 -0.133219 0.000000 -0.277562 99.461361 0.007357 7.526028 0.005080 
1427 -0.230913 0.000000 -0.277562 99.690627 0.127540 7.439905 0.000641 
1428 -0.133219 0.000000 -0.370083 99.285815 0.061033 7.197688 0.009052 
1429 0.941416 0.000000 0.555125 99.867207 0.009075 6.688745 -0.001820 
1430 0.941416 0.000000 0.740166 99.804947 0.009468 6.795274 -0.000720 
1431 -0.133219 0.000000 0.277562 99.909925 -0.126435 6.424028 -0.002328 
1432 -0.230913 0.000000 0.277562 99.939945 0.063789 6.588875 -0.003141 
1433 -0.133219 0.000000 0.370083 99.640436 -0.057419 6.719681 0.002663 
1434 0.037745 0.000000 -0.115651 86.902650 0.049056 3.703529 0.243421 
1435 0.013322 0.000000 -0.115651 86.268003 0.019601 10.374110 0.245021 
1436 0.037745 0.000000 -0.138781 91.448719 0.071072 5.151058 0.161059 
1437 0.648333 0.000000 -0.277562 101.364236 -0.010316 1.870323 -0.027821 
1438 0.648333 0.000000 -0.370083 99.745877 0.025398 6.462046 0.000900 
1439 0.746027 0.000000 -0.277562 102.306401 0.016753 2.825528 -0.047458 
1440 0.648333 0.000000 0.277562 101.379606 -0.021470 1.871805 -0.028133 
1441 0.746027 0.000000 0.277562 102.363899 -0.000572 2.824907 -0.048635 
1442 0.648333 0.000000 0.370083 99.917621 -0.043094 6.247954 -0.002257 
1443 0.037745 0.000000 0.115651 90.761637 -0.098053 6.921055 0.171441 
1444 0.013322 0.000000 0.115651 90.169012 -0.117352 1.697507 0.186665 
1445 0.037745 0.000000 0.138781 94.366974 -0.084200 6.573898 0.105165 
1446 0.098804 0.000000 -0.080956 90.011664 -0.048135 -14.763587 0.167993 
1447 0.098804 0.000000 -0.092521 90.155993 -0.006483 -14.953398 0.164829 
1448 0.098804 0.000000 -0.069391 90.000352 -0.051272 -14.755062 0.168222 
1449 0.098804 0.000000 0.080956 94.783803 -0.053624 16.018229 0.075944 
1450 0.098804 0.000000 0.069391 94.779322 -0.052604 16.019009 0.076027 
1451 0.098804 0.000000 0.092521 94.848595 -0.066745 15.991012 0.074803 
1452 0.233134 0.000000 -0.069391 87.812939 0.012968 -6.556670 0.224590 
1453 0.233134 0.000000 -0.046260 89.323423 -0.022676 -4.884411 0.199747 
1454 0.184287 0.000000 -0.115651 98.374046 -0.204038 -6.689312 0.027776 
1455 0.184287 0.000000 -0.138781 98.238163 -0.174714 -3.348090 0.033802 
1456 0.233134 0.000000 0.069391 87.851504 -0.045308 6.618189 0.223831 
1457 0.233134 0.000000 0.046260 89.326681 -0.045762 5.016096 0.199558 
1458 0.184287 0.000000 0.115651 101.043572 -0.325430 12.431806 -0.036446 
1459 0.184287 0.000000 0.138781 100.481845 -0.284414 11.527743 -0.022957 
1460 0.501792 0.000000 -0.046260 100.330943 -0.005657 4.946427 -0.009077 
1461 0.550639 0.000000 -0.046260 101.375740 -0.008206 6.263165 -0.031627 
1462 0.501792 0.000000 0.000000 101.377232 -0.009230 6.490445 -0.031947 
1463 0.501792 0.000000 0.046260 100.375777 -0.017875 4.944140 -0.009974 
1464 0.550639 0.000000 0.046260 101.378275 -0.010923 6.264192 -0.031679 
1465 0.428522 0.000000 -0.069391 99.078999 -0.002142 2.114823 0.017888 
1466 0.452945 0.000000 -0.069391 99.219266 -0.000387 3.592490 0.014263 
1467 0.428522 0.000000 -0.046260 99.030519 -0.002582 1.882091 0.018941 
1468 0.367463 0.000000 -0.104086 104.695479 0.080221 -2.926847 -0.096972 
1469 0.367463 0.000000 -0.115651 104.630812 0.077372 -2.642052 -0.095459 
1470 0.367463 0.000000 -0.092521 104.867173 0.080091 -2.855900 -0.100529 
1471 0.428522 0.000000 0.069391 99.179298 -0.030647 2.109748 0.015901 
1472 0.428522 0.000000 0.046260 99.132909 -0.030520 1.876339 0.016914 
1473 0.452945 0.000000 0.069391 99.313003 -0.028068 3.588213 0.012405 
1474 0.367463 0.000000 0.104086 105.858025 0.009265 3.218401 -0.121628 
1475 0.367463 0.000000 0.092521 106.023360 0.008796 3.145600 -0.125085 
1476 0.367463 0.000000 0.115651 105.695740 0.014262 2.926372 -0.118015 
1477 1.429886 0.000000 -0.277562 100.964727 -0.019933 1.854528 -0.019732 
1478 1.429886 0.000000 -0.370083 99.549913 0.010948 6.439066 0.004835 
1479 1.527580 0.000000 -0.277562 100.927361 0.002831 1.243074 -0.018788 
1480 1.429886 0.000000 0.277562 101.633973 -0.048447 1.838409 -0.033285 
1481 1.527580 0.000000 0.277562 102.559268 -0.026725 1.219575 -0.051989 
1482 1.429886 0.000000 0.370083 100.052352 0.002292 6.188691 -0.004877 
1483 5.044566 0.000000 -2.220498 99.757226 0.000835 6.931692 0.000045 
1484 5.044566 0.000000 -2.960664 99.756299 0.000593 6.950568 0.000037 
1485 5.826119 0.000000 -2.220498 99.759560 0.000796 6.935775 -0.000007 
1486 3.872238 0.000000 -1.110249 99.761758 0.004915 6.808774 0.000123 
1487 3.872238 0.000000 -1.480332 99.755981 0.001505 6.873659 0.000150 
1488 4.263014 0.000000 -1.110249 99.762613 0.002080 6.813771 0.000099 
1489 1.625274 0.000000 -0.277562 100.696032 0.014827 3.214015 -0.015002 
1490 1.625274 0.000000 -0.370083 99.364876 -0.042000 6.094295 0.008948 
1491 5.044566 0.000000 2.220498 99.761178 -0.000488 6.907413 -0.000000 
1492 5.826119 0.000000 2.220498 99.763110 -0.000554 6.900235 -0.000029 
1493 5.044566 0.000000 2.960664 99.759434 -0.000342 6.939374 -0.000010 
1494 3.872238 0.000000 1.110249 99.772039 0.000602 6.696773 0.000069 
1495 4.263014 0.000000 1.110249 99.774019 -0.001127 6.680990 0.000051 
1496 3.872238 0.000000 1.480332 99.766965 -0.003130 6.821918 0.000001 
1497 1.625274 0.000000 0.092521 102.442702 -0.008064 4.108762 -0.051139 
1498 1.625274 0.000000 0.185042 103.107221 -0.007503 5.014411 -0.065624 
1499 1.625274 0.000000 0.277562 103.263125 -0.008974 3.208266 -0.067357 
1500 1.625274 0.000000 0.370083 100.175112 -0.041879 5.947999 -0.007043 
1501 1.771815 0.000000 -0.046260 101.402730 -0.000922 4.882007 -0.030635 
1502 1.722968 0.000000 -0.046260 101.406650 0.003017 5.516303 -0.031374 
1503 1.771815 0.000000 0.000000 101.564714 -0.001752 5.141023 -0.034182 
1504 1.771815 0.000000 -0.231302 100.897011 0.007434 2.481328 -0.018636 
1505 1.722968 0.000000 -0.231302 100.578326 0.011881 3.622727 -0.012912 
1506 1.771815 0.000000 -0.277562 100.872784 0.011364 1.312803 -0.017704 
1507 1.967203 0.000000 -0.046260 101.365344 0.010516 2.854562 -0.028308 
1508 1.869509 0.000000 0.046260 101.890649 -0.008772 3.789815 -0.039607 
1509 1.820662 0.000000 0.046260 101.682871 -0.006621 4.293851 -0.035784 
1510 2.113744 0.000000 0.925208 99.782336 0.038026 6.631308 -0.000049 
1511 1.918356 0.000000 0.925208 99.809456 0.041110 6.679080 -0.000654 
1512 2.113744 0.000000 1.110249 99.771656 0.034166 6.742745 0.000015 
1513 2.113744 0.000000 -0.925208 99.761990 -0.036409 6.771328 0.000169 
1514 1.918356 0.000000 -0.925208 99.731733 -0.049141 6.753475 0.000797 
1515 2.113744 0.000000 -1.110249 99.755900 -0.026567 6.836912 0.000202 
1516 2.211438 0.000000 -0.647645 99.768370 0.025043 6.554722 0.000331 
1517 2.113744 0.000000 -0.647645 99.796236 0.034288 6.552954 -0.000223 
1518 2.211438 0.000000 -0.740166 99.760766 -0.052586 6.655119 0.000350 
1519 2.016050 0.000000 -0.462604 99.732714 0.000000 6.099462 0.001618 
1520 1.918356 0.000000 -0.462604 99.636037 -0.004682 6.083410 0.003565 
1521 2.016050 0.000000 -0.555125 99.712649 0.005404 6.390106 0.001655 
1522 2.089321 0.000000 -0.161911 103.780065 0.041474 5.650598 -0.080223 
1523 2.089321 0.000000 -0.185042 102.444650 -0.022919 5.694743 -0.052734 
1524 2.113744 0.000000 -0.161911 102.992473 0.092449 7.156616 -0.065868 
1525 2.040474 0.000000 -0.115651 101.430365 0.004227 -2.420577 -0.029398 
1526 2.016050 0.000000 -0.115651 100.133845 0.015384 2.973900 -0.003563 
1527 2.040474 0.000000 -0.092521 101.116631 0.039921 1.790870 -0.022778 
1528 3.286073 0.000000 0.555125 99.815204 -0.047276 5.919087 0.000189 
1529 3.481461 0.000000 0.555125 99.823788 0.022569 5.863504 0.000083 
1530 3.286073 0.000000 0.740166 99.785732 -0.006347 6.379098 0.000211 
1531 2.602215 0.000000 0.092521 100.301793 -0.016458 2.371659 -0.006607 
1532 2.699909 0.000000 0.092521 100.133207 0.038074 2.310777 -0.003200 
1533 2.260285 0.000000 -0.231302 98.414547 0.046847 4.996171 0.028961 
1534 2.211438 0.000000 -0.231302 98.637044 0.067406 5.939226 0.023545 
1535 2.162591 0.000000 -0.231302 99.504632 0.064825 6.460435 0.005709 
1536 2.162591 0.000000 -0.277562 99.543587 0.035050 6.071245 0.005421 
1537 2.138168 0.000000 -0.161911 101.582709 0.103616 8.188562 -0.038611 
1538 2.138168 0.000000 -0.185042 100.935676 0.063703 7.240486 -0.024044 
1539 2.162591 0.000000 -0.161911 99.904866 0.070365 8.494436 -0.005314 
1540 2.187015 0.000000 -0.161911 98.183056 0.070281 8.176947 0.029322 
1541 2.187015 0.000000 -0.185042 98.642137 0.068071 7.138778 0.021876 
1542 2.211438 0.000000 -0.161911 96.636915 0.056378 7.188489 0.060963 
1543 2.040474 0.000000 -0.069391 101.148136 0.035014 1.934047 -0.023469 
1544 2.016050 0.000000 -0.069391 101.086111 0.032180 2.455237 -0.022443 
1545 2.040474 0.000000 -0.046260 101.046218 0.028974 2.315747 -0.021570 
1546 2.040474 0.000000 0.069391 101.063263 0.009901 1.815227 -0.021708 
1547 2.016050 0.000000 0.069391 101.035743 0.008676 2.359269 -0.021379 
1548 2.040474 0.000000 0.046260 101.235011 0.007767 2.371509 -0.025415 
1549 2.260285 0.000000 0.323823 98.942242 -0.058643 4.791449 0.018747 
1550 2.211438 0.000000 0.323823 99.033267 -0.016058 4.471782 0.017241 
1551 2.309132 0.000000 0.323823 99.144913 -0.057665 5.067399 0.014460 
1552 2.162591 0.000000 0.323823 99.261503 -0.023636 4.311554 0.012856 
1553 2.162591 0.000000 0.370083 99.370708 -0.045733 4.869074 0.010175 
1554 2.138168 0.000000 0.161911 99.583367 0.047001 -2.490056 0.007695 
1555 2.162591 0.000000 0.161911 98.069117 0.012167 -2.568517 0.037585 
1556 2.138168 0.000000 0.185042 99.227712 0.059846 -0.527732 0.015358 
1557 2.357979 0.000000 -0.138781 100.996376 -0.037400 0.689038 -0.020074 
1558 2.406827 0.000000 -0.138781 101.034938 -0.029936 2.098532 -0.021246 
1559 2.455674 0.000000 -0.138781 100.757992 0.042450 3.098151 -0.016177 
1560 2.504521 0.000000 -0.138781 100.458251 -0.007736 3.453936 -0.010379 
1561 2.455674 0.000000 -0.092521 101.291526 0.003642 2.390498 -0.026569 
1562 2.455674 0.000000 -0.046260 101.798397 0.008243 2.033791 -0.036705 
1563 2.504521 0.000000 -0.046260 100.948630 0.018961 2.361449 -0.019620 
1564 2.455674 0.000000 0.000000 101.966367 -0.029060 2.153719 -0.040178 
1565 2.235862 0.000000 -0.161911 95.561550 0.100991 5.501327 0.083772 
1566 2.235862 0.000000 -0.185042 97.013239 0.087061 5.359643 0.055970 
1567 2.260285 0.000000 -0.161911 95.440178 0.060978 3.490144 0.087899 
1568 2.284709 0.000000 -0.115651 92.998308 0.098529 -6.202019 0.131284 
1569 2.284709 0.000000 -0.138781 95.276155 0.070247 -0.611667 0.092208 
1570 2.309132 0.000000 -0.115651 100.002358 0.062932 -5.388115 -0.002951 
1571 2.455674 0.000000 0.046260 101.772229 -0.021610 2.668129 -0.036471 
1572 2.504521 0.000000 0.046260 100.964089 0.031469 2.301535 -0.019905 
1573 2.455674 0.000000 0.092521 101.248792 0.008848 3.251225 -0.026189 
1574 2.357979 0.000000 0.138781 100.562028 -0.119311 6.334044 -0.015286 
1575 2.406827 0.000000 0.138781 100.814682 -0.102996 4.820326 -0.018685 
1576 2.357979 0.000000 0.185042 99.276892 -0.029504 5.525929 0.011356 
1577 2.284709 0.000000 0.115651 90.987696 0.081775 12.650601 0.156119 
1578 2.309132 0.000000 0.115651 98.956991 0.068451 12.110247 0.006085 
1579 2.284709 0.000000 0.138781 93.842305 0.032684 7.455228 0.113804 
1580 2.028262 0.000000 0.127216 100.031837 0.002437 1.061725 -0.000750 
1581 2.028262 0.000000 0.115651 98.966819 0.001650 0.571112 0.020524 
1582 2.040474 0.000000 0.127216 101.215697 0.001952 1.812488 -0.024790 
1583 1.820662 0.000000 0.462604 99.934930 -0.051336 5.861104 -0.002135 
1584 1.722968 0.000000 0.462604 100.095469 -0.036470 6.113759 -0.005648 
1585 1.820662 0.000000 0.555125 100.007919 -0.026379 6.225106 -0.004034 
1586 1.869509 0.000000 0.231302 100.570422 -0.005062 2.849225 -0.012253 
1587 1.820662 0.000000 0.231302 102.578047 -0.016368 1.723783 -0.052523 
1588 1.869509 0.000000 0.277562 102.099425 -0.025225 1.014549 -0.042532 
1589 1.869509 0.000000 0.323823 100.105469 0.009162 4.860004 -0.004472 
1590 1.820662 0.000000 0.323823 100.228697 0.000504 5.024825 -0.007104 
1591 1.869509 0.000000 0.370083 99.953935 -0.009751 5.209095 -0.001792 
1592 1.991627 0.000000 0.069391 101.098818 0.005643 2.682795 -0.022817 
1593 1.967203 0.000000 0.069391 101.281283 0.001297 2.641397 -0.026488 
1594 1.991627 0.000000 0.046260 101.212263 0.002701 2.662405 -0.025101 
1595 1.942780 0.000000 0.069391 101.588697 -0.008975 3.630708 -0.033345 
1596 1.918356 0.000000 0.069391 101.629719 -0.010000 3.503547 -0.034087 
1597 1.942780 0.000000 0.046260 101.533732 -0.007989 3.747144 -0.032314 
1598 1.954991 0.000000 0.127216 100.910493 -0.000273 2.862607 -0.019112 
1599 1.942780 0.000000 0.127216 100.165884 -0.007203 2.460241 -0.003926 
1600 1.954991 0.000000 0.115651 100.810713 -0.009055 3.557957 -0.017546 
1601 2.052686 0.000000 0.150346 101.628637 0.000417 1.302592 -0.033008 
1602 2.052686 0.000000 0.138781 102.133582 0.000500 1.716928 -0.043422 
1603 2.064897 0.000000 0.150346 101.725647 0.001426 1.090169 -0.034930 
1604 2.028262 0.000000 0.173476 100.239295 -0.000440 1.769295 -0.005105 
1605 2.016050 0.000000 0.173476 100.106822 -0.000508 1.802733 -0.002463 
1606 2.028262 0.000000 0.185042 100.221894 -0.000467 2.050024 -0.004863 
1607 1.991627 0.000000 0.208172 100.081069 -0.001597 2.798601 -0.002405 
1608 1.967203 0.000000 0.208172 100.086642 -0.001805 2.931007 -0.002593 
1609 1.991627 0.000000 0.231302 100.011436 -0.001292 3.244769 -0.001282 
1610 1.991627 0.000000 0.254432 99.981446 -0.001141 3.619814 -0.000939 
1611 1.967203 0.000000 0.254432 100.038511 -0.001394 3.689836 -0.002132 
1612 1.991627 0.000000 0.277562 99.887145 -0.000000 4.025994 0.000635 
1613 2.003839 0.000000 0.150346 100.171417 0.000689 0.968704 -0.003525 
1614 2.003839 0.000000 0.161911 100.147679 0.000359 1.497845 -0.003180 
1615 2.003839 0.000000 0.173476 100.148023 -0.000765 1.802253 -0.003287 
1616 1.991627 0.000000 0.173476 100.272652 -0.001169 1.893225 -0.005819 
1617 2.003839 0.000000 0.185042 100.138736 -0.000828 2.237600 -0.003277 
1618 1.979415 0.000000 0.173476 100.250078 -0.001060 2.133040 -0.005463 
1619 1.967203 0.000000 0.173476 100.166995 -0.001826 2.446064 -0.003941 
1620 1.979415 0.000000 0.185042 100.145156 -0.001810 2.447351 -0.003504 
1621 1.942780 0.000000 0.208172 100.034757 -0.001800 3.040966 -0.001620 
1622 1.918356 0.000000 0.208172 100.021206 -0.001659 3.088150 -0.001378 
1623 1.942780 0.000000 0.231302 100.061030 -0.001529 3.381518 -0.002364 
1624 1.954991 0.000000 0.173476 100.251127 -0.002531 2.622526 -0.005717 
1625 1.942780 0.000000 0.173476 99.901222 -0.001899 2.700310 0.001245 
1626 1.954991 0.000000 0.185042 100.050629 -0.001781 2.736372 -0.001762 
1627 2.028262 0.000000 0.196607 100.258477 -0.001076 2.297071 -0.005704 
1628 2.016050 0.000000 0.196607 100.181555 -0.001171 2.397966 -0.004209 
1629 2.028262 0.000000 0.208172 100.108257 -0.000864 2.567238 -0.002825 
1630 2.028262 0.000000 0.219737 100.015246 -0.000915 2.701970 -0.001035 
1631 2.016050 0.000000 0.219737 99.991426 -0.001172 2.787440 -0.000606 
1632 2.028262 0.000000 0.231302 99.934499 -0.000572 3.048694 0.000380 
1633 2.138168 0.000000 0.208172 99.094625 0.012312 0.879469 0.017948 
1634 2.162591 0.000000 0.208172 98.354184 0.047238 0.897297 0.032565 
1635 2.138168 0.000000 0.231302 98.969625 -0.018464 1.878156 0.020149 
1636 2.138168 0.000000 0.254432 98.963823 -0.000556 2.675568 0.019900 
1637 2.162591 0.000000 0.254432 98.649915 -0.015071 2.747671 0.026064 
1638 2.138168 0.000000 0.277562 99.152994 -0.004310 3.356164 0.015742 
1639 2.089321 0.000000 0.300692 99.630638 0.000256 3.981448 0.005788 
1640 2.113744 0.000000 0.300692 99.396131 -0.009486 3.859120 0.010552 
1641 2.089321 0.000000 0.323823 99.647674 -0.018088 4.307041 0.005179 
1642 2.028262 0.000000 0.242867 99.930917 -0.000000 3.280687 0.000305 
1643 2.016050 0.000000 0.242867 99.963703 -0.000869 3.299768 -0.000363 
1644 2.028262 0.000000 0.254432 99.880441 -0.000000 3.506629 0.001160 
1645 2.028262 0.000000 0.265997 99.818046 -0.000000 3.565480 0.002364 
1646 2.016050 0.000000 0.265997 99.849041 0.000000 3.658270 0.001679 
1647 2.028262 0.000000 0.277562 99.823338 -0.000000 3.861588 0.002039 
1648 1.991627 0.000000 0.300692 99.925609 -0.000000 4.358731 -0.000413 
1649 1.967203 0.000000 0.300692 99.945590 -0.000000 4.416729 -0.000863 
1650 1.991627 0.000000 0.323823 99.879861 -0.000000 4.598903 0.000286 
1651 1.845086 0.000000 -0.208172 100.956758 0.003093 2.125343 -0.019678 
1652 1.820662 0.000000 -0.208172 100.916105 0.004435 2.368815 -0.018967 
1653 1.845086 0.000000 -0.231302 101.057100 0.002549 1.634010 -0.021521 
1654 2.553368 0.000000 -0.138781 100.263976 0.089715 3.642406 -0.006614 
1655 2.602215 0.000000 -0.138781 100.123314 0.019971 3.757100 -0.003879 
1656 2.553368 0.000000 -0.092521 100.376644 0.016005 2.942138 -0.008413 
1657 2.651062 0.000000 -0.138781 100.042867 0.072777 3.846935 -0.002338 
1658 2.699909 0.000000 -0.138781 100.001051 0.057779 3.904563 -0.001546 
1659 2.651062 0.000000 -0.092521 100.102089 0.038700 3.147681 -0.003034 
1660 2.553368 0.000000 -0.046260 100.528910 -0.023820 2.459571 -0.011211 
1661 2.602215 0.000000 -0.046260 100.304713 0.017208 2.599063 -0.006779 
1662 2.553368 0.000000 0.000000 100.583046 -0.028476 2.133385 -0.012150 
1663 2.797603 0.000000 0.092521 100.081202 -0.012614 2.256521 -0.002134 
1664 2.797603 0.000000 0.185042 100.026862 0.007354 3.201118 -0.001562 
1665 2.797603 0.000000 0.277562 99.935750 0.014083 4.309788 -0.000573 
1666 3.676849 0.000000 -0.555125 99.784280 0.006137 6.436837 0.000166 
1667 3.676849 0.000000 -0.740166 99.773016 0.005816 6.637461 0.000129 
1668 3.872238 0.000000 -0.555125 99.785653 0.006077 6.454523 0.000116 
1669 3.383767 0.000000 -0.092521 99.961669 0.019921 3.828654 -0.000699 
1670 3.481461 0.000000 -0.092521 99.957521 -0.015129 3.916625 -0.000685 
1671 3.383767 0.000000 0.000000 100.047571 -0.010227 2.599943 -0.001628 
1672 3.676849 0.000000 0.185042 100.056810 -0.061761 2.543905 -0.001784 
1673 3.872238 0.000000 0.185042 100.067030 0.050364 2.434218 -0.001934 
1674 3.676849 0.000000 0.370083 99.915994 0.052947 4.565262 -0.000405 
1675 3.676849 0.000000 0.555125 99.829995 -0.024715 5.805225 0.000027 
1676 3.872238 0.000000 0.555125 99.836208 0.012609 5.748972 -0.000032 
1677 3.676849 0.000000 0.740166 99.795859 -0.003284 6.326459 0.000076 
1678 3.383767 0.000000 0.092521 100.078918 -0.019023 2.153950 -0.002043 
1679 3.481461 0.000000 0.092521 100.081876 -0.018331 2.142070 -0.002097 
1680 3.383767 0.000000 0.185042 99.969594 -1.103963 3.720846 -0.000898 
1681 3.188379 0.000000 0.277562 99.949717 0.038094 3.964367 -0.000566 
1682 3.286073 0.000000 0.277562 99.954416 0.016818 3.888316 -0.000600 
1683 3.188379 0.000000 0.370083 99.880862 0.002798 4.902783 -0.000022 
1684 2.602215 0.000000 -0.647645 99.752856 -0.018482 6.507496 0.000702 
1685 2.602215 0.000000 -0.740166 99.737950 -0.010676 6.606049 0.000870 
1686 2.699909 0.000000 -0.647645 99.747762 -0.004471 6.496465 0.000818 
1687 2.895297 0.000000 -0.925208 99.761298 -0.009020 6.742873 0.000222 
1688 2.895297 0.000000 -1.110249 99.760513 0.005426 6.813224 0.000142 
1689 3.090685 0.000000 -0.925208 99.761480 0.005556 6.737052 0.000226 
1690 2.797603 0.000000 -0.647645 99.766131 0.020540 6.514458 0.000428 
1691 2.797603 0.000000 -0.740166 99.761627 0.014976 6.614397 0.000387 
1692 2.895297 0.000000 -0.647645 99.768970 0.019123 6.515960 0.000369 
1693 2.992991 0.000000 -0.647645 99.769942 0.014453 6.517973 0.000347 
1694 2.992991 0.000000 -0.740166 99.767255 -0.005298 6.620201 0.000267 
1695 3.090685 0.000000 -0.647645 99.774154 -0.002193 6.528700 0.000249 
1696 2.748756 0.000000 -0.323823 99.834247 -0.017070 5.594807 0.000182 
1697 2.748756 0.000000 -0.370083 99.815151 -0.012091 5.820842 0.000305 
1698 2.748756 0.000000 -0.277562 99.857929 -0.019911 5.309151 0.000021 
1699 2.748756 0.000000 -0.231302 99.886606 -0.012608 4.947186 -0.000181 
1700 2.797603 0.000000 -0.231302 99.877527 -0.011156 4.973608 -0.000026 
1701 2.748756 0.000000 -0.185042 99.920429 0.016536 4.491072 -0.000426 
1702 2.553368 0.000000 -0.508864 99.754927 -0.017282 6.252501 0.000986 
1703 2.553368 0.000000 -0.555125 99.752238 -0.019719 6.358421 0.000906 
1704 2.602215 0.000000 -0.508864 99.764387 -0.014225 6.253535 0.000796 
1705 2.651062 0.000000 -0.508864 99.771227 -0.011671 6.255919 0.000657 
1706 2.651062 0.000000 -0.555125 99.764971 -0.014035 6.356299 0.000655 
1707 2.699909 0.000000 -0.508864 99.776040 -0.009356 6.259260 0.000556 
1708 2.626638 0.000000 -0.300692 99.876749 0.027643 5.405727 -0.000459 
1709 2.602215 0.000000 -0.300692 99.879158 0.049265 5.381753 -0.000481 
1710 2.651062 0.000000 -0.300692 99.859909 0.019121 5.405420 -0.000122 
1711 2.357979 0.000000 -0.508864 99.717284 0.067731 6.290553 0.001689 
1712 2.309132 0.000000 -0.508864 99.629610 0.062926 6.261754 0.003473 
1713 2.357979 0.000000 -0.555125 99.733095 0.053359 6.393207 0.001243 
1714 2.480097 0.000000 -0.346953 99.719341 0.034315 5.472188 0.002611 
1715 2.504521 0.000000 -0.346953 99.755147 0.061662 5.506078 0.001859 
1716 2.480097 0.000000 -0.323823 99.747019 0.053438 5.323283 0.002219 
1717 2.480097 0.000000 -0.300692 99.776813 0.019732 5.124118 0.001833 
1718 2.504521 0.000000 -0.300692 99.802396 0.031253 5.167533 0.001278 
1719 2.480097 0.000000 -0.277562 99.840985 -0.003712 4.926659 0.000751 
1720 2.260285 0.000000 -0.508864 99.622300 0.057523 6.289700 0.003583 
1721 2.211438 0.000000 -0.508864 99.641648 0.053137 6.318634 0.003161 
1722 2.260285 0.000000 -0.555125 99.654534 0.048703 6.383566 0.002822 
1723 2.944144 0.000000 -0.231302 99.865629 -0.008116 5.043872 0.000142 
1724 2.895297 0.000000 -0.231302 99.867762 -0.008941 5.022048 0.000121 
1725 2.944144 0.000000 -0.185042 99.891238 0.008688 4.607629 0.000051 
1726 3.286073 0.000000 -0.925208 99.760001 0.003542 6.733919 0.000260 
1727 3.286073 0.000000 -1.110249 99.756476 0.002785 6.803411 0.000236 
1728 3.481461 0.000000 -0.925208 99.762235 0.003310 6.737149 0.000211 
1729 3.188379 0.000000 -0.647645 99.775201 0.007405 6.530633 0.000226 
1730 3.188379 0.000000 -0.740166 99.769898 0.006460 6.622212 0.000211 
1731 3.286073 0.000000 -0.647645 99.773925 0.005864 6.529615 0.000253 
1732 3.383767 0.000000 -0.462604 99.794934 0.009768 6.234853 0.000210 
1733 3.383767 0.000000 -0.555125 99.783025 0.006742 6.412159 0.000223 
1734 3.481461 0.000000 -0.462604 99.794953 0.009773 6.246101 0.000195 
1735 3.139532 0.000000 -0.231302 99.863248 0.001680 5.137384 0.000094 
1736 3.139532 0.000000 -0.185042 99.877816 -0.022484 4.905726 0.000036 
1737 2.748756 0.000000 -0.416343 99.800061 -0.008777 6.001060 0.000394 
1738 2.748756 0.000000 -0.462604 99.789324 -0.001751 6.148339 0.000429 
1739 2.797603 0.000000 -0.416343 99.801873 -0.009185 6.012922 0.000343 
1740 2.480097 0.000000 -0.439474 99.741339 0.058404 6.029233 0.001531 
1741 2.480097 0.000000 -0.462604 99.740414 0.075332 6.111047 0.001450 
1742 2.504521 0.000000 -0.439474 99.752506 0.066380 6.027906 0.001310 
1743 2.895297 0.000000 0.925208 99.753336 0.012202 6.626488 0.000536 
1744 3.090685 0.000000 0.925208 99.766284 -0.006164 6.611489 0.000298 
1745 2.895297 0.000000 1.110249 99.760162 -0.007181 6.727977 0.000264 
1746 3.286073 0.000000 0.925208 99.772800 -0.000802 6.598521 0.000185 
1747 3.481461 0.000000 0.925208 99.775669 -0.001008 6.586608 0.000143 
1748 3.286073 0.000000 1.110249 99.766621 -0.000465 6.716961 0.000150 
1749 2.992991 0.000000 0.462604 99.826667 0.035104 5.619760 0.000305 
1750 3.090685 0.000000 0.462604 99.833768 0.027599 5.577746 0.000211 
1751 2.992991 0.000000 0.555125 99.798520 0.011641 6.002637 0.000422 
1752 2.797603 0.000000 0.647645 99.763065 0.029007 6.284861 0.000783 
1753 2.895297 0.000000 0.647645 99.773648 0.024454 6.268658 0.000592 
1754 2.797603 0.000000 0.740166 99.756612 0.027516 6.439521 0.000715 
1755 2.406827 0.000000 0.647645 99.698305 0.029787 6.295399 0.002062 
1756 2.309132 0.000000 0.647645 99.698471 -0.010867 6.262521 0.002100 
1757 2.406827 0.000000 0.740166 99.720120 0.029379 6.443287 0.001438 
1758 2.357979 0.000000 0.231302 99.003586 0.011406 5.177712 0.017148 
1759 2.406827 0.000000 0.231302 99.661374 0.003924 4.863489 0.004396 
1760 2.357979 0.000000 0.277562 99.180935 -0.019633 5.076222 0.013737 
1761 2.455674 0.000000 0.231302 99.844466 0.009408 4.675642 0.000922 
1762 2.455674 0.000000 0.185042 100.198507 0.004197 4.205381 -0.005743 
1763 2.504521 0.000000 0.231302 99.976630 0.022356 4.411825 -0.001479 
1764 2.357979 0.000000 0.323823 99.184134 -0.053191 5.306557 0.013435 
1765 2.553368 0.000000 0.508864 99.701454 0.015814 5.993027 0.002370 
1766 2.504521 0.000000 0.508864 99.674613 0.028149 6.000262 0.002897 
1767 2.553368 0.000000 0.555125 99.719605 0.006806 6.109657 0.001867 
1768 2.162591 0.000000 0.416343 99.347648 -0.029237 5.290982 0.010205 
1769 2.113744 0.000000 0.416343 99.443011 -0.038753 5.270557 0.008331 
1770 2.162591 0.000000 0.462604 99.415663 -0.003311 5.594316 0.008523 
1771 2.553368 0.000000 0.323823 99.761009 0.038863 5.114509 0.002158 
1772 2.553368 0.000000 0.277562 99.859156 0.029771 4.696161 0.000609 
1773 2.602215 0.000000 0.323823 99.842839 0.056048 4.995196 0.000645 
1774 1.722968 0.000000 -0.925208 99.726601 -0.060948 6.794203 0.000844 
1775 1.527580 0.000000 -0.925208 99.702062 -0.046634 6.819104 0.001300 
1776 1.722968 0.000000 -1.110249 99.729205 -0.032721 6.832915 0.000740 
1777 1.332192 0.000000 -0.925208 99.687096 -0.035126 6.839779 0.001570 
1778 1.136804 0.000000 -0.925208 99.707542 -0.025018 6.863003 0.001130 
1779 1.332192 0.000000 -1.110249 99.751653 -0.027931 6.879299 0.000228 
1780 1.722968 0.000000 0.925208 99.847856 0.037022 6.716162 -0.001470 
1781 1.527580 0.000000 0.925208 99.841071 0.042806 6.774192 -0.001413 
1782 1.722968 0.000000 1.110249 99.790180 0.041452 6.805838 -0.000440 
1783 1.820662 0.000000 -0.462604 99.571566 -0.034881 6.148618 0.004770 
1784 1.722968 0.000000 -0.462604 99.557369 -0.032385 6.201509 0.004987 
1785 1.820662 0.000000 -0.555125 99.700413 -0.016007 6.356892 0.001942 
1786 1.625274 0.000000 -0.462604 99.514238 -0.029656 6.368510 0.005636 
1787 1.527580 0.000000 -0.462604 99.539143 0.000163 6.503982 0.004966 
1788 1.625274 0.000000 -0.555125 99.589003 0.001560 6.529087 0.003940 
1789 1.771815 0.000000 0.046260 101.673541 -0.004955 4.886250 -0.036138 
1790 1.722968 0.000000 0.046260 101.990938 -0.002440 5.508272 -0.043249 
1791 1.771815 0.000000 0.092521 101.973915 -0.018134 3.237412 -0.040916 
1792 1.771815 0.000000 0.138781 102.485461 -0.014075 4.269960 -0.052150 
1793 1.722968 0.000000 0.138781 102.554578 -0.007806 4.634817 -0.053892 
1794 1.771815 0.000000 0.185042 102.987587 -0.011270 3.773687 -0.062068 
1795 2.211438 0.000000 0.647645 99.730904 -0.009665 6.234968 0.001487 
1796 2.113744 0.000000 0.647645 99.777422 0.002386 6.236653 0.000557 
1797 2.211438 0.000000 0.740166 99.745675 0.049927 6.421116 0.000957 
1798 2.016050 0.000000 0.647645 99.823859 -0.006133 6.289878 -0.000437 
1799 1.918356 0.000000 0.647645 99.867021 -0.002765 6.342236 -0.001365 
1800 2.016050 0.000000 0.740166 99.813109 -0.005531 6.450331 -0.000426 
1801 2.016050 0.000000 -0.647645 99.787115 0.004301 6.515056 0.000009 
1802 1.918356 0.000000 -0.647645 99.752753 -0.002616 6.510986 0.000700 
1803 2.016050 0.000000 -0.740166 99.745670 0.009817 6.613874 0.000706 
1804 2.162591 0.000000 -0.323823 99.875079 0.004289 6.003704 -0.001108 
1805 2.113744 0.000000 -0.323823 100.203380 0.015895 5.938743 -0.007599 
1806 2.162591 0.000000 -0.370083 99.860178 0.009806 6.093279 -0.000918 
1807 2.187015 0.000000 0.161911 96.434653 0.045469 -2.002212 0.069635 
1808 2.211438 0.000000 0.161911 95.002400 0.045242 -0.774015 0.097394 
1809 2.187015 0.000000 0.185042 97.160840 0.070578 -0.044023 0.055976 
1810 2.284709 0.000000 -0.161911 96.555496 0.031336 1.854964 0.067359 
1811 2.284709 0.000000 -0.185042 97.517546 -0.002987 3.169092 0.048029 
1812 2.309132 0.000000 -0.161911 98.206686 -0.031383 1.203376 0.035400 
1813 2.455674 0.000000 0.138781 100.673441 0.007199 3.731906 -0.014907 
1814 2.504521 0.000000 0.138781 100.458188 -0.028070 3.304378 -0.010277 
1815 2.235862 0.000000 0.161911 94.054176 0.056048 1.194597 0.115238 
1816 2.260285 0.000000 0.161911 94.084442 0.036913 3.571069 0.113536 
1817 2.235862 0.000000 0.185042 95.766914 0.048473 2.111218 0.082424 
1818 2.052686 0.000000 0.127216 102.750286 0.000968 2.218228 -0.056254 
1819 2.052686 0.000000 0.115651 104.177051 0.006393 5.415341 -0.088218 
1820 2.064897 0.000000 0.127216 103.181652 0.001576 1.831448 -0.064981 
1821 1.625274 0.000000 0.462604 100.074983 -0.002166 6.247369 -0.005403 
1822 1.527580 0.000000 0.462604 100.051957 -0.003101 6.360168 -0.005085 
1823 1.625274 0.000000 0.555125 100.016339 -0.002251 6.425651 -0.004456 
1824 1.820662 0.000000 0.647645 99.876538 0.000829 6.432238 -0.001670 
1825 1.722968 0.000000 0.647645 99.904114 -0.002877 6.494027 -0.002300 
1826 1.820662 0.000000 0.740166 99.829574 -0.019506 6.536202 -0.000867 
1827 1.625274 0.000000 0.647645 99.923357 -0.019799 6.529034 -0.002731 
1828 1.527580 0.000000 0.647645 99.922816 -0.018127 6.588800 -0.002798 
1829 1.625274 0.000000 0.740166 99.846151 -0.018836 6.637866 -0.001332 
1830 1.771815 0.000000 0.231302 102.814912 -0.014063 2.434889 -0.057683 
1831 1.722968 0.000000 0.231302 103.173910 -0.012653 3.647420 -0.065816 
1832 1.771815 0.000000 0.277562 102.678808 -0.020864 1.277025 -0.054457 
1833 1.771815 0.000000 0.323823 100.262192 0.004526 5.180081 -0.007934 
1834 1.722968 0.000000 0.323823 102.920664 -0.016512 0.897617 -0.059347 
1835 1.771815 0.000000 0.370083 100.116474 -0.027544 5.483693 -0.005338 
1836 1.942780 0.000000 0.254432 100.048679 -0.001301 3.730572 -0.002366 
1837 1.918356 0.000000 0.254432 100.078177 -0.000920 3.819664 -0.003023 
1838 1.942780 0.000000 0.277562 100.003452 -0.001074 4.051357 -0.001710 
1839 2.187015 0.000000 0.208172 97.686069 0.066433 1.288544 0.045577 
1840 2.211438 0.000000 0.208172 97.133338 0.060866 1.912870 0.056145 
1841 2.187015 0.000000 0.231302 98.067548 0.030282 2.238814 0.037774 
1842 2.187015 0.000000 0.254432 98.287374 0.010274 2.935510 0.033097 
1843 2.211438 0.000000 0.254432 98.004438 0.019564 3.281760 0.038436 
1844 2.187015 0.000000 0.277562 98.556002 0.022975 3.500565 0.027446 
1845 2.064897 0.000000 0.416343 99.589495 0.000000 5.241556 0.005446 
1846 2.016050 0.000000 0.416343 99.665460 -0.000000 5.274834 0.003897 
1847 2.064897 0.000000 0.462604 99.540566 0.000000 5.516115 0.006125 
1848 1.942780 0.000000 0.300692 99.978413 -0.000000 4.482310 -0.001577 
1849 1.918356 0.000000 0.300692 100.042302 -0.000476 4.485619 -0.002858 
1850 1.942780 0.000000 0.323823 99.938844 -0.000000 4.652710 -0.000942 
1851 2.651062 0.000000 -0.046260 100.161261 0.052867 2.529559 -0.003868 
1852 2.699909 0.000000 -0.046260 100.093217 0.043236 2.635602 -0.002560 
1853 2.651062 0.000000 0.000000 100.191311 0.048968 2.167913 -0.004300 
1854 2.748756 0.000000 -0.138781 99.962538 0.033800 3.925374 -0.000792 
1855 2.797603 0.000000 -0.138781 99.941907 0.005168 3.966748 -0.000412 
1856 2.748756 0.000000 -0.092521 100.008532 -0.011071 3.305775 -0.001263 
1857 2.748756 0.000000 -0.046260 100.048115 -0.000142 2.676105 -0.001679 
1858 2.797603 0.000000 -0.046260 100.020152 -0.009574 2.693183 -0.001128 
1859 2.748756 0.000000 0.000000 100.082096 -0.001890 2.225400 -0.002138 
1860 3.383767 0.000000 0.277562 99.964448 0.001768 3.798160 -0.000732 
1861 3.481461 0.000000 0.277562 99.982523 0.028254 3.572178 -0.000927 
1862 3.383767 0.000000 0.370083 99.896554 0.001783 4.772586 -0.000210 
1863 2.846450 0.000000 -0.231302 99.871754 -0.009946 4.999725 0.000064 
1864 2.846450 0.000000 -0.185042 99.899104 0.007256 4.553368 -0.000056 
1865 2.162591 0.000000 -0.416343 99.717337 0.015668 6.159089 0.001852 
1866 2.113744 0.000000 -0.416343 99.807513 -0.004625 6.119975 0.000101 
1867 2.162591 0.000000 -0.462604 99.676412 0.042067 6.245165 0.002561 
1868 3.383767 0.000000 -0.647645 99.775165 0.005441 6.535031 0.000221 
1869 3.383767 0.000000 -0.740166 99.768245 0.004542 6.620794 0.000246 
1870 3.481461 0.000000 -0.647645 99.775019 0.005234 6.538567 0.000219 
1871 2.748756 0.000000 -0.508864 99.780399 -0.007476 6.265910 0.000461 
1872 2.748756 0.000000 -0.555125 99.759945 0.001508 6.349434 0.000764 
1873 2.797603 0.000000 -0.508864 99.770371 0.005813 6.257567 0.000672 
1874 2.846450 0.000000 -0.416343 99.802243 -0.010611 6.021833 0.000325 
1875 2.846450 0.000000 -0.462604 99.781488 0.012105 6.148776 0.000585 
1876 2.895297 0.000000 -0.416343 99.793263 0.012137 6.017756 0.000509 
1877 2.944144 0.000000 -0.416343 99.799346 0.040867 6.044065 0.000356 
1878 2.944144 0.000000 -0.462604 99.790722 0.032554 6.179831 0.000362 
1879 2.992991 0.000000 -0.416343 99.799966 0.037516 6.051759 0.000334 
1880 2.992991 0.000000 0.647645 99.782114 0.020359 6.250713 0.000446 
1881 3.090685 0.000000 0.647645 99.783883 0.004548 6.236548 0.000428 
1882 2.992991 0.000000 0.740166 99.766509 0.008796 6.422110 0.000540 
1883 2.235862 0.000000 0.208172 96.813341 0.050030 2.757733 0.061957 
1884 2.260285 0.000000 0.208172 96.891834 0.018201 3.677787 0.059845 
1885 2.235862 0.000000 0.231302 97.559227 0.028540 3.254976 0.047160 
1886 2.235862 0.000000 0.254432 97.998103 0.015237 3.701822 0.038267 
1887 2.260285 0.000000 0.254432 97.987218 -0.007051 4.169817 0.038112 
1888 2.235862 0.000000 0.277562 98.148486 -0.007955 4.072744 0.035029 
1889 2.455674 0.000000 0.508864 99.651130 -0.000459 5.986967 0.003381 
1890 2.406827 0.000000 0.508864 99.620408 0.005407 5.970411 0.004013 
1891 2.455674 0.000000 0.555125 99.653163 0.028997 6.120693 0.003178 
1892 2.357979 0.000000 0.508864 99.595798 0.007642 5.939699 0.004540 
1893 2.309132 0.000000 0.508864 99.493043 0.005967 5.956767 0.006565 
1894 2.357979 0.000000 0.555125 99.629396 0.015336 6.076791 0.003706 
1895 2.260285 0.000000 0.508864 99.465518 -0.002300 5.913164 0.007165 
1896 2.211438 0.000000 0.508864 99.474908 -0.007104 5.865207 0.007034 
1897 2.260285 0.000000 0.555125 99.538666 0.009095 6.060663 0.005532 
1898 2.162591 0.000000 0.508864 99.480273 -0.018649 5.832453 0.006966 
1899 2.113744 0.000000 0.508864 99.536691 -0.028536 5.833017 0.005842 
1900 2.162591 0.000000 0.555125 99.572816 -0.002248 6.003359 0.004921 
1901 2.553368 0.000000 0.231302 99.951261 0.048135 4.284070 -0.000861 
1902 2.553368 0.000000 0.185042 100.152352 0.028801 3.654636 -0.004385 
1903 2.602215 0.000000 0.231302 99.960135 0.071354 4.132065 -0.000911 
1904 2.651062 0.000000 0.323823 99.861522 0.040409 4.938359 0.000329 
1905 2.651062 0.000000 0.277562 99.920107 0.058468 4.500094 -0.000428 
1906 2.699909 0.000000 0.323823 99.869931 0.012880 4.886519 0.000212 
1907 3.676849 0.000000 -0.925208 99.764657 0.004119 6.740958 0.000157 
1908 3.676849 0.000000 -1.110249 99.760730 0.002959 6.805917 0.000148 
1909 3.872238 0.000000 -0.925208 99.765581 0.003512 6.745163 0.000133 
1910 3.676849 0.000000 0.925208 99.778527 -0.003036 6.574700 0.000102 
1911 3.872238 0.000000 0.925208 99.780751 0.000076 6.561263 0.000075 
1912 3.676849 0.000000 1.110249 99.770612 0.000975 6.704111 0.000088 
1913 3.188379 0.000000 0.462604 99.835765 0.003019 5.542474 0.000210 
1914 3.286073 0.000000 0.462604 99.844168 -0.006514 5.495719 0.000094 
1915 3.188379 0.000000 0.555125 99.807021 -0.017357 5.952826 0.000312 
1916 3.383767 0.000000 0.462604 99.849191 -0.009567 5.453901 0.000039 
1917 3.481461 0.000000 0.462604 99.855890 -0.037562 5.397660 -0.000033 
1918 3.383767 0.000000 0.555125 99.845173 0.456759 5.533442 0.000011 
1919 3.188379 0.000000 0.647645 99.792306 -0.002855 6.215623 0.000286 
1920 3.286073 0.000000 0.647645 99.796149 -0.008479 6.196657 0.000233 
1921 3.188379 0.000000 0.740166 99.781172 -0.007101 6.393087 0.000285 
1922 2.553368 0.000000 0.046260 100.558603 -0.032951 2.164480 -0.011672 
1923 2.602215 0.000000 0.046260 100.341558 0.008725 2.062731 -0.007268 
1924 2.553368 0.000000 0.092521 100.417677 0.009397 2.604912 -0.009050 
1925 2.651062 0.000000 0.046260 100.207802 0.044009 2.150419 -0.004623 
1926 2.699909 0.000000 0.046260 100.142864 0.037745 2.087812 -0.003295 
1927 2.651062 0.000000 0.092521 100.178716 0.041548 2.404242 -0.004156 
1928 2.553368 0.000000 0.138781 100.296927 0.037961 3.065591 -0.006887 
1929 2.602215 0.000000 0.138781 100.187293 -0.031912 2.933592 -0.004610 
1930 2.138168 0.000000 0.300692 99.222921 -0.032234 3.826116 0.014017 
1931 2.162591 0.000000 0.300692 99.085235 -0.005949 3.915388 0.016679 
1932 2.138168 0.000000 0.323823 99.396460 -0.021634 4.259744 0.010220 
1933 2.187015 0.000000 0.300692 98.915234 0.001346 4.003770 0.019975 
1934 2.211438 0.000000 0.300692 98.744029 -0.000664 4.190977 0.023205 
1935 2.187015 0.000000 0.323823 99.156078 -0.014682 4.350761 0.014914 
1936 2.003839 0.000000 0.196607 100.104832 -0.001297 2.435913 -0.002691 
1937 1.991627 0.000000 0.196607 100.193013 -0.001861 2.512730 -0.004495 
1938 2.003839 0.000000 0.208172 100.078956 -0.001360 2.739927 -0.002330 
1939 2.003839 0.000000 0.219737 100.007137 -0.001279 2.866356 -0.000964 
1940 1.991627 0.000000 0.219737 100.043595 -0.001422 2.920591 -0.001725 
1941 2.003839 0.000000 0.231302 100.011476 -0.001173 3.174180 -0.001237 
1942 2.003839 0.000000 0.242867 100.004196 -0.001214 3.331745 -0.001194 
1943 1.991627 0.000000 0.242867 99.986412 -0.001134 3.391867 -0.000879 
1944 2.003839 0.000000 0.254432 99.931732 -0.000745 3.606087 0.000065 
1945 2.003839 0.000000 0.265997 99.869682 0.000000 3.713035 0.001226 
1946 1.991627 0.000000 0.265997 99.912282 -0.000856 3.728902 0.000363 
1947 2.003839 0.000000 0.277562 99.857140 0.000000 3.976330 0.001274 
1948 2.748756 0.000000 0.046260 100.102603 0.004573 2.094567 -0.002492 
1949 2.797603 0.000000 0.046260 100.077911 -0.013812 2.083810 -0.001993 
1950 2.748756 0.000000 0.092521 100.104012 0.025428 2.287251 -0.002605 
1951 0.941416 0.000000 -0.925208 99.733411 0.001295 6.864727 0.000612 
1952 0.746027 0.000000 -0.925208 99.746780 0.011497 6.853748 0.000361 
1953 0.941416 0.000000 -1.110249 99.755801 -0.006289 6.891206 0.000129 
1954 0.550639 0.000000 -0.925208 99.733804 0.025337 6.844999 0.000631 
1955 0.355251 0.000000 -0.925208 99.721151 0.028360 6.841616 0.000888 
1956 0.550639 0.000000 -1.110249 99.746470 0.017830 6.889778 0.000317 
1957 1.429886 0.000000 -0.462604 99.586057 -0.001488 6.601855 0.003903 
1958 1.332192 0.000000 -0.462604 99.685560 -0.013067 6.608784 0.001911 
1959 1.429886 0.000000 -0.555125 99.650644 -0.027313 6.664398 0.002533 
1960 1.234498 0.000000 -0.462604 99.731132 -0.005906 6.602056 0.001011 
1961 1.136804 0.000000 -0.462604 99.739493 -0.029239 6.579920 0.000874 
1962 1.234498 0.000000 -0.555125 99.715671 -0.040311 6.711163 0.001174 
1963 1.332192 0.000000 0.925208 99.789850 0.031739 6.815251 -0.000446 
1964 1.136804 0.000000 0.925208 99.797528 0.022358 6.840112 -0.000633 
1965 1.332192 0.000000 1.110249 99.828051 0.025527 6.852687 -0.001260 
1966 1.429886 0.000000 0.462604 100.007393 -0.021779 6.420108 -0.004270 
1967 1.332192 0.000000 0.462604 99.984968 -0.025073 6.481821 -0.003901 
1968 1.429886 0.000000 0.555125 99.960183 -0.030107 6.565851 -0.003515 
1969 1.429886 0.000000 0.647645 99.931834 -0.025693 6.655504 -0.003067 
1970 1.332192 0.000000 0.647645 99.916692 0.022605 6.702957 -0.002828 
1971 1.429886 0.000000 0.740166 99.902879 0.029127 6.722624 -0.002578 
1972 1.820662 0.000000 -0.647645 99.677848 0.008578 6.500169 0.002207 
1973 1.722968 0.000000 -0.647645 99.644826 0.002164 6.554785 0.002794 
1974 1.820662 0.000000 -0.740166 99.661848 -0.002873 6.630543 0.002355 
1975 2.064897 0.000000 -0.323823 100.253070 -0.000000 5.599801 -0.008204 
1976 2.016050 0.000000 -0.323823 100.340061 -0.000000 5.430558 -0.009762 
1977 2.064897 0.000000 -0.370083 100.202848 -0.000000 5.823193 -0.007452 
1978 2.284709 0.000000 0.161911 95.412301 0.003410 5.534168 0.086587 
1979 2.309132 0.000000 0.161911 97.343473 -0.057056 6.351624 0.048390 
1980 2.284709 0.000000 0.185042 96.583789 -0.015095 4.750365 0.064901 
1981 1.967203 0.000000 0.416343 99.761392 0.000000 5.345519 0.001909 
1982 1.918356 0.000000 0.416343 99.784202 -0.036932 5.439907 0.001352 
1983 1.967203 0.000000 0.462604 99.703764 -0.000000 5.627325 0.002749 
1984 2.064897 0.000000 0.508864 99.609161 -0.031958 5.806505 0.004430 
1985 2.016050 0.000000 0.508864 99.655843 -0.025993 5.836898 0.003464 
1986 2.064897 0.000000 0.555125 99.647830 -0.024201 6.006897 0.003423 
1987 1.967203 0.000000 0.508864 99.718587 -0.030740 5.896475 0.002143 
1988 1.918356 0.000000 0.508864 99.796563 -0.043574 5.942750 0.000533 
1989 1.967203 0.000000 0.555125 99.740723 -0.025459 6.054917 0.001513 
1990 2.846450 0.000000 -0.138781 99.931274 0.008642 4.002874 -0.000228 
1991 2.895297 0.000000 -0.138781 99.924839 0.008623 4.035240 -0.000126 
1992 2.846450 0.000000 -0.092521 99.967545 -0.007998 3.364085 -0.000483 
1993 2.846450 0.000000 -0.046260 100.006002 -0.009591 2.729606 -0.000865 
1994 2.895297 0.000000 -0.046260 99.998072 -0.009618 2.768039 -0.000728 
1995 2.846450 0.000000 0.000000 100.040873 -0.012269 2.260070 -0.001328 
1996 2.944144 0.000000 -0.138781 99.922007 0.008655 4.067472 -0.000095 
1997 2.992991 0.000000 -0.138781 99.922098 0.008375 4.099978 -0.000124 
1998 2.944144 0.000000 -0.092521 99.957515 -0.007786 3.438956 -0.000333 
1999 3.041838 0.000000 -0.138781 99.919392 0.038525 4.138338 -0.000101 
2000 3.090685 0.000000 -0.138781 99.922379 0.035715 4.174451 -0.000191 
2001 3.041838 0.000000 -0.092521 99.957427 0.022197 3.518538 -0.000387 
2002 2.944144 0.000000 -0.046260 99.995179 -0.009637 2.804226 -0.000690 
2003 2.992991 0.000000 -0.046260 99.997181 -0.009549 2.841078 -0.000751 
2004 2.944144 0.000000 0.000000 100.029313 -0.013143 2.319955 -0.001125 
2005 3.139532 0.000000 -0.138781 99.924592 0.036196 4.211392 -0.000266 
2006 3.188379 0.000000 -0.138781 99.927516 0.007238 4.226885 -0.000337 
2007 3.139532 0.000000 -0.092521 99.965219 -0.019851 3.606568 -0.000605 
2008 3.237226 0.000000 -0.138781 99.924360 0.029573 4.292493 -0.000330 
2009 3.286073 0.000000 -0.138781 99.923734 0.026567 4.331740 -0.000352 
2010 3.237226 0.000000 -0.092521 99.950298 -0.050277 3.912158 -0.000537 
2011 2.162591 0.000000 -0.508864 99.638784 0.044390 6.323851 0.003212 
2012 2.113744 0.000000 -0.508864 99.678768 0.032693 6.301144 0.002444 
2013 2.162591 0.000000 -0.555125 99.685349 0.052569 6.410748 0.002173 
2014 2.846450 0.000000 -0.508864 99.773419 0.006415 6.263206 0.000604 
2015 2.846450 0.000000 -0.555125 99.767136 0.007474 6.357976 0.000609 
2016 2.895297 0.000000 -0.508864 99.782735 0.028684 6.285774 0.000389 
2017 2.944144 0.000000 -0.508864 99.783779 0.027002 6.289964 0.000363 
2018 2.944144 0.000000 -0.555125 99.778192 0.023533 6.380224 0.000360 
2019 2.992991 0.000000 -0.508864 99.784684 0.025469 6.294326 0.000340 
2020 3.041838 0.000000 -0.416343 99.800619 0.034681 6.059580 0.000312 
2021 3.041838 0.000000 -0.462604 99.792253 0.028682 6.191634 0.000317 
2022 3.090685 0.000000 -0.416343 99.801277 0.032238 6.067564 0.000289 
2023 3.139532 0.000000 -0.416343 99.801706 0.027752 6.075699 0.000270 
2024 3.139532 0.000000 -0.462604 99.793318 0.022999 6.203671 0.000281 
2025 3.188379 0.000000 -0.416343 99.802367 0.019667 6.088730 0.000241 
2026 2.284709 0.000000 0.208172 97.325822 0.007297 4.494805 0.050748 
2027 2.309132 0.000000 0.208172 97.952287 -0.021810 5.004897 0.038030 
2028 2.284709 0.000000 0.231302 97.776402 -0.000807 4.449992 0.041997 
2029 2.284709 0.000000 0.254432 98.066227 0.006947 4.583758 0.036200 
2030 2.309132 0.000000 0.254432 98.349597 0.023731 4.923554 0.030311 
2031 2.284709 0.000000 0.277562 98.346164 -0.007170 4.727397 0.030568 
2032 2.651062 0.000000 0.231302 99.986372 0.079379 3.981762 -0.001314 
2033 2.651062 0.000000 0.185042 100.059108 0.056683 3.403147 -0.002341 
2034 2.699909 0.000000 0.231302 99.983099 0.065576 3.910518 -0.001192 
2035 2.064897 0.000000 -0.416343 99.904696 -0.000000 6.043945 -0.001748 
2036 2.016050 0.000000 -0.416343 99.883024 0.000000 5.920693 -0.001167 
2037 2.064897 0.000000 -0.462604 99.741219 -0.000000 6.166957 0.001366 
2038 3.383767 0.000000 0.647645 99.801069 -0.004545 6.176911 0.000159 
2039 3.481461 0.000000 0.647645 99.803508 -0.005008 6.159248 0.000132 
2040 3.383767 0.000000 0.740166 99.788464 -0.002188 6.367251 0.000172 
2041 2.651062 0.000000 0.138781 100.127745 0.022068 2.819002 -0.003351 
2042 2.699909 0.000000 0.138781 100.097159 0.036181 2.766382 -0.002710 
2043 2.235862 0.000000 0.300692 98.586429 -0.007221 4.369810 0.026162 
2044 2.260285 0.000000 0.300692 98.549389 -0.019639 4.626719 0.026661 
2045 2.235862 0.000000 0.323823 98.960969 -0.064958 4.620573 0.018537 
2046 2.284709 0.000000 0.300692 98.755604 -0.054768 4.807883 0.022421 
2047 2.309132 0.000000 0.300692 98.928396 -0.044956 4.958851 0.018858 
2048 2.284709 0.000000 0.323823 99.064186 -0.051522 4.938424 0.016190 
2049 1.869509 0.000000 0.416343 99.879367 -0.035060 5.529548 -0.000647 
2050 1.820662 0.000000 0.416343 99.954203 -0.025599 5.622882 -0.002246 
2051 1.869509 0.000000 0.462604 99.888140 -0.023549 5.760818 -0.001083 
2052 1.869509 0.000000 0.508864 99.884185 -0.040870 5.959729 -0.001237 
2053 1.820662 0.000000 0.508864 99.930944 -0.042630 6.020295 -0.002244 
2054 1.869509 0.000000 0.555125 99.911997 -0.031008 6.190222 -0.002073 
2055 1.979415 0.000000 0.196607 100.137268 -0.001806 2.612046 -0.003430 
2056 1.967203 0.000000 0.196607 100.039087 -0.001516 2.759251 -0.001543 
2057 1.979415 0.000000 0.208172 100.025876 -0.001516 2.881686 -0.001348 
2058 1.979415 0.000000 0.219737 100.059957 -0.001795 2.979763 -0.002087 
2059 1.967203 0.000000 0.219737 100.033781 -0.001607 3.072170 -0.001620 
2060 1.979415 0.000000 0.231302 100.017398 -0.001461 3.293151 -0.001432 
2061 1.979415 0.000000 0.242867 100.028250 -0.001353 3.415244 -0.001731 
2062 1.967203 0.000000 0.242867 100.042078 -0.001491 3.439657 -0.002025 
2063 1.979415 0.000000 0.254432 99.980602 -0.001148 3.687562 -0.000972 
2064 1.979415 0.000000 0.265997 99.922588 -0.000791 3.783041 0.000117 
2065 1.967203 0.000000 0.265997 99.974858 -0.001149 3.781478 -0.000927 
2066 1.979415 0.000000 0.277562 99.901730 -0.000000 4.066681 0.000311 
2067 1.954991 0.000000 0.196607 100.113144 -0.002050 2.827878 -0.003064 
2068 1.942780 0.000000 0.196607 100.080773 -0.002271 2.868169 -0.002439 
2069 1.954991 0.000000 0.208172 100.056612 -0.001764 3.004088 -0.002035 
2070 1.954991 0.000000 0.219737 100.049173 -0.001569 3.095236 -0.001942 
2071 1.942780 0.000000 0.219737 100.082145 -0.001993 3.081734 -0.002593 
2072 1.954991 0.000000 0.231302 100.070583 -0.001605 3.336597 -0.002525 
2073 2.846450 0.000000 0.046260 100.064565 -0.014650 2.095564 -0.001731 
2074 2.895297 0.000000 0.046260 100.056344 -0.015475 2.111375 -0.001573 
2075 2.846450 0.000000 0.092521 100.070502 -0.013738 2.246492 -0.001915 
2076 2.748756 0.000000 0.138781 100.078318 0.023896 2.716289 -0.002305 
2077 2.797603 0.000000 0.138781 100.062835 -0.038850 2.663809 -0.001967 
2078 2.748756 0.000000 0.185042 100.028931 0.015676 3.272578 -0.001650 
2079 2.748756 0.000000 0.231302 99.977237 0.040761 3.848835 -0.001026 
2080 2.797603 0.000000 0.231302 99.981645 0.032556 3.774036 -0.001057 
2081 2.748756 0.000000 0.277562 99.926287 0.023649 4.380369 -0.000445 
2082 2.748756 0.000000 0.323823 99.887605 0.007278 4.817840 -0.000075 
2083 2.797603 0.000000 0.323823 99.894485 0.006843 4.772778 -0.000169 
2084 2.748756 0.000000 0.370083 99.851648 0.007351 5.191141 0.000270 
2085 1.954991 0.000000 0.242867 100.107524 -0.001622 3.482008 -0.003364 
2086 1.942780 0.000000 0.242867 100.080134 -0.001414 3.508793 -0.002834 
2087 1.954991 0.000000 0.254432 100.046996 -0.001287 3.713295 -0.002319 
2088 1.954991 0.000000 0.265997 99.993192 -0.001204 3.796593 -0.001305 
2089 1.942780 0.000000 0.265997 100.026622 -0.001191 3.799415 -0.001976 
2090 1.954991 0.000000 0.277562 100.000565 -0.001043 4.053555 -0.001654 
1 11 62 60 61 
2 62 10 24 60 
3 60 24 14 63 
4 61 60 63 6 
5 24 66 64 65 
6 66 23 40 64 
7 64 40 27 67 
8 65 64 67 14 
9 40 70 68 69 
10 69 68 71 27 
11 6 63 92 93 
12 63 14 36 92 
13 92 36 19 94 
14 93 92 94 20 
15 14 67 95 96 
16 67 27 52 95 
17 95 52 35 97 
18 96 95 97 36 
19 27 71 98 99 
20 99 98 100 52 
21 68 112 110 111 
22 112 56 80 110 
23 110 80 43 113 
24 111 110 113 71 
25 80 116 114 115 
26 115 114 117 43 
27 71 113 133 134 
28 113 43 102 133 
29 133 102 76 135 
30 134 133 135 98 
31 43 117 136 137 
32 137 136 138 102 
33 114 141 139 140 
34 141 106 129 139 
35 139 129 83 142 
36 140 139 142 117 
37 129 149 147 148 
38 147 150 132 151 
39 148 147 151 83 
40 117 142 152 153 
41 142 83 144 152 
42 152 144 125 154 
43 153 152 154 136 
44 83 151 155 156 
45 151 132 157 155 
46 156 155 158 144 
47 12 161 159 160 
48 161 7 162 159 
49 159 162 13 25 
50 160 159 25 10 
51 25 165 163 164 
52 165 13 166 163 
53 163 166 26 41 
54 164 163 41 23 
55 41 169 167 168 
56 169 26 170 167 
57 167 170 42 57 
58 168 167 57 39 
59 39 173 171 172 
60 173 57 174 171 
61 171 174 55 81 
62 172 171 81 56 
63 81 177 175 176 
64 177 55 178 175 
65 175 178 82 107 
66 176 175 107 79 
67 79 181 179 180 
68 181 107 182 179 
69 179 182 105 130 
70 180 179 130 106 
71 106 185 183 184 
72 185 130 186 183 
73 184 183 149 129 
74 195 197 109 198 
75 150 195 198 132 
76 149 201 199 200 
77 201 128 202 199 
78 199 202 150 203 
79 200 199 203 147 
80 132 198 210 157 
81 198 109 211 210 
82 19 38 213 214 
83 38 21 215 213 
84 213 215 9 216 
85 214 213 216 22 
86 35 54 217 218 
87 54 37 219 217 
88 217 219 21 220 
89 218 217 220 38 
90 51 78 221 222 
91 78 53 223 221 
92 221 223 37 224 
93 222 221 224 54 
94 76 104 225 226 
95 104 75 227 225 
96 225 227 78 228 
97 226 225 228 51 
98 101 127 229 230 
99 127 103 231 229 
100 229 231 75 232 
101 230 229 232 104 
102 125 146 233 234 
103 146 124 235 233 
104 233 235 127 236 
105 234 233 236 101 
106 144 158 237 238 
107 237 239 146 240 
108 238 237 240 125 
109 155 243 241 242 
110 243 157 244 241 
111 241 244 143 245 
112 242 241 245 158 
113 130 247 246 186 
114 247 105 248 246 
115 249 251 195 252 
116 202 249 252 150 
117 186 255 253 254 
118 255 246 256 253 
119 253 256 196 250 
120 254 253 250 128 
121 128 259 257 258 
122 259 250 260 257 
123 257 260 249 261 
124 258 257 261 202 
125 262 263 124 264 
126 239 262 264 146 
127 157 266 265 244 
128 266 210 267 265 
129 143 268 269 270 
130 268 212 271 269 
131 269 271 262 272 
132 270 269 272 239 
133 244 275 273 274 
134 275 265 276 273 
135 273 276 268 277 
136 274 273 277 143 
137 278 280 194 281 
138 197 278 281 109 
139 283 131 284 282 
140 282 284 197 285 
141 251 282 285 195 
142 107 287 286 182 
143 287 82 288 286 
144 286 288 108 192 
145 182 286 192 105 
146 105 290 289 248 
147 290 192 291 289 
148 246 293 292 256 
149 293 248 294 292 
150 292 294 131 283 
151 256 292 283 196 
152 196 297 295 296 
153 297 283 298 295 
154 295 298 282 299 
155 296 295 299 251 
156 109 281 300 211 
157 281 194 301 300 
158 210 304 303 267 
159 304 211 305 303 
160 303 305 145 306 
161 124 209 307 235 
162 209 126 308 307 
163 307 308 103 309 
164 235 307 309 127 
165 310 311 209 312 
166 263 310 312 124 
167 212 306 313 271 
168 306 145 314 313 
169 313 314 263 315 
170 271 313 315 262 
171 267 318 316 317 
172 318 303 319 316 
173 316 319 306 320 
174 317 316 320 212 
175 131 322 321 284 
176 322 279 323 321 
177 321 323 278 324 
178 284 321 324 197 
179 211 326 325 305 
180 326 300 327 325 
181 325 327 302 328 
182 305 325 328 145 
183 192 334 333 291 
184 334 108 335 333 
185 289 339 337 338 
186 339 291 340 337 
187 337 340 191 341 
188 338 337 341 279 
189 345 347 126 348 
190 311 345 348 209 
191 302 351 349 350 
192 351 207 352 349 
193 349 352 311 353 
194 350 349 353 310 
195 354 355 59 356 
196 280 354 356 194 
197 291 358 357 340 
198 358 333 359 357 
199 357 359 336 360 
200 191 360 361 362 
201 360 336 363 361 
202 361 363 354 364 
203 362 361 364 280 
204 340 367 365 366 
205 367 357 368 365 
206 365 368 360 369 
207 366 365 369 191 
208 194 356 370 301 
209 356 59 371 370 
210 373 346 374 372 
211 372 374 345 375 
212 352 372 375 311 
213 301 378 376 377 
214 378 370 379 376 
215 376 379 346 373 
216 377 376 373 207 
217 207 382 380 381 
218 382 373 383 380 
219 380 383 372 384 
220 381 380 384 352 
221 57 386 385 174 
222 386 42 387 385 
223 55 389 388 178 
224 389 89 390 388 
225 388 390 88 188 
226 178 388 188 82 
227 82 392 391 288 
228 392 188 393 391 
229 391 393 187 330 
230 288 391 330 108 
231 108 395 394 335 
232 395 330 396 394 
233 333 399 398 359 
234 399 335 400 398 
235 359 398 401 336 
236 75 123 402 227 
237 123 77 403 402 
238 402 403 53 404 
239 227 402 404 78 
240 103 206 405 231 
241 206 121 406 405 
242 405 406 123 407 
243 231 405 407 75 
244 126 344 408 308 
245 344 204 409 408 
246 408 409 206 410 
247 308 408 410 103 
248 411 413 344 414 
249 347 411 414 126 
250 346 416 415 374 
251 415 417 347 418 
252 374 415 418 345 
253 419 420 332 421 
254 355 419 421 59 
255 335 423 422 400 
256 423 394 424 422 
257 336 401 426 363 
258 401 193 427 426 
259 426 427 355 428 
260 363 426 428 354 
261 398 431 429 430 
262 431 400 432 429 
263 429 432 193 433 
264 430 429 433 401 
265 59 421 434 371 
266 421 332 435 434 
267 370 437 436 379 
268 437 371 438 436 
269 436 438 208 416 
270 379 436 416 346 
271 439 441 411 442 
272 417 439 442 347 
273 416 445 443 444 
274 445 208 446 443 
275 443 446 417 447 
276 444 443 447 415 
277 88 453 452 189 
278 453 90 454 452 
279 452 454 5 455 
280 189 452 455 91 
281 187 457 456 331 
282 457 189 458 456 
283 456 458 91 459 
284 331 456 459 190 
285 330 461 460 396 
286 461 187 462 460 
287 460 462 331 463 
288 396 460 463 329 
289 394 465 464 424 
290 465 396 466 464 
291 464 466 329 467 
292 424 464 467 397 
293 193 425 468 427 
294 425 397 469 468 
295 468 469 419 470 
296 427 468 470 355 
297 422 473 471 472 
298 473 424 474 471 
299 471 474 397 475 
300 472 471 475 425 
301 371 477 476 438 
302 477 434 478 476 
303 476 478 412 440 
304 438 476 440 208 
305 91 455 482 205 
306 455 5 483 482 
307 482 483 122 484 
308 205 482 484 121 
309 190 459 485 343 
310 459 91 486 485 
311 485 486 205 487 
312 343 485 487 204 
313 342 489 488 413 
314 489 343 490 488 
315 488 490 204 491 
316 413 488 491 344 
317 412 493 492 441 
318 493 342 494 492 
319 492 494 413 495 
320 441 492 495 411 
321 440 498 496 497 
322 498 412 499 496 
323 496 499 441 500 
324 497 496 500 439 
325 454 510 508 509 
326 508 511 504 512 
327 509 508 512 5 
328 5 512 513 514 
329 512 504 515 513 
330 514 513 516 483 
331 7 518 517 162 
332 518 16 519 517 
333 517 519 15 32 
334 162 517 32 13 
335 13 521 520 166 
336 521 32 522 520 
337 520 522 31 48 
338 166 520 48 26 
339 26 524 523 170 
340 524 48 525 523 
341 523 525 47 85 
342 170 523 85 42 
343 42 527 526 387 
344 527 85 528 526 
345 58 531 529 530 
346 531 449 532 529 
347 90 535 533 534 
348 535 502 536 533 
349 533 536 501 510 
350 534 533 510 454 
351 15 538 537 33 
352 538 17 539 537 
353 537 539 8 540 
354 33 537 540 18 
355 542 33 543 541 
356 541 543 18 544 
357 501 558 557 511 
358 558 503 559 557 
359 557 559 451 560 
360 511 557 560 504 
361 510 563 561 562 
362 563 501 564 561 
363 561 564 511 565 
364 562 561 565 508 
365 18 540 566 45 
366 540 8 567 566 
367 566 567 29 568 
368 45 566 568 28 
369 544 18 570 569 
370 569 570 45 571 
371 504 560 581 515 
372 560 451 582 581 
373 581 582 506 583 
374 515 581 583 505 
375 21 46 584 215 
376 46 28 585 584 
377 584 585 30 586 
378 215 584 586 9 
379 37 74 587 219 
380 74 44 588 587 
381 587 588 46 589 
382 219 587 589 21 
383 53 120 590 223 
384 120 72 591 590 
385 590 591 74 592 
386 223 590 592 37 
387 593 594 120 595 
388 403 593 595 53 
389 122 507 596 597 
390 597 596 599 77 
391 483 516 600 601 
392 516 505 602 600 
393 600 602 507 603 
394 601 600 603 122 
395 513 606 604 605 
396 606 515 607 604 
397 604 607 505 608 
398 605 604 608 516 
399 449 619 618 532 
400 554 623 621 622 
401 623 450 624 621 
402 503 638 637 559 
403 638 553 614 637 
404 637 614 556 639 
405 559 637 639 451 
406 553 642 640 641 
407 642 615 633 640 
408 640 633 613 643 
409 641 640 643 614 
410 613 636 648 649 
411 636 616 650 648 
412 648 650 87 651 
413 649 648 651 617 
414 633 654 652 653 
415 652 655 636 656 
416 653 652 656 613 
417 660 661 72 662 
418 594 660 662 120 
419 85 677 676 528 
420 677 47 678 676 
421 450 683 682 624 
422 722 724 612 725 
423 723 722 725 631 
424 697 728 726 727 
425 728 700 729 726 
426 727 726 730 701 
427 631 725 731 732 
428 725 612 733 731 
429 712 743 741 742 
430 741 744 713 745 
431 742 741 745 711 
432 746 747 696 748 
433 724 746 748 612 
434 700 750 749 729 
435 750 718 751 749 
436 701 730 753 754 
437 730 630 755 753 
438 753 755 724 756 
439 754 753 756 722 
440 726 759 757 758 
441 759 729 760 757 
442 757 760 630 761 
443 758 757 761 730 
444 612 748 762 733 
445 748 696 763 762 
446 731 766 764 765 
447 766 733 767 764 
448 764 767 658 743 
449 765 764 743 712 
450 768 770 737 771 
451 744 768 771 713 
452 743 774 772 773 
453 774 658 775 772 
454 772 775 744 776 
455 773 772 776 741 
456 630 752 777 755 
457 752 721 778 777 
458 777 778 746 779 
459 755 777 779 724 
460 729 781 780 760 
461 781 749 782 780 
462 780 782 752 783 
463 760 780 783 630 
464 733 785 784 767 
465 785 762 786 784 
466 784 786 738 769 
467 767 784 769 658 
468 658 788 787 775 
469 788 769 789 787 
470 787 789 768 790 
471 775 787 790 744 
472 718 800 799 751 
473 800 720 801 799 
474 799 801 693 802 
475 751 799 802 721 
476 749 804 803 782 
477 804 751 805 803 
478 803 805 721 806 
479 782 803 806 752 
480 738 815 814 770 
481 815 708 816 814 
482 814 816 739 817 
483 770 814 817 737 
484 769 819 818 789 
485 819 738 820 818 
486 818 820 770 821 
487 789 818 821 768 
488 822 823 552 824 
489 747 822 824 696 
490 721 802 825 778 
491 802 693 826 825 
492 825 826 747 827 
493 778 825 827 746 
494 696 824 828 763 
495 824 552 829 828 
496 762 831 830 786 
497 831 763 832 830 
498 830 832 708 815 
499 786 830 815 738 
500 833 835 822 836 
501 826 833 836 747 
502 720 838 837 801 
503 838 795 839 837 
504 837 839 798 834 
505 801 837 834 693 
506 693 842 840 841 
507 842 834 843 840 
508 840 843 833 844 
509 841 840 844 826 
510 763 846 845 832 
511 846 828 847 845 
512 708 848 849 816 
513 848 811 850 849 
514 849 850 810 851 
515 816 849 851 739 
516 832 854 852 853 
517 854 845 855 852 
518 852 855 848 856 
519 853 852 856 708 
520 695 858 857 823 
521 858 791 859 857 
522 857 859 794 860 
523 823 857 860 552 
524 798 862 861 835 
525 862 695 863 861 
526 861 863 823 864 
527 835 861 864 822 
528 834 866 865 843 
529 866 798 867 865 
530 865 867 835 868 
531 843 865 868 833 
532 552 860 869 829 
533 860 794 870 869 
534 869 870 807 871 
535 829 869 871 709 
536 828 873 872 847 
537 873 829 874 872 
538 872 874 709 875 
539 847 872 875 811 
540 845 877 876 855 
541 877 847 878 876 
542 876 878 811 879 
543 855 876 879 848 
544 657 882 880 881 
545 882 712 742 880 
546 644 891 889 890 
547 891 646 672 889 
548 889 672 579 892 
549 890 889 892 647 
550 87 895 893 894 
551 895 631 732 893 
552 646 898 896 897 
553 898 673 899 896 
554 897 896 900 672 
555 673 910 909 899 
556 910 657 881 909 
557 674 920 918 919 
558 920 883 921 918 
559 918 921 905 922 
560 919 918 922 906 
561 909 925 923 924 
562 925 881 926 923 
563 923 926 674 927 
564 924 923 927 911 
565 672 900 928 929 
566 929 928 930 579 
567 933 911 934 931 
568 931 934 915 935 
569 932 931 935 916 
570 711 745 936 907 
571 745 713 937 936 
572 936 937 625 938 
573 907 936 938 714 
574 905 945 943 944 
575 945 907 946 943 
576 943 946 714 947 
577 944 943 947 908 
578 900 950 948 949 
579 950 671 932 948 
580 948 932 916 951 
581 949 948 951 928 
582 899 954 952 953 
583 954 909 924 952 
584 952 924 911 933 
585 953 952 933 671 
586 671 957 955 956 
587 957 933 958 955 
588 955 958 931 959 
589 956 955 959 932 
590 714 938 963 941 
591 938 625 964 963 
592 963 964 903 965 
593 941 963 965 901 
594 908 947 966 967 
595 947 714 968 966 
596 966 968 941 969 
597 967 966 969 939 
598 974 976 627 977 
599 975 974 977 670 
600 939 969 982 983 
601 969 941 984 982 
602 982 984 901 985 
603 983 982 985 942 
604 901 965 986 980 
605 965 903 987 986 
606 986 987 669 988 
607 980 986 988 904 
608 942 985 989 990 
609 985 901 991 989 
610 989 991 980 992 
611 990 989 992 978 
612 993 975 670 995 
613 994 993 995 480 
614 667 981 996 997 
615 981 904 998 996 
616 996 998 974 999 
617 997 996 999 975 
618 978 992 1000 1001 
619 992 980 1002 1000 
620 1000 1002 904 1003 
621 1001 1000 1003 981 
622 555 1005 1004 635 
623 1005 629 698 1004 
624 1004 698 628 1006 
625 635 1004 1006 616 
626 632 1008 1007 655 
627 1008 635 1009 1007 
628 1007 1009 616 1010 
629 655 1007 1010 636 
630 621 1013 1011 1012 
631 1013 624 1014 1011 
632 615 1017 1015 1016 
633 1017 634 1018 1015 
634 1016 1015 654 633 
635 654 1021 1019 1020 
636 1021 632 1022 1019 
637 1019 1022 655 1023 
638 1020 1019 1023 652 
639 634 1025 1024 1018 
640 1025 555 1026 1024 
641 1024 1026 635 1008 
642 1018 1024 1008 632 
643 1015 1029 1027 1028 
644 1029 1018 1030 1027 
645 1027 1030 632 1021 
646 1028 1027 1021 654 
647 624 1032 1031 1014 
648 1032 682 1033 1031 
649 1031 1033 629 1005 
650 1014 1031 1005 555 
651 1011 1036 1034 1035 
652 1036 1014 1037 1034 
653 1034 1037 555 1025 
654 1035 1034 1025 634 
655 682 1043 1042 1033 
656 1043 684 1044 1042 
657 1042 1044 609 699 
658 1033 1042 699 629 
659 629 1047 1045 1046 
660 1047 699 1048 1045 
661 1045 1048 697 1049 
662 1046 1045 1049 698 
663 49 1062 1061 547 
664 1062 541 1063 1061 
665 1061 1063 544 1064 
666 547 1061 1064 34 
667 1066 547 1067 1065 
668 1065 1067 34 1068 
669 1073 1075 688 1076 
670 34 1064 1077 573 
671 1064 544 1078 1077 
672 1077 1078 569 1079 
673 573 1077 1079 73 
674 1068 34 1081 1080 
675 1080 1081 573 1082 
676 1086 1088 1072 1089 
677 1075 1086 1089 688 
678 717 1098 1096 1097 
679 1098 1093 1099 1096 
680 1096 1099 792 1100 
681 1097 1096 1100 611 
682 48 1105 1104 525 
683 1105 31 1106 1104 
684 1104 1106 49 546 
685 525 1104 546 47 
686 47 1108 1107 678 
687 1108 546 1109 1107 
688 1118 1103 1119 1116 
689 1116 1119 691 1120 
690 1117 1116 1120 1051 
691 1095 1123 1121 1122 
692 1123 1101 1117 1121 
693 1121 1117 1051 1124 
694 1122 1121 1124 689 
695 1131 551 1132 1129 
696 1129 1132 1103 1118 
697 1101 1135 1133 1134 
698 1135 1118 1136 1133 
699 1133 1136 1116 1137 
700 1134 1133 1137 1117 
701 716 1151 1149 1150 
702 1151 549 1152 1149 
703 1149 1152 717 1153 
704 1150 1149 1153 715 
705 549 1155 1154 1152 
706 1155 1094 1142 1154 
707 1154 1142 1093 1098 
708 1152 1154 1098 717 
709 1093 1145 1156 1099 
710 1145 1095 1122 1156 
711 1156 1122 689 1157 
712 1099 1156 1157 792 
713 1142 1160 1158 1159 
714 1160 1141 1161 1158 
715 1158 1161 1145 1162 
716 1159 1158 1162 1093 
717 690 1173 1172 1144 
718 1173 1102 1130 1172 
719 1172 1130 1101 1123 
720 1144 1172 1123 1095 
721 1125 1179 1177 1178 
722 1179 1128 1180 1177 
723 1177 1180 551 1131 
724 1178 1177 1131 1102 
725 1102 1183 1181 1182 
726 1183 1131 1184 1181 
727 1181 1184 1129 1185 
728 1182 1181 1185 1130 
729 1114 1188 1186 1187 
730 1188 1039 1189 1186 
731 1186 1189 1115 1190 
732 1187 1186 1190 1113 
733 1192 1112 1193 1191 
734 1164 1196 1194 1195 
735 1196 685 1197 1194 
736 1194 1197 1165 1198 
737 1039 1200 1199 1189 
738 1200 1164 1195 1199 
739 1199 1195 1163 1201 
740 1189 1199 1201 1115 
741 1163 1198 1202 1203 
742 1198 1165 1204 1202 
743 1202 1204 1040 1205 
744 1203 1202 1205 1074 
745 1195 1208 1206 1207 
746 1208 1194 1209 1206 
747 1206 1209 1198 1210 
748 1207 1206 1210 1163 
749 1112 1212 1211 1193 
750 1212 1166 1213 1211 
751 1211 1213 1070 1170 
752 687 1215 1214 1071 
753 1215 1065 1216 1214 
754 1214 1216 1068 1217 
755 1071 1214 1217 548 
756 1070 1219 1218 1171 
757 1219 687 1220 1218 
758 1218 1220 1071 1221 
759 1171 1218 1221 1069 
760 1170 1224 1222 1223 
761 1224 1070 1225 1222 
762 1222 1225 1171 1226 
763 685 1228 1227 1197 
764 1228 1170 1223 1227 
765 1227 1223 1169 1229 
766 1197 1227 1229 1165 
767 1169 1226 1230 1231 
768 1226 1171 1232 1230 
769 1230 1232 1069 1233 
770 1231 1230 1233 1087 
771 1223 1236 1234 1235 
772 1236 1222 1237 1234 
773 1234 1237 1226 1238 
774 1235 1234 1238 1169 
775 1139 1245 1243 1244 
776 1245 1138 1240 1243 
777 1243 1240 1094 1155 
778 1244 1243 1155 549 
779 1240 1248 1246 1247 
780 1248 1239 1249 1246 
781 1247 1246 1250 1094 
782 1126 1252 1251 1242 
783 1252 1125 1178 1251 
784 1251 1178 1102 1173 
785 1242 1251 1173 690 
786 1239 1254 1253 1249 
787 1254 1242 1255 1253 
788 1253 1255 690 1256 
789 1249 1253 1256 1143 
790 1094 1250 1257 1258 
791 1250 1143 1259 1257 
792 1257 1259 1141 1160 
793 1258 1257 1160 1142 
794 1246 1262 1260 1261 
795 1262 1249 1263 1260 
796 1260 1263 1143 1264 
797 1261 1260 1264 1250 
798 1146 1267 1265 1266 
799 1267 1139 1244 1265 
800 1265 1244 549 1151 
801 1266 1265 1151 716 
802 676 1270 1268 1269 
803 1270 678 1271 1268 
804 1268 1271 86 1091 
805 1269 1268 1091 550 
806 550 1274 1272 1273 
807 1274 1091 1275 1272 
808 1272 1275 1090 1140 
809 1273 1272 1140 681 
810 1140 1278 1276 1277 
811 1278 1090 1279 1276 
812 1276 1279 1126 1241 
813 1277 1276 1241 1138 
814 1138 1282 1280 1281 
815 1282 1241 1283 1280 
816 1280 1283 1239 1248 
817 1281 1280 1248 1240 
818 1041 1076 1284 1285 
819 1076 688 1286 1284 
820 1285 1284 1287 1054 
821 688 1089 1288 1286 
822 1089 1072 1289 1288 
823 1288 1289 1083 1290 
824 1286 1288 1290 1055 
825 72 574 1291 591 
826 574 73 1292 1291 
827 1291 1292 44 1293 
828 591 1291 1293 74 
829 1294 1295 574 1296 
830 661 1294 1296 72 
831 1054 1287 1301 1302 
832 1287 1055 1303 1301 
833 1301 1303 702 1304 
834 1302 1301 1304 1056 
835 1284 1307 1305 1306 
836 1307 1286 1308 1305 
837 1305 1308 1055 1309 
838 1306 1305 1309 1287 
839 1328 707 1329 1326 
840 1326 1329 1320 1330 
841 1327 1326 1330 1318 
842 575 1335 1333 1334 
843 1335 1314 1327 1333 
844 1333 1327 1318 1336 
845 1334 1333 1336 1319 
846 1312 1342 1340 1341 
847 1342 1313 1343 1340 
848 1340 1343 707 1328 
849 1341 1340 1328 1314 
850 1314 1346 1344 1345 
851 1346 1328 1347 1344 
852 1344 1347 1326 1348 
853 1345 1344 1348 1327 
854 576 1350 1349 1324 
855 1350 1056 1351 1349 
856 1349 1351 1297 1352 
857 1324 1349 1352 1298 
858 1323 1355 1353 1354 
859 1355 576 1356 1353 
860 1353 1356 1324 1357 
861 736 1360 1358 1359 
862 1360 575 1334 1358 
863 1358 1334 1319 1361 
864 1359 1358 1361 1331 
865 707 1363 1362 1329 
866 1363 1323 1354 1362 
867 1362 1354 1322 1364 
868 1329 1362 1364 1320 
869 577 1311 1365 1366 
870 1311 119 1367 1365 
871 1365 1367 661 1368 
872 1366 1365 1368 660 
873 1310 1325 1369 1370 
874 1325 1298 1371 1369 
875 1369 1371 119 1372 
876 1370 1369 1372 1311 
877 1322 1357 1373 1374 
878 1357 1324 1375 1373 
879 1373 1375 1298 1376 
880 1374 1373 1376 1325 
881 1354 1379 1377 1378 
882 1379 1353 1380 1377 
883 1377 1380 1357 1381 
884 1378 1377 1381 1322 
885 1 1384 1382 1383 
886 1384 12 160 1382 
887 1382 160 10 62 
888 1383 1382 62 11 
889 16 1386 1385 519 
890 1386 2 1387 1385 
891 1385 1387 17 538 
892 519 1385 538 15 
893 20 94 1388 1389 
894 94 19 214 1388 
895 1388 214 22 1390 
896 1389 1388 1390 4 
897 10 1393 1391 1392 
898 1393 25 164 1391 
899 1391 164 23 66 
900 1392 1391 66 24 
901 28 568 1394 585 
902 568 29 1395 1394 
903 1394 1395 3 1396 
904 585 1394 1396 30 
905 32 1398 1397 522 
906 1398 15 1399 1397 
907 1397 1399 33 542 
908 522 1397 542 31 
909 36 97 1400 1401 
910 97 35 218 1400 
911 1400 218 38 1402 
912 1401 1400 1402 19 
913 23 1405 1403 1404 
914 1405 41 168 1403 
915 1403 168 39 70 
916 1404 1403 70 40 
917 44 571 1406 588 
918 571 45 1407 1406 
919 1406 1407 28 1408 
920 588 1406 1408 46 
921 52 100 1409 1410 
922 100 51 222 1409 
923 1409 222 54 1411 
924 1410 1409 1411 35 
925 70 1414 1412 1413 
926 1414 39 172 1412 
927 1412 172 56 112 
928 1413 1412 112 68 
929 56 1417 1415 1416 
930 1417 81 176 1415 
931 1415 176 79 116 
932 1416 1415 116 80 
933 89 1419 1418 390 
934 1419 58 530 1418 
935 1418 530 90 453 
936 390 1418 453 88 
937 98 135 1420 1421 
938 135 76 226 1420 
939 1420 226 51 1422 
940 1421 1420 1422 100 
941 102 138 1423 1424 
942 138 101 230 1423 
943 1423 230 104 1425 
944 1424 1423 1425 76 
945 116 1428 1426 1427 
946 1428 79 180 1426 
947 1426 180 106 141 
948 1427 1426 141 114 
949 121 484 1429 406 
950 484 122 597 1429 
951 1429 597 77 1430 
952 406 1429 1430 123 
953 136 154 1431 1432 
954 154 125 234 1431 
955 1431 234 101 1433 
956 1432 1431 1433 138 
957 183 1436 1434 1435 
958 1436 186 254 1434 
959 1434 254 128 201 
960 1435 1434 201 149 
961 188 1438 1437 393 
962 1438 88 1439 1437 
963 1437 1439 189 457 
964 393 1437 457 187 
965 204 487 1440 409 
966 487 205 1441 1440 
967 1440 1441 121 1442 
968 409 1440 1442 206 
969 158 245 1443 1444 
970 245 143 270 1443 
971 1443 270 239 1445 
972 1444 1443 1445 237 
973 250 1447 1446 260 
974 1447 196 296 1446 
975 1446 296 251 1448 
976 260 1446 1448 249 
977 265 1450 1449 276 
978 1450 267 317 1449 
979 1449 317 212 1451 
980 276 1449 1451 268 
981 279 341 1452 323 
982 341 191 362 1452 
983 1452 362 280 1453 
984 323 1452 1453 278 
985 248 1455 1454 294 
986 1455 289 338 1454 
987 1454 338 279 322 
988 294 1454 322 131 
989 300 1457 1456 327 
990 1457 301 377 1456 
991 1456 377 207 351 
992 327 1456 351 302 
993 145 328 1458 314 
994 328 302 350 1458 
995 1458 350 310 1459 
996 314 1458 1459 263 
997 329 463 1460 420 
998 463 331 1461 1460 
999 1460 1461 190 1462 
1000 420 1460 1462 332 
1001 332 1462 1463 435 
1002 1462 190 1464 1463 
1003 1463 1464 343 489 
1004 435 1463 489 342 
1005 397 467 1465 469 
1006 467 329 1466 1465 
1007 1465 1466 420 1467 
1008 469 1465 1467 419 
1009 400 1469 1468 432 
1010 1469 422 472 1468 
1011 1468 472 425 1470 
1012 432 1468 1470 193 
1013 434 1472 1471 478 
1014 1472 435 1473 1471 
1015 1471 1473 342 493 
1016 478 1471 493 412 
1017 208 1475 1474 446 
1018 1475 440 497 1474 
1019 1474 497 439 1476 
1020 446 1474 1476 417 
1021 502 1478 1477 536 
1022 1478 448 1479 1477 
1023 1477 1479 503 558 
1024 536 1477 558 501 
1025 505 583 1480 602 
1026 583 506 1481 1480 
1027 1480 1481 479 1482 
1028 602 1480 1482 507 
1029 31 1484 1483 1106 
1030 1484 542 1485 1483 
1031 1483 1485 541 1062 
1032 1106 1483 1062 49 
1033 546 1487 1486 1109 
1034 1487 49 1488 1486 
1035 1486 1488 547 1066 
1036 448 1490 1489 1479 
1037 1490 554 622 1489 
1038 1489 622 553 638 
1039 1479 1489 638 503 
1040 73 1079 1491 1292 
1041 1079 569 1492 1491 
1042 1491 1492 571 1493 
1043 1292 1491 1493 44 
1044 1082 573 1495 1494 
1045 1494 1495 73 1496 
1046 1295 1494 1496 574 
1047 451 639 1497 582 
1048 639 556 645 1497 
1049 1497 645 578 1498 
1050 582 1497 1498 506 
1051 506 1498 1499 1481 
1052 1498 578 887 1499 
1053 1499 887 580 1500 
1054 1481 1499 1500 479 
1055 614 643 1501 1502 
1056 643 613 649 1501 
1057 1501 649 617 1503 
1058 1502 1501 1503 556 
1059 622 1506 1504 1505 
1060 1506 621 1012 1504 
1061 1504 1012 615 642 
1062 1505 1504 642 553 
1063 616 1006 1507 650 
1064 1006 628 723 1507 
1065 1507 723 631 895 
1066 650 1507 895 87 
1067 617 651 1508 1509 
1068 651 87 894 1508 
1069 1508 894 646 891 
1070 1509 1508 891 644 
1071 118 666 1510 1511 
1072 666 577 1366 1510 
1073 1510 1366 660 1512 
1074 1511 1510 1512 594 
1075 528 1515 1513 1514 
1076 1515 676 1269 1513 
1077 1513 1269 550 680 
1078 1514 1513 680 84 
1079 680 1518 1516 1517 
1080 1518 550 1273 1516 
1081 1516 1273 681 1148 
1082 1517 1516 1148 679 
1083 620 1521 1519 1520 
1084 1521 679 1147 1519 
1085 1520 1519 683 450 
1086 699 1523 1522 1048 
1087 1523 609 1524 1522 
1088 1522 1524 700 728 
1089 1048 1522 728 697 
1090 698 1049 1525 1526 
1091 1049 697 727 1525 
1092 1525 727 701 1527 
1093 1526 1525 1527 628 
1094 715 1153 1533 1534 
1095 1153 717 1097 1533 
1096 1533 1097 611 796 
1097 1534 1533 796 694 
1098 684 1536 1535 1044 
1099 1536 715 1534 1535 
1100 1535 1534 694 719 
1101 1044 1535 719 609 
1102 609 1538 1537 1524 
1103 1538 719 1539 1537 
1104 1537 1539 718 750 
1105 1524 1537 750 700 
1106 719 1541 1540 1539 
1107 1541 694 1542 1540 
1108 1540 1542 720 800 
1109 1539 1540 800 718 
1110 628 1527 1543 1544 
1111 1527 701 754 1543 
1112 1543 754 722 1545 
1113 1544 1543 1545 723 
1114 732 1548 1546 1547 
1115 1548 731 765 1546 
1116 1546 765 712 882 
1117 1547 1546 882 657 
1118 1549 1551 575 1360 
1119 1550 1549 1360 736 
1120 1552 1550 736 1553 
1121 976 1552 1553 627 
1122 713 771 1554 937 
1123 771 737 1555 1554 
1124 1554 1555 740 1556 
1125 937 1554 1556 625 
1126 611 1100 1557 797 
1127 1100 792 1558 1557 
1128 1557 1558 791 858 
1129 797 1557 858 695 
1130 792 1157 1559 1558 
1131 1157 689 1560 1559 
1132 1559 1560 793 1561 
1133 1558 1559 1561 791 
1134 791 1561 1562 859 
1135 1561 793 1563 1562 
1136 1562 1563 692 1564 
1137 859 1562 1564 794 
1138 694 1566 1565 1542 
1139 1566 796 1567 1565 
1140 1565 1567 795 838 
1141 1542 1565 838 720 
1142 795 1569 1568 839 
1143 1569 797 1570 1568 
1144 1568 1570 695 862 
1145 839 1568 862 798 
1146 794 1564 1571 870 
1147 1564 692 1572 1571 
1148 1571 1572 808 1573 
1149 870 1571 1573 807 
1150 709 871 1574 812 
1151 871 807 1575 1574 
1152 1574 1575 809 1576 
1153 812 1574 1576 626 
1154 811 875 1577 850 
1155 875 709 1578 1577 
1156 1577 1578 812 1579 
1157 850 1577 1579 810 
1158 881 1581 1580 926 
1159 1581 880 1582 1580 
1160 1580 1582 883 920 
1161 926 1580 920 674 
1162 580 888 1583 1584 
1163 1584 1583 1585 884 
1164 647 892 1586 1587 
1165 892 579 913 1586 
1166 1586 913 668 1588 
1167 1587 1586 1588 886 
1168 886 1588 1589 1590 
1169 1588 668 994 1589 
1170 1589 994 480 1591 
1171 1590 1589 1591 888 
1172 893 1594 1592 1593 
1173 1594 732 1547 1592 
1174 1592 1547 657 910 
1175 1593 1592 910 673 
1176 894 1597 1595 1596 
1177 1597 893 1593 1595 
1178 1595 1593 673 898 
1179 1596 1595 898 646 
1180 896 1600 1598 1599 
1181 1600 899 953 1598 
1182 1598 953 671 950 
1183 1599 1598 950 900 
1184 883 1602 1601 921 
1185 1602 711 1603 1601 
1186 1601 1603 907 945 
1187 921 1601 945 905 
1188 906 922 1604 1605 
1189 922 905 944 1604 
1190 1604 944 908 1606 
1191 1605 1604 1606 659 
1192 911 927 1613 934 
1193 927 674 919 1613 
1194 1613 919 906 1614 
1195 934 1613 1614 915 
1196 915 1614 1615 1616 
1197 1614 906 1605 1615 
1198 1615 1605 659 1617 
1199 1616 1615 1617 917 
1200 916 935 1618 1619 
1201 935 915 1616 1618 
1202 1618 1616 917 1620 
1203 1619 1618 1620 675 
1204 579 930 1621 1622 
1205 1622 1621 1623 913 
1206 928 951 1624 1625 
1207 951 916 1619 1624 
1208 1624 1619 675 1626 
1209 1625 1624 1626 930 
1210 659 1606 1627 1628 
1211 1606 908 967 1627 
1212 1627 967 939 1629 
1213 1628 1627 1629 940 
1214 940 1629 1630 1631 
1215 1629 939 983 1630 
1216 1630 983 942 1632 
1217 1631 1630 1632 902 
1218 625 1556 1633 964 
1219 1556 740 1634 1633 
1220 1633 1634 960 1635 
1221 964 1633 1635 903 
1222 903 1635 1636 987 
1223 1635 960 1637 1636 
1224 1636 1637 962 1638 
1225 987 1636 1638 669 
1226 904 988 1639 998 
1227 988 669 1640 1639 
1228 1639 1640 976 1641 
1229 998 1639 1641 974 
1230 902 1632 1642 1643 
1231 1632 942 990 1642 
1232 1642 990 978 1644 
1233 1643 1642 1644 979 
1234 979 1644 1645 1646 
1235 1644 978 1001 1645 
1236 1645 1001 981 1647 
1237 1646 1645 1647 667 
1238 914 1612 1648 1649 
1239 1612 667 997 1648 
1240 1648 997 975 1650 
1241 1649 1648 1650 993 
1242 1012 1653 1651 1652 
1243 1653 1011 1035 1651 
1244 1651 1035 634 1017 
1245 1652 1651 1017 615 
1246 689 1124 1654 1560 
1247 1124 1051 1655 1654 
1248 1654 1655 1050 1656 
1249 1560 1654 1656 793 
1250 1051 1120 1657 1655 
1251 1120 691 1658 1657 
1252 1657 1658 1052 1659 
1253 1655 1657 1659 1050 
1254 793 1656 1660 1563 
1255 1656 1050 1661 1660 
1256 1660 1661 1053 1662 
1257 1563 1660 1662 692 
1258 1663 1285 1054 1664 
1259 1664 1054 1302 1665 
1260 1665 1302 1056 1350 
1261 545 1667 1666 1168 
1262 1667 1066 1668 1666 
1263 1666 1668 1065 1215 
1264 1168 1666 1215 687 
1265 1069 1221 1669 1088 
1266 1221 1071 1670 1669 
1267 1669 1670 548 1671 
1268 1088 1669 1671 1072 
1269 548 1217 1672 1084 
1270 1217 1068 1673 1672 
1271 1672 1673 1080 1674 
1272 1084 1672 1674 703 
1273 703 1674 1675 1529 
1274 1674 1080 1676 1675 
1275 1675 1676 1082 1677 
1276 1529 1675 1677 572 
1277 1072 1671 1678 1289 
1278 1671 548 1679 1678 
1279 1678 1679 1084 1680 
1280 1289 1678 1680 1083 
1281 1055 1290 1681 1303 
1282 1290 1083 1682 1681 
1283 1681 1682 1085 1683 
1284 1303 1681 1683 702 
1285 1091 1685 1684 1275 
1286 1685 86 1686 1684 
1287 1684 1686 1092 1127 
1288 1275 1684 1127 1090 
1289 678 1688 1687 1271 
1290 1688 1107 1689 1687 
1291 1687 1689 686 1111 
1292 1271 1687 1111 86 
1293 86 1691 1690 1686 
1294 1691 1111 1692 1690 
1295 1690 1692 1110 1175 
1296 1686 1690 1175 1092 
1297 1111 1694 1693 1692 
1298 1694 686 1695 1693 
1299 1693 1695 1112 1192 
1300 1692 1693 1192 1110 
1301 551 1697 1696 1132 
1302 1697 1114 1187 1696 
1303 1696 1187 1113 1698 
1304 1132 1696 1698 1103 
1305 1103 1698 1699 1119 
1306 1698 1113 1700 1699 
1307 1699 1700 1058 1701 
1308 1119 1699 1701 691 
1309 1090 1703 1702 1279 
1310 1703 1127 1704 1702 
1311 1702 1704 1125 1252 
1312 1279 1702 1252 1126 
1313 1127 1706 1705 1704 
1314 1706 1092 1707 1705 
1315 1705 1707 1128 1179 
1316 1704 1705 1179 1125 
1317 1130 1185 1708 1709 
1318 1185 1129 1710 1708 
1319 1708 1710 1118 1135 
1320 1709 1708 1135 1101 
1321 681 1713 1711 1712 
1322 1713 1140 1277 1711 
1323 1711 1277 1138 1245 
1324 1712 1711 1245 1139 
1325 1143 1256 1714 1259 
1326 1256 690 1715 1714 
1327 1714 1715 1144 1716 
1328 1259 1714 1716 1141 
1329 1141 1716 1717 1161 
1330 1716 1144 1718 1717 
1331 1717 1718 1095 1719 
1332 1161 1717 1719 1145 
1333 1148 1722 1720 1721 
1334 1722 681 1712 1720 
1335 1720 1712 1139 1267 
1336 1721 1720 1267 1146 
1337 1115 1201 1723 1724 
1338 1201 1163 1203 1723 
1339 1723 1203 1074 1725 
1340 1724 1723 1725 1038 
1341 1107 1727 1726 1689 
1342 1727 1109 1728 1726 
1343 1726 1728 545 1167 
1344 1689 1726 1167 686 
1345 686 1730 1729 1695 
1346 1730 1167 1731 1729 
1347 1729 1731 1166 1212 
1348 1695 1729 1212 1112 
1349 1166 1733 1732 1213 
1350 1733 1168 1734 1732 
1351 1732 1734 687 1219 
1352 1213 1732 1219 1070 
1353 1165 1229 1735 1204 
1354 1229 1169 1231 1735 
1355 1735 1231 1087 1736 
1356 1204 1735 1736 1040 
1357 1128 1738 1737 1180 
1358 1738 1174 1739 1737 
1359 1737 1739 1114 1697 
1360 1180 1737 1697 551 
1361 1241 1741 1740 1283 
1362 1741 1126 1742 1740 
1363 1740 1742 1242 1254 
1364 1283 1740 1254 1239 
1365 119 1300 1743 1367 
1366 1300 704 1744 1743 
1367 1743 1744 1294 1745 
1368 1367 1743 1745 661 
1369 704 1530 1746 1744 
1370 1530 572 1747 1746 
1371 1746 1747 1295 1748 
1372 1744 1746 1748 1294 
1373 1056 1304 1749 1351 
1374 1304 702 1750 1749 
1375 1749 1750 1299 1751 
1376 1351 1749 1751 1297 
1377 1298 1352 1752 1371 
1378 1352 1297 1753 1752 
1379 1752 1753 1300 1754 
1380 1371 1752 1754 119 
1381 665 1321 1755 1756 
1382 1321 1310 1370 1755 
1383 1755 1370 1311 1757 
1384 1756 1755 1757 577 
1385 626 1576 1758 1316 
1386 1576 809 1759 1758 
1387 1758 1759 1312 1760 
1388 1316 1758 1760 735 
1389 809 1762 1761 1759 
1390 1762 705 1763 1761 
1391 1761 1763 1313 1342 
1392 1759 1761 1342 1312 
1393 735 1760 1764 1551 
1394 1760 1312 1341 1764 
1395 1764 1341 1314 1335 
1396 1551 1764 1335 575 
1397 1320 1364 1765 1766 
1398 1364 1322 1374 1765 
1399 1765 1374 1325 1767 
1400 1766 1765 1767 1310 
1401 627 1553 1768 1769 
1402 1553 736 1359 1768 
1403 1768 1359 1331 1770 
1404 1769 1768 1770 972 
1405 1313 1772 1771 1343 
1406 1772 1337 1773 1771 
1407 1771 1773 1323 1363 
1408 1343 1771 1363 707 
1409 526 1776 1774 1775 
1410 1776 528 1514 1774 
1411 1774 1514 84 619 
1412 1775 1774 619 449 
1413 387 1779 1777 1778 
1414 1779 526 1775 1777 
1415 1777 1775 449 531 
1416 1778 1777 531 58 
1417 481 885 1780 1781 
1418 885 118 1511 1780 
1419 1780 1511 594 1782 
1420 1781 1780 1782 593 
1421 618 1785 1783 1784 
1422 1785 620 1520 1783 
1423 1783 1520 450 623 
1424 1784 1783 623 554 
1425 532 1788 1786 1787 
1426 1788 618 1784 1786 
1427 1786 1784 554 1490 
1428 1787 1786 1490 448 
1429 556 1503 1789 1790 
1430 1503 617 1509 1789 
1431 1789 1509 644 1791 
1432 1790 1789 1791 645 
1433 645 1791 1792 1793 
1434 1791 644 890 1792 
1435 1792 890 647 1794 
1436 1793 1792 1794 578 
1437 663 1332 1795 1796 
1438 1332 665 1756 1795 
1439 1795 1756 577 1797 
1440 1796 1795 1797 666 
1441 664 973 1798 1799 
1442 973 663 1796 1798 
1443 1798 1796 666 1800 
1444 1799 1798 1800 118 
1445 84 1803 1801 1802 
1446 1803 680 1517 1801 
1447 1801 1517 679 1521 
1448 1802 1801 1521 620 
1449 610 1806 1804 1805 
1450 1806 716 1150 1804 
1451 1804 1150 715 1536 
1452 1805 1804 1536 684 
1453 737 817 1807 1555 
1454 817 739 1808 1807 
1455 1807 1808 710 1809 
1456 1555 1807 1809 740 
1457 796 1811 1810 1567 
1458 1811 611 1812 1810 
1459 1810 1812 797 1569 
1460 1567 1810 1569 795 
1461 807 1573 1813 1575 
1462 1573 808 1814 1813 
1463 1813 1814 705 1762 
1464 1575 1813 1762 809 
1465 739 851 1815 1808 
1466 851 810 1816 1815 
1467 1815 1816 813 1817 
1468 1808 1815 1817 710 
1469 880 1819 1818 1582 
1470 1819 742 1820 1818 
1471 1818 1820 711 1602 
1472 1582 1818 1602 883 
1473 479 1500 1821 1822 
1474 1500 580 1584 1821 
1475 1821 1584 884 1823 
1476 1822 1821 1823 598 
1477 884 1585 1824 1825 
1478 1585 664 1799 1824 
1479 1824 1799 118 1826 
1480 1825 1824 1826 885 
1481 598 1823 1827 1828 
1482 1823 884 1825 1827 
1483 1827 1825 885 1829 
1484 1828 1827 1829 481 
1485 578 1794 1830 1831 
1486 1794 647 1587 1830 
1487 1830 1587 886 1832 
1488 1831 1830 1832 887 
1489 887 1832 1833 1834 
1490 1832 886 1590 1833 
1491 1833 1590 888 1835 
1492 1834 1833 1835 580 
1493 913 1623 1836 1837 
1494 1837 1836 1838 668 
1495 740 1809 1839 1634 
1496 1809 710 1840 1839 
1497 1839 1840 961 1841 
1498 1634 1839 1841 960 
1499 960 1841 1842 1637 
1500 1841 961 1843 1842 
1501 1842 1843 734 1844 
1502 1637 1842 1844 962 
1503 670 977 1845 1846 
1504 977 627 1769 1845 
1505 1845 1769 972 1847 
1506 1846 1845 1847 970 
1507 668 1838 1848 1849 
1508 1838 914 1649 1848 
1509 1848 1649 993 1850 
1510 1849 1848 1850 994 
1511 1050 1659 1851 1661 
1512 1659 1052 1852 1851 
1513 1851 1852 50 1853 
1514 1661 1851 1853 1053 
1515 691 1701 1854 1658 
1516 1701 1058 1855 1854 
1517 1854 1855 1057 1856 
1518 1658 1854 1856 1052 
1519 1052 1856 1857 1852 
1520 1856 1057 1858 1857 
1521 1857 1858 1060 1859 
1522 1852 1857 1859 50 
1523 1083 1680 1860 1682 
1524 1680 1084 1861 1860 
1525 1860 1861 703 1862 
1526 1682 1860 1862 1085 
1527 1113 1190 1863 1700 
1528 1190 1115 1724 1863 
1529 1863 1724 1038 1864 
1530 1700 1863 1864 1058 
1531 1147 1867 1865 1866 
1532 1867 1146 1266 1865 
1533 1865 1266 716 1806 
1534 1866 1865 1806 610 
1535 1167 1869 1868 1731 
1536 1869 545 1870 1868 
1537 1868 1870 1168 1733 
1538 1731 1868 1733 1166 
1539 1092 1872 1871 1707 
1540 1872 1175 1873 1871 
1541 1871 1873 1174 1738 
1542 1707 1871 1738 1128 
1543 1174 1875 1874 1739 
1544 1875 1176 1876 1874 
1545 1874 1876 1039 1188 
1546 1739 1874 1188 1114 
1547 1176 1878 1877 1876 
1548 1878 1191 1879 1877 
1549 1877 1879 1164 1200 
1550 1876 1877 1200 1039 
1551 1297 1751 1880 1753 
1552 1751 1299 1881 1880 
1553 1880 1881 704 1882 
1554 1753 1880 1882 1300 
1555 710 1817 1883 1840 
1556 1817 813 1884 1883 
1557 1883 1884 1315 1885 
1558 1840 1883 1885 961 
1559 961 1885 1886 1843 
1560 1885 1315 1887 1886 
1561 1886 1887 1317 1888 
1562 1843 1886 1888 734 
1563 1318 1330 1889 1890 
1564 1330 1320 1766 1889 
1565 1889 1766 1310 1891 
1566 1890 1889 1891 1321 
1567 1319 1336 1892 1893 
1568 1336 1318 1890 1892 
1569 1892 1890 1321 1894 
1570 1893 1892 1894 665 
1571 1331 1361 1895 1896 
1572 1361 1319 1893 1895 
1573 1895 1893 665 1897 
1574 1896 1895 1897 1332 
1575 972 1770 1898 1899 
1576 1770 1331 1896 1898 
1577 1898 1896 1332 1900 
1578 1899 1898 1900 663 
1579 705 1902 1901 1763 
1580 1902 1338 1903 1901 
1581 1901 1903 1337 1772 
1582 1763 1901 1772 1313 
1583 1337 1905 1904 1773 
1584 1905 1339 1906 1904 
1585 1904 1906 576 1355 
1586 1773 1904 1355 1323 
1587 1109 1908 1907 1728 
1588 1908 1486 1909 1907 
1589 1907 1909 1066 1667 
1590 1728 1907 1667 545 
1591 572 1677 1910 1747 
1592 1677 1082 1911 1910 
1593 1910 1911 1494 1912 
1594 1747 1910 1912 1295 
1595 702 1683 1913 1750 
1596 1683 1085 1914 1913 
1597 1913 1914 1528 1915 
1598 1750 1913 1915 1299 
1599 1085 1862 1916 1914 
1600 1862 703 1917 1916 
1601 1916 1917 1529 1918 
1602 1914 1916 1918 1528 
1603 1299 1915 1919 1881 
1604 1915 1528 1920 1919 
1605 1919 1920 1530 1921 
1606 1881 1919 1921 704 
1607 692 1662 1922 1572 
1608 1662 1053 1923 1922 
1609 1922 1923 1531 1924 
1610 1572 1922 1924 808 
1611 1053 1853 1925 1923 
1612 1853 50 1926 1925 
1613 1925 1926 1532 1927 
1614 1923 1925 1927 1531 
1615 808 1924 1928 1814 
1616 1924 1531 1929 1928 
1617 1928 1929 1338 1902 
1618 1814 1928 1902 705 
1619 669 1638 1930 1640 
1620 1638 962 1931 1930 
1621 1930 1931 1552 1932 
1622 1640 1930 1932 976 
1623 962 1844 1933 1931 
1624 1844 734 1934 1933 
1625 1933 1934 1550 1935 
1626 1931 1933 1935 1552 
1627 917 1617 1936 1937 
1628 1617 659 1628 1936 
1629 1936 1628 940 1938 
1630 1937 1936 1938 1607 
1631 1607 1938 1939 1940 
1632 1938 940 1631 1939 
1633 1939 1631 902 1941 
1634 1940 1939 1941 1609 
1635 1609 1941 1942 1943 
1636 1941 902 1643 1942 
1637 1942 1643 979 1944 
1638 1943 1942 1944 1610 
1639 1610 1944 1945 1946 
1640 1944 979 1646 1945 
1641 1945 1646 667 1947 
1642 1946 1945 1947 1612 
1643 50 1859 1948 1926 
1644 1859 1060 1949 1948 
1645 1948 1949 1663 1950 
1646 1926 1948 1950 1532 
1647 385 1953 1951 1952 
1648 1953 387 1778 1951 
1649 1951 1778 58 1419 
1650 1952 1951 1419 89 
1651 174 1956 1954 1955 
1652 1956 385 1952 1954 
1653 1954 1952 89 389 
1654 1955 1954 389 55 
1655 529 1959 1957 1958 
1656 1959 532 1787 1957 
1657 1957 1787 448 1478 
1658 1958 1957 1478 502 
1659 530 1962 1960 1961 
1660 1962 529 1958 1960 
1661 1960 1958 502 535 
1662 1961 1960 535 90 
1663 77 599 1963 1964 
1664 599 481 1781 1963 
1665 1963 1781 593 1965 
1666 1964 1963 1965 403 
1667 507 1482 1966 1967 
1668 1482 479 1822 1966 
1669 1966 1822 598 1968 
1670 1967 1966 1968 596 
1671 596 1968 1969 1970 
1672 1968 598 1828 1969 
1673 1969 1828 481 1971 
1674 1970 1969 1971 599 
1675 619 1974 1972 1973 
1676 1974 84 1802 1972 
1677 1972 1802 620 1785 
1678 1973 1972 1785 618 
1679 683 1977 1975 1976 
1680 1977 610 1805 1975 
1681 1975 1805 684 1043 
1682 1976 1975 1043 682 
1683 810 1579 1978 1816 
1684 1579 812 1979 1978 
1685 1978 1979 626 1980 
1686 1816 1978 1980 813 
1687 480 995 1981 1982 
1688 995 670 1846 1981 
1689 1981 1846 970 1983 
1690 1982 1981 1983 971 
1691 970 1847 1984 1985 
1692 1847 972 1899 1984 
1693 1984 1899 663 1986 
1694 1985 1984 1986 973 
1695 971 1983 1987 1988 
1696 1983 970 1985 1987 
1697 1987 1985 973 1989 
1698 1988 1987 1989 664 
1699 1058 1864 1990 1855 
1700 1864 1038 1991 1990 
1701 1990 1991 1059 1992 
1702 1855 1990 1992 1057 
1703 1057 1992 1993 1858 
1704 1992 1059 1994 1993 
1705 1993 1994 1041 1995 
1706 1858 1993 1995 1060 
1707 1038 1725 1996 1991 
1708 1725 1074 1997 1996 
1709 1996 1997 1073 1998 
1710 1991 1996 1998 1059 
1711 1074 1205 1999 1997 
1712 1205 1040 2000 1999 
1713 1999 2000 1075 2001 
1714 1997 1999 2001 1073 
1715 1059 1998 2002 1994 
1716 1998 1073 2003 2002 
1717 2002 2003 1076 2004 
1718 1994 2002 2004 1041 
1719 1040 1736 2005 2000 
1720 1736 1087 2006 2005 
1721 2005 2006 1086 2007 
1722 2000 2005 2007 1075 
1723 1087 1233 2008 2006 
1724 1233 1069 2009 2008 
1725 2008 2009 1088 2010 
1726 2006 2008 2010 1086 
1727 679 2013 2011 2012 
1728 2013 1148 1721 2011 
1729 2011 1721 1146 1867 
1730 2012 2011 1867 1147 
1731 1175 2015 2014 1873 
1732 2015 1110 2016 2014 
1733 2014 2016 1176 1875 
1734 1873 2014 1875 1174 
1735 1110 2018 2017 2016 
1736 2018 1192 2019 2017 
1737 2017 2019 1191 1878 
1738 2016 2017 1878 1176 
1739 1191 2021 2020 1879 
1740 2021 1193 2022 2020 
1741 2020 2022 685 1196 
1742 1879 2020 1196 1164 
1743 1193 2024 2023 2022 
1744 2024 1211 2025 2023 
1745 2023 2025 1170 1228 
1746 2022 2023 1228 685 
1747 813 1980 2026 1884 
1748 1980 626 2027 2026 
1749 2026 2027 1316 2028 
1750 1884 2026 2028 1315 
1751 1315 2028 2029 1887 
1752 2028 1316 2030 2029 
1753 2029 2030 735 2031 
1754 1887 2029 2031 1317 
1755 1338 2033 2032 1903 
1756 2033 706 2034 2032 
1757 2032 2034 1339 1905 
1758 1903 2032 1905 1337 
1759 1519 2037 2035 2036 
1760 2037 1147 1866 2035 
1761 2035 1866 610 1977 
1762 2036 2035 1977 683 
1763 1528 1918 2038 1920 
1764 1918 1529 2039 2038 
1765 2038 2039 572 2040 
1766 1920 2038 2040 1530 
1767 1531 1927 2041 1929 
1768 1927 1532 2042 2041 
1769 2041 2042 706 2033 
1770 1929 2041 2033 1338 
1771 734 1888 2043 1934 
1772 1888 1317 2044 2043 
1773 2043 2044 1549 2045 
1774 1934 2043 2045 1550 
1775 1317 2031 2046 2044 
1776 2031 735 2047 2046 
1777 2046 2047 1551 2048 
1778 2044 2046 2048 1549 
1779 888 1591 2049 2050 
1780 1591 480 1982 2049 
1781 2049 1982 971 2051 
1782 2050 2049 2051 1583 
1783 1583 2051 2052 2053 
1784 2051 971 1988 2052 
1785 2052 1988 664 2054 
1786 2053 2052 2054 1585 
1787 675 1620 2055 2056 
1788 1620 917 1937 2055 
1789 2055 1937 1607 2057 
1790 2056 2055 2057 1608 
1791 1608 2057 2058 2059 
1792 2057 1607 1940 2058 
1793 2058 1940 1609 2060 
1794 2059 2058 2060 912 
1795 912 2060 2061 2062 
1796 2060 1609 1943 2061 
1797 2061 1943 1610 2063 
1798 2062 2061 2063 1611 
1799 1611 2063 2064 2065 
1800 2063 1610 1946 2064 
1801 2064 1946 1612 2066 
1802 2065 2064 2066 914 
1803 930 1626 2067 2068 
1804 1626 675 2056 2067 
1805 2067 2056 1608 2069 
1806 2068 2067 2069 1621 
1807 1621 2069 2070 2071 
1808 2069 1608 2059 2070 
1809 2070 2059 912 2072 
1810 2071 2070 2072 1623 
1811 1060 1995 2073 1949 
1812 1995 1041 2074 2073 
1813 2073 2074 1285 2075 
1814 1949 2073 2075 1663 
1815 1532 1950 2076 2042 
1816 1950 1663 2077 2076 
1817 2076 2077 1664 2078 
1818 2042 2076 2078 706 
1819 706 2078 2079 2034 
1820 2078 1664 2080 2079 
1821 2079 2080 1665 2081 
1822 2034 2079 2081 1339 
1823 1339 2081 2082 1906 
1824 2081 1665 2083 2082 
1825 2082 2083 1350 2084 
1826 1906 2082 2084 576 
1827 1623 2072 2085 2086 
1828 2072 912 2062 2085 
1829 2085 2062 1611 2087 
1830 2086 2085 2087 1836 
1831 1836 2087 2088 2089 
1832 2087 1611 2065 2088 
1833 2088 2065 914 2090 
1834 2089 2088 2090 1838 
