2 0.000000 100.000000 262.180540
1400 1183 
1 -11.368037 0.000000 -11.615184 99.756397 -6.975345 -0.000047 0.000001 
2 13.641644 0.000000 -11.615184 99.756478 -6.973819 -0.000433 0.000001 
3 13.641644 0.000000 11.615184 99.756011 -6.981465 0.000096 -0.000000 
4 -11.368037 0.000000 11.615184 99.756412 -6.976179 -0.000044 -0.000001 
5 1.136804 0.000000 0.000000 101.294621 -6.561399 0.691273 -0.030413 
6 -11.368037 0.000000 0.000000 99.756391 -6.975757 -0.000038 0.000000 
7 1.136804 0.000000 -11.615184 99.756373 -6.974737 -0.000231 0.000002 
8 13.641644 0.000000 0.000000 99.792330 -6.460873 0.160559 -0.000028 
9 1.136804 0.000000 11.615184 99.756393 -6.978541 -0.000254 -0.000004 
10 -5.115617 0.000000 -5.807592 99.756272 -6.975381 -0.000163 0.000003 
11 -11.368037 0.000000 -5.807592 99.756385 -6.975500 -0.000047 0.000001 
12 -5.115617 0.000000 -11.615184 99.756376 -6.975110 -0.000104 0.000001 
13 1.136804 0.000000 -5.807592 99.756126 -6.976850 -0.000943 0.000004 
14 -5.115617 0.000000 0.000000 99.756223 -6.976173 -0.000039 0.000003 
15 7.389224 0.000000 -5.807592 99.756139 -6.976017 -0.002146 0.000005 
16 7.389224 0.000000 -11.615184 99.756410 -6.974239 -0.000372 0.000002 
17 13.641644 0.000000 -5.807592 99.756370 -6.975031 -0.002762 0.000002 
18 7.389224 0.000000 0.000000 99.930041 -4.486025 0.923410 -0.000699 
19 -5.115617 0.000000 5.807592 99.756476 -6.976841 -0.000063 -0.000003 
20 -11.368037 0.000000 5.807592 99.756411 -6.976025 -0.000038 -0.000001 
21 1.136804 0.000000 5.807592 99.756904 -6.982607 -0.001066 -0.000020 
22 -5.115617 0.000000 11.615184 99.756436 -6.976849 -0.000095 -0.000002 
23 -1.989406 0.000000 -2.903796 99.755353 -6.976489 -0.000808 0.000020 
24 -5.115617 0.000000 -2.903796 99.756184 -6.975709 -0.000139 0.000004 
25 -1.989406 0.000000 -5.807592 99.756153 -6.975432 -0.000465 0.000005 
26 1.136804 0.000000 -2.903796 99.758262 -6.984151 -0.003814 -0.000049 
27 -1.989406 0.000000 0.000000 99.754148 -6.978922 0.000070 0.000040 
28 7.389224 0.000000 5.807592 99.755338 -6.991184 -0.000387 -0.000000 
29 13.641644 0.000000 5.807592 99.755221 -6.992271 0.001664 0.000000 
30 7.389224 0.000000 11.615184 99.756138 -6.980546 -0.000211 -0.000002 
31 4.263014 0.000000 -2.903796 99.754157 -6.991978 -0.007009 0.000022 
32 4.263014 0.000000 -5.807592 99.756032 -6.976475 -0.001518 0.000006 
33 7.389224 0.000000 -2.903796 99.755015 -6.989747 -0.012383 0.000008 
34 4.263014 0.000000 0.000000 100.039448 -2.844837 -1.655115 -0.001872 
35 -1.989406 0.000000 2.903796 99.756589 -6.978830 0.000217 -0.000008 
36 -5.115617 0.000000 2.903796 99.756392 -6.976603 -0.000011 -0.000001 
37 1.136804 0.000000 2.903796 99.761258 -6.994556 -0.003846 -0.000123 
38 -1.989406 0.000000 5.807592 99.756701 -6.978404 -0.000203 -0.000010 
39 -0.426301 0.000000 -1.451898 99.745775 -6.986201 -0.012725 0.000197 
40 -1.989406 0.000000 -1.451898 99.753902 -6.984314 0.000163 0.000038 
41 -0.426301 0.000000 -2.903796 99.750015 -6.968226 -0.000960 0.000138 
42 1.136804 0.000000 -1.451898 99.750148 -7.018601 -0.019627 0.000065 
43 -0.426301 0.000000 0.000000 100.009674 -7.098552 0.012554 -0.005232 
44 4.263014 0.000000 2.903796 99.752440 -7.021777 -0.004522 0.000015 
45 7.389224 0.000000 2.903796 99.752700 -7.025854 0.003111 0.000004 
46 4.263014 0.000000 5.807592 99.755849 -6.988365 -0.001329 -0.000007 
47 2.699909 0.000000 -1.451898 99.747538 -7.066438 -0.013164 0.000049 
48 2.699909 0.000000 -2.903796 99.754520 -6.987600 -0.004376 0.000021 
49 4.263014 0.000000 -1.451898 99.746665 -7.063032 -0.041874 0.000071 
50 2.699909 0.000000 0.000000 99.981547 -3.152858 -1.066242 -0.000739 
51 -0.426301 0.000000 1.451898 99.749084 -6.987288 0.008428 0.000130 
52 -1.989406 0.000000 1.451898 99.755683 -6.984321 0.001273 0.000002 
53 1.136804 0.000000 1.451898 99.760196 -7.026454 -0.008705 -0.000147 
54 -0.426301 0.000000 2.903796 99.758267 -6.993310 0.001324 -0.000062 
55 0.355251 0.000000 -0.725949 99.783271 -7.077517 -0.132457 -0.000681 
56 -0.426301 0.000000 -0.725949 99.715628 -7.023272 0.016833 0.000747 
57 0.355251 0.000000 -1.451898 99.761411 -7.002537 -0.022728 -0.000138 
58 1.136804 0.000000 -0.725949 99.748819 -7.129918 -0.041850 -0.000066 
59 0.355251 0.000000 0.000000 71.970095 -0.039414 -0.002848 0.482030 
60 -8.241827 0.000000 -2.903796 99.756342 -6.975625 -0.000063 0.000001 
61 -11.368037 0.000000 -2.903796 99.756384 -6.975618 -0.000043 0.000000 
62 -8.241827 0.000000 -5.807592 99.756352 -6.975443 -0.000075 0.000001 
63 -8.241827 0.000000 0.000000 99.756359 -6.975855 -0.000043 0.000001 
64 -3.552511 0.000000 -1.451898 99.755864 -6.976294 -0.000136 0.000010 
65 -5.115617 0.000000 -1.451898 99.756177 -6.975931 -0.000091 0.000004 
66 -3.552511 0.000000 -2.903796 99.755932 -6.975897 -0.000271 0.000009 
67 -3.552511 0.000000 0.000000 99.755992 -6.976704 0.000015 0.000007 
68 -1.207854 0.000000 -0.725949 99.751055 -6.981632 0.003561 0.000098 
69 -1.989406 0.000000 -0.725949 99.754940 -6.973827 -0.003318 0.000032 
70 -1.207854 0.000000 -1.451898 99.751055 -6.980036 -0.002322 0.000101 
71 -1.207854 0.000000 0.000000 99.754411 -6.983321 -0.000307 0.000029 
72 2.699909 0.000000 1.451898 99.745192 -7.117035 -0.036286 0.000024 
73 4.263014 0.000000 1.451898 99.741169 -7.139693 -0.002512 0.000072 
74 2.699909 0.000000 2.903796 99.755872 -7.015645 -0.008370 -0.000045 
75 0.355251 0.000000 0.725949 99.819706 -7.086863 0.118962 -0.001421 
76 -0.426301 0.000000 0.725949 99.729642 -7.006496 -0.007080 0.000491 
77 1.136804 0.000000 0.725949 99.834545 -7.141871 -0.047635 -0.001794 
78 0.355251 0.000000 1.451898 99.769826 -7.005292 0.012279 -0.000309 
79 -0.035525 0.000000 -0.362975 99.148070 -7.179959 0.119533 0.011809 
80 -0.426301 0.000000 -0.362975 99.801529 -7.021565 0.066372 -0.000965 
81 -0.035525 0.000000 -0.725949 99.652653 -7.024954 -0.059066 0.002000 
82 0.355251 0.000000 -0.362975 100.396743 -7.459327 -0.643398 -0.013556 
83 -0.035525 0.000000 0.000000 170.090409 -7.443095 -0.027832 -1.898615 
84 1.918356 0.000000 -0.725949 99.771514 -7.244088 -0.017195 -0.000683 
85 1.918356 0.000000 -1.451898 99.768035 -7.044103 -0.005394 -0.000328 
86 2.699909 0.000000 -0.725949 99.682911 -7.311214 -0.087565 0.000986 
87 1.918356 0.000000 0.000000 101.001503 -9.792291 -2.515483 -0.030352 
88 0.746027 0.000000 -0.362975 99.730840 -7.552426 0.080839 -0.000329 
89 0.746027 0.000000 -0.725949 99.743644 -7.104343 -0.006330 0.000073 
90 1.136804 0.000000 -0.362975 99.668470 -7.610594 -0.134481 0.000826 
91 0.746027 0.000000 0.000000 101.638467 -6.558057 -0.031041 -0.037339 
92 -8.241827 0.000000 2.903796 99.756396 -6.976089 -0.000036 -0.000000 
93 -11.368037 0.000000 2.903796 99.756402 -6.975900 -0.000036 -0.000000 
94 -8.241827 0.000000 5.807592 99.756424 -6.976273 -0.000045 -0.000001 
95 -3.552511 0.000000 1.451898 99.756213 -6.977037 0.000081 0.000002 
96 -5.115617 0.000000 1.451898 99.756307 -6.976405 -0.000009 0.000001 
97 -3.552511 0.000000 2.903796 99.756424 -6.977266 0.000056 -0.000003 
98 -1.207854 0.000000 0.725949 99.753438 -6.983035 -0.001120 0.000049 
99 -1.989406 0.000000 0.725949 99.756376 -6.979363 0.006500 -0.000005 
100 -1.207854 0.000000 1.451898 99.753328 -6.982077 0.001696 0.000052 
101 -0.035525 0.000000 0.362975 99.131102 -7.200932 -0.130734 0.012115 
102 -0.426301 0.000000 0.362975 99.773719 -7.029320 -0.108886 -0.000422 
103 0.355251 0.000000 0.362975 100.445276 -7.459083 0.643721 -0.014531 
104 -0.035525 0.000000 0.725949 99.681261 -7.039644 0.062887 0.001409 
105 0.159863 0.000000 -0.181487 98.249966 -8.505120 -4.877458 0.025082 
106 -0.035525 0.000000 -0.181487 97.596369 -7.272687 3.278722 0.041131 
107 0.159863 0.000000 -0.362975 99.286776 -7.282437 -0.839719 0.008840 
108 0.355251 0.000000 -0.181487 101.810321 -8.992831 -1.558809 -0.044864 
109 0.159863 0.000000 0.000000 121.587359 0.029090 0.041002 -0.478349 
110 -0.817078 0.000000 -0.362975 99.759577 -7.006433 0.012192 -0.000106 
111 -1.207854 0.000000 -0.362975 99.752676 -6.982941 0.000533 0.000064 
112 -0.817078 0.000000 -0.725949 99.747061 -6.985468 0.003493 0.000173 
113 -0.817078 0.000000 0.000000 99.772459 -7.006514 0.004936 -0.000363 
114 -0.230913 0.000000 -0.181487 100.425757 -7.125293 0.438497 -0.013629 
115 -0.426301 0.000000 -0.181487 99.928441 -7.096186 0.080727 -0.003606 
116 -0.230913 0.000000 -0.362975 99.595821 -7.059330 0.335959 0.003073 
117 -0.230913 0.000000 0.000000 101.362682 -7.198754 -0.033209 -0.032622 
118 1.918356 0.000000 0.725949 99.834676 -7.310099 -0.138663 -0.002042 
119 2.699909 0.000000 0.725949 99.708221 -7.456331 -0.120045 0.000266 
120 1.918356 0.000000 1.451898 99.767858 -7.072816 -0.037666 -0.000365 
121 0.746027 0.000000 0.362975 99.783916 -7.563491 -0.092393 -0.001404 
122 1.136804 0.000000 0.362975 100.012568 -7.619220 -0.003425 -0.006057 
123 0.746027 0.000000 0.725949 99.805583 -7.129199 -0.029078 -0.001198 
124 0.159863 0.000000 0.181487 98.280324 -8.460701 4.881746 0.024556 
125 -0.035525 0.000000 0.181487 97.605642 -7.301617 -3.282836 0.040905 
126 0.355251 0.000000 0.181487 101.791548 -8.994685 1.581273 -0.044492 
127 0.159863 0.000000 0.362975 99.310355 -7.305175 0.840484 0.008338 
128 0.062169 0.000000 -0.090744 85.491265 -10.520907 -8.060421 0.251558 
129 -0.035525 0.000000 -0.090744 104.255105 -7.707768 19.689262 -0.131620 
130 0.062169 0.000000 -0.181487 95.834769 -7.870517 -1.642885 0.075105 
131 0.159863 0.000000 -0.090744 99.372534 -12.622278 -13.411687 -0.021410 
132 0.062169 0.000000 0.000000 204.404849 -0.775675 -0.008193 -3.178194 
133 -0.817078 0.000000 0.362975 99.763110 -6.994311 -0.002769 -0.000160 
134 -1.207854 0.000000 0.362975 99.753478 -6.983293 -0.001314 0.000048 
135 -0.817078 0.000000 0.725949 99.750104 -6.985727 -0.003944 0.000112 
136 -0.230913 0.000000 0.181487 100.401403 -7.133390 -0.484357 -0.013156 
137 -0.426301 0.000000 0.181487 99.910694 -7.024170 -0.095790 -0.003149 
138 -0.230913 0.000000 0.362975 99.596776 -7.048104 -0.341515 0.003069 
139 -0.133219 0.000000 -0.090744 103.728975 -7.321484 2.723423 -0.082072 
140 -0.230913 0.000000 -0.090744 100.981710 -7.179213 0.482266 -0.024908 
141 -0.133219 0.000000 -0.181487 100.189205 -7.391564 2.049298 -0.009671 
142 -0.133219 0.000000 0.000000 106.991115 -7.236471 -0.015822 -0.149947 
143 0.062169 0.000000 0.090744 85.365457 -10.510438 8.051007 0.253745 
144 -0.035525 0.000000 0.090744 104.245279 -7.734603 -19.717173 -0.131567 
145 0.159863 0.000000 0.090744 99.381152 -12.538893 13.414197 -0.021378 
146 0.062169 0.000000 0.181487 95.870287 -7.874396 1.658021 0.074413 
147 0.013322 0.000000 -0.045372 72.793105 -11.588317 -14.311547 0.436205 
148 -0.035525 0.000000 -0.045372 147.273607 -7.684053 30.840208 -1.269968 
149 0.013322 0.000000 -0.090744 75.383045 -9.095137 6.594887 0.419118 
150 0.062169 0.000000 -0.045372 201.078523 -0.639726 -19.859577 -3.082738 
151 0.013322 0.000000 0.000000 255.737900 -3.657270 0.005172 -5.541525 
152 -0.133219 0.000000 0.090744 103.740774 -7.356371 -2.726286 -0.082370 
153 -0.230913 0.000000 0.090744 100.966447 -7.188565 -0.542005 -0.024619 
154 -0.133219 0.000000 0.181487 100.152013 -7.335619 -2.068056 -0.008851 
155 0.013322 0.000000 0.045372 72.697020 -11.868580 14.293596 0.436997 
156 -0.035525 0.000000 0.045372 147.268341 -7.711164 -30.885420 -1.270134 
157 0.062169 0.000000 0.045372 201.080566 -0.662406 19.857118 -3.082814 
158 0.013322 0.000000 0.090744 75.387018 -9.153420 -6.633589 0.418901 
159 -1.989406 0.000000 -8.711388 99.756315 -6.975060 -0.000253 0.000003 
160 -5.115617 0.000000 -8.711388 99.756340 -6.975198 -0.000134 0.000002 
161 -1.989406 0.000000 -11.615184 99.756370 -6.974939 -0.000161 0.000002 
162 1.136804 0.000000 -8.711388 99.756314 -6.974942 -0.000409 0.000003 
163 -0.426301 0.000000 -4.355694 99.755918 -6.976454 -0.001264 0.000009 
164 -1.989406 0.000000 -4.355694 99.755897 -6.975835 -0.000643 0.000010 
165 -0.426301 0.000000 -5.807592 99.756169 -6.975616 -0.000727 0.000005 
166 1.136804 0.000000 -4.355694 99.755862 -6.981633 -0.001597 0.000002 
167 0.355251 0.000000 -2.177847 99.762404 -6.995632 -0.010593 -0.000148 
168 -0.426301 0.000000 -2.177847 99.753215 -6.981262 -0.006669 0.000056 
169 0.355251 0.000000 -2.903796 99.757086 -6.981091 -0.004657 -0.000021 
170 1.136804 0.000000 -2.177847 99.771474 -6.993588 -0.009561 -0.000326 
171 -0.035525 0.000000 -1.088924 99.730695 -7.014368 -0.034682 0.000459 
172 -0.426301 0.000000 -1.088924 99.742163 -6.992607 -0.017269 0.000260 
173 -0.035525 0.000000 -1.451898 99.737022 -6.992283 -0.013091 0.000363 
174 0.355251 0.000000 -1.088924 99.760199 -7.029863 -0.048299 -0.000152 
175 0.159863 0.000000 -0.544462 99.604307 -7.153424 -0.274808 0.002773 
176 -0.035525 0.000000 -0.544462 99.578681 -7.089045 -0.073363 0.003383 
177 0.159863 0.000000 -0.725949 99.695339 -7.048202 -0.133291 0.001114 
178 0.355251 0.000000 -0.544462 99.827801 -7.183457 -0.242939 -0.001725 
179 0.062169 0.000000 -0.272231 97.528657 -7.410919 -0.696493 0.043275 
180 -0.035525 0.000000 -0.272231 98.193956 -7.279876 0.885186 0.030417 
181 0.062169 0.000000 -0.362975 98.926051 -7.235134 -0.361618 0.016116 
182 0.159863 0.000000 -0.272231 98.717651 -7.561701 -2.073259 0.019335 
183 0.013322 0.000000 -0.136115 92.759285 -8.010053 2.981286 0.132267 
184 -0.035525 0.000000 -0.136115 98.608264 -7.444719 6.788745 0.017490 
185 0.013322 0.000000 -0.181487 95.845641 -7.516398 1.259530 0.075553 
186 0.062169 0.000000 -0.136115 93.566016 -8.530297 -3.409686 0.116101 
187 0.550639 0.000000 -0.181487 101.207133 -8.010147 -0.009697 -0.030705 
188 0.550639 0.000000 -0.362975 100.043287 -7.498856 0.111752 -0.006490 
189 0.746027 0.000000 -0.181487 101.765357 -8.010826 -0.040118 -0.042036 
190 0.550639 0.000000 0.000000 101.165926 -6.540970 -0.009929 -0.027733 
191 0.257557 0.000000 -0.090744 102.686001 -12.588413 -10.265660 -0.080827 
192 0.257557 0.000000 -0.181487 100.661090 -8.786642 -3.816617 -0.022443 
193 0.355251 0.000000 -0.090744 105.203938 -12.602906 -4.437671 -0.124639 
194 0.257557 0.000000 0.000000 86.505621 -0.105829 0.011744 0.251677 
195 0.111016 0.000000 -0.045372 150.966393 -0.245712 -14.010476 -1.298721 
196 0.111016 0.000000 -0.090744 92.355947 -12.527908 -15.446178 0.107485 
197 0.159863 0.000000 -0.045372 120.399847 -0.038358 -8.696479 -0.457175 
198 0.111016 0.000000 0.000000 154.332817 -0.256642 -0.013789 -1.381868 
199 0.037745 0.000000 -0.068058 73.762957 -11.666849 -14.439019 0.421443 
200 0.013322 0.000000 -0.068058 72.744717 -11.367936 -14.158601 0.437851 
201 0.037745 0.000000 -0.090744 82.948493 -9.849811 -4.764113 0.299983 
202 0.062169 0.000000 -0.068058 78.963439 -11.998513 -15.228096 0.338892 
203 0.037745 0.000000 -0.045372 73.380013 -11.711858 -14.426139 0.427009 
204 0.550639 0.000000 0.181487 101.141329 -8.005642 0.008864 -0.029366 
205 0.746027 0.000000 0.181487 101.664172 -8.013327 -0.009841 -0.039982 
206 0.550639 0.000000 0.362975 100.088674 -7.531907 -0.125716 -0.007449 
207 0.257557 0.000000 0.090744 102.663860 -12.596541 10.264195 -0.080389 
208 0.355251 0.000000 0.090744 105.290572 -12.619505 4.440218 -0.126507 
209 0.257557 0.000000 0.181487 100.656954 -8.769305 3.819842 -0.022331 
210 0.111016 0.000000 0.045372 150.954122 -0.241766 13.979219 -1.298262 
211 0.159863 0.000000 0.045372 120.392321 -0.005737 8.752510 -0.457092 
212 0.111016 0.000000 0.090744 92.266528 -12.584437 15.432807 0.109035 
213 -1.989406 0.000000 8.711388 99.756529 -6.977933 -0.000213 -0.000006 
214 -5.115617 0.000000 8.711388 99.756466 -6.976896 -0.000094 -0.000003 
215 1.136804 0.000000 8.711388 99.756482 -6.979784 -0.000460 -0.000007 
216 -1.989406 0.000000 11.615184 99.756443 -6.977541 -0.000163 -0.000003 
217 -0.426301 0.000000 4.355694 99.757396 -6.981209 -0.000483 -0.000028 
218 -1.989406 0.000000 4.355694 99.756786 -6.978621 -0.000061 -0.000012 
219 1.136804 0.000000 4.355694 99.761700 -6.983468 -0.001419 -0.000117 
220 -0.426301 0.000000 5.807592 99.756898 -6.980081 -0.000523 -0.000016 
221 0.355251 0.000000 2.177847 99.762589 -6.992249 0.003894 -0.000147 
222 -0.426301 0.000000 2.177847 99.756778 -6.985295 0.003821 -0.000021 
223 1.136804 0.000000 2.177847 99.776187 -7.003047 -0.004208 -0.000433 
224 0.355251 0.000000 2.903796 99.760203 -6.987954 0.000009 -0.000093 
225 -0.035525 0.000000 1.088924 99.746957 -7.005007 0.032617 0.000147 
226 -0.426301 0.000000 1.088924 99.747745 -6.993692 0.014537 0.000148 
227 0.355251 0.000000 1.088924 99.783298 -7.018773 0.037590 -0.000597 
228 -0.035525 0.000000 1.451898 99.743146 -6.993232 0.007053 0.000240 
229 0.159863 0.000000 0.544462 99.621637 -7.151739 0.273554 0.002431 
230 -0.035525 0.000000 0.544462 99.537470 -7.054627 0.063079 0.004252 
231 0.355251 0.000000 0.544462 99.870531 -7.191130 0.242013 -0.002589 
232 0.159863 0.000000 0.725949 99.730751 -7.063882 0.128942 0.000386 
233 0.062169 0.000000 0.272231 97.474139 -7.430652 0.704559 0.044308 
234 -0.035525 0.000000 0.272231 98.153310 -7.278643 -0.894343 0.031215 
235 0.159863 0.000000 0.272231 98.704884 -7.608435 2.079582 0.019513 
236 0.062169 0.000000 0.362975 98.910368 -7.245243 0.363333 0.016411 
237 0.013322 0.000000 0.136115 92.704608 -8.009728 -2.994879 0.133273 
238 -0.035525 0.000000 0.136115 98.587219 -7.464006 -6.803102 0.017857 
239 0.062169 0.000000 0.136115 93.523333 -8.577623 3.398892 0.116826 
240 0.013322 0.000000 0.181487 95.872903 -7.551463 -1.256586 0.074978 
241 0.037745 0.000000 0.068058 73.717108 -11.863824 14.434652 0.421668 
242 0.013322 0.000000 0.068058 72.664085 -11.653397 14.146965 0.438399 
243 0.037745 0.000000 0.045372 73.332687 -11.898368 14.420992 0.427278 
244 0.062169 0.000000 0.068058 78.914718 -12.165919 15.220251 0.339280 
245 0.037745 0.000000 0.090744 82.845404 -9.819936 4.758178 0.301757 
246 0.111016 0.000000 -0.136115 96.573739 -9.101026 -6.331415 0.055060 
247 0.111016 0.000000 -0.181487 96.973924 -8.210528 -3.722428 0.051479 
248 0.159863 0.000000 -0.136115 98.745168 -9.720640 -7.417591 0.009988 
249 0.086592 0.000000 -0.068058 91.671236 -12.432324 -15.269309 0.120867 
250 0.086592 0.000000 -0.090744 92.108972 -12.550053 -15.408548 0.112101 
251 0.111016 0.000000 -0.068058 92.349763 -12.388492 -15.347796 0.108249 
252 0.086592 0.000000 -0.045372 174.056790 -0.336821 -17.975093 -2.061898 
253 0.086592 0.000000 -0.113430 93.313868 -9.589980 -8.002081 0.113652 
254 0.062169 0.000000 -0.113430 90.690283 -9.203768 -5.407400 0.166132 
255 0.086592 0.000000 -0.136115 95.009955 -8.775431 -5.268680 0.086834 
256 0.111016 0.000000 -0.113430 95.931052 -9.990102 -8.872609 0.061871 
257 0.074381 0.000000 -0.079401 88.628609 -12.414056 -15.186755 0.176022 
258 0.062169 0.000000 -0.079401 79.956672 -12.098125 -15.241150 0.322827 
259 0.074381 0.000000 -0.090744 86.325611 -10.840656 -12.057344 0.228499 
260 0.086592 0.000000 -0.079401 91.797540 -12.453362 -15.301759 0.118398 
261 0.074381 0.000000 -0.068058 85.825760 -12.312316 -15.293147 0.224847 
262 0.111016 0.000000 0.136115 96.528131 -9.055320 6.362499 0.055984 
263 0.159863 0.000000 0.136115 98.710817 -9.699827 7.444573 0.010667 
264 0.111016 0.000000 0.181487 97.004683 -8.189380 3.727738 0.050913 
265 0.086592 0.000000 0.068058 91.615757 -12.331675 15.259927 0.122162 
266 0.086592 0.000000 0.045372 174.043850 -0.332257 17.944181 -2.061337 
267 0.111016 0.000000 0.068058 92.270194 -12.421616 15.336037 0.109672 
268 0.086592 0.000000 0.090744 92.061464 -12.426645 15.399390 0.113312 
269 0.086592 0.000000 0.113430 93.257104 -9.621193 8.013524 0.114633 
270 0.062169 0.000000 0.113430 90.626630 -9.244730 5.396802 0.167222 
271 0.111016 0.000000 0.113430 95.889643 -9.945466 8.901808 0.062702 
272 0.086592 0.000000 0.136115 94.978666 -8.787009 5.282264 0.087394 
273 0.074381 0.000000 0.079401 88.571744 -12.371468 15.176375 0.177167 
274 0.062169 0.000000 0.079401 79.906846 -12.244757 15.232351 0.323294 
275 0.074381 0.000000 0.068058 85.770626 -12.333758 15.282961 0.225771 
276 0.086592 0.000000 0.079401 91.740237 -12.359401 15.292108 0.119713 
277 0.074381 0.000000 0.090744 86.231802 -10.873133 12.055021 0.230053 
278 0.208710 0.000000 -0.045372 99.340349 -0.132410 -5.410879 0.010220 
279 0.208710 0.000000 -0.090744 100.542463 -12.688301 -12.747602 -0.043228 
280 0.257557 0.000000 -0.045372 85.622572 -0.086124 -4.146813 0.265157 
281 0.208710 0.000000 0.000000 100.438283 -0.016667 0.027301 -0.008785 
282 0.135439 0.000000 -0.068058 92.983595 -12.522466 -15.547730 0.095551 
283 0.135439 0.000000 -0.090744 94.213814 -12.548245 -15.153252 0.073668 
284 0.159863 0.000000 -0.068058 118.907031 -0.155729 -13.026104 -0.430859 
285 0.135439 0.000000 -0.045372 134.127082 -0.084514 -10.950761 -0.811000 
286 0.257557 0.000000 -0.272231 100.168124 -7.777653 -1.828695 -0.009749 
287 0.257557 0.000000 -0.362975 99.997578 -7.382491 -0.936807 -0.005489 
288 0.355251 0.000000 -0.272231 100.665203 -7.903116 -0.806550 -0.019659 
289 0.208710 0.000000 -0.136115 100.270147 -10.059136 -7.316442 -0.020882 
290 0.208710 0.000000 -0.181487 99.330354 -8.589291 -4.897678 0.003572 
291 0.257557 0.000000 -0.136115 101.332723 -10.124939 -6.338931 -0.041102 
292 0.135439 0.000000 -0.113430 97.137519 -10.369420 -9.181154 0.037248 
293 0.135439 0.000000 -0.136115 97.761587 -9.426696 -6.889663 0.030634 
294 0.159863 0.000000 -0.113430 98.481686 -10.833012 -9.773957 0.008847 
295 0.123228 0.000000 -0.079401 92.474817 -12.442254 -15.418938 0.105585 
296 0.111016 0.000000 -0.079401 92.350039 -12.442729 -15.386270 0.107991 
297 0.123228 0.000000 -0.090744 92.322185 -12.514243 -15.439652 0.108163 
298 0.135439 0.000000 -0.079401 94.158632 -12.554318 -15.358020 0.074067 
299 0.123228 0.000000 -0.068058 92.328612 -12.516845 -15.440894 0.108033 
300 0.208710 0.000000 0.045372 99.346764 -0.121040 5.454434 0.010045 
301 0.257557 0.000000 0.045372 85.633187 -0.104078 4.167900 0.264957 
302 0.208710 0.000000 0.090744 100.546336 -12.673074 12.748139 -0.043269 
303 0.135439 0.000000 0.068058 92.911005 -12.646967 15.539547 0.096612 
304 0.135439 0.000000 0.045372 133.945363 -0.215459 10.963377 -0.806160 
305 0.159863 0.000000 0.068058 118.888653 -0.121172 13.054344 -0.430494 
306 0.135439 0.000000 0.090744 94.164515 -12.618590 15.149281 0.074431 
307 0.257557 0.000000 0.272231 100.212088 -7.806790 1.842019 -0.010680 
308 0.355251 0.000000 0.272231 100.720264 -7.924706 0.819113 -0.020804 
309 0.257557 0.000000 0.362975 100.019553 -7.421337 0.937023 -0.005987 
310 0.208710 0.000000 0.136115 100.262786 -10.032887 7.308685 -0.020670 
311 0.257557 0.000000 0.136115 101.351695 -10.082964 6.332410 -0.041393 
312 0.208710 0.000000 0.181487 99.356637 -8.568598 4.883678 0.003099 
313 0.135439 0.000000 0.113430 97.099793 -10.333738 9.205101 0.038011 
314 0.159863 0.000000 0.113430 98.442592 -10.799818 9.798345 0.009641 
315 0.135439 0.000000 0.136115 97.721401 -9.398446 6.911074 0.031443 
316 0.123228 0.000000 0.079401 92.392214 -12.555655 15.408659 0.106861 
317 0.111016 0.000000 0.079401 92.266460 -12.487702 15.373853 0.109460 
318 0.123228 0.000000 0.068058 92.237738 -12.606092 15.427267 0.109529 
319 0.135439 0.000000 0.079401 94.112511 -12.626887 15.355773 0.074760 
320 0.123228 0.000000 0.090744 92.230968 -12.611184 15.425964 0.109645 
321 0.184287 0.000000 -0.068058 107.237154 -0.165286 -10.633404 -0.161290 
322 0.184287 0.000000 -0.090744 99.313492 -12.544217 -13.355636 -0.019890 
323 0.208710 0.000000 -0.068058 97.261185 -0.130421 -8.448285 0.046887 
324 0.184287 0.000000 -0.045372 108.699757 -0.150375 -7.035730 -0.186516 
325 0.184287 0.000000 0.068058 107.249603 -0.169319 10.650148 -0.161593 
326 0.184287 0.000000 0.045372 108.708172 -0.149439 7.075208 -0.186755 
327 0.208710 0.000000 0.068058 97.289213 -0.128677 8.471365 0.046303 
328 0.184287 0.000000 0.090744 99.324913 -12.530203 13.359027 -0.020091 
329 0.452945 0.000000 -0.090744 99.027957 -10.171645 0.002263 0.009000 
330 0.452945 0.000000 -0.181487 99.727232 -11.828704 0.001658 -0.008544 
331 0.550639 0.000000 -0.090744 100.781493 -7.500428 -0.009247 -0.021317 
332 0.452945 0.000000 0.000000 101.165926 -6.540970 -0.009929 -0.027733 
333 0.306404 0.000000 -0.136115 102.420840 -10.455044 -4.299978 -0.061783 
334 0.306404 0.000000 -0.181487 101.330332 -8.895370 -2.861567 -0.035515 
335 0.355251 0.000000 -0.136115 104.339940 -10.645903 -2.735659 -0.100764 
336 0.306404 0.000000 -0.090744 104.343570 -12.501317 -6.474556 -0.108578 
337 0.233134 0.000000 -0.113430 101.498608 -11.588371 -8.479685 -0.050816 
338 0.208710 0.000000 -0.113430 101.243183 -11.358953 -9.455044 -0.046861 
339 0.233134 0.000000 -0.136115 100.718218 -10.119862 -6.791083 -0.029269 
340 0.257557 0.000000 -0.113430 102.715253 -12.600846 -10.268750 -0.081465 
341 0.233134 0.000000 -0.090744 102.952068 -12.657399 -10.292719 -0.086528 
342 0.452945 0.000000 0.090744 98.991566 -10.161567 0.001685 0.009741 
343 0.550639 0.000000 0.090744 100.754410 -7.494807 -0.005207 -0.020762 
344 0.452945 0.000000 0.181487 99.688749 -11.815884 0.003786 -0.007746 
345 0.306404 0.000000 0.136115 102.443617 -10.437739 4.322035 -0.062232 
346 0.306404 0.000000 0.090744 104.405105 -12.549076 6.479694 -0.109989 
347 0.355251 0.000000 0.136115 104.379104 -10.722864 2.729805 -0.101743 
348 0.306404 0.000000 0.181487 101.307153 -8.893702 2.876719 -0.035051 
349 0.233134 0.000000 0.113430 101.493883 -11.556357 8.474349 -0.050637 
350 0.208710 0.000000 0.113430 101.241610 -11.307226 9.447881 -0.046698 
351 0.233134 0.000000 0.090744 102.939945 -12.607490 10.291506 -0.086150 
352 0.257557 0.000000 0.113430 102.692114 -12.608277 10.267208 -0.081005 
353 0.233134 0.000000 0.136115 100.735377 -10.076642 6.790250 -0.029526 
354 0.306404 0.000000 -0.045372 76.542450 0.098415 -2.211037 0.413635 
355 0.355251 0.000000 -0.045372 71.215722 -0.045355 -1.158182 0.492698 
356 0.306404 0.000000 0.000000 77.136372 0.022729 -0.018223 0.404998 
357 0.281981 0.000000 -0.113430 103.704792 -12.492189 -8.451505 -0.098217 
358 0.281981 0.000000 -0.136115 102.259847 -10.301080 -5.222001 -0.059046 
359 0.306404 0.000000 -0.113430 104.327658 -12.514044 -6.474368 -0.108278 
360 0.281981 0.000000 -0.090744 103.517338 -12.499442 -8.782210 -0.094920 
361 0.281981 0.000000 -0.068058 79.164211 0.090516 -4.720495 0.371074 
362 0.257557 0.000000 -0.068058 84.643684 -0.114079 -6.359511 0.279499 
363 0.306404 0.000000 -0.068058 75.880296 0.050014 -3.281957 0.423141 
364 0.281981 0.000000 -0.045372 80.246040 0.045200 -3.245470 0.355004 
365 0.269769 0.000000 -0.102087 102.844454 -12.540669 -10.016291 -0.083458 
366 0.257557 0.000000 -0.102087 102.684078 -12.587596 -10.265457 -0.080785 
367 0.269769 0.000000 -0.113430 102.811410 -12.525652 -10.278383 -0.083272 
368 0.281981 0.000000 -0.102087 103.533049 -12.496080 -9.294994 -0.096164 
369 0.269769 0.000000 -0.090744 102.751009 -12.556444 -10.272258 -0.082095 
370 0.306404 0.000000 0.045372 76.669399 0.010710 2.198690 0.411697 
371 0.355251 0.000000 0.045372 71.219292 -0.046626 1.153365 0.492648 
372 0.281981 0.000000 0.113430 103.727869 -12.475392 8.453637 -0.098657 
373 0.281981 0.000000 0.090744 103.533879 -12.485578 8.783758 -0.095231 
374 0.306404 0.000000 0.113430 104.397163 -12.574148 6.479530 -0.109886 
375 0.281981 0.000000 0.136115 102.258912 -10.362893 5.229318 -0.059162 
376 0.281981 0.000000 0.068058 79.199241 0.123976 4.722901 0.370516 
377 0.257557 0.000000 0.068058 84.681047 -0.102991 6.379988 0.278841 
378 0.281981 0.000000 0.045372 80.306899 0.031323 3.278124 0.354005 
379 0.306404 0.000000 0.068058 75.996220 -0.025591 3.271569 0.421387 
380 0.269769 0.000000 0.102087 102.835153 -12.537471 10.015577 -0.083257 
381 0.257557 0.000000 0.102087 102.662003 -12.595769 10.263997 -0.080349 
382 0.269769 0.000000 0.090744 102.737219 -12.554863 10.270996 -0.081805 
383 0.281981 0.000000 0.102087 103.554168 -12.458755 9.295835 -0.096510 
384 0.269769 0.000000 0.113430 102.805572 -12.514902 10.277316 -0.083123 
385 0.746027 0.000000 -1.088924 99.774889 -7.040103 -0.032822 -0.000459 
386 0.746027 0.000000 -1.451898 99.766842 -7.011621 -0.018137 -0.000259 
387 1.136804 0.000000 -1.088924 99.776901 -7.050477 -0.025457 -0.000514 
388 0.550639 0.000000 -0.544462 99.825631 -7.201763 -0.029191 -0.001702 
389 0.550639 0.000000 -0.725949 99.793706 -7.101875 -0.074235 -0.000923 
390 0.746027 0.000000 -0.544462 99.788065 -7.221818 0.007342 -0.000981 
391 0.452945 0.000000 -0.272231 100.415616 -7.915734 0.026138 -0.014596 
392 0.452945 0.000000 -0.362975 100.322410 -7.473396 -0.095654 -0.012045 
393 0.550639 0.000000 -0.272231 101.204520 -11.997391 0.003022 -0.038629 
394 0.404098 0.000000 -0.136115 98.237396 -12.489620 0.000187 0.019342 
395 0.404098 0.000000 -0.181487 101.859752 -9.104847 0.078325 -0.045831 
396 0.452945 0.000000 -0.136115 99.169144 -10.750190 0.002358 0.004991 
397 0.404098 0.000000 -0.090744 101.205275 -12.504681 -1.657261 -0.040162 
398 0.330828 0.000000 -0.113430 104.294821 -12.547248 -6.475239 -0.107677 
399 0.330828 0.000000 -0.136115 102.835441 -10.563759 -3.969840 -0.070248 
400 0.355251 0.000000 -0.113430 105.116336 -12.593357 -4.684944 -0.122999 
401 0.330828 0.000000 -0.090744 104.288991 -12.547992 -6.474854 -0.107557 
402 0.746027 0.000000 1.088924 99.801080 -7.032150 0.006923 -0.000971 
403 1.136804 0.000000 1.088924 99.798656 -7.062523 -0.021814 -0.000965 
404 0.746027 0.000000 1.451898 99.777221 -7.015858 0.000194 -0.000472 
405 0.550639 0.000000 0.544462 99.861982 -7.227198 0.021498 -0.002465 
406 0.746027 0.000000 0.544462 99.855923 -7.239699 -0.026264 -0.002362 
407 0.550639 0.000000 0.725949 99.841021 -7.097752 0.061412 -0.001861 
408 0.452945 0.000000 0.272231 100.487489 -7.925532 -0.043416 -0.016055 
409 0.550639 0.000000 0.272231 101.155895 -11.981848 0.005030 -0.037608 
410 0.452945 0.000000 0.362975 100.365535 -7.498127 0.087587 -0.012947 
411 0.404098 0.000000 0.136115 98.215737 -12.475085 -0.001432 0.019804 
412 0.404098 0.000000 0.090744 101.217976 -12.460409 1.656962 -0.040309 
413 0.452945 0.000000 0.136115 99.131210 -10.739390 0.003217 0.005767 
414 0.404098 0.000000 0.181487 101.849086 -9.126606 -0.078240 -0.045654 
415 0.330828 0.000000 0.113430 104.391536 -12.627124 6.482026 -0.109905 
416 0.330828 0.000000 0.090744 104.385454 -12.627778 6.481624 -0.109780 
417 0.355251 0.000000 0.113430 105.205153 -12.618010 4.688072 -0.124932 
418 0.330828 0.000000 0.136115 102.856427 -10.550817 3.989024 -0.070668 
419 0.404098 0.000000 -0.045372 70.285523 -0.019792 0.701380 0.505945 
420 0.452945 0.000000 -0.045372 99.502883 -8.582668 -0.006599 0.002551 
421 0.404098 0.000000 0.000000 71.302913 0.002665 0.003070 0.491589 
422 0.379675 0.000000 -0.113430 104.564853 -12.640547 -2.227703 -0.109855 
423 0.379675 0.000000 -0.136115 104.080626 -10.768574 -1.108214 -0.094997 
424 0.404098 0.000000 -0.113430 100.933758 -12.586889 -1.852472 -0.034948 
425 0.379675 0.000000 -0.090744 104.262008 -12.646030 -2.221366 -0.103542 
426 0.330828 0.000000 -0.068058 72.928422 -0.038775 -3.075341 0.467199 
427 0.355251 0.000000 -0.068058 70.002545 -0.055254 -1.868308 0.509615 
428 0.330828 0.000000 -0.045372 73.497113 -0.070224 -1.987804 0.459422 
429 0.343039 0.000000 -0.102087 104.665828 -12.554233 -6.137868 -0.115022 
430 0.330828 0.000000 -0.102087 104.291408 -12.547684 -6.475014 -0.107607 
431 0.343039 0.000000 -0.113430 104.733899 -12.563657 -6.004192 -0.116309 
432 0.355251 0.000000 -0.102087 105.217942 -12.603018 -4.779168 -0.125249 
433 0.343039 0.000000 -0.090744 104.517859 -12.549021 -6.489012 -0.112357 
434 0.404098 0.000000 0.045372 70.351031 -0.005228 -0.707489 0.505023 
435 0.452945 0.000000 0.045372 99.462774 -8.575095 -0.004005 0.003362 
436 0.330828 0.000000 0.068058 73.059355 -0.102899 3.088127 0.465278 
437 0.330828 0.000000 0.045372 73.568144 -0.087924 1.985728 0.458378 
438 0.355251 0.000000 0.068058 70.059855 -0.058321 1.864153 0.508814 
439 0.379675 0.000000 0.113430 104.629034 -12.614075 2.228349 -0.111132 
440 0.379675 0.000000 0.090744 104.319670 -12.614414 2.222072 -0.104665 
441 0.404098 0.000000 0.113430 100.951243 -12.541141 1.852161 -0.035186 
442 0.379675 0.000000 0.136115 104.129662 -10.804597 1.107766 -0.096095 
443 0.343039 0.000000 0.102087 104.762740 -12.616918 6.143679 -0.117216 
444 0.330828 0.000000 0.102087 104.387976 -12.627507 6.481791 -0.109832 
445 0.343039 0.000000 0.090744 104.615063 -12.619483 6.495342 -0.114575 
446 0.355251 0.000000 0.102087 105.304559 -12.621683 4.781849 -0.127122 
447 0.343039 0.000000 0.113430 104.828516 -12.619755 6.009507 -0.118439 
448 1.527580 0.000000 -0.362975 99.707468 -7.697904 -0.193498 -0.000087 
449 1.527580 0.000000 -0.725949 99.753953 -7.190058 -0.060859 -0.000255 
450 1.918356 0.000000 -0.362975 99.935391 -7.407538 -0.111498 -0.004197 
451 1.527580 0.000000 0.000000 101.302132 -8.117210 -1.309472 -0.032973 
452 0.941416 0.000000 -0.181487 101.875032 -8.073486 0.036183 -0.044370 
453 0.941416 0.000000 -0.362975 99.672117 -7.560909 -0.031366 0.000830 
454 1.136804 0.000000 -0.181487 101.579177 -8.750767 0.278463 -0.039498 
455 0.941416 0.000000 0.000000 101.728116 -6.800382 0.243771 -0.039491 
456 0.648333 0.000000 -0.090744 101.370465 -7.501291 -0.023499 -0.033224 
457 0.648333 0.000000 -0.181487 101.486469 -8.506330 -0.003714 -0.037186 
458 0.746027 0.000000 -0.090744 101.765142 -6.896164 -0.037325 -0.040370 
459 0.648333 0.000000 0.000000 101.460661 -6.551628 -0.023098 -0.033719 
460 0.501792 0.000000 -0.136115 99.622470 -9.653689 -0.003817 -0.001783 
461 0.501792 0.000000 -0.181487 100.771550 -9.884753 0.002056 -0.025261 
462 0.550639 0.000000 -0.136115 101.192621 -7.222887 -0.017372 -0.029212 
463 0.501792 0.000000 -0.090744 99.619570 -9.543891 -0.004881 -0.001514 
464 0.428522 0.000000 -0.113430 98.569967 -12.212830 -0.973688 0.013386 
465 0.428522 0.000000 -0.136115 99.139986 -11.715417 0.001623 0.003401 
466 0.452945 0.000000 -0.113430 99.056482 -10.699057 0.000609 0.007334 
467 0.428522 0.000000 -0.090744 98.695783 -11.939653 -0.849874 0.011586 
468 0.379675 0.000000 -0.068058 69.175068 -0.030027 -0.396147 0.521465 
469 0.404098 0.000000 -0.068058 98.243973 -11.889919 0.001069 0.020675 
470 0.379675 0.000000 -0.045372 70.081796 -0.023758 -0.278227 0.508846 
471 0.391886 0.000000 -0.102087 102.969100 -12.656836 -2.048378 -0.076703 
472 0.379675 0.000000 -0.102087 104.572285 -12.640043 -2.227906 -0.110010 
473 0.391886 0.000000 -0.113430 102.830892 -12.652956 -2.000433 -0.073829 
474 0.404098 0.000000 -0.102087 101.012512 -12.596851 -1.883001 -0.036575 
475 0.391886 0.000000 -0.090744 102.639317 -12.646354 -1.924836 -0.069846 
476 0.379675 0.000000 0.068058 69.235405 -0.012711 0.406569 0.520629 
477 0.379675 0.000000 0.045372 70.155080 -0.026169 0.276899 0.507819 
478 0.404098 0.000000 0.068058 98.219716 -11.875765 -0.002495 0.021185 
479 1.527580 0.000000 0.362975 99.780930 -7.704462 -0.333906 -0.001570 
480 1.918356 0.000000 0.362975 99.961448 -7.531218 -0.280811 -0.004909 
481 1.527580 0.000000 0.725949 99.815622 -7.216342 -0.091116 -0.001524 
482 0.941416 0.000000 0.181487 101.768827 -8.079587 0.078458 -0.042218 
483 1.136804 0.000000 0.181487 101.413828 -8.752806 0.338272 -0.036149 
484 0.941416 0.000000 0.362975 99.802843 -7.585599 0.028142 -0.001815 
485 0.648333 0.000000 0.090744 101.325040 -7.499741 -0.010791 -0.032301 
486 0.746027 0.000000 0.090744 101.722567 -6.896709 -0.025143 -0.039505 
487 0.648333 0.000000 0.181487 101.401215 -8.505590 0.019254 -0.035455 
488 0.501792 0.000000 0.136115 99.578402 -9.644835 0.002520 -0.000888 
489 0.501792 0.000000 0.090744 99.586599 -9.534090 -0.005141 -0.000839 
490 0.550639 0.000000 0.136115 101.138701 -7.218386 -0.004417 -0.028114 
491 0.501792 0.000000 0.181487 100.711156 -9.877772 0.013424 -0.024031 
492 0.428522 0.000000 0.113430 98.569855 -12.188751 0.974208 0.013447 
493 0.428522 0.000000 0.090744 98.689833 -11.917474 0.851552 0.011757 
494 0.452945 0.000000 0.113430 99.020041 -10.688180 0.002454 0.008079 
495 0.428522 0.000000 0.136115 99.106536 -11.702181 0.001085 0.004095 
496 0.391886 0.000000 0.102087 103.003316 -12.611822 2.048827 -0.077294 
497 0.379675 0.000000 0.102087 104.636795 -12.613952 2.228554 -0.111294 
498 0.391886 0.000000 0.090744 102.671209 -12.604976 1.925108 -0.070397 
499 0.404098 0.000000 0.102087 101.030559 -12.550416 1.882714 -0.036823 
500 0.391886 0.000000 0.113430 102.864212 -12.609459 2.000804 -0.074405 
501 1.332192 0.000000 -0.181487 101.268772 -9.135197 -0.699984 -0.033931 
502 1.332192 0.000000 -0.362975 99.725645 -7.651615 -0.114398 -0.000376 
503 1.527580 0.000000 -0.181487 101.529070 -9.220189 -0.889191 -0.039395 
504 1.332192 0.000000 0.000000 100.938676 -7.297187 -1.032809 -0.024293 
505 1.332192 0.000000 0.181487 101.204972 -9.761218 -0.975470 -0.033868 
506 1.527580 0.000000 0.181487 101.464361 -10.521774 -1.374355 -0.040761 
507 1.332192 0.000000 0.362975 99.957279 -7.669046 -0.321331 -0.005038 
508 1.234498 0.000000 -0.090744 98.949737 -11.381337 -0.108445 0.007940 
509 1.136804 0.000000 -0.090744 100.582091 -8.316621 0.404506 -0.018609 
510 1.234498 0.000000 -0.181487 100.511458 -12.416773 0.016762 -0.025673 
511 1.332192 0.000000 -0.090744 99.886679 -9.858807 -0.519065 -0.007481 
512 1.234498 0.000000 0.000000 80.958277 -0.016707 0.173122 0.344573 
513 1.234498 0.000000 0.090744 99.411249 -11.475019 -0.109036 -0.001428 
514 1.136804 0.000000 0.090744 100.692012 -8.328541 0.416749 -0.020842 
515 1.332192 0.000000 0.090744 100.082834 -10.107625 -0.575618 -0.011907 
516 1.234498 0.000000 0.181487 100.672957 -12.431246 0.023291 -0.028958 
517 4.263014 0.000000 -8.711388 99.756307 -6.974751 -0.000589 0.000003 
518 4.263014 0.000000 -11.615184 99.756384 -6.974499 -0.000305 0.000002 
519 7.389224 0.000000 -8.711388 99.756347 -6.974421 -0.000763 0.000003 
520 2.699909 0.000000 -4.355694 99.758154 -6.986107 -0.001390 -0.000049 
521 2.699909 0.000000 -5.807592 99.756036 -6.976912 -0.001161 0.000006 
522 4.263014 0.000000 -4.355694 99.755491 -6.981121 -0.003062 0.000011 
523 1.918356 0.000000 -2.177847 99.767657 -7.002935 -0.002152 -0.000263 
524 1.918356 0.000000 -2.903796 99.755552 -6.977493 -0.002422 0.000014 
525 2.699909 0.000000 -2.177847 99.753676 -7.008978 -0.006011 0.000008 
526 1.527580 0.000000 -1.088924 99.771590 -7.073541 -0.024517 -0.000441 
527 1.527580 0.000000 -1.451898 99.773395 -7.029491 -0.010103 -0.000414 
528 1.918356 0.000000 -1.088924 99.758176 -7.106394 -0.004848 -0.000219 
529 1.332192 0.000000 -0.544462 99.728335 -7.282269 -0.085192 0.000122 
530 1.136804 0.000000 -0.544462 99.716150 -7.247556 -0.075260 0.000416 
531 1.332192 0.000000 -0.725949 99.747015 -7.165097 -0.046838 -0.000081 
532 1.527580 0.000000 -0.544462 99.723828 -7.324917 -0.090739 0.000150 
533 1.234498 0.000000 -0.272231 99.863697 -8.113200 -0.206602 -0.003862 
534 1.136804 0.000000 -0.272231 101.520109 -12.106269 0.028659 -0.045290 
535 1.234498 0.000000 -0.362975 99.730243 -7.631566 -0.146087 -0.000438 
536 1.332192 0.000000 -0.272231 101.353392 -12.773107 -0.055337 -0.043567 
537 10.515434 0.000000 -2.903796 99.755458 -6.986825 -0.015130 0.000003 
538 10.515434 0.000000 -5.807592 99.756281 -6.975468 -0.002503 0.000003 
539 13.641644 0.000000 -2.903796 99.755765 -6.983628 -0.017032 0.000002 
540 10.515434 0.000000 0.000000 99.827724 -5.953561 0.292354 -0.000110 
541 5.826119 0.000000 -1.451898 99.749532 -7.061323 -0.058203 0.000017 
542 5.826119 0.000000 -2.903796 99.754594 -6.991706 -0.010650 0.000014 
543 7.389224 0.000000 -1.451898 99.751237 -7.042749 -0.068722 0.000009 
544 5.826119 0.000000 0.000000 100.000163 -3.478544 3.151412 -0.002206 
545 3.481461 0.000000 -0.725949 99.721353 -7.315907 -0.134609 0.000211 
546 3.481461 0.000000 -1.451898 99.744992 -7.067743 -0.031294 0.000098 
547 4.263014 0.000000 -0.725949 99.728681 -7.294682 -0.179147 0.000095 
548 3.481461 0.000000 0.000000 100.030316 -2.790015 -1.253006 -0.001542 
549 2.309132 0.000000 -0.362975 99.197483 -7.396263 -0.015211 0.010515 
550 2.309132 0.000000 -0.725949 99.677750 -7.313680 -0.008549 0.001086 
551 2.699909 0.000000 -0.362975 99.676996 -7.310150 -0.032671 0.001106 
552 2.309132 0.000000 0.000000 126.780746 -3.376372 -1.038351 -0.608584 
553 1.722968 0.000000 -0.181487 101.599094 -8.982047 -1.018754 -0.040409 
554 1.722968 0.000000 -0.362975 99.658062 -7.710228 -0.165447 0.000880 
555 1.918356 0.000000 -0.181487 101.004940 -8.834145 -0.976476 -0.028099 
556 1.722968 0.000000 0.000000 101.444386 -9.329501 -1.960289 -0.038185 
557 1.429886 0.000000 -0.090744 101.186518 -9.390567 -0.695160 -0.032738 
558 1.429886 0.000000 -0.181487 101.297397 -9.354464 -0.600604 -0.034903 
559 1.527580 0.000000 -0.090744 101.422667 -9.053540 -0.988225 -0.036950 
560 1.429886 0.000000 0.000000 100.938308 -7.295764 -1.032825 -0.024284 
561 1.283345 0.000000 -0.136115 99.390004 -10.828886 -0.390087 0.000421 
562 1.234498 0.000000 -0.136115 99.152431 -11.622448 -0.074817 0.003371 
563 1.283345 0.000000 -0.181487 100.073197 -11.688375 -0.271747 -0.015134 
564 1.332192 0.000000 -0.136115 99.985609 -9.475284 -0.518747 -0.008717 
565 1.283345 0.000000 -0.090744 99.118600 -10.549606 -0.411099 0.006404 
566 10.515434 0.000000 2.903796 99.752871 -7.024897 0.009323 0.000002 
567 13.641644 0.000000 2.903796 99.753089 -7.022372 0.014760 0.000001 
568 10.515434 0.000000 5.807592 99.755235 -6.992068 0.000673 0.000000 
569 5.826119 0.000000 1.451898 99.744101 -7.144891 0.020157 0.000006 
570 7.389224 0.000000 1.451898 99.745060 -7.132996 0.040724 0.000004 
571 5.826119 0.000000 2.903796 99.752672 -7.025705 -0.000307 0.000004 
572 3.481461 0.000000 0.725949 99.706880 -7.513221 -0.025913 0.000209 
573 4.263014 0.000000 0.725949 99.713249 -7.515116 0.041813 0.000079 
574 3.481461 0.000000 1.451898 99.740097 -7.136238 -0.016242 0.000099 
575 2.309132 0.000000 0.362975 99.311204 -7.717326 -0.486431 0.007749 
576 2.699909 0.000000 0.362975 99.683501 -7.740720 -0.502062 0.000303 
577 2.309132 0.000000 0.725949 99.748513 -7.438751 -0.187354 -0.000514 
578 1.722968 0.000000 0.181487 101.578497 -11.541648 -1.917150 -0.045508 
579 1.918356 0.000000 0.181487 101.124140 -13.717151 -3.276194 -0.042499 
580 1.722968 0.000000 0.362975 99.672451 -7.803502 -0.315397 0.000441 
581 1.429886 0.000000 0.090744 101.134150 -9.890805 -0.844739 -0.032666 
582 1.527580 0.000000 0.090744 101.354211 -9.416076 -1.083681 -0.036251 
583 1.429886 0.000000 0.181487 101.196817 -9.978630 -0.868861 -0.034112 
584 4.263014 0.000000 8.711388 99.756188 -6.981974 -0.000550 -0.000004 
585 7.389224 0.000000 8.711388 99.755933 -6.983503 -0.000325 -0.000002 
586 4.263014 0.000000 11.615184 99.756268 -6.979649 -0.000286 -0.000003 
587 2.699909 0.000000 4.355694 99.760082 -6.991524 -0.003857 -0.000096 
588 4.263014 0.000000 4.355694 99.755186 -6.997982 -0.002274 -0.000007 
589 2.699909 0.000000 5.807592 99.756390 -6.986314 -0.001483 -0.000015 
590 1.918356 0.000000 2.177847 99.769499 -7.022074 -0.017244 -0.000326 
591 2.699909 0.000000 2.177847 99.753081 -7.040031 -0.015619 -0.000024 
592 1.918356 0.000000 2.903796 99.764753 -7.005060 -0.010227 -0.000208 
593 1.527580 0.000000 1.088924 99.785070 -7.089555 -0.048998 -0.000732 
594 1.918356 0.000000 1.088924 99.774853 -7.137532 -0.074166 -0.000597 
595 1.527580 0.000000 1.451898 99.777975 -7.044171 -0.027694 -0.000527 
596 1.332192 0.000000 0.544462 99.871954 -7.312665 -0.138083 -0.002790 
597 1.136804 0.000000 0.544462 99.876716 -7.274174 -0.053290 -0.002827 
598 1.527580 0.000000 0.544462 99.801706 -7.363141 -0.171811 -0.001463 
599 1.332192 0.000000 0.725949 99.822990 -7.175672 -0.078656 -0.001613 
600 1.234498 0.000000 0.272231 100.307376 -8.129784 -0.224670 -0.012771 
601 1.136804 0.000000 0.272231 101.542944 -12.113387 0.037878 -0.045771 
602 1.332192 0.000000 0.272231 101.226974 -13.038453 -0.068341 -0.041691 
603 1.234498 0.000000 0.362975 100.052284 -7.641579 -0.160734 -0.006888 
604 1.283345 0.000000 0.136115 99.725185 -11.150654 -0.496412 -0.006970 
605 1.234498 0.000000 0.136115 99.564795 -11.699355 -0.070727 -0.005003 
606 1.283345 0.000000 0.090744 99.513224 -10.818112 -0.518077 -0.002018 
607 1.332192 0.000000 0.136115 100.146594 -9.845851 -0.699604 -0.012677 
608 1.283345 0.000000 0.181487 100.242586 -12.128621 -0.372676 -0.019582 
609 2.113744 0.000000 -0.181487 101.189482 -6.197016 3.065047 -0.028711 
610 2.113744 0.000000 -0.362975 99.792005 -7.300520 0.417968 -0.001192 
611 2.309132 0.000000 -0.181487 97.731670 -5.763755 -1.462814 0.041316 
612 2.113744 0.000000 0.000000 86.304353 0.825072 -0.004040 0.255088 
613 2.113744 0.000000 0.181487 101.545602 -6.450517 -3.508030 -0.036542 
614 2.309132 0.000000 0.181487 98.036859 -6.190989 0.438388 0.035025 
615 2.113744 0.000000 0.362975 99.910449 -7.517441 -0.806760 -0.003926 
616 2.016050 0.000000 -0.090744 99.924249 -8.102805 -0.540012 -0.005080 
617 1.918356 0.000000 -0.090744 101.041116 -9.505150 -1.841953 -0.030305 
618 2.016050 0.000000 -0.181487 100.450103 -8.987588 -0.206952 -0.017104 
619 2.113744 0.000000 -0.090744 106.889274 -8.072462 11.195139 -0.161581 
620 2.016050 0.000000 0.000000 101.001520 -9.792045 -2.515409 -0.030352 
621 2.016050 0.000000 0.090744 99.812608 -10.410124 -1.161706 -0.007228 
622 1.918356 0.000000 0.090744 101.062072 -11.324388 -2.628901 -0.034870 
623 2.113744 0.000000 0.090744 107.752953 -8.482214 -11.304260 -0.181043 
624 2.016050 0.000000 0.181487 100.416802 -11.849119 -1.269412 -0.022555 
625 2.309132 0.000000 -1.088924 99.735080 -7.129227 -0.007591 0.000209 
626 2.309132 0.000000 -1.451898 99.760788 -7.056669 -0.006262 -0.000201 
627 2.699909 0.000000 -1.088924 99.733932 -7.143606 -0.026995 0.000211 
628 2.113744 0.000000 -0.544462 99.587331 -7.409371 0.044206 0.002746 
629 1.918356 0.000000 -0.544462 99.664237 -7.389904 -0.050499 0.001243 
630 2.113744 0.000000 -0.725949 99.735310 -7.271816 0.013575 -0.000001 
631 2.309132 0.000000 -0.544462 99.587011 -7.464241 0.017579 0.002671 
632 2.016050 0.000000 -0.272231 100.256664 -6.689440 0.156369 -0.009617 
633 1.918356 0.000000 -0.272231 101.151950 -11.009382 -0.375406 -0.035306 
634 2.016050 0.000000 -0.362975 99.993876 -7.267107 0.083186 -0.005159 
635 2.113744 0.000000 -0.272231 99.772405 -6.811775 0.999650 -0.000193 
636 3.090685 0.000000 -0.362975 99.714790 -7.299553 0.133717 0.000366 
637 3.090685 0.000000 -0.725949 99.713752 -7.327206 -0.108699 0.000347 
638 3.481461 0.000000 -0.362975 99.709108 -7.434618 0.266773 0.000275 
639 3.090685 0.000000 0.000000 99.960204 -3.001524 -1.121929 -0.000231 
640 2.504521 0.000000 -0.181487 99.916564 -5.329688 -0.466471 -0.001194 
641 2.504521 0.000000 -0.362975 99.530478 -7.286017 -0.161685 0.004057 
642 2.699909 0.000000 -0.181487 99.848872 -5.138618 0.018450 0.000380 
643 2.504521 0.000000 0.000000 100.650393 -3.317322 -1.056951 -0.014262 
644 2.211438 0.000000 -0.090744 90.265615 -7.382034 16.321826 0.153122 
645 2.211438 0.000000 -0.181487 96.861074 -6.045144 2.765556 0.057374 
646 2.309132 0.000000 -0.090744 104.175490 -4.359805 -13.714738 -0.105963 
647 2.211438 0.000000 0.000000 128.135312 -0.371865 -0.213520 -0.641884 
648 2.064897 0.000000 -0.136115 100.125972 -8.132440 -0.108735 -0.009136 
649 2.016050 0.000000 -0.136115 99.917884 -8.913036 -0.472692 -0.006325 
650 2.064897 0.000000 -0.181487 101.652032 -5.834425 1.133552 -0.036846 
651 2.113744 0.000000 -0.136115 104.002015 -6.733167 6.074345 -0.089865 
652 2.064897 0.000000 -0.090744 100.278988 -7.829234 2.586069 -0.012386 
653 3.090685 0.000000 0.362975 99.685705 -7.826209 -0.623835 0.000112 
654 3.481461 0.000000 0.362975 99.667762 -8.033173 -0.679651 0.000134 
655 3.090685 0.000000 0.725949 99.699520 -7.506167 -0.061383 0.000366 
656 2.504521 0.000000 0.181487 99.953691 -5.908953 -0.612700 -0.002603 
657 2.699909 0.000000 0.181487 99.845325 -5.791248 -1.093586 -0.000382 
658 2.504521 0.000000 0.362975 99.579566 -7.651761 -0.379050 0.002522 
659 2.211438 0.000000 0.090744 91.105607 -7.985295 -16.493180 0.136398 
660 2.309132 0.000000 0.090744 104.444370 -4.781251 11.681411 -0.106794 
661 2.211438 0.000000 0.181487 97.267107 -6.444500 -3.449176 0.048568 
662 2.309132 0.000000 1.088924 99.748115 -7.193651 -0.081601 -0.000144 
663 2.699909 0.000000 1.088924 99.726265 -7.227092 -0.057933 0.000244 
664 2.309132 0.000000 1.451898 99.760713 -7.097924 -0.042561 -0.000258 
665 2.113744 0.000000 0.544462 99.688989 -7.528526 -0.306643 0.000533 
666 1.918356 0.000000 0.544462 99.737201 -7.470668 -0.195738 -0.000336 
667 2.309132 0.000000 0.544462 99.674239 -7.633648 -0.318909 0.000667 
668 2.113744 0.000000 0.725949 99.810660 -7.360697 -0.186200 -0.001638 
669 2.016050 0.000000 0.272231 100.368446 -6.841356 -0.571540 -0.012096 
670 1.918356 0.000000 0.272231 101.245681 -16.204628 -2.335312 -0.051873 
671 2.113744 0.000000 0.272231 99.996128 -7.044480 -1.447525 -0.005095 
672 2.016050 0.000000 0.362975 100.062787 -7.430965 -0.458093 -0.006799 
673 2.064897 0.000000 0.136115 99.924322 -9.156505 -0.307002 -0.006881 
674 2.016050 0.000000 0.136115 99.822500 -11.789404 -1.297885 -0.010521 
675 2.064897 0.000000 0.090744 100.342619 -9.019611 -3.054077 -0.015932 
676 2.113744 0.000000 0.136115 104.543525 -7.069559 -6.439386 -0.102079 
677 2.064897 0.000000 0.181487 101.923881 -5.972779 -1.479513 -0.042634 
678 2.211438 0.000000 -0.272231 98.603717 -6.914534 0.960221 0.022857 
679 2.211438 0.000000 -0.362975 99.376407 -7.362896 0.364158 0.006998 
680 2.309132 0.000000 -0.272231 98.699691 -6.827356 -0.137895 0.021174 
681 2.162591 0.000000 -0.136115 99.024720 -6.654171 7.973650 0.008625 
682 2.162591 0.000000 -0.181487 99.044953 -6.253841 3.863914 0.013606 
683 2.211438 0.000000 -0.136115 94.266473 -6.129629 6.032463 0.103987 
684 2.162591 0.000000 -0.090744 99.391254 -8.071020 15.565735 -0.018605 
685 2.064897 0.000000 -0.045372 100.028475 -7.999468 -0.099681 -0.006970 
686 2.016050 0.000000 -0.045372 100.202995 -8.397925 -1.421044 -0.011318 
687 2.113744 0.000000 -0.045372 84.646480 0.903572 3.736916 0.282019 
688 2.064897 0.000000 0.000000 81.099236 0.801947 0.043509 0.342227 
689 2.089321 0.000000 -0.113430 104.829260 -7.466626 5.450459 -0.107463 
690 2.064897 0.000000 -0.113430 101.414997 -7.428462 4.020310 -0.035635 
691 2.089321 0.000000 -0.136115 99.704707 -6.790873 -0.020878 0.001286 
692 2.113744 0.000000 -0.113430 106.948516 -8.069496 11.055034 -0.162532 
693 2.089321 0.000000 -0.090744 104.612924 -7.480651 5.212258 -0.102699 
694 2.064897 0.000000 0.045372 99.810533 -8.884241 -0.249784 -0.004113 
695 2.016050 0.000000 0.045372 100.123194 -10.528890 -1.840430 -0.013890 
696 2.113744 0.000000 0.045372 84.411152 0.920005 -3.719676 0.286008 
697 2.211438 0.000000 0.272231 98.846038 -7.194483 -1.518910 0.017539 
698 2.309132 0.000000 0.272231 98.867887 -7.226078 -0.544500 0.017263 
699 2.211438 0.000000 0.362975 99.526173 -7.644423 -0.824401 0.003542 
700 2.162591 0.000000 0.136115 99.575224 -7.138036 -8.471915 -0.003795 
701 2.162591 0.000000 0.090744 100.138790 -8.629628 -15.704141 -0.034887 
702 2.211438 0.000000 0.136115 94.924306 -6.623253 -6.708244 0.090051 
703 2.162591 0.000000 0.181487 99.431459 -6.595950 -4.412458 0.005041 
704 2.089321 0.000000 0.113430 105.380116 -7.781254 -5.557422 -0.119640 
705 2.064897 0.000000 0.113430 101.656924 -8.143654 -4.299567 -0.041894 
706 2.089321 0.000000 0.090744 105.131577 -7.824952 -5.331896 -0.114231 
707 2.113744 0.000000 0.113430 107.811997 -8.476927 -11.162945 -0.181990 
708 2.089321 0.000000 0.136115 99.529170 -7.073393 -0.088929 0.004390 
709 2.162591 0.000000 -0.045372 101.214467 0.385758 7.542584 -0.030141 
710 2.211438 0.000000 -0.045372 128.568420 -0.280360 10.114909 -0.663223 
711 2.162591 0.000000 0.000000 102.750690 0.313996 -0.080468 -0.055781 
712 2.138168 0.000000 -0.113430 102.898707 -8.192458 15.203399 -0.088640 
713 2.138168 0.000000 -0.136115 101.531852 -6.775962 7.751300 -0.041471 
714 2.162591 0.000000 -0.113430 99.397611 -7.518476 11.568986 -0.007025 
715 2.138168 0.000000 -0.090744 102.560882 -8.195207 15.153511 -0.081552 
716 2.089321 0.000000 -0.068058 99.704589 -6.793360 -0.021048 0.001284 
717 2.064897 0.000000 -0.068058 99.827432 -9.736836 -0.350517 -0.006045 
718 2.113744 0.000000 -0.068058 82.234579 0.986735 5.688636 0.320414 
719 2.089321 0.000000 -0.045372 80.797420 0.993247 1.706861 0.346788 
720 2.101533 0.000000 -0.102087 107.283923 -7.835365 7.908741 -0.163378 
721 2.089321 0.000000 -0.102087 105.836681 -7.560442 5.918891 -0.129360 
722 2.101533 0.000000 -0.113430 107.473207 -7.829337 7.399990 -0.166655 
723 2.113744 0.000000 -0.102087 106.882952 -8.086164 11.651983 -0.162512 
724 2.101533 0.000000 -0.090744 107.586009 -7.886600 7.974981 -0.170055 
725 2.162591 0.000000 0.045372 101.048251 0.506433 -7.631930 -0.026925 
726 2.211438 0.000000 0.045372 128.046963 -0.261528 -10.391579 -0.650408 
727 2.089321 0.000000 0.068058 99.529014 -7.077696 -0.089514 0.004387 
728 2.064897 0.000000 0.068058 99.686049 -12.634822 -0.804563 -0.009759 
729 2.089321 0.000000 0.045372 80.516200 0.975847 -1.597414 0.351364 
730 2.113744 0.000000 0.068058 81.942258 1.041106 -5.654915 0.325240 
731 2.138168 0.000000 0.113430 103.696643 -8.703514 -15.340384 -0.106407 
732 2.138168 0.000000 0.090744 103.340756 -8.710292 -15.288158 -0.098891 
733 2.162591 0.000000 0.113430 100.062627 -8.101298 -11.921785 -0.022029 
734 2.138168 0.000000 0.136115 102.053704 -7.189281 -8.178299 -0.053353 
735 2.101533 0.000000 0.102087 108.085169 -8.152441 -7.986846 -0.181266 
736 2.089321 0.000000 0.102087 106.481569 -7.852926 -6.006797 -0.143607 
737 2.101533 0.000000 0.090744 108.408939 -8.214302 -8.054243 -0.188484 
738 2.113744 0.000000 0.102087 107.751845 -8.499344 -11.765315 -0.182112 
739 2.101533 0.000000 0.113430 108.267032 -8.141050 -7.474259 -0.184389 
740 2.138168 0.000000 -0.068058 89.772919 0.756032 8.785938 0.186306 
741 2.162591 0.000000 -0.068058 99.151582 0.475513 11.306942 0.004089 
742 2.138168 0.000000 -0.045372 91.501517 0.662345 5.808196 0.159330 
743 2.125956 0.000000 -0.102087 104.051868 -8.162043 15.087316 -0.112104 
744 2.125956 0.000000 -0.113430 104.850280 -8.153403 14.338726 -0.126566 
745 2.138168 0.000000 -0.102087 102.695954 -8.194543 15.173425 -0.084384 
746 2.125956 0.000000 -0.090744 104.738165 -8.155374 14.421941 -0.124459 
747 2.138168 0.000000 0.068058 89.537023 0.844254 -8.801670 0.190494 
748 2.138168 0.000000 0.045372 91.401754 0.743768 -5.851995 0.161092 
749 2.162591 0.000000 0.068058 98.858234 0.500235 -11.376914 0.009737 
750 2.125956 0.000000 0.102087 104.894391 -8.670361 -15.228255 -0.130991 
751 2.125956 0.000000 0.090744 105.586169 -8.637812 -14.557210 -0.143496 
752 2.138168 0.000000 0.102087 103.483157 -8.707640 -15.309008 -0.101895 
753 2.125956 0.000000 0.113430 105.700510 -8.633318 -14.473482 -0.145661 
754 2.406827 0.000000 -0.090744 101.621460 -4.116266 -2.131404 -0.034841 
755 2.406827 0.000000 -0.181487 99.785587 -5.429595 -1.171862 0.001198 
756 2.504521 0.000000 -0.090744 100.394740 -3.819201 -0.733658 -0.009423 
757 2.406827 0.000000 0.000000 103.528640 -3.632203 -1.111370 -0.073261 
758 2.260285 0.000000 -0.136115 91.984862 -5.476418 -0.506339 0.150854 
759 2.260285 0.000000 -0.181487 96.157323 -5.893931 0.254166 0.071897 
760 2.309132 0.000000 -0.136115 97.445666 -5.086362 -4.655878 0.045679 
761 2.260285 0.000000 -0.090744 76.531065 -6.388504 12.637860 0.394247 
762 2.187015 0.000000 -0.113430 96.137249 -7.033024 11.477307 0.057644 
763 2.187015 0.000000 -0.136115 96.562612 -6.433681 7.467763 0.057850 
764 2.211438 0.000000 -0.113430 91.723766 -6.566010 9.649450 0.145053 
765 2.187015 0.000000 -0.090744 93.777524 -7.695936 17.116348 0.085358 
766 2.150380 0.000000 -0.102087 101.640110 -8.184371 15.017715 -0.062323 
767 2.150380 0.000000 -0.113430 102.001521 -8.198089 15.071034 -0.069865 
768 2.162591 0.000000 -0.102087 99.455888 -8.074926 15.714738 -0.020363 
769 2.150380 0.000000 -0.090744 101.000162 -8.153755 15.214672 -0.049900 
770 2.406827 0.000000 0.090744 101.690675 -4.592033 0.331851 -0.036219 
771 2.504521 0.000000 0.090744 100.410618 -4.337266 -1.004664 -0.010211 
772 2.406827 0.000000 0.181487 99.878010 -5.982924 0.074339 -0.001142 
773 2.260285 0.000000 0.136115 92.698088 -5.938271 -0.526846 0.137152 
774 2.260285 0.000000 0.090744 78.005466 -7.133107 -12.900096 0.369785 
775 2.309132 0.000000 0.136115 97.835883 -5.552925 3.296066 0.038644 
776 2.260285 0.000000 0.181487 96.562148 -6.314002 -1.118573 0.063463 
777 2.187015 0.000000 0.113430 96.789089 -7.623730 -11.939920 0.043119 
778 2.187015 0.000000 0.090744 94.568529 -8.311586 -17.281123 0.068907 
779 2.211438 0.000000 0.113430 92.469737 -7.158756 -10.213564 0.129378 
780 2.187015 0.000000 0.136115 97.157417 -6.940679 -8.051864 0.044743 
781 2.150380 0.000000 0.102087 102.381514 -8.713944 -15.147526 -0.078735 
782 2.150380 0.000000 0.090744 101.744348 -8.690940 -15.347414 -0.066299 
783 2.162591 0.000000 0.102087 100.204416 -8.634458 -15.854494 -0.036684 
784 2.150380 0.000000 0.113430 102.751080 -8.721288 -15.201805 -0.086494 
785 2.260285 0.000000 -0.045372 158.501674 -1.918186 1.498704 -1.512871 
786 2.309132 0.000000 -0.045372 123.433041 -3.590055 -11.213925 -0.537436 
787 2.260285 0.000000 0.000000 146.962306 -1.976585 -0.622910 -1.160221 
788 2.187015 0.000000 -0.068058 111.533205 0.162765 14.271702 -0.264336 
789 2.211438 0.000000 -0.068058 128.461240 -0.152601 16.830493 -0.678558 
790 2.187015 0.000000 -0.045372 113.603776 0.071695 9.207599 -0.299060 
791 2.174803 0.000000 -0.102087 96.502446 -7.896126 16.605499 0.034919 
792 2.174803 0.000000 -0.113430 97.907532 -7.281409 11.755159 0.022291 
793 2.187015 0.000000 -0.102087 93.792362 -7.700791 17.119088 0.085063 
794 2.174803 0.000000 -0.090744 96.134651 -7.872410 16.726801 0.041637 
795 2.260285 0.000000 0.045372 157.149321 -2.015346 -2.571759 -1.470658 
796 2.309132 0.000000 0.045372 123.193063 -3.787818 9.015711 -0.527216 
797 2.187015 0.000000 0.068058 111.119246 0.229870 -14.363477 -0.255385 
798 2.187015 0.000000 0.045372 113.223459 0.130407 -9.381207 -0.290758 
799 2.211438 0.000000 0.068058 127.777715 -0.123703 -16.911281 -0.661315 
800 2.174803 0.000000 0.102087 97.273091 -8.494451 -16.759716 0.018490 
801 2.174803 0.000000 0.090744 96.908422 -8.476935 -16.882960 0.025186 
802 2.187015 0.000000 0.102087 94.583942 -8.323508 -17.283888 0.068586 
803 2.174803 0.000000 0.113430 98.590393 -7.869005 -12.173254 0.006983 
804 2.235862 0.000000 -0.068058 79.350693 -6.631155 13.103474 0.348779 
805 2.235862 0.000000 -0.090744 80.293290 -6.706174 13.258122 0.333224 
806 2.260285 0.000000 -0.068058 75.356292 -6.320962 12.442688 0.412665 
807 2.235862 0.000000 -0.045372 144.449988 -0.880878 9.014733 -1.094784 
808 2.235862 0.000000 -0.113430 88.604816 -6.017189 5.623038 0.208136 
809 2.235862 0.000000 -0.136115 92.451045 -5.810889 3.335635 0.140791 
810 2.260285 0.000000 -0.113430 86.047058 -5.453710 -1.011606 0.256514 
811 2.223650 0.000000 -0.079401 84.931202 -7.025860 14.597548 0.252424 
812 2.211438 0.000000 -0.079401 89.888614 -7.357299 16.208197 0.160320 
813 2.223650 0.000000 -0.090744 84.924980 -7.025543 14.494319 0.252830 
814 2.235862 0.000000 -0.079401 80.178004 -6.697756 13.239189 0.335135 
815 2.223650 0.000000 -0.068058 137.533044 -0.409562 15.870968 -0.916739 
816 2.235862 0.000000 0.068058 80.673261 -7.317880 -13.340051 0.326032 
817 2.235862 0.000000 0.045372 143.595347 -0.915572 -9.515509 -1.071101 
818 2.260285 0.000000 0.068058 76.887880 -7.114291 -12.714278 0.387599 
819 2.235862 0.000000 0.090744 81.560009 -7.392621 -13.485748 0.311145 
820 2.235862 0.000000 0.113430 89.483529 -6.560451 -6.363238 0.190917 
821 2.260285 0.000000 0.113430 87.064908 -5.948640 -0.085473 0.238431 
822 2.235862 0.000000 0.136115 93.156354 -6.298469 -4.153592 0.126497 
823 2.223650 0.000000 0.079401 85.973348 -7.682797 -14.794344 0.233069 
824 2.211438 0.000000 0.079401 90.741304 -7.966111 -16.381224 0.143421 
825 2.223650 0.000000 0.068058 136.656963 -0.403092 -16.026084 -0.893212 
826 2.235862 0.000000 0.079401 81.451287 -7.384521 -13.467874 0.312977 
827 2.223650 0.000000 0.090744 85.961792 -7.684159 -14.689265 0.233575 
828 2.357979 0.000000 -0.045372 107.454301 -3.627597 -3.655140 -0.157295 
829 2.357979 0.000000 -0.090744 103.364744 -4.195612 -4.238070 -0.071983 
830 2.406827 0.000000 -0.045372 103.017867 -3.671830 -1.843164 -0.062956 
831 2.357979 0.000000 0.000000 109.062855 -3.530475 -1.092880 -0.190836 
832 2.284709 0.000000 -0.068058 143.742628 -3.703373 -39.746778 -1.225546 
833 2.284709 0.000000 -0.090744 89.932048 -4.656787 -27.563318 0.113080 
834 2.309132 0.000000 -0.068058 115.055736 -3.921645 -15.755090 -0.350142 
835 2.284709 0.000000 -0.045372 146.319294 -3.075689 -13.781921 -1.160874 
836 2.248074 0.000000 -0.079401 77.941891 -6.503570 12.871720 0.371708 
837 2.248074 0.000000 -0.090744 78.196667 -6.527167 12.913559 0.367592 
838 2.260285 0.000000 -0.079401 75.806154 -6.340368 12.517427 0.405654 
839 2.248074 0.000000 -0.068058 77.443904 -6.460527 12.789512 0.379713 
840 2.357979 0.000000 0.045372 107.483585 -3.858682 1.548828 -0.157001 
841 2.406827 0.000000 0.045372 103.054039 -3.916473 -0.275753 -0.063555 
842 2.357979 0.000000 0.090744 103.517517 -4.589403 2.429768 -0.074284 
843 2.284709 0.000000 0.068058 142.622815 -3.990092 36.698590 -1.170397 
844 2.284709 0.000000 0.045372 145.388563 -3.227054 11.758122 -1.128650 
845 2.309132 0.000000 0.068058 114.972026 -4.255257 13.498326 -0.341888 
846 2.284709 0.000000 0.090744 90.906089 -5.104773 25.125509 0.107873 
847 2.248074 0.000000 0.079401 79.347147 -7.203256 -13.121837 0.347996 
848 2.248074 0.000000 0.068058 78.876177 -7.169963 -13.044182 0.355699 
849 2.260285 0.000000 0.079401 77.315081 -7.114146 -12.785534 0.380830 
850 2.248074 0.000000 0.090744 79.586406 -7.225826 -13.161167 0.344058 
851 5.044566 0.000000 -0.725949 99.732550 -7.274270 -0.219696 0.000046 
852 5.044566 0.000000 -1.451898 99.748180 -7.060001 -0.050411 0.000045 
853 5.826119 0.000000 -0.725949 99.736307 -7.252492 -0.256506 0.000000 
854 5.044566 0.000000 0.000000 100.045257 -2.798387 -2.235816 -0.002188 
855 3.872238 0.000000 -0.362975 99.701229 -7.636388 0.345956 0.000123 
856 3.872238 0.000000 -0.725949 99.725826 -7.307718 -0.158091 0.000133 
857 4.263014 0.000000 -0.362975 99.685192 -7.906519 0.342928 0.000023 
858 3.872238 0.000000 0.000000 100.037023 -2.823784 -1.556380 -0.001780 
859 5.044566 0.000000 0.725949 99.716454 -7.504244 0.107535 0.000030 
860 5.826119 0.000000 0.725949 99.719842 -7.488536 0.169535 -0.000015 
861 5.044566 0.000000 1.451898 99.742446 -7.142259 0.009775 0.000043 
862 4.653790 0.000000 -0.362975 99.664994 -8.219985 0.195814 -0.000072 
863 4.653790 0.000000 -0.725949 99.730610 -7.287205 -0.199787 0.000066 
864 5.044566 0.000000 -0.362975 99.648901 -8.467527 -0.135649 -0.000162 
865 4.653790 0.000000 0.000000 100.026630 -3.046098 -1.929608 -0.001833 
866 3.872238 0.000000 0.362975 99.655984 -8.281178 -0.684353 -0.000036 
867 4.263014 0.000000 0.362975 99.637757 -8.584390 -0.589443 -0.000172 
868 3.872238 0.000000 0.725949 99.711145 -7.516301 0.008131 0.000119 
869 4.067626 0.000000 -0.181487 99.906289 -4.726166 1.606490 -0.000618 
870 3.872238 0.000000 -0.181487 99.900831 -4.774501 1.349440 -0.000479 
871 4.067626 0.000000 -0.362975 99.694085 -7.765062 0.357904 0.000067 
872 4.263014 0.000000 -0.181487 99.910929 -4.679566 1.852485 -0.000752 
873 4.067626 0.000000 0.000000 100.040199 -2.809672 -1.443791 -0.001802 
874 4.653790 0.000000 0.362975 99.617795 -8.894330 -0.335116 -0.000293 
875 5.044566 0.000000 0.362975 99.605234 -9.091850 0.091700 -0.000387 
876 4.653790 0.000000 0.725949 99.714870 -7.511548 0.074766 0.000052 
877 4.458402 0.000000 -0.181487 99.914779 -4.633284 2.089728 -0.000880 
878 4.458402 0.000000 -0.362975 99.675024 -8.064074 0.291172 -0.000022 
879 4.653790 0.000000 -0.181487 99.917901 -4.601590 2.293268 -0.001002 
880 4.458402 0.000000 0.000000 100.031494 -2.963341 -1.802628 -0.001833 
881 4.067626 0.000000 0.181487 99.820191 -5.957092 -2.361919 -0.000514 
882 3.872238 0.000000 0.181487 99.820125 -5.927414 -2.194721 -0.000401 
883 4.263014 0.000000 0.181487 99.819531 -5.981893 -2.480352 -0.000587 
884 4.067626 0.000000 0.362975 99.647664 -8.428438 -0.653627 -0.000112 
885 4.165320 0.000000 -0.090744 100.180815 -0.812023 -0.314023 -0.003695 
886 4.067626 0.000000 -0.090744 100.127314 -1.564414 -0.309820 -0.002802 
887 4.165320 0.000000 -0.181487 99.908557 -4.703902 1.728433 -0.000683 
888 4.263014 0.000000 -0.090744 100.199032 -0.561112 -0.752830 -0.004073 
889 4.165320 0.000000 0.000000 100.041843 -2.801191 -1.557363 -0.001864 
890 4.458402 0.000000 0.181487 99.819865 -5.990096 -2.525241 -0.000626 
891 4.653790 0.000000 0.181487 99.823888 -5.945644 -2.493071 -0.000637 
892 4.458402 0.000000 0.362975 99.627322 -8.745533 -0.485180 -0.000232 
893 4.360708 0.000000 -0.090744 100.203769 -0.493607 -0.909460 -0.004187 
894 4.360708 0.000000 -0.181487 99.913271 -4.648276 1.976331 -0.000817 
895 4.458402 0.000000 -0.090744 100.210986 -0.396967 -1.001086 -0.004340 
896 4.360708 0.000000 0.000000 100.035693 -2.896780 -1.732157 -0.001853 
897 4.165320 0.000000 0.090744 100.018159 -3.142330 -0.689095 -0.001398 
898 4.067626 0.000000 0.090744 100.018645 -3.118125 -0.932463 -0.001432 
899 4.263014 0.000000 0.090744 100.015184 -3.194061 -0.647079 -0.001366 
900 4.165320 0.000000 0.181487 99.820322 -5.974538 -2.433887 -0.000572 
901 4.214167 0.000000 -0.045372 100.162873 -1.074474 -2.691608 -0.004100 
902 4.165320 0.000000 -0.045372 100.138193 -1.422499 -2.885436 -0.003801 
903 4.214167 0.000000 -0.090744 100.195259 -0.610403 -0.558510 -0.003977 
904 4.263014 0.000000 -0.045372 100.174461 -0.913339 -2.432245 -0.004167 
905 4.214167 0.000000 0.000000 100.040912 -2.819373 -1.608504 -0.001872 
906 3.676849 0.000000 -0.181487 99.894053 -4.822793 1.093127 -0.000328 
907 3.481461 0.000000 -0.181487 99.886243 -4.868051 0.841071 -0.000167 
908 3.676849 0.000000 -0.362975 99.705998 -7.526943 0.313978 0.000196 
909 3.676849 0.000000 0.000000 100.041524 -2.707195 -1.382164 -0.001755 
910 3.969932 0.000000 -0.090744 100.068824 -2.388046 -2.333408 -0.002492 
911 3.872238 0.000000 -0.090744 100.047473 -2.675337 1.466350 -0.001880 
912 3.969932 0.000000 -0.181487 99.903711 -4.750670 1.478158 -0.000551 
913 3.969932 0.000000 0.000000 100.031675 -2.918648 -1.440822 -0.001693 
914 3.676849 0.000000 0.181487 99.818610 -5.899977 -2.003258 -0.000258 
915 3.481461 0.000000 0.181487 99.816666 -5.870550 -1.802431 -0.000108 
916 3.676849 0.000000 0.362975 99.662165 -8.150031 -0.690355 0.000055 
917 3.774543 0.000000 -0.090744 100.023058 -2.999153 0.703357 -0.001410 
918 3.676849 0.000000 -0.090744 100.011420 -3.139648 0.605476 -0.001251 
919 3.774543 0.000000 -0.181487 99.898049 -4.798500 1.226359 -0.000415 
920 3.774543 0.000000 0.000000 100.042510 -2.717108 -1.476538 -0.001807 
921 3.969932 0.000000 0.090744 99.946272 -4.140222 -0.931213 -0.000727 
922 3.872238 0.000000 0.090744 99.851767 -5.473326 -2.757251 -0.000794 
923 3.969932 0.000000 0.181487 99.820338 -5.942420 -2.282720 -0.000462 
924 3.921085 0.000000 -0.045372 100.709274 6.777247 3.120362 -0.019803 
925 3.872238 0.000000 -0.045372 100.136213 -1.405571 1.459047 -0.003137 
926 3.921085 0.000000 -0.090744 100.003779 -3.311691 5.300099 -0.003981 
927 3.969932 0.000000 -0.045372 100.180801 -0.786676 -4.926561 -0.006108 
928 3.921085 0.000000 0.000000 100.031883 -2.908945 -1.524730 -0.001716 
929 8.952329 0.000000 -1.451898 99.752347 -7.029856 -0.076417 0.000004 
930 8.952329 0.000000 -2.903796 99.755267 -6.988329 -0.013869 0.000005 
931 10.515434 0.000000 -1.451898 99.753391 -7.016371 -0.081091 0.000003 
932 8.952329 0.000000 0.000000 99.865606 -5.410440 0.462070 -0.000263 
933 6.607671 0.000000 -0.725949 99.739779 -7.203449 -0.286714 0.000000 
934 6.607671 0.000000 -1.451898 99.750627 -7.048678 -0.063726 0.000012 
935 7.389224 0.000000 -0.725949 99.743077 -7.159395 -0.308143 -0.000003 
936 6.607671 0.000000 0.000000 99.972327 -3.878143 1.560102 -0.001194 
937 5.435343 0.000000 -0.362975 99.645788 -8.522292 -0.589162 -0.000226 
938 5.435343 0.000000 -0.725949 99.734264 -7.258976 -0.238566 0.000033 
939 5.826119 0.000000 -0.362975 99.658795 -8.360416 -1.007509 -0.000279 
940 5.435343 0.000000 0.000000 100.314952 1.047636 -5.162684 -0.009084 
941 4.849178 0.000000 -0.181487 99.918243 -4.606877 2.463078 -0.001095 
942 4.849178 0.000000 -0.362975 99.655848 -8.360489 0.052451 -0.000119 
943 5.044566 0.000000 -0.181487 99.910936 -4.719503 2.592932 -0.001119 
944 4.849178 0.000000 0.000000 100.029241 -3.019167 -2.063821 -0.001922 
945 8.952329 0.000000 1.451898 99.745951 -7.122283 0.058028 0.000002 
946 10.515434 0.000000 1.451898 99.746948 -7.109085 0.072052 0.000000 
947 8.952329 0.000000 2.903796 99.752778 -7.025636 0.006307 0.000002 
948 6.607671 0.000000 0.725949 99.723130 -7.442971 0.224896 -0.000015 
949 7.389224 0.000000 0.725949 99.726492 -7.397553 0.270468 -0.000017 
950 6.607671 0.000000 1.451898 99.744645 -7.137006 0.031007 0.000007 
951 5.435343 0.000000 0.362975 99.607431 -9.070984 0.590782 -0.000427 
952 5.826119 0.000000 0.362975 99.624330 -8.853620 1.009134 -0.000441 
953 5.435343 0.000000 0.725949 99.717908 -7.493077 0.139141 0.000017 
954 5.239954 0.000000 -0.181487 99.911363 -4.719723 2.250343 -0.000962 
955 5.239954 0.000000 -0.362975 99.645314 -8.525090 -0.356270 -0.000199 
956 5.435343 0.000000 -0.181487 100.419525 2.542952 -8.085964 -0.015593 
957 5.239954 0.000000 0.000000 100.080333 -2.303223 -2.596784 -0.002812 
958 4.849178 0.000000 0.181487 99.833269 -5.821874 -2.462579 -0.000664 
959 5.044566 0.000000 0.181487 99.844275 -5.672696 -2.551227 -0.000757 
960 4.849178 0.000000 0.362975 99.610015 -9.015680 -0.139786 -0.000346 
961 4.946872 0.000000 -0.090744 100.228552 -0.173589 -1.086934 -0.004697 
962 4.849178 0.000000 -0.090744 100.228722 -0.166816 -1.114922 -0.004707 
963 4.946872 0.000000 -0.181487 99.916100 -4.641818 2.535228 -0.001120 
964 5.044566 0.000000 -0.090744 100.226352 -0.208922 -1.043421 -0.004645 
965 4.946872 0.000000 0.000000 100.035195 -2.938385 -2.142467 -0.002026 
966 3.286073 0.000000 -0.181487 99.875469 -4.920923 0.605133 0.000031 
967 3.090685 0.000000 -0.181487 99.867491 -4.965706 0.388712 0.000167 
968 3.286073 0.000000 -0.362975 99.711971 -7.368215 0.213782 0.000319 
969 3.286073 0.000000 0.000000 100.004716 -2.924366 -1.169312 -0.001086 
970 2.895297 0.000000 -0.181487 99.851817 -5.089024 0.204724 0.000367 
971 2.895297 0.000000 -0.362975 99.704787 -7.299184 0.044115 0.000568 
972 2.895297 0.000000 0.000000 99.947383 -3.120497 -1.082455 -0.000039 
973 3.286073 0.000000 0.181487 99.812540 -5.847966 -1.598428 0.000070 
974 3.090685 0.000000 0.181487 99.819696 -5.801864 -1.431450 0.000032 
975 3.286073 0.000000 0.362975 99.671407 -7.938292 -0.653497 0.000217 
976 3.188379 0.000000 -0.090744 99.959783 -3.391546 -0.022152 -0.000346 
977 3.090685 0.000000 -0.090744 99.941539 -3.438535 -0.088642 -0.000014 
978 3.188379 0.000000 -0.181487 99.873809 -4.931436 0.487375 0.000067 
979 3.286073 0.000000 -0.090744 99.977443 -3.348813 0.089719 -0.000671 
980 3.188379 0.000000 0.000000 99.982432 -2.964185 -1.148888 -0.000659 
981 3.481461 0.000000 -2.177847 99.748280 -7.008254 -0.014806 0.000116 
982 3.481461 0.000000 -2.903796 99.754781 -6.991875 -0.004965 0.000010 
983 4.263014 0.000000 -2.177847 99.751763 -7.011375 -0.015006 0.000043 
984 3.872238 0.000000 -1.088924 99.739343 -7.136956 -0.073251 0.000112 
985 3.481461 0.000000 -1.088924 99.739881 -7.140746 -0.056724 0.000096 
986 3.872238 0.000000 -1.451898 99.743614 -7.065244 -0.041785 0.000129 
987 4.263014 0.000000 -1.088924 99.740765 -7.133356 -0.082054 0.000089 
988 4.067626 0.000000 -0.544462 99.713616 -7.481275 -0.209586 0.000118 
989 3.872238 0.000000 -0.544462 99.712970 -7.482011 -0.189146 0.000131 
990 4.067626 0.000000 -0.725949 99.726857 -7.303952 -0.170124 0.000118 
991 4.263014 0.000000 -0.544462 99.715214 -7.481670 -0.226822 0.000085 
992 3.969932 0.000000 -0.272231 99.764266 -6.747139 1.524407 -0.000076 
993 3.872238 0.000000 -0.272231 99.767201 -6.688751 1.374311 -0.000012 
994 3.969932 0.000000 -0.362975 99.697942 -7.698736 0.354770 0.000092 
995 4.067626 0.000000 -0.272231 99.760429 -6.813842 1.688999 -0.000142 
996 3.921085 0.000000 -0.136115 99.964198 -3.878491 1.235232 -0.000941 
997 3.872238 0.000000 -0.136115 99.962300 -3.894256 1.165537 -0.000899 
998 3.921085 0.000000 -0.181487 99.902312 -4.764514 1.413901 -0.000517 
999 3.969932 0.000000 -0.136115 99.965962 -3.859610 1.306060 -0.000980 
1000 4.018779 0.000000 -0.045372 100.116985 -1.705772 -3.320571 -0.003735 
1001 4.018779 0.000000 -0.090744 100.102164 -1.917919 -0.726866 -0.002465 
1002 4.067626 0.000000 -0.045372 100.109328 -1.821393 -2.920726 -0.003373 
1003 4.018779 0.000000 0.000000 100.036386 -2.857991 -1.410699 -0.001744 
1004 3.945508 0.000000 -0.068058 100.097474 -1.975205 -0.886145 -0.002419 
1005 3.921085 0.000000 -0.068058 100.094207 -2.018238 -0.812075 -0.002358 
1006 3.945508 0.000000 -0.090744 99.847100 -5.555795 -9.012528 -0.008154 
1007 3.969932 0.000000 -0.068058 100.101430 -1.921545 -0.958850 -0.002491 
1008 3.945508 0.000000 -0.045372 100.422954 2.678742 -6.872604 -0.013918 
1009 4.556096 0.000000 -0.090744 100.217875 -0.305400 -1.067762 -0.004486 
1010 4.556096 0.000000 -0.181487 99.916549 -4.614804 2.195656 -0.000943 
1011 4.653790 0.000000 -0.090744 100.223285 -0.234233 -1.107975 -0.004599 
1012 4.556096 0.000000 0.000000 100.028451 -3.013842 -1.867048 -0.001826 
1013 4.751484 0.000000 -0.090744 100.226940 -0.187433 -1.123115 -0.004674 
1014 4.751484 0.000000 -0.181487 99.918605 -4.596895 2.382268 -0.001053 
1015 4.751484 0.000000 0.000000 100.026653 -3.051286 -1.994063 -0.001862 
1016 5.239954 0.000000 0.181487 99.487380 -10.782647 1.769692 -0.001714 
1017 5.435343 0.000000 0.181487 100.093036 -2.125901 3.455608 -0.003508 
1018 5.239954 0.000000 0.362975 99.604303 -9.111594 0.342326 -0.000416 
1019 5.142260 0.000000 -0.090744 100.222075 -0.273303 -0.988772 -0.004552 
1020 5.142260 0.000000 -0.181487 99.900500 -4.871915 2.573756 -0.001047 
1021 5.239954 0.000000 -0.090744 100.215757 -0.366817 -0.926848 -0.004419 
1022 5.142260 0.000000 0.000000 100.059933 -2.591734 -2.362187 -0.002429 
1023 6.216895 0.000000 -0.362975 99.680673 -8.048270 -1.279143 -0.000265 
1024 6.216895 0.000000 -0.725949 99.737651 -7.228821 -0.274812 0.000007 
1025 6.607671 0.000000 -0.362975 99.704495 -7.708006 -1.393632 -0.000234 
1026 6.216895 0.000000 0.000000 99.991947 -3.597358 2.208096 -0.001621 
1027 5.630731 0.000000 -0.181487 100.177713 -0.919732 -4.055733 -0.005287 
1028 5.630731 0.000000 -0.362975 99.650416 -8.460720 -0.812065 -0.000245 
1029 5.826119 0.000000 -0.181487 100.117758 -1.796974 -4.012934 -0.004290 
1030 5.630731 0.000000 0.000000 100.088437 -2.196291 4.214965 -0.004028 
1031 5.337648 0.000000 -0.090744 100.207493 -0.487846 -0.861650 -0.004252 
1032 5.337648 0.000000 -0.181487 100.071836 -2.427354 3.529430 -0.003272 
1033 5.435343 0.000000 -0.090744 100.197374 -0.633811 -0.796532 -0.004055 
1034 5.337648 0.000000 0.000000 100.118035 -1.766947 -3.233119 -0.003720 
1035 5.826119 0.000000 -4.355694 99.755658 -6.979643 -0.003852 0.000009 
1036 5.826119 0.000000 -5.807592 99.756061 -6.976296 -0.001861 0.000006 
1037 7.389224 0.000000 -4.355694 99.755839 -6.979188 -0.004429 0.000006 
1038 5.044566 0.000000 -2.177847 99.752389 -7.009294 -0.018408 0.000033 
1039 5.044566 0.000000 -2.903796 99.753965 -6.999264 -0.009577 0.000016 
1040 5.826119 0.000000 -2.177847 99.752628 -7.008387 -0.022763 0.000030 
1041 5.435343 0.000000 -1.088924 99.744419 -7.116759 -0.105256 0.000039 
1042 5.044566 0.000000 -1.088924 99.743370 -7.121956 -0.098243 0.000053 
1043 5.435343 0.000000 -1.451898 99.748867 -7.056676 -0.054001 0.000036 
1044 5.826119 0.000000 -1.088924 99.745586 -7.120667 -0.112099 0.000010 
1045 5.630731 0.000000 -0.544462 99.721601 -7.443369 -0.396111 0.000004 
1046 5.435343 0.000000 -0.544462 99.720354 -7.456802 -0.370979 0.000011 
1047 5.630731 0.000000 -0.725949 99.735118 -7.250933 -0.247567 0.000027 
1048 5.826119 0.000000 -0.544462 99.723347 -7.437492 -0.420816 -0.000024 
1049 6.216895 0.000000 0.362975 99.647674 -8.521461 1.271016 -0.000389 
1050 6.607671 0.000000 0.362975 99.671408 -8.181907 1.389860 -0.000326 
1051 6.216895 0.000000 0.725949 99.721763 -7.467293 0.196075 -0.000023 
1052 6.021507 0.000000 -0.181487 100.066877 -2.524129 -3.769421 -0.003396 
1053 6.021507 0.000000 -0.362975 99.669108 -8.212212 -1.164549 -0.000273 
1054 6.216895 0.000000 -0.181487 100.025438 -3.118177 -3.451249 -0.002672 
1055 6.021507 0.000000 0.000000 99.997460 -3.517094 2.680101 -0.001904 
1056 5.728425 0.000000 -0.272231 99.498620 -10.633277 -4.580115 -0.003402 
1057 5.630731 0.000000 -0.272231 99.439286 -11.479781 -4.332988 -0.003873 
1058 5.728425 0.000000 -0.362975 99.654051 -8.410711 -0.913979 -0.000251 
1059 5.826119 0.000000 -0.272231 99.552836 -9.875629 -4.582443 -0.002929 
1060 5.728425 0.000000 -0.181487 100.147124 -1.359209 -4.084294 -0.004798 
1061 5.533037 0.000000 -0.272231 99.397241 -12.078837 -3.852847 -0.004055 
1062 5.435343 0.000000 -0.272231 99.384204 -12.262861 -3.879996 -0.004265 
1063 5.533037 0.000000 -0.362975 99.647627 -8.498417 -0.703080 -0.000237 
1064 5.533037 0.000000 -0.181487 100.187727 -0.774279 -4.191628 -0.005575 
1065 2.895297 0.000000 0.181487 99.823178 -5.833473 -1.271245 -0.000031 
1066 2.895297 0.000000 0.362975 99.692355 -7.780476 -0.569086 0.000057 
1067 3.188379 0.000000 0.090744 99.903250 -4.313425 -1.804265 -0.000252 
1068 3.090685 0.000000 0.090744 99.894403 -4.281534 -1.718672 -0.000018 
1069 3.286073 0.000000 0.090744 99.907887 -4.375545 -1.919658 -0.000442 
1070 3.188379 0.000000 0.181487 99.818002 -5.818733 -1.511438 0.000022 
1071 4.556096 0.000000 0.090744 99.998768 -3.438308 -0.392782 -0.001173 
1072 4.458402 0.000000 0.090744 100.005806 -3.330678 -0.478509 -0.001248 
1073 4.653790 0.000000 0.090744 99.990629 -3.560916 -0.302896 -0.001090 
1074 4.556096 0.000000 0.181487 99.821313 -5.976318 -2.517697 -0.000635 
1075 4.360708 0.000000 0.090744 100.011861 -3.237690 -0.564112 -0.001317 
1076 4.360708 0.000000 0.181487 99.819737 -5.985691 -2.513061 -0.000612 
1077 5.826119 0.000000 4.355694 99.754729 -6.999837 -0.001152 -0.000000 
1078 7.389224 0.000000 4.355694 99.754574 -7.000941 0.000045 0.000001 
1079 5.826119 0.000000 5.807592 99.755504 -6.990155 -0.000896 -0.000002 
1080 5.044566 0.000000 2.177847 99.749304 -7.056484 -0.001020 0.000028 
1081 4.263014 0.000000 2.177847 99.748758 -7.055515 -0.005348 0.000040 
1082 5.826119 0.000000 2.177847 99.751641 -7.060258 0.000222 -0.000024 
1083 5.044566 0.000000 2.903796 99.752962 -7.026955 -0.002716 -0.000003 
1084 4.653790 0.000000 1.088924 99.733783 -7.248589 0.020672 0.000063 
1085 4.263014 0.000000 1.088924 99.732417 -7.250351 0.008311 0.000088 
1086 5.044566 0.000000 1.088924 99.734669 -7.246531 0.032729 0.000048 
1087 4.653790 0.000000 1.451898 99.741754 -7.141275 0.003983 0.000058 
1088 4.458402 0.000000 0.544462 99.691516 -7.830578 0.070829 0.000028 
1089 4.263014 0.000000 0.544462 99.691188 -7.824939 0.036547 0.000044 
1090 4.653790 0.000000 0.544462 99.692198 -7.832722 0.106620 0.000010 
1091 4.458402 0.000000 0.725949 99.713929 -7.514222 0.058337 0.000067 
1092 4.556096 0.000000 0.272231 99.640673 -8.560228 -3.752371 -0.001562 
1093 4.458402 0.000000 0.272231 99.657675 -8.310260 -3.320089 -0.001174 
1094 4.653790 0.000000 0.272231 99.616002 -8.919063 -4.338469 -0.002172 
1095 4.556096 0.000000 0.362975 99.622419 -8.822286 -0.415986 -0.000263 
1096 4.507249 0.000000 0.136115 99.826194 -5.902927 0.877566 -0.000088 
1097 4.458402 0.000000 0.136115 99.703175 -7.658597 -4.022147 -0.001555 
1098 4.507249 0.000000 0.090744 100.002444 -3.382392 -0.435951 -0.001212 
1099 4.556096 0.000000 0.136115 99.975983 -3.764184 0.633822 -0.000977 
1100 4.507249 0.000000 0.181487 99.820480 -5.984807 -2.523814 -0.000632 
1101 5.142260 0.000000 0.090744 99.942534 -4.270663 0.341609 -0.000687 
1102 5.044566 0.000000 0.090744 99.952156 -4.129796 0.175369 -0.000752 
1103 5.239954 0.000000 0.090744 99.933716 -4.399922 0.526341 -0.000638 
1104 5.142260 0.000000 0.181487 99.840283 -5.733067 -3.421451 -0.001266 
1105 5.630731 0.000000 0.181487 100.024798 -3.106421 3.696589 -0.002827 
1106 5.826119 0.000000 0.181487 99.975529 -3.830892 3.674585 -0.002328 
1107 5.630731 0.000000 0.362975 99.614294 -8.977380 0.817407 -0.000427 
1108 5.435343 0.000000 1.088924 99.735534 -7.244107 0.044160 0.000034 
1109 5.826119 0.000000 1.088924 99.736664 -7.249133 0.055181 0.000004 
1110 5.435343 0.000000 1.451898 99.743026 -7.140689 0.015288 0.000034 
1111 5.239954 0.000000 0.544462 99.694563 -7.820910 0.219156 -0.000022 
1112 5.044566 0.000000 0.544462 99.693690 -7.828104 0.181177 -0.000014 
1113 5.435343 0.000000 0.544462 99.695636 -7.810407 0.256553 -0.000029 
1114 5.239954 0.000000 0.725949 99.717154 -7.498525 0.123499 0.000025 
1115 5.337648 0.000000 0.272231 99.317822 -13.210013 3.592552 -0.005144 
1116 5.239954 0.000000 0.272231 99.251624 -14.154969 4.349389 -0.007017 
1117 5.337648 0.000000 0.181487 100.049879 -2.741228 2.899496 -0.002590 
1118 5.435343 0.000000 0.272231 99.347955 -12.781389 3.868874 -0.004835 
1119 5.337648 0.000000 0.362975 99.605348 -9.098255 0.468205 -0.000422 
1120 5.337648 0.000000 0.090744 99.926161 -4.510827 0.724293 -0.000611 
1121 5.435343 0.000000 0.090744 99.920128 -4.598426 0.926722 -0.000604 
1122 5.630731 0.000000 0.544462 99.696894 -7.796827 0.293573 -0.000035 
1123 5.826119 0.000000 0.544462 99.698762 -7.789534 0.329207 -0.000063 
1124 5.630731 0.000000 0.725949 99.718659 -7.486545 0.154589 0.000012 
1125 5.533037 0.000000 0.272231 99.402390 -12.005299 4.313561 -0.004357 
1126 5.533037 0.000000 0.181487 100.054851 -2.674399 3.681649 -0.003168 
1127 5.630731 0.000000 0.272231 99.463575 -11.132522 4.468853 -0.003691 
1128 5.533037 0.000000 0.362975 99.610457 -9.030059 0.707730 -0.000429 
1129 5.386496 0.000000 0.226859 99.922340 -4.565506 -0.645764 -0.000573 
1130 5.337648 0.000000 0.226859 99.924880 -4.528701 -1.043366 -0.000658 
1131 5.386496 0.000000 0.181487 100.095250 -2.092842 3.107770 -0.003310 
1132 5.435343 0.000000 0.226859 99.922107 -4.570256 -0.238731 -0.000537 
1133 5.386496 0.000000 0.272231 99.330710 -13.026618 3.651911 -0.004962 
1134 -8.241827 0.000000 -8.711388 99.756371 -6.975320 -0.000075 0.000001 
1135 -11.368037 0.000000 -8.711388 99.756390 -6.975409 -0.000049 0.000001 
1136 -8.241827 0.000000 -11.615184 99.756388 -6.975245 -0.000067 0.000001 
1137 10.515434 0.000000 -8.711388 99.756412 -6.974103 -0.000872 0.000002 
1138 10.515434 0.000000 -11.615184 99.756445 -6.974003 -0.000414 0.000001 
1139 13.641644 0.000000 -8.711388 99.756463 -6.973864 -0.000933 0.000001 
1140 -8.241827 0.000000 8.711388 99.756429 -6.976383 -0.000056 -0.000002 
1141 -11.368037 0.000000 8.711388 99.756414 -6.976119 -0.000042 -0.000001 
1142 -8.241827 0.000000 11.615184 99.756421 -6.976428 -0.000061 -0.000001 
1143 -3.552511 0.000000 -4.355694 99.756091 -6.975591 -0.000309 0.000006 
1144 -5.115617 0.000000 -4.355694 99.756225 -6.975525 -0.000163 0.000004 
1145 -3.552511 0.000000 -5.807592 99.756208 -6.975375 -0.000272 0.000004 
1146 10.515434 0.000000 8.711388 99.755820 -6.984279 0.000016 -0.000000 
1147 13.641644 0.000000 8.711388 99.755777 -6.984638 0.000370 -0.000000 
1148 10.515434 0.000000 11.615184 99.756055 -6.981126 -0.000068 -0.000001 
1149 -3.552511 0.000000 4.355694 99.756529 -6.977384 -0.000033 -0.000005 
1150 -5.115617 0.000000 4.355694 99.756450 -6.976749 -0.000035 -0.000002 
1151 -3.552511 0.000000 5.807592 99.756551 -6.977417 -0.000096 -0.000005 
1152 -1.207854 0.000000 -2.177847 99.756418 -6.969884 -0.004535 0.000008 
1153 -1.989406 0.000000 -2.177847 99.754532 -6.973347 -0.000415 0.000041 
1154 -1.207854 0.000000 -2.903796 99.759179 -6.973346 -0.006454 -0.000052 
1155 -1.207854 0.000000 2.177847 99.762186 -6.978396 0.007029 -0.000119 
1156 -1.989406 0.000000 2.177847 99.757754 -6.973474 0.003112 -0.000024 
1157 -1.207854 0.000000 2.903796 99.760552 -6.975090 0.004899 -0.000082 
1158 -0.817078 0.000000 -1.088924 99.745021 -6.984840 -0.003913 0.000214 
1159 -1.207854 0.000000 -1.088924 99.748341 -6.984629 0.005420 0.000148 
1160 -0.817078 0.000000 -1.451898 99.754649 -6.983514 -0.011024 0.000024 
1161 3.481461 0.000000 2.177847 99.749203 -7.054709 -0.010544 0.000033 
1162 3.481461 0.000000 2.903796 99.753279 -7.017841 -0.006746 0.000003 
1163 -0.230913 0.000000 -0.544462 99.649141 -7.019869 0.059166 0.002077 
1164 -0.426301 0.000000 -0.544462 99.727246 -7.002379 0.046638 0.000544 
1165 -0.230913 0.000000 -0.725949 99.671189 -7.023195 0.004969 0.001633 
1166 0.941416 0.000000 -0.544462 99.725879 -7.232137 -0.022368 0.000244 
1167 0.941416 0.000000 -0.725949 99.728109 -7.113385 -0.027940 0.000370 
1168 -0.817078 0.000000 1.088924 99.747694 -6.986198 0.001717 0.000159 
1169 -1.207854 0.000000 1.088924 99.752833 -6.987330 0.000285 0.000055 
1170 -0.817078 0.000000 1.451898 99.757515 -6.984898 0.010625 -0.000035 
1171 -0.230913 0.000000 0.544462 99.662974 -7.030438 -0.053383 0.001786 
1172 -0.426301 0.000000 0.544462 99.740628 -7.010956 -0.032131 0.000265 
1173 -0.230913 0.000000 0.725949 99.693650 -7.022875 0.006293 0.001186 
1174 -0.133219 0.000000 -0.272231 99.726146 -7.168907 0.631490 0.000290 
1175 -0.230913 0.000000 -0.272231 99.856725 -6.990777 0.472242 -0.002046 
1176 -0.133219 0.000000 -0.362975 99.459445 -7.088474 0.294975 0.005749 
1177 0.941416 0.000000 0.544462 99.851467 -7.249394 -0.027502 -0.002287 
1178 0.941416 0.000000 0.725949 99.801330 -7.133334 -0.024484 -0.001119 
1179 -0.133219 0.000000 0.272231 99.715463 -7.213708 -0.655211 0.000436 
1180 -0.230913 0.000000 0.272231 99.856429 -6.957616 -0.471476 -0.001994 
1181 -0.133219 0.000000 0.362975 99.469698 -7.087954 -0.292628 0.005545 
1182 0.037745 0.000000 -0.113430 88.241570 -8.849462 -1.553786 0.213270 
1183 0.013322 0.000000 -0.113430 87.394504 -8.439662 4.904677 0.226692 
1184 0.037745 0.000000 -0.136115 92.503920 -8.280201 -0.576775 0.137413 
1185 0.648333 0.000000 -0.272231 101.210158 -11.200094 0.003118 -0.036894 
1186 0.648333 0.000000 -0.362975 99.805089 -7.534866 0.094224 -0.001784 
1187 0.746027 0.000000 -0.272231 102.164842 -10.297241 0.009274 -0.054369 
1188 0.648333 0.000000 0.272231 101.155146 -11.188830 0.008833 -0.035755 
1189 0.746027 0.000000 0.272231 102.037506 -10.307212 0.034066 -0.051789 
1190 0.648333 0.000000 0.362975 99.855074 -7.545197 -0.111539 -0.002798 
1191 0.037745 0.000000 0.113430 88.176279 -8.870965 1.545087 0.214386 
1192 0.013322 0.000000 0.113430 87.337516 -8.465007 -4.930077 0.227620 
1193 0.037745 0.000000 0.136115 92.454587 -8.300817 0.573967 0.138292 
1194 0.098804 0.000000 -0.079401 92.278254 -12.453781 -15.373208 0.109329 
1195 0.098804 0.000000 -0.090744 92.394235 -12.543405 -15.453579 0.106716 
1196 0.098804 0.000000 -0.068058 92.270496 -12.442720 -15.364426 0.109527 
1197 0.098804 0.000000 0.079401 92.211039 -12.412007 15.362525 0.110706 
1198 0.098804 0.000000 0.068058 92.204847 -12.397548 15.353941 0.110882 
1199 0.098804 0.000000 0.090744 92.306855 -12.554104 15.440567 0.108343 
1200 0.233134 0.000000 -0.068058 90.502136 -0.121394 -6.667141 0.176490 
1201 0.233134 0.000000 -0.045372 91.993080 -0.105531 -4.972066 0.151254 
1202 0.184287 0.000000 -0.113430 99.828779 -11.194224 -9.852225 -0.018816 
1203 0.184287 0.000000 -0.136115 99.323289 -9.898617 -7.706349 -0.002249 
1204 0.233134 0.000000 0.068058 90.536025 -0.106361 6.682247 0.175856 
1205 0.233134 0.000000 0.045372 92.009464 -0.100223 5.005755 0.150919 
1206 0.184287 0.000000 0.113430 99.787629 -11.167244 9.866153 -0.017962 
1207 0.184287 0.000000 0.136115 99.322999 -9.845371 7.707458 -0.002139 
1208 0.501792 0.000000 -0.045372 100.243055 -8.045748 -0.006152 -0.011340 
1209 0.550639 0.000000 -0.045372 101.173131 -6.761848 -0.010314 -0.028173 
1210 0.501792 0.000000 0.000000 101.165926 -6.540970 -0.009929 -0.027733 
1211 0.501792 0.000000 0.045372 100.229674 -8.041203 -0.006822 -0.011065 
1212 0.550639 0.000000 0.045372 101.160667 -6.760737 -0.007425 -0.027919 
1213 0.428522 0.000000 -0.068058 99.141077 -10.859446 0.003128 0.005312 
1214 0.452945 0.000000 -0.068058 99.267134 -9.357559 -0.001252 0.005847 
1215 0.428522 0.000000 -0.045372 99.292075 -11.615537 0.001806 0.000616 
1216 0.367463 0.000000 -0.102087 105.038593 -12.618955 -3.270449 -0.120304 
1217 0.367463 0.000000 -0.113430 105.071476 -12.628255 -2.764477 -0.120713 
1218 0.367463 0.000000 -0.090744 105.337664 -12.622744 -3.012743 -0.126443 
1219 0.428522 0.000000 0.068058 99.104656 -10.848237 0.001934 0.006058 
1220 0.428522 0.000000 0.045372 99.256742 -11.602535 0.001621 0.001348 
1221 0.452945 0.000000 0.068058 99.227571 -9.348842 0.000295 0.006649 
1222 0.367463 0.000000 0.102087 105.117474 -12.616173 3.271937 -0.121956 
1223 0.367463 0.000000 0.090744 105.419566 -12.616831 3.013710 -0.128155 
1224 0.367463 0.000000 0.113430 105.147540 -12.615827 2.765353 -0.122281 
1225 1.722968 0.000000 -0.544462 99.774292 -7.383276 -0.119873 -0.000944 
1226 1.722968 0.000000 -0.725949 99.703544 -7.217986 -0.066846 0.000710 
1227 1.722968 0.000000 0.544462 99.833027 -7.415684 -0.133910 -0.002164 
1228 1.722968 0.000000 0.725949 99.759869 -7.258733 -0.085431 -0.000473 
1229 1.429886 0.000000 -0.272231 101.332750 -11.696304 -0.267688 -0.040520 
1230 1.429886 0.000000 -0.362975 99.695715 -7.636928 -0.162328 0.000242 
1231 1.527580 0.000000 -0.272231 101.750826 -12.607908 -0.253097 -0.051225 
1232 1.429886 0.000000 0.272231 101.237273 -12.263487 -0.369716 -0.039952 
1233 1.527580 0.000000 0.272231 101.591658 -13.914315 -0.515734 -0.051474 
1234 1.429886 0.000000 0.362975 99.843433 -7.665190 -0.357672 -0.002759 
1235 8.952329 0.000000 -4.355694 99.755972 -6.978695 -0.004900 0.000004 
1236 8.952329 0.000000 -5.807592 99.756217 -6.975724 -0.002338 0.000004 
1237 10.515434 0.000000 -4.355694 99.756071 -6.978229 -0.005297 0.000003 
1238 6.607671 0.000000 -2.177847 99.753637 -7.006491 -0.023718 0.000012 
1239 6.607671 0.000000 -2.903796 99.754831 -6.990444 -0.011563 0.000011 
1240 7.389224 0.000000 -2.177847 99.753921 -7.004826 -0.025534 0.000009 
1241 3.090685 0.000000 -1.088924 99.734135 -7.143539 -0.048324 0.000207 
1242 3.090685 0.000000 -1.451898 99.744272 -7.066675 -0.023268 0.000114 
1243 2.504521 0.000000 -0.544462 99.609656 -7.493799 -0.095125 0.002175 
1244 2.504521 0.000000 -0.725949 99.645827 -7.327576 -0.069132 0.001701 
1245 2.699909 0.000000 -0.544462 99.660616 -7.482435 -0.133298 0.001176 
1246 8.952329 0.000000 4.355694 99.754538 -7.001435 0.001174 0.000001 
1247 10.515434 0.000000 4.355694 99.754538 -7.001586 0.002254 0.000001 
1248 8.952329 0.000000 5.807592 99.755266 -6.991761 0.000156 0.000000 
1249 6.607671 0.000000 2.177847 99.750341 -7.057427 0.006722 0.000006 
1250 7.389224 0.000000 2.177847 99.750447 -7.056969 0.010270 0.000005 
1251 6.607671 0.000000 2.903796 99.752687 -7.025637 0.001409 0.000004 
1252 3.872238 0.000000 1.088924 99.731518 -7.249287 -0.004902 0.000107 
1253 3.481461 0.000000 1.088924 99.732054 -7.246851 -0.024375 0.000100 
1254 3.872238 0.000000 1.451898 99.743288 -7.146371 -0.013352 0.000021 
1255 3.090685 0.000000 1.088924 99.727931 -7.239433 -0.036843 0.000193 
1256 3.090685 0.000000 1.451898 99.739693 -7.130075 -0.025393 0.000116 
1257 2.504521 0.000000 0.544462 99.652984 -7.714965 -0.224424 0.000971 
1258 2.699909 0.000000 0.544462 99.684868 -7.735043 -0.190538 0.000306 
1259 2.504521 0.000000 0.725949 99.692507 -7.464644 -0.136828 0.000566 
1260 2.895297 0.000000 -0.544462 99.684082 -7.449568 -0.137470 0.000757 
1261 2.895297 0.000000 -0.725949 99.699128 -7.312048 -0.105108 0.000661 
1262 3.090685 0.000000 -0.544462 99.699783 -7.458470 -0.137803 0.000431 
1263 3.286073 0.000000 -0.544462 99.707445 -7.475952 -0.139070 0.000252 
1264 3.286073 0.000000 -0.725949 99.719753 -7.318918 -0.120531 0.000239 
1265 3.481461 0.000000 -0.544462 99.708838 -7.473833 -0.156572 0.000226 
1266 2.406827 0.000000 -0.272231 99.439897 -6.706014 -0.356815 0.006661 
1267 2.406827 0.000000 -0.362975 99.349746 -7.332301 -0.218450 0.007582 
1268 2.504521 0.000000 -0.272231 99.635019 -6.630725 -0.265269 0.002883 
1269 2.895297 0.000000 0.544462 99.687292 -7.710001 -0.170214 0.000297 
1270 3.090685 0.000000 0.544462 99.680021 -7.759934 -0.134754 0.000366 
1271 2.895297 0.000000 0.725949 99.704783 -7.479760 -0.090171 0.000300 
1272 2.406827 0.000000 0.272231 99.526173 -7.150279 -0.369480 0.004328 
1273 2.504521 0.000000 0.272231 99.675852 -7.120695 -0.469418 0.001380 
1274 2.406827 0.000000 0.362975 99.420737 -7.688017 -0.307501 0.005632 
1275 2.357979 0.000000 -0.136115 100.256338 -4.933350 -2.998118 -0.008466 
1276 2.357979 0.000000 -0.181487 99.213715 -5.624586 -1.636082 0.012233 
1277 2.406827 0.000000 -0.136115 100.479550 -4.757363 -1.751942 -0.012184 
1278 2.284709 0.000000 -0.113430 91.487192 -4.969130 -9.192547 0.152090 
1279 2.284709 0.000000 -0.136115 94.233915 -5.236188 -3.985251 0.107667 
1280 2.309132 0.000000 -0.113430 98.831137 -4.726764 -8.341031 0.014049 
1281 2.357979 0.000000 0.136115 100.429826 -5.445439 1.605241 -0.011838 
1282 2.406827 0.000000 0.136115 100.558130 -5.316134 0.362773 -0.014033 
1283 2.357979 0.000000 0.181487 99.366018 -6.111112 0.576139 0.008872 
1284 2.284709 0.000000 0.113430 92.255567 -5.445222 7.624350 0.140113 
1285 2.309132 0.000000 0.113430 99.263980 -5.164661 6.686833 0.007527 
1286 2.284709 0.000000 0.136115 94.818704 -5.691763 2.732713 0.096955 
1287 4.653790 0.000000 -1.088924 99.742307 -7.127399 -0.090443 0.000066 
1288 4.653790 0.000000 -1.451898 99.747341 -7.061472 -0.046555 0.000060 
1289 3.676849 0.000000 -0.544462 99.710671 -7.477012 -0.172117 0.000185 
1290 3.676849 0.000000 -0.725949 99.725514 -7.311506 -0.141080 0.000134 
1291 4.458402 0.000000 -0.544462 99.715722 -7.485662 -0.248223 0.000068 
1292 4.458402 0.000000 -0.725949 99.729486 -7.293232 -0.189506 0.000080 
1293 4.653790 0.000000 -0.544462 99.716597 -7.484470 -0.271065 0.000051 
1294 4.849178 0.000000 -0.544462 99.717456 -7.481256 -0.295082 0.000037 
1295 4.849178 0.000000 -0.725949 99.731629 -7.280926 -0.209831 0.000055 
1296 5.044566 0.000000 -0.544462 99.718337 -7.475676 -0.320011 0.000027 
1297 4.067626 0.000000 0.544462 99.690754 -7.818443 0.003296 0.000063 
1298 3.872238 0.000000 0.544462 99.689762 -7.810857 -0.027625 0.000094 
1299 4.067626 0.000000 0.725949 99.713742 -7.520390 0.020087 0.000061 
1300 3.676849 0.000000 0.544462 99.687795 -7.798883 -0.057193 0.000152 
1301 3.481461 0.000000 0.544462 99.686757 -7.785527 -0.086345 0.000193 
1302 3.676849 0.000000 0.725949 99.710874 -7.514581 -0.013896 0.000127 
1303 4.165320 0.000000 -0.272231 99.755426 -6.892949 1.867019 -0.000214 
1304 4.165320 0.000000 -0.362975 99.689382 -7.837221 0.349499 0.000048 
1305 4.263014 0.000000 -0.272231 99.749997 -6.977905 2.078465 -0.000307 
1306 4.849178 0.000000 0.544462 99.692905 -7.831998 0.143565 -0.000004 
1307 4.849178 0.000000 0.725949 99.715706 -7.508237 0.091159 0.000040 
1308 4.360708 0.000000 -0.272231 99.743258 -7.080546 2.315558 -0.000421 
1309 4.360708 0.000000 -0.362975 99.680115 -7.977802 0.319798 0.000013 
1310 4.458402 0.000000 -0.272231 99.734345 -7.214529 2.595891 -0.000573 
1311 4.556096 0.000000 -0.272231 99.723799 -7.372031 2.936962 -0.000781 
1312 4.556096 0.000000 -0.362975 99.669964 -8.143090 0.249418 -0.000047 
1313 4.653790 0.000000 -0.272231 99.710015 -7.575111 3.368779 -0.001082 
1314 4.116473 0.000000 -0.045372 100.117033 -1.714326 -2.872736 -0.003461 
1315 4.116473 0.000000 -0.090744 100.154865 -1.172777 -0.197306 -0.003241 
1316 4.116473 0.000000 0.000000 100.041648 -2.792827 -1.499703 -0.001838 
1317 4.360708 0.000000 0.272231 99.670840 -8.115973 -2.985371 -0.000906 
1318 4.263014 0.000000 0.272231 99.680650 -7.969169 -2.715851 -0.000712 
1319 4.360708 0.000000 0.362975 99.632847 -8.660792 -0.542844 -0.000201 
1320 3.774543 0.000000 -0.272231 99.769762 -6.638566 1.237851 0.000039 
1321 3.676849 0.000000 -0.272231 99.770585 -6.595289 1.106196 0.000111 
1322 3.774543 0.000000 -0.362975 99.704202 -7.579112 0.331958 0.000152 
1323 4.018779 0.000000 -0.136115 99.967563 -3.843263 1.378387 -0.001018 
1324 4.018779 0.000000 -0.181487 99.905016 -4.738427 1.542462 -0.000584 
1325 4.067626 0.000000 -0.136115 99.969050 -3.828048 1.451980 -0.001057 
1326 3.774543 0.000000 0.090744 99.908420 -4.637630 -2.455520 -0.000923 
1327 3.676849 0.000000 0.090744 99.906146 -4.644302 -2.317398 -0.000818 
1328 3.774543 0.000000 0.181487 99.819986 -5.913272 -2.106385 -0.000343 
1329 6.216895 0.000000 -1.088924 99.746309 -7.108873 -0.118617 0.000012 
1330 6.216895 0.000000 -1.451898 99.749870 -7.051930 -0.062056 0.000023 
1331 6.607671 0.000000 -1.088924 99.747201 -7.097432 -0.123515 0.000011 
1332 5.239954 0.000000 -0.544462 99.719269 -7.467561 -0.345560 0.000018 
1333 5.239954 0.000000 -0.725949 99.733386 -7.266394 -0.229295 0.000040 
1334 4.751484 0.000000 -0.272231 99.690839 -7.854581 3.944411 -0.001552 
1335 4.751484 0.000000 -0.362975 99.660232 -8.293182 0.130137 -0.000096 
1336 4.849178 0.000000 -0.272231 99.661320 -8.281421 4.767703 -0.002369 
1337 4.946872 0.000000 -0.272231 99.607210 -9.059435 6.068019 -0.004049 
1338 4.946872 0.000000 -0.362975 99.652011 -8.419485 -0.036595 -0.000141 
1339 5.044566 0.000000 -0.272231 99.470751 -11.014666 8.397684 -0.008627 
1340 6.216895 0.000000 1.088924 99.737833 -7.240689 0.063674 -0.000007 
1341 6.607671 0.000000 1.088924 99.738010 -7.230999 0.075984 0.000004 
1342 6.216895 0.000000 1.451898 99.744793 -7.139037 0.024751 0.000001 
1343 5.142260 0.000000 -0.272231 98.889517 -19.330066 11.236163 -0.027904 
1344 5.142260 0.000000 -0.362975 99.646601 -8.503647 -0.243167 -0.000182 
1345 5.239954 0.000000 -0.272231 98.652800 -22.719012 -6.864286 -0.029565 
1346 5.337648 0.000000 -0.272231 99.303658 -13.412572 -5.621032 -0.007271 
1347 5.337648 0.000000 -0.362975 99.645007 -8.531082 -0.472604 -0.000213 
1348 4.751484 0.000000 0.090744 99.981635 -3.695069 -0.205332 -0.001002 
1349 4.849178 0.000000 0.090744 99.972045 -3.837111 -0.095855 -0.000914 
1350 4.751484 0.000000 0.181487 99.828137 -5.890400 -2.464386 -0.000643 
1351 4.946872 0.000000 0.090744 99.962118 -3.983429 0.029941 -0.000829 
1352 4.946872 0.000000 0.181487 99.836637 -5.778037 -2.486473 -0.000692 
1353 4.751484 0.000000 0.272231 99.575697 -9.500907 -5.182970 -0.003245 
1354 4.849178 0.000000 0.272231 99.496260 -10.641716 -6.483936 -0.005479 
1355 4.751484 0.000000 0.362975 99.613606 -8.959613 -0.242750 -0.000320 
1356 5.142260 0.000000 0.272231 98.903640 -19.128596 4.948953 -0.017233 
1357 5.044566 0.000000 0.272231 98.693463 -22.130937 -6.253863 -0.026929 
1358 5.142260 0.000000 0.362975 99.604234 -9.109513 0.216083 -0.000403 
1359 6.021507 0.000000 -0.544462 99.724821 -7.415362 -0.444507 -0.000023 
1360 6.021507 0.000000 -0.725949 99.737085 -7.239949 -0.265240 0.000003 
1361 6.216895 0.000000 -0.544462 99.726431 -7.393775 -0.466052 -0.000025 
1362 5.533037 0.000000 -0.090744 100.185760 -0.802386 -0.734653 -0.003837 
1363 5.630731 0.000000 -0.090744 100.172880 -0.988836 -0.678244 -0.003604 
1364 5.533037 0.000000 0.000000 100.511249 3.852116 5.791734 -0.015089 
1365 6.021507 0.000000 0.181487 99.935199 -4.407833 3.535884 -0.001898 
1366 6.216895 0.000000 0.181487 99.904688 -4.845522 3.335839 -0.001555 
1367 6.021507 0.000000 0.362975 99.635686 -8.691611 1.160011 -0.000416 
1368 6.021507 0.000000 0.544462 99.700441 -7.766150 0.362941 -0.000062 
1369 6.216895 0.000000 0.544462 99.702400 -7.742580 0.393463 -0.000067 
1370 6.021507 0.000000 0.725949 99.720709 -7.476973 0.183677 -0.000016 
1371 5.533037 0.000000 0.090744 99.915863 -4.661882 1.123273 -0.000617 
1372 5.630731 0.000000 0.090744 99.913159 -4.702818 1.304508 -0.000646 
1373 3.286073 0.000000 0.544462 99.685485 -7.774897 -0.114458 0.000234 
1374 3.286073 0.000000 0.725949 99.706653 -7.510228 -0.046695 0.000218 
1375 4.165320 0.000000 0.272231 99.689465 -7.849487 -2.497115 -0.000584 
1376 4.067626 0.000000 0.272231 99.695639 -7.739969 -2.301743 -0.000443 
1377 4.165320 0.000000 0.362975 99.643594 -8.509643 -0.630984 -0.000166 
1378 3.969932 0.000000 0.272231 99.701245 -7.647674 -2.135624 -0.000339 
1379 3.872238 0.000000 0.272231 99.705756 -7.565697 -1.987952 -0.000243 
1380 3.969932 0.000000 0.362975 99.652100 -8.353461 -0.672708 -0.000077 
1381 4.116473 0.000000 -0.136115 99.970173 -3.813522 1.524659 -0.001090 
1382 4.116473 0.000000 -0.181487 99.907251 -4.713157 1.667987 -0.000645 
1383 4.165320 0.000000 -0.136115 99.971522 -3.804129 1.598051 -0.001133 
1384 4.214167 0.000000 -0.136115 99.972610 -3.793496 1.675394 -0.001172 
1385 4.214167 0.000000 -0.181487 99.909752 -4.691744 1.790879 -0.000718 
1386 4.263014 0.000000 -0.136115 99.973537 -3.784902 1.754077 -0.001211 
1387 3.774543 0.000000 0.272231 99.709823 -7.493376 -1.857191 -0.000165 
1388 3.676849 0.000000 0.272231 99.712101 -7.428949 -1.733449 -0.000070 
1389 3.774543 0.000000 0.362975 99.659650 -8.213275 -0.689936 0.000002 
1390 4.946872 0.000000 0.272231 99.287545 -13.630854 -8.391000 -0.011423 
1391 4.946872 0.000000 0.362975 99.607177 -9.060465 -0.027628 -0.000368 
1392 5.728425 0.000000 -0.090744 100.159043 -1.188748 -0.628891 -0.003364 
1393 5.826119 0.000000 -0.090744 100.144983 -1.407675 -0.587382 -0.003134 
1394 5.728425 0.000000 0.000000 100.018016 -3.205353 3.403265 -0.002546 
1395 5.728425 0.000000 0.090744 99.911675 -4.726105 1.463239 -0.000682 
1396 5.826119 0.000000 0.090744 99.911413 -4.747745 1.595484 -0.000738 
1397 5.728425 0.000000 0.181487 99.999020 -3.477124 3.699933 -0.002558 
1398 5.728425 0.000000 0.272231 99.515173 -10.396661 4.415334 -0.003086 
1399 5.826119 0.000000 0.272231 99.556711 -9.820462 4.279744 -0.002630 
1400 5.728425 0.000000 0.362975 99.618820 -8.914665 0.918250 -0.000422 
1 11 62 60 61 
2 62 10 24 60 
3 60 24 14 63 
4 61 60 63 6 
5 24 66 64 65 
6 66 23 40 64 
7 64 40 27 67 
8 65 64 67 14 
9 40 70 68 69 
10 69 68 71 27 
11 6 63 92 93 
12 63 14 36 92 
13 92 36 19 94 
14 93 92 94 20 
15 14 67 95 96 
16 67 27 52 95 
17 95 52 35 97 
18 96 95 97 36 
19 27 71 98 99 
20 99 98 100 52 
21 68 112 110 111 
22 112 56 80 110 
23 110 80 43 113 
24 111 110 113 71 
25 80 116 114 115 
26 115 114 117 43 
27 71 113 133 134 
28 113 43 102 133 
29 133 102 76 135 
30 134 133 135 98 
31 43 117 136 137 
32 137 136 138 102 
33 114 141 139 140 
34 141 106 129 139 
35 139 129 83 142 
36 140 139 142 117 
37 129 149 147 148 
38 147 150 132 151 
39 148 147 151 83 
40 117 142 152 153 
41 142 83 144 152 
42 152 144 125 154 
43 153 152 154 136 
44 83 151 155 156 
45 151 132 157 155 
46 156 155 158 144 
47 12 161 159 160 
48 161 7 162 159 
49 159 162 13 25 
50 160 159 25 10 
51 25 165 163 164 
52 165 13 166 163 
53 163 166 26 41 
54 164 163 41 23 
55 41 169 167 168 
56 169 26 170 167 
57 167 170 42 57 
58 168 167 57 39 
59 39 173 171 172 
60 173 57 174 171 
61 171 174 55 81 
62 172 171 81 56 
63 81 177 175 176 
64 177 55 178 175 
65 175 178 82 107 
66 176 175 107 79 
67 79 181 179 180 
68 181 107 182 179 
69 179 182 105 130 
70 180 179 130 106 
71 106 185 183 184 
72 185 130 186 183 
73 184 183 149 129 
74 195 197 109 198 
75 150 195 198 132 
76 149 201 199 200 
77 201 128 202 199 
78 199 202 150 203 
79 200 199 203 147 
80 132 198 210 157 
81 198 109 211 210 
82 19 38 213 214 
83 38 21 215 213 
84 213 215 9 216 
85 214 213 216 22 
86 35 54 217 218 
87 54 37 219 217 
88 217 219 21 220 
89 218 217 220 38 
90 51 78 221 222 
91 78 53 223 221 
92 221 223 37 224 
93 222 221 224 54 
94 76 104 225 226 
95 104 75 227 225 
96 225 227 78 228 
97 226 225 228 51 
98 101 127 229 230 
99 127 103 231 229 
100 229 231 75 232 
101 230 229 232 104 
102 125 146 233 234 
103 146 124 235 233 
104 233 235 127 236 
105 234 233 236 101 
106 144 158 237 238 
107 237 239 146 240 
108 238 237 240 125 
109 155 243 241 242 
110 243 157 244 241 
111 241 244 143 245 
112 242 241 245 158 
113 130 247 246 186 
114 247 105 248 246 
115 249 251 195 252 
116 202 249 252 150 
117 186 255 253 254 
118 255 246 256 253 
119 253 256 196 250 
120 254 253 250 128 
121 128 259 257 258 
122 259 250 260 257 
123 257 260 249 261 
124 258 257 261 202 
125 262 263 124 264 
126 239 262 264 146 
127 157 266 265 244 
128 266 210 267 265 
129 143 268 269 270 
130 268 212 271 269 
131 269 271 262 272 
132 270 269 272 239 
133 244 275 273 274 
134 275 265 276 273 
135 273 276 268 277 
136 274 273 277 143 
137 278 280 194 281 
138 197 278 281 109 
139 283 131 284 282 
140 282 284 197 285 
141 251 282 285 195 
142 107 287 286 182 
143 287 82 288 286 
144 286 288 108 192 
145 182 286 192 105 
146 105 290 289 248 
147 290 192 291 289 
148 246 293 292 256 
149 293 248 294 292 
150 292 294 131 283 
151 256 292 283 196 
152 196 297 295 296 
153 297 283 298 295 
154 295 298 282 299 
155 296 295 299 251 
156 109 281 300 211 
157 281 194 301 300 
158 210 304 303 267 
159 304 211 305 303 
160 303 305 145 306 
161 124 209 307 235 
162 209 126 308 307 
163 307 308 103 309 
164 235 307 309 127 
165 310 311 209 312 
166 263 310 312 124 
167 212 306 313 271 
168 306 145 314 313 
169 313 314 263 315 
170 271 313 315 262 
171 267 318 316 317 
172 318 303 319 316 
173 316 319 306 320 
174 317 316 320 212 
175 131 322 321 284 
176 322 279 323 321 
177 321 323 278 324 
178 284 321 324 197 
179 211 326 325 305 
180 326 300 327 325 
181 325 327 302 328 
182 305 325 328 145 
183 192 334 333 291 
184 334 108 335 333 
185 289 339 337 338 
186 339 291 340 337 
187 337 340 191 341 
188 338 337 341 279 
189 345 347 126 348 
190 311 345 348 209 
191 302 351 349 350 
192 351 207 352 349 
193 349 352 311 353 
194 350 349 353 310 
195 354 355 59 356 
196 280 354 356 194 
197 291 358 357 340 
198 358 333 359 357 
199 357 359 336 360 
200 191 360 361 362 
201 360 336 363 361 
202 361 363 354 364 
203 362 361 364 280 
204 340 367 365 366 
205 367 357 368 365 
206 365 368 360 369 
207 366 365 369 191 
208 194 356 370 301 
209 356 59 371 370 
210 373 346 374 372 
211 372 374 345 375 
212 352 372 375 311 
213 301 378 376 377 
214 378 370 379 376 
215 376 379 346 373 
216 377 376 373 207 
217 207 382 380 381 
218 382 373 383 380 
219 380 383 372 384 
220 381 380 384 352 
221 57 386 385 174 
222 386 42 387 385 
223 385 387 58 89 
224 174 385 89 55 
225 55 389 388 178 
226 389 89 390 388 
227 388 390 88 188 
228 178 388 188 82 
229 82 392 391 288 
230 392 188 393 391 
231 391 393 187 330 
232 288 391 330 108 
233 108 395 394 335 
234 395 330 396 394 
235 333 399 398 359 
236 399 335 400 398 
237 359 398 401 336 
238 75 123 402 227 
239 123 77 403 402 
240 402 403 53 404 
241 227 402 404 78 
242 103 206 405 231 
243 206 121 406 405 
244 405 406 123 407 
245 231 405 407 75 
246 126 344 408 308 
247 344 204 409 408 
248 408 409 206 410 
249 308 408 410 103 
250 411 413 344 414 
251 347 411 414 126 
252 346 416 415 374 
253 415 417 347 418 
254 374 415 418 345 
255 419 420 332 421 
256 355 419 421 59 
257 335 423 422 400 
258 423 394 424 422 
259 336 401 426 363 
260 401 193 427 426 
261 426 427 355 428 
262 363 426 428 354 
263 398 431 429 430 
264 431 400 432 429 
265 429 432 193 433 
266 430 429 433 401 
267 59 421 434 371 
268 421 332 435 434 
269 370 437 436 379 
270 437 371 438 436 
271 436 438 208 416 
272 379 436 416 346 
273 439 441 411 442 
274 417 439 442 347 
275 416 445 443 444 
276 445 208 446 443 
277 443 446 417 447 
278 444 443 447 415 
279 88 453 452 189 
280 453 90 454 452 
281 452 454 5 455 
282 189 452 455 91 
283 187 457 456 331 
284 457 189 458 456 
285 456 458 91 459 
286 331 456 459 190 
287 330 461 460 396 
288 461 187 462 460 
289 460 462 331 463 
290 396 460 463 329 
291 394 465 464 424 
292 465 396 466 464 
293 464 466 329 467 
294 424 464 467 397 
295 193 425 468 427 
296 425 397 469 468 
297 468 469 419 470 
298 427 468 470 355 
299 422 473 471 472 
300 473 424 474 471 
301 471 474 397 475 
302 472 471 475 425 
303 371 477 476 438 
304 477 434 478 476 
305 476 478 412 440 
306 438 476 440 208 
307 91 455 482 205 
308 455 5 483 482 
309 482 483 122 484 
310 205 482 484 121 
311 190 459 485 343 
312 459 91 486 485 
313 485 486 205 487 
314 343 485 487 204 
315 342 489 488 413 
316 489 343 490 488 
317 488 490 204 491 
318 413 488 491 344 
319 412 493 492 441 
320 493 342 494 492 
321 492 494 413 495 
322 441 492 495 411 
323 440 498 496 497 
324 498 412 499 496 
325 496 499 441 500 
326 497 496 500 439 
327 454 510 508 509 
328 508 511 504 512 
329 509 508 512 5 
330 5 512 513 514 
331 512 504 515 513 
332 514 513 516 483 
333 7 518 517 162 
334 518 16 519 517 
335 517 519 15 32 
336 162 517 32 13 
337 13 521 520 166 
338 521 32 522 520 
339 520 522 31 48 
340 166 520 48 26 
341 26 524 523 170 
342 524 48 525 523 
343 523 525 47 85 
344 170 523 85 42 
345 42 527 526 387 
346 527 85 528 526 
347 526 528 84 449 
348 387 526 449 58 
349 58 531 529 530 
350 531 449 532 529 
351 529 532 448 502 
352 530 529 502 90 
353 90 535 533 534 
354 535 502 536 533 
355 533 536 501 510 
356 534 533 510 454 
357 538 17 539 537 
358 537 539 8 540 
359 448 554 553 503 
360 554 450 555 553 
361 553 555 87 556 
362 503 553 556 451 
363 501 558 557 511 
364 558 503 559 557 
365 557 559 451 560 
366 511 557 560 504 
367 510 563 561 562 
368 563 501 564 561 
369 561 564 511 565 
370 562 561 565 508 
371 540 8 567 566 
372 566 567 29 568 
373 451 556 578 506 
374 556 87 579 578 
375 578 579 480 580 
376 506 578 580 479 
377 504 560 581 515 
378 560 451 582 581 
379 581 582 506 583 
380 515 581 583 505 
381 21 46 584 215 
382 46 28 585 584 
383 584 585 30 586 
384 215 584 586 9 
385 37 74 587 219 
386 74 44 588 587 
387 587 588 46 589 
388 219 587 589 21 
389 53 120 590 223 
390 120 72 591 590 
391 590 591 74 592 
392 223 590 592 37 
393 77 481 593 403 
394 481 118 594 593 
395 593 594 120 595 
396 403 593 595 53 
397 122 507 596 597 
398 507 479 598 596 
399 596 598 481 599 
400 597 596 599 77 
401 483 516 600 601 
402 516 505 602 600 
403 600 602 507 603 
404 601 600 603 122 
405 513 606 604 605 
406 606 515 607 604 
407 604 607 505 608 
408 605 604 608 516 
409 555 618 616 617 
410 617 616 620 87 
411 87 620 621 622 
412 622 621 624 579 
413 85 626 625 528 
414 626 47 627 625 
415 625 627 86 550 
416 528 625 550 84 
417 84 630 628 629 
418 630 550 631 628 
419 628 631 549 610 
420 629 628 610 450 
421 450 634 632 633 
422 634 610 635 632 
423 632 635 609 618 
424 633 632 618 555 
425 641 551 642 640 
426 640 642 50 643 
427 618 650 648 649 
428 650 609 651 648 
429 649 648 652 616 
430 643 50 657 656 
431 656 657 576 658 
432 118 577 662 594 
433 577 119 663 662 
434 662 663 72 664 
435 594 662 664 120 
436 480 615 665 666 
437 615 575 667 665 
438 665 667 577 668 
439 666 665 668 118 
440 579 624 669 670 
441 624 613 671 669 
442 669 671 615 672 
443 670 669 672 480 
444 621 675 673 674 
445 673 676 613 677 
446 674 673 677 624 
447 610 679 678 635 
448 679 549 680 678 
449 678 680 611 645 
450 635 678 645 609 
451 609 682 681 651 
452 682 645 683 681 
453 616 652 685 686 
454 685 687 612 688 
455 686 685 688 620 
456 648 691 689 690 
457 691 651 692 689 
458 690 689 693 652 
459 620 688 694 695 
460 688 612 696 694 
461 695 694 675 621 
462 613 661 697 671 
463 661 614 698 697 
464 697 698 575 699 
465 671 697 699 615 
466 700 702 661 703 
467 676 700 703 613 
468 675 706 704 705 
469 704 707 676 708 
470 705 704 708 673 
471 709 710 647 711 
472 687 709 711 612 
473 651 713 712 692 
474 713 681 714 712 
475 652 693 716 717 
476 693 619 718 716 
477 716 718 687 719 
478 717 716 719 685 
479 689 722 720 721 
480 722 692 723 720 
481 720 723 619 724 
482 721 720 724 693 
483 612 711 725 696 
484 711 647 726 725 
485 694 729 727 728 
486 729 696 730 727 
487 727 730 623 706 
488 728 727 706 675 
489 731 733 700 734 
490 707 731 734 676 
491 706 737 735 736 
492 737 623 738 735 
493 735 738 707 739 
494 736 735 739 704 
495 619 715 740 718 
496 715 684 741 740 
497 740 741 709 742 
498 718 740 742 687 
499 692 744 743 723 
500 744 712 745 743 
501 743 745 715 746 
502 723 743 746 619 
503 696 748 747 730 
504 748 725 749 747 
505 747 749 701 732 
506 730 747 732 623 
507 623 751 750 738 
508 751 732 752 750 
509 750 752 731 753 
510 738 750 753 707 
511 755 640 756 754 
512 754 756 643 757 
513 645 759 758 683 
514 759 611 760 758 
515 681 763 762 714 
516 763 683 764 762 
517 762 764 644 765 
518 712 767 766 745 
519 767 714 768 766 
520 766 768 684 769 
521 745 766 769 715 
522 757 643 771 770 
523 770 771 656 772 
524 773 775 614 776 
525 702 773 776 661 
526 778 659 779 777 
527 777 779 702 780 
528 733 777 780 700 
529 732 782 781 752 
530 782 701 783 781 
531 781 783 733 784 
532 752 781 784 731 
533 785 786 552 787 
534 710 785 787 647 
535 684 765 788 741 
536 765 644 789 788 
537 788 789 710 790 
538 741 788 790 709 
539 714 792 791 768 
540 792 762 793 791 
541 791 793 765 794 
542 768 791 794 684 
543 647 787 795 726 
544 787 552 796 795 
545 725 798 797 749 
546 798 726 799 797 
547 797 799 659 778 
548 749 797 778 701 
549 701 801 800 783 
550 801 778 802 800 
551 800 802 777 803 
552 783 800 803 733 
553 804 806 785 807 
554 789 804 807 710 
555 683 809 808 764 
556 809 758 810 808 
557 808 810 761 805 
558 764 808 805 644 
559 644 813 811 812 
560 813 805 814 811 
561 811 814 804 815 
562 812 811 815 789 
563 726 817 816 799 
564 817 795 818 816 
565 659 819 820 779 
566 819 774 821 820 
567 820 821 773 822 
568 779 820 822 702 
569 799 825 823 824 
570 825 816 826 823 
571 823 826 819 827 
572 824 823 827 659 
573 646 829 828 786 
574 829 754 830 828 
575 828 830 757 831 
576 786 828 831 552 
577 761 833 832 806 
578 833 646 834 832 
579 832 834 786 835 
580 806 832 835 785 
581 805 837 836 814 
582 837 761 838 836 
583 836 838 806 839 
584 814 836 839 804 
585 552 831 840 796 
586 831 757 841 840 
587 840 841 770 842 
588 796 840 842 660 
589 795 844 843 818 
590 844 796 845 843 
591 843 845 660 846 
592 818 843 846 774 
593 816 848 847 826 
594 848 818 849 847 
595 847 849 774 850 
596 826 847 850 819 
597 872 894 893 888 
598 894 877 895 893 
599 893 895 880 896 
600 888 893 896 34 
601 873 889 897 898 
602 889 34 899 897 
603 897 899 883 900 
604 898 897 900 881 
605 885 903 901 902 
606 903 888 904 901 
607 901 904 34 905 
608 902 901 905 889 
609 638 908 906 907 
610 907 906 909 548 
611 548 909 914 915 
612 915 914 916 654 
613 906 919 917 918 
614 919 870 911 917 
615 917 911 858 920 
616 918 917 920 909 
617 858 913 921 922 
618 913 873 898 921 
619 921 898 881 923 
620 922 921 923 882 
621 911 926 924 925 
622 924 927 913 928 
623 925 924 928 858 
624 33 930 929 543 
625 930 537 931 929 
626 929 931 540 932 
627 543 929 932 18 
628 934 543 935 933 
629 933 935 18 936 
630 18 932 945 570 
631 932 540 946 945 
632 945 946 566 947 
633 570 945 947 45 
634 936 18 949 948 
635 948 949 570 950 
636 941 963 961 962 
637 963 943 964 961 
638 961 964 854 965 
639 962 961 965 944 
640 636 968 966 967 
641 968 638 907 966 
642 966 907 548 969 
643 551 971 970 642 
644 971 636 967 970 
645 970 967 639 972 
646 642 970 972 50 
647 969 548 915 973 
648 973 915 654 975 
649 974 973 975 653 
650 967 978 976 977 
651 978 966 979 976 
652 976 979 969 980 
653 977 976 980 639 
654 48 982 981 525 
655 982 31 983 981 
656 981 983 49 546 
657 525 981 546 47 
658 546 986 984 985 
659 986 49 987 984 
660 984 987 547 856 
661 985 984 856 545 
662 856 990 988 989 
663 990 547 991 988 
664 988 991 857 871 
665 989 988 871 855 
666 855 994 992 993 
667 994 871 995 992 
668 992 995 869 912 
669 993 992 912 870 
670 870 998 996 997 
671 998 912 999 996 
672 996 999 910 926 
673 997 996 926 911 
674 910 1001 1000 927 
675 1001 886 1002 1000 
676 1000 1002 873 1003 
677 927 1000 1003 913 
678 926 1006 1004 1005 
679 1006 910 1007 1004 
680 1004 1007 927 1008 
681 1005 1004 1008 924 
682 877 1010 1009 895 
683 1010 879 1011 1009 
684 1009 1011 865 1012 
685 895 1009 1012 880 
686 879 1014 1013 1011 
687 1014 941 962 1013 
688 1013 962 944 1015 
689 1011 1013 1015 865 
690 943 1020 1019 964 
691 1020 954 1021 1019 
692 1019 1021 957 1022 
693 964 1019 1022 854 
694 1024 933 1025 1023 
695 1023 1025 936 1026 
696 954 1032 1031 1021 
697 1032 956 1033 1031 
698 1031 1033 940 1034 
699 1021 1031 1034 957 
700 32 1036 1035 522 
701 1036 15 1037 1035 
702 1035 1037 33 542 
703 522 1035 542 31 
704 31 1039 1038 983 
705 1039 542 1040 1038 
706 1038 1040 541 852 
707 983 1038 852 49 
708 852 1043 1041 1042 
709 1043 541 1044 1041 
710 1041 1044 853 938 
711 1042 1041 938 851 
712 938 1047 1045 1046 
713 1047 853 1048 1045 
714 1045 1048 939 1028 
715 1046 1045 1028 937 
716 1026 936 1050 1049 
717 1049 1050 948 1051 
718 939 1053 1052 1029 
719 1053 1023 1054 1052 
720 1052 1054 1026 1055 
721 1029 1052 1055 544 
722 1028 1058 1056 1057 
723 1058 939 1059 1056 
724 1056 1059 1029 1060 
725 1057 1056 1060 1027 
726 937 1063 1061 1062 
727 1063 1028 1057 1061 
728 1061 1057 1027 1064 
729 1062 1061 1064 956 
730 50 972 1065 657 
731 972 639 974 1065 
732 1065 974 653 1066 
733 657 1065 1066 576 
734 639 980 1067 1068 
735 980 969 1069 1067 
736 1067 1069 973 1070 
737 1068 1067 1070 974 
738 880 1012 1071 1072 
739 1012 865 1073 1071 
740 1071 1073 891 1074 
741 34 896 1075 899 
742 896 880 1072 1075 
743 1075 1072 890 1076 
744 899 1075 1076 883 
745 44 571 1077 588 
746 571 45 1078 1077 
747 1077 1078 28 1079 
748 588 1077 1079 46 
749 73 861 1080 1081 
750 861 569 1082 1080 
751 1080 1082 571 1083 
752 1081 1080 1083 44 
753 573 876 1084 1085 
754 876 859 1086 1084 
755 1084 1086 861 1087 
756 1085 1084 1087 73 
757 867 892 1088 1089 
758 892 874 1090 1088 
759 1088 1090 876 1091 
760 1089 1088 1091 573 
761 890 1074 1092 1093 
762 1074 891 1094 1092 
763 1092 1094 874 1095 
764 1093 1092 1095 892 
765 1072 1098 1096 1097 
766 1098 1071 1099 1096 
767 1096 1099 1074 1100 
768 1097 1096 1100 890 
769 854 1022 1101 1102 
770 1022 957 1103 1101 
771 1101 1103 1016 1104 
772 1102 1101 1104 959 
773 859 953 1108 1086 
774 953 860 1109 1108 
775 1108 1109 569 1110 
776 1086 1108 1110 861 
777 875 1018 1111 1112 
778 1018 951 1113 1111 
779 1111 1113 953 1114 
780 1112 1111 1114 859 
781 1016 1117 1115 1116 
782 1115 1118 951 1119 
783 1116 1115 1119 1018 
784 957 1034 1120 1103 
785 1034 940 1121 1120 
786 1120 1121 1017 1117 
787 1103 1120 1117 1016 
788 951 1107 1122 1113 
789 1107 952 1123 1122 
790 1122 1123 860 1124 
791 1113 1122 1124 953 
792 1017 1126 1125 1118 
793 1126 1105 1127 1125 
794 1125 1127 1107 1128 
795 1118 1125 1128 951 
796 1117 1131 1129 1130 
797 1131 1017 1132 1129 
798 1129 1132 1118 1133 
799 1130 1129 1133 1115 
800 1 1136 1134 1135 
801 1136 12 160 1134 
802 1134 160 10 62 
803 1135 1134 62 11 
804 16 1138 1137 519 
805 1138 2 1139 1137 
806 1137 1139 17 538 
807 519 1137 538 15 
808 20 94 1140 1141 
809 94 19 214 1140 
810 1140 214 22 1142 
811 1141 1140 1142 4 
812 10 1145 1143 1144 
813 1145 25 164 1143 
814 1143 164 23 66 
815 1144 1143 66 24 
816 28 568 1146 585 
817 568 29 1147 1146 
818 1146 1147 3 1148 
819 585 1146 1148 30 
820 36 97 1149 1150 
821 97 35 218 1149 
822 1149 218 38 1151 
823 1150 1149 1151 19 
824 23 1154 1152 1153 
825 1154 41 168 1152 
826 1152 168 39 70 
827 1153 1152 70 40 
828 52 100 1155 1156 
829 100 51 222 1155 
830 1155 222 54 1157 
831 1156 1155 1157 35 
832 70 1160 1158 1159 
833 1160 39 172 1158 
834 1158 172 56 112 
835 1159 1158 112 68 
836 72 574 1161 591 
837 574 73 1081 1161 
838 1161 1081 44 1162 
839 591 1161 1162 74 
840 56 1165 1163 1164 
841 1165 81 176 1163 
842 1163 176 79 116 
843 1164 1163 116 80 
844 89 1167 1166 390 
845 1167 58 530 1166 
846 1166 530 90 453 
847 390 1166 453 88 
848 98 135 1168 1169 
849 135 76 226 1168 
850 1168 226 51 1170 
851 1169 1168 1170 100 
852 102 138 1171 1172 
853 138 101 230 1171 
854 1171 230 104 1173 
855 1172 1171 1173 76 
856 116 1176 1174 1175 
857 1176 79 180 1174 
858 1174 180 106 141 
859 1175 1174 141 114 
860 121 484 1177 406 
861 484 122 597 1177 
862 1177 597 77 1178 
863 406 1177 1178 123 
864 136 154 1179 1180 
865 154 125 234 1179 
866 1179 234 101 1181 
867 1180 1179 1181 138 
868 183 1184 1182 1183 
869 1184 186 254 1182 
870 1182 254 128 201 
871 1183 1182 201 149 
872 188 1186 1185 393 
873 1186 88 1187 1185 
874 1185 1187 189 457 
875 393 1185 457 187 
876 204 487 1188 409 
877 487 205 1189 1188 
878 1188 1189 121 1190 
879 409 1188 1190 206 
880 158 245 1191 1192 
881 245 143 270 1191 
882 1191 270 239 1193 
883 1192 1191 1193 237 
884 250 1195 1194 260 
885 1195 196 296 1194 
886 1194 296 251 1196 
887 260 1194 1196 249 
888 265 1198 1197 276 
889 1198 267 317 1197 
890 1197 317 212 1199 
891 276 1197 1199 268 
892 279 341 1200 323 
893 341 191 362 1200 
894 1200 362 280 1201 
895 323 1200 1201 278 
896 248 1203 1202 294 
897 1203 289 338 1202 
898 1202 338 279 322 
899 294 1202 322 131 
900 300 1205 1204 327 
901 1205 301 377 1204 
902 1204 377 207 351 
903 327 1204 351 302 
904 145 328 1206 314 
905 328 302 350 1206 
906 1206 350 310 1207 
907 314 1206 1207 263 
908 329 463 1208 420 
909 463 331 1209 1208 
910 1208 1209 190 1210 
911 420 1208 1210 332 
912 332 1210 1211 435 
913 1210 190 1212 1211 
914 1211 1212 343 489 
915 435 1211 489 342 
916 397 467 1213 469 
917 467 329 1214 1213 
918 1213 1214 420 1215 
919 469 1213 1215 419 
920 400 1217 1216 432 
921 1217 422 472 1216 
922 1216 472 425 1218 
923 432 1216 1218 193 
924 434 1220 1219 478 
925 1220 435 1221 1219 
926 1219 1221 342 493 
927 478 1219 493 412 
928 208 1223 1222 446 
929 1223 440 497 1222 
930 1222 497 439 1224 
931 446 1222 1224 417 
932 449 1226 1225 532 
933 1226 84 629 1225 
934 1225 629 450 554 
935 532 1225 554 448 
936 479 580 1227 598 
937 580 480 666 1227 
938 1227 666 118 1228 
939 598 1227 1228 481 
940 502 1230 1229 536 
941 1230 448 1231 1229 
942 1229 1231 503 558 
943 536 1229 558 501 
944 505 583 1232 602 
945 583 506 1233 1232 
946 1232 1233 479 1234 
947 602 1232 1234 507 
948 15 1236 1235 1037 
949 1236 538 1237 1235 
950 1235 1237 537 930 
951 1037 1235 930 33 
952 542 1239 1238 1040 
953 1239 33 1240 1238 
954 1238 1240 543 934 
955 1040 1238 934 541 
956 47 1242 1241 627 
957 1242 546 985 1241 
958 1241 985 545 637 
959 627 1241 637 86 
960 550 1244 1243 631 
961 1244 86 1245 1243 
962 1243 1245 551 641 
963 631 1243 641 549 
964 45 947 1246 1078 
965 947 566 1247 1246 
966 1246 1247 568 1248 
967 1078 1246 1248 28 
968 569 950 1249 1082 
969 950 570 1250 1249 
970 1249 1250 45 1251 
971 1082 1249 1251 571 
972 572 868 1252 1253 
973 868 573 1085 1252 
974 1252 1085 73 1254 
975 1253 1252 1254 574 
976 119 655 1255 663 
977 655 572 1253 1255 
978 1255 1253 574 1256 
979 663 1255 1256 72 
980 575 658 1257 667 
981 658 576 1258 1257 
982 1257 1258 119 1259 
983 667 1257 1259 577 
984 86 1261 1260 1245 
985 1261 637 1262 1260 
986 1260 1262 636 971 
987 1245 1260 971 551 
988 637 1264 1263 1262 
989 1264 545 1265 1263 
990 1263 1265 638 968 
991 1262 1263 968 636 
992 549 1267 1266 680 
993 1267 641 1268 1266 
994 1266 1268 640 755 
995 680 1266 755 611 
996 576 1066 1269 1258 
997 1066 653 1270 1269 
998 1269 1270 655 1271 
999 1258 1269 1271 119 
1000 614 772 1272 698 
1001 772 656 1273 1272 
1002 1272 1273 658 1274 
1003 698 1272 1274 575 
1004 611 1276 1275 760 
1005 1276 755 1277 1275 
1006 1275 1277 754 829 
1007 760 1275 829 646 
1008 758 1279 1278 810 
1009 1279 760 1280 1278 
1010 1278 1280 646 833 
1011 810 1278 833 761 
1012 660 842 1281 775 
1013 842 770 1282 1281 
1014 1281 1282 772 1283 
1015 775 1281 1283 614 
1016 774 846 1284 821 
1017 846 660 1285 1284 
1018 1284 1285 775 1286 
1019 821 1284 1286 773 
1020 49 1288 1287 987 
1021 1288 852 1042 1287 
1022 1287 1042 851 863 
1023 987 1287 863 547 
1024 545 1290 1289 1265 
1025 1290 856 989 1289 
1026 1289 989 855 908 
1027 1265 1289 908 638 
1028 547 1292 1291 991 
1029 1292 863 1293 1291 
1030 1291 1293 862 878 
1031 991 1291 878 857 
1032 863 1295 1294 1293 
1033 1295 851 1296 1294 
1034 1294 1296 864 942 
1035 1293 1294 942 862 
1036 866 884 1297 1298 
1037 884 867 1089 1297 
1038 1297 1089 573 1299 
1039 1298 1297 1299 868 
1040 654 916 1300 1301 
1041 916 866 1298 1300 
1042 1300 1298 868 1302 
1043 1301 1300 1302 572 
1044 871 1304 1303 995 
1045 1304 857 1305 1303 
1046 1303 1305 872 887 
1047 995 1303 887 869 
1048 874 960 1306 1090 
1049 960 875 1112 1306 
1050 1306 1112 859 1307 
1051 1090 1306 1307 876 
1052 857 1309 1308 1305 
1053 1309 878 1310 1308 
1054 1308 1310 877 894 
1055 1305 1308 894 872 
1056 878 1312 1311 1310 
1057 1312 862 1313 1311 
1058 1311 1313 879 1010 
1059 1310 1311 1010 877 
1060 886 1315 1314 1002 
1061 1315 885 902 1314 
1062 1314 902 889 1316 
1063 1002 1314 1316 873 
1064 883 1076 1317 1318 
1065 1076 890 1093 1317 
1066 1317 1093 892 1319 
1067 1318 1317 1319 867 
1068 908 1322 1320 1321 
1069 1322 855 993 1320 
1070 1320 993 870 919 
1071 1321 1320 919 906 
1072 912 1324 1323 999 
1073 1324 869 1325 1323 
1074 1323 1325 886 1001 
1075 999 1323 1001 910 
1076 909 920 1326 1327 
1077 920 858 922 1326 
1078 1326 922 882 1328 
1079 1327 1326 1328 914 
1080 541 1330 1329 1044 
1081 1330 934 1331 1329 
1082 1329 1331 933 1024 
1083 1044 1329 1024 853 
1084 851 1333 1332 1296 
1085 1333 938 1046 1332 
1086 1332 1046 937 955 
1087 1296 1332 955 864 
1088 862 1335 1334 1313 
1089 1335 942 1336 1334 
1090 1334 1336 941 1014 
1091 1313 1334 1014 879 
1092 942 1338 1337 1336 
1093 1338 864 1339 1337 
1094 1337 1339 943 963 
1095 1336 1337 963 941 
1096 860 1051 1340 1109 
1097 1051 948 1341 1340 
1098 1340 1341 950 1342 
1099 1109 1340 1342 569 
1100 864 1344 1343 1339 
1101 1344 955 1345 1343 
1102 1343 1345 954 1020 
1103 1339 1343 1020 943 
1104 955 1347 1346 1345 
1105 1347 937 1062 1346 
1106 1346 1062 956 1032 
1107 1345 1346 1032 954 
1108 865 1015 1348 1073 
1109 1015 944 1349 1348 
1110 1348 1349 958 1350 
1111 1073 1348 1350 891 
1112 944 965 1351 1349 
1113 965 854 1102 1351 
1114 1351 1102 959 1352 
1115 1349 1351 1352 958 
1116 891 1350 1353 1094 
1117 1350 958 1354 1353 
1118 1353 1354 960 1355 
1119 1094 1353 1355 874 
1120 959 1104 1356 1357 
1121 1104 1016 1116 1356 
1122 1356 1116 1018 1358 
1123 1357 1356 1358 875 
1124 853 1360 1359 1048 
1125 1360 1024 1361 1359 
1126 1359 1361 1023 1053 
1127 1048 1359 1053 939 
1128 956 1064 1362 1033 
1129 1064 1027 1363 1362 
1130 1362 1363 1030 1364 
1131 1033 1362 1364 940 
1132 544 1055 1365 1106 
1133 1055 1026 1366 1365 
1134 1365 1366 1049 1367 
1135 1106 1365 1367 952 
1136 952 1367 1368 1123 
1137 1367 1049 1369 1368 
1138 1368 1369 1051 1370 
1139 1123 1368 1370 860 
1140 940 1364 1371 1121 
1141 1364 1030 1372 1371 
1142 1371 1372 1105 1126 
1143 1121 1371 1126 1017 
1144 653 975 1373 1270 
1145 975 654 1301 1373 
1146 1373 1301 572 1374 
1147 1270 1373 1374 655 
1148 881 900 1375 1376 
1149 900 883 1318 1375 
1150 1375 1318 867 1377 
1151 1376 1375 1377 884 
1152 882 923 1378 1379 
1153 923 881 1376 1378 
1154 1378 1376 884 1380 
1155 1379 1378 1380 866 
1156 869 1382 1381 1325 
1157 1382 887 1383 1381 
1158 1381 1383 885 1315 
1159 1325 1381 1315 886 
1160 887 1385 1384 1383 
1161 1385 872 1386 1384 
1162 1384 1386 888 903 
1163 1383 1384 903 885 
1164 914 1328 1387 1388 
1165 1328 882 1379 1387 
1166 1387 1379 866 1389 
1167 1388 1387 1389 916 
1168 958 1352 1390 1354 
1169 1352 959 1357 1390 
1170 1390 1357 875 1391 
1171 1354 1390 1391 960 
1172 1027 1060 1392 1363 
1173 1060 1029 1393 1392 
1174 1392 1393 544 1394 
1175 1363 1392 1394 1030 
1176 1030 1394 1395 1372 
1177 1394 544 1396 1395 
1178 1395 1396 1106 1397 
1179 1372 1395 1397 1105 
1180 1105 1397 1398 1127 
1181 1397 1106 1399 1398 
1182 1398 1399 952 1400 
1183 1127 1398 1400 1107 
