2 0.000000 100.000000 262.180540
1343 1132 
1 -11.368037 0.000000 -11.618409 99.756379 -6.975645 -0.000022 0.000001 
2 13.641644 0.000000 -11.618409 99.756289 -6.976549 -0.000588 0.000001 
3 13.641644 0.000000 11.618409 99.756193 -6.978816 -0.000045 -0.000000 
4 -11.368037 0.000000 11.618409 99.756430 -6.975887 -0.000020 -0.000001 
5 1.136804 0.000000 0.000000 101.299965 -6.559413 0.689683 -0.030518 
6 -11.368037 0.000000 0.000000 99.756391 -6.975763 -0.000005 0.000000 
7 1.136804 0.000000 -11.618409 99.756289 -6.976099 -0.000205 0.000002 
8 13.641644 0.000000 0.000000 99.793025 -6.450913 0.108744 -0.000027 
9 1.136804 0.000000 11.618409 99.756474 -6.977222 -0.000229 -0.000004 
10 -5.115617 0.000000 -5.809205 99.756246 -6.975912 -0.000114 0.000003 
11 -11.368037 0.000000 -5.809205 99.756374 -6.975691 -0.000017 0.000001 
12 -5.115617 0.000000 -11.618409 99.756340 -6.975734 -0.000072 0.000001 
13 1.136804 0.000000 -5.809205 99.756003 -6.979245 -0.000855 0.000003 
14 -5.115617 0.000000 0.000000 99.756224 -6.976193 0.000019 0.000003 
15 7.389224 0.000000 -5.809205 99.755773 -6.981417 -0.002352 0.000005 
16 7.389224 0.000000 -11.618409 99.756259 -6.976496 -0.000412 0.000002 
17 13.641644 0.000000 -5.809205 99.755951 -6.981047 -0.003467 0.000002 
18 7.389224 0.000000 0.000000 99.930965 -4.472750 0.807992 -0.000686 
19 -5.115617 0.000000 5.809205 99.756503 -6.976341 -0.000015 -0.000003 
20 -11.368037 0.000000 5.809205 99.756422 -6.975844 -0.000008 -0.000001 
21 1.136804 0.000000 5.809205 99.757014 -6.980393 -0.000978 -0.000019 
22 -5.115617 0.000000 11.618409 99.756473 -6.976243 -0.000064 -0.000002 
23 -1.989406 0.000000 -2.904602 99.755327 -6.977398 -0.000714 0.000019 
24 -5.115617 0.000000 -2.904602 99.756170 -6.976043 -0.000084 0.000004 
25 -1.989406 0.000000 -5.809205 99.756103 -6.976508 -0.000397 0.000005 
26 1.136804 0.000000 -2.904602 99.758269 -6.988221 -0.003557 -0.000055 
27 -1.989406 0.000000 0.000000 99.754133 -6.978998 0.000129 0.000041 
28 7.389224 0.000000 5.809205 99.755677 -6.986101 -0.000539 -0.000000 
29 13.641644 0.000000 5.809205 99.755615 -6.986584 0.001065 0.000000 
30 7.389224 0.000000 11.618409 99.756283 -6.978358 -0.000245 -0.000001 
31 4.263014 0.000000 -2.904602 99.753539 -7.002626 -0.006970 0.000019 
32 4.263014 0.000000 -5.809205 99.755766 -6.980713 -0.001510 0.000006 
33 7.389224 0.000000 -2.904602 99.754160 -7.002095 -0.013438 0.000008 
34 4.263014 0.000000 0.000000 100.027428 -3.016306 -1.748636 -0.001764 
35 -1.989406 0.000000 2.904602 99.756616 -6.978027 0.000311 -0.000008 
36 -5.115617 0.000000 2.904602 99.756407 -6.976306 0.000044 -0.000001 
37 1.136804 0.000000 2.904602 99.761222 -6.991020 -0.003590 -0.000118 
38 -1.989406 0.000000 5.809205 99.756750 -6.977395 -0.000138 -0.000009 
39 -0.426301 0.000000 -1.452301 99.745849 -6.987618 -0.012685 0.000194 
40 -1.989406 0.000000 -1.452301 99.753908 -6.984924 0.000198 0.000037 
41 -0.426301 0.000000 -2.904602 99.750046 -6.970066 -0.000865 0.000135 
42 1.136804 0.000000 -1.452301 99.750652 -7.022849 -0.019927 0.000049 
43 -0.426301 0.000000 0.000000 100.009120 -7.098746 0.012558 -0.005222 
44 4.263014 0.000000 2.904602 99.752949 -7.012337 -0.004270 0.000018 
45 7.389224 0.000000 2.904602 99.753457 -7.014790 0.002479 0.000004 
46 4.263014 0.000000 5.809205 99.756090 -6.984394 -0.001297 -0.000006 
47 2.699909 0.000000 -1.452301 99.748828 -7.087081 -0.010979 -0.000006 
48 2.699909 0.000000 -2.904602 99.754273 -6.995391 -0.003998 0.000015 
49 4.263014 0.000000 -1.452301 99.744970 -7.088693 -0.042317 0.000069 
50 2.699909 0.000000 0.000000 99.979122 -3.246111 -0.901055 -0.000717 
51 -0.426301 0.000000 1.452301 99.749018 -6.986216 0.008541 0.000133 
52 -1.989406 0.000000 1.452301 99.755662 -6.983895 0.001319 0.000003 
53 1.136804 0.000000 1.452301 99.759574 -7.022363 -0.008191 -0.000129 
54 -0.426301 0.000000 2.904602 99.758220 -6.991728 0.001413 -0.000059 
55 0.355251 0.000000 -0.726151 99.783541 -7.079426 -0.132452 -0.000689 
56 -0.426301 0.000000 -0.726151 99.715611 -7.024200 0.016735 0.000746 
57 0.355251 0.000000 -1.452301 99.761639 -7.005117 -0.022605 -0.000146 
58 1.136804 0.000000 -0.726151 99.749239 -7.133993 -0.040875 -0.000081 
59 0.355251 0.000000 0.000000 71.925276 -0.039255 -0.002737 0.482675 
60 -8.241827 0.000000 -2.904602 99.756334 -6.975798 -0.000021 0.000001 
61 -11.368037 0.000000 -2.904602 99.756379 -6.975723 -0.000010 0.000000 
62 -8.241827 0.000000 -5.809205 99.756336 -6.975745 -0.000037 0.000001 
63 -8.241827 0.000000 0.000000 99.756360 -6.975864 -0.000001 0.000001 
64 -3.552511 0.000000 -1.452301 99.755855 -6.976590 -0.000066 0.000010 
65 -5.115617 0.000000 -1.452301 99.756170 -6.976118 -0.000033 0.000004 
66 -3.552511 0.000000 -2.904602 99.755914 -6.976407 -0.000204 0.000009 
67 -3.552511 0.000000 0.000000 99.755991 -6.976737 0.000086 0.000007 
68 -1.207854 0.000000 -0.726151 99.751032 -6.982165 0.003609 0.000098 
69 -1.989406 0.000000 -0.726151 99.754933 -6.974166 -0.003264 0.000031 
70 -1.207854 0.000000 -1.452301 99.751063 -6.980919 -0.002268 0.000099 
71 -1.207854 0.000000 0.000000 99.754354 -6.983441 -0.000258 0.000030 
72 2.699909 0.000000 1.452301 99.745582 -7.100723 -0.033800 0.000040 
73 4.263014 0.000000 1.452301 99.742488 -7.118666 -0.001363 0.000076 
74 2.699909 0.000000 2.904602 99.756015 -7.008810 -0.007901 -0.000039 
75 0.355251 0.000000 0.726151 99.819683 -7.086100 0.119017 -0.001420 
76 -0.426301 0.000000 0.726151 99.729518 -7.006037 -0.006909 0.000494 
77 1.136804 0.000000 0.726151 99.831734 -7.141582 -0.048647 -0.001738 
78 0.355251 0.000000 1.452301 99.769614 -7.003406 0.012414 -0.000302 
79 -0.035525 0.000000 -0.363075 99.148436 -7.180841 0.118471 0.011801 
80 -0.426301 0.000000 -0.363075 99.801228 -7.022146 0.066218 -0.000960 
81 -0.035525 0.000000 -0.726151 99.652869 -7.026220 -0.059223 0.001993 
82 0.355251 0.000000 -0.363075 100.396890 -7.460275 -0.643046 -0.013560 
83 -0.035525 0.000000 0.000000 170.039712 -7.443402 -0.027824 -1.896891 
84 1.918356 0.000000 -0.726151 99.774928 -7.270586 -0.010652 -0.000790 
85 1.918356 0.000000 -1.452301 99.768547 -7.056439 -0.003992 -0.000356 
86 2.699909 0.000000 -0.726151 99.680006 -7.359589 -0.081612 0.000973 
87 1.918356 0.000000 0.000000 101.003274 -9.763812 -1.847904 -0.030041 
88 0.746027 0.000000 -0.363075 99.731030 -7.554201 0.080295 -0.000335 
89 0.746027 0.000000 -0.726151 99.744092 -7.107447 -0.006386 0.000060 
90 1.136804 0.000000 -0.363075 99.669943 -7.614789 -0.135112 0.000790 
91 0.746027 0.000000 0.000000 101.655085 -6.554327 -0.031820 -0.037672 
92 -8.241827 0.000000 2.904602 99.756406 -6.975934 0.000005 -0.000000 
93 -11.368037 0.000000 2.904602 99.756408 -6.975805 -0.000004 -0.000000 
94 -8.241827 0.000000 5.809205 99.756440 -6.975988 -0.000008 -0.000001 
95 -3.552511 0.000000 1.452301 99.756222 -6.976805 0.000152 0.000002 
96 -5.115617 0.000000 1.452301 99.756315 -6.976258 0.000048 0.000001 
97 -3.552511 0.000000 2.904602 99.756444 -6.976814 0.000124 -0.000002 
98 -1.207854 0.000000 0.726151 99.753390 -6.982734 -0.001044 0.000050 
99 -1.989406 0.000000 0.726151 99.756360 -6.979154 0.006557 -0.000004 
100 -1.207854 0.000000 1.452301 99.753299 -6.981406 0.001782 0.000054 
101 -0.035525 0.000000 0.363075 99.131357 -7.200772 -0.129684 0.012111 
102 -0.426301 0.000000 0.363075 99.773391 -7.029170 -0.108612 -0.000415 
103 0.355251 0.000000 0.363075 100.445184 -7.458612 0.643295 -0.014528 
104 -0.035525 0.000000 0.726151 99.681255 -7.038975 0.063080 0.001410 
105 0.159863 0.000000 -0.181538 98.251258 -8.505259 -4.875564 0.025058 
106 -0.035525 0.000000 -0.181538 97.596750 -7.273379 3.271863 0.041127 
107 0.159863 0.000000 -0.363075 99.287462 -7.283334 -0.839567 0.008825 
108 0.355251 0.000000 -0.181538 101.809484 -8.992744 -1.557494 -0.044847 
109 0.159863 0.000000 0.000000 121.522677 0.029681 0.040934 -0.476776 
110 -0.817078 0.000000 -0.363075 99.759486 -7.006872 0.012200 -0.000105 
111 -1.207854 0.000000 -0.363075 99.752633 -6.983273 0.000571 0.000065 
112 -0.817078 0.000000 -0.726151 99.747033 -6.986146 0.003494 0.000172 
113 -0.817078 0.000000 0.000000 99.772329 -7.006695 0.004983 -0.000361 
114 -0.230913 0.000000 -0.181538 100.424281 -7.125837 0.437854 -0.013601 
115 -0.426301 0.000000 -0.181538 99.927954 -7.096543 0.080635 -0.003596 
116 -0.230913 0.000000 -0.363075 99.595512 -7.060017 0.335200 0.003078 
117 -0.230913 0.000000 0.000000 101.360633 -7.199070 -0.033188 -0.032581 
118 1.918356 0.000000 0.726151 99.832321 -7.295535 -0.129341 -0.001973 
119 2.699909 0.000000 0.726151 99.708579 -7.419446 -0.105671 0.000314 
120 1.918356 0.000000 1.452301 99.766338 -7.064695 -0.036422 -0.000323 
121 0.746027 0.000000 0.363075 99.783246 -7.563067 -0.092632 -0.001390 
122 1.136804 0.000000 0.363075 100.010734 -7.616719 -0.004697 -0.006016 
123 0.746027 0.000000 0.726151 99.805924 -7.129993 -0.027716 -0.001206 
124 0.159863 0.000000 0.181538 98.281381 -8.460246 4.879758 0.024538 
125 -0.035525 0.000000 0.181538 97.605940 -7.301751 -3.276007 0.040903 
126 0.355251 0.000000 0.181538 101.790619 -8.993760 1.579975 -0.044471 
127 0.159863 0.000000 0.363075 99.310850 -7.304820 0.840265 0.008329 
128 0.062169 0.000000 -0.090769 85.502832 -10.519742 -8.062938 0.251359 
129 -0.035525 0.000000 -0.090769 104.238281 -7.708387 19.663278 -0.131168 
130 0.062169 0.000000 -0.181538 95.838481 -7.870858 -1.644096 0.075033 
131 0.159863 0.000000 -0.090769 99.358730 -12.614776 -13.409833 -0.021111 
132 0.062169 0.000000 0.000000 204.306611 -0.775544 -0.008220 -3.174179 
133 -0.817078 0.000000 0.363075 99.762988 -6.994203 -0.002690 -0.000157 
134 -1.207854 0.000000 0.363075 99.753419 -6.983199 -0.001250 0.000049 
135 -0.817078 0.000000 0.726151 99.750017 -6.985338 -0.003845 0.000114 
136 -0.230913 0.000000 0.181538 100.399894 -7.133494 -0.483673 -0.013126 
137 -0.426301 0.000000 0.181538 99.910196 -7.024226 -0.095633 -0.003140 
138 -0.230913 0.000000 0.363075 99.596364 -7.047936 -0.340755 0.003077 
139 -0.133219 0.000000 -0.090769 103.723321 -7.321968 2.721171 -0.081954 
140 -0.230913 0.000000 -0.090769 100.979809 -7.179638 0.481846 -0.024870 
141 -0.133219 0.000000 -0.181538 100.186878 -7.391971 2.046433 -0.009624 
142 -0.133219 0.000000 0.000000 106.984283 -7.236965 -0.015820 -0.149801 
143 0.062169 0.000000 0.090769 85.377163 -10.509025 8.053484 0.253544 
144 -0.035525 0.000000 0.090769 104.228428 -7.734939 -19.691188 -0.131114 
145 0.159863 0.000000 0.090769 99.366935 -12.531076 13.412282 -0.021071 
146 0.062169 0.000000 0.181538 95.873862 -7.874154 1.659170 0.074345 
147 0.013322 0.000000 -0.045384 72.848138 -11.583328 -14.322263 0.435385 
148 -0.035525 0.000000 -0.045384 147.223439 -7.684622 30.824664 -1.268395 
149 0.013322 0.000000 -0.090769 75.412969 -9.094790 6.585460 0.418680 
150 0.062169 0.000000 -0.045384 200.978423 -0.639630 -19.856694 -3.078702 
151 0.013322 0.000000 0.000000 255.623371 -3.657461 0.005168 -5.535668 
152 -0.133219 0.000000 0.090769 103.735082 -7.356593 -2.724050 -0.082251 
153 -0.230913 0.000000 0.090769 100.964530 -7.188770 -0.541543 -0.024581 
154 -0.133219 0.000000 0.181538 100.149668 -7.335636 -2.065194 -0.008803 
155 0.013322 0.000000 0.045384 72.752143 -11.863520 14.304326 0.436177 
156 -0.035525 0.000000 0.045384 147.218159 -7.711576 -30.869872 -1.268560 
157 0.062169 0.000000 0.045384 200.980441 -0.662163 19.854207 -3.078777 
158 0.013322 0.000000 0.090769 75.416862 -9.152727 -6.624133 0.418465 
159 -1.989406 0.000000 -8.713807 99.756258 -6.976093 -0.000206 0.000002 
160 -5.115617 0.000000 -8.713807 99.756306 -6.975810 -0.000094 0.000002 
161 -1.989406 0.000000 -11.618409 99.756315 -6.975871 -0.000128 0.000001 
162 1.136804 0.000000 -8.713807 99.756212 -6.976676 -0.000366 0.000002 
163 -0.426301 0.000000 -4.356903 99.755852 -6.978243 -0.001151 0.000007 
164 -1.989406 0.000000 -4.356903 99.755858 -6.976859 -0.000564 0.000009 
165 -0.426301 0.000000 -5.809205 99.756094 -6.977218 -0.000646 0.000004 
166 1.136804 0.000000 -4.356903 99.756590 -6.982945 -0.001554 -0.000014 
167 0.355251 0.000000 -2.178452 99.762528 -6.998411 -0.010424 -0.000154 
168 -0.426301 0.000000 -2.178452 99.753263 -6.982983 -0.006574 0.000052 
169 0.355251 0.000000 -2.904602 99.757114 -6.983822 -0.004493 -0.000026 
170 1.136804 0.000000 -2.178452 99.771674 -6.998295 -0.009204 -0.000336 
171 -0.035525 0.000000 -1.089226 99.730867 -7.015994 -0.034686 0.000453 
172 -0.426301 0.000000 -1.089226 99.742236 -6.993809 -0.017293 0.000257 
173 -0.035525 0.000000 -1.452301 99.737133 -6.994170 -0.013012 0.000359 
174 0.355251 0.000000 -1.089226 99.760490 -7.032180 -0.048242 -0.000161 
175 0.159863 0.000000 -0.544613 99.604744 -7.154677 -0.274865 0.002763 
176 -0.035525 0.000000 -0.544613 99.578900 -7.090092 -0.073730 0.003377 
177 0.159863 0.000000 -0.726151 99.695639 -7.049718 -0.133343 0.001106 
178 0.355251 0.000000 -0.544613 99.827816 -7.185069 -0.242828 -0.001728 
179 0.062169 0.000000 -0.272306 97.531666 -7.411497 -0.697569 0.043216 
180 -0.035525 0.000000 -0.272306 98.195018 -7.280528 0.882597 0.030395 
181 0.062169 0.000000 -0.363075 98.926907 -7.235992 -0.362091 0.016098 
182 0.159863 0.000000 -0.272306 98.719634 -7.562342 -2.072606 0.019295 
183 0.013322 0.000000 -0.136153 92.766064 -8.010325 2.973198 0.132145 
184 -0.035525 0.000000 -0.136153 98.605355 -7.445336 6.776890 0.017562 
185 0.013322 0.000000 -0.181538 95.849219 -7.517010 1.254629 0.075485 
186 0.062169 0.000000 -0.136153 93.570704 -8.530268 -3.409740 0.116013 
187 0.550639 0.000000 -0.181538 101.225953 -8.004842 -0.010041 -0.031077 
188 0.550639 0.000000 -0.363075 100.043435 -7.500193 0.111633 -0.006495 
189 0.746027 0.000000 -0.181538 101.782693 -8.005259 -0.040258 -0.042380 
190 0.550639 0.000000 0.000000 101.183923 -6.537196 -0.010714 -0.028092 
191 0.257557 0.000000 -0.090769 102.679665 -12.580788 -10.265025 -0.080676 
192 0.257557 0.000000 -0.181538 100.660662 -8.786906 -3.814659 -0.022433 
193 0.355251 0.000000 -0.090769 105.189921 -12.594051 -4.437202 -0.124322 
194 0.257557 0.000000 0.000000 86.454523 -0.104413 0.011857 0.252560 
195 0.111016 0.000000 -0.045384 150.888863 -0.245470 -14.008667 -1.296375 
196 0.111016 0.000000 -0.090769 92.329661 -12.519201 -15.441772 0.108005 
197 0.159863 0.000000 -0.045384 120.334638 -0.037797 -8.695378 -0.455604 
198 0.111016 0.000000 0.000000 154.255268 -0.256310 -0.013835 -1.379475 
199 0.037745 0.000000 -0.068077 73.784245 -11.658683 -14.442803 0.421137 
200 0.013322 0.000000 -0.068077 72.799808 -11.362970 -14.168941 0.437031 
201 0.037745 0.000000 -0.090769 82.958751 -9.848945 -4.762915 0.299816 
202 0.062169 0.000000 -0.068077 78.957678 -11.988688 -15.226797 0.339010 
203 0.037745 0.000000 -0.045384 73.405868 -11.704028 -14.431066 0.426634 
204 0.550639 0.000000 0.181538 101.159635 -8.000534 0.007694 -0.029728 
205 0.746027 0.000000 0.181538 101.680926 -8.008976 -0.011160 -0.040315 
206 0.550639 0.000000 0.363075 100.088314 -7.531335 -0.125970 -0.007441 
207 0.257557 0.000000 0.090769 102.658143 -12.589373 10.263602 -0.080253 
208 0.355251 0.000000 0.090769 105.276456 -12.610272 4.439750 -0.126186 
209 0.257557 0.000000 0.181538 100.656470 -8.768683 3.817961 -0.022319 
210 0.111016 0.000000 0.045384 150.876518 -0.241380 13.977294 -1.295915 
211 0.159863 0.000000 0.045384 120.327372 -0.005146 8.751270 -0.455526 
212 0.111016 0.000000 0.090769 92.240350 -12.575799 15.428415 0.109553 
213 -1.989406 0.000000 8.713807 99.756585 -6.976943 -0.000168 -0.000005 
214 -5.115617 0.000000 8.713807 99.756500 -6.976308 -0.000055 -0.000003 
215 1.136804 0.000000 8.713807 99.756578 -6.978123 -0.000416 -0.000007 
216 -1.989406 0.000000 11.618409 99.756497 -6.976637 -0.000131 -0.000003 
217 -0.426301 0.000000 4.356903 99.757461 -6.979570 -0.000374 -0.000027 
218 -1.989406 0.000000 4.356903 99.756826 -6.977683 0.000016 -0.000011 
219 1.136804 0.000000 4.356903 99.758703 -6.977781 -0.001556 -0.000049 
220 -0.426301 0.000000 5.809205 99.756969 -6.978583 -0.000445 -0.000015 
221 0.355251 0.000000 2.178452 99.762495 -6.989964 0.004069 -0.000142 
222 -0.426301 0.000000 2.178452 99.756741 -6.983868 0.003934 -0.000018 
223 1.136804 0.000000 2.178452 99.776028 -6.999188 -0.003845 -0.000424 
224 0.355251 0.000000 2.904602 99.760173 -6.985579 0.000169 -0.000089 
225 -0.035525 0.000000 1.089226 99.746864 -7.004043 0.032705 0.000151 
226 -0.426301 0.000000 1.089226 99.747678 -6.992893 0.014674 0.000150 
227 0.355251 0.000000 1.089226 99.783085 -7.017251 0.037698 -0.000591 
228 -0.035525 0.000000 1.452301 99.743005 -6.991844 0.007153 0.000245 
229 0.159863 0.000000 0.544613 99.621784 -7.151199 0.273562 0.002429 
230 -0.035525 0.000000 0.544613 99.537558 -7.054173 0.063457 0.004251 
231 0.355251 0.000000 0.544613 99.870361 -7.190403 0.241889 -0.002585 
232 0.159863 0.000000 0.726151 99.730729 -7.063081 0.129004 0.000388 
233 0.062169 0.000000 0.272306 97.477091 -7.430370 0.705562 0.044251 
234 -0.035525 0.000000 0.272306 98.154331 -7.278522 -0.891758 0.031196 
235 0.159863 0.000000 0.272306 98.706710 -7.608117 2.078832 0.019478 
236 0.062169 0.000000 0.363075 98.911104 -7.244969 0.363762 0.016397 
237 0.013322 0.000000 0.136153 92.711378 -8.009543 -2.986802 0.133153 
238 -0.035525 0.000000 0.136153 98.584276 -7.464209 -6.791262 0.017930 
239 0.062169 0.000000 0.136153 93.527999 -8.577144 3.398871 0.116739 
240 0.013322 0.000000 0.181538 95.876363 -7.551463 -1.251719 0.074913 
241 0.037745 0.000000 0.068077 73.738490 -11.856283 14.438441 0.421360 
242 0.013322 0.000000 0.068077 72.719262 -11.648332 14.157309 0.437580 
243 0.037745 0.000000 0.045384 73.358629 -11.891136 14.425930 0.426900 
244 0.062169 0.000000 0.068077 78.909086 -12.156859 15.218964 0.339395 
245 0.037745 0.000000 0.090769 82.855756 -9.818849 4.756978 0.301589 
246 0.111016 0.000000 -0.136153 96.574756 -9.100785 -6.329448 0.055043 
247 0.111016 0.000000 -0.181538 96.976255 -8.210652 -3.721505 0.051434 
248 0.159863 0.000000 -0.136153 98.744918 -9.720189 -7.414963 0.009998 
249 0.086592 0.000000 -0.068077 91.644197 -12.422677 -15.264724 0.121401 
250 0.086592 0.000000 -0.090769 92.080954 -12.540178 -15.403787 0.112657 
251 0.111016 0.000000 -0.068077 92.323037 -12.379914 -15.343385 0.108778 
252 0.086592 0.000000 -0.045384 173.968727 -0.336671 -17.972362 -2.058824 
253 0.086592 0.000000 -0.113461 93.317421 -9.589442 -7.998133 0.113593 
254 0.062169 0.000000 -0.113461 90.697006 -9.203292 -5.406310 0.166012 
255 0.086592 0.000000 -0.136153 95.012689 -8.775259 -5.266969 0.086784 
256 0.111016 0.000000 -0.113461 95.931545 -9.989541 -8.869825 0.061867 
257 0.074381 0.000000 -0.079423 88.605795 -12.403833 -15.182856 0.176464 
258 0.062169 0.000000 -0.079423 79.949481 -12.088144 -15.239502 0.322971 
259 0.074381 0.000000 -0.090769 86.341538 -10.839280 -12.048650 0.228248 
260 0.086592 0.000000 -0.079423 91.769899 -12.443563 -15.296967 0.118945 
261 0.074381 0.000000 -0.068077 85.809732 -12.302191 -15.289462 0.225158 
262 0.111016 0.000000 0.136153 96.529100 -9.054618 6.360386 0.055969 
263 0.159863 0.000000 0.136153 98.710421 -9.698891 7.441815 0.010680 
264 0.111016 0.000000 0.181538 97.006836 -8.188948 3.726697 0.050873 
265 0.086592 0.000000 0.068077 91.588869 -12.323041 15.255362 0.122690 
266 0.086592 0.000000 0.045384 173.955716 -0.331941 17.941370 -2.058259 
267 0.111016 0.000000 0.068077 92.243579 -12.413236 15.331634 0.110197 
268 0.086592 0.000000 0.090769 92.033595 -12.417884 15.394652 0.113862 
269 0.086592 0.000000 0.113461 93.260693 -9.620306 8.009471 0.114574 
270 0.062169 0.000000 0.113461 90.633392 -9.243929 5.395640 0.167103 
271 0.111016 0.000000 0.113461 95.890129 -9.944562 8.898839 0.062700 
272 0.086592 0.000000 0.136153 94.981366 -8.786424 5.280444 0.087346 
273 0.074381 0.000000 0.079423 88.549082 -12.362297 15.172497 0.177603 
274 0.062169 0.000000 0.079423 79.899785 -12.235568 15.230720 0.323434 
275 0.074381 0.000000 0.068077 85.754737 -12.324544 15.279296 0.226077 
276 0.086592 0.000000 0.079423 91.712729 -12.350621 15.287335 0.120253 
277 0.074381 0.000000 0.090769 86.247862 -10.871500 12.046279 0.229800 
278 0.208710 0.000000 -0.045384 99.282892 -0.131077 -5.410406 0.011362 
279 0.208710 0.000000 -0.090769 100.530427 -12.680726 -12.748051 -0.042968 
280 0.257557 0.000000 -0.045384 85.571507 -0.084975 -4.146083 0.266032 
281 0.208710 0.000000 0.000000 100.382201 -0.015419 0.027481 -0.007659 
282 0.135439 0.000000 -0.068077 92.961969 -12.514574 -15.544118 0.095984 
283 0.135439 0.000000 -0.090769 94.194384 -12.540418 -15.149942 0.074064 
284 0.159863 0.000000 -0.068077 118.840954 -0.155050 -13.023877 -0.429282 
285 0.135439 0.000000 -0.045384 134.056042 -0.084273 -10.949687 -0.809093 
286 0.257557 0.000000 -0.272306 100.168650 -7.778503 -1.827763 -0.009760 
287 0.257557 0.000000 -0.363075 99.997873 -7.383572 -0.936402 -0.005497 
288 0.355251 0.000000 -0.272306 100.664946 -7.903805 -0.805848 -0.019655 
289 0.208710 0.000000 -0.136153 100.269051 -10.058944 -7.313220 -0.020855 
290 0.208710 0.000000 -0.181538 99.330780 -8.589651 -4.895137 0.003565 
291 0.257557 0.000000 -0.136153 101.331840 -10.124232 -6.336061 -0.041079 
292 0.135439 0.000000 -0.113461 97.138856 -10.368778 -9.178995 0.037228 
293 0.135439 0.000000 -0.136153 97.762076 -9.426349 -6.887638 0.030628 
294 0.159863 0.000000 -0.113461 98.481518 -10.832205 -9.770048 0.008860 
295 0.123228 0.000000 -0.079423 92.450861 -12.434219 -15.415000 0.106061 
296 0.111016 0.000000 -0.079423 92.323532 -12.434028 -15.381812 0.108516 
297 0.123228 0.000000 -0.090769 92.297118 -12.505855 -15.435458 0.108659 
298 0.135439 0.000000 -0.079423 94.139325 -12.546514 -15.355122 0.074459 
299 0.123228 0.000000 -0.068077 92.303283 -12.508383 -15.436654 0.108535 
300 0.208710 0.000000 0.045384 99.289503 -0.119517 5.454361 0.011183 
301 0.257557 0.000000 0.045384 85.582119 -0.102494 4.167392 0.265832 
302 0.208710 0.000000 0.090769 100.533921 -12.665038 12.748519 -0.043000 
303 0.135439 0.000000 0.068077 92.889348 -12.638311 15.535924 0.097048 
304 0.135439 0.000000 0.045384 133.874498 -0.214943 10.962129 -0.804260 
305 0.159863 0.000000 0.068077 118.822968 -0.120473 13.051915 -0.428926 
306 0.135439 0.000000 0.090769 94.144979 -12.609997 15.145950 0.074831 
307 0.257557 0.000000 0.272306 100.212564 -7.806430 1.841097 -0.010689 
308 0.355251 0.000000 0.272306 100.719852 -7.924289 0.818339 -0.020795 
309 0.257557 0.000000 0.363075 100.019819 -7.421183 0.936723 -0.005992 
310 0.208710 0.000000 0.136153 100.261546 -10.032289 7.305751 -0.020640 
311 0.257557 0.000000 0.136153 101.350816 -10.082029 6.329600 -0.041370 
312 0.208710 0.000000 0.181538 99.356832 -8.568514 4.881239 0.003097 
313 0.135439 0.000000 0.113461 97.101050 -10.332689 9.202737 0.037993 
314 0.159863 0.000000 0.113461 98.442213 -10.798544 9.794283 0.009659 
315 0.135439 0.000000 0.136153 97.721806 -9.397650 6.908887 0.031440 
316 0.123228 0.000000 0.079423 92.368283 -12.547195 15.404716 0.107336 
317 0.111016 0.000000 0.079423 92.240064 -12.479148 15.369406 0.109982 
318 0.123228 0.000000 0.068077 92.212490 -12.597456 15.423036 0.110029 
319 0.135439 0.000000 0.079423 94.093102 -12.618280 15.352855 0.075156 
320 0.123228 0.000000 0.090769 92.205979 -12.602518 15.421778 0.110140 
321 0.184287 0.000000 -0.068077 107.177146 -0.164277 -10.633073 -0.160003 
322 0.184287 0.000000 -0.090769 99.301468 -12.536882 -13.354023 -0.019628 
323 0.208710 0.000000 -0.068077 97.201832 -0.129019 -8.448279 0.048041 
324 0.184287 0.000000 -0.045384 108.639392 -0.149394 -7.034953 -0.185203 
325 0.184287 0.000000 0.068077 107.190053 -0.168237 10.649871 -0.160316 
326 0.184287 0.000000 0.045384 108.648042 -0.148358 7.074451 -0.185447 
327 0.208710 0.000000 0.068077 97.230308 -0.127016 8.471812 0.047448 
328 0.184287 0.000000 0.090769 99.312325 -12.522299 13.357317 -0.019816 
329 0.452945 0.000000 -0.090769 99.041370 -10.165047 0.001871 0.008748 
330 0.452945 0.000000 -0.181538 99.743491 -11.819661 0.001526 -0.008847 
331 0.550639 0.000000 -0.090769 100.798841 -7.495994 -0.009823 -0.021660 
332 0.452945 0.000000 0.000000 101.183923 -6.537195 -0.010715 -0.028092 
333 0.306404 0.000000 -0.136153 102.420136 -10.454213 -4.298590 -0.061765 
334 0.306404 0.000000 -0.181538 101.329762 -8.895397 -2.860031 -0.035503 
335 0.355251 0.000000 -0.136153 104.338456 -10.644844 -2.734247 -0.100730 
336 0.306404 0.000000 -0.090769 104.339844 -12.492983 -6.474296 -0.108479 
337 0.233134 0.000000 -0.113461 101.497427 -11.586946 -8.475300 -0.050782 
338 0.208710 0.000000 -0.113461 101.242282 -11.357965 -9.451569 -0.046834 
339 0.233134 0.000000 -0.136153 100.717051 -10.119561 -6.787896 -0.029241 
340 0.257557 0.000000 -0.113461 102.708787 -12.593208 -10.268103 -0.081312 
341 0.233134 0.000000 -0.090769 102.943538 -12.649676 -10.291877 -0.086331 
342 0.452945 0.000000 0.090769 99.004379 -10.154919 0.001299 0.009501 
343 0.550639 0.000000 0.090769 100.771361 -7.490431 -0.006016 -0.021097 
344 0.452945 0.000000 0.181538 99.704200 -11.806870 0.003452 -0.008033 
345 0.306404 0.000000 0.136153 102.442875 -10.436437 4.320459 -0.062213 
346 0.306404 0.000000 0.090769 104.401830 -12.540995 6.479495 -0.109900 
347 0.355251 0.000000 0.136153 104.377543 -10.721215 2.728380 -0.101706 
348 0.306404 0.000000 0.181538 101.306421 -8.892979 2.875035 -0.035034 
349 0.233134 0.000000 0.113461 101.492631 -11.554945 8.470546 -0.050602 
350 0.208710 0.000000 0.113461 101.240454 -11.306069 9.444828 -0.046666 
351 0.233134 0.000000 0.090769 102.931814 -12.600211 10.290685 -0.085962 
352 0.257557 0.000000 0.113461 102.686255 -12.601100 10.266603 -0.080866 
353 0.233134 0.000000 0.136153 100.734151 -10.076034 6.787432 -0.029496 
354 0.306404 0.000000 -0.045384 76.494887 0.098670 -2.210758 0.414364 
355 0.355251 0.000000 -0.045384 71.170326 -0.045247 -1.157643 0.493344 
356 0.306404 0.000000 0.000000 77.089129 0.023060 -0.018225 0.405727 
357 0.281981 0.000000 -0.113461 103.700006 -12.484126 -8.450868 -0.098096 
358 0.281981 0.000000 -0.136153 102.258221 -10.300314 -5.219857 -0.059009 
359 0.306404 0.000000 -0.113461 104.323910 -12.505724 -6.474105 -0.108179 
360 0.281981 0.000000 -0.090769 103.512264 -12.491456 -8.781897 -0.094795 
361 0.281981 0.000000 -0.068077 79.113931 0.090879 -4.720205 0.371870 
362 0.257557 0.000000 -0.068077 84.593451 -0.113114 -6.358656 0.280350 
363 0.306404 0.000000 -0.068077 75.833045 0.050146 -3.280819 0.423858 
364 0.281981 0.000000 -0.045384 80.196882 0.045822 -3.244929 0.355793 
365 0.269769 0.000000 -0.102115 102.839800 -12.532965 -10.014678 -0.083339 
366 0.257557 0.000000 -0.102115 102.677705 -12.579952 -10.264818 -0.080633 
367 0.269769 0.000000 -0.113461 102.805793 -12.517951 -10.277812 -0.083136 
368 0.281981 0.000000 -0.102115 103.529166 -12.488080 -9.285619 -0.096046 
369 0.269769 0.000000 -0.090769 102.744879 -12.548762 -10.271639 -0.081949 
370 0.306404 0.000000 0.045384 76.621850 0.011128 2.198367 0.412426 
371 0.355251 0.000000 0.045384 71.173970 -0.046391 1.153090 0.493293 
372 0.281981 0.000000 0.113461 103.723691 -12.467786 8.453062 -0.098550 
373 0.281981 0.000000 0.090769 103.529422 -12.478043 8.783503 -0.095119 
374 0.306404 0.000000 0.113461 104.393839 -12.566022 6.479327 -0.109796 
375 0.281981 0.000000 0.136153 102.257363 -10.361633 5.227114 -0.059125 
376 0.281981 0.000000 0.068077 79.148592 0.124890 4.722654 0.371318 
377 0.257557 0.000000 0.068077 84.630647 -0.101353 6.379392 0.279695 
378 0.281981 0.000000 0.045384 80.257698 0.032300 3.277661 0.354796 
379 0.306404 0.000000 0.068077 75.948876 -0.025095 3.270274 0.422107 
380 0.269769 0.000000 0.102115 102.831184 -12.530167 10.014016 -0.083154 
381 0.257557 0.000000 0.102115 102.656251 -12.588584 10.263400 -0.080212 
382 0.269769 0.000000 0.090769 102.731731 -12.547649 10.270423 -0.081673 
383 0.281981 0.000000 0.102115 103.550902 -12.451445 9.286534 -0.096407 
384 0.269769 0.000000 0.113461 102.800626 -12.507656 10.276796 -0.083002 
385 0.746027 0.000000 -1.089226 99.775050 -7.042939 -0.032995 -0.000466 
386 0.746027 0.000000 -1.452301 99.767205 -7.015323 -0.017902 -0.000271 
387 1.136804 0.000000 -1.089226 99.777874 -7.056479 -0.025092 -0.000542 
388 0.550639 0.000000 -0.544613 99.825784 -7.203556 -0.029220 -0.001708 
389 0.550639 0.000000 -0.726151 99.794067 -7.104192 -0.074294 -0.000933 
390 0.746027 0.000000 -0.544613 99.787792 -7.225384 0.008510 -0.000981 
391 0.452945 0.000000 -0.272306 100.415339 -7.916459 0.026382 -0.014591 
392 0.452945 0.000000 -0.363075 100.322474 -7.474494 -0.095459 -0.012048 
393 0.550639 0.000000 -0.272306 101.224633 -11.988351 0.002940 -0.039015 
394 0.404098 0.000000 -0.136153 98.249200 -12.479731 0.000107 0.019135 
395 0.404098 0.000000 -0.181538 101.858884 -9.104699 0.079251 -0.045813 
396 0.452945 0.000000 -0.136153 99.183606 -10.742081 0.002042 0.004722 
397 0.404098 0.000000 -0.090769 101.199974 -12.495511 -1.657580 -0.040032 
398 0.330828 0.000000 -0.113461 104.289084 -12.538761 -6.474835 -0.107536 
399 0.330828 0.000000 -0.136153 102.834859 -10.562764 -3.967755 -0.070232 
400 0.355251 0.000000 -0.113461 105.103097 -12.584540 -4.684345 -0.122697 
401 0.330828 0.000000 -0.090769 104.283311 -12.539507 -6.474454 -0.107417 
402 0.746027 0.000000 1.089226 99.800373 -7.028873 0.007570 -0.000952 
403 1.136804 0.000000 1.089226 99.797576 -7.059289 -0.021537 -0.000939 
404 0.746027 0.000000 1.452301 99.776851 -7.013139 0.000438 -0.000460 
405 0.550639 0.000000 0.544613 99.861496 -7.226551 0.021288 -0.002454 
406 0.746027 0.000000 0.544613 99.855360 -7.238893 -0.026489 -0.002350 
407 0.550639 0.000000 0.726151 99.841005 -7.096635 0.061291 -0.001859 
408 0.452945 0.000000 0.272306 100.486707 -7.926287 -0.044953 -0.016041 
409 0.550639 0.000000 0.272306 101.175069 -11.972954 0.004647 -0.037975 
410 0.452945 0.000000 0.363075 100.364861 -7.497970 0.086823 -0.012933 
411 0.404098 0.000000 0.136153 98.226785 -12.465024 -0.001435 0.019612 
412 0.404098 0.000000 0.090769 101.212188 -12.451223 1.657225 -0.040169 
413 0.452945 0.000000 0.136153 99.145002 -10.731256 0.002831 0.005511 
414 0.404098 0.000000 0.181538 101.848106 -9.125810 -0.079242 -0.045632 
415 0.330828 0.000000 0.113461 104.386124 -12.618285 6.481673 -0.109770 
416 0.330828 0.000000 0.090769 104.380100 -12.618951 6.481275 -0.109645 
417 0.355251 0.000000 0.113461 105.191866 -12.608778 4.687479 -0.124628 
418 0.330828 0.000000 0.136153 102.855704 -10.549350 3.986797 -0.070648 
419 0.404098 0.000000 -0.045384 70.242206 -0.019809 0.703122 0.506554 
420 0.452945 0.000000 -0.045384 99.517128 -8.577194 -0.007026 0.002277 
421 0.404098 0.000000 0.000000 71.260944 0.002785 0.003053 0.492188 
422 0.379675 0.000000 -0.113461 104.547702 -12.631565 -2.227352 -0.109474 
423 0.379675 0.000000 -0.136153 104.081047 -10.767451 -1.107171 -0.095003 
424 0.404098 0.000000 -0.113461 100.926381 -12.577294 -1.852026 -0.034775 
425 0.379675 0.000000 -0.090769 104.245210 -12.637045 -2.221030 -0.103169 
426 0.330828 0.000000 -0.068077 72.882580 -0.038754 -3.075329 0.467867 
427 0.355251 0.000000 -0.068077 69.955637 -0.055423 -1.868269 0.510272 
428 0.330828 0.000000 -0.045384 73.450960 -0.070124 -1.987423 0.460100 
429 0.343039 0.000000 -0.102115 104.656541 -12.545560 -6.138064 -0.114806 
430 0.330828 0.000000 -0.102115 104.285722 -12.539195 -6.474613 -0.107466 
431 0.343039 0.000000 -0.113461 104.724669 -12.555040 -6.003263 -0.116092 
432 0.355251 0.000000 -0.102115 105.204304 -12.594189 -4.780180 -0.124941 
433 0.343039 0.000000 -0.090769 104.510108 -12.540463 -6.488481 -0.112173 
434 0.404098 0.000000 0.045384 70.307861 -0.005024 -0.709293 0.505630 
435 0.452945 0.000000 0.045384 99.476526 -8.569612 -0.004539 0.003098 
436 0.330828 0.000000 0.068077 73.013566 -0.102594 3.088008 0.465947 
437 0.330828 0.000000 0.045384 73.521980 -0.087628 1.985322 0.459057 
438 0.355251 0.000000 0.068077 70.013148 -0.058071 1.864173 0.509468 
439 0.379675 0.000000 0.113461 104.611647 -12.605043 2.227990 -0.110745 
440 0.379675 0.000000 0.090769 104.302627 -12.605415 2.221728 -0.104287 
441 0.404098 0.000000 0.113461 100.943354 -12.531665 1.851674 -0.035003 
442 0.379675 0.000000 0.136153 104.129880 -10.803072 1.106819 -0.096096 
443 0.343039 0.000000 0.102115 104.753650 -12.607739 6.143911 -0.117003 
444 0.330828 0.000000 0.102115 104.382616 -12.618673 6.481441 -0.109697 
445 0.343039 0.000000 0.090769 104.607544 -12.610396 6.494849 -0.114394 
446 0.355251 0.000000 0.102115 105.290809 -12.612436 4.782860 -0.126810 
447 0.343039 0.000000 0.113461 104.819417 -12.610614 6.008605 -0.118224 
448 1.527580 0.000000 -0.363075 99.712123 -7.711021 -0.192319 -0.000200 
449 1.527580 0.000000 -0.726151 99.758340 -7.201136 -0.060359 -0.000359 
450 1.918356 0.000000 -0.363075 99.952198 -7.408275 -0.091710 -0.004533 
451 1.527580 0.000000 0.000000 101.310800 -8.157926 -1.230804 -0.033194 
452 0.941416 0.000000 -0.181538 101.888816 -8.068568 0.035663 -0.044643 
453 0.941416 0.000000 -0.363075 99.672829 -7.563567 -0.032135 0.000812 
454 1.136804 0.000000 -0.181538 101.589060 -8.746568 0.277036 -0.039692 
455 0.941416 0.000000 0.000000 101.739468 -6.797430 0.242540 -0.039718 
456 0.648333 0.000000 -0.090769 101.388398 -7.496824 -0.023931 -0.033581 
457 0.648333 0.000000 -0.181538 101.505085 -8.500399 -0.004022 -0.037554 
458 0.746027 0.000000 -0.090769 101.781769 -6.892040 -0.037831 -0.040703 
459 0.648333 0.000000 0.000000 101.477798 -6.547881 -0.023879 -0.034062 
460 0.501792 0.000000 -0.136153 99.637670 -9.646640 -0.004140 -0.002072 
461 0.501792 0.000000 -0.181538 100.790037 -9.877929 0.001723 -0.025621 
462 0.550639 0.000000 -0.136153 101.211017 -7.218194 -0.017721 -0.029577 
463 0.501792 0.000000 -0.090769 99.634356 -9.537931 -0.005231 -0.001798 
464 0.428522 0.000000 -0.113461 98.575939 -12.203034 -0.973455 0.013292 
465 0.428522 0.000000 -0.136153 99.154431 -11.706583 0.001442 0.003135 
466 0.452945 0.000000 -0.113461 99.070393 -10.691011 0.000318 0.007076 
467 0.428522 0.000000 -0.090769 98.702423 -11.931043 -0.850356 0.011476 
468 0.379675 0.000000 -0.068077 69.129676 -0.030160 -0.394881 0.522093 
469 0.404098 0.000000 -0.068077 98.255732 -11.880884 0.000879 0.020466 
470 0.379675 0.000000 -0.045384 70.037106 -0.023859 -0.277368 0.509473 
471 0.391886 0.000000 -0.102115 102.957635 -12.647687 -2.048616 -0.076444 
472 0.379675 0.000000 -0.102115 104.555147 -12.631059 -2.227556 -0.109628 
473 0.391886 0.000000 -0.113461 102.817596 -12.643704 -1.999797 -0.073532 
474 0.404098 0.000000 -0.102115 101.005901 -12.587451 -1.883093 -0.036418 
475 0.391886 0.000000 -0.090769 102.628674 -12.637119 -1.924843 -0.069605 
476 0.379675 0.000000 0.068077 69.190252 -0.012546 0.405442 0.521254 
477 0.379675 0.000000 0.045384 70.110592 -0.026052 0.276255 0.508443 
478 0.404098 0.000000 0.068077 98.230760 -11.866566 -0.002508 0.020990 
479 1.527580 0.000000 0.363075 99.773816 -7.706399 -0.331360 -0.001431 
480 1.918356 0.000000 0.363075 99.933629 -7.486584 -0.232557 -0.004283 
481 1.527580 0.000000 0.726151 99.813706 -7.211732 -0.088181 -0.001479 
482 0.941416 0.000000 0.181538 101.781480 -8.076465 0.077079 -0.042470 
483 1.136804 0.000000 0.181538 101.421727 -8.750255 0.336638 -0.036305 
484 0.941416 0.000000 0.363075 99.801329 -7.586619 0.026813 -0.001786 
485 0.648333 0.000000 0.090769 101.342632 -7.495687 -0.011745 -0.032651 
486 0.746027 0.000000 0.090769 101.738923 -6.893018 -0.026138 -0.039832 
487 0.648333 0.000000 0.181538 101.419227 -8.500475 0.017990 -0.035812 
488 0.501792 0.000000 0.136153 99.593015 -9.637795 0.001937 -0.001166 
489 0.501792 0.000000 0.090769 99.600785 -9.528104 -0.005523 -0.001110 
490 0.550639 0.000000 0.136153 101.156620 -7.213868 -0.005401 -0.028470 
491 0.501792 0.000000 0.181538 100.728972 -9.871142 0.012453 -0.024377 
492 0.428522 0.000000 0.113461 98.575127 -12.179254 0.973794 0.013366 
493 0.428522 0.000000 0.090769 98.695806 -11.909119 0.851748 0.011659 
494 0.452945 0.000000 0.113461 99.033303 -10.680082 0.002081 0.007834 
495 0.428522 0.000000 0.136153 99.120220 -11.693301 0.000874 0.003845 
496 0.391886 0.000000 0.102115 102.991493 -12.602672 2.049052 -0.077027 
497 0.379675 0.000000 0.102115 104.619427 -12.604923 2.228197 -0.110907 
498 0.391886 0.000000 0.090769 102.660185 -12.595737 1.925096 -0.070147 
499 0.404098 0.000000 0.102115 101.023448 -12.541120 1.882767 -0.036656 
500 0.391886 0.000000 0.113461 102.850536 -12.600231 2.000152 -0.074100 
501 1.332192 0.000000 -0.181538 101.279308 -9.190997 -0.719413 -0.034249 
502 1.332192 0.000000 -0.363075 99.728870 -7.662080 -0.114932 -0.000457 
503 1.527580 0.000000 -0.181538 101.544811 -9.340435 -0.936451 -0.039947 
504 1.332192 0.000000 0.000000 100.944418 -7.318624 -0.999587 -0.024434 
505 1.332192 0.000000 0.181538 101.206089 -9.757113 -0.882334 -0.033865 
506 1.527580 0.000000 0.181538 101.463475 -10.494860 -1.157424 -0.040632 
507 1.332192 0.000000 0.363075 99.954908 -7.670593 -0.320937 -0.004992 
508 1.234498 0.000000 -0.090769 98.950673 -11.388828 -0.109783 0.007905 
509 1.136804 0.000000 -0.090769 100.586826 -8.315474 0.403083 -0.018702 
510 1.234498 0.000000 -0.181538 100.519478 -12.410097 0.016485 -0.025818 
511 1.332192 0.000000 -0.090769 99.892650 -9.883932 -0.517969 -0.007650 
512 1.234498 0.000000 0.000000 80.892887 -0.017883 0.174159 0.345631 
513 1.234498 0.000000 0.090769 99.406488 -11.482270 -0.104655 -0.001350 
514 1.136804 0.000000 0.090769 100.694970 -8.329149 0.415567 -0.020902 
515 1.332192 0.000000 0.090769 100.078732 -10.118153 -0.546669 -0.011843 
516 1.234498 0.000000 0.181538 100.677833 -12.427090 0.022943 -0.029046 
517 4.263014 0.000000 -8.713807 99.756142 -6.977334 -0.000585 0.000003 
518 4.263014 0.000000 -11.618409 99.756265 -6.976342 -0.000303 0.000002 
519 7.389224 0.000000 -8.713807 99.756130 -6.977668 -0.000842 0.000003 
520 2.699909 0.000000 -4.356903 99.758649 -6.990886 -0.001041 -0.000066 
521 2.699909 0.000000 -5.809205 99.755842 -6.980269 -0.001091 0.000005 
522 4.263014 0.000000 -4.356903 99.755094 -6.987393 -0.003054 0.000010 
523 1.918356 0.000000 -2.178452 99.767680 -7.010714 -0.001508 -0.000274 
524 1.918356 0.000000 -2.904602 99.755441 -6.983359 -0.002070 0.000008 
525 2.699909 0.000000 -2.178452 99.753271 -7.020162 -0.005344 0.000000 
526 1.527580 0.000000 -1.089226 99.773130 -7.082720 -0.023486 -0.000484 
527 1.527580 0.000000 -1.452301 99.774100 -7.038773 -0.009184 -0.000442 
528 1.918356 0.000000 -1.089226 99.759277 -7.121832 -0.002315 -0.000263 
529 1.332192 0.000000 -0.544613 99.731860 -7.289870 -0.086297 0.000041 
530 1.136804 0.000000 -0.544613 99.717442 -7.252038 -0.075421 0.000383 
531 1.332192 0.000000 -0.726151 99.748689 -7.170085 -0.046168 -0.000121 
532 1.527580 0.000000 -0.544613 99.727882 -7.339302 -0.088953 0.000048 
533 1.234498 0.000000 -0.272306 99.867220 -8.115798 -0.210431 -0.003937 
534 1.136804 0.000000 -0.272306 101.532040 -12.097578 0.028265 -0.045511 
535 1.234498 0.000000 -0.363075 99.733032 -7.635352 -0.148218 -0.000500 
536 1.332192 0.000000 -0.272306 101.369153 -12.799327 -0.057020 -0.043953 
537 10.515434 0.000000 -2.904602 99.754588 -6.999307 -0.017196 0.000003 
538 10.515434 0.000000 -5.809205 99.755876 -6.981324 -0.002960 0.000003 
539 13.641644 0.000000 -2.904602 99.754911 -6.995857 -0.020028 0.000002 
540 10.515434 0.000000 0.000000 99.828968 -5.935738 0.219808 -0.000110 
541 5.826119 0.000000 -1.452301 99.747819 -7.090275 -0.060421 0.000010 
542 5.826119 0.000000 -2.904602 99.753786 -7.003572 -0.011179 0.000013 
543 7.389224 0.000000 -1.452301 99.749406 -7.068979 -0.073646 0.000008 
544 5.826119 0.000000 0.000000 99.997544 -3.515892 3.025218 -0.002102 
545 3.481461 0.000000 -0.726151 99.717755 -7.370710 -0.131515 0.000202 
546 3.481461 0.000000 -1.452301 99.743531 -7.092160 -0.030607 0.000093 
547 4.263014 0.000000 -0.726151 99.724775 -7.351399 -0.180494 0.000089 
548 3.481461 0.000000 0.000000 100.017280 -2.973844 -1.156590 -0.001364 
549 2.309132 0.000000 -0.363075 99.192137 -7.440260 0.009599 0.010556 
550 2.309132 0.000000 -0.726151 99.678761 -7.351141 -0.000158 0.001011 
551 2.699909 0.000000 -0.363075 99.675105 -7.370214 -0.000484 0.001055 
552 2.309132 0.000000 0.000000 127.046149 -3.441674 -0.879881 -0.615334 
553 1.722968 0.000000 -0.181538 101.622298 -9.198474 -1.098397 -0.041291 
554 1.722968 0.000000 -0.363075 99.669182 -7.726189 -0.159615 0.000633 
555 1.918356 0.000000 -0.181538 101.020251 -9.218250 -1.204809 -0.029152 
556 1.722968 0.000000 0.000000 101.452503 -9.357592 -1.626823 -0.038282 
557 1.429886 0.000000 -0.090769 101.197556 -9.445196 -0.695099 -0.033064 
558 1.429886 0.000000 -0.181538 101.310481 -9.413576 -0.618587 -0.035281 
559 1.527580 0.000000 -0.090769 101.437350 -9.109222 -0.950026 -0.037342 
560 1.429886 0.000000 0.000000 100.944050 -7.317197 -0.999608 -0.024424 
561 1.283345 0.000000 -0.136153 99.393571 -10.856607 -0.398421 0.000289 
562 1.234498 0.000000 -0.136153 99.154718 -11.627645 -0.075775 0.003313 
563 1.283345 0.000000 -0.181538 100.080601 -11.725390 -0.280428 -0.015369 
564 1.332192 0.000000 -0.136153 99.991326 -9.508383 -0.529776 -0.008896 
565 1.283345 0.000000 -0.090769 99.120100 -10.574141 -0.417866 0.006322 
566 10.515434 0.000000 2.904602 99.753653 -7.013625 0.007848 0.000002 
567 13.641644 0.000000 2.904602 99.753865 -7.011234 0.012491 0.000001 
568 10.515434 0.000000 5.809205 99.755614 -6.986543 0.000297 0.000001 
569 5.826119 0.000000 1.452301 99.745346 -7.125745 0.020083 0.000009 
570 7.389224 0.000000 1.452301 99.746596 -7.110844 0.038428 0.000005 
571 5.826119 0.000000 2.904602 99.753377 -7.015125 -0.000507 0.000005 
572 3.481461 0.000000 0.726151 99.709761 -7.468283 -0.017477 0.000219 
573 4.263014 0.000000 0.726151 99.716386 -7.468611 0.045695 0.000086 
574 3.481461 0.000000 1.452301 99.741175 -7.116651 -0.014315 0.000105 
575 2.309132 0.000000 0.363075 99.313579 -7.615182 -0.422747 0.007864 
576 2.699909 0.000000 0.363075 99.689996 -7.616240 -0.439152 0.000370 
577 2.309132 0.000000 0.726151 99.749651 -7.408380 -0.175237 -0.000491 
578 1.722968 0.000000 0.181538 101.537380 -11.393447 -1.402546 -0.044162 
579 1.918356 0.000000 0.181538 101.070594 -13.263109 -1.762232 -0.039428 
580 1.722968 0.000000 0.363075 99.650991 -7.800119 -0.299748 0.000875 
581 1.429886 0.000000 0.090769 101.133555 -9.896611 -0.763963 -0.032652 
582 1.527580 0.000000 0.090769 101.353820 -9.438907 -0.994062 -0.036268 
583 1.429886 0.000000 0.181538 101.193459 -9.975365 -0.790321 -0.034025 
584 4.263014 0.000000 8.713807 99.756342 -6.979499 -0.000540 -0.000004 
585 7.389224 0.000000 8.713807 99.756140 -6.980388 -0.000388 -0.000001 
586 4.263014 0.000000 11.618409 99.756381 -6.977863 -0.000282 -0.000003 
587 2.699909 0.000000 4.356903 99.757502 -6.984871 -0.002984 -0.000035 
588 4.263014 0.000000 4.356903 99.755509 -6.992838 -0.002214 -0.000006 
589 2.699909 0.000000 5.809205 99.756567 -6.983134 -0.001402 -0.000014 
590 1.918356 0.000000 2.178452 99.769400 -7.015642 -0.016536 -0.000315 
591 2.699909 0.000000 2.178452 99.753272 -7.030903 -0.014715 -0.000015 
592 1.918356 0.000000 2.904602 99.764751 -6.999960 -0.009841 -0.000201 
593 1.527580 0.000000 1.089226 99.783062 -7.083974 -0.047810 -0.000684 
594 1.918356 0.000000 1.089226 99.772426 -7.127208 -0.071066 -0.000534 
595 1.527580 0.000000 1.452301 99.774551 -7.038673 -0.027985 -0.000450 
596 1.332192 0.000000 0.544613 99.869754 -7.311314 -0.136978 -0.002744 
597 1.136804 0.000000 0.544613 99.875772 -7.271488 -0.052662 -0.002805 
598 1.527580 0.000000 0.544613 99.795687 -7.360188 -0.169321 -0.001338 
599 1.332192 0.000000 0.726151 99.820046 -7.166677 -0.078326 -0.001541 
600 1.234498 0.000000 0.272306 100.307063 -8.133282 -0.223681 -0.012771 
601 1.136804 0.000000 0.272306 101.552242 -12.106388 0.037365 -0.045942 
602 1.332192 0.000000 0.272306 101.219429 -13.057006 -0.062796 -0.041586 
603 1.234498 0.000000 0.363075 100.050988 -7.641862 -0.160196 -0.006862 
604 1.283345 0.000000 0.136153 99.720252 -11.155854 -0.458099 -0.006879 
605 1.234498 0.000000 0.136153 99.561303 -11.706019 -0.068597 -0.004949 
606 1.283345 0.000000 0.090769 99.507419 -10.825506 -0.486277 -0.001915 
607 1.332192 0.000000 0.136153 100.144029 -9.848420 -0.649845 -0.012624 
608 1.283345 0.000000 0.181538 100.237405 -12.131765 -0.325830 -0.019482 
609 2.113744 0.000000 -0.181538 101.107853 -6.163013 3.139931 -0.027064 
610 2.113744 0.000000 -0.363075 99.790494 -7.320255 0.452624 -0.001193 
611 2.309132 0.000000 -0.181538 97.726910 -5.831858 -1.433750 0.041338 
612 2.113744 0.000000 0.000000 86.631717 0.772606 0.161945 0.249432 
613 2.113744 0.000000 0.181538 101.586785 -6.355342 -3.367451 -0.037160 
614 2.309132 0.000000 0.181538 98.022170 -6.053529 0.635552 0.035460 
615 2.113744 0.000000 0.363075 99.912976 -7.444613 -0.750095 -0.003859 
616 2.016050 0.000000 -0.090769 99.990190 -9.099676 -1.180175 -0.008224 
617 1.918356 0.000000 -0.090769 101.055271 -9.628170 -1.508409 -0.030714 
618 2.016050 0.000000 -0.181538 100.485921 -9.196491 -0.300025 -0.018209 
619 2.113744 0.000000 -0.090769 106.687439 -8.020043 11.176632 -0.157145 
620 2.016050 0.000000 0.000000 101.003291 -9.763573 -1.847868 -0.030041 
621 2.016050 0.000000 0.090769 99.872585 -10.380619 -0.616212 -0.008267 
622 1.918356 0.000000 0.090769 101.025779 -11.142557 -1.716624 -0.033331 
623 2.113744 0.000000 0.090769 107.879694 -8.479733 -11.312627 -0.183791 
624 2.016050 0.000000 0.181538 100.343479 -11.650640 -0.611715 -0.020493 
625 2.309132 0.000000 -1.089226 99.734952 -7.152307 -0.004362 0.000178 
626 2.309132 0.000000 -1.452301 99.760761 -7.074054 -0.004477 -0.000225 
627 2.699909 0.000000 -1.089226 99.732833 -7.173302 -0.024094 0.000191 
628 2.113744 0.000000 -0.544613 99.585010 -7.447593 0.058364 0.002736 
629 1.918356 0.000000 -0.544613 99.667088 -7.412045 -0.039862 0.001153 
630 2.113744 0.000000 -0.726151 99.736029 -7.305128 0.021431 -0.000064 
631 2.309132 0.000000 -0.544613 99.585084 -7.518057 0.032559 0.002629 
632 2.016050 0.000000 -0.272306 100.260948 -6.657874 0.216048 -0.009663 
633 1.918356 0.000000 -0.272306 101.175604 -11.402491 -0.528372 -0.036680 
634 2.016050 0.000000 -0.363075 100.005788 -7.267087 0.114210 -0.005398 
635 2.113744 0.000000 -0.272306 99.743864 -6.799324 1.051530 0.000383 
636 3.090685 0.000000 -0.363075 99.711238 -7.366492 0.171989 0.000337 
637 3.090685 0.000000 -0.726151 99.710698 -7.379979 -0.103498 0.000330 
638 3.481461 0.000000 -0.363075 99.705228 -7.510039 0.315618 0.000237 
639 3.090685 0.000000 0.000000 99.954598 -3.132364 -0.967621 -0.000167 
640 2.504521 0.000000 -0.181538 99.919510 -5.394852 -0.412551 -0.001318 
641 2.504521 0.000000 -0.363075 99.529077 -7.343466 -0.132576 0.004002 
642 2.699909 0.000000 -0.181538 99.847856 -5.212531 0.074813 0.000323 
643 2.504521 0.000000 0.000000 100.657985 -3.394855 -0.890626 -0.014435 
644 2.211438 0.000000 -0.090769 90.190691 -7.451349 16.308809 0.154414 
645 2.211438 0.000000 -0.181538 96.819037 -6.081659 2.791604 0.058129 
646 2.309132 0.000000 -0.090769 104.244345 -4.438864 -13.706228 -0.107445 
647 2.211438 0.000000 0.000000 128.632175 -0.392528 -0.153655 -0.654641 
648 2.064897 0.000000 -0.136153 100.185879 -8.467048 -0.263093 -0.010897 
649 2.016050 0.000000 -0.136153 99.984977 -10.059110 -1.205621 -0.009963 
650 2.064897 0.000000 -0.181538 101.597737 -5.744182 1.264064 -0.035669 
651 2.113744 0.000000 -0.136153 103.863030 -6.690066 6.131116 -0.086988 
652 2.064897 0.000000 -0.090769 100.354926 -8.368987 2.196959 -0.014598 
653 3.090685 0.000000 0.363075 99.694207 -7.685450 -0.568801 0.000168 
654 3.481461 0.000000 0.363075 99.677495 -7.881493 -0.640379 0.000187 
655 3.090685 0.000000 0.726151 99.701912 -7.463421 -0.050484 0.000382 
656 2.504521 0.000000 0.181538 99.961688 -5.744207 -0.416054 -0.002551 
657 2.699909 0.000000 0.181538 99.851849 -5.623407 -0.895601 -0.000282 
658 2.504521 0.000000 0.363075 99.584356 -7.537602 -0.313887 0.002604 
659 2.211438 0.000000 0.090769 90.999080 -7.916352 -16.468848 0.138528 
660 2.309132 0.000000 0.090769 104.482952 -4.728685 12.120845 -0.108596 
661 2.211438 0.000000 0.181538 97.245877 -6.321020 -3.300007 0.049239 
662 2.309132 0.000000 1.089226 99.746875 -7.176929 -0.076705 -0.000095 
663 2.699909 0.000000 1.089226 99.728436 -7.204035 -0.054351 0.000234 
664 2.309132 0.000000 1.452301 99.758324 -7.085052 -0.040433 -0.000192 
665 2.113744 0.000000 0.544613 99.688600 -7.497847 -0.282387 0.000589 
666 1.918356 0.000000 0.544613 99.730937 -7.453683 -0.177261 -0.000185 
667 2.309132 0.000000 0.544613 99.677210 -7.585069 -0.294190 0.000683 
668 2.113744 0.000000 0.726151 99.809079 -7.340099 -0.174540 -0.001576 
669 2.016050 0.000000 0.272306 100.356384 -6.744728 -0.454254 -0.011710 
670 1.918356 0.000000 0.272306 101.077303 -15.726841 -1.119576 -0.046521 
671 2.113744 0.000000 0.272306 99.990554 -6.942418 -1.341313 -0.004811 
672 2.016050 0.000000 0.363075 100.051689 -7.370409 -0.402153 -0.006483 
673 2.064897 0.000000 0.136153 99.923187 -9.239968 -0.160825 -0.007005 
674 2.016050 0.000000 0.136153 99.878768 -11.719671 -0.610620 -0.011349 
675 2.064897 0.000000 0.090769 100.424216 -9.081278 -2.862462 -0.017569 
676 2.113744 0.000000 0.136153 104.648985 -7.024540 -6.328777 -0.104081 
677 2.064897 0.000000 0.181538 101.974722 -5.923206 -1.322210 -0.043568 
678 2.211438 0.000000 -0.272306 98.580680 -6.941049 0.995054 0.023268 
679 2.211438 0.000000 -0.363075 99.369584 -7.396975 0.392860 0.007082 
680 2.309132 0.000000 -0.272306 98.690884 -6.868293 -0.109138 0.021292 
681 2.162591 0.000000 -0.136153 98.939261 -6.681814 7.999428 0.010239 
682 2.162591 0.000000 -0.181538 98.981225 -6.272117 3.905562 0.014812 
683 2.211438 0.000000 -0.136153 94.217644 -6.183262 6.047980 0.104822 
684 2.162591 0.000000 -0.090769 99.287980 -8.109206 15.549412 -0.016565 
685 2.064897 0.000000 -0.045384 100.090982 -8.340116 -0.259098 -0.008783 
686 2.016050 0.000000 -0.045384 100.282745 -9.443882 -1.840627 -0.014920 
687 2.113744 0.000000 -0.045384 85.108205 0.823012 3.890100 0.274078 
688 2.064897 0.000000 0.000000 81.293572 0.703272 0.322724 0.339076 
689 2.089321 0.000000 -0.113461 104.727939 -7.413184 5.416431 -0.105223 
690 2.064897 0.000000 -0.113461 101.449813 -7.655379 3.808800 -0.036518 
691 2.089321 0.000000 -0.136153 99.753355 -6.795936 -0.048006 0.000308 
692 2.113744 0.000000 -0.113461 106.745835 -8.015948 11.036494 -0.158073 
693 2.089321 0.000000 -0.090769 104.521581 -7.448739 5.173816 -0.100701 
694 2.064897 0.000000 0.045384 99.828788 -8.981305 -0.126879 -0.004647 
695 2.016050 0.000000 0.045384 100.180096 -10.485193 -1.195659 -0.014742 
696 2.113744 0.000000 0.045384 84.589116 0.890956 -3.582414 0.283105 
697 2.211438 0.000000 0.272306 98.839219 -7.077308 -1.420017 0.017870 
698 2.309132 0.000000 0.272306 98.863073 -7.090930 -0.432527 0.017562 
699 2.211438 0.000000 0.363075 99.528213 -7.555885 -0.764926 0.003646 
700 2.162591 0.000000 0.136153 99.598039 -7.044811 -8.365555 -0.003938 
701 2.162591 0.000000 0.090769 100.142311 -8.570748 -15.699001 -0.034840 
702 2.211438 0.000000 0.136153 94.881443 -6.516457 -6.553542 0.091210 
703 2.162591 0.000000 0.181538 99.434938 -6.497142 -4.280746 0.005216 
704 2.089321 0.000000 0.113461 105.550364 -7.863595 -5.542766 -0.123344 
705 2.064897 0.000000 0.113461 101.769551 -8.225056 -4.193591 -0.044228 
706 2.089321 0.000000 0.090769 105.299047 -7.909264 -5.314185 -0.117869 
707 2.113744 0.000000 0.113461 107.940275 -8.475000 -11.171072 -0.184772 
708 2.089321 0.000000 0.136153 99.558165 -7.179801 -0.049499 0.003662 
709 2.162591 0.000000 -0.045384 101.680521 0.368101 7.638555 -0.039741 
710 2.211438 0.000000 -0.045384 129.081126 -0.285188 10.190552 -0.676587 
711 2.162591 0.000000 0.000000 103.158731 0.289072 0.003217 -0.064181 
712 2.138168 0.000000 -0.113461 102.767755 -8.197737 15.184993 -0.085900 
713 2.138168 0.000000 -0.136153 101.426259 -6.775701 7.785528 -0.039381 
714 2.162591 0.000000 -0.113461 99.301891 -7.559792 11.585500 -0.005224 
715 2.138168 0.000000 -0.090769 102.435566 -8.205550 15.135958 -0.078947 
716 2.089321 0.000000 -0.068077 99.753281 -6.799492 -0.048395 0.000305 
717 2.064897 0.000000 -0.068077 99.912791 -11.327300 -1.351597 -0.011270 
718 2.113744 0.000000 -0.068077 82.748773 0.899568 5.806095 0.311812 
719 2.089321 0.000000 -0.045384 81.246948 0.841503 1.920379 0.339454 
720 2.101533 0.000000 -0.102115 107.091395 -7.738364 7.890494 -0.159071 
721 2.089321 0.000000 -0.102115 105.701925 -7.478109 5.897818 -0.126360 
722 2.101533 0.000000 -0.113461 107.274980 -7.731824 7.388738 -0.162230 
723 2.113744 0.000000 -0.102115 106.680194 -8.036285 11.635532 -0.158063 
724 2.101533 0.000000 -0.090769 107.383654 -7.796136 7.962066 -0.165542 
725 2.162591 0.000000 0.045384 101.382819 0.490374 -7.588048 -0.033629 
726 2.211438 0.000000 0.045384 128.547034 -0.284574 -10.373586 -0.663203 
727 2.089321 0.000000 0.068077 99.558002 -7.184197 -0.049828 0.003659 
728 2.064897 0.000000 0.068077 99.739169 -12.613155 -0.308111 -0.010709 
729 2.089321 0.000000 0.045384 80.614171 0.962428 -1.420396 0.349841 
730 2.113744 0.000000 0.068077 82.041368 1.024629 -5.556794 0.323729 
731 2.138168 0.000000 0.113461 103.750594 -8.671430 -15.344444 -0.107483 
732 2.138168 0.000000 0.090769 103.389969 -8.674641 -15.291418 -0.099856 
733 2.162591 0.000000 0.113461 100.078466 -8.010050 -11.860035 -0.022052 
734 2.138168 0.000000 0.136153 102.120929 -7.108250 -8.074960 -0.054442 
735 2.101533 0.000000 0.102115 108.259098 -8.179510 -7.989015 -0.185076 
736 2.089321 0.000000 0.102115 106.662103 -7.919104 -6.003879 -0.147556 
737 2.101533 0.000000 0.090769 108.576895 -8.237139 -8.062370 -0.192179 
738 2.113744 0.000000 0.102115 107.875389 -8.495439 -11.777195 -0.184797 
739 2.101533 0.000000 0.113461 108.437767 -8.168756 -7.482712 -0.188147 
740 2.138168 0.000000 -0.068077 90.260801 0.718288 8.884746 0.177353 
741 2.162591 0.000000 -0.068077 99.636279 0.460271 11.396438 -0.005748 
742 2.138168 0.000000 -0.045384 91.958794 0.620207 5.924501 0.150810 
743 2.125956 0.000000 -0.102115 103.899760 -8.154412 15.063525 -0.108856 
744 2.125956 0.000000 -0.113461 104.682634 -8.135521 14.316810 -0.122961 
745 2.138168 0.000000 -0.102115 102.569180 -8.202734 15.155653 -0.081742 
746 2.125956 0.000000 -0.090769 104.571609 -8.138889 14.401159 -0.120886 
747 2.138168 0.000000 0.068077 89.738647 0.823412 -8.749929 0.186974 
748 2.138168 0.000000 0.045384 91.659739 0.720785 -5.772785 0.156465 
749 2.162591 0.000000 0.068077 99.156692 0.485956 -11.365090 0.003855 
750 2.125956 0.000000 0.102115 104.965206 -8.645900 -15.231745 -0.132445 
751 2.125956 0.000000 0.090769 105.666383 -8.617198 -14.564434 -0.145176 
752 2.138168 0.000000 0.102115 103.535085 -8.673464 -15.312715 -0.102922 
753 2.125956 0.000000 0.113461 105.783509 -8.613336 -14.479773 -0.147400 
754 2.406827 0.000000 -0.090769 101.646423 -4.186213 -2.034412 -0.035366 
755 2.406827 0.000000 -0.181538 99.790593 -5.492403 -1.127014 0.001040 
756 2.504521 0.000000 -0.090769 100.401545 -3.889440 -0.622243 -0.009599 
757 2.406827 0.000000 0.000000 103.569812 -3.705838 -0.941674 -0.074133 
758 2.260285 0.000000 -0.136153 91.964519 -5.542946 -0.497592 0.151156 
759 2.260285 0.000000 -0.181538 96.135919 -5.944882 0.277237 0.072247 
760 2.309132 0.000000 -0.136153 97.455455 -5.158770 -4.627586 0.045441 
761 2.260285 0.000000 -0.090769 76.466642 -6.466059 12.628110 0.395157 
762 2.187015 0.000000 -0.113461 96.070616 -7.097202 11.485657 0.058815 
763 2.187015 0.000000 -0.136153 96.497451 -6.475304 7.488001 0.059024 
764 2.211438 0.000000 -0.113461 91.665477 -6.627931 9.658989 0.146021 
765 2.187015 0.000000 -0.090769 93.691856 -7.758120 17.101505 0.086919 
766 2.150380 0.000000 -0.102115 101.527087 -8.207909 15.001934 -0.060018 
767 2.150380 0.000000 -0.113461 101.885487 -8.217107 15.054877 -0.067482 
768 2.162591 0.000000 -0.102115 99.351423 -8.111866 15.699098 -0.018297 
769 2.150380 0.000000 -0.090769 100.890216 -8.181304 15.198706 -0.047677 
770 2.406827 0.000000 0.090769 101.709481 -4.534121 0.663961 -0.036582 
771 2.504521 0.000000 0.090769 100.420044 -4.275216 -0.682190 -0.010293 
772 2.406827 0.000000 0.181538 99.882893 -5.825456 0.276524 -0.001060 
773 2.260285 0.000000 0.136153 92.624646 -5.816795 -0.297045 0.138675 
774 2.260285 0.000000 0.090769 77.754860 -7.090020 -12.853212 0.373871 
775 2.309132 0.000000 0.136153 97.813861 -5.423538 3.581597 0.039021 
776 2.260285 0.000000 0.181538 96.534265 -6.177897 -0.942821 0.064208 
777 2.187015 0.000000 0.113461 96.770634 -7.540162 -11.842823 0.043834 
778 2.187015 0.000000 0.090769 94.501747 -8.242250 -17.264482 0.070342 
779 2.211438 0.000000 0.113461 92.399004 -7.057650 -10.088891 0.131083 
780 2.187015 0.000000 0.136153 97.141675 -6.847708 -7.920548 0.045387 
781 2.150380 0.000000 0.102115 102.417124 -8.668242 -15.148513 -0.079388 
782 2.150380 0.000000 0.090769 101.771100 -8.641450 -15.346688 -0.066755 
783 2.162591 0.000000 0.102115 100.209310 -8.577104 -15.850450 -0.036671 
784 2.150380 0.000000 0.113461 102.792532 -8.679475 -15.203739 -0.087279 
785 2.260285 0.000000 -0.045384 159.026267 -1.939235 1.537878 -1.529548 
786 2.309132 0.000000 -0.045384 123.645715 -3.634949 -11.174413 -0.542634 
787 2.260285 0.000000 0.000000 147.467513 -2.013130 -0.525464 -1.175100 
788 2.187015 0.000000 -0.068077 112.021550 0.161175 14.356610 -0.275497 
789 2.211438 0.000000 -0.068077 128.989467 -0.161227 16.923238 -0.692470 
790 2.187015 0.000000 -0.045384 114.087767 0.063847 9.289708 -0.310232 
791 2.174803 0.000000 -0.102115 96.408212 -7.947282 16.589528 0.036709 
792 2.174803 0.000000 -0.113461 97.824408 -7.323151 11.759380 0.023847 
793 2.187015 0.000000 -0.102115 93.706056 -7.763324 17.104179 0.086635 
794 2.174803 0.000000 -0.090769 96.039348 -7.925021 16.711569 0.043436 
795 2.260285 0.000000 0.045384 157.839777 -2.051279 -2.413344 -1.492343 
796 2.309132 0.000000 0.045384 123.439669 -3.830253 9.384505 -0.534009 
797 2.187015 0.000000 0.068077 111.498043 0.211379 -14.368257 -0.263831 
798 2.187015 0.000000 0.045384 113.634342 0.106915 -9.354251 -0.300028 
799 2.211438 0.000000 0.068077 128.277333 -0.149338 -16.948285 -0.674234 
800 2.174803 0.000000 0.102115 97.240640 -8.427659 -16.748711 0.019271 
801 2.174803 0.000000 0.090769 96.869524 -8.409193 -16.871932 0.026092 
802 2.187015 0.000000 0.102115 94.517187 -8.253848 -17.267324 0.070021 
803 2.174803 0.000000 0.113461 98.587328 -7.771034 -12.088241 0.007402 
804 2.235862 0.000000 -0.068077 79.283232 -6.707905 13.093038 0.349775 
805 2.235862 0.000000 -0.090769 80.225581 -6.781812 13.247627 0.334236 
806 2.260285 0.000000 -0.068077 75.290216 -6.398182 12.432660 0.413588 
807 2.235862 0.000000 -0.045384 144.980504 -0.900771 9.082613 -1.110265 
808 2.235862 0.000000 -0.113461 88.561454 -6.087569 5.623280 0.208819 
809 2.235862 0.000000 -0.136153 92.415239 -5.868925 3.348107 0.141377 
810 2.260285 0.000000 -0.113461 86.021765 -5.525852 -1.017744 0.256869 
811 2.223650 0.000000 -0.079423 84.861263 -7.098327 14.586107 0.253543 
812 2.211438 0.000000 -0.079423 89.815628 -7.426921 16.195773 0.161569 
813 2.223650 0.000000 -0.090769 84.857144 -7.097694 14.483899 0.253910 
814 2.235862 0.000000 -0.079423 80.110338 -6.773558 13.228702 0.336145 
815 2.223650 0.000000 -0.068077 138.081841 -0.410871 15.941407 -0.932089 
816 2.235862 0.000000 0.068077 80.449188 -7.265909 -13.297858 0.329830 
817 2.235862 0.000000 0.045384 144.188392 -0.944988 -9.469942 -1.088087 
818 2.260285 0.000000 0.068077 76.626028 -7.072125 -12.665491 0.391802 
819 2.235862 0.000000 0.090769 81.347062 -7.337382 -13.445428 0.314804 
820 2.235862 0.000000 0.113461 89.374238 -6.460682 -6.186597 0.193223 
821 2.260285 0.000000 0.113461 86.926252 -5.846212 0.167308 0.240962 
822 2.235862 0.000000 0.136153 93.089542 -6.178291 -3.965201 0.128044 
823 2.223650 0.000000 0.079423 85.810871 -7.617730 -14.761565 0.236056 
824 2.211438 0.000000 0.079423 90.632274 -7.897089 -16.356731 0.145588 
825 2.223650 0.000000 0.068077 137.219894 -0.415142 -16.034213 -0.908657 
826 2.235862 0.000000 0.079423 81.236998 -7.329698 -13.427335 0.316653 
827 2.223650 0.000000 0.090769 85.801712 -7.618321 -14.657557 0.236518 
828 2.357979 0.000000 -0.045384 107.537713 -3.690025 -3.548596 -0.159057 
829 2.357979 0.000000 -0.090769 103.412915 -4.265054 -4.159207 -0.072972 
830 2.406827 0.000000 -0.045384 103.056184 -3.729091 -1.721486 -0.063745 
831 2.357979 0.000000 0.000000 109.159046 -3.602291 -0.921608 -0.192952 
832 2.284709 0.000000 -0.068077 144.045090 -3.750596 -39.938480 -1.235814 
833 2.284709 0.000000 -0.090769 89.946652 -4.721188 -27.630361 0.112387 
834 2.309132 0.000000 -0.068077 115.199065 -3.981387 -15.751123 -0.353477 
835 2.284709 0.000000 -0.045384 146.704323 -3.116798 -13.796270 -1.172221 
836 2.248074 0.000000 -0.079423 77.877267 -6.581315 12.861830 0.372639 
837 2.248074 0.000000 -0.090769 78.130605 -6.604632 12.903415 0.368549 
838 2.260285 0.000000 -0.079423 75.741362 -6.417749 12.507640 0.406562 
839 2.248074 0.000000 -0.068077 77.378709 -6.538354 12.779556 0.380647 
840 2.357979 0.000000 0.045384 107.562694 -3.920189 1.844640 -0.158850 
841 2.406827 0.000000 0.045384 103.087574 -3.974249 0.001758 -0.064284 
842 2.357979 0.000000 0.090769 103.553870 -4.530041 2.779403 -0.075165 
843 2.284709 0.000000 0.068077 143.103251 -3.989001 37.455326 -1.189735 
844 2.284709 0.000000 0.045384 145.905213 -3.271015 12.130779 -1.144619 
845 2.309132 0.000000 0.068077 115.128902 -4.256272 13.960573 -0.346768 
846 2.284709 0.000000 0.090769 90.773528 -5.038403 25.677177 0.107546 
847 2.248074 0.000000 0.079423 79.109937 -7.156147 -13.077267 0.351939 
848 2.248074 0.000000 0.068077 78.633168 -7.124444 -12.998596 0.359710 
849 2.260285 0.000000 0.079423 77.057890 -7.072236 -12.737530 0.384982 
850 2.248074 0.000000 0.090769 79.350763 -7.177823 -13.116897 0.347988 
851 5.044566 0.000000 -0.726151 99.728574 -7.331418 -0.225828 0.000041 
852 5.044566 0.000000 -1.452301 99.746404 -7.086219 -0.051998 0.000044 
853 5.826119 0.000000 -0.726151 99.732363 -7.309073 -0.267508 -0.000004 
854 5.044566 0.000000 0.000000 100.040092 -2.871982 -2.427053 -0.002216 
855 3.872238 0.000000 -0.363075 99.695631 -7.717128 0.399302 0.000107 
856 3.872238 0.000000 -0.726151 99.722011 -7.363778 -0.157195 0.000127 
857 4.263014 0.000000 -0.363075 99.678437 -8.003373 0.405899 -0.000001 
858 3.872238 0.000000 0.000000 100.022770 -3.027083 -1.620287 -0.001634 
859 5.044566 0.000000 0.726151 99.719645 -7.457744 0.107021 0.000036 
860 5.826119 0.000000 0.726151 99.722997 -7.443014 0.165067 -0.000010 
861 5.044566 0.000000 1.452301 99.743871 -7.120511 0.010042 0.000046 
862 4.653790 0.000000 -0.363075 99.656182 -8.346080 0.263277 -0.000108 
863 4.653790 0.000000 -0.726151 99.726649 -7.344305 -0.203513 0.000062 
864 5.044566 0.000000 -0.363075 99.637346 -8.632747 -0.084044 -0.000213 
865 4.653790 0.000000 0.000000 100.017572 -3.175302 -2.073709 -0.001790 
866 3.872238 0.000000 0.363075 99.667466 -8.115360 -0.673611 0.000008 
867 4.263014 0.000000 0.363075 99.649513 -8.415154 -0.615613 -0.000122 
868 3.872238 0.000000 0.726151 99.714204 -7.470303 0.014260 0.000127 
869 4.067626 0.000000 -0.181538 99.898540 -4.836981 1.613739 -0.000572 
870 3.872238 0.000000 -0.181538 99.893426 -4.880515 1.367418 -0.000439 
871 4.067626 0.000000 -0.363075 99.687993 -7.852573 0.416041 0.000047 
872 4.263014 0.000000 -0.181538 99.902834 -4.795240 1.849920 -0.000699 
873 4.067626 0.000000 0.000000 100.026526 -3.004755 -1.475501 -0.001651 
874 4.653790 0.000000 0.363075 99.628402 -8.741903 -0.403692 -0.000240 
875 5.044566 0.000000 0.363075 99.612931 -8.981212 -0.004853 -0.000340 
876 4.653790 0.000000 0.726151 99.718054 -7.464937 0.076393 0.000058 
877 4.458402 0.000000 -0.181538 99.906311 -4.754253 2.079741 -0.000820 
878 4.458402 0.000000 -0.363075 99.667340 -8.174181 0.357900 -0.000052 
879 4.653790 0.000000 -0.181538 99.909074 -4.727683 2.279547 -0.000937 
880 4.458402 0.000000 0.000000 100.020861 -3.115003 -1.925049 -0.001758 
881 4.067626 0.000000 0.181538 99.837197 -5.713051 -2.220359 -0.000503 
882 3.872238 0.000000 0.181538 99.836399 -5.693568 -2.027028 -0.000383 
883 4.263014 0.000000 0.181538 99.836755 -5.734794 -2.380244 -0.000593 
884 4.067626 0.000000 0.363075 99.659413 -8.259193 -0.660101 -0.000065 
885 4.165320 0.000000 -0.090769 100.175417 -0.888960 -0.556172 -0.003621 
886 4.067626 0.000000 -0.090769 100.129761 -1.529190 -0.441887 -0.002850 
887 4.165320 0.000000 -0.181538 99.900636 -4.817106 1.730582 -0.000634 
888 4.263014 0.000000 -0.090769 100.189705 -0.694241 -0.899106 -0.003927 
889 4.165320 0.000000 0.000000 100.029240 -2.980964 -1.628321 -0.001739 
890 4.458402 0.000000 0.181538 99.836120 -5.756995 -2.480990 -0.000655 
891 4.653790 0.000000 0.181538 99.837659 -5.748184 -2.504959 -0.000687 
892 4.458402 0.000000 0.363075 99.638738 -8.581244 -0.532714 -0.000180 
893 4.360708 0.000000 -0.090769 100.196631 -0.595421 -1.029172 -0.004078 
894 4.360708 0.000000 -0.181538 99.904996 -4.766525 1.969679 -0.000761 
895 4.458402 0.000000 -0.090769 100.204452 -0.490146 -1.113847 -0.004241 
896 4.360708 0.000000 0.000000 100.024334 -3.058821 -1.841685 -0.001762 
897 4.165320 0.000000 0.090769 100.009120 -3.270966 -1.093220 -0.001372 
898 4.067626 0.000000 0.090769 100.001453 -3.363334 -1.295125 -0.001328 
899 4.263014 0.000000 0.090769 100.006160 -3.322570 -1.017819 -0.001331 
900 4.165320 0.000000 0.181538 99.837537 -5.727529 -2.310886 -0.000568 
901 4.214167 0.000000 -0.045384 100.161771 -1.089884 -2.759104 -0.004118 
902 4.165320 0.000000 -0.045384 100.136751 -1.442761 -3.007365 -0.003849 
903 4.214167 0.000000 -0.090769 100.185800 -0.745406 -0.756425 -0.003832 
904 4.263014 0.000000 -0.045384 100.168945 -0.991886 -2.464814 -0.004088 
905 4.214167 0.000000 0.000000 100.028596 -2.995069 -1.691943 -0.001755 
906 3.676849 0.000000 -0.181538 99.887026 -4.923738 1.121520 -0.000292 
907 3.481461 0.000000 -0.181538 99.879735 -4.965705 0.880788 -0.000140 
908 3.676849 0.000000 -0.363075 99.700790 -7.602747 0.363046 0.000182 
909 3.676849 0.000000 0.000000 100.027853 -2.901979 -1.344145 -0.001580 
910 3.969932 0.000000 -0.090769 100.097872 -1.972459 -1.550006 -0.002588 
911 3.872238 0.000000 -0.090769 100.069327 -2.362633 2.255600 -0.002454 
912 3.969932 0.000000 -0.181538 99.896131 -4.859104 1.490745 -0.000507 
913 3.969932 0.000000 0.000000 100.012225 -3.196321 -1.466059 -0.001481 
914 3.676849 0.000000 0.181538 99.833957 -5.678772 -1.819583 -0.000238 
915 3.481461 0.000000 0.181538 99.830378 -5.665284 -1.607191 -0.000078 
916 3.676849 0.000000 0.363075 99.673212 -7.989720 -0.665029 0.000097 
917 3.774543 0.000000 -0.090769 100.008372 -3.208971 0.879300 -0.001275 
918 3.676849 0.000000 -0.090769 99.996740 -3.349451 0.804709 -0.001121 
919 3.774543 0.000000 -0.181538 99.890827 -4.902027 1.249666 -0.000377 
920 3.774543 0.000000 0.000000 100.029011 -2.909527 -1.476090 -0.001645 
921 3.969932 0.000000 0.090769 99.944913 -4.158943 -1.009727 -0.000730 
922 3.872238 0.000000 0.090769 99.925135 -4.423313 -2.408763 -0.001040 
923 3.969932 0.000000 0.181538 99.837012 -5.703011 -2.126496 -0.000448 
924 3.921085 0.000000 -0.045384 100.728161 7.047542 1.281928 -0.019747 
925 3.872238 0.000000 -0.045384 100.142232 -1.319146 1.493004 -0.003244 
926 3.921085 0.000000 -0.090769 100.579708 4.924290 -5.279060 -0.016839 
927 3.969932 0.000000 -0.045384 100.173866 -0.885484 -4.741296 -0.005807 
928 3.921085 0.000000 0.000000 100.014031 -3.163740 -1.607836 -0.001540 
929 8.952329 0.000000 -1.452301 99.750568 -7.055318 -0.083287 0.000004 
930 8.952329 0.000000 -2.904602 99.754398 -7.000808 -0.015437 0.000005 
931 10.515434 0.000000 -1.452301 99.751685 -7.040766 -0.089680 0.000002 
932 8.952329 0.000000 0.000000 99.867142 -5.388425 0.372557 -0.000262 
933 6.607671 0.000000 -0.726151 99.735940 -7.258362 -0.302422 -0.000003 
934 6.607671 0.000000 -1.452301 99.748785 -7.075115 -0.067601 0.000012 
935 7.389224 0.000000 -0.726151 99.739410 -7.211825 -0.328040 -0.000007 
936 6.607671 0.000000 0.000000 99.971590 -3.888584 1.425666 -0.001147 
937 5.435343 0.000000 -0.363075 99.632364 -8.714223 -0.580720 -0.000288 
938 5.435343 0.000000 -0.726151 99.730296 -7.315917 -0.247121 0.000028 
939 5.826119 0.000000 -0.363075 99.645619 -8.548887 -1.049458 -0.000343 
940 5.435343 0.000000 0.000000 100.319163 1.108140 -6.265408 -0.010442 
941 4.849178 0.000000 -0.181538 99.909366 -4.733688 2.449058 -0.001029 
942 4.849178 0.000000 -0.363075 99.645682 -8.505911 0.115544 -0.000163 
943 5.044566 0.000000 -0.181538 99.904283 -4.814516 2.591547 -0.001076 
944 4.849178 0.000000 0.000000 100.021932 -3.123394 -2.229917 -0.001912 
945 8.952329 0.000000 1.452301 99.747471 -7.100446 0.054160 0.000002 
946 10.515434 0.000000 1.452301 99.748431 -7.087819 0.066739 0.000001 
947 8.952329 0.000000 2.904602 99.753553 -7.014412 0.005249 0.000003 
948 6.607671 0.000000 0.726151 99.726201 -7.398854 0.217015 -0.000011 
949 7.389224 0.000000 0.726151 99.729440 -7.355265 0.259786 -0.000013 
950 6.607671 0.000000 1.452301 99.746176 -7.114842 0.029537 0.000008 
951 5.435343 0.000000 0.363075 99.611888 -9.006725 0.498711 -0.000390 
952 5.826119 0.000000 0.363075 99.627013 -8.814979 0.942067 -0.000413 
953 5.435343 0.000000 0.726151 99.721082 -7.446954 0.136598 0.000023 
954 5.239954 0.000000 -0.181538 99.875899 -5.226693 2.241109 -0.000754 
955 5.239954 0.000000 -0.363075 99.632596 -8.706932 -0.323556 -0.000257 
956 5.435343 0.000000 -0.181538 100.461911 3.149165 -3.128426 -0.011230 
957 5.239954 0.000000 0.000000 100.076539 -2.357189 -2.816584 -0.002880 
958 4.849178 0.000000 0.181538 99.844551 -5.660082 -2.489821 -0.000717 
959 5.044566 0.000000 0.181538 99.850898 -5.577585 -2.553469 -0.000783 
960 4.849178 0.000000 0.363075 99.619342 -8.881658 -0.225797 -0.000295 
961 4.946872 0.000000 -0.090769 100.223605 -0.244125 -1.167935 -0.004619 
962 4.849178 0.000000 -0.090769 100.223444 -0.242073 -1.200508 -0.004624 
963 4.946872 0.000000 -0.181538 99.907722 -4.761497 2.522203 -0.001059 
964 5.044566 0.000000 -0.090769 100.221726 -0.274876 -1.120481 -0.004573 
965 4.946872 0.000000 0.000000 100.028896 -3.028174 -2.320916 -0.002034 
966 3.286073 0.000000 -0.181538 99.869910 -5.010782 0.650986 0.000047 
967 3.090685 0.000000 -0.181538 99.864121 -5.051653 0.439718 0.000144 
968 3.286073 0.000000 -0.363075 99.707784 -7.437321 0.256251 0.000298 
969 3.286073 0.000000 0.000000 99.993906 -3.079272 -1.033825 -0.000933 
970 2.895297 0.000000 -0.181538 99.849813 -5.170594 0.260399 0.000321 
971 2.895297 0.000000 -0.363075 99.702797 -7.363495 0.081002 0.000512 
972 2.895297 0.000000 0.000000 99.943155 -3.230204 -0.921793 0.000008 
973 3.286073 0.000000 0.181538 99.824692 -5.654981 -1.399588 0.000109 
974 3.090685 0.000000 0.181538 99.827768 -5.620040 -1.232812 0.000131 
975 3.286073 0.000000 0.363075 99.681034 -7.792113 -0.605899 0.000261 
976 3.188379 0.000000 -0.090769 99.954984 -3.482398 0.105000 -0.000314 
977 3.090685 0.000000 -0.090769 99.937920 -3.528447 0.036142 -0.000004 
978 3.188379 0.000000 -0.181538 99.869392 -5.018282 0.536271 0.000063 
979 3.286073 0.000000 -0.090769 99.971163 -3.445610 0.226816 -0.000616 
980 3.188379 0.000000 0.000000 99.974492 -3.104205 -1.000115 -0.000554 
981 4.556096 0.000000 -0.090769 100.211651 -0.394157 -1.173068 -0.004391 
982 4.556096 0.000000 -0.181538 99.907893 -4.738463 2.183282 -0.000881 
983 4.653790 0.000000 -0.090769 100.217343 -0.318973 -1.205847 -0.004507 
984 4.556096 0.000000 0.000000 100.018589 -3.154509 -2.000657 -0.001767 
985 4.751484 0.000000 -0.090769 100.221322 -0.267553 -1.214256 -0.004586 
986 4.751484 0.000000 -0.181538 99.909670 -4.724536 2.368096 -0.000987 
987 4.751484 0.000000 0.000000 100.018437 -3.168462 -2.148785 -0.001834 
988 5.239954 0.000000 0.181538 99.700497 -7.734835 -6.991374 -0.004890 
989 5.435343 0.000000 0.181538 100.090787 -2.157668 2.835603 -0.003086 
990 5.239954 0.000000 0.363075 99.610278 -9.025617 0.243996 -0.000373 
991 5.142260 0.000000 -0.090769 100.217770 -0.334626 -1.062314 -0.004484 
992 5.142260 0.000000 -0.181538 99.894445 -4.958349 2.669324 -0.001061 
993 5.239954 0.000000 -0.090769 100.211781 -0.423453 -0.997280 -0.004357 
994 5.142260 0.000000 0.000000 100.055871 -2.649514 -2.565784 -0.002478 
995 6.216895 0.000000 -0.363075 99.669222 -8.214169 -1.356123 -0.000327 
996 6.216895 0.000000 -0.726151 99.734010 -7.288067 -0.285868 -0.000007 
997 6.607671 0.000000 -0.363075 99.695160 -7.841461 -1.488200 -0.000283 
998 6.216895 0.000000 0.000000 99.989709 -3.630886 2.061825 -0.001538 
999 5.630731 0.000000 -0.181538 100.175583 -0.950046 -3.989899 -0.005197 
1000 5.630731 0.000000 -0.363075 99.636853 -8.654633 -0.829695 -0.000309 
1001 5.826119 0.000000 -0.181538 100.122871 -1.723825 -3.960274 -0.004324 
1002 5.630731 0.000000 0.000000 100.070162 -2.457374 4.190133 -0.003763 
1003 5.337648 0.000000 -0.090769 100.203852 -0.539709 -0.929360 -0.004197 
1004 5.337648 0.000000 -0.181538 100.044812 -2.813617 1.556000 -0.001930 
1005 5.435343 0.000000 -0.090769 100.194061 -0.680969 -0.862018 -0.004006 
1006 5.337648 0.000000 0.000000 100.111391 -1.861702 -3.530066 -0.003822 
1007 5.826119 0.000000 -4.356903 99.755176 -6.986841 -0.004041 0.000009 
1008 5.826119 0.000000 -5.809205 99.755735 -6.981234 -0.001951 0.000006 
1009 7.389224 0.000000 -4.356903 99.755315 -6.986853 -0.004838 0.000006 
1010 5.044566 0.000000 -2.178452 99.751327 -7.025534 -0.018932 0.000031 
1011 4.263014 0.000000 -2.178452 99.750818 -7.026741 -0.015039 0.000040 
1012 5.044566 0.000000 -2.904602 99.753565 -7.012628 -0.009326 0.000005 
1013 5.826119 0.000000 -2.178452 99.752657 -7.031142 -0.021299 -0.000003 
1014 5.435343 0.000000 -1.089226 99.741903 -7.153143 -0.109401 0.000037 
1015 5.044566 0.000000 -1.089226 99.740864 -7.158323 -0.101367 0.000051 
1016 5.435343 0.000000 -1.452301 99.747062 -7.083061 -0.056163 0.000035 
1017 5.826119 0.000000 -1.089226 99.743066 -7.157028 -0.117267 0.000008 
1018 5.630731 0.000000 -0.544613 99.715929 -7.524532 -0.409885 -0.000005 
1019 5.435343 0.000000 -0.544613 99.714678 -7.538065 -0.381882 0.000001 
1020 5.630731 0.000000 -0.726151 99.731159 -7.307698 -0.257343 0.000023 
1021 5.826119 0.000000 -0.544613 99.717701 -7.518350 -0.437483 -0.000034 
1022 6.216895 0.000000 0.363075 99.649968 -8.489550 1.227704 -0.000370 
1023 6.607671 0.000000 0.363075 99.674172 -8.142217 1.359136 -0.000308 
1024 6.216895 0.000000 0.726151 99.724412 -7.425396 0.192137 -0.000013 
1025 6.021507 0.000000 -0.181538 100.073070 -2.437538 -3.769371 -0.003477 
1026 6.021507 0.000000 -0.363075 99.656672 -8.392371 -1.226194 -0.000339 
1027 6.216895 0.000000 -0.181538 100.031488 -3.033488 -3.493772 -0.002771 
1028 6.021507 0.000000 0.000000 99.994783 -3.556995 2.529156 -0.001801 
1029 5.728425 0.000000 -0.272306 99.457984 -11.214298 -5.160181 -0.004428 
1030 5.630731 0.000000 -0.272306 99.382390 -12.293326 -4.662413 -0.004972 
1031 5.728425 0.000000 -0.363075 99.640623 -8.602698 -0.944163 -0.000315 
1032 5.826119 0.000000 -0.272306 99.526842 -10.247371 -5.144748 -0.003707 
1033 5.728425 0.000000 -0.181538 100.150189 -1.315229 -3.996614 -0.004776 
1034 5.533037 0.000000 -0.272306 99.364433 -12.547894 -3.734616 -0.004469 
1035 5.435343 0.000000 -0.272306 99.426167 -11.662642 -4.221297 -0.003940 
1036 5.533037 0.000000 -0.363075 99.634062 -8.692361 -0.707693 -0.000300 
1037 5.533037 0.000000 -0.181538 100.203677 -0.546039 -4.323228 -0.005977 
1038 5.630731 0.000000 0.181538 100.045709 -2.807038 3.351300 -0.002825 
1039 5.826119 0.000000 0.181538 99.995211 -3.549244 3.403709 -0.002322 
1040 5.630731 0.000000 0.363075 99.617638 -8.929109 0.736896 -0.000395 
1041 5.533037 0.000000 -0.090769 100.182766 -0.844995 -0.798513 -0.003794 
1042 5.630731 0.000000 -0.090769 100.170184 -1.027187 -0.741278 -0.003567 
1043 5.533037 0.000000 0.000000 100.464137 3.178679 7.326761 -0.015683 
1044 5.581884 0.000000 -0.226922 99.931854 -4.434259 0.505738 -0.000629 
1045 5.533037 0.000000 -0.226922 99.945920 -4.231957 0.947718 -0.000799 
1046 5.581884 0.000000 -0.272306 99.361114 -12.596501 -4.174118 -0.004873 
1047 5.630731 0.000000 -0.226922 99.915187 -4.673701 -0.161160 -0.000491 
1048 5.581884 0.000000 -0.181538 100.185838 -0.802295 -4.056563 -0.005430 
1049 2.895297 0.000000 0.181538 99.830043 -5.656040 -1.072324 0.000082 
1050 2.895297 0.000000 0.363075 99.699381 -7.651792 -0.508018 0.000123 
1051 3.188379 0.000000 0.090769 99.910194 -4.191502 -1.414879 -0.000162 
1052 3.090685 0.000000 0.090769 99.900175 -4.173800 -1.341005 0.000074 
1053 3.286073 0.000000 0.090769 99.917387 -4.227724 -1.505194 -0.000362 
1054 3.188379 0.000000 0.181538 99.827736 -5.631382 -1.311438 0.000099 
1055 4.556096 0.000000 0.090769 99.992879 -3.522014 -0.725871 -0.001151 
1056 4.458402 0.000000 0.090769 99.998755 -3.431001 -0.826908 -0.001221 
1057 4.653790 0.000000 0.090769 99.985859 -3.628716 -0.620668 -0.001072 
1058 4.556096 0.000000 0.181538 99.836527 -5.758165 -2.502756 -0.000675 
1059 5.337648 0.000000 0.090769 99.927940 -4.485080 0.478308 -0.000594 
1060 5.239954 0.000000 0.090769 99.934681 -4.385784 0.276155 -0.000625 
1061 5.435343 0.000000 0.090769 99.922598 -4.562754 0.683647 -0.000581 
1062 5.337648 0.000000 0.181538 99.977354 -3.777932 3.905502 -0.002500 
1063 5.826119 0.000000 4.356903 99.755164 -6.993195 -0.001244 0.000000 
1064 7.389224 0.000000 4.356903 99.755051 -6.993853 -0.000234 0.000002 
1065 5.826119 0.000000 5.809205 99.755803 -6.985516 -0.000946 -0.000002 
1066 5.044566 0.000000 2.178452 99.750182 -7.042462 -0.000916 0.000030 
1067 4.263014 0.000000 2.178452 99.749524 -7.042107 -0.004908 0.000044 
1068 5.826119 0.000000 2.178452 99.751184 -7.046762 0.002296 0.000004 
1069 5.044566 0.000000 2.904602 99.753122 -7.019668 -0.002219 0.000004 
1070 5.435343 0.000000 1.089226 99.737538 -7.214555 0.043885 0.000037 
1071 5.044566 0.000000 1.089226 99.736647 -7.217097 0.033245 0.000051 
1072 5.826119 0.000000 1.089226 99.738695 -7.219570 0.054098 0.000007 
1073 5.435343 0.000000 1.452301 99.744484 -7.118815 0.015148 0.000036 
1074 5.630731 0.000000 0.544613 99.701180 -7.734998 0.280208 -0.000023 
1075 5.435343 0.000000 0.544613 99.700018 -7.747108 0.244726 -0.000017 
1076 5.826119 0.000000 0.544613 99.702953 -7.729266 0.314497 -0.000052 
1077 5.630731 0.000000 0.726151 99.721823 -7.440663 0.151072 0.000017 
1078 5.533037 0.000000 0.272306 99.363546 -12.560349 4.170928 -0.004827 
1079 5.435343 0.000000 0.272306 99.341099 -12.878954 3.629403 -0.004769 
1080 5.533037 0.000000 0.181538 100.077331 -2.352553 3.223962 -0.003140 
1081 5.630731 0.000000 0.272306 99.428291 -11.636702 4.631265 -0.004285 
1082 5.533037 0.000000 0.363075 99.614300 -8.974605 0.621008 -0.000394 
1083 -8.241827 0.000000 -8.713807 99.756349 -6.975703 -0.000041 0.000001 
1084 -11.368037 0.000000 -8.713807 99.756375 -6.975665 -0.000020 0.000001 
1085 -8.241827 0.000000 -11.618409 99.756362 -6.975670 -0.000039 0.000001 
1086 10.515434 0.000000 -8.713807 99.756163 -6.977733 -0.001055 0.000002 
1087 10.515434 0.000000 -11.618409 99.756271 -6.976551 -0.000508 0.000001 
1088 13.641644 0.000000 -8.713807 99.756197 -6.977691 -0.001226 0.000001 
1089 -8.241827 0.000000 8.713807 99.756451 -6.976014 -0.000024 -0.000001 
1090 -11.368037 0.000000 8.713807 99.756430 -6.975872 -0.000014 -0.000001 
1091 -8.241827 0.000000 11.618409 99.756447 -6.976015 -0.000033 -0.000001 
1092 -3.552511 0.000000 -4.356903 99.756064 -6.976248 -0.000246 0.000006 
1093 -5.115617 0.000000 -4.356903 99.756205 -6.975974 -0.000110 0.000004 
1094 -3.552511 0.000000 -5.809205 99.756173 -6.976117 -0.000215 0.000004 
1095 10.515434 0.000000 8.713807 99.756057 -6.980792 -0.000143 -0.000000 
1096 13.641644 0.000000 8.713807 99.756030 -6.980958 0.000109 0.000000 
1097 10.515434 0.000000 11.618409 99.756222 -6.978655 -0.000153 -0.000001 
1098 -3.552511 0.000000 4.356903 99.756558 -6.976779 0.000029 -0.000005 
1099 -5.115617 0.000000 4.356903 99.756472 -6.976333 0.000017 -0.000002 
1100 -3.552511 0.000000 5.809205 99.756587 -6.976719 -0.000040 -0.000005 
1101 -1.207854 0.000000 -2.178452 99.756431 -6.971008 -0.004462 0.000006 
1102 -1.989406 0.000000 -2.178452 99.754824 -6.970480 -0.000996 0.000039 
1103 -1.207854 0.000000 -2.904602 99.759215 -6.974546 -0.006409 -0.000055 
1104 3.481461 0.000000 -2.178452 99.747550 -7.022006 -0.014403 0.000112 
1105 3.481461 0.000000 -2.904602 99.754319 -7.001334 -0.004713 0.000006 
1106 -1.207854 0.000000 2.178452 99.762165 -6.977445 0.007100 -0.000117 
1107 -1.989406 0.000000 2.178452 99.755890 -6.968265 0.000442 0.000021 
1108 -1.207854 0.000000 2.904602 99.760564 -6.974012 0.004999 -0.000081 
1109 -0.817078 0.000000 -1.089226 99.745032 -6.985752 -0.003895 0.000213 
1110 -1.207854 0.000000 -1.089226 99.748330 -6.985356 0.005483 0.000148 
1111 -0.817078 0.000000 -1.452301 99.754690 -6.984620 -0.010989 0.000022 
1112 3.481461 0.000000 2.178452 99.749726 -7.042876 -0.009736 0.000039 
1113 3.481461 0.000000 2.904602 99.753634 -7.009504 -0.006342 0.000008 
1114 -0.230913 0.000000 -0.544613 99.649100 -7.020759 0.058827 0.002076 
1115 -0.426301 0.000000 -0.544613 99.727130 -7.003139 0.046482 0.000545 
1116 -0.230913 0.000000 -0.726151 99.671250 -7.024269 0.004805 0.001630 
1117 0.941416 0.000000 -0.544613 99.726739 -7.235485 -0.022777 0.000222 
1118 0.941416 0.000000 -0.726151 99.728921 -7.117137 -0.028090 0.000349 
1119 -0.817078 0.000000 1.089226 99.747630 -6.985575 0.001818 0.000161 
1120 -1.207854 0.000000 1.089226 99.752794 -6.986844 0.000366 0.000056 
1121 -0.817078 0.000000 1.452301 99.757489 -6.984059 0.010741 -0.000033 
1122 -0.230913 0.000000 0.544613 99.662806 -7.030073 -0.053011 0.001790 
1123 -0.426301 0.000000 0.544613 99.740430 -7.010641 -0.031910 0.000270 
1124 -0.230913 0.000000 0.726151 99.693560 -7.022311 0.006518 0.001188 
1125 -0.133219 0.000000 -0.272306 99.725221 -7.169624 0.629925 0.000308 
1126 -0.230913 0.000000 -0.272306 99.855932 -6.991516 0.471397 -0.002031 
1127 -0.133219 0.000000 -0.363075 99.459313 -7.089306 0.293905 0.005750 
1128 0.941416 0.000000 0.544613 99.850586 -7.248449 -0.027695 -0.002268 
1129 0.941416 0.000000 0.726151 99.800370 -7.131719 -0.024602 -0.001098 
1130 -0.133219 0.000000 0.272306 99.714460 -7.213674 -0.653634 0.000456 
1131 -0.230913 0.000000 0.272306 99.855552 -6.957675 -0.470635 -0.001976 
1132 -0.133219 0.000000 0.363075 99.469448 -7.087855 -0.291568 0.005551 
1133 0.037745 0.000000 -0.113461 88.251366 -8.849229 -1.555782 0.213097 
1134 0.013322 0.000000 -0.113461 87.407933 -8.439637 4.894254 0.226467 
1135 0.037745 0.000000 -0.136153 92.510421 -8.280314 -0.579907 0.137292 
1136 0.648333 0.000000 -0.272306 101.230142 -11.192129 0.002936 -0.037281 
1137 0.648333 0.000000 -0.363075 99.804746 -7.537731 0.095419 -0.001781 
1138 0.746027 0.000000 -0.272306 102.183129 -10.289241 0.009061 -0.054726 
1139 0.648333 0.000000 0.272306 101.174275 -11.181090 0.008178 -0.036125 
1140 0.746027 0.000000 0.272306 102.054866 -10.301674 0.032802 -0.052132 
1141 0.648333 0.000000 0.363075 99.855031 -7.548492 -0.110310 -0.002802 
1142 0.037745 0.000000 0.113461 88.186083 -8.870328 1.547079 0.214214 
1143 0.013322 0.000000 0.113461 87.350945 -8.464588 -4.919641 0.227396 
1144 0.037745 0.000000 0.136153 92.461077 -8.300453 0.577081 0.138172 
1145 0.098804 0.000000 -0.079423 92.250532 -12.444503 -15.368517 0.109878 
1146 0.098804 0.000000 -0.090769 92.366613 -12.534356 -15.448943 0.107263 
1147 0.098804 0.000000 -0.068077 92.242752 -12.433536 -15.359798 0.110076 
1148 0.098804 0.000000 0.079423 92.183458 -12.403404 15.357851 0.111250 
1149 0.098804 0.000000 0.068077 92.177242 -12.389046 15.349328 0.111427 
1150 0.098804 0.000000 0.090769 92.279378 -12.545459 15.435950 0.108886 
1151 0.233134 0.000000 -0.068077 90.447583 -0.120092 -6.664622 0.177480 
1152 0.233134 0.000000 -0.045384 91.939021 -0.104201 -4.970917 0.152250 
1153 0.184287 0.000000 -0.113461 99.827437 -11.193300 -9.848937 -0.018781 
1154 0.184287 0.000000 -0.136153 99.322546 -9.898273 -7.703238 -0.002228 
1155 0.233134 0.000000 0.068077 90.481653 -0.104525 6.680359 0.176843 
1156 0.233134 0.000000 0.045384 91.955470 -0.098606 5.005139 0.151913 
1157 0.184287 0.000000 0.113461 99.786025 -11.165833 9.862857 -0.017920 
1158 0.184287 0.000000 0.136153 99.322030 -9.844537 7.704335 -0.002114 
1159 0.501792 0.000000 -0.045384 100.259008 -8.040736 -0.006761 -0.011652 
1160 0.550639 0.000000 -0.045384 101.191267 -6.757984 -0.011015 -0.028534 
1161 0.501792 0.000000 0.000000 101.183923 -6.537195 -0.010715 -0.028092 
1162 0.501792 0.000000 0.045384 100.245369 -8.036162 -0.007400 -0.011371 
1163 0.550639 0.000000 0.045384 101.178685 -6.756916 -0.008271 -0.028278 
1164 0.428522 0.000000 -0.068077 99.155101 -10.851844 0.002803 0.005050 
1165 0.452945 0.000000 -0.068077 99.280968 -9.351591 -0.001676 0.005584 
1166 0.428522 0.000000 -0.045384 99.306663 -11.606957 0.001614 0.000347 
1167 0.367463 0.000000 -0.102115 105.022604 -12.610050 -3.269352 -0.119945 
1168 0.367463 0.000000 -0.113461 105.054463 -12.619300 -2.764318 -0.120333 
1169 0.367463 0.000000 -0.090769 105.320820 -12.613790 -3.012081 -0.126066 
1170 0.428522 0.000000 0.068077 99.117999 -10.840612 0.001614 0.005810 
1171 0.428522 0.000000 0.045384 99.270570 -11.593930 0.001372 0.001093 
1172 0.452945 0.000000 0.068077 99.240865 -9.342846 -0.000191 0.006396 
1173 0.367463 0.000000 0.102115 105.101326 -12.607044 3.270836 -0.121592 
1174 0.367463 0.000000 0.090769 105.402531 -12.607666 3.013041 -0.127773 
1175 0.367463 0.000000 0.113461 105.130322 -12.606716 2.765186 -0.121896 
1176 1.722968 0.000000 -0.544613 99.777228 -7.388250 -0.114747 -0.001009 
1177 1.722968 0.000000 -0.726151 99.708858 -7.232169 -0.064333 0.000584 
1178 1.722968 0.000000 0.544613 99.825118 -7.395262 -0.124318 -0.001976 
1179 1.722968 0.000000 0.726151 99.756176 -7.250005 -0.079689 -0.000386 
1180 1.429886 0.000000 -0.272306 101.346361 -11.747397 -0.277717 -0.040916 
1181 1.429886 0.000000 -0.363075 99.698873 -7.646718 -0.161527 0.000164 
1182 1.527580 0.000000 -0.272306 101.774150 -12.734985 -0.281520 -0.052024 
1183 1.429886 0.000000 0.272306 101.233030 -12.266825 -0.320839 -0.039870 
1184 1.527580 0.000000 0.272306 101.572720 -13.896064 -0.386053 -0.051027 
1185 1.429886 0.000000 0.363075 99.836811 -7.667672 -0.358985 -0.002631 
1186 8.952329 0.000000 -4.356903 99.755422 -6.986644 -0.005537 0.000004 
1187 8.952329 0.000000 -5.809205 99.755826 -6.981408 -0.002669 0.000004 
1188 10.515434 0.000000 -4.356903 99.755509 -6.986318 -0.006159 0.000003 
1189 6.607671 0.000000 -2.178452 99.752465 -7.023396 -0.025270 0.000012 
1190 6.607671 0.000000 -2.904602 99.753994 -7.002605 -0.012354 0.000010 
1191 7.389224 0.000000 -2.178452 99.752739 -7.021833 -0.027557 0.000008 
1192 3.090685 0.000000 -1.089226 99.733937 -7.177807 -0.044864 0.000162 
1193 3.090685 0.000000 -1.452301 99.743065 -7.089367 -0.022084 0.000106 
1194 3.481461 0.000000 -1.089226 99.737714 -7.175357 -0.055704 0.000090 
1195 3.872238 0.000000 -1.089226 99.736991 -7.172557 -0.073290 0.000108 
1196 3.872238 0.000000 -1.452301 99.742021 -7.090257 -0.041658 0.000126 
1197 4.263014 0.000000 -1.089226 99.738331 -7.169371 -0.083111 0.000086 
1198 2.504521 0.000000 -0.544613 99.607754 -7.547664 -0.080576 0.002132 
1199 2.504521 0.000000 -0.726151 99.645243 -7.371528 -0.061161 0.001648 
1200 2.699909 0.000000 -0.544613 99.658607 -7.544309 -0.118617 0.001123 
1201 8.952329 0.000000 4.356903 99.755043 -6.994070 0.000697 0.000001 
1202 10.515434 0.000000 4.356903 99.755056 -6.994079 0.001581 0.000001 
1203 8.952329 0.000000 5.809205 99.755630 -6.986403 -0.000107 0.000000 
1204 6.607671 0.000000 2.178452 99.751347 -7.042722 0.006013 0.000007 
1205 7.389224 0.000000 2.178452 99.751470 -7.042121 0.009185 0.000005 
1206 6.607671 0.000000 2.904602 99.753425 -7.014763 0.000992 0.000005 
1207 3.090685 0.000000 1.089226 99.729228 -7.213604 -0.032415 0.000204 
1208 3.481461 0.000000 1.089226 99.733684 -7.219479 -0.020708 0.000107 
1209 3.090685 0.000000 1.452301 99.740494 -7.111731 -0.023089 0.000126 
1210 2.504521 0.000000 0.544613 99.655760 -7.658004 -0.199722 0.001004 
1211 2.699909 0.000000 0.544613 99.688211 -7.673930 -0.166840 0.000334 
1212 2.504521 0.000000 0.726151 99.693736 -7.428982 -0.124246 0.000595 
1213 2.895297 0.000000 -0.544613 99.680707 -7.514025 -0.123887 0.000728 
1214 2.895297 0.000000 -0.726151 99.696249 -7.364269 -0.099264 0.000642 
1215 3.090685 0.000000 -0.544613 99.695853 -7.523618 -0.124660 0.000412 
1216 3.286073 0.000000 -0.544613 99.703062 -7.545576 -0.126903 0.000235 
1217 3.286073 0.000000 -0.726151 99.716398 -7.372879 -0.116309 0.000227 
1218 3.481461 0.000000 -0.544613 99.704620 -7.547040 -0.144027 0.000201 
1219 2.406827 0.000000 -0.272306 99.439164 -6.753515 -0.325452 0.006614 
1220 2.406827 0.000000 -0.363075 99.346788 -7.382946 -0.192895 0.007567 
1221 2.504521 0.000000 -0.272306 99.635370 -6.680156 -0.229928 0.002812 
1222 2.895297 0.000000 0.544613 99.690850 -7.647143 -0.147719 0.000323 
1223 3.090685 0.000000 0.544613 99.684136 -7.693353 -0.115401 0.000387 
1224 2.895297 0.000000 0.726151 99.706668 -7.436026 -0.077969 0.000328 
1225 2.406827 0.000000 0.272306 99.531172 -7.004187 -0.254538 0.004442 
1226 2.504521 0.000000 0.272306 99.682445 -6.968098 -0.353657 0.001473 
1227 2.406827 0.000000 0.363075 99.424631 -7.578420 -0.242283 0.005725 
1228 2.357979 0.000000 -0.136153 100.274034 -5.002043 -2.946398 -0.008858 
1229 2.357979 0.000000 -0.181538 99.217328 -5.687556 -1.597794 0.012102 
1230 2.406827 0.000000 -0.136153 100.492610 -4.832916 -1.687158 -0.012497 
1231 2.284709 0.000000 -0.113461 91.492247 -5.041550 -9.198640 0.151914 
1232 2.284709 0.000000 -0.136153 94.230477 -5.309828 -3.971645 0.107665 
1233 2.309132 0.000000 -0.113461 98.860785 -4.810059 -8.317985 0.013422 
1234 2.357979 0.000000 0.136153 100.436328 -5.308237 1.882541 -0.011918 
1235 2.406827 0.000000 0.136153 100.568390 -5.179968 0.630326 -0.014123 
1236 2.357979 0.000000 0.181538 99.364774 -5.959906 0.779978 0.009051 
1237 2.284709 0.000000 0.113461 92.167735 -5.340697 7.972374 0.141303 
1238 2.309132 0.000000 0.113461 99.252447 -5.067903 7.041883 0.007368 
1239 2.284709 0.000000 0.136153 94.765383 -5.569551 3.004401 0.097948 
1240 4.653790 0.000000 -1.089226 99.739816 -7.163734 -0.092550 0.000064 
1241 4.653790 0.000000 -1.452301 99.745598 -7.087487 -0.047573 0.000058 
1242 3.676849 0.000000 -0.544613 99.705696 -7.550027 -0.162727 0.000174 
1243 3.676849 0.000000 -0.726151 99.721795 -7.367018 -0.139045 0.000127 
1244 3.872238 0.000000 -0.544613 99.707840 -7.556545 -0.181354 0.000121 
1245 4.067626 0.000000 -0.544613 99.708358 -7.557190 -0.203571 0.000109 
1246 4.067626 0.000000 -0.726151 99.722981 -7.360403 -0.170364 0.000112 
1247 4.263014 0.000000 -0.544613 99.709859 -7.558810 -0.222692 0.000076 
1248 4.653790 0.000000 1.089226 99.735729 -7.219376 0.021983 0.000066 
1249 4.263014 0.000000 1.089226 99.734295 -7.221594 0.010435 0.000092 
1250 4.653790 0.000000 1.452301 99.743129 -7.119889 0.004710 0.000062 
1251 4.458402 0.000000 -0.544613 99.710273 -7.563968 -0.246230 0.000059 
1252 4.458402 0.000000 -0.726151 99.725547 -7.350166 -0.192040 0.000075 
1253 4.653790 0.000000 -0.544613 99.711070 -7.563781 -0.271372 0.000042 
1254 4.849178 0.000000 -0.544613 99.711866 -7.561404 -0.297856 0.000028 
1255 4.849178 0.000000 -0.726151 99.727655 -7.338113 -0.214762 0.000050 
1256 5.044566 0.000000 -0.544613 99.712699 -7.556434 -0.325391 0.000017 
1257 4.360708 0.000000 0.090769 100.003623 -3.354951 -0.926055 -0.001284 
1258 4.360708 0.000000 0.181538 99.836664 -5.742923 -2.439738 -0.000629 
1259 3.774543 0.000000 0.090769 99.935090 -4.255220 -1.977080 -0.000904 
1260 3.676849 0.000000 0.090769 99.929633 -4.307149 -1.881019 -0.000802 
1261 3.774543 0.000000 0.181538 99.835816 -5.685555 -1.929748 -0.000324 
1262 6.216895 0.000000 -1.089226 99.743739 -7.146536 -0.124628 0.000010 
1263 6.216895 0.000000 -1.452301 99.748025 -7.078424 -0.065398 0.000022 
1264 6.607671 0.000000 -1.089226 99.744696 -7.133302 -0.130655 0.000009 
1265 5.239954 0.000000 -0.544613 99.713602 -7.548704 -0.353665 0.000009 
1266 5.239954 0.000000 -0.726151 99.729410 -7.323461 -0.236637 0.000036 
1267 6.216895 0.000000 1.089226 99.739421 -7.211394 0.063553 0.000004 
1268 6.607671 0.000000 1.089226 99.740061 -7.201429 0.073329 0.000005 
1269 6.216895 0.000000 1.452301 99.746317 -7.116914 0.023694 0.000002 
1270 5.239954 0.000000 0.544613 99.699044 -7.756163 0.209064 -0.000010 
1271 5.044566 0.000000 0.544613 99.698260 -7.762015 0.173049 -0.000002 
1272 5.239954 0.000000 0.726151 99.720339 -7.452175 0.121948 0.000030 
1273 5.337648 0.000000 -0.272306 99.444404 -11.399755 -9.126173 -0.010243 
1274 5.239954 0.000000 -0.272306 95.547770 -67.125977 -44.275611 -0.559560 
1275 5.337648 0.000000 -0.363075 99.631868 -8.718934 -0.451557 -0.000273 
1276 4.751484 0.000000 0.090769 99.977919 -3.747829 -0.507718 -0.000989 
1277 4.849178 0.000000 0.090769 99.969316 -3.875768 -0.383861 -0.000903 
1278 4.751484 0.000000 0.181538 99.840180 -5.717699 -2.492026 -0.000696 
1279 4.946872 0.000000 0.090769 99.960338 -4.008534 -0.245360 -0.000820 
1280 5.044566 0.000000 0.090769 99.951311 -4.141554 -0.089306 -0.000742 
1281 4.946872 0.000000 0.181538 99.848224 -5.611919 -2.528315 -0.000755 
1282 5.142260 0.000000 0.090769 99.942610 -4.269223 0.085301 -0.000676 
1283 5.142260 0.000000 0.181538 99.871186 -5.290727 -2.864390 -0.001045 
1284 5.337648 0.000000 0.272306 99.336729 -12.939182 4.406629 -0.005463 
1285 5.239954 0.000000 0.272306 99.114183 -16.120234 8.031489 -0.014799 
1286 5.337648 0.000000 0.363075 99.610523 -9.023720 0.372147 -0.000382 
1287 5.142260 0.000000 0.272306 97.985564 -32.257632 -4.641280 -0.066327 
1288 5.044566 0.000000 0.272306 99.272333 -13.851540 -11.319287 -0.017499 
1289 5.142260 0.000000 0.363075 99.611061 -9.011336 0.117537 -0.000358 
1290 6.021507 0.000000 -0.544613 99.719215 -7.498181 -0.463489 -0.000036 
1291 6.021507 0.000000 -0.726151 99.733181 -7.298763 -0.276914 -0.000006 
1292 6.216895 0.000000 -0.544613 99.720888 -7.475484 -0.487855 -0.000038 
1293 5.728425 0.000000 -0.090769 100.156628 -1.223098 -0.691936 -0.003332 
1294 5.826119 0.000000 -0.090769 100.142837 -1.438299 -0.651259 -0.003108 
1295 5.728425 0.000000 0.000000 100.012390 -3.285570 3.316018 -0.002427 
1296 6.021507 0.000000 0.181538 99.953416 -4.148584 3.330949 -0.001899 
1297 6.216895 0.000000 0.181538 99.920879 -4.615195 3.177284 -0.001558 
1298 6.021507 0.000000 0.363075 99.637975 -8.659761 1.106214 -0.000394 
1299 6.021507 0.000000 0.544613 99.704399 -7.710089 0.347615 -0.000053 
1300 6.216895 0.000000 0.544613 99.706013 -7.688243 0.378959 -0.000054 
1301 6.021507 0.000000 0.726151 99.723692 -7.434499 0.178828 -0.000012 
1302 5.533037 0.000000 0.090769 99.918878 -4.618456 0.882721 -0.000589 
1303 5.630731 0.000000 0.090769 99.916573 -4.653708 1.066846 -0.000612 
1304 5.728425 0.000000 0.090769 99.915364 -4.673073 1.229441 -0.000643 
1305 5.826119 0.000000 0.090769 99.915291 -4.692138 1.366732 -0.000695 
1306 5.728425 0.000000 0.181538 100.018965 -3.191574 3.393135 -0.002549 
1307 5.728425 0.000000 0.272306 99.493659 -10.703954 4.670431 -0.003538 
1308 5.826119 0.000000 0.272306 99.544851 -9.989835 4.519241 -0.002940 
1309 5.728425 0.000000 0.363075 99.621778 -8.871944 0.844419 -0.000392 
1310 3.872238 0.000000 1.089226 99.733314 -7.220954 -0.002009 0.000112 
1311 3.872238 0.000000 1.452301 99.744510 -7.125934 -0.011783 0.000025 
1312 3.286073 0.000000 0.544613 99.689915 -7.706671 -0.098122 0.000252 
1313 3.481461 0.000000 0.544613 99.690886 -7.717487 -0.071483 0.000216 
1314 3.286073 0.000000 0.726151 99.707991 -7.468176 -0.035486 0.000254 
1315 3.676849 0.000000 0.544613 99.692505 -7.728854 -0.046782 0.000167 
1316 3.872238 0.000000 0.544613 99.694539 -7.740575 -0.020193 0.000108 
1317 3.676849 0.000000 0.726151 99.713864 -7.469028 -0.006633 0.000136 
1318 4.849178 0.000000 0.544613 99.697557 -7.764694 0.137605 0.000009 
1319 4.653790 0.000000 0.544613 99.696913 -7.764378 0.103043 0.000023 
1320 4.849178 0.000000 0.726151 99.718900 -7.461640 0.091694 0.000046 
1321 4.458402 0.000000 0.544613 99.696278 -7.761367 0.069816 0.000041 
1322 4.263014 0.000000 0.544613 99.695974 -7.754947 0.038180 0.000057 
1323 4.458402 0.000000 0.726151 99.717094 -7.467670 0.061075 0.000073 
1324 5.142260 0.000000 -0.272306 99.496045 -10.655712 15.954333 -0.026755 
1325 5.044566 0.000000 -0.272306 99.636582 -8.643014 8.495826 -0.007433 
1326 5.142260 0.000000 -0.363075 99.634422 -8.677790 -0.200137 -0.000236 
1327 4.946872 0.000000 0.272306 99.528932 -10.178213 -7.516148 -0.006610 
1328 4.849178 0.000000 0.272306 99.603290 -9.110540 -5.666938 -0.003593 
1329 4.946872 0.000000 0.363075 99.615719 -8.937719 -0.119941 -0.000319 
1330 4.751484 0.000000 0.272306 99.638486 -8.602385 -4.611590 -0.002310 
1331 4.653790 0.000000 0.272306 99.659849 -8.291387 -3.923915 -0.001623 
1332 4.751484 0.000000 0.363075 99.623629 -8.815595 -0.320711 -0.000269 
1333 4.067626 0.000000 0.544613 99.695558 -7.748207 0.007801 0.000076 
1334 4.067626 0.000000 0.726151 99.716849 -7.474053 0.025082 0.000069 
1335 4.556096 0.000000 0.272306 99.674728 -8.072515 -3.434393 -0.001201 
1336 4.458402 0.000000 0.272306 99.685980 -7.904705 -3.063767 -0.000917 
1337 4.556096 0.000000 0.363075 99.633489 -8.663169 -0.474291 -0.000211 
1338 4.360708 0.000000 0.272306 99.695444 -7.763266 -2.769882 -0.000712 
1339 4.263014 0.000000 0.272306 99.702699 -7.652901 -2.528204 -0.000559 
1340 4.360708 0.000000 0.363075 99.644483 -8.493381 -0.579601 -0.000150 
1341 4.946872 0.000000 -0.272306 99.675152 -8.087731 6.016658 -0.003675 
1342 4.849178 0.000000 -0.272306 99.696433 -7.779223 4.736961 -0.002233 
1343 4.946872 0.000000 -0.363075 99.641141 -8.574959 0.021716 -0.000189 
1 11 62 60 61 
2 62 10 24 60 
3 60 24 14 63 
4 61 60 63 6 
5 24 66 64 65 
6 66 23 40 64 
7 64 40 27 67 
8 65 64 67 14 
9 40 70 68 69 
10 69 68 71 27 
11 6 63 92 93 
12 63 14 36 92 
13 92 36 19 94 
14 93 92 94 20 
15 14 67 95 96 
16 67 27 52 95 
17 95 52 35 97 
18 96 95 97 36 
19 27 71 98 99 
20 99 98 100 52 
21 68 112 110 111 
22 112 56 80 110 
23 110 80 43 113 
24 111 110 113 71 
25 80 116 114 115 
26 115 114 117 43 
27 71 113 133 134 
28 113 43 102 133 
29 133 102 76 135 
30 134 133 135 98 
31 43 117 136 137 
32 137 136 138 102 
33 114 141 139 140 
34 141 106 129 139 
35 139 129 83 142 
36 140 139 142 117 
37 129 149 147 148 
38 147 150 132 151 
39 148 147 151 83 
40 117 142 152 153 
41 142 83 144 152 
42 152 144 125 154 
43 153 152 154 136 
44 83 151 155 156 
45 151 132 157 155 
46 156 155 158 144 
47 12 161 159 160 
48 161 7 162 159 
49 159 162 13 25 
50 160 159 25 10 
51 25 165 163 164 
52 165 13 166 163 
53 163 166 26 41 
54 164 163 41 23 
55 41 169 167 168 
56 169 26 170 167 
57 167 170 42 57 
58 168 167 57 39 
59 39 173 171 172 
60 173 57 174 171 
61 171 174 55 81 
62 172 171 81 56 
63 81 177 175 176 
64 177 55 178 175 
65 175 178 82 107 
66 176 175 107 79 
67 79 181 179 180 
68 181 107 182 179 
69 179 182 105 130 
70 180 179 130 106 
71 106 185 183 184 
72 185 130 186 183 
73 184 183 149 129 
74 195 197 109 198 
75 150 195 198 132 
76 149 201 199 200 
77 201 128 202 199 
78 199 202 150 203 
79 200 199 203 147 
80 132 198 210 157 
81 198 109 211 210 
82 19 38 213 214 
83 38 21 215 213 
84 213 215 9 216 
85 214 213 216 22 
86 35 54 217 218 
87 54 37 219 217 
88 217 219 21 220 
89 218 217 220 38 
90 51 78 221 222 
91 78 53 223 221 
92 221 223 37 224 
93 222 221 224 54 
94 76 104 225 226 
95 104 75 227 225 
96 225 227 78 228 
97 226 225 228 51 
98 101 127 229 230 
99 127 103 231 229 
100 229 231 75 232 
101 230 229 232 104 
102 125 146 233 234 
103 146 124 235 233 
104 233 235 127 236 
105 234 233 236 101 
106 144 158 237 238 
107 237 239 146 240 
108 238 237 240 125 
109 155 243 241 242 
110 243 157 244 241 
111 241 244 143 245 
112 242 241 245 158 
113 130 247 246 186 
114 247 105 248 246 
115 249 251 195 252 
116 202 249 252 150 
117 186 255 253 254 
118 255 246 256 253 
119 253 256 196 250 
120 254 253 250 128 
121 128 259 257 258 
122 259 250 260 257 
123 257 260 249 261 
124 258 257 261 202 
125 262 263 124 264 
126 239 262 264 146 
127 157 266 265 244 
128 266 210 267 265 
129 143 268 269 270 
130 268 212 271 269 
131 269 271 262 272 
132 270 269 272 239 
133 244 275 273 274 
134 275 265 276 273 
135 273 276 268 277 
136 274 273 277 143 
137 278 280 194 281 
138 197 278 281 109 
139 283 131 284 282 
140 282 284 197 285 
141 251 282 285 195 
142 107 287 286 182 
143 287 82 288 286 
144 286 288 108 192 
145 182 286 192 105 
146 105 290 289 248 
147 290 192 291 289 
148 246 293 292 256 
149 293 248 294 292 
150 292 294 131 283 
151 256 292 283 196 
152 196 297 295 296 
153 297 283 298 295 
154 295 298 282 299 
155 296 295 299 251 
156 109 281 300 211 
157 281 194 301 300 
158 210 304 303 267 
159 304 211 305 303 
160 303 305 145 306 
161 124 209 307 235 
162 209 126 308 307 
163 307 308 103 309 
164 235 307 309 127 
165 310 311 209 312 
166 263 310 312 124 
167 212 306 313 271 
168 306 145 314 313 
169 313 314 263 315 
170 271 313 315 262 
171 267 318 316 317 
172 318 303 319 316 
173 316 319 306 320 
174 317 316 320 212 
175 131 322 321 284 
176 322 279 323 321 
177 321 323 278 324 
178 284 321 324 197 
179 211 326 325 305 
180 326 300 327 325 
181 325 327 302 328 
182 305 325 328 145 
183 192 334 333 291 
184 334 108 335 333 
185 289 339 337 338 
186 339 291 340 337 
187 337 340 191 341 
188 338 337 341 279 
189 345 347 126 348 
190 311 345 348 209 
191 302 351 349 350 
192 351 207 352 349 
193 349 352 311 353 
194 350 349 353 310 
195 354 355 59 356 
196 280 354 356 194 
197 291 358 357 340 
198 358 333 359 357 
199 357 359 336 360 
200 191 360 361 362 
201 360 336 363 361 
202 361 363 354 364 
203 362 361 364 280 
204 340 367 365 366 
205 367 357 368 365 
206 365 368 360 369 
207 366 365 369 191 
208 194 356 370 301 
209 356 59 371 370 
210 373 346 374 372 
211 372 374 345 375 
212 352 372 375 311 
213 301 378 376 377 
214 378 370 379 376 
215 376 379 346 373 
216 377 376 373 207 
217 207 382 380 381 
218 382 373 383 380 
219 380 383 372 384 
220 381 380 384 352 
221 57 386 385 174 
222 386 42 387 385 
223 385 387 58 89 
224 174 385 89 55 
225 55 389 388 178 
226 389 89 390 388 
227 388 390 88 188 
228 178 388 188 82 
229 82 392 391 288 
230 392 188 393 391 
231 391 393 187 330 
232 288 391 330 108 
233 108 395 394 335 
234 395 330 396 394 
235 333 399 398 359 
236 399 335 400 398 
237 359 398 401 336 
238 75 123 402 227 
239 123 77 403 402 
240 402 403 53 404 
241 227 402 404 78 
242 103 206 405 231 
243 206 121 406 405 
244 405 406 123 407 
245 231 405 407 75 
246 126 344 408 308 
247 344 204 409 408 
248 408 409 206 410 
249 308 408 410 103 
250 411 413 344 414 
251 347 411 414 126 
252 346 416 415 374 
253 415 417 347 418 
254 374 415 418 345 
255 419 420 332 421 
256 355 419 421 59 
257 335 423 422 400 
258 423 394 424 422 
259 336 401 426 363 
260 401 193 427 426 
261 426 427 355 428 
262 363 426 428 354 
263 398 431 429 430 
264 431 400 432 429 
265 429 432 193 433 
266 430 429 433 401 
267 59 421 434 371 
268 421 332 435 434 
269 370 437 436 379 
270 437 371 438 436 
271 436 438 208 416 
272 379 436 416 346 
273 439 441 411 442 
274 417 439 442 347 
275 416 445 443 444 
276 445 208 446 443 
277 443 446 417 447 
278 444 443 447 415 
279 88 453 452 189 
280 453 90 454 452 
281 452 454 5 455 
282 189 452 455 91 
283 187 457 456 331 
284 457 189 458 456 
285 456 458 91 459 
286 331 456 459 190 
287 330 461 460 396 
288 461 187 462 460 
289 460 462 331 463 
290 396 460 463 329 
291 394 465 464 424 
292 465 396 466 464 
293 464 466 329 467 
294 424 464 467 397 
295 193 425 468 427 
296 425 397 469 468 
297 468 469 419 470 
298 427 468 470 355 
299 422 473 471 472 
300 473 424 474 471 
301 471 474 397 475 
302 472 471 475 425 
303 371 477 476 438 
304 477 434 478 476 
305 476 478 412 440 
306 438 476 440 208 
307 91 455 482 205 
308 455 5 483 482 
309 482 483 122 484 
310 205 482 484 121 
311 190 459 485 343 
312 459 91 486 485 
313 485 486 205 487 
314 343 485 487 204 
315 342 489 488 413 
316 489 343 490 488 
317 488 490 204 491 
318 413 488 491 344 
319 412 493 492 441 
320 493 342 494 492 
321 492 494 413 495 
322 441 492 495 411 
323 440 498 496 497 
324 498 412 499 496 
325 496 499 441 500 
326 497 496 500 439 
327 454 510 508 509 
328 508 511 504 512 
329 509 508 512 5 
330 5 512 513 514 
331 512 504 515 513 
332 514 513 516 483 
333 7 518 517 162 
334 518 16 519 517 
335 517 519 15 32 
336 162 517 32 13 
337 13 521 520 166 
338 521 32 522 520 
339 520 522 31 48 
340 166 520 48 26 
341 26 524 523 170 
342 524 48 525 523 
343 523 525 47 85 
344 170 523 85 42 
345 42 527 526 387 
346 527 85 528 526 
347 526 528 84 449 
348 387 526 449 58 
349 58 531 529 530 
350 531 449 532 529 
351 529 532 448 502 
352 530 529 502 90 
353 90 535 533 534 
354 535 502 536 533 
355 533 536 501 510 
356 534 533 510 454 
357 538 17 539 537 
358 537 539 8 540 
359 448 554 553 503 
360 554 450 555 553 
361 553 555 87 556 
362 503 553 556 451 
363 501 558 557 511 
364 558 503 559 557 
365 557 559 451 560 
366 511 557 560 504 
367 510 563 561 562 
368 563 501 564 561 
369 561 564 511 565 
370 562 561 565 508 
371 540 8 567 566 
372 566 567 29 568 
373 451 556 578 506 
374 556 87 579 578 
375 578 579 480 580 
376 506 578 580 479 
377 504 560 581 515 
378 560 451 582 581 
379 581 582 506 583 
380 515 581 583 505 
381 21 46 584 215 
382 46 28 585 584 
383 584 585 30 586 
384 215 584 586 9 
385 37 74 587 219 
386 74 44 588 587 
387 587 588 46 589 
388 219 587 589 21 
389 53 120 590 223 
390 120 72 591 590 
391 590 591 74 592 
392 223 590 592 37 
393 77 481 593 403 
394 481 118 594 593 
395 593 594 120 595 
396 403 593 595 53 
397 122 507 596 597 
398 507 479 598 596 
399 596 598 481 599 
400 597 596 599 77 
401 483 516 600 601 
402 516 505 602 600 
403 600 602 507 603 
404 601 600 603 122 
405 513 606 604 605 
406 606 515 607 604 
407 604 607 505 608 
408 605 604 608 516 
409 555 618 616 617 
410 617 616 620 87 
411 87 620 621 622 
412 622 621 624 579 
413 85 626 625 528 
414 626 47 627 625 
415 625 627 86 550 
416 528 625 550 84 
417 84 630 628 629 
418 630 550 631 628 
419 628 631 549 610 
420 629 628 610 450 
421 450 634 632 633 
422 634 610 635 632 
423 632 635 609 618 
424 633 632 618 555 
425 641 551 642 640 
426 640 642 50 643 
427 618 650 648 649 
428 650 609 651 648 
429 649 648 652 616 
430 643 50 657 656 
431 656 657 576 658 
432 118 577 662 594 
433 577 119 663 662 
434 662 663 72 664 
435 594 662 664 120 
436 480 615 665 666 
437 615 575 667 665 
438 665 667 577 668 
439 666 665 668 118 
440 579 624 669 670 
441 624 613 671 669 
442 669 671 615 672 
443 670 669 672 480 
444 621 675 673 674 
445 673 676 613 677 
446 674 673 677 624 
447 610 679 678 635 
448 679 549 680 678 
449 678 680 611 645 
450 635 678 645 609 
451 609 682 681 651 
452 682 645 683 681 
453 616 652 685 686 
454 685 687 612 688 
455 686 685 688 620 
456 648 691 689 690 
457 691 651 692 689 
458 690 689 693 652 
459 620 688 694 695 
460 688 612 696 694 
461 695 694 675 621 
462 613 661 697 671 
463 661 614 698 697 
464 697 698 575 699 
465 671 697 699 615 
466 700 702 661 703 
467 676 700 703 613 
468 675 706 704 705 
469 704 707 676 708 
470 705 704 708 673 
471 709 710 647 711 
472 687 709 711 612 
473 651 713 712 692 
474 713 681 714 712 
475 652 693 716 717 
476 693 619 718 716 
477 716 718 687 719 
478 717 716 719 685 
479 689 722 720 721 
480 722 692 723 720 
481 720 723 619 724 
482 721 720 724 693 
483 612 711 725 696 
484 711 647 726 725 
485 694 729 727 728 
486 729 696 730 727 
487 727 730 623 706 
488 728 727 706 675 
489 731 733 700 734 
490 707 731 734 676 
491 706 737 735 736 
492 737 623 738 735 
493 735 738 707 739 
494 736 735 739 704 
495 619 715 740 718 
496 715 684 741 740 
497 740 741 709 742 
498 718 740 742 687 
499 692 744 743 723 
500 744 712 745 743 
501 743 745 715 746 
502 723 743 746 619 
503 696 748 747 730 
504 748 725 749 747 
505 747 749 701 732 
506 730 747 732 623 
507 623 751 750 738 
508 751 732 752 750 
509 750 752 731 753 
510 738 750 753 707 
511 755 640 756 754 
512 754 756 643 757 
513 645 759 758 683 
514 759 611 760 758 
515 681 763 762 714 
516 763 683 764 762 
517 762 764 644 765 
518 712 767 766 745 
519 767 714 768 766 
520 766 768 684 769 
521 745 766 769 715 
522 757 643 771 770 
523 770 771 656 772 
524 773 775 614 776 
525 702 773 776 661 
526 778 659 779 777 
527 777 779 702 780 
528 733 777 780 700 
529 732 782 781 752 
530 782 701 783 781 
531 781 783 733 784 
532 752 781 784 731 
533 785 786 552 787 
534 710 785 787 647 
535 684 765 788 741 
536 765 644 789 788 
537 788 789 710 790 
538 741 788 790 709 
539 714 792 791 768 
540 792 762 793 791 
541 791 793 765 794 
542 768 791 794 684 
543 647 787 795 726 
544 787 552 796 795 
545 725 798 797 749 
546 798 726 799 797 
547 797 799 659 778 
548 749 797 778 701 
549 701 801 800 783 
550 801 778 802 800 
551 800 802 777 803 
552 783 800 803 733 
553 804 806 785 807 
554 789 804 807 710 
555 683 809 808 764 
556 809 758 810 808 
557 808 810 761 805 
558 764 808 805 644 
559 644 813 811 812 
560 813 805 814 811 
561 811 814 804 815 
562 812 811 815 789 
563 726 817 816 799 
564 817 795 818 816 
565 659 819 820 779 
566 819 774 821 820 
567 820 821 773 822 
568 779 820 822 702 
569 799 825 823 824 
570 825 816 826 823 
571 823 826 819 827 
572 824 823 827 659 
573 646 829 828 786 
574 829 754 830 828 
575 828 830 757 831 
576 786 828 831 552 
577 761 833 832 806 
578 833 646 834 832 
579 832 834 786 835 
580 806 832 835 785 
581 805 837 836 814 
582 837 761 838 836 
583 836 838 806 839 
584 814 836 839 804 
585 552 831 840 796 
586 831 757 841 840 
587 840 841 770 842 
588 796 840 842 660 
589 795 844 843 818 
590 844 796 845 843 
591 843 845 660 846 
592 818 843 846 774 
593 816 848 847 826 
594 848 818 849 847 
595 847 849 774 850 
596 826 847 850 819 
597 855 871 869 870 
598 871 857 872 869 
599 857 878 877 872 
600 878 862 879 877 
601 881 883 867 884 
602 882 881 884 866 
603 869 887 885 886 
604 887 872 888 885 
605 886 885 889 873 
606 872 894 893 888 
607 894 877 895 893 
608 893 895 880 896 
609 888 893 896 34 
610 873 889 897 898 
611 889 34 899 897 
612 897 899 883 900 
613 898 897 900 881 
614 885 903 901 902 
615 903 888 904 901 
616 901 904 34 905 
617 902 901 905 889 
618 638 908 906 907 
619 908 855 870 906 
620 907 906 909 548 
621 870 912 910 911 
622 912 869 886 910 
623 910 886 873 913 
624 548 909 914 915 
625 914 882 866 916 
626 915 914 916 654 
627 906 919 917 918 
628 919 870 911 917 
629 917 911 858 920 
630 918 917 920 909 
631 858 913 921 922 
632 913 873 898 921 
633 921 898 881 923 
634 922 921 923 882 
635 911 926 924 925 
636 926 910 927 924 
637 924 927 913 928 
638 925 924 928 858 
639 33 930 929 543 
640 930 537 931 929 
641 929 931 540 932 
642 543 929 932 18 
643 934 543 935 933 
644 933 935 18 936 
645 862 942 941 879 
646 18 932 945 570 
647 932 540 946 945 
648 945 946 566 947 
649 570 945 947 45 
650 936 18 949 948 
651 948 949 570 950 
652 941 963 961 962 
653 963 943 964 961 
654 961 964 854 965 
655 962 961 965 944 
656 636 968 966 967 
657 968 638 907 966 
658 966 907 548 969 
659 551 971 970 642 
660 971 636 967 970 
661 970 967 639 972 
662 642 970 972 50 
663 969 548 915 973 
664 973 915 654 975 
665 974 973 975 653 
666 967 978 976 977 
667 978 966 979 976 
668 976 979 969 980 
669 977 976 980 639 
670 877 982 981 895 
671 982 879 983 981 
672 981 983 865 984 
673 895 981 984 880 
674 879 986 985 983 
675 986 941 962 985 
676 985 962 944 987 
677 983 985 987 865 
678 943 992 991 964 
679 992 954 993 991 
680 991 993 957 994 
681 964 991 994 854 
682 996 933 997 995 
683 995 997 936 998 
684 954 1004 1003 993 
685 1004 956 1005 1003 
686 1003 1005 940 1006 
687 993 1003 1006 957 
688 32 1008 1007 522 
689 1008 15 1009 1007 
690 1007 1009 33 542 
691 522 1007 542 31 
692 31 1012 1010 1011 
693 1012 542 1013 1010 
694 1010 1013 541 852 
695 1011 1010 852 49 
696 852 1016 1014 1015 
697 1016 541 1017 1014 
698 1014 1017 853 938 
699 1015 1014 938 851 
700 938 1020 1018 1019 
701 1020 853 1021 1018 
702 1018 1021 939 1000 
703 1019 1018 1000 937 
704 998 936 1023 1022 
705 1022 1023 948 1024 
706 939 1026 1025 1001 
707 1026 995 1027 1025 
708 1025 1027 998 1028 
709 1001 1025 1028 544 
710 1000 1031 1029 1030 
711 1031 939 1032 1029 
712 1029 1032 1001 1033 
713 1030 1029 1033 999 
714 937 1036 1034 1035 
715 1036 1000 1030 1034 
716 1035 1034 1037 956 
717 956 1037 1041 1005 
718 1037 999 1042 1041 
719 1041 1042 1002 1043 
720 1005 1041 1043 940 
721 1034 1046 1044 1045 
722 1046 1030 1047 1044 
723 1044 1047 999 1048 
724 1045 1044 1048 1037 
725 50 972 1049 657 
726 972 639 974 1049 
727 1049 974 653 1050 
728 657 1049 1050 576 
729 639 980 1051 1052 
730 980 969 1053 1051 
731 1051 1053 973 1054 
732 1052 1051 1054 974 
733 880 984 1055 1056 
734 984 865 1057 1055 
735 1055 1057 891 1058 
736 1056 1055 1058 890 
737 957 1006 1059 1060 
738 1006 940 1061 1059 
739 1059 1061 989 1062 
740 1060 1059 1062 988 
741 44 571 1063 588 
742 571 45 1064 1063 
743 1063 1064 28 1065 
744 588 1063 1065 46 
745 73 861 1066 1067 
746 861 569 1068 1066 
747 1066 1068 571 1069 
748 1067 1066 1069 44 
749 859 953 1070 1071 
750 953 860 1072 1070 
751 1070 1072 569 1073 
752 1071 1070 1073 861 
753 951 1040 1074 1075 
754 1040 952 1076 1074 
755 1074 1076 860 1077 
756 1075 1074 1077 953 
757 989 1080 1078 1079 
758 1080 1038 1081 1078 
759 1078 1081 1040 1082 
760 1079 1078 1082 951 
761 1 1085 1083 1084 
762 1085 12 160 1083 
763 1083 160 10 62 
764 1084 1083 62 11 
765 16 1087 1086 519 
766 1087 2 1088 1086 
767 1086 1088 17 538 
768 519 1086 538 15 
769 20 94 1089 1090 
770 94 19 214 1089 
771 1089 214 22 1091 
772 1090 1089 1091 4 
773 10 1094 1092 1093 
774 1094 25 164 1092 
775 1092 164 23 66 
776 1093 1092 66 24 
777 28 568 1095 585 
778 568 29 1096 1095 
779 1095 1096 3 1097 
780 585 1095 1097 30 
781 36 97 1098 1099 
782 97 35 218 1098 
783 1098 218 38 1100 
784 1099 1098 1100 19 
785 23 1103 1101 1102 
786 1103 41 168 1101 
787 1101 168 39 70 
788 1102 1101 70 40 
789 48 1105 1104 525 
790 1105 31 1011 1104 
791 1104 1011 49 546 
792 525 1104 546 47 
793 52 100 1106 1107 
794 100 51 222 1106 
795 1106 222 54 1108 
796 1107 1106 1108 35 
797 70 1111 1109 1110 
798 1111 39 172 1109 
799 1109 172 56 112 
800 1110 1109 112 68 
801 72 574 1112 591 
802 574 73 1067 1112 
803 1112 1067 44 1113 
804 591 1112 1113 74 
805 56 1116 1114 1115 
806 1116 81 176 1114 
807 1114 176 79 116 
808 1115 1114 116 80 
809 89 1118 1117 390 
810 1118 58 530 1117 
811 1117 530 90 453 
812 390 1117 453 88 
813 98 135 1119 1120 
814 135 76 226 1119 
815 1119 226 51 1121 
816 1120 1119 1121 100 
817 102 138 1122 1123 
818 138 101 230 1122 
819 1122 230 104 1124 
820 1123 1122 1124 76 
821 116 1127 1125 1126 
822 1127 79 180 1125 
823 1125 180 106 141 
824 1126 1125 141 114 
825 121 484 1128 406 
826 484 122 597 1128 
827 1128 597 77 1129 
828 406 1128 1129 123 
829 136 154 1130 1131 
830 154 125 234 1130 
831 1130 234 101 1132 
832 1131 1130 1132 138 
833 183 1135 1133 1134 
834 1135 186 254 1133 
835 1133 254 128 201 
836 1134 1133 201 149 
837 188 1137 1136 393 
838 1137 88 1138 1136 
839 1136 1138 189 457 
840 393 1136 457 187 
841 204 487 1139 409 
842 487 205 1140 1139 
843 1139 1140 121 1141 
844 409 1139 1141 206 
845 158 245 1142 1143 
846 245 143 270 1142 
847 1142 270 239 1144 
848 1143 1142 1144 237 
849 250 1146 1145 260 
850 1146 196 296 1145 
851 1145 296 251 1147 
852 260 1145 1147 249 
853 265 1149 1148 276 
854 1149 267 317 1148 
855 1148 317 212 1150 
856 276 1148 1150 268 
857 279 341 1151 323 
858 341 191 362 1151 
859 1151 362 280 1152 
860 323 1151 1152 278 
861 248 1154 1153 294 
862 1154 289 338 1153 
863 1153 338 279 322 
864 294 1153 322 131 
865 300 1156 1155 327 
866 1156 301 377 1155 
867 1155 377 207 351 
868 327 1155 351 302 
869 145 328 1157 314 
870 328 302 350 1157 
871 1157 350 310 1158 
872 314 1157 1158 263 
873 329 463 1159 420 
874 463 331 1160 1159 
875 1159 1160 190 1161 
876 420 1159 1161 332 
877 332 1161 1162 435 
878 1161 190 1163 1162 
879 1162 1163 343 489 
880 435 1162 489 342 
881 397 467 1164 469 
882 467 329 1165 1164 
883 1164 1165 420 1166 
884 469 1164 1166 419 
885 400 1168 1167 432 
886 1168 422 472 1167 
887 1167 472 425 1169 
888 432 1167 1169 193 
889 434 1171 1170 478 
890 1171 435 1172 1170 
891 1170 1172 342 493 
892 478 1170 493 412 
893 208 1174 1173 446 
894 1174 440 497 1173 
895 1173 497 439 1175 
896 446 1173 1175 417 
897 449 1177 1176 532 
898 1177 84 629 1176 
899 1176 629 450 554 
900 532 1176 554 448 
901 479 580 1178 598 
902 580 480 666 1178 
903 1178 666 118 1179 
904 598 1178 1179 481 
905 502 1181 1180 536 
906 1181 448 1182 1180 
907 1180 1182 503 558 
908 536 1180 558 501 
909 505 583 1183 602 
910 583 506 1184 1183 
911 1183 1184 479 1185 
912 602 1183 1185 507 
913 15 1187 1186 1009 
914 1187 538 1188 1186 
915 1186 1188 537 930 
916 1009 1186 930 33 
917 542 1190 1189 1013 
918 1190 33 1191 1189 
919 1189 1191 543 934 
920 1013 1189 934 541 
921 47 1193 1192 627 
922 1193 546 1194 1192 
923 1192 1194 545 637 
924 627 1192 637 86 
925 546 1196 1195 1194 
926 1196 49 1197 1195 
927 1195 1197 547 856 
928 1194 1195 856 545 
929 550 1199 1198 631 
930 1199 86 1200 1198 
931 1198 1200 551 641 
932 631 1198 641 549 
933 45 947 1201 1064 
934 947 566 1202 1201 
935 1201 1202 568 1203 
936 1064 1201 1203 28 
937 569 950 1204 1068 
938 950 570 1205 1204 
939 1204 1205 45 1206 
940 1068 1204 1206 571 
941 119 655 1207 663 
942 655 572 1208 1207 
943 1207 1208 574 1209 
944 663 1207 1209 72 
945 575 658 1210 667 
946 658 576 1211 1210 
947 1210 1211 119 1212 
948 667 1210 1212 577 
949 86 1214 1213 1200 
950 1214 637 1215 1213 
951 1213 1215 636 971 
952 1200 1213 971 551 
953 637 1217 1216 1215 
954 1217 545 1218 1216 
955 1216 1218 638 968 
956 1215 1216 968 636 
957 549 1220 1219 680 
958 1220 641 1221 1219 
959 1219 1221 640 755 
960 680 1219 755 611 
961 576 1050 1222 1211 
962 1050 653 1223 1222 
963 1222 1223 655 1224 
964 1211 1222 1224 119 
965 614 772 1225 698 
966 772 656 1226 1225 
967 1225 1226 658 1227 
968 698 1225 1227 575 
969 611 1229 1228 760 
970 1229 755 1230 1228 
971 1228 1230 754 829 
972 760 1228 829 646 
973 758 1232 1231 810 
974 1232 760 1233 1231 
975 1231 1233 646 833 
976 810 1231 833 761 
977 660 842 1234 775 
978 842 770 1235 1234 
979 1234 1235 772 1236 
980 775 1234 1236 614 
981 774 846 1237 821 
982 846 660 1238 1237 
983 1237 1238 775 1239 
984 821 1237 1239 773 
985 49 1241 1240 1197 
986 1241 852 1015 1240 
987 1240 1015 851 863 
988 1197 1240 863 547 
989 545 1243 1242 1218 
990 1243 856 1244 1242 
991 1242 1244 855 908 
992 1218 1242 908 638 
993 856 1246 1245 1244 
994 1246 547 1247 1245 
995 1245 1247 857 871 
996 1244 1245 871 855 
997 573 876 1248 1249 
998 876 859 1071 1248 
999 1248 1071 861 1250 
1000 1249 1248 1250 73 
1001 547 1252 1251 1247 
1002 1252 863 1253 1251 
1003 1251 1253 862 878 
1004 1247 1251 878 857 
1005 863 1255 1254 1253 
1006 1255 851 1256 1254 
1007 1254 1256 864 942 
1008 1253 1254 942 862 
1009 34 896 1257 899 
1010 896 880 1056 1257 
1011 1257 1056 890 1258 
1012 899 1257 1258 883 
1013 909 920 1259 1260 
1014 920 858 922 1259 
1015 1259 922 882 1261 
1016 1260 1259 1261 914 
1017 541 1263 1262 1017 
1018 1263 934 1264 1262 
1019 1262 1264 933 996 
1020 1017 1262 996 853 
1021 851 1266 1265 1256 
1022 1266 938 1019 1265 
1023 1265 1019 937 955 
1024 1256 1265 955 864 
1025 860 1024 1267 1072 
1026 1024 948 1268 1267 
1027 1267 1268 950 1269 
1028 1072 1267 1269 569 
1029 875 990 1270 1271 
1030 990 951 1075 1270 
1031 1270 1075 953 1272 
1032 1271 1270 1272 859 
1033 955 1275 1273 1274 
1034 1275 937 1035 1273 
1035 1273 1035 956 1004 
1036 1274 1273 1004 954 
1037 865 987 1276 1057 
1038 987 944 1277 1276 
1039 1276 1277 958 1278 
1040 1057 1276 1278 891 
1041 944 965 1279 1277 
1042 965 854 1280 1279 
1043 1279 1280 959 1281 
1044 1277 1279 1281 958 
1045 854 994 1282 1280 
1046 994 957 1060 1282 
1047 1282 1060 988 1283 
1048 1280 1282 1283 959 
1049 988 1062 1284 1285 
1050 1062 989 1079 1284 
1051 1284 1079 951 1286 
1052 1285 1284 1286 990 
1053 959 1283 1287 1288 
1054 1283 988 1285 1287 
1055 1287 1285 990 1289 
1056 1288 1287 1289 875 
1057 853 1291 1290 1021 
1058 1291 996 1292 1290 
1059 1290 1292 995 1026 
1060 1021 1290 1026 939 
1061 999 1033 1293 1042 
1062 1033 1001 1294 1293 
1063 1293 1294 544 1295 
1064 1042 1293 1295 1002 
1065 544 1028 1296 1039 
1066 1028 998 1297 1296 
1067 1296 1297 1022 1298 
1068 1039 1296 1298 952 
1069 952 1298 1299 1076 
1070 1298 1022 1300 1299 
1071 1299 1300 1024 1301 
1072 1076 1299 1301 860 
1073 940 1043 1302 1061 
1074 1043 1002 1303 1302 
1075 1302 1303 1038 1080 
1076 1061 1302 1080 989 
1077 1002 1295 1304 1303 
1078 1295 544 1305 1304 
1079 1304 1305 1039 1306 
1080 1303 1304 1306 1038 
1081 1038 1306 1307 1081 
1082 1306 1039 1308 1307 
1083 1307 1308 952 1309 
1084 1081 1307 1309 1040 
1085 572 868 1310 1208 
1086 868 573 1249 1310 
1087 1310 1249 73 1311 
1088 1208 1310 1311 574 
1089 653 975 1312 1223 
1090 975 654 1313 1312 
1091 1312 1313 572 1314 
1092 1223 1312 1314 655 
1093 654 916 1315 1313 
1094 916 866 1316 1315 
1095 1315 1316 868 1317 
1096 1313 1315 1317 572 
1097 874 960 1318 1319 
1098 960 875 1271 1318 
1099 1318 1271 859 1320 
1100 1319 1318 1320 876 
1101 867 892 1321 1322 
1102 892 874 1319 1321 
1103 1321 1319 876 1323 
1104 1322 1321 1323 573 
1105 864 1326 1324 1325 
1106 1326 955 1274 1324 
1107 1324 1274 954 992 
1108 1325 1324 992 943 
1109 958 1281 1327 1328 
1110 1281 959 1288 1327 
1111 1327 1288 875 1329 
1112 1328 1327 1329 960 
1113 891 1278 1330 1331 
1114 1278 958 1328 1330 
1115 1330 1328 960 1332 
1116 1331 1330 1332 874 
1117 866 884 1333 1316 
1118 884 867 1322 1333 
1119 1333 1322 573 1334 
1120 1316 1333 1334 868 
1121 890 1058 1335 1336 
1122 1058 891 1331 1335 
1123 1335 1331 874 1337 
1124 1336 1335 1337 892 
1125 883 1258 1338 1339 
1126 1258 890 1336 1338 
1127 1338 1336 892 1340 
1128 1339 1338 1340 867 
1129 942 1343 1341 1342 
1130 1343 864 1325 1341 
1131 1341 1325 943 963 
1132 1342 1341 963 941 
