2 0.000000 100.000000 262.180540
1368 1156 
1 -11.368037 0.000000 -11.623629 99.755857 -6.983005 0.000568 0.000001 
2 13.641644 0.000000 -11.623629 99.751808 -7.040542 -0.005120 0.000001 
3 13.641644 0.000000 11.623629 99.760720 -6.914167 -0.004657 -0.000001 
4 -11.368037 0.000000 11.623629 99.756950 -6.968561 0.000573 -0.000001 
5 1.136804 0.000000 0.000000 101.471247 -6.570828 0.703221 -0.034008 
6 -11.368037 0.000000 0.000000 99.756386 -6.975812 0.000830 0.000000 
7 1.136804 0.000000 -11.623629 99.753935 -7.009328 -0.000066 0.000002 
8 13.641644 0.000000 0.000000 99.787967 -6.523286 -0.921311 -0.000104 
9 1.136804 0.000000 11.623629 99.758844 -6.943747 -0.000089 -0.000004 
10 -5.115617 0.000000 -5.811815 99.755285 -6.989250 0.001014 0.000003 
11 -11.368037 0.000000 -5.811815 99.756038 -6.980397 0.000736 0.000001 
12 -5.115617 0.000000 -11.623629 99.755246 -6.991131 0.000578 0.000002 
13 1.136804 0.000000 -5.811815 99.751699 -7.038898 -0.000346 0.000005 
14 -5.115617 0.000000 0.000000 99.756183 -6.976372 0.001579 0.000003 
15 7.389224 0.000000 -5.811815 99.746996 -7.106621 -0.010690 0.000003 
16 7.389224 0.000000 -11.623629 99.752489 -7.030143 -0.002207 0.000002 
17 13.641644 0.000000 -5.811815 99.746348 -7.118326 -0.022808 -0.000000 
18 7.389224 0.000000 0.000000 99.896889 -4.960675 -1.307771 -0.000571 
19 -5.115617 0.000000 5.811815 99.757455 -6.963143 0.001134 -0.000004 
20 -11.368037 0.000000 5.811815 99.756752 -6.971211 0.000749 -0.000001 
21 1.136804 0.000000 5.811815 99.761315 -6.921701 -0.000515 -0.000023 
22 -5.115617 0.000000 11.623629 99.757569 -6.960846 0.000592 -0.000003 
23 -1.989406 0.000000 -2.905907 99.753671 -6.999845 0.001316 0.000021 
24 -5.115617 0.000000 -2.905907 99.755549 -6.984412 0.001325 0.000005 
25 -1.989406 0.000000 -5.811815 99.754140 -7.003780 0.000874 0.000006 
26 1.136804 0.000000 -2.905907 99.751389 -7.084356 -0.001435 -0.000053 
27 -1.989406 0.000000 0.000000 99.753410 -6.979879 0.002895 0.000054 
28 7.389224 0.000000 5.811815 99.764632 -6.858306 -0.009140 -0.000002 
29 13.641644 0.000000 5.811815 99.765395 -6.846809 -0.018929 -0.000001 
30 7.389224 0.000000 11.623629 99.760090 -6.924134 -0.002070 -0.000002 
31 4.263014 0.000000 -2.905907 99.736728 -7.240658 -0.021025 0.000016 
32 4.263014 0.000000 -5.811815 99.748576 -7.082219 -0.004518 0.000006 
33 7.389224 0.000000 -2.905907 99.735220 -7.272871 -0.049066 -0.000001 
34 4.263014 0.000000 0.000000 99.774169 -6.653873 -5.533433 -0.002978 
35 -1.989406 0.000000 2.905907 99.758243 -6.956163 0.002558 -0.000010 
36 -5.115617 0.000000 2.905907 99.756984 -6.968216 0.001484 -0.000001 
37 1.136804 0.000000 2.905907 99.768504 -6.894033 -0.002377 -0.000128 
38 -1.989406 0.000000 5.811815 99.758740 -6.950194 0.001166 -0.000011 
39 -0.426301 0.000000 -1.452954 99.744705 -7.022043 -0.012614 0.000168 
40 -1.989406 0.000000 -1.452954 99.752647 -6.999603 0.002691 0.000041 
41 -0.426301 0.000000 -2.905907 99.746505 -7.013119 0.001811 0.000145 
42 1.136804 0.000000 -1.452954 99.740287 -7.146904 -0.012241 0.000080 
43 -0.426301 0.000000 0.000000 99.980227 -7.098879 0.016771 -0.004644 
44 4.263014 0.000000 2.905907 99.770370 -6.763185 -0.018728 0.000013 
45 7.389224 0.000000 2.905907 99.773138 -6.733896 -0.035422 -0.000003 
46 4.263014 0.000000 5.811815 99.763363 -6.881507 -0.004352 -0.000008 
47 2.699909 0.000000 -1.452954 99.714924 -7.494620 -0.029705 0.000076 
48 2.699909 0.000000 -2.905907 99.740929 -7.174276 -0.007847 0.000028 
49 4.263014 0.000000 -1.452954 99.708390 -7.611066 -0.101843 0.000030 
50 2.699909 0.000000 0.000000 99.934764 -7.318331 -1.565771 -0.004297 
51 -0.426301 0.000000 1.452954 99.753751 -6.957381 0.017160 0.000078 
52 -1.989406 0.000000 1.452954 99.756486 -6.971742 0.004245 0.000004 
53 1.136804 0.000000 1.452954 99.769054 -6.907185 -0.007085 -0.000157 
54 -0.426301 0.000000 2.905907 99.761899 -6.949217 0.004090 -0.000073 
55 0.355251 0.000000 -0.726477 99.786592 -7.120501 -0.129103 -0.000808 
56 -0.426301 0.000000 -0.726477 99.710843 -7.045150 0.015527 0.000811 
57 0.355251 0.000000 -1.452954 99.758962 -7.065075 -0.018238 -0.000177 
58 1.136804 0.000000 -0.726477 99.754574 -7.248370 -0.026688 -0.000351 
59 0.355251 0.000000 0.000000 69.642425 -0.039310 -0.001473 0.514993 
60 -8.241827 0.000000 -2.905907 99.756025 -6.980058 0.001015 0.000001 
61 -11.368037 0.000000 -2.905907 99.756195 -6.978280 0.000801 0.000001 
62 -8.241827 0.000000 -5.811815 99.755799 -6.983238 0.000880 0.000001 
63 -8.241827 0.000000 0.000000 99.756349 -6.975949 0.001087 0.000001 
64 -3.552511 0.000000 -1.452954 99.755250 -6.983910 0.001812 0.000012 
65 -5.115617 0.000000 -1.452954 99.755815 -6.980674 0.001479 0.000005 
66 -3.552511 0.000000 -2.905907 99.754943 -6.989360 0.001478 0.000010 
67 -3.552511 0.000000 0.000000 99.755875 -6.977037 0.002080 0.000009 
68 -1.207854 0.000000 -0.726477 99.748630 -6.993991 0.006351 0.000129 
69 -1.989406 0.000000 -0.726477 99.754060 -6.981537 -0.001483 0.000039 
70 -1.207854 0.000000 -1.452954 99.749136 -7.001660 0.000052 0.000109 
71 -1.207854 0.000000 0.000000 99.751647 -6.984849 0.003075 0.000082 
72 2.699909 0.000000 1.452954 99.773761 -6.654988 -0.049701 0.000091 
73 4.263014 0.000000 1.452954 99.782547 -6.555668 -0.066347 0.000046 
74 2.699909 0.000000 2.905907 99.769160 -6.821870 -0.011997 -0.000042 
75 0.355251 0.000000 0.726477 99.831266 -7.054807 0.127563 -0.001607 
76 -0.426301 0.000000 0.726477 99.728281 -6.991112 0.003744 0.000539 
77 1.136804 0.000000 0.726477 99.855367 -7.053095 -0.048299 -0.002084 
78 0.355251 0.000000 1.452954 99.776285 -6.948618 0.017164 -0.000359 
79 -0.035525 0.000000 -0.363238 99.146988 -7.202002 0.083119 0.011800 
80 -0.426301 0.000000 -0.363238 99.786118 -7.033440 0.062596 -0.000674 
81 -0.035525 0.000000 -0.726477 99.653248 -7.054257 -0.063192 0.001946 
82 0.355251 0.000000 -0.363238 100.430742 -7.484295 -0.632217 -0.014275 
83 -0.035525 0.000000 0.000000 167.194107 -7.442064 -0.019139 -1.800925 
84 1.918356 0.000000 -0.726477 99.730039 -7.726850 0.013255 -0.000579 
85 1.918356 0.000000 -1.452954 99.742466 -7.306338 -0.000565 -0.000194 
86 2.699909 0.000000 -0.726477 99.618892 -8.275039 -0.151333 0.000758 
87 1.918356 0.000000 0.000000 101.527431 -8.618545 -1.135504 -0.038339 
88 0.746027 0.000000 -0.363238 99.722231 -7.595217 0.088665 -0.000222 
89 0.746027 0.000000 -0.726477 99.738368 -7.173806 0.008301 0.000079 
90 1.136804 0.000000 -0.363238 99.697569 -7.692894 -0.143025 0.000119 
91 0.746027 0.000000 0.000000 101.889807 -6.563210 -0.023208 -0.042461 
92 -8.241827 0.000000 2.905907 99.756698 -6.971824 0.001048 -0.000001 
93 -11.368037 0.000000 2.905907 99.756583 -6.973340 0.000811 -0.000000 
94 -8.241827 0.000000 5.811815 99.756968 -6.968599 0.000918 -0.000001 
95 -3.552511 0.000000 1.452954 99.756662 -6.970026 0.002109 0.000003 
96 -5.115617 0.000000 1.452954 99.756600 -6.972039 0.001583 0.000001 
97 -3.552511 0.000000 2.905907 99.757348 -6.964261 0.001887 -0.000003 
98 -1.207854 0.000000 0.726477 99.752690 -6.973544 0.003076 0.000077 
99 -1.989406 0.000000 0.726477 99.756611 -6.973089 0.010527 -0.000001 
100 -1.207854 0.000000 1.452954 99.754353 -6.962807 0.005604 0.000059 
101 -0.035525 0.000000 0.363238 99.134207 -7.195277 -0.082313 0.012063 
102 -0.426301 0.000000 0.363238 99.762191 -7.021708 -0.091796 -0.000181 
103 0.355251 0.000000 0.363238 100.485068 -7.446227 0.645106 -0.015311 
104 -0.035525 0.000000 0.726477 99.687119 -7.017549 0.077924 0.001323 
105 0.159863 0.000000 -0.181619 98.306075 -8.518988 -4.887182 0.023946 
106 -0.035525 0.000000 -0.181619 97.595928 -7.289921 3.054565 0.041256 
107 0.159863 0.000000 -0.363238 99.304810 -7.303387 -0.851705 0.008449 
108 0.355251 0.000000 -0.181619 101.826718 -9.005680 -1.512122 -0.045207 
109 0.159863 0.000000 0.000000 117.999258 0.023648 0.039872 -0.392383 
110 -0.817078 0.000000 -0.363238 99.753593 -7.015688 0.013900 0.000000 
111 -1.207854 0.000000 -0.363238 99.749864 -6.990048 0.003212 0.000110 
112 -0.817078 0.000000 -0.726477 99.742903 -7.002363 0.006609 0.000232 
113 -0.817078 0.000000 0.000000 99.765438 -7.009497 0.009068 -0.000228 
114 -0.230913 0.000000 -0.181619 100.360656 -7.136939 0.410051 -0.012337 
115 -0.426301 0.000000 -0.181619 99.903516 -7.100678 0.078967 -0.003114 
116 -0.230913 0.000000 -0.363238 99.581668 -7.073622 0.310317 0.003336 
117 -0.230913 0.000000 0.000000 101.249737 -7.203173 -0.026309 -0.030340 
118 1.918356 0.000000 0.726477 99.839923 -6.832333 -0.153571 -0.001471 
119 2.699909 0.000000 0.726477 99.780536 -6.330863 -0.159622 0.000374 
120 1.918356 0.000000 1.452954 99.780961 -6.799431 -0.041414 -0.000247 
121 0.746027 0.000000 0.363238 99.782407 -7.539772 -0.090017 -0.001338 
122 1.136804 0.000000 0.363238 100.051507 -7.576549 0.011145 -0.006771 
123 0.746027 0.000000 0.726477 99.811302 -7.084026 -0.028940 -0.001248 
124 0.159863 0.000000 0.181619 98.337548 -8.459231 4.901708 0.023414 
125 -0.035525 0.000000 0.181619 97.608066 -7.303811 -3.045868 0.041004 
126 0.355251 0.000000 0.181619 101.810518 -8.990510 1.544770 -0.044860 
127 0.159863 0.000000 0.363238 99.333696 -7.292556 0.865432 0.007889 
128 0.062169 0.000000 -0.090810 85.897865 -10.526946 -8.243399 0.244279 
129 -0.035525 0.000000 -0.090810 103.833891 -7.722747 18.840982 -0.119610 
130 0.062169 0.000000 -0.181619 95.920674 -7.884500 -1.752645 0.073399 
131 0.159863 0.000000 -0.090810 99.374162 -12.636803 -13.411679 -0.021479 
132 0.062169 0.000000 0.000000 198.825130 -0.772529 -0.007252 -2.953203 
133 -0.817078 0.000000 0.363238 99.758171 -6.989583 0.003137 -0.000055 
134 -1.207854 0.000000 0.363238 99.751445 -6.979181 0.002717 0.000094 
135 -0.817078 0.000000 0.726477 99.749011 -6.975147 0.003911 0.000148 
136 -0.230913 0.000000 0.181619 100.338624 -7.133187 -0.443055 -0.011892 
137 -0.426301 0.000000 0.181619 99.887850 -7.022345 -0.082709 -0.002690 
138 -0.230913 0.000000 0.363238 99.584392 -7.039810 -0.305964 0.003330 
139 -0.133219 0.000000 -0.090810 103.481435 -7.330347 2.596650 -0.076888 
140 -0.230913 0.000000 -0.090810 100.886215 -7.186865 0.459628 -0.022989 
141 -0.133219 0.000000 -0.181619 100.109439 -7.396995 1.937194 -0.008037 
142 -0.133219 0.000000 0.000000 106.606734 -7.248387 -0.008767 -0.141753 
143 0.062169 0.000000 0.090810 85.785501 -10.510673 8.241252 0.246246 
144 -0.035525 0.000000 0.090810 103.828173 -7.741373 -18.852584 -0.119564 
145 0.159863 0.000000 0.090810 99.390740 -12.553041 13.415573 -0.021608 
146 0.062169 0.000000 0.181619 95.959117 -7.872778 1.780200 0.072670 
147 0.013322 0.000000 -0.045405 73.588816 -11.593696 -14.467349 0.424097 
148 -0.035525 0.000000 -0.045405 145.201796 -7.688755 29.673526 -1.202320 
149 0.013322 0.000000 -0.090810 76.009409 -9.102278 6.043496 0.410319 
150 0.062169 0.000000 -0.045405 195.514843 -0.637806 -19.439037 -2.860434 
151 0.013322 0.000000 0.000000 249.191764 -3.660980 0.009554 -5.210994 
152 -0.133219 0.000000 0.090810 103.493993 -7.357589 -2.586876 -0.077183 
153 -0.230913 0.000000 0.090810 100.872281 -7.190183 -0.505847 -0.022717 
154 -0.133219 0.000000 0.181619 100.075911 -7.331894 -1.943422 -0.007272 
155 0.013322 0.000000 0.045405 73.508034 -11.867908 14.452821 0.424684 
156 -0.035525 0.000000 0.045405 145.197035 -7.710715 -29.700447 -1.202375 
157 0.062169 0.000000 0.045405 195.517470 -0.657455 19.438758 -2.860538 
158 0.013322 0.000000 0.090810 76.020538 -9.149577 -6.068591 0.410034 
159 -1.989406 0.000000 -8.717722 99.754422 -7.001811 0.000592 0.000003 
160 -5.115617 0.000000 -8.717722 99.755220 -6.991034 0.000764 0.000002 
161 -1.989406 0.000000 -11.623629 99.754685 -6.998828 0.000405 0.000002 
162 1.136804 0.000000 -8.717722 99.753170 -7.019397 -0.000126 0.000003 
163 -0.426301 0.000000 -4.358861 99.752689 -7.022368 0.000497 0.000009 
164 -1.989406 0.000000 -4.358861 99.753961 -7.003056 0.001055 0.000010 
165 -0.426301 0.000000 -5.811815 99.753175 -7.017762 0.000479 0.000006 
166 1.136804 0.000000 -4.358861 99.750303 -7.060023 -0.000524 0.000003 
167 0.355251 0.000000 -2.179431 99.761177 -7.065052 -0.008583 -0.000221 
168 -0.426301 0.000000 -2.179431 99.750651 -7.023938 -0.003997 0.000047 
169 0.355251 0.000000 -2.905907 99.752732 -7.048847 -0.001970 -0.000029 
170 1.136804 0.000000 -2.179431 99.760371 -7.105701 -0.004965 -0.000262 
171 -0.035525 0.000000 -1.089715 99.729981 -7.053516 -0.033418 0.000418 
172 -0.426301 0.000000 -1.089715 99.738285 -7.020615 -0.013724 0.000299 
173 -0.035525 0.000000 -1.452954 99.733492 -7.038214 -0.009433 0.000369 
174 0.355251 0.000000 -1.089715 99.760353 -7.084925 -0.044222 -0.000233 
175 0.159863 0.000000 -0.544858 99.614892 -7.183208 -0.279719 0.002520 
176 -0.035525 0.000000 -0.544858 99.577975 -7.113035 -0.085862 0.003362 
177 0.159863 0.000000 -0.726477 99.699365 -7.083366 -0.134355 0.000984 
178 0.355251 0.000000 -0.544858 99.835880 -7.219217 -0.237097 -0.001938 
179 0.062169 0.000000 -0.272429 97.613580 -7.423602 -0.762124 0.041590 
180 -0.035525 0.000000 -0.272429 98.214432 -7.294884 0.800594 0.030007 
181 0.062169 0.000000 -0.363238 98.939162 -7.255651 -0.387511 0.015825 
182 0.159863 0.000000 -0.272429 98.794809 -7.577883 -2.094822 0.017777 
183 0.013322 0.000000 -0.136214 92.865890 -8.023514 2.670130 0.130442 
184 -0.035525 0.000000 -0.136214 98.496766 -7.461463 6.425855 0.020142 
185 0.013322 0.000000 -0.181619 95.914324 -7.534963 1.071023 0.074252 
186 0.062169 0.000000 -0.136214 93.668061 -8.542599 -3.531467 0.114085 
187 0.550639 0.000000 -0.181619 101.417249 -8.018080 -0.004421 -0.034975 
188 0.550639 0.000000 -0.363238 100.045328 -7.533090 0.138246 -0.006583 
189 0.746027 0.000000 -0.181619 102.021979 -8.022514 -0.033637 -0.047285 
190 0.550639 0.000000 0.000000 101.376227 -6.544722 -0.003344 -0.031997 
191 0.257557 0.000000 -0.090810 102.696261 -12.590042 -10.266445 -0.081043 
192 0.257557 0.000000 -0.181619 100.675394 -8.801884 -3.793817 -0.022740 
193 0.355251 0.000000 -0.090810 105.273991 -12.608588 -4.440848 -0.126131 
194 0.257557 0.000000 0.000000 83.809406 -0.084526 0.013869 0.297598 
195 0.111016 0.000000 -0.045405 146.711563 -0.245232 -13.690050 -1.171176 
196 0.111016 0.000000 -0.090810 92.520652 -12.537253 -15.473455 0.104332 
197 0.159863 0.000000 -0.045405 116.826037 -0.043541 -8.472464 -0.372011 
198 0.111016 0.000000 0.000000 149.968810 -0.253456 -0.012171 -1.249071 
199 0.037745 0.000000 -0.068107 74.449820 -11.665455 -14.572779 0.410878 
200 0.013322 0.000000 -0.068107 73.542393 -11.373554 -14.313171 0.425729 
201 0.037745 0.000000 -0.090810 83.315784 -9.855252 -4.991846 0.293644 
202 0.062169 0.000000 -0.068107 79.455992 -11.998260 -15.323341 0.330798 
203 0.037745 0.000000 -0.045405 74.083215 -11.710313 -14.564194 0.416243 
204 0.550639 0.000000 0.181619 101.354533 -8.004789 0.013633 -0.033682 
205 0.746027 0.000000 0.181619 101.924928 -8.013348 -0.003806 -0.045290 
206 0.550639 0.000000 0.363238 100.097269 -7.516251 -0.138459 -0.007598 
207 0.257557 0.000000 0.090810 102.681411 -12.593207 10.265945 -0.080745 
208 0.355251 0.000000 0.090810 105.369584 -12.619732 4.443968 -0.128176 
209 0.257557 0.000000 0.181619 100.678587 -8.781994 3.801539 -0.022775 
210 0.111016 0.000000 0.045405 146.700001 -0.236215 13.661629 -1.170759 
211 0.159863 0.000000 0.045405 116.824511 -0.010596 8.527620 -0.372069 
212 0.111016 0.000000 0.090810 92.441416 -12.589731 15.462002 0.105701 
213 -1.989406 0.000000 8.717722 99.758434 -6.951162 0.000641 -0.000006 
214 -5.115617 0.000000 8.717722 99.757587 -6.961130 0.000814 -0.000003 
215 1.136804 0.000000 8.717722 99.759646 -6.935008 -0.000181 -0.000008 
216 -1.989406 0.000000 11.623629 99.758135 -6.953597 0.000407 -0.000004 
217 -0.426301 0.000000 4.358861 99.760755 -6.935448 0.001291 -0.000031 
218 -1.989406 0.000000 4.358861 99.758756 -6.951741 0.001714 -0.000014 
219 1.136804 0.000000 4.358861 99.767394 -6.905216 -0.000505 -0.000121 
220 -0.426301 0.000000 5.811815 99.759943 -6.937869 0.000684 -0.000018 
221 0.355251 0.000000 2.179431 99.772556 -6.929145 0.009695 -0.000258 
222 -0.426301 0.000000 2.179431 99.760159 -6.944928 0.007504 -0.000032 
223 1.136804 0.000000 2.179431 99.781391 -6.888379 -0.003033 -0.000378 
224 0.355251 0.000000 2.905907 99.765354 -6.921233 0.002442 -0.000103 
225 -0.035525 0.000000 1.089715 99.751979 -6.972525 0.041004 0.000092 
226 -0.426301 0.000000 1.089715 99.747695 -6.969217 0.019067 0.000183 
227 0.355251 0.000000 1.089715 99.791806 -6.971920 0.044417 -0.000701 
228 -0.035525 0.000000 1.452954 99.746107 -6.952070 0.011978 0.000238 
229 0.159863 0.000000 0.544858 99.636600 -7.133464 0.290294 0.002158 
230 -0.035525 0.000000 0.544858 99.542677 -7.037965 0.087080 0.004171 
231 0.355251 0.000000 0.544858 99.885608 -7.168735 0.248801 -0.002859 
232 0.159863 0.000000 0.726477 99.741454 -7.037463 0.141577 0.000210 
233 0.062169 0.000000 0.272429 97.564706 -7.420340 0.782143 0.042546 
234 -0.035525 0.000000 0.272429 98.179190 -7.272381 -0.796357 0.030733 
235 0.159863 0.000000 0.272429 98.795374 -7.616385 2.113421 0.017700 
236 0.062169 0.000000 0.363238 98.929112 -7.235308 0.401803 0.016052 
237 0.013322 0.000000 0.136214 92.817988 -8.010100 -2.670062 0.131353 
238 -0.035525 0.000000 0.136214 98.479869 -7.469138 -6.426329 0.020463 
239 0.062169 0.000000 0.136214 93.632409 -8.578078 3.531218 0.114692 
240 0.013322 0.000000 0.181619 95.944263 -7.553235 -1.054973 0.073653 
241 0.037745 0.000000 0.068107 74.416045 -11.860889 14.571153 0.410925 
242 0.013322 0.000000 0.068107 73.476136 -11.652092 14.305145 0.426085 
243 0.037745 0.000000 0.045405 74.048363 -11.895374 14.561726 0.416330 
244 0.062169 0.000000 0.068107 79.418096 -12.163968 15.317919 0.331017 
245 0.037745 0.000000 0.090810 83.225106 -9.819910 4.995830 0.295219 
246 0.111016 0.000000 -0.136214 96.603173 -9.112837 -6.379747 0.054408 
247 0.111016 0.000000 -0.181619 97.045519 -8.220592 -3.771906 0.050036 
248 0.159863 0.000000 -0.136214 98.738749 -9.728367 -7.423013 0.010092 
249 0.086592 0.000000 -0.068107 91.845613 -12.436027 -15.297952 0.117570 
250 0.086592 0.000000 -0.090810 92.272625 -12.553469 -15.435570 0.108992 
251 0.111016 0.000000 -0.068107 92.515892 -12.396851 -15.375172 0.105073 
252 0.086592 0.000000 -0.045405 169.177751 -0.335593 -17.504605 -1.892764 
253 0.086592 0.000000 -0.113512 93.429835 -9.601698 -8.032966 0.111414 
254 0.062169 0.000000 -0.113512 90.873715 -9.211049 -5.525204 0.162660 
255 0.086592 0.000000 -0.136214 95.077164 -8.785974 -5.335185 0.085468 
256 0.111016 0.000000 -0.113512 95.972040 -10.005633 -8.916825 0.060975 
257 0.074381 0.000000 -0.079458 88.866836 -12.415737 -15.228041 0.171664 
258 0.062169 0.000000 -0.079458 80.423504 -12.097912 -15.330600 0.315067 
259 0.074381 0.000000 -0.090810 86.759025 -10.846188 -12.017031 0.221082 
260 0.086592 0.000000 -0.079458 91.968564 -12.456827 -15.329596 0.115161 
261 0.074381 0.000000 -0.068107 86.138337 -12.313621 -15.348079 0.219300 
262 0.111016 0.000000 0.136214 96.564876 -9.054442 6.419973 0.055203 
263 0.159863 0.000000 0.136214 98.711898 -9.695294 7.457498 0.010635 
264 0.111016 0.000000 0.181619 97.078557 -8.184959 3.787734 0.049441 
265 0.086592 0.000000 0.068107 91.798720 -12.335782 15.290510 0.118702 
266 0.086592 0.000000 0.045405 169.165200 -0.326265 17.474917 -1.892234 
267 0.111016 0.000000 0.068107 92.446042 -12.426803 15.365576 0.106320 
268 0.086592 0.000000 0.090810 92.233473 -12.431417 15.428089 0.110042 
269 0.086592 0.000000 0.113512 93.382720 -9.624667 8.052693 0.112219 
270 0.062169 0.000000 0.113512 90.820214 -9.244758 5.523745 0.163571 
271 0.111016 0.000000 0.113512 95.938846 -9.953161 8.952433 0.061653 
272 0.086592 0.000000 0.136214 95.053224 -8.786980 5.358723 0.085896 
273 0.074381 0.000000 0.079458 88.819056 -12.372567 15.219463 0.172646 
274 0.062169 0.000000 0.079458 80.384301 -12.242897 15.324048 0.315365 
275 0.074381 0.000000 0.068107 86.092805 -12.333810 15.339842 0.220060 
276 0.086592 0.000000 0.079458 91.919926 -12.363273 15.321860 0.116312 
277 0.074381 0.000000 0.090810 86.678146 -10.873123 12.021343 0.222416 
278 0.208710 0.000000 -0.045405 96.285718 -0.114974 -5.273323 0.070124 
279 0.208710 0.000000 -0.090810 100.541701 -12.689888 -12.752687 -0.043230 
280 0.257557 0.000000 -0.045405 82.955322 -0.073077 -4.046238 0.310204 
281 0.208710 0.000000 0.000000 97.407103 -0.002859 0.027554 0.051186 
282 0.135439 0.000000 -0.068107 93.132876 -12.538095 -15.572386 0.092656 
283 0.135439 0.000000 -0.090810 94.335243 -12.564490 -15.172626 0.071279 
284 0.159863 0.000000 -0.068107 115.390542 -0.160226 -12.658041 -0.347523 
285 0.135439 0.000000 -0.045405 130.213269 -0.093354 -10.720907 -0.707044 
286 0.257557 0.000000 -0.272429 100.217854 -7.799386 -1.826631 -0.010779 
287 0.257557 0.000000 -0.363238 100.027628 -7.405820 -0.940323 -0.006126 
288 0.355251 0.000000 -0.272429 100.683834 -7.927861 -0.775997 -0.020069 
289 0.208710 0.000000 -0.136214 100.260911 -10.073135 -7.270691 -0.020658 
290 0.208710 0.000000 -0.181619 99.370074 -8.614362 -4.862177 0.002774 
291 0.257557 0.000000 -0.136214 101.311029 -10.138374 -6.304506 -0.040646 
292 0.135439 0.000000 -0.113512 97.199692 -10.384676 -9.219307 0.035938 
293 0.135439 0.000000 -0.136214 97.778757 -9.437163 -6.923537 0.030232 
294 0.159863 0.000000 -0.113512 98.486022 -10.844670 -9.743682 0.008796 
295 0.123228 0.000000 -0.079458 92.634650 -12.455785 -15.445478 0.102511 
296 0.111016 0.000000 -0.079458 92.515484 -12.451387 -15.413434 0.104827 
297 0.123228 0.000000 -0.090810 92.486428 -12.525950 -15.466836 0.105014 
298 0.135439 0.000000 -0.079458 94.282345 -12.570665 -15.378967 0.071631 
299 0.123228 0.000000 -0.068107 92.492859 -12.528074 -15.468080 0.104886 
300 0.208710 0.000000 0.045405 96.292660 -0.098565 5.317504 0.069944 
301 0.257557 0.000000 0.045405 82.972368 -0.080310 4.069571 0.309902 
302 0.208710 0.000000 0.090810 100.555542 -12.670004 12.754802 -0.043463 
303 0.135439 0.000000 0.068107 93.069371 -12.654744 15.565869 0.093565 
304 0.135439 0.000000 0.045405 130.039023 -0.210717 10.725230 -0.702522 
305 0.159863 0.000000 0.068107 115.377854 -0.121725 12.686014 -0.347300 
306 0.135439 0.000000 0.090810 94.294019 -12.627839 15.170137 0.071904 
307 0.257557 0.000000 0.272429 100.267611 -7.802598 1.852382 -0.011791 
308 0.355251 0.000000 0.272429 100.747341 -7.919721 0.800290 -0.021339 
309 0.257557 0.000000 0.363238 100.055025 -7.409205 0.952666 -0.006681 
310 0.208710 0.000000 0.136214 100.258505 -10.033633 7.270887 -0.020531 
311 0.257557 0.000000 0.136214 101.334175 -10.084385 6.305708 -0.041007 
312 0.208710 0.000000 0.181619 99.396965 -8.576132 4.859280 0.002308 
313 0.135439 0.000000 0.113512 97.170322 -10.340176 9.249268 0.036546 
314 0.159863 0.000000 0.113512 98.454399 -10.800627 9.773851 0.009455 
315 0.135439 0.000000 0.136214 97.746348 -9.397485 6.952888 0.030900 
316 0.123228 0.000000 0.079458 92.561640 -12.562687 15.437107 0.103622 
317 0.111016 0.000000 0.079458 92.441809 -12.492788 15.403084 0.106119 
318 0.123228 0.000000 0.068107 92.412056 -12.611962 15.456352 0.106205 
319 0.135439 0.000000 0.079458 94.244268 -12.636062 15.378171 0.072186 
320 0.123228 0.000000 0.090810 92.405262 -12.617107 15.455045 0.106322 
321 0.184287 0.000000 -0.068107 104.042367 -0.163199 -10.408171 -0.093317 
322 0.184287 0.000000 -0.090810 99.322561 -12.552446 -13.356793 -0.020094 
323 0.208710 0.000000 -0.068107 94.183257 -0.114784 -8.256608 0.106133 
324 0.184287 0.000000 -0.045405 105.432084 -0.148035 -6.850944 -0.116288 
325 0.184287 0.000000 0.068107 104.062124 -0.162937 10.425168 -0.093764 
326 0.184287 0.000000 0.045405 105.442652 -0.144556 6.889703 -0.116564 
327 0.208710 0.000000 0.068107 94.216972 -0.105302 8.280588 0.105458 
328 0.184287 0.000000 0.090810 99.343282 -12.536813 13.361840 -0.020480 
329 0.452945 0.000000 -0.090810 99.032310 -10.183245 0.005003 0.008890 
330 0.452945 0.000000 -0.181619 99.799667 -11.838712 0.002951 -0.010013 
331 0.550639 0.000000 -0.090810 100.953175 -7.507955 -0.003543 -0.024791 
332 0.452945 0.000000 0.000000 101.376226 -6.544721 -0.003344 -0.031997 
333 0.306404 0.000000 -0.136214 102.415912 -10.466651 -4.269912 -0.061680 
334 0.306404 0.000000 -0.181619 101.342122 -8.911098 -2.829061 -0.035764 
335 0.355251 0.000000 -0.136214 104.414848 -10.652768 -2.716902 -0.102332 
336 0.306404 0.000000 -0.090810 104.375613 -12.507439 -6.476330 -0.109265 
337 0.233134 0.000000 -0.113512 101.452227 -11.591701 -8.373126 -0.049703 
338 0.208710 0.000000 -0.113512 101.306575 -11.364885 -9.427530 -0.048106 
339 0.233134 0.000000 -0.136214 100.686366 -10.131014 -6.727066 -0.028564 
340 0.257557 0.000000 -0.113512 102.723268 -12.602085 -10.269315 -0.081634 
341 0.233134 0.000000 -0.090810 102.922736 -12.656734 -10.289667 -0.085916 
342 0.452945 0.000000 0.090810 98.999285 -10.163184 0.004576 0.009585 
343 0.550639 0.000000 0.090810 100.927954 -7.497000 0.000249 -0.024266 
344 0.452945 0.000000 0.181619 99.764674 -11.815536 0.004747 -0.009260 
345 0.306404 0.000000 0.136214 102.443034 -10.436226 4.300034 -0.062198 
346 0.306404 0.000000 0.090810 104.444087 -12.554937 6.482296 -0.110821 
347 0.355251 0.000000 0.136214 104.461533 -10.720005 2.725020 -0.103456 
348 0.306404 0.000000 0.181619 101.321472 -8.889907 2.853961 -0.035322 
349 0.233134 0.000000 0.113512 101.454290 -11.551301 8.371750 -0.049649 
350 0.208710 0.000000 0.113512 101.312493 -11.304310 9.426506 -0.048087 
351 0.233134 0.000000 0.090810 102.919991 -12.602850 10.289670 -0.085723 
352 0.257557 0.000000 0.113512 102.707834 -12.604319 10.268792 -0.081322 
353 0.233134 0.000000 0.136214 100.708288 -10.076645 6.733727 -0.028904 
354 0.306404 0.000000 -0.045405 74.074709 0.096522 -2.162277 0.450825 
355 0.355251 0.000000 -0.045405 68.882052 -0.048150 -1.118466 0.525401 
356 0.306404 0.000000 0.000000 74.673372 0.017688 -0.018304 0.442389 
357 0.281981 0.000000 -0.113512 103.733306 -12.499409 -8.452999 -0.098829 
358 0.281981 0.000000 -0.136214 102.255615 -10.310934 -5.202675 -0.058959 
359 0.306404 0.000000 -0.113512 104.360584 -12.519230 -6.476173 -0.108980 
360 0.281981 0.000000 -0.090810 103.544231 -12.506025 -8.784587 -0.095498 
361 0.281981 0.000000 -0.068107 76.600756 0.087890 -4.630617 0.411087 
362 0.257557 0.000000 -0.068107 82.038819 -0.103846 -6.221277 0.323092 
363 0.306404 0.000000 -0.068107 73.437646 0.048195 -3.185405 0.459676 
364 0.281981 0.000000 -0.045405 77.693351 0.048342 -3.170150 0.395369 
365 0.269769 0.000000 -0.102161 102.866976 -12.544446 -10.015205 -0.083928 
366 0.257557 0.000000 -0.102161 102.694374 -12.589200 -10.266245 -0.081002 
367 0.269769 0.000000 -0.113512 102.834665 -12.529841 -10.280385 -0.083765 
368 0.281981 0.000000 -0.102161 103.565693 -12.503042 -9.274360 -0.096819 
369 0.269769 0.000000 -0.090810 102.767481 -12.559335 -10.273620 -0.082444 
370 0.306404 0.000000 0.045405 74.209865 0.008313 2.151272 0.448827 
371 0.355251 0.000000 0.045405 68.886187 -0.044028 1.116187 0.525345 
372 0.281981 0.000000 0.113512 103.761237 -12.480939 8.455981 -0.099367 
373 0.281981 0.000000 0.090810 103.565711 -12.490111 8.786968 -0.095907 
374 0.306404 0.000000 0.113512 104.437683 -12.579312 6.482170 -0.110749 
375 0.281981 0.000000 0.136214 102.261104 -10.355945 5.217770 -0.059180 
376 0.281981 0.000000 0.068107 76.634999 0.129692 4.634955 0.410558 
377 0.257557 0.000000 0.068107 82.081244 -0.080937 6.242474 0.322369 
378 0.281981 0.000000 0.045405 77.761812 0.041793 3.204312 0.394283 
379 0.306404 0.000000 0.068107 73.560901 -0.023619 3.176038 0.457871 
380 0.269769 0.000000 0.102161 102.863531 -12.537435 10.015336 -0.083840 
381 0.257557 0.000000 0.102161 102.679565 -12.592431 10.265746 -0.080705 
382 0.269769 0.000000 0.090810 102.759897 -12.553716 10.273237 -0.082273 
383 0.281981 0.000000 0.102161 103.591303 -12.464622 9.276117 -0.097257 
384 0.269769 0.000000 0.113512 102.834010 -12.515882 10.280115 -0.083716 
385 0.746027 0.000000 -1.089715 99.771614 -7.119591 -0.024683 -0.000506 
386 0.746027 0.000000 -1.452954 99.762636 -7.099538 -0.011900 -0.000299 
387 1.136804 0.000000 -1.089715 99.772713 -7.179370 -0.012731 -0.000614 
388 0.550639 0.000000 -0.544858 99.822581 -7.246068 -0.011227 -0.001705 
389 0.550639 0.000000 -0.726477 99.794701 -7.153838 -0.065514 -0.001016 
390 0.746027 0.000000 -0.544858 99.788511 -7.278600 0.018580 -0.001073 
391 0.452945 0.000000 -0.272429 100.416260 -7.932477 0.068741 -0.014635 
392 0.452945 0.000000 -0.363238 100.339350 -7.502269 -0.064500 -0.012427 
393 0.550639 0.000000 -0.272429 101.416104 -12.007268 0.004390 -0.042940 
394 0.404098 0.000000 -0.136214 98.167874 -12.500204 0.000594 0.020681 
395 0.404098 0.000000 -0.181619 101.878957 -9.119495 0.169229 -0.046252 
396 0.452945 0.000000 -0.136214 99.188421 -10.759533 0.004554 0.004589 
397 0.404098 0.000000 -0.090810 101.151975 -12.512537 -1.657336 -0.039103 
398 0.330828 0.000000 -0.113512 104.339363 -12.550563 -6.477754 -0.108618 
399 0.330828 0.000000 -0.136214 102.833318 -10.573260 -3.962818 -0.070219 
400 0.355251 0.000000 -0.113512 105.184086 -12.598847 -4.687758 -0.124440 
401 0.330828 0.000000 -0.090810 104.333306 -12.551278 -6.477356 -0.108493 
402 0.746027 0.000000 1.089715 99.812354 -6.962473 0.011377 -0.001098 
403 1.136804 0.000000 1.089715 99.812606 -6.946341 -0.021867 -0.001081 
404 0.746027 0.000000 1.452954 99.785554 -6.934965 0.003830 -0.000525 
405 0.550639 0.000000 0.544858 99.867181 -7.202225 0.016289 -0.002533 
406 0.746027 0.000000 0.544858 99.865740 -7.201307 -0.024698 -0.002503 
407 0.550639 0.000000 0.726477 99.851612 -7.057908 0.064940 -0.002016 
408 0.452945 0.000000 0.272429 100.493717 -7.916482 -0.075704 -0.016166 
409 0.550639 0.000000 0.272429 101.371488 -11.981220 0.005800 -0.041973 
410 0.452945 0.000000 0.363238 100.387997 -7.483033 0.068613 -0.013375 
411 0.404098 0.000000 0.136214 98.149288 -12.475586 -0.000962 0.021108 
412 0.404098 0.000000 0.090810 101.168636 -12.457016 1.657734 -0.039302 
413 0.452945 0.000000 0.136214 99.153795 -10.738507 0.005419 0.005321 
414 0.404098 0.000000 0.181619 101.872054 -9.120432 -0.159091 -0.046112 
415 0.330828 0.000000 0.113512 104.445896 -12.630585 6.485463 -0.111054 
416 0.330828 0.000000 0.090810 104.439572 -12.631205 6.485047 -0.110923 
417 0.355251 0.000000 0.113512 105.282027 -12.618752 4.691506 -0.126555 
418 0.330828 0.000000 0.136214 102.858523 -10.546990 3.989344 -0.070703 
419 0.404098 0.000000 -0.045405 68.085837 -0.020924 0.787685 0.536370 
420 0.452945 0.000000 -0.045405 99.552141 -8.592413 -0.002171 0.001554 
421 0.404098 0.000000 0.000000 69.143188 0.006338 0.001898 0.521922 
422 0.379675 0.000000 -0.113512 104.600812 -12.647239 -2.228450 -0.110625 
423 0.379675 0.000000 -0.136214 104.163712 -10.776693 -1.046954 -0.096731 
424 0.404098 0.000000 -0.113512 100.853775 -12.593534 -1.850023 -0.033350 
425 0.379675 0.000000 -0.090810 104.287295 -12.652919 -2.221880 -0.104087 
426 0.330828 0.000000 -0.068107 70.559679 -0.038607 -3.017735 0.501222 
427 0.355251 0.000000 -0.068107 67.634256 -0.059981 -1.830507 0.542225 
428 0.330828 0.000000 -0.045405 71.108645 -0.071329 -1.940066 0.493979 
429 0.343039 0.000000 -0.102161 104.722483 -12.558640 -6.142957 -0.116225 
430 0.330828 0.000000 -0.102161 104.335866 -12.550976 -6.477524 -0.108546 
431 0.343039 0.000000 -0.113512 104.794156 -12.568406 -6.006425 -0.117586 
432 0.355251 0.000000 -0.102161 105.290320 -12.608740 -4.786708 -0.126794 
433 0.343039 0.000000 -0.090810 104.571991 -12.553375 -6.492194 -0.113504 
434 0.404098 0.000000 0.045405 68.156443 0.000893 -0.796776 0.535406 
435 0.452945 0.000000 0.045405 99.515178 -8.575772 0.000579 0.002319 
436 0.330828 0.000000 0.068107 70.699793 -0.098353 3.031272 0.499234 
437 0.330828 0.000000 0.045405 71.184667 -0.084800 1.937794 0.492898 
438 0.355251 0.000000 0.068107 67.696150 -0.054457 1.828630 0.541388 
439 0.379675 0.000000 0.113512 104.672755 -12.611146 2.229443 -0.112040 
440 0.379675 0.000000 0.090810 104.352396 -12.611091 2.222922 -0.105340 
441 0.404098 0.000000 0.113512 100.875280 -12.536817 1.850235 -0.033642 
442 0.379675 0.000000 0.136214 104.219671 -10.800921 1.054351 -0.097951 
443 0.343039 0.000000 0.102161 104.829231 -12.619968 6.149619 -0.118625 
444 0.330828 0.000000 0.102161 104.442245 -12.630943 6.485223 -0.110978 
445 0.343039 0.000000 0.090810 104.679107 -12.622967 6.499410 -0.115930 
446 0.355251 0.000000 0.102161 105.385850 -12.622125 4.789981 -0.128844 
447 0.343039 0.000000 0.113512 104.898378 -12.622408 6.012541 -0.119915 
448 1.527580 0.000000 -0.363238 99.761555 -7.922775 -0.113980 -0.001515 
449 1.527580 0.000000 -0.726477 99.751550 -7.424207 -0.029557 -0.000549 
450 1.918356 0.000000 -0.363238 99.857146 -7.973261 0.022075 -0.003502 
451 1.527580 0.000000 0.000000 100.961048 -7.690759 -1.001154 -0.025328 
452 0.941416 0.000000 -0.181619 102.123228 -8.091261 0.041233 -0.049462 
453 0.941416 0.000000 -0.363238 99.675358 -7.617540 -0.034753 0.000679 
454 1.136804 0.000000 -0.181619 101.773290 -8.774081 0.279553 -0.043487 
455 0.941416 0.000000 0.000000 101.967813 -6.808510 0.250592 -0.044385 
456 0.648333 0.000000 -0.090810 101.595911 -7.509655 -0.017269 -0.037812 
457 0.648333 0.000000 -0.181619 101.720046 -8.516557 0.001198 -0.041950 
458 0.746027 0.000000 -0.090810 102.024882 -6.904714 -0.029617 -0.045675 
459 0.648333 0.000000 0.000000 101.696559 -6.556254 -0.015734 -0.038517 
460 0.501792 0.000000 -0.136214 99.683991 -9.662522 -0.000452 -0.003026 
461 0.501792 0.000000 -0.181619 100.941336 -9.894087 0.005390 -0.028705 
462 0.550639 0.000000 -0.136214 101.401786 -7.230157 -0.011200 -0.033460 
463 0.501792 0.000000 -0.090810 99.680391 -9.555130 -0.001351 -0.002748 
464 0.428522 0.000000 -0.113512 98.465598 -12.220339 -0.970299 0.015425 
465 0.428522 0.000000 -0.136214 99.156439 -11.725934 0.002897 0.003050 
466 0.452945 0.000000 -0.113512 99.064570 -10.708555 0.002848 0.007154 
467 0.428522 0.000000 -0.090810 98.609637 -11.949636 -0.848221 0.013263 
468 0.379675 0.000000 -0.068107 66.865852 -0.034273 -0.323023 0.552885 
469 0.404098 0.000000 -0.068107 98.175116 -11.900917 0.002009 0.022001 
470 0.379675 0.000000 -0.045405 67.793401 -0.028649 -0.229384 0.540400 
471 0.391886 0.000000 -0.102161 102.958862 -12.663794 -2.049424 -0.076510 
472 0.379675 0.000000 -0.102161 104.608775 -12.646753 -2.228666 -0.110790 
473 0.391886 0.000000 -0.113512 102.811909 -12.659815 -1.999142 -0.073456 
474 0.404098 0.000000 -0.102161 100.936840 -12.603943 -1.881995 -0.035065 
475 0.391886 0.000000 -0.090810 102.622386 -12.653496 -1.925181 -0.069517 
476 0.379675 0.000000 0.068107 66.932154 -0.006113 0.335339 0.551997 
477 0.379675 0.000000 0.045405 67.873437 -0.023238 0.231744 0.539314 
478 0.404098 0.000000 0.068107 98.153922 -11.876317 -0.001326 0.022476 
479 1.527580 0.000000 0.363238 99.853122 -7.607345 -0.411789 -0.002869 
480 1.918356 0.000000 0.363238 99.912097 -6.866445 -0.340127 -0.002969 
481 1.527580 0.000000 0.726477 99.837740 -7.014496 -0.110018 -0.001679 
482 0.941416 0.000000 0.181619 102.025971 -8.080587 0.085383 -0.047460 
483 1.136804 0.000000 0.181619 101.623581 -8.754415 0.344794 -0.040411 
484 0.941416 0.000000 0.363238 99.815077 -7.554878 0.045273 -0.002013 
485 0.648333 0.000000 0.090810 101.552568 -7.502279 -0.004843 -0.036921 
486 0.746027 0.000000 0.090810 101.984141 -6.900123 -0.017597 -0.044838 
487 0.648333 0.000000 0.181619 101.638719 -8.505013 0.023745 -0.040276 
488 0.501792 0.000000 0.136214 99.643065 -9.644063 0.005860 -0.002175 
489 0.501792 0.000000 0.090810 99.650511 -9.536655 -0.001597 -0.002117 
490 0.550639 0.000000 0.136214 101.350560 -7.218076 0.001245 -0.032404 
491 0.501792 0.000000 0.181619 100.884379 -9.877301 0.016124 -0.027522 
492 0.428522 0.000000 0.113512 98.469525 -12.186490 0.972232 0.015430 
493 0.428522 0.000000 0.090810 98.607690 -11.917591 0.851842 0.013377 
494 0.452945 0.000000 0.113512 99.031343 -10.687650 0.004744 0.007857 
495 0.428522 0.000000 0.136214 99.126307 -11.702227 0.002288 0.003703 
496 0.391886 0.000000 0.102161 102.998590 -12.607554 2.050210 -0.077186 
497 0.379675 0.000000 0.102161 104.681106 -12.611059 2.229663 -0.112214 
498 0.391886 0.000000 0.090810 102.659706 -12.601160 1.925824 -0.070151 
499 0.404098 0.000000 0.102161 100.958932 -12.546472 1.882206 -0.035366 
500 0.391886 0.000000 0.113512 102.850671 -12.605282 1.999861 -0.074115 
501 1.332192 0.000000 -0.181619 100.834474 -9.141036 -0.665486 -0.025159 
502 1.332192 0.000000 -0.363238 99.775381 -7.786164 -0.079173 -0.001576 
503 1.527580 0.000000 -0.181619 100.968734 -9.307785 -0.826234 -0.028200 
504 1.332192 0.000000 0.000000 100.575425 -7.085212 -0.904452 -0.016643 
505 1.332192 0.000000 0.181619 100.942436 -9.286992 -0.720733 -0.027614 
506 1.527580 0.000000 0.181619 101.344569 -9.496418 -0.788168 -0.036152 
507 1.332192 0.000000 0.363238 100.022089 -7.602141 -0.346550 -0.006233 
508 1.234498 0.000000 -0.090810 98.722132 -11.450155 -0.111952 0.012282 
509 1.136804 0.000000 -0.090810 100.652180 -8.345807 0.406300 -0.020068 
510 1.234498 0.000000 -0.181619 100.576743 -12.458681 0.016198 -0.027090 
511 1.332192 0.000000 -0.090810 99.523123 -9.897268 -0.495918 -0.000305 
512 1.234498 0.000000 0.000000 78.132106 -0.021639 0.173385 0.389534 
513 1.234498 0.000000 0.090810 99.210877 -11.491989 -0.088365 0.002513 
514 1.136804 0.000000 0.090810 100.772419 -8.340101 0.422783 -0.022482 
515 1.332192 0.000000 0.090810 99.777941 -10.012339 -0.480870 -0.005612 
516 1.234498 0.000000 0.181619 100.751704 -12.451622 0.024929 -0.030595 
517 4.263014 0.000000 -8.717722 99.751746 -7.039530 -0.001809 0.000003 
518 4.263014 0.000000 -11.623629 99.753135 -7.020706 -0.000956 0.000002 
519 7.389224 0.000000 -8.717722 99.750747 -7.054285 -0.004257 0.000003 
520 2.699909 0.000000 -4.358861 99.749710 -7.105046 -0.002820 -0.000049 
521 2.699909 0.000000 -5.811815 99.750000 -7.061898 -0.001963 0.000007 
522 4.263014 0.000000 -4.358861 99.744758 -7.133006 -0.008787 0.000010 
523 1.918356 0.000000 -2.179431 99.749667 -7.186369 -0.001636 -0.000164 
524 1.918356 0.000000 -2.905907 99.745620 -7.120133 -0.001785 0.000012 
525 2.699909 0.000000 -2.179431 99.735181 -7.273132 -0.011825 -0.000000 
526 1.527580 0.000000 -1.089715 99.756876 -7.285964 -0.007587 -0.000452 
527 1.527580 0.000000 -1.452954 99.755773 -7.212634 -0.000178 -0.000324 
528 1.918356 0.000000 -1.089715 99.726775 -7.456716 0.005372 -0.000103 
529 1.332192 0.000000 -0.544858 99.750471 -7.435552 -0.059031 -0.000545 
530 1.136804 0.000000 -0.544858 99.728243 -7.355884 -0.060648 0.000016 
531 1.332192 0.000000 -0.726477 99.753683 -7.326814 -0.025607 -0.000448 
532 1.527580 0.000000 -0.544858 99.739159 -7.570578 -0.040254 -0.000522 
533 1.234498 0.000000 -0.272429 99.946252 -8.201127 -0.210056 -0.005656 
534 1.136804 0.000000 -0.272429 101.723954 -12.136680 0.027997 -0.049506 
535 1.234498 0.000000 -0.363238 99.776573 -7.734278 -0.137211 -0.001520 
536 1.332192 0.000000 -0.272429 101.109981 -12.938142 -0.064252 -0.039063 
537 10.515434 0.000000 -2.905907 99.735562 -7.271376 -0.073040 -0.000006 
538 10.515434 0.000000 -5.811815 99.746482 -7.115541 -0.016877 0.000001 
539 13.641644 0.000000 -2.905907 99.736328 -7.261584 -0.094189 -0.000007 
540 10.515434 0.000000 0.000000 99.818768 -6.081713 -1.158002 -0.000211 
541 5.826119 0.000000 -1.452954 99.710519 -7.624785 -0.159138 -0.000035 
542 5.826119 0.000000 -2.905907 99.735414 -7.265937 -0.036097 0.000005 
543 7.389224 0.000000 -1.452954 99.712621 -7.595370 -0.208847 -0.000034 
544 5.826119 0.000000 0.000000 99.886637 -5.103986 -0.139946 -0.000341 
545 3.481461 0.000000 -0.726477 99.648419 -8.386866 -0.263917 -0.000022 
546 3.481461 0.000000 -1.452954 99.708363 -7.582020 -0.069300 0.000075 
547 4.263014 0.000000 -0.726477 99.653558 -8.380168 -0.383206 -0.000121 
548 3.481461 0.000000 0.000000 99.679336 -7.920636 -2.830347 -0.000672 
549 2.309132 0.000000 -0.363238 99.056088 -8.781435 -0.135153 0.011076 
550 2.309132 0.000000 -0.726477 99.607151 -8.083993 -0.035779 0.001306 
551 2.699909 0.000000 -0.363238 99.617715 -8.952579 -0.066148 -0.000384 
552 2.309132 0.000000 0.000000 133.131338 -7.268559 -1.656455 -0.777953 
553 1.722968 0.000000 -0.181619 101.282495 -9.214299 -0.923205 -0.034390 
554 1.722968 0.000000 -0.363238 99.665869 -8.101136 -0.042075 0.000108 
555 1.918356 0.000000 -0.181619 101.501733 -9.349671 -0.834826 -0.039072 
556 1.722968 0.000000 0.000000 101.448598 -8.461728 -1.120144 -0.036467 
557 1.429886 0.000000 -0.090810 100.774266 -9.369479 -0.634419 -0.024364 
558 1.429886 0.000000 -0.181619 100.930538 -9.412599 -0.585403 -0.027591 
559 1.527580 0.000000 -0.090810 101.094720 -8.875904 -0.796341 -0.029956 
560 1.429886 0.000000 0.000000 100.575039 -7.083819 -0.904499 -0.016634 
561 1.283345 0.000000 -0.136214 98.998938 -10.881751 -0.381452 0.008065 
562 1.234498 0.000000 -0.136214 98.963024 -11.691081 -0.078394 0.006963 
563 1.283345 0.000000 -0.181619 99.682999 -11.736716 -0.270723 -0.007452 
564 1.332192 0.000000 -0.136214 99.586944 -9.517957 -0.508666 -0.000841 
565 1.283345 0.000000 -0.090810 98.732316 -10.608000 -0.405878 0.013924 
566 10.515434 0.000000 2.905907 99.773340 -6.732246 -0.051638 -0.000005 
567 13.641644 0.000000 2.905907 99.773035 -6.737162 -0.066425 -0.000005 
568 10.515434 0.000000 5.811815 99.765192 -6.849740 -0.014088 -0.000001 
569 5.826119 0.000000 1.452954 99.785851 -6.548292 -0.091360 -0.000010 
570 7.389224 0.000000 1.452954 99.785904 -6.549384 -0.113969 -0.000013 
571 5.826119 0.000000 2.905907 99.772522 -6.742124 -0.026892 -0.000001 
572 3.481461 0.000000 0.726477 99.794385 -6.282935 -0.177923 0.000157 
573 4.263014 0.000000 0.726477 99.800567 -6.284861 -0.213016 0.000030 
574 3.481461 0.000000 1.452954 99.778738 -6.583423 -0.054632 0.000086 
575 2.309132 0.000000 0.363238 99.354913 -5.643376 -0.380650 0.009661 
576 2.699909 0.000000 0.363238 99.840290 -5.312640 -0.556538 0.000338 
577 2.309132 0.000000 0.726477 99.780952 -6.550785 -0.186463 0.000081 
578 1.722968 0.000000 0.181619 101.662734 -9.779417 -0.821734 -0.043162 
579 1.918356 0.000000 0.181619 101.588333 -10.770929 -0.846172 -0.043692 
580 1.722968 0.000000 0.363238 99.666769 -7.557267 -0.420097 0.000925 
581 1.429886 0.000000 0.090810 100.871105 -9.505003 -0.601166 -0.026569 
582 1.527580 0.000000 0.090810 101.116566 -9.014115 -0.776642 -0.030642 
583 1.429886 0.000000 0.181619 100.960501 -9.597485 -0.648844 -0.028556 
584 4.263014 0.000000 8.717722 99.760785 -6.916456 -0.001788 -0.000005 
585 7.389224 0.000000 8.717722 99.761593 -6.902673 -0.003876 -0.000002 
586 4.263014 0.000000 11.623629 99.759537 -6.933059 -0.000945 -0.000003 
587 2.699909 0.000000 4.358861 99.768560 -6.870284 -0.005411 -0.000097 
588 4.263014 0.000000 4.358861 99.766067 -6.842315 -0.008112 -0.000009 
589 2.699909 0.000000 5.811815 99.762490 -6.899554 -0.002313 -0.000016 
590 1.918356 0.000000 2.179431 99.778256 -6.829779 -0.017430 -0.000235 
591 2.699909 0.000000 2.179431 99.773484 -6.773074 -0.023254 -0.000062 
592 1.918356 0.000000 2.905907 99.775932 -6.859673 -0.010990 -0.000229 
593 1.527580 0.000000 1.089715 99.797944 -6.887232 -0.054251 -0.000707 
594 1.918356 0.000000 1.089715 99.786018 -6.781970 -0.079571 -0.000325 
595 1.527580 0.000000 1.452954 99.786629 -6.865129 -0.030743 -0.000450 
596 1.332192 0.000000 0.544858 99.907223 -7.201640 -0.154029 -0.003334 
597 1.136804 0.000000 0.544858 99.902168 -7.203481 -0.053574 -0.003234 
598 1.527580 0.000000 0.544858 99.832202 -7.194803 -0.209646 -0.001828 
599 1.332192 0.000000 0.726477 99.846532 -7.037883 -0.087479 -0.001887 
600 1.234498 0.000000 0.272429 100.400822 -8.102666 -0.219485 -0.014603 
601 1.136804 0.000000 0.272429 101.759340 -12.122120 0.039910 -0.050191 
602 1.332192 0.000000 0.272429 101.007049 -13.200189 -0.044583 -0.037667 
603 1.234498 0.000000 0.363238 100.110717 -7.588680 -0.162212 -0.007977 
604 1.283345 0.000000 0.136214 99.419706 -10.984320 -0.383645 -0.000508 
605 1.234498 0.000000 0.136214 99.397809 -11.730168 -0.057064 -0.001752 
606 1.283345 0.000000 0.090810 99.200976 -10.693873 -0.422066 0.004463 
607 1.332192 0.000000 0.136214 99.846006 -9.623133 -0.560800 -0.006214 
608 1.283345 0.000000 0.181619 99.961584 -11.889999 -0.227931 -0.013374 
609 2.113744 0.000000 -0.181619 100.705824 -7.628964 3.203565 -0.021013 
610 2.113744 0.000000 -0.363238 99.621627 -8.306145 0.458695 0.000633 
611 2.309132 0.000000 -0.181619 97.600689 -7.870520 -2.288341 0.040692 
612 2.113744 0.000000 0.000000 94.298080 0.268648 -0.200611 0.110776 
613 2.113744 0.000000 0.181619 101.263586 -4.373177 -3.665493 -0.028687 
614 2.309132 0.000000 0.181619 98.172567 -2.698859 1.096649 0.035366 
615 2.113744 0.000000 0.363238 99.851717 -6.102752 -0.786705 -0.000823 
616 2.016050 0.000000 -0.090810 100.911351 -9.395541 -0.338438 -0.027149 
617 1.918356 0.000000 -0.090810 101.559110 -8.974968 -0.957630 -0.039572 
618 2.016050 0.000000 -0.181619 101.228592 -9.423797 -0.173689 -0.033607 
619 2.113744 0.000000 -0.090810 106.099029 -10.661459 11.111956 -0.149415 
620 2.016050 0.000000 0.000000 101.527447 -8.618365 -1.135496 -0.038339 
621 2.016050 0.000000 0.090810 100.812127 -9.805911 -0.551703 -0.025955 
622 1.918356 0.000000 0.090810 101.539841 -9.559929 -0.965996 -0.040266 
623 2.113744 0.000000 0.090810 107.088445 -6.335253 -11.233407 -0.163426 
624 2.016050 0.000000 0.181619 101.259041 -10.526733 -0.220112 -0.036425 
625 2.309132 0.000000 -1.089715 99.692114 -7.626329 -0.018668 0.000332 
626 2.309132 0.000000 -1.452954 99.727001 -7.409770 -0.013002 -0.000038 
627 2.699909 0.000000 -1.089715 99.687090 -7.747394 -0.059799 0.000246 
628 2.113744 0.000000 -0.544858 99.485900 -8.225941 0.055984 0.003489 
629 1.918356 0.000000 -0.544858 99.606365 -7.940276 0.002228 0.001552 
630 2.113744 0.000000 -0.726477 99.668029 -7.896417 0.018488 0.000393 
631 2.309132 0.000000 -0.544858 99.485678 -8.502940 -0.030971 0.003030 
632 2.016050 0.000000 -0.272429 100.098675 -7.360200 0.330059 -0.007403 
633 1.918356 0.000000 -0.272429 101.622870 -11.518299 -0.323527 -0.045998 
634 2.016050 0.000000 -0.363238 99.837895 -8.007221 0.174125 -0.003175 
635 2.113744 0.000000 -0.272429 99.491295 -7.917307 1.074931 0.003764 
636 3.090685 0.000000 -0.363238 99.619562 -9.050750 0.156488 -0.000600 
637 3.090685 0.000000 -0.726477 99.644667 -8.362407 -0.203864 0.000097 
638 3.481461 0.000000 -0.363238 99.588301 -9.267083 0.298592 -0.000380 
639 3.090685 0.000000 0.000000 99.798049 -7.644233 -1.716775 -0.002103 
640 2.504521 0.000000 -0.181619 100.010428 -7.450682 -0.739357 -0.005815 
641 2.504521 0.000000 -0.363238 99.474003 -8.859681 -0.258337 0.002636 
642 2.699909 0.000000 -0.181619 99.832740 -7.298187 -0.192425 -0.001988 
643 2.504521 0.000000 0.000000 100.873623 -7.335905 -1.625259 -0.023194 
644 2.211438 0.000000 -0.090810 88.875616 -11.359249 16.073368 0.171374 
645 2.211438 0.000000 -0.181619 96.319102 -8.027595 2.480251 0.065204 
646 2.309132 0.000000 -0.090810 105.914795 -7.377173 -17.005733 -0.156156 
647 2.211438 0.000000 0.000000 139.709814 -1.258533 -0.378992 -0.952056 
648 2.064897 0.000000 -0.136214 101.076919 -8.786642 -0.064055 -0.029375 
649 2.016050 0.000000 -0.136214 100.893409 -10.369169 -0.277158 -0.028708 
650 2.064897 0.000000 -0.181619 101.316968 -6.753802 1.527789 -0.031308 
651 2.113744 0.000000 -0.136214 103.357421 -8.614150 6.212488 -0.079556 
652 2.064897 0.000000 -0.090810 101.259633 -9.151990 2.708778 -0.034461 
653 3.090685 0.000000 0.363238 99.843962 -5.315288 -0.763746 0.000235 
654 3.481461 0.000000 0.363238 99.848274 -5.473550 -0.947328 -0.000054 
655 3.090685 0.000000 0.726477 99.785535 -6.303067 -0.160863 0.000309 
656 2.504521 0.000000 0.181619 100.311171 -2.194845 -0.685579 -0.006762 
657 2.699909 0.000000 0.181619 100.082529 -2.066658 -1.390297 -0.002272 
658 2.504521 0.000000 0.363238 99.728303 -5.331012 -0.347847 0.002572 
659 2.211438 0.000000 0.090810 89.745884 -5.613222 -16.202865 0.165164 
660 2.309132 0.000000 0.090810 106.315914 -2.748667 16.064612 -0.156870 
661 2.211438 0.000000 0.181619 96.956778 -3.332288 -3.215629 0.057794 
662 2.309132 0.000000 1.089715 99.771356 -6.655141 -0.086394 0.000138 
663 2.699909 0.000000 1.089715 99.770475 -6.557288 -0.080578 0.000285 
664 2.309132 0.000000 1.452954 99.777025 -6.722067 -0.047526 -0.000064 
665 2.113744 0.000000 0.544858 99.691030 -6.566194 -0.301849 0.001849 
666 1.918356 0.000000 0.544858 99.726452 -6.894024 -0.217327 0.000706 
667 2.309132 0.000000 0.544858 99.713344 -6.335694 -0.297039 0.001702 
668 2.113744 0.000000 0.726477 99.817723 -6.670067 -0.188331 -0.000810 
669 2.016050 0.000000 0.272429 100.318947 -5.875031 -0.648839 -0.009883 
670 1.918356 0.000000 0.272429 101.551415 -13.142130 -0.366701 -0.048554 
671 2.113744 0.000000 0.272429 99.863056 -5.347929 -1.484495 -0.000343 
672 2.016050 0.000000 0.363238 99.998412 -6.436626 -0.483457 -0.004135 
673 2.064897 0.000000 0.136214 101.114384 -9.314233 -0.160938 -0.031090 
674 2.016050 0.000000 0.136214 100.769713 -10.868622 -0.510778 -0.027292 
675 2.064897 0.000000 0.090810 101.388363 -8.868014 -2.954341 -0.036697 
676 2.113744 0.000000 0.136214 104.107648 -4.707281 -6.617133 -0.090435 
677 2.064897 0.000000 0.181619 101.806421 -4.799757 -1.808774 -0.039086 
678 2.211438 0.000000 -0.272429 98.234765 -8.380564 0.826282 0.027901 
679 2.211438 0.000000 -0.363238 99.196398 -8.578922 0.301106 0.008639 
680 2.309132 0.000000 -0.272429 98.501782 -8.449200 -0.449234 0.022581 
681 2.162591 0.000000 -0.136214 98.442679 -9.040361 7.935394 0.016434 
682 2.162591 0.000000 -0.181619 98.530142 -8.031033 3.804578 0.021284 
683 2.211438 0.000000 -0.136214 93.526003 -8.735854 5.710356 0.114396 
684 2.162591 0.000000 -0.090810 98.558700 -11.534133 15.432320 -0.008501 
685 2.064897 0.000000 -0.045405 101.022830 -8.675056 -0.051794 -0.028087 
686 2.016050 0.000000 -0.045405 101.088896 -9.333722 -0.727238 -0.030661 
687 2.113744 0.000000 -0.045405 92.654749 0.696109 4.033430 0.139834 
688 2.064897 0.000000 0.000000 87.622864 0.481565 -0.060780 0.232200 
689 2.089321 0.000000 -0.113512 104.873413 -9.192768 5.449353 -0.111264 
690 2.064897 0.000000 -0.113512 102.148719 -8.789429 4.091890 -0.052836 
691 2.089321 0.000000 -0.136214 100.812195 -7.136722 -0.008121 -0.021403 
692 2.113744 0.000000 -0.113512 106.159174 -10.651270 10.972383 -0.150361 
693 2.089321 0.000000 -0.090810 104.707700 -9.174076 5.220272 -0.107512 
694 2.064897 0.000000 0.045405 101.084199 -9.182601 -0.154726 -0.030236 
695 2.016050 0.000000 0.045405 100.888502 -9.568425 -0.950104 -0.027095 
696 2.113744 0.000000 0.045405 92.412240 0.099809 -4.296703 0.144151 
697 2.211438 0.000000 0.272429 98.651985 -4.912194 -1.383797 0.024174 
698 2.309132 0.000000 0.272429 98.874955 -4.537565 -0.284720 0.020307 
699 2.211438 0.000000 0.363238 99.499601 -5.826330 -0.740331 0.006534 
700 2.162591 0.000000 0.136214 99.163621 -3.977581 -8.473337 0.007896 
701 2.162591 0.000000 0.090810 99.135751 -5.813878 -15.525360 -0.010274 
702 2.211438 0.000000 0.136214 94.445843 -3.144133 -6.398035 0.102916 
703 2.162591 0.000000 0.181619 99.110883 -3.856561 -4.408272 0.014273 
704 2.089321 0.000000 0.113512 105.667204 -7.108814 -5.548224 -0.124688 
705 2.064897 0.000000 0.113512 102.522103 -7.951284 -4.253059 -0.059209 
706 2.089321 0.000000 0.090810 105.475396 -7.191180 -5.325153 -0.120513 
707 2.113744 0.000000 0.113512 107.151206 -6.340931 -11.092816 -0.164464 
708 2.089321 0.000000 0.136214 100.946863 -7.662958 -0.057987 -0.024899 
709 2.162591 0.000000 -0.045405 110.799930 0.138212 8.063235 -0.234166 
710 2.211438 0.000000 -0.045405 140.393109 -0.860185 10.779481 -0.982716 
711 2.162591 0.000000 0.000000 112.471328 -0.234323 -0.232609 -0.264991 
712 2.138168 0.000000 -0.113512 102.242438 -11.245353 15.107265 -0.080820 
713 2.138168 0.000000 -0.136214 101.000653 -8.958590 7.770074 -0.034176 
714 2.162591 0.000000 -0.113512 98.579657 -10.533555 11.632989 0.003577 
715 2.138168 0.000000 -0.090810 101.908370 -11.311909 15.058143 -0.074002 
716 2.089321 0.000000 -0.068107 100.812114 -7.140444 -0.008203 -0.021407 
717 2.064897 0.000000 -0.068107 100.857548 -11.627392 -0.109972 -0.030745 
718 2.113744 0.000000 -0.068107 90.280812 0.932322 6.163890 0.181051 
719 2.089321 0.000000 -0.045405 88.186041 0.757158 2.059392 0.221841 
720 2.101533 0.000000 -0.102161 106.731716 -10.092201 7.848052 -0.155510 
721 2.089321 0.000000 -0.102161 105.681469 -9.448743 5.912348 -0.129281 
722 2.101533 0.000000 -0.113512 106.908342 -10.058559 7.358444 -0.158471 
723 2.113744 0.000000 -0.102161 106.072510 -10.689062 11.571322 -0.149953 
724 2.101533 0.000000 -0.090810 106.952872 -10.205184 7.925613 -0.160588 
725 2.162591 0.000000 0.045405 110.786128 -0.190886 -8.352943 -0.234337 
726 2.211438 0.000000 0.045405 139.711415 -0.969529 -11.149447 -0.964453 
727 2.089321 0.000000 0.068107 100.946942 -7.666664 -0.058375 -0.024907 
728 2.064897 0.000000 0.068107 100.541722 -11.889032 -0.455283 -0.025019 
729 2.089321 0.000000 0.045405 87.814112 0.353254 -2.153919 0.228392 
730 2.113744 0.000000 0.068107 89.994502 0.187815 -6.282910 0.186148 
731 2.138168 0.000000 0.113512 102.968746 -6.014745 -15.229813 -0.087069 
732 2.138168 0.000000 0.090810 102.599673 -5.976084 -15.174598 -0.079267 
733 2.162591 0.000000 0.113512 99.350626 -4.655937 -11.987476 -0.003592 
734 2.138168 0.000000 0.136214 101.691343 -4.308053 -8.245704 -0.042768 
735 2.101533 0.000000 0.102161 107.726355 -6.574296 -7.941328 -0.171125 
736 2.089321 0.000000 0.102161 106.559081 -6.918860 -6.003029 -0.143874 
737 2.101533 0.000000 0.090810 107.967546 -6.531408 -8.021183 -0.176399 
738 2.113744 0.000000 0.102161 107.065444 -6.319732 -11.697819 -0.163979 
739 2.101533 0.000000 0.113512 107.904299 -6.582591 -7.448531 -0.174215 
740 2.138168 0.000000 -0.068107 98.350219 0.695234 9.450667 0.023744 
741 2.162591 0.000000 -0.068107 108.642866 0.381094 12.186485 -0.195193 
742 2.138168 0.000000 -0.045405 100.219380 0.462606 6.212011 -0.008273 
743 2.125956 0.000000 -0.102161 103.325895 -11.062347 14.975753 -0.102289 
744 2.125956 0.000000 -0.113512 104.085519 -10.986633 14.234166 -0.115711 
745 2.138168 0.000000 -0.102161 102.044742 -11.284644 15.078153 -0.076782 
746 2.125956 0.000000 -0.090810 103.976436 -11.000269 14.320167 -0.113717 
747 2.138168 0.000000 0.068107 98.300545 -0.011450 -9.614597 0.024456 
748 2.138168 0.000000 0.045405 100.216146 -0.082422 -6.540854 -0.008607 
749 2.162591 0.000000 0.068107 108.661632 -0.107713 -12.318476 -0.195911 
750 2.125956 0.000000 0.102161 104.159751 -6.120572 -15.113416 -0.111513 
751 2.125956 0.000000 0.090810 104.844966 -6.151944 -14.456063 -0.123929 
752 2.138168 0.000000 0.102161 102.750211 -5.991897 -15.197083 -0.082446 
753 2.125956 0.000000 0.113512 104.961718 -6.159512 -14.370325 -0.126141 
754 2.406827 0.000000 -0.090810 102.239480 -7.025564 -2.999199 -0.051127 
755 2.406827 0.000000 -0.181619 99.920403 -7.532651 -1.686800 -0.004367 
756 2.504521 0.000000 -0.090810 100.573209 -6.673196 -1.285283 -0.016115 
757 2.406827 0.000000 0.000000 104.590922 -7.724783 -1.719274 -0.100189 
758 2.260285 0.000000 -0.136214 91.145785 -8.085646 -1.665025 0.162430 
759 2.260285 0.000000 -0.181619 95.714353 -7.979172 -0.387639 0.077495 
760 2.309132 0.000000 -0.136214 97.529022 -7.589559 -6.233118 0.039164 
761 2.260285 0.000000 -0.090810 73.309666 -10.517395 12.106853 0.436850 
762 2.187015 0.000000 -0.113512 95.399101 -10.156107 11.279063 0.066865 
763 2.187015 0.000000 -0.136214 95.938717 -8.944512 7.313526 0.066227 
764 2.211438 0.000000 -0.113512 90.652961 -9.691334 9.460881 0.159861 
765 2.187015 0.000000 -0.090810 92.667452 -11.501194 16.915208 0.099434 
766 2.150380 0.000000 -0.102161 100.963767 -11.464579 14.919423 -0.054771 
767 2.150380 0.000000 -0.113512 101.351386 -11.423355 14.976457 -0.062689 
768 2.162591 0.000000 -0.102161 98.633914 -11.522962 15.583942 -0.010429 
769 2.150380 0.000000 -0.090810 100.277827 -11.485054 15.105711 -0.041573 
770 2.406827 0.000000 0.090810 102.474580 -2.961327 2.698047 -0.051709 
771 2.504521 0.000000 0.090810 100.874845 -2.666251 1.377822 -0.018474 
772 2.406827 0.000000 0.181619 100.274466 -2.312352 0.325816 -0.006042 
773 2.260285 0.000000 0.136214 92.161926 -2.236635 0.578987 0.150084 
774 2.260285 0.000000 0.090810 74.989355 -5.710084 -12.346121 0.419156 
775 2.309132 0.000000 0.136214 98.209292 -1.761956 4.857433 0.032824 
776 2.260285 0.000000 0.181619 96.382212 -2.964592 -0.600270 0.070132 
777 2.187015 0.000000 0.113512 96.230762 -4.145603 -11.681882 0.058599 
778 2.187015 0.000000 0.090810 93.344290 -5.810503 -17.020422 0.096339 
779 2.211438 0.000000 0.113512 91.672361 -3.605283 -9.948401 0.148421 
780 2.187015 0.000000 0.136214 96.743028 -3.604703 -7.910583 0.056522 
781 2.150380 0.000000 0.102161 101.577473 -5.880483 -15.021341 -0.057820 
782 2.150380 0.000000 0.090810 100.880249 -5.861177 -15.205190 -0.044238 
783 2.162591 0.000000 0.102161 99.216424 -5.829899 -15.679232 -0.012372 
784 2.150380 0.000000 0.113512 101.984942 -5.911471 -15.082816 -0.066337 
785 2.260285 0.000000 -0.045405 172.292698 -3.851576 0.505027 -1.969986 
786 2.309132 0.000000 -0.045405 129.005623 -7.072318 -14.033137 -0.688940 
787 2.260285 0.000000 0.000000 158.684853 -4.303753 -1.022616 -1.520045 
788 2.187015 0.000000 -0.068107 121.881139 -0.018384 15.310464 -0.508942 
789 2.211438 0.000000 -0.068107 140.467003 -0.534621 18.255022 -1.006451 
790 2.187015 0.000000 -0.045405 124.189732 -0.262479 9.868474 -0.552055 
791 2.174803 0.000000 -0.102161 95.519998 -11.522960 16.434041 0.047307 
792 2.174803 0.000000 -0.113512 97.093227 -10.347415 11.553237 0.033236 
793 2.187015 0.000000 -0.102161 92.690412 -11.498685 16.919439 0.099000 
794 2.174803 0.000000 -0.090810 95.129904 -11.516340 16.552670 0.054368 
795 2.260285 0.000000 0.045405 170.517514 -3.842393 -1.804039 -1.909424 
796 2.309132 0.000000 0.045405 128.688937 -6.731701 11.709426 -0.674327 
797 2.187015 0.000000 0.068107 121.601040 -0.139497 -15.378837 -0.502334 
798 2.187015 0.000000 0.045405 123.874921 -0.457702 -10.126489 -0.544775 
799 2.211438 0.000000 0.068107 139.612239 -0.524977 -18.280663 -0.982604 
800 2.174803 0.000000 0.102161 96.115434 -5.817396 -16.529188 0.045477 
801 2.174803 0.000000 0.090810 95.728459 -5.821297 -16.648145 0.052501 
802 2.187015 0.000000 0.102161 93.358702 -5.826912 -17.023033 0.096042 
803 2.174803 0.000000 0.113512 97.905584 -4.395361 -11.926680 0.025293 
804 2.235862 0.000000 -0.068107 76.652101 -10.679098 12.659210 0.385016 
805 2.235862 0.000000 -0.090810 77.736988 -10.743067 12.837592 0.367674 
806 2.260285 0.000000 -0.068107 71.939578 -10.465281 11.879735 0.457405 
807 2.235862 0.000000 -0.045405 157.453361 -1.974237 9.309173 -1.488212 
808 2.235862 0.000000 -0.113512 87.276119 -9.104079 4.886278 0.227612 
809 2.235862 0.000000 -0.136214 91.551159 -8.444370 2.659705 0.154000 
810 2.260285 0.000000 -0.113512 84.524812 -8.447334 -2.588015 0.277750 
811 2.223650 0.000000 -0.079458 82.961613 -11.034841 14.264994 0.279211 
812 2.211438 0.000000 -0.079458 88.464647 -11.336189 15.955260 0.179093 
813 2.223650 0.000000 -0.090810 82.973137 -11.025150 14.167787 0.279318 
814 2.235862 0.000000 -0.079458 77.604971 -10.736554 12.815884 0.369795 
815 2.223650 0.000000 -0.068107 150.445938 -0.986728 16.850550 -1.291889 
816 2.235862 0.000000 0.068107 78.048561 -5.429030 -12.854315 0.371371 
817 2.235862 0.000000 0.045405 156.230620 -2.054617 -9.966602 -1.451156 
818 2.260285 0.000000 0.068107 73.711698 -5.787986 -12.133503 0.438586 
819 2.235862 0.000000 0.090810 79.061144 -5.398146 -13.022071 0.355062 
820 2.235862 0.000000 0.113512 88.433458 -2.966486 -5.548583 0.213994 
821 2.260285 0.000000 0.113512 85.770393 -2.365128 1.657789 0.263510 
822 2.235862 0.000000 0.136214 92.559301 -2.685313 -3.515224 0.141321 
823 2.223650 0.000000 0.079458 84.044573 -5.429561 -14.418577 0.269913 
824 2.211438 0.000000 0.079458 89.348424 -5.597030 -16.086266 0.172676 
825 2.223650 0.000000 0.068107 149.255654 -0.909165 -16.942356 -1.256512 
826 2.235862 0.000000 0.079458 78.937046 -5.400828 -13.001503 0.357073 
827 2.223650 0.000000 0.090810 84.045962 -5.409429 -14.319329 0.270197 
828 2.357979 0.000000 -0.045405 109.494152 -7.255755 -4.910246 -0.206573 
829 2.357979 0.000000 -0.090810 104.527973 -7.162535 -5.555795 -0.100827 
830 2.406827 0.000000 -0.045405 103.947563 -7.251191 -2.735150 -0.086516 
831 2.357979 0.000000 0.000000 111.433034 -7.678617 -1.733109 -0.247929 
832 2.284709 0.000000 -0.068107 153.143130 -6.667463 -47.957801 -1.579722 
833 2.284709 0.000000 -0.090810 89.497637 -7.747147 -33.449337 0.081130 
834 2.309132 0.000000 -0.068107 118.948316 -7.166834 -19.423984 -0.457736 
835 2.284709 0.000000 -0.045405 156.691750 -6.059905 -17.133683 -1.488259 
836 2.248074 0.000000 -0.079458 75.000438 -10.575657 12.386864 0.410966 
837 2.248074 0.000000 -0.090810 75.294950 -10.596301 12.435371 0.406375 
838 2.260285 0.000000 -0.079458 72.453542 -10.488949 11.964918 0.449731 
839 2.248074 0.000000 -0.068107 74.406945 -10.546470 12.288798 0.420136 
840 2.357979 0.000000 0.045405 109.569373 -7.087953 2.735215 -0.206317 
841 2.406827 0.000000 0.045405 104.042416 -7.221431 0.603813 -0.087734 
842 2.357979 0.000000 0.090810 104.847160 -2.787538 5.065618 -0.102636 
843 2.284709 0.000000 0.068107 151.963002 -4.443461 45.799985 -1.521014 
844 2.284709 0.000000 0.045405 155.498981 -5.725421 14.949284 -1.443619 
845 2.309132 0.000000 0.068107 118.860881 -4.975590 18.198364 -0.448385 
846 2.284709 0.000000 0.090810 90.462376 -2.825788 31.928120 0.078917 
847 2.248074 0.000000 0.079458 76.535324 -5.542537 -12.603326 0.395278 
848 2.248074 0.000000 0.068107 75.992092 -5.591930 -12.513092 0.403735 
849 2.260285 0.000000 0.079458 74.197661 -5.776899 -12.214340 0.431214 
850 2.248074 0.000000 0.090810 76.805296 -5.524669 -12.648068 0.391045 
851 5.044566 0.000000 -0.726477 99.658102 -8.342469 -0.496514 -0.000158 
852 5.044566 0.000000 -1.452954 99.709361 -7.619089 -0.131268 -0.000002 
853 5.826119 0.000000 -0.726477 99.663976 -8.288910 -0.600957 -0.000198 
854 5.044566 0.000000 0.000000 99.882961 -5.124957 -7.254825 -0.005550 
855 3.872238 0.000000 -0.363238 99.567687 -9.572234 0.348228 -0.000547 
856 3.872238 0.000000 -0.726477 99.651014 -8.391180 -0.324103 -0.000084 
857 4.263014 0.000000 -0.363238 99.539335 -10.000797 0.275001 -0.000817 
858 3.872238 0.000000 0.000000 99.698670 -7.692267 -4.647694 -0.002060 
859 5.044566 0.000000 0.726477 99.800458 -6.308024 -0.236967 0.000002 
860 5.826119 0.000000 0.726477 99.800127 -6.341727 -0.255926 -0.000035 
861 5.044566 0.000000 1.452954 99.784246 -6.545626 -0.078463 0.000025 
862 3.872238 0.000000 0.363238 99.839373 -5.680124 -1.123461 -0.000143 
863 4.263014 0.000000 0.363238 99.823650 -5.943797 -1.241181 -0.000163 
864 3.872238 0.000000 0.726477 99.798495 -6.280690 -0.195191 0.000078 
865 3.676849 0.000000 -0.181619 99.759879 -6.801915 0.640644 0.000129 
866 3.481461 0.000000 -0.181619 99.753433 -6.903819 0.469580 0.000137 
867 3.676849 0.000000 -0.363238 99.578167 -9.405795 0.332095 -0.000439 
868 3.872238 0.000000 -0.181619 99.768712 -6.693865 0.818011 0.000073 
869 3.676849 0.000000 0.000000 99.678827 -7.951121 -3.730959 -0.001301 
870 3.286073 0.000000 -0.181619 99.758182 -6.999796 0.305518 -0.000079 
871 3.090685 0.000000 -0.181619 99.788782 -7.089643 0.142250 -0.000808 
872 3.286073 0.000000 -0.363238 99.601628 -9.157420 0.250320 -0.000441 
873 3.286073 0.000000 0.000000 99.690241 -7.821345 -2.101224 -0.000373 
874 3.676849 0.000000 0.181619 100.045981 -2.693070 -3.021323 -0.002558 
875 3.481461 0.000000 0.181619 100.053762 -2.527305 -2.693415 -0.002440 
876 3.872238 0.000000 0.181619 100.035265 -2.877222 -3.328182 -0.002641 
877 3.676849 0.000000 0.363238 99.844931 -5.569373 -1.041465 -0.000111 
878 3.579155 0.000000 -0.090810 99.916847 -4.546732 -1.594859 -0.000659 
879 3.481461 0.000000 -0.090810 99.885342 -4.999894 -1.401551 -0.000404 
880 3.579155 0.000000 -0.181619 99.756107 -6.853614 0.553546 0.000144 
881 3.676849 0.000000 -0.090810 99.932981 -4.321944 -1.913463 -0.000894 
882 3.579155 0.000000 0.000000 99.677856 -7.953604 -3.262013 -0.000958 
883 4.653790 0.000000 -0.363238 99.504738 -10.520157 -0.059370 -0.001187 
884 4.653790 0.000000 -0.726477 99.655597 -8.366295 -0.440639 -0.000143 
885 5.044566 0.000000 -0.363238 99.480427 -10.881799 -0.764562 -0.001535 
886 4.653790 0.000000 0.000000 99.824854 -5.941306 -5.886215 -0.003495 
887 4.067626 0.000000 -0.181619 99.777492 -6.587086 0.994325 0.000007 
888 4.067626 0.000000 -0.363238 99.555217 -9.771220 0.336746 -0.000683 
889 4.263014 0.000000 -0.181619 99.785424 -6.486649 1.154238 -0.000054 
890 4.067626 0.000000 0.000000 99.737175 -7.162630 -5.241237 -0.002628 
891 3.774543 0.000000 -0.090810 99.949889 -4.088709 -2.111498 -0.001116 
892 3.774543 0.000000 -0.181619 99.764483 -6.747787 0.731927 0.000098 
893 3.872238 0.000000 -0.090810 99.971380 -3.794001 -2.311144 -0.001401 
894 3.774543 0.000000 0.000000 99.685220 -7.870666 -4.210644 -0.001682 
895 4.653790 0.000000 0.363238 99.803099 -6.254109 -1.264133 -0.000137 
896 5.044566 0.000000 0.363238 99.782522 -6.562413 -1.167599 -0.000098 
897 4.653790 0.000000 0.726477 99.800457 -6.296233 -0.225076 0.000018 
898 4.067626 0.000000 0.181619 100.023333 -3.070567 -3.608035 -0.002711 
899 4.263014 0.000000 0.181619 100.011475 -3.253873 -3.859389 -0.002778 
900 4.067626 0.000000 0.363238 99.832734 -5.807303 -1.193826 -0.000172 
901 3.774543 0.000000 0.090810 100.193340 -0.602063 -7.196669 -0.009086 
902 3.676849 0.000000 0.090810 100.267513 0.471956 -7.313882 -0.010729 
903 3.872238 0.000000 0.090810 100.141618 -1.356861 -6.947930 -0.007846 
904 3.774543 0.000000 0.181619 100.041098 -2.782862 -3.180544 -0.002608 
905 3.725696 0.000000 -0.045405 99.761435 -6.777365 -4.039061 -0.001459 
906 3.676849 0.000000 -0.045405 99.756907 -6.837264 -4.035852 -0.001448 
907 3.725696 0.000000 -0.090810 99.940553 -4.217804 -2.018688 -0.000998 
908 3.774543 0.000000 -0.045405 99.764977 -6.731547 -3.794821 -0.001277 
909 3.725696 0.000000 0.000000 99.681173 -7.923202 -3.972501 -0.001489 
910 4.458402 0.000000 -0.181619 99.792350 -6.396719 1.308751 -0.000114 
911 4.458402 0.000000 -0.363238 99.522188 -10.261078 0.152727 -0.000998 
912 4.653790 0.000000 -0.181619 99.798152 -6.323228 1.439888 -0.000173 
913 4.458402 0.000000 0.000000 99.802448 -6.252088 -5.693541 -0.003203 
914 8.952329 0.000000 -1.452954 99.714972 -7.564527 -0.251041 -0.000036 
915 8.952329 0.000000 -2.905907 99.735320 -7.273666 -0.061380 -0.000004 
916 10.515434 0.000000 -1.452954 99.717598 -7.528294 -0.285746 -0.000036 
917 8.952329 0.000000 0.000000 99.850385 -5.628310 -1.284364 -0.000343 
918 6.607671 0.000000 -0.726477 99.670318 -8.197872 -0.691327 -0.000186 
919 6.607671 0.000000 -1.452954 99.711598 -7.607550 -0.185063 -0.000031 
920 7.389224 0.000000 -0.726477 99.677073 -8.103810 -0.763667 -0.000177 
921 6.607671 0.000000 0.000000 99.914652 -4.704046 -1.105985 -0.000629 
922 5.435343 0.000000 -0.363238 99.486708 -10.801426 -1.631727 -0.001694 
923 5.435343 0.000000 -0.726477 99.660825 -8.313150 -0.549894 -0.000169 
924 5.826119 0.000000 -0.363238 99.520523 -10.339967 -2.302293 -0.001655 
925 5.435343 0.000000 0.000000 99.900129 -4.888215 1.193903 -0.000536 
926 4.849178 0.000000 -0.181619 99.799633 -6.310136 1.613337 -0.000239 
927 4.849178 0.000000 -0.363238 99.489761 -10.741828 -0.369358 -0.001374 
928 5.044566 0.000000 -0.181619 99.875375 -5.233286 1.170382 -0.000385 
929 4.849178 0.000000 0.000000 99.844750 -5.665026 -6.285367 -0.004057 
930 4.458402 0.000000 0.181619 100.000127 -3.425642 -4.076475 -0.002838 
931 4.653790 0.000000 0.181619 99.990995 -3.565903 -4.265587 -0.002911 
932 4.458402 0.000000 0.363238 99.813457 -6.096161 -1.265070 -0.000149 
933 4.556096 0.000000 -0.090810 100.095177 -2.070916 -3.113470 -0.003303 
934 4.458402 0.000000 -0.090810 100.081100 -2.267380 -3.087153 -0.003090 
935 4.556096 0.000000 -0.181619 99.795507 -6.356399 1.375219 -0.000144 
936 4.653790 0.000000 -0.090810 100.107318 -1.902082 -3.105350 -0.003474 
937 4.556096 0.000000 0.000000 99.814302 -6.087509 -5.777640 -0.003333 
938 8.952329 0.000000 1.452954 99.785261 -6.560281 -0.134657 -0.000015 
939 10.515434 0.000000 1.452954 99.784385 -6.573788 -0.153169 -0.000016 
940 8.952329 0.000000 2.905907 99.773331 -6.731815 -0.043683 -0.000004 
941 6.607671 0.000000 0.726477 99.799079 -6.357816 -0.269082 -0.000035 
942 7.389224 0.000000 0.726477 99.797723 -6.379469 -0.278737 -0.000036 
943 6.607671 0.000000 1.452954 99.786060 -6.545494 -0.102785 -0.000011 
944 5.435343 0.000000 0.363238 99.766480 -6.799759 -0.947267 -0.000048 
945 5.826119 0.000000 0.363238 99.760423 -6.909077 -0.664998 -0.000032 
946 5.435343 0.000000 0.726477 99.800128 -6.319945 -0.247189 -0.000007 
947 4.849178 0.000000 0.181619 99.983793 -3.677084 -4.424676 -0.002986 
948 5.044566 0.000000 0.181619 99.977442 -3.774320 -4.548788 -0.003043 
949 4.849178 0.000000 0.363238 99.792601 -6.412117 -1.232507 -0.000120 
950 4.751484 0.000000 -0.090810 100.117141 -1.765873 -3.065216 -0.003596 
951 4.751484 0.000000 -0.181619 99.800337 -6.296310 1.508953 -0.000203 
952 4.849178 0.000000 -0.090810 100.124309 -1.667255 -2.997516 -0.003664 
953 4.751484 0.000000 0.000000 99.834659 -5.805400 -6.043812 -0.003719 
954 5.239954 0.000000 -0.181619 100.155407 -1.233779 -5.592658 -0.006391 
955 5.239954 0.000000 -0.363238 99.479276 -10.903201 -1.203297 -0.001645 
956 5.435343 0.000000 -0.181619 100.140144 -1.456307 -4.877201 -0.005396 
957 5.239954 0.000000 0.000000 100.181509 -0.860493 -7.014402 -0.008628 
958 6.216895 0.000000 -0.363238 99.563277 -9.728527 -2.656088 -0.001455 
959 6.216895 0.000000 -0.726477 99.666922 -8.246102 -0.648573 -0.000191 
960 6.607671 0.000000 -0.363238 99.603390 -9.155107 -2.760853 -0.001227 
961 6.216895 0.000000 0.000000 99.911478 -4.749362 -0.807183 -0.000551 
962 5.630731 0.000000 -0.181619 100.087656 -2.210815 -5.088506 -0.004832 
963 5.630731 0.000000 -0.363238 99.501150 -10.598657 -2.005655 -0.001683 
964 5.826119 0.000000 -0.181619 100.040264 -2.907213 -5.068716 -0.004220 
965 5.630731 0.000000 0.000000 99.862172 -5.435047 0.512517 -0.000226 
966 5.239954 0.000000 0.181619 99.969353 -3.894803 -4.612682 -0.003032 
967 5.435343 0.000000 0.181619 99.963183 -3.986590 -4.609556 -0.002978 
968 5.239954 0.000000 0.363238 99.773565 -6.695277 -1.070731 -0.000074 
969 5.337648 0.000000 -0.090810 100.114076 -1.827302 -2.460436 -0.003222 
970 5.239954 0.000000 -0.090810 100.122226 -1.708303 -2.566737 -0.003397 
971 5.337648 0.000000 -0.181619 100.148979 -1.328166 -4.630041 -0.005302 
972 5.435343 0.000000 -0.090810 100.103617 -1.978437 -2.370151 -0.003027 
973 5.337648 0.000000 0.000000 100.136144 -1.511713 -0.316500 -0.002963 
974 2.895297 0.000000 -0.181619 99.798484 -7.232921 -0.014804 -0.001205 
975 2.895297 0.000000 -0.363238 99.630303 -9.006130 0.049975 -0.000731 
976 2.895297 0.000000 0.000000 99.834326 -7.505167 -1.590284 -0.002575 
977 3.286073 0.000000 0.181619 100.048218 -2.391682 -2.356359 -0.002092 
978 3.090685 0.000000 0.181619 100.017189 -2.237694 -2.053046 -0.001266 
979 3.286073 0.000000 0.363238 99.845213 -5.398506 -0.846218 0.000107 
980 3.188379 0.000000 -0.090810 99.840693 -5.990709 -0.714406 -0.000456 
981 3.090685 0.000000 -0.090810 99.847423 -6.138700 -0.760678 -0.000777 
982 3.188379 0.000000 -0.181619 99.775821 -7.032906 0.218445 -0.000472 
983 3.286073 0.000000 -0.090810 99.838546 -5.784824 -0.504934 -0.000145 
984 3.188379 0.000000 0.000000 99.748721 -7.722203 -1.833412 -0.001280 
985 4.165320 0.000000 -0.090810 100.031162 -2.969145 -2.833095 -0.002308 
986 4.067626 0.000000 -0.090810 100.012027 -3.232596 -2.684906 -0.002006 
987 4.165320 0.000000 -0.181619 99.781513 -6.535901 1.072185 -0.000022 
988 4.263014 0.000000 -0.090810 100.049117 -2.718851 -2.947299 -0.002590 
989 4.165320 0.000000 0.000000 99.756808 -6.895995 -5.416699 -0.002832 
990 4.360708 0.000000 -0.090810 100.065925 -2.475520 -3.030523 -0.002850 
991 4.360708 0.000000 -0.181619 99.789486 -6.433236 1.237740 -0.000086 
992 4.360708 0.000000 0.000000 99.789400 -6.430861 -5.617336 -0.003083 
993 4.946872 0.000000 -0.090810 100.128596 -1.609124 -2.906586 -0.003677 
994 4.946872 0.000000 -0.181619 99.788835 -6.467678 1.516389 -0.000194 
995 5.044566 0.000000 -0.090810 100.129728 -1.596079 -2.798783 -0.003634 
996 4.946872 0.000000 0.000000 99.857830 -5.481210 -6.664098 -0.004604 
997 5.826119 0.000000 -4.358861 99.743606 -7.151491 -0.014555 0.000007 
998 5.826119 0.000000 -5.811815 99.747580 -7.097185 -0.007532 0.000005 
999 7.389224 0.000000 -4.358861 99.743100 -7.161345 -0.020267 0.000003 
1000 5.044566 0.000000 -2.179431 99.726978 -7.374392 -0.054371 0.000015 
1001 4.263014 0.000000 -2.179431 99.727437 -7.360491 -0.041051 0.000026 
1002 5.044566 0.000000 -2.905907 99.735500 -7.263614 -0.029253 0.000007 
1003 5.826119 0.000000 -2.179431 99.726676 -7.382153 -0.068405 0.000009 
1004 5.435343 0.000000 -1.089715 99.693115 -7.853871 -0.261170 -0.000047 
1005 5.044566 0.000000 -1.089715 99.691928 -7.862113 -0.237123 -0.000035 
1006 5.435343 0.000000 -1.452954 99.709840 -7.617555 -0.145234 -0.000010 
1007 5.826119 0.000000 -1.089715 99.694483 -7.853315 -0.284736 -0.000075 
1008 5.630731 0.000000 -0.544858 99.628295 -8.780952 -0.912320 -0.000373 
1009 5.435343 0.000000 -0.544858 99.625823 -8.812747 -0.856434 -0.000370 
1010 5.630731 0.000000 -0.726477 99.662210 -8.296713 -0.575684 -0.000172 
1011 5.826119 0.000000 -0.544858 99.631403 -8.754459 -0.966325 -0.000399 
1012 6.216895 0.000000 0.363238 99.763355 -6.868239 -0.413630 -0.000007 
1013 6.607671 0.000000 0.363238 99.771657 -6.749316 -0.246542 0.000000 
1014 6.216895 0.000000 0.726477 99.799963 -6.349924 -0.265353 -0.000042 
1015 6.021507 0.000000 -0.181619 99.997771 -3.516027 -4.925186 -0.003617 
1016 6.021507 0.000000 -0.363238 99.541695 -10.038304 -2.516387 -0.001565 
1017 6.216895 0.000000 -0.181619 99.961847 -4.028891 -4.707351 -0.003076 
1018 6.021507 0.000000 0.000000 99.902797 -4.874098 -0.543579 -0.000462 
1019 5.728425 0.000000 -0.272429 99.453503 -11.281449 -8.010390 -0.008244 
1020 5.630731 0.000000 -0.272429 99.473724 -10.990637 -8.820559 -0.009362 
1021 5.728425 0.000000 -0.363238 99.510239 -10.470325 -2.164179 -0.001660 
1022 5.826119 0.000000 -0.272429 99.490382 -10.770948 -7.931347 -0.007726 
1023 5.728425 0.000000 -0.181619 100.063220 -2.561968 -5.096497 -0.004519 
1024 5.533037 0.000000 -0.272429 99.507575 -10.504919 -13.277175 -0.018839 
1025 5.435343 0.000000 -0.272429 96.559599 -52.663935 -73.168884 -0.745093 
1026 5.533037 0.000000 -0.363238 99.493200 -10.710552 -1.827416 -0.001695 
1027 5.533037 0.000000 -0.181619 100.113545 -1.838726 -5.035910 -0.005146 
1028 5.630731 0.000000 0.181619 99.785228 -6.535383 -4.816862 -0.002301 
1029 5.826119 0.000000 0.181619 100.100758 -2.041921 0.664476 -0.002477 
1030 5.630731 0.000000 0.363238 99.761933 -6.868788 -0.807839 -0.000028 
1031 5.728425 0.000000 -0.090810 100.064996 -2.536457 -2.211107 -0.002433 
1032 5.630731 0.000000 -0.090810 100.078558 -2.340804 -2.246753 -0.002624 
1033 5.826119 0.000000 -0.090810 100.051662 -2.744153 -2.190039 -0.002266 
1034 5.728425 0.000000 0.000000 99.874832 -5.255758 0.147270 -0.000263 
1035 5.679578 0.000000 -0.227024 100.113768 -1.838421 -15.036757 -0.025225 
1036 5.630731 0.000000 -0.227024 102.207803 28.107514 0.609778 -0.123684 
1037 5.679578 0.000000 -0.272429 99.456677 -11.235246 -8.203495 -0.008516 
1038 5.728425 0.000000 -0.227024 99.957160 -4.078734 -10.542080 -0.011921 
1039 5.679578 0.000000 -0.181619 100.075305 -2.388308 -5.097192 -0.004675 
1040 5.239954 0.000000 -0.544858 99.623622 -8.839648 -0.799169 -0.000364 
1041 5.044566 0.000000 -0.544858 99.621780 -8.861713 -0.740952 -0.000358 
1042 5.239954 0.000000 -0.726477 99.659423 -8.328599 -0.523609 -0.000164 
1043 5.337648 0.000000 -0.272429 99.650923 -8.450058 9.035275 -0.008335 
1044 5.239954 0.000000 -0.272429 99.842088 -5.713994 2.259607 -0.000620 
1045 5.337648 0.000000 -0.363238 99.481983 -10.866916 -1.422065 -0.001678 
1046 5.142260 0.000000 -0.272429 100.018421 -3.190285 1.505659 -0.001613 
1047 5.044566 0.000000 -0.272429 100.079259 -2.317067 3.707630 -0.003497 
1048 5.142260 0.000000 -0.363238 99.478738 -10.908323 -0.981917 -0.001597 
1049 5.142260 0.000000 -0.181619 100.519088 3.968853 2.249119 -0.012490 
1050 4.751484 0.000000 0.090810 100.027618 -3.046256 -4.768447 -0.003754 
1051 4.653790 0.000000 0.090810 100.030834 -2.995971 -5.849934 -0.004937 
1052 4.849178 0.000000 0.090810 100.008852 -3.318537 -4.682094 -0.003471 
1053 4.751484 0.000000 0.181619 99.987181 -3.624779 -4.349039 -0.002949 
1054 5.337648 0.000000 0.090810 99.978933 -3.760071 -3.172462 -0.001999 
1055 5.239954 0.000000 0.090810 99.983448 -3.693067 -3.473115 -0.002239 
1056 5.435343 0.000000 0.090810 99.974621 -3.823009 -2.880572 -0.001784 
1057 5.337648 0.000000 0.181619 99.964996 -3.958864 -4.604346 -0.002987 
1058 6.021507 0.000000 0.181619 100.050362 -2.763837 1.069066 -0.001886 
1059 6.216895 0.000000 0.181619 100.002912 -3.442062 0.991998 -0.001341 
1060 6.021507 0.000000 0.363238 99.760868 -6.903901 -0.530329 -0.000018 
1061 5.826119 0.000000 4.358861 99.767041 -6.823956 -0.012154 -0.000003 
1062 7.389224 0.000000 4.358861 99.767598 -6.814726 -0.016316 -0.000001 
1063 5.826119 0.000000 5.811815 99.764112 -6.867083 -0.006686 -0.000004 
1064 5.044566 0.000000 2.179431 99.776039 -6.673883 -0.038839 0.000020 
1065 4.263014 0.000000 2.179431 99.774425 -6.688163 -0.032173 0.000033 
1066 5.826119 0.000000 2.179431 99.778827 -6.670389 -0.048295 -0.000031 
1067 5.044566 0.000000 2.905907 99.772090 -6.752320 -0.023077 -0.000006 
1068 5.435343 0.000000 1.089715 99.791454 -6.446293 -0.133265 0.000009 
1069 5.044566 0.000000 1.089715 99.791086 -6.443820 -0.124839 0.000020 
1070 5.826119 0.000000 1.089715 99.792089 -6.457431 -0.141699 -0.000018 
1071 5.435343 0.000000 1.452954 99.784844 -6.543809 -0.084683 0.000016 
1072 5.630731 0.000000 0.544858 99.801248 -6.307006 -0.399935 -0.000023 
1073 5.435343 0.000000 0.544858 99.802186 -6.289724 -0.403961 -0.000020 
1074 5.826119 0.000000 0.544858 99.800806 -6.331757 -0.394861 -0.000045 
1075 5.630731 0.000000 0.726477 99.799942 -6.326358 -0.251685 -0.000011 
1076 5.728425 0.000000 0.272429 99.523095 -10.285935 0.789973 -0.001127 
1077 5.630731 0.000000 0.272429 99.449486 -11.336879 -0.023493 -0.001873 
1078 5.728425 0.000000 0.181619 99.990018 -3.608465 0.397322 -0.001118 
1079 5.826119 0.000000 0.272429 99.578520 -9.510316 1.090153 -0.000752 
1080 5.728425 0.000000 0.363238 99.760648 -6.888914 -0.735956 -0.000019 
1081 5.728425 0.000000 0.090810 99.962339 -4.004434 -2.114434 -0.001298 
1082 5.630731 0.000000 0.090810 99.966351 -3.945321 -2.347647 -0.001435 
1083 5.826119 0.000000 0.090810 99.958822 -4.071765 -1.905549 -0.001198 
1084 6.607671 0.000000 2.179431 99.777864 -6.664364 -0.052492 -0.000004 
1085 7.389224 0.000000 2.179431 99.778005 -6.663267 -0.059117 -0.000005 
1086 6.607671 0.000000 2.905907 99.772909 -6.736827 -0.031194 -0.000002 
1087 6.216895 0.000000 1.089715 99.792683 -6.457011 -0.151915 -0.000030 
1088 6.607671 0.000000 1.089715 99.792176 -6.457216 -0.157463 -0.000020 
1089 6.216895 0.000000 1.452954 99.786326 -6.544907 -0.097834 -0.000016 
1090 6.021507 0.000000 0.544858 99.799982 -6.344713 -0.388607 -0.000044 
1091 6.216895 0.000000 0.544858 99.799383 -6.353418 -0.382201 -0.000043 
1092 6.021507 0.000000 0.726477 99.799966 -6.344616 -0.260146 -0.000035 
1093 5.923813 0.000000 0.272429 99.619409 -8.926184 1.242827 -0.000525 
1094 5.923813 0.000000 0.181619 100.081637 -2.316028 1.017388 -0.002273 
1095 6.021507 0.000000 0.272429 99.653434 -8.440171 1.321877 -0.000379 
1096 5.923813 0.000000 0.363238 99.760367 -6.910500 -0.595931 -0.000024 
1097 5.777272 0.000000 0.227024 100.107211 -1.933429 -2.251130 -0.003026 
1098 5.728425 0.000000 0.227024 100.111291 -1.874292 -3.368221 -0.003713 
1099 5.777272 0.000000 0.181619 100.075669 -2.384481 0.442440 -0.002102 
1100 5.826119 0.000000 0.227024 100.052546 -2.731307 -0.833913 -0.001867 
1101 5.777272 0.000000 0.272429 99.553017 -9.858819 0.971120 -0.000894 
1102 -8.241827 0.000000 -8.717722 99.755673 -6.985195 0.000733 0.000001 
1103 -11.368037 0.000000 -8.717722 99.755927 -6.981974 0.000653 0.000001 
1104 -8.241827 0.000000 -11.623629 99.755619 -6.986141 0.000602 0.000001 
1105 10.515434 0.000000 -8.717722 99.750226 -7.062463 -0.006935 0.000001 
1106 10.515434 0.000000 -11.623629 99.752063 -7.036567 -0.003638 0.000001 
1107 13.641644 0.000000 -8.717722 99.749974 -7.066597 -0.009606 0.000001 
1108 -8.241827 0.000000 8.717722 99.757124 -6.966583 0.000758 -0.000002 
1109 -11.368037 0.000000 8.717722 99.756874 -6.969615 0.000663 -0.000001 
1110 -8.241827 0.000000 11.623629 99.757189 -6.965573 0.000613 -0.000002 
1111 -3.552511 0.000000 -4.358861 99.754848 -6.992935 0.001208 0.000007 
1112 -5.115617 0.000000 -4.358861 99.755382 -6.987287 0.001164 0.000004 
1113 -3.552511 0.000000 -5.811815 99.754822 -6.994863 0.001015 0.000005 
1114 10.515434 0.000000 8.717722 99.762074 -6.894900 -0.006157 -0.000001 
1115 13.641644 0.000000 8.717722 99.762334 -6.890896 -0.008464 -0.000001 
1116 10.515434 0.000000 11.623629 99.760474 -6.918000 -0.003337 -0.000001 
1117 -3.552511 0.000000 4.358861 99.757758 -6.960345 0.001537 -0.000006 
1118 -5.115617 0.000000 4.358861 99.757273 -6.965227 0.001319 -0.000003 
1119 -3.552511 0.000000 5.811815 99.757938 -6.958110 0.001220 -0.000006 
1120 -1.207854 0.000000 -2.179431 99.755160 -6.996919 -0.002758 -0.000005 
1121 -1.989406 0.000000 -2.179431 99.753054 -6.993458 0.001921 0.000042 
1122 -1.207854 0.000000 -2.905907 99.756919 -7.006039 -0.004036 -0.000053 
1123 3.481461 0.000000 -2.179431 99.725300 -7.327915 -0.031501 0.000117 
1124 3.481461 0.000000 -2.905907 99.738886 -7.215618 -0.013501 0.000009 
1125 -1.207854 0.000000 2.179431 99.765184 -6.951553 0.011162 -0.000142 
1126 -1.989406 0.000000 2.179431 99.759166 -6.955212 0.005885 -0.000027 
1127 -1.207854 0.000000 2.905907 99.762971 -6.943403 0.007483 -0.000086 
1128 -0.817078 0.000000 -1.089715 99.742472 -7.006794 -0.002293 0.000234 
1129 -1.207854 0.000000 -1.089715 99.745942 -7.002231 0.008613 0.000172 
1130 -0.817078 0.000000 -1.452954 99.753159 -7.010385 -0.009508 0.000016 
1131 3.481461 0.000000 2.179431 99.772380 -6.723067 -0.026400 0.000027 
1132 3.481461 0.000000 2.905907 99.769232 -6.785119 -0.015124 0.000006 
1133 -0.230913 0.000000 -0.544858 99.642435 -7.039731 0.049669 0.002182 
1134 -0.426301 0.000000 -0.544858 99.719311 -7.019313 0.043225 0.000679 
1135 -0.230913 0.000000 -0.726477 99.667567 -7.048247 0.001602 0.001670 
1136 0.941416 0.000000 -0.544858 99.730605 -7.308212 -0.013691 0.000040 
1137 0.941416 0.000000 -0.726477 99.727400 -7.200920 -0.016259 0.000259 
1138 -0.817078 0.000000 1.089715 99.748563 -6.969559 0.008745 0.000165 
1139 -1.207854 0.000000 1.089715 99.753079 -6.973129 0.004367 0.000070 
1140 -0.817078 0.000000 1.452954 99.759802 -6.960630 0.016118 -0.000047 
1141 -0.230913 0.000000 0.544858 99.659463 -7.017086 -0.033591 0.001875 
1142 -0.426301 0.000000 0.544858 99.735506 -6.999333 -0.018760 0.000384 
1143 -0.230913 0.000000 0.726477 99.694292 -7.004364 0.019990 0.001199 
1144 -0.133219 0.000000 -0.272429 99.687608 -7.186334 0.578152 0.001040 
1145 -0.230913 0.000000 -0.272429 99.824424 -7.008781 0.440402 -0.001423 
1146 -0.133219 0.000000 -0.363238 99.448657 -7.107980 0.259592 0.005937 
1147 0.941416 0.000000 0.544858 99.866444 -7.197906 -0.022506 -0.002512 
1148 0.941416 0.000000 0.726477 99.811983 -7.064753 -0.023409 -0.001234 
1149 -0.133219 0.000000 0.272429 99.679799 -7.210848 -0.589536 0.001159 
1150 -0.230913 0.000000 0.272429 99.825317 -6.956805 -0.429275 -0.001368 
1151 -0.133219 0.000000 0.363238 99.461376 -7.082780 -0.246229 0.005721 
1152 0.037745 0.000000 -0.113512 88.480570 -8.859565 -1.785091 0.208951 
1153 0.013322 0.000000 -0.113512 87.646481 -8.447023 4.485195 0.222663 
1154 0.037745 0.000000 -0.136214 92.630869 -8.293425 -0.781929 0.135013 
1155 0.648333 0.000000 -0.272429 101.421864 -11.210239 0.005260 -0.041206 
1156 0.648333 0.000000 -0.363238 99.796793 -7.574996 0.110710 -0.001679 
1157 0.746027 0.000000 -0.272429 102.455491 -10.314271 0.012146 -0.060351 
1158 0.648333 0.000000 0.272429 101.370780 -11.188356 0.010252 -0.040121 
1159 0.746027 0.000000 0.272429 102.334352 -10.308154 0.037067 -0.057858 
1160 0.648333 0.000000 0.363238 99.853825 -7.528995 -0.115649 -0.002749 
1161 0.037745 0.000000 0.113512 88.423633 -8.869228 1.788888 0.209940 
1162 0.013322 0.000000 0.113512 87.597523 -8.460684 -4.496335 0.223487 
1163 0.037745 0.000000 0.136214 92.588637 -8.300337 0.792306 0.135782 
1164 0.098804 0.000000 -0.079458 92.443762 -12.459053 -15.400348 0.106175 
1165 0.098804 0.000000 -0.090810 92.559591 -12.550115 -15.480987 0.103556 
1166 0.098804 0.000000 -0.068107 92.436010 -12.448162 -15.391718 0.106372 
1167 0.098804 0.000000 0.079458 92.385844 -12.416501 15.391664 0.107378 
1168 0.098804 0.000000 0.068107 92.379571 -12.402282 15.383242 0.107555 
1169 0.098804 0.000000 0.090810 92.482552 -12.558583 15.469919 0.104994 
1170 0.233134 0.000000 -0.068107 87.696845 -0.105680 -6.438902 0.226779 
1171 0.233134 0.000000 -0.045405 89.157692 -0.086994 -4.834324 0.202753 
1172 0.184287 0.000000 -0.113512 99.793365 -11.201584 -9.845099 -0.018112 
1173 0.184287 0.000000 -0.136214 99.309758 -9.911623 -7.683894 -0.001971 
1174 0.233134 0.000000 0.068107 87.736137 -0.080442 6.454730 0.226070 
1175 0.233134 0.000000 0.045405 89.174318 -0.075688 4.869706 0.202422 
1176 0.184287 0.000000 0.113512 99.759535 -11.163223 9.864485 -0.017389 
1177 0.184287 0.000000 0.136214 99.314526 -9.845678 7.693543 -0.001950 
1178 0.501792 0.000000 -0.045405 100.364537 -8.052643 -0.001162 -0.013789 
1179 0.550639 0.000000 -0.045405 101.383296 -6.766864 -0.003899 -0.032436 
1180 0.501792 0.000000 0.000000 101.376226 -6.544721 -0.003344 -0.031997 
1181 0.501792 0.000000 0.045405 100.352486 -8.043976 -0.001745 -0.013533 
1182 0.550639 0.000000 0.045405 101.371464 -6.763955 -0.001131 -0.032192 
1183 0.428522 0.000000 -0.068107 99.156602 -10.870395 0.005198 0.004980 
1184 0.452945 0.000000 -0.068107 99.293995 -9.368334 0.002334 0.005294 
1185 0.428522 0.000000 -0.045405 99.322138 -11.626338 0.003200 -0.000006 
1186 0.367463 0.000000 -0.102161 105.097382 -12.625240 -3.270723 -0.121555 
1187 0.367463 0.000000 -0.113512 105.128594 -12.634646 -2.766799 -0.121931 
1188 0.367463 0.000000 -0.090810 105.405657 -12.628891 -3.014267 -0.127893 
1189 0.428522 0.000000 0.068107 99.123613 -10.848740 0.004047 0.005681 
1190 0.428522 0.000000 0.045405 99.290172 -11.602818 0.002904 0.000684 
1191 0.452945 0.000000 0.068107 99.257737 -9.349979 0.004062 0.006048 
1192 0.367463 0.000000 0.102161 105.184929 -12.615033 3.272671 -0.123372 
1193 0.367463 0.000000 0.090810 105.496261 -12.615494 3.015663 -0.129771 
1194 0.367463 0.000000 0.113512 105.213088 -12.614007 2.768079 -0.123657 
1195 1.722968 0.000000 -0.544858 99.753166 -7.733025 -0.048915 -0.001050 
1196 1.722968 0.000000 -0.726477 99.679524 -7.557773 -0.034562 0.000687 
1197 1.722968 0.000000 0.544858 99.835771 -7.096225 -0.183951 -0.001757 
1198 1.722968 0.000000 0.726477 99.762173 -6.946891 -0.102908 -0.000076 
1199 1.429886 0.000000 -0.272429 100.976395 -11.782310 -0.280974 -0.033513 
1200 1.429886 0.000000 -0.363238 99.744806 -7.816730 -0.108074 -0.001014 
1201 1.527580 0.000000 -0.272429 101.403890 -12.824326 -0.267131 -0.044728 
1202 1.429886 0.000000 0.272429 100.985788 -12.017581 -0.208852 -0.034260 
1203 1.527580 0.000000 0.272429 101.505552 -13.191388 -0.124570 -0.047741 
1204 1.429886 0.000000 0.363238 99.909091 -7.595226 -0.407726 -0.003968 
1205 8.952329 0.000000 -4.358861 99.742848 -7.166359 -0.025855 0.000001 
1206 8.952329 0.000000 -5.811815 99.746664 -7.112244 -0.013806 0.000002 
1207 10.515434 0.000000 -4.358861 99.742764 -7.168506 -0.031257 -0.000001 
1208 6.607671 0.000000 -2.179431 99.727262 -7.384037 -0.079264 -0.000006 
1209 6.607671 0.000000 -2.905907 99.735269 -7.270259 -0.042659 0.000002 
1210 7.389224 0.000000 -2.179431 99.727461 -7.383434 -0.090507 -0.000009 
1211 3.090685 0.000000 -1.089715 99.687526 -7.814341 -0.097033 0.000132 
1212 3.090685 0.000000 -1.452954 99.709118 -7.546909 -0.050895 0.000113 
1213 3.481461 0.000000 -1.089715 99.688994 -7.847358 -0.126339 0.000051 
1214 3.872238 0.000000 -1.089715 99.689440 -7.862844 -0.156930 0.000017 
1215 3.872238 0.000000 -1.452954 99.704709 -7.597843 -0.093239 0.000124 
1216 4.263014 0.000000 -1.089715 99.689708 -7.868287 -0.185521 0.000002 
1217 2.504521 0.000000 -0.544858 99.535112 -8.664396 -0.166920 0.001766 
1218 2.504521 0.000000 -0.726477 99.584993 -8.215974 -0.116381 0.001531 
1219 2.699909 0.000000 -0.544858 99.589836 -8.744339 -0.208779 0.000536 
1220 8.952329 0.000000 4.358861 99.767944 -6.809790 -0.020513 -0.000002 
1221 10.515434 0.000000 4.358861 99.768119 -6.807430 -0.024630 -0.000002 
1222 8.952329 0.000000 5.811815 99.764977 -6.852955 -0.011613 -0.000001 
1223 3.090685 0.000000 1.089715 99.778345 -6.498281 -0.081734 0.000205 
1224 3.481461 0.000000 1.089715 99.785564 -6.468107 -0.091760 0.000100 
1225 3.090685 0.000000 1.452954 99.775490 -6.610674 -0.050760 0.000115 
1226 2.504521 0.000000 0.544858 99.737471 -6.229923 -0.232666 0.001357 
1227 2.699909 0.000000 0.544858 99.793653 -6.152544 -0.252733 0.000331 
1228 2.504521 0.000000 0.726477 99.757246 -6.435329 -0.155290 0.000705 
1229 2.895297 0.000000 -0.544858 99.604775 -8.780325 -0.227232 0.000174 
1230 2.895297 0.000000 -0.726477 99.631112 -8.324799 -0.185618 0.000430 
1231 3.090685 0.000000 -0.544858 99.613405 -8.817023 -0.247354 -0.000063 
1232 3.286073 0.000000 -0.544858 99.615984 -8.856679 -0.274090 -0.000186 
1233 3.286073 0.000000 -0.726477 99.648255 -8.377068 -0.232822 -0.000000 
1234 3.481461 0.000000 -0.544858 99.614754 -8.873168 -0.316768 -0.000193 
1235 2.406827 0.000000 -0.272429 99.426622 -8.419075 -0.584018 0.004313 
1236 2.406827 0.000000 -0.363238 99.281149 -8.835594 -0.331784 0.006508 
1237 2.504521 0.000000 -0.272429 99.644679 -8.407035 -0.398829 0.000010 
1238 2.895297 0.000000 0.181619 100.026453 -2.165649 -1.745114 -0.001303 
1239 2.895297 0.000000 0.363238 99.848637 -5.311717 -0.675282 0.000158 
1240 2.895297 0.000000 0.544858 99.799336 -6.071640 -0.273892 0.000315 
1241 3.090685 0.000000 0.544858 99.796898 -6.090900 -0.284085 0.000340 
1242 2.895297 0.000000 0.726477 99.784530 -6.308205 -0.158709 0.000323 
1243 2.406827 0.000000 0.272429 99.735387 -4.295142 -0.245268 0.003434 
1244 2.504521 0.000000 0.272429 99.906945 -4.188984 -0.464977 0.000084 
1245 2.406827 0.000000 0.363238 99.558483 -5.469385 -0.240971 0.005814 
1246 2.357979 0.000000 -0.136214 100.682076 -7.403683 -4.022940 -0.020788 
1247 2.357979 0.000000 -0.181619 99.301464 -7.738350 -2.339960 0.007386 
1248 2.406827 0.000000 -0.136214 100.810960 -7.205511 -2.450502 -0.022077 
1249 2.284709 0.000000 -0.113512 90.907804 -7.805288 -11.793107 0.153577 
1250 2.284709 0.000000 -0.136214 93.825804 -7.784352 -5.535524 0.110548 
1251 2.309132 0.000000 -0.113512 99.389223 -7.492110 -10.626184 -0.004727 
1252 2.357979 0.000000 0.136214 101.127431 -1.612447 2.638378 -0.023632 
1253 2.406827 0.000000 0.136214 101.158460 -1.478576 1.087032 -0.023640 
1254 2.357979 0.000000 0.181619 99.719236 -2.507306 1.061558 0.004866 
1255 2.284709 0.000000 0.113512 91.893675 -1.943033 10.534413 0.144080 
1256 2.309132 0.000000 0.113512 100.072828 -1.708653 9.385695 -0.010558 
1257 2.284709 0.000000 0.136214 94.704273 -1.937892 4.256719 0.100923 
1258 4.653790 0.000000 -1.089715 99.690799 -7.867442 -0.211920 -0.000020 
1259 4.653790 0.000000 -1.452954 99.708795 -7.616353 -0.116883 0.000013 
1260 3.676849 0.000000 -0.544858 99.614646 -8.886115 -0.362055 -0.000217 
1261 3.676849 0.000000 -0.726477 99.650612 -8.389830 -0.291120 -0.000072 
1262 3.872238 0.000000 -0.544858 99.615483 -8.896552 -0.410191 -0.000256 
1263 4.067626 0.000000 -0.544858 99.615495 -8.896106 -0.464273 -0.000260 
1264 4.067626 0.000000 -0.726477 99.651316 -8.387578 -0.356925 -0.000086 
1265 4.263014 0.000000 -0.544858 99.616629 -8.895732 -0.515592 -0.000287 
1266 4.653790 0.000000 1.089715 99.790539 -6.443874 -0.116140 0.000031 
1267 4.263014 0.000000 1.089715 99.789263 -6.447007 -0.106920 0.000053 
1268 4.653790 0.000000 1.452954 99.783363 -6.549872 -0.072101 0.000037 
1269 3.383767 0.000000 -0.090810 99.916451 -4.578100 -7.150242 -0.005538 
1270 3.383767 0.000000 -0.181619 99.752715 -6.951596 0.384948 0.000092 
1271 3.383767 0.000000 0.000000 99.682077 -7.877277 -2.445568 -0.000455 
1272 3.579155 0.000000 0.090810 100.367840 1.923542 -7.041679 -0.012699 
1273 3.481461 0.000000 0.090810 100.480528 3.560183 -5.951523 -0.014443 
1274 3.579155 0.000000 0.181619 100.050550 -2.607274 -2.859622 -0.002509 
1275 4.458402 0.000000 -0.544858 99.617732 -8.896809 -0.568236 -0.000317 
1276 4.458402 0.000000 -0.726477 99.654379 -8.375132 -0.411914 -0.000131 
1277 4.653790 0.000000 -0.544858 99.618807 -8.890486 -0.624982 -0.000334 
1278 4.849178 0.000000 -0.544858 99.620193 -8.877537 -0.682540 -0.000346 
1279 4.849178 0.000000 -0.726477 99.656888 -8.354207 -0.468703 -0.000151 
1280 3.969932 0.000000 -0.090810 99.992318 -3.506620 -2.513437 -0.001708 
1281 3.969932 0.000000 -0.181619 99.773238 -6.640464 0.906649 0.000038 
1282 3.969932 0.000000 0.000000 99.717157 -7.440708 -4.994414 -0.002382 
1283 3.969932 0.000000 0.090810 100.105469 -1.887301 -6.680552 -0.006930 
1284 4.067626 0.000000 0.090810 100.079588 -2.265887 -6.435870 -0.006248 
1285 3.969932 0.000000 0.181619 100.029469 -2.974122 -3.471887 -0.002679 
1286 4.165320 0.000000 0.090810 100.061371 -2.544284 -6.233643 -0.005761 
1287 4.263014 0.000000 0.090810 100.047318 -2.751326 -6.059841 -0.005376 
1288 4.165320 0.000000 0.181619 100.018081 -3.167240 -3.743921 -0.002766 
1289 6.216895 0.000000 -1.089715 99.695557 -7.835861 -0.307454 -0.000070 
1290 6.216895 0.000000 -1.452954 99.710823 -7.612542 -0.173344 -0.000023 
1291 6.607671 0.000000 -1.089715 99.696870 -7.818068 -0.327997 -0.000070 
1292 4.946872 0.000000 -0.272429 99.960037 -4.018977 5.401646 -0.003734 
1293 4.849178 0.000000 -0.272429 99.830834 -5.863580 5.377405 -0.002949 
1294 4.946872 0.000000 -0.363238 99.484205 -10.824673 -0.558284 -0.001459 
1295 4.360708 0.000000 0.090810 100.036528 -2.898083 -5.913977 -0.005068 
1296 4.458402 0.000000 0.090810 100.028679 -3.017088 -5.807298 -0.004856 
1297 4.360708 0.000000 0.181619 100.005953 -3.336666 -3.972853 -0.002811 
1298 4.556096 0.000000 0.090810 100.023713 -3.093077 -5.763584 -0.004753 
1299 4.556096 0.000000 0.181619 99.995310 -3.499474 -4.174659 -0.002874 
1300 5.239954 0.000000 0.544858 99.803216 -6.270991 -0.406265 -0.000017 
1301 5.044566 0.000000 0.544858 99.804332 -6.251537 -0.406802 -0.000015 
1302 5.239954 0.000000 0.726477 99.800322 -6.313008 -0.242426 -0.000002 
1303 4.946872 0.000000 0.090810 100.001637 -3.424981 -4.392959 -0.003136 
1304 5.044566 0.000000 0.090810 99.994610 -3.528594 -4.083669 -0.002805 
1305 4.946872 0.000000 0.181619 99.980647 -3.725382 -4.491677 -0.003018 
1306 5.142260 0.000000 -0.090810 100.127578 -1.629739 -2.682559 -0.003538 
1307 5.142260 0.000000 0.000000 99.956460 -4.076562 -8.026417 -0.007234 
1308 6.021507 0.000000 -0.544858 99.634391 -8.712806 -1.017117 -0.000396 
1309 6.021507 0.000000 -0.726477 99.665411 -8.266610 -0.625520 -0.000192 
1310 6.216895 0.000000 -0.544858 99.637636 -8.664985 -1.064973 -0.000387 
1311 5.533037 0.000000 -0.090810 100.091586 -2.152621 -2.299095 -0.002825 
1312 5.533037 0.000000 0.000000 99.855830 -5.523842 0.931787 -0.000257 
1313 5.142260 0.000000 0.090810 99.988558 -3.617714 -3.777474 -0.002507 
1314 5.142260 0.000000 0.181619 99.973749 -3.829598 -4.591794 -0.003050 
1315 3.383767 0.000000 0.090810 100.553352 4.642972 -3.800454 -0.014698 
1316 3.286073 0.000000 0.090810 100.526875 4.336735 -1.264674 -0.012606 
1317 3.383767 0.000000 0.181619 100.054458 -2.455932 -2.526152 -0.002331 
1318 5.533037 0.000000 0.090810 99.970450 -3.884801 -2.603966 -0.001596 
1319 5.533037 0.000000 0.181619 99.955540 -4.098036 -4.877452 -0.003169 
1320 5.533037 0.000000 0.272429 99.404654 -11.976128 -1.883928 -0.002826 
1321 5.435343 0.000000 0.272429 99.467456 -11.075875 -3.877440 -0.003148 
1322 5.533037 0.000000 0.363238 99.763883 -6.839014 -0.878842 -0.000038 
1323 5.923813 0.000000 0.090810 99.954951 -4.127765 -1.720286 -0.001099 
1324 5.923813 0.000000 0.000000 99.895793 -4.973685 -0.364612 -0.000404 
1325 6.021507 0.000000 0.090810 99.951129 -4.182984 -1.557854 -0.001015 
1326 3.872238 0.000000 1.089715 99.789158 -6.454663 -0.100765 0.000045 
1327 3.872238 0.000000 1.452954 99.785280 -6.572059 -0.066958 -0.000030 
1328 3.286073 0.000000 0.544858 99.803105 -6.092612 -0.303416 0.000213 
1329 3.481461 0.000000 0.544858 99.806033 -6.097760 -0.322588 0.000147 
1330 3.286073 0.000000 0.726477 99.791716 -6.290346 -0.169920 0.000202 
1331 3.676849 0.000000 0.544858 99.807653 -6.110662 -0.341650 0.000098 
1332 3.872238 0.000000 0.544858 99.808628 -6.128852 -0.358415 0.000055 
1333 3.676849 0.000000 0.726477 99.797570 -6.279374 -0.189204 0.000098 
1334 4.849178 0.000000 0.544858 99.805412 -6.230338 -0.405223 -0.000010 
1335 4.653790 0.000000 0.544858 99.806385 -6.209078 -0.401048 -0.000003 
1336 4.849178 0.000000 0.726477 99.800543 -6.301989 -0.231329 0.000008 
1337 4.458402 0.000000 0.544858 99.807257 -6.187231 -0.394355 0.000007 
1338 4.263014 0.000000 0.544858 99.808609 -6.164032 -0.387017 0.000010 
1339 4.458402 0.000000 0.726477 99.800229 -6.290669 -0.218334 0.000029 
1340 4.751484 0.000000 -0.272429 99.752951 -6.973919 4.750335 -0.002185 
1341 4.653790 0.000000 -0.272429 99.710605 -7.575275 4.090939 -0.001633 
1342 4.751484 0.000000 -0.363238 99.496722 -10.639020 -0.202338 -0.001283 
1343 5.337648 0.000000 0.272429 99.578217 -9.489648 -4.670172 -0.002769 
1344 5.239954 0.000000 0.272429 99.664435 -8.255551 -4.661989 -0.002289 
1345 5.337648 0.000000 0.363238 99.769727 -6.751115 -1.011821 -0.000060 
1346 5.142260 0.000000 0.272429 99.721516 -7.436877 -4.415799 -0.001919 
1347 5.044566 0.000000 0.272429 99.760151 -6.881911 -4.138826 -0.001658 
1348 5.142260 0.000000 0.363238 99.777834 -6.631813 -1.122868 -0.000086 
1349 3.188379 0.000000 0.090810 100.393561 2.911525 0.473699 -0.008757 
1350 3.090685 0.000000 0.090810 100.323527 1.864888 1.491332 -0.007051 
1351 3.188379 0.000000 0.181619 100.031937 -2.309033 -2.198744 -0.001655 
1352 5.923813 0.000000 -0.090810 100.038044 -2.939502 -2.180423 -0.002101 
1353 5.923813 0.000000 -0.181619 100.018235 -3.222815 -5.009370 -0.003913 
1354 6.021507 0.000000 -0.090810 100.024798 -3.129496 -2.179635 -0.001950 
1355 4.067626 0.000000 0.544858 99.809276 -6.144441 -0.374670 0.000021 
1356 4.067626 0.000000 0.726477 99.801804 -6.285808 -0.210918 0.000004 
1357 4.556096 0.000000 -0.272429 99.687373 -7.903031 3.526730 -0.001247 
1358 4.458402 0.000000 -0.272429 99.674215 -8.086489 3.062567 -0.000972 
1359 4.556096 0.000000 -0.363238 99.513360 -10.392359 0.058556 -0.001091 
1360 4.946872 0.000000 0.272429 99.787893 -6.482239 -3.883762 -0.001473 
1361 4.849178 0.000000 0.272429 99.809057 -6.176261 -3.658468 -0.001338 
1362 4.946872 0.000000 0.363238 99.787448 -6.489127 -1.204073 -0.000109 
1363 4.751484 0.000000 0.272429 99.825990 -5.930323 -3.459281 -0.001236 
1364 4.653790 0.000000 0.272429 99.840069 -5.724720 -3.281214 -0.001158 
1365 4.751484 0.000000 0.363238 99.797840 -6.333483 -1.252385 -0.000129 
1366 5.923813 0.000000 -0.272429 99.544825 -9.992950 -7.618146 -0.006707 
1367 5.923813 0.000000 -0.363238 99.530961 -10.191274 -2.419328 -0.001613 
1368 6.021507 0.000000 -0.272429 99.588452 -9.369617 -7.141932 -0.005666 
1 11 62 60 61 
2 62 10 24 60 
3 60 24 14 63 
4 61 60 63 6 
5 24 66 64 65 
6 66 23 40 64 
7 64 40 27 67 
8 65 64 67 14 
9 40 70 68 69 
10 69 68 71 27 
11 6 63 92 93 
12 63 14 36 92 
13 92 36 19 94 
14 93 92 94 20 
15 14 67 95 96 
16 67 27 52 95 
17 95 52 35 97 
18 96 95 97 36 
19 27 71 98 99 
20 99 98 100 52 
21 68 112 110 111 
22 112 56 80 110 
23 110 80 43 113 
24 111 110 113 71 
25 80 116 114 115 
26 115 114 117 43 
27 71 113 133 134 
28 113 43 102 133 
29 133 102 76 135 
30 134 133 135 98 
31 43 117 136 137 
32 137 136 138 102 
33 114 141 139 140 
34 141 106 129 139 
35 139 129 83 142 
36 140 139 142 117 
37 129 149 147 148 
38 147 150 132 151 
39 148 147 151 83 
40 117 142 152 153 
41 142 83 144 152 
42 152 144 125 154 
43 153 152 154 136 
44 83 151 155 156 
45 151 132 157 155 
46 156 155 158 144 
47 12 161 159 160 
48 161 7 162 159 
49 159 162 13 25 
50 160 159 25 10 
51 25 165 163 164 
52 165 13 166 163 
53 163 166 26 41 
54 164 163 41 23 
55 41 169 167 168 
56 169 26 170 167 
57 167 170 42 57 
58 168 167 57 39 
59 39 173 171 172 
60 173 57 174 171 
61 171 174 55 81 
62 172 171 81 56 
63 81 177 175 176 
64 177 55 178 175 
65 175 178 82 107 
66 176 175 107 79 
67 79 181 179 180 
68 181 107 182 179 
69 179 182 105 130 
70 180 179 130 106 
71 106 185 183 184 
72 185 130 186 183 
73 184 183 149 129 
74 195 197 109 198 
75 150 195 198 132 
76 149 201 199 200 
77 201 128 202 199 
78 199 202 150 203 
79 200 199 203 147 
80 132 198 210 157 
81 198 109 211 210 
82 19 38 213 214 
83 38 21 215 213 
84 213 215 9 216 
85 214 213 216 22 
86 35 54 217 218 
87 54 37 219 217 
88 217 219 21 220 
89 218 217 220 38 
90 51 78 221 222 
91 78 53 223 221 
92 221 223 37 224 
93 222 221 224 54 
94 76 104 225 226 
95 104 75 227 225 
96 225 227 78 228 
97 226 225 228 51 
98 101 127 229 230 
99 127 103 231 229 
100 229 231 75 232 
101 230 229 232 104 
102 125 146 233 234 
103 146 124 235 233 
104 233 235 127 236 
105 234 233 236 101 
106 144 158 237 238 
107 237 239 146 240 
108 238 237 240 125 
109 155 243 241 242 
110 243 157 244 241 
111 241 244 143 245 
112 242 241 245 158 
113 130 247 246 186 
114 247 105 248 246 
115 249 251 195 252 
116 202 249 252 150 
117 186 255 253 254 
118 255 246 256 253 
119 253 256 196 250 
120 254 253 250 128 
121 128 259 257 258 
122 259 250 260 257 
123 257 260 249 261 
124 258 257 261 202 
125 262 263 124 264 
126 239 262 264 146 
127 157 266 265 244 
128 266 210 267 265 
129 143 268 269 270 
130 268 212 271 269 
131 269 271 262 272 
132 270 269 272 239 
133 244 275 273 274 
134 275 265 276 273 
135 273 276 268 277 
136 274 273 277 143 
137 278 280 194 281 
138 197 278 281 109 
139 283 131 284 282 
140 282 284 197 285 
141 251 282 285 195 
142 107 287 286 182 
143 287 82 288 286 
144 286 288 108 192 
145 182 286 192 105 
146 105 290 289 248 
147 290 192 291 289 
148 246 293 292 256 
149 293 248 294 292 
150 292 294 131 283 
151 256 292 283 196 
152 196 297 295 296 
153 297 283 298 295 
154 295 298 282 299 
155 296 295 299 251 
156 109 281 300 211 
157 281 194 301 300 
158 210 304 303 267 
159 304 211 305 303 
160 303 305 145 306 
161 124 209 307 235 
162 209 126 308 307 
163 307 308 103 309 
164 235 307 309 127 
165 310 311 209 312 
166 263 310 312 124 
167 212 306 313 271 
168 306 145 314 313 
169 313 314 263 315 
170 271 313 315 262 
171 267 318 316 317 
172 318 303 319 316 
173 316 319 306 320 
174 317 316 320 212 
175 131 322 321 284 
176 322 279 323 321 
177 321 323 278 324 
178 284 321 324 197 
179 211 326 325 305 
180 326 300 327 325 
181 325 327 302 328 
182 305 325 328 145 
183 192 334 333 291 
184 334 108 335 333 
185 289 339 337 338 
186 339 291 340 337 
187 337 340 191 341 
188 338 337 341 279 
189 345 347 126 348 
190 311 345 348 209 
191 302 351 349 350 
192 351 207 352 349 
193 349 352 311 353 
194 350 349 353 310 
195 354 355 59 356 
196 280 354 356 194 
197 291 358 357 340 
198 358 333 359 357 
199 357 359 336 360 
200 191 360 361 362 
201 360 336 363 361 
202 361 363 354 364 
203 362 361 364 280 
204 340 367 365 366 
205 367 357 368 365 
206 365 368 360 369 
207 366 365 369 191 
208 194 356 370 301 
209 356 59 371 370 
210 373 346 374 372 
211 372 374 345 375 
212 352 372 375 311 
213 301 378 376 377 
214 378 370 379 376 
215 376 379 346 373 
216 377 376 373 207 
217 207 382 380 381 
218 382 373 383 380 
219 380 383 372 384 
220 381 380 384 352 
221 57 386 385 174 
222 386 42 387 385 
223 385 387 58 89 
224 174 385 89 55 
225 55 389 388 178 
226 389 89 390 388 
227 388 390 88 188 
228 178 388 188 82 
229 82 392 391 288 
230 392 188 393 391 
231 391 393 187 330 
232 288 391 330 108 
233 108 395 394 335 
234 395 330 396 394 
235 333 399 398 359 
236 399 335 400 398 
237 359 398 401 336 
238 75 123 402 227 
239 123 77 403 402 
240 402 403 53 404 
241 227 402 404 78 
242 103 206 405 231 
243 206 121 406 405 
244 405 406 123 407 
245 231 405 407 75 
246 126 344 408 308 
247 344 204 409 408 
248 408 409 206 410 
249 308 408 410 103 
250 411 413 344 414 
251 347 411 414 126 
252 346 416 415 374 
253 415 417 347 418 
254 374 415 418 345 
255 419 420 332 421 
256 355 419 421 59 
257 335 423 422 400 
258 423 394 424 422 
259 336 401 426 363 
260 401 193 427 426 
261 426 427 355 428 
262 363 426 428 354 
263 398 431 429 430 
264 431 400 432 429 
265 429 432 193 433 
266 430 429 433 401 
267 59 421 434 371 
268 421 332 435 434 
269 370 437 436 379 
270 437 371 438 436 
271 436 438 208 416 
272 379 436 416 346 
273 439 441 411 442 
274 417 439 442 347 
275 416 445 443 444 
276 445 208 446 443 
277 443 446 417 447 
278 444 443 447 415 
279 88 453 452 189 
280 453 90 454 452 
281 452 454 5 455 
282 189 452 455 91 
283 187 457 456 331 
284 457 189 458 456 
285 456 458 91 459 
286 331 456 459 190 
287 330 461 460 396 
288 461 187 462 460 
289 460 462 331 463 
290 396 460 463 329 
291 394 465 464 424 
292 465 396 466 464 
293 464 466 329 467 
294 424 464 467 397 
295 193 425 468 427 
296 425 397 469 468 
297 468 469 419 470 
298 427 468 470 355 
299 422 473 471 472 
300 473 424 474 471 
301 471 474 397 475 
302 472 471 475 425 
303 371 477 476 438 
304 477 434 478 476 
305 476 478 412 440 
306 438 476 440 208 
307 91 455 482 205 
308 455 5 483 482 
309 482 483 122 484 
310 205 482 484 121 
311 190 459 485 343 
312 459 91 486 485 
313 485 486 205 487 
314 343 485 487 204 
315 342 489 488 413 
316 489 343 490 488 
317 488 490 204 491 
318 413 488 491 344 
319 412 493 492 441 
320 493 342 494 492 
321 492 494 413 495 
322 441 492 495 411 
323 440 498 496 497 
324 498 412 499 496 
325 496 499 441 500 
326 497 496 500 439 
327 454 510 508 509 
328 508 511 504 512 
329 509 508 512 5 
330 5 512 513 514 
331 512 504 515 513 
332 514 513 516 483 
333 7 518 517 162 
334 518 16 519 517 
335 517 519 15 32 
336 162 517 32 13 
337 13 521 520 166 
338 521 32 522 520 
339 520 522 31 48 
340 166 520 48 26 
341 26 524 523 170 
342 524 48 525 523 
343 523 525 47 85 
344 170 523 85 42 
345 42 527 526 387 
346 527 85 528 526 
347 526 528 84 449 
348 387 526 449 58 
349 58 531 529 530 
350 531 449 532 529 
351 529 532 448 502 
352 530 529 502 90 
353 90 535 533 534 
354 535 502 536 533 
355 533 536 501 510 
356 534 533 510 454 
357 538 17 539 537 
358 537 539 8 540 
359 448 554 553 503 
360 554 450 555 553 
361 553 555 87 556 
362 503 553 556 451 
363 501 558 557 511 
364 558 503 559 557 
365 557 559 451 560 
366 511 557 560 504 
367 510 563 561 562 
368 563 501 564 561 
369 561 564 511 565 
370 562 561 565 508 
371 540 8 567 566 
372 566 567 29 568 
373 451 556 578 506 
374 556 87 579 578 
375 578 579 480 580 
376 506 578 580 479 
377 504 560 581 515 
378 560 451 582 581 
379 581 582 506 583 
380 515 581 583 505 
381 21 46 584 215 
382 46 28 585 584 
383 584 585 30 586 
384 215 584 586 9 
385 37 74 587 219 
386 74 44 588 587 
387 587 588 46 589 
388 219 587 589 21 
389 53 120 590 223 
390 120 72 591 590 
391 590 591 74 592 
392 223 590 592 37 
393 77 481 593 403 
394 481 118 594 593 
395 593 594 120 595 
396 403 593 595 53 
397 122 507 596 597 
398 507 479 598 596 
399 596 598 481 599 
400 597 596 599 77 
401 483 516 600 601 
402 516 505 602 600 
403 600 602 507 603 
404 601 600 603 122 
405 513 606 604 605 
406 606 515 607 604 
407 604 607 505 608 
408 605 604 608 516 
409 555 618 616 617 
410 617 616 620 87 
411 87 620 621 622 
412 622 621 624 579 
413 85 626 625 528 
414 626 47 627 625 
415 625 627 86 550 
416 528 625 550 84 
417 84 630 628 629 
418 630 550 631 628 
419 628 631 549 610 
420 629 628 610 450 
421 450 634 632 633 
422 634 610 635 632 
423 632 635 609 618 
424 633 632 618 555 
425 641 551 642 640 
426 640 642 50 643 
427 618 650 648 649 
428 650 609 651 648 
429 649 648 652 616 
430 643 50 657 656 
431 656 657 576 658 
432 118 577 662 594 
433 577 119 663 662 
434 662 663 72 664 
435 594 662 664 120 
436 480 615 665 666 
437 615 575 667 665 
438 665 667 577 668 
439 666 665 668 118 
440 579 624 669 670 
441 624 613 671 669 
442 669 671 615 672 
443 670 669 672 480 
444 621 675 673 674 
445 673 676 613 677 
446 674 673 677 624 
447 610 679 678 635 
448 679 549 680 678 
449 678 680 611 645 
450 635 678 645 609 
451 609 682 681 651 
452 682 645 683 681 
453 616 652 685 686 
454 685 687 612 688 
455 686 685 688 620 
456 648 691 689 690 
457 691 651 692 689 
458 690 689 693 652 
459 620 688 694 695 
460 688 612 696 694 
461 695 694 675 621 
462 613 661 697 671 
463 661 614 698 697 
464 697 698 575 699 
465 671 697 699 615 
466 700 702 661 703 
467 676 700 703 613 
468 675 706 704 705 
469 704 707 676 708 
470 705 704 708 673 
471 709 710 647 711 
472 687 709 711 612 
473 651 713 712 692 
474 713 681 714 712 
475 652 693 716 717 
476 693 619 718 716 
477 716 718 687 719 
478 717 716 719 685 
479 689 722 720 721 
480 722 692 723 720 
481 720 723 619 724 
482 721 720 724 693 
483 612 711 725 696 
484 711 647 726 725 
485 694 729 727 728 
486 729 696 730 727 
487 727 730 623 706 
488 728 727 706 675 
489 731 733 700 734 
490 707 731 734 676 
491 706 737 735 736 
492 737 623 738 735 
493 735 738 707 739 
494 736 735 739 704 
495 619 715 740 718 
496 715 684 741 740 
497 740 741 709 742 
498 718 740 742 687 
499 692 744 743 723 
500 744 712 745 743 
501 743 745 715 746 
502 723 743 746 619 
503 696 748 747 730 
504 748 725 749 747 
505 747 749 701 732 
506 730 747 732 623 
507 623 751 750 738 
508 751 732 752 750 
509 750 752 731 753 
510 738 750 753 707 
511 755 640 756 754 
512 754 756 643 757 
513 645 759 758 683 
514 759 611 760 758 
515 681 763 762 714 
516 763 683 764 762 
517 762 764 644 765 
518 712 767 766 745 
519 767 714 768 766 
520 766 768 684 769 
521 745 766 769 715 
522 757 643 771 770 
523 770 771 656 772 
524 773 775 614 776 
525 702 773 776 661 
526 778 659 779 777 
527 777 779 702 780 
528 733 777 780 700 
529 732 782 781 752 
530 782 701 783 781 
531 781 783 733 784 
532 752 781 784 731 
533 785 786 552 787 
534 710 785 787 647 
535 684 765 788 741 
536 765 644 789 788 
537 788 789 710 790 
538 741 788 790 709 
539 714 792 791 768 
540 792 762 793 791 
541 791 793 765 794 
542 768 791 794 684 
543 647 787 795 726 
544 787 552 796 795 
545 725 798 797 749 
546 798 726 799 797 
547 797 799 659 778 
548 749 797 778 701 
549 701 801 800 783 
550 801 778 802 800 
551 800 802 777 803 
552 783 800 803 733 
553 804 806 785 807 
554 789 804 807 710 
555 683 809 808 764 
556 809 758 810 808 
557 808 810 761 805 
558 764 808 805 644 
559 644 813 811 812 
560 813 805 814 811 
561 811 814 804 815 
562 812 811 815 789 
563 726 817 816 799 
564 817 795 818 816 
565 659 819 820 779 
566 819 774 821 820 
567 820 821 773 822 
568 779 820 822 702 
569 799 825 823 824 
570 825 816 826 823 
571 823 826 819 827 
572 824 823 827 659 
573 646 829 828 786 
574 829 754 830 828 
575 828 830 757 831 
576 786 828 831 552 
577 761 833 832 806 
578 833 646 834 832 
579 832 834 786 835 
580 806 832 835 785 
581 805 837 836 814 
582 837 761 838 836 
583 836 838 806 839 
584 814 836 839 804 
585 552 831 840 796 
586 831 757 841 840 
587 840 841 770 842 
588 796 840 842 660 
589 795 844 843 818 
590 844 796 845 843 
591 843 845 660 846 
592 818 843 846 774 
593 816 848 847 826 
594 848 818 849 847 
595 847 849 774 850 
596 826 847 850 819 
597 638 867 865 866 
598 867 855 868 865 
599 636 872 870 871 
600 872 638 866 870 
601 874 876 862 877 
602 875 874 877 654 
603 866 880 878 879 
604 880 865 881 878 
605 878 881 869 882 
606 879 878 882 548 
607 855 888 887 868 
608 888 857 889 887 
609 865 892 891 881 
610 892 868 893 891 
611 891 893 858 894 
612 898 899 863 900 
613 876 898 900 862 
614 869 894 901 902 
615 894 858 903 901 
616 901 903 876 904 
617 902 901 904 874 
618 881 907 905 906 
619 907 891 908 905 
620 905 908 894 909 
621 906 905 909 869 
622 857 911 910 889 
623 33 915 914 543 
624 915 537 916 914 
625 914 916 540 917 
626 543 914 917 18 
627 919 543 920 918 
628 918 920 18 921 
629 930 931 895 932 
630 899 930 932 863 
631 910 935 933 934 
632 935 912 936 933 
633 933 936 886 937 
634 934 933 937 913 
635 18 917 938 570 
636 917 540 939 938 
637 938 939 566 940 
638 570 938 940 45 
639 921 18 942 941 
640 941 942 570 943 
641 912 951 950 936 
642 951 926 952 950 
643 950 952 929 953 
644 936 950 953 886 
645 959 918 960 958 
646 958 960 921 961 
647 954 971 969 970 
648 971 956 972 969 
649 969 972 925 973 
650 970 969 973 957 
651 551 975 974 642 
652 975 636 871 974 
653 974 871 639 976 
654 642 974 976 50 
655 977 875 654 979 
656 978 977 979 653 
657 871 982 980 981 
658 982 870 983 980 
659 980 983 873 984 
660 981 980 984 639 
661 887 987 985 986 
662 987 889 988 985 
663 985 988 34 989 
664 986 985 989 890 
665 889 991 990 988 
666 991 910 934 990 
667 990 934 913 992 
668 988 990 992 34 
669 926 994 993 952 
670 994 928 995 993 
671 993 995 854 996 
672 952 993 996 929 
673 32 998 997 522 
674 998 15 999 997 
675 997 999 33 542 
676 522 997 542 31 
677 31 1002 1000 1001 
678 1002 542 1003 1000 
679 1000 1003 541 852 
680 1001 1000 852 49 
681 852 1006 1004 1005 
682 1006 541 1007 1004 
683 1004 1007 853 923 
684 1005 1004 923 851 
685 923 1010 1008 1009 
686 1010 853 1011 1008 
687 1008 1011 924 963 
688 1009 1008 963 922 
689 961 921 1013 1012 
690 1012 1013 941 1014 
691 1016 958 1017 1015 
692 1015 1017 961 1018 
693 963 1021 1019 1020 
694 1021 924 1022 1019 
695 1019 1022 964 1023 
696 922 1026 1024 1025 
697 1026 963 1020 1024 
698 1024 1020 962 1027 
699 1025 1024 1027 956 
700 962 1023 1031 1032 
701 1023 964 1033 1031 
702 1031 1033 544 1034 
703 1032 1031 1034 965 
704 1020 1037 1035 1036 
705 1037 1019 1038 1035 
706 1035 1038 1023 1039 
707 1036 1035 1039 962 
708 851 1042 1040 1041 
709 1042 923 1009 1040 
710 1040 1009 922 955 
711 1041 1040 955 885 
712 955 1045 1043 1044 
713 1045 922 1025 1043 
714 1043 1025 956 971 
715 1044 1043 971 954 
716 885 1048 1046 1047 
717 1048 955 1044 1046 
718 1046 1044 954 1049 
719 1047 1046 1049 928 
720 886 953 1050 1051 
721 953 929 1052 1050 
722 1050 1052 947 1053 
723 1051 1050 1053 931 
724 957 973 1054 1055 
725 973 925 1056 1054 
726 1054 1056 967 1057 
727 1055 1054 1057 966 
728 1018 961 1059 1058 
729 1058 1059 1012 1060 
730 44 571 1061 588 
731 571 45 1062 1061 
732 1061 1062 28 1063 
733 588 1061 1063 46 
734 73 861 1064 1065 
735 861 569 1066 1064 
736 1064 1066 571 1067 
737 1065 1064 1067 44 
738 859 946 1068 1069 
739 946 860 1070 1068 
740 1068 1070 569 1071 
741 1069 1068 1071 861 
742 944 1030 1072 1073 
743 1030 945 1074 1072 
744 1072 1074 860 1075 
745 1073 1072 1075 946 
746 1028 1078 1076 1077 
747 1076 1079 945 1080 
748 1077 1076 1080 1030 
749 965 1034 1081 1082 
750 1034 544 1083 1081 
751 1081 1083 1029 1078 
752 1082 1081 1078 1028 
753 569 943 1084 1066 
754 943 570 1085 1084 
755 1084 1085 45 1086 
756 1066 1084 1086 571 
757 860 1014 1087 1070 
758 1014 941 1088 1087 
759 1087 1088 943 1089 
760 1070 1087 1089 569 
761 945 1060 1090 1074 
762 1060 1012 1091 1090 
763 1090 1091 1014 1092 
764 1074 1090 1092 860 
765 1029 1094 1093 1079 
766 1094 1058 1095 1093 
767 1093 1095 1060 1096 
768 1079 1093 1096 945 
769 1078 1099 1097 1098 
770 1099 1029 1100 1097 
771 1097 1100 1079 1101 
772 1098 1097 1101 1076 
773 1 1104 1102 1103 
774 1104 12 160 1102 
775 1102 160 10 62 
776 1103 1102 62 11 
777 16 1106 1105 519 
778 1106 2 1107 1105 
779 1105 1107 17 538 
780 519 1105 538 15 
781 20 94 1108 1109 
782 94 19 214 1108 
783 1108 214 22 1110 
784 1109 1108 1110 4 
785 10 1113 1111 1112 
786 1113 25 164 1111 
787 1111 164 23 66 
788 1112 1111 66 24 
789 28 568 1114 585 
790 568 29 1115 1114 
791 1114 1115 3 1116 
792 585 1114 1116 30 
793 36 97 1117 1118 
794 97 35 218 1117 
795 1117 218 38 1119 
796 1118 1117 1119 19 
797 23 1122 1120 1121 
798 1122 41 168 1120 
799 1120 168 39 70 
800 1121 1120 70 40 
801 48 1124 1123 525 
802 1124 31 1001 1123 
803 1123 1001 49 546 
804 525 1123 546 47 
805 52 100 1125 1126 
806 100 51 222 1125 
807 1125 222 54 1127 
808 1126 1125 1127 35 
809 70 1130 1128 1129 
810 1130 39 172 1128 
811 1128 172 56 112 
812 1129 1128 112 68 
813 72 574 1131 591 
814 574 73 1065 1131 
815 1131 1065 44 1132 
816 591 1131 1132 74 
817 56 1135 1133 1134 
818 1135 81 176 1133 
819 1133 176 79 116 
820 1134 1133 116 80 
821 89 1137 1136 390 
822 1137 58 530 1136 
823 1136 530 90 453 
824 390 1136 453 88 
825 98 135 1138 1139 
826 135 76 226 1138 
827 1138 226 51 1140 
828 1139 1138 1140 100 
829 102 138 1141 1142 
830 138 101 230 1141 
831 1141 230 104 1143 
832 1142 1141 1143 76 
833 116 1146 1144 1145 
834 1146 79 180 1144 
835 1144 180 106 141 
836 1145 1144 141 114 
837 121 484 1147 406 
838 484 122 597 1147 
839 1147 597 77 1148 
840 406 1147 1148 123 
841 136 154 1149 1150 
842 154 125 234 1149 
843 1149 234 101 1151 
844 1150 1149 1151 138 
845 183 1154 1152 1153 
846 1154 186 254 1152 
847 1152 254 128 201 
848 1153 1152 201 149 
849 188 1156 1155 393 
850 1156 88 1157 1155 
851 1155 1157 189 457 
852 393 1155 457 187 
853 204 487 1158 409 
854 487 205 1159 1158 
855 1158 1159 121 1160 
856 409 1158 1160 206 
857 158 245 1161 1162 
858 245 143 270 1161 
859 1161 270 239 1163 
860 1162 1161 1163 237 
861 250 1165 1164 260 
862 1165 196 296 1164 
863 1164 296 251 1166 
864 260 1164 1166 249 
865 265 1168 1167 276 
866 1168 267 317 1167 
867 1167 317 212 1169 
868 276 1167 1169 268 
869 279 341 1170 323 
870 341 191 362 1170 
871 1170 362 280 1171 
872 323 1170 1171 278 
873 248 1173 1172 294 
874 1173 289 338 1172 
875 1172 338 279 322 
876 294 1172 322 131 
877 300 1175 1174 327 
878 1175 301 377 1174 
879 1174 377 207 351 
880 327 1174 351 302 
881 145 328 1176 314 
882 328 302 350 1176 
883 1176 350 310 1177 
884 314 1176 1177 263 
885 329 463 1178 420 
886 463 331 1179 1178 
887 1178 1179 190 1180 
888 420 1178 1180 332 
889 332 1180 1181 435 
890 1180 190 1182 1181 
891 1181 1182 343 489 
892 435 1181 489 342 
893 397 467 1183 469 
894 467 329 1184 1183 
895 1183 1184 420 1185 
896 469 1183 1185 419 
897 400 1187 1186 432 
898 1187 422 472 1186 
899 1186 472 425 1188 
900 432 1186 1188 193 
901 434 1190 1189 478 
902 1190 435 1191 1189 
903 1189 1191 342 493 
904 478 1189 493 412 
905 208 1193 1192 446 
906 1193 440 497 1192 
907 1192 497 439 1194 
908 446 1192 1194 417 
909 449 1196 1195 532 
910 1196 84 629 1195 
911 1195 629 450 554 
912 532 1195 554 448 
913 479 580 1197 598 
914 580 480 666 1197 
915 1197 666 118 1198 
916 598 1197 1198 481 
917 502 1200 1199 536 
918 1200 448 1201 1199 
919 1199 1201 503 558 
920 536 1199 558 501 
921 505 583 1202 602 
922 583 506 1203 1202 
923 1202 1203 479 1204 
924 602 1202 1204 507 
925 15 1206 1205 999 
926 1206 538 1207 1205 
927 1205 1207 537 915 
928 999 1205 915 33 
929 542 1209 1208 1003 
930 1209 33 1210 1208 
931 1208 1210 543 919 
932 1003 1208 919 541 
933 47 1212 1211 627 
934 1212 546 1213 1211 
935 1211 1213 545 637 
936 627 1211 637 86 
937 546 1215 1214 1213 
938 1215 49 1216 1214 
939 1214 1216 547 856 
940 1213 1214 856 545 
941 550 1218 1217 631 
942 1218 86 1219 1217 
943 1217 1219 551 641 
944 631 1217 641 549 
945 45 940 1220 1062 
946 940 566 1221 1220 
947 1220 1221 568 1222 
948 1062 1220 1222 28 
949 119 655 1223 663 
950 655 572 1224 1223 
951 1223 1224 574 1225 
952 663 1223 1225 72 
953 575 658 1226 667 
954 658 576 1227 1226 
955 1226 1227 119 1228 
956 667 1226 1228 577 
957 86 1230 1229 1219 
958 1230 637 1231 1229 
959 1229 1231 636 975 
960 1219 1229 975 551 
961 637 1233 1232 1231 
962 1233 545 1234 1232 
963 1232 1234 638 872 
964 1231 1232 872 636 
965 549 1236 1235 680 
966 1236 641 1237 1235 
967 1235 1237 640 755 
968 680 1235 755 611 
969 50 976 1238 657 
970 976 639 978 1238 
971 1238 978 653 1239 
972 657 1238 1239 576 
973 576 1239 1240 1227 
974 1239 653 1241 1240 
975 1240 1241 655 1242 
976 1227 1240 1242 119 
977 614 772 1243 698 
978 772 656 1244 1243 
979 1243 1244 658 1245 
980 698 1243 1245 575 
981 611 1247 1246 760 
982 1247 755 1248 1246 
983 1246 1248 754 829 
984 760 1246 829 646 
985 758 1250 1249 810 
986 1250 760 1251 1249 
987 1249 1251 646 833 
988 810 1249 833 761 
989 660 842 1252 775 
990 842 770 1253 1252 
991 1252 1253 772 1254 
992 775 1252 1254 614 
993 774 846 1255 821 
994 846 660 1256 1255 
995 1255 1256 775 1257 
996 821 1255 1257 773 
997 49 1259 1258 1216 
998 1259 852 1005 1258 
999 1258 1005 851 884 
1000 1216 1258 884 547 
1001 545 1261 1260 1234 
1002 1261 856 1262 1260 
1003 1260 1262 855 867 
1004 1234 1260 867 638 
1005 856 1264 1263 1262 
1006 1264 547 1265 1263 
1007 1263 1265 857 888 
1008 1262 1263 888 855 
1009 573 897 1266 1267 
1010 897 859 1069 1266 
1011 1266 1069 861 1268 
1012 1267 1266 1268 73 
1013 870 1270 1269 983 
1014 1270 866 879 1269 
1015 1269 879 548 1271 
1016 983 1269 1271 873 
1017 548 882 1272 1273 
1018 882 869 902 1272 
1019 1272 902 874 1274 
1020 1273 1272 1274 875 
1021 547 1276 1275 1265 
1022 1276 884 1277 1275 
1023 1275 1277 883 911 
1024 1265 1275 911 857 
1025 884 1279 1278 1277 
1026 1279 851 1041 1278 
1027 1278 1041 885 927 
1028 1277 1278 927 883 
1029 868 1281 1280 893 
1030 1281 887 986 1280 
1031 1280 986 890 1282 
1032 893 1280 1282 858 
1033 858 1282 1283 903 
1034 1282 890 1284 1283 
1035 1283 1284 898 1285 
1036 903 1283 1285 876 
1037 890 989 1286 1284 
1038 989 34 1287 1286 
1039 1286 1287 899 1288 
1040 1284 1286 1288 898 
1041 541 1290 1289 1007 
1042 1290 919 1291 1289 
1043 1289 1291 918 959 
1044 1007 1289 959 853 
1045 927 1294 1292 1293 
1046 1294 885 1047 1292 
1047 1292 1047 928 994 
1048 1293 1292 994 926 
1049 34 992 1295 1287 
1050 992 913 1296 1295 
1051 1295 1296 930 1297 
1052 1287 1295 1297 899 
1053 913 937 1298 1296 
1054 937 886 1051 1298 
1055 1298 1051 931 1299 
1056 1296 1298 1299 930 
1057 896 968 1300 1301 
1058 968 944 1073 1300 
1059 1300 1073 946 1302 
1060 1301 1300 1302 859 
1061 929 996 1303 1052 
1062 996 854 1304 1303 
1063 1303 1304 948 1305 
1064 1052 1303 1305 947 
1065 928 1049 1306 995 
1066 1049 954 970 1306 
1067 1306 970 957 1307 
1068 995 1306 1307 854 
1069 853 1309 1308 1011 
1070 1309 959 1310 1308 
1071 1308 1310 958 1016 
1072 1011 1308 1016 924 
1073 956 1027 1311 972 
1074 1027 962 1032 1311 
1075 1311 1032 965 1312 
1076 972 1311 1312 925 
1077 854 1307 1313 1304 
1078 1307 957 1055 1313 
1079 1313 1055 966 1314 
1080 1304 1313 1314 948 
1081 873 1271 1315 1316 
1082 1271 548 1273 1315 
1083 1315 1273 875 1317 
1084 1316 1315 1317 977 
1085 925 1312 1318 1056 
1086 1312 965 1082 1318 
1087 1318 1082 1028 1319 
1088 1056 1318 1319 967 
1089 967 1319 1320 1321 
1090 1319 1028 1077 1320 
1091 1320 1077 1030 1322 
1092 1321 1320 1322 944 
1093 544 1324 1323 1083 
1094 1324 1018 1325 1323 
1095 1323 1325 1058 1094 
1096 1083 1323 1094 1029 
1097 572 864 1326 1224 
1098 864 573 1267 1326 
1099 1326 1267 73 1327 
1100 1224 1326 1327 574 
1101 653 979 1328 1241 
1102 979 654 1329 1328 
1103 1328 1329 572 1330 
1104 1241 1328 1330 655 
1105 654 877 1331 1329 
1106 877 862 1332 1331 
1107 1331 1332 864 1333 
1108 1329 1331 1333 572 
1109 895 949 1334 1335 
1110 949 896 1301 1334 
1111 1334 1301 859 1336 
1112 1335 1334 1336 897 
1113 863 932 1337 1338 
1114 932 895 1335 1337 
1115 1337 1335 897 1339 
1116 1338 1337 1339 573 
1117 883 1342 1340 1341 
1118 1342 927 1293 1340 
1119 1340 1293 926 951 
1120 1341 1340 951 912 
1121 966 1057 1343 1344 
1122 1057 967 1321 1343 
1123 1343 1321 944 1345 
1124 1344 1343 1345 968 
1125 948 1314 1346 1347 
1126 1314 966 1344 1346 
1127 1346 1344 968 1348 
1128 1347 1346 1348 896 
1129 639 984 1349 1350 
1130 984 873 1316 1349 
1131 1349 1316 977 1351 
1132 1350 1349 1351 978 
1133 964 1353 1352 1033 
1134 1353 1015 1354 1352 
1135 1352 1354 1018 1324 
1136 1033 1352 1324 544 
1137 862 900 1355 1332 
1138 900 863 1338 1355 
1139 1355 1338 573 1356 
1140 1332 1355 1356 864 
1141 911 1359 1357 1358 
1142 1359 883 1341 1357 
1143 1357 1341 912 935 
1144 1358 1357 935 910 
1145 947 1305 1360 1361 
1146 1305 948 1347 1360 
1147 1360 1347 896 1362 
1148 1361 1360 1362 949 
1149 931 1053 1363 1364 
1150 1053 947 1361 1363 
1151 1363 1361 949 1365 
1152 1364 1363 1365 895 
1153 924 1367 1366 1022 
1154 1367 1016 1368 1366 
1155 1366 1368 1015 1353 
1156 1022 1366 1353 964 
