2 0.000000 100.000000 262.180540
1401 1183 
1 -11.368037 0.000000 -11.629704 99.756012 -6.980891 0.000409 0.000001 
2 13.641644 0.000000 -11.629704 99.753033 -7.023059 -0.003790 0.000001 
3 13.641644 0.000000 11.629704 99.759432 -6.932489 -0.003202 -0.000000 
4 -11.368037 0.000000 11.629704 99.756798 -6.970677 0.000411 -0.000001 
5 1.136804 0.000000 0.000000 101.509039 -6.555290 0.693921 -0.034754 
6 -11.368037 0.000000 0.000000 99.756390 -6.975793 0.000599 0.000000 
7 1.136804 0.000000 -11.629704 99.754618 -6.999856 -0.000043 0.000002 
8 13.641644 0.000000 0.000000 99.793628 -6.442266 -0.661440 -0.000071 
9 1.136804 0.000000 11.629704 99.758136 -6.953568 -0.000066 -0.000004 
10 -5.115617 0.000000 -5.814852 99.755587 -6.985298 0.000718 0.000003 
11 -11.368037 0.000000 -5.814852 99.756140 -6.979029 0.000530 0.000001 
12 -5.115617 0.000000 -11.629704 99.755571 -6.986690 0.000417 0.000001 
13 1.136804 0.000000 -5.814852 99.753004 -7.021374 -0.000254 0.000004 
14 -5.115617 0.000000 0.000000 99.756190 -6.976306 0.001149 0.000003 
15 7.389224 0.000000 -5.814852 99.749381 -7.072674 -0.008081 0.000004 
16 7.389224 0.000000 -11.629704 99.753539 -7.015272 -0.001620 0.000002 
17 13.641644 0.000000 -5.814852 99.748912 -7.081674 -0.017366 0.000000 
18 7.389224 0.000000 0.000000 99.916555 -4.679180 -0.805897 -0.000586 
19 -5.115617 0.000000 5.814852 99.757161 -6.967095 0.000829 -0.000003 
20 -11.368037 0.000000 5.814852 99.756655 -6.972557 0.000540 -0.000001 
21 1.136804 0.000000 5.814852 99.759915 -6.940654 -0.000416 -0.000021 
22 -5.115617 0.000000 11.629704 99.757242 -6.965352 0.000424 -0.000002 
23 -1.989406 0.000000 -2.907426 99.753358 -6.991304 0.001725 0.000039 
24 -5.115617 0.000000 -2.907426 99.755748 -6.981883 0.000940 0.000004 
25 -1.989406 0.000000 -5.814852 99.754772 -6.995620 0.000587 0.000005 
26 1.136804 0.000000 -2.907426 99.752637 -7.064457 -0.001047 -0.000050 
27 -1.989406 0.000000 0.000000 99.753295 -6.979859 0.002668 0.000056 
28 7.389224 0.000000 5.814852 99.762001 -6.895550 -0.006030 -0.000001 
29 13.641644 0.000000 5.814852 99.762598 -6.886719 -0.012486 -0.000000 
30 7.389224 0.000000 11.629704 99.758985 -6.939731 -0.001428 -0.000001 
31 4.263014 0.000000 -2.907426 99.741992 -7.171969 -0.015762 0.000010 
32 4.263014 0.000000 -5.814852 99.750607 -7.053682 -0.003339 0.000006 
33 7.389224 0.000000 -2.907426 99.740111 -7.203012 -0.038883 0.000003 
34 4.263014 0.000000 0.000000 99.820023 -6.004718 -4.210208 -0.001782 
35 -1.989406 0.000000 2.907426 99.758554 -6.963044 0.003035 -0.000025 
36 -5.115617 0.000000 2.907426 99.756799 -6.970661 0.001094 -0.000001 
37 1.136804 0.000000 2.907426 99.765828 -6.925853 -0.002453 -0.000119 
38 -1.989406 0.000000 5.814852 99.758108 -6.958533 0.000860 -0.000010 
39 -0.426301 0.000000 -1.453713 99.746385 -7.032629 -0.012627 0.000120 
40 -1.989406 0.000000 -1.453713 99.752795 -6.988813 0.001716 0.000054 
41 -0.426301 0.000000 -2.907426 99.750341 -6.997110 -0.000521 0.000091 
42 1.136804 0.000000 -1.453713 99.745545 -7.127269 -0.008731 0.000003 
43 -0.426301 0.000000 0.000000 99.972972 -7.097367 0.015904 -0.004497 
44 4.263014 0.000000 2.907426 99.764383 -6.836287 -0.011003 0.000033 
45 7.389224 0.000000 2.907426 99.767316 -6.816684 -0.021216 0.000002 
46 4.263014 0.000000 5.814852 99.761121 -6.912678 -0.003003 -0.000007 
47 2.699909 0.000000 -1.453713 99.722539 -7.395367 -0.023524 0.000072 
48 2.699909 0.000000 -2.907426 99.747529 -7.119706 -0.004526 -0.000026 
49 4.263014 0.000000 -1.453713 99.718138 -7.477356 -0.084002 0.000038 
50 2.699909 0.000000 0.000000 99.999183 -5.234518 -0.465604 -0.002745 
51 -0.426301 0.000000 1.453713 99.750063 -6.965253 0.012869 0.000141 
52 -1.989406 0.000000 1.453713 99.756312 -6.978265 0.003301 -0.000002 
53 1.136804 0.000000 1.453713 99.762892 -6.968596 -0.010100 -0.000120 
54 -0.426301 0.000000 2.907426 99.757991 -6.964469 0.001428 -0.000016 
55 0.355251 0.000000 -0.726857 99.788284 -7.099428 -0.130621 -0.000812 
56 -0.426301 0.000000 -0.726857 99.710312 -7.036365 0.013568 0.000834 
57 0.355251 0.000000 -1.453713 99.760203 -7.044672 -0.019167 -0.000173 
58 1.136804 0.000000 -0.726857 99.757877 -7.210760 -0.025648 -0.000363 
59 0.355251 0.000000 0.000000 69.029867 -0.038649 -0.003255 0.523488 
60 -8.241827 0.000000 -2.907426 99.756122 -6.978796 0.000730 0.000001 
61 -11.368037 0.000000 -2.907426 99.756252 -6.977531 0.000577 0.000000 
62 -8.241827 0.000000 -5.814852 99.755964 -6.981041 0.000631 0.000001 
63 -8.241827 0.000000 0.000000 99.756354 -6.975917 0.000786 0.000001 
64 -3.552511 0.000000 -1.453713 99.755161 -6.980637 0.002093 0.000018 
65 -5.115617 0.000000 -1.453713 99.755926 -6.979283 0.001061 0.000004 
66 -3.552511 0.000000 -2.907426 99.755259 -6.985396 0.001021 0.000009 
67 -3.552511 0.000000 0.000000 99.755848 -6.976096 0.002440 0.000010 
68 -1.207854 0.000000 -0.726857 99.748127 -6.996928 0.006991 0.000135 
69 -1.989406 0.000000 -0.726857 99.753543 -6.981158 -0.000786 0.000049 
70 -1.207854 0.000000 -1.453713 99.749409 -6.994594 -0.000994 0.000113 
71 -1.207854 0.000000 0.000000 99.751162 -6.985586 0.001195 0.000091 
72 2.699909 0.000000 1.453713 99.762866 -6.795403 -0.033301 0.000119 
73 4.263014 0.000000 1.453713 99.770277 -6.723592 -0.032289 0.000068 
74 2.699909 0.000000 2.907426 99.760307 -6.875674 -0.006517 0.000061 
75 0.355251 0.000000 0.726857 99.835326 -7.079426 0.126214 -0.001723 
76 -0.426301 0.000000 0.726857 99.727685 -6.999152 0.004826 0.000540 
77 1.136804 0.000000 0.726857 99.857119 -7.084391 -0.055145 -0.002164 
78 0.355251 0.000000 1.453713 99.776825 -6.971820 0.016182 -0.000402 
79 -0.035525 0.000000 -0.363428 99.151848 -7.201444 0.068295 0.011705 
80 -0.426301 0.000000 -0.363428 99.782677 -7.027504 0.059846 -0.000597 
81 -0.035525 0.000000 -0.726857 99.654616 -7.040114 -0.065878 0.001939 
82 0.355251 0.000000 -0.363428 100.402821 -7.478408 -0.623338 -0.013704 
83 -0.035525 0.000000 0.000000 166.454979 -7.448135 -0.025853 -1.776274 
84 1.918356 0.000000 -0.726857 99.723172 -7.615760 0.016934 -0.000271 
85 1.918356 0.000000 -1.453713 99.746907 -7.271024 0.004064 -0.000231 
86 2.699909 0.000000 -0.726857 99.638485 -8.093945 -0.138761 0.000664 
87 1.918356 0.000000 0.000000 101.639458 -8.703411 -0.990609 -0.040731 
88 0.746027 0.000000 -0.363428 99.723101 -7.575628 0.089931 -0.000210 
89 0.746027 0.000000 -0.726857 99.739296 -7.149155 0.007645 0.000096 
90 1.136804 0.000000 -0.363428 99.705091 -7.662598 -0.145335 0.000016 
91 0.746027 0.000000 0.000000 101.943980 -6.553459 -0.020453 -0.043552 
92 -8.241827 0.000000 2.907426 99.756610 -6.973035 0.000760 -0.000000 
93 -11.368037 0.000000 2.907426 99.756532 -6.974055 0.000585 -0.000000 
94 -8.241827 0.000000 5.814852 99.756810 -6.970773 0.000664 -0.000001 
95 -3.552511 0.000000 1.453713 99.756715 -6.971645 0.002412 -0.000001 
96 -5.115617 0.000000 1.453713 99.756504 -6.973311 0.001163 0.000001 
97 -3.552511 0.000000 2.907426 99.757047 -6.968127 0.001427 -0.000002 
98 -1.207854 0.000000 0.726857 99.752895 -6.972687 0.005138 0.000074 
99 -1.989406 0.000000 0.726857 99.756575 -6.974094 0.010598 -0.000001 
100 -1.207854 0.000000 1.453713 99.754009 -6.969518 0.004795 0.000056 
101 -0.035525 0.000000 0.363428 99.133476 -7.206955 -0.076045 0.012061 
102 -0.426301 0.000000 0.363428 99.759142 -7.025736 -0.089220 -0.000126 
103 0.355251 0.000000 0.363428 100.436491 -7.461521 0.629407 -0.014356 
104 -0.035525 0.000000 0.726857 99.688430 -7.031422 0.079774 0.001277 
105 0.159863 0.000000 -0.181714 98.330931 -8.526380 -4.896142 0.023436 
106 -0.035525 0.000000 -0.181714 97.601538 -7.294384 2.986977 0.041181 
107 0.159863 0.000000 -0.363428 99.318593 -7.299938 -0.859366 0.008179 
108 0.355251 0.000000 -0.181714 101.859407 -9.009277 -1.507992 -0.045878 
109 0.159863 0.000000 0.000000 117.078148 0.020682 0.033795 -0.370729 
110 -0.817078 0.000000 -0.363428 99.752184 -7.012217 0.013184 0.000033 
111 -1.207854 0.000000 -0.363428 99.749687 -6.988557 0.001388 0.000116 
112 -0.817078 0.000000 -0.726857 99.742852 -6.997270 0.003364 0.000240 
113 -0.817078 0.000000 0.000000 99.763929 -7.009850 0.008234 -0.000198 
114 -0.230913 0.000000 -0.181714 100.344683 -7.133230 0.400115 -0.012010 
115 -0.426301 0.000000 -0.181714 99.897544 -7.096356 0.076654 -0.002988 
116 -0.230913 0.000000 -0.363428 99.579080 -7.066095 0.301361 0.003399 
117 -0.230913 0.000000 0.000000 101.221400 -7.203023 -0.027430 -0.029766 
118 1.918356 0.000000 0.726857 99.805125 -6.985083 -0.139688 -0.000987 
119 2.699909 0.000000 0.726857 99.754115 -6.693538 -0.071823 0.000431 
120 1.918356 0.000000 1.453713 99.770558 -6.863187 -0.035708 -0.000127 
121 0.746027 0.000000 0.363428 99.776059 -7.532869 -0.086378 -0.001201 
122 1.136804 0.000000 0.363428 100.060028 -7.591922 0.006750 -0.006965 
123 0.746027 0.000000 0.726857 99.815760 -7.112214 -0.034418 -0.001377 
124 0.159863 0.000000 0.181714 98.351977 -8.476990 4.892448 0.023109 
125 -0.035525 0.000000 0.181714 97.608308 -7.315242 -2.989788 0.041017 
126 0.355251 0.000000 0.181714 101.817405 -8.992484 1.530490 -0.044999 
127 0.159863 0.000000 0.363428 99.335551 -7.309848 0.862303 0.007827 
128 0.062169 0.000000 -0.090857 86.017417 -10.535971 -8.293798 0.242121 
129 -0.035525 0.000000 -0.090857 103.720216 -7.730298 18.602058 -0.116368 
130 0.062169 0.000000 -0.181714 95.953740 -7.888864 -1.787227 0.072745 
131 0.159863 0.000000 -0.090857 99.385487 -12.663628 -13.413439 -0.021776 
132 0.062169 0.000000 0.000000 197.395870 -0.771160 -0.008078 -2.896572 
133 -0.817078 0.000000 0.363428 99.756929 -6.992692 0.002772 -0.000034 
134 -1.207854 0.000000 0.363428 99.750776 -6.981708 0.001148 0.000104 
135 -0.817078 0.000000 0.726857 99.747642 -6.979474 0.001981 0.000169 
136 -0.230913 0.000000 0.181714 100.322242 -7.137227 -0.435157 -0.011568 
137 -0.426301 0.000000 0.181714 99.882058 -7.024204 -0.081289 -0.002577 
138 -0.230913 0.000000 0.363428 99.580926 -7.046248 -0.298995 0.003390 
139 -0.133219 0.000000 -0.090857 103.419119 -7.334459 2.557621 -0.075585 
140 -0.230913 0.000000 -0.090857 100.862421 -7.184771 0.451132 -0.022505 
141 -0.133219 0.000000 -0.181714 100.091140 -7.397574 1.901567 -0.007658 
142 -0.133219 0.000000 0.000000 106.509803 -7.255722 -0.013976 -0.139698 
143 0.062169 0.000000 0.090857 85.895403 -10.523595 8.284221 0.244261 
144 -0.035525 0.000000 0.090857 103.709711 -7.752524 -18.627422 -0.116279 
145 0.159863 0.000000 0.090857 99.398256 -12.582118 13.416226 -0.021832 
146 0.062169 0.000000 0.181714 95.983205 -7.894140 1.795588 0.072168 
147 0.013322 0.000000 -0.045429 73.792801 -11.609460 -14.507528 0.420937 
148 -0.035525 0.000000 -0.045429 144.657756 -7.695299 29.370890 -1.184773 
149 0.013322 0.000000 -0.090857 76.201535 -9.109225 5.895567 0.407559 
150 0.062169 0.000000 -0.045429 194.090144 -0.644597 -19.343704 -2.804558 
151 0.013322 0.000000 0.000000 247.518079 -3.664945 0.005857 -5.127863 
152 -0.133219 0.000000 0.090857 103.429765 -7.364269 -2.558188 -0.075849 
153 -0.230913 0.000000 0.090857 100.848252 -7.192081 -0.499542 -0.022235 
154 -0.133219 0.000000 0.181714 100.055068 -7.339008 -1.917099 -0.006855 
155 0.013322 0.000000 0.045429 73.700930 -11.884920 14.490560 0.421695 
156 -0.035525 0.000000 0.045429 144.652273 -7.718798 -29.413024 -1.184899 
157 0.062169 0.000000 0.045429 194.090642 -0.657037 19.337276 -2.804554 
158 0.013322 0.000000 0.090857 76.201624 -9.160189 -5.931231 0.407422 
159 -1.989406 0.000000 -8.722278 99.754980 -6.994307 0.000421 0.000002 
160 -5.115617 0.000000 -8.722278 99.755551 -6.986592 0.000546 0.000002 
161 -1.989406 0.000000 -11.629704 99.755166 -6.992224 0.000293 0.000002 
162 1.136804 0.000000 -8.722278 99.754068 -7.007079 -0.000086 0.000003 
163 -0.426301 0.000000 -4.361139 99.752544 -7.007652 0.000683 0.000032 
164 -1.989406 0.000000 -4.361139 99.754599 -6.995075 0.000669 0.000009 
165 -0.426301 0.000000 -5.814852 99.754104 -7.005645 0.000304 0.000004 
166 1.136804 0.000000 -4.361139 99.753359 -7.037034 -0.000695 -0.000025 
167 0.355251 0.000000 -2.180570 99.765262 -7.075352 -0.008751 -0.000317 
168 -0.426301 0.000000 -2.180570 99.751650 -7.010299 -0.005019 0.000046 
169 0.355251 0.000000 -2.907426 99.753748 -7.036877 -0.002053 -0.000033 
170 1.136804 0.000000 -2.180570 99.764895 -7.065629 -0.005281 -0.000296 
171 -0.035525 0.000000 -1.090285 99.730788 -7.037784 -0.034744 0.000424 
172 -0.426301 0.000000 -1.090285 99.738721 -7.010605 -0.015530 0.000304 
173 -0.035525 0.000000 -1.453713 99.737518 -7.042069 -0.011118 0.000284 
174 0.355251 0.000000 -1.090285 99.761935 -7.064131 -0.044927 -0.000235 
175 0.159863 0.000000 -0.545142 99.619371 -7.164678 -0.282841 0.002457 
176 -0.035525 0.000000 -0.545142 99.579570 -7.100586 -0.091408 0.003348 
177 0.159863 0.000000 -0.726857 99.701802 -7.066002 -0.136668 0.000960 
178 0.355251 0.000000 -0.545142 99.845468 -7.209509 -0.238535 -0.002115 
179 0.062169 0.000000 -0.272571 97.644622 -7.423274 -0.785125 0.040981 
180 -0.035525 0.000000 -0.272571 98.225520 -7.295375 0.771843 0.029793 
181 0.062169 0.000000 -0.363428 98.949638 -7.253742 -0.399343 0.015619 
182 0.159863 0.000000 -0.272571 98.833411 -7.570119 -2.106684 0.017021 
183 0.013322 0.000000 -0.136286 92.906382 -8.029448 2.579875 0.129728 
184 -0.035525 0.000000 -0.136286 98.472483 -7.467533 6.319072 0.020748 
185 0.013322 0.000000 -0.181714 95.941473 -7.540172 1.013803 0.073735 
186 0.062169 0.000000 -0.136286 93.706796 -8.549339 -3.567409 0.113322 
187 0.550639 0.000000 -0.181714 101.457104 -8.011404 -0.004242 -0.035773 
188 0.550639 0.000000 -0.363428 100.052079 -7.516937 0.148029 -0.006694 
189 0.746027 0.000000 -0.181714 102.079375 -8.009307 -0.030061 -0.048435 
190 0.550639 0.000000 0.000000 101.416381 -6.539988 -0.003558 -0.032805 
191 0.257557 0.000000 -0.090857 102.707881 -12.600806 -10.267670 -0.081311 
192 0.257557 0.000000 -0.181714 100.728575 -8.800727 -3.795074 -0.023810 
193 0.355251 0.000000 -0.090857 105.299654 -12.613229 -4.442274 -0.126684 
194 0.257557 0.000000 0.000000 83.097941 -0.069078 0.015802 0.309473 
195 0.111016 0.000000 -0.045429 145.618975 -0.242977 -13.614283 -1.139029 
196 0.111016 0.000000 -0.090857 92.579505 -12.558868 -15.483479 0.103157 
197 0.159863 0.000000 -0.045429 115.910883 -0.043147 -8.423384 -0.350629 
198 0.111016 0.000000 0.000000 148.849768 -0.252411 -0.013735 -1.215632 
199 0.037745 0.000000 -0.068143 74.635559 -11.681637 -14.609382 0.407964 
200 0.013322 0.000000 -0.068143 73.746741 -11.388834 -14.353278 0.422570 
201 0.037745 0.000000 -0.090857 83.424258 -9.862710 -5.049526 0.291762 
202 0.062169 0.000000 -0.068143 79.598813 -12.019655 -15.351414 0.328389 
203 0.037745 0.000000 -0.045429 74.270680 -11.724841 -14.601316 0.413320 
204 0.550639 0.000000 0.181714 101.395189 -7.998872 0.012737 -0.034497 
205 0.746027 0.000000 0.181714 101.979993 -8.002157 -0.002040 -0.046395 
206 0.550639 0.000000 0.363428 100.086187 -7.508544 -0.135557 -0.007364 
207 0.257557 0.000000 0.090857 102.697390 -12.602523 10.267466 -0.081100 
208 0.355251 0.000000 0.090857 105.399346 -12.625281 4.445320 -0.128818 
209 0.257557 0.000000 0.181714 100.715999 -8.776404 3.791748 -0.023512 
210 0.111016 0.000000 0.045429 145.605995 -0.235945 13.583935 -1.138568 
211 0.159863 0.000000 0.045429 115.904395 -0.016077 8.468554 -0.350555 
212 0.111016 0.000000 0.090857 92.491625 -12.614677 15.470217 0.104684 
213 -1.989406 0.000000 8.722278 99.757867 -6.958866 0.000458 -0.000006 
214 -5.115617 0.000000 8.722278 99.757258 -6.965621 0.000588 -0.000003 
215 1.136804 0.000000 8.722278 99.758706 -6.947899 -0.000138 -0.000007 
216 -1.989406 0.000000 11.629704 99.757644 -6.960368 0.000288 -0.000003 
217 -0.426301 0.000000 4.361139 99.760922 -6.950183 0.001485 -0.000055 
218 -1.989406 0.000000 4.361139 99.758131 -6.959823 0.001311 -0.000012 
219 1.136804 0.000000 4.361139 99.762224 -6.929719 -0.000784 -0.000052 
220 -0.426301 0.000000 5.814852 99.758988 -6.950475 0.000487 -0.000016 
221 0.355251 0.000000 2.180570 99.770352 -6.951856 0.008067 -0.000245 
222 -0.426301 0.000000 2.180570 99.759340 -6.959002 0.006505 -0.000035 
223 1.136804 0.000000 2.180570 99.777677 -6.926945 -0.003565 -0.000357 
224 0.355251 0.000000 2.907426 99.764425 -6.933471 0.002244 -0.000101 
225 -0.035525 0.000000 1.090285 99.752864 -6.988045 0.041222 0.000053 
226 -0.426301 0.000000 1.090285 99.748051 -6.979300 0.019695 0.000162 
227 0.355251 0.000000 1.090285 99.792762 -6.994299 0.043163 -0.000752 
228 -0.035525 0.000000 1.453713 99.746545 -6.988719 0.009847 0.000178 
229 0.159863 0.000000 0.545142 99.636523 -7.148394 0.288712 0.002138 
230 -0.035525 0.000000 0.545142 99.543743 -7.051424 0.090402 0.004131 
231 0.355251 0.000000 0.545142 99.883898 -7.186302 0.245314 -0.002850 
232 0.159863 0.000000 0.726857 99.744211 -7.056833 0.142002 0.000127 
233 0.062169 0.000000 0.272571 97.587629 -7.433764 0.792851 0.042077 
234 -0.035525 0.000000 0.272571 98.185244 -7.282927 -0.777390 0.030601 
235 0.159863 0.000000 0.272571 98.814224 -7.630920 2.109604 0.017307 
236 0.062169 0.000000 0.363428 98.931691 -7.248955 0.403885 0.015981 
237 0.013322 0.000000 0.136286 92.851518 -8.022366 -2.592265 0.130752 
238 -0.035525 0.000000 0.136286 98.450521 -7.480617 -6.331822 0.021144 
239 0.062169 0.000000 0.136286 93.662178 -8.590656 3.554848 0.114096 
240 0.013322 0.000000 0.181714 95.964242 -7.566572 -1.010123 0.073259 
241 0.037745 0.000000 0.068143 74.589316 -11.880448 14.604165 0.408201 
242 0.013322 0.000000 0.068143 73.669322 -11.668503 14.342204 0.423098 
243 0.037745 0.000000 0.045429 74.223928 -11.915984 14.595657 0.413578 
244 0.062169 0.000000 0.068143 79.547518 -12.182208 15.342908 0.328838 
245 0.037745 0.000000 0.090857 83.324657 -9.832972 5.044573 0.293487 
246 0.111016 0.000000 -0.136286 96.619411 -9.150400 -6.406750 0.053991 
247 0.111016 0.000000 -0.181714 97.075776 -8.224395 -3.790159 0.049429 
248 0.159863 0.000000 -0.136286 98.746539 -9.738394 -7.429831 0.009908 
249 0.086592 0.000000 -0.068143 91.907335 -12.455642 -15.308641 0.116354 
250 0.086592 0.000000 -0.090857 92.331644 -12.573253 -15.445617 0.107821 
251 0.111016 0.000000 -0.068143 92.575081 -12.417924 -15.385526 0.103894 
252 0.086592 0.000000 -0.045429 167.925026 -0.332779 -17.391442 -1.850139 
253 0.086592 0.000000 -0.113571 93.475378 -9.620752 -8.047821 0.110503 
254 0.062169 0.000000 -0.113571 90.934360 -9.218160 -5.558082 0.161508 
255 0.086592 0.000000 -0.136286 95.127811 -8.794523 -5.369047 0.084453 
256 0.111016 0.000000 -0.113571 95.991020 -10.017655 -8.930021 0.060563 
257 0.074381 0.000000 -0.079500 88.944426 -12.434866 -15.241800 0.170195 
258 0.062169 0.000000 -0.079500 80.560214 -12.119290 -15.356734 0.312735 
259 0.074381 0.000000 -0.090857 86.893153 -10.865240 -12.007687 0.218734 
260 0.086592 0.000000 -0.079500 92.028922 -12.476215 -15.339821 0.113971 
261 0.074381 0.000000 -0.068143 86.237938 -12.333643 -15.364828 0.217482 
262 0.111016 0.000000 0.136286 96.566607 -9.088831 6.427262 0.055097 
263 0.159863 0.000000 0.136286 98.712720 -9.713510 7.447163 0.010599 
264 0.111016 0.000000 0.181714 97.097607 -8.198738 3.791057 0.049046 
265 0.086592 0.000000 0.068143 91.851015 -12.358880 15.298997 0.117659 
266 0.086592 0.000000 0.045429 167.912758 -0.325369 17.361161 -1.849621 
267 0.111016 0.000000 0.068143 92.496556 -12.451182 15.373683 0.105301 
268 0.086592 0.000000 0.090857 92.282884 -12.455001 15.436184 0.109047 
269 0.086592 0.000000 0.113571 93.414991 -9.639783 8.050831 0.111590 
270 0.062169 0.000000 0.113571 90.871790 -9.257323 5.545769 0.162586 
271 0.111016 0.000000 0.113571 95.950162 -9.971282 8.954444 0.061396 
272 0.086592 0.000000 0.136286 95.094380 -8.802497 5.379842 0.085063 
273 0.074381 0.000000 0.079500 88.886616 -12.393817 15.231204 0.171357 
274 0.062169 0.000000 0.079500 80.507827 -12.261366 15.347435 0.313260 
275 0.074381 0.000000 0.068143 86.181292 -12.354245 15.354357 0.218440 
276 0.086592 0.000000 0.079500 91.970890 -12.386231 15.329938 0.115293 
277 0.074381 0.000000 0.090857 86.799108 -10.886925 11.999414 0.220340 
278 0.208710 0.000000 -0.045429 95.503720 -0.110508 -5.254640 0.085142 
279 0.208710 0.000000 -0.090857 100.556679 -12.717157 -12.758631 -0.043615 
280 0.257557 0.000000 -0.045429 82.251094 -0.057260 -4.021334 0.321858 
281 0.208710 0.000000 0.000000 96.615336 0.014701 0.031272 0.066548 
282 0.135439 0.000000 -0.068143 93.187189 -12.562017 -15.581640 0.091556 
283 0.135439 0.000000 -0.090857 94.381926 -12.589042 -15.180184 0.070313 
284 0.159863 0.000000 -0.068143 114.489851 -0.157737 -12.571911 -0.326600 
285 0.135439 0.000000 -0.045429 129.209298 -0.093736 -10.667263 -0.680884 
286 0.257557 0.000000 -0.272571 100.255419 -7.807935 -1.836459 -0.011549 
287 0.257557 0.000000 -0.363428 100.046640 -7.400080 -0.944846 -0.006498 
288 0.355251 0.000000 -0.272571 100.721669 -7.929015 -0.774302 -0.020832 
289 0.208710 0.000000 -0.136286 100.270945 -10.087317 -7.269323 -0.020886 
290 0.208710 0.000000 -0.181714 99.393450 -8.625526 -4.861204 0.002291 
291 0.257557 0.000000 -0.136286 101.327628 -10.152842 -6.305993 -0.041013 
292 0.135439 0.000000 -0.113571 97.225032 -10.397995 -9.231871 0.035395 
293 0.135439 0.000000 -0.136286 97.792328 -9.446733 -6.936734 0.029930 
294 0.159863 0.000000 -0.113571 98.496212 -10.858727 -9.738882 0.008574 
295 0.123228 0.000000 -0.079500 92.691970 -12.478815 -15.455442 0.101361 
296 0.111016 0.000000 -0.079500 92.574473 -12.472550 -15.423535 0.103652 
297 0.123228 0.000000 -0.090857 92.545259 -12.548391 -15.476852 0.103838 
298 0.135439 0.000000 -0.079500 94.329380 -12.595184 -15.387431 0.070656 
299 0.123228 0.000000 -0.068143 92.551633 -12.550341 -15.478086 0.103711 
300 0.208710 0.000000 0.045429 95.491942 -0.080854 5.291898 0.085328 
301 0.257557 0.000000 0.045429 82.266223 -0.066427 4.047553 0.321588 
302 0.208710 0.000000 0.090857 100.562567 -12.681487 12.759452 -0.043645 
303 0.135439 0.000000 0.068143 93.114991 -12.682410 15.573278 0.092623 
304 0.135439 0.000000 0.045429 129.033366 -0.211639 10.666918 -0.676344 
305 0.159863 0.000000 0.068143 114.468126 -0.127360 12.593073 -0.326155 
306 0.135439 0.000000 0.090857 94.332581 -12.656204 15.175980 0.071087 
307 0.257557 0.000000 0.272571 100.275961 -7.821368 1.839341 -0.011983 
308 0.355251 0.000000 0.272571 100.754915 -7.926281 0.789103 -0.021500 
309 0.257557 0.000000 0.363428 100.057499 -7.422609 0.945743 -0.006749 
310 0.208710 0.000000 0.136286 100.257676 -10.038791 7.261117 -0.020510 
311 0.257557 0.000000 0.136286 101.333858 -10.088876 6.295159 -0.040997 
312 0.208710 0.000000 0.181714 99.407176 -8.600498 4.834958 0.002087 
313 0.135439 0.000000 0.113571 97.188454 -10.359961 9.250099 0.036151 
314 0.159863 0.000000 0.113571 98.458789 -10.820928 9.755485 0.009360 
315 0.135439 0.000000 0.136286 97.752738 -9.414528 6.951235 0.030745 
316 0.123228 0.000000 0.079500 92.610083 -12.589515 15.444977 0.102633 
317 0.111016 0.000000 0.079500 92.492132 -12.517322 15.411110 0.105102 
318 0.123228 0.000000 0.068143 92.462063 -12.637745 15.464525 0.105190 
319 0.135439 0.000000 0.079500 94.283168 -12.664312 15.384899 0.071360 
320 0.123228 0.000000 0.090857 92.455302 -12.643020 15.463224 0.105306 
321 0.184287 0.000000 -0.068143 103.228609 -0.158778 -10.362455 -0.076355 
322 0.184287 0.000000 -0.090857 99.337152 -12.579386 -13.359213 -0.020458 
323 0.208710 0.000000 -0.068143 93.397230 -0.106541 -8.228190 0.120924 
324 0.184287 0.000000 -0.045429 104.596734 -0.146113 -6.815427 -0.098695 
325 0.184287 0.000000 0.068143 103.236791 -0.170722 10.364242 -0.076528 
326 0.184287 0.000000 0.045429 104.599535 -0.150155 6.837029 -0.098783 
327 0.208710 0.000000 0.068143 93.410488 -0.088134 8.246361 0.120647 
328 0.184287 0.000000 0.090857 99.353000 -12.556705 13.362180 -0.020724 
329 0.452945 0.000000 -0.090857 99.016363 -10.179529 0.005060 0.009214 
330 0.452945 0.000000 -0.181714 99.802467 -11.832378 0.002873 -0.010054 
331 0.550639 0.000000 -0.090857 100.982740 -7.503714 -0.003585 -0.025382 
332 0.452945 0.000000 0.000000 101.416380 -6.539987 -0.003559 -0.032805 
333 0.306404 0.000000 -0.136286 102.417328 -10.466763 -4.261742 -0.061702 
334 0.306404 0.000000 -0.181714 101.368308 -8.919619 -2.828572 -0.036309 
335 0.355251 0.000000 -0.136286 104.434374 -10.649426 -2.712805 -0.102731 
336 0.306404 0.000000 -0.090857 104.389159 -12.513892 -6.477245 -0.109565 
337 0.233134 0.000000 -0.113571 101.463119 -11.609689 -8.359698 -0.049943 
338 0.208710 0.000000 -0.113571 101.330261 -11.382248 -9.433577 -0.048637 
339 0.233134 0.000000 -0.136286 100.696333 -10.145208 -6.722277 -0.028787 
340 0.257557 0.000000 -0.113571 102.734337 -12.612934 -10.270486 -0.081891 
341 0.233134 0.000000 -0.090857 102.930302 -12.674412 -10.290123 -0.086117 
342 0.452945 0.000000 0.090857 98.985402 -10.159222 0.003875 0.009868 
343 0.550639 0.000000 0.090857 100.958309 -7.492648 -0.000177 -0.024872 
344 0.452945 0.000000 0.181714 99.769371 -11.808434 0.004236 -0.009337 
345 0.306404 0.000000 0.136286 102.445989 -10.438538 4.289977 -0.062255 
346 0.306404 0.000000 0.090857 104.460933 -12.562060 6.483340 -0.111193 
347 0.355251 0.000000 0.136286 104.483720 -10.719485 2.718116 -0.103914 
348 0.306404 0.000000 0.181714 101.326741 -8.893641 2.842644 -0.035429 
349 0.233134 0.000000 0.113571 101.452693 -11.554889 8.348049 -0.049585 
350 0.208710 0.000000 0.113571 101.327135 -11.308999 9.425901 -0.048393 
351 0.233134 0.000000 0.090857 102.925671 -12.612843 10.290198 -0.085867 
352 0.257557 0.000000 0.113571 102.723437 -12.613586 10.270280 -0.081669 
353 0.233134 0.000000 0.136286 100.704890 -10.081399 6.718484 -0.028825 
354 0.306404 0.000000 -0.045429 73.423623 0.100691 -2.149127 0.460434 
355 0.355251 0.000000 -0.045429 68.268488 -0.046169 -1.109567 0.533818 
356 0.306404 0.000000 0.000000 74.022932 0.019194 -0.017670 0.452060 
357 0.281981 0.000000 -0.113571 103.747463 -12.508741 -8.453832 -0.099147 
358 0.281981 0.000000 -0.136286 102.278816 -10.323754 -5.208267 -0.059466 
359 0.306404 0.000000 -0.113571 104.374174 -12.524861 -6.477087 -0.109279 
360 0.281981 0.000000 -0.090857 103.558179 -12.515532 -8.786123 -0.095813 
361 0.281981 0.000000 -0.068143 75.922361 0.096713 -4.608314 0.421455 
362 0.257557 0.000000 -0.068143 81.349447 -0.087471 -6.187419 0.334398 
363 0.306404 0.000000 -0.068143 72.793230 0.053221 -3.159448 0.469116 
364 0.281981 0.000000 -0.045429 77.018999 0.057821 -3.151247 0.405814 
365 0.269769 0.000000 -0.102214 102.882528 -12.554722 -10.014675 -0.084273 
366 0.257557 0.000000 -0.102214 102.705954 -12.599922 -10.267465 -0.081269 
367 0.269769 0.000000 -0.113571 102.849117 -12.539924 -10.281875 -0.084091 
368 0.281981 0.000000 -0.102214 103.582483 -12.512508 -9.259882 -0.097164 
369 0.269769 0.000000 -0.090857 102.780247 -12.569719 -10.274949 -0.082735 
370 0.306404 0.000000 0.045429 73.558496 0.008442 2.139733 0.458457 
371 0.355251 0.000000 0.045429 68.270196 -0.044709 1.104058 0.533796 
372 0.281981 0.000000 0.113571 103.778442 -12.490224 8.456991 -0.099749 
373 0.281981 0.000000 0.090857 103.582790 -12.499433 8.788687 -0.096287 
374 0.306404 0.000000 0.113571 104.454710 -12.585878 6.483216 -0.111122 
375 0.281981 0.000000 0.136286 102.263989 -10.357508 5.210160 -0.059235 
376 0.281981 0.000000 0.068143 75.951993 0.134377 4.613315 0.420999 
377 0.257557 0.000000 0.068143 81.387990 -0.068755 6.210368 0.333742 
378 0.281981 0.000000 0.045429 77.086424 0.049061 3.186312 0.404753 
379 0.306404 0.000000 0.068143 72.914971 -0.023592 3.151375 0.467348 
380 0.269769 0.000000 0.102214 102.882816 -12.546810 10.015043 -0.084260 
381 0.257557 0.000000 0.102214 102.695492 -12.601716 10.267261 -0.081058 
382 0.269769 0.000000 0.090857 102.776540 -12.563132 10.274821 -0.082642 
383 0.281981 0.000000 0.102214 103.611064 -12.474518 9.261861 -0.097665 
384 0.269769 0.000000 0.113571 102.851892 -12.525417 10.281819 -0.084111 
385 0.746027 0.000000 -1.090285 99.774268 -7.093326 -0.024997 -0.000522 
386 0.746027 0.000000 -1.453713 99.764727 -7.072337 -0.012625 -0.000302 
387 1.136804 0.000000 -1.090285 99.776727 -7.145293 -0.011551 -0.000645 
388 0.550639 0.000000 -0.545142 99.829363 -7.238864 -0.009059 -0.001830 
389 0.550639 0.000000 -0.726857 99.796808 -7.129292 -0.067748 -0.001023 
390 0.746027 0.000000 -0.545142 99.783481 -7.251034 0.017664 -0.000932 
391 0.452945 0.000000 -0.272571 100.448633 -7.925733 0.081766 -0.015275 
392 0.452945 0.000000 -0.363428 100.354815 -7.494409 -0.056873 -0.012726 
393 0.550639 0.000000 -0.272571 101.455669 -11.998899 0.004316 -0.043723 
394 0.404098 0.000000 -0.136286 98.132061 -12.496144 0.000497 0.021395 
395 0.404098 0.000000 -0.181714 101.919109 -9.125028 0.177258 -0.047080 
396 0.452945 0.000000 -0.136286 99.177102 -10.753660 0.004541 0.004826 
397 0.404098 0.000000 -0.090857 101.135713 -12.513427 -1.658078 -0.038777 
398 0.330828 0.000000 -0.113571 104.356788 -12.554359 -6.478916 -0.108993 
399 0.330828 0.000000 -0.136286 102.835870 -10.569434 -3.958799 -0.070260 
400 0.355251 0.000000 -0.113571 105.208978 -12.603468 -4.688934 -0.124976 
401 0.330828 0.000000 -0.090857 104.350657 -12.555049 -6.478513 -0.108866 
402 0.746027 0.000000 1.090285 99.811003 -6.990475 0.007645 -0.001110 
403 1.136804 0.000000 1.090285 99.808186 -6.982491 -0.026118 -0.001043 
404 0.746027 0.000000 1.453713 99.784396 -6.964975 0.002226 -0.000544 
405 0.550639 0.000000 0.545142 99.866026 -7.215778 0.014299 -0.002529 
406 0.746027 0.000000 0.545142 99.865829 -7.212422 -0.027404 -0.002520 
407 0.550639 0.000000 0.726857 99.858608 -7.084282 0.063228 -0.002193 
408 0.452945 0.000000 0.272571 100.496024 -7.918489 -0.088092 -0.016216 
409 0.550639 0.000000 0.272571 101.412546 -11.972407 0.005234 -0.042784 
410 0.452945 0.000000 0.363428 100.383358 -7.484841 0.063098 -0.013285 
411 0.404098 0.000000 0.136286 98.115961 -12.470040 -0.001146 0.021776 
412 0.404098 0.000000 0.090857 101.156137 -12.455323 1.658331 -0.039045 
413 0.452945 0.000000 0.136286 99.144485 -10.732168 0.004661 0.005519 
414 0.404098 0.000000 0.181714 101.879021 -9.118998 -0.181315 -0.046252 
415 0.330828 0.000000 0.113571 104.467210 -12.635459 6.486778 -0.111513 
416 0.330828 0.000000 0.090857 104.460809 -12.636076 6.486357 -0.111380 
417 0.355251 0.000000 0.113571 105.311010 -12.624220 4.692636 -0.127180 
418 0.330828 0.000000 0.136286 102.862354 -10.548023 3.982987 -0.070779 
419 0.404098 0.000000 -0.045429 67.508822 -0.018076 0.812123 0.544190 
420 0.452945 0.000000 -0.045429 99.548634 -8.588298 -0.001977 0.001631 
421 0.404098 0.000000 0.000000 68.576016 0.008557 0.002413 0.529733 
422 0.379675 0.000000 -0.113571 104.616455 -12.651563 -2.228858 -0.110963 
423 0.379675 0.000000 -0.136286 104.186046 -10.772173 -1.034504 -0.097184 
424 0.404098 0.000000 -0.113571 100.829313 -12.594422 -1.849136 -0.032859 
425 0.379675 0.000000 -0.090857 104.299747 -12.656932 -2.222212 -0.104357 
426 0.330828 0.000000 -0.068143 69.935942 -0.031896 -3.002769 0.509995 
427 0.355251 0.000000 -0.068143 67.010592 -0.057238 -1.821663 0.550626 
428 0.330828 0.000000 -0.045429 70.479675 -0.065994 -1.927410 0.502890 
429 0.343039 0.000000 -0.102214 104.743337 -12.562918 -6.145730 -0.116676 
430 0.330828 0.000000 -0.102214 104.353284 -12.554754 -6.478686 -0.108920 
431 0.343039 0.000000 -0.113571 104.816766 -12.572796 -6.007126 -0.118072 
432 0.355251 0.000000 -0.102214 105.316582 -12.613310 -4.791237 -0.127363 
433 0.343039 0.000000 -0.090857 104.592532 -12.557685 -6.493591 -0.113946 
434 0.404098 0.000000 0.045429 67.578239 0.002123 -0.820348 0.543251 
435 0.452945 0.000000 0.045429 99.513371 -8.571860 -0.000088 0.002361 
436 0.330828 0.000000 0.068143 70.075634 -0.096657 3.017076 0.508029 
437 0.330828 0.000000 0.045429 70.554840 -0.082313 1.925496 0.501830 
438 0.355251 0.000000 0.068143 67.070006 -0.055931 1.817141 0.549831 
439 0.379675 0.000000 0.113571 104.692601 -12.611695 2.229869 -0.112457 
440 0.379675 0.000000 0.090857 104.369049 -12.611083 2.223285 -0.105688 
441 0.404098 0.000000 0.113571 100.854551 -12.535154 1.849251 -0.033219 
442 0.379675 0.000000 0.136286 104.245164 -10.793222 1.040851 -0.098463 
443 0.343039 0.000000 0.102214 104.854078 -12.625723 6.152461 -0.119164 
444 0.330828 0.000000 0.102214 104.463551 -12.635812 6.486538 -0.111437 
445 0.343039 0.000000 0.090857 104.703514 -12.628825 6.500898 -0.116457 
446 0.355251 0.000000 0.102214 105.416176 -12.628529 4.794407 -0.129504 
447 0.343039 0.000000 0.113571 104.924932 -12.628462 6.013270 -0.120488 
448 1.527580 0.000000 -0.363428 99.772506 -7.852296 -0.090128 -0.001622 
449 1.527580 0.000000 -0.726857 99.751821 -7.368062 -0.021415 -0.000471 
450 1.918356 0.000000 -0.363428 99.801206 -7.738150 0.019004 -0.002016 
451 1.527580 0.000000 0.000000 100.866305 -7.580197 -1.045735 -0.023256 
452 0.941416 0.000000 -0.181714 102.181360 -8.071335 0.045336 -0.050618 
453 0.941416 0.000000 -0.363428 99.680387 -7.594916 -0.037043 0.000614 
454 1.136804 0.000000 -0.181714 101.816842 -8.750765 0.281246 -0.044332 
455 0.941416 0.000000 0.000000 102.021292 -6.793282 0.250993 -0.045456 
456 0.648333 0.000000 -0.090857 101.641673 -7.502688 -0.015985 -0.038732 
457 0.648333 0.000000 -0.181714 101.768580 -8.505434 0.002374 -0.042919 
458 0.746027 0.000000 -0.090857 102.082417 -6.893150 -0.026136 -0.046834 
459 0.648333 0.000000 0.000000 101.745457 -6.548390 -0.014096 -0.039502 
460 0.501792 0.000000 -0.136286 99.684063 -9.656852 -0.000386 -0.003017 
461 0.501792 0.000000 -0.181714 100.970209 -9.887090 0.005432 -0.029274 
462 0.550639 0.000000 -0.136286 101.441560 -7.224466 -0.010928 -0.034258 
463 0.501792 0.000000 -0.090857 99.679881 -9.552019 -0.001234 -0.002732 
464 0.428522 0.000000 -0.113571 98.426588 -12.217775 -0.969195 0.016199 
465 0.428522 0.000000 -0.136286 99.144023 -11.720506 0.002813 0.003309 
466 0.452945 0.000000 -0.113571 99.050064 -10.703210 0.002845 0.007453 
467 0.428522 0.000000 -0.090857 98.574122 -11.948241 -0.848456 0.013966 
468 0.379675 0.000000 -0.068143 66.262923 -0.037648 -0.314306 0.560912 
469 0.404098 0.000000 -0.068143 98.139537 -11.896828 0.001914 0.022710 
470 0.379675 0.000000 -0.045429 67.193272 -0.026318 -0.221899 0.548501 
471 0.391886 0.000000 -0.102214 102.960014 -12.665827 -2.050516 -0.076539 
472 0.379675 0.000000 -0.102214 104.624685 -12.651134 -2.229076 -0.111134 
473 0.391886 0.000000 -0.113571 102.807142 -12.661684 -1.998545 -0.073362 
474 0.404098 0.000000 -0.102214 100.915247 -12.605294 -1.882135 -0.034632 
475 0.391886 0.000000 -0.090857 102.619527 -12.655376 -1.925756 -0.069463 
476 0.379675 0.000000 0.068143 66.323229 -0.000895 0.318817 0.560113 
477 0.379675 0.000000 0.045429 67.270931 -0.016985 0.220974 0.547457 
478 0.404098 0.000000 0.068143 98.120817 -11.871062 -0.001737 0.023138 
479 1.527580 0.000000 0.363428 99.864839 -7.640336 -0.428703 -0.003154 
480 1.918356 0.000000 0.363428 99.823979 -7.023895 -0.332767 -0.001427 
481 1.527580 0.000000 0.726857 99.832253 -7.079081 -0.118069 -0.001661 
482 0.941416 0.000000 0.181714 102.079717 -8.064361 0.086103 -0.048531 
483 1.136804 0.000000 0.181714 101.663019 -8.735938 0.340589 -0.041180 
484 0.941416 0.000000 0.363428 99.816428 -7.562534 0.045091 -0.002051 
485 0.648333 0.000000 0.090857 101.597846 -7.496014 -0.004334 -0.037831 
486 0.746027 0.000000 0.090857 102.041025 -6.889323 -0.014784 -0.045983 
487 0.648333 0.000000 0.181714 101.686327 -8.495303 0.023562 -0.041228 
488 0.501792 0.000000 0.136286 99.644817 -9.638303 0.005150 -0.002199 
489 0.501792 0.000000 0.090857 99.651730 -9.533182 -0.002035 -0.002135 
490 0.550639 0.000000 0.136286 101.391076 -7.212904 0.000590 -0.033218 
491 0.501792 0.000000 0.181714 100.914459 -9.870512 0.015056 -0.028116 
492 0.428522 0.000000 0.113571 98.433310 -12.182672 0.970848 0.016152 
493 0.428522 0.000000 0.090857 98.574895 -11.915067 0.851691 0.014030 
494 0.452945 0.000000 0.113571 99.018865 -10.681783 0.004105 0.008116 
495 0.428522 0.000000 0.136286 99.116014 -11.695945 0.001765 0.003922 
496 0.391886 0.000000 0.102214 103.004082 -12.606584 2.051261 -0.077297 
497 0.379675 0.000000 0.102214 104.701203 -12.611592 2.230095 -0.112637 
498 0.391886 0.000000 0.090857 102.660962 -12.599985 1.926351 -0.070174 
499 0.404098 0.000000 0.102214 100.941114 -12.545206 1.882254 -0.035003 
500 0.391886 0.000000 0.113571 102.850114 -12.604164 1.999219 -0.074101 
501 1.332192 0.000000 -0.181714 100.756181 -9.052880 -0.662417 -0.023420 
502 1.332192 0.000000 -0.363428 99.787777 -7.738191 -0.066540 -0.001748 
503 1.527580 0.000000 -0.181714 100.868058 -9.154140 -0.823937 -0.025884 
504 1.332192 0.000000 0.000000 100.493182 -7.015996 -0.921551 -0.014895 
505 1.332192 0.000000 0.181714 100.866561 -9.186803 -0.739012 -0.025901 
506 1.527580 0.000000 0.181714 101.258901 -9.373510 -0.871290 -0.034199 
507 1.332192 0.000000 0.363428 100.033013 -7.616345 -0.359689 -0.006474 
508 1.234498 0.000000 -0.090857 98.663174 -11.411253 -0.111904 0.013535 
509 1.136804 0.000000 -0.090857 100.665916 -8.324512 0.403259 -0.020309 
510 1.234498 0.000000 -0.181714 100.588704 -12.426848 0.016417 -0.027251 
511 1.332192 0.000000 -0.090857 99.435679 -9.842801 -0.501393 0.001541 
512 1.234498 0.000000 0.000000 77.501679 -0.039247 0.173604 0.399346 
513 1.234498 0.000000 0.090857 99.150029 -11.441529 -0.090517 0.003835 
514 1.136804 0.000000 0.090857 100.782756 -8.320043 0.417880 -0.022656 
515 1.332192 0.000000 0.090857 99.695713 -9.926622 -0.491285 -0.003801 
516 1.234498 0.000000 0.181714 100.758550 -12.421480 0.024401 -0.030658 
517 4.263014 0.000000 -8.722278 99.752994 -7.022027 -0.001319 0.000003 
518 4.263014 0.000000 -11.629704 99.754023 -7.008239 -0.000693 0.000002 
519 7.389224 0.000000 -8.722278 99.752235 -7.033180 -0.003156 0.000003 
520 2.699909 0.000000 -4.361139 99.750767 -7.070047 -0.002366 -0.000020 
521 2.699909 0.000000 -5.814852 99.751663 -7.038881 -0.001416 0.000006 
522 4.263014 0.000000 -4.361139 99.747605 -7.092947 -0.006635 0.000011 
523 1.918356 0.000000 -2.180570 99.754775 -7.127298 -0.000080 -0.000181 
524 1.918356 0.000000 -2.907426 99.749070 -7.098278 -0.001628 -0.000026 
525 2.699909 0.000000 -2.180570 99.739694 -7.200712 -0.008505 0.000014 
526 1.527580 0.000000 -1.090285 99.764392 -7.249740 -0.003656 -0.000549 
527 1.527580 0.000000 -1.453713 99.761415 -7.173782 0.003409 -0.000380 
528 1.918356 0.000000 -1.090285 99.737769 -7.369015 0.011251 -0.000193 
529 1.332192 0.000000 -0.545142 99.756369 -7.395820 -0.051744 -0.000603 
530 1.136804 0.000000 -0.545142 99.734475 -7.321042 -0.061414 -0.000057 
531 1.332192 0.000000 -0.726857 99.757712 -7.277360 -0.021287 -0.000456 
532 1.527580 0.000000 -0.545142 99.741658 -7.510927 -0.028901 -0.000481 
533 1.234498 0.000000 -0.272571 99.968749 -8.173017 -0.208619 -0.006059 
534 1.136804 0.000000 -0.272571 101.768335 -12.106382 0.028361 -0.050336 
535 1.234498 0.000000 -0.363428 99.789447 -7.698469 -0.134107 -0.001722 
536 1.332192 0.000000 -0.272571 101.035358 -12.855059 -0.064056 -0.037340 
537 10.515434 0.000000 -2.907426 99.740453 -7.201420 -0.058052 -0.000002 
538 10.515434 0.000000 -5.814852 99.749001 -7.079577 -0.012829 0.000002 
539 13.641644 0.000000 -2.907426 99.741108 -7.193204 -0.074840 -0.000004 
540 10.515434 0.000000 0.000000 99.828928 -5.936309 -0.819577 -0.000173 
541 5.826119 0.000000 -1.453713 99.719550 -7.491947 -0.133853 -0.000014 
542 5.826119 0.000000 -2.907426 99.740214 -7.197634 -0.028470 0.000008 
543 7.389224 0.000000 -1.453713 99.721440 -7.469171 -0.175738 -0.000019 
544 5.826119 0.000000 0.000000 99.924661 -4.557309 0.636058 -0.000611 
545 3.481461 0.000000 -0.726857 99.664518 -8.170709 -0.231451 0.000017 
546 3.481461 0.000000 -1.453713 99.717366 -7.462108 -0.056961 0.000076 
547 4.263014 0.000000 -0.726857 99.669762 -8.157717 -0.334756 -0.000072 
548 3.481461 0.000000 0.000000 99.809924 -6.021749 -1.483884 -0.000048 
549 2.309132 0.000000 -0.363428 99.077665 -8.462148 -0.228974 0.011196 
550 2.309132 0.000000 -0.726857 99.620352 -7.946902 -0.033603 0.001263 
551 2.699909 0.000000 -0.363428 99.653724 -8.583559 -0.127800 -0.000456 
552 2.309132 0.000000 0.000000 134.589315 -4.928811 -0.280871 -0.813866 
553 1.722968 0.000000 -0.181714 101.225258 -9.030888 -0.942461 -0.032900 
554 1.722968 0.000000 -0.363428 99.650460 -7.985848 -0.016274 0.000601 
555 1.918356 0.000000 -0.181714 101.604090 -9.253900 -0.939416 -0.040991 
556 1.722968 0.000000 0.000000 101.427023 -8.390214 -1.110697 -0.035907 
557 1.429886 0.000000 -0.090857 100.722034 -9.260622 -0.626848 -0.023108 
558 1.429886 0.000000 -0.181714 100.858344 -9.328650 -0.587860 -0.025977 
559 1.527580 0.000000 -0.090857 101.007175 -8.766224 -0.824858 -0.027998 
560 1.429886 0.000000 0.000000 100.492791 -7.014617 -0.921608 -0.014886 
561 1.283345 0.000000 -0.136286 98.910074 -10.818019 -0.380822 0.009962 
562 1.234498 0.000000 -0.136286 98.912696 -11.651942 -0.078524 0.008050 
563 1.283345 0.000000 -0.181714 99.599045 -11.659348 -0.268815 -0.005598 
564 1.332192 0.000000 -0.136286 99.499898 -9.453980 -0.513262 0.001013 
565 1.283345 0.000000 -0.090857 98.641488 -10.553562 -0.406385 0.015831 
566 10.515434 0.000000 2.907426 99.767605 -6.814081 -0.030965 -0.000001 
567 13.641644 0.000000 2.907426 99.767509 -6.816100 -0.040067 -0.000002 
568 10.515434 0.000000 5.814852 99.762430 -6.889047 -0.009277 -0.000000 
569 5.826119 0.000000 1.453713 99.773551 -6.721768 -0.043148 0.000005 
570 7.389224 0.000000 1.453713 99.774164 -6.716866 -0.053473 -0.000000 
571 5.826119 0.000000 2.907426 99.766755 -6.823865 -0.016171 0.000003 
572 3.481461 0.000000 0.726857 99.768646 -6.659008 -0.063023 0.000187 
573 4.263014 0.000000 0.726857 99.774439 -6.648879 -0.065876 0.000085 
574 3.481461 0.000000 1.453713 99.766620 -6.751330 -0.029418 0.000104 
575 2.309132 0.000000 0.363428 99.263865 -6.242051 -0.040837 0.010772 
576 2.699909 0.000000 0.363428 99.804629 -5.970329 -0.152187 0.000337 
577 2.309132 0.000000 0.726857 99.744170 -6.822231 -0.122805 0.000454 
578 1.722968 0.000000 0.181714 101.565057 -9.692601 -0.828858 -0.041009 
579 1.918356 0.000000 0.181714 101.663107 -10.917364 -0.435581 -0.045477 
580 1.722968 0.000000 0.363428 99.655638 -7.638822 -0.445499 0.001020 
581 1.429886 0.000000 0.090857 100.775116 -9.369179 -0.620766 -0.024379 
582 1.527580 0.000000 0.090857 101.043267 -8.876949 -0.821084 -0.028922 
583 1.429886 0.000000 0.181714 100.897099 -9.491201 -0.659231 -0.027074 
584 4.263014 0.000000 8.722278 99.759454 -6.935034 -0.001240 -0.000004 
585 7.389224 0.000000 8.722278 99.760000 -6.925159 -0.002636 -0.000002 
586 4.263014 0.000000 11.629704 99.758607 -6.946092 -0.000660 -0.000003 
587 2.699909 0.000000 4.361139 99.762820 -6.905871 -0.003445 -0.000031 
588 4.263014 0.000000 4.361139 99.762806 -6.888015 -0.005366 -0.000006 
589 2.699909 0.000000 5.814852 99.760607 -6.925418 -0.001668 -0.000014 
590 1.918356 0.000000 2.180570 99.772419 -6.892864 -0.015344 -0.000205 
591 2.699909 0.000000 2.180570 99.763764 -6.860308 -0.016623 0.000013 
592 1.918356 0.000000 2.907426 99.773798 -6.897066 -0.009964 -0.000238 
593 1.527580 0.000000 1.090285 99.788815 -6.946981 -0.055842 -0.000607 
594 1.918356 0.000000 1.090285 99.772609 -6.863238 -0.069536 -0.000168 
595 1.527580 0.000000 1.453713 99.780958 -6.891367 -0.028695 -0.000373 
596 1.332192 0.000000 0.545142 99.910050 -7.237639 -0.164447 -0.003443 
597 1.136804 0.000000 0.545142 99.908536 -7.229917 -0.059180 -0.003399 
598 1.527580 0.000000 0.545142 99.836363 -7.251907 -0.216353 -0.001994 
599 1.332192 0.000000 0.726857 99.846137 -7.082257 -0.095199 -0.001942 
600 1.234498 0.000000 0.272571 100.418395 -8.113123 -0.227214 -0.014973 
601 1.136804 0.000000 0.272571 101.798570 -12.096485 0.039165 -0.050928 
602 1.332192 0.000000 0.272571 100.954763 -13.002822 -0.042765 -0.036094 
603 1.234498 0.000000 0.363428 100.121050 -7.606025 -0.171136 -0.008211 
604 1.283345 0.000000 0.136286 99.332472 -10.907534 -0.391856 0.001393 
605 1.234498 0.000000 0.136286 99.345787 -11.678711 -0.058550 -0.000598 
606 1.283345 0.000000 0.090857 99.111218 -10.629025 -0.430596 0.006380 
607 1.332192 0.000000 0.136286 99.761495 -9.546247 -0.575705 -0.004382 
608 1.283345 0.000000 0.181714 99.881884 -11.779279 -0.235809 -0.011520 
609 2.113744 0.000000 -0.181714 100.730096 -7.102059 2.943241 -0.020565 
610 2.113744 0.000000 -0.363428 99.568421 -8.002224 0.355819 0.002197 
611 2.309132 0.000000 -0.181714 97.620042 -7.360599 -2.780128 0.040842 
612 2.113744 0.000000 0.000000 96.234841 0.764001 0.208680 0.073823 
613 2.113744 0.000000 0.181714 101.275138 -4.941620 -3.025151 -0.029022 
614 2.309132 0.000000 0.181714 97.874139 -3.589972 2.640505 0.040079 
615 2.113744 0.000000 0.363428 99.759848 -6.510519 -0.595592 0.000523 
616 2.016050 0.000000 -0.090857 100.942490 -9.504170 -0.854501 -0.028045 
617 1.918356 0.000000 -0.090857 101.663189 -8.975349 -0.905312 -0.041678 
618 2.016050 0.000000 -0.181714 101.326816 -8.936263 -0.239565 -0.034704 
619 2.113744 0.000000 -0.090857 106.258761 -9.465851 11.107294 -0.150390 
620 2.016050 0.000000 0.000000 101.639473 -8.703222 -0.990615 -0.040731 
621 2.016050 0.000000 0.090857 100.976616 -10.179547 -0.545411 -0.030020 
622 1.918356 0.000000 0.090857 101.625944 -9.642213 -0.737145 -0.042135 
623 2.113744 0.000000 0.090857 107.383237 -7.112944 -11.202501 -0.170725 
624 2.016050 0.000000 0.181714 101.196687 -10.235536 0.001351 -0.034554 
625 2.309132 0.000000 -1.090285 99.703636 -7.528567 -0.011055 0.000251 
626 2.309132 0.000000 -1.453713 99.731461 -7.327926 -0.008432 -0.000006 
627 2.699909 0.000000 -1.090285 99.698728 -7.617588 -0.050213 0.000213 
628 2.113744 0.000000 -0.545142 99.489202 -8.054048 0.039465 0.003703 
629 1.918356 0.000000 -0.545142 99.597060 -7.814667 -0.001767 0.001936 
630 2.113744 0.000000 -0.726857 99.668144 -7.774258 0.018296 0.000582 
631 2.309132 0.000000 -0.545142 99.498243 -8.298246 -0.053421 0.003124 
632 2.016050 0.000000 -0.272571 100.022110 -7.011645 0.241527 -0.005364 
633 1.918356 0.000000 -0.272571 101.700642 -11.338566 -0.393271 -0.047174 
634 2.016050 0.000000 -0.363428 99.791915 -7.731533 0.131177 -0.001822 
635 2.113744 0.000000 -0.272571 99.455738 -7.517353 0.923825 0.005119 
636 3.090685 0.000000 -0.363428 99.650633 -8.630350 0.096230 -0.000474 
637 3.090685 0.000000 -0.726857 99.663051 -8.154040 -0.179486 0.000076 
638 3.481461 0.000000 -0.363428 99.621647 -8.785074 0.255822 -0.000172 
639 3.090685 0.000000 0.000000 99.864977 -5.635716 -0.720154 -0.000529 
640 2.504521 0.000000 -0.181714 100.069428 -6.931191 -1.122749 -0.006319 
641 2.504521 0.000000 -0.363428 99.513797 -8.524127 -0.333658 0.002423 
642 2.699909 0.000000 -0.181714 99.863064 -6.746080 -0.556965 -0.001845 
643 2.504521 0.000000 0.000000 100.999684 -5.105042 -0.383495 -0.022714 
644 2.211438 0.000000 -0.090857 88.519524 -9.720127 15.986006 0.181426 
645 2.211438 0.000000 -0.181714 96.277304 -7.539781 2.103528 0.066941 
646 2.309132 0.000000 -0.090857 106.269803 -6.089931 -18.308279 -0.166555 
647 2.211438 0.000000 0.000000 142.191219 -0.619347 0.120350 -1.021874 
648 2.064897 0.000000 -0.136286 101.154029 -8.320219 -0.217671 -0.030141 
649 2.016050 0.000000 -0.136286 100.912867 -10.581083 -0.852960 -0.029609 
650 2.064897 0.000000 -0.181714 101.315862 -6.161996 1.298615 -0.030456 
651 2.113744 0.000000 -0.136286 103.428135 -7.857137 5.923755 -0.079420 
652 2.064897 0.000000 -0.090857 101.383150 -8.666166 2.388402 -0.035935 
653 3.090685 0.000000 0.363428 99.808821 -5.961903 -0.360508 0.000253 
654 3.481461 0.000000 0.363428 99.807143 -6.069273 -0.548367 0.000140 
655 3.090685 0.000000 0.726857 99.761469 -6.678060 -0.060199 0.000305 
656 2.504521 0.000000 0.181714 100.249466 -2.959953 1.023388 -0.005976 
657 2.699909 0.000000 0.181714 100.041977 -2.671072 0.352273 -0.001566 
658 2.504521 0.000000 0.363428 99.674491 -5.985583 0.056689 0.002917 
659 2.211438 0.000000 0.090857 88.530814 -6.805158 -15.928338 0.186227 
660 2.309132 0.000000 0.090857 106.230612 -3.365057 20.254051 -0.170649 
661 2.211438 0.000000 0.181714 96.655971 -4.248026 -2.229313 0.063461 
662 2.309132 0.000000 1.090285 99.752675 -6.810199 -0.063478 0.000302 
663 2.699909 0.000000 1.090285 99.754047 -6.764997 -0.047609 0.000336 
664 2.309132 0.000000 1.453713 99.764181 -6.837317 -0.037255 0.000036 
665 2.113744 0.000000 0.545142 99.632252 -6.874892 -0.219639 0.002610 
666 1.918356 0.000000 0.545142 99.681400 -7.082308 -0.191810 0.001342 
667 2.309132 0.000000 0.545142 99.660876 -6.743855 -0.164633 0.002220 
668 2.113744 0.000000 0.726857 99.781332 -6.880451 -0.148439 -0.000368 
669 2.016050 0.000000 0.272571 100.195244 -6.030608 -0.479206 -0.007568 
670 1.918356 0.000000 0.272571 101.421761 -13.182720 0.006220 -0.046016 
671 2.113744 0.000000 0.272571 99.762978 -5.805052 -1.141741 0.001235 
672 2.016050 0.000000 0.363428 99.901626 -6.681937 -0.378873 -0.002513 
673 2.064897 0.000000 0.136286 101.058411 -8.975644 -0.080650 -0.029337 
674 2.016050 0.000000 0.136286 100.949305 -11.374107 -0.479630 -0.032036 
675 2.064897 0.000000 0.090857 101.595757 -8.911278 -2.986627 -0.041003 
676 2.113744 0.000000 0.136286 104.338611 -5.411825 -6.005883 -0.095190 
677 2.064897 0.000000 0.181714 101.814416 -4.969980 -1.321242 -0.039262 
678 2.211438 0.000000 -0.272571 98.208863 -7.983450 0.621656 0.029090 
679 2.211438 0.000000 -0.363428 99.187872 -8.288364 0.199096 0.009303 
680 2.309132 0.000000 -0.272571 98.512229 -8.056253 -0.674974 0.022998 
681 2.162591 0.000000 -0.136286 98.384795 -8.297135 7.594419 0.019391 
682 2.162591 0.000000 -0.181714 98.533829 -7.517552 3.507629 0.022227 
683 2.211438 0.000000 -0.136286 93.443690 -7.964090 5.250904 0.117728 
684 2.162591 0.000000 -0.090857 98.424693 -10.185858 15.388226 -0.002797 
685 2.064897 0.000000 -0.045429 101.097460 -8.192762 -0.217468 -0.028787 
686 2.016050 0.000000 -0.045429 101.151410 -9.756474 -1.216862 -0.032828 
687 2.113744 0.000000 -0.045429 94.548598 1.110374 4.226760 0.104146 
688 2.064897 0.000000 0.000000 89.371764 0.766818 0.149594 0.201208 
689 2.089321 0.000000 -0.113571 105.165906 -8.066382 5.418175 -0.115429 
690 2.064897 0.000000 -0.113571 102.340895 -7.978421 3.912327 -0.055262 
691 2.089321 0.000000 -0.136286 100.931198 -6.313856 -0.069445 -0.022698 
692 2.113744 0.000000 -0.113571 106.322479 -9.455553 10.967450 -0.151416 
693 2.089321 0.000000 -0.090857 104.994355 -8.075278 5.186652 -0.111593 
694 2.064897 0.000000 0.045429 101.018359 -8.821193 -0.070635 -0.028253 
695 2.016050 0.000000 0.045429 101.107232 -10.208955 -0.960578 -0.032782 
696 2.113744 0.000000 0.045429 94.021159 0.647102 -3.820506 0.114501 
697 2.211438 0.000000 0.272571 98.483185 -5.556919 -0.882172 0.026940 
698 2.309132 0.000000 0.272571 98.722816 -5.321624 0.371236 0.022535 
699 2.211438 0.000000 0.363428 99.390336 -6.354255 -0.459091 0.008097 
700 2.162591 0.000000 0.136286 99.023499 -4.985163 -7.605096 0.011166 
701 2.162591 0.000000 0.090857 98.849104 -7.073322 -15.417852 -0.005889 
702 2.211438 0.000000 0.136286 93.918264 -4.164727 -5.120309 0.113580 
703 2.162591 0.000000 0.181714 98.995348 -4.664972 -3.629932 0.016498 
704 2.089321 0.000000 0.113571 106.187069 -7.115159 -5.528099 -0.135688 
705 2.064897 0.000000 0.113571 102.821607 -7.871413 -4.259896 -0.065239 
706 2.089321 0.000000 0.090857 105.971465 -7.184825 -5.306053 -0.130973 
707 2.113744 0.000000 0.113571 107.455533 -7.111003 -11.062204 -0.171963 
708 2.089321 0.000000 0.136286 100.960835 -7.006412 -0.005508 -0.024218 
709 2.162591 0.000000 -0.045429 112.923891 0.575426 8.343794 -0.282176 
710 2.211438 0.000000 -0.045429 142.846574 -0.285111 11.079989 -1.052799 
711 2.162591 0.000000 0.000000 114.566687 0.246933 0.176776 -0.312562 
712 2.138168 0.000000 -0.113571 102.240953 -10.025473 15.088602 -0.078139 
713 2.138168 0.000000 -0.136286 101.026717 -8.198055 7.471870 -0.032943 
714 2.162591 0.000000 -0.113571 98.491319 -9.486226 11.414804 0.007917 
715 2.138168 0.000000 -0.090857 101.892592 -10.078821 15.037139 -0.070980 
716 2.089321 0.000000 -0.068143 100.930915 -6.318468 -0.069918 -0.022698 
717 2.064897 0.000000 -0.068143 100.822099 -12.158136 -0.918585 -0.031376 
718 2.113744 0.000000 -0.068143 92.059093 1.285434 6.253931 0.148436 
719 2.089321 0.000000 -0.045429 89.970155 1.100783 2.175563 0.189943 
720 2.101533 0.000000 -0.102214 107.010099 -8.884537 7.836017 -0.159150 
721 2.089321 0.000000 -0.102214 105.987460 -8.279398 5.898816 -0.133669 
722 2.101533 0.000000 -0.113571 107.180968 -8.857179 7.358987 -0.162036 
723 2.113744 0.000000 -0.102214 106.223086 -9.495357 11.572269 -0.150742 
724 2.101533 0.000000 -0.090857 107.212185 -8.998337 7.924506 -0.163822 
725 2.162591 0.000000 0.045429 112.631327 0.327506 -7.938001 -0.274893 
726 2.211438 0.000000 0.045429 142.426840 -0.507663 -10.744407 -1.040110 
727 2.089321 0.000000 0.068143 100.960445 -7.010869 -0.005582 -0.024216 
728 2.064897 0.000000 0.068143 100.743085 -12.739240 -0.563893 -0.031178 
729 2.089321 0.000000 0.045429 89.244224 0.773863 -1.684256 0.203203 
730 2.113744 0.000000 0.068143 91.245131 0.728971 -5.927011 0.163867 
731 2.138168 0.000000 0.113571 102.892482 -7.170118 -15.160767 -0.086812 
732 2.138168 0.000000 0.090857 102.514492 -7.157243 -15.103545 -0.078856 
733 2.162591 0.000000 0.113571 99.105654 -5.832624 -11.405337 0.001397 
734 2.138168 0.000000 0.136286 101.727463 -5.212298 -7.517610 -0.043216 
735 2.101533 0.000000 0.102214 108.288801 -7.016615 -7.918560 -0.183840 
736 2.089321 0.000000 0.102214 107.139899 -7.039145 -5.993423 -0.156443 
737 2.101533 0.000000 0.090857 108.501378 -7.028096 -8.008214 -0.188607 
738 2.113744 0.000000 0.102214 107.336705 -7.116165 -11.671717 -0.170804 
739 2.101533 0.000000 0.113571 108.466912 -7.008866 -7.439659 -0.186954 
740 2.138168 0.000000 -0.068143 100.275619 1.074428 9.628737 -0.014907 
741 2.162591 0.000000 -0.068143 110.743209 0.748331 12.413442 -0.241871 
742 2.138168 0.000000 -0.045429 102.221258 0.902243 6.460104 -0.049173 
743 2.125956 0.000000 -0.102214 103.363772 -9.859515 14.956061 -0.100496 
744 2.125956 0.000000 -0.113571 104.146913 -9.786015 14.221737 -0.114460 
745 2.138168 0.000000 -0.102214 102.036180 -10.056987 15.058316 -0.073928 
746 2.125956 0.000000 -0.090857 104.032121 -9.799035 14.309333 -0.112346 
747 2.138168 0.000000 0.068143 99.754233 0.619745 -9.335987 -0.003845 
748 2.138168 0.000000 0.045429 101.927488 0.514470 -6.073555 -0.042637 
749 2.162591 0.000000 0.068143 110.295593 0.397997 -12.145080 -0.231278 
750 2.125956 0.000000 0.102214 104.127929 -7.190220 -15.044490 -0.112066 
751 2.125956 0.000000 0.090857 104.876450 -7.167293 -14.401865 -0.125785 
752 2.138168 0.000000 0.102214 102.670190 -7.162571 -15.127089 -0.082130 
753 2.125956 0.000000 0.113571 105.004194 -7.165811 -14.315174 -0.128215 
754 2.406827 0.000000 -0.090857 102.421578 -5.657839 -3.700998 -0.053589 
755 2.406827 0.000000 -0.181714 99.993043 -7.018757 -2.117565 -0.005236 
756 2.504521 0.000000 -0.090857 100.672463 -5.328593 -1.835351 -0.016671 
757 2.406827 0.000000 0.000000 104.899461 -5.349665 -0.376723 -0.103266 
758 2.260285 0.000000 -0.136286 91.014699 -7.358745 -2.343155 0.165668 
759 2.260285 0.000000 -0.181714 95.676313 -7.481710 -0.835007 0.078937 
760 2.309132 0.000000 -0.136286 97.567615 -6.914253 -7.059908 0.038291 
761 2.260285 0.000000 -0.090857 72.517414 -8.623204 11.950071 0.452406 
762 2.187015 0.000000 -0.113571 95.299706 -9.081640 10.949713 0.071559 
763 2.187015 0.000000 -0.136286 95.892420 -8.175962 6.922924 0.068987 
764 2.211438 0.000000 -0.113571 90.470113 -8.641296 9.060088 0.165840 
765 2.187015 0.000000 -0.090857 92.407296 -9.960979 16.844687 0.107793 
766 2.150380 0.000000 -0.102214 100.907038 -10.191352 14.891734 -0.050786 
767 2.150380 0.000000 -0.113571 101.311286 -10.166862 14.951485 -0.059089 
768 2.162591 0.000000 -0.102214 98.503594 -10.178592 15.541934 -0.004811 
769 2.150380 0.000000 -0.090857 100.199004 -10.191053 15.073264 -0.037090 
770 2.406827 0.000000 0.090857 102.377697 -3.512219 6.050572 -0.053014 
771 2.504521 0.000000 0.090857 100.758265 -3.376642 4.587921 -0.018468 
772 2.406827 0.000000 0.181714 100.154248 -3.148739 2.017388 -0.004486 
773 2.260285 0.000000 0.136286 91.350155 -3.216822 2.619636 0.163794 
774 2.260285 0.000000 0.090857 72.407879 -6.877867 -11.856211 0.456922 
775 2.309132 0.000000 0.136286 97.784677 -2.625472 7.514622 0.037479 
776 2.260285 0.000000 0.181714 95.996449 -3.888499 0.697438 0.076907 
777 2.187015 0.000000 0.113571 95.753953 -5.285073 -10.821591 0.068614 
778 2.187015 0.000000 0.090857 92.556879 -6.973369 -16.823126 0.110158 
779 2.211438 0.000000 0.113571 90.852907 -4.736118 -8.795271 0.164596 
780 2.187015 0.000000 0.136286 96.418896 -4.629627 -6.861765 0.063488 
781 2.150380 0.000000 0.102214 101.456432 -7.121908 -14.943629 -0.056744 
782 2.150380 0.000000 0.090857 100.712498 -7.108241 -15.118999 -0.042212 
783 2.162591 0.000000 0.102214 98.930701 -7.080492 -15.572760 -0.007993 
784 2.150380 0.000000 0.113571 101.884388 -7.135624 -15.008321 -0.065660 
785 2.260285 0.000000 -0.045429 175.100161 -2.495984 0.353221 -2.066642 
786 2.309132 0.000000 -0.045429 130.205404 -4.899369 -14.552986 -0.718924 
787 2.260285 0.000000 0.000000 161.265786 -2.835758 -0.079442 -1.601470 
788 2.187015 0.000000 -0.068143 124.083681 0.355507 15.586916 -0.563984 
789 2.211438 0.000000 -0.068143 142.986220 -0.088690 18.600794 -1.079106 
790 2.187015 0.000000 -0.045429 126.446943 0.189809 10.160165 -0.609209 
791 2.174803 0.000000 -0.102214 95.314994 -10.085225 16.374948 0.054520 
792 2.174803 0.000000 -0.113571 96.987525 -9.293576 11.240992 0.038069 
793 2.187015 0.000000 -0.102214 92.432035 -9.961564 16.849171 0.107319 
794 2.174803 0.000000 -0.090857 94.912855 -10.067686 16.493025 0.061817 
795 2.260285 0.000000 0.045429 174.613581 -2.914095 -0.161196 -2.049842 
796 2.309132 0.000000 0.045429 130.045232 -5.476420 15.005170 -0.716691 
797 2.187015 0.000000 0.068143 123.609195 0.240239 -15.295757 -0.551325 
798 2.187015 0.000000 0.045429 126.030897 -0.018917 -9.770292 -0.597925 
799 2.211438 0.000000 0.068143 142.422412 -0.151501 -18.314462 -1.061959 
800 2.174803 0.000000 0.102214 95.591536 -7.035185 -16.379072 0.054449 
801 2.174803 0.000000 0.090857 95.170603 -7.031735 -16.493874 0.062106 
802 2.187015 0.000000 0.102214 92.583210 -6.984378 -16.828301 0.109638 
803 2.174803 0.000000 0.113571 97.541905 -5.571241 -11.190992 0.032930 
804 2.235862 0.000000 -0.068143 75.939867 -8.909209 12.517803 0.399707 
805 2.235862 0.000000 -0.090857 77.059784 -8.993726 12.702493 0.381955 
806 2.260285 0.000000 -0.068143 71.116862 -8.544652 11.718039 0.473207 
807 2.235862 0.000000 -0.045429 160.092683 -1.079790 9.469249 -1.572050 
808 2.235862 0.000000 -0.113571 87.024342 -8.084054 4.324824 0.234271 
809 2.235862 0.000000 -0.136286 91.418896 -7.695550 2.102785 0.157894 
810 2.260285 0.000000 -0.113571 84.206506 -7.471210 -3.393262 0.284193 
811 2.223650 0.000000 -0.079500 82.433823 -9.349979 14.152815 0.291694 
812 2.211438 0.000000 -0.079500 88.098017 -9.696367 15.866814 0.189296 
813 2.223650 0.000000 -0.090857 82.452172 -9.347102 14.058566 0.291663 
814 2.235862 0.000000 -0.079500 76.923670 -8.984742 12.680041 0.384124 
815 2.223650 0.000000 -0.068143 153.092781 -0.460625 16.977401 -1.372584 
816 2.235862 0.000000 0.068143 75.727576 -6.696286 -12.411913 0.406644 
817 2.235862 0.000000 0.045429 159.609682 -1.400917 -9.245177 -1.556269 
818 2.260285 0.000000 0.068143 71.036752 -6.940788 -11.627046 0.477042 
819 2.235862 0.000000 0.090857 76.838813 -6.678323 -12.596753 0.389252 
820 2.235862 0.000000 0.113571 87.282039 -4.075507 -3.863200 0.235031 
821 2.260285 0.000000 0.113571 84.363859 -3.395684 4.100570 0.285439 
822 2.235862 0.000000 0.136286 91.826497 -3.719427 -1.906455 0.155043 
823 2.223650 0.000000 0.079500 82.287335 -6.697471 -14.063150 0.298617 
824 2.211438 0.000000 0.079500 88.098192 -6.796820 -15.806652 0.194266 
825 2.223650 0.000000 0.068143 152.546491 -0.458454 -16.814945 -1.355338 
826 2.235862 0.000000 0.079500 76.702664 -6.679902 -12.574138 0.391397 
827 2.223650 0.000000 0.090857 82.296371 -6.685159 -13.967718 0.298752 
828 2.357979 0.000000 -0.045429 110.022645 -5.020153 -5.033210 -0.215552 
829 2.357979 0.000000 -0.090857 104.805102 -5.859861 -6.426809 -0.105975 
830 2.406827 0.000000 -0.045429 104.248272 -5.053863 -2.721512 -0.090065 
831 2.357979 0.000000 0.000000 112.029833 -5.246945 -0.333316 -0.257833 
832 2.284709 0.000000 -0.068143 155.101227 -5.063201 -50.192517 -1.660132 
833 2.284709 0.000000 -0.090857 89.302544 -6.457013 -35.223858 0.074264 
834 2.309132 0.000000 -0.068143 119.770533 -5.410710 -20.620101 -0.479944 
835 2.284709 0.000000 -0.045429 158.841134 -4.150417 -17.764673 -1.556332 
836 2.248074 0.000000 -0.079500 74.245747 -8.757881 12.237537 0.426111 
837 2.248074 0.000000 -0.090857 74.546169 -8.785696 12.287161 0.421471 
838 2.260285 0.000000 -0.079500 71.643592 -8.567505 11.804979 0.465444 
839 2.248074 0.000000 -0.068143 73.635290 -8.706735 12.136282 0.435475 
840 2.357979 0.000000 0.045429 109.950101 -5.706108 5.451799 -0.215131 
841 2.406827 0.000000 0.045429 104.198337 -5.822430 3.041754 -0.090045 
842 2.357979 0.000000 0.090857 104.806944 -3.336203 8.605228 -0.106968 
843 2.284709 0.000000 0.068143 154.980250 -4.401412 51.713648 -1.671255 
844 2.284709 0.000000 0.045429 158.542406 -4.652778 18.179333 -1.548783 
845 2.309132 0.000000 0.068143 119.604939 -4.863960 22.242554 -0.482373 
846 2.284709 0.000000 0.090857 89.075025 -3.607248 36.940412 0.068803 
847 2.248074 0.000000 0.079500 74.081337 -6.766532 -12.136705 0.431887 
848 2.248074 0.000000 0.068143 73.489168 -6.798656 -12.037583 0.440822 
849 2.260285 0.000000 0.079500 71.556622 -6.926434 -11.713727 0.469446 
850 2.248074 0.000000 0.090857 74.373568 -6.756046 -12.185522 0.427444 
851 5.044566 0.000000 -0.726857 99.673830 -8.119750 -0.436270 -0.000099 
852 5.044566 0.000000 -1.453713 99.718961 -7.485227 -0.108989 0.000009 
853 5.826119 0.000000 -0.726857 99.678816 -8.073336 -0.530807 -0.000133 
854 5.044566 0.000000 0.000000 99.912649 -4.699530 -5.681935 -0.003691 
855 3.872238 0.000000 -0.363428 99.605545 -9.031794 0.359832 -0.000297 
856 3.872238 0.000000 -0.726857 99.666812 -8.170193 -0.284321 -0.000031 
857 4.263014 0.000000 -0.363428 99.581454 -9.413516 0.389886 -0.000523 
858 3.872238 0.000000 0.000000 99.795649 -6.303482 -3.069305 -0.000833 
859 5.044566 0.000000 0.726857 99.776250 -6.649423 -0.068688 0.000048 
860 5.826119 0.000000 0.726857 99.777605 -6.661412 -0.069060 0.000005 
861 5.044566 0.000000 1.453713 99.771696 -6.717983 -0.036533 0.000048 
862 3.872238 0.000000 0.363428 99.800865 -6.230447 -0.738481 0.000042 
863 4.263014 0.000000 0.363428 99.786452 -6.474511 -0.877926 -0.000003 
864 3.872238 0.000000 0.726857 99.772423 -6.653445 -0.065389 0.000119 
865 3.676849 0.000000 -0.181714 99.803692 -6.169393 0.428463 0.000098 
866 3.481461 0.000000 -0.181714 99.795967 -6.266896 0.202088 0.000145 
867 3.676849 0.000000 -0.363428 99.613836 -8.895368 0.312380 -0.000214 
868 3.872238 0.000000 -0.181714 99.811984 -6.073968 0.659582 0.000024 
869 3.676849 0.000000 0.000000 99.802923 -6.169298 -2.228376 -0.000365 
870 4.653790 0.000000 -0.363428 99.546434 -9.924909 0.214526 -0.000804 
871 4.653790 0.000000 -0.726857 99.671542 -8.140294 -0.386822 -0.000083 
872 5.044566 0.000000 -0.363428 99.512188 -10.427908 -0.332599 -0.001153 
873 4.653790 0.000000 0.000000 99.859957 -5.439132 -4.794248 -0.002458 
874 4.067626 0.000000 -0.181714 99.819472 -5.986998 0.889769 -0.000056 
875 4.067626 0.000000 -0.363428 99.594722 -9.204351 0.388940 -0.000398 
876 4.263014 0.000000 -0.181714 99.826263 -5.913512 1.111226 -0.000149 
877 4.067626 0.000000 0.000000 99.802029 -6.234709 -3.745858 -0.001335 
878 3.676849 0.000000 0.181714 100.054027 -2.575019 -1.783725 -0.002062 
879 3.481461 0.000000 0.181714 100.056735 -2.477774 -1.288399 -0.001915 
880 3.872238 0.000000 0.181714 100.045363 -2.731438 -2.227799 -0.002150 
881 3.676849 0.000000 0.363428 99.805142 -6.140067 -0.647609 0.000081 
882 3.774543 0.000000 -0.090857 100.011560 -3.203408 -1.154538 -0.001391 
883 3.676849 0.000000 -0.090857 99.969440 -3.793187 -1.137487 -0.000957 
884 3.774543 0.000000 -0.181714 99.808078 -6.121865 0.546513 0.000057 
885 3.872238 0.000000 -0.090857 100.049645 -2.673107 -1.604085 -0.001965 
886 3.774543 0.000000 0.000000 99.798219 -6.251354 -2.658475 -0.000583 
887 3.286073 0.000000 -0.181714 99.794181 -6.371483 -0.013043 0.000053 
888 3.090685 0.000000 -0.181714 99.809856 -6.484475 -0.207579 -0.000410 
889 3.286073 0.000000 -0.363428 99.633483 -8.702263 0.192153 -0.000260 
890 3.286073 0.000000 0.000000 99.815411 -5.843466 -0.980675 0.000178 
891 3.579155 0.000000 -0.090857 99.940329 -4.194312 -1.399735 -0.000762 
892 3.481461 0.000000 -0.090857 99.850509 -5.463683 -4.884754 -0.002384 
893 3.579155 0.000000 -0.181714 99.799705 -6.218067 0.314646 0.000126 
894 3.579155 0.000000 0.000000 99.806887 -6.092384 -1.824691 -0.000186 
895 4.653790 0.000000 0.363428 99.765941 -6.783859 -0.926910 -0.000012 
896 5.044566 0.000000 0.363428 99.742613 -7.130854 -0.821462 -0.000011 
897 4.653790 0.000000 0.726857 99.775729 -6.646797 -0.068400 0.000062 
898 4.067626 0.000000 0.181714 100.033872 -2.919175 -2.609023 -0.002210 
899 4.263014 0.000000 0.181714 100.021811 -3.108783 -2.924798 -0.002258 
900 4.067626 0.000000 0.363428 99.794633 -6.342268 -0.817926 0.000014 
901 3.774543 0.000000 0.090857 100.054665 -2.582427 -7.623639 -0.007572 
902 3.676849 0.000000 0.090857 100.065395 -2.412757 -9.350268 -0.010633 
903 3.872238 0.000000 0.090857 100.050658 -2.655742 -6.602174 -0.006078 
904 3.774543 0.000000 0.181714 100.050439 -2.647992 -2.016340 -0.002117 
905 3.725696 0.000000 -0.045429 99.864899 -5.292545 -2.734267 -0.000849 
906 3.676849 0.000000 -0.045429 99.865204 -5.281029 -2.468741 -0.000704 
907 3.725696 0.000000 -0.090857 99.988775 -3.523130 -1.103293 -0.001138 
908 3.774543 0.000000 -0.045429 99.857369 -5.406823 -2.979185 -0.000960 
909 3.725696 0.000000 0.000000 99.800527 -6.211311 -2.443252 -0.000470 
910 4.458402 0.000000 -0.181714 99.831501 -5.837707 1.325289 -0.000216 
911 4.458402 0.000000 -0.363428 99.564931 -9.651630 0.337890 -0.000644 
912 4.653790 0.000000 -0.181714 99.835230 -5.793442 1.513810 -0.000293 
913 4.458402 0.000000 0.000000 99.839952 -5.715716 -4.522218 -0.002114 
914 4.458402 0.000000 0.181714 100.010734 -3.273029 -3.187234 -0.002302 
915 4.653790 0.000000 0.181714 100.001436 -3.415688 -3.397898 -0.002350 
916 4.458402 0.000000 0.363428 99.776960 -6.616272 -0.918163 -0.000006 
917 4.360708 0.000000 -0.090857 100.114674 -1.786654 -2.506652 -0.003242 
918 4.263014 0.000000 -0.090857 100.100797 -1.988612 -2.447924 -0.003012 
919 4.360708 0.000000 -0.181714 99.829169 -5.870265 1.222990 -0.000182 
920 4.458402 0.000000 -0.090857 100.127383 -1.605969 -2.543830 -0.003454 
921 4.360708 0.000000 0.000000 99.829910 -5.858055 -4.375786 -0.001948 
922 8.952329 0.000000 -1.453713 99.723548 -7.441803 -0.211147 -0.000021 
923 8.952329 0.000000 -2.907426 99.740232 -7.203422 -0.048738 -0.000001 
924 10.515434 0.000000 -1.453713 99.725870 -7.409938 -0.239832 -0.000021 
925 8.952329 0.000000 0.000000 99.864566 -5.425340 -0.884669 -0.000315 
926 6.607671 0.000000 -0.726857 99.684498 -7.994830 -0.611717 -0.000129 
927 6.607671 0.000000 -1.453713 99.720513 -7.480007 -0.155583 -0.000016 
928 7.389224 0.000000 -0.726857 99.690695 -7.908833 -0.676477 -0.000124 
929 6.607671 0.000000 0.000000 99.938095 -4.368370 -0.501796 -0.000696 
930 5.435343 0.000000 -0.363428 99.503378 -10.562393 -1.199471 -0.001393 
931 5.435343 0.000000 -0.726857 99.676183 -8.094005 -0.483983 -0.000109 
932 5.826119 0.000000 -0.363428 99.528971 -10.215987 -1.991195 -0.001435 
933 5.435343 0.000000 0.000000 99.929886 -4.460845 -0.233957 -0.000594 
934 4.849178 0.000000 -0.181714 99.837333 -5.770925 1.687390 -0.000364 
935 4.849178 0.000000 -0.363428 99.527809 -10.198356 -0.005697 -0.000979 
936 5.044566 0.000000 -0.181714 99.813502 -6.117886 1.788767 -0.000336 
937 4.849178 0.000000 0.000000 99.881496 -5.138845 -5.142677 -0.002917 
938 8.952329 0.000000 1.453713 99.774165 -6.718737 -0.063628 -0.000003 
939 10.515434 0.000000 1.453713 99.774001 -6.722142 -0.073647 -0.000004 
940 8.952329 0.000000 2.907426 99.767530 -6.814514 -0.026148 0.000000 
941 6.607671 0.000000 0.726857 99.778107 -6.657145 -0.066596 0.000001 
942 7.389224 0.000000 0.726857 99.778514 -6.653817 -0.064957 -0.000003 
943 6.607671 0.000000 1.453713 99.774033 -6.716923 -0.048284 0.000002 
944 5.435343 0.000000 0.363428 99.724209 -7.401288 -0.535766 0.000002 
945 5.826119 0.000000 0.363428 99.719905 -7.485814 -0.157977 -0.000012 
946 5.435343 0.000000 0.726857 99.776678 -6.651288 -0.068541 0.000037 
947 4.849178 0.000000 0.181714 99.994653 -3.520489 -3.563692 -0.002402 
948 5.044566 0.000000 0.181714 99.990419 -3.587172 -3.698022 -0.002463 
949 4.849178 0.000000 0.363428 99.754230 -6.958979 -0.896699 -0.000014 
950 4.751484 0.000000 -0.090857 100.155679 -1.214674 -2.492272 -0.003885 
951 4.653790 0.000000 -0.090857 100.148300 -1.316152 -2.537262 -0.003785 
952 4.751484 0.000000 -0.181714 99.836489 -5.779438 1.601143 -0.000329 
953 4.849178 0.000000 -0.090857 100.160473 -1.149728 -2.423940 -0.003932 
954 4.751484 0.000000 0.000000 99.870255 -5.295903 -4.950242 -0.002662 
955 4.556096 0.000000 -0.090857 100.138730 -1.448390 -2.554794 -0.003639 
956 4.556096 0.000000 -0.181714 99.833560 -5.812865 1.422254 -0.000255 
957 4.556096 0.000000 0.000000 99.849964 -5.577332 -4.657046 -0.002281 
958 4.751484 0.000000 0.090857 100.025635 -3.073880 -4.639839 -0.003610 
959 4.653790 0.000000 0.090857 100.041781 -2.838875 -4.886525 -0.004030 
960 4.849178 0.000000 0.090857 100.012454 -3.266055 -4.253435 -0.003125 
961 4.751484 0.000000 0.181714 99.997711 -3.473085 -3.485863 -0.002376 
962 4.702637 0.000000 -0.045429 99.884781 -5.086355 -3.877867 -0.001788 
963 4.653790 0.000000 -0.045429 99.885547 -5.073345 -3.923719 -0.001826 
964 4.702637 0.000000 -0.090857 100.152292 -1.261090 -2.518085 -0.003841 
965 4.751484 0.000000 -0.045429 99.886597 -5.062336 -3.788429 -0.001731 
966 4.702637 0.000000 0.000000 99.865038 -5.368538 -4.868842 -0.002555 
967 5.826119 0.000000 -4.361139 99.746726 -7.107195 -0.011138 0.000008 
968 5.826119 0.000000 -5.814852 99.749830 -7.065304 -0.005650 0.000005 
969 7.389224 0.000000 -4.361139 99.746362 -7.114813 -0.015585 0.000004 
970 5.044566 0.000000 -2.180570 99.733809 -7.280696 -0.043107 0.000016 
971 4.263014 0.000000 -2.180570 99.734522 -7.267251 -0.031935 0.000021 
972 5.044566 0.000000 -2.907426 99.740427 -7.194227 -0.022892 0.000009 
973 5.826119 0.000000 -2.180570 99.732997 -7.292080 -0.055462 0.000015 
974 4.653790 0.000000 -1.090285 99.702736 -7.699673 -0.181135 0.000005 
975 4.263014 0.000000 -1.090285 99.701836 -7.700737 -0.158196 0.000022 
976 4.653790 0.000000 -1.453713 99.718599 -7.482480 -0.096675 0.000020 
977 5.044566 0.000000 -1.090285 99.703799 -7.694738 -0.202844 -0.000010 
978 4.849178 0.000000 -0.545142 99.639797 -8.598373 -0.590597 -0.000237 
979 4.653790 0.000000 -0.545142 99.638817 -8.605881 -0.539053 -0.000225 
980 4.849178 0.000000 -0.726857 99.672641 -8.130560 -0.412038 -0.000091 
981 5.044566 0.000000 -0.545142 99.640996 -8.587100 -0.642999 -0.000248 
982 4.751484 0.000000 -0.272571 99.742066 -7.130101 3.545388 -0.001189 
983 4.653790 0.000000 -0.272571 99.723801 -7.387430 3.115782 -0.000912 
984 4.751484 0.000000 -0.363428 99.536961 -10.064222 0.117732 -0.000891 
985 4.849178 0.000000 -0.272571 99.772661 -6.696019 4.025579 -0.001563 
986 4.702637 0.000000 -0.136286 100.169420 -1.016344 -2.462643 -0.004101 
987 4.653790 0.000000 -0.136286 100.194088 -0.661573 -2.444959 -0.004527 
988 4.702637 0.000000 -0.181714 99.835924 -5.785519 1.557845 -0.000311 
989 4.751484 0.000000 -0.136286 100.165004 -1.081490 -2.377028 -0.003985 
990 5.239954 0.000000 -0.181714 100.197645 -0.629326 0.326480 -0.004007 
991 5.239954 0.000000 -0.363428 99.503234 -10.560763 -0.747425 -0.001298 
992 5.435343 0.000000 -0.181714 100.176672 -0.932690 -4.314032 -0.005485 
993 5.239954 0.000000 0.000000 99.964696 -3.959776 -5.565019 -0.003959 
994 4.946872 0.000000 -0.090857 100.162499 -1.123951 -2.339192 -0.003926 
995 4.946872 0.000000 -0.181714 99.836255 -5.789478 1.810989 -0.000408 
996 5.044566 0.000000 -0.090857 100.161731 -1.137933 -2.244654 -0.003871 
997 4.946872 0.000000 0.000000 99.894906 -4.950322 -5.388166 -0.003253 
998 4.800331 0.000000 -0.045429 99.890634 -5.006513 -3.688714 -0.001681 
999 4.800331 0.000000 -0.090857 100.158416 -1.177378 -2.460619 -0.003915 
1000 4.849178 0.000000 -0.045429 99.896851 -4.919369 -3.561120 -0.001626 
1001 4.800331 0.000000 0.000000 99.875698 -5.219978 -5.040717 -0.002781 
1002 4.727061 0.000000 -0.068143 100.186956 -0.766331 -3.024600 -0.004716 
1003 4.702637 0.000000 -0.068143 100.181760 -0.839661 -3.104713 -0.004673 
1004 4.727061 0.000000 -0.090857 100.154065 -1.236715 -2.506009 -0.003865 
1005 4.751484 0.000000 -0.068143 100.190674 -0.714191 -2.940025 -0.004732 
1006 4.727061 0.000000 -0.045429 99.885279 -5.080216 -3.835554 -0.001759 
1007 6.216895 0.000000 -0.363428 99.571081 -9.615338 -2.453795 -0.001288 
1008 6.216895 0.000000 -0.726857 99.681504 -8.036202 -0.573208 -0.000131 
1009 6.607671 0.000000 -0.363428 99.613306 -9.012950 -2.617495 -0.001090 
1010 6.216895 0.000000 0.000000 99.938323 -4.363710 -0.114061 -0.000672 
1011 5.630731 0.000000 -0.181714 100.136482 -1.511368 -4.480048 -0.004967 
1012 5.630731 0.000000 -0.363428 99.512589 -10.434309 -1.628403 -0.001428 
1013 5.826119 0.000000 -0.181714 100.090494 -2.185871 -4.564450 -0.004372 
1014 5.630731 0.000000 0.000000 99.921019 -4.591794 1.163285 -0.000665 
1015 5.239954 0.000000 0.181714 99.986946 -3.641233 -3.833574 -0.002534 
1016 5.435343 0.000000 0.181714 99.976292 -3.796673 -3.985796 -0.002556 
1017 5.239954 0.000000 0.363428 99.732155 -7.284783 -0.698854 -0.000006 
1018 5.337648 0.000000 -0.090857 100.143854 -1.400491 -1.970720 -0.003464 
1019 5.239954 0.000000 -0.090857 100.152116 -1.280020 -2.054007 -0.003630 
1020 5.337648 0.000000 -0.181714 100.267855 0.372419 -4.561998 -0.007459 
1021 5.435343 0.000000 -0.090857 100.133807 -1.545204 -1.900633 -0.003278 
1022 5.337648 0.000000 0.000000 99.960234 -4.025941 -3.447969 -0.002015 
1023 2.895297 0.000000 -0.181714 99.817354 -6.646110 -0.376849 -0.000782 
1024 2.895297 0.000000 -0.363428 99.663082 -8.607827 -0.006390 -0.000682 
1025 2.895297 0.000000 0.000000 99.888640 -5.480659 -0.576197 -0.000811 
1026 3.286073 0.000000 0.181714 100.043211 -2.464060 -0.774039 -0.001531 
1027 3.090685 0.000000 0.181714 99.995780 -2.486610 -0.349214 -0.000546 
1028 3.286073 0.000000 0.363428 99.806208 -6.018607 -0.447107 0.000230 
1029 3.188379 0.000000 -0.090857 99.889102 -4.877073 -0.957963 -0.000254 
1030 3.090685 0.000000 -0.090857 99.884975 -4.953892 -1.027570 -0.000261 
1031 3.188379 0.000000 -0.181714 99.803362 -6.417390 -0.119466 -0.000191 
1032 3.286073 0.000000 -0.090857 99.895975 -4.786623 -0.804560 -0.000276 
1033 3.188379 0.000000 0.000000 99.843762 -5.717204 -0.811115 -0.000212 
1034 4.165320 0.000000 -0.090857 100.085994 -2.184892 -2.350782 -0.002751 
1035 4.067626 0.000000 -0.090857 100.071774 -2.378062 -2.205192 -0.002488 
1036 4.165320 0.000000 -0.181714 99.822764 -5.948471 0.999946 -0.000097 
1037 4.165320 0.000000 0.000000 99.810126 -6.130644 -4.003838 -0.001568 
1038 5.142260 0.000000 -0.090857 100.158200 -1.190727 -2.147176 -0.003769 
1039 5.142260 0.000000 -0.181714 99.870406 -5.306656 0.470392 -0.000248 
1040 5.142260 0.000000 0.000000 99.937435 -4.347238 -5.913157 -0.004135 
1041 5.435343 0.000000 -1.090285 99.704798 -7.688217 -0.223927 -0.000021 
1042 5.435343 0.000000 -1.453713 99.719285 -7.484565 -0.121036 0.000003 
1043 5.826119 0.000000 -1.090285 99.705750 -7.688655 -0.245475 -0.000041 
1044 5.630731 0.000000 -0.545142 99.646287 -8.523389 -0.801110 -0.000267 
1045 5.435343 0.000000 -0.545142 99.644236 -8.549364 -0.748973 -0.000263 
1046 5.630731 0.000000 -0.726857 99.677398 -8.079702 -0.507165 -0.000112 
1047 5.826119 0.000000 -0.545142 99.648826 -8.502043 -0.853058 -0.000290 
1048 5.533037 0.000000 -0.272571 100.387457 2.079839 8.042780 -0.014665 
1049 5.435343 0.000000 -0.272571 99.966116 -3.943817 3.457194 -0.002073 
1050 5.533037 0.000000 -0.363428 99.506956 -10.513136 -1.420119 -0.001418 
1051 5.630731 0.000000 -0.272571 100.553619 4.453470 -13.660717 -0.031748 
1052 5.533037 0.000000 -0.181714 100.159257 -1.183841 -4.363030 -0.005231 
1053 4.360708 0.000000 0.090857 100.044056 -2.795204 -4.887852 -0.004052 
1054 4.263014 0.000000 0.090857 100.045235 -2.785585 -5.020832 -0.004202 
1055 4.458402 0.000000 0.090857 100.042459 -2.820084 -4.799779 -0.003948 
1056 4.360708 0.000000 0.181714 100.016170 -3.193642 -3.062720 -0.002281 
1057 6.216895 0.000000 0.363428 99.728409 -7.366022 0.163816 -0.000004 
1058 6.607671 0.000000 0.363428 99.743267 -7.154790 0.353197 -0.000004 
1059 6.216895 0.000000 0.726857 99.777842 -6.659789 -0.068002 0.000002 
1060 5.630731 0.000000 0.181714 100.018555 -3.196553 -3.577201 -0.002673 
1061 5.826119 0.000000 0.181714 100.148318 -1.358964 1.764251 -0.003464 
1062 5.630731 0.000000 0.363428 99.719912 -7.466991 -0.348275 0.000006 
1063 5.337648 0.000000 0.090857 99.978659 -3.762343 -2.659394 -0.001696 
1064 5.239954 0.000000 0.090857 99.983099 -3.696456 -2.969099 -0.001910 
1065 5.435343 0.000000 0.090857 99.974735 -3.819243 -2.358587 -0.001510 
1066 5.337648 0.000000 0.181714 99.983490 -3.692407 -3.915059 -0.002566 
1067 5.533037 0.000000 0.090857 99.971300 -3.870613 -2.072576 -0.001354 
1068 5.533037 0.000000 0.000000 99.923059 -4.560700 1.130344 -0.000670 
1069 5.630731 0.000000 0.090857 99.968168 -3.917338 -1.806307 -0.001224 
1070 5.533037 0.000000 0.181714 99.968902 -3.904627 -3.904861 -0.002428 
1071 6.021507 0.000000 0.181714 100.060213 -2.620315 1.474523 -0.002109 
1072 6.021507 0.000000 0.000000 99.932921 -4.440562 0.201865 -0.000635 
1073 6.216895 0.000000 0.181714 100.017184 -3.236091 1.452969 -0.001602 
1074 6.021507 0.000000 0.363428 99.722851 -7.445046 0.017626 -0.000008 
1075 5.728425 0.000000 0.090857 99.965262 -3.960673 -1.563482 -0.001119 
1076 5.728425 0.000000 0.000000 99.921309 -4.589411 0.904523 -0.000615 
1077 5.826119 0.000000 0.090857 99.962889 -4.010718 -1.347053 -0.001048 
1078 5.728425 0.000000 0.181714 100.281269 0.558440 -1.860211 -0.006011 
1079 5.826119 0.000000 4.361139 99.763489 -6.874054 -0.007842 -0.000001 
1080 7.389224 0.000000 4.361139 99.763901 -6.867187 -0.010425 0.000001 
1081 5.826119 0.000000 5.814852 99.761627 -6.902080 -0.004442 -0.000002 
1082 5.044566 0.000000 2.180570 99.767896 -6.782268 -0.021250 0.000037 
1083 4.263014 0.000000 2.180570 99.766213 -6.792975 -0.017629 0.000056 
1084 5.826119 0.000000 2.180570 99.769125 -6.780567 -0.024980 0.000015 
1085 5.044566 0.000000 2.907426 99.766371 -6.830423 -0.014075 0.000002 
1086 5.435343 0.000000 1.090285 99.774956 -6.677289 -0.051241 0.000037 
1087 5.044566 0.000000 1.090285 99.774333 -6.677388 -0.048562 0.000049 
1088 5.826119 0.000000 1.090285 99.776047 -6.684760 -0.055132 0.000005 
1089 5.435343 0.000000 1.453713 99.772436 -6.715598 -0.039447 0.000036 
1090 5.630731 0.000000 0.545142 99.773284 -6.703703 -0.108009 0.000034 
1091 5.435343 0.000000 0.545142 99.773501 -6.696468 -0.118434 0.000039 
1092 5.826119 0.000000 0.545142 99.773645 -6.717640 -0.097783 0.000008 
1093 5.630731 0.000000 0.726857 99.776902 -6.652200 -0.068356 0.000031 
1094 5.533037 0.000000 0.272571 96.018772 -60.395400 2.736953 -0.287470 
1095 5.435343 0.000000 0.272571 99.555866 -9.808678 -13.409304 -0.018739 
1096 5.630731 0.000000 0.272571 99.491381 -10.735359 8.481726 -0.008572 
1097 5.533037 0.000000 0.363428 99.721585 -7.441060 -0.443925 0.000004 
1098 5.581884 0.000000 0.136286 100.082149 -2.286279 -1.130315 -0.002294 
1099 5.533037 0.000000 0.136286 100.078125 -2.342824 -1.191169 -0.002254 
1100 5.581884 0.000000 0.090857 99.969702 -3.894461 -1.936702 -0.001286 
1101 5.630731 0.000000 0.136286 100.080939 -2.304542 -0.998131 -0.002250 
1102 5.581884 0.000000 0.181714 99.978615 -3.766729 -3.741941 -0.002391 
1103 6.607671 0.000000 2.180570 99.769917 -6.777418 -0.029276 0.000003 
1104 7.389224 0.000000 2.180570 99.770108 -6.775739 -0.032913 0.000001 
1105 6.607671 0.000000 2.907426 99.767105 -6.819243 -0.018720 0.000002 
1106 6.216895 0.000000 1.090285 99.775841 -6.682772 -0.055928 0.000012 
1107 6.607671 0.000000 1.090285 99.776545 -6.680150 -0.060476 0.000001 
1108 6.216895 0.000000 1.453713 99.774178 -6.717762 -0.046568 -0.000002 
1109 6.021507 0.000000 0.545142 99.773569 -6.720041 -0.085859 0.000007 
1110 6.216895 0.000000 0.545142 99.773661 -6.719207 -0.073912 0.000006 
1111 6.021507 0.000000 0.726857 99.777702 -6.661287 -0.068515 0.000003 
1112 5.923813 0.000000 0.272571 99.588986 -9.358577 2.951021 -0.001426 
1113 5.826119 0.000000 0.272571 99.567677 -9.662526 3.013200 -0.001617 
1114 5.923813 0.000000 0.181714 100.085048 -2.264509 1.513110 -0.002443 
1115 6.021507 0.000000 0.272571 99.625609 -8.835487 2.958857 -0.001208 
1116 5.923813 0.000000 0.363428 99.720993 -7.470963 -0.067142 -0.000010 
1117 5.728425 0.000000 0.272571 99.564433 -9.692374 3.958271 -0.002269 
1118 5.728425 0.000000 0.363428 99.719215 -7.478800 -0.251699 0.000008 
1119 5.777272 0.000000 0.227143 100.046587 -2.798124 -2.715949 -0.002453 
1120 5.728425 0.000000 0.227143 100.038775 -2.908993 -2.940305 -0.002486 
1121 5.777272 0.000000 0.181714 100.253926 0.166726 1.227930 -0.005239 
1122 5.826119 0.000000 0.227143 100.060187 -2.619287 -2.627948 -0.002581 
1123 5.777272 0.000000 0.272571 99.565140 -9.683069 3.286303 -0.001778 
1124 -8.241827 0.000000 -8.722278 99.755878 -6.982438 0.000527 0.000001 
1125 -11.368037 0.000000 -8.722278 99.756061 -6.980152 0.000470 0.000001 
1126 -8.241827 0.000000 -11.629704 99.755840 -6.983125 0.000434 0.000001 
1127 10.515434 0.000000 -8.722278 99.751845 -7.039386 -0.005173 0.000002 
1128 10.515434 0.000000 -11.629704 99.753222 -7.020084 -0.002686 0.000001 
1129 13.641644 0.000000 -8.722278 99.751661 -7.042505 -0.007182 0.000001 
1130 -8.241827 0.000000 8.722278 99.756923 -6.969343 0.000546 -0.000002 
1131 -11.368037 0.000000 8.722278 99.756744 -6.971429 0.000477 -0.000001 
1132 -8.241827 0.000000 11.629704 99.756970 -6.968610 0.000440 -0.000001 
1133 -3.552511 0.000000 -4.361139 99.755245 -6.987898 0.000829 0.000006 
1134 -5.115617 0.000000 -4.361139 99.755645 -6.983906 0.000822 0.000004 
1135 -3.552511 0.000000 -5.814852 99.755252 -6.989281 0.000706 0.000004 
1136 10.515434 0.000000 8.722278 99.760345 -6.919459 -0.004172 -0.000001 
1137 13.641644 0.000000 8.722278 99.760538 -6.916484 -0.005740 -0.000000 
1138 10.515434 0.000000 11.629704 99.759255 -6.935291 -0.002294 -0.000001 
1139 -3.552511 0.000000 4.361139 99.757374 -6.965370 0.001146 -0.000005 
1140 -5.115617 0.000000 4.361139 99.757022 -6.968569 0.000970 -0.000002 
1141 -3.552511 0.000000 5.814852 99.757515 -6.963742 0.000898 -0.000006 
1142 -1.207854 0.000000 -2.180570 99.757976 -6.986694 -0.006099 -0.000047 
1143 -1.989406 0.000000 -2.180570 99.753504 -6.987675 0.001428 0.000041 
1144 -1.207854 0.000000 -2.907426 99.756977 -6.999651 -0.003709 -0.000045 
1145 3.481461 0.000000 -2.180570 99.734436 -7.250933 -0.022132 0.000047 
1146 3.481461 0.000000 -2.907426 99.744159 -7.150578 -0.009695 -0.000003 
1147 -1.207854 0.000000 2.180570 99.765267 -6.955509 0.011178 -0.000149 
1148 -1.989406 0.000000 2.180570 99.757502 -6.963702 0.003083 -0.000005 
1149 -1.207854 0.000000 2.907426 99.761694 -6.960426 0.006048 -0.000084 
1150 -0.817078 0.000000 -1.090285 99.743478 -7.018122 -0.002619 0.000198 
1151 -1.207854 0.000000 -1.090285 99.746473 -7.010919 0.008078 0.000149 
1152 -0.817078 0.000000 -1.453713 99.753197 -7.016000 -0.009444 0.000008 
1153 3.481461 0.000000 2.180570 99.762660 -6.820495 -0.014043 0.000089 
1154 3.481461 0.000000 2.907426 99.763172 -6.852024 -0.009168 0.000036 
1155 -0.230913 0.000000 -0.545142 99.641789 -7.030232 0.045292 0.002209 
1156 -0.426301 0.000000 -0.545142 99.717885 -7.011698 0.040647 0.000718 
1157 -0.230913 0.000000 -0.726857 99.667422 -7.036774 -0.000933 0.001689 
1158 0.941416 0.000000 -0.545142 99.731550 -7.283347 -0.017872 0.000057 
1159 0.941416 0.000000 -0.726857 99.728192 -7.173615 -0.017329 0.000283 
1160 -0.817078 0.000000 1.090285 99.747757 -6.976140 0.007369 0.000172 
1161 -1.207854 0.000000 1.090285 99.753027 -6.968480 0.005138 0.000077 
1162 -0.817078 0.000000 1.453713 99.760032 -6.945681 0.017525 -0.000031 
1163 -0.230913 0.000000 0.545142 99.658291 -7.025847 -0.030515 0.001886 
1164 -0.426301 0.000000 0.545142 99.734026 -7.005583 -0.017068 0.000405 
1165 -0.230913 0.000000 0.726857 99.694096 -7.014619 0.021599 0.001188 
1166 -0.133219 0.000000 -0.272571 99.679129 -7.179851 0.561314 0.001221 
1167 -0.230913 0.000000 -0.272571 99.817017 -7.004367 0.429685 -0.001268 
1168 -0.133219 0.000000 -0.363428 99.447445 -7.099706 0.247912 0.005974 
1169 0.941416 0.000000 0.545142 99.871615 -7.222889 -0.031316 -0.002651 
1170 0.941416 0.000000 0.726857 99.814499 -7.091518 -0.029974 -0.001322 
1171 -0.133219 0.000000 0.272571 99.669484 -7.219663 -0.578162 0.001354 
1172 -0.230913 0.000000 0.272571 99.816990 -6.963030 -0.420843 -0.001209 
1173 -0.133219 0.000000 0.363428 99.457958 -7.092377 -0.239531 0.005776 
1174 0.037745 0.000000 -0.113571 88.557313 -8.866579 -1.848756 0.207557 
1175 0.013322 0.000000 -0.113571 87.729670 -8.452629 4.366717 0.221299 
1176 0.037745 0.000000 -0.136286 92.676728 -8.299795 -0.841208 0.134143 
1177 0.648333 0.000000 -0.272571 101.461552 -11.202157 0.005198 -0.041993 
1178 0.648333 0.000000 -0.363428 99.798210 -7.555344 0.117223 -0.001678 
1179 0.746027 0.000000 -0.272571 102.524810 -10.291094 0.014676 -0.061724 
1180 0.648333 0.000000 0.272571 101.411800 -11.180202 0.009421 -0.040935 
1181 0.746027 0.000000 0.272571 102.398370 -10.287610 0.037945 -0.059126 
1182 0.648333 0.000000 0.363428 99.845072 -7.520332 -0.110557 -0.002561 
1183 0.037745 0.000000 0.113571 88.492077 -8.882109 1.841079 0.208687 
1184 0.013322 0.000000 0.113571 87.672899 -8.471450 -4.389777 0.222243 
1185 0.037745 0.000000 0.136286 92.626802 -8.313758 0.839029 0.135045 
1186 0.098804 0.000000 -0.079500 92.502947 -12.479118 -15.410485 0.104999 
1187 0.098804 0.000000 -0.090857 92.618561 -12.570816 -15.491037 0.102380 
1188 0.098804 0.000000 -0.068143 92.495185 -12.468367 -15.401991 0.105196 
1189 0.098804 0.000000 0.079500 92.436091 -12.439966 15.399676 0.106367 
1190 0.098804 0.000000 0.068143 92.429773 -12.425892 15.391352 0.106544 
1191 0.098804 0.000000 0.090857 92.533049 -12.582352 15.478191 0.103974 
1192 0.233134 0.000000 -0.068143 86.955386 -0.082706 -6.385081 0.239798 
1193 0.233134 0.000000 -0.045429 88.412186 -0.066114 -4.801199 0.216023 
1194 0.184287 0.000000 -0.113571 99.792275 -11.216637 -9.848453 -0.018130 
1195 0.184287 0.000000 -0.136286 99.316251 -9.924332 -7.685252 -0.002127 
1196 0.233134 0.000000 0.068143 86.989573 -0.063527 6.404824 0.239179 
1197 0.233134 0.000000 0.045429 88.424575 -0.058594 4.841513 0.215765 
1198 0.184287 0.000000 0.113571 99.753825 -11.184718 9.849529 -0.017294 
1199 0.184287 0.000000 0.136286 99.313401 -9.867693 7.674462 -0.001942 
1200 0.501792 0.000000 -0.045429 100.380493 -8.048357 -0.001278 -0.014102 
1201 0.550639 0.000000 -0.045429 101.423376 -6.762133 -0.004024 -0.033243 
1202 0.501792 0.000000 0.000000 101.416381 -6.539987 -0.003559 -0.032805 
1203 0.501792 0.000000 0.045429 100.369310 -8.039497 -0.002145 -0.013863 
1204 0.550639 0.000000 0.045429 101.411718 -6.759332 -0.001469 -0.033003 
1205 0.428522 0.000000 -0.068143 99.143636 -10.865415 0.005168 0.005248 
1206 0.452945 0.000000 -0.068143 99.284255 -9.364373 0.002456 0.005495 
1207 0.428522 0.000000 -0.045429 99.312999 -11.620912 0.003116 0.000188 
1208 0.367463 0.000000 -0.102214 105.120004 -12.630128 -3.270376 -0.122043 
1209 0.367463 0.000000 -0.113571 105.150642 -12.639486 -2.768022 -0.122408 
1210 0.367463 0.000000 -0.090857 105.431006 -12.633887 -3.014771 -0.128440 
1211 0.428522 0.000000 0.068143 99.112736 -10.843292 0.003261 0.005909 
1212 0.428522 0.000000 0.045429 99.283101 -11.596625 0.002333 0.000838 
1213 0.452945 0.000000 0.068143 99.249881 -9.346065 0.003346 0.006211 
1214 0.367463 0.000000 0.102214 105.211611 -12.618160 3.272307 -0.123941 
1215 0.367463 0.000000 0.090857 105.525754 -12.619003 3.016115 -0.130402 
1216 0.367463 0.000000 0.113571 105.239263 -12.616515 2.769279 -0.124215 
1217 1.722968 0.000000 -0.545142 99.748150 -7.630582 -0.039530 -0.000792 
1218 1.722968 0.000000 -0.726857 99.679330 -7.476251 -0.027324 0.000814 
1219 1.722968 0.000000 0.545142 99.823538 -7.182841 -0.187116 -0.001637 
1220 1.722968 0.000000 0.726857 99.748380 -7.053347 -0.104165 0.000050 
1221 1.429886 0.000000 -0.272571 100.899640 -11.692015 -0.279231 -0.031752 
1222 1.429886 0.000000 -0.363428 99.758251 -7.763371 -0.093275 -0.001199 
1223 1.527580 0.000000 -0.272571 101.330996 -12.671697 -0.268260 -0.042861 
1224 1.429886 0.000000 0.272571 100.919455 -11.857295 -0.211641 -0.032538 
1225 1.527580 0.000000 0.272571 101.458762 -13.003619 -0.167174 -0.046300 
1226 1.429886 0.000000 0.363428 99.921238 -7.609110 -0.416720 -0.004233 
1227 8.952329 0.000000 -4.361139 99.746180 -7.118764 -0.019949 0.000002 
1228 8.952329 0.000000 -5.814852 99.749132 -7.077041 -0.010474 0.000003 
1229 10.515434 0.000000 -4.361139 99.746129 -7.120406 -0.024156 0.000001 
1230 6.607671 0.000000 -2.180570 99.733614 -7.293269 -0.064233 0.000001 
1231 6.607671 0.000000 -2.907426 99.740125 -7.200950 -0.033742 0.000005 
1232 7.389224 0.000000 -2.180570 99.733813 -7.292625 -0.073463 -0.000002 
1233 3.090685 0.000000 -1.090285 99.698212 -7.669744 -0.082763 0.000143 
1234 3.090685 0.000000 -1.453713 99.717548 -7.437667 -0.041463 0.000109 
1235 3.481461 0.000000 -1.090285 99.700404 -7.695590 -0.107087 0.000060 
1236 3.872238 0.000000 -1.090285 99.700268 -7.704663 -0.134955 0.000048 
1237 3.872238 0.000000 -1.453713 99.716238 -7.481592 -0.073953 0.000069 
1238 2.504521 0.000000 -0.545142 99.559927 -8.444548 -0.172093 0.001648 
1239 2.504521 0.000000 -0.726857 99.603420 -8.048368 -0.107875 0.001437 
1240 2.699909 0.000000 -0.545142 99.615588 -8.505554 -0.202633 0.000435 
1241 8.952329 0.000000 4.361139 99.764186 -6.863274 -0.013102 0.000000 
1242 10.515434 0.000000 4.361139 99.764338 -6.861311 -0.015745 -0.000000 
1243 8.952329 0.000000 5.814852 99.762263 -6.891510 -0.007645 -0.000000 
1244 3.090685 0.000000 1.090285 99.762528 -6.722868 -0.040780 0.000224 
1245 3.481461 0.000000 1.090285 99.769017 -6.704876 -0.043668 0.000119 
1246 3.090685 0.000000 1.453713 99.763894 -6.766886 -0.029954 0.000137 
1247 2.504521 0.000000 0.545142 99.695439 -6.679115 -0.074728 0.001620 
1248 2.699909 0.000000 0.545142 99.758179 -6.636768 -0.083669 0.000425 
1249 2.504521 0.000000 0.726857 99.724728 -6.744175 -0.075781 0.000949 
1250 2.895297 0.000000 -0.545142 99.630861 -8.521245 -0.209180 0.000104 
1251 2.895297 0.000000 -0.726857 99.651412 -8.128231 -0.165148 0.000350 
1252 3.090685 0.000000 -0.545142 99.637507 -8.549041 -0.221053 -0.000077 
1253 3.286073 0.000000 -0.545142 99.637402 -8.576979 -0.241985 -0.000124 
1254 3.286073 0.000000 -0.726857 99.664327 -8.163916 -0.205096 0.000033 
1255 3.481461 0.000000 -0.545142 99.635614 -8.589529 -0.276066 -0.000111 
1256 2.406827 0.000000 -0.272571 99.478530 -8.029154 -0.774881 0.003895 
1257 2.406827 0.000000 -0.363428 99.320665 -8.498406 -0.413342 0.006301 
1258 2.504521 0.000000 -0.272571 99.692316 -8.002207 -0.573827 -0.000292 
1259 2.895297 0.000000 0.181714 99.994465 -2.590028 -0.000062 -0.000560 
1260 2.895297 0.000000 0.363428 99.816046 -5.965559 -0.272967 0.000109 
1261 2.895297 0.000000 0.545142 99.768342 -6.577551 -0.098509 0.000300 
1262 3.090685 0.000000 0.545142 99.766666 -6.590935 -0.103719 0.000316 
1263 2.895297 0.000000 0.726857 99.759531 -6.675803 -0.063180 0.000347 
1264 2.406827 0.000000 0.272571 99.647392 -5.064039 0.494293 0.004451 
1265 2.504521 0.000000 0.272571 99.854181 -4.949624 0.292542 0.000456 
1266 2.406827 0.000000 0.363428 99.489061 -6.102548 0.136254 0.006467 
1267 2.357979 0.000000 -0.136286 100.802693 -6.685786 -4.734795 -0.022830 
1268 2.357979 0.000000 -0.181714 99.364146 -7.211471 -2.809231 0.006687 
1269 2.406827 0.000000 -0.136286 100.918675 -6.466374 -3.085233 -0.023591 
1270 2.284709 0.000000 -0.113571 90.783314 -6.872652 -12.872804 0.154545 
1271 2.284709 0.000000 -0.136286 93.770634 -7.090383 -6.331134 0.111671 
1272 2.309132 0.000000 -0.113571 99.519086 -6.579805 -11.689324 -0.008398 
1273 2.357979 0.000000 0.136286 100.941270 -2.384914 5.307938 -0.022300 
1274 2.406827 0.000000 0.136286 101.027213 -2.171720 3.781432 -0.022551 
1275 2.357979 0.000000 0.181714 99.537904 -3.380121 2.705964 0.007346 
1276 2.284709 0.000000 0.113571 90.880881 -2.850241 13.847262 0.154079 
1277 2.309132 0.000000 0.113571 99.668162 -2.485165 12.867019 -0.010548 
1278 2.284709 0.000000 0.136286 94.039759 -2.854084 6.713212 0.110331 
1279 3.676849 0.000000 -0.545142 99.634957 -8.600695 -0.314303 -0.000120 
1280 3.676849 0.000000 -0.726857 99.666596 -8.169444 -0.254789 -0.000024 
1281 3.872238 0.000000 -0.545142 99.635811 -8.609148 -0.354484 -0.000154 
1282 4.067626 0.000000 -0.545142 99.636351 -8.613054 -0.397438 -0.000175 
1283 4.067626 0.000000 -0.726857 99.668234 -8.169742 -0.308833 -0.000060 
1284 4.263014 0.000000 -0.545142 99.637518 -8.615984 -0.440479 -0.000206 
1285 4.653790 0.000000 1.090285 99.773807 -6.678592 -0.046292 0.000058 
1286 4.263014 0.000000 1.090285 99.772848 -6.683240 -0.044528 0.000071 
1287 4.653790 0.000000 1.453713 99.770848 -6.720899 -0.034136 0.000061 
1288 4.458402 0.000000 -0.545142 99.638061 -8.608583 -0.489485 -0.000209 
1289 4.458402 0.000000 -0.726857 99.670496 -8.147747 -0.361369 -0.000072 
1290 3.969932 0.000000 -0.090857 100.060233 -2.534790 -2.008461 -0.002251 
1291 3.969932 0.000000 -0.181714 99.815919 -6.029935 0.774958 -0.000018 
1292 3.969932 0.000000 0.000000 99.796907 -6.299296 -3.435372 -0.001091 
1293 3.579155 0.000000 0.090857 100.098274 -1.919187 -12.645426 -0.018325 
1294 3.481461 0.000000 0.090857 100.241466 0.163052 -20.695530 -0.047668 
1295 3.579155 0.000000 0.181714 100.056408 -2.517291 -1.540985 -0.002000 
1296 3.383767 0.000000 -0.090857 99.905576 -4.662017 -0.438089 -0.000305 
1297 3.383767 0.000000 -0.181714 99.793304 -6.317503 0.091495 0.000138 
1298 3.383767 0.000000 0.000000 99.812348 -5.944132 -1.208036 0.000070 
1299 3.969932 0.000000 0.090857 100.048481 -2.701185 -5.953294 -0.005244 
1300 4.067626 0.000000 0.090857 100.046711 -2.735399 -5.519549 -0.004729 
1301 3.969932 0.000000 0.181714 100.039915 -2.823818 -2.426630 -0.002185 
1302 4.165320 0.000000 0.090857 100.045600 -2.764493 -5.224115 -0.004406 
1303 4.165320 0.000000 0.181714 100.028012 -3.017599 -2.778719 -0.002243 
1304 4.556096 0.000000 -0.272571 99.712753 -7.541136 2.745239 -0.000704 
1305 4.458402 0.000000 -0.272571 99.705995 -7.633335 2.428019 -0.000545 
1306 4.556096 0.000000 -0.363428 99.555854 -9.786010 0.286921 -0.000722 
1307 4.556096 0.000000 0.090857 100.045886 -2.775268 -4.733220 -0.003928 
1308 4.556096 0.000000 0.181714 100.005797 -3.348699 -3.298418 -0.002325 
1309 6.216895 0.000000 -1.090285 99.707157 -7.677349 -0.262721 -0.000053 
1310 6.216895 0.000000 -1.453713 99.719763 -7.484716 -0.145792 -0.000007 
1311 6.607671 0.000000 -1.090285 99.707874 -7.660609 -0.282720 -0.000042 
1312 5.239954 0.000000 -0.545142 99.642488 -8.570592 -0.695944 -0.000256 
1313 5.239954 0.000000 -0.726857 99.674946 -8.107348 -0.460453 -0.000104 
1314 4.946872 0.000000 -0.272571 99.823840 -5.967117 4.490034 -0.002057 
1315 4.946872 0.000000 -0.363428 99.519379 -10.322057 -0.156283 -0.001068 
1316 5.044566 0.000000 -0.272571 99.904398 -4.818071 4.705604 -0.002625 
1317 5.239954 0.000000 0.545142 99.773873 -6.687212 -0.127735 0.000044 
1318 5.044566 0.000000 0.545142 99.774292 -6.676833 -0.135528 0.000049 
1319 5.239954 0.000000 0.726857 99.776476 -6.649796 -0.068695 0.000043 
1320 4.946872 0.000000 0.090857 100.002144 -3.416757 -3.924903 -0.002751 
1321 5.044566 0.000000 0.090857 99.994629 -3.527116 -3.603739 -0.002435 
1322 4.946872 0.000000 0.181714 99.992256 -3.558084 -3.633449 -0.002431 
1323 4.800331 0.000000 -0.136286 100.166656 -1.059711 -2.369325 -0.004010 
1324 4.800331 0.000000 -0.181714 99.836935 -5.774875 1.643707 -0.000346 
1325 4.849178 0.000000 -0.136286 100.167573 -1.048343 -2.410340 -0.004045 
1326 5.142260 0.000000 -0.272571 100.002451 -3.418420 4.165490 -0.002953 
1327 5.142260 0.000000 -0.363428 99.506669 -10.509266 -0.531615 -0.001230 
1328 5.239954 0.000000 -0.272571 100.047862 -2.771067 2.739866 -0.002476 
1329 5.337648 0.000000 -0.272571 99.997652 -3.491425 1.949003 -0.001552 
1330 5.337648 0.000000 -0.363428 99.502098 -10.578650 -0.972728 -0.001352 
1331 6.021507 0.000000 -0.181714 100.046897 -2.810637 -4.513700 -0.003765 
1332 6.021507 0.000000 -0.363428 99.549193 -9.928093 -2.265774 -0.001374 
1333 6.216895 0.000000 -0.181714 100.008258 -3.363514 -4.363243 -0.003200 
1334 5.533037 0.000000 -0.090857 100.122550 -1.708363 -1.845328 -0.003085 
1335 5.630731 0.000000 -0.090857 100.110438 -1.883442 -1.803592 -0.002890 
1336 5.142260 0.000000 0.090857 99.988352 -3.618815 -3.284159 -0.002155 
1337 5.142260 0.000000 0.181714 99.988802 -3.612066 -3.762217 -0.002496 
1338 5.337648 0.000000 0.272571 99.708031 -7.630742 -7.986774 -0.006371 
1339 5.239954 0.000000 0.272571 99.753077 -6.985491 -6.032422 -0.003586 
1340 5.337648 0.000000 0.363428 99.727775 -7.348388 -0.621600 -0.000001 
1341 5.142260 0.000000 0.272571 99.778561 -6.618375 -4.993890 -0.002450 
1342 5.044566 0.000000 0.272571 99.796742 -6.356627 -4.328732 -0.001853 
1343 5.142260 0.000000 0.363428 99.737082 -7.211546 -0.765405 -0.000008 
1344 3.383767 0.000000 0.090857 102.337985 30.207155 -55.732365 -0.449163 
1345 3.286073 0.000000 0.090857 100.976385 10.867531 38.629272 -0.180655 
1346 3.383767 0.000000 0.181714 100.053678 -2.460511 -1.030455 -0.001785 
1347 5.923813 0.000000 0.090857 99.960188 -4.050089 -1.154994 -0.000978 
1348 5.923813 0.000000 0.000000 99.928861 -4.497966 0.402224 -0.000617 
1349 6.021507 0.000000 0.090857 99.957487 -4.089359 -0.987646 -0.000920 
1350 3.872238 0.000000 1.090285 99.770637 -6.694905 -0.042364 0.000100 
1351 3.872238 0.000000 1.453713 99.771862 -6.748469 -0.035661 0.000003 
1352 3.286073 0.000000 0.545142 99.770555 -6.592923 -0.114348 0.000236 
1353 3.481461 0.000000 0.545142 99.772055 -6.594229 -0.123308 0.000204 
1354 3.286073 0.000000 0.726857 99.765990 -6.664471 -0.061352 0.000233 
1355 3.676849 0.000000 0.545142 99.773644 -6.600321 -0.131971 0.000164 
1356 3.872238 0.000000 0.545142 99.774887 -6.611584 -0.138636 0.000124 
1357 3.676849 0.000000 0.726857 99.771606 -6.654694 -0.067092 0.000134 
1358 4.849178 0.000000 0.545142 99.774866 -6.664702 -0.141732 0.000054 
1359 4.653790 0.000000 0.545142 99.775247 -6.651998 -0.145456 0.000063 
1360 4.849178 0.000000 0.726857 99.776130 -6.647981 -0.068929 0.000052 
1361 4.458402 0.000000 0.545142 99.775589 -6.637404 -0.147039 0.000076 
1362 4.263014 0.000000 0.545142 99.775409 -6.633549 -0.144751 0.000084 
1363 4.458402 0.000000 0.726857 99.775200 -6.645514 -0.067492 0.000074 
1364 4.360708 0.000000 -0.272571 99.701982 -7.690972 2.154569 -0.000428 
1365 4.263014 0.000000 -0.272571 99.699237 -7.727256 1.915154 -0.000332 
1366 4.360708 0.000000 -0.363428 99.573282 -9.525284 0.369655 -0.000571 
1367 4.946872 0.000000 0.272571 99.810948 -6.150926 -3.852124 -0.001490 
1368 4.849178 0.000000 0.272571 99.822721 -5.979261 -3.484252 -0.001247 
1369 4.946872 0.000000 0.363428 99.748338 -7.046553 -0.865069 -0.000013 
1370 4.751484 0.000000 0.272571 99.832802 -5.831468 -3.185065 -0.001074 
1371 4.653790 0.000000 0.272571 99.841616 -5.701332 -2.931597 -0.000945 
1372 4.751484 0.000000 0.363428 99.760136 -6.870940 -0.917090 -0.000014 
1373 6.021507 0.000000 -0.545142 99.651427 -8.466112 -0.901416 -0.000289 
1374 6.021507 0.000000 -0.726857 99.680125 -8.055812 -0.552379 -0.000133 
1375 6.216895 0.000000 -0.545142 99.654317 -8.424958 -0.946979 -0.000286 
1376 5.728425 0.000000 -0.090857 100.097768 -2.066344 -1.773836 -0.002698 
1377 5.728425 0.000000 -0.181714 100.113040 -1.848277 -4.540260 -0.004665 
1378 5.826119 0.000000 -0.090857 100.085114 -2.262819 -1.755754 -0.002523 
1379 3.188379 0.000000 0.090857 100.132137 -0.901706 16.237253 -0.029091 
1380 3.090685 0.000000 0.090857 100.037881 -2.228485 11.171719 -0.013735 
1381 3.188379 0.000000 0.181714 100.018353 -2.465968 -0.540951 -0.001004 
1382 5.923813 0.000000 -0.090857 100.072003 -2.450993 -1.745699 -0.002346 
1383 5.923813 0.000000 -0.181714 100.068215 -2.505132 -4.554302 -0.004067 
1384 6.021507 0.000000 -0.090857 100.059001 -2.637579 -1.743365 -0.002180 
1385 4.067626 0.000000 0.545142 99.775445 -6.620201 -0.144004 0.000101 
1386 4.067626 0.000000 0.726857 99.775218 -6.655225 -0.072442 0.000061 
1387 4.165320 0.000000 -0.272571 99.696987 -7.746872 1.697624 -0.000239 
1388 4.067626 0.000000 -0.272571 99.696015 -7.753878 1.511181 -0.000170 
1389 4.165320 0.000000 -0.363428 99.588709 -9.308934 0.394748 -0.000472 
1390 4.556096 0.000000 0.272571 99.849434 -5.584956 -2.709670 -0.000844 
1391 4.458402 0.000000 0.272571 99.856426 -5.479802 -2.510645 -0.000764 
1392 4.556096 0.000000 0.363428 99.771561 -6.698952 -0.926729 -0.000010 
1393 4.360708 0.000000 0.272571 99.862680 -5.388589 -2.327648 -0.000701 
1394 4.263014 0.000000 0.272571 99.868098 -5.306710 -2.157003 -0.000645 
1395 4.360708 0.000000 0.363428 99.781942 -6.542366 -0.900998 -0.000005 
1396 5.728425 0.000000 -0.272571 99.735463 -7.248242 -9.685951 -0.009352 
1397 5.728425 0.000000 -0.363428 99.519961 -10.330466 -1.819410 -0.001425 
1398 5.826119 0.000000 -0.272571 99.556525 -9.821901 -7.794203 -0.006872 
1399 5.923813 0.000000 -0.272571 99.521562 -10.322535 -7.825903 -0.007234 
1400 5.923813 0.000000 -0.363428 99.538735 -10.077019 -2.139666 -0.001408 
1401 6.021507 0.000000 -0.272571 99.568662 -9.649652 -7.791752 -0.006775 
1 11 62 60 61 
2 62 10 24 60 
3 60 24 14 63 
4 61 60 63 6 
5 24 66 64 65 
6 66 23 40 64 
7 64 40 27 67 
8 65 64 67 14 
9 40 70 68 69 
10 69 68 71 27 
11 6 63 92 93 
12 63 14 36 92 
13 92 36 19 94 
14 93 92 94 20 
15 14 67 95 96 
16 67 27 52 95 
17 95 52 35 97 
18 96 95 97 36 
19 27 71 98 99 
20 99 98 100 52 
21 68 112 110 111 
22 112 56 80 110 
23 110 80 43 113 
24 111 110 113 71 
25 80 116 114 115 
26 115 114 117 43 
27 71 113 133 134 
28 113 43 102 133 
29 133 102 76 135 
30 134 133 135 98 
31 43 117 136 137 
32 137 136 138 102 
33 114 141 139 140 
34 141 106 129 139 
35 139 129 83 142 
36 140 139 142 117 
37 129 149 147 148 
38 147 150 132 151 
39 148 147 151 83 
40 117 142 152 153 
41 142 83 144 152 
42 152 144 125 154 
43 153 152 154 136 
44 83 151 155 156 
45 151 132 157 155 
46 156 155 158 144 
47 12 161 159 160 
48 161 7 162 159 
49 159 162 13 25 
50 160 159 25 10 
51 25 165 163 164 
52 165 13 166 163 
53 163 166 26 41 
54 164 163 41 23 
55 41 169 167 168 
56 169 26 170 167 
57 167 170 42 57 
58 168 167 57 39 
59 39 173 171 172 
60 173 57 174 171 
61 171 174 55 81 
62 172 171 81 56 
63 81 177 175 176 
64 177 55 178 175 
65 175 178 82 107 
66 176 175 107 79 
67 79 181 179 180 
68 181 107 182 179 
69 179 182 105 130 
70 180 179 130 106 
71 106 185 183 184 
72 185 130 186 183 
73 184 183 149 129 
74 195 197 109 198 
75 150 195 198 132 
76 149 201 199 200 
77 201 128 202 199 
78 199 202 150 203 
79 200 199 203 147 
80 132 198 210 157 
81 198 109 211 210 
82 19 38 213 214 
83 38 21 215 213 
84 213 215 9 216 
85 214 213 216 22 
86 35 54 217 218 
87 54 37 219 217 
88 217 219 21 220 
89 218 217 220 38 
90 51 78 221 222 
91 78 53 223 221 
92 221 223 37 224 
93 222 221 224 54 
94 76 104 225 226 
95 104 75 227 225 
96 225 227 78 228 
97 226 225 228 51 
98 101 127 229 230 
99 127 103 231 229 
100 229 231 75 232 
101 230 229 232 104 
102 125 146 233 234 
103 146 124 235 233 
104 233 235 127 236 
105 234 233 236 101 
106 144 158 237 238 
107 237 239 146 240 
108 238 237 240 125 
109 155 243 241 242 
110 243 157 244 241 
111 241 244 143 245 
112 242 241 245 158 
113 130 247 246 186 
114 247 105 248 246 
115 249 251 195 252 
116 202 249 252 150 
117 186 255 253 254 
118 255 246 256 253 
119 253 256 196 250 
120 254 253 250 128 
121 128 259 257 258 
122 259 250 260 257 
123 257 260 249 261 
124 258 257 261 202 
125 262 263 124 264 
126 239 262 264 146 
127 157 266 265 244 
128 266 210 267 265 
129 143 268 269 270 
130 268 212 271 269 
131 269 271 262 272 
132 270 269 272 239 
133 244 275 273 274 
134 275 265 276 273 
135 273 276 268 277 
136 274 273 277 143 
137 278 280 194 281 
138 197 278 281 109 
139 283 131 284 282 
140 282 284 197 285 
141 251 282 285 195 
142 107 287 286 182 
143 287 82 288 286 
144 286 288 108 192 
145 182 286 192 105 
146 105 290 289 248 
147 290 192 291 289 
148 246 293 292 256 
149 293 248 294 292 
150 292 294 131 283 
151 256 292 283 196 
152 196 297 295 296 
153 297 283 298 295 
154 295 298 282 299 
155 296 295 299 251 
156 109 281 300 211 
157 281 194 301 300 
158 210 304 303 267 
159 304 211 305 303 
160 303 305 145 306 
161 124 209 307 235 
162 209 126 308 307 
163 307 308 103 309 
164 235 307 309 127 
165 310 311 209 312 
166 263 310 312 124 
167 212 306 313 271 
168 306 145 314 313 
169 313 314 263 315 
170 271 313 315 262 
171 267 318 316 317 
172 318 303 319 316 
173 316 319 306 320 
174 317 316 320 212 
175 131 322 321 284 
176 322 279 323 321 
177 321 323 278 324 
178 284 321 324 197 
179 211 326 325 305 
180 326 300 327 325 
181 325 327 302 328 
182 305 325 328 145 
183 192 334 333 291 
184 334 108 335 333 
185 289 339 337 338 
186 339 291 340 337 
187 337 340 191 341 
188 338 337 341 279 
189 345 347 126 348 
190 311 345 348 209 
191 302 351 349 350 
192 351 207 352 349 
193 349 352 311 353 
194 350 349 353 310 
195 354 355 59 356 
196 280 354 356 194 
197 291 358 357 340 
198 358 333 359 357 
199 357 359 336 360 
200 191 360 361 362 
201 360 336 363 361 
202 361 363 354 364 
203 362 361 364 280 
204 340 367 365 366 
205 367 357 368 365 
206 365 368 360 369 
207 366 365 369 191 
208 194 356 370 301 
209 356 59 371 370 
210 373 346 374 372 
211 372 374 345 375 
212 352 372 375 311 
213 301 378 376 377 
214 378 370 379 376 
215 376 379 346 373 
216 377 376 373 207 
217 207 382 380 381 
218 382 373 383 380 
219 380 383 372 384 
220 381 380 384 352 
221 57 386 385 174 
222 386 42 387 385 
223 385 387 58 89 
224 174 385 89 55 
225 55 389 388 178 
226 389 89 390 388 
227 388 390 88 188 
228 178 388 188 82 
229 82 392 391 288 
230 392 188 393 391 
231 391 393 187 330 
232 288 391 330 108 
233 108 395 394 335 
234 395 330 396 394 
235 333 399 398 359 
236 399 335 400 398 
237 359 398 401 336 
238 75 123 402 227 
239 123 77 403 402 
240 402 403 53 404 
241 227 402 404 78 
242 103 206 405 231 
243 206 121 406 405 
244 405 406 123 407 
245 231 405 407 75 
246 126 344 408 308 
247 344 204 409 408 
248 408 409 206 410 
249 308 408 410 103 
250 411 413 344 414 
251 347 411 414 126 
252 346 416 415 374 
253 415 417 347 418 
254 374 415 418 345 
255 419 420 332 421 
256 355 419 421 59 
257 335 423 422 400 
258 423 394 424 422 
259 336 401 426 363 
260 401 193 427 426 
261 426 427 355 428 
262 363 426 428 354 
263 398 431 429 430 
264 431 400 432 429 
265 429 432 193 433 
266 430 429 433 401 
267 59 421 434 371 
268 421 332 435 434 
269 370 437 436 379 
270 437 371 438 436 
271 436 438 208 416 
272 379 436 416 346 
273 439 441 411 442 
274 417 439 442 347 
275 416 445 443 444 
276 445 208 446 443 
277 443 446 417 447 
278 444 443 447 415 
279 88 453 452 189 
280 453 90 454 452 
281 452 454 5 455 
282 189 452 455 91 
283 187 457 456 331 
284 457 189 458 456 
285 456 458 91 459 
286 331 456 459 190 
287 330 461 460 396 
288 461 187 462 460 
289 460 462 331 463 
290 396 460 463 329 
291 394 465 464 424 
292 465 396 466 464 
293 464 466 329 467 
294 424 464 467 397 
295 193 425 468 427 
296 425 397 469 468 
297 468 469 419 470 
298 427 468 470 355 
299 422 473 471 472 
300 473 424 474 471 
301 471 474 397 475 
302 472 471 475 425 
303 371 477 476 438 
304 477 434 478 476 
305 476 478 412 440 
306 438 476 440 208 
307 91 455 482 205 
308 455 5 483 482 
309 482 483 122 484 
310 205 482 484 121 
311 190 459 485 343 
312 459 91 486 485 
313 485 486 205 487 
314 343 485 487 204 
315 342 489 488 413 
316 489 343 490 488 
317 488 490 204 491 
318 413 488 491 344 
319 412 493 492 441 
320 493 342 494 492 
321 492 494 413 495 
322 441 492 495 411 
323 440 498 496 497 
324 498 412 499 496 
325 496 499 441 500 
326 497 496 500 439 
327 454 510 508 509 
328 508 511 504 512 
329 509 508 512 5 
330 5 512 513 514 
331 512 504 515 513 
332 514 513 516 483 
333 7 518 517 162 
334 518 16 519 517 
335 517 519 15 32 
336 162 517 32 13 
337 13 521 520 166 
338 521 32 522 520 
339 520 522 31 48 
340 166 520 48 26 
341 26 524 523 170 
342 524 48 525 523 
343 523 525 47 85 
344 170 523 85 42 
345 42 527 526 387 
346 527 85 528 526 
347 526 528 84 449 
348 387 526 449 58 
349 58 531 529 530 
350 531 449 532 529 
351 529 532 448 502 
352 530 529 502 90 
353 90 535 533 534 
354 535 502 536 533 
355 533 536 501 510 
356 534 533 510 454 
357 538 17 539 537 
358 537 539 8 540 
359 448 554 553 503 
360 554 450 555 553 
361 553 555 87 556 
362 503 553 556 451 
363 501 558 557 511 
364 558 503 559 557 
365 557 559 451 560 
366 511 557 560 504 
367 510 563 561 562 
368 563 501 564 561 
369 561 564 511 565 
370 562 561 565 508 
371 540 8 567 566 
372 566 567 29 568 
373 451 556 578 506 
374 556 87 579 578 
375 578 579 480 580 
376 506 578 580 479 
377 504 560 581 515 
378 560 451 582 581 
379 581 582 506 583 
380 515 581 583 505 
381 21 46 584 215 
382 46 28 585 584 
383 584 585 30 586 
384 215 584 586 9 
385 37 74 587 219 
386 74 44 588 587 
387 587 588 46 589 
388 219 587 589 21 
389 53 120 590 223 
390 120 72 591 590 
391 590 591 74 592 
392 223 590 592 37 
393 77 481 593 403 
394 481 118 594 593 
395 593 594 120 595 
396 403 593 595 53 
397 122 507 596 597 
398 507 479 598 596 
399 596 598 481 599 
400 597 596 599 77 
401 483 516 600 601 
402 516 505 602 600 
403 600 602 507 603 
404 601 600 603 122 
405 513 606 604 605 
406 606 515 607 604 
407 604 607 505 608 
408 605 604 608 516 
409 555 618 616 617 
410 617 616 620 87 
411 87 620 621 622 
412 622 621 624 579 
413 85 626 625 528 
414 626 47 627 625 
415 625 627 86 550 
416 528 625 550 84 
417 84 630 628 629 
418 630 550 631 628 
419 628 631 549 610 
420 629 628 610 450 
421 450 634 632 633 
422 634 610 635 632 
423 632 635 609 618 
424 633 632 618 555 
425 641 551 642 640 
426 640 642 50 643 
427 618 650 648 649 
428 650 609 651 648 
429 649 648 652 616 
430 643 50 657 656 
431 656 657 576 658 
432 118 577 662 594 
433 577 119 663 662 
434 662 663 72 664 
435 594 662 664 120 
436 480 615 665 666 
437 615 575 667 665 
438 665 667 577 668 
439 666 665 668 118 
440 579 624 669 670 
441 624 613 671 669 
442 669 671 615 672 
443 670 669 672 480 
444 621 675 673 674 
445 673 676 613 677 
446 674 673 677 624 
447 610 679 678 635 
448 679 549 680 678 
449 678 680 611 645 
450 635 678 645 609 
451 609 682 681 651 
452 682 645 683 681 
453 616 652 685 686 
454 685 687 612 688 
455 686 685 688 620 
456 648 691 689 690 
457 691 651 692 689 
458 690 689 693 652 
459 620 688 694 695 
460 688 612 696 694 
461 695 694 675 621 
462 613 661 697 671 
463 661 614 698 697 
464 697 698 575 699 
465 671 697 699 615 
466 700 702 661 703 
467 676 700 703 613 
468 675 706 704 705 
469 704 707 676 708 
470 705 704 708 673 
471 709 710 647 711 
472 687 709 711 612 
473 651 713 712 692 
474 713 681 714 712 
475 652 693 716 717 
476 693 619 718 716 
477 716 718 687 719 
478 717 716 719 685 
479 689 722 720 721 
480 722 692 723 720 
481 720 723 619 724 
482 721 720 724 693 
483 612 711 725 696 
484 711 647 726 725 
485 694 729 727 728 
486 729 696 730 727 
487 727 730 623 706 
488 728 727 706 675 
489 731 733 700 734 
490 707 731 734 676 
491 706 737 735 736 
492 737 623 738 735 
493 735 738 707 739 
494 736 735 739 704 
495 619 715 740 718 
496 715 684 741 740 
497 740 741 709 742 
498 718 740 742 687 
499 692 744 743 723 
500 744 712 745 743 
501 743 745 715 746 
502 723 743 746 619 
503 696 748 747 730 
504 748 725 749 747 
505 747 749 701 732 
506 730 747 732 623 
507 623 751 750 738 
508 751 732 752 750 
509 750 752 731 753 
510 738 750 753 707 
511 755 640 756 754 
512 754 756 643 757 
513 645 759 758 683 
514 759 611 760 758 
515 681 763 762 714 
516 763 683 764 762 
517 762 764 644 765 
518 712 767 766 745 
519 767 714 768 766 
520 766 768 684 769 
521 745 766 769 715 
522 757 643 771 770 
523 770 771 656 772 
524 773 775 614 776 
525 702 773 776 661 
526 778 659 779 777 
527 777 779 702 780 
528 733 777 780 700 
529 732 782 781 752 
530 782 701 783 781 
531 781 783 733 784 
532 752 781 784 731 
533 785 786 552 787 
534 710 785 787 647 
535 684 765 788 741 
536 765 644 789 788 
537 788 789 710 790 
538 741 788 790 709 
539 714 792 791 768 
540 792 762 793 791 
541 791 793 765 794 
542 768 791 794 684 
543 647 787 795 726 
544 787 552 796 795 
545 725 798 797 749 
546 798 726 799 797 
547 797 799 659 778 
548 749 797 778 701 
549 701 801 800 783 
550 801 778 802 800 
551 800 802 777 803 
552 783 800 803 733 
553 804 806 785 807 
554 789 804 807 710 
555 683 809 808 764 
556 809 758 810 808 
557 808 810 761 805 
558 764 808 805 644 
559 644 813 811 812 
560 813 805 814 811 
561 811 814 804 815 
562 812 811 815 789 
563 726 817 816 799 
564 817 795 818 816 
565 659 819 820 779 
566 819 774 821 820 
567 820 821 773 822 
568 779 820 822 702 
569 799 825 823 824 
570 825 816 826 823 
571 823 826 819 827 
572 824 823 827 659 
573 646 829 828 786 
574 829 754 830 828 
575 828 830 757 831 
576 786 828 831 552 
577 761 833 832 806 
578 833 646 834 832 
579 832 834 786 835 
580 806 832 835 785 
581 805 837 836 814 
582 837 761 838 836 
583 836 838 806 839 
584 814 836 839 804 
585 552 831 840 796 
586 831 757 841 840 
587 840 841 770 842 
588 796 840 842 660 
589 795 844 843 818 
590 844 796 845 843 
591 843 845 660 846 
592 818 843 846 774 
593 816 848 847 826 
594 848 818 849 847 
595 847 849 774 850 
596 826 847 850 819 
597 638 867 865 866 
598 867 855 868 865 
599 855 875 874 868 
600 878 880 862 881 
601 879 878 881 654 
602 865 884 882 883 
603 884 868 885 882 
604 882 885 858 886 
605 636 889 887 888 
606 889 638 866 887 
607 866 893 891 892 
608 893 865 883 891 
609 891 883 869 894 
610 892 891 894 548 
611 898 899 863 900 
612 880 898 900 862 
613 869 886 901 902 
614 886 858 903 901 
615 901 903 880 904 
616 902 901 904 878 
617 883 907 905 906 
618 907 882 908 905 
619 905 908 886 909 
620 906 905 909 869 
621 876 919 917 918 
622 919 910 920 917 
623 917 920 913 921 
624 918 917 921 34 
625 33 923 922 543 
626 923 537 924 922 
627 922 924 540 925 
628 543 922 925 18 
629 927 543 928 926 
630 926 928 18 929 
631 18 925 938 570 
632 925 540 939 938 
633 938 939 566 940 
634 570 938 940 45 
635 929 18 942 941 
636 941 942 570 943 
637 910 956 955 920 
638 956 912 951 955 
639 955 951 873 957 
640 920 955 957 913 
641 873 954 958 959 
642 954 937 960 958 
643 958 960 947 961 
644 959 958 961 915 
645 951 964 962 963 
646 962 965 954 966 
647 963 962 966 873 
648 32 968 967 522 
649 968 15 969 967 
650 967 969 33 542 
651 522 967 542 31 
652 31 972 970 971 
653 972 542 973 970 
654 970 973 541 852 
655 971 970 852 49 
656 49 976 974 975 
657 976 852 977 974 
658 974 977 851 871 
659 975 974 871 547 
660 871 980 978 979 
661 980 851 981 978 
662 978 981 872 935 
663 979 978 935 870 
664 870 984 982 983 
665 984 935 985 982 
666 982 985 934 952 
667 983 982 952 912 
668 912 988 986 987 
669 988 952 989 986 
670 986 989 950 964 
671 987 986 964 951 
672 934 995 994 953 
673 995 936 996 994 
674 994 996 854 997 
675 953 994 997 937 
676 950 999 998 965 
677 999 953 1000 998 
678 998 1000 937 1001 
679 965 998 1001 954 
680 964 1004 1002 1003 
681 1004 950 1005 1002 
682 1002 1005 965 1006 
683 1003 1002 1006 962 
684 1008 926 1009 1007 
685 1007 1009 929 1010 
686 990 1020 1018 1019 
687 1020 992 1021 1018 
688 1018 1021 933 1022 
689 1019 1018 1022 993 
690 551 1024 1023 642 
691 1024 636 888 1023 
692 1023 888 639 1025 
693 642 1023 1025 50 
694 1026 879 654 1028 
695 1027 1026 1028 653 
696 888 1031 1029 1030 
697 1031 887 1032 1029 
698 1029 1032 890 1033 
699 1030 1029 1033 639 
700 874 1036 1034 1035 
701 1036 876 918 1034 
702 1034 918 34 1037 
703 1035 1034 1037 877 
704 936 1039 1038 996 
705 1039 990 1019 1038 
706 1038 1019 993 1040 
707 996 1038 1040 854 
708 852 1042 1041 977 
709 1042 541 1043 1041 
710 1041 1043 853 931 
711 977 1041 931 851 
712 931 1046 1044 1045 
713 1046 853 1047 1044 
714 1044 1047 932 1012 
715 1045 1044 1012 930 
716 930 1050 1048 1049 
717 1050 1012 1051 1048 
718 1048 1051 1011 1052 
719 1049 1048 1052 992 
720 34 921 1053 1054 
721 921 913 1055 1053 
722 1053 1055 914 1056 
723 1054 1053 1056 899 
724 1010 929 1058 1057 
725 1057 1058 941 1059 
726 993 1022 1063 1064 
727 1022 933 1065 1063 
728 1063 1065 1016 1066 
729 1064 1063 1066 1015 
730 933 1068 1067 1065 
731 1068 1014 1069 1067 
732 1065 1067 1070 1016 
733 1072 1010 1073 1071 
734 1071 1073 1057 1074 
735 1014 1076 1075 1069 
736 1076 544 1077 1075 
737 1075 1077 1061 1078 
738 1069 1075 1078 1060 
739 44 571 1079 588 
740 571 45 1080 1079 
741 1079 1080 28 1081 
742 588 1079 1081 46 
743 73 861 1082 1083 
744 861 569 1084 1082 
745 1082 1084 571 1085 
746 1083 1082 1085 44 
747 859 946 1086 1087 
748 946 860 1088 1086 
749 1086 1088 569 1089 
750 1087 1086 1089 861 
751 944 1062 1090 1091 
752 1062 945 1092 1090 
753 1090 1092 860 1093 
754 1091 1090 1093 946 
755 1016 1070 1094 1095 
756 1070 1060 1096 1094 
757 1094 1096 1062 1097 
758 1095 1094 1097 944 
759 1067 1100 1098 1099 
760 1100 1069 1101 1098 
761 1098 1101 1060 1102 
762 1099 1098 1102 1070 
763 569 943 1103 1084 
764 943 570 1104 1103 
765 1103 1104 45 1105 
766 1084 1103 1105 571 
767 860 1059 1106 1088 
768 1059 941 1107 1106 
769 1106 1107 943 1108 
770 1088 1106 1108 569 
771 945 1074 1109 1092 
772 1074 1057 1110 1109 
773 1109 1110 1059 1111 
774 1092 1109 1111 860 
775 1061 1114 1112 1113 
776 1114 1071 1115 1112 
777 1112 1115 1074 1116 
778 1113 1112 1116 945 
779 1060 1078 1117 1096 
780 1117 1113 945 1118 
781 1096 1117 1118 1062 
782 1078 1121 1119 1120 
783 1121 1061 1122 1119 
784 1119 1122 1113 1123 
785 1120 1119 1123 1117 
786 1 1126 1124 1125 
787 1126 12 160 1124 
788 1124 160 10 62 
789 1125 1124 62 11 
790 16 1128 1127 519 
791 1128 2 1129 1127 
792 1127 1129 17 538 
793 519 1127 538 15 
794 20 94 1130 1131 
795 94 19 214 1130 
796 1130 214 22 1132 
797 1131 1130 1132 4 
798 10 1135 1133 1134 
799 1135 25 164 1133 
800 1133 164 23 66 
801 1134 1133 66 24 
802 28 568 1136 585 
803 568 29 1137 1136 
804 1136 1137 3 1138 
805 585 1136 1138 30 
806 36 97 1139 1140 
807 97 35 218 1139 
808 1139 218 38 1141 
809 1140 1139 1141 19 
810 23 1144 1142 1143 
811 1144 41 168 1142 
812 1142 168 39 70 
813 1143 1142 70 40 
814 48 1146 1145 525 
815 1146 31 971 1145 
816 1145 971 49 546 
817 525 1145 546 47 
818 52 100 1147 1148 
819 100 51 222 1147 
820 1147 222 54 1149 
821 1148 1147 1149 35 
822 70 1152 1150 1151 
823 1152 39 172 1150 
824 1150 172 56 112 
825 1151 1150 112 68 
826 72 574 1153 591 
827 574 73 1083 1153 
828 1153 1083 44 1154 
829 591 1153 1154 74 
830 56 1157 1155 1156 
831 1157 81 176 1155 
832 1155 176 79 116 
833 1156 1155 116 80 
834 89 1159 1158 390 
835 1159 58 530 1158 
836 1158 530 90 453 
837 390 1158 453 88 
838 98 135 1160 1161 
839 135 76 226 1160 
840 1160 226 51 1162 
841 1161 1160 1162 100 
842 102 138 1163 1164 
843 138 101 230 1163 
844 1163 230 104 1165 
845 1164 1163 1165 76 
846 116 1168 1166 1167 
847 1168 79 180 1166 
848 1166 180 106 141 
849 1167 1166 141 114 
850 121 484 1169 406 
851 484 122 597 1169 
852 1169 597 77 1170 
853 406 1169 1170 123 
854 136 154 1171 1172 
855 154 125 234 1171 
856 1171 234 101 1173 
857 1172 1171 1173 138 
858 183 1176 1174 1175 
859 1176 186 254 1174 
860 1174 254 128 201 
861 1175 1174 201 149 
862 188 1178 1177 393 
863 1178 88 1179 1177 
864 1177 1179 189 457 
865 393 1177 457 187 
866 204 487 1180 409 
867 487 205 1181 1180 
868 1180 1181 121 1182 
869 409 1180 1182 206 
870 158 245 1183 1184 
871 245 143 270 1183 
872 1183 270 239 1185 
873 1184 1183 1185 237 
874 250 1187 1186 260 
875 1187 196 296 1186 
876 1186 296 251 1188 
877 260 1186 1188 249 
878 265 1190 1189 276 
879 1190 267 317 1189 
880 1189 317 212 1191 
881 276 1189 1191 268 
882 279 341 1192 323 
883 341 191 362 1192 
884 1192 362 280 1193 
885 323 1192 1193 278 
886 248 1195 1194 294 
887 1195 289 338 1194 
888 1194 338 279 322 
889 294 1194 322 131 
890 300 1197 1196 327 
891 1197 301 377 1196 
892 1196 377 207 351 
893 327 1196 351 302 
894 145 328 1198 314 
895 328 302 350 1198 
896 1198 350 310 1199 
897 314 1198 1199 263 
898 329 463 1200 420 
899 463 331 1201 1200 
900 1200 1201 190 1202 
901 420 1200 1202 332 
902 332 1202 1203 435 
903 1202 190 1204 1203 
904 1203 1204 343 489 
905 435 1203 489 342 
906 397 467 1205 469 
907 467 329 1206 1205 
908 1205 1206 420 1207 
909 469 1205 1207 419 
910 400 1209 1208 432 
911 1209 422 472 1208 
912 1208 472 425 1210 
913 432 1208 1210 193 
914 434 1212 1211 478 
915 1212 435 1213 1211 
916 1211 1213 342 493 
917 478 1211 493 412 
918 208 1215 1214 446 
919 1215 440 497 1214 
920 1214 497 439 1216 
921 446 1214 1216 417 
922 449 1218 1217 532 
923 1218 84 629 1217 
924 1217 629 450 554 
925 532 1217 554 448 
926 479 580 1219 598 
927 580 480 666 1219 
928 1219 666 118 1220 
929 598 1219 1220 481 
930 502 1222 1221 536 
931 1222 448 1223 1221 
932 1221 1223 503 558 
933 536 1221 558 501 
934 505 583 1224 602 
935 583 506 1225 1224 
936 1224 1225 479 1226 
937 602 1224 1226 507 
938 15 1228 1227 969 
939 1228 538 1229 1227 
940 1227 1229 537 923 
941 969 1227 923 33 
942 542 1231 1230 973 
943 1231 33 1232 1230 
944 1230 1232 543 927 
945 973 1230 927 541 
946 47 1234 1233 627 
947 1234 546 1235 1233 
948 1233 1235 545 637 
949 627 1233 637 86 
950 546 1237 1236 1235 
951 1237 49 975 1236 
952 1236 975 547 856 
953 1235 1236 856 545 
954 550 1239 1238 631 
955 1239 86 1240 1238 
956 1238 1240 551 641 
957 631 1238 641 549 
958 45 940 1241 1080 
959 940 566 1242 1241 
960 1241 1242 568 1243 
961 1080 1241 1243 28 
962 119 655 1244 663 
963 655 572 1245 1244 
964 1244 1245 574 1246 
965 663 1244 1246 72 
966 575 658 1247 667 
967 658 576 1248 1247 
968 1247 1248 119 1249 
969 667 1247 1249 577 
970 86 1251 1250 1240 
971 1251 637 1252 1250 
972 1250 1252 636 1024 
973 1240 1250 1024 551 
974 637 1254 1253 1252 
975 1254 545 1255 1253 
976 1253 1255 638 889 
977 1252 1253 889 636 
978 549 1257 1256 680 
979 1257 641 1258 1256 
980 1256 1258 640 755 
981 680 1256 755 611 
982 50 1025 1259 657 
983 1025 639 1027 1259 
984 1259 1027 653 1260 
985 657 1259 1260 576 
986 576 1260 1261 1248 
987 1260 653 1262 1261 
988 1261 1262 655 1263 
989 1248 1261 1263 119 
990 614 772 1264 698 
991 772 656 1265 1264 
992 1264 1265 658 1266 
993 698 1264 1266 575 
994 611 1268 1267 760 
995 1268 755 1269 1267 
996 1267 1269 754 829 
997 760 1267 829 646 
998 758 1271 1270 810 
999 1271 760 1272 1270 
1000 1270 1272 646 833 
1001 810 1270 833 761 
1002 660 842 1273 775 
1003 842 770 1274 1273 
1004 1273 1274 772 1275 
1005 775 1273 1275 614 
1006 774 846 1276 821 
1007 846 660 1277 1276 
1008 1276 1277 775 1278 
1009 821 1276 1278 773 
1010 545 1280 1279 1255 
1011 1280 856 1281 1279 
1012 1279 1281 855 867 
1013 1255 1279 867 638 
1014 856 1283 1282 1281 
1015 1283 547 1284 1282 
1016 1282 1284 857 875 
1017 1281 1282 875 855 
1018 573 897 1285 1286 
1019 897 859 1087 1285 
1020 1285 1087 861 1287 
1021 1286 1285 1287 73 
1022 547 1289 1288 1284 
1023 1289 871 979 1288 
1024 1288 979 870 911 
1025 1284 1288 911 857 
1026 868 1291 1290 885 
1027 1291 874 1035 1290 
1028 1290 1035 877 1292 
1029 885 1290 1292 858 
1030 548 894 1293 1294 
1031 894 869 902 1293 
1032 1293 902 878 1295 
1033 1294 1293 1295 879 
1034 887 1297 1296 1032 
1035 1297 866 892 1296 
1036 1296 892 548 1298 
1037 1032 1296 1298 890 
1038 858 1292 1299 903 
1039 1292 877 1300 1299 
1040 1299 1300 898 1301 
1041 903 1299 1301 880 
1042 877 1037 1302 1300 
1043 1037 34 1054 1302 
1044 1302 1054 899 1303 
1045 1300 1302 1303 898 
1046 911 1306 1304 1305 
1047 1306 870 983 1304 
1048 1304 983 912 956 
1049 1305 1304 956 910 
1050 913 957 1307 1055 
1051 957 873 959 1307 
1052 1307 959 915 1308 
1053 1055 1307 1308 914 
1054 541 1310 1309 1043 
1055 1310 927 1311 1309 
1056 1309 1311 926 1008 
1057 1043 1309 1008 853 
1058 851 1313 1312 981 
1059 1313 931 1045 1312 
1060 1312 1045 930 991 
1061 981 1312 991 872 
1062 935 1315 1314 985 
1063 1315 872 1316 1314 
1064 1314 1316 936 995 
1065 985 1314 995 934 
1066 896 1017 1317 1318 
1067 1017 944 1091 1317 
1068 1317 1091 946 1319 
1069 1318 1317 1319 859 
1070 937 997 1320 960 
1071 997 854 1321 1320 
1072 1320 1321 948 1322 
1073 960 1320 1322 947 
1074 952 1324 1323 989 
1075 1324 934 1325 1323 
1076 1323 1325 953 999 
1077 989 1323 999 950 
1078 872 1327 1326 1316 
1079 1327 991 1328 1326 
1080 1326 1328 990 1039 
1081 1316 1326 1039 936 
1082 991 1330 1329 1328 
1083 1330 930 1049 1329 
1084 1329 1049 992 1020 
1085 1328 1329 1020 990 
1086 1332 1007 1333 1331 
1087 1331 1333 1010 1072 
1088 992 1052 1334 1021 
1089 1052 1011 1335 1334 
1090 1334 1335 1014 1068 
1091 1021 1334 1068 933 
1092 854 1040 1336 1321 
1093 1040 993 1064 1336 
1094 1336 1064 1015 1337 
1095 1321 1336 1337 948 
1096 1015 1066 1338 1339 
1097 1066 1016 1095 1338 
1098 1338 1095 944 1340 
1099 1339 1338 1340 1017 
1100 948 1337 1341 1342 
1101 1337 1015 1339 1341 
1102 1341 1339 1017 1343 
1103 1342 1341 1343 896 
1104 890 1298 1344 1345 
1105 1298 548 1294 1344 
1106 1344 1294 879 1346 
1107 1345 1344 1346 1026 
1108 544 1348 1347 1077 
1109 1348 1072 1349 1347 
1110 1347 1349 1071 1114 
1111 1077 1347 1114 1061 
1112 572 864 1350 1245 
1113 864 573 1286 1350 
1114 1350 1286 73 1351 
1115 1245 1350 1351 574 
1116 653 1028 1352 1262 
1117 1028 654 1353 1352 
1118 1352 1353 572 1354 
1119 1262 1352 1354 655 
1120 654 881 1355 1353 
1121 881 862 1356 1355 
1122 1355 1356 864 1357 
1123 1353 1355 1357 572 
1124 895 949 1358 1359 
1125 949 896 1318 1358 
1126 1358 1318 859 1360 
1127 1359 1358 1360 897 
1128 863 916 1361 1362 
1129 916 895 1359 1361 
1130 1361 1359 897 1363 
1131 1362 1361 1363 573 
1132 857 1366 1364 1365 
1133 1366 911 1305 1364 
1134 1364 1305 910 919 
1135 1365 1364 919 876 
1136 947 1322 1367 1368 
1137 1322 948 1342 1367 
1138 1367 1342 896 1369 
1139 1368 1367 1369 949 
1140 915 961 1370 1371 
1141 961 947 1368 1370 
1142 1370 1368 949 1372 
1143 1371 1370 1372 895 
1144 853 1374 1373 1047 
1145 1374 1008 1375 1373 
1146 1373 1375 1007 1332 
1147 1047 1373 1332 932 
1148 1011 1377 1376 1335 
1149 1377 1013 1378 1376 
1150 1376 1378 544 1076 
1151 1335 1376 1076 1014 
1152 639 1033 1379 1380 
1153 1033 890 1345 1379 
1154 1379 1345 1026 1381 
1155 1380 1379 1381 1027 
1156 1013 1383 1382 1378 
1157 1383 1331 1384 1382 
1158 1382 1384 1072 1348 
1159 1378 1382 1348 544 
1160 862 900 1385 1356 
1161 900 863 1362 1385 
1162 1385 1362 573 1386 
1163 1356 1385 1386 864 
1164 875 1389 1387 1388 
1165 1389 857 1365 1387 
1166 1387 1365 876 1036 
1167 1388 1387 1036 874 
1168 914 1308 1390 1391 
1169 1308 915 1371 1390 
1170 1390 1371 895 1392 
1171 1391 1390 1392 916 
1172 899 1056 1393 1394 
1173 1056 914 1391 1393 
1174 1393 1391 916 1395 
1175 1394 1393 1395 863 
1176 1012 1397 1396 1051 
1177 1397 932 1398 1396 
1178 1396 1398 1013 1377 
1179 1051 1396 1377 1011 
1180 932 1400 1399 1398 
1181 1400 1332 1401 1399 
1182 1399 1401 1331 1383 
1183 1398 1399 1383 1013 
