2 0.000000 100.000000 240.580931
1443 1219 
1 -11.368037 0.000000 -11.617950 99.513036 -6.977436 6.958774 0.000005 
2 13.641644 0.000000 -11.617950 99.512053 -6.994383 6.954498 0.000006 
3 13.641644 0.000000 11.617950 99.515341 -6.956582 6.953557 -0.000005 
4 -11.368037 0.000000 11.617950 99.513809 -6.973654 6.958780 -0.000005 
5 1.136804 0.000000 0.000000 102.102748 -6.577199 6.582378 -0.051156 
6 -11.368037 0.000000 0.000000 99.513407 -6.975534 6.958961 -0.000000 
7 1.136804 0.000000 -11.617950 99.511630 -6.985306 6.957261 0.000024 
8 13.641644 0.000000 0.000000 99.548253 -6.793272 6.641668 -0.000011 
9 1.136804 0.000000 11.617950 99.515454 -6.966358 6.957097 -0.000026 
10 -5.115617 0.000000 -5.808975 99.512220 -6.978960 6.958792 0.000019 
11 -11.368037 0.000000 -5.808975 99.513134 -6.976700 6.958886 0.000004 
12 -5.115617 0.000000 -11.617950 99.512491 -6.979688 6.958528 0.000013 
13 1.136804 0.000000 -5.808975 99.508038 -6.995303 6.953534 0.000086 
14 -5.115617 0.000000 0.000000 99.513255 -6.975702 6.959477 0.000002 
15 7.389224 0.000000 -5.808975 99.510216 -7.014298 6.944581 0.000029 
16 7.389224 0.000000 -11.617950 99.511685 -6.991838 6.955443 0.000016 
17 13.641644 0.000000 -5.808975 99.511479 -7.014125 6.943129 0.000006 
18 7.389224 0.000000 0.000000 99.669246 -5.909107 5.791383 -0.000242 
19 -5.115617 0.000000 5.808975 99.514640 -6.972345 6.958905 -0.000020 
20 -11.368037 0.000000 5.808975 99.513696 -6.974377 6.958898 -0.000004 
21 1.136804 0.000000 5.808975 99.520097 -6.959622 6.952864 -0.000103 
22 -5.115617 0.000000 11.617950 99.514426 -6.971499 6.958532 -0.000014 
23 -1.989406 0.000000 -2.904488 99.508430 -6.981871 6.958854 0.000090 
24 -5.115617 0.000000 -2.904488 99.512417 -6.977665 6.959159 0.000016 
25 -1.989406 0.000000 -5.808975 99.510528 -6.982994 6.957770 0.000048 
26 1.136804 0.000000 -2.904488 99.500724 -7.010974 6.940588 0.000228 
27 -1.989406 0.000000 0.000000 99.510448 -6.977608 6.961410 0.000052 
28 7.389224 0.000000 5.808975 99.517910 -6.942847 6.941908 -0.000021 
29 13.641644 0.000000 5.808975 99.517587 -6.940195 6.936626 -0.000003 
30 7.389224 0.000000 11.617950 99.515482 -6.959958 6.954987 -0.000014 
31 4.263014 0.000000 -2.904488 99.504058 -7.058962 6.908640 0.000138 
32 4.263014 0.000000 -5.808975 99.508456 -7.008194 6.947394 0.000069 
33 7.389224 0.000000 -2.904488 99.509886 -7.057925 6.905218 0.000029 
34 4.263014 0.000000 0.000000 100.229812 -1.943508 1.689523 -0.005265 
35 -1.989406 0.000000 2.904488 99.517537 -6.969723 6.959811 -0.000076 
36 -5.115617 0.000000 2.904488 99.514246 -6.973704 6.959302 -0.000015 
37 1.136804 0.000000 2.904488 99.537421 -6.959143 6.937983 -0.000426 
38 -1.989406 0.000000 5.808975 99.516680 -6.969147 6.958046 -0.000055 
39 -0.426301 0.000000 -1.452244 99.484135 -6.994569 6.941451 0.000580 
40 -1.989406 0.000000 -1.452244 99.507304 -6.983572 6.961010 0.000107 
41 -0.426301 0.000000 -2.904488 99.496288 -6.992010 6.956253 0.000321 
42 1.136804 0.000000 -1.452244 99.454925 -7.041066 6.896096 0.001159 
43 -0.426301 0.000000 0.000000 99.716328 -7.084105 7.017639 -0.004278 
44 4.263014 0.000000 2.904488 99.524486 -6.928577 6.899188 -0.000073 
45 7.389224 0.000000 2.904488 99.522275 -6.929217 6.887672 -0.000014 
46 4.263014 0.000000 5.808975 99.519122 -6.950917 6.945672 -0.000061 
47 2.699909 0.000000 -1.452244 99.476835 -7.164524 6.781854 0.000704 
48 2.699909 0.000000 -2.904488 99.494493 -7.031826 6.918830 0.000353 
49 4.263014 0.000000 -1.452244 99.505553 -7.165161 6.760006 0.000161 
50 2.699909 0.000000 0.000000 100.103380 -5.528964 0.775911 -0.005186 
51 -0.426301 0.000000 1.452244 99.522937 -6.978228 6.967297 -0.000205 
52 -1.989406 0.000000 1.452244 99.514913 -6.973881 6.960623 -0.000030 
53 1.136804 0.000000 1.452244 99.559250 -6.987402 6.896573 -0.000843 
54 -0.426301 0.000000 2.904488 99.522523 -6.976486 6.955881 -0.000179 
55 0.355251 0.000000 -0.726122 99.484721 -7.057366 6.701812 0.000807 
56 -0.426301 0.000000 -0.726122 99.430273 -6.998319 6.977242 0.001596 
57 0.355251 0.000000 -1.452244 99.496429 -7.012597 6.914256 0.000348 
58 1.136804 0.000000 -0.726122 99.465789 -7.169305 6.807632 0.000881 
59 0.355251 0.000000 0.000000 61.683318 -0.059570 0.057915 0.619516 
60 -8.241827 0.000000 -2.904488 99.513067 -6.976574 6.959034 0.000005 
61 -11.368037 0.000000 -2.904488 99.513252 -6.976152 6.958938 0.000002 
62 -8.241827 0.000000 -5.808975 99.512878 -6.977405 6.958908 0.000008 
63 -8.241827 0.000000 0.000000 99.513385 -6.975554 6.959105 -0.000000 
64 -3.552511 0.000000 -1.452244 99.511903 -6.977647 6.959632 0.000026 
65 -5.115617 0.000000 -1.452244 99.512756 -6.976740 6.959360 0.000010 
66 -3.552511 0.000000 -2.904488 99.511422 -6.978971 6.959111 0.000034 
67 -3.552511 0.000000 0.000000 99.512974 -6.976018 6.959948 0.000006 
68 -1.207854 0.000000 -0.726122 99.501566 -6.979759 6.965023 0.000221 
69 -1.989406 0.000000 -0.726122 99.510450 -6.978712 6.954164 0.000061 
70 -1.207854 0.000000 -1.452244 99.500758 -6.984110 6.957206 0.000242 
71 -1.207854 0.000000 0.000000 99.507788 -6.981060 6.964421 0.000096 
72 2.699909 0.000000 1.452244 99.543882 -6.944009 6.739392 -0.000262 
73 4.263014 0.000000 1.452244 99.532070 -6.961599 6.708492 -0.000010 
74 2.699909 0.000000 2.904488 99.531387 -6.941276 6.910971 -0.000244 
75 0.355251 0.000000 0.726122 99.701041 -7.094433 6.978499 -0.003933 
76 -0.426301 0.000000 0.726122 99.520089 -7.028910 6.962268 -0.000213 
77 1.136804 0.000000 0.726122 99.664667 -7.076550 6.770212 -0.002896 
78 0.355251 0.000000 1.452244 99.564029 -6.985762 6.951731 -0.001012 
79 -0.035525 0.000000 -0.363061 98.544175 -7.148414 6.986051 0.018914 
80 -0.426301 0.000000 -0.363061 99.507059 -7.009267 7.034525 -0.000027 
81 -0.035525 0.000000 -0.726122 99.306870 -7.001458 6.853309 0.004216 
82 0.355251 0.000000 -0.363061 100.189476 -7.343077 5.724275 -0.012462 
83 -0.035525 0.000000 0.000000 173.349462 -7.462440 7.325839 -2.015939 
84 1.918356 0.000000 -0.726122 99.334237 -7.316688 6.493513 0.003701 
85 1.918356 0.000000 -1.452244 99.469333 -7.109108 6.848912 0.000840 
86 2.699909 0.000000 -0.726122 99.454884 -7.446056 6.184003 0.001504 
87 1.918356 0.000000 0.000000 101.532152 -8.229784 4.330407 -0.039526 
88 0.746027 0.000000 -0.363061 99.416930 -7.538165 6.445500 0.001791 
89 0.746027 0.000000 -0.726122 99.455553 -7.111165 6.833773 0.001132 
90 1.136804 0.000000 -0.363061 99.524650 -7.607849 6.274046 -0.000240 
91 0.746027 0.000000 0.000000 102.275684 -6.539038 6.517262 -0.054555 
92 -8.241827 0.000000 2.904488 99.513726 -6.974536 6.959064 -0.000005 
93 -11.368037 0.000000 2.904488 99.513568 -6.974919 6.958946 -0.000003 
94 -8.241827 0.000000 5.808975 99.513954 -6.973708 6.958943 -0.000009 
95 -3.552511 0.000000 1.452244 99.514210 -6.974344 6.959906 -0.000016 
96 -5.115617 0.000000 1.452244 99.513800 -6.974654 6.959452 -0.000008 
97 -3.552511 0.000000 2.904488 99.515054 -6.972880 6.959491 -0.000030 
98 -1.207854 0.000000 0.726122 99.514974 -6.977908 6.962700 -0.000040 
99 -1.989406 0.000000 0.726122 99.514824 -6.978177 6.967392 -0.000044 
100 -1.207854 0.000000 1.452244 99.516684 -6.974504 6.962497 -0.000069 
101 -0.035525 0.000000 0.363061 99.054754 -7.294108 6.745086 0.008946 
102 -0.426301 0.000000 0.363061 99.564530 -7.024561 6.896279 -0.001000 
103 0.355251 0.000000 0.363061 100.672537 -7.509608 7.051759 -0.024108 
104 -0.035525 0.000000 0.726122 99.512304 -7.046803 7.006274 -0.000144 
105 0.159863 0.000000 -0.181530 97.240752 -8.431980 0.174845 0.047311 
106 -0.035525 0.000000 -0.181530 96.491167 -7.146061 10.226312 0.053381 
107 0.159863 0.000000 -0.363061 98.691762 -7.199420 5.635247 0.017635 
108 0.355251 0.000000 -0.181530 101.381834 -8.887249 3.155899 -0.036722 
109 0.159863 0.000000 0.000000 116.272265 0.025199 0.156177 -0.351926 
110 -0.817078 0.000000 -0.363061 99.502037 -6.999128 6.975360 0.000170 
111 -1.207854 0.000000 -0.363061 99.503469 -6.982179 6.963751 0.000181 
112 -0.817078 0.000000 -0.726122 99.489467 -6.983704 6.965145 0.000456 
113 -0.817078 0.000000 0.000000 99.519472 -7.003934 6.979283 -0.000189 
114 -0.230913 0.000000 -0.181530 100.050653 -7.100174 7.378586 -0.011499 
115 -0.426301 0.000000 -0.181530 99.624948 -7.076453 7.059582 -0.002504 
116 -0.230913 0.000000 -0.363061 99.236104 -7.008616 7.300731 0.004977 
117 -0.230913 0.000000 0.000000 100.925203 -7.176679 7.049208 -0.028709 
118 1.918356 0.000000 0.726122 99.782147 -7.079894 6.287015 -0.004613 
119 2.699909 0.000000 0.726122 99.548283 -7.053331 6.039487 0.000391 
120 1.918356 0.000000 1.452244 99.576432 -6.955289 6.796911 -0.001004 
121 0.746027 0.000000 0.363061 99.560638 -7.567859 6.199084 -0.000802 
122 1.136804 0.000000 0.363061 99.733331 -7.582999 6.437730 -0.004568 
123 0.746027 0.000000 0.726122 99.610469 -7.107177 6.756910 -0.001841 
124 0.159863 0.000000 0.181530 99.004845 -8.613813 10.582499 0.001185 
125 -0.035525 0.000000 0.181530 97.883310 -7.335349 3.517380 0.035268 
126 0.355251 0.000000 0.181530 102.218913 -9.092440 6.008222 -0.056748 
127 0.159863 0.000000 0.363061 99.364753 -7.417840 7.560702 0.001446 
128 0.062169 0.000000 -0.090765 82.472845 -10.468865 -5.781491 0.305521 
129 -0.035525 0.000000 -0.090765 104.017274 -7.636695 26.913498 -0.160225 
130 0.062169 0.000000 -0.181530 94.187238 -7.779160 4.014130 0.105214 
131 0.159863 0.000000 -0.090765 97.864060 -12.612396 -13.081683 0.009242 
132 0.062169 0.000000 0.000000 211.314711 -0.678177 0.686676 -3.465484 
133 -0.817078 0.000000 0.363061 99.521718 -6.993641 6.967957 -0.000204 
134 -1.207854 0.000000 0.363061 99.510766 -6.979616 6.963948 0.000040 
135 -0.817078 0.000000 0.726122 99.515842 -6.982410 6.962549 -0.000063 
136 -0.230913 0.000000 0.181530 100.248286 -7.148251 6.651842 -0.014506 
137 -0.426301 0.000000 0.181530 99.664822 -7.014039 6.924974 -0.003023 
138 -0.230913 0.000000 0.363061 99.462796 -7.083110 6.660182 0.001262 
139 -0.133219 0.000000 -0.090765 103.186789 -7.260541 9.469123 -0.078989 
140 -0.230913 0.000000 -0.090765 100.551906 -7.151823 7.442345 -0.021722 
141 -0.133219 0.000000 -0.181530 99.767719 -7.329799 8.958020 -0.008757 
142 -0.133219 0.000000 0.000000 106.182168 -7.204253 7.223289 -0.137873 
143 0.062169 0.000000 0.090765 87.237775 -10.549741 12.265583 0.212783 
144 -0.035525 0.000000 0.090765 106.328574 -7.710223 -12.007400 -0.150939 
145 0.159863 0.000000 0.090765 101.567098 -12.595630 13.835987 -0.066596 
146 0.062169 0.000000 0.181530 96.207096 -7.992055 8.164994 0.061365 
147 0.013322 0.000000 -0.045383 68.992984 -11.551124 -13.445540 0.492576 
148 -0.035525 0.000000 -0.045383 148.892696 -7.650168 37.196655 -1.361115 
149 0.013322 0.000000 -0.090765 68.424568 -9.051842 10.430339 0.512735 
150 0.062169 0.000000 -0.045383 208.196953 -0.550804 -19.184916 -3.371434 
151 0.013322 0.000000 0.000000 277.059889 -3.522180 3.516603 -6.678695 
152 -0.133219 0.000000 0.090765 103.612854 -7.335024 4.879075 -0.081323 
153 -0.230913 0.000000 0.090765 100.671572 -7.182085 6.632163 -0.023033 
154 -0.133219 0.000000 0.181530 100.250899 -7.351808 5.129254 -0.013060 
155 0.013322 0.000000 0.045383 76.900232 -11.913704 15.237747 0.371223 
156 -0.035525 0.000000 0.045383 148.837472 -7.702168 -21.365687 -1.266841 
157 0.062169 0.000000 0.045383 206.732409 -0.606991 20.009415 -3.313903 
158 0.013322 0.000000 0.090765 75.180333 -9.202410 0.048409 0.426323 
159 -1.989406 0.000000 -8.713463 99.511484 -6.982672 6.957908 0.000029 
160 -5.115617 0.000000 -8.713463 99.512326 -6.979548 6.958601 0.000016 
161 -1.989406 0.000000 -11.617950 99.512034 -6.981988 6.958077 0.000019 
162 1.136804 0.000000 -8.713463 99.510623 -6.988186 6.956255 0.000041 
163 -0.426301 0.000000 -4.356731 99.507437 -6.988795 6.955263 0.000105 
164 -1.989406 0.000000 -4.356731 99.509798 -6.982705 6.957831 0.000063 
165 -0.426301 0.000000 -5.808975 99.509262 -6.987170 6.956211 0.000070 
166 1.136804 0.000000 -4.356731 99.505750 -6.993485 6.949870 0.000140 
167 0.355251 0.000000 -2.178366 99.505787 -6.998209 6.935895 0.000152 
168 -0.426301 0.000000 -2.178366 99.499020 -6.991101 6.948033 0.000279 
169 0.355251 0.000000 -2.904488 99.502944 -6.998683 6.946340 0.000193 
170 1.136804 0.000000 -2.178366 99.509644 -7.020676 6.926438 0.000057 
171 -0.035525 0.000000 -1.089183 99.451362 -7.002811 6.900554 0.001277 
172 -0.426301 0.000000 -1.089183 99.476503 -6.994266 6.934970 0.000741 
173 -0.035525 0.000000 -1.452244 99.465562 -6.995240 6.935666 0.000957 
174 0.355251 0.000000 -1.089183 99.488824 -7.017335 6.867356 0.000557 
175 0.159863 0.000000 -0.544591 99.203348 -7.108672 6.487997 0.006607 
176 -0.035525 0.000000 -0.544591 99.165095 -7.029456 6.814218 0.007044 
177 0.159863 0.000000 -0.726122 99.358440 -7.021632 6.725193 0.003337 
178 0.355251 0.000000 -0.544591 99.520252 -7.139259 6.474018 0.000284 
179 0.062169 0.000000 -0.272296 96.447834 -7.246869 5.687848 0.061295 
180 -0.035525 0.000000 -0.272296 97.355031 -7.209909 7.788153 0.040936 
181 0.062169 0.000000 -0.363061 98.219339 -7.177222 6.307571 0.026166 
182 0.159863 0.000000 -0.272296 97.982732 -7.372926 3.926818 0.032960 
183 0.013322 0.000000 -0.136148 89.885603 -7.960574 8.937922 0.177732 
184 -0.035525 0.000000 -0.136148 97.452948 -7.361093 13.919410 0.025499 
185 0.013322 0.000000 -0.181530 94.091887 -7.409514 7.653349 0.103324 
186 0.062169 0.000000 -0.136148 91.383549 -8.474401 1.225538 0.157573 
187 0.550639 0.000000 -0.181530 101.613055 -7.988757 5.032035 -0.041435 
188 0.550639 0.000000 -0.363061 99.728294 -7.463907 6.553919 -0.004440 
189 0.746027 0.000000 -0.181530 102.350717 -7.984027 5.079220 -0.056521 
190 0.550639 0.000000 0.000000 101.618111 -6.529470 6.489775 -0.041099 
191 0.257557 0.000000 -0.090765 101.510035 -12.540575 -10.022265 -0.056200 
192 0.257557 0.000000 -0.181530 99.980298 -8.709928 1.036185 -0.007300 
193 0.355251 0.000000 -0.090765 104.671583 -12.552646 -4.287407 -0.113209 
194 0.257557 0.000000 0.000000 77.328845 -0.083591 0.077413 0.402024 
195 0.111016 0.000000 -0.045383 149.804689 -0.212904 -13.485101 -1.262334 
196 0.111016 0.000000 -0.090765 90.064708 -12.493333 -14.937145 0.150915 
197 0.159863 0.000000 -0.045383 115.130690 0.006381 -8.198546 -0.332229 
198 0.111016 0.000000 0.000000 153.227238 -0.231038 0.197355 -1.347868 
199 0.037745 0.000000 -0.068074 69.184912 -11.628717 -13.322074 0.490074 
200 0.013322 0.000000 -0.068074 68.975731 -11.332073 -13.078777 0.494288 
201 0.037745 0.000000 -0.090765 79.190872 -9.812798 -2.401773 0.362675 
202 0.062169 0.000000 -0.068074 75.015731 -11.969642 -14.268381 0.402578 
203 0.037745 0.000000 -0.045383 68.803587 -11.673656 -13.407855 0.495002 
204 0.550639 0.000000 0.181530 101.621425 -7.998610 5.038691 -0.041628 
205 0.746027 0.000000 0.181530 102.383034 -7.995291 5.079307 -0.057201 
206 0.550639 0.000000 0.363061 99.968176 -7.581023 6.093560 -0.008824 
207 0.257557 0.000000 0.090765 104.178010 -12.612735 10.542109 -0.112327 
208 0.355251 0.000000 0.090765 106.143257 -12.643573 4.608724 -0.144749 
209 0.257557 0.000000 0.181530 101.308756 -8.911287 8.734018 -0.041916 
210 0.111016 0.000000 0.045383 149.623303 -0.245720 13.766509 -1.257671 
211 0.159863 0.000000 0.045383 115.099892 -0.041384 8.399097 -0.331853 
212 0.111016 0.000000 0.090765 94.686652 -12.615683 15.963860 0.062044 
213 -1.989406 0.000000 8.713463 99.515624 -6.968960 6.957915 -0.000034 
214 -5.115617 0.000000 8.713463 99.514595 -6.971692 6.958644 -0.000018 
215 1.136804 0.000000 8.713463 99.516692 -6.964261 6.955966 -0.000046 
216 -1.989406 0.000000 11.617950 99.514971 -6.969384 6.958036 -0.000022 
217 -0.426301 0.000000 4.356731 99.521667 -6.965553 6.956481 -0.000147 
218 -1.989406 0.000000 4.356731 99.517249 -6.969874 6.958493 -0.000068 
219 1.136804 0.000000 4.356731 99.524696 -6.960294 6.948958 -0.000190 
220 -0.426301 0.000000 5.808975 99.518500 -6.966037 6.956298 -0.000085 
221 0.355251 0.000000 2.178366 99.541013 -6.970662 6.952870 -0.000535 
222 -0.426301 0.000000 2.178366 99.526019 -6.971087 6.960453 -0.000247 
223 1.136804 0.000000 2.178366 99.567793 -6.967568 6.928001 -0.001029 
224 0.355251 0.000000 2.904488 99.532091 -6.964797 6.950986 -0.000346 
225 -0.035525 0.000000 1.089183 99.540311 -7.010322 6.983262 -0.000618 
226 -0.426301 0.000000 1.089183 99.524911 -6.987219 6.974670 -0.000268 
227 0.355251 0.000000 1.089183 99.597415 -7.022370 6.962352 -0.001743 
228 -0.035525 0.000000 1.452244 99.522972 -6.982604 6.956979 -0.000198 
229 0.159863 0.000000 0.544591 99.534746 -7.217341 7.139158 -0.001022 
230 -0.035525 0.000000 0.544591 99.383967 -7.064803 6.993463 0.002401 
231 0.355251 0.000000 0.544591 99.819595 -7.260199 6.976507 -0.006533 
232 0.159863 0.000000 0.726122 99.593801 -7.072862 7.041982 -0.001854 
233 0.062169 0.000000 0.272296 97.468666 -7.464914 7.489925 0.038804 
234 -0.035525 0.000000 0.272296 98.119043 -7.291452 5.944299 0.028415 
235 0.159863 0.000000 0.272296 98.999171 -7.693762 8.625138 0.006558 
236 0.062169 0.000000 0.363061 98.846595 -7.354244 7.179837 0.012372 
237 0.013322 0.000000 0.136148 92.924901 -8.066856 3.569793 0.128715 
238 -0.035525 0.000000 0.136148 99.363848 -7.458150 0.045905 0.007120 
239 0.062169 0.000000 0.136148 94.395597 -8.689079 9.476906 0.092416 
240 0.013322 0.000000 0.181530 95.983706 -7.604589 5.400217 0.070014 
241 0.037745 0.000000 0.068074 76.785645 -11.898342 15.256780 0.372962 
242 0.013322 0.000000 0.068074 76.825096 -11.697780 15.303903 0.372686 
243 0.037745 0.000000 0.045383 76.555243 -11.933912 15.174123 0.376662 
244 0.062169 0.000000 0.068074 81.684725 -12.197756 15.947312 0.292450 
245 0.037745 0.000000 0.090765 84.586720 -9.868183 10.334299 0.264091 
246 0.111016 0.000000 -0.136148 95.102805 -9.032190 -2.113478 0.086941 
247 0.111016 0.000000 -0.181530 95.697024 -8.107003 1.530603 0.077401 
248 0.159863 0.000000 -0.136148 97.492425 -9.673306 -3.468038 0.038963 
249 0.086592 0.000000 -0.068074 89.541260 -12.443278 -14.686350 0.161184 
250 0.086592 0.000000 -0.090765 90.018640 -12.565721 -14.935263 0.151569 
251 0.111016 0.000000 -0.068074 90.086376 -12.359374 -14.687874 0.151596 
252 0.086592 0.000000 -0.045383 176.493695 -0.287474 -17.620448 -2.146059 
253 0.086592 0.000000 -0.113457 91.334899 -9.519696 -4.664335 0.154556 
254 0.062169 0.000000 -0.113457 88.117854 -9.130931 -1.717026 0.214892 
255 0.086592 0.000000 -0.136148 93.238262 -8.705720 -0.902719 0.123002 
256 0.111016 0.000000 -0.113457 94.371361 -9.935856 -5.669607 0.096318 
257 0.074381 0.000000 -0.079420 86.197815 -12.422524 -14.639224 0.220131 
258 0.062169 0.000000 -0.079420 76.164355 -12.073898 -14.384576 0.384630 
259 0.074381 0.000000 -0.090765 83.226295 -10.800071 -10.318674 0.285027 
260 0.086592 0.000000 -0.079420 89.662233 -12.461512 -14.735480 0.158826 
261 0.074381 0.000000 -0.068074 82.972042 -12.310026 -14.646181 0.274959 
262 0.111016 0.000000 0.136148 97.777836 -9.135199 11.615972 0.022111 
263 0.159863 0.000000 0.136148 99.914383 -9.815018 11.882630 -0.022042 
264 0.111016 0.000000 0.181530 97.613873 -8.330370 9.869491 0.030473 
265 0.086592 0.000000 0.068074 94.491133 -12.369765 15.968584 0.066342 
266 0.086592 0.000000 0.045383 175.856797 -0.309354 17.943113 -2.124766 
267 0.111016 0.000000 0.068074 94.706750 -12.452970 16.026021 0.061872 
268 0.086592 0.000000 0.090765 94.947805 -12.467082 16.007868 0.057323 
269 0.086592 0.000000 0.113457 94.808251 -9.690920 12.939107 0.075006 
270 0.062169 0.000000 0.113457 91.909548 -9.312182 10.924757 0.134657 
271 0.111016 0.000000 0.113457 97.609702 -10.027520 13.202006 0.019750 
272 0.086592 0.000000 0.136148 96.086905 -8.874178 10.963713 0.056835 
273 0.074381 0.000000 0.079420 91.625855 -12.407104 15.825305 0.120033 
274 0.062169 0.000000 0.079420 82.728612 -12.276845 15.892858 0.275267 
275 0.074381 0.000000 0.068074 88.760440 -12.368252 15.939997 0.171453 
276 0.086592 0.000000 0.079420 94.582619 -12.397079 15.977566 0.064516 
277 0.074381 0.000000 0.090765 87.888161 -10.916567 15.938492 0.190246 
278 0.208710 0.000000 -0.045383 91.448654 -0.106045 -4.961960 0.161251 
279 0.208710 0.000000 -0.090765 98.940801 -12.636377 -12.417790 -0.010316 
280 0.257557 0.000000 -0.045383 76.528064 -0.034514 -3.832624 0.412877 
281 0.208710 0.000000 0.000000 92.633819 -0.008680 0.129863 0.141896 
282 0.135439 0.000000 -0.068074 90.708068 -12.471426 -15.040362 0.139030 
283 0.135439 0.000000 -0.090765 92.111056 -12.504500 -14.684255 0.114356 
284 0.159863 0.000000 -0.068074 113.656255 -0.109164 -12.283023 -0.306863 
285 0.135439 0.000000 -0.045383 130.638277 -0.040229 -10.426656 -0.717508 
286 0.257557 0.000000 -0.272296 99.759604 -7.628168 4.081453 -0.002683 
287 0.257557 0.000000 -0.363061 99.637437 -7.289506 5.434217 -0.001029 
288 0.355251 0.000000 -0.272296 100.354301 -7.786037 5.156969 -0.015820 
289 0.208710 0.000000 -0.136148 99.231409 -10.003365 -3.623988 0.003993 
290 0.208710 0.000000 -0.181530 98.513605 -8.533777 0.060819 0.022224 
291 0.257557 0.000000 -0.136148 100.339732 -10.062079 -2.939793 -0.017795 
292 0.135439 0.000000 -0.113457 95.673024 -10.312217 -6.123960 0.070283 
293 0.135439 0.000000 -0.136148 96.437390 -9.385353 -2.779338 0.060402 
294 0.159863 0.000000 -0.113457 97.066186 -10.762676 -6.925878 0.041435 
295 0.123228 0.000000 -0.079420 90.154771 -12.395397 -14.832312 0.149847 
296 0.111016 0.000000 -0.079420 90.073327 -12.410872 -14.785475 0.151416 
297 0.123228 0.000000 -0.090765 89.995592 -12.471918 -14.924545 0.152250 
298 0.135439 0.000000 -0.079420 92.049826 -12.509429 -14.884627 0.114879 
299 0.123228 0.000000 -0.068074 90.008694 -12.475977 -14.926934 0.151997 
300 0.208710 0.000000 0.045383 91.451891 -0.127793 5.180692 0.160970 
301 0.257557 0.000000 0.045383 76.553106 -0.103327 3.947310 0.412403 
302 0.208710 0.000000 0.090765 102.279213 -12.687565 13.099322 -0.079360 
303 0.135439 0.000000 0.068074 95.168372 -12.678431 16.043442 0.052485 
304 0.135439 0.000000 0.045383 130.326172 -0.234270 10.689226 -0.709923 
305 0.159863 0.000000 0.068074 113.694653 -0.174509 12.368725 -0.307949 
306 0.135439 0.000000 0.090765 96.435940 -12.655838 15.641516 0.029528 
307 0.257557 0.000000 0.272296 100.635226 -7.939083 8.011011 -0.025465 
308 0.355251 0.000000 0.272296 101.016370 -8.066937 6.618278 -0.031318 
309 0.257557 0.000000 0.363061 100.219584 -7.500414 7.515437 -0.015670 
310 0.208710 0.000000 0.136148 101.424884 -10.160903 11.058642 -0.051254 
311 0.257557 0.000000 0.136148 102.212950 -10.172367 9.617311 -0.064346 
312 0.208710 0.000000 0.181530 100.099325 -8.736194 10.118963 -0.019859 
313 0.135439 0.000000 0.113457 98.813103 -10.426522 12.915859 -0.003956 
314 0.159863 0.000000 0.113457 99.985550 -10.894730 12.941102 -0.028328 
315 0.135439 0.000000 0.136148 98.991658 -9.500225 11.736380 -0.002735 
316 0.123228 0.000000 0.079420 94.680977 -12.587163 15.990400 0.062138 
317 0.111016 0.000000 0.079420 94.691593 -12.518939 16.000214 0.062077 
318 0.123228 0.000000 0.068074 94.596649 -12.637184 15.948113 0.063743 
319 0.135439 0.000000 0.079420 96.391690 -12.662455 15.854624 0.029694 
320 0.123228 0.000000 0.090765 94.575596 -12.642213 15.944430 0.064141 
321 0.184287 0.000000 -0.068074 100.618116 -0.100698 -10.082343 -0.022567 
322 0.184287 0.000000 -0.090765 97.653604 -12.513474 -12.912118 0.014046 
323 0.208710 0.000000 -0.068074 89.185045 -0.051051 -7.926262 0.198320 
324 0.184287 0.000000 -0.045383 101.989733 -0.127595 -6.565730 -0.044503 
325 0.184287 0.000000 0.068074 100.754142 -0.212708 10.265782 -0.025683 
326 0.184287 0.000000 0.045383 102.023068 -0.180358 6.775276 -0.045464 
327 0.208710 0.000000 0.068074 89.176024 -0.143525 8.118605 0.198170 
328 0.184287 0.000000 0.090765 101.283879 -12.567288 13.843917 -0.060801 
329 0.452945 0.000000 -0.090765 98.407960 -10.150109 2.799884 0.020501 
330 0.452945 0.000000 -0.181530 99.433633 -11.802940 1.176691 -0.002774 
331 0.550639 0.000000 -0.090765 101.022886 -7.484114 5.521022 -0.029212 
332 0.452945 0.000000 0.000000 101.618111 -6.529469 6.489775 -0.041099 
333 0.306404 0.000000 -0.136148 101.600007 -10.372277 -1.072534 -0.043130 
334 0.306404 0.000000 -0.181530 100.753705 -8.776582 1.897620 -0.023194 
335 0.355251 0.000000 -0.136148 104.178425 -10.538688 0.124665 -0.096422 
336 0.306404 0.000000 -0.090765 103.602885 -12.470661 -6.302901 -0.092880 
337 0.233134 0.000000 -0.113457 100.290428 -11.506683 -6.175791 -0.022871 
338 0.208710 0.000000 -0.113457 100.301865 -11.280404 -7.133645 -0.023860 
339 0.233134 0.000000 -0.136148 99.645859 -10.060759 -3.149959 -0.004044 
340 0.257557 0.000000 -0.113457 101.550181 -12.554502 -10.026402 -0.057058 
341 0.233134 0.000000 -0.090765 101.797714 -12.624402 -10.052880 -0.062321 
342 0.452945 0.000000 0.090765 98.505242 -10.174415 2.794520 0.018539 
343 0.550639 0.000000 0.090765 101.044339 -7.490718 5.521751 -0.029656 
344 0.452945 0.000000 0.181530 99.503497 -11.819825 1.175697 -0.004204 
345 0.306404 0.000000 0.136148 103.126089 -10.499977 7.129316 -0.079607 
346 0.306404 0.000000 0.090765 105.513337 -12.593382 6.675873 -0.133622 
347 0.355251 0.000000 0.136148 105.370950 -10.788108 5.449731 -0.124912 
348 0.306404 0.000000 0.181530 101.830762 -9.025908 7.503985 -0.050728 
349 0.233134 0.000000 0.113457 102.732484 -11.626250 10.252746 -0.079425 
350 0.208710 0.000000 0.113457 103.014965 -11.367037 11.924374 -0.088348 
351 0.233134 0.000000 0.090765 104.527149 -12.631741 10.577362 -0.119737 
352 0.257557 0.000000 0.113457 104.219028 -12.623657 10.546363 -0.113219 
353 0.233134 0.000000 0.136148 101.706913 -10.184412 10.169082 -0.055143 
354 0.306404 0.000000 -0.045383 66.663591 0.146699 -1.975387 0.555204 
355 0.355251 0.000000 -0.045383 60.905866 -0.051868 -0.985650 0.628950 
356 0.306404 0.000000 0.000000 67.234751 0.010982 0.036617 0.547949 
357 0.281981 0.000000 -0.113457 102.690303 -12.453968 -8.238665 -0.076828 
358 0.281981 0.000000 -0.136148 101.503822 -10.247127 -1.938435 -0.041179 
359 0.306404 0.000000 -0.113457 103.606511 -12.480546 -6.304139 -0.092982 
360 0.281981 0.000000 -0.090765 102.465451 -12.458460 -8.563304 -0.072771 
361 0.281981 0.000000 -0.068074 69.411010 0.141072 -4.389530 0.516282 
362 0.257557 0.000000 -0.068074 75.724625 -0.046542 -5.964214 0.423021 
363 0.306404 0.000000 -0.068074 66.124578 0.107962 -2.863713 0.561933 
364 0.281981 0.000000 -0.045383 70.620671 0.089916 -2.972533 0.500388 
365 0.269769 0.000000 -0.102111 101.666509 -12.491036 -9.773834 -0.058763 
366 0.257557 0.000000 -0.102111 101.507341 -12.539641 -10.021987 -0.056142 
367 0.269769 0.000000 -0.113457 101.603162 -12.473454 -10.031538 -0.057942 
368 0.281981 0.000000 -0.102111 102.438899 -12.453029 -9.059916 -0.073089 
369 0.269769 0.000000 -0.090765 101.558534 -12.506380 -10.027097 -0.057109 
370 0.306404 0.000000 0.045383 66.806106 -0.024620 2.019637 0.553286 
371 0.355251 0.000000 0.045383 60.879083 -0.080437 1.099094 0.629252 
372 0.281981 0.000000 0.113457 104.983779 -12.513922 8.685945 -0.125364 
373 0.281981 0.000000 0.090765 104.824340 -12.520881 9.023449 -0.122634 
374 0.306404 0.000000 0.113457 105.501662 -12.614977 6.675311 -0.133430 
375 0.281981 0.000000 0.136148 103.217817 -10.436119 8.312596 -0.083193 
376 0.281981 0.000000 0.068074 69.394773 0.065649 4.451244 0.516455 
377 0.257557 0.000000 0.068074 75.791444 -0.123446 6.082015 0.421865 
378 0.281981 0.000000 0.045383 70.680134 0.010970 3.110011 0.499465 
379 0.306404 0.000000 0.068074 66.240367 -0.067562 2.902550 0.560378 
380 0.269769 0.000000 0.102111 104.270745 -12.559744 10.282068 -0.113586 
381 0.257557 0.000000 0.102111 104.175258 -12.612002 10.541823 -0.112268 
382 0.269769 0.000000 0.090765 104.207417 -12.574415 10.544638 -0.112849 
383 0.281981 0.000000 0.102111 104.855600 -12.493293 9.534101 -0.124168 
384 0.269769 0.000000 0.113457 104.233900 -12.537679 10.546890 -0.113314 
385 0.746027 0.000000 -1.089183 99.500491 -7.031961 6.877164 0.000291 
386 0.746027 0.000000 -1.452244 99.496262 -7.026593 6.913040 0.000333 
387 1.136804 0.000000 -1.089183 99.492621 -7.094253 6.872819 0.000365 
388 0.550639 0.000000 -0.544591 99.523541 -7.180614 6.704743 -0.000145 
389 0.550639 0.000000 -0.726122 99.517167 -7.079502 6.756873 0.000056 
390 0.746027 0.000000 -0.544591 99.506411 -7.198896 6.713898 0.000157 
391 0.452945 0.000000 -0.272296 100.062708 -7.822544 6.048623 -0.011032 
392 0.452945 0.000000 -0.363061 100.090213 -7.396751 6.356001 -0.011316 
393 0.550639 0.000000 -0.272296 101.602636 -11.967620 1.071978 -0.046747 
394 0.404098 0.000000 -0.136148 97.249407 -12.465750 0.452443 0.038695 
395 0.404098 0.000000 -0.181530 101.567330 -9.008190 4.913708 -0.042121 
396 0.452945 0.000000 -0.136148 98.613720 -10.727063 2.230363 0.015529 
397 0.404098 0.000000 -0.090765 100.316518 -12.468518 -1.300885 -0.022056 
398 0.330828 0.000000 -0.113457 103.543471 -12.489457 -6.304362 -0.091698 
399 0.330828 0.000000 -0.136148 102.068758 -10.469056 -1.040381 -0.052871 
400 0.355251 0.000000 -0.113457 104.556283 -12.541390 -4.532053 -0.110984 
401 0.330828 0.000000 -0.090765 103.537910 -12.490425 -6.303984 -0.091585 
402 0.746027 0.000000 1.089183 99.614271 -7.022510 6.901750 -0.001995 
403 1.136804 0.000000 1.089183 99.619674 -6.992316 6.853369 -0.001994 
404 0.746027 0.000000 1.452244 99.577222 -6.984645 6.924642 -0.001236 
405 0.550639 0.000000 0.544591 99.724745 -7.255288 6.663663 -0.004207 
406 0.746027 0.000000 0.544591 99.657064 -7.215550 6.627637 -0.002752 
407 0.550639 0.000000 0.726122 99.689928 -7.104521 6.867954 -0.003572 
408 0.452945 0.000000 0.272296 100.506496 -8.009043 5.613891 -0.019722 
409 0.550639 0.000000 0.272296 101.613754 -11.968796 1.071385 -0.046975 
410 0.452945 0.000000 0.363061 100.434081 -7.545241 6.338459 -0.018411 
411 0.404098 0.000000 0.136148 97.378405 -12.494295 0.449541 0.036114 
412 0.404098 0.000000 0.090765 100.871746 -12.471787 1.997507 -0.033464 
413 0.452945 0.000000 0.136148 98.705144 -10.750028 2.226517 0.013677 
414 0.404098 0.000000 0.181530 102.190553 -9.239263 4.060047 -0.054476 
415 0.330828 0.000000 0.113457 105.482107 -12.647430 6.676967 -0.133101 
416 0.330828 0.000000 0.090765 105.475992 -12.648119 6.676559 -0.132974 
417 0.355251 0.000000 0.113457 106.087199 -12.641533 4.859698 -0.143792 
418 0.330828 0.000000 0.136148 103.408059 -10.600311 6.854090 -0.085257 
419 0.404098 0.000000 -0.045383 60.287030 0.015586 0.943799 0.636458 
420 0.452945 0.000000 -0.045383 99.117595 -8.563141 4.396974 0.008304 
421 0.404098 0.000000 0.000000 61.520879 0.004297 0.017299 0.621518 
422 0.379675 0.000000 -0.113457 104.167436 -12.594383 -2.094180 -0.101386 
423 0.379675 0.000000 -0.136148 103.836994 -10.684185 1.841370 -0.089966 
424 0.404098 0.000000 -0.113457 99.896427 -12.546866 -1.579069 -0.013921 
425 0.379675 0.000000 -0.090765 103.836880 -12.599974 -2.087052 -0.094521 
426 0.330828 0.000000 -0.068074 62.978878 0.024923 -2.902303 0.602524 
427 0.355251 0.000000 -0.068074 59.501473 -0.037209 -1.707438 0.645666 
428 0.330828 0.000000 -0.045383 63.417875 -0.038543 -1.822221 0.597485 
429 0.343039 0.000000 -0.102111 103.954650 -12.495225 -5.971659 -0.099836 
430 0.330828 0.000000 -0.102111 103.540230 -12.490021 -6.304142 -0.091632 
431 0.343039 0.000000 -0.113457 104.040535 -12.506577 -5.838565 -0.101494 
432 0.355251 0.000000 -0.102111 104.654803 -12.552931 -4.627446 -0.113162 
433 0.343039 0.000000 -0.090765 103.775737 -12.488866 -6.318949 -0.096530 
434 0.404098 0.000000 0.045383 60.346459 -0.022440 -0.964695 0.635737 
435 0.452945 0.000000 0.045383 99.194779 -8.584091 4.393227 0.006741 
436 0.330828 0.000000 0.068074 63.130256 -0.132056 2.989274 0.600562 
437 0.330828 0.000000 0.045383 63.496435 -0.110181 1.896241 0.596459 
438 0.355251 0.000000 0.068074 59.537933 -0.099849 1.789298 0.645202 
439 0.379675 0.000000 0.113457 105.046125 -12.631424 2.365230 -0.119984 
440 0.379675 0.000000 0.090765 104.657404 -12.627540 2.356975 -0.111818 
441 0.404098 0.000000 0.113457 100.485901 -12.553301 2.099532 -0.025941 
442 0.379675 0.000000 0.136148 104.837096 -10.893315 3.551664 -0.112210 
443 0.343039 0.000000 0.102111 105.802574 -12.636929 6.334314 -0.139400 
444 0.330828 0.000000 0.102111 105.478544 -12.647832 6.676730 -0.133027 
445 0.343039 0.000000 0.090765 105.684677 -12.638197 6.689489 -0.137372 
446 0.355251 0.000000 0.102111 106.190843 -12.645137 4.955640 -0.146095 
447 0.343039 0.000000 0.113457 105.850919 -12.640151 6.197291 -0.140260 
448 1.527580 0.000000 -0.363061 99.116865 -7.694077 6.353732 0.007628 
449 1.527580 0.000000 -0.726122 99.368726 -7.224975 6.725274 0.002843 
450 1.918356 0.000000 -0.363061 99.011630 -7.762217 5.250188 0.010888 
451 1.527580 0.000000 0.000000 101.797210 -7.318027 6.498705 -0.045846 
452 0.941416 0.000000 -0.181530 102.480269 -8.031202 5.078530 -0.059250 
453 0.941416 0.000000 -0.363061 99.427162 -7.568292 6.320741 0.001701 
454 1.136804 0.000000 -0.181530 102.029003 -8.688421 4.464142 -0.050533 
455 0.941416 0.000000 0.000000 102.468622 -6.561668 6.560582 -0.058592 
456 0.648333 0.000000 -0.090765 101.861487 -7.482543 5.552466 -0.046258 
457 0.648333 0.000000 -0.181530 101.957015 -8.480825 4.559883 -0.048795 
458 0.746027 0.000000 -0.090765 102.409424 -6.872429 6.187868 -0.057321 
459 0.648333 0.000000 0.000000 102.028255 -6.535438 6.506920 -0.049482 
460 0.501792 0.000000 -0.136148 99.284839 -9.631958 3.335889 0.003862 
461 0.501792 0.000000 -0.181530 100.961351 -9.860467 3.155917 -0.030038 
462 0.550639 0.000000 -0.136148 101.612453 -7.203902 5.810618 -0.041075 
463 0.501792 0.000000 -0.090765 99.293015 -9.523253 3.441684 0.003836 
464 0.428522 0.000000 -0.113457 97.319510 -12.175579 -0.262542 0.038060 
465 0.428522 0.000000 -0.136148 98.571999 -11.691323 1.266258 0.014527 
466 0.452945 0.000000 -0.113457 98.449982 -10.676368 2.274122 0.018844 
467 0.428522 0.000000 -0.090765 97.552967 -11.905074 0.141249 0.034167 
468 0.379675 0.000000 -0.068074 58.899803 0.019980 -0.160101 0.653079 
469 0.404098 0.000000 -0.068074 97.258018 -11.867508 1.054447 0.039893 
470 0.379675 0.000000 -0.045383 59.780116 0.006602 -0.143581 0.642632 
471 0.391886 0.000000 -0.102111 102.335813 -12.617592 -1.888231 -0.063539 
472 0.379675 0.000000 -0.102111 104.178645 -12.593538 -2.094474 -0.101617 
473 0.391886 0.000000 -0.113457 102.179587 -12.613468 -1.832522 -0.060313 
474 0.404098 0.000000 -0.102111 99.984563 -12.556823 -1.621944 -0.015722 
475 0.391886 0.000000 -0.090765 101.971323 -12.606881 -1.746559 -0.056013 
476 0.379675 0.000000 0.068074 58.945932 -0.038254 0.199940 0.652534 
477 0.379675 0.000000 0.045383 59.859629 -0.047956 0.172369 0.641679 
478 0.404098 0.000000 0.068074 97.385439 -11.895412 1.048587 0.037348 
479 1.527580 0.000000 0.363061 100.002444 -7.574482 6.068609 -0.009469 
480 1.918356 0.000000 0.363061 100.320310 -7.484285 4.705573 -0.014232 
481 1.527580 0.000000 0.726122 99.753110 -7.113912 6.628243 -0.004522 
482 0.941416 0.000000 0.181530 102.570965 -8.043831 5.077127 -0.061128 
483 1.136804 0.000000 0.181530 102.177956 -8.701499 4.462703 -0.053597 
484 0.941416 0.000000 0.363061 99.565628 -7.549751 6.388899 -0.001113 
485 0.648333 0.000000 0.090765 101.873714 -7.487234 5.552963 -0.046515 
486 0.746027 0.000000 0.090765 102.421287 -6.878099 6.190033 -0.057574 
487 0.648333 0.000000 0.181530 101.979576 -8.491947 4.564083 -0.049278 
488 0.501792 0.000000 0.136148 99.357388 -9.652014 3.335257 0.002382 
489 0.501792 0.000000 0.090765 99.364713 -9.541204 3.438047 0.002380 
490 0.550639 0.000000 0.136148 101.619687 -7.211754 5.814618 -0.041238 
491 0.501792 0.000000 0.181530 100.988608 -9.873549 3.158602 -0.030616 
492 0.428522 0.000000 0.113457 97.646048 -12.205463 1.654392 0.031354 
493 0.428522 0.000000 0.090765 97.848753 -11.933875 1.816072 0.027991 
494 0.452945 0.000000 0.113457 98.545736 -10.700171 2.271121 0.016909 
495 0.428522 0.000000 0.136148 98.664360 -11.712469 1.262695 0.012657 
496 0.391886 0.000000 0.102111 103.034132 -12.619903 2.200970 -0.078014 
497 0.379675 0.000000 0.102111 105.056194 -12.631325 2.365485 -0.120195 
498 0.391886 0.000000 0.090765 102.641081 -12.615138 2.095100 -0.069872 
499 0.404098 0.000000 0.102111 100.582678 -12.562507 2.118705 -0.027918 
500 0.391886 0.000000 0.113457 102.866885 -12.618449 2.159162 -0.074548 
501 1.332192 0.000000 -0.181530 101.120020 -8.756724 4.651251 -0.032357 
502 1.332192 0.000000 -0.363061 99.456325 -7.631651 6.511221 0.000780 
503 1.527580 0.000000 -0.181530 100.778814 -8.422311 4.952328 -0.025183 
504 1.332192 0.000000 0.000000 101.529090 -6.834969 6.904262 -0.040254 
505 1.332192 0.000000 0.181530 101.896764 -9.049627 4.684262 -0.048679 
506 1.527580 0.000000 0.181530 102.871030 -9.046713 5.056351 -0.068986 
507 1.332192 0.000000 0.363061 99.869763 -7.586766 6.174528 -0.006965 
508 1.234498 0.000000 -0.090765 98.585095 -11.303466 1.890231 0.014964 
509 1.136804 0.000000 -0.090765 100.996864 -7.883294 5.279276 -0.029038 
510 1.234498 0.000000 -0.181530 100.701411 -12.356836 0.781148 -0.029408 
511 1.332192 0.000000 -0.090765 99.718919 -9.685549 3.716663 -0.005149 
512 1.234498 0.000000 0.000000 74.804197 -0.053821 0.033594 0.440433 
513 1.234498 0.000000 0.090765 98.903569 -11.330341 1.892784 0.008612 
514 1.136804 0.000000 0.090765 101.124774 -7.888363 5.279616 -0.031632 
515 1.332192 0.000000 0.090765 100.162827 -9.783888 3.725577 -0.014220 
516 1.234498 0.000000 0.181530 100.904570 -12.363585 0.781980 -0.033520 
517 4.263014 0.000000 -8.713463 99.510557 -6.994686 6.954109 0.000036 
518 4.263014 0.000000 -11.617950 99.511526 -6.988963 6.956266 0.000022 
519 7.389224 0.000000 -8.713463 99.511075 -6.999036 6.952632 0.000022 
520 2.699909 0.000000 -4.356731 99.504806 -7.012287 6.942949 0.000142 
521 2.699909 0.000000 -5.808975 99.507733 -7.002122 6.950252 0.000088 
522 4.263014 0.000000 -4.356731 99.506457 -7.024906 6.937223 0.000099 
523 1.918356 0.000000 -2.178366 99.498920 -7.047826 6.912216 0.000251 
524 1.918356 0.000000 -2.904488 99.501856 -7.019105 6.934391 0.000203 
525 2.699909 0.000000 -2.178366 99.489791 -7.077179 6.885388 0.000429 
526 1.527580 0.000000 -1.089183 99.446896 -7.152054 6.835773 0.001244 
527 1.527580 0.000000 -1.452244 99.477884 -7.063586 6.885964 0.000684 
528 1.918356 0.000000 -1.089183 99.422431 -7.227674 6.765116 0.001717 
529 1.332192 0.000000 -0.544591 99.417508 -7.297229 6.704611 0.001796 
530 1.136804 0.000000 -0.544591 99.473842 -7.292991 6.678343 0.000717 
531 1.332192 0.000000 -0.726122 99.424234 -7.242753 6.801635 0.001610 
532 1.527580 0.000000 -0.544591 99.251563 -7.334210 6.631904 0.005135 
533 1.234498 0.000000 -0.272296 99.851433 -8.096817 5.921058 -0.007093 
534 1.136804 0.000000 -0.272296 102.012491 -12.043466 1.085205 -0.055277 
535 1.234498 0.000000 -0.363061 99.584434 -7.624146 6.388599 -0.001600 
536 1.332192 0.000000 -0.272296 101.190989 -12.745350 0.463392 -0.040227 
537 10.515434 0.000000 -2.904488 99.511359 -7.049050 6.907057 0.000009 
538 10.515434 0.000000 -5.808975 99.511061 -7.015120 6.943593 0.000012 
539 13.641644 0.000000 -2.904488 99.512029 -7.040812 6.909663 0.000004 
540 10.515434 0.000000 0.000000 99.577855 -6.569231 6.441477 -0.000040 
541 5.826119 0.000000 -1.452244 99.512268 -7.144021 6.771171 0.000042 
542 5.826119 0.000000 -2.904488 99.507609 -7.060841 6.904602 0.000071 
543 7.389224 0.000000 -1.452244 99.514747 -7.111727 6.786599 0.000018 
544 5.826119 0.000000 0.000000 99.866729 -4.508317 4.366637 -0.001276 
545 3.481461 0.000000 -0.726122 99.518457 -7.363006 6.225870 0.000310 
546 3.481461 0.000000 -1.452244 99.495871 -7.174812 6.759019 0.000341 
547 4.263014 0.000000 -0.726122 99.530241 -7.268960 6.293174 0.000129 
548 3.481461 0.000000 0.000000 100.065950 -4.863699 1.005463 -0.003786 
549 2.309132 0.000000 -0.363061 98.923560 -7.667605 4.229506 0.013745 
550 2.309132 0.000000 -0.726122 99.360191 -7.485301 6.280463 0.003208 
551 2.699909 0.000000 -0.363061 99.589328 -7.495878 4.481873 0.000569 
552 2.309132 0.000000 0.000000 141.150679 -5.591950 0.911520 -0.995561 
553 1.722968 0.000000 -0.181530 100.706173 -8.838499 4.393660 -0.023916 
554 1.722968 0.000000 -0.363061 98.799754 -7.749165 5.924220 0.014346 
555 1.918356 0.000000 -0.181530 100.530320 -8.920802 2.813851 -0.019384 
556 1.722968 0.000000 0.000000 101.875930 -7.862128 5.649043 -0.047243 
557 1.429886 0.000000 -0.090765 101.258454 -8.939412 4.563772 -0.035402 
558 1.429886 0.000000 -0.181530 101.149386 -9.025309 4.395708 -0.033198 
559 1.527580 0.000000 -0.090765 101.491911 -8.555521 5.033402 -0.039914 
560 1.429886 0.000000 0.000000 101.529089 -6.834978 6.904254 -0.040254 
561 1.283345 0.000000 -0.136148 98.860371 -10.632513 2.652175 0.010654 
562 1.234498 0.000000 -0.136148 98.849341 -11.554822 1.631513 0.009263 
563 1.283345 0.000000 -0.181530 99.641166 -11.442446 1.825865 -0.006263 
564 1.332192 0.000000 -0.136148 99.821366 -9.252938 4.168526 -0.006730 
565 1.283345 0.000000 -0.090765 98.604459 -10.383354 2.912574 0.016086 
566 10.515434 0.000000 2.904488 99.521404 -6.941972 6.880140 -0.000004 
567 13.641644 0.000000 2.904488 99.520175 -6.959598 6.878536 -0.000002 
568 10.515434 0.000000 5.808975 99.517600 -6.940538 6.939182 -0.000008 
569 5.826119 0.000000 1.452244 99.529368 -7.027194 6.692129 -0.000026 
570 7.389224 0.000000 1.452244 99.523196 -7.094572 6.701275 -0.000011 
571 5.826119 0.000000 2.904488 99.523607 -6.926349 6.892208 -0.000043 
572 3.481461 0.000000 0.726122 99.556393 -7.286285 5.946578 0.000007 
573 4.263014 0.000000 0.726122 99.543247 -7.574607 5.899001 -0.000103 
574 3.481461 0.000000 1.452244 99.534428 -6.941072 6.722350 -0.000047 
575 2.309132 0.000000 0.363061 99.058090 -6.990572 4.038605 0.012232 
576 2.699909 0.000000 0.363061 99.743334 -6.988175 3.441460 -0.000941 
577 2.309132 0.000000 0.726122 99.566697 -7.026503 6.070117 0.000025 
578 1.722968 0.000000 0.181530 103.426924 -10.117906 4.576558 -0.082045 
579 1.918356 0.000000 0.181530 103.058348 -11.182456 3.307461 -0.075701 
580 1.722968 0.000000 0.363061 100.208784 -7.601475 5.538894 -0.013026 
581 1.429886 0.000000 0.090765 101.937931 -9.170515 4.593531 -0.049654 
582 1.527580 0.000000 0.090765 102.229464 -8.720158 5.053920 -0.055245 
583 1.429886 0.000000 0.181530 102.108359 -9.310799 4.434890 -0.053248 
584 4.263014 0.000000 8.713463 99.516736 -6.958457 6.953482 -0.000035 
585 7.389224 0.000000 8.713463 99.516332 -6.953970 6.951694 -0.000018 
586 4.263014 0.000000 11.617950 99.515585 -6.962914 6.955957 -0.000022 
587 2.699909 0.000000 4.356731 99.524104 -6.955418 6.939734 -0.000159 
588 4.263014 0.000000 4.356731 99.522376 -6.941776 6.933626 -0.000097 
589 2.699909 0.000000 5.808975 99.520127 -6.954289 6.948864 -0.000090 
590 1.918356 0.000000 2.178366 99.561958 -6.953753 6.887059 -0.000837 
591 2.699909 0.000000 2.178366 99.537627 -6.932781 6.866662 -0.000295 
592 1.918356 0.000000 2.904488 99.544766 -6.951428 6.918754 -0.000535 
593 1.527580 0.000000 1.089183 99.632807 -6.973044 6.776374 -0.002124 
594 1.918356 0.000000 1.089183 99.618790 -6.953690 6.659245 -0.001660 
595 1.527580 0.000000 1.452244 99.590495 -6.979555 6.842761 -0.001380 
596 1.332192 0.000000 0.544591 99.773736 -7.239157 6.588891 -0.005062 
597 1.136804 0.000000 0.544591 99.681278 -7.202306 6.677405 -0.003282 
598 1.527580 0.000000 0.544591 99.849931 -7.237442 6.449392 -0.006398 
599 1.332192 0.000000 0.726122 99.700988 -7.063903 6.721723 -0.003537 
600 1.234498 0.000000 0.272296 100.133325 -8.069753 5.901822 -0.012664 
601 1.136804 0.000000 0.272296 102.185320 -12.056907 1.086181 -0.058839 
602 1.332192 0.000000 0.272296 101.875112 -12.839175 0.467719 -0.054360 
603 1.234498 0.000000 0.363061 99.881464 -7.591319 6.349903 -0.007426 
604 1.283345 0.000000 0.136148 99.384900 -10.765304 2.666416 -0.000036 
605 1.234498 0.000000 0.136148 99.155352 -11.575409 1.633519 0.003156 
606 1.283345 0.000000 0.090765 99.086423 -10.490258 2.926548 0.006327 
607 1.332192 0.000000 0.136148 100.383900 -9.415294 4.191301 -0.018314 
608 1.283345 0.000000 0.181530 100.248019 -11.630605 1.842655 -0.018833 
609 2.113744 0.000000 -0.181530 101.444190 -7.045545 5.296648 -0.036862 
610 2.113744 0.000000 -0.363061 99.187112 -7.645739 4.952505 0.007893 
611 2.309132 0.000000 -0.181530 97.808667 -6.678652 -0.241595 0.038880 
612 2.113744 0.000000 0.000000 96.610920 0.367899 -0.840775 0.066549 
613 2.113744 0.000000 0.181530 100.787812 -6.410768 -1.848523 -0.020270 
614 2.309132 0.000000 0.181530 97.628310 -5.325001 4.624748 0.041897 
615 2.113744 0.000000 0.363061 99.783787 -7.110132 3.589264 -0.002024 
616 2.016050 0.000000 -0.090765 100.593171 -9.134403 1.773096 -0.020557 
617 1.918356 0.000000 -0.090765 100.927286 -8.638811 3.582536 -0.027378 
618 2.016050 0.000000 -0.181530 100.724745 -10.285527 0.729368 -0.025180 
619 2.113744 0.000000 -0.090765 108.798026 -9.312164 11.451488 -0.205486 
620 2.016050 0.000000 0.000000 101.691178 -8.806407 3.902019 -0.043387 
621 2.016050 0.000000 0.090765 102.193659 -11.134526 2.156680 -0.057217 
622 1.918356 0.000000 0.090765 102.179609 -10.157106 3.765539 -0.055802 
623 2.113744 0.000000 0.090765 105.254008 -8.985809 -10.962109 -0.127932 
624 2.016050 0.000000 0.181530 102.953179 -12.027285 0.890939 -0.074481 
625 2.309132 0.000000 -1.089183 99.432709 -7.263832 6.680820 0.001574 
626 2.309132 0.000000 -1.452244 99.470953 -7.138817 6.811246 0.000817 
627 2.699909 0.000000 -1.089183 99.470653 -7.278732 6.632595 0.000862 
628 2.113744 0.000000 -0.544591 99.072221 -7.551484 5.878414 0.009311 
629 1.918356 0.000000 -0.544591 99.025994 -7.508844 6.106159 0.010018 
630 2.113744 0.000000 -0.726122 99.342338 -7.385584 6.382299 0.003582 
631 2.309132 0.000000 -0.544591 99.251029 -7.584379 5.693891 0.005929 
632 2.016050 0.000000 -0.272296 99.244562 -7.628723 3.880326 0.007726 
633 1.918356 0.000000 -0.272296 100.554706 -11.732599 1.217559 -0.025039 
634 2.016050 0.000000 -0.363061 99.144892 -7.705492 4.932679 0.008658 
635 2.113744 0.000000 -0.272296 99.133911 -7.384246 4.386862 0.009870 
636 3.090685 0.000000 -0.363061 99.606349 -7.324942 4.749240 0.000237 
637 3.090685 0.000000 -0.726122 99.503870 -7.418887 6.202508 0.000547 
638 3.481461 0.000000 -0.363061 99.617444 -7.224022 4.981400 -0.000064 
639 3.090685 0.000000 0.000000 100.018075 -5.410869 0.849690 -0.003361 
640 2.504521 0.000000 -0.181530 100.181847 -6.359974 2.071531 -0.008114 
641 2.504521 0.000000 -0.363061 99.464603 -7.506745 4.215208 0.003267 
642 2.699909 0.000000 -0.181530 99.864833 -6.282755 2.729926 -0.001991 
643 2.504521 0.000000 0.000000 101.144183 -5.620412 0.732167 -0.026227 
644 2.211438 0.000000 -0.090765 89.702699 -9.213933 16.274922 0.160366 
645 2.211438 0.000000 -0.181530 96.152847 -6.917178 4.897313 0.068280 
646 2.309132 0.000000 -0.090765 109.050152 -5.859310 -15.734697 -0.217385 
647 2.211438 0.000000 0.000000 152.770235 -0.720425 -0.212407 -1.333931 
648 2.064897 0.000000 -0.136148 100.900762 -9.782575 0.636578 -0.027707 
649 2.016050 0.000000 -0.136148 100.589015 -9.528516 1.775070 -0.021209 
650 2.064897 0.000000 -0.181530 101.735498 -6.952938 3.140065 -0.040831 
651 2.113744 0.000000 -0.136148 105.282307 -7.749521 7.485134 -0.120045 
652 2.064897 0.000000 -0.090765 101.725846 -9.151019 3.471832 -0.044394 
653 3.090685 0.000000 0.363061 99.751391 -7.283370 2.684158 -0.001059 
654 3.481461 0.000000 0.363061 99.827832 -7.574195 1.723774 -0.002594 
655 3.090685 0.000000 0.726122 99.547900 -7.169328 5.995408 0.000287 
656 2.504521 0.000000 0.181530 100.391136 -4.860615 2.093956 -0.010639 
657 2.699909 0.000000 0.181530 100.135935 -4.607691 1.366174 -0.005030 
658 2.504521 0.000000 0.363061 99.598449 -6.876831 3.895960 0.001768 
659 2.211438 0.000000 0.090765 87.817862 -8.265829 -15.835532 0.196894 
660 2.309132 0.000000 0.090765 108.715329 -5.009524 19.573219 -0.222723 
661 2.211438 0.000000 0.181530 95.666436 -5.798591 -0.967979 0.081337 
662 2.309132 0.000000 1.089183 99.560438 -6.955041 6.584108 -0.000400 
663 2.699909 0.000000 1.089183 99.533384 -6.957650 6.565335 0.000159 
664 2.309132 0.000000 1.452244 99.554245 -6.954363 6.758988 -0.000509 
665 2.113744 0.000000 0.544591 99.585866 -7.153539 5.441919 0.000187 
666 1.918356 0.000000 0.544591 99.817991 -7.246642 5.814165 -0.004995 
667 2.309132 0.000000 0.544591 99.490082 -7.118811 5.365614 0.002226 
668 2.113744 0.000000 0.726122 99.678434 -7.073937 6.117745 -0.002326 
669 2.016050 0.000000 0.272296 100.830192 -7.332000 2.844654 -0.022858 
670 1.918356 0.000000 0.272296 103.264114 -14.135091 1.467123 -0.086543 
671 2.113744 0.000000 0.272296 99.851572 -6.789327 1.671916 -0.001923 
672 2.016050 0.000000 0.363061 100.253705 -7.303748 4.147102 -0.012135 
673 2.064897 0.000000 0.136148 102.749157 -10.964587 0.741562 -0.067816 
674 2.016050 0.000000 0.136148 102.200705 -11.745481 2.081730 -0.058727 
675 2.064897 0.000000 0.090765 102.026646 -10.511186 -1.898147 -0.052352 
676 2.113744 0.000000 0.136148 103.095909 -7.192547 -5.464998 -0.071037 
677 2.064897 0.000000 0.181530 101.567675 -6.720818 -0.062161 -0.036117 
678 2.211438 0.000000 -0.272296 97.895196 -7.375279 4.194169 0.034454 
679 2.211438 0.000000 -0.363061 98.909308 -7.620519 4.716857 0.013663 
680 2.309132 0.000000 -0.272296 98.385055 -7.293553 2.792634 0.025939 
681 2.162591 0.000000 -0.136148 99.479558 -7.697641 9.681477 -0.004917 
682 2.162591 0.000000 -0.181530 98.915145 -7.104375 6.203898 0.012683 
683 2.211438 0.000000 -0.136148 93.708083 -7.324468 7.772423 0.110474 
684 2.162591 0.000000 -0.090765 100.260157 -9.556912 15.755104 -0.039166 
685 2.064897 0.000000 -0.045383 100.885986 -9.633840 0.573470 -0.027112 
686 2.016050 0.000000 -0.045383 100.766990 -8.481643 3.243113 -0.023644 
687 2.113744 0.000000 -0.045383 93.298876 0.540438 3.460615 0.128305 
688 2.064897 0.000000 0.000000 88.748589 0.429824 -1.156536 0.212217 
689 2.089321 0.000000 -0.113457 107.188683 -8.752605 5.749928 -0.159908 
690 2.064897 0.000000 -0.113457 103.240705 -8.828338 4.589760 -0.075765 
691 2.089321 0.000000 -0.136148 100.919428 -8.743893 0.194744 -0.026122 
692 2.113744 0.000000 -0.113457 108.868422 -9.308942 11.309802 -0.206690 
693 2.089321 0.000000 -0.090765 106.917229 -8.764590 5.533437 -0.153873 
694 2.064897 0.000000 0.045383 102.703794 -10.796541 0.677614 -0.066509 
695 2.016050 0.000000 0.045383 101.830076 -10.235713 3.538816 -0.048666 
696 2.113744 0.000000 0.045383 96.131077 0.419306 -4.996355 0.073368 
697 2.211438 0.000000 0.272296 97.942375 -6.524519 1.977935 0.036081 
698 2.309132 0.000000 0.272296 98.396427 -6.340349 3.417714 0.026626 
699 2.211438 0.000000 0.363061 99.174238 -7.020793 3.615242 0.010211 
700 2.162591 0.000000 0.136148 98.106030 -6.796535 -7.230859 0.027673 
701 2.162591 0.000000 0.090765 98.068119 -8.801085 -15.297901 0.007116 
702 2.211438 0.000000 0.136148 92.660718 -6.055526 -4.992150 0.135240 
703 2.162591 0.000000 0.181530 98.263604 -6.134515 -2.462506 0.030057 
704 2.089321 0.000000 0.113457 104.412393 -9.064662 -5.252507 -0.101170 
705 2.064897 0.000000 0.113457 102.447980 -9.770518 -3.614142 -0.060411 
706 2.089321 0.000000 0.090765 104.341823 -9.120357 -4.997339 -0.099537 
707 2.113744 0.000000 0.113457 105.311496 -8.985493 -10.823716 -0.128840 
708 2.089321 0.000000 0.136148 102.621256 -9.744005 0.258650 -0.062613 
709 2.162591 0.000000 -0.045383 115.976264 0.180831 8.108662 -0.351628 
710 2.211438 0.000000 -0.045383 152.518947 -0.551377 11.700701 -1.339924 
711 2.162591 0.000000 0.000000 118.648401 -0.016958 -0.500942 -0.407769 
712 2.138168 0.000000 -0.113457 104.360348 -9.483613 15.481047 -0.122068 
713 2.138168 0.000000 -0.136148 102.398214 -7.779768 9.343379 -0.063322 
714 2.162591 0.000000 -0.113457 99.993144 -8.817397 12.767219 -0.023938 
715 2.138168 0.000000 -0.090765 103.995692 -9.509980 15.427365 -0.114355 
716 2.089321 0.000000 -0.068074 100.919029 -8.743484 0.196034 -0.026114 
717 2.064897 0.000000 -0.068074 100.491040 -10.404503 1.662967 -0.020947 
718 2.113744 0.000000 -0.068074 89.976042 0.787263 5.655782 0.187170 
719 2.089321 0.000000 -0.045383 87.494123 0.639769 1.085125 0.234319 
720 2.101533 0.000000 -0.102111 109.610094 -9.090760 8.135464 -0.216320 
721 2.089321 0.000000 -0.102111 108.262951 -8.831951 6.185901 -0.183714 
722 2.101533 0.000000 -0.113457 109.783650 -9.097072 7.624380 -0.219334 
723 2.113744 0.000000 -0.102111 108.759883 -9.327711 11.916752 -0.205773 
724 2.101533 0.000000 -0.090765 109.851276 -9.129019 8.204915 -0.221796 
725 2.162591 0.000000 0.045383 117.420337 0.096820 -8.992409 -0.386841 
726 2.211438 0.000000 0.045383 153.370512 -0.681959 -12.046741 -1.366810 
727 2.089321 0.000000 0.068074 102.621130 -9.744692 0.260320 -0.062612 
728 2.064897 0.000000 0.068074 101.919001 -12.822601 2.070168 -0.055619 
729 2.089321 0.000000 0.045383 91.144826 0.549906 -3.039252 0.168308 
730 2.113744 0.000000 0.068074 94.349981 0.587593 -6.950008 0.104943 
731 2.138168 0.000000 0.113457 101.738229 -8.952471 -14.974832 -0.065506 
732 2.138168 0.000000 0.090765 101.450281 -8.936777 -14.932613 -0.059501 
733 2.162591 0.000000 0.113457 98.083661 -7.851042 -11.398552 0.018803 
734 2.138168 0.000000 0.136148 100.745998 -7.011261 -7.041210 -0.024849 
735 2.101533 0.000000 0.102111 105.858053 -8.950975 -7.730020 -0.134580 
736 2.089321 0.000000 0.102111 105.022151 -8.992747 -5.747010 -0.114355 
737 2.101533 0.000000 0.090765 106.052375 -8.949396 -7.795678 -0.138797 
738 2.113744 0.000000 0.102111 105.219909 -8.990650 -11.410899 -0.128227 
739 2.101533 0.000000 0.113457 106.068781 -8.964145 -7.231418 -0.138324 
740 2.138168 0.000000 -0.068074 100.436369 0.538320 9.371495 -0.017558 
741 2.162591 0.000000 -0.068074 113.285944 0.282772 12.386421 -0.298721 
742 2.138168 0.000000 -0.045383 102.919759 0.382645 6.003272 -0.062866 
743 2.125956 0.000000 -0.102111 105.570538 -9.406833 15.368595 -0.146982 
744 2.125956 0.000000 -0.113457 106.452552 -9.404662 14.618396 -0.163429 
745 2.138168 0.000000 -0.102111 104.143043 -9.499546 15.448962 -0.117469 
746 2.125956 0.000000 -0.090765 106.329784 -9.407893 14.702811 -0.161070 
747 2.138168 0.000000 0.068074 103.402763 0.393569 -10.346609 -0.079934 
748 2.138168 0.000000 0.045383 104.980740 0.277196 -7.182651 -0.107262 
749 2.162591 0.000000 0.068074 115.504580 0.139793 -13.140393 -0.351400 
750 2.125956 0.000000 0.102111 102.671940 -8.973347 -14.828631 -0.084194 
751 2.125956 0.000000 0.090765 103.281476 -8.979403 -14.165328 -0.094835 
752 2.138168 0.000000 0.102111 101.567137 -8.943528 -14.949689 -0.061936 
753 2.125956 0.000000 0.113457 103.379030 -8.980710 -14.080397 -0.096613 
754 2.406827 0.000000 -0.090765 102.927730 -5.682821 -0.493873 -0.062666 
755 2.406827 0.000000 -0.181530 100.318307 -6.357858 0.951523 -0.010509 
756 2.504521 0.000000 -0.090765 100.815084 -5.436809 1.239998 -0.019478 
757 2.406827 0.000000 0.000000 105.297310 -5.951598 0.747437 -0.112350 
758 2.260285 0.000000 -0.136148 90.406230 -6.701348 -0.114015 0.178179 
759 2.260285 0.000000 -0.181530 95.354266 -6.803882 1.755982 0.085819 
760 2.309132 0.000000 -0.136148 98.398543 -6.262470 -4.876620 0.025473 
761 2.260285 0.000000 -0.090765 72.392065 -8.417834 11.998535 0.454456 
762 2.187015 0.000000 -0.113457 96.474710 -8.416415 12.697901 0.046056 
763 2.187015 0.000000 -0.136148 96.648316 -7.532753 9.268475 0.051646 
764 2.211438 0.000000 -0.113457 90.901015 -7.985149 11.313140 0.154526 
765 2.187015 0.000000 -0.090765 93.759018 -9.398537 17.166912 0.082621 
766 2.150380 0.000000 -0.102111 102.958275 -9.564707 15.274987 -0.092522 
767 2.150380 0.000000 -0.113457 103.388517 -9.552962 15.338379 -0.101571 
768 2.162591 0.000000 -0.102111 100.349068 -9.551368 15.909293 -0.041427 
769 2.150380 0.000000 -0.090765 102.186964 -9.563808 15.452372 -0.077242 
770 2.406827 0.000000 0.090765 102.966482 -5.034505 3.856219 -0.064231 
771 2.504521 0.000000 0.090765 100.933793 -4.844870 2.244416 -0.021614 
772 2.406827 0.000000 0.181530 100.419531 -4.959974 3.298849 -0.011957 
773 2.260285 0.000000 0.136148 89.529456 -5.302635 3.442956 0.194450 
774 2.260285 0.000000 0.090765 70.121840 -7.903369 -11.533077 0.488745 
775 2.309132 0.000000 0.136148 98.059211 -4.799342 8.736557 0.028503 
776 2.260285 0.000000 0.181530 94.984308 -5.546462 2.425639 0.094133 
777 2.187015 0.000000 0.113457 94.942878 -7.338561 -10.976174 0.081152 
778 2.187015 0.000000 0.090765 91.823991 -8.549152 -16.711446 0.121599 
779 2.211438 0.000000 0.113457 89.438431 -6.789993 -9.368574 0.186689 
780 2.187015 0.000000 0.136148 95.417110 -6.487723 -6.603136 0.080988 
781 2.150380 0.000000 0.102111 100.593609 -8.888476 -14.807106 -0.041733 
782 2.150380 0.000000 0.090765 99.868693 -8.865285 -14.986197 -0.027694 
783 2.162591 0.000000 0.102111 98.134649 -8.807038 -15.445771 0.005345 
784 2.150380 0.000000 0.113457 100.968746 -8.908941 -14.862251 -0.049494 
785 2.260285 0.000000 -0.045383 192.208658 -2.878372 2.006352 -2.695648 
786 2.309132 0.000000 -0.045383 135.053072 -5.516047 -12.773953 -0.843293 
787 2.260285 0.000000 0.000000 177.723065 -3.187917 0.307878 -2.159575 
788 2.187015 0.000000 -0.068074 129.437708 -0.021680 15.914092 -0.700738 
789 2.211438 0.000000 -0.068074 152.265025 -0.372769 19.563977 -1.356753 
790 2.187015 0.000000 -0.045383 132.423902 -0.124859 10.288841 -0.764197 
791 2.174803 0.000000 -0.102111 96.872364 -9.486361 16.718960 0.024623 
792 2.174803 0.000000 -0.113457 98.363674 -8.613997 12.779339 0.008708 
793 2.187015 0.000000 -0.102111 93.769040 -9.399412 17.168791 0.082425 
794 2.174803 0.000000 -0.090765 96.439814 -9.474487 16.831019 0.032631 
795 2.260285 0.000000 0.045383 193.796667 -3.197153 -1.130297 -2.756865 
796 2.309132 0.000000 0.045383 135.305822 -5.779572 15.364700 -0.857714 
797 2.187015 0.000000 0.068074 130.878974 -0.075097 -16.368964 -0.739725 
798 2.187015 0.000000 0.045383 133.381443 -0.200311 -10.916788 -0.790983 
799 2.211438 0.000000 0.068074 153.443635 -0.476640 -19.899489 -1.394117 
800 2.174803 0.000000 0.102111 94.813986 -8.691947 -16.257334 0.067046 
801 2.174803 0.000000 0.090765 94.397638 -8.678149 -16.369049 0.074583 
802 2.187015 0.000000 0.102111 91.839171 -8.561221 -16.714207 0.121291 
803 2.174803 0.000000 0.113457 96.655492 -7.600935 -11.155947 0.047549 
804 2.235862 0.000000 -0.068074 75.934805 -8.580515 12.584981 0.400190 
805 2.235862 0.000000 -0.090765 77.137803 -8.643764 12.783865 0.381162 
806 2.260285 0.000000 -0.068074 70.979494 -8.373035 11.764982 0.475339 
807 2.235862 0.000000 -0.045383 173.415354 -1.348795 10.677059 -2.018870 
808 2.235862 0.000000 -0.113457 86.902796 -7.477542 6.635542 0.234796 
809 2.235862 0.000000 -0.136148 91.152908 -7.037584 4.611797 0.162035 
810 2.260285 0.000000 -0.113457 82.969454 -6.884303 -1.184610 0.306727 
811 2.223650 0.000000 -0.079420 83.040510 -8.919598 14.331462 0.281932 
812 2.211438 0.000000 -0.079420 89.241523 -9.194257 16.147228 0.169068 
813 2.223650 0.000000 -0.090765 83.049963 -8.916764 14.232232 0.282064 
814 2.235862 0.000000 -0.079420 76.989504 -8.636819 12.759356 0.383522 
815 2.223650 0.000000 -0.068074 164.530470 -0.674936 17.692573 -1.738376 
816 2.235862 0.000000 0.068074 73.744191 -7.835908 -12.131471 0.435322 
817 2.235862 0.000000 0.045383 174.428501 -1.611596 -10.650781 -2.054134 
818 2.260285 0.000000 0.068074 68.666789 -7.937890 -11.291252 0.509437 
819 2.235862 0.000000 0.090765 74.978648 -7.866018 -12.334272 0.416419 
820 2.235862 0.000000 0.113457 85.403377 -6.131259 -4.326420 0.264995 
821 2.260285 0.000000 0.113457 81.460919 -5.545123 4.051760 0.331695 
822 2.235862 0.000000 0.136148 90.184194 -5.675544 -1.598184 0.183205 
823 2.223650 0.000000 0.079420 81.027829 -8.038359 -13.889459 0.317696 
824 2.211438 0.000000 0.079420 87.349516 -8.251749 -15.707257 0.205525 
825 2.223650 0.000000 0.068074 165.799283 -0.820265 -17.868043 -1.780934 
826 2.235862 0.000000 0.079420 74.825769 -7.862256 -12.309134 0.418777 
827 2.223650 0.000000 0.090765 81.046484 -8.034859 -13.793903 0.317664 
828 2.357979 0.000000 -0.045383 111.255806 -5.640365 -2.304137 -0.241498 
829 2.357979 0.000000 -0.090765 106.015828 -5.747431 -3.133754 -0.128221 
830 2.406827 0.000000 -0.045383 104.690958 -5.684981 -0.154008 -0.099254 
831 2.357979 0.000000 0.000000 113.289696 -5.880583 0.855780 -0.286987 
832 2.284709 0.000000 -0.068074 163.387890 -5.292564 -50.711673 -1.929529 
833 2.284709 0.000000 -0.090765 91.216608 -6.160109 -35.619177 0.037286 
834 2.309132 0.000000 -0.068074 123.331134 -5.624050 -18.031275 -0.556733 
835 2.284709 0.000000 -0.045383 170.995716 -4.732627 -17.962686 -1.958459 
836 2.248074 0.000000 -0.079420 74.170347 -8.483238 12.292960 0.427568 
837 2.248074 0.000000 -0.090765 74.488085 -8.502154 12.345541 0.422683 
838 2.260285 0.000000 -0.079420 71.502670 -8.389735 11.851390 0.467653 
839 2.248074 0.000000 -0.068074 73.543565 -8.454026 12.189207 0.437130 
840 2.357979 0.000000 0.045383 111.206352 -5.971655 4.613125 -0.242379 
841 2.406827 0.000000 0.045383 104.688830 -6.045017 2.220264 -0.100122 
842 2.357979 0.000000 0.090765 105.972057 -4.938737 6.611970 -0.129819 
843 2.284709 0.000000 0.068074 164.846301 -5.112535 55.232102 -2.025103 
844 2.284709 0.000000 0.045383 172.136171 -5.002712 20.369786 -2.007082 
845 2.309132 0.000000 0.068074 123.338828 -5.512216 21.462658 -0.570350 
846 2.284709 0.000000 0.090765 89.770517 -5.204155 39.940672 0.031891 
847 2.248074 0.000000 0.079420 71.946600 -7.837108 -11.835505 0.462219 
848 2.248074 0.000000 0.068074 71.305905 -7.848186 -11.729692 0.471629 
849 2.260285 0.000000 0.079420 69.206378 -7.933998 -11.380988 0.501800 
850 2.248074 0.000000 0.090765 72.269743 -7.839680 -11.888624 0.457428 
851 5.044566 0.000000 0.726122 99.511102 -7.966597 5.973923 -0.000161 
852 5.044566 0.000000 0.000000 100.103491 -2.638319 2.826211 -0.003566 
853 5.826119 0.000000 0.726122 99.462437 -8.398189 6.262712 -0.000253 
854 5.044566 0.000000 1.452244 99.530921 -6.986512 6.697915 -0.000008 
855 3.872238 0.000000 0.363061 99.932881 -7.419052 0.445658 -0.004182 
856 3.872238 0.000000 0.000000 100.159515 -3.423071 1.177919 -0.004503 
857 4.263014 0.000000 0.363061 100.067630 -6.424158 -0.473014 -0.005502 
858 3.872238 0.000000 0.726122 99.552354 -7.420131 5.914456 -0.000071 
859 5.044566 0.000000 -0.726122 99.534431 -7.211593 6.365601 0.000037 
860 5.044566 0.000000 -1.452244 99.509613 -7.150867 6.764670 0.000094 
861 5.826119 0.000000 -0.726122 99.535192 -7.170146 6.426564 0.000003 
862 3.872238 0.000000 -0.363061 99.616408 -7.140592 5.182317 -0.000127 
863 3.872238 0.000000 -0.726122 99.526906 -7.317500 6.259800 0.000166 
864 4.263014 0.000000 -0.363061 99.611321 -7.066177 5.358271 -0.000106 
865 4.653790 0.000000 0.363061 100.080558 -5.838014 -0.054879 -0.005020 
866 4.653790 0.000000 0.000000 100.193842 -1.970432 2.188397 -0.004748 
867 5.044566 0.000000 0.363061 99.973311 -7.209022 0.114047 -0.004665 
868 4.653790 0.000000 0.726122 99.528948 -7.764034 5.917736 -0.000131 
869 4.067626 0.000000 0.181530 100.375233 -3.399298 -1.854483 -0.009018 
870 3.872238 0.000000 0.181530 100.311136 -3.542385 -1.092927 -0.007607 
871 4.067626 0.000000 0.000000 100.220536 -2.335823 1.410785 -0.005160 
872 4.263014 0.000000 0.181530 100.321548 -4.532964 -2.212755 -0.008986 
873 4.067626 0.000000 0.363061 100.004229 -7.010008 -0.155790 -0.005001 
874 4.653790 0.000000 -0.363061 99.605988 -7.022619 5.517873 -0.000112 
875 4.653790 0.000000 -0.726122 99.532990 -7.242479 6.331646 0.000064 
876 5.044566 0.000000 -0.363061 99.600445 -6.983342 5.656787 -0.000102 
877 4.067626 0.000000 -0.181530 99.733883 -6.356329 4.326368 -0.000597 
878 3.872238 0.000000 -0.181530 99.746524 -6.333704 4.147723 -0.000669 
879 4.067626 0.000000 -0.363061 99.614240 -7.104657 5.274277 -0.000129 
880 4.263014 0.000000 -0.181530 99.721854 -6.376002 4.480822 -0.000518 
881 4.458402 0.000000 0.181530 100.268824 -4.763306 -1.684917 -0.007937 
882 4.458402 0.000000 0.000000 100.210609 -1.839834 2.069958 -0.004984 
883 4.653790 0.000000 0.181530 100.240991 -4.794720 -1.310203 -0.007296 
884 4.458402 0.000000 0.363061 100.096680 -5.947119 -0.401533 -0.005487 
885 4.165320 0.000000 0.090765 100.192167 -5.285006 -1.121069 -0.006766 
886 4.067626 0.000000 0.090765 100.177113 -5.332227 -0.965362 -0.006482 
887 4.165320 0.000000 0.000000 100.230641 -2.013600 1.600723 -0.005280 
888 4.263014 0.000000 0.090765 100.200350 -5.349546 -1.296878 -0.007041 
889 4.165320 0.000000 0.181530 100.366518 -4.097046 -2.416228 -0.009606 
890 4.458402 0.000000 -0.181530 99.711088 -6.398198 4.635630 -0.000473 
891 4.458402 0.000000 -0.363061 99.608708 -7.046918 5.442044 -0.000117 
892 4.653790 0.000000 -0.181530 99.701390 -6.413511 4.770095 -0.000425 
893 8.952329 0.000000 1.452244 99.514332 -7.174069 6.746651 -0.000009 
894 8.952329 0.000000 0.000000 99.609001 -6.332682 6.231537 -0.000089 
895 10.515434 0.000000 1.452244 99.504160 -7.233147 6.832433 -0.000008 
896 8.952329 0.000000 2.904488 99.521832 -6.934796 6.883357 -0.000007 
897 6.607671 0.000000 0.726122 99.404296 -8.661176 6.829698 -0.000287 
898 6.607671 0.000000 0.000000 99.723380 -5.619859 5.303595 -0.000446 
899 7.389224 0.000000 0.726122 99.365281 -8.550051 7.495770 -0.000275 
900 6.607671 0.000000 1.452244 99.526915 -7.055095 6.692246 -0.000017 
901 5.435343 0.000000 0.363061 99.585772 -6.833103 6.040604 -0.000051 
902 5.435343 0.000000 0.000000 99.986922 -3.372606 3.765699 -0.002294 
903 5.826119 0.000000 0.363061 98.773087 -16.927209 7.563628 -0.009986 
904 5.435343 0.000000 0.726122 99.488806 -8.181498 6.084208 -0.000198 
905 4.849178 0.000000 0.181530 100.219525 -4.724717 -0.926222 -0.006713 
906 4.849178 0.000000 0.000000 100.108014 -2.718401 2.674095 -0.003615 
907 5.044566 0.000000 0.181530 100.175983 -4.699490 -0.272694 -0.005739 
908 4.849178 0.000000 0.363061 100.025515 -6.316086 0.258645 -0.004506 
909 4.556096 0.000000 0.090765 100.171696 -6.030593 -1.565523 -0.007319 
910 4.458402 0.000000 0.090765 100.186212 -5.815010 -1.561718 -0.007353 
911 4.556096 0.000000 0.000000 100.191530 -2.086239 2.100906 -0.004711 
912 4.653790 0.000000 0.090765 97.560823 -19.463757 22.305955 -0.039451 
913 4.556096 0.000000 0.181530 100.253016 -4.794139 -1.485488 -0.007586 
914 8.952329 0.000000 -1.452244 99.515642 -7.091566 6.801553 0.000009 
915 8.952329 0.000000 -2.904488 99.510799 -7.053467 6.905986 0.000016 
916 10.515434 0.000000 -1.452244 99.516028 -7.075885 6.815290 0.000004 
917 6.607671 0.000000 -0.726122 99.534632 -7.127902 6.480111 0.000006 
918 6.607671 0.000000 -1.452244 99.513704 -7.123690 6.778246 0.000033 
919 7.389224 0.000000 -0.726122 99.533972 -7.097306 6.530097 -0.000003 
920 5.435343 0.000000 -0.363061 99.594621 -6.953946 5.778429 -0.000084 
921 5.435343 0.000000 -0.726122 99.534706 -7.184786 6.396780 0.000030 
922 5.826119 0.000000 -0.363061 99.589407 -6.942023 5.886056 -0.000089 
923 5.239954 0.000000 0.181530 100.079507 -5.074833 0.735354 -0.004220 
924 5.239954 0.000000 0.000000 99.992030 -3.826692 3.234036 -0.002351 
925 5.435343 0.000000 0.181530 99.942677 -5.805839 1.963095 -0.002610 
926 5.239954 0.000000 0.363061 99.969907 -8.563379 -1.190752 -0.006873 
927 5.239954 0.000000 -0.181530 99.676279 -6.443459 5.122760 -0.000312 
928 5.044566 0.000000 -0.181530 99.684175 -6.435323 5.012341 -0.000347 
929 5.239954 0.000000 -0.363061 99.597494 -6.967768 5.719027 -0.000092 
930 5.435343 0.000000 -0.181530 99.668600 -6.451506 5.227634 -0.000278 
931 6.216895 0.000000 0.363061 99.208859 -4.960661 13.329356 -0.004468 
932 6.216895 0.000000 0.000000 99.766735 -5.543137 4.762006 -0.000680 
933 6.607671 0.000000 0.363061 99.322273 -5.985118 10.679348 -0.001478 
934 6.216895 0.000000 0.726122 99.432817 -8.567345 6.516015 -0.000274 
935 5.630731 0.000000 0.181530 99.669971 7.273189 18.975262 -0.034706 
936 5.630731 0.000000 0.000000 99.906956 -4.593742 3.688036 -0.001610 
937 5.826119 0.000000 0.181530 99.923525 0.113251 8.190452 -0.005181 
938 5.630731 0.000000 0.363061 99.400277 -10.139667 5.380869 -0.001218 
939 5.337648 0.000000 0.090765 100.168737 -0.506734 4.038480 -0.005034 
940 5.239954 0.000000 0.090765 100.223310 -0.052286 3.712053 -0.005849 
941 5.337648 0.000000 0.000000 100.055527 -3.534838 2.619863 -0.003047 
942 5.435343 0.000000 0.090765 100.122013 -0.935187 4.279230 -0.004360 
943 5.337648 0.000000 0.181530 100.012167 -5.437772 1.336433 -0.003379 
944 5.142260 0.000000 0.090765 100.286612 0.404989 3.262934 -0.006822 
945 5.044566 0.000000 0.090765 100.356689 0.813822 2.668025 -0.007925 
946 5.142260 0.000000 0.000000 100.019737 -3.241542 3.421857 -0.002616 
947 5.142260 0.000000 0.181530 100.135053 -4.818522 0.195843 -0.005029 
948 5.826119 0.000000 4.356731 99.520049 -6.936054 6.930551 -0.000038 
949 7.389224 0.000000 4.356731 99.519403 -6.934256 6.927933 -0.000019 
950 5.826119 0.000000 5.808975 99.518378 -6.945513 6.943538 -0.000036 
951 5.044566 0.000000 2.178366 99.526003 -6.927938 6.844571 -0.000027 
952 4.263014 0.000000 2.178366 99.527151 -6.926227 6.850119 -0.000055 
953 5.826119 0.000000 2.178366 99.526032 -6.938376 6.839231 -0.000035 
954 5.044566 0.000000 2.904488 99.523776 -6.935900 6.895673 -0.000064 
955 5.435343 0.000000 1.089183 99.529616 -7.193750 6.499657 -0.000014 
956 5.044566 0.000000 1.089183 99.532723 -7.147966 6.497189 -0.000007 
957 5.826119 0.000000 1.089183 99.526063 -7.251717 6.508538 -0.000039 
958 5.435343 0.000000 1.452244 99.530016 -7.001610 6.694436 -0.000006 
959 5.239954 0.000000 0.544591 99.313791 -10.830850 5.923967 -0.001563 
960 5.044566 0.000000 0.544591 99.382110 -10.379071 5.395587 -0.001364 
961 5.435343 0.000000 0.544591 99.243248 -11.104562 6.661380 -0.001691 
962 5.239954 0.000000 0.726122 99.500670 -8.073926 6.021056 -0.000182 
963 5.337648 0.000000 0.272296 100.133022 -4.821677 0.227619 -0.004992 
964 5.239954 0.000000 0.272296 100.198626 -4.231419 -0.121147 -0.005768 
965 5.435343 0.000000 0.272296 100.030136 -5.907946 0.611707 -0.004131 
966 5.337648 0.000000 0.363061 100.056684 -1.838018 4.312357 -0.003331 
967 5.288801 0.000000 0.136148 100.789034 6.955329 2.648634 -0.021382 
968 5.239954 0.000000 0.136148 100.443546 0.406446 1.023516 -0.009012 
969 5.288801 0.000000 0.090765 100.194949 -0.281916 3.888133 -0.005422 
970 5.337648 0.000000 0.136148 100.407293 5.090255 6.238549 -0.014645 
971 5.288801 0.000000 0.181530 100.046989 -5.248441 1.027216 -0.003800 
972 6.216895 0.000000 -0.363061 99.584113 -6.926394 5.981882 -0.000075 
973 6.216895 0.000000 -0.726122 99.535090 -7.149013 6.455115 -0.000001 
974 6.607671 0.000000 -0.363061 99.579097 -6.913208 6.064828 -0.000057 
975 5.630731 0.000000 -0.181530 99.661222 -6.460536 5.327348 -0.000248 
976 5.630731 0.000000 -0.363061 99.591783 -6.942497 5.834036 -0.000076 
977 5.826119 0.000000 -0.181530 99.654503 -6.480297 5.421319 -0.000240 
978 5.533037 0.000000 0.090765 100.081520 -1.331967 4.461607 -0.003799 
979 5.533037 0.000000 0.000000 99.914388 -4.324467 3.850818 -0.001641 
980 5.630731 0.000000 0.090765 100.045871 -1.698954 4.605099 -0.003327 
981 5.533037 0.000000 0.181530 99.888977 -6.919589 1.615573 -0.002830 
982 5.386496 0.000000 0.136148 100.262969 3.210582 6.419166 -0.010418 
983 5.386496 0.000000 0.090765 100.144493 -0.724773 4.167667 -0.004681 
984 5.435343 0.000000 0.136148 100.202244 2.183954 6.259419 -0.008444 
985 5.386496 0.000000 0.181530 99.976464 -5.625344 1.659943 -0.002969 
986 5.142260 0.000000 0.272296 100.245511 -3.836870 -0.398142 -0.006404 
987 5.044566 0.000000 0.272296 100.306648 -3.407317 -0.844099 -0.007375 
988 5.142260 0.000000 0.363061 99.950043 -7.701309 -0.044454 -0.004932 
989 5.288801 0.000000 0.226913 100.377561 -3.451319 -1.897748 -0.009117 
990 5.239954 0.000000 0.226913 100.340040 -3.963130 -1.875201 -0.008735 
991 5.337648 0.000000 0.226913 100.409145 -2.798979 -1.694340 -0.009270 
992 5.288801 0.000000 0.272296 100.169381 -4.484686 0.044242 -0.005402 
993 5.313225 0.000000 0.158839 99.687391 -8.780288 2.629096 -0.002158 
994 5.288801 0.000000 0.158839 99.799904 -8.215477 1.585843 -0.003003 
995 5.313225 0.000000 0.136148 100.573146 6.490059 5.269770 -0.018485 
996 5.337648 0.000000 0.158839 99.555662 -8.887105 4.406045 -0.000972 
997 5.313225 0.000000 0.181530 100.029788 -5.342160 1.179811 -0.003589 
998 6.021507 0.000000 0.181530 99.905425 -0.742870 7.592204 -0.003929 
999 6.021507 0.000000 0.000000 99.862092 -5.004362 3.937199 -0.001298 
1000 6.216895 0.000000 0.181530 99.877833 -1.506832 7.221877 -0.003001 
1001 6.021507 0.000000 0.363061 98.460711 -9.184174 19.794662 -0.017069 
1002 5.630731 0.000000 0.544591 99.188255 -11.077925 7.476870 -0.001693 
1003 5.826119 0.000000 0.544591 99.160694 -10.783603 8.183173 -0.001609 
1004 5.630731 0.000000 0.726122 99.475892 -8.287577 6.164362 -0.000214 
1005 5.728425 0.000000 0.272296 98.477137 -15.024121 13.685885 -0.011077 
1006 5.630731 0.000000 0.272296 99.429976 -12.400566 2.688290 -0.004732 
1007 5.728425 0.000000 0.181530 99.918488 0.770051 8.904713 -0.006359 
1008 5.826119 0.000000 0.272296 99.204821 -4.020966 14.325835 -0.006299 
1009 5.728425 0.000000 0.363061 99.213618 -12.751345 5.433463 -0.003546 
1010 3.286073 0.000000 -0.181530 99.784554 -6.269300 3.506714 -0.000856 
1011 3.090685 0.000000 -0.181530 99.792641 -6.263869 3.236115 -0.000828 
1012 3.286073 0.000000 -0.363061 99.614845 -7.276597 4.874237 0.000018 
1013 3.481461 0.000000 -0.181530 99.772448 -6.286889 3.737594 -0.000804 
1014 3.286073 0.000000 0.000000 100.044411 -5.175912 0.897447 -0.003648 
1015 2.895297 0.000000 -0.181530 99.790055 -6.308437 2.980034 -0.000673 
1016 2.895297 0.000000 -0.363061 99.601476 -7.418760 4.623993 0.000313 
1017 2.895297 0.000000 0.000000 99.987685 -5.530797 0.809497 -0.002878 
1018 3.286073 0.000000 0.181530 100.144678 -4.202207 0.409827 -0.004678 
1019 3.090685 0.000000 0.181530 100.090468 -4.337293 0.730093 -0.003745 
1020 3.481461 0.000000 0.181530 100.203630 -3.942344 -0.012903 -0.005631 
1021 3.286073 0.000000 0.363061 99.782881 -7.476968 2.248002 -0.001758 
1022 3.188379 0.000000 -0.090765 99.937499 -5.263295 2.385095 -0.002089 
1023 3.090685 0.000000 -0.090765 99.933475 -5.317752 2.228094 -0.001994 
1024 3.188379 0.000000 -0.181530 99.793529 -6.256659 3.372820 -0.000927 
1025 3.286073 0.000000 -0.090765 99.923469 -5.242189 2.566253 -0.001877 
1026 3.188379 0.000000 0.000000 100.035261 -5.307086 0.866312 -0.003597 
1027 4.360708 0.000000 -0.090765 99.795438 -5.632346 4.188057 -0.000839 
1028 4.263014 0.000000 -0.090765 99.806351 -5.588362 4.084703 -0.000922 
1029 4.360708 0.000000 -0.181530 99.716459 -6.381365 4.561070 -0.000490 
1030 4.458402 0.000000 -0.090765 99.785369 -5.691005 4.286232 -0.000788 
1031 4.360708 0.000000 0.000000 100.239476 -1.765896 1.719934 -0.005403 
1032 4.849178 0.000000 -0.181530 99.692455 -6.425640 4.894940 -0.000383 
1033 4.849178 0.000000 -0.363061 99.603184 -7.001540 5.589321 -0.000106 
1034 4.946872 0.000000 -0.090765 99.744594 -5.913119 4.669747 -0.000576 
1035 4.849178 0.000000 -0.090765 99.751643 -5.873679 4.604479 -0.000609 
1036 4.946872 0.000000 -0.181530 99.688283 -6.430696 4.954480 -0.000365 
1037 5.044566 0.000000 -0.090765 99.738113 -5.949257 4.730152 -0.000546 
1038 4.946872 0.000000 0.000000 100.130576 -2.831012 2.242194 -0.003917 
1039 5.337648 0.000000 -0.090765 99.722139 -6.030918 4.883122 -0.000472 
1040 5.239954 0.000000 -0.090765 99.726928 -6.008856 4.835788 -0.000495 
1041 5.337648 0.000000 -0.181530 99.672345 -6.447514 5.175601 -0.000293 
1042 5.435343 0.000000 -0.090765 99.717916 -6.046911 4.929806 -0.000453 
1043 6.021507 0.000000 -0.181530 99.647634 -6.491669 5.510126 -0.000215 
1044 6.021507 0.000000 -0.363061 99.586724 -6.933446 5.935451 -0.000082 
1045 6.216895 0.000000 -0.181530 99.641040 -6.504519 5.593200 -0.000193 
1046 5.923813 0.000000 -0.090765 99.698045 -6.093366 5.189136 -0.000376 
1047 5.826119 0.000000 -0.090765 99.702376 -6.086528 5.133153 -0.000396 
1048 5.923813 0.000000 -0.181530 99.651035 -6.485784 5.466439 -0.000228 
1049 6.021507 0.000000 -0.090765 99.693560 -6.101925 5.245520 -0.000355 
1050 5.923813 0.000000 0.000000 99.858777 -5.094936 3.893080 -0.001289 
1051 2.895297 0.000000 0.181530 100.096297 -4.498790 1.019753 -0.004055 
1052 2.895297 0.000000 0.363061 99.756282 -7.132156 3.060830 -0.001155 
1053 3.188379 0.000000 0.090765 99.836932 -7.465045 1.751781 -0.002621 
1054 3.090685 0.000000 0.090765 100.081932 -4.805227 0.999667 -0.004048 
1055 3.286073 0.000000 0.090765 99.867201 -8.106402 0.474433 -0.003940 
1056 3.188379 0.000000 0.181530 100.110693 -4.282915 0.577030 -0.004083 
1057 3.676849 0.000000 0.181530 100.258663 -3.710316 -0.538006 -0.006586 
1058 3.676849 0.000000 0.000000 100.098650 -4.460908 0.974593 -0.004059 
1059 3.676849 0.000000 0.363061 99.873140 -7.579865 1.113741 -0.003334 
1060 3.383767 0.000000 0.090765 99.924223 -7.524373 0.348847 -0.004159 
1061 3.383767 0.000000 0.000000 100.057265 -5.014805 0.944601 -0.003750 
1062 3.481461 0.000000 0.090765 99.976369 -7.289119 -0.129155 -0.004842 
1063 3.383767 0.000000 0.181530 100.176585 -4.076505 0.210193 -0.005201 
1064 3.481461 0.000000 2.178366 99.527667 -6.929115 6.858497 -0.000081 
1065 3.481461 0.000000 2.904488 99.527008 -6.933499 6.903717 -0.000136 
1066 3.090685 0.000000 1.089183 99.537072 -6.984621 6.546303 0.000073 
1067 3.481461 0.000000 1.089183 99.543296 -7.004963 6.523327 -0.000049 
1068 3.090685 0.000000 1.452244 99.536672 -6.939662 6.729367 -0.000099 
1069 3.286073 0.000000 0.544591 99.582322 -7.607006 5.077532 -0.000029 
1070 3.090685 0.000000 0.544591 99.576420 -7.452887 5.143577 0.000253 
1071 3.481461 0.000000 0.544591 99.585335 -7.765260 5.007594 -0.000261 
1072 3.286073 0.000000 0.726122 99.552968 -7.231463 5.970370 0.000127 
1073 3.188379 0.000000 0.272296 99.965604 -5.910702 1.153192 -0.002939 
1074 3.090685 0.000000 0.272296 99.946441 -5.945449 1.335414 -0.002642 
1075 3.286073 0.000000 0.272296 99.989902 -5.869505 0.978183 -0.003339 
1076 3.188379 0.000000 0.363061 99.759034 -7.394693 2.480149 -0.001270 
1077 3.237226 0.000000 0.136148 100.222650 -2.856450 0.505479 -0.005299 
1078 3.188379 0.000000 0.136148 100.196732 -2.983777 0.657771 -0.004872 
1079 3.237226 0.000000 0.090765 99.938485 -6.918891 1.032466 -0.003664 
1080 3.286073 0.000000 0.136148 100.266191 -2.590563 0.283592 -0.006010 
1081 3.237226 0.000000 0.181530 100.125596 -4.256569 0.499027 -0.004350 
1082 2.992991 0.000000 0.090765 99.930222 -6.180296 4.222099 -0.004207 
1083 2.895297 0.000000 0.090765 100.007158 -5.355284 3.447704 -0.004200 
1084 2.992991 0.000000 0.000000 99.993216 -5.504273 0.834686 -0.002964 
1085 2.992991 0.000000 0.181530 100.085708 -4.402486 0.885252 -0.003731 
1086 3.139532 0.000000 0.136148 100.182015 -3.055882 0.807453 -0.004643 
1087 3.090685 0.000000 0.136148 100.167973 -3.159242 0.924991 -0.004446 
1088 3.139532 0.000000 0.090765 99.769453 -7.153711 3.264188 -0.001577 
1089 3.139532 0.000000 0.181530 100.098042 -4.312582 0.655638 -0.003865 
1090 3.237226 0.000000 0.045383 100.014823 -6.076836 0.540469 -0.004018 
1091 3.188379 0.000000 0.045383 100.002144 -6.112984 0.616542 -0.003818 
1092 3.237226 0.000000 0.000000 100.037950 -5.253563 0.882762 -0.003597 
1093 3.286073 0.000000 0.045383 100.020865 -5.962357 0.439585 -0.003992 
1094 3.212803 0.000000 0.113457 100.263509 -2.071114 0.926584 -0.005792 
1095 3.188379 0.000000 0.113457 100.217507 -2.438318 1.136709 -0.005079 
1096 3.212803 0.000000 0.090765 99.895185 -7.202861 1.278524 -0.003256 
1097 3.237226 0.000000 0.113457 100.323056 -1.696770 0.522642 -0.006787 
1098 3.212803 0.000000 0.136148 100.210275 -2.912925 0.583944 -0.005093 
1099 3.969932 0.000000 0.090765 100.159043 -5.474212 -0.856047 -0.006253 
1100 3.872238 0.000000 0.090765 100.138627 -5.687858 -0.784880 -0.006071 
1101 3.969932 0.000000 0.000000 100.191100 -2.773182 1.385618 -0.004787 
1102 3.969932 0.000000 0.181530 100.339566 -3.436493 -1.387660 -0.008176 
1103 4.653790 0.000000 1.089183 99.535419 -7.105373 6.499652 -0.000003 
1104 4.263014 0.000000 1.089183 99.537568 -7.066516 6.506272 0.000001 
1105 4.653790 0.000000 1.452244 99.531055 -6.972304 6.703207 0.000002 
1106 4.849178 0.000000 0.544591 99.438668 -9.889108 5.075553 -0.001160 
1107 4.653790 0.000000 0.544591 99.482017 -9.434700 4.906842 -0.000976 
1108 4.849178 0.000000 0.726122 99.520609 -7.862904 5.939753 -0.000146 
1109 4.946872 0.000000 0.272296 100.342169 -3.867843 -1.815907 -0.008681 
1110 4.849178 0.000000 0.272296 100.296567 -4.564684 -1.864786 -0.008372 
1111 4.946872 0.000000 0.181530 100.202926 -4.686369 -0.647557 -0.006301 
1112 4.946872 0.000000 0.363061 99.995651 -6.748057 0.254291 -0.004473 
1113 5.142260 0.000000 0.453826 98.969022 -13.205628 8.469203 -0.004098 
1114 5.044566 0.000000 0.453826 99.027382 -9.780262 11.066195 -0.002454 
1115 5.239954 0.000000 0.453826 98.577687 -15.179818 12.088785 -0.009413 
1116 5.142260 0.000000 0.544591 99.349060 -10.617148 5.631355 -0.001467 
1117 5.093413 0.000000 0.317678 100.253114 -11.473998 -8.162222 -0.024896 
1118 5.044566 0.000000 0.317678 100.182895 -7.462595 -3.138313 -0.010215 
1119 5.093413 0.000000 0.272296 100.271013 -3.629475 -0.556066 -0.006776 
1120 5.142260 0.000000 0.317678 100.079507 -2.085279 3.732298 -0.003419 
1121 5.093413 0.000000 0.363061 99.963473 -7.433832 0.030507 -0.004796 
1122 5.337648 0.000000 0.453826 98.796121 -10.985495 13.171724 -0.005485 
1123 5.435343 0.000000 0.453826 98.943572 -10.741360 11.309000 -0.003310 
1124 5.337648 0.000000 0.544591 99.277798 -11.000157 6.271376 -0.001641 
1125 5.533037 0.000000 0.453826 98.831865 -10.945821 12.702325 -0.004890 
1126 5.533037 0.000000 0.363061 99.496839 -8.402910 5.739677 -0.000317 
1127 5.630731 0.000000 0.453826 99.024173 -8.488596 12.416634 -0.003202 
1128 5.533037 0.000000 0.544591 99.212710 -11.131645 7.072195 -0.001709 
1129 5.386496 0.000000 0.408444 99.532088 -8.260254 5.378342 -0.000379 
1130 5.337648 0.000000 0.408444 99.669329 -7.059928 4.618239 -0.000515 
1131 5.386496 0.000000 0.363061 99.688547 -5.456758 5.949954 -0.000298 
1132 5.435343 0.000000 0.408444 99.365537 -9.527853 6.489958 -0.000641 
1133 5.386496 0.000000 0.453826 98.922864 -10.378547 11.968320 -0.003669 
1134 -8.241827 0.000000 -8.713463 99.512816 -6.977965 6.958793 0.000008 
1135 -11.368037 0.000000 -8.713463 99.513065 -6.977131 6.958827 0.000004 
1136 -8.241827 0.000000 -11.617950 99.512828 -6.978281 6.958713 0.000008 
1137 10.515434 0.000000 -8.713463 99.511507 -7.000898 6.951830 0.000012 
1138 10.515434 0.000000 -11.617950 99.511892 -6.993550 6.954884 0.000010 
1139 13.641644 0.000000 -8.713463 99.511771 -7.001381 6.951339 0.000007 
1140 -8.241827 0.000000 8.713463 99.514043 -6.973148 6.958816 -0.000009 
1141 -11.368037 0.000000 8.713463 99.513775 -6.973953 6.958837 -0.000005 
1142 -8.241827 0.000000 11.617950 99.514040 -6.972830 6.958722 -0.000009 
1143 -3.552511 0.000000 -4.356731 99.511393 -6.979905 6.958725 0.000034 
1144 -5.115617 0.000000 -4.356731 99.512255 -6.978411 6.958956 0.000019 
1145 -3.552511 0.000000 -5.808975 99.511548 -6.980475 6.958506 0.000030 
1146 10.515434 0.000000 8.713463 99.516122 -6.951420 6.950395 -0.000009 
1147 13.641644 0.000000 8.713463 99.516078 -6.950079 6.949233 -0.000005 
1148 10.515434 0.000000 11.617950 99.515380 -6.957901 6.954223 -0.000008 
1149 5.826119 0.000000 -4.356731 99.508578 -7.028741 6.934746 0.000055 
1150 5.826119 0.000000 -5.808975 99.509458 -7.012152 6.945590 0.000046 
1151 7.389224 0.000000 -4.356731 99.509798 -7.029549 6.933734 0.000031 
1152 -3.552511 0.000000 4.356731 99.515393 -6.971800 6.959038 -0.000035 
1153 -5.115617 0.000000 4.356731 99.514523 -6.972927 6.959098 -0.000019 
1154 -3.552511 0.000000 5.808975 99.515395 -6.971104 6.958703 -0.000033 
1155 -1.207854 0.000000 -2.178366 99.511763 -6.978982 6.949344 0.000041 
1156 -1.989406 0.000000 -2.178366 99.508359 -6.971430 6.958343 0.000107 
1157 -1.207854 0.000000 -2.904488 99.506367 -6.973903 6.956152 0.000146 
1158 3.481461 0.000000 -2.178366 99.491934 -7.088420 6.865902 0.000397 
1159 3.481461 0.000000 -2.904488 99.500971 -7.053324 6.913080 0.000202 
1160 4.263014 0.000000 -2.178366 99.502893 -7.095722 6.868177 0.000165 
1161 -1.207854 0.000000 2.178366 99.527685 -6.969783 6.967980 -0.000289 
1162 -1.989406 0.000000 2.178366 99.516424 -6.965384 6.960016 -0.000048 
1163 -1.207854 0.000000 2.904488 99.519642 -6.963633 6.959059 -0.000108 
1164 -0.817078 0.000000 -1.089183 99.488477 -6.987599 6.955607 0.000484 
1165 -1.207854 0.000000 -1.089183 99.497834 -6.986175 6.965957 0.000285 
1166 -0.817078 0.000000 -1.452244 99.501924 -6.983086 6.945384 0.000237 
1167 -0.230913 0.000000 -0.544591 99.313536 -6.995546 7.013664 0.003869 
1168 -0.426301 0.000000 -0.544591 99.436421 -6.988885 7.011321 0.001440 
1169 -0.230913 0.000000 -0.726122 99.353556 -7.011132 6.955142 0.003134 
1170 0.941416 0.000000 -0.544591 99.469784 -7.249101 6.695042 0.000839 
1171 0.941416 0.000000 -0.726122 99.452097 -7.130484 6.800771 0.001219 
1172 -0.817078 0.000000 1.089183 99.515177 -6.978298 6.964708 -0.000047 
1173 -1.207854 0.000000 1.089183 99.515357 -6.983013 6.961250 -0.000053 
1174 -0.817078 0.000000 1.452244 99.526078 -6.981522 6.971323 -0.000278 
1175 -0.230913 0.000000 0.544591 99.486377 -7.019849 6.914583 0.000537 
1176 -0.426301 0.000000 0.544591 99.536979 -7.013655 6.949658 -0.000510 
1177 -0.230913 0.000000 0.726122 99.502213 -7.039837 6.965396 0.000123 
1178 -0.133219 0.000000 -0.272296 99.276891 -7.131018 7.582353 0.003576 
1179 -0.230913 0.000000 -0.272296 99.502906 -6.943977 7.422653 -0.000414 
1180 -0.133219 0.000000 -0.363061 99.016734 -7.042613 7.242085 0.009364 
1181 0.941416 0.000000 0.544591 99.631851 -7.210657 6.665703 -0.002293 
1182 0.941416 0.000000 0.726122 99.593988 -7.086093 6.776280 -0.001509 
1183 -0.133219 0.000000 0.272296 99.724795 -7.267060 6.355236 -0.003823 
1184 -0.230913 0.000000 0.272296 99.738661 -6.986971 6.583811 -0.003996 
1185 -0.133219 0.000000 0.363061 99.383933 -7.153227 6.663657 0.002726 
1186 0.037745 0.000000 -0.113457 84.879793 -8.792110 2.546840 0.271163 
1187 0.013322 0.000000 -0.113457 83.100399 -8.379075 10.314542 0.291773 
1188 0.037745 0.000000 -0.136148 89.864778 -8.228685 4.525102 0.183613 
1189 0.648333 0.000000 -0.272296 101.606987 -11.172596 1.868088 -0.045230 
1190 0.648333 0.000000 -0.363061 99.461699 -7.518245 6.471192 0.000897 
1191 0.746027 0.000000 -0.272296 102.787662 -10.261517 2.821808 -0.067856 
1192 0.648333 0.000000 0.272296 101.617988 -11.177743 1.868930 -0.045465 
1193 0.746027 0.000000 0.272296 102.847676 -10.277294 2.821459 -0.069123 
1194 0.648333 0.000000 0.363061 99.642587 -7.574933 6.166716 -0.002405 
1195 0.037745 0.000000 0.113457 88.954793 -8.940938 7.794371 0.194635 
1196 0.013322 0.000000 0.113457 87.349044 -8.512176 1.582220 0.229518 
1197 0.037745 0.000000 0.136148 92.980795 -8.381694 7.017993 0.123507 
1198 0.098804 0.000000 -0.079420 90.093431 -12.444284 -14.784087 0.150974 
1199 0.098804 0.000000 -0.090765 90.143176 -12.517646 -14.951449 0.149397 
1200 0.098804 0.000000 -0.068074 90.090145 -12.434370 -14.764223 0.151117 
1201 0.098804 0.000000 0.079420 94.844509 -12.446656 16.028076 0.059270 
1202 0.098804 0.000000 0.068074 94.845394 -12.432466 16.032688 0.059274 
1203 0.098804 0.000000 0.090765 94.812732 -12.585564 15.985919 0.059660 
1204 0.233134 0.000000 -0.068074 82.000777 -0.049478 -5.993509 0.323995 
1205 0.233134 0.000000 -0.045383 83.435560 -0.075702 -4.501898 0.301823 
1206 0.184287 0.000000 -0.113457 98.479449 -11.117557 -7.298174 0.012493 
1207 0.184287 0.000000 -0.136148 98.131352 -9.839627 -3.916667 0.025808 
1208 0.233134 0.000000 0.068074 82.045079 -0.114375 6.083574 0.323158 
1209 0.233134 0.000000 0.045383 83.438464 -0.100327 4.667362 0.301623 
1210 0.184287 0.000000 0.113457 101.206832 -11.252640 12.697359 -0.053067 
1211 0.184287 0.000000 0.136148 100.438991 -9.956343 11.838405 -0.032727 
1212 0.501792 0.000000 -0.045383 100.235850 -8.030364 4.958575 -0.013630 
1213 0.550639 0.000000 -0.045383 101.617022 -6.748623 6.270585 -0.041088 
1214 0.501792 0.000000 0.000000 101.618111 -6.529469 6.489775 -0.041099 
1215 0.501792 0.000000 0.045383 100.277388 -8.040246 4.956291 -0.014476 
1216 0.550639 0.000000 0.045383 101.618750 -6.750421 6.271476 -0.041127 
1217 0.428522 0.000000 -0.068074 98.571955 -10.836570 2.122124 0.016164 
1218 0.452945 0.000000 -0.068074 98.763135 -9.336931 3.618716 0.014557 
1219 0.428522 0.000000 -0.045383 98.794495 -11.591449 1.372553 0.010340 
1220 0.367463 0.000000 -0.102111 104.606292 -12.569534 -3.129247 -0.111026 
1221 0.367463 0.000000 -0.113457 104.680293 -12.580819 -2.628340 -0.112315 
1222 0.367463 0.000000 -0.090765 104.946389 -12.575369 -2.874843 -0.118015 
1223 0.428522 0.000000 0.068074 98.664772 -10.859307 2.116961 0.014286 
1224 0.428522 0.000000 0.045383 98.880792 -11.611420 1.369083 0.008589 
1225 0.452945 0.000000 0.068074 98.850479 -9.359756 3.614302 0.012791 
1226 0.367463 0.000000 0.102111 105.783826 -12.638671 3.424155 -0.136168 
1227 0.367463 0.000000 0.090765 106.117775 -12.643401 3.164544 -0.143085 
1228 0.367463 0.000000 0.113457 105.751557 -12.639070 2.911985 -0.135162 
1229 1.722968 0.000000 -0.544591 99.174665 -7.420691 6.382858 0.006858 
1230 1.722968 0.000000 -0.726122 99.248945 -7.257098 6.592871 0.005352 
1231 1.722968 0.000000 0.544591 99.975477 -7.223592 6.224582 -0.008602 
1232 1.722968 0.000000 0.726122 99.719134 -7.093003 6.505125 -0.003653 
1233 1.429886 0.000000 -0.272296 101.144138 -11.410386 1.885805 -0.036389 
1234 1.429886 0.000000 -0.363061 99.252251 -7.616112 6.468099 0.004915 
1235 1.527580 0.000000 -0.272296 101.069381 -11.965745 1.327538 -0.035996 
1236 1.429886 0.000000 0.272296 101.890555 -11.659082 1.908011 -0.052126 
1237 1.527580 0.000000 0.272296 102.985524 -12.563958 1.409633 -0.076586 
1238 1.429886 0.000000 0.363061 99.877231 -7.560196 6.151191 -0.007046 
1239 8.952329 0.000000 -4.356731 99.510494 -7.029181 6.933255 0.000018 
1240 8.952329 0.000000 -5.808975 99.510722 -7.015089 6.943982 0.000019 
1241 10.515434 0.000000 -4.356731 99.510930 -7.028028 6.933046 0.000011 
1242 5.044566 0.000000 -2.178366 99.506413 -7.093872 6.867014 0.000099 
1243 5.044566 0.000000 -2.904488 99.506227 -7.066868 6.906006 0.000088 
1244 5.826119 0.000000 -2.178366 99.508546 -7.096498 6.866980 0.000053 
1245 6.607671 0.000000 -2.178366 99.510021 -7.086219 6.868159 0.000037 
1246 6.607671 0.000000 -2.904488 99.509161 -7.059698 6.905072 0.000041 
1247 7.389224 0.000000 -2.178366 99.510860 -7.081226 6.869803 0.000025 
1248 3.090685 0.000000 -1.089183 99.487499 -7.262350 6.611067 0.000579 
1249 3.090685 0.000000 -1.452244 99.485502 -7.174391 6.764803 0.000540 
1250 3.481461 0.000000 -1.089183 99.502456 -7.251299 6.613655 0.000294 
1251 3.872238 0.000000 -1.089183 99.507064 -7.236911 6.613417 0.000223 
1252 3.872238 0.000000 -1.452244 99.500486 -7.170353 6.754910 0.000261 
1253 4.263014 0.000000 -1.089183 99.511326 -7.220878 6.622522 0.000150 
1254 2.504521 0.000000 -0.544591 99.402523 -7.639705 5.608013 0.002932 
1255 2.504521 0.000000 -0.726122 99.388993 -7.482519 6.192666 0.002749 
1256 2.699909 0.000000 -0.544591 99.483412 -7.587284 5.620514 0.001389 
1257 8.952329 0.000000 4.356731 99.519160 -6.933675 6.925563 -0.000010 
1258 10.515434 0.000000 4.356731 99.519070 -6.934093 6.923330 -0.000006 
1259 8.952329 0.000000 5.808975 99.517688 -6.941330 6.940503 -0.000012 
1260 6.607671 0.000000 2.178366 99.525199 -6.939996 6.835869 -0.000016 
1261 7.389224 0.000000 2.178366 99.524555 -6.948213 6.832703 -0.000010 
1262 6.607671 0.000000 2.904488 99.522591 -6.927408 6.890178 -0.000021 
1263 3.872238 0.000000 1.089183 99.539604 -7.031103 6.516324 -0.000003 
1264 3.872238 0.000000 1.452244 99.535683 -6.953742 6.711941 -0.000076 
1265 2.504521 0.000000 0.544591 99.512271 -7.146856 5.398653 0.001708 
1266 2.699909 0.000000 0.544591 99.583921 -7.231253 5.297493 0.000269 
1267 2.504521 0.000000 0.726122 99.517174 -7.045311 6.078305 0.000975 
1268 2.895297 0.000000 -0.544591 99.510215 -7.508779 5.660389 0.000930 
1269 2.895297 0.000000 -0.726122 99.484546 -7.430910 6.186760 0.000933 
1270 3.090685 0.000000 -0.544591 99.530711 -7.469051 5.707291 0.000528 
1271 3.286073 0.000000 -0.544591 99.541846 -7.433549 5.751069 0.000309 
1272 3.286073 0.000000 -0.726122 99.511881 -7.387729 6.211431 0.000423 
1273 3.481461 0.000000 -0.544591 99.547766 -7.391102 5.791316 0.000207 
1274 2.406827 0.000000 -0.272296 99.546325 -7.226375 2.837752 0.003026 
1275 2.406827 0.000000 -0.363061 99.220129 -7.580337 4.053316 0.008148 
1276 2.504521 0.000000 -0.272296 99.711580 -7.176646 3.124827 -0.000367 
1277 2.895297 0.000000 0.544591 99.585133 -7.301900 5.208764 0.000235 
1278 2.895297 0.000000 0.726122 99.551816 -7.103976 6.013913 0.000280 
1279 2.406827 0.000000 0.272296 99.673608 -6.205007 3.273126 0.001596 
1280 2.504521 0.000000 0.272296 99.904389 -6.160639 2.867665 -0.002706 
1281 2.406827 0.000000 0.363061 99.374726 -6.917266 4.109366 0.005993 
1282 2.357979 0.000000 -0.136148 101.630913 -6.144557 -1.804846 -0.036986 
1283 2.357979 0.000000 -0.181530 99.796937 -6.544032 0.052732 -0.000226 
1284 2.406827 0.000000 -0.136148 101.388246 -5.975747 0.041943 -0.031529 
1285 2.284709 0.000000 -0.113457 90.930898 -6.329358 -11.760891 0.155319 
1286 2.284709 0.000000 -0.136148 93.782550 -6.431753 -4.499085 0.114322 
1287 2.309132 0.000000 -0.113457 101.191160 -6.044829 -9.507389 -0.036658 
1288 2.357979 0.000000 0.136148 101.595332 -4.681531 5.561886 -0.037446 
1289 2.406827 0.000000 0.136148 101.453749 -4.513013 3.647090 -0.032653 
1290 2.357979 0.000000 0.181530 99.768400 -5.150353 4.309132 0.000117 
1291 2.284709 0.000000 0.113457 89.899896 -4.979326 15.337103 0.165799 
1292 2.309132 0.000000 0.113457 100.804466 -4.687500 13.306890 -0.036059 
1293 2.284709 0.000000 0.136148 93.154307 -4.984477 8.154596 0.123093 
1294 3.676849 0.000000 0.544591 99.580964 -7.947934 4.939173 -0.000393 
1295 3.872238 0.000000 0.544591 99.571542 -8.161796 4.883128 -0.000495 
1296 3.676849 0.000000 0.726122 99.557057 -7.351690 5.922708 -0.000073 
1297 4.653790 0.000000 -1.089183 99.514465 -7.205520 6.631675 0.000097 
1298 4.653790 0.000000 -1.452244 99.508516 -7.158168 6.762494 0.000108 
1299 5.044566 0.000000 -1.089183 99.515809 -7.190896 6.640359 0.000080 
1300 5.435343 0.000000 -1.089183 99.517175 -7.176004 6.650459 0.000061 
1301 5.435343 0.000000 -1.452244 99.511032 -7.143470 6.768049 0.000072 
1302 5.826119 0.000000 -1.089183 99.518434 -7.171304 6.659820 0.000030 
1303 3.676849 0.000000 -0.181530 99.759088 -6.309027 3.950320 -0.000728 
1304 3.676849 0.000000 -0.363061 99.617011 -7.179954 5.083507 -0.000094 
1305 4.458402 0.000000 0.544591 99.514561 -9.037878 4.833925 -0.000820 
1306 4.263014 0.000000 0.544591 99.539757 -8.691076 4.816617 -0.000690 
1307 4.458402 0.000000 0.726122 99.536167 -7.669536 5.905512 -0.000115 
1308 4.165320 0.000000 -0.090765 99.817255 -5.536114 3.973613 -0.000992 
1309 4.067626 0.000000 -0.090765 99.828760 -5.477917 3.856704 -0.001066 
1310 4.165320 0.000000 -0.181530 99.727955 -6.371215 4.406298 -0.000567 
1311 3.969932 0.000000 -0.090765 99.840985 -5.424108 3.727113 -0.001153 
1312 3.872238 0.000000 -0.090765 99.853642 -5.373916 3.587141 -0.001250 
1313 3.969932 0.000000 -0.181530 99.740116 -6.344524 4.239276 -0.000632 
1314 4.360708 0.000000 0.090765 100.197954 -5.528930 -1.452646 -0.007231 
1315 4.360708 0.000000 0.181530 100.290811 -4.684073 -1.928032 -0.008390 
1316 4.556096 0.000000 -0.090765 99.776123 -5.740027 4.374840 -0.000736 
1317 4.556096 0.000000 -0.181530 99.706128 -6.406403 4.704277 -0.000448 
1318 4.653790 0.000000 -0.090765 99.767431 -5.786760 4.457151 -0.000689 
1319 6.216895 0.000000 1.089183 99.521318 -7.300826 6.524939 -0.000037 
1320 6.607671 0.000000 1.089183 99.516355 -7.344725 6.548724 -0.000034 
1321 6.216895 0.000000 1.452244 99.528217 -7.041054 6.691181 -0.000021 
1322 4.946872 0.000000 0.090765 100.427372 1.118197 1.959275 -0.009075 
1323 4.849178 0.000000 0.090765 100.499231 1.373297 1.184208 -0.010338 
1324 6.216895 0.000000 -1.089183 99.519149 -7.158342 6.669621 0.000021 
1325 6.216895 0.000000 -1.452244 99.513000 -7.133946 6.774539 0.000038 
1326 6.607671 0.000000 -1.089183 99.519669 -7.141106 6.678422 0.000024 
1327 5.142260 0.000000 -0.090765 99.732210 -5.981252 4.785269 -0.000519 
1328 5.142260 0.000000 -0.181530 99.680178 -6.439266 5.068434 -0.000329 
1329 6.021507 0.000000 0.544591 99.157223 -10.327827 8.689696 -0.001433 
1330 6.216895 0.000000 0.544591 99.170369 -9.835416 8.995342 -0.001241 
1331 6.021507 0.000000 0.726122 99.447781 -8.489551 6.380304 -0.000264 
1332 5.728425 0.000000 0.090765 100.014004 -2.038427 4.722213 -0.002926 
1333 5.728425 0.000000 0.000000 99.961624 -3.705040 3.798994 -0.002049 
1334 5.826119 0.000000 0.090765 99.985516 -2.362577 4.820653 -0.002592 
1335 5.533037 0.000000 0.272296 99.853747 -7.993706 1.044369 -0.003576 
1336 5.386496 0.000000 0.226913 100.418537 -2.133785 -1.160881 -0.008978 
1337 5.435343 0.000000 0.226913 100.392103 -1.656850 -0.303973 -0.008141 
1338 5.386496 0.000000 0.272296 100.087494 -5.280328 0.419831 -0.004556 
1339 5.386496 0.000000 0.317678 100.131973 -5.293663 -0.229137 -0.005449 
1340 5.337648 0.000000 0.317678 100.066937 -5.366853 0.626731 -0.004259 
1341 5.435343 0.000000 0.317678 100.216102 -4.924084 -1.061107 -0.006864 
1342 5.288801 0.000000 0.317678 100.009098 -5.304308 1.515291 -0.003225 
1343 5.239954 0.000000 0.317678 99.943593 -5.392702 2.362302 -0.002338 
1344 5.288801 0.000000 0.363061 100.440296 -5.225509 -4.569935 -0.013644 
1345 5.728425 0.000000 -0.090765 99.706129 -6.071286 5.079013 -0.000397 
1346 5.630731 0.000000 -0.090765 99.710071 -6.065302 5.026662 -0.000415 
1347 5.728425 0.000000 -0.181530 99.657658 -6.465682 5.375268 -0.000235 
1348 5.533037 0.000000 -0.090765 99.713958 -6.057869 4.977049 -0.000434 
1349 5.533037 0.000000 -0.181530 99.664884 -6.455811 5.278097 -0.000263 
1350 5.191107 0.000000 0.317678 99.934253 -5.347487 2.540312 -0.002190 
1351 5.191107 0.000000 0.272296 100.223029 -4.026674 -0.265859 -0.006094 
1352 5.191107 0.000000 0.363061 99.935044 -8.104583 -0.233306 -0.005275 
1353 5.923813 0.000000 0.090765 99.959036 -2.655027 4.906809 -0.002293 
1354 6.021507 0.000000 0.090765 99.934565 -2.927714 4.984005 -0.002033 
1355 5.923813 0.000000 0.181530 99.916626 -0.326081 7.849285 -0.004505 
1356 5.923813 0.000000 0.272296 99.565803 -2.911524 10.276132 -0.002742 
1357 6.021507 0.000000 0.272296 99.649367 -3.421286 8.570471 -0.001515 
1358 5.923813 0.000000 0.363061 98.061649 -18.398537 16.263881 -0.021911 
1359 5.728425 0.000000 0.453826 99.158620 -8.022072 10.962782 -0.001697 
1360 5.826119 0.000000 0.453826 99.195583 -8.221819 10.250154 -0.001243 
1361 5.728425 0.000000 0.544591 99.170788 -10.953401 7.852457 -0.001648 
1362 3.383767 0.000000 -0.090765 99.914742 -5.230365 2.745482 -0.001785 
1363 3.383767 0.000000 -0.181530 99.778438 -6.276836 3.622635 -0.000826 
1364 3.481461 0.000000 -0.090765 99.904128 -5.234576 2.928889 -0.001681 
1365 2.992991 0.000000 -0.090765 99.916565 -5.385113 2.091669 -0.001669 
1366 2.895297 0.000000 -0.090765 99.911035 -5.399241 1.972703 -0.001526 
1367 2.992991 0.000000 -0.181530 99.785286 -6.287995 3.091545 -0.000620 
1368 3.383767 0.000000 0.272296 100.014466 -5.802356 0.798085 -0.003720 
1369 3.481461 0.000000 0.272296 100.033863 -5.727930 0.628554 -0.003998 
1370 3.383767 0.000000 0.363061 99.807767 -7.537195 1.994245 -0.002238 
1371 4.751484 0.000000 -0.090765 99.759262 -5.831449 4.533732 -0.000647 
1372 4.751484 0.000000 -0.181530 99.696833 -6.419929 4.833662 -0.000404 
1373 4.751484 0.000000 0.000000 100.167662 -1.955588 2.581965 -0.004405 
1374 2.992991 0.000000 0.272296 99.938246 -5.968030 1.524153 -0.002559 
1375 2.895297 0.000000 0.272296 99.941083 -6.031539 1.726259 -0.002758 
1376 2.992991 0.000000 0.363061 99.748087 -7.189446 2.878812 -0.000966 
1377 3.139532 0.000000 0.045383 100.007207 -6.116431 0.675814 -0.003931 
1378 3.090685 0.000000 0.045383 99.997931 -6.126976 0.735545 -0.003767 
1379 3.139532 0.000000 0.000000 100.028685 -5.364734 0.858422 -0.003526 
1380 4.946872 0.000000 0.453826 97.657402 -16.484226 23.936186 -0.038164 
1381 4.849178 0.000000 0.453826 98.628302 -25.957413 0.554943 -0.040164 
1382 4.946872 0.000000 0.544591 99.412004 -10.133004 5.212867 -0.001260 
1383 5.288801 0.000000 0.408444 99.786080 -6.077265 3.932374 -0.000966 
1384 5.239954 0.000000 0.408444 99.884069 -5.359522 3.249161 -0.001611 
1385 5.288801 0.000000 0.453826 98.611470 -13.041961 13.750259 -0.008338 
1386 4.067626 0.000000 0.544591 99.557787 -8.406745 4.840459 -0.000586 
1387 4.067626 0.000000 0.726122 99.549026 -7.500767 5.901281 -0.000110 
1388 3.676849 0.000000 -0.544591 99.551173 -7.353804 5.831408 0.000148 
1389 3.676849 0.000000 -0.726122 99.525075 -7.339172 6.247495 0.000186 
1390 3.872238 0.000000 -0.544591 99.554519 -7.319291 5.873768 0.000082 
1391 4.067626 0.000000 -0.544591 99.556027 -7.285679 5.914733 0.000053 
1392 4.067626 0.000000 -0.726122 99.529444 -7.299879 6.279281 0.000117 
1393 4.263014 0.000000 -0.544591 99.556204 -7.250766 5.951323 0.000057 
1394 4.458402 0.000000 -0.544591 99.556756 -7.233444 5.991694 0.000023 
1395 4.458402 0.000000 -0.726122 99.532002 -7.259408 6.314328 0.000081 
1396 4.653790 0.000000 -0.544591 99.556864 -7.209485 6.027687 0.000012 
1397 4.849178 0.000000 -0.544591 99.556787 -7.188230 6.062232 0.000002 
1398 4.849178 0.000000 -0.726122 99.533905 -7.226955 6.348658 0.000047 
1399 5.044566 0.000000 -0.544591 99.556541 -7.168339 6.095647 -0.000005 
1400 4.751484 0.000000 0.090765 100.589045 1.577382 0.100956 -0.012065 
1401 4.751484 0.000000 0.181530 100.230789 -4.768868 -1.134814 -0.007024 
1402 4.751484 0.000000 0.272296 100.276966 -4.871463 -1.894934 -0.008279 
1403 4.653790 0.000000 0.272296 100.254377 -5.079913 -1.784101 -0.007993 
1404 4.751484 0.000000 0.363061 100.056085 -6.000134 0.135521 -0.004724 
1405 5.239954 0.000000 -0.544591 99.555926 -7.150863 6.126819 -0.000006 
1406 5.239954 0.000000 -0.726122 99.534485 -7.197760 6.381106 0.000036 
1407 5.435343 0.000000 -0.544591 99.555214 -7.134514 6.156653 -0.000005 
1408 5.630731 0.000000 -0.544591 99.554545 -7.120122 6.185594 -0.000007 
1409 5.630731 0.000000 -0.726122 99.534841 -7.172641 6.412134 0.000025 
1410 5.826119 0.000000 -0.544591 99.554150 -7.115897 6.212793 -0.000026 
1411 6.021507 0.000000 -0.544591 99.553371 -7.103420 6.239275 -0.000026 
1412 6.021507 0.000000 -0.726122 99.535171 -7.159177 6.441073 0.000001 
1413 6.216895 0.000000 -0.544591 99.552559 -7.092168 6.264548 -0.000026 
1414 5.191107 0.000000 0.226913 100.307064 -4.303814 -1.746134 -0.008308 
1415 5.142260 0.000000 0.226913 100.282525 -4.498668 -1.591673 -0.007936 
1416 5.191107 0.000000 0.181530 100.109030 -4.929393 0.457938 -0.004633 
1417 4.751484 0.000000 0.453826 99.338975 -16.726567 -0.357895 -0.014814 
1418 4.653790 0.000000 0.453826 99.481481 -13.699123 0.636203 -0.008464 
1419 4.751484 0.000000 0.544591 99.461863 -9.655279 4.976186 -0.001065 
1420 5.191107 0.000000 0.408444 99.960661 -4.885139 2.628461 -0.002291 
1421 5.142260 0.000000 0.408444 100.020888 -4.533109 2.119239 -0.002922 
1422 5.191107 0.000000 0.453826 98.770062 -14.965748 9.550921 -0.007072 
1423 5.923813 0.000000 0.453826 99.203711 -8.410181 9.945255 -0.001102 
1424 6.021507 0.000000 0.453826 99.204998 -8.528844 9.808059 -0.001057 
1425 5.923813 0.000000 0.544591 99.156345 -10.566645 8.462852 -0.001525 
1426 4.556096 0.000000 0.272296 100.228886 -5.219028 -1.562598 -0.007551 
1427 4.458402 0.000000 0.272296 100.204603 -5.300697 -1.301041 -0.007075 
1428 4.556096 0.000000 0.363061 100.094639 -5.828556 -0.250119 -0.005297 
1429 4.360708 0.000000 0.272296 100.182932 -5.343371 -1.039488 -0.006625 
1430 4.263014 0.000000 0.272296 100.164348 -5.363869 -0.793232 -0.006230 
1431 4.360708 0.000000 0.363061 100.087046 -6.159066 -0.480745 -0.005558 
1432 5.191107 0.000000 0.136148 100.175027 -4.444609 -0.000607 -0.005479 
1433 5.142260 0.000000 0.136148 100.200157 -5.503996 -1.422972 -0.007239 
1434 5.191107 0.000000 0.090765 100.253892 0.178440 3.504903 -0.006316 
1435 5.093413 0.000000 0.226913 100.266660 -4.587237 -1.454752 -0.007656 
1436 5.044566 0.000000 0.226913 100.258139 -4.604837 -1.351759 -0.007473 
1437 5.093413 0.000000 0.181530 100.157386 -4.742781 -0.048884 -0.005400 
1438 5.093413 0.000000 0.408444 100.078203 -4.181291 1.651130 -0.003586 
1439 5.044566 0.000000 0.408444 100.142363 -3.830401 1.084264 -0.004434 
1440 5.093413 0.000000 0.453826 99.064582 -11.317634 8.994143 -0.002277 
1441 4.556096 0.000000 0.453826 99.537536 -12.186668 1.347787 -0.005805 
1442 4.458402 0.000000 0.453826 99.568058 -11.243553 1.853510 -0.004365 
1443 4.556096 0.000000 0.544591 99.499466 -9.228867 4.861141 -0.000895 
1 11 62 60 61 
2 62 10 24 60 
3 60 24 14 63 
4 61 60 63 6 
5 24 66 64 65 
6 66 23 40 64 
7 64 40 27 67 
8 65 64 67 14 
9 40 70 68 69 
10 69 68 71 27 
11 6 63 92 93 
12 63 14 36 92 
13 92 36 19 94 
14 93 92 94 20 
15 14 67 95 96 
16 67 27 52 95 
17 95 52 35 97 
18 96 95 97 36 
19 27 71 98 99 
20 99 98 100 52 
21 68 112 110 111 
22 112 56 80 110 
23 110 80 43 113 
24 111 110 113 71 
25 80 116 114 115 
26 115 114 117 43 
27 71 113 133 134 
28 113 43 102 133 
29 133 102 76 135 
30 134 133 135 98 
31 43 117 136 137 
32 137 136 138 102 
33 114 141 139 140 
34 141 106 129 139 
35 139 129 83 142 
36 140 139 142 117 
37 129 149 147 148 
38 147 150 132 151 
39 148 147 151 83 
40 117 142 152 153 
41 142 83 144 152 
42 152 144 125 154 
43 153 152 154 136 
44 83 151 155 156 
45 151 132 157 155 
46 156 155 158 144 
47 12 161 159 160 
48 161 7 162 159 
49 159 162 13 25 
50 160 159 25 10 
51 25 165 163 164 
52 165 13 166 163 
53 163 166 26 41 
54 164 163 41 23 
55 41 169 167 168 
56 169 26 170 167 
57 167 170 42 57 
58 168 167 57 39 
59 39 173 171 172 
60 173 57 174 171 
61 171 174 55 81 
62 172 171 81 56 
63 81 177 175 176 
64 177 55 178 175 
65 175 178 82 107 
66 176 175 107 79 
67 79 181 179 180 
68 181 107 182 179 
69 179 182 105 130 
70 180 179 130 106 
71 106 185 183 184 
72 185 130 186 183 
73 184 183 149 129 
74 195 197 109 198 
75 150 195 198 132 
76 149 201 199 200 
77 201 128 202 199 
78 199 202 150 203 
79 200 199 203 147 
80 132 198 210 157 
81 198 109 211 210 
82 19 38 213 214 
83 38 21 215 213 
84 213 215 9 216 
85 214 213 216 22 
86 35 54 217 218 
87 54 37 219 217 
88 217 219 21 220 
89 218 217 220 38 
90 51 78 221 222 
91 78 53 223 221 
92 221 223 37 224 
93 222 221 224 54 
94 76 104 225 226 
95 104 75 227 225 
96 225 227 78 228 
97 226 225 228 51 
98 101 127 229 230 
99 127 103 231 229 
100 229 231 75 232 
101 230 229 232 104 
102 125 146 233 234 
103 146 124 235 233 
104 233 235 127 236 
105 234 233 236 101 
106 144 158 237 238 
107 237 239 146 240 
108 238 237 240 125 
109 155 243 241 242 
110 243 157 244 241 
111 241 244 143 245 
112 242 241 245 158 
113 130 247 246 186 
114 247 105 248 246 
115 249 251 195 252 
116 202 249 252 150 
117 186 255 253 254 
118 255 246 256 253 
119 253 256 196 250 
120 254 253 250 128 
121 128 259 257 258 
122 259 250 260 257 
123 257 260 249 261 
124 258 257 261 202 
125 262 263 124 264 
126 239 262 264 146 
127 157 266 265 244 
128 266 210 267 265 
129 143 268 269 270 
130 268 212 271 269 
131 269 271 262 272 
132 270 269 272 239 
133 244 275 273 274 
134 275 265 276 273 
135 273 276 268 277 
136 274 273 277 143 
137 278 280 194 281 
138 197 278 281 109 
139 283 131 284 282 
140 282 284 197 285 
141 251 282 285 195 
142 107 287 286 182 
143 287 82 288 286 
144 286 288 108 192 
145 182 286 192 105 
146 105 290 289 248 
147 290 192 291 289 
148 246 293 292 256 
149 293 248 294 292 
150 292 294 131 283 
151 256 292 283 196 
152 196 297 295 296 
153 297 283 298 295 
154 295 298 282 299 
155 296 295 299 251 
156 109 281 300 211 
157 281 194 301 300 
158 210 304 303 267 
159 304 211 305 303 
160 303 305 145 306 
161 124 209 307 235 
162 209 126 308 307 
163 307 308 103 309 
164 235 307 309 127 
165 310 311 209 312 
166 263 310 312 124 
167 212 306 313 271 
168 306 145 314 313 
169 313 314 263 315 
170 271 313 315 262 
171 267 318 316 317 
172 318 303 319 316 
173 316 319 306 320 
174 317 316 320 212 
175 131 322 321 284 
176 322 279 323 321 
177 321 323 278 324 
178 284 321 324 197 
179 211 326 325 305 
180 326 300 327 325 
181 325 327 302 328 
182 305 325 328 145 
183 192 334 333 291 
184 334 108 335 333 
185 289 339 337 338 
186 339 291 340 337 
187 337 340 191 341 
188 338 337 341 279 
189 345 347 126 348 
190 311 345 348 209 
191 302 351 349 350 
192 351 207 352 349 
193 349 352 311 353 
194 350 349 353 310 
195 354 355 59 356 
196 280 354 356 194 
197 291 358 357 340 
198 358 333 359 357 
199 357 359 336 360 
200 191 360 361 362 
201 360 336 363 361 
202 361 363 354 364 
203 362 361 364 280 
204 340 367 365 366 
205 367 357 368 365 
206 365 368 360 369 
207 366 365 369 191 
208 194 356 370 301 
209 356 59 371 370 
210 373 346 374 372 
211 372 374 345 375 
212 352 372 375 311 
213 301 378 376 377 
214 378 370 379 376 
215 376 379 346 373 
216 377 376 373 207 
217 207 382 380 381 
218 382 373 383 380 
219 380 383 372 384 
220 381 380 384 352 
221 57 386 385 174 
222 386 42 387 385 
223 385 387 58 89 
224 174 385 89 55 
225 55 389 388 178 
226 389 89 390 388 
227 388 390 88 188 
228 178 388 188 82 
229 82 392 391 288 
230 392 188 393 391 
231 391 393 187 330 
232 288 391 330 108 
233 108 395 394 335 
234 395 330 396 394 
235 333 399 398 359 
236 399 335 400 398 
237 359 398 401 336 
238 75 123 402 227 
239 123 77 403 402 
240 402 403 53 404 
241 227 402 404 78 
242 103 206 405 231 
243 206 121 406 405 
244 405 406 123 407 
245 231 405 407 75 
246 126 344 408 308 
247 344 204 409 408 
248 408 409 206 410 
249 308 408 410 103 
250 411 413 344 414 
251 347 411 414 126 
252 346 416 415 374 
253 415 417 347 418 
254 374 415 418 345 
255 419 420 332 421 
256 355 419 421 59 
257 335 423 422 400 
258 423 394 424 422 
259 336 401 426 363 
260 401 193 427 426 
261 426 427 355 428 
262 363 426 428 354 
263 398 431 429 430 
264 431 400 432 429 
265 429 432 193 433 
266 430 429 433 401 
267 59 421 434 371 
268 421 332 435 434 
269 370 437 436 379 
270 437 371 438 436 
271 436 438 208 416 
272 379 436 416 346 
273 439 441 411 442 
274 417 439 442 347 
275 416 445 443 444 
276 445 208 446 443 
277 443 446 417 447 
278 444 443 447 415 
279 88 453 452 189 
280 453 90 454 452 
281 452 454 5 455 
282 189 452 455 91 
283 187 457 456 331 
284 457 189 458 456 
285 456 458 91 459 
286 331 456 459 190 
287 330 461 460 396 
288 461 187 462 460 
289 460 462 331 463 
290 396 460 463 329 
291 394 465 464 424 
292 465 396 466 464 
293 464 466 329 467 
294 424 464 467 397 
295 193 425 468 427 
296 425 397 469 468 
297 468 469 419 470 
298 427 468 470 355 
299 422 473 471 472 
300 473 424 474 471 
301 471 474 397 475 
302 472 471 475 425 
303 371 477 476 438 
304 477 434 478 476 
305 476 478 412 440 
306 438 476 440 208 
307 91 455 482 205 
308 455 5 483 482 
309 482 483 122 484 
310 205 482 484 121 
311 190 459 485 343 
312 459 91 486 485 
313 485 486 205 487 
314 343 485 487 204 
315 342 489 488 413 
316 489 343 490 488 
317 488 490 204 491 
318 413 488 491 344 
319 412 493 492 441 
320 493 342 494 492 
321 492 494 413 495 
322 441 492 495 411 
323 440 498 496 497 
324 498 412 499 496 
325 496 499 441 500 
326 497 496 500 439 
327 454 510 508 509 
328 508 511 504 512 
329 509 508 512 5 
330 5 512 513 514 
331 512 504 515 513 
332 514 513 516 483 
333 7 518 517 162 
334 518 16 519 517 
335 517 519 15 32 
336 162 517 32 13 
337 13 521 520 166 
338 521 32 522 520 
339 520 522 31 48 
340 166 520 48 26 
341 26 524 523 170 
342 524 48 525 523 
343 523 525 47 85 
344 170 523 85 42 
345 42 527 526 387 
346 527 85 528 526 
347 526 528 84 449 
348 387 526 449 58 
349 58 531 529 530 
350 531 449 532 529 
351 529 532 448 502 
352 530 529 502 90 
353 90 535 533 534 
354 535 502 536 533 
355 533 536 501 510 
356 534 533 510 454 
357 538 17 539 537 
358 537 539 8 540 
359 448 554 553 503 
360 554 450 555 553 
361 553 555 87 556 
362 503 553 556 451 
363 501 558 557 511 
364 558 503 559 557 
365 557 559 451 560 
366 511 557 560 504 
367 510 563 561 562 
368 563 501 564 561 
369 561 564 511 565 
370 562 561 565 508 
371 540 8 567 566 
372 566 567 29 568 
373 451 556 578 506 
374 556 87 579 578 
375 578 579 480 580 
376 506 578 580 479 
377 504 560 581 515 
378 560 451 582 581 
379 581 582 506 583 
380 515 581 583 505 
381 21 46 584 215 
382 46 28 585 584 
383 584 585 30 586 
384 215 584 586 9 
385 37 74 587 219 
386 74 44 588 587 
387 587 588 46 589 
388 219 587 589 21 
389 53 120 590 223 
390 120 72 591 590 
391 590 591 74 592 
392 223 590 592 37 
393 77 481 593 403 
394 481 118 594 593 
395 593 594 120 595 
396 403 593 595 53 
397 122 507 596 597 
398 507 479 598 596 
399 596 598 481 599 
400 597 596 599 77 
401 483 516 600 601 
402 516 505 602 600 
403 600 602 507 603 
404 601 600 603 122 
405 513 606 604 605 
406 606 515 607 604 
407 604 607 505 608 
408 605 604 608 516 
409 555 618 616 617 
410 617 616 620 87 
411 87 620 621 622 
412 622 621 624 579 
413 85 626 625 528 
414 626 47 627 625 
415 625 627 86 550 
416 528 625 550 84 
417 84 630 628 629 
418 630 550 631 628 
419 628 631 549 610 
420 629 628 610 450 
421 450 634 632 633 
422 634 610 635 632 
423 632 635 609 618 
424 633 632 618 555 
425 641 551 642 640 
426 640 642 50 643 
427 618 650 648 649 
428 650 609 651 648 
429 649 648 652 616 
430 643 50 657 656 
431 656 657 576 658 
432 118 577 662 594 
433 577 119 663 662 
434 662 663 72 664 
435 594 662 664 120 
436 480 615 665 666 
437 615 575 667 665 
438 665 667 577 668 
439 666 665 668 118 
440 579 624 669 670 
441 624 613 671 669 
442 669 671 615 672 
443 670 669 672 480 
444 621 675 673 674 
445 673 676 613 677 
446 674 673 677 624 
447 610 679 678 635 
448 679 549 680 678 
449 678 680 611 645 
450 635 678 645 609 
451 609 682 681 651 
452 682 645 683 681 
453 616 652 685 686 
454 685 687 612 688 
455 686 685 688 620 
456 648 691 689 690 
457 691 651 692 689 
458 690 689 693 652 
459 620 688 694 695 
460 688 612 696 694 
461 695 694 675 621 
462 613 661 697 671 
463 661 614 698 697 
464 697 698 575 699 
465 671 697 699 615 
466 700 702 661 703 
467 676 700 703 613 
468 675 706 704 705 
469 704 707 676 708 
470 705 704 708 673 
471 709 710 647 711 
472 687 709 711 612 
473 651 713 712 692 
474 713 681 714 712 
475 652 693 716 717 
476 693 619 718 716 
477 716 718 687 719 
478 717 716 719 685 
479 689 722 720 721 
480 722 692 723 720 
481 720 723 619 724 
482 721 720 724 693 
483 612 711 725 696 
484 711 647 726 725 
485 694 729 727 728 
486 729 696 730 727 
487 727 730 623 706 
488 728 727 706 675 
489 731 733 700 734 
490 707 731 734 676 
491 706 737 735 736 
492 737 623 738 735 
493 735 738 707 739 
494 736 735 739 704 
495 619 715 740 718 
496 715 684 741 740 
497 740 741 709 742 
498 718 740 742 687 
499 692 744 743 723 
500 744 712 745 743 
501 743 745 715 746 
502 723 743 746 619 
503 696 748 747 730 
504 748 725 749 747 
505 747 749 701 732 
506 730 747 732 623 
507 623 751 750 738 
508 751 732 752 750 
509 750 752 731 753 
510 738 750 753 707 
511 755 640 756 754 
512 754 756 643 757 
513 645 759 758 683 
514 759 611 760 758 
515 681 763 762 714 
516 763 683 764 762 
517 762 764 644 765 
518 712 767 766 745 
519 767 714 768 766 
520 766 768 684 769 
521 745 766 769 715 
522 757 643 771 770 
523 770 771 656 772 
524 773 775 614 776 
525 702 773 776 661 
526 778 659 779 777 
527 777 779 702 780 
528 733 777 780 700 
529 732 782 781 752 
530 782 701 783 781 
531 781 783 733 784 
532 752 781 784 731 
533 785 786 552 787 
534 710 785 787 647 
535 684 765 788 741 
536 765 644 789 788 
537 788 789 710 790 
538 741 788 790 709 
539 714 792 791 768 
540 792 762 793 791 
541 791 793 765 794 
542 768 791 794 684 
543 647 787 795 726 
544 787 552 796 795 
545 725 798 797 749 
546 798 726 799 797 
547 797 799 659 778 
548 749 797 778 701 
549 701 801 800 783 
550 801 778 802 800 
551 800 802 777 803 
552 783 800 803 733 
553 804 806 785 807 
554 789 804 807 710 
555 683 809 808 764 
556 809 758 810 808 
557 808 810 761 805 
558 764 808 805 644 
559 644 813 811 812 
560 813 805 814 811 
561 811 814 804 815 
562 812 811 815 789 
563 726 817 816 799 
564 817 795 818 816 
565 659 819 820 779 
566 819 774 821 820 
567 820 821 773 822 
568 779 820 822 702 
569 799 825 823 824 
570 825 816 826 823 
571 823 826 819 827 
572 824 823 827 659 
573 646 829 828 786 
574 829 754 830 828 
575 828 830 757 831 
576 786 828 831 552 
577 761 833 832 806 
578 833 646 834 832 
579 832 834 786 835 
580 806 832 835 785 
581 805 837 836 814 
582 837 761 838 836 
583 836 838 806 839 
584 814 836 839 804 
585 552 831 840 796 
586 831 757 841 840 
587 840 841 770 842 
588 796 840 842 660 
589 795 844 843 818 
590 844 796 845 843 
591 843 845 660 846 
592 818 843 846 774 
593 816 848 847 826 
594 848 818 849 847 
595 847 849 774 850 
596 826 847 850 819 
597 869 872 857 873 
598 870 869 873 855 
599 862 879 877 878 
600 879 864 880 877 
601 871 887 885 886 
602 887 34 888 885 
603 885 888 872 889 
604 886 885 889 869 
605 864 891 890 880 
606 891 874 892 890 
607 18 894 893 570 
608 894 540 895 893 
609 893 895 566 896 
610 570 893 896 45 
611 898 18 899 897 
612 897 899 570 900 
613 882 911 909 910 
614 911 866 912 909 
615 909 912 883 913 
616 910 909 913 881 
617 33 915 914 543 
618 915 537 916 914 
619 914 916 540 894 
620 543 914 894 18 
621 918 543 919 917 
622 917 919 18 898 
623 876 929 927 928 
624 929 920 930 927 
625 932 898 933 931 
626 931 933 897 934 
627 924 941 939 940 
628 941 902 942 939 
629 852 946 944 945 
630 946 924 940 944 
631 945 944 947 907 
632 44 571 948 588 
633 571 45 949 948 
634 948 949 28 950 
635 588 948 950 46 
636 73 854 951 952 
637 854 569 953 951 
638 951 953 571 954 
639 952 951 954 44 
640 851 904 955 956 
641 904 853 957 955 
642 955 957 569 958 
643 956 955 958 854 
644 959 961 904 962 
645 960 959 962 851 
646 940 969 967 968 
647 969 939 970 967 
648 968 967 971 923 
649 973 917 974 972 
650 972 974 898 932 
651 920 976 975 930 
652 976 922 977 975 
653 902 979 978 942 
654 979 936 980 978 
655 978 980 935 981 
656 942 978 981 925 
657 939 983 982 970 
658 983 942 984 982 
659 982 984 925 985 
660 970 982 985 943 
661 923 971 989 990 
662 971 943 991 989 
663 989 991 963 992 
664 990 989 992 964 
665 967 995 993 994 
666 995 970 996 993 
667 993 996 943 997 
668 994 993 997 971 
669 999 932 1000 998 
670 998 1000 931 1001 
671 1002 1003 853 1004 
672 961 1002 1004 904 
673 935 1007 1005 1006 
674 1007 937 1008 1005 
675 1005 1008 903 1009 
676 1006 1005 1009 938 
677 636 1012 1010 1011 
678 1012 638 1013 1010 
679 551 1016 1015 642 
680 1016 636 1011 1015 
681 642 1015 1017 50 
682 1011 1024 1022 1023 
683 1024 1010 1025 1022 
684 1022 1025 1014 1026 
685 1023 1022 1026 639 
686 880 1029 1027 1028 
687 1029 890 1030 1027 
688 1027 1030 882 1031 
689 1028 1027 1031 34 
690 874 1033 1032 892 
691 1033 876 928 1032 
692 1032 1036 1034 1035 
693 1036 928 1037 1034 
694 1034 1037 852 1038 
695 1035 1034 1038 906 
696 927 1041 1039 1040 
697 1041 930 1042 1039 
698 1039 1042 902 941 
699 1040 1039 941 924 
700 922 1044 1043 977 
701 1044 972 1045 1043 
702 1043 1045 932 999 
703 977 1048 1046 1047 
704 1048 1043 1049 1046 
705 1046 1049 999 1050 
706 1047 1046 1050 544 
707 50 1017 1051 657 
708 657 1051 1052 576 
709 548 1058 1057 1020 
710 1058 856 870 1057 
711 1057 870 855 1059 
712 1020 1057 1059 654 
713 1014 1061 1060 1055 
714 1061 548 1062 1060 
715 1060 1062 1020 1063 
716 1055 1060 1063 1018 
717 72 574 1064 591 
718 574 73 952 1064 
719 1064 952 44 1065 
720 591 1064 1065 74 
721 119 655 1066 663 
722 655 572 1067 1066 
723 1066 1067 574 1068 
724 663 1066 1068 72 
725 653 1021 1069 1070 
726 1021 654 1071 1069 
727 1069 1071 572 1072 
728 1070 1069 1072 655 
729 1019 1056 1073 1074 
730 1056 1018 1075 1073 
731 1073 1075 1021 1076 
732 1074 1073 1076 653 
733 1079 1055 1080 1077 
734 1077 1080 1018 1081 
735 1078 1077 1081 1056 
736 1017 1084 1082 1083 
737 1084 639 1054 1082 
738 1082 1054 1019 1085 
739 1083 1082 1085 1051 
740 1054 1088 1086 1087 
741 1088 1053 1078 1086 
742 1086 1078 1056 1089 
743 1087 1086 1089 1019 
744 1026 1092 1090 1091 
745 1092 1014 1093 1090 
746 1090 1093 1055 1079 
747 1091 1090 1079 1053 
748 1053 1096 1094 1095 
749 1096 1079 1097 1094 
750 1094 1097 1077 1098 
751 1095 1094 1098 1078 
752 856 1101 1099 1100 
753 1101 871 886 1099 
754 1099 886 869 1102 
755 1100 1099 1102 870 
756 573 868 1103 1104 
757 868 851 956 1103 
758 1103 956 854 1105 
759 1104 1103 1105 73 
760 1106 960 851 1108 
761 1107 1106 1108 868 
762 905 1111 1109 1110 
763 1111 907 987 1109 
764 1109 987 867 1112 
765 1110 1109 1112 908 
766 1113 1115 959 1116 
767 1114 1113 1116 960 
768 987 1119 1117 1118 
769 1119 986 1120 1117 
770 1117 1120 988 1121 
771 1118 1117 1121 867 
772 1122 1123 961 1124 
773 1115 1122 1124 959 
774 901 1126 1125 1123 
775 1126 938 1127 1125 
776 1125 1127 1002 1128 
777 1123 1125 1128 961 
778 966 1131 1129 1130 
779 1131 901 1132 1129 
780 1129 1132 1123 1133 
781 1130 1129 1133 1122 
782 1 1136 1134 1135 
783 1136 12 160 1134 
784 1134 160 10 62 
785 1135 1134 62 11 
786 16 1138 1137 519 
787 1138 2 1139 1137 
788 1137 1139 17 538 
789 519 1137 538 15 
790 20 94 1140 1141 
791 94 19 214 1140 
792 1140 214 22 1142 
793 1141 1140 1142 4 
794 10 1145 1143 1144 
795 1145 25 164 1143 
796 1143 164 23 66 
797 1144 1143 66 24 
798 28 568 1146 585 
799 568 29 1147 1146 
800 1146 1147 3 1148 
801 585 1146 1148 30 
802 32 1150 1149 522 
803 1150 15 1151 1149 
804 1149 1151 33 542 
805 522 1149 542 31 
806 36 97 1152 1153 
807 97 35 218 1152 
808 1152 218 38 1154 
809 1153 1152 1154 19 
810 23 1157 1155 1156 
811 1157 41 168 1155 
812 1155 168 39 70 
813 1156 1155 70 40 
814 48 1159 1158 525 
815 1159 31 1160 1158 
816 1158 1160 49 546 
817 525 1158 546 47 
818 52 100 1161 1162 
819 100 51 222 1161 
820 1161 222 54 1163 
821 1162 1161 1163 35 
822 70 1166 1164 1165 
823 1166 39 172 1164 
824 1164 172 56 112 
825 1165 1164 112 68 
826 56 1169 1167 1168 
827 1169 81 176 1167 
828 1167 176 79 116 
829 1168 1167 116 80 
830 89 1171 1170 390 
831 1171 58 530 1170 
832 1170 530 90 453 
833 390 1170 453 88 
834 98 135 1172 1173 
835 135 76 226 1172 
836 1172 226 51 1174 
837 1173 1172 1174 100 
838 102 138 1175 1176 
839 138 101 230 1175 
840 1175 230 104 1177 
841 1176 1175 1177 76 
842 116 1180 1178 1179 
843 1180 79 180 1178 
844 1178 180 106 141 
845 1179 1178 141 114 
846 121 484 1181 406 
847 484 122 597 1181 
848 1181 597 77 1182 
849 406 1181 1182 123 
850 136 154 1183 1184 
851 154 125 234 1183 
852 1183 234 101 1185 
853 1184 1183 1185 138 
854 183 1188 1186 1187 
855 1188 186 254 1186 
856 1186 254 128 201 
857 1187 1186 201 149 
858 188 1190 1189 393 
859 1190 88 1191 1189 
860 1189 1191 189 457 
861 393 1189 457 187 
862 204 487 1192 409 
863 487 205 1193 1192 
864 1192 1193 121 1194 
865 409 1192 1194 206 
866 158 245 1195 1196 
867 245 143 270 1195 
868 1195 270 239 1197 
869 1196 1195 1197 237 
870 250 1199 1198 260 
871 1199 196 296 1198 
872 1198 296 251 1200 
873 260 1198 1200 249 
874 265 1202 1201 276 
875 1202 267 317 1201 
876 1201 317 212 1203 
877 276 1201 1203 268 
878 279 341 1204 323 
879 341 191 362 1204 
880 1204 362 280 1205 
881 323 1204 1205 278 
882 248 1207 1206 294 
883 1207 289 338 1206 
884 1206 338 279 322 
885 294 1206 322 131 
886 300 1209 1208 327 
887 1209 301 377 1208 
888 1208 377 207 351 
889 327 1208 351 302 
890 145 328 1210 314 
891 328 302 350 1210 
892 1210 350 310 1211 
893 314 1210 1211 263 
894 329 463 1212 420 
895 463 331 1213 1212 
896 1212 1213 190 1214 
897 420 1212 1214 332 
898 332 1214 1215 435 
899 1214 190 1216 1215 
900 1215 1216 343 489 
901 435 1215 489 342 
902 397 467 1217 469 
903 467 329 1218 1217 
904 1217 1218 420 1219 
905 469 1217 1219 419 
906 400 1221 1220 432 
907 1221 422 472 1220 
908 1220 472 425 1222 
909 432 1220 1222 193 
910 434 1224 1223 478 
911 1224 435 1225 1223 
912 1223 1225 342 493 
913 478 1223 493 412 
914 208 1227 1226 446 
915 1227 440 497 1226 
916 1226 497 439 1228 
917 446 1226 1228 417 
918 449 1230 1229 532 
919 1230 84 629 1229 
920 1229 629 450 554 
921 532 1229 554 448 
922 479 580 1231 598 
923 580 480 666 1231 
924 1231 666 118 1232 
925 598 1231 1232 481 
926 502 1234 1233 536 
927 1234 448 1235 1233 
928 1233 1235 503 558 
929 536 1233 558 501 
930 505 583 1236 602 
931 583 506 1237 1236 
932 1236 1237 479 1238 
933 602 1236 1238 507 
934 15 1240 1239 1151 
935 1240 538 1241 1239 
936 1239 1241 537 915 
937 1151 1239 915 33 
938 31 1243 1242 1160 
939 1243 542 1244 1242 
940 1242 1244 541 860 
941 1160 1242 860 49 
942 542 1246 1245 1244 
943 1246 33 1247 1245 
944 1245 1247 543 918 
945 1244 1245 918 541 
946 47 1249 1248 627 
947 1249 546 1250 1248 
948 1248 1250 545 637 
949 627 1248 637 86 
950 546 1252 1251 1250 
951 1252 49 1253 1251 
952 1251 1253 547 863 
953 1250 1251 863 545 
954 550 1255 1254 631 
955 1255 86 1256 1254 
956 1254 1256 551 641 
957 631 1254 641 549 
958 45 896 1257 949 
959 896 566 1258 1257 
960 1257 1258 568 1259 
961 949 1257 1259 28 
962 569 900 1260 953 
963 900 570 1261 1260 
964 1260 1261 45 1262 
965 953 1260 1262 571 
966 572 858 1263 1067 
967 858 573 1104 1263 
968 1263 1104 73 1264 
969 1067 1263 1264 574 
970 575 658 1265 667 
971 658 576 1266 1265 
972 1265 1266 119 1267 
973 667 1265 1267 577 
974 86 1269 1268 1256 
975 1269 637 1270 1268 
976 1268 1270 636 1016 
977 1256 1268 1016 551 
978 637 1272 1271 1270 
979 1272 545 1273 1271 
980 1271 1273 638 1012 
981 1270 1271 1012 636 
982 549 1275 1274 680 
983 1275 641 1276 1274 
984 1274 1276 640 755 
985 680 1274 755 611 
986 576 1052 1277 1266 
987 1052 653 1070 1277 
988 1277 1070 655 1278 
989 1266 1277 1278 119 
990 614 772 1279 698 
991 772 656 1280 1279 
992 1279 1280 658 1281 
993 698 1279 1281 575 
994 611 1283 1282 760 
995 1283 755 1284 1282 
996 1282 1284 754 829 
997 760 1282 829 646 
998 758 1286 1285 810 
999 1286 760 1287 1285 
1000 1285 1287 646 833 
1001 810 1285 833 761 
1002 660 842 1288 775 
1003 842 770 1289 1288 
1004 1288 1289 772 1290 
1005 775 1288 1290 614 
1006 774 846 1291 821 
1007 846 660 1292 1291 
1008 1291 1292 775 1293 
1009 821 1291 1293 773 
1010 654 1059 1294 1071 
1011 1059 855 1295 1294 
1012 1294 1295 858 1296 
1013 1071 1294 1296 572 
1014 49 1298 1297 1253 
1015 1298 860 1299 1297 
1016 1297 1299 859 875 
1017 1253 1297 875 547 
1018 860 1301 1300 1299 
1019 1301 541 1302 1300 
1020 1300 1302 861 921 
1021 1299 1300 921 859 
1022 638 1304 1303 1013 
1023 1304 862 878 1303 
1024 1303 878 856 1058 
1025 1013 1303 1058 548 
1026 857 884 1305 1306 
1027 1305 1107 868 1307 
1028 1306 1305 1307 573 
1029 877 1310 1308 1309 
1030 1310 880 1028 1308 
1031 1308 1028 34 887 
1032 1309 1308 887 871 
1033 878 1313 1311 1312 
1034 1313 877 1309 1311 
1035 1311 1309 871 1101 
1036 1312 1311 1101 856 
1037 34 1031 1314 888 
1038 1031 882 910 1314 
1039 1314 910 881 1315 
1040 888 1314 1315 872 
1041 890 1317 1316 1030 
1042 1317 892 1318 1316 
1043 1316 1318 866 911 
1044 1030 1316 911 882 
1045 853 934 1319 957 
1046 934 897 1320 1319 
1047 1319 1320 900 1321 
1048 957 1319 1321 569 
1049 906 1038 1322 1323 
1050 1038 852 945 1322 
1051 1322 945 907 1111 
1052 1323 1322 1111 905 
1053 541 1325 1324 1302 
1054 1325 918 1326 1324 
1055 1324 1326 917 973 
1056 1302 1324 973 861 
1057 928 1328 1327 1037 
1058 1328 927 1040 1327 
1059 1327 1040 924 946 
1060 1037 1327 946 852 
1061 1001 931 1330 1329 
1062 1329 1330 934 1331 
1063 1003 1329 1331 853 
1064 936 1333 1332 980 
1065 1333 544 1334 1332 
1066 1332 1334 937 1007 
1067 980 1332 1007 935 
1068 925 981 1335 965 
1069 981 935 1006 1335 
1070 1335 1006 938 1126 
1071 965 1335 1126 901 
1072 943 985 1336 991 
1073 985 925 1337 1336 
1074 1336 1337 965 1338 
1075 991 1336 1338 963 
1076 963 1338 1339 1340 
1077 1338 965 1341 1339 
1078 1339 1341 901 1131 
1079 1340 1339 1131 966 
1080 964 992 1342 1343 
1081 992 963 1340 1342 
1082 1342 1340 966 1344 
1083 1343 1342 1344 926 
1084 975 1347 1345 1346 
1085 1347 977 1047 1345 
1086 1345 1047 544 1333 
1087 1346 1345 1333 936 
1088 930 1349 1348 1042 
1089 1349 975 1346 1348 
1090 1348 1346 936 979 
1091 1042 1348 979 902 
1092 986 1351 1350 1120 
1093 1351 964 1343 1350 
1094 1350 1343 926 1352 
1095 1120 1350 1352 988 
1096 544 1050 1353 1334 
1097 1050 999 1354 1353 
1098 1353 1354 998 1355 
1099 1334 1353 1355 937 
1100 937 1355 1356 1008 
1101 1355 998 1357 1356 
1102 1356 1357 1001 1358 
1103 1008 1356 1358 903 
1104 938 1009 1359 1127 
1105 1009 903 1360 1359 
1106 1359 1360 1003 1361 
1107 1127 1359 1361 1002 
1108 1010 1363 1362 1025 
1109 1363 1013 1364 1362 
1110 1362 1364 548 1061 
1111 1025 1362 1061 1014 
1112 1015 1367 1365 1366 
1113 1367 1011 1023 1365 
1114 1365 1023 639 1084 
1115 1366 1365 1084 1017 
1116 1018 1063 1368 1075 
1117 1063 1020 1369 1368 
1118 1368 1369 654 1370 
1119 1075 1368 1370 1021 
1120 892 1372 1371 1318 
1121 1372 1032 1035 1371 
1122 1371 1035 906 1373 
1123 1318 1371 1373 866 
1124 1051 1085 1374 1375 
1125 1085 1019 1074 1374 
1126 1374 1074 653 1376 
1127 1375 1374 1376 1052 
1128 639 1379 1377 1378 
1129 1379 1026 1091 1377 
1130 1377 1091 1053 1088 
1131 1378 1377 1088 1054 
1132 908 1112 1380 1381 
1133 1112 867 1114 1380 
1134 1380 1114 960 1382 
1135 1381 1380 1382 1106 
1136 926 1344 1383 1384 
1137 1344 966 1130 1383 
1138 1383 1130 1122 1385 
1139 1384 1383 1385 1115 
1140 855 873 1386 1295 
1141 873 857 1306 1386 
1142 1386 1306 573 1387 
1143 1295 1386 1387 858 
1144 545 1389 1388 1273 
1145 1389 863 1390 1388 
1146 1388 1390 862 1304 
1147 1273 1388 1304 638 
1148 863 1392 1391 1390 
1149 1392 547 1393 1391 
1150 1391 1393 864 879 
1151 1390 1391 879 862 
1152 547 1395 1394 1393 
1153 1395 875 1396 1394 
1154 1394 1396 874 891 
1155 1393 1394 891 864 
1156 875 1398 1397 1396 
1157 1398 859 1399 1397 
1158 1397 1399 876 1033 
1159 1396 1397 1033 874 
1160 866 1373 1400 912 
1161 1373 906 1323 1400 
1162 1400 1323 905 1401 
1163 912 1400 1401 883 
1164 883 1401 1402 1403 
1165 1401 905 1110 1402 
1166 1402 1110 908 1404 
1167 1403 1402 1404 865 
1168 859 1406 1405 1399 
1169 1406 921 1407 1405 
1170 1405 1407 920 929 
1171 1399 1405 929 876 
1172 921 1409 1408 1407 
1173 1409 861 1410 1408 
1174 1408 1410 922 976 
1175 1407 1408 976 920 
1176 861 1412 1411 1410 
1177 1412 973 1413 1411 
1178 1411 1413 972 1044 
1179 1410 1411 1044 922 
1180 947 1416 1414 1415 
1181 1416 923 990 1414 
1182 1414 990 964 1351 
1183 1415 1414 1351 986 
1184 865 1404 1417 1418 
1185 1404 908 1381 1417 
1186 1417 1381 1106 1419 
1187 1418 1417 1419 1107 
1188 988 1352 1420 1421 
1189 1352 926 1384 1420 
1190 1420 1384 1115 1422 
1191 1421 1420 1422 1113 
1192 903 1358 1423 1360 
1193 1358 1001 1424 1423 
1194 1423 1424 1329 1425 
1195 1360 1423 1425 1003 
1196 881 913 1426 1427 
1197 913 883 1403 1426 
1198 1426 1403 865 1428 
1199 1427 1426 1428 884 
1200 872 1315 1429 1430 
1201 1315 881 1427 1429 
1202 1429 1427 884 1431 
1203 1430 1429 1431 857 
1204 944 1434 1432 1433 
1205 1434 940 968 1432 
1206 1432 968 923 1416 
1207 1433 1432 1416 947 
1208 907 1437 1435 1436 
1209 1437 947 1415 1435 
1210 1435 1415 986 1119 
1211 1436 1435 1119 987 
1212 867 1121 1438 1439 
1213 1121 988 1421 1438 
1214 1438 1421 1113 1440 
1215 1439 1438 1440 1114 
1216 884 1428 1441 1442 
1217 1428 865 1418 1441 
1218 1441 1418 1107 1443 
1219 1442 1441 1443 1305 
