2 0.000000 100.000000 262.180540
1382 1168 
1 -11.368037 0.000000 -11.611899 99.756400 -6.975394 -0.000035 0.000000 
2 13.641644 0.000000 -11.611899 99.756479 -6.973877 -0.000289 0.000001 
3 13.641644 0.000000 11.611899 99.756067 -6.980618 0.000157 -0.000000 
4 -11.368037 0.000000 11.611899 99.756406 -6.976115 -0.000028 -0.000001 
5 1.136804 0.000000 0.000000 101.837112 -6.602803 -0.005021 -0.041439 
6 -11.368037 0.000000 0.000000 99.756384 -6.975762 -0.000024 0.000000 
7 1.136804 0.000000 -11.611899 99.756388 -6.974836 -0.000152 0.000001 
8 13.641644 0.000000 0.000000 99.783532 -6.586798 0.127814 -0.000016 
9 1.136804 0.000000 11.611899 99.756393 -6.978113 -0.000168 -0.000003 
10 -5.115617 0.000000 -5.805950 99.756296 -6.975468 -0.000129 0.000002 
11 -11.368037 0.000000 -5.805950 99.756385 -6.975536 -0.000035 0.000001 
12 -5.115617 0.000000 -11.611899 99.756388 -6.975193 -0.000074 0.000001 
13 1.136804 0.000000 -5.805950 99.756231 -6.976926 -0.000566 0.000002 
14 -5.115617 0.000000 0.000000 99.756169 -6.976182 -0.000006 0.000004 
15 7.389224 0.000000 -5.805950 99.756190 -6.975431 -0.001567 0.000005 
16 7.389224 0.000000 -11.611899 99.756416 -6.974298 -0.000253 0.000002 
17 13.641644 0.000000 -5.805950 99.756414 -6.974519 -0.002013 0.000001 
18 7.389224 0.000000 0.000000 99.879400 -5.211320 0.792938 -0.000368 
19 -5.115617 0.000000 5.805950 99.756437 -6.976704 -0.000001 -0.000002 
20 -11.368037 0.000000 5.805950 99.756402 -6.975988 -0.000022 -0.000000 
21 1.136804 0.000000 5.805950 99.756812 -6.981526 -0.000695 -0.000016 
22 -5.115617 0.000000 11.611899 99.756425 -6.976688 -0.000057 -0.000002 
23 -1.989406 0.000000 -2.902975 99.756396 -6.972771 -0.001816 0.000004 
24 -5.115617 0.000000 -2.902975 99.756188 -6.975778 -0.000117 0.000004 
25 -1.989406 0.000000 -5.805950 99.756245 -6.975559 -0.000346 0.000003 
26 1.136804 0.000000 -2.902975 99.758911 -6.983818 -0.001707 -0.000061 
27 -1.989406 0.000000 0.000000 99.753150 -6.978560 0.000051 0.000061 
28 7.389224 0.000000 5.805950 99.755512 -6.988640 0.000005 -0.000000 
29 13.641644 0.000000 5.805950 99.755409 -6.989606 0.001712 0.000000 
30 7.389224 0.000000 11.611899 99.756177 -6.979813 -0.000112 -0.000001 
31 4.263014 0.000000 -2.902975 99.753226 -6.988198 -0.006509 0.000046 
32 4.263014 0.000000 -5.805950 99.756046 -6.976134 -0.001056 0.000006 
33 7.389224 0.000000 -2.902975 99.755326 -6.985795 -0.009651 0.000007 
34 4.263014 0.000000 0.000000 99.879347 -5.159704 -2.289782 -0.000775 
35 -1.989406 0.000000 2.902975 99.755156 -6.971487 -0.000432 0.000031 
36 -5.115617 0.000000 2.902975 99.756329 -6.976527 0.000051 0.000000 
37 1.136804 0.000000 2.902975 99.760810 -6.992212 -0.002782 -0.000111 
38 -1.989406 0.000000 5.805950 99.756632 -6.978039 -0.000042 -0.000008 
39 -0.426301 0.000000 -1.451487 99.746411 -6.983411 -0.014015 0.000189 
40 -1.989406 0.000000 -1.451487 99.753629 -6.978850 0.000114 0.000051 
41 -0.426301 0.000000 -2.902975 99.754141 -6.979238 -0.001777 0.000040 
42 1.136804 0.000000 -1.451487 99.744695 -7.018625 -0.008658 0.000173 
43 -0.426301 0.000000 0.000000 99.965936 -7.095619 0.013037 -0.004354 
44 4.263014 0.000000 2.902975 99.754198 -7.010554 -0.003095 -0.000005 
45 7.389224 0.000000 2.902975 99.753366 -7.016805 0.004086 0.000003 
46 4.263014 0.000000 5.805950 99.755933 -6.986236 -0.000827 -0.000005 
47 2.699909 0.000000 -1.451487 99.744626 -7.046433 -0.011064 0.000136 
48 2.699909 0.000000 -2.902975 99.752728 -6.990557 -0.002829 0.000053 
49 4.263014 0.000000 -1.451487 99.747632 -7.040772 -0.037459 0.000084 
50 2.699909 0.000000 0.000000 99.979548 -5.773433 -0.030537 -0.002924 
51 -0.426301 0.000000 1.451487 99.749352 -6.987098 0.012244 0.000125 
52 -1.989406 0.000000 1.451487 99.754902 -6.976512 0.001895 0.000029 
53 1.136804 0.000000 1.451487 99.757466 -7.023065 -0.005578 -0.000088 
54 -0.426301 0.000000 2.902975 99.756150 -6.984436 0.001234 -0.000007 
55 0.355251 0.000000 -0.725744 99.796526 -7.079516 -0.131380 -0.000948 
56 -0.426301 0.000000 -0.725744 99.711397 -7.024824 0.009777 0.000829 
57 0.355251 0.000000 -1.451487 99.764996 -7.002652 -0.019312 -0.000209 
58 1.136804 0.000000 -0.725744 99.783962 -7.132645 0.004736 -0.000771 
59 0.355251 0.000000 0.000000 68.459531 -0.028699 -0.001839 0.531329 
60 -8.241827 0.000000 -2.902975 99.756339 -6.975663 -0.000045 0.000001 
61 -11.368037 0.000000 -2.902975 99.756382 -6.975642 -0.000030 0.000000 
62 -8.241827 0.000000 -5.805950 99.756357 -6.975499 -0.000057 0.000001 
63 -8.241827 0.000000 0.000000 99.756345 -6.975862 -0.000023 0.000001 
64 -3.552511 0.000000 -1.451487 99.755815 -6.976356 -0.000151 0.000011 
65 -5.115617 0.000000 -1.451487 99.756152 -6.975976 -0.000069 0.000005 
66 -3.552511 0.000000 -2.902975 99.755975 -6.975999 -0.000282 0.000008 
67 -3.552511 0.000000 0.000000 99.755836 -6.976709 0.000041 0.000010 
68 -1.207854 0.000000 -0.725744 99.749578 -6.978966 0.003133 0.000132 
69 -1.989406 0.000000 -0.725744 99.755314 -6.979256 -0.007070 0.000017 
70 -1.207854 0.000000 -1.451487 99.750922 -6.979730 -0.003260 0.000104 
71 -1.207854 0.000000 0.000000 99.750450 -6.981931 0.000502 0.000110 
72 2.699909 0.000000 1.451487 99.742443 -7.092856 -0.020515 0.000114 
73 4.263014 0.000000 1.451487 99.745446 -7.102811 0.004981 0.000040 
74 2.699909 0.000000 2.902975 99.753985 -7.005928 -0.004648 0.000006 
75 0.355251 0.000000 0.725744 99.831361 -7.088002 0.125750 -0.001656 
76 -0.426301 0.000000 0.725744 99.725402 -7.008505 0.003441 0.000573 
77 1.136804 0.000000 0.725744 99.826329 -7.132433 -0.030816 -0.001617 
78 0.355251 0.000000 1.451487 99.772027 -7.006130 0.015432 -0.000354 
79 -0.035525 0.000000 -0.362872 99.148519 -7.187783 0.060173 0.011790 
80 -0.426301 0.000000 -0.362872 99.780536 -7.021435 0.055218 -0.000546 
81 -0.035525 0.000000 -0.725744 99.657897 -7.025475 -0.070364 0.001894 
82 0.355251 0.000000 -0.362872 100.462733 -7.458123 -0.639763 -0.014879 
83 -0.035525 0.000000 0.000000 165.720862 -7.436424 -0.021857 -1.751870 
84 1.918356 0.000000 -0.725744 99.728241 -7.214448 0.019632 0.000223 
85 1.918356 0.000000 -1.451487 99.757377 -7.031358 0.006205 -0.000097 
86 2.699909 0.000000 -0.725744 99.695410 -7.244030 -0.104108 0.000834 
87 1.918356 0.000000 0.000000 101.488431 -9.868683 -1.361889 -0.039915 
88 0.746027 0.000000 -0.362872 99.739697 -7.552278 0.086673 -0.000505 
89 0.746027 0.000000 -0.725744 99.756518 -7.100438 0.013553 -0.000178 
90 1.136804 0.000000 -0.362872 99.835827 -7.606807 -0.054350 -0.002506 
91 0.746027 0.000000 0.000000 102.028672 -6.545550 -0.005245 -0.045269 
92 -8.241827 0.000000 2.902975 99.756376 -6.976057 -0.000010 0.000000 
93 -11.368037 0.000000 2.902975 99.756393 -6.975883 -0.000020 -0.000000 
94 -8.241827 0.000000 5.805950 99.756406 -6.976207 -0.000017 -0.000001 
95 -3.552511 0.000000 1.451487 99.756041 -6.976969 0.000173 0.000005 
96 -5.115617 0.000000 1.451487 99.756240 -6.976372 0.000042 0.000002 
97 -3.552511 0.000000 2.902975 99.756292 -6.977119 0.000152 0.000000 
98 -1.207854 0.000000 0.725744 99.751801 -6.981725 0.000561 0.000083 
99 -1.989406 0.000000 0.725744 99.755673 -6.980330 0.007190 0.000008 
100 -1.207854 0.000000 1.451487 99.752338 -6.981402 0.002869 0.000073 
101 -0.035525 0.000000 0.362872 99.132389 -7.208430 -0.065507 0.012080 
102 -0.426301 0.000000 0.362872 99.755731 -7.029168 -0.089126 -0.000062 
103 0.355251 0.000000 0.362872 100.503387 -7.451803 0.630747 -0.015686 
104 -0.035525 0.000000 0.725744 99.686396 -7.041354 0.079535 0.001304 
105 0.159863 0.000000 -0.181436 98.339035 -8.511035 -4.914875 0.023284 
106 -0.035525 0.000000 -0.181436 97.596752 -7.283353 2.947983 0.041314 
107 0.159863 0.000000 -0.362872 99.318295 -7.284231 -0.866241 0.008207 
108 0.355251 0.000000 -0.181436 101.851754 -8.979236 -1.501384 -0.045666 
109 0.159863 0.000000 0.000000 116.179922 0.027184 0.037626 -0.349778 
110 -0.817078 0.000000 -0.362872 99.752770 -7.004842 0.009487 0.000032 
111 -1.207854 0.000000 -0.362872 99.749249 -6.981538 0.000361 0.000135 
112 -0.817078 0.000000 -0.725744 99.743005 -6.982199 0.002198 0.000258 
113 -0.817078 0.000000 0.000000 99.763018 -7.005607 0.005718 -0.000174 
114 -0.230913 0.000000 -0.181436 100.331064 -7.129984 0.389673 -0.011731 
115 -0.426301 0.000000 -0.181436 99.892428 -7.092150 0.072275 -0.002880 
116 -0.230913 0.000000 -0.362872 99.577586 -7.059750 0.292574 0.003438 
117 -0.230913 0.000000 0.000000 101.193259 -7.201194 -0.029118 -0.029193 
118 1.918356 0.000000 0.725744 99.788613 -7.263976 -0.120897 -0.001055 
119 2.699909 0.000000 0.725744 99.708623 -7.349925 -0.020999 0.000417 
120 1.918356 0.000000 1.451487 99.756607 -7.058371 -0.031551 -0.000120 
121 0.746027 0.000000 0.362872 99.769884 -7.556455 -0.109269 -0.001114 
122 1.136804 0.000000 0.362872 99.900000 -7.610858 0.068803 -0.003794 
123 0.746027 0.000000 0.725744 99.802839 -7.105525 -0.033171 -0.001110 
124 0.159863 0.000000 0.181436 98.362093 -8.467537 4.915866 0.022903 
125 -0.035525 0.000000 0.181436 97.606095 -7.310518 -2.945691 0.041093 
126 0.355251 0.000000 0.181436 101.828080 -8.980167 1.516117 -0.045190 
127 0.159863 0.000000 0.362872 99.342185 -7.305297 0.874418 0.007700 
128 0.062169 0.000000 -0.090718 86.087135 -10.527938 -8.345551 0.240852 
129 -0.035525 0.000000 -0.090718 103.669394 -7.719979 18.457000 -0.114760 
130 0.062169 0.000000 -0.181436 95.957358 -7.876994 -1.819677 0.072683 
131 0.159863 0.000000 -0.090718 99.387651 -12.638848 -13.413636 -0.021757 
132 0.062169 0.000000 0.000000 195.989880 -0.769088 -0.007284 -2.841262 
133 -0.817078 0.000000 0.362872 99.755838 -6.992887 0.000715 -0.000013 
134 -1.207854 0.000000 0.362872 99.749987 -6.981983 0.000477 0.000119 
135 -0.817078 0.000000 0.725744 99.746353 -6.986746 0.000152 0.000185 
136 -0.230913 0.000000 0.181436 100.308088 -7.137707 -0.428597 -0.011284 
137 -0.426301 0.000000 0.181436 99.876334 -7.025399 -0.081932 -0.002464 
138 -0.230913 0.000000 0.362872 99.577419 -7.048922 -0.295108 0.003456 
139 -0.133219 0.000000 -0.090718 103.363672 -7.325431 2.525088 -0.074409 
140 -0.230913 0.000000 -0.090718 100.840044 -7.182200 0.441477 -0.022049 
141 -0.133219 0.000000 -0.181436 100.075757 -7.385979 1.877717 -0.007324 
142 -0.133219 0.000000 0.000000 106.412372 -7.249740 -0.011985 -0.137615 
143 0.062169 0.000000 0.090718 85.972887 -10.517584 8.340065 0.242849 
144 -0.035525 0.000000 0.090718 103.661770 -7.744887 -18.474854 -0.114707 
145 0.159863 0.000000 0.090718 99.396170 -12.562048 13.416155 -0.021740 
146 0.062169 0.000000 0.181436 95.991296 -7.879509 1.841348 0.072019 
147 0.013322 0.000000 -0.045359 73.978907 -11.590143 -14.543972 0.418126 
148 -0.035525 0.000000 -0.045359 144.217907 -7.682687 29.046815 -1.170155 
149 0.013322 0.000000 -0.090718 76.238308 -9.099366 5.755171 0.407180 
150 0.062169 0.000000 -0.045359 192.698152 -0.632039 -19.202861 -2.750173 
151 0.013322 0.000000 0.000000 245.860819 -3.660089 0.007868 -5.046094 
152 -0.133219 0.000000 0.090718 103.374990 -7.358364 -2.522274 -0.074690 
153 -0.230913 0.000000 0.090718 100.825686 -7.191207 -0.493416 -0.021778 
154 -0.133219 0.000000 0.181436 100.041218 -7.335201 -1.890503 -0.006562 
155 0.013322 0.000000 0.045359 73.896014 -11.864735 14.528956 0.418752 
156 -0.035525 0.000000 0.045359 144.212779 -7.707196 -29.080192 -1.170238 
157 0.062169 0.000000 0.045359 192.702993 -0.656856 19.203103 -2.750363 
158 0.013322 0.000000 0.090718 76.244468 -9.151548 -5.784032 0.406958 
159 -1.989406 0.000000 -8.708925 99.756350 -6.975169 -0.000175 0.000002 
160 -5.115617 0.000000 -8.708925 99.756359 -6.975285 -0.000099 0.000001 
161 -1.989406 0.000000 -11.611899 99.756387 -6.975037 -0.000110 0.000001 
162 1.136804 0.000000 -8.708925 99.756344 -6.975031 -0.000263 0.000002 
163 -0.426301 0.000000 -4.354462 99.756199 -6.976574 -0.000889 0.000003 
164 -1.989406 0.000000 -4.354462 99.756064 -6.975968 -0.000535 0.000006 
165 -0.426301 0.000000 -5.805950 99.756287 -6.975764 -0.000500 0.000002 
166 1.136804 0.000000 -4.354462 99.753897 -6.975136 -0.000349 0.000051 
167 0.355251 0.000000 -2.177231 99.766144 -6.990769 -0.009450 -0.000215 
168 -0.426301 0.000000 -2.177231 99.754537 -6.981039 -0.006724 0.000030 
169 0.355251 0.000000 -2.902975 99.758216 -6.981011 -0.003506 -0.000044 
170 1.136804 0.000000 -2.177231 99.775054 -6.992496 -0.005380 -0.000396 
171 -0.035525 0.000000 -1.088616 99.734776 -7.015156 -0.037332 0.000376 
172 -0.426301 0.000000 -1.088616 99.742938 -6.993178 -0.021492 0.000244 
173 -0.035525 0.000000 -1.451487 99.735092 -6.991092 -0.010352 0.000404 
174 0.355251 0.000000 -1.088616 99.768245 -7.030264 -0.045699 -0.000313 
175 0.159863 0.000000 -0.544308 99.625692 -7.157357 -0.288291 0.002341 
176 -0.035525 0.000000 -0.544308 99.581236 -7.090344 -0.097460 0.003329 
177 0.159863 0.000000 -0.725744 99.707342 -7.048426 -0.139906 0.000875 
178 0.355251 0.000000 -0.544308 99.852368 -7.187018 -0.243688 -0.002221 
179 0.062169 0.000000 -0.272154 97.653860 -7.408930 -0.803299 0.040819 
180 -0.035525 0.000000 -0.272154 98.224861 -7.282368 0.756234 0.029827 
181 0.062169 0.000000 -0.362872 98.947581 -7.238169 -0.407178 0.015682 
182 0.159863 0.000000 -0.272154 98.837068 -7.562962 -2.118068 0.016955 
183 0.013322 0.000000 -0.136077 92.899172 -8.018594 2.517622 0.129911 
184 -0.035525 0.000000 -0.136077 98.447631 -7.457350 6.261313 0.021325 
185 0.013322 0.000000 -0.181436 95.940944 -7.528957 0.975766 0.073770 
186 0.062169 0.000000 -0.136077 93.709553 -8.538689 -3.610962 0.113257 
187 0.550639 0.000000 -0.181436 101.476748 -8.000137 -0.005607 -0.036153 
188 0.550639 0.000000 -0.362872 100.060848 -7.501043 0.146298 -0.006846 
189 0.746027 0.000000 -0.181436 102.102566 -7.995653 -0.001180 -0.048886 
190 0.550639 0.000000 0.000000 101.482190 -6.532410 -0.005227 -0.034131 
191 0.257557 0.000000 -0.090718 102.721410 -12.582658 -10.269249 -0.081547 
192 0.257557 0.000000 -0.181436 100.695160 -8.792726 -3.800313 -0.023127 
193 0.355251 0.000000 -0.090718 105.326683 -12.587002 -4.442977 -0.127188 
194 0.257557 0.000000 0.000000 82.431754 -0.068876 0.013019 0.320500 
195 0.111016 0.000000 -0.045359 144.561712 -0.238496 -13.507501 -1.108060 
196 0.111016 0.000000 -0.090718 92.624751 -12.536891 -15.490957 0.102351 
197 0.159863 0.000000 -0.045359 115.017888 -0.036156 -8.348410 -0.329881 
198 0.111016 0.000000 0.000000 147.755001 -0.248969 -0.009916 -1.183160 
199 0.037745 0.000000 -0.068038 74.798204 -11.660358 -14.641549 0.405489 
200 0.013322 0.000000 -0.068038 73.933588 -11.370818 -14.390155 0.419745 
201 0.037745 0.000000 -0.090718 83.487750 -9.854136 -5.139325 0.290628 
202 0.062169 0.000000 -0.068038 79.716958 -11.993866 -15.373869 0.326500 
203 0.037745 0.000000 -0.045359 74.440565 -11.704779 -14.634636 0.410743 
204 0.550639 0.000000 0.181436 101.486663 -7.995647 -0.001566 -0.036347 
205 0.746027 0.000000 0.181436 102.107424 -7.999744 -0.006342 -0.048992 
206 0.550639 0.000000 0.362872 100.095196 -7.531211 -0.158849 -0.007579 
207 0.257557 0.000000 0.090718 102.699578 -12.590134 10.267474 -0.081114 
208 0.355251 0.000000 0.090718 105.419871 -12.604118 4.445713 -0.129198 
209 0.257557 0.000000 0.181436 100.683480 -8.773185 3.800048 -0.022857 
210 0.111016 0.000000 0.045359 144.553939 -0.234078 13.483422 -1.107770 
211 0.159863 0.000000 0.045359 115.021783 -0.010216 8.400989 -0.330059 
212 0.111016 0.000000 0.090718 92.539314 -12.591229 15.478248 0.103836 
213 -1.989406 0.000000 8.708925 99.756503 -6.977611 -0.000119 -0.000005 
214 -5.115617 0.000000 8.708925 99.756445 -6.976735 -0.000044 -0.000002 
215 1.136804 0.000000 8.708925 99.756470 -6.979154 -0.000303 -0.000006 
216 -1.989406 0.000000 11.611899 99.756433 -6.977273 -0.000103 -0.000003 
217 -0.426301 0.000000 4.354462 99.757250 -6.980460 -0.000079 -0.000024 
218 -1.989406 0.000000 4.354462 99.756652 -6.978267 0.000150 -0.000009 
219 1.136804 0.000000 4.354462 99.758969 -6.977927 -0.000877 -0.000054 
220 -0.426301 0.000000 5.805950 99.756823 -6.979421 -0.000281 -0.000014 
221 0.355251 0.000000 2.177231 99.762645 -6.992428 0.005337 -0.000148 
222 -0.426301 0.000000 2.177231 99.756640 -6.984428 0.005091 -0.000017 
223 1.136804 0.000000 2.177231 99.778599 -7.002094 -0.002066 -0.000480 
224 0.355251 0.000000 2.902975 99.760046 -6.986617 0.000810 -0.000088 
225 -0.035525 0.000000 1.088616 99.749751 -7.006521 0.039913 0.000089 
226 -0.426301 0.000000 1.088616 99.747746 -6.995424 0.021210 0.000145 
227 0.355251 0.000000 1.088616 99.788659 -7.020675 0.042672 -0.000707 
228 -0.035525 0.000000 1.451487 99.742900 -6.994210 0.009997 0.000243 
229 0.159863 0.000000 0.544308 99.640469 -7.154466 0.293016 0.002050 
230 -0.035525 0.000000 0.544308 99.542044 -7.055329 0.092823 0.004160 
231 0.355251 0.000000 0.544308 99.885406 -7.192361 0.239461 -0.002888 
232 0.159863 0.000000 0.725744 99.742375 -7.066342 0.142107 0.000151 
233 0.062169 0.000000 0.272154 97.601541 -7.427382 0.816741 0.041811 
234 -0.035525 0.000000 0.272154 98.187488 -7.280265 -0.757724 0.030564 
235 0.159863 0.000000 0.272154 98.823819 -7.609516 2.130315 0.017141 
236 0.062169 0.000000 0.362872 98.933811 -7.248119 0.415723 0.015939 
237 0.013322 0.000000 0.136077 92.848765 -8.014923 -2.522845 0.130850 
238 -0.035525 0.000000 0.136077 98.428579 -7.474855 -6.268076 0.021665 
239 0.062169 0.000000 0.136077 93.670477 -8.584055 3.605335 0.113916 
240 0.013322 0.000000 0.181436 95.967102 -7.560732 -0.965440 0.073222 
241 0.037745 0.000000 0.068038 74.760567 -11.857566 14.638810 0.405596 
242 0.013322 0.000000 0.068038 73.864789 -11.649608 14.381231 0.420146 
243 0.037745 0.000000 0.045359 74.401983 -11.891683 14.631236 0.410886 
244 0.062169 0.000000 0.068038 79.674903 -12.161095 15.367374 0.326786 
245 0.037745 0.000000 0.090718 83.395052 -9.825818 5.139592 0.292230 
246 0.111016 0.000000 -0.136077 96.619724 -9.109674 -6.425215 0.054036 
247 0.111016 0.000000 -0.181436 97.081169 -8.211424 -3.813537 0.049328 
248 0.159863 0.000000 -0.136077 98.740395 -9.723610 -7.451256 0.010026 
249 0.086592 0.000000 -0.068038 91.953802 -12.433268 -15.315934 0.115533 
250 0.086592 0.000000 -0.090718 92.376748 -12.551095 -15.453062 0.107021 
251 0.111016 0.000000 -0.068038 92.620728 -12.395726 -15.392667 0.103081 
252 0.086592 0.000000 -0.045359 166.708951 -0.329325 -17.237562 -1.808912 
253 0.086592 0.000000 -0.113397 93.485193 -9.601439 -8.076942 0.110309 
254 0.062169 0.000000 -0.113397 90.953624 -9.207672 -5.607310 0.161122 
255 0.086592 0.000000 -0.136077 95.107638 -8.781588 -5.390254 0.084837 
256 0.111016 0.000000 -0.113397 95.997343 -10.007397 -8.962646 0.060403 
257 0.074381 0.000000 -0.079378 89.005808 -12.412531 -15.251802 0.169128 
258 0.062169 0.000000 -0.079378 80.670480 -12.093751 -15.379003 0.310950 
259 0.074381 0.000000 -0.090718 86.943135 -10.848102 -12.040522 0.217824 
260 0.086592 0.000000 -0.079378 92.077344 -12.454934 -15.348115 0.113107 
261 0.074381 0.000000 -0.068038 86.301924 -12.309867 -15.380910 0.216387 
262 0.111016 0.000000 0.136077 96.576719 -9.061117 6.461611 0.054908 
263 0.159863 0.000000 0.136077 98.707310 -9.701991 7.474316 0.010687 
264 0.111016 0.000000 0.181436 97.108494 -8.190894 3.824299 0.048822 
265 0.086592 0.000000 0.068038 91.901229 -12.335917 15.307251 0.116768 
266 0.086592 0.000000 0.045359 166.699049 -0.324803 17.209687 -1.808485 
267 0.111016 0.000000 0.068038 92.544705 -12.427823 15.381616 0.104443 
268 0.086592 0.000000 0.090718 92.331769 -12.432177 15.444438 0.108175 
269 0.086592 0.000000 0.113397 93.434583 -9.633034 8.092663 0.111169 
270 0.062169 0.000000 0.113397 90.897568 -9.250466 5.600991 0.162069 
271 0.111016 0.000000 0.113397 95.959245 -9.964405 8.995232 0.061162 
272 0.086592 0.000000 0.136077 95.079829 -8.793265 5.409164 0.085325 
273 0.074381 0.000000 0.079378 88.953045 -12.371490 15.242191 0.170198 
274 0.062169 0.000000 0.079378 80.627025 -12.240240 15.371461 0.311318 
275 0.074381 0.000000 0.068038 86.251733 -12.332079 15.371659 0.217227 
276 0.086592 0.000000 0.079378 92.023067 -12.364037 15.339153 0.114360 
277 0.074381 0.000000 0.090718 86.859741 -10.880999 12.042169 0.219198 
278 0.208710 0.000000 -0.045359 94.734734 -0.091710 -5.199832 0.099828 
279 0.208710 0.000000 -0.090718 100.560092 -12.686932 -12.748063 -0.043580 
280 0.257557 0.000000 -0.045359 81.592707 -0.057147 -3.991691 0.332669 
281 0.208710 0.000000 0.000000 95.864743 0.012702 0.026602 0.080995 
282 0.135439 0.000000 -0.068038 93.227215 -12.539408 -15.588241 0.090846 
283 0.135439 0.000000 -0.090718 94.412540 -12.566309 -15.186026 0.069774 
284 0.159863 0.000000 -0.068038 113.621382 -0.150474 -12.453907 -0.306494 
285 0.135439 0.000000 -0.045359 128.233092 -0.089833 -10.584937 -0.655577 
286 0.257557 0.000000 -0.272154 100.254158 -7.785041 -1.841367 -0.011489 
287 0.257557 0.000000 -0.362872 100.053574 -7.384475 -0.955481 -0.006616 
288 0.355251 0.000000 -0.272154 100.707639 -7.908301 -0.774141 -0.020517 
289 0.208710 0.000000 -0.136077 100.268937 -10.072107 -7.273643 -0.020821 
290 0.208710 0.000000 -0.181436 99.399561 -8.611049 -4.866188 0.002190 
291 0.257557 0.000000 -0.136077 101.314574 -10.135522 -6.306969 -0.040715 
292 0.135439 0.000000 -0.113397 97.233818 -10.387267 -9.258015 0.035198 
293 0.135439 0.000000 -0.136077 97.790244 -9.433113 -6.960223 0.029964 
294 0.159863 0.000000 -0.113397 98.492401 -10.846902 -9.755078 0.008643 
295 0.123228 0.000000 -0.079378 92.736193 -12.456080 -15.462454 0.100576 
296 0.111016 0.000000 -0.079378 92.620105 -12.450930 -15.431153 0.102837 
297 0.123228 0.000000 -0.090718 92.589753 -12.526069 -15.484191 0.103047 
298 0.135439 0.000000 -0.079378 94.361412 -12.572467 -15.391189 0.070097 
299 0.123228 0.000000 -0.068038 92.596450 -12.528140 -15.485486 0.102914 
300 0.208710 0.000000 0.045359 94.743192 -0.081354 5.242777 0.099623 
301 0.257557 0.000000 0.045359 81.612857 -0.067046 4.013261 0.332323 
302 0.208710 0.000000 0.090718 100.567882 -12.673047 12.749069 -0.043704 
303 0.135439 0.000000 0.068038 93.155295 -12.658677 15.580014 0.091911 
304 0.135439 0.000000 0.045359 128.066765 -0.207558 10.596215 -0.651342 
305 0.159863 0.000000 0.068038 113.614540 -0.121840 12.481349 -0.306406 
306 0.135439 0.000000 0.090718 94.362152 -12.632821 15.181748 0.070571 
307 0.257557 0.000000 0.272154 100.295092 -7.814875 1.851600 -0.012361 
308 0.355251 0.000000 0.272154 100.761913 -7.921657 0.776596 -0.021632 
309 0.257557 0.000000 0.362872 100.070336 -7.423701 0.951646 -0.007009 
310 0.208710 0.000000 0.136077 100.258902 -10.045403 7.263839 -0.020552 
311 0.257557 0.000000 0.136077 101.330341 -10.094138 6.298753 -0.040940 
312 0.208710 0.000000 0.181436 99.417118 -8.589425 4.850526 0.001893 
313 0.135439 0.000000 0.113397 97.198422 -10.351959 9.287484 0.035905 
314 0.159863 0.000000 0.113397 98.453528 -10.811150 9.776956 0.009443 
315 0.135439 0.000000 0.136077 97.753288 -9.405055 6.987193 0.030702 
316 0.123228 0.000000 0.079378 92.655800 -12.565367 15.452452 0.101824 
317 0.111016 0.000000 0.079378 92.540200 -12.494305 15.419418 0.104245 
318 0.123228 0.000000 0.068038 92.509025 -12.614064 15.472425 0.104357 
319 0.135439 0.000000 0.079378 94.313911 -12.640910 15.388502 0.070829 
320 0.123228 0.000000 0.090718 92.501858 -12.619467 15.471047 0.104480 
321 0.184287 0.000000 -0.068038 102.432842 -0.147138 -10.281963 -0.059823 
322 0.184287 0.000000 -0.090718 99.336756 -12.551888 -13.359217 -0.020381 
323 0.208710 0.000000 -0.068038 92.628832 -0.088588 -8.155006 0.135339 
324 0.184287 0.000000 -0.045359 103.777952 -0.134268 -6.750042 -0.081544 
325 0.184287 0.000000 0.068038 102.457402 -0.156106 10.298158 -0.060360 
326 0.184287 0.000000 0.045359 103.790736 -0.136674 6.786766 -0.081860 
327 0.208710 0.000000 0.068038 92.667296 -0.088054 8.178158 0.134588 
328 0.184287 0.000000 0.090718 99.350757 -12.543901 13.362788 -0.020649 
329 0.452945 0.000000 -0.090718 98.997718 -10.162035 0.000265 0.009618 
330 0.452945 0.000000 -0.181436 99.789613 -11.816870 0.000077 -0.009761 
331 0.550639 0.000000 -0.090718 101.020632 -7.491188 -0.004590 -0.026129 
332 0.452945 0.000000 0.000000 101.482189 -6.532409 -0.005227 -0.034131 
333 0.306404 0.000000 -0.136077 102.428834 -10.440086 -4.269392 -0.061889 
334 0.306404 0.000000 -0.181436 101.362389 -8.898520 -2.828254 -0.036152 
335 0.355251 0.000000 -0.136077 104.481183 -10.629647 -2.722177 -0.103672 
336 0.306404 0.000000 -0.090718 104.404559 -12.485105 -6.478382 -0.109816 
337 0.233134 0.000000 -0.113397 101.449472 -11.595595 -8.341761 -0.049604 
338 0.208710 0.000000 -0.113397 101.356601 -11.368338 -9.449315 -0.049169 
339 0.233134 0.000000 -0.136077 100.684946 -10.128297 -6.715774 -0.028514 
340 0.257557 0.000000 -0.113397 102.747520 -12.594530 -10.272029 -0.082119 
341 0.233134 0.000000 -0.090718 102.926328 -12.649962 -10.290366 -0.085974 
342 0.452945 0.000000 0.090718 99.013206 -10.151784 -0.005565 0.009333 
343 0.550639 0.000000 0.090718 101.027743 -7.485527 -0.004493 -0.026264 
344 0.452945 0.000000 0.181436 99.803842 -11.803879 -0.001142 -0.010014 
345 0.306404 0.000000 0.136077 102.447992 -10.424271 4.281474 -0.062259 
346 0.306404 0.000000 0.090718 104.468589 -12.540366 6.483815 -0.111299 
347 0.355251 0.000000 0.136077 104.521499 -10.707106 2.717201 -0.104677 
348 0.306404 0.000000 0.181436 101.333967 -8.887285 2.834987 -0.035559 
349 0.233134 0.000000 0.113397 101.443592 -11.565349 8.335135 -0.049403 
350 0.208710 0.000000 0.113397 101.355261 -11.318302 9.441401 -0.049013 
351 0.233134 0.000000 0.090718 102.917606 -12.601345 10.289225 -0.085670 
352 0.257557 0.000000 0.113397 102.725223 -12.600935 10.270250 -0.081673 
353 0.233134 0.000000 0.136077 100.699234 -10.087874 6.713303 -0.028717 
354 0.306404 0.000000 -0.045359 72.818114 0.102145 -2.135998 0.469295 
355 0.355251 0.000000 -0.045359 67.699115 -0.035425 -1.095828 0.541563 
356 0.306404 0.000000 0.000000 73.415281 0.020346 -0.020914 0.461020 
357 0.281981 0.000000 -0.113397 103.763412 -12.483961 -8.456527 -0.099421 
358 0.281981 0.000000 -0.136077 102.273576 -10.303527 -5.209672 -0.059319 
359 0.306404 0.000000 -0.113397 104.390176 -12.496853 -6.478244 -0.109545 
360 0.281981 0.000000 -0.090718 103.574621 -12.492137 -8.786918 -0.096097 
361 0.281981 0.000000 -0.068038 75.297775 0.093961 -4.577523 0.430928 
362 0.257557 0.000000 -0.068038 80.706817 -0.086420 -6.143094 0.344866 
363 0.306404 0.000000 -0.068038 72.193418 0.068198 -3.135381 0.477828 
364 0.281981 0.000000 -0.045359 76.391393 0.054806 -3.128599 0.415456 
365 0.269769 0.000000 -0.102058 102.891434 -12.536135 -10.022024 -0.084424 
366 0.257557 0.000000 -0.102058 102.719736 -12.581897 -10.269071 -0.081510 
367 0.269769 0.000000 -0.113397 102.864573 -12.523223 -10.283626 -0.084370 
368 0.281981 0.000000 -0.102058 103.592866 -12.491144 -9.309630 -0.097418 
369 0.269769 0.000000 -0.090718 102.795629 -12.552402 -10.276706 -0.083011 
370 0.306404 0.000000 0.045359 72.952244 0.020885 2.119129 0.467348 
371 0.355251 0.000000 0.045359 67.701680 -0.035852 1.093077 0.541529 
372 0.281981 0.000000 0.113397 103.784540 -12.471612 8.458731 -0.099832 
373 0.281981 0.000000 0.090718 103.589196 -12.482079 8.788436 -0.096376 
374 0.306404 0.000000 0.113397 104.463498 -12.564214 6.483744 -0.111252 
375 0.281981 0.000000 0.136077 102.273209 -10.360578 5.214513 -0.059434 
376 0.281981 0.000000 0.068038 75.329942 0.126739 4.580643 0.430440 
377 0.257557 0.000000 0.068038 80.751456 -0.070409 6.162870 0.344122 
378 0.281981 0.000000 0.045359 76.462761 0.043528 3.160087 0.414346 
379 0.306404 0.000000 0.068038 72.315595 -0.011197 3.119069 0.476073 
380 0.269769 0.000000 0.102058 102.880642 -12.533966 10.020972 -0.084195 
381 0.257557 0.000000 0.102058 102.697934 -12.589441 10.267296 -0.081078 
382 0.269769 0.000000 0.090718 102.780949 -12.550914 10.275119 -0.082703 
383 0.281981 0.000000 0.102058 103.611685 -12.456411 9.310593 -0.097723 
384 0.269769 0.000000 0.113397 102.856680 -12.513311 10.282216 -0.084180 
385 0.746027 0.000000 -1.088616 99.784420 -7.039475 -0.022115 -0.000649 
386 0.746027 0.000000 -1.451487 99.770323 -7.010600 -0.010498 -0.000327 
387 1.136804 0.000000 -1.088616 99.785567 -7.052052 -0.002027 -0.000689 
388 0.550639 0.000000 -0.544308 99.836581 -7.199571 -0.009097 -0.001918 
389 0.550639 0.000000 -0.725744 99.813261 -7.103879 -0.068700 -0.001316 
390 0.746027 0.000000 -0.544308 99.813109 -7.222699 0.021157 -0.001482 
391 0.452945 0.000000 -0.272154 100.427278 -7.919192 0.085226 -0.014836 
392 0.452945 0.000000 -0.362872 100.361724 -7.470797 -0.056284 -0.012829 
393 0.550639 0.000000 -0.272154 101.465343 -11.982233 0.002021 -0.043879 
394 0.404098 0.000000 -0.136077 98.102187 -12.479278 -0.000332 0.022023 
395 0.404098 0.000000 -0.181436 101.905309 -9.098026 0.209834 -0.046751 
396 0.452945 0.000000 -0.136077 99.156293 -10.740856 -0.000360 0.005266 
397 0.404098 0.000000 -0.090718 101.121245 -12.494956 -1.656265 -0.038437 
398 0.330828 0.000000 -0.113397 104.375861 -12.523228 -6.480242 -0.109315 
399 0.330828 0.000000 -0.136077 102.845943 -10.560188 -3.977116 -0.070462 
400 0.355251 0.000000 -0.113397 105.235455 -12.576710 -4.690417 -0.125467 
401 0.330828 0.000000 -0.090718 104.369655 -12.523905 -6.479836 -0.109186 
402 0.746027 0.000000 1.088616 99.802869 -7.034670 0.009472 -0.001010 
403 1.136804 0.000000 1.088616 99.798910 -7.057722 -0.018130 -0.000963 
404 0.746027 0.000000 1.451487 99.779012 -7.014141 0.003338 -0.000505 
405 0.550639 0.000000 0.544308 99.863199 -7.205918 0.003183 -0.002458 
406 0.746027 0.000000 0.544308 99.849556 -7.231072 -0.036202 -0.002222 
407 0.550639 0.000000 0.725744 99.842768 -7.099059 0.056196 -0.001898 
408 0.452945 0.000000 0.272154 100.495293 -7.925163 -0.108358 -0.016212 
409 0.550639 0.000000 0.272154 101.482456 -11.966590 0.000299 -0.044189 
410 0.452945 0.000000 0.362872 100.396578 -7.494571 0.047364 -0.013564 
411 0.404098 0.000000 0.136077 98.115141 -12.464582 -0.002118 0.021805 
412 0.404098 0.000000 0.090718 101.144499 -12.446622 1.655113 -0.038787 
413 0.452945 0.000000 0.136077 99.170194 -10.729886 -0.004170 0.005014 
414 0.404098 0.000000 0.181436 101.890621 -9.122012 -0.211456 -0.046495 
415 0.330828 0.000000 0.113397 104.480393 -12.610270 6.487562 -0.111726 
416 0.330828 0.000000 0.090718 104.473903 -12.610853 6.487135 -0.111591 
417 0.355251 0.000000 0.113397 105.331098 -12.602715 4.693787 -0.127550 
418 0.330828 0.000000 0.136077 102.864682 -10.543815 3.990019 -0.070824 
419 0.404098 0.000000 -0.045359 66.975587 -0.020408 0.831823 0.551358 
420 0.452945 0.000000 -0.045359 99.546166 -8.574368 -0.001415 0.001704 
421 0.404098 0.000000 0.000000 68.049357 0.004834 0.000994 0.536929 
422 0.379675 0.000000 -0.113397 104.635044 -12.629708 -2.229487 -0.111297 
423 0.379675 0.000000 -0.136077 104.223170 -10.762785 -1.022102 -0.097935 
424 0.404098 0.000000 -0.113397 100.818488 -12.577201 -1.851222 -0.032598 
425 0.379675 0.000000 -0.090718 104.314962 -12.635931 -2.222766 -0.104622 
426 0.330828 0.000000 -0.068038 69.358283 -0.021800 -2.982012 0.518054 
427 0.355251 0.000000 -0.068038 66.438116 -0.045154 -1.804996 0.558272 
428 0.330828 0.000000 -0.045359 69.894229 -0.055338 -1.912477 0.511114 
429 0.343039 0.000000 -0.102058 104.768631 -12.533722 -6.143037 -0.117130 
430 0.330828 0.000000 -0.102058 104.372209 -12.523626 -6.480003 -0.109239 
431 0.343039 0.000000 -0.113397 104.839420 -12.543524 -6.010569 -0.118477 
432 0.355251 0.000000 -0.102058 105.344290 -12.586808 -4.783489 -0.127873 
433 0.343039 0.000000 -0.090718 104.614330 -12.527456 -6.494999 -0.114328 
434 0.404098 0.000000 0.045359 67.047435 -0.003368 -0.842642 0.550393 
435 0.452945 0.000000 0.045359 99.560740 -8.566652 -0.006349 0.001427 
436 0.330828 0.000000 0.068038 69.497640 -0.088961 2.994008 0.516111 
437 0.330828 0.000000 0.045359 69.970854 -0.073840 1.908470 0.510043 
438 0.355251 0.000000 0.068038 66.499897 -0.047790 1.804092 0.557451 
439 0.379675 0.000000 0.113397 104.704459 -12.599720 2.229963 -0.112675 
440 0.379675 0.000000 0.090718 104.377611 -12.599663 2.223294 -0.105838 
441 0.404098 0.000000 0.113397 100.844469 -12.527595 1.850335 -0.032997 
442 0.379675 0.000000 0.136077 104.272454 -10.801271 1.018699 -0.099045 
443 0.343039 0.000000 0.102058 104.873454 -12.601116 6.149356 -0.119504 
444 0.330828 0.000000 0.102058 104.476574 -12.610613 6.487311 -0.111647 
445 0.343039 0.000000 0.090718 104.719618 -12.603143 6.501891 -0.116731 
446 0.355251 0.000000 0.102058 105.437462 -12.605792 4.786405 -0.129887 
447 0.343039 0.000000 0.113397 104.941686 -12.603619 6.016356 -0.120781 
448 1.527580 0.000000 -0.362872 99.660247 -7.702719 0.086560 0.000850 
449 1.527580 0.000000 -0.725744 99.748005 -7.185647 0.017078 -0.000130 
450 1.918356 0.000000 -0.362872 99.772800 -7.411794 -0.015580 -0.000955 
451 1.527580 0.000000 0.000000 101.101524 -8.314609 -0.348227 -0.029077 
452 0.941416 0.000000 -0.181436 102.221429 -8.050685 0.006103 -0.051403 
453 0.941416 0.000000 -0.362872 99.735916 -7.565179 -0.040002 -0.000449 
454 1.136804 0.000000 -0.181436 101.848288 -8.718205 0.015728 -0.044908 
455 0.941416 0.000000 0.000000 102.165702 -6.578990 -0.005144 -0.048111 
456 0.648333 0.000000 -0.090718 101.687315 -7.489531 -0.003369 -0.039640 
457 0.648333 0.000000 -0.181436 101.770172 -8.493249 -0.002983 -0.042930 
458 0.746027 0.000000 -0.090718 102.143404 -6.882096 -0.004977 -0.048064 
459 0.648333 0.000000 0.000000 101.823043 -6.540606 -0.005238 -0.041071 
460 0.501792 0.000000 -0.136077 99.675665 -9.644656 -0.002430 -0.002826 
461 0.501792 0.000000 -0.181436 100.972183 -9.873387 -0.002279 -0.029287 
462 0.550639 0.000000 -0.136077 101.475916 -7.213657 -0.005453 -0.034940 
463 0.501792 0.000000 -0.090718 99.681398 -9.533397 -0.000985 -0.002727 
464 0.428522 0.000000 -0.113397 98.390667 -12.202700 -0.972003 0.016943 
465 0.428522 0.000000 -0.136077 99.124142 -11.704736 0.000076 0.003740 
466 0.452945 0.000000 -0.113397 99.030138 -10.689743 -0.000941 0.007876 
467 0.428522 0.000000 -0.090718 98.543738 -11.928828 -0.848334 0.014611 
468 0.379675 0.000000 -0.068038 65.698948 -0.028762 -0.286890 0.568357 
469 0.404098 0.000000 -0.068038 98.109073 -11.880491 -0.000059 0.023346 
470 0.379675 0.000000 -0.045359 66.634606 -0.026332 -0.206502 0.555979 
471 0.391886 0.000000 -0.102058 102.955971 -12.647406 -2.048136 -0.076408 
472 0.379675 0.000000 -0.102058 104.643019 -12.629219 -2.229699 -0.111463 
473 0.391886 0.000000 -0.113397 102.816372 -12.643484 -2.001075 -0.073507 
474 0.404098 0.000000 -0.102058 100.898592 -12.586968 -1.881202 -0.034250 
475 0.391886 0.000000 -0.090718 102.617989 -12.636684 -1.924839 -0.069384 
476 0.379675 0.000000 0.068038 65.765892 -0.009949 0.297109 0.567476 
477 0.379675 0.000000 0.045359 66.716158 -0.025029 0.204746 0.554891 
478 0.404098 0.000000 0.068038 98.121850 -11.866114 -0.004166 0.023130 
479 1.527580 0.000000 0.362872 99.955191 -7.687868 -0.239376 -0.005020 
480 1.918356 0.000000 0.362872 99.762024 -7.508347 -0.259092 -0.000890 
481 1.527580 0.000000 0.725744 99.824762 -7.197242 -0.080067 -0.001679 
482 0.941416 0.000000 0.181436 102.216297 -8.064434 -0.008936 -0.051321 
483 1.136804 0.000000 0.181436 101.834292 -8.736499 -0.011688 -0.044655 
484 0.941416 0.000000 0.362872 99.768726 -7.575916 0.018222 -0.001119 
485 0.648333 0.000000 0.090718 101.691737 -7.488488 -0.005070 -0.039729 
486 0.746027 0.000000 0.090718 102.146538 -6.883147 -0.004759 -0.048129 
487 0.648333 0.000000 0.181436 101.778033 -8.493398 -0.002651 -0.043091 
488 0.501792 0.000000 0.136077 99.688179 -9.635684 -0.003724 -0.003058 
489 0.501792 0.000000 0.090718 99.694812 -9.523488 -0.005048 -0.002975 
490 0.550639 0.000000 0.136077 101.484841 -7.209158 -0.003435 -0.035114 
491 0.501792 0.000000 0.181436 100.984062 -9.866368 -0.001515 -0.029513 
492 0.428522 0.000000 0.113397 98.418793 -12.177865 0.970227 0.016450 
493 0.428522 0.000000 0.090718 98.569837 -11.905964 0.846040 0.014152 
494 0.452945 0.000000 0.113397 99.043508 -10.678714 -0.003883 0.007635 
495 0.428522 0.000000 0.136077 99.137747 -11.691294 -0.002794 0.003502 
496 0.391886 0.000000 0.102058 102.995805 -12.596832 2.048294 -0.077101 
497 0.379675 0.000000 0.102058 104.712808 -12.599607 2.230179 -0.112850 
498 0.391886 0.000000 0.090718 102.657306 -12.590448 1.924766 -0.070075 
499 0.404098 0.000000 0.102058 100.924584 -12.536596 1.880367 -0.034647 
500 0.391886 0.000000 0.113397 102.856009 -12.594703 2.001136 -0.074199 
501 1.332192 0.000000 -0.181436 100.579047 -9.152511 0.339964 -0.020003 
502 1.332192 0.000000 -0.362872 99.805762 -7.647092 0.161451 -0.001969 
503 1.527580 0.000000 -0.181436 101.035781 -9.175546 0.027752 -0.029242 
504 1.332192 0.000000 0.000000 100.734987 -7.285739 0.079014 -0.020063 
505 1.332192 0.000000 0.181436 101.290551 -9.705007 -0.224631 -0.035401 
506 1.527580 0.000000 0.181436 101.493695 -10.463086 -0.779743 -0.041105 
507 1.332192 0.000000 0.362872 99.987258 -7.646794 -0.129610 -0.005594 
508 1.234498 0.000000 -0.090718 99.051745 -11.383062 0.022378 0.005918 
509 1.136804 0.000000 -0.090718 100.979124 -7.914901 0.002413 -0.025943 
510 1.234498 0.000000 -0.181436 100.768000 -12.396110 0.003329 -0.030785 
511 1.332192 0.000000 -0.090718 99.641282 -9.885045 0.105008 -0.002611 
512 1.234498 0.000000 0.000000 78.057505 -0.031118 0.001713 0.390702 
513 1.234498 0.000000 0.090718 99.008048 -11.439523 -0.009729 0.006654 
514 1.136804 0.000000 0.090718 100.960304 -7.925606 -0.008239 -0.025580 
515 1.332192 0.000000 0.090718 99.783205 -10.067103 -0.011604 -0.005803 
516 1.234498 0.000000 0.181436 100.744577 -12.407563 -0.000594 -0.030342 
517 4.263014 0.000000 -8.708925 99.756320 -6.974755 -0.000398 0.000003 
518 4.263014 0.000000 -11.611899 99.756393 -6.974578 -0.000204 0.000002 
519 7.389224 0.000000 -8.708925 99.756362 -6.974355 -0.000536 0.000003 
520 2.699909 0.000000 -4.354462 99.752099 -6.972793 -0.002150 0.000090 
521 2.699909 0.000000 -5.805950 99.756131 -6.976082 -0.000723 0.000005 
522 4.263014 0.000000 -4.354462 99.755564 -6.979425 -0.002244 0.000012 
523 1.918356 0.000000 -2.177231 99.767769 -7.000720 0.002608 -0.000262 
524 1.918356 0.000000 -2.902975 99.761671 -6.989677 0.002509 -0.000125 
525 2.699909 0.000000 -2.177231 99.752804 -7.002529 -0.003531 0.000034 
526 1.527580 0.000000 -1.088616 99.767227 -7.065317 0.005612 -0.000342 
527 1.527580 0.000000 -1.451487 99.765335 -7.027286 0.006319 -0.000250 
528 1.918356 0.000000 -1.088616 99.745124 -7.094970 0.014429 0.000057 
529 1.332192 0.000000 -0.544308 99.771368 -7.286401 0.043478 -0.000742 
530 1.136804 0.000000 -0.544308 99.788912 -7.254891 -0.004905 -0.001046 
531 1.332192 0.000000 -0.725744 99.768578 -7.165344 0.022735 -0.000511 
532 1.527580 0.000000 -0.544308 99.712296 -7.322230 0.045500 0.000384 
533 1.234498 0.000000 -0.272154 100.115314 -8.111667 0.056647 -0.008888 
534 1.136804 0.000000 -0.272154 101.842499 -12.078403 0.004413 -0.051778 
535 1.234498 0.000000 -0.362872 99.896059 -7.624515 0.038530 -0.003736 
536 1.332192 0.000000 -0.272154 100.769623 -12.842568 0.018606 -0.031945 
537 10.515434 0.000000 -2.902975 99.755717 -6.983371 -0.011724 0.000003 
538 10.515434 0.000000 -5.805950 99.756333 -6.974893 -0.001835 0.000002 
539 13.641644 0.000000 -2.902975 99.755969 -6.980830 -0.013139 0.000001 
540 10.515434 0.000000 0.000000 99.809445 -6.215235 0.235067 -0.000061 
541 5.826119 0.000000 -1.451487 99.751025 -7.041119 -0.047953 0.000015 
542 5.826119 0.000000 -2.902975 99.754918 -6.987553 -0.008354 0.000013 
543 7.389224 0.000000 -1.451487 99.752488 -7.025824 -0.055579 0.000008 
544 5.826119 0.000000 0.000000 99.902244 -4.879959 4.007559 -0.002033 
545 3.481461 0.000000 -0.725744 99.729617 -7.231219 -0.132405 0.000170 
546 3.481461 0.000000 -1.451487 99.746536 -7.046140 -0.027331 0.000098 
547 4.263014 0.000000 -0.725744 99.736155 -7.211533 -0.160592 0.000067 
548 3.481461 0.000000 0.000000 99.851923 -5.456485 0.376679 -0.000032 
549 2.309132 0.000000 -0.362872 99.184207 -7.239685 -0.298479 0.010999 
550 2.309132 0.000000 -0.725744 99.660816 -7.254581 -0.028339 0.001509 
551 2.699909 0.000000 -0.362872 99.729003 -7.107237 -0.209898 0.000357 
552 2.309132 0.000000 0.000000 134.917526 -5.656107 -0.115329 -0.823474 
553 1.722968 0.000000 -0.181436 101.485208 -9.412630 -0.206710 -0.038789 
554 1.722968 0.000000 -0.362872 99.568651 -7.712494 0.013585 0.002660 
555 1.918356 0.000000 -0.181436 101.566179 -8.700165 -0.071140 -0.039139 
556 1.722968 0.000000 0.000000 101.422992 -9.243163 -0.988369 -0.037304 
557 1.429886 0.000000 -0.090718 100.786915 -9.391877 0.082712 -0.024622 
558 1.429886 0.000000 -0.181436 100.701244 -9.380452 0.305630 -0.022883 
559 1.527580 0.000000 -0.090718 101.106398 -9.265447 -0.206289 -0.030839 
560 1.429886 0.000000 0.000000 100.734992 -7.285764 0.079010 -0.020063 
561 1.283345 0.000000 -0.136077 99.148139 -10.849591 0.141823 0.005191 
562 1.234498 0.000000 -0.136077 99.258824 -11.624569 0.017073 0.001255 
563 1.283345 0.000000 -0.181436 99.695102 -11.711598 0.090381 -0.007628 
564 1.332192 0.000000 -0.136077 99.617199 -9.497132 0.227959 -0.001383 
565 1.283345 0.000000 -0.090718 98.958995 -10.567754 0.144106 0.009542 
566 10.515434 0.000000 2.902975 99.753510 -7.015930 0.009065 0.000001 
567 13.641644 0.000000 2.902975 99.753699 -7.013734 0.013360 0.000001 
568 10.515434 0.000000 5.805950 99.755422 -6.989422 0.000887 0.000000 
569 5.826119 0.000000 1.451487 99.746688 -7.110114 0.023907 0.000004 
570 7.389224 0.000000 1.451487 99.747452 -7.099612 0.039584 0.000004 
571 5.826119 0.000000 2.902975 99.753351 -7.016582 0.001325 0.000004 
572 3.481461 0.000000 0.725744 99.719437 -7.384717 0.031418 0.000150 
573 4.263014 0.000000 0.725744 99.724101 -7.378092 0.077431 0.000066 
574 3.481461 0.000000 1.451487 99.742614 -7.106727 -0.003317 0.000091 
575 2.309132 0.000000 0.362872 99.232690 -7.512861 0.010370 0.009643 
576 2.699909 0.000000 0.362872 99.728049 -7.412854 -0.058607 -0.000064 
577 2.309132 0.000000 0.725744 99.704792 -7.353311 -0.094450 0.000487 
578 1.722968 0.000000 0.181436 101.542585 -12.281224 -1.397193 -0.046368 
579 1.918356 0.000000 0.181436 101.483772 -14.128324 -2.502310 -0.050483 
580 1.722968 0.000000 0.362872 99.707180 -7.761812 -0.370944 -0.000191 
581 1.429886 0.000000 0.090718 101.066311 -9.848843 -0.185330 -0.031143 
582 1.527580 0.000000 0.090718 101.297316 -9.591856 -0.380943 -0.035330 
583 1.429886 0.000000 0.181436 101.319073 -9.926865 -0.251073 -0.036416 
584 4.263014 0.000000 8.708925 99.756221 -6.980979 -0.000355 -0.000004 
585 7.389224 0.000000 8.708925 99.756005 -6.982280 -0.000148 -0.000001 
586 4.263014 0.000000 11.611899 99.756287 -6.979046 -0.000185 -0.000002 
587 2.699909 0.000000 4.354462 99.760507 -6.993762 -0.002986 -0.000107 
588 4.263014 0.000000 4.354462 99.755340 -6.994192 -0.001296 -0.000005 
589 2.699909 0.000000 5.805950 99.756409 -6.983925 -0.000984 -0.000012 
590 1.918356 0.000000 2.177231 99.770123 -7.016780 -0.014729 -0.000331 
591 2.699909 0.000000 2.177231 99.751954 -7.029331 -0.010169 0.000014 
592 1.918356 0.000000 2.902975 99.766105 -7.001668 -0.009076 -0.000230 
593 1.527580 0.000000 1.088616 99.779859 -7.080991 -0.045106 -0.000616 
594 1.918356 0.000000 1.088616 99.756285 -7.115971 -0.064118 -0.000196 
595 1.527580 0.000000 1.451487 99.770142 -7.042203 -0.027826 -0.000367 
596 1.332192 0.000000 0.544308 99.883157 -7.291933 -0.073859 -0.002982 
597 1.136804 0.000000 0.544308 99.844362 -7.261926 -0.015192 -0.002163 
598 1.527580 0.000000 0.544308 99.847219 -7.334031 -0.143309 -0.002328 
599 1.332192 0.000000 0.725744 99.828115 -7.163448 -0.054649 -0.001697 
600 1.234498 0.000000 0.272154 100.214680 -8.113952 0.028746 -0.010882 
601 1.136804 0.000000 0.272154 101.833094 -12.095396 -0.000875 -0.051628 
602 1.332192 0.000000 0.272154 101.126265 -12.986579 -0.018820 -0.039517 
603 1.234498 0.000000 0.362872 99.988501 -7.627680 -0.009970 -0.005588 
604 1.283345 0.000000 0.136077 99.324740 -11.102176 -0.078122 0.001133 
605 1.234498 0.000000 0.136077 99.221965 -11.667213 -0.004622 0.001888 
606 1.283345 0.000000 0.090718 99.073820 -10.771965 -0.076281 0.006834 
607 1.332192 0.000000 0.136077 99.991604 -9.801020 -0.155732 -0.009441 
608 1.283345 0.000000 0.181436 99.962496 -12.068334 -0.112262 -0.013816 
609 2.113744 0.000000 -0.181436 100.961257 -6.312587 2.732523 -0.024049 
610 2.113744 0.000000 -0.362872 99.613737 -7.246305 0.270275 0.002452 
611 2.309132 0.000000 -0.181436 97.742427 -5.550561 -2.966821 0.040681 
612 2.113744 0.000000 0.000000 96.632022 0.281634 0.145913 0.066215 
613 2.113744 0.000000 0.181436 101.177916 -6.577315 -2.984648 -0.028914 
614 2.309132 0.000000 0.181436 97.840354 -5.980227 2.486419 0.038532 
615 2.113744 0.000000 0.362872 99.658387 -7.425986 -0.519152 0.001279 
616 2.016050 0.000000 -0.090718 100.666531 -9.294527 -0.629890 -0.022054 
617 1.918356 0.000000 -0.090718 101.558074 -9.520364 -0.863019 -0.040542 
618 2.016050 0.000000 -0.181436 101.317377 -9.544659 -0.055955 -0.035631 
619 2.113744 0.000000 -0.090718 106.611825 -8.923073 11.130353 -0.156959 
620 2.016050 0.000000 0.000000 101.488445 -9.868441 -1.361833 -0.039915 
621 2.016050 0.000000 0.090718 100.595548 -10.756948 -1.493965 -0.023741 
622 1.918356 0.000000 0.090718 101.460241 -11.538851 -1.643372 -0.043003 
623 2.113744 0.000000 0.090718 107.234102 -9.237350 -11.212035 -0.171019 
624 2.016050 0.000000 0.181436 100.986208 -12.791232 -0.975623 -0.036278 
625 2.309132 0.000000 -1.088616 99.726020 -7.108955 -0.004440 0.000418 
626 2.309132 0.000000 -1.451487 99.748885 -7.044737 -0.002268 0.000053 
627 2.699909 0.000000 -1.088616 99.731927 -7.110102 -0.029792 0.000299 
628 2.113744 0.000000 -0.544308 99.526388 -7.343090 0.013144 0.004058 
629 1.918356 0.000000 -0.544308 99.596530 -7.361300 -0.009214 0.002634 
630 2.113744 0.000000 -0.725744 99.689521 -7.239668 0.015590 0.000959 
631 2.309132 0.000000 -0.544308 99.556971 -7.362447 -0.068422 0.003420 
632 2.016050 0.000000 -0.272154 100.069071 -6.746080 0.094828 -0.005934 
633 1.918356 0.000000 -0.272154 101.682298 -10.964204 -0.042958 -0.045951 
634 2.016050 0.000000 -0.362872 99.793800 -7.250439 0.059565 -0.001137 
635 2.113744 0.000000 -0.272154 99.566597 -6.777258 0.767955 0.003997 
636 3.090685 0.000000 -0.362872 99.735929 -7.084659 -0.032933 0.000255 
637 3.090685 0.000000 -0.725744 99.724286 -7.243481 -0.115581 0.000259 
638 3.481461 0.000000 -0.362872 99.732387 -7.180578 0.105908 0.000188 
639 3.090685 0.000000 0.000000 99.841387 -5.839244 0.150566 -0.000242 
640 2.504521 0.000000 -0.181436 100.160252 -5.016799 -1.246238 -0.005880 
641 2.504521 0.000000 -0.362872 99.594292 -7.099236 -0.405886 0.003041 
642 2.699909 0.000000 -0.181436 99.944831 -4.772229 -0.641474 -0.001215 
643 2.504521 0.000000 0.000000 100.987892 -5.781089 -0.095710 -0.023198 
644 2.211438 0.000000 -0.090718 88.537439 -8.611760 15.969093 0.183195 
645 2.211438 0.000000 -0.181436 96.424370 -5.991799 1.922770 0.066274 
646 2.309132 0.000000 -0.090718 106.464546 -5.178921 -19.028987 -0.172362 
647 2.211438 0.000000 0.000000 142.767476 -1.004270 0.044327 -1.038356 
648 2.064897 0.000000 -0.136077 101.140373 -8.973110 -0.096442 -0.030990 
649 2.016050 0.000000 -0.136077 100.631412 -10.120536 -0.716910 -0.022962 
650 2.064897 0.000000 -0.181436 101.513654 -6.130454 1.016818 -0.034364 
651 2.113744 0.000000 -0.136077 103.785192 -7.070862 5.757262 -0.085451 
652 2.064897 0.000000 -0.090718 101.293945 -9.214279 2.344094 -0.035086 
653 3.090685 0.000000 0.362872 99.720015 -7.450753 -0.219726 0.000036 
654 3.481461 0.000000 0.362872 99.705344 -7.580095 -0.309894 0.000129 
655 3.090685 0.000000 0.725744 99.713774 -7.384311 0.011309 0.000264 
656 2.504521 0.000000 0.181436 100.170237 -5.504028 0.757556 -0.006494 
657 2.699909 0.000000 0.181436 99.939790 -5.278533 0.164350 -0.001585 
658 2.504521 0.000000 0.362872 99.602680 -7.379539 0.130646 0.002483 
659 2.211438 0.000000 0.090718 88.932763 -8.899721 -16.063031 0.175374 
660 2.309132 0.000000 0.090718 106.576659 -5.493325 18.031655 -0.171390 
661 2.211438 0.000000 0.181436 96.582089 -6.389746 -2.299234 0.062578 
662 2.309132 0.000000 1.088616 99.728362 -7.155797 -0.048998 0.000305 
663 2.699909 0.000000 1.088616 99.724438 -7.177785 -0.023370 0.000352 
664 2.309132 0.000000 1.451487 99.748004 -7.079128 -0.028510 0.000022 
665 2.113744 0.000000 0.544308 99.598856 -7.447392 -0.191427 0.002457 
666 1.918356 0.000000 0.544308 99.665829 -7.428658 -0.163255 0.001151 
667 2.309132 0.000000 0.544308 99.610003 -7.497229 -0.116634 0.002163 
668 2.113744 0.000000 0.725744 99.747918 -7.309955 -0.129044 -0.000310 
669 2.016050 0.000000 0.272154 100.078653 -6.912053 -0.334186 -0.006363 
670 1.918356 0.000000 0.272154 101.267638 -16.683870 -1.842808 -0.053688 
671 2.113744 0.000000 0.272154 99.683645 -7.008703 -1.030316 0.001299 
672 2.016050 0.000000 0.362872 99.804730 -7.391151 -0.303833 -0.001571 
673 2.064897 0.000000 0.136077 100.822921 -10.241738 -0.266091 -0.027023 
674 2.016050 0.000000 0.136077 100.575473 -12.041722 -1.777625 -0.026359 
675 2.064897 0.000000 0.090718 101.283312 -9.822936 -3.452916 -0.036672 
676 2.113744 0.000000 0.136077 104.164172 -7.424388 -5.990108 -0.094118 
677 2.064897 0.000000 0.181436 101.673926 -6.331715 -1.168988 -0.037904 
678 2.211438 0.000000 -0.272154 98.297819 -6.774395 0.489419 0.029141 
679 2.211438 0.000000 -0.362872 99.250012 -7.234907 0.117611 0.009708 
680 2.309132 0.000000 -0.272154 98.599244 -6.605425 -0.785225 0.023394 
681 2.162591 0.000000 -0.136077 98.670096 -6.853655 7.419980 0.016218 
682 2.162591 0.000000 -0.181436 98.713104 -6.242717 3.316307 0.020575 
683 2.211438 0.000000 -0.136077 93.615399 -6.258169 5.038017 0.117161 
684 2.162591 0.000000 -0.090718 98.587848 -9.009253 15.401315 -0.003793 
685 2.064897 0.000000 -0.045359 101.076925 -8.905305 -0.113671 -0.029586 
686 2.016050 0.000000 -0.045359 100.801635 -9.364592 -1.206520 -0.025012 
687 2.113744 0.000000 -0.045359 94.788649 0.421051 4.035158 0.099865 
688 2.064897 0.000000 0.000000 89.856537 0.275215 0.212444 0.192568 
689 2.089321 0.000000 -0.113397 105.521104 -8.500997 5.459222 -0.123677 
690 2.064897 0.000000 -0.113397 102.424793 -8.713927 3.907758 -0.058204 
691 2.089321 0.000000 -0.136077 100.932530 -8.001231 -0.069252 -0.025140 
692 2.113744 0.000000 -0.113397 106.677646 -8.920973 10.991572 -0.158052 
693 2.089321 0.000000 -0.090718 105.320510 -8.513793 5.216858 -0.119211 
694 2.064897 0.000000 0.045359 100.762628 -10.027987 -0.205178 -0.025371 
695 2.016050 0.000000 0.045359 100.738502 -10.429428 -1.840324 -0.026041 
696 2.113744 0.000000 0.045359 94.555178 0.430131 -3.835796 0.104442 
697 2.211438 0.000000 0.272154 98.401906 -7.040085 -0.805396 0.026685 
698 2.309132 0.000000 0.272154 98.648358 -6.959031 0.435443 0.021988 
699 2.211438 0.000000 0.362872 99.323958 -7.487775 -0.402528 0.007852 
700 2.162591 0.000000 0.136077 98.988622 -7.324064 -7.746010 0.008761 
701 2.162591 0.000000 0.090718 99.049104 -9.389529 -15.494600 -0.013897 
702 2.211438 0.000000 0.136077 93.905950 -6.739738 -5.424220 0.110683 
703 2.162591 0.000000 0.181436 98.896716 -6.599504 -3.640040 0.016264 
704 2.089321 0.000000 0.113397 105.917876 -8.853430 -5.552127 -0.132781 
705 2.064897 0.000000 0.113397 102.551718 -9.146885 -4.521137 -0.062096 
706 2.089321 0.000000 0.090718 105.687556 -8.905084 -5.321939 -0.127748 
707 2.113744 0.000000 0.113397 107.300537 -9.233278 -11.072458 -0.172126 
708 2.089321 0.000000 0.136077 100.690172 -8.514073 -0.017438 -0.021100 
709 2.162591 0.000000 -0.045359 113.251071 -0.013718 8.178146 -0.289269 
710 2.211438 0.000000 -0.045359 143.288999 -0.804807 10.982225 -1.065299 
711 2.162591 0.000000 0.000000 114.997358 -0.169073 0.058528 -0.322442 
712 2.138168 0.000000 -0.113397 102.491502 -9.041434 15.112425 -0.081464 
713 2.138168 0.000000 -0.136077 101.307696 -7.029405 7.296269 -0.036590 
714 2.162591 0.000000 -0.113397 98.729669 -7.972103 11.305887 0.006107 
715 2.138168 0.000000 -0.090718 102.139304 -9.053787 15.059842 -0.074121 
716 2.089321 0.000000 -0.068038 100.932218 -8.003143 -0.069664 -0.025137 
717 2.064897 0.000000 -0.068038 100.395035 -11.293030 -1.016446 -0.020773 
718 2.113744 0.000000 -0.068038 92.198924 0.652466 6.051426 0.146231 
719 2.089321 0.000000 -0.045359 90.204985 0.507770 1.961811 0.185895 
720 2.101533 0.000000 -0.102058 107.401278 -8.752122 7.889778 -0.167388 
721 2.089321 0.000000 -0.102058 106.371722 -8.563161 5.920495 -0.142332 
722 2.101533 0.000000 -0.113397 107.593799 -8.747856 7.375474 -0.170735 
723 2.113744 0.000000 -0.102058 106.572253 -8.932615 11.579558 -0.157152 
724 2.101533 0.000000 -0.090718 107.621138 -8.789905 7.945598 -0.172270 
725 2.162591 0.000000 0.045359 113.102183 0.077920 -8.096002 -0.285766 
726 2.211438 0.000000 0.045359 143.051029 -0.813000 -10.984996 -1.058493 
727 2.089321 0.000000 0.068038 100.689786 -8.517865 -0.017646 -0.021099 
728 2.064897 0.000000 0.068038 100.289017 -12.513720 -1.793748 -0.021770 
729 2.089321 0.000000 0.045359 89.890626 0.502274 -1.670381 0.191663 
730 2.113744 0.000000 0.068038 91.891396 0.625470 -5.932297 0.152039 
731 2.138168 0.000000 0.113397 103.001455 -9.429733 -15.206855 -0.092947 
732 2.138168 0.000000 0.090718 102.629225 -9.439575 -15.151618 -0.085143 
733 2.162591 0.000000 0.113397 99.114782 -8.472922 -11.521851 -0.002828 
734 2.138168 0.000000 0.136077 101.614219 -7.470155 -7.574901 -0.043863 
735 2.101533 0.000000 0.102058 107.999729 -9.008279 -7.950775 -0.180831 
736 2.089321 0.000000 0.102058 106.848741 -8.860311 -5.995102 -0.153110 
737 2.101533 0.000000 0.090718 108.233846 -9.048714 -8.007431 -0.186056 
738 2.113744 0.000000 0.102058 107.197578 -9.249063 -11.664303 -0.171292 
739 2.101533 0.000000 0.113397 108.186385 -9.000448 -7.433798 -0.184056 
740 2.138168 0.000000 -0.068038 100.474600 0.421570 9.462436 -0.018486 
741 2.162591 0.000000 -0.068038 111.016151 0.182586 12.281864 -0.247546 
742 2.138168 0.000000 -0.045359 102.492760 0.239368 6.281544 -0.054428 
743 2.125956 0.000000 -0.102058 103.616074 -8.991780 14.997168 -0.104206 
744 2.125956 0.000000 -0.113397 104.429991 -8.987552 14.251067 -0.118949 
745 2.138168 0.000000 -0.102058 102.280916 -9.049249 15.080937 -0.077071 
746 2.125956 0.000000 -0.090718 104.318182 -8.989813 14.332801 -0.116853 
747 2.138168 0.000000 0.068038 100.235046 0.419493 -9.390867 -0.013543 
748 2.138168 0.000000 0.045359 102.380642 0.267392 -6.157391 -0.051978 
749 2.162591 0.000000 0.068038 110.803640 0.126544 -12.264233 -0.242787 
750 2.125956 0.000000 0.102058 104.185282 -9.390174 -15.097453 -0.117068 
751 2.125956 0.000000 0.090718 104.897862 -9.363180 -14.429900 -0.129945 
752 2.138168 0.000000 0.102058 102.778745 -9.435739 -15.173767 -0.088275 
753 2.125956 0.000000 0.113397 105.012955 -9.359025 -14.348004 -0.132118 
754 2.406827 0.000000 -0.090718 102.469826 -5.135471 -4.501725 -0.054670 
755 2.406827 0.000000 -0.181436 100.095217 -5.129450 -2.265736 -0.005050 
756 2.504521 0.000000 -0.090718 100.688326 -4.946393 -2.867208 -0.017083 
757 2.406827 0.000000 0.000000 104.934765 -6.097638 -0.148441 -0.104851 
758 2.260285 0.000000 -0.136077 91.123360 -5.527721 -2.623280 0.165910 
759 2.260285 0.000000 -0.181436 95.806130 -5.789048 -1.005397 0.078666 
760 2.309132 0.000000 -0.136077 97.717811 -5.003710 -7.400142 0.037143 
761 2.260285 0.000000 -0.090718 72.538147 -7.998440 11.925654 0.453202 
762 2.187015 0.000000 -0.113397 95.493026 -7.487362 10.780412 0.070880 
763 2.187015 0.000000 -0.136077 96.231662 -6.592057 6.689221 0.065127 
764 2.211438 0.000000 -0.113397 90.637506 -6.985283 8.888654 0.165704 
765 2.187015 0.000000 -0.090718 92.450364 -8.827068 16.833104 0.109166 
766 2.150380 0.000000 -0.102058 101.136518 -9.069076 14.910479 -0.053317 
767 2.150380 0.000000 -0.113397 101.550346 -9.072939 14.972080 -0.061895 
768 2.162591 0.000000 -0.102058 98.672545 -9.011761 15.550874 -0.005931 
769 2.150380 0.000000 -0.090718 100.406282 -9.052326 15.090068 -0.039108 
770 2.406827 0.000000 0.090718 102.501993 -5.377450 3.518186 -0.054795 
771 2.504521 0.000000 0.090718 100.713748 -5.118543 1.870103 -0.017296 
772 2.406827 0.000000 0.181436 100.109107 -5.619289 1.769023 -0.005654 
773 2.260285 0.000000 0.136077 91.404309 -5.983280 2.108771 0.160501 
774 2.260285 0.000000 0.090718 73.081007 -8.413742 -12.038271 0.444346 
775 2.309132 0.000000 0.136077 97.855875 -5.479859 6.771626 0.034834 
776 2.260285 0.000000 0.181436 95.944728 -6.199660 0.573564 0.075584 
777 2.187015 0.000000 0.113397 95.811394 -7.979270 -11.063302 0.063411 
778 2.187015 0.000000 0.090718 92.914922 -9.146033 -16.941396 0.099616 
779 2.211438 0.000000 0.113397 90.940173 -7.493366 -9.218045 0.158876 
780 2.187015 0.000000 0.136077 96.530766 -7.085107 -7.043744 0.058200 
781 2.150380 0.000000 0.102058 101.586755 -9.451887 -14.996877 -0.063411 
782 2.150380 0.000000 0.090718 100.861047 -9.434794 -15.178828 -0.049236 
783 2.162591 0.000000 0.102058 99.133480 -9.393261 -15.645058 -0.016045 
784 2.150380 0.000000 0.113397 102.007283 -9.455610 -15.059461 -0.072168 
785 2.260285 0.000000 -0.045359 175.522564 -3.288704 0.332157 -2.081910 
786 2.309132 0.000000 -0.045359 130.437565 -5.872186 -14.530464 -0.725958 
787 2.260285 0.000000 0.000000 161.878596 -3.370629 -0.048799 -1.621604 
788 2.187015 0.000000 -0.068038 124.445132 -0.076095 15.435951 -0.572487 
789 2.211438 0.000000 -0.068038 143.314301 -0.472919 18.344162 -1.087572 
790 2.187015 0.000000 -0.045359 126.844191 -0.333893 9.999987 -0.618956 
791 2.174803 0.000000 -0.102058 95.404352 -8.919109 16.374424 0.055034 
792 2.174803 0.000000 -0.113397 97.200024 -7.734200 11.106658 0.036898 
793 2.187015 0.000000 -0.102058 92.476114 -8.831786 16.837554 0.108666 
794 2.174803 0.000000 -0.090718 95.005128 -8.906479 16.487214 0.062287 
795 2.260285 0.000000 0.045359 175.075312 -3.232959 -0.620005 -2.066220 
796 2.309132 0.000000 0.045359 130.391970 -5.728288 13.922251 -0.722871 
797 2.187015 0.000000 0.068038 124.145621 -0.143011 -15.433922 -0.565036 
798 2.187015 0.000000 0.045359 126.575353 -0.305167 -9.975774 -0.612093 
799 2.211438 0.000000 0.068038 143.003269 -0.576607 -18.412760 -1.078930 
800 2.174803 0.000000 0.102058 95.881803 -9.286284 -16.479439 0.044887 
801 2.174803 0.000000 0.090718 95.485206 -9.272834 -16.593810 0.052124 
802 2.187015 0.000000 0.102058 92.947933 -9.155433 -16.947387 0.098965 
803 2.174803 0.000000 0.113397 97.581309 -8.233684 -11.364971 0.028093 
804 2.235862 0.000000 -0.068038 75.928357 -8.056450 12.488756 0.401401 
805 2.235862 0.000000 -0.090718 77.041639 -8.092251 12.672713 0.383850 
806 2.260285 0.000000 -0.068038 71.138225 -7.971131 11.693095 0.473909 
807 2.235862 0.000000 -0.045359 160.552059 -1.722184 9.397012 -1.586823 
808 2.235862 0.000000 -0.113397 87.117466 -6.353225 4.060400 0.235370 
809 2.235862 0.000000 -0.136077 91.558142 -5.890227 1.861225 0.157895 
810 2.260285 0.000000 -0.113397 84.264375 -5.745899 -3.760494 0.285236 
811 2.223650 0.000000 -0.079378 82.426567 -8.314147 14.127026 0.293716 
812 2.211438 0.000000 -0.079378 88.106467 -8.589911 15.846394 0.191236 
813 2.223650 0.000000 -0.090718 82.434552 -8.307630 14.027721 0.293875 
814 2.235862 0.000000 -0.079378 76.905341 -8.087717 12.650202 0.386013 
815 2.223650 0.000000 -0.068038 153.479432 -0.833777 16.872977 -1.384133 
816 2.235862 0.000000 0.068038 76.446330 -8.454385 -12.596348 0.392581 
817 2.235862 0.000000 0.045359 160.245154 -1.710669 -9.501789 -1.577172 
818 2.260285 0.000000 0.068038 71.701304 -8.433146 -11.808996 0.464835 
819 2.235862 0.000000 0.090718 77.542135 -8.496557 -12.777323 0.375177 
820 2.235862 0.000000 0.113397 87.442611 -6.862692 -4.472102 0.228669 
821 2.260285 0.000000 0.113397 84.626762 -6.233439 3.197916 0.278923 
822 2.235862 0.000000 0.136077 91.846838 -6.364976 -2.304361 0.151834 
823 2.223650 0.000000 0.079378 82.861798 -8.686025 -14.223513 0.285617 
824 2.211438 0.000000 0.079378 88.504077 -8.886837 -15.940528 0.183395 
825 2.223650 0.000000 0.068038 153.127851 -0.915320 -16.953873 -1.373641 
826 2.235862 0.000000 0.079378 77.408121 -8.491895 -12.755201 0.377318 
827 2.223650 0.000000 0.090718 82.864648 -8.683005 -14.122801 0.285860 
828 2.357979 0.000000 -0.045359 110.101465 -6.081245 -4.948011 -0.218380 
829 2.357979 0.000000 -0.090718 104.899454 -5.104078 -7.145985 -0.108101 
830 2.406827 0.000000 -0.045359 104.259256 -6.169150 -2.609578 -0.091486 
831 2.357979 0.000000 0.000000 112.138865 -5.993711 -0.124784 -0.261107 
832 2.284709 0.000000 -0.068038 155.705721 -5.238030 -50.740492 -1.684631 
833 2.284709 0.000000 -0.090718 89.500808 -5.362876 -36.249253 0.064684 
834 2.309132 0.000000 -0.068038 119.988890 -5.669234 -21.101268 -0.487474 
835 2.284709 0.000000 -0.045359 159.176018 -5.037032 -17.755423 -1.567763 
836 2.248074 0.000000 -0.079378 74.246632 -8.019185 12.209884 0.427405 
837 2.248074 0.000000 -0.090718 74.550799 -8.026598 12.260286 0.422744 
838 2.260285 0.000000 -0.079378 71.666449 -7.985237 11.780698 0.466137 
839 2.248074 0.000000 -0.068038 73.649678 -8.008689 12.110747 0.436492 
840 2.357979 0.000000 0.045359 110.106118 -5.947354 4.394491 -0.217804 
841 2.406827 0.000000 0.045359 104.275289 -6.021734 2.045564 -0.091378 
842 2.357979 0.000000 0.090718 104.983492 -5.355766 6.190820 -0.108854 
843 2.284709 0.000000 0.068038 155.335285 -5.285323 49.422514 -1.659957 
844 2.284709 0.000000 0.045359 158.931550 -4.915024 17.190722 -1.557892 
845 2.309132 0.000000 0.068038 119.978500 -5.698681 20.154721 -0.483353 
846 2.284709 0.000000 0.090718 89.841951 -5.767837 35.101112 0.066307 
847 2.248074 0.000000 0.079378 74.780839 -8.409057 -12.320480 0.418532 
848 2.248074 0.000000 0.068038 74.188395 -8.401065 -12.222245 0.427612 
849 2.260285 0.000000 0.079378 72.217939 -8.424917 -11.894865 0.457210 
850 2.248074 0.000000 0.090718 75.081761 -8.419250 -12.370298 0.413882 
851 5.044566 0.000000 -0.725744 99.738678 -7.189976 -0.190161 0.000046 
852 5.044566 0.000000 -1.451487 99.749388 -7.038618 -0.043391 0.000052 
853 5.826119 0.000000 -0.725744 99.741908 -7.171556 -0.213108 0.000008 
854 5.044566 0.000000 0.000000 99.883755 -5.117687 -2.666718 -0.001007 
855 3.872238 0.000000 -0.362872 99.725226 -7.337849 0.202228 0.000099 
856 3.872238 0.000000 -0.725744 99.733657 -7.224165 -0.147575 0.000099 
857 4.263014 0.000000 -0.362872 99.711591 -7.554871 0.226462 0.000047 
858 3.872238 0.000000 0.000000 99.948117 -4.148597 -2.651123 -0.001387 
859 5.044566 0.000000 0.725744 99.727272 -7.362727 0.117998 0.000025 
860 5.826119 0.000000 0.725744 99.729788 -7.348699 0.159438 -0.000006 
861 5.044566 0.000000 1.451487 99.745976 -7.105180 0.014804 0.000026 
862 3.872238 0.000000 0.362872 99.696496 -7.751229 -0.364212 0.000039 
863 4.263014 0.000000 0.362872 99.683490 -7.971899 -0.347051 -0.000047 
864 3.872238 0.000000 0.725744 99.722585 -7.385711 0.054079 0.000085 
865 3.676849 0.000000 -0.181436 99.937012 -4.270817 0.785010 -0.000626 
866 3.481461 0.000000 -0.181436 99.931375 -4.323460 0.437050 -0.000516 
867 3.676849 0.000000 -0.362872 99.728975 -7.249510 0.159887 0.000155 
868 3.872238 0.000000 -0.181436 99.941556 -4.242454 1.124473 -0.000758 
869 3.676849 0.000000 0.000000 99.894122 -4.884098 0.689068 -0.000316 
870 4.653790 0.000000 -0.362872 99.695105 -7.800588 0.136810 0.000002 
871 4.653790 0.000000 -0.725744 99.737058 -7.200648 -0.177363 0.000064 
872 5.044566 0.000000 -0.362872 99.681843 -8.003210 -0.097442 -0.000053 
873 4.653790 0.000000 0.000000 99.871266 -5.283697 -2.403992 -0.000797 
874 4.067626 0.000000 -0.181436 99.944204 -4.218343 1.447908 -0.000873 
875 4.067626 0.000000 -0.362872 99.719025 -7.439772 0.227211 0.000071 
876 4.263014 0.000000 -0.181436 99.946950 -4.190599 1.751176 -0.001002 
877 4.067626 0.000000 0.000000 99.900564 -4.842372 -2.256877 -0.000866 
878 4.653790 0.000000 0.362872 99.667671 -8.199675 -0.207989 -0.000092 
879 5.044566 0.000000 0.362872 99.656580 -8.369415 0.059590 -0.000148 
880 4.653790 0.000000 0.725744 99.726129 -7.369917 0.096119 0.000037 
881 4.067626 0.000000 0.181436 99.893534 -4.943787 -1.793257 -0.000637 
882 3.872238 0.000000 0.181436 99.891674 -4.957258 -1.501614 -0.000518 
883 4.263014 0.000000 0.181436 99.895925 -4.925738 -2.066204 -0.000773 
884 4.067626 0.000000 0.362872 99.690032 -7.855955 -0.366077 0.000005 
885 3.969932 0.000000 -0.090718 99.971557 -3.820412 0.290734 -0.000899 
886 3.872238 0.000000 -0.090718 99.942987 -4.221705 1.561629 -0.000886 
887 3.969932 0.000000 -0.181436 99.942913 -4.230259 1.288347 -0.000814 
888 4.067626 0.000000 -0.090718 100.186196 -0.757727 2.214805 -0.004275 
889 3.969932 0.000000 0.000000 99.916481 -4.608196 -2.172761 -0.000926 
890 4.458402 0.000000 -0.181436 99.949446 -4.155533 2.035774 -0.001130 
891 4.458402 0.000000 -0.362872 99.703245 -7.675276 0.199130 0.000031 
892 4.653790 0.000000 -0.181436 99.951898 -4.129136 2.291772 -0.001268 
893 4.458402 0.000000 0.000000 99.872744 -5.254216 -2.332437 -0.000761 
894 8.952329 0.000000 -1.451487 99.753393 -7.015355 -0.061111 0.000004 
895 8.952329 0.000000 -2.902975 99.755552 -6.984590 -0.010777 0.000005 
896 10.515434 0.000000 -1.451487 99.754231 -7.004621 -0.064243 0.000002 
897 8.952329 0.000000 0.000000 99.836518 -5.826905 0.378096 -0.000143 
898 6.607671 0.000000 -0.725744 99.744677 -7.135060 -0.231697 0.000004 
899 6.607671 0.000000 -1.451487 99.751981 -7.030749 -0.051917 0.000011 
900 7.389224 0.000000 -0.725744 99.747207 -7.101411 -0.244662 0.000000 
901 6.607671 0.000000 0.000000 99.902502 -4.878506 1.439239 -0.000638 
902 5.435343 0.000000 -0.362872 99.678261 -8.062395 -0.428039 -0.000094 
903 5.435343 0.000000 -0.725744 99.740107 -7.177514 -0.202159 0.000035 
904 5.826119 0.000000 -0.362872 99.686922 -7.958402 -0.738854 -0.000136 
905 5.435343 0.000000 0.000000 99.949123 -4.190275 -3.369002 -0.001874 
906 4.849178 0.000000 -0.181436 99.952222 -4.131670 2.507738 -0.001381 
907 4.849178 0.000000 -0.362872 99.687645 -7.914525 0.037001 -0.000027 
908 5.044566 0.000000 -0.181436 99.947367 -4.206893 2.667134 -0.001429 
909 4.849178 0.000000 0.000000 99.873783 -5.254652 -2.504605 -0.000866 
910 8.952329 0.000000 1.451487 99.748213 -7.090367 0.052348 0.000002 
911 10.515434 0.000000 1.451487 99.749038 -7.079431 0.062489 0.000001 
912 8.952329 0.000000 2.902975 99.753431 -7.016592 0.006655 0.000002 
913 6.607671 0.000000 0.725744 99.732209 -7.314848 0.195985 -0.000006 
914 7.389224 0.000000 0.725744 99.734750 -7.280476 0.225375 -0.000008 
915 6.607671 0.000000 1.451487 99.747099 -7.103234 0.032287 0.000006 
916 5.435343 0.000000 0.362872 99.655310 -8.394445 0.396291 -0.000180 
917 5.826119 0.000000 0.362872 99.664842 -8.276111 0.697133 -0.000206 
918 5.435343 0.000000 0.725744 99.728354 -7.353083 0.138941 0.000017 
919 4.849178 0.000000 0.181436 99.900510 -4.874042 -2.649919 -0.001089 
920 4.653790 0.000000 0.181436 99.900003 -4.874672 -2.504956 -0.001005 
921 5.044566 0.000000 0.181436 99.896686 -4.934136 -2.737604 -0.001119 
922 4.849178 0.000000 0.362872 99.661181 -8.298757 -0.088551 -0.000123 
923 4.751484 0.000000 -0.090718 100.026181 -3.071337 0.550000 -0.001497 
924 4.653790 0.000000 -0.090718 100.009917 -3.300202 0.790664 -0.001350 
925 4.751484 0.000000 -0.181436 99.952487 -4.124480 2.405584 -0.001330 
926 4.849178 0.000000 -0.090718 100.040061 -2.876216 0.348296 -0.001641 
927 4.751484 0.000000 0.000000 99.871907 -5.278180 -2.449288 -0.000826 
928 5.239954 0.000000 -0.181436 99.931838 -4.433771 2.841027 -0.001410 
929 5.239954 0.000000 -0.362872 99.678534 -8.055351 -0.257447 -0.000077 
930 5.435343 0.000000 -0.181436 100.001081 -3.446443 -0.029603 -0.001210 
931 5.239954 0.000000 0.000000 99.909409 -4.755474 -2.942078 -0.001316 
932 6.216895 0.000000 -0.362872 99.702391 -7.734902 -0.947813 -0.000129 
933 6.216895 0.000000 -0.725744 99.742964 -7.151331 -0.225463 0.000015 
934 6.607671 0.000000 -0.362872 99.719828 -7.490531 -1.036036 -0.000123 
935 6.216895 0.000000 0.000000 99.910455 -4.763166 2.193681 -0.000960 
936 5.630731 0.000000 -0.181436 100.152372 -1.285594 -3.264178 -0.004281 
937 5.630731 0.000000 -0.362872 99.681158 -8.023901 -0.592609 -0.000107 
938 5.826119 0.000000 -0.181436 100.071400 -2.460535 -3.162091 -0.003034 
939 5.630731 0.000000 0.000000 99.489066 -10.771448 -4.992195 -0.003902 
940 6.216895 0.000000 0.362872 99.680145 -8.060600 0.895230 -0.000191 
941 6.607671 0.000000 0.362872 99.696063 -7.831127 0.996583 -0.000162 
942 6.216895 0.000000 0.725744 99.731390 -7.331668 0.176104 -0.000013 
943 6.021507 0.000000 -0.181436 100.018796 -3.214027 -2.946633 -0.002277 
944 6.021507 0.000000 -0.362872 99.694142 -7.856421 -0.857479 -0.000138 
945 6.216895 0.000000 -0.181436 99.979337 -3.776247 -2.668647 -0.001725 
946 6.021507 0.000000 0.000000 99.912423 -4.735598 2.833244 -0.001295 
947 5.630731 0.000000 0.181436 100.013355 -3.274686 2.871291 -0.002164 
948 5.435343 0.000000 0.181436 100.330623 1.264345 9.646468 -0.016089 
949 5.826119 0.000000 0.181436 99.958216 -4.080042 2.887120 -0.001663 
950 5.630731 0.000000 0.362872 99.658804 -8.345906 0.557112 -0.000184 
951 5.728425 0.000000 -0.090718 100.059121 -2.621031 -0.166349 -0.001873 
952 5.630731 0.000000 -0.090718 100.065694 -2.525408 -0.174057 -0.001955 
953 5.728425 0.000000 -0.181436 100.103266 -1.989468 -3.232435 -0.003507 
954 5.826119 0.000000 -0.090718 100.051468 -2.745838 -0.156559 -0.001786 
955 5.728425 0.000000 0.000000 99.762836 -6.858125 5.838383 -0.003374 
956 3.286073 0.000000 -0.181436 99.920352 -4.410538 0.094287 -0.000354 
957 3.090685 0.000000 -0.181436 99.892003 -4.511049 -0.191565 0.000120 
958 3.286073 0.000000 -0.362872 99.734720 -7.131465 0.044525 0.000213 
959 3.286073 0.000000 0.000000 99.827162 -5.764239 0.281482 0.000123 
960 2.895297 0.000000 -0.181436 99.892457 -4.668973 -0.416496 -0.000048 
961 2.895297 0.000000 -0.362872 99.740812 -7.096744 -0.109684 0.000139 
962 2.895297 0.000000 0.000000 99.862416 -5.860609 0.044565 -0.000685 
963 3.286073 0.000000 0.181436 99.878103 -5.059095 -0.579426 -0.000157 
964 3.090685 0.000000 0.181436 99.870135 -5.106932 -0.322763 -0.000023 
965 3.481461 0.000000 0.181436 99.884549 -5.004027 -0.885044 -0.000275 
966 3.286073 0.000000 0.362872 99.709262 -7.520115 -0.265650 0.000144 
967 3.188379 0.000000 -0.090718 99.663186 -8.163510 -6.333655 -0.003951 
968 3.090685 0.000000 -0.090718 99.761353 -6.483365 -5.329529 -0.002277 
969 3.188379 0.000000 -0.181436 99.905776 -4.453700 -0.068517 -0.000100 
970 3.286073 0.000000 -0.090718 99.235152 -14.199825 -6.132872 -0.008686 
971 3.188379 0.000000 0.000000 99.834814 -5.812736 0.210359 -0.000082 
972 2.895297 0.000000 0.181436 99.882903 -5.216652 -0.094306 -0.000382 
973 2.895297 0.000000 0.362872 99.734710 -7.437944 -0.161494 -0.000236 
974 2.992991 0.000000 -0.090718 99.811721 -5.756011 -4.418450 -0.001503 
975 2.895297 0.000000 -0.090718 99.843224 -5.376767 -3.776700 -0.001184 
976 2.992991 0.000000 -0.181436 99.887077 -4.587970 -0.316900 0.000142 
977 2.992991 0.000000 0.000000 99.849404 -5.872748 0.094464 -0.000440 
978 3.188379 0.000000 0.090718 99.866960 -5.247852 3.378574 -0.001236 
979 3.090685 0.000000 0.090718 99.873107 -5.113665 4.013081 -0.001689 
980 3.286073 0.000000 0.090718 98.551015 -24.013366 12.210982 -0.043805 
981 3.188379 0.000000 0.181436 99.874230 -5.076975 -0.443267 -0.000083 
982 3.139532 0.000000 -0.045359 99.774606 -6.889882 -0.550604 -0.000275 
983 3.090685 0.000000 -0.045359 99.781835 -6.797003 -0.618212 -0.000300 
984 3.139532 0.000000 -0.090718 99.729980 -7.062744 -5.661146 -0.002800 
985 3.188379 0.000000 -0.045359 99.756276 -6.983291 -0.477488 -0.000031 
986 3.139532 0.000000 0.000000 99.839839 -5.830915 0.179776 -0.000203 
987 3.676849 0.000000 0.181436 99.888234 -4.972393 -1.196458 -0.000382 
988 3.676849 0.000000 0.362872 99.700924 -7.657012 -0.344192 0.000098 
989 3.579155 0.000000 -0.090718 99.892470 -4.894098 2.172920 -0.000718 
990 3.481461 0.000000 -0.090718 99.711448 -7.464289 3.761499 -0.001224 
991 3.579155 0.000000 -0.181436 99.934579 -4.293415 0.611400 -0.000573 
992 3.676849 0.000000 -0.090718 99.992850 -3.471669 2.150010 -0.001525 
993 3.579155 0.000000 0.000000 99.869366 -5.225133 0.421059 -0.000137 
994 3.774543 0.000000 -0.090718 99.967665 -3.846412 2.350255 -0.001385 
995 3.774543 0.000000 -0.181436 99.939944 -4.253806 0.963105 -0.000701 
996 3.774543 0.000000 0.000000 100.089504 -2.101449 1.662610 -0.002509 
997 3.579155 0.000000 0.090718 100.016914 -3.117627 -2.225971 -0.001806 
998 3.481461 0.000000 0.090718 99.958336 -3.940784 -2.772567 -0.001489 
999 3.676849 0.000000 0.090718 100.009876 -3.230353 -2.299365 -0.001770 
1000 3.579155 0.000000 0.181436 99.886532 -4.986096 -1.040632 -0.000326 
1001 3.628002 0.000000 -0.045359 99.674357 -8.019932 -0.065943 0.000070 
1002 3.579155 0.000000 -0.045359 99.676222 -7.986564 -0.004847 0.000087 
1003 3.628002 0.000000 -0.090718 99.956417 -3.986226 1.935600 -0.001092 
1004 3.676849 0.000000 -0.045359 99.676605 -7.994211 -0.145634 0.000065 
1005 3.628002 0.000000 0.000000 99.879473 -5.087246 0.495907 -0.000204 
1006 4.165320 0.000000 -0.090718 99.953984 -4.085859 2.213388 -0.001239 
1007 4.165320 0.000000 -0.181436 99.945568 -4.204970 1.600374 -0.000936 
1008 4.263014 0.000000 -0.090718 99.899286 -4.873307 1.533167 -0.000597 
1009 4.165320 0.000000 0.000000 99.886948 -5.045918 -2.284915 -0.000808 
1010 3.969932 0.000000 0.090718 99.999334 -3.423771 -2.204809 -0.001645 
1011 3.872238 0.000000 0.090718 100.018522 -3.142316 -2.034028 -0.001772 
1012 4.067626 0.000000 0.090718 100.026611 -3.040134 -1.392848 -0.001651 
1013 3.969932 0.000000 0.181436 99.892624 -4.950501 -1.649610 -0.000577 
1014 4.018779 0.000000 -0.045359 99.751840 -6.965863 -0.521982 0.000077 
1015 3.969932 0.000000 -0.045359 99.739874 -7.133596 -0.473205 0.000085 
1016 4.018779 0.000000 -0.090718 100.067978 -2.444996 -0.425060 -0.001976 
1017 4.067626 0.000000 -0.045359 99.763868 -6.797054 -0.578158 0.000064 
1018 4.018779 0.000000 0.000000 99.909200 -4.715701 -2.213595 -0.000899 
1019 4.458402 0.000000 0.181436 99.897822 -4.897995 -2.306021 -0.000888 
1020 4.458402 0.000000 0.362872 99.675204 -8.084606 -0.293792 -0.000059 
1021 4.360708 0.000000 -0.090718 99.929793 -4.438548 1.856637 -0.000911 
1022 4.360708 0.000000 -0.181436 99.948398 -4.173025 1.900037 -0.001071 
1023 4.458402 0.000000 -0.090718 99.968608 -3.882381 1.435542 -0.001086 
1024 4.360708 0.000000 0.000000 99.875154 -5.219466 -2.302240 -0.000759 
1025 4.556096 0.000000 -0.090718 99.991215 -3.563509 1.076425 -0.001210 
1026 4.556096 0.000000 -0.181436 99.950802 -4.140583 2.167809 -0.001201 
1027 4.556096 0.000000 0.000000 99.871571 -5.275300 -2.365504 -0.000776 
1028 4.946872 0.000000 -0.090718 100.051591 -2.714304 0.184146 -0.001772 
1029 4.946872 0.000000 -0.181436 99.950656 -4.157063 2.595980 -0.001415 
1030 5.044566 0.000000 -0.090718 100.060778 -2.585682 0.055772 -0.001885 
1031 4.946872 0.000000 0.000000 99.877440 -5.205282 -2.574902 -0.000923 
1032 5.239954 0.000000 0.181436 99.891222 -5.016679 -2.744260 -0.001095 
1033 5.239954 0.000000 0.362872 99.654539 -8.402920 0.225826 -0.000169 
1034 5.142260 0.000000 -0.090718 100.067574 -2.490913 -0.039746 -0.001973 
1035 5.142260 0.000000 -0.181436 99.942406 -4.280261 2.725376 -0.001423 
1036 5.239954 0.000000 -0.090718 100.071928 -2.430974 -0.105958 -0.002031 
1037 5.142260 0.000000 0.000000 99.893959 -4.974104 -2.787352 -0.001131 
1038 5.337648 0.000000 -0.090718 100.073820 -2.405900 -0.147553 -0.002058 
1039 5.337648 0.000000 -0.181436 99.874217 -5.259370 2.527920 -0.000891 
1040 5.435343 0.000000 -0.090718 100.073262 -2.414689 -0.169403 -0.002052 
1041 5.337648 0.000000 0.000000 99.930226 -4.459760 -3.128089 -0.001572 
1042 5.826119 0.000000 -4.354462 99.755775 -6.978309 -0.002882 0.000009 
1043 5.826119 0.000000 -5.805950 99.756098 -6.975789 -0.001355 0.000006 
1044 7.389224 0.000000 -4.354462 99.755956 -6.977767 -0.003346 0.000006 
1045 5.044566 0.000000 -2.177231 99.752764 -6.998790 -0.015495 0.000040 
1046 4.263014 0.000000 -2.177231 99.751176 -7.002781 -0.013780 0.000066 
1047 5.044566 0.000000 -2.902975 99.752514 -6.985878 -0.009855 0.000063 
1048 5.826119 0.000000 -2.177231 99.753434 -7.000367 -0.018159 0.000025 
1049 5.435343 0.000000 -1.088616 99.747143 -7.081817 -0.088444 0.000035 
1050 5.044566 0.000000 -1.088616 99.745963 -7.084493 -0.084707 0.000055 
1051 5.435343 0.000000 -1.451487 99.750270 -7.034689 -0.045363 0.000039 
1052 5.826119 0.000000 -1.088616 99.748098 -7.082866 -0.093816 0.000014 
1053 5.630731 0.000000 -0.544308 99.732224 -7.293536 -0.322260 0.000018 
1054 5.435343 0.000000 -0.544308 99.731230 -7.304566 -0.306287 0.000023 
1055 5.630731 0.000000 -0.725744 99.740906 -7.169484 -0.207441 0.000031 
1056 5.826119 0.000000 -0.544308 99.733568 -7.291035 -0.338465 -0.000006 
1057 5.728425 0.000000 -0.272154 99.562216 -9.726609 -3.321315 -0.001827 
1058 5.630731 0.000000 -0.272154 99.521341 -10.309502 -3.207119 -0.002107 
1059 5.728425 0.000000 -0.362872 99.683588 -7.990803 -0.668699 -0.000112 
1060 5.826119 0.000000 -0.272154 99.600438 -9.195346 -3.341863 -0.001597 
1061 5.533037 0.000000 -0.272154 99.479173 -10.913179 -3.057778 -0.002455 
1062 5.435343 0.000000 -0.272154 99.422707 -11.717329 -3.018974 -0.003128 
1063 5.533037 0.000000 -0.362872 99.679347 -8.050604 -0.511027 -0.000105 
1064 5.533037 0.000000 -0.181436 100.213780 -0.407918 -1.910137 -0.004662 
1065 5.239954 0.000000 -0.544308 99.730406 -7.312333 -0.289981 0.000029 
1066 5.044566 0.000000 -0.544308 99.729720 -7.317964 -0.273586 0.000036 
1067 5.239954 0.000000 -0.725744 99.739381 -7.183232 -0.196238 0.000042 
1068 5.337648 0.000000 -0.272154 99.302782 -13.430556 -2.792432 -0.004922 
1069 5.239954 0.000000 -0.272154 99.130630 -15.891252 -0.093246 -0.007942 
1070 5.337648 0.000000 -0.362872 99.677995 -8.064222 -0.342365 -0.000085 
1071 5.533037 0.000000 -0.090718 100.070434 -2.457883 -0.175644 -0.002016 
1072 5.533037 0.000000 0.000000 99.925006 -4.537548 -3.997287 -0.002157 
1073 5.484190 0.000000 -0.226795 100.043694 -2.837783 1.233325 -0.001831 
1074 5.435343 0.000000 -0.226795 100.041633 -2.866228 1.674295 -0.001935 
1075 5.484190 0.000000 -0.272154 99.454837 -11.258835 -3.020284 -0.002715 
1076 5.533037 0.000000 -0.226795 100.038193 -2.918685 0.838058 -0.001686 
1077 5.484190 0.000000 -0.181436 100.138297 -1.485284 -0.674520 -0.003034 
1078 4.556096 0.000000 0.090718 99.909116 -4.739344 -2.583433 -0.001097 
1079 4.458402 0.000000 0.090718 99.904187 -4.805716 -2.854119 -0.001209 
1080 4.653790 0.000000 0.090718 99.911425 -4.710348 -2.333524 -0.000993 
1081 4.556096 0.000000 0.181436 99.898998 -4.885160 -2.411188 -0.000949 
1082 4.946872 0.000000 0.090718 99.907446 -4.776922 -1.620868 -0.000694 
1083 4.849178 0.000000 0.090718 99.910366 -4.732284 -1.856114 -0.000792 
1084 5.044566 0.000000 0.090718 99.903244 -4.839664 -1.384384 -0.000600 
1085 4.946872 0.000000 0.181436 99.899375 -4.893084 -2.699768 -0.001112 
1086 5.826119 0.000000 4.354462 99.754997 -6.995657 -0.000332 0.000000 
1087 7.389224 0.000000 4.354462 99.754884 -6.996639 0.000647 0.000001 
1088 5.826119 0.000000 5.805950 99.755650 -6.987745 -0.000444 -0.000002 
1089 5.044566 0.000000 2.177231 99.751108 -7.037755 0.001665 0.000019 
1090 4.263014 0.000000 2.177231 99.751437 -7.037348 -0.002606 0.000013 
1091 5.826119 0.000000 2.177231 99.752615 -7.044532 0.003114 -0.000021 
1092 5.044566 0.000000 2.902975 99.753654 -7.017759 -0.000750 -0.000004 
1093 5.435343 0.000000 1.088616 99.740211 -7.183740 0.050210 0.000028 
1094 5.044566 0.000000 1.088616 99.740050 -7.183873 0.040514 0.000031 
1095 5.826119 0.000000 1.088616 99.741324 -7.185240 0.057796 0.000004 
1096 5.435343 0.000000 1.451487 99.746117 -7.103484 0.019609 0.000025 
1097 5.630731 0.000000 0.544308 99.714942 -7.544140 0.257205 -0.000005 
1098 5.435343 0.000000 0.544308 99.714139 -7.554697 0.233290 -0.000004 
1099 5.826119 0.000000 0.544308 99.716276 -7.541209 0.280083 -0.000028 
1100 5.630731 0.000000 0.725744 99.728854 -7.346393 0.149562 0.000016 
1101 5.533037 0.000000 0.272154 99.494961 -10.688109 2.836507 -0.002153 
1102 5.435343 0.000000 0.272154 99.450322 -11.325284 2.722463 -0.002604 
1103 5.533037 0.000000 0.181436 100.024490 -3.115162 3.095646 -0.002419 
1104 5.630731 0.000000 0.272154 99.532611 -10.150103 2.931075 -0.001836 
1105 5.533037 0.000000 0.362872 99.656584 -8.377058 0.479516 -0.000184 
1106 -8.241827 0.000000 -8.708925 99.756378 -6.975383 -0.000056 0.000001 
1107 -11.368037 0.000000 -8.708925 99.756393 -6.975454 -0.000037 0.000001 
1108 -8.241827 0.000000 -11.611899 99.756394 -6.975309 -0.000050 0.000001 
1109 10.515434 0.000000 -8.708925 99.756426 -6.974023 -0.000613 0.000002 
1110 10.515434 0.000000 -11.611899 99.756449 -6.974056 -0.000281 0.000001 
1111 13.641644 0.000000 -8.708925 99.756474 -6.973796 -0.000649 0.000001 
1112 -8.241827 0.000000 8.708925 99.756416 -6.976295 -0.000029 -0.000001 
1113 -11.368037 0.000000 8.708925 99.756407 -6.976066 -0.000025 -0.000001 
1114 -8.241827 0.000000 11.611899 99.756413 -6.976330 -0.000037 -0.000001 
1115 -3.552511 0.000000 -4.354462 99.756148 -6.975699 -0.000261 0.000005 
1116 -5.115617 0.000000 -4.354462 99.756245 -6.975606 -0.000134 0.000003 
1117 -3.552511 0.000000 -5.805950 99.756257 -6.975482 -0.000213 0.000003 
1118 10.515434 0.000000 8.708925 99.755908 -6.982960 0.000148 -0.000000 
1119 13.641644 0.000000 8.708925 99.755870 -6.983281 0.000450 0.000000 
1120 10.515434 0.000000 11.611899 99.756106 -6.980318 0.000014 -0.000001 
1121 -3.552511 0.000000 4.354462 99.756448 -6.977194 0.000084 -0.000003 
1122 -5.115617 0.000000 4.354462 99.756400 -6.976637 0.000030 -0.000001 
1123 -3.552511 0.000000 5.805950 99.756497 -6.977200 0.000003 -0.000004 
1124 -1.207854 0.000000 -2.177231 99.759856 -6.980769 -0.007542 -0.000076 
1125 -1.989406 0.000000 -2.177231 99.754415 -6.972140 -0.000025 0.000045 
1126 -1.207854 0.000000 -2.902975 99.754449 -6.975251 -0.000659 0.000040 
1127 3.481461 0.000000 -2.177231 99.749286 -7.004847 -0.011694 0.000101 
1128 3.481461 0.000000 -2.902975 99.752656 -6.989369 -0.004877 0.000056 
1129 -1.207854 0.000000 2.177231 99.761858 -6.982217 0.008161 -0.000118 
1130 -1.989406 0.000000 2.177231 99.756064 -6.967711 0.001739 0.000018 
1131 -1.207854 0.000000 2.902975 99.760936 -6.972407 0.006065 -0.000086 
1132 -0.817078 0.000000 -1.088616 99.743572 -6.981664 -0.005811 0.000248 
1133 -1.207854 0.000000 -1.088616 99.747127 -6.984810 0.005246 0.000172 
1134 -0.817078 0.000000 -1.451487 99.756204 -6.980213 -0.013087 -0.000002 
1135 3.481461 0.000000 2.177231 99.749217 -7.034926 -0.004062 0.000060 
1136 3.481461 0.000000 2.902975 99.755476 -7.006641 -0.005128 -0.000025 
1137 -0.230913 0.000000 -0.544308 99.642202 -7.020557 0.039820 0.002214 
1138 -0.426301 0.000000 -0.544308 99.717924 -7.002872 0.036284 0.000729 
1139 -0.230913 0.000000 -0.725744 99.669262 -7.024231 -0.005101 0.001670 
1140 0.941416 0.000000 -0.544308 99.780334 -7.236412 -0.001378 -0.000848 
1141 0.941416 0.000000 -0.725744 99.750681 -7.115726 -0.000093 -0.000083 
1142 -0.817078 0.000000 1.088616 99.745845 -6.983894 0.005295 0.000199 
1143 -1.207854 0.000000 1.088616 99.751056 -6.984574 0.000882 0.000094 
1144 -0.817078 0.000000 1.451487 99.757888 -6.986500 0.013511 -0.000045 
1145 -0.230913 0.000000 0.544308 99.655680 -7.032009 -0.030014 0.001930 
1146 -0.426301 0.000000 0.544308 99.731445 -7.011850 -0.017942 0.000447 
1147 -0.230913 0.000000 0.725744 99.691783 -7.024458 0.020925 0.001220 
1148 -0.133219 0.000000 -0.272154 99.672092 -7.176516 0.547452 0.001367 
1149 -0.230913 0.000000 -0.272154 99.811481 -7.000664 0.419205 -0.001152 
1150 -0.133219 0.000000 -0.362872 99.446217 -7.094556 0.237353 0.006006 
1151 0.941416 0.000000 0.544308 99.823707 -7.240478 -0.025838 -0.001720 
1152 0.941416 0.000000 0.725744 99.790942 -7.125145 -0.019385 -0.000900 
1153 -0.133219 0.000000 0.272154 99.662009 -7.219330 -0.565130 0.001505 
1154 -0.230913 0.000000 0.272154 99.809987 -6.965272 -0.414990 -0.001072 
1155 -0.133219 0.000000 0.362872 99.455672 -7.094557 -0.230599 0.005818 
1156 0.037745 0.000000 -0.113397 88.578215 -8.856743 -1.919981 0.207177 
1157 0.013322 0.000000 -0.113397 87.733587 -8.441297 4.279952 0.221324 
1158 0.037745 0.000000 -0.136077 92.677914 -8.289382 -0.895997 0.134129 
1159 0.648333 0.000000 -0.272154 101.470098 -11.186435 0.000534 -0.042132 
1160 0.648333 0.000000 -0.362872 99.809653 -7.537850 0.114360 -0.001880 
1161 0.746027 0.000000 -0.272154 102.480547 -10.276664 0.002026 -0.060787 
1162 0.648333 0.000000 0.272154 101.485641 -11.174995 -0.000163 -0.042422 
1163 0.746027 0.000000 0.272154 102.484699 -10.289740 -0.003591 -0.060899 
1164 0.648333 0.000000 0.362872 99.844917 -7.543794 -0.130134 -0.002593 
1165 0.037745 0.000000 0.113397 88.518372 -8.873720 1.919135 0.208207 
1166 0.013322 0.000000 0.113397 87.681959 -8.462581 -4.295692 0.222181 
1167 0.037745 0.000000 0.136077 92.632837 -8.305612 0.901149 0.134936 
1168 0.098804 0.000000 -0.079378 92.548595 -12.457576 -15.418116 0.104185 
1169 0.098804 0.000000 -0.090718 92.664390 -12.549148 -15.498620 0.101562 
1170 0.098804 0.000000 -0.068038 92.540932 -12.446277 -15.409263 0.104382 
1171 0.098804 0.000000 0.079378 92.484859 -12.417391 15.408131 0.105495 
1172 0.098804 0.000000 0.068038 92.478661 -12.402858 15.399470 0.105672 
1173 0.098804 0.000000 0.090718 92.581738 -12.559246 15.486403 0.103106 
1174 0.233134 0.000000 -0.068038 86.263806 -0.081704 -6.320566 0.251860 
1175 0.233134 0.000000 -0.045359 87.711484 -0.065441 -4.761525 0.228402 
1176 0.184287 0.000000 -0.113397 99.780410 -11.203160 -9.870600 -0.017907 
1177 0.184287 0.000000 -0.136077 99.310139 -9.909831 -7.699538 -0.001999 
1178 0.233134 0.000000 0.068038 86.307029 -0.063735 6.336710 0.251094 
1179 0.233134 0.000000 0.045359 87.728788 -0.058899 4.796853 0.228065 
1180 0.184287 0.000000 0.113397 99.739714 -11.173226 9.882206 -0.017051 
1181 0.184287 0.000000 0.136077 99.307388 -9.855645 7.698726 -0.001836 
1182 0.501792 0.000000 -0.045359 100.412630 -8.036917 -0.003234 -0.014729 
1183 0.550639 0.000000 -0.045359 101.480950 -6.752921 -0.005198 -0.034399 
1184 0.501792 0.000000 0.000000 101.482190 -6.532409 -0.005227 -0.034131 
1185 0.501792 0.000000 0.045359 100.418595 -8.032291 -0.005384 -0.014841 
1186 0.550639 0.000000 0.045359 101.483102 -6.751808 -0.004761 -0.034441 
1187 0.428522 0.000000 -0.068038 99.124633 -10.849550 0.000385 0.005659 
1188 0.452945 0.000000 -0.068038 99.272263 -9.348602 -0.000586 0.005762 
1189 0.428522 0.000000 -0.045359 99.296718 -11.604638 0.000111 0.000549 
1190 0.367463 0.000000 -0.102058 105.144113 -12.605480 -3.274827 -0.122491 
1191 0.367463 0.000000 -0.113397 105.175053 -12.615685 -2.767390 -0.122861 
1192 0.367463 0.000000 -0.090718 105.458043 -12.609245 -3.016817 -0.128949 
1193 0.428522 0.000000 0.068038 99.139529 -10.838136 -0.004620 0.005389 
1194 0.428522 0.000000 0.045359 99.310434 -11.591426 -0.002779 0.000308 
1195 0.452945 0.000000 0.068038 99.287565 -9.339726 -0.005935 0.005475 
1196 0.367463 0.000000 0.102058 105.229143 -12.601515 3.276323 -0.124271 
1197 0.367463 0.000000 0.090718 105.545968 -12.602534 3.017745 -0.130788 
1198 0.367463 0.000000 0.113397 105.256934 -12.601478 2.768186 -0.124548 
1199 1.722968 0.000000 -0.544308 99.725614 -7.373201 -0.006389 0.000044 
1200 1.722968 0.000000 -0.725744 99.668274 -7.206671 -0.009307 0.001430 
1201 1.722968 0.000000 0.544308 99.814074 -7.388087 -0.147747 -0.001746 
1202 1.722968 0.000000 0.725744 99.744640 -7.222997 -0.080624 -0.000117 
1203 1.429886 0.000000 -0.272154 100.724315 -11.729465 0.086698 -0.028298 
1204 1.429886 0.000000 -0.362872 99.691694 -7.642326 0.140138 0.000314 
1205 1.527580 0.000000 -0.272154 101.422043 -12.600780 -0.069980 -0.044522 
1206 1.429886 0.000000 0.272154 101.183127 -12.191732 -0.126233 -0.038668 
1207 1.527580 0.000000 0.272154 101.660098 -13.837838 -0.459340 -0.052647 
1208 1.429886 0.000000 0.362872 99.969346 -7.649312 -0.175349 -0.005241 
1209 8.952329 0.000000 -4.354462 99.756088 -6.977298 -0.003693 0.000004 
1210 8.952329 0.000000 -5.805950 99.756272 -6.975133 -0.001718 0.000003 
1211 10.515434 0.000000 -4.354462 99.756178 -6.976897 -0.003984 0.000003 
1212 6.607671 0.000000 -2.177231 99.754251 -6.998769 -0.018890 0.000011 
1213 6.607671 0.000000 -2.902975 99.755165 -6.986427 -0.009014 0.000010 
1214 7.389224 0.000000 -2.177231 99.754491 -6.997355 -0.020279 0.000008 
1215 3.090685 0.000000 -1.088616 99.736981 -7.108490 -0.046218 0.000200 
1216 3.090685 0.000000 -1.451487 99.744157 -7.046499 -0.020860 0.000145 
1217 3.481461 0.000000 -1.088616 99.743903 -7.103049 -0.050348 0.000070 
1218 3.872238 0.000000 -1.088616 99.742984 -7.099800 -0.064782 0.000093 
1219 3.872238 0.000000 -1.451487 99.746414 -7.045460 -0.034460 0.000101 
1220 4.263014 0.000000 -1.088616 99.743532 -7.092988 -0.073566 0.000091 
1221 2.504521 0.000000 -0.544308 99.627709 -7.373414 -0.168178 0.001992 
1222 2.504521 0.000000 -0.725744 99.655467 -7.260570 -0.089304 0.001606 
1223 2.699909 0.000000 -0.544308 99.687522 -7.356293 -0.183299 0.000825 
1224 8.952329 0.000000 4.354462 99.754851 -6.997082 0.001583 0.000001 
1225 10.515434 0.000000 4.354462 99.754849 -6.997218 0.002473 0.000001 
1226 8.952329 0.000000 5.805950 99.755449 -6.989146 0.000453 0.000000 
1227 6.607671 0.000000 2.177231 99.751485 -7.041932 0.008493 0.000005 
1228 7.389224 0.000000 2.177231 99.751579 -7.041481 0.011282 0.000004 
1229 6.607671 0.000000 2.902975 99.753349 -7.016619 0.002727 0.000004 
1230 3.090685 0.000000 1.088616 99.731211 -7.186439 -0.007172 0.000204 
1231 3.481461 0.000000 1.088616 99.738298 -7.191137 -0.002307 0.000056 
1232 3.090685 0.000000 1.451487 99.741203 -7.100467 -0.010974 0.000128 
1233 2.504521 0.000000 0.544308 99.640182 -7.538070 -0.011680 0.001501 
1234 2.699909 0.000000 0.544308 99.701914 -7.546740 -0.007511 0.000257 
1235 2.504521 0.000000 0.725744 99.683008 -7.364254 -0.036989 0.000906 
1236 2.895297 0.000000 -0.544308 99.706816 -7.326675 -0.174743 0.000484 
1237 2.895297 0.000000 -0.725744 99.711482 -7.237864 -0.115405 0.000522 
1238 3.090685 0.000000 -0.544308 99.717362 -7.322865 -0.169521 0.000279 
1239 3.286073 0.000000 -0.544308 99.721417 -7.331389 -0.169121 0.000186 
1240 3.286073 0.000000 -0.725744 99.728041 -7.237493 -0.123591 0.000192 
1241 3.481461 0.000000 -0.544308 99.722489 -7.328909 -0.176810 0.000168 
1242 2.406827 0.000000 -0.272154 99.555344 -6.480820 -0.872975 0.004597 
1243 2.406827 0.000000 -0.362872 99.399554 -7.164461 -0.483667 0.006817 
1244 2.504521 0.000000 -0.272154 99.771565 -6.407872 -0.657877 0.000414 
1245 2.895297 0.000000 0.544308 99.708634 -7.516665 -0.004953 0.000169 
1246 3.090685 0.000000 0.544308 99.704393 -7.547918 0.009041 0.000206 
1247 2.895297 0.000000 0.725744 99.714120 -7.365566 -0.004043 0.000284 
1248 2.406827 0.000000 0.272154 99.580976 -6.833318 0.518237 0.003667 
1249 2.504521 0.000000 0.272154 99.783073 -6.788208 0.305652 -0.000283 
1250 2.406827 0.000000 0.362872 99.427744 -7.449027 0.196758 0.005860 
1251 2.357979 0.000000 -0.136077 100.929330 -4.800049 -5.071669 -0.023549 
1252 2.357979 0.000000 -0.181436 99.483415 -5.352329 -2.973116 0.006556 
1253 2.406827 0.000000 -0.136077 101.016546 -4.579347 -3.448098 -0.023720 
1254 2.284709 0.000000 -0.113397 90.864554 -5.211902 -13.395945 0.153702 
1255 2.284709 0.000000 -0.136077 93.895401 -5.237925 -6.651565 0.111197 
1256 2.309132 0.000000 -0.113397 99.681153 -4.905757 -12.226870 -0.010989 
1257 2.357979 0.000000 0.136077 100.977640 -5.324087 4.416070 -0.024433 
1258 2.406827 0.000000 0.136077 101.025004 -5.123933 2.783624 -0.024005 
1259 2.357979 0.000000 0.181436 99.505799 -5.814975 2.498107 0.005854 
1260 2.284709 0.000000 0.113397 91.141566 -5.682674 12.651742 0.150086 
1261 2.309132 0.000000 0.113397 99.862102 -5.343947 11.432637 -0.013170 
1262 2.284709 0.000000 0.136077 94.115573 -5.690672 6.069598 0.107304 
1263 4.653790 0.000000 -1.088616 99.744975 -7.088996 -0.079263 0.000068 
1264 4.653790 0.000000 -1.451487 99.748540 -7.040198 -0.040665 0.000066 
1265 3.676849 0.000000 -0.544308 99.723818 -7.328346 -0.184723 0.000142 
1266 3.676849 0.000000 -0.725744 99.734034 -7.226051 -0.133441 0.000089 
1267 3.872238 0.000000 -0.544308 99.725941 -7.330610 -0.193479 0.000096 
1268 4.067626 0.000000 -0.544308 99.726980 -7.328936 -0.202815 0.000078 
1269 4.067626 0.000000 -0.725744 99.735113 -7.218947 -0.152581 0.000077 
1270 4.263014 0.000000 -0.544308 99.727183 -7.332292 -0.218245 0.000068 
1271 4.653790 0.000000 1.088616 99.739524 -7.185511 0.031446 0.000039 
1272 4.263014 0.000000 1.088616 99.738813 -7.186534 0.021971 0.000052 
1273 4.653790 0.000000 1.451487 99.745591 -7.104412 0.010171 0.000034 
1274 4.458402 0.000000 -0.544308 99.727681 -7.325573 -0.229609 0.000067 
1275 4.458402 0.000000 -0.725744 99.736103 -7.205816 -0.170859 0.000076 
1276 4.653790 0.000000 -0.544308 99.728366 -7.324660 -0.243263 0.000054 
1277 4.849178 0.000000 -0.544308 99.729037 -7.322112 -0.258004 0.000044 
1278 4.849178 0.000000 -0.725744 99.737905 -7.195373 -0.183849 0.000054 
1279 4.165320 0.000000 0.090718 100.004674 -3.364083 -4.059504 -0.002873 
1280 4.263014 0.000000 0.090718 99.905586 -4.785958 -3.231010 -0.001447 
1281 4.165320 0.000000 0.181436 99.894916 -4.935380 -1.934226 -0.000709 
1282 6.216895 0.000000 -1.088616 99.748327 -7.071770 -0.100092 0.000025 
1283 6.216895 0.000000 -1.451487 99.751380 -7.033400 -0.050684 0.000019 
1284 6.607671 0.000000 -1.088616 99.749509 -7.065916 -0.101322 0.000010 
1285 6.216895 0.000000 1.088616 99.742371 -7.178382 0.063490 -0.000007 
1286 6.607671 0.000000 1.088616 99.742246 -7.171977 0.073276 0.000004 
1287 6.216895 0.000000 1.451487 99.747190 -7.105085 0.027568 0.000002 
1288 5.239954 0.000000 0.544308 99.713423 -7.561984 0.209678 0.000001 
1289 5.044566 0.000000 0.544308 99.712822 -7.566925 0.186046 0.000006 
1290 5.239954 0.000000 0.725744 99.727810 -7.357507 0.128481 0.000021 
1291 4.751484 0.000000 0.090718 99.911774 -4.708916 -2.092576 -0.000892 
1292 4.751484 0.000000 0.181436 99.900606 -4.869519 -2.584962 -0.001053 
1293 5.142260 0.000000 -0.272154 99.248178 -14.207848 4.288884 -0.007046 
1294 5.044566 0.000000 -0.272154 99.472413 -10.998596 5.012116 -0.004085 
1295 5.142260 0.000000 -0.362872 99.679810 -8.034864 -0.175262 -0.000065 
1296 6.021507 0.000000 -0.544308 99.734635 -7.277061 -0.353790 -0.000008 
1297 6.021507 0.000000 -0.725744 99.742544 -7.163764 -0.218312 0.000006 
1298 6.216895 0.000000 -0.544308 99.735675 -7.257185 -0.370385 -0.000001 
1299 6.021507 0.000000 0.181436 99.914664 -4.703976 2.723387 -0.001248 
1300 6.216895 0.000000 0.181436 99.883705 -5.147594 2.525105 -0.000963 
1301 6.021507 0.000000 0.362872 99.671933 -8.175727 0.811075 -0.000199 
1302 6.021507 0.000000 0.544308 99.717322 -7.527197 0.302168 -0.000029 
1303 6.216895 0.000000 0.544308 99.718893 -7.508442 0.320905 -0.000034 
1304 6.021507 0.000000 0.725744 99.730335 -7.341714 0.169038 -0.000007 
1305 5.533037 0.000000 0.090718 99.874474 -5.260350 -0.188134 -0.000262 
1306 5.435343 0.000000 0.090718 99.880012 -5.179147 -0.423832 -0.000302 
1307 5.630731 0.000000 0.090718 99.869954 -5.325095 0.036110 -0.000237 
1308 5.728425 0.000000 0.090718 99.866265 -5.379442 0.246412 -0.000227 
1309 5.826119 0.000000 0.090718 99.863870 -5.429012 0.437659 -0.000246 
1310 5.728425 0.000000 0.181436 99.985757 -3.670928 2.918750 -0.001915 
1311 5.728425 0.000000 0.272154 99.566515 -9.666773 2.970884 -0.001576 
1312 5.826119 0.000000 0.272154 99.596790 -9.248980 2.950971 -0.001377 
1313 5.728425 0.000000 0.362872 99.661415 -8.310072 0.630180 -0.000185 
1314 3.383767 0.000000 -0.090718 99.267605 -13.783222 3.923250 -0.005943 
1315 3.383767 0.000000 -0.181436 99.927078 -4.361379 0.263246 -0.000451 
1316 3.383767 0.000000 0.000000 99.837119 -5.642695 0.338144 0.000060 
1317 3.383767 0.000000 0.090718 99.796306 -6.234981 -6.364163 -0.003868 
1318 3.383767 0.000000 0.181436 99.881809 -5.028265 -0.730295 -0.000219 
1319 2.992991 0.000000 0.090718 99.890617 -5.009918 2.986698 -0.001216 
1320 2.895297 0.000000 0.090718 99.903796 -4.983309 2.420333 -0.001146 
1321 2.992991 0.000000 0.181436 99.871261 -5.159456 -0.196580 -0.000093 
1322 3.774543 0.000000 0.090718 100.001589 -3.362696 -2.023062 -0.001572 
1323 3.774543 0.000000 0.181436 99.890569 -4.962531 -1.357234 -0.000459 
1324 4.360708 0.000000 0.090718 99.894187 -4.947049 -3.098096 -0.001292 
1325 4.360708 0.000000 0.181436 99.896585 -4.912647 -2.186770 -0.000824 
1326 5.142260 0.000000 0.090718 99.898032 -4.916515 -1.145666 -0.000510 
1327 5.239954 0.000000 0.090718 99.892158 -5.002768 -0.905136 -0.000429 
1328 5.142260 0.000000 0.181436 99.891627 -5.008794 -2.758868 -0.001104 
1329 5.337648 0.000000 0.090718 99.886030 -5.092386 -0.663762 -0.000359 
1330 5.337648 0.000000 0.181436 99.945320 -4.244781 -3.634664 -0.002030 
1331 5.337648 0.000000 0.272154 99.381781 -12.304047 2.540809 -0.003458 
1332 5.239954 0.000000 0.272154 99.269426 -13.909692 1.640635 -0.005059 
1333 5.337648 0.000000 0.362872 99.654565 -8.403501 0.311416 -0.000175 
1334 5.142260 0.000000 0.272154 99.203461 -14.850999 -1.164617 -0.006324 
1335 5.044566 0.000000 0.272154 99.326329 -13.091542 -3.726044 -0.005099 
1336 5.142260 0.000000 0.362872 99.655198 -8.391512 0.141485 -0.000160 
1337 3.872238 0.000000 1.088616 99.736888 -7.192090 0.014619 0.000083 
1338 3.872238 0.000000 1.451487 99.745449 -7.106662 -0.000212 0.000034 
1339 3.286073 0.000000 0.544308 99.706854 -7.553325 0.018555 0.000149 
1340 3.481461 0.000000 0.544308 99.707103 -7.557909 0.032525 0.000137 
1341 3.286073 0.000000 0.725744 99.718443 -7.385450 0.019980 0.000169 
1342 3.676849 0.000000 0.544308 99.707941 -7.562397 0.047228 0.000113 
1343 3.872238 0.000000 0.544308 99.709476 -7.569095 0.064139 0.000073 
1344 3.676849 0.000000 0.725744 99.723359 -7.384641 0.035902 0.000072 
1345 4.849178 0.000000 0.544308 99.712300 -7.570041 0.162849 0.000013 
1346 4.653790 0.000000 0.544308 99.711831 -7.571095 0.140344 0.000021 
1347 4.849178 0.000000 0.725744 99.726720 -7.366526 0.107029 0.000030 
1348 4.458402 0.000000 0.544308 99.711420 -7.570199 0.118664 0.000031 
1349 4.263014 0.000000 0.544308 99.710428 -7.571629 0.102086 0.000049 
1350 4.458402 0.000000 0.725744 99.725517 -7.372777 0.084976 0.000046 
1351 4.946872 0.000000 -0.272154 99.594769 -9.245981 4.397599 -0.002394 
1352 4.849178 0.000000 -0.272154 99.658588 -8.330303 3.748039 -0.001528 
1353 4.946872 0.000000 -0.362872 99.684466 -7.962975 -0.026432 -0.000040 
1354 4.946872 0.000000 0.272154 99.476475 -10.941749 -4.188306 -0.003283 
1355 4.849178 0.000000 0.272154 99.569793 -9.604463 -3.849547 -0.002121 
1356 4.946872 0.000000 0.362872 99.658588 -8.338402 -0.017523 -0.000136 
1357 4.751484 0.000000 0.272154 99.624735 -8.815705 -3.411020 -0.001444 
1358 4.653790 0.000000 0.272154 99.659479 -8.315468 -3.021854 -0.001029 
1359 4.751484 0.000000 0.362872 99.664236 -8.252032 -0.152266 -0.000108 
1360 4.556096 0.000000 0.272154 99.683230 -7.972075 -2.695315 -0.000756 
1361 4.458402 0.000000 0.272154 99.700518 -7.721012 -2.421234 -0.000567 
1362 4.556096 0.000000 0.362872 99.671365 -8.143289 -0.255205 -0.000076 
1363 4.360708 0.000000 0.272154 99.713538 -7.530416 -2.183109 -0.000426 
1364 4.263014 0.000000 0.272154 99.724487 -7.379209 -1.982605 -0.000336 
1365 4.360708 0.000000 0.362872 99.678824 -8.027193 -0.320357 -0.000041 
1366 4.067626 0.000000 0.544308 99.710077 -7.569288 0.082470 0.000060 
1367 4.067626 0.000000 0.725744 99.724617 -7.380751 0.060976 0.000052 
1368 4.165320 0.000000 0.272154 99.732881 -7.254605 -1.801257 -0.000252 
1369 4.067626 0.000000 0.272154 99.739199 -7.151683 -1.635074 -0.000173 
1370 4.165320 0.000000 0.362872 99.687103 -7.911504 -0.360908 -0.000024 
1371 3.969932 0.000000 0.272154 99.744863 -7.064599 -1.485485 -0.000115 
1372 3.872238 0.000000 0.272154 99.749547 -6.991034 -1.347183 -0.000066 
1373 3.969932 0.000000 0.362872 99.693389 -7.801994 -0.367813 0.000022 
1374 4.751484 0.000000 -0.272154 99.696138 -7.789895 3.225517 -0.001041 
1375 4.653790 0.000000 -0.272154 99.720770 -7.433843 2.811701 -0.000740 
1376 4.751484 0.000000 -0.362872 99.691230 -7.859807 0.091562 -0.000013 
1377 3.774543 0.000000 0.272154 99.753459 -6.926320 -1.221099 -0.000022 
1378 3.676849 0.000000 0.272154 99.755534 -6.873012 -1.096854 0.000039 
1379 3.774543 0.000000 0.362872 99.699197 -7.700583 -0.355998 0.000064 
1380 3.579155 0.000000 0.272154 99.757983 -6.828663 -0.981343 0.000075 
1381 3.481461 0.000000 0.272154 99.760101 -6.791500 -0.871757 0.000104 
1382 3.579155 0.000000 0.362872 99.703132 -7.616813 -0.328269 0.000116 
1 11 62 60 61 
2 62 10 24 60 
3 60 24 14 63 
4 61 60 63 6 
5 24 66 64 65 
6 66 23 40 64 
7 64 40 27 67 
8 65 64 67 14 
9 40 70 68 69 
10 69 68 71 27 
11 6 63 92 93 
12 63 14 36 92 
13 92 36 19 94 
14 93 92 94 20 
15 14 67 95 96 
16 67 27 52 95 
17 95 52 35 97 
18 96 95 97 36 
19 27 71 98 99 
20 99 98 100 52 
21 68 112 110 111 
22 112 56 80 110 
23 110 80 43 113 
24 111 110 113 71 
25 80 116 114 115 
26 115 114 117 43 
27 71 113 133 134 
28 113 43 102 133 
29 133 102 76 135 
30 134 133 135 98 
31 43 117 136 137 
32 137 136 138 102 
33 114 141 139 140 
34 141 106 129 139 
35 139 129 83 142 
36 140 139 142 117 
37 129 149 147 148 
38 147 150 132 151 
39 148 147 151 83 
40 117 142 152 153 
41 142 83 144 152 
42 152 144 125 154 
43 153 152 154 136 
44 83 151 155 156 
45 151 132 157 155 
46 156 155 158 144 
47 12 161 159 160 
48 161 7 162 159 
49 159 162 13 25 
50 160 159 25 10 
51 25 165 163 164 
52 165 13 166 163 
53 163 166 26 41 
54 164 163 41 23 
55 41 169 167 168 
56 169 26 170 167 
57 167 170 42 57 
58 168 167 57 39 
59 39 173 171 172 
60 173 57 174 171 
61 171 174 55 81 
62 172 171 81 56 
63 81 177 175 176 
64 177 55 178 175 
65 175 178 82 107 
66 176 175 107 79 
67 79 181 179 180 
68 181 107 182 179 
69 179 182 105 130 
70 180 179 130 106 
71 106 185 183 184 
72 185 130 186 183 
73 184 183 149 129 
74 195 197 109 198 
75 150 195 198 132 
76 149 201 199 200 
77 201 128 202 199 
78 199 202 150 203 
79 200 199 203 147 
80 132 198 210 157 
81 198 109 211 210 
82 19 38 213 214 
83 38 21 215 213 
84 213 215 9 216 
85 214 213 216 22 
86 35 54 217 218 
87 54 37 219 217 
88 217 219 21 220 
89 218 217 220 38 
90 51 78 221 222 
91 78 53 223 221 
92 221 223 37 224 
93 222 221 224 54 
94 76 104 225 226 
95 104 75 227 225 
96 225 227 78 228 
97 226 225 228 51 
98 101 127 229 230 
99 127 103 231 229 
100 229 231 75 232 
101 230 229 232 104 
102 125 146 233 234 
103 146 124 235 233 
104 233 235 127 236 
105 234 233 236 101 
106 144 158 237 238 
107 237 239 146 240 
108 238 237 240 125 
109 155 243 241 242 
110 243 157 244 241 
111 241 244 143 245 
112 242 241 245 158 
113 130 247 246 186 
114 247 105 248 246 
115 249 251 195 252 
116 202 249 252 150 
117 186 255 253 254 
118 255 246 256 253 
119 253 256 196 250 
120 254 253 250 128 
121 128 259 257 258 
122 259 250 260 257 
123 257 260 249 261 
124 258 257 261 202 
125 262 263 124 264 
126 239 262 264 146 
127 157 266 265 244 
128 266 210 267 265 
129 143 268 269 270 
130 268 212 271 269 
131 269 271 262 272 
132 270 269 272 239 
133 244 275 273 274 
134 275 265 276 273 
135 273 276 268 277 
136 274 273 277 143 
137 278 280 194 281 
138 197 278 281 109 
139 283 131 284 282 
140 282 284 197 285 
141 251 282 285 195 
142 107 287 286 182 
143 287 82 288 286 
144 286 288 108 192 
145 182 286 192 105 
146 105 290 289 248 
147 290 192 291 289 
148 246 293 292 256 
149 293 248 294 292 
150 292 294 131 283 
151 256 292 283 196 
152 196 297 295 296 
153 297 283 298 295 
154 295 298 282 299 
155 296 295 299 251 
156 109 281 300 211 
157 281 194 301 300 
158 210 304 303 267 
159 304 211 305 303 
160 303 305 145 306 
161 124 209 307 235 
162 209 126 308 307 
163 307 308 103 309 
164 235 307 309 127 
165 310 311 209 312 
166 263 310 312 124 
167 212 306 313 271 
168 306 145 314 313 
169 313 314 263 315 
170 271 313 315 262 
171 267 318 316 317 
172 318 303 319 316 
173 316 319 306 320 
174 317 316 320 212 
175 131 322 321 284 
176 322 279 323 321 
177 321 323 278 324 
178 284 321 324 197 
179 211 326 325 305 
180 326 300 327 325 
181 325 327 302 328 
182 305 325 328 145 
183 192 334 333 291 
184 334 108 335 333 
185 289 339 337 338 
186 339 291 340 337 
187 337 340 191 341 
188 338 337 341 279 
189 345 347 126 348 
190 311 345 348 209 
191 302 351 349 350 
192 351 207 352 349 
193 349 352 311 353 
194 350 349 353 310 
195 354 355 59 356 
196 280 354 356 194 
197 291 358 357 340 
198 358 333 359 357 
199 357 359 336 360 
200 191 360 361 362 
201 360 336 363 361 
202 361 363 354 364 
203 362 361 364 280 
204 340 367 365 366 
205 367 357 368 365 
206 365 368 360 369 
207 366 365 369 191 
208 194 356 370 301 
209 356 59 371 370 
210 373 346 374 372 
211 372 374 345 375 
212 352 372 375 311 
213 301 378 376 377 
214 378 370 379 376 
215 376 379 346 373 
216 377 376 373 207 
217 207 382 380 381 
218 382 373 383 380 
219 380 383 372 384 
220 381 380 384 352 
221 57 386 385 174 
222 386 42 387 385 
223 385 387 58 89 
224 174 385 89 55 
225 55 389 388 178 
226 389 89 390 388 
227 388 390 88 188 
228 178 388 188 82 
229 82 392 391 288 
230 392 188 393 391 
231 391 393 187 330 
232 288 391 330 108 
233 108 395 394 335 
234 395 330 396 394 
235 333 399 398 359 
236 399 335 400 398 
237 359 398 401 336 
238 75 123 402 227 
239 123 77 403 402 
240 402 403 53 404 
241 227 402 404 78 
242 103 206 405 231 
243 206 121 406 405 
244 405 406 123 407 
245 231 405 407 75 
246 126 344 408 308 
247 344 204 409 408 
248 408 409 206 410 
249 308 408 410 103 
250 411 413 344 414 
251 347 411 414 126 
252 346 416 415 374 
253 415 417 347 418 
254 374 415 418 345 
255 419 420 332 421 
256 355 419 421 59 
257 335 423 422 400 
258 423 394 424 422 
259 336 401 426 363 
260 401 193 427 426 
261 426 427 355 428 
262 363 426 428 354 
263 398 431 429 430 
264 431 400 432 429 
265 429 432 193 433 
266 430 429 433 401 
267 59 421 434 371 
268 421 332 435 434 
269 370 437 436 379 
270 437 371 438 436 
271 436 438 208 416 
272 379 436 416 346 
273 439 441 411 442 
274 417 439 442 347 
275 416 445 443 444 
276 445 208 446 443 
277 443 446 417 447 
278 444 443 447 415 
279 88 453 452 189 
280 453 90 454 452 
281 452 454 5 455 
282 189 452 455 91 
283 187 457 456 331 
284 457 189 458 456 
285 456 458 91 459 
286 331 456 459 190 
287 330 461 460 396 
288 461 187 462 460 
289 460 462 331 463 
290 396 460 463 329 
291 394 465 464 424 
292 465 396 466 464 
293 464 466 329 467 
294 424 464 467 397 
295 193 425 468 427 
296 425 397 469 468 
297 468 469 419 470 
298 427 468 470 355 
299 422 473 471 472 
300 473 424 474 471 
301 471 474 397 475 
302 472 471 475 425 
303 371 477 476 438 
304 477 434 478 476 
305 476 478 412 440 
306 438 476 440 208 
307 91 455 482 205 
308 455 5 483 482 
309 482 483 122 484 
310 205 482 484 121 
311 190 459 485 343 
312 459 91 486 485 
313 485 486 205 487 
314 343 485 487 204 
315 342 489 488 413 
316 489 343 490 488 
317 488 490 204 491 
318 413 488 491 344 
319 412 493 492 441 
320 493 342 494 492 
321 492 494 413 495 
322 441 492 495 411 
323 440 498 496 497 
324 498 412 499 496 
325 496 499 441 500 
326 497 496 500 439 
327 454 510 508 509 
328 508 511 504 512 
329 509 508 512 5 
330 5 512 513 514 
331 512 504 515 513 
332 514 513 516 483 
333 7 518 517 162 
334 518 16 519 517 
335 517 519 15 32 
336 162 517 32 13 
337 13 521 520 166 
338 521 32 522 520 
339 520 522 31 48 
340 166 520 48 26 
341 26 524 523 170 
342 524 48 525 523 
343 523 525 47 85 
344 170 523 85 42 
345 42 527 526 387 
346 527 85 528 526 
347 526 528 84 449 
348 387 526 449 58 
349 58 531 529 530 
350 531 449 532 529 
351 529 532 448 502 
352 530 529 502 90 
353 90 535 533 534 
354 535 502 536 533 
355 533 536 501 510 
356 534 533 510 454 
357 538 17 539 537 
358 537 539 8 540 
359 448 554 553 503 
360 554 450 555 553 
361 553 555 87 556 
362 503 553 556 451 
363 501 558 557 511 
364 558 503 559 557 
365 557 559 451 560 
366 511 557 560 504 
367 510 563 561 562 
368 563 501 564 561 
369 561 564 511 565 
370 562 561 565 508 
371 540 8 567 566 
372 566 567 29 568 
373 451 556 578 506 
374 556 87 579 578 
375 578 579 480 580 
376 506 578 580 479 
377 504 560 581 515 
378 560 451 582 581 
379 581 582 506 583 
380 515 581 583 505 
381 21 46 584 215 
382 46 28 585 584 
383 584 585 30 586 
384 215 584 586 9 
385 37 74 587 219 
386 74 44 588 587 
387 587 588 46 589 
388 219 587 589 21 
389 53 120 590 223 
390 120 72 591 590 
391 590 591 74 592 
392 223 590 592 37 
393 77 481 593 403 
394 481 118 594 593 
395 593 594 120 595 
396 403 593 595 53 
397 122 507 596 597 
398 507 479 598 596 
399 596 598 481 599 
400 597 596 599 77 
401 483 516 600 601 
402 516 505 602 600 
403 600 602 507 603 
404 601 600 603 122 
405 513 606 604 605 
406 606 515 607 604 
407 604 607 505 608 
408 605 604 608 516 
409 555 618 616 617 
410 617 616 620 87 
411 87 620 621 622 
412 622 621 624 579 
413 85 626 625 528 
414 626 47 627 625 
415 625 627 86 550 
416 528 625 550 84 
417 84 630 628 629 
418 630 550 631 628 
419 628 631 549 610 
420 629 628 610 450 
421 450 634 632 633 
422 634 610 635 632 
423 632 635 609 618 
424 633 632 618 555 
425 641 551 642 640 
426 640 642 50 643 
427 618 650 648 649 
428 650 609 651 648 
429 649 648 652 616 
430 643 50 657 656 
431 656 657 576 658 
432 118 577 662 594 
433 577 119 663 662 
434 662 663 72 664 
435 594 662 664 120 
436 480 615 665 666 
437 615 575 667 665 
438 665 667 577 668 
439 666 665 668 118 
440 579 624 669 670 
441 624 613 671 669 
442 669 671 615 672 
443 670 669 672 480 
444 621 675 673 674 
445 673 676 613 677 
446 674 673 677 624 
447 610 679 678 635 
448 679 549 680 678 
449 678 680 611 645 
450 635 678 645 609 
451 609 682 681 651 
452 682 645 683 681 
453 616 652 685 686 
454 685 687 612 688 
455 686 685 688 620 
456 648 691 689 690 
457 691 651 692 689 
458 690 689 693 652 
459 620 688 694 695 
460 688 612 696 694 
461 695 694 675 621 
462 613 661 697 671 
463 661 614 698 697 
464 697 698 575 699 
465 671 697 699 615 
466 700 702 661 703 
467 676 700 703 613 
468 675 706 704 705 
469 704 707 676 708 
470 705 704 708 673 
471 709 710 647 711 
472 687 709 711 612 
473 651 713 712 692 
474 713 681 714 712 
475 652 693 716 717 
476 693 619 718 716 
477 716 718 687 719 
478 717 716 719 685 
479 689 722 720 721 
480 722 692 723 720 
481 720 723 619 724 
482 721 720 724 693 
483 612 711 725 696 
484 711 647 726 725 
485 694 729 727 728 
486 729 696 730 727 
487 727 730 623 706 
488 728 727 706 675 
489 731 733 700 734 
490 707 731 734 676 
491 706 737 735 736 
492 737 623 738 735 
493 735 738 707 739 
494 736 735 739 704 
495 619 715 740 718 
496 715 684 741 740 
497 740 741 709 742 
498 718 740 742 687 
499 692 744 743 723 
500 744 712 745 743 
501 743 745 715 746 
502 723 743 746 619 
503 696 748 747 730 
504 748 725 749 747 
505 747 749 701 732 
506 730 747 732 623 
507 623 751 750 738 
508 751 732 752 750 
509 750 752 731 753 
510 738 750 753 707 
511 755 640 756 754 
512 754 756 643 757 
513 645 759 758 683 
514 759 611 760 758 
515 681 763 762 714 
516 763 683 764 762 
517 762 764 644 765 
518 712 767 766 745 
519 767 714 768 766 
520 766 768 684 769 
521 745 766 769 715 
522 757 643 771 770 
523 770 771 656 772 
524 773 775 614 776 
525 702 773 776 661 
526 778 659 779 777 
527 777 779 702 780 
528 733 777 780 700 
529 732 782 781 752 
530 782 701 783 781 
531 781 783 733 784 
532 752 781 784 731 
533 785 786 552 787 
534 710 785 787 647 
535 684 765 788 741 
536 765 644 789 788 
537 788 789 710 790 
538 741 788 790 709 
539 714 792 791 768 
540 792 762 793 791 
541 791 793 765 794 
542 768 791 794 684 
543 647 787 795 726 
544 787 552 796 795 
545 725 798 797 749 
546 798 726 799 797 
547 797 799 659 778 
548 749 797 778 701 
549 701 801 800 783 
550 801 778 802 800 
551 800 802 777 803 
552 783 800 803 733 
553 804 806 785 807 
554 789 804 807 710 
555 683 809 808 764 
556 809 758 810 808 
557 808 810 761 805 
558 764 808 805 644 
559 644 813 811 812 
560 813 805 814 811 
561 811 814 804 815 
562 812 811 815 789 
563 726 817 816 799 
564 817 795 818 816 
565 659 819 820 779 
566 819 774 821 820 
567 820 821 773 822 
568 779 820 822 702 
569 799 825 823 824 
570 825 816 826 823 
571 823 826 819 827 
572 824 823 827 659 
573 646 829 828 786 
574 829 754 830 828 
575 828 830 757 831 
576 786 828 831 552 
577 761 833 832 806 
578 833 646 834 832 
579 832 834 786 835 
580 806 832 835 785 
581 805 837 836 814 
582 837 761 838 836 
583 836 838 806 839 
584 814 836 839 804 
585 552 831 840 796 
586 831 757 841 840 
587 840 841 770 842 
588 796 840 842 660 
589 795 844 843 818 
590 844 796 845 843 
591 843 845 660 846 
592 818 843 846 774 
593 816 848 847 826 
594 848 818 849 847 
595 847 849 774 850 
596 826 847 850 819 
597 638 867 865 866 
598 867 855 868 865 
599 855 875 874 868 
600 875 857 876 874 
601 868 887 885 886 
602 887 874 888 885 
603 886 885 889 858 
604 857 891 890 876 
605 891 870 892 890 
606 33 895 894 543 
607 895 537 896 894 
608 894 896 540 897 
609 543 894 897 18 
610 899 543 900 898 
611 898 900 18 901 
612 18 897 910 570 
613 897 540 911 910 
614 910 911 566 912 
615 570 910 912 45 
616 901 18 914 913 
617 913 914 570 915 
618 892 925 923 924 
619 925 906 926 923 
620 923 926 909 927 
621 924 923 927 873 
622 933 898 934 932 
623 932 934 901 935 
624 935 901 941 940 
625 940 941 913 942 
626 904 944 943 938 
627 944 932 945 943 
628 943 945 935 946 
629 938 943 946 544 
630 936 953 951 952 
631 953 938 954 951 
632 951 954 544 955 
633 952 951 955 939 
634 636 958 956 957 
635 958 638 866 956 
636 551 961 960 642 
637 961 636 957 960 
638 642 960 962 50 
639 963 965 654 966 
640 964 963 966 653 
641 957 969 967 968 
642 969 956 970 967 
643 967 970 959 971 
644 50 962 972 657 
645 972 964 653 973 
646 657 972 973 576 
647 960 976 974 975 
648 976 957 968 974 
649 974 968 639 977 
650 975 974 977 962 
651 639 971 978 979 
652 971 959 980 978 
653 978 980 963 981 
654 979 978 981 964 
655 968 984 982 983 
656 984 967 985 982 
657 982 985 971 986 
658 983 982 986 639 
659 866 991 989 990 
660 991 865 992 989 
661 990 989 993 548 
662 865 995 994 992 
663 995 868 886 994 
664 994 886 858 996 
665 992 994 996 869 
666 548 993 997 998 
667 993 869 999 997 
668 997 999 987 1000 
669 998 997 1000 965 
670 989 1003 1001 1002 
671 1003 992 1004 1001 
672 1001 1004 869 1005 
673 1002 1001 1005 993 
674 874 1007 1006 888 
675 1007 876 1008 1006 
676 1006 1008 34 1009 
677 888 1006 1009 877 
678 858 889 1010 1011 
679 889 877 1012 1010 
680 1010 1012 881 1013 
681 1011 1010 1013 882 
682 885 1016 1014 1015 
683 1016 888 1017 1014 
684 1014 1017 877 1018 
685 1015 1014 1018 889 
686 876 1022 1021 1008 
687 1022 890 1023 1021 
688 1021 1023 893 1024 
689 1008 1021 1024 34 
690 890 1026 1025 1023 
691 1026 892 924 1025 
692 1025 924 873 1027 
693 1023 1025 1027 893 
694 906 1029 1028 926 
695 1029 908 1030 1028 
696 1028 1030 854 1031 
697 926 1028 1031 909 
698 908 1035 1034 1030 
699 1035 928 1036 1034 
700 1034 1036 931 1037 
701 1030 1034 1037 854 
702 928 1039 1038 1036 
703 1039 930 1040 1038 
704 1038 1040 905 1041 
705 1036 1038 1041 931 
706 32 1043 1042 522 
707 1043 15 1044 1042 
708 1042 1044 33 542 
709 522 1042 542 31 
710 31 1047 1045 1046 
711 1047 542 1048 1045 
712 1045 1048 541 852 
713 1046 1045 852 49 
714 852 1051 1049 1050 
715 1051 541 1052 1049 
716 1049 1052 853 903 
717 1050 1049 903 851 
718 903 1055 1053 1054 
719 1055 853 1056 1053 
720 1053 1056 904 937 
721 1054 1053 937 902 
722 937 1059 1057 1058 
723 1059 904 1060 1057 
724 1057 1060 938 953 
725 1058 1057 953 936 
726 902 1063 1061 1062 
727 1063 937 1058 1061 
728 1061 1058 936 1064 
729 851 1067 1065 1066 
730 1067 903 1054 1065 
731 1065 1054 902 929 
732 1066 1065 929 872 
733 929 1070 1068 1069 
734 1070 902 1062 1068 
735 1068 1062 930 1039 
736 1069 1068 1039 928 
737 930 1064 1071 1040 
738 1064 936 952 1071 
739 1071 952 939 1072 
740 1040 1071 1072 905 
741 1062 1075 1073 1074 
742 1075 1061 1076 1073 
743 1073 1076 1064 1077 
744 1074 1073 1077 930 
745 893 1027 1078 1079 
746 1027 873 1080 1078 
747 1078 1080 920 1081 
748 1079 1078 1081 1019 
749 909 1031 1082 1083 
750 1031 854 1084 1082 
751 1082 1084 921 1085 
752 1083 1082 1085 919 
753 44 571 1086 588 
754 571 45 1087 1086 
755 1086 1087 28 1088 
756 588 1086 1088 46 
757 73 861 1089 1090 
758 861 569 1091 1089 
759 1089 1091 571 1092 
760 1090 1089 1092 44 
761 859 918 1093 1094 
762 918 860 1095 1093 
763 1093 1095 569 1096 
764 1094 1093 1096 861 
765 916 950 1097 1098 
766 950 917 1099 1097 
767 1097 1099 860 1100 
768 1098 1097 1100 918 
769 948 1103 1101 1102 
770 1103 947 1104 1101 
771 1101 1104 950 1105 
772 1102 1101 1105 916 
773 1 1108 1106 1107 
774 1108 12 160 1106 
775 1106 160 10 62 
776 1107 1106 62 11 
777 16 1110 1109 519 
778 1110 2 1111 1109 
779 1109 1111 17 538 
780 519 1109 538 15 
781 20 94 1112 1113 
782 94 19 214 1112 
783 1112 214 22 1114 
784 1113 1112 1114 4 
785 10 1117 1115 1116 
786 1117 25 164 1115 
787 1115 164 23 66 
788 1116 1115 66 24 
789 28 568 1118 585 
790 568 29 1119 1118 
791 1118 1119 3 1120 
792 585 1118 1120 30 
793 36 97 1121 1122 
794 97 35 218 1121 
795 1121 218 38 1123 
796 1122 1121 1123 19 
797 23 1126 1124 1125 
798 1126 41 168 1124 
799 1124 168 39 70 
800 1125 1124 70 40 
801 48 1128 1127 525 
802 1128 31 1046 1127 
803 1127 1046 49 546 
804 525 1127 546 47 
805 52 100 1129 1130 
806 100 51 222 1129 
807 1129 222 54 1131 
808 1130 1129 1131 35 
809 70 1134 1132 1133 
810 1134 39 172 1132 
811 1132 172 56 112 
812 1133 1132 112 68 
813 72 574 1135 591 
814 574 73 1090 1135 
815 1135 1090 44 1136 
816 591 1135 1136 74 
817 56 1139 1137 1138 
818 1139 81 176 1137 
819 1137 176 79 116 
820 1138 1137 116 80 
821 89 1141 1140 390 
822 1141 58 530 1140 
823 1140 530 90 453 
824 390 1140 453 88 
825 98 135 1142 1143 
826 135 76 226 1142 
827 1142 226 51 1144 
828 1143 1142 1144 100 
829 102 138 1145 1146 
830 138 101 230 1145 
831 1145 230 104 1147 
832 1146 1145 1147 76 
833 116 1150 1148 1149 
834 1150 79 180 1148 
835 1148 180 106 141 
836 1149 1148 141 114 
837 121 484 1151 406 
838 484 122 597 1151 
839 1151 597 77 1152 
840 406 1151 1152 123 
841 136 154 1153 1154 
842 154 125 234 1153 
843 1153 234 101 1155 
844 1154 1153 1155 138 
845 183 1158 1156 1157 
846 1158 186 254 1156 
847 1156 254 128 201 
848 1157 1156 201 149 
849 188 1160 1159 393 
850 1160 88 1161 1159 
851 1159 1161 189 457 
852 393 1159 457 187 
853 204 487 1162 409 
854 487 205 1163 1162 
855 1162 1163 121 1164 
856 409 1162 1164 206 
857 158 245 1165 1166 
858 245 143 270 1165 
859 1165 270 239 1167 
860 1166 1165 1167 237 
861 250 1169 1168 260 
862 1169 196 296 1168 
863 1168 296 251 1170 
864 260 1168 1170 249 
865 265 1172 1171 276 
866 1172 267 317 1171 
867 1171 317 212 1173 
868 276 1171 1173 268 
869 279 341 1174 323 
870 341 191 362 1174 
871 1174 362 280 1175 
872 323 1174 1175 278 
873 248 1177 1176 294 
874 1177 289 338 1176 
875 1176 338 279 322 
876 294 1176 322 131 
877 300 1179 1178 327 
878 1179 301 377 1178 
879 1178 377 207 351 
880 327 1178 351 302 
881 145 328 1180 314 
882 328 302 350 1180 
883 1180 350 310 1181 
884 314 1180 1181 263 
885 329 463 1182 420 
886 463 331 1183 1182 
887 1182 1183 190 1184 
888 420 1182 1184 332 
889 332 1184 1185 435 
890 1184 190 1186 1185 
891 1185 1186 343 489 
892 435 1185 489 342 
893 397 467 1187 469 
894 467 329 1188 1187 
895 1187 1188 420 1189 
896 469 1187 1189 419 
897 400 1191 1190 432 
898 1191 422 472 1190 
899 1190 472 425 1192 
900 432 1190 1192 193 
901 434 1194 1193 478 
902 1194 435 1195 1193 
903 1193 1195 342 493 
904 478 1193 493 412 
905 208 1197 1196 446 
906 1197 440 497 1196 
907 1196 497 439 1198 
908 446 1196 1198 417 
909 449 1200 1199 532 
910 1200 84 629 1199 
911 1199 629 450 554 
912 532 1199 554 448 
913 479 580 1201 598 
914 580 480 666 1201 
915 1201 666 118 1202 
916 598 1201 1202 481 
917 502 1204 1203 536 
918 1204 448 1205 1203 
919 1203 1205 503 558 
920 536 1203 558 501 
921 505 583 1206 602 
922 583 506 1207 1206 
923 1206 1207 479 1208 
924 602 1206 1208 507 
925 15 1210 1209 1044 
926 1210 538 1211 1209 
927 1209 1211 537 895 
928 1044 1209 895 33 
929 542 1213 1212 1048 
930 1213 33 1214 1212 
931 1212 1214 543 899 
932 1048 1212 899 541 
933 47 1216 1215 627 
934 1216 546 1217 1215 
935 1215 1217 545 637 
936 627 1215 637 86 
937 546 1219 1218 1217 
938 1219 49 1220 1218 
939 1218 1220 547 856 
940 1217 1218 856 545 
941 550 1222 1221 631 
942 1222 86 1223 1221 
943 1221 1223 551 641 
944 631 1221 641 549 
945 45 912 1224 1087 
946 912 566 1225 1224 
947 1224 1225 568 1226 
948 1087 1224 1226 28 
949 569 915 1227 1091 
950 915 570 1228 1227 
951 1227 1228 45 1229 
952 1091 1227 1229 571 
953 119 655 1230 663 
954 655 572 1231 1230 
955 1230 1231 574 1232 
956 663 1230 1232 72 
957 575 658 1233 667 
958 658 576 1234 1233 
959 1233 1234 119 1235 
960 667 1233 1235 577 
961 86 1237 1236 1223 
962 1237 637 1238 1236 
963 1236 1238 636 961 
964 1223 1236 961 551 
965 637 1240 1239 1238 
966 1240 545 1241 1239 
967 1239 1241 638 958 
968 1238 1239 958 636 
969 549 1243 1242 680 
970 1243 641 1244 1242 
971 1242 1244 640 755 
972 680 1242 755 611 
973 576 973 1245 1234 
974 973 653 1246 1245 
975 1245 1246 655 1247 
976 1234 1245 1247 119 
977 614 772 1248 698 
978 772 656 1249 1248 
979 1248 1249 658 1250 
980 698 1248 1250 575 
981 611 1252 1251 760 
982 1252 755 1253 1251 
983 1251 1253 754 829 
984 760 1251 829 646 
985 758 1255 1254 810 
986 1255 760 1256 1254 
987 1254 1256 646 833 
988 810 1254 833 761 
989 660 842 1257 775 
990 842 770 1258 1257 
991 1257 1258 772 1259 
992 775 1257 1259 614 
993 774 846 1260 821 
994 846 660 1261 1260 
995 1260 1261 775 1262 
996 821 1260 1262 773 
997 49 1264 1263 1220 
998 1264 852 1050 1263 
999 1263 1050 851 871 
1000 1220 1263 871 547 
1001 545 1266 1265 1241 
1002 1266 856 1267 1265 
1003 1265 1267 855 867 
1004 1241 1265 867 638 
1005 856 1269 1268 1267 
1006 1269 547 1270 1268 
1007 1268 1270 857 875 
1008 1267 1268 875 855 
1009 573 880 1271 1272 
1010 880 859 1094 1271 
1011 1271 1094 861 1273 
1012 1272 1271 1273 73 
1013 547 1275 1274 1270 
1014 1275 871 1276 1274 
1015 1274 1276 870 891 
1016 1270 1274 891 857 
1017 871 1278 1277 1276 
1018 1278 851 1066 1277 
1019 1277 1066 872 907 
1020 1276 1277 907 870 
1021 877 1009 1279 1012 
1022 1009 34 1280 1279 
1023 1279 1280 883 1281 
1024 1012 1279 1281 881 
1025 541 1283 1282 1052 
1026 1283 899 1284 1282 
1027 1282 1284 898 933 
1028 1052 1282 933 853 
1029 860 942 1285 1095 
1030 942 913 1286 1285 
1031 1285 1286 915 1287 
1032 1095 1285 1287 569 
1033 879 1033 1288 1289 
1034 1033 916 1098 1288 
1035 1288 1098 918 1290 
1036 1289 1288 1290 859 
1037 873 927 1291 1080 
1038 927 909 1083 1291 
1039 1291 1083 919 1292 
1040 1080 1291 1292 920 
1041 872 1295 1293 1294 
1042 1295 929 1069 1293 
1043 1293 1069 928 1035 
1044 1294 1293 1035 908 
1045 853 1297 1296 1056 
1046 1297 933 1298 1296 
1047 1296 1298 932 944 
1048 1056 1296 944 904 
1049 544 946 1299 949 
1050 946 935 1300 1299 
1051 1299 1300 940 1301 
1052 949 1299 1301 917 
1053 917 1301 1302 1099 
1054 1301 940 1303 1302 
1055 1302 1303 942 1304 
1056 1099 1302 1304 860 
1057 905 1072 1305 1306 
1058 1072 939 1307 1305 
1059 1305 1307 947 1103 
1060 1306 1305 1103 948 
1061 939 955 1308 1307 
1062 955 544 1309 1308 
1063 1308 1309 949 1310 
1064 1307 1308 1310 947 
1065 947 1310 1311 1104 
1066 1310 949 1312 1311 
1067 1311 1312 917 1313 
1068 1104 1311 1313 950 
1069 956 1315 1314 970 
1070 1315 866 990 1314 
1071 1314 990 548 1316 
1072 970 1314 1316 959 
1073 959 1316 1317 980 
1074 1316 548 998 1317 
1075 1317 998 965 1318 
1076 980 1317 1318 963 
1077 962 977 1319 1320 
1078 977 639 979 1319 
1079 1319 979 964 1321 
1080 1320 1319 1321 972 
1081 869 996 1322 999 
1082 996 858 1011 1322 
1083 1322 1011 882 1323 
1084 999 1322 1323 987 
1085 34 1024 1324 1280 
1086 1024 893 1079 1324 
1087 1324 1079 1019 1325 
1088 1280 1324 1325 883 
1089 854 1037 1326 1084 
1090 1037 931 1327 1326 
1091 1326 1327 1032 1328 
1092 1084 1326 1328 921 
1093 931 1041 1329 1327 
1094 1041 905 1306 1329 
1095 1329 1306 948 1330 
1096 1327 1329 1330 1032 
1097 1032 1330 1331 1332 
1098 1330 948 1102 1331 
1099 1331 1102 916 1333 
1100 1332 1331 1333 1033 
1101 921 1328 1334 1335 
1102 1328 1032 1332 1334 
1103 1334 1332 1033 1336 
1104 1335 1334 1336 879 
1105 572 864 1337 1231 
1106 864 573 1272 1337 
1107 1337 1272 73 1338 
1108 1231 1337 1338 574 
1109 653 966 1339 1246 
1110 966 654 1340 1339 
1111 1339 1340 572 1341 
1112 1246 1339 1341 655 
1113 654 988 1342 1340 
1114 988 862 1343 1342 
1115 1342 1343 864 1344 
1116 1340 1342 1344 572 
1117 878 922 1345 1346 
1118 922 879 1289 1345 
1119 1345 1289 859 1347 
1120 1346 1345 1347 880 
1121 863 1020 1348 1349 
1122 1020 878 1346 1348 
1123 1348 1346 880 1350 
1124 1349 1348 1350 573 
1125 907 1353 1351 1352 
1126 1353 872 1294 1351 
1127 1351 1294 908 1029 
1128 1352 1351 1029 906 
1129 919 1085 1354 1355 
1130 1085 921 1335 1354 
1131 1354 1335 879 1356 
1132 1355 1354 1356 922 
1133 920 1292 1357 1358 
1134 1292 919 1355 1357 
1135 1357 1355 922 1359 
1136 1358 1357 1359 878 
1137 1019 1081 1360 1361 
1138 1081 920 1358 1360 
1139 1360 1358 878 1362 
1140 1361 1360 1362 1020 
1141 883 1325 1363 1364 
1142 1325 1019 1361 1363 
1143 1363 1361 1020 1365 
1144 1364 1363 1365 863 
1145 862 884 1366 1343 
1146 884 863 1349 1366 
1147 1366 1349 573 1367 
1148 1343 1366 1367 864 
1149 881 1281 1368 1369 
1150 1281 883 1364 1368 
1151 1368 1364 863 1370 
1152 1369 1368 1370 884 
1153 882 1013 1371 1372 
1154 1013 881 1369 1371 
1155 1371 1369 884 1373 
1156 1372 1371 1373 862 
1157 870 1376 1374 1375 
1158 1376 907 1352 1374 
1159 1374 1352 906 925 
1160 1375 1374 925 892 
1161 987 1323 1377 1378 
1162 1323 882 1372 1377 
1163 1377 1372 862 1379 
1164 1378 1377 1379 988 
1165 965 1000 1380 1381 
1166 1000 987 1378 1380 
1167 1380 1378 988 1382 
1168 1381 1380 1382 654 
