2 0.000000 100.000000 262.180540
1352 1144 
1 -11.368037 0.000000 -11.641948 99.756326 -6.976525 0.000055 0.000000 
2 13.641644 0.000000 -11.641948 99.755727 -6.984548 -0.001093 0.000001 
3 13.641644 0.000000 11.641948 99.756697 -6.971537 -0.000448 -0.000000 
4 -11.368037 0.000000 11.641948 99.756486 -6.975078 0.000055 -0.000001 
5 1.136804 0.000000 0.000000 101.998354 -6.614873 -0.002215 -0.044742 
6 -11.368037 0.000000 0.000000 99.756391 -6.975809 0.000096 0.000000 
7 1.136804 0.000000 -11.641948 99.756022 -6.980114 -0.000124 0.000001 
8 13.641644 0.000000 0.000000 99.800979 -6.337104 -0.025863 -0.000040 
9 1.136804 0.000000 11.641948 99.756720 -6.973585 -0.000162 -0.000003 
10 -5.115617 0.000000 -5.820974 99.756173 -6.977520 0.000038 0.000002 
11 -11.368037 0.000000 -5.820974 99.756342 -6.976266 0.000076 0.000000 
12 -5.115617 0.000000 -11.641948 99.756229 -6.977572 0.000028 0.000001 
13 1.136804 0.000000 -5.820974 99.755588 -6.986692 -0.000432 0.000001 
14 -5.115617 0.000000 0.000000 99.756173 -6.976359 0.000208 0.000004 
15 7.389224 0.000000 -5.820974 99.754610 -6.997753 -0.003166 0.000005 
16 7.389224 0.000000 -11.641948 99.755791 -6.983130 -0.000562 0.000002 
17 13.641644 0.000000 -5.820974 99.754681 -6.999137 -0.005869 0.000002 
18 7.389224 0.000000 0.000000 99.953576 -4.149949 0.596373 -0.000830 
19 -5.115617 0.000000 5.820974 99.756587 -6.974995 0.000150 -0.000003 
20 -11.368037 0.000000 5.820974 99.756457 -6.975354 0.000085 -0.000001 
21 1.136804 0.000000 5.820974 99.757307 -6.976604 -0.000749 -0.000019 
22 -5.115617 0.000000 11.641948 99.756587 -6.974566 0.000029 -0.000002 
23 -1.989406 0.000000 -2.910487 99.756307 -6.975920 -0.001671 0.000002 
24 -5.115617 0.000000 -2.910487 99.756116 -6.977104 0.000079 0.000004 
25 -1.989406 0.000000 -5.820974 99.755993 -6.979791 -0.000145 0.000002 
26 1.136804 0.000000 -2.910487 99.758143 -7.001454 -0.000770 -0.000071 
27 -1.989406 0.000000 0.000000 99.752651 -6.979205 0.000402 0.000070 
28 7.389224 0.000000 5.820974 99.756610 -6.972619 -0.000986 0.000000 
29 13.641644 0.000000 5.820974 99.756667 -6.971474 -0.000526 0.000001 
30 7.389224 0.000000 11.641948 99.756695 -6.972344 -0.000356 -0.000001 
31 4.263014 0.000000 -2.910487 99.749865 -7.036775 -0.009162 0.000045 
32 4.263014 0.000000 -5.820974 99.754756 -6.994663 -0.001605 0.000006 
33 7.389224 0.000000 -2.910487 99.751413 -7.041249 -0.017813 0.000008 
34 4.263014 0.000000 0.000000 100.128809 -1.594725 -2.523098 -0.003469 
35 -1.989406 0.000000 2.910487 99.755329 -6.968479 -0.000202 0.000031 
36 -5.115617 0.000000 2.910487 99.756427 -6.975557 0.000248 -0.000000 
37 1.136804 0.000000 2.910487 99.761909 -6.982818 -0.003291 -0.000120 
38 -1.989406 0.000000 5.820974 99.756934 -6.974694 0.000102 -0.000009 
39 -0.426301 0.000000 -1.455243 99.746303 -6.990092 -0.015170 0.000181 
40 -1.989406 0.000000 -1.455243 99.753476 -6.980713 0.000147 0.000051 
41 -0.426301 0.000000 -2.910487 99.754086 -6.987028 -0.001406 0.000030 
42 1.136804 0.000000 -1.455243 99.739626 -7.046102 -0.003081 0.000236 
43 -0.426301 0.000000 0.000000 99.941951 -7.095876 0.013146 -0.003875 
44 4.263014 0.000000 2.910487 99.755792 -6.986578 -0.004652 -0.000003 
45 7.389224 0.000000 2.910487 99.755382 -6.987457 0.000836 0.000004 
46 4.263014 0.000000 5.820974 99.756789 -6.973852 -0.001240 -0.000005 
47 2.699909 0.000000 -1.455243 99.734767 -7.154602 -0.013531 0.000179 
48 2.699909 0.000000 -2.910487 99.750258 -7.025969 -0.003022 0.000052 
49 4.263014 0.000000 -1.455243 99.738489 -7.175249 -0.050181 0.000075 
50 2.699909 0.000000 0.000000 100.161945 -3.355334 -0.273505 -0.004375 
51 -0.426301 0.000000 1.455243 99.749879 -6.983953 0.014485 0.000119 
52 -1.989406 0.000000 1.455243 99.754861 -6.974510 0.002223 0.000032 
53 1.136804 0.000000 1.455243 99.758919 -7.017544 -0.008512 -0.000109 
54 -0.426301 0.000000 2.910487 99.756794 -6.979654 0.001442 -0.000013 
55 0.355251 0.000000 -0.727622 99.802164 -7.089813 -0.132165 -0.001075 
56 -0.426301 0.000000 -0.727622 99.708782 -7.030153 0.005427 0.000874 
57 0.355251 0.000000 -1.455243 99.766578 -7.014819 -0.018492 -0.000258 
58 1.136804 0.000000 -0.727622 99.794133 -7.160806 0.016307 -0.001015 
59 0.355251 0.000000 0.000000 66.433136 -0.033548 0.001622 0.558664 
60 -8.241827 0.000000 -2.910487 99.756305 -6.976345 0.000104 0.000001 
61 -11.368037 0.000000 -2.910487 99.756362 -6.976054 0.000088 0.000000 
62 -8.241827 0.000000 -5.820974 99.756288 -6.976655 0.000078 0.000001 
63 -8.241827 0.000000 0.000000 99.756354 -6.975943 0.000131 0.000001 
64 -3.552511 0.000000 -1.455243 99.755731 -6.977613 0.000087 0.000011 
65 -5.115617 0.000000 -1.455243 99.756114 -6.976762 0.000137 0.000004 
66 -3.552511 0.000000 -2.910487 99.755860 -6.978044 -0.000058 0.000008 
67 -3.552511 0.000000 0.000000 99.755801 -6.977012 0.000307 0.000010 
68 -1.207854 0.000000 -0.727622 99.748326 -6.981296 0.003113 0.000153 
69 -1.989406 0.000000 -0.727622 99.755178 -6.981239 -0.007886 0.000017 
70 -1.207854 0.000000 -1.455243 99.750532 -6.983524 -0.003464 0.000106 
71 -1.207854 0.000000 0.000000 99.748316 -6.982895 0.000912 0.000151 
72 2.699909 0.000000 1.455243 99.742737 -7.067614 -0.025146 0.000143 
73 4.263014 0.000000 1.455243 99.747903 -7.070229 -0.001567 0.000037 
74 2.699909 0.000000 2.910487 99.754967 -6.988965 -0.005529 0.000010 
75 0.355251 0.000000 0.727622 99.839248 -7.087632 0.127900 -0.001813 
76 -0.426301 0.000000 0.727622 99.723621 -7.008821 0.009319 0.000608 
77 1.136804 0.000000 0.727622 99.840085 -7.133596 -0.038949 -0.001893 
78 0.355251 0.000000 1.455243 99.774669 -7.002339 0.015714 -0.000402 
79 -0.035525 0.000000 -0.363811 99.150750 -7.196462 0.024563 0.011734 
80 -0.426301 0.000000 -0.363811 99.768326 -7.024562 0.048683 -0.000307 
81 -0.035525 0.000000 -0.727622 99.660836 -7.032129 -0.077298 0.001826 
82 0.355251 0.000000 -0.363811 100.439328 -7.475644 -0.626793 -0.014434 
83 -0.035525 0.000000 0.000000 163.371287 -7.435337 -0.018883 -1.674546 
84 1.918356 0.000000 -0.727622 99.718158 -7.373303 0.059413 0.000192 
85 1.918356 0.000000 -1.455243 99.748399 -7.100831 0.012450 -0.000016 
86 2.699909 0.000000 -0.727622 99.683180 -7.541677 -0.086315 0.000638 
87 1.918356 0.000000 0.000000 101.871087 -7.575535 -0.875792 -0.043587 
88 0.746027 0.000000 -0.363811 99.736051 -7.567324 0.090811 -0.000455 
89 0.746027 0.000000 -0.727622 99.755824 -7.121109 0.023133 -0.000194 
90 1.136804 0.000000 -0.363811 99.869046 -7.638123 -0.059557 -0.003217 
91 0.746027 0.000000 0.000000 102.237358 -6.555981 -0.003822 -0.049546 
92 -8.241827 0.000000 2.910487 99.756429 -6.975541 0.000135 -0.000000 
93 -11.368037 0.000000 2.910487 99.756426 -6.975565 0.000096 -0.000000 
94 -8.241827 0.000000 5.820974 99.756491 -6.975218 0.000111 -0.000001 
95 -3.552511 0.000000 1.455243 99.756102 -6.976317 0.000448 0.000005 
96 -5.115617 0.000000 1.455243 99.756292 -6.975941 0.000253 0.000002 
97 -3.552511 0.000000 2.910487 99.756441 -6.975672 0.000397 -0.000001 
98 -1.207854 0.000000 0.727622 99.750857 -6.981201 0.001690 0.000103 
99 -1.989406 0.000000 0.727622 99.755602 -6.980256 0.008431 0.000010 
100 -1.207854 0.000000 1.455243 99.752312 -6.979649 0.003832 0.000076 
101 -0.035525 0.000000 0.363811 99.136346 -7.212746 -0.027661 0.011996 
102 -0.426301 0.000000 0.363811 99.745632 -7.029536 -0.078170 0.000139 
103 0.355251 0.000000 0.363811 100.482159 -7.461335 0.620661 -0.015272 
104 -0.035525 0.000000 0.727622 99.690771 -7.041080 0.088113 0.001217 
105 0.159863 0.000000 -0.181905 98.382287 -8.510271 -4.916727 0.022433 
106 -0.035525 0.000000 -0.181905 97.599427 -7.292036 2.743492 0.041365 
107 0.159863 0.000000 -0.363811 99.336298 -7.289401 -0.877497 0.007839 
108 0.355251 0.000000 -0.181905 101.863948 -8.981007 -1.460073 -0.045905 
109 0.159863 0.000000 0.000000 113.256656 0.015445 0.036355 -0.282707 
110 -0.817078 0.000000 -0.363811 99.748216 -7.007283 0.008371 0.000119 
111 -1.207854 0.000000 -0.363811 99.747348 -6.983265 0.000217 0.000170 
112 -0.817078 0.000000 -0.727622 99.740430 -6.985444 0.000844 0.000305 
113 -0.817078 0.000000 0.000000 99.757276 -7.007614 0.006589 -0.000062 
114 -0.230913 0.000000 -0.181905 100.276257 -7.135607 0.362388 -0.010638 
115 -0.426301 0.000000 -0.181905 99.872180 -7.092479 0.067568 -0.002476 
116 -0.230913 0.000000 -0.363811 99.566276 -7.063634 0.266565 0.003659 
117 -0.230913 0.000000 0.000000 101.101021 -7.205063 -0.027146 -0.027333 
118 1.918356 0.000000 0.727622 99.785459 -7.297019 -0.162950 -0.001041 
119 2.699909 0.000000 0.727622 99.713267 -7.349152 -0.061399 0.000325 
120 1.918356 0.000000 1.455243 99.760067 -7.046761 -0.038870 -0.000173 
121 0.746027 0.000000 0.363811 99.769604 -7.561532 -0.108715 -0.001116 
122 1.136804 0.000000 0.363811 99.932970 -7.620883 0.075718 -0.004468 
123 0.746027 0.000000 0.727622 99.807923 -7.107389 -0.035761 -0.001214 
124 0.159863 0.000000 0.181905 98.404472 -8.465546 4.919111 0.022070 
125 -0.035525 0.000000 0.181905 97.609531 -7.315989 -2.738405 0.041136 
126 0.355251 0.000000 0.181905 101.842080 -8.978720 1.484479 -0.045463 
127 0.159863 0.000000 0.363811 99.362424 -7.304900 0.888005 0.007296 
128 0.062169 0.000000 -0.090953 86.443058 -10.515871 -8.483146 0.234505 
129 -0.035525 0.000000 -0.090953 103.264774 -7.728982 17.689768 -0.103628 
130 0.062169 0.000000 -0.181905 96.041037 -7.879792 -1.907100 0.071039 
131 0.159863 0.000000 -0.090953 99.369779 -12.651802 -13.411155 -0.021428 
132 0.062169 0.000000 0.000000 191.464770 -0.767848 -0.006956 -2.665935 
133 -0.817078 0.000000 0.363811 99.751459 -6.993310 0.003078 0.000074 
134 -1.207854 0.000000 0.363811 99.748183 -6.982190 0.001435 0.000155 
135 -0.817078 0.000000 0.727622 99.744175 -6.985999 0.002812 0.000230 
136 -0.230913 0.000000 0.181905 100.254405 -7.141446 -0.398014 -0.010210 
137 -0.426301 0.000000 0.181905 99.857245 -7.027237 -0.074587 -0.002086 
138 -0.230913 0.000000 0.363811 99.566193 -7.049813 -0.268135 0.003680 
139 -0.133219 0.000000 -0.090953 103.153847 -7.330666 2.418784 -0.070031 
140 -0.230913 0.000000 -0.090953 100.761102 -7.186601 0.419724 -0.020462 
141 -0.133219 0.000000 -0.181905 100.004929 -7.385870 1.777448 -0.005870 
142 -0.133219 0.000000 0.000000 106.099561 -7.259634 -0.010152 -0.130982 
143 0.062169 0.000000 0.090953 86.336716 -10.505150 8.480004 0.236370 
144 -0.035525 0.000000 0.090953 103.258723 -7.751803 -17.702704 -0.103584 
145 0.159863 0.000000 0.090953 99.382975 -12.578544 13.414397 -0.021514 
146 0.062169 0.000000 0.181905 96.075362 -7.879639 1.931806 0.070370 
147 0.013322 0.000000 -0.045476 74.587430 -11.598455 -14.663254 0.408718 
148 -0.035525 0.000000 -0.045476 142.442486 -7.685851 28.129815 -1.114022 
149 0.013322 0.000000 -0.090953 76.878026 -9.095514 5.309198 0.397885 
150 0.062169 0.000000 -0.045476 188.170005 -0.629621 -18.892714 -2.576528 
151 0.013322 0.000000 0.000000 240.551696 -3.663915 0.009445 -4.787854 
152 -0.133219 0.000000 0.090953 103.165185 -7.361584 -2.413404 -0.070307 
153 -0.230913 0.000000 0.090953 100.747410 -7.194597 -0.467911 -0.020202 
154 -0.133219 0.000000 0.181905 99.972444 -7.336189 -1.787538 -0.005150 
155 0.013322 0.000000 0.045476 74.512031 -11.869846 14.649902 0.409244 
156 -0.035525 0.000000 0.045476 142.437702 -7.708453 -28.157341 -1.114075 
157 0.062169 0.000000 0.045476 188.176172 -0.655262 18.894638 -2.576771 
158 0.013322 0.000000 0.090953 76.885649 -9.143231 -5.332791 0.397656 
159 -1.989406 0.000000 -8.731461 99.756087 -6.979174 -0.000044 0.000001 
160 -5.115617 0.000000 -8.731461 99.756208 -6.977629 0.000033 0.000001 
161 -1.989406 0.000000 -11.641948 99.756144 -6.978621 -0.000022 0.000001 
162 1.136804 0.000000 -8.731461 99.755875 -6.981860 -0.000209 0.000002 
163 -0.426301 0.000000 -4.365730 99.755825 -6.983759 -0.000584 0.000000 
164 -1.989406 0.000000 -4.365730 99.755849 -6.980037 -0.000298 0.000005 
165 -0.426301 0.000000 -5.820974 99.755890 -6.982155 -0.000293 0.000001 
166 1.136804 0.000000 -4.365730 99.756380 -6.993631 -0.000315 -0.000025 
167 0.355251 0.000000 -2.182865 99.766657 -7.006085 -0.008885 -0.000247 
168 -0.426301 0.000000 -2.182865 99.754693 -6.988302 -0.006596 0.000016 
169 0.355251 0.000000 -2.910487 99.758014 -6.992545 -0.002856 -0.000056 
170 1.136804 0.000000 -2.182865 99.769714 -7.012008 -0.002729 -0.000316 
171 -0.035525 0.000000 -1.091433 99.736719 -7.023231 -0.039398 0.000326 
172 -0.426301 0.000000 -1.091433 99.740630 -6.998288 -0.020068 0.000283 
173 -0.035525 0.000000 -1.455243 99.734636 -6.999634 -0.010000 0.000401 
174 0.355251 0.000000 -1.091433 99.771828 -7.041712 -0.045600 -0.000401 
175 0.159863 0.000000 -0.545716 99.637308 -7.165206 -0.295366 0.002098 
176 -0.035525 0.000000 -0.545716 99.583159 -7.096428 -0.111736 0.003282 
177 0.159863 0.000000 -0.727622 99.713410 -7.056514 -0.144086 0.000742 
178 0.355251 0.000000 -0.545716 99.861508 -7.196358 -0.242517 -0.002417 
179 0.062169 0.000000 -0.272858 97.733180 -7.410072 -0.859936 0.039258 
180 -0.035525 0.000000 -0.272858 98.246406 -7.287031 0.677100 0.029408 
181 0.062169 0.000000 -0.363811 98.962723 -7.244214 -0.431687 0.015371 
182 0.159863 0.000000 -0.272858 98.939904 -7.567083 -2.121076 0.014914 
183 0.013322 0.000000 -0.136429 93.019808 -8.022418 2.244845 0.127792 
184 -0.035525 0.000000 -0.136429 98.351586 -7.466244 5.926720 0.023609 
185 0.013322 0.000000 -0.181905 96.013034 -7.537296 0.808973 0.072403 
186 0.062169 0.000000 -0.136429 93.810551 -8.538556 -3.697033 0.111301 
187 0.550639 0.000000 -0.181905 101.646924 -8.011077 -0.004131 -0.039627 
188 0.550639 0.000000 -0.363811 100.065186 -7.512830 0.164588 -0.006951 
189 0.746027 0.000000 -0.181905 102.316727 -8.009237 -0.000383 -0.053286 
190 0.550639 0.000000 0.000000 101.652363 -6.542468 -0.003172 -0.037601 
191 0.257557 0.000000 -0.090953 102.779870 -12.586757 -10.275027 -0.082770 
192 0.257557 0.000000 -0.181905 100.743842 -8.781113 -3.781912 -0.024073 
193 0.355251 0.000000 -0.090953 105.414712 -12.603946 -4.447503 -0.129090 
194 0.257557 0.000000 0.000000 80.130923 -0.062110 0.014559 0.357903 
195 0.111016 0.000000 -0.045476 141.096558 -0.239452 -13.274277 -1.008450 
196 0.111016 0.000000 -0.090953 92.771726 -12.550076 -15.515400 0.099517 
197 0.159863 0.000000 -0.045476 112.105612 -0.045998 -8.189971 -0.263475 
198 0.111016 0.000000 0.000000 144.213707 -0.249565 -0.008768 -1.079766 
199 0.037745 0.000000 -0.068215 75.348395 -11.665005 -14.748430 0.396903 
200 0.013322 0.000000 -0.068215 74.543383 -11.377821 -14.507921 0.410335 
201 0.037745 0.000000 -0.090953 83.812141 -9.844732 -5.285332 0.285067 
202 0.062169 0.000000 -0.068215 80.128491 -12.001581 -15.454274 0.319655 
203 0.037745 0.000000 -0.045476 74.995746 -11.709505 -14.743846 0.402114 
204 0.550639 0.000000 0.181905 101.656932 -8.004343 0.000182 -0.039820 
205 0.746027 0.000000 0.181905 102.321314 -8.010597 -0.005197 -0.053382 
206 0.550639 0.000000 0.363811 100.102675 -7.535172 -0.170907 -0.007735 
207 0.257557 0.000000 0.090953 102.763758 -12.591389 10.273857 -0.082449 
208 0.355251 0.000000 0.090953 105.515368 -12.620899 4.450664 -0.131259 
209 0.257557 0.000000 0.181905 100.738590 -8.776786 3.777857 -0.023957 
210 0.111016 0.000000 0.045476 141.089232 -0.233996 13.252330 -1.008185 
211 0.159863 0.000000 0.045476 112.114019 -0.022988 8.241405 -0.263747 
212 0.111016 0.000000 0.090953 92.692068 -12.603115 15.503696 0.100898 
213 -1.989406 0.000000 8.731461 99.756769 -6.974235 -0.000028 -0.000005 
214 -5.115617 0.000000 8.731461 99.756608 -6.974695 0.000068 -0.000003 
215 1.136804 0.000000 8.731461 99.756881 -6.973597 -0.000300 -0.000007 
216 -1.989406 0.000000 11.641948 99.756666 -6.974139 -0.000039 -0.000003 
217 -0.426301 0.000000 4.365730 99.757775 -6.975349 0.000049 -0.000027 
218 -1.989406 0.000000 4.365730 99.756966 -6.975232 0.000350 -0.000011 
219 1.136804 0.000000 4.365730 99.762404 -6.982616 -0.000940 -0.000129 
220 -0.426301 0.000000 5.820974 99.757252 -6.974559 -0.000193 -0.000015 
221 0.355251 0.000000 2.182865 99.764548 -6.985931 0.005942 -0.000177 
222 -0.426301 0.000000 2.182865 99.757534 -6.980483 0.005734 -0.000029 
223 1.136804 0.000000 2.182865 99.775370 -6.989618 -0.003987 -0.000398 
224 0.355251 0.000000 2.910487 99.761081 -6.979965 0.000782 -0.000099 
225 -0.035525 0.000000 1.091433 99.752536 -7.005037 0.043205 0.000036 
226 -0.426301 0.000000 1.091433 99.745963 -6.992766 0.020889 0.000184 
227 0.355251 0.000000 1.091433 99.793464 -7.018741 0.043928 -0.000800 
228 -0.035525 0.000000 1.455243 99.743437 -6.991287 0.010749 0.000237 
229 0.159863 0.000000 0.545716 99.652814 -7.155735 0.301598 0.001802 
230 -0.035525 0.000000 0.545716 99.546630 -7.055270 0.109041 0.004068 
231 0.355251 0.000000 0.545716 99.896842 -7.194616 0.240967 -0.003120 
232 0.159863 0.000000 0.727622 99.750369 -7.066152 0.147877 -0.000009 
233 0.062169 0.000000 0.272858 97.683991 -7.424830 0.875406 0.040194 
234 -0.035525 0.000000 0.272858 98.212057 -7.281374 -0.675233 0.030092 
235 0.159863 0.000000 0.272858 98.931330 -7.630862 2.135714 0.014980 
236 0.062169 0.000000 0.363811 98.951729 -7.249322 0.442661 0.015581 
237 0.013322 0.000000 0.136429 92.972681 -8.015168 -2.245968 0.128679 
238 -0.035525 0.000000 0.136429 98.334289 -7.481203 -5.929915 0.023924 
239 0.062169 0.000000 0.136429 93.774942 -8.581802 3.693699 0.111897 
240 0.013322 0.000000 0.181905 96.039485 -7.564853 -0.795356 0.071856 
241 0.037745 0.000000 0.068215 75.315825 -11.862255 14.746724 0.396935 
242 0.013322 0.000000 0.068215 74.481447 -11.652862 14.500585 0.410646 
243 0.037745 0.000000 0.045476 74.962456 -11.896333 14.741529 0.402179 
244 0.062169 0.000000 0.068215 80.091025 -12.168390 15.448688 0.319870 
245 0.037745 0.000000 0.090953 83.726149 -9.816548 5.289335 0.286559 
246 0.111016 0.000000 -0.136429 96.633315 -9.126982 -6.451765 0.053708 
247 0.111016 0.000000 -0.181905 97.143669 -8.209125 -3.845920 0.048093 
248 0.159863 0.000000 -0.136429 98.722540 -9.713537 -7.444349 0.010409 
249 0.086592 0.000000 -0.068215 92.113940 -12.443765 -15.342901 0.112477 
250 0.086592 0.000000 -0.090953 92.527055 -12.560919 -15.478070 0.104140 
251 0.111016 0.000000 -0.068215 92.769827 -12.408651 -15.417806 0.100208 
252 0.086592 0.000000 -0.045476 162.738676 -0.328353 -16.893008 -1.676936 
253 0.086592 0.000000 -0.113691 93.585124 -9.596744 -8.070826 0.108459 
254 0.062169 0.000000 -0.113691 91.123507 -9.201245 -5.680449 0.157958 
255 0.086592 0.000000 -0.136429 95.194211 -8.780371 -5.440962 0.083136 
256 0.111016 0.000000 -0.113691 96.022781 -10.003985 -8.973384 0.059902 
257 0.074381 0.000000 -0.079584 89.216855 -12.421494 -15.289305 0.165230 
258 0.062169 0.000000 -0.079584 81.064062 -12.101384 -15.453414 0.304337 
259 0.074381 0.000000 -0.090953 87.343757 -10.833517 -11.951527 0.211086 
260 0.086592 0.000000 -0.079584 92.231586 -12.463769 -15.373026 0.110166 
261 0.074381 0.000000 -0.068215 86.587956 -12.319198 -15.425723 0.211281 
262 0.111016 0.000000 0.136429 96.594139 -9.075892 6.489819 0.054508 
263 0.159863 0.000000 0.136429 98.693791 -9.690198 7.468150 0.010986 
264 0.111016 0.000000 0.181905 97.170896 -8.187494 3.858262 0.047590 
265 0.086592 0.000000 0.068215 92.065382 -12.347476 15.335015 0.113634 
266 0.086592 0.000000 0.045476 162.729292 -0.323120 16.866087 -1.676539 
267 0.111016 0.000000 0.068215 92.699079 -12.439920 15.407748 0.101473 
268 0.086592 0.000000 0.090953 92.485924 -12.443785 15.470161 0.105218 
269 0.086592 0.000000 0.113691 93.539897 -9.627828 8.088439 0.109217 
270 0.062169 0.000000 0.113691 91.073063 -9.244303 5.676178 0.158802 
271 0.111016 0.000000 0.113691 95.989003 -9.961014 9.006551 0.060577 
272 0.086592 0.000000 0.136429 95.170267 -8.791207 5.462055 0.083550 
273 0.074381 0.000000 0.079584 89.168127 -12.380677 15.280418 0.166227 
274 0.062169 0.000000 0.079584 81.025094 -12.247347 15.446745 0.304633 
275 0.074381 0.000000 0.068215 86.541893 -12.340737 15.417234 0.212052 
276 0.086592 0.000000 0.079584 92.181304 -12.374273 15.364867 0.111341 
277 0.074381 0.000000 0.090953 87.267950 -10.866209 11.955548 0.212330 
278 0.208710 0.000000 -0.045476 92.206831 -0.088534 -5.123581 0.147164 
279 0.208710 0.000000 -0.090953 100.539657 -12.686687 -12.764153 -0.043210 
280 0.257557 0.000000 -0.045476 79.303992 -0.055477 -3.934776 0.369539 
281 0.208710 0.000000 0.000000 93.354602 0.011961 0.026114 0.128492 
282 0.135439 0.000000 -0.068215 93.354589 -12.556230 -15.609340 0.088361 
283 0.135439 0.000000 -0.090953 94.515692 -12.583283 -15.201519 0.067736 
284 0.159863 0.000000 -0.068215 110.750017 -0.157902 -12.188033 -0.241414 
285 0.135439 0.000000 -0.045476 125.047462 -0.100363 -10.417061 -0.574539 
286 0.257557 0.000000 -0.272858 100.295996 -7.790336 -1.840586 -0.012336 
287 0.257557 0.000000 -0.363811 100.080133 -7.389813 -0.959924 -0.007156 
288 0.355251 0.000000 -0.272858 100.723032 -7.920119 -0.749067 -0.020842 
289 0.208710 0.000000 -0.136429 100.241637 -10.064070 -7.243842 -0.020214 
290 0.208710 0.000000 -0.181905 99.427275 -8.618439 -4.836739 0.001655 
291 0.257557 0.000000 -0.136429 101.307577 -10.126534 -6.285639 -0.040528 
292 0.135439 0.000000 -0.113691 97.273409 -10.381352 -9.269673 0.034418 
293 0.135439 0.000000 -0.136429 97.796694 -9.426982 -6.973448 0.029831 
294 0.159863 0.000000 -0.113691 98.478038 -10.835474 -9.712652 0.009033 
295 0.123228 0.000000 -0.079584 92.874122 -12.472075 -15.485793 0.097904 
296 0.111016 0.000000 -0.079584 92.767889 -12.463178 -15.455384 0.099992 
297 0.123228 0.000000 -0.090953 92.734638 -12.540733 -15.508261 0.100251 
298 0.135439 0.000000 -0.079584 94.465717 -12.589620 -15.410878 0.068023 
299 0.123228 0.000000 -0.068215 92.741407 -12.542439 -15.509564 0.100117 
300 0.208710 0.000000 0.045476 92.214538 -0.077572 5.165818 0.146979 
301 0.257557 0.000000 0.045476 79.328311 -0.060380 3.958079 0.369135 
302 0.208710 0.000000 0.090953 100.554874 -12.672604 12.766193 -0.043485 
303 0.135439 0.000000 0.068215 93.287866 -12.672721 15.601981 0.089335 
304 0.135439 0.000000 0.045476 124.887460 -0.209940 10.429370 -0.570569 
305 0.159863 0.000000 0.068215 110.747159 -0.131268 12.215128 -0.241416 
306 0.135439 0.000000 0.090953 94.469576 -12.647659 15.197946 0.068456 
307 0.257557 0.000000 0.272858 100.339751 -7.817021 1.852666 -0.013260 
308 0.355251 0.000000 0.272858 100.782973 -7.929529 0.757835 -0.022066 
309 0.257557 0.000000 0.363811 100.116069 -7.413896 0.968392 -0.007913 
310 0.208710 0.000000 0.136429 100.234417 -10.034897 7.235529 -0.019999 
311 0.257557 0.000000 0.136429 101.325910 -10.084865 6.279459 -0.040808 
312 0.208710 0.000000 0.181905 99.443886 -8.593939 4.823406 0.001379 
313 0.135439 0.000000 0.113691 97.242427 -10.345402 9.299618 0.035040 
314 0.159863 0.000000 0.113691 98.443206 -10.797387 9.735636 0.009757 
315 0.135439 0.000000 0.136429 97.764088 -9.397699 7.001180 0.030485 
316 0.123228 0.000000 0.079584 92.799223 -12.579491 15.476733 0.099053 
317 0.111016 0.000000 0.079584 92.693496 -12.505692 15.444654 0.101299 
318 0.123228 0.000000 0.068215 92.659860 -12.626565 15.497534 0.101455 
319 0.135439 0.000000 0.079584 94.422398 -12.655831 15.408866 0.068681 
320 0.123228 0.000000 0.090953 92.652668 -12.631801 15.496159 0.101579 
321 0.184287 0.000000 -0.068215 99.822314 -0.152967 -10.137447 -0.006729 
322 0.184287 0.000000 -0.090953 99.320281 -12.557945 -13.356979 -0.020063 
323 0.208710 0.000000 -0.068215 90.087774 -0.087008 -8.058508 0.181925 
324 0.184287 0.000000 -0.045476 101.083288 -0.131822 -6.628084 -0.026178 
325 0.184287 0.000000 0.068215 99.851721 -0.163775 10.153534 -0.007349 
326 0.184287 0.000000 0.045476 101.116824 -0.144765 6.662667 -0.026902 
327 0.208710 0.000000 0.068215 90.129289 -0.085792 8.081501 0.181139 
328 0.184287 0.000000 0.090953 99.340419 -12.552631 13.361430 -0.020462 
329 0.452945 0.000000 -0.090953 98.987730 -10.180665 0.001104 0.009778 
330 0.452945 0.000000 -0.181905 99.842534 -11.832646 0.000412 -0.010854 
331 0.550639 0.000000 -0.090953 101.157446 -7.505533 -0.002871 -0.028916 
332 0.452945 0.000000 0.000000 101.652363 -6.542468 -0.003172 -0.037601 
333 0.306404 0.000000 -0.136429 102.434215 -10.431256 -4.244545 -0.061960 
334 0.306404 0.000000 -0.181905 101.373484 -8.899633 -2.799623 -0.036362 
335 0.355251 0.000000 -0.136429 104.533667 -10.622064 -2.701295 -0.104741 
336 0.306404 0.000000 -0.090953 104.459437 -12.501293 -6.481775 -0.111007 
337 0.233134 0.000000 -0.113691 101.420148 -11.566654 -8.299049 -0.048871 
338 0.208710 0.000000 -0.113691 101.355737 -11.344743 -9.437616 -0.049076 
339 0.233134 0.000000 -0.136429 100.656839 -10.117267 -6.680890 -0.027879 
340 0.257557 0.000000 -0.113691 102.803795 -12.598091 -10.277591 -0.083296 
341 0.233134 0.000000 -0.090953 102.938334 -12.649991 -10.291612 -0.086224 
342 0.452945 0.000000 0.090953 99.003893 -10.168644 -0.004551 0.009483 
343 0.550639 0.000000 0.090953 101.164718 -7.498681 -0.002712 -0.029053 
344 0.452945 0.000000 0.181905 99.857205 -11.817607 -0.000729 -0.011112 
345 0.306404 0.000000 0.136429 102.456924 -10.413549 4.258535 -0.062400 
346 0.306404 0.000000 0.090953 104.530306 -12.558562 6.487786 -0.112639 
347 0.355251 0.000000 0.136429 104.578771 -10.698251 2.703667 -0.105848 
348 0.306404 0.000000 0.181905 101.346348 -8.884353 2.808700 -0.035790 
349 0.233134 0.000000 0.113691 101.419236 -11.534754 8.292477 -0.048768 
350 0.208710 0.000000 0.113691 101.359393 -11.293592 9.431605 -0.049023 
351 0.233134 0.000000 0.090953 102.936966 -12.598995 10.291263 -0.086066 
352 0.257557 0.000000 0.113691 102.787572 -12.601406 10.276464 -0.082969 
353 0.233134 0.000000 0.136429 100.674078 -10.075872 6.679456 -0.028141 
354 0.306404 0.000000 -0.045476 70.672816 0.096115 -2.103131 0.500092 
355 0.355251 0.000000 -0.045476 65.662948 -0.040541 -1.062072 0.568725 
356 0.306404 0.000000 0.000000 71.278958 0.009229 -0.022025 0.491931 
357 0.281981 0.000000 -0.113691 103.827649 -12.495919 -8.459831 -0.100790 
358 0.281981 0.000000 -0.136429 102.274016 -10.293299 -5.193522 -0.059290 
359 0.306404 0.000000 -0.113691 104.443542 -12.513229 -6.481536 -0.110704 
360 0.281981 0.000000 -0.090953 103.638565 -12.503132 -8.793750 -0.097461 
361 0.281981 0.000000 -0.068215 73.060325 0.088429 -4.523126 0.464172 
362 0.257557 0.000000 -0.068215 78.453600 -0.085862 -6.067574 0.380821 
363 0.306404 0.000000 -0.068215 70.064860 0.065073 -3.061548 0.508154 
364 0.281981 0.000000 -0.045476 74.179487 0.052381 -3.081091 0.448791 
365 0.269769 0.000000 -0.102322 102.966603 -12.542914 -10.018874 -0.085982 
366 0.257557 0.000000 -0.102322 102.777982 -12.585863 -10.274825 -0.082729 
367 0.269769 0.000000 -0.113691 102.933471 -12.530608 -10.290384 -0.085821 
368 0.281981 0.000000 -0.102322 103.670109 -12.501790 -9.237129 -0.098911 
369 0.269769 0.000000 -0.090953 102.857958 -12.558024 -10.282832 -0.084320 
370 0.306404 0.000000 0.045476 70.812475 0.011669 2.085482 0.498124 
371 0.355251 0.000000 0.045476 65.666036 -0.040184 1.065913 0.568683 
372 0.281981 0.000000 0.113691 103.852926 -12.484160 8.462590 -0.101290 
373 0.281981 0.000000 0.090953 103.657252 -12.493224 8.795799 -0.097827 
374 0.306404 0.000000 0.113691 104.524497 -12.583021 6.487635 -0.112579 
375 0.281981 0.000000 0.136429 102.278625 -10.345030 5.201418 -0.059499 
376 0.281981 0.000000 0.068215 73.090023 0.121742 4.527564 0.463733 
377 0.257557 0.000000 0.068215 78.500744 -0.066550 6.088011 0.380056 
378 0.281981 0.000000 0.045476 74.256026 0.043257 3.113162 0.447635 
379 0.306404 0.000000 0.068215 70.190575 -0.015873 3.042698 0.506402 
380 0.269769 0.000000 0.102322 102.960664 -12.538757 10.018364 -0.085849 
381 0.257557 0.000000 0.102322 102.761880 -12.590599 10.273652 -0.082408 
382 0.269769 0.000000 0.090953 102.848098 -12.554596 10.281786 -0.084106 
383 0.281981 0.000000 0.102322 103.692551 -12.469525 9.238790 -0.099299 
384 0.269769 0.000000 0.113691 102.929619 -12.519407 10.289456 -0.085711 
385 0.746027 0.000000 -1.091433 99.784937 -7.059941 -0.016649 -0.000688 
386 0.746027 0.000000 -1.455243 99.771767 -7.029007 -0.008096 -0.000381 
387 1.136804 0.000000 -1.091433 99.787823 -7.085493 0.006896 -0.000781 
388 0.550639 0.000000 -0.545716 99.836549 -7.216085 0.002780 -0.001941 
389 0.550639 0.000000 -0.727622 99.818409 -7.122092 -0.066307 -0.001444 
390 0.746027 0.000000 -0.545716 99.817052 -7.237577 0.027664 -0.001583 
391 0.452945 0.000000 -0.272858 100.429864 -7.919869 0.115908 -0.014890 
392 0.452945 0.000000 -0.363811 100.375042 -7.484557 -0.032171 -0.013117 
393 0.550639 0.000000 -0.272858 101.635260 -12.002028 0.002391 -0.047377 
394 0.404098 0.000000 -0.136429 98.029410 -12.495147 -0.000254 0.023411 
395 0.404098 0.000000 -0.181905 101.917452 -9.099852 0.281677 -0.047005 
396 0.452945 0.000000 -0.136429 99.163448 -10.751526 0.000270 0.005102 
397 0.404098 0.000000 -0.090953 101.089534 -12.512387 -1.659770 -0.037841 
398 0.330828 0.000000 -0.113691 104.437572 -12.537884 -6.484041 -0.110645 
399 0.330828 0.000000 -0.136429 102.852377 -10.555978 -3.961926 -0.070574 
400 0.355251 0.000000 -0.113691 105.320793 -12.593566 -4.693726 -0.127310 
401 0.330828 0.000000 -0.090953 104.431172 -12.538501 -6.483625 -0.110512 
402 0.746027 0.000000 1.091433 99.810795 -7.034468 0.010170 -0.001168 
403 1.136804 0.000000 1.091433 99.808526 -7.056256 -0.022193 -0.001153 
404 0.746027 0.000000 1.455243 99.781936 -7.010458 0.002067 -0.000558 
405 0.550639 0.000000 0.545716 99.867471 -7.210257 -0.003603 -0.002550 
406 0.746027 0.000000 0.545716 99.858007 -7.236594 -0.037488 -0.002399 
407 0.550639 0.000000 0.727622 99.853281 -7.100348 0.059183 -0.002110 
408 0.452945 0.000000 0.272858 100.499787 -7.929248 -0.136943 -0.016310 
409 0.550639 0.000000 0.272858 101.652659 -11.983832 0.000644 -0.047688 
410 0.452945 0.000000 0.363811 100.413948 -7.498106 0.031276 -0.013918 
411 0.404098 0.000000 0.136429 98.042955 -12.479100 -0.001948 0.023185 
412 0.404098 0.000000 0.090953 101.114128 -12.460672 1.658798 -0.038209 
413 0.452945 0.000000 0.136429 99.177901 -10.738714 -0.003356 0.004842 
414 0.404098 0.000000 0.181905 101.904541 -9.117935 -0.277624 -0.046775 
415 0.330828 0.000000 0.113691 104.551853 -12.628354 6.492091 -0.113271 
416 0.330828 0.000000 0.090953 104.545156 -12.628947 6.491651 -0.113132 
417 0.355251 0.000000 0.113691 105.424236 -12.619602 4.697569 -0.129559 
418 0.330828 0.000000 0.136429 102.874625 -10.535752 3.977068 -0.071001 
419 0.404098 0.000000 -0.045476 65.054892 -0.022629 0.908875 0.576703 
420 0.452945 0.000000 -0.045476 99.576454 -8.588282 -0.000089 0.001077 
421 0.404098 0.000000 0.000000 66.168790 0.004525 -0.000566 0.562169 
422 0.379675 0.000000 -0.113691 104.692342 -12.646608 -2.230758 -0.112540 
423 0.379675 0.000000 -0.136429 104.293366 -10.753846 -0.970736 -0.099369 
424 0.404098 0.000000 -0.113691 100.753204 -12.592116 -1.847075 -0.031318 
425 0.379675 0.000000 -0.090953 104.362721 -12.652741 -2.223830 -0.105661 
426 0.330828 0.000000 -0.068215 67.293248 -0.024569 -2.943958 0.546295 
427 0.355251 0.000000 -0.068215 64.364087 -0.051401 -1.776323 0.585411 
428 0.330828 0.000000 -0.045476 67.813865 -0.062090 -1.877221 0.539775 
429 0.343039 0.000000 -0.102322 104.839170 -12.549408 -6.154187 -0.118661 
430 0.330828 0.000000 -0.102322 104.433989 -12.538229 -6.483808 -0.110571 
431 0.343039 0.000000 -0.113691 104.917816 -12.560007 -6.011403 -0.120164 
432 0.355251 0.000000 -0.102322 105.434215 -12.603942 -4.803081 -0.129830 
433 0.343039 0.000000 -0.090953 104.685229 -12.543377 -6.499397 -0.115858 
434 0.404098 0.000000 0.045476 65.131792 -0.003598 -0.923098 0.575700 
435 0.452945 0.000000 0.045476 99.591648 -8.578829 -0.004824 0.000791 
436 0.330828 0.000000 0.068215 67.438594 -0.095447 2.955271 0.544329 
437 0.330828 0.000000 0.045476 67.893850 -0.080872 1.873235 0.538691 
438 0.355251 0.000000 0.068215 64.429642 -0.051771 1.780100 0.584565 
439 0.379675 0.000000 0.113691 104.766488 -12.614031 2.231370 -0.114011 
440 0.379675 0.000000 0.090953 104.429718 -12.613399 2.224473 -0.106961 
441 0.404098 0.000000 0.113691 100.780610 -12.539422 1.846301 -0.031738 
442 0.379675 0.000000 0.136429 104.347830 -10.798698 0.971020 -0.100602 
443 0.343039 0.000000 0.102322 104.953541 -12.618563 6.161230 -0.121243 
444 0.330828 0.000000 0.102322 104.548104 -12.628686 6.491845 -0.113193 
445 0.343039 0.000000 0.090953 104.800196 -12.620925 6.507019 -0.118471 
446 0.355251 0.000000 0.102322 105.534962 -12.622823 4.806448 -0.132007 
447 0.343039 0.000000 0.113691 105.029125 -12.621241 6.017830 -0.122663 
448 1.527580 0.000000 -0.363811 99.726598 -7.783113 0.164160 -0.000600 
449 1.527580 0.000000 -0.727622 99.729675 -7.256257 0.037373 0.000134 
450 1.918356 0.000000 -0.363811 99.792917 -7.312366 0.179442 -0.001213 
451 1.527580 0.000000 0.000000 100.698447 -7.671347 -0.153132 -0.019905 
452 0.941416 0.000000 -0.181905 102.429709 -8.068243 0.006684 -0.055694 
453 0.941416 0.000000 -0.363811 99.744571 -7.580789 -0.045349 -0.000645 
454 1.136804 0.000000 -0.181905 102.009656 -8.740314 0.016886 -0.048236 
455 0.941416 0.000000 0.000000 102.367504 -6.590376 -0.003313 -0.052254 
456 0.648333 0.000000 -0.090953 101.872177 -7.505375 -0.001909 -0.043427 
457 0.648333 0.000000 -0.181905 101.961594 -8.505479 -0.001908 -0.046851 
458 0.746027 0.000000 -0.090953 102.360289 -6.895028 -0.003853 -0.052517 
459 0.648333 0.000000 0.000000 102.017238 -6.550896 -0.003578 -0.045043 
460 0.501792 0.000000 -0.136429 99.718977 -9.655085 -0.001481 -0.003710 
461 0.501792 0.000000 -0.181905 101.107706 -9.887337 -0.001335 -0.032053 
462 0.550639 0.000000 -0.136429 101.645990 -7.224650 -0.003705 -0.038410 
463 0.501792 0.000000 -0.090953 99.721613 -9.555147 0.000073 -0.003570 
464 0.428522 0.000000 -0.113691 98.296612 -12.215067 -0.967109 0.018763 
465 0.428522 0.000000 -0.136429 99.127368 -11.720318 0.000407 0.003640 
466 0.452945 0.000000 -0.113691 99.026399 -10.701298 -0.000306 0.007925 
467 0.428522 0.000000 -0.090953 98.460058 -11.948855 -0.849862 0.016212 
468 0.379675 0.000000 -0.068215 63.680238 -0.032568 -0.222948 0.594478 
469 0.404098 0.000000 -0.068215 98.036903 -11.895857 0.000176 0.024725 
470 0.379675 0.000000 -0.045476 64.637098 -0.032360 -0.163634 0.582202 
471 0.391886 0.000000 -0.102322 102.977058 -12.664205 -2.053097 -0.076887 
472 0.379675 0.000000 -0.102322 104.701287 -12.646082 -2.230997 -0.112726 
473 0.391886 0.000000 -0.113691 102.810058 -12.659553 -1.997708 -0.073416 
474 0.404098 0.000000 -0.102322 100.846034 -12.603711 -1.882124 -0.033232 
475 0.391886 0.000000 -0.090953 102.624498 -12.653248 -1.927290 -0.069561 
476 0.379675 0.000000 0.068215 63.753604 -0.012000 0.236699 0.593542 
477 0.379675 0.000000 0.045476 64.725022 -0.028424 0.166425 0.581064 
478 0.404098 0.000000 0.068215 98.050273 -11.879986 -0.003767 0.024501 
479 1.527580 0.000000 0.363811 100.016270 -7.733739 -0.311891 -0.006316 
480 1.918356 0.000000 0.363811 99.823647 -7.240842 -0.443041 -0.001739 
481 1.527580 0.000000 0.727622 99.812629 -7.203760 -0.095003 -0.001446 
482 0.941416 0.000000 0.181905 102.423962 -8.074584 -0.006537 -0.055587 
483 1.136804 0.000000 0.181905 101.994735 -8.745437 -0.007775 -0.047941 
484 0.941416 0.000000 0.363811 99.778489 -7.581738 0.025852 -0.001323 
485 0.648333 0.000000 0.090953 101.876556 -7.502921 -0.003504 -0.043513 
486 0.746027 0.000000 0.090953 102.363360 -6.894862 -0.003397 -0.052580 
487 0.648333 0.000000 0.181905 101.969377 -8.502991 -0.001075 -0.047005 
488 0.501792 0.000000 0.136429 99.731929 -9.644265 -0.002533 -0.003947 
489 0.501792 0.000000 0.090953 99.735533 -9.543623 -0.003883 -0.003826 
490 0.550639 0.000000 0.136429 101.655012 -7.218205 -0.001519 -0.038584 
491 0.501792 0.000000 0.181905 101.119796 -9.877955 -0.000405 -0.032279 
492 0.428522 0.000000 0.113691 98.326068 -12.188532 0.965765 0.018249 
493 0.428522 0.000000 0.090953 98.487465 -11.924171 0.848195 0.015731 
494 0.452945 0.000000 0.113691 99.040310 -10.688540 -0.003053 0.007677 
495 0.428522 0.000000 0.136429 99.141475 -11.705015 -0.002333 0.003396 
496 0.391886 0.000000 0.102322 103.019524 -12.609528 2.053335 -0.077624 
497 0.379675 0.000000 0.102322 104.775879 -12.613937 2.231614 -0.114208 
498 0.391886 0.000000 0.090953 102.666424 -12.603480 1.927308 -0.070296 
499 0.404098 0.000000 0.102322 100.873428 -12.550066 1.881401 -0.033649 
500 0.391886 0.000000 0.113691 102.852302 -12.607232 1.997840 -0.074153 
501 1.332192 0.000000 -0.181905 100.134910 -9.102619 0.327651 -0.010997 
502 1.332192 0.000000 -0.363811 99.859815 -7.705272 0.194445 -0.003139 
503 1.527580 0.000000 -0.181905 100.436579 -9.048093 0.000590 -0.016937 
504 1.332192 0.000000 0.000000 100.353890 -7.013761 0.170220 -0.012012 
505 1.332192 0.000000 0.181905 100.927807 -9.145447 -0.019921 -0.027006 
506 1.527580 0.000000 0.181905 101.269970 -9.187307 -0.350437 -0.034014 
507 1.332192 0.000000 0.363811 100.045398 -7.678805 -0.157064 -0.006807 
508 1.234498 0.000000 -0.090953 98.823605 -11.452023 0.016870 0.010275 
509 1.136804 0.000000 -0.090953 101.039262 -7.944594 0.003289 -0.027205 
510 1.234498 0.000000 -0.181905 100.812903 -12.441164 0.002675 -0.031802 
511 1.332192 0.000000 -0.090953 99.283853 -9.910099 0.110940 0.004449 
512 1.234498 0.000000 0.000000 75.628574 -0.034917 0.002980 0.428032 
513 1.234498 0.000000 0.090953 98.780150 -11.448382 0.008194 0.011142 
514 1.136804 0.000000 0.090953 101.018898 -7.942973 -0.003813 -0.026791 
515 1.332192 0.000000 0.090953 99.446431 -9.926202 0.065964 0.001187 
516 1.234498 0.000000 0.181905 100.786941 -12.439612 0.001275 -0.031275 
517 4.263014 0.000000 -8.731461 99.755596 -6.985037 -0.000597 0.000003 
518 4.263014 0.000000 -11.641948 99.755887 -6.981769 -0.000309 0.000002 
519 7.389224 0.000000 -8.731461 99.755445 -6.987310 -0.001146 0.000003 
520 2.699909 0.000000 -4.365730 99.753485 -6.997958 -0.001545 0.000027 
521 2.699909 0.000000 -5.820974 99.755124 -6.990510 -0.000802 0.000005 
522 4.263014 0.000000 -4.365730 99.753638 -7.006932 -0.003236 0.000011 
523 1.918356 0.000000 -2.182865 99.760246 -7.034561 0.003481 -0.000159 
524 1.918356 0.000000 -2.910487 99.761225 -7.016163 0.003627 -0.000153 
525 2.699909 0.000000 -2.182865 99.748415 -7.061703 -0.003162 0.000039 
526 1.527580 0.000000 -1.091433 99.764861 -7.119895 0.019408 -0.000372 
527 1.527580 0.000000 -1.455243 99.760632 -7.073300 0.014369 -0.000222 
528 1.918356 0.000000 -1.091433 99.733577 -7.186749 0.028338 0.000156 
529 1.332192 0.000000 -0.545716 99.799159 -7.347328 0.067543 -0.001386 
530 1.136804 0.000000 -0.545716 99.807801 -7.284435 0.004647 -0.001466 
531 1.332192 0.000000 -0.727622 99.780796 -7.209913 0.042564 -0.000819 
532 1.527580 0.000000 -0.545716 99.743861 -7.416493 0.087430 -0.000385 
533 1.234498 0.000000 -0.272858 100.194956 -8.157351 0.059772 -0.010558 
534 1.136804 0.000000 -0.272858 102.007634 -12.113302 0.003616 -0.055229 
535 1.234498 0.000000 -0.363811 99.942888 -7.676158 0.050634 -0.004751 
536 1.332192 0.000000 -0.272858 100.513151 -12.997533 0.004435 -0.027183 
537 10.515434 0.000000 -2.910487 99.751833 -7.038614 -0.024983 0.000003 
538 10.515434 0.000000 -5.820974 99.754634 -6.998975 -0.004583 0.000003 
539 13.641644 0.000000 -2.910487 99.752234 -7.034065 -0.030912 0.000001 
540 10.515434 0.000000 0.000000 99.844192 -5.717993 0.040133 -0.000156 
541 5.826119 0.000000 -1.455243 99.740850 -7.171056 -0.076773 0.000033 
542 5.826119 0.000000 -2.910487 99.751124 -7.041180 -0.013744 0.000013 
543 7.389224 0.000000 -1.455243 99.743190 -7.158201 -0.095060 0.000005 
544 5.826119 0.000000 0.000000 99.784935 -6.556338 -2.458431 -0.000606 
545 3.481461 0.000000 -0.727622 99.708625 -7.569628 -0.123604 0.000088 
546 3.481461 0.000000 -1.455243 99.737653 -7.174601 -0.033393 0.000092 
547 4.263014 0.000000 -0.727622 99.711451 -7.561947 -0.186276 0.000041 
548 3.481461 0.000000 0.000000 100.046483 -2.710681 0.007825 -0.001665 
549 2.309132 0.000000 -0.363811 99.210092 -7.444511 -0.117323 0.010192 
550 2.309132 0.000000 -0.727622 99.636007 -7.491979 -0.009973 0.001654 
551 2.699909 0.000000 -0.363811 99.757202 -7.425460 0.077053 -0.000664 
552 2.309132 0.000000 0.000000 140.080303 -3.668863 -0.233216 -0.963601 
553 1.722968 0.000000 -0.181905 101.131482 -9.101932 -0.292104 -0.031051 
554 1.722968 0.000000 -0.363811 99.614371 -7.840027 0.137556 0.001549 
555 1.918356 0.000000 -0.181905 102.013032 -8.302578 -0.421531 -0.047577 
556 1.722968 0.000000 0.000000 101.317321 -7.728734 -0.607671 -0.032530 
557 1.429886 0.000000 -0.090953 100.385201 -9.292609 0.112307 -0.016355 
558 1.429886 0.000000 -0.181905 100.330097 -9.376089 0.287419 -0.015412 
559 1.527580 0.000000 -0.090953 100.706226 -8.896856 -0.081029 -0.022090 
560 1.429886 0.000000 0.000000 100.353889 -7.013768 0.170219 -0.012012 
561 1.283345 0.000000 -0.136429 98.758932 -10.876459 0.131674 0.012836 
562 1.234498 0.000000 -0.136429 99.068322 -11.691167 0.012324 0.004878 
563 1.283345 0.000000 -0.181905 99.302077 -11.731598 0.065620 0.000146 
564 1.332192 0.000000 -0.136429 99.233856 -9.508339 0.223345 0.006218 
565 1.283345 0.000000 -0.090953 98.576918 -10.614937 0.137103 0.016990 
566 10.515434 0.000000 2.910487 99.755604 -6.985666 0.004383 0.000002 
567 13.641644 0.000000 2.910487 99.755804 -6.983447 0.007315 0.000001 
568 10.515434 0.000000 5.820974 99.756633 -6.971872 -0.000736 0.000001 
569 5.826119 0.000000 1.455243 99.749983 -7.073422 0.015439 -0.000009 
570 7.389224 0.000000 1.455243 99.749933 -7.063538 0.033970 0.000006 
571 5.826119 0.000000 2.910487 99.755235 -6.988817 -0.001177 0.000005 
572 3.481461 0.000000 0.727622 99.721658 -7.379258 -0.022668 0.000114 
573 4.263014 0.000000 0.727622 99.724446 -7.384127 0.027867 0.000051 
574 3.481461 0.000000 1.455243 99.744824 -7.074859 -0.009829 0.000092 
575 2.309132 0.000000 0.363811 99.220029 -7.214728 -0.193278 0.010330 
576 2.699909 0.000000 0.363811 99.776571 -7.139077 -0.397697 -0.000649 
577 2.309132 0.000000 0.727622 99.692585 -7.347967 -0.125287 0.000738 
578 1.722968 0.000000 0.181905 101.685818 -9.596996 -0.640433 -0.043252 
579 1.918356 0.000000 0.181905 101.965763 -9.434054 -1.100239 -0.048723 
580 1.722968 0.000000 0.363811 99.734618 -7.798887 -0.475500 -0.000804 
581 1.429886 0.000000 0.090953 100.730331 -9.342881 0.018953 -0.023389 
582 1.527580 0.000000 0.090953 101.045206 -8.959186 -0.162697 -0.029043 
583 1.429886 0.000000 0.181905 101.011088 -9.441087 -0.074317 -0.029238 
584 4.263014 0.000000 8.731461 99.756795 -6.972768 -0.000532 -0.000004 
585 7.389224 0.000000 8.731461 99.756720 -6.971923 -0.000591 -0.000001 
586 4.263014 0.000000 11.641948 99.756715 -6.972951 -0.000282 -0.000002 
587 2.699909 0.000000 4.365730 99.761171 -6.981938 -0.003369 -0.000104 
588 4.263014 0.000000 4.365730 99.756464 -6.978090 -0.002056 -0.000005 
589 2.699909 0.000000 5.820974 99.757080 -6.974661 -0.001190 -0.000012 
590 1.918356 0.000000 2.182865 99.765837 -7.000205 -0.015685 -0.000223 
591 2.699909 0.000000 2.182865 99.752918 -7.012490 -0.012743 0.000018 
592 1.918356 0.000000 2.910487 99.768248 -6.989139 -0.010271 -0.000255 
593 1.527580 0.000000 1.091433 99.787831 -7.073792 -0.056218 -0.000765 
594 1.918356 0.000000 1.091433 99.758004 -7.107610 -0.078831 -0.000218 
595 1.527580 0.000000 1.455243 99.777713 -7.032587 -0.034115 -0.000505 
596 1.332192 0.000000 0.545716 99.914890 -7.308627 -0.091931 -0.003641 
597 1.136804 0.000000 0.545716 99.863061 -7.267081 -0.024207 -0.002544 
598 1.527580 0.000000 0.545716 99.880334 -7.368947 -0.181539 -0.003042 
599 1.332192 0.000000 0.727622 99.844400 -7.166896 -0.070070 -0.002027 
600 1.234498 0.000000 0.272858 100.292065 -8.140452 0.028519 -0.012477 
601 1.136804 0.000000 0.272858 101.997087 -12.118952 0.001474 -0.055027 
602 1.332192 0.000000 0.272858 100.870923 -13.046980 0.006434 -0.034517 
603 1.234498 0.000000 0.363811 100.037100 -7.653418 -0.016721 -0.006600 
604 1.283345 0.000000 0.136429 98.967873 -10.887983 0.014344 0.008681 
605 1.234498 0.000000 0.136429 99.029696 -11.687816 0.008153 0.005651 
606 1.283345 0.000000 0.090953 98.715212 -10.619640 -0.000722 0.014253 
607 1.332192 0.000000 0.136429 99.648275 -9.524863 -0.044068 -0.002050 
608 1.283345 0.000000 0.181905 99.618326 -11.762193 0.009459 -0.006216 
609 2.113744 0.000000 -0.181905 100.479068 -6.107184 3.366173 -0.014467 
610 2.113744 0.000000 -0.363811 99.526943 -7.284424 0.466602 0.004111 
611 2.309132 0.000000 -0.181905 97.841680 -5.851752 -2.762765 0.038513 
612 2.113744 0.000000 0.000000 103.195807 0.808699 0.090336 -0.065004 
613 2.113744 0.000000 0.181905 100.676796 -5.978052 -3.782067 -0.018586 
614 2.309132 0.000000 0.181905 97.937236 -5.537731 2.112872 0.037317 
615 2.113744 0.000000 0.363811 99.620559 -7.117539 -0.757443 0.002451 
616 2.016050 0.000000 -0.090953 101.910465 -8.379061 -0.490210 -0.045619 
617 1.918356 0.000000 -0.090953 101.966800 -7.944367 -0.684468 -0.046081 
618 2.016050 0.000000 -0.181905 102.126109 -8.318571 -0.171443 -0.049897 
619 2.113744 0.000000 -0.090953 105.550607 -8.360927 11.052870 -0.133300 
620 2.016050 0.000000 0.000000 101.871098 -7.575387 -0.875765 -0.043587 
621 2.016050 0.000000 0.090953 101.650069 -9.075979 -0.281925 -0.041519 
622 1.918356 0.000000 0.090953 101.914742 -8.393086 -0.883047 -0.045784 
623 2.113744 0.000000 0.090953 106.047794 -8.256198 -11.125213 -0.143807 
624 2.016050 0.000000 0.181905 102.032556 -9.270623 -0.388359 -0.049674 
625 2.309132 0.000000 -1.091433 99.709840 -7.245081 0.000626 0.000546 
626 2.309132 0.000000 -1.455243 99.736747 -7.131587 -0.000384 0.000172 
627 2.699909 0.000000 -1.091433 99.718607 -7.277727 -0.031490 0.000323 
628 2.113744 0.000000 -0.545716 99.497090 -7.536480 0.083829 0.004352 
629 1.918356 0.000000 -0.545716 99.591567 -7.488770 0.061334 0.002543 
630 2.113744 0.000000 -0.727622 99.668568 -7.440581 0.046833 0.001081 
631 2.309132 0.000000 -0.545716 99.527805 -7.646903 -0.015977 0.003574 
632 2.016050 0.000000 -0.272858 100.090383 -6.395636 0.503003 -0.005924 
633 1.918356 0.000000 -0.272858 102.228960 -10.289955 -0.300685 -0.055673 
634 2.016050 0.000000 -0.363811 99.757198 -7.177274 0.277991 -0.000309 
635 2.113744 0.000000 -0.272858 99.435190 -6.656856 1.140898 0.006703 
636 3.090685 0.000000 -0.363811 99.737421 -7.442210 0.338696 -0.000305 
637 3.090685 0.000000 -0.727622 99.707309 -7.565673 -0.099839 0.000120 
638 3.481461 0.000000 -0.363811 99.709091 -7.573788 0.544772 0.000044 
639 3.090685 0.000000 0.000000 99.992491 -3.153160 -0.215845 -0.000849 
640 2.504521 0.000000 -0.181905 100.352365 -5.435879 -0.391273 -0.010030 
641 2.504521 0.000000 -0.363811 99.633081 -7.393403 -0.188607 0.001855 
642 2.699909 0.000000 -0.181905 99.999605 -5.309563 0.202102 -0.002815 
643 2.504521 0.000000 0.000000 101.366250 -3.499118 -0.281492 -0.028744 
644 2.211438 0.000000 -0.090953 88.221945 -7.974806 15.955237 0.189872 
645 2.211438 0.000000 -0.181905 96.165818 -6.156022 2.284259 0.070902 
646 2.309132 0.000000 -0.090953 108.122838 -4.752603 -18.950229 -0.207225 
647 2.211438 0.000000 0.000000 151.984694 -0.361193 -0.010914 -1.309948 
648 2.064897 0.000000 -0.136429 102.137191 -7.804268 -0.143416 -0.049293 
649 2.016050 0.000000 -0.136429 101.929531 -9.276973 -0.532230 -0.047597 
650 2.064897 0.000000 -0.181905 101.167541 -5.513700 1.901893 -0.026889 
651 2.113744 0.000000 -0.136429 102.924795 -6.745824 6.326625 -0.067905 
652 2.064897 0.000000 -0.090953 102.298074 -7.870006 2.527277 -0.053322 
653 3.090685 0.000000 0.363811 99.751941 -7.193130 -0.645695 -0.000261 
654 3.481461 0.000000 0.363811 99.723973 -7.353523 -0.819135 0.000038 
655 3.090685 0.000000 0.727622 99.721371 -7.372413 -0.043359 0.000129 
656 2.504521 0.000000 0.181905 100.345140 -5.124209 -0.213964 -0.009545 
657 2.699909 0.000000 0.181905 100.003893 -5.014620 -0.813361 -0.002659 
658 2.504521 0.000000 0.363811 99.629005 -7.118234 -0.086850 0.002338 
659 2.211438 0.000000 0.090953 88.506887 -7.527964 -16.027923 0.185297 
660 2.309132 0.000000 0.090953 108.214095 -4.473303 18.006256 -0.205453 
661 2.211438 0.000000 0.181905 96.343823 -5.880326 -2.832747 0.067527 
662 2.309132 0.000000 1.091433 99.724716 -7.139850 -0.060113 0.000400 
663 2.699909 0.000000 1.091433 99.728233 -7.155449 -0.035823 0.000308 
664 2.309132 0.000000 1.455243 99.748097 -7.060818 -0.035348 0.000046 
665 2.113744 0.000000 0.545716 99.582127 -7.403071 -0.267272 0.002852 
666 1.918356 0.000000 0.545716 99.676669 -7.399887 -0.231485 0.000975 
667 2.309132 0.000000 0.545716 99.540531 -7.460207 -0.156959 0.003600 
668 2.113744 0.000000 0.727622 99.734106 -7.327693 -0.166957 -0.000061 
669 2.016050 0.000000 0.272858 100.150421 -6.318675 -0.797169 -0.007067 
670 1.918356 0.000000 0.272858 102.087699 -11.552920 -0.690953 -0.055585 
671 2.113744 0.000000 0.272858 99.559903 -6.493044 -1.490005 0.004345 
672 2.016050 0.000000 0.363811 99.822577 -7.059579 -0.535280 -0.001467 
673 2.064897 0.000000 0.136429 102.035829 -8.419962 -0.100224 -0.048222 
674 2.016050 0.000000 0.136429 101.637872 -10.074142 -0.316483 -0.043185 
675 2.064897 0.000000 0.090953 102.179591 -8.412549 -2.816100 -0.051937 
676 2.113744 0.000000 0.136429 103.240833 -6.662762 -6.661487 -0.074744 
677 2.064897 0.000000 0.181905 101.335290 -5.526015 -2.226776 -0.030434 
678 2.211438 0.000000 -0.272858 98.067650 -6.823441 0.702747 0.033568 
679 2.211438 0.000000 -0.363811 99.173913 -7.376042 0.266770 0.011006 
680 2.309132 0.000000 -0.272858 98.558161 -6.784444 -0.617192 0.023988 
681 2.162591 0.000000 -0.136429 98.266469 -6.831710 7.916939 0.023435 
682 2.162591 0.000000 -0.181905 98.347551 -6.272739 3.795294 0.027401 
683 2.211438 0.000000 -0.136429 93.331215 -6.392929 5.474935 0.121844 
684 2.162591 0.000000 -0.090953 98.090284 -8.596642 15.352353 0.006870 
685 2.064897 0.000000 -0.045476 102.121807 -7.696817 -0.138642 -0.048812 
686 2.016050 0.000000 -0.045476 101.834776 -8.361729 -0.832636 -0.044093 
687 2.113744 0.000000 -0.045476 101.524109 0.936597 4.603264 -0.032921 
688 2.064897 0.000000 0.000000 95.376086 0.851810 0.137194 0.090266 
689 2.089321 0.000000 -0.113691 105.056018 -7.460803 5.423863 -0.112185 
690 2.064897 0.000000 -0.113691 102.951593 -7.371416 3.992074 -0.066930 
691 2.089321 0.000000 -0.136429 102.020680 -6.165338 -0.028469 -0.044623 
692 2.113744 0.000000 -0.113691 105.611198 -8.355494 10.912750 -0.134263 
693 2.089321 0.000000 -0.090953 104.942466 -7.470908 5.205633 -0.109583 
694 2.064897 0.000000 0.045476 102.028987 -8.309413 -0.089015 -0.047897 
695 2.016050 0.000000 0.045476 101.539712 -8.885057 -0.483744 -0.038949 
696 2.113744 0.000000 0.045476 101.386911 0.923285 -4.487701 -0.030030 
697 2.211438 0.000000 0.272858 98.163732 -6.563814 -1.089759 0.031961 
698 2.309132 0.000000 0.272858 98.627096 -6.519220 0.157302 0.023017 
699 2.211438 0.000000 0.363811 99.264197 -7.164149 -0.589224 0.009495 
700 2.162591 0.000000 0.136429 98.537882 -6.631866 -8.383154 0.017603 
701 2.162591 0.000000 0.090953 98.517820 -8.289833 -15.439901 -0.001287 
702 2.211438 0.000000 0.136429 93.643552 -6.089559 -6.031479 0.115742 
703 2.162591 0.000000 0.181905 98.545379 -6.048771 -4.289743 0.023382 
704 2.089321 0.000000 0.113691 105.308475 -7.664800 -5.493735 -0.117881 
705 2.064897 0.000000 0.113691 102.979278 -7.798260 -4.165164 -0.068289 
706 2.089321 0.000000 0.090953 105.184457 -7.692710 -5.283400 -0.115086 
707 2.113744 0.000000 0.113691 106.106865 -8.252201 -10.984238 -0.144742 
708 2.089321 0.000000 0.136429 101.975678 -6.767386 -0.051471 -0.044484 
709 2.162591 0.000000 -0.045476 121.049121 0.448962 8.825570 -0.473098 
710 2.211438 0.000000 -0.045476 152.601141 -0.229394 11.750383 -1.342523 
711 2.162591 0.000000 0.000000 122.806884 0.299778 0.011515 -0.508162 
712 2.138168 0.000000 -0.113691 101.865313 -8.629953 15.050781 -0.067754 
713 2.138168 0.000000 -0.136429 100.728661 -6.893562 7.771296 -0.025418 
714 2.162591 0.000000 -0.113691 98.115482 -7.884889 11.687707 0.017458 
715 2.138168 0.000000 -0.090953 101.540750 -8.649441 15.003153 -0.061043 
716 2.089321 0.000000 -0.068215 102.020680 -6.169144 -0.028694 -0.044628 
717 2.064897 0.000000 -0.068215 101.947963 -10.491193 -0.650550 -0.050388 
718 2.113744 0.000000 -0.068215 99.180417 1.124069 6.793447 0.011583 
719 2.089321 0.000000 -0.045476 96.541281 1.024520 2.592928 0.067201 
720 2.101533 0.000000 -0.102322 106.395902 -8.000665 7.779894 -0.144463 
721 2.089321 0.000000 -0.102322 105.683264 -7.602670 5.900735 -0.126157 
722 2.101533 0.000000 -0.113691 106.546659 -7.984341 7.329512 -0.146966 
723 2.113744 0.000000 -0.102322 105.504555 -8.380875 11.523848 -0.133425 
724 2.101533 0.000000 -0.090953 106.530566 -8.078698 7.888726 -0.147626 
725 2.162591 0.000000 0.045476 120.899989 0.486050 -8.820342 -0.469484 
726 2.211438 0.000000 0.045476 152.336103 -0.260117 -11.802320 -1.334565 
727 2.089321 0.000000 0.068215 101.975735 -6.771432 -0.051779 -0.044491 
728 2.064897 0.000000 0.068215 101.493028 -11.222701 -0.056288 -0.042679 
729 2.089321 0.000000 0.045476 96.389340 1.059787 -2.414419 0.070214 
730 2.113744 0.000000 0.068215 99.005504 1.059755 -6.716240 0.015168 
731 2.138168 0.000000 0.113691 102.359758 -8.412894 -15.143287 -0.077762 
732 2.138168 0.000000 0.090953 102.019218 -8.412921 -15.093376 -0.070651 
733 2.162591 0.000000 0.113691 98.501273 -7.639295 -12.041165 0.009415 
734 2.138168 0.000000 0.136429 101.041342 -6.725029 -8.186382 -0.032160 
735 2.101533 0.000000 0.102322 106.804165 -7.990888 -7.829660 -0.153229 
736 2.089321 0.000000 0.102322 105.984763 -7.734452 -5.956987 -0.132808 
737 2.101533 0.000000 0.090953 106.959082 -8.046534 -7.939922 -0.156803 
738 2.113744 0.000000 0.102322 106.009107 -8.270088 -11.599050 -0.144086 
739 2.101533 0.000000 0.113691 106.952379 -7.978029 -7.377202 -0.155688 
740 2.138168 0.000000 -0.068215 107.709746 0.861385 10.282376 -0.170786 
741 2.162591 0.000000 -0.068215 118.833335 0.589129 13.201761 -0.429600 
742 2.138168 0.000000 -0.045476 109.694931 0.725870 6.892125 -0.208101 
743 2.125956 0.000000 -0.102322 102.876168 -8.548046 14.887990 -0.087823 
744 2.125956 0.000000 -0.113691 103.584630 -8.520317 14.162280 -0.100294 
745 2.138168 0.000000 -0.102322 101.677092 -8.641458 15.023136 -0.063860 
746 2.125956 0.000000 -0.090953 103.476932 -8.526159 14.254633 -0.098337 
747 2.138168 0.000000 0.068215 107.523370 0.816647 -10.289333 -0.166781 
748 2.138168 0.000000 0.045476 109.618904 0.708079 -6.854523 -0.206379 
749 2.162591 0.000000 0.068215 118.639338 0.471682 -13.276006 -0.425177 
750 2.125956 0.000000 0.102322 103.405919 -8.392353 -14.983838 -0.098773 
751 2.125956 0.000000 0.090953 103.999531 -8.369895 -14.345935 -0.109176 
752 2.138168 0.000000 0.102322 102.162256 -8.412987 -15.114318 -0.073635 
753 2.125956 0.000000 0.113691 104.107775 -8.366564 -14.253132 -0.111158 
754 2.406827 0.000000 -0.090953 103.169597 -4.415782 -2.528126 -0.066986 
755 2.406827 0.000000 -0.181905 100.328187 -5.498441 -1.672385 -0.009877 
756 2.504521 0.000000 -0.090953 100.996402 -4.116314 -0.427500 -0.021740 
757 2.406827 0.000000 0.000000 105.965657 -3.874841 -0.296060 -0.124382 
758 2.260285 0.000000 -0.136429 90.994042 -5.779150 -2.389500 0.168098 
759 2.260285 0.000000 -0.181905 95.692546 -6.039398 -0.771856 0.080587 
760 2.309132 0.000000 -0.136429 98.040635 -5.356823 -7.133403 0.030845 
761 2.260285 0.000000 -0.090953 71.335472 -6.925629 11.781290 0.472449 
762 2.187015 0.000000 -0.113691 95.166135 -7.412072 11.050692 0.076635 
763 2.187015 0.000000 -0.136429 95.808636 -6.623337 7.198793 0.072501 
764 2.211438 0.000000 -0.113691 90.465791 -6.946796 9.357808 0.168011 
765 2.187015 0.000000 -0.090953 92.131023 -8.273164 16.817296 0.116061 
766 2.150380 0.000000 -0.102322 100.591625 -8.676837 14.864122 -0.041490 
767 2.150380 0.000000 -0.113691 100.996065 -8.679651 14.923522 -0.049825 
768 2.162591 0.000000 -0.102322 98.171644 -8.596901 15.509487 0.004788 
769 2.150380 0.000000 -0.090953 99.877025 -8.655345 15.042858 -0.027662 
770 2.406827 0.000000 0.090953 103.179487 -4.206629 1.649520 -0.066642 
771 2.504521 0.000000 0.090953 100.999211 -3.932018 -0.414800 -0.021647 
772 2.406827 0.000000 0.181905 100.351182 -5.202038 1.008281 -0.009844 
773 2.260285 0.000000 0.136429 91.300676 -5.413977 1.705486 0.163197 
774 2.260285 0.000000 0.090953 71.843492 -6.709332 -11.884094 0.465227 
775 2.309132 0.000000 0.136429 98.194798 -4.998677 6.325464 0.029278 
776 2.260285 0.000000 0.181905 95.856239 -5.715372 0.178818 0.077888 
777 2.187015 0.000000 0.113691 95.465997 -7.107778 -11.490993 0.070368 
778 2.187015 0.000000 0.090953 92.491270 -7.884938 -16.905508 0.109740 
779 2.211438 0.000000 0.113691 90.734228 -6.629500 -9.799536 0.162732 
780 2.187015 0.000000 0.136429 96.080792 -6.389540 -7.713366 0.066816 
781 2.150380 0.000000 0.102322 101.034930 -8.399014 -14.949300 -0.050208 
782 2.150380 0.000000 0.090953 100.316978 -8.369510 -15.129109 -0.036243 
783 2.162591 0.000000 0.102322 98.599888 -8.293423 -15.597879 -0.003401 
784 2.150380 0.000000 0.113691 101.447897 -8.412024 -15.009925 -0.058774 
785 2.260285 0.000000 -0.045476 185.864232 -2.015451 0.505254 -2.454983 
786 2.309132 0.000000 -0.045476 134.888370 -4.000247 -14.987347 -0.843549 
787 2.260285 0.000000 0.000000 171.200366 -2.087445 -0.131664 -1.931394 
788 2.187015 0.000000 -0.068215 132.725735 0.298860 16.434945 -0.788632 
789 2.211438 0.000000 -0.068215 152.762389 -0.052049 19.851503 -1.373043 
790 2.187015 0.000000 -0.045476 135.312199 0.139206 10.712115 -0.842416 
791 2.174803 0.000000 -0.102322 94.994782 -8.448666 16.339383 0.063764 
792 2.174803 0.000000 -0.113691 96.690324 -7.649509 11.310476 0.046454 
793 2.187015 0.000000 -0.102322 92.158347 -8.277951 16.822311 0.115532 
794 2.174803 0.000000 -0.090953 94.588069 -8.427255 16.460217 0.071114 
795 2.260285 0.000000 0.045476 185.328032 -2.052180 -0.829349 -2.435138 
796 2.309132 0.000000 0.045476 134.803498 -3.862606 14.232796 -0.838948 
797 2.187015 0.000000 0.068215 132.467197 0.260548 -16.513247 -0.782031 
798 2.187015 0.000000 0.045476 135.045002 0.157183 -10.757935 -0.835291 
799 2.211438 0.000000 0.068215 152.419625 -0.135178 -19.887358 -1.362727 
800 2.174803 0.000000 0.102322 95.401195 -8.115480 -16.431154 0.056277 
801 2.174803 0.000000 0.090953 94.992109 -8.092403 -16.552577 0.063702 
802 2.187015 0.000000 0.102322 92.524493 -7.896500 -16.911657 0.109086 
803 2.174803 0.000000 0.113691 97.065814 -7.378794 -11.723583 0.038634 
804 2.235862 0.000000 -0.068215 75.040547 -7.191265 12.392352 0.416363 
805 2.235862 0.000000 -0.090953 76.227228 -7.268894 12.587908 0.397812 
806 2.260285 0.000000 -0.068215 69.815304 -6.860110 11.530459 0.494581 
807 2.235862 0.000000 -0.045476 170.601911 -0.869267 10.126508 -1.920831 
808 2.235862 0.000000 -0.113691 86.745516 -6.400277 4.391047 0.241497 
809 2.235862 0.000000 -0.136429 91.287038 -6.074768 2.210336 0.162489 
810 2.260285 0.000000 -0.113691 83.951608 -5.863112 -3.639106 0.290451 
811 2.223650 0.000000 -0.079584 81.882973 -7.602517 14.082142 0.303907 
812 2.211438 0.000000 -0.079584 87.792763 -7.949164 15.835585 0.197848 
813 2.223650 0.000000 -0.090953 81.917255 -7.602074 13.992884 0.303597 
814 2.235862 0.000000 -0.079584 76.083135 -7.260474 12.564162 0.400078 
815 2.223650 0.000000 -0.068215 163.522386 -0.306828 18.028451 -1.706469 
816 2.235862 0.000000 0.068215 75.521477 -6.864849 -12.491409 0.409335 
817 2.235862 0.000000 0.045476 170.226814 -0.930981 -10.247331 -1.908304 
818 2.260285 0.000000 0.068215 70.347141 -6.708184 -11.636273 0.487088 
819 2.235862 0.000000 0.090953 76.686590 -6.932869 -12.683424 0.391023 
820 2.235862 0.000000 0.113691 87.081419 -6.043400 -4.914342 0.235615 
821 2.260285 0.000000 0.113691 84.347683 -5.494554 2.969405 0.284646 
822 2.235862 0.000000 0.136429 91.605580 -5.734921 -2.824092 0.156755 
823 2.223650 0.000000 0.079584 82.244055 -7.215433 -14.163616 0.298324 
824 2.211438 0.000000 0.079584 88.081774 -7.507952 -15.908673 0.193215 
825 2.223650 0.000000 0.068215 163.108717 -0.404756 -18.067050 -1.693104 
826 2.235862 0.000000 0.079584 76.545425 -6.925576 -12.660147 0.393256 
827 2.223650 0.000000 0.090953 82.274374 -7.215913 -14.073462 0.298080 
828 2.357979 0.000000 -0.045476 111.936819 -4.025050 -4.237758 -0.256401 
829 2.357979 0.000000 -0.090953 106.067271 -4.559963 -5.597303 -0.130239 
830 2.406827 0.000000 -0.045476 105.223111 -4.034829 -1.669374 -0.109097 
831 2.357979 0.000000 0.000000 114.196472 -3.835355 -0.271207 -0.305562 
832 2.284709 0.000000 -0.068215 162.118941 -4.094069 -54.227792 -1.923997 
833 2.284709 0.000000 -0.090953 89.971917 -5.083169 -37.609202 0.046476 
834 2.309132 0.000000 -0.068215 123.164570 -4.337669 -21.439913 -0.564800 
835 2.284709 0.000000 -0.045476 166.991832 -3.409029 -18.814512 -1.825188 
836 2.248074 0.000000 -0.079584 73.232776 -7.055243 12.094315 0.444091 
837 2.248074 0.000000 -0.090953 73.546234 -7.079574 12.145980 0.439331 
838 2.260285 0.000000 -0.079584 70.381954 -6.875553 11.623953 0.486399 
839 2.248074 0.000000 -0.068215 72.566076 -7.007444 11.984359 0.454144 
840 2.357979 0.000000 0.045476 111.909665 -3.926533 3.508049 -0.255150 
841 2.406827 0.000000 0.045476 105.217966 -3.930010 0.915015 -0.108710 
842 2.357979 0.000000 0.090953 106.123724 -4.282862 4.695387 -0.130263 
843 2.284709 0.000000 0.068215 161.717441 -3.896780 52.983958 -1.897502 
844 2.284709 0.000000 0.045476 166.687179 -3.294219 18.129371 -1.812414 
845 2.309132 0.000000 0.068215 123.115798 -4.143003 20.528220 -0.559607 
846 2.284709 0.000000 0.090953 90.344330 -4.788194 36.495492 0.048305 
847 2.248074 0.000000 0.079584 73.731917 -6.766155 -12.196299 0.436907 
848 2.248074 0.000000 0.068215 73.070092 -6.738170 -12.087017 0.446926 
849 2.260285 0.000000 0.079584 70.900145 -6.699902 -11.727930 0.479074 
850 2.248074 0.000000 0.090953 74.041637 -6.785920 -12.247329 0.432179 
851 5.044566 0.000000 -0.727622 99.713959 -7.545621 -0.251056 0.000013 
852 5.044566 0.000000 -1.455243 99.739984 -7.175278 -0.062845 0.000045 
853 5.826119 0.000000 -0.727622 99.717442 -7.520677 -0.313342 -0.000023 
854 5.044566 0.000000 0.000000 100.038940 -2.901105 -2.851558 -0.002434 
855 3.872238 0.000000 -0.363811 99.694193 -7.793250 0.724608 -0.000019 
856 3.872238 0.000000 -0.727622 99.710017 -7.571272 -0.153960 0.000056 
857 4.263014 0.000000 -0.363811 99.671955 -8.125856 0.872460 -0.000129 
858 3.872238 0.000000 0.000000 100.130867 -1.545253 0.105984 -0.002859 
859 5.044566 0.000000 0.727622 99.726109 -7.381159 0.082921 0.000021 
860 5.826119 0.000000 0.727622 99.728030 -7.372544 0.141283 -0.000005 
861 5.044566 0.000000 1.455243 99.748374 -7.071818 0.008238 0.000025 
862 4.653790 0.000000 -0.363811 99.638103 -8.620610 0.921833 -0.000292 
863 4.653790 0.000000 -0.727622 99.712515 -7.555952 -0.219155 0.000027 
864 5.044566 0.000000 -0.363811 99.592478 -9.283601 0.697247 -0.000533 
865 4.653790 0.000000 0.000000 100.070638 -2.437605 -2.626702 -0.002697 
866 3.872238 0.000000 0.363811 99.708755 -7.583971 -0.977512 -0.000031 
867 4.263014 0.000000 0.363811 99.687350 -7.916091 -1.099470 -0.000144 
868 3.872238 0.000000 0.727622 99.722938 -7.386131 0.001890 0.000078 
869 4.067626 0.000000 -0.181905 99.883995 -5.085393 1.502603 -0.000493 
870 3.872238 0.000000 -0.181905 99.881295 -5.115363 1.301410 -0.000413 
871 4.067626 0.000000 -0.363811 99.684289 -7.942633 0.805804 -0.000069 
872 4.263014 0.000000 -0.181905 99.886836 -5.053539 1.702586 -0.000582 
873 4.067626 0.000000 0.000000 100.362881 1.763085 -2.373914 -0.008145 
874 3.676849 0.000000 -0.181905 99.878215 -5.140146 1.101574 -0.000329 
875 3.481461 0.000000 -0.181905 99.876241 -5.165067 0.903868 -0.000276 
876 3.676849 0.000000 -0.363811 99.701690 -7.670060 0.636470 0.000034 
877 3.676849 0.000000 0.000000 100.081904 -2.223463 0.143571 -0.002135 
878 4.653790 0.000000 0.363811 99.655657 -8.375983 -1.113997 -0.000265 
879 5.044566 0.000000 0.363811 99.615762 -8.955377 -0.883541 -0.000428 
880 4.653790 0.000000 0.727622 99.725432 -7.383566 0.054121 0.000032 
881 4.067626 0.000000 0.181905 99.885696 -5.060929 -2.094123 -0.000715 
882 3.872238 0.000000 0.181905 99.885319 -5.057122 -1.903241 -0.000627 
883 4.263014 0.000000 0.181905 99.886768 -5.057963 -2.284016 -0.000817 
884 4.067626 0.000000 0.363811 99.698816 -7.734707 -1.045072 -0.000077 
885 3.969932 0.000000 -0.090953 100.081769 -2.252341 -0.542700 -0.002173 
886 3.872238 0.000000 -0.090953 100.060609 -2.550358 0.694340 -0.001911 
887 3.969932 0.000000 -0.181905 99.882629 -5.100566 1.401876 -0.000452 
888 4.067626 0.000000 -0.090953 100.067791 -2.456749 -0.528695 -0.001988 
889 3.969932 0.000000 0.000000 100.170858 -0.978159 0.430322 -0.003534 
890 4.458402 0.000000 -0.181905 99.889278 -5.022884 1.901006 -0.000671 
891 4.458402 0.000000 -0.363811 99.656657 -8.348364 0.916931 -0.000199 
892 4.653790 0.000000 -0.181905 99.891232 -5.001655 2.092691 -0.000765 
893 4.458402 0.000000 0.000000 100.093788 -2.100107 -2.574685 -0.002981 
894 8.952329 0.000000 -1.455243 99.744577 -7.140988 -0.111974 0.000001 
895 8.952329 0.000000 -2.910487 99.751633 -7.040255 -0.021546 0.000005 
896 10.515434 0.000000 -1.455243 99.746019 -7.121732 -0.124612 -0.000000 
897 8.952329 0.000000 0.000000 99.887863 -5.092183 0.162395 -0.000354 
898 6.607671 0.000000 -0.727622 99.721246 -7.469463 -0.369971 -0.000026 
899 6.607671 0.000000 -1.455243 99.742517 -7.165472 -0.085086 0.000008 
900 7.389224 0.000000 -0.727622 99.725430 -7.412223 -0.416296 -0.000028 
901 6.607671 0.000000 0.000000 99.987891 -3.656632 1.391005 -0.001288 
902 5.435343 0.000000 -0.363811 99.552833 -9.856864 -0.026187 -0.000793 
903 5.435343 0.000000 -0.727622 99.715423 -7.531337 -0.282628 0.000003 
904 5.826119 0.000000 -0.363811 99.553356 -9.867600 -1.039666 -0.000932 
905 5.435343 0.000000 0.000000 100.045036 -2.819345 -3.373085 -0.002834 
906 4.849178 0.000000 -0.181905 99.892807 -4.984900 2.275290 -0.000860 
907 4.849178 0.000000 -0.363811 99.616317 -8.938055 0.860060 -0.000404 
908 5.044566 0.000000 -0.181905 99.895095 -4.956994 2.460783 -0.000966 
909 4.849178 0.000000 0.000000 100.052650 -2.700397 -2.719969 -0.002522 
910 8.952329 0.000000 1.455243 99.750763 -7.053436 0.047330 0.000003 
911 10.515434 0.000000 1.455243 99.751674 -7.041395 0.057709 0.000002 
912 8.952329 0.000000 2.910487 99.755497 -6.986627 0.002683 0.000003 
913 6.607671 0.000000 0.727622 99.730434 -7.339470 0.196117 -0.000007 
914 7.389224 0.000000 0.727622 99.733383 -7.299408 0.242665 -0.000009 
915 6.607671 0.000000 1.455243 99.749540 -7.067590 0.026327 0.000008 
916 5.435343 0.000000 0.363811 99.582596 -9.434791 -0.257371 -0.000577 
917 5.826119 0.000000 0.363811 99.581331 -9.469199 0.591673 -0.000646 
918 5.435343 0.000000 0.727622 99.726812 -7.375391 0.112053 0.000015 
919 4.849178 0.000000 0.181905 99.889703 -5.032045 -2.873146 -0.001153 
920 4.653790 0.000000 0.181905 99.889212 -5.033791 -2.659854 -0.001027 
921 5.044566 0.000000 0.181905 99.884286 -5.113977 -3.122612 -0.001277 
922 4.849178 0.000000 0.363811 99.636254 -8.658384 -1.041266 -0.000343 
923 4.751484 0.000000 -0.090953 100.123449 -1.684607 -1.405120 -0.002952 
924 4.653790 0.000000 -0.090953 100.115694 -1.792542 -1.298234 -0.002805 
925 4.751484 0.000000 -0.181905 99.892047 -4.993006 2.184195 -0.000812 
926 4.849178 0.000000 -0.090953 100.131031 -1.578916 -1.493254 -0.003095 
927 4.751484 0.000000 0.000000 100.061200 -2.575472 -2.669177 -0.002600 
928 5.239954 0.000000 -0.181905 99.774447 -6.686083 2.916668 -0.000815 
929 5.239954 0.000000 -0.363811 99.569651 -9.614061 0.402092 -0.000671 
930 5.435343 0.000000 -0.181905 100.217075 -0.358432 -1.359756 -0.004544 
931 5.239954 0.000000 0.000000 100.033338 -2.984883 -3.054431 -0.002491 
932 5.239954 0.000000 0.181905 99.875242 -5.246725 -3.487510 -0.001475 
933 5.435343 0.000000 0.181905 99.932975 -4.422744 2.115083 -0.001063 
934 5.239954 0.000000 0.363811 99.596657 -9.232103 -0.621057 -0.000511 
935 5.142260 0.000000 -0.090953 100.150926 -1.300918 -1.617211 -0.003452 
936 5.044566 0.000000 -0.090953 100.145016 -1.383686 -1.601040 -0.003350 
937 5.142260 0.000000 -0.181905 99.896477 -4.938996 2.787601 -0.001147 
938 5.239954 0.000000 -0.090953 100.155714 -1.234467 -1.607960 -0.003528 
939 5.142260 0.000000 0.000000 100.034720 -2.963083 -2.940763 -0.002437 
940 6.216895 0.000000 -0.363811 99.590171 -9.339143 -1.788041 -0.000862 
941 6.216895 0.000000 -0.727622 99.718949 -7.494375 -0.344979 -0.000015 
942 6.607671 0.000000 -0.363811 99.636648 -8.679330 -2.115928 -0.000727 
943 6.216895 0.000000 0.000000 99.999044 -3.495473 2.419950 -0.001788 
944 5.630731 0.000000 -0.181905 100.197787 -0.636568 -2.985219 -0.004891 
945 5.630731 0.000000 -0.363811 99.546930 -9.943882 -0.535243 -0.000876 
946 5.826119 0.000000 -0.181905 100.162370 -1.158694 -3.161202 -0.004384 
947 5.630731 0.000000 0.000000 100.075036 -2.392348 -3.661908 -0.003415 
948 6.216895 0.000000 0.363811 99.609817 -9.065310 1.241133 -0.000584 
949 6.607671 0.000000 0.363811 99.646925 -8.533048 1.563553 -0.000477 
950 6.216895 0.000000 0.727622 99.729531 -7.357023 0.167221 -0.000013 
951 6.021507 0.000000 -0.181905 100.126604 -1.671390 -3.272536 -0.003884 
952 6.021507 0.000000 -0.363811 99.568995 -9.645206 -1.466969 -0.000917 
953 6.216895 0.000000 -0.181905 100.090718 -2.182771 -3.287316 -0.003372 
954 6.021507 0.000000 0.000000 99.980625 -3.759206 3.470937 -0.002230 
955 6.021507 0.000000 0.181905 100.048755 -2.785314 2.448673 -0.002351 
956 5.826119 0.000000 0.181905 100.082840 -2.296761 2.215189 -0.002676 
957 6.216895 0.000000 0.181905 100.015081 -3.267921 2.566832 -0.002028 
958 6.021507 0.000000 0.363811 99.593006 -9.303303 0.959250 -0.000624 
959 5.923813 0.000000 -0.090953 100.139035 -1.493256 -1.120940 -0.003131 
960 5.826119 0.000000 -0.090953 100.147118 -1.377048 -1.201117 -0.003278 
961 5.923813 0.000000 -0.181905 100.144595 -1.413517 -3.228997 -0.004136 
962 6.021507 0.000000 -0.090953 100.129608 -1.628635 -1.048269 -0.002969 
963 5.923813 0.000000 0.000000 99.841674 -5.745579 3.789108 -0.001573 
964 3.286073 0.000000 -0.181905 99.877312 -5.187098 0.713842 -0.000289 
965 3.090685 0.000000 -0.181905 99.887595 -5.215177 0.543042 -0.000502 
966 3.286073 0.000000 -0.363811 99.721093 -7.499383 0.452839 -0.000074 
967 3.286073 0.000000 0.000000 100.020124 -2.993378 -0.124159 -0.001300 
968 2.895297 0.000000 -0.181905 99.908536 -5.281557 0.388927 -0.000976 
969 2.895297 0.000000 -0.363811 99.758079 -7.438499 0.229233 -0.000706 
970 2.895297 0.000000 0.000000 100.013219 -3.281471 -0.269559 -0.001348 
971 3.286073 0.000000 0.181905 99.885438 -5.019573 -1.332681 -0.000407 
972 3.090685 0.000000 0.181905 99.891227 -5.000644 -1.174308 -0.000464 
973 3.481461 0.000000 0.181905 99.884824 -5.034640 -1.519830 -0.000464 
974 3.286073 0.000000 0.363811 99.734005 -7.272031 -0.733726 -0.000029 
975 3.188379 0.000000 -0.090953 99.953290 -3.916264 0.422422 -0.000618 
976 3.090685 0.000000 -0.090953 99.949233 -3.931975 0.368784 -0.000545 
977 3.188379 0.000000 -0.181905 99.882775 -5.195306 0.620577 -0.000395 
978 3.286073 0.000000 -0.090953 99.960309 -3.896572 0.518725 -0.000752 
979 3.188379 0.000000 0.000000 100.004134 -3.083567 -0.179322 -0.001037 
980 2.895297 0.000000 0.181905 99.915800 -5.024275 -1.022317 -0.000946 
981 2.895297 0.000000 0.363811 99.775614 -7.173733 -0.549999 -0.000694 
982 2.992991 0.000000 -0.090953 99.960069 -3.973334 0.322086 -0.000791 
983 2.895297 0.000000 -0.090953 99.974676 -3.981978 0.254456 -0.001086 
984 2.992991 0.000000 -0.181905 99.893346 -5.247779 0.459518 -0.000643 
985 2.992991 0.000000 0.000000 99.997204 -3.232519 -0.245056 -0.000995 
986 3.188379 0.000000 0.090953 99.962736 -3.751171 -1.306225 -0.000833 
987 3.090685 0.000000 0.090953 99.957628 -3.758437 -1.230477 -0.000717 
988 3.286073 0.000000 0.090953 99.968682 -3.752494 -1.401593 -0.000978 
989 3.188379 0.000000 0.181905 99.888966 -5.005098 -1.252491 -0.000443 
990 3.139532 0.000000 -0.045476 99.971254 -3.487828 0.135105 -0.000643 
991 3.090685 0.000000 -0.045476 99.970040 -3.487974 0.115272 -0.000619 
992 3.139532 0.000000 -0.090953 99.949547 -3.924539 0.392521 -0.000547 
993 3.188379 0.000000 -0.045476 99.976788 -3.486914 0.155546 -0.000754 
994 3.139532 0.000000 0.000000 99.996346 -3.120157 -0.197942 -0.000904 
995 4.165320 0.000000 -0.090953 100.077821 -2.318975 -0.614573 -0.002133 
996 4.165320 0.000000 -0.181905 99.885475 -5.068852 1.601691 -0.000537 
997 4.263014 0.000000 -0.090953 100.085515 -2.213071 -0.767682 -0.002260 
998 4.165320 0.000000 0.000000 100.154093 -1.229169 -2.711808 -0.003971 
999 4.458402 0.000000 0.181905 99.887873 -5.046831 -2.470270 -0.000916 
1000 4.458402 0.000000 0.363811 99.672800 -8.125071 -1.126524 -0.000195 
1001 4.360708 0.000000 -0.090953 100.092625 -2.113597 -0.907901 -0.002383 
1002 4.360708 0.000000 -0.181905 99.888264 -5.035651 1.803579 -0.000628 
1003 4.458402 0.000000 -0.090953 100.100086 -2.009128 -1.045302 -0.002516 
1004 4.360708 0.000000 0.000000 100.109944 -1.866372 -2.553981 -0.003201 
1005 4.556096 0.000000 -0.090953 100.107878 -1.901013 -1.176943 -0.002659 
1006 4.556096 0.000000 -0.181905 99.890331 -5.011248 1.998193 -0.000718 
1007 4.556096 0.000000 0.000000 100.081198 -2.283452 -2.594687 -0.002819 
1008 4.946872 0.000000 -0.090953 100.138289 -1.477573 -1.559350 -0.003229 
1009 4.946872 0.000000 -0.181905 99.893239 -4.981197 2.366882 -0.000907 
1010 4.946872 0.000000 0.000000 100.045114 -2.810566 -2.779720 -0.002465 
1011 5.337648 0.000000 -0.090953 100.159046 -1.188537 -1.575067 -0.003573 
1012 5.337648 0.000000 -0.181905 99.974198 -3.831337 -1.180797 -0.001091 
1013 5.435343 0.000000 -0.090953 100.160553 -1.167090 -1.521361 -0.003581 
1014 5.337648 0.000000 0.000000 100.036221 -2.945378 -3.198962 -0.002615 
1015 5.826119 0.000000 -4.365730 99.753591 -7.009054 -0.004951 0.000009 
1016 5.826119 0.000000 -5.820974 99.754648 -6.996238 -0.002384 0.000006 
1017 7.389224 0.000000 -4.365730 99.753645 -7.010453 -0.006502 0.000006 
1018 5.044566 0.000000 -2.182865 99.747373 -7.076393 -0.023417 0.000039 
1019 4.263014 0.000000 -2.182865 99.746024 -7.076845 -0.018995 0.000065 
1020 5.044566 0.000000 -2.910487 99.749013 -7.037226 -0.013758 0.000061 
1021 5.826119 0.000000 -2.182865 99.747961 -7.079625 -0.028586 0.000022 
1022 5.435343 0.000000 -1.091433 99.733128 -7.282547 -0.130380 0.000025 
1023 5.044566 0.000000 -1.091433 99.731906 -7.286645 -0.119821 0.000044 
1024 5.435343 0.000000 -1.455243 99.740773 -7.171061 -0.068450 0.000035 
1025 5.826119 0.000000 -1.091433 99.734145 -7.281757 -0.142398 0.000006 
1026 5.630731 0.000000 -0.545716 99.692236 -7.865834 -0.440407 -0.000061 
1027 5.435343 0.000000 -0.545716 99.691309 -7.876268 -0.396686 -0.000055 
1028 5.630731 0.000000 -0.727622 99.716319 -7.521548 -0.297841 -0.000001 
1029 5.826119 0.000000 -0.545716 99.693697 -7.860383 -0.484803 -0.000085 
1030 5.533037 0.000000 -0.272858 100.012618 -3.284485 3.232716 -0.002376 
1031 5.435343 0.000000 -0.272858 99.983873 -3.692581 3.731215 -0.002433 
1032 5.533037 0.000000 -0.363811 99.548349 -9.924294 -0.274868 -0.000844 
1033 5.630731 0.000000 -0.272858 100.033431 -2.986325 2.976620 -0.002447 
1034 5.533037 0.000000 -0.181905 100.232983 -0.133649 -2.760721 -0.005429 
1035 6.607671 0.000000 -2.182865 99.748625 -7.078623 -0.032149 0.000010 
1036 6.607671 0.000000 -2.910487 99.751292 -7.041255 -0.015818 0.000010 
1037 7.389224 0.000000 -2.182865 99.748867 -7.077234 -0.036114 0.000007 
1038 6.216895 0.000000 -1.091433 99.734949 -7.269136 -0.153469 0.000008 
1039 6.216895 0.000000 -1.455243 99.741923 -7.168944 -0.080382 0.000015 
1040 6.607671 0.000000 -1.091433 99.735862 -7.260462 -0.162821 0.000002 
1041 6.021507 0.000000 -0.545716 99.694993 -7.836737 -0.530600 -0.000079 
1042 6.021507 0.000000 -0.727622 99.718041 -7.505419 -0.330641 -0.000013 
1043 6.216895 0.000000 -0.545716 99.696760 -7.813213 -0.572263 -0.000082 
1044 5.923813 0.000000 -0.272858 100.135553 -1.542442 -4.163465 -0.004684 
1045 5.826119 0.000000 -0.272858 100.275364 0.457727 0.875059 -0.005612 
1046 5.923813 0.000000 -0.363811 99.560224 -9.770027 -1.265850 -0.000929 
1047 6.021507 0.000000 -0.272858 99.790935 -6.471284 -5.538418 -0.003078 
1048 4.556096 0.000000 0.090953 100.046657 -2.778211 -1.093085 -0.001825 
1049 4.458402 0.000000 0.090953 100.048791 -2.744550 -1.129384 -0.001857 
1050 4.653790 0.000000 0.090953 100.043350 -2.828648 -1.046702 -0.001777 
1051 4.556096 0.000000 0.181905 99.888528 -5.040565 -2.563674 -0.000970 
1052 5.142260 0.000000 0.090953 100.014269 -3.256161 -0.667396 -0.001390 
1053 5.044566 0.000000 0.090953 100.021426 -3.152166 -0.767423 -0.001481 
1054 5.239954 0.000000 0.090953 100.006627 -3.367373 -0.553928 -0.001297 
1055 5.142260 0.000000 0.181905 99.877892 -5.207029 -3.228608 -0.001313 
1056 5.630731 0.000000 0.181905 100.115893 -1.808666 1.728893 -0.002945 
1057 5.630731 0.000000 0.363811 99.577063 -9.515087 0.168000 -0.000616 
1058 5.826119 0.000000 4.365730 99.756339 -6.976010 -0.001538 0.000001 
1059 7.389224 0.000000 4.365730 99.756332 -6.975485 -0.001038 0.000002 
1060 5.826119 0.000000 5.820974 99.756645 -6.973204 -0.001130 -0.000001 
1061 6.607671 0.000000 2.182865 99.753801 -7.008141 0.004248 0.000007 
1062 5.826119 0.000000 2.182865 99.754001 -7.009126 0.001057 0.000001 
1063 7.389224 0.000000 2.182865 99.753940 -7.007148 0.006656 0.000005 
1064 6.607671 0.000000 2.910487 99.755313 -6.987929 -0.000140 0.000005 
1065 6.216895 0.000000 1.091433 99.744154 -7.151503 0.056466 -0.000004 
1066 5.826119 0.000000 1.091433 99.743141 -7.157871 0.049352 0.000007 
1067 6.607671 0.000000 1.091433 99.744100 -7.144726 0.067404 0.000006 
1068 6.216895 0.000000 1.455243 99.749543 -7.069578 0.021623 0.000005 
1069 6.021507 0.000000 0.545716 99.706884 -7.678751 0.273967 -0.000050 
1070 5.826119 0.000000 0.545716 99.705582 -7.692908 0.235294 -0.000044 
1071 6.216895 0.000000 0.545716 99.707997 -7.663127 0.314007 -0.000051 
1072 6.021507 0.000000 0.727622 99.729044 -7.363962 0.153169 -0.000013 
1073 5.923813 0.000000 0.272858 100.195620 -0.684834 13.431231 -0.022003 
1074 5.826119 0.000000 0.272858 100.765612 7.467469 -10.803686 -0.032619 
1075 5.923813 0.000000 0.181905 100.065963 -2.538697 2.345560 -0.002514 
1076 6.021507 0.000000 0.272858 99.740909 -7.187885 8.337289 -0.006943 
1077 5.923813 0.000000 0.363811 99.586370 -9.397685 0.784885 -0.000638 
1078 5.044566 0.000000 2.182865 99.753277 -7.006311 -0.001694 0.000020 
1079 4.263014 0.000000 2.182865 99.753348 -7.008028 -0.005314 0.000016 
1080 5.044566 0.000000 2.910487 99.757166 -6.992946 -0.004699 -0.000039 
1081 5.435343 0.000000 1.091433 99.742089 -7.157049 0.040440 0.000029 
1082 5.044566 0.000000 1.091433 99.741923 -7.157356 0.029672 0.000032 
1083 5.435343 0.000000 1.455243 99.748517 -7.069016 0.013220 0.000026 
1084 5.630731 0.000000 0.545716 99.704630 -7.691766 0.193923 -0.000021 
1085 5.435343 0.000000 0.545716 99.704331 -7.695317 0.152526 -0.000019 
1086 5.630731 0.000000 0.727622 99.727208 -7.370005 0.126944 0.000015 
1087 5.533037 0.000000 0.272858 100.025451 -3.101616 -3.723721 -0.002858 
1088 5.435343 0.000000 0.272858 99.999065 -3.477994 -4.584213 -0.003292 
1089 5.533037 0.000000 0.181905 100.089931 -2.179670 1.246113 -0.002430 
1090 5.630731 0.000000 0.272858 99.994543 -3.544059 -3.487228 -0.002363 
1091 5.533037 0.000000 0.363811 99.578491 -9.494112 -0.047903 -0.000602 
1092 -8.241827 0.000000 -8.731461 99.756286 -6.976841 0.000061 0.000001 
1093 -11.368037 0.000000 -8.731461 99.756331 -6.976424 0.000065 0.000000 
1094 -8.241827 0.000000 -11.641948 99.756288 -6.976920 0.000049 0.000001 
1095 10.515434 0.000000 -8.731461 99.755404 -6.988483 -0.001690 0.000002 
1096 10.515434 0.000000 -11.641948 99.755745 -6.984024 -0.000831 0.000001 
1097 13.641644 0.000000 -8.731461 99.755402 -6.989011 -0.002198 0.000001 
1098 -8.241827 0.000000 8.731461 99.756520 -6.974999 0.000077 -0.000001 
1099 -11.368037 0.000000 8.731461 99.756477 -6.975192 0.000070 -0.000001 
1100 -8.241827 0.000000 11.641948 99.756525 -6.974870 0.000051 -0.000001 
1101 -3.552511 0.000000 -4.365730 99.756003 -6.978281 -0.000055 0.000004 
1102 -5.115617 0.000000 -4.365730 99.756145 -6.977358 0.000049 0.000003 
1103 -3.552511 0.000000 -5.820974 99.756085 -6.978371 -0.000029 0.000003 
1104 10.515434 0.000000 8.731461 99.756712 -6.971320 -0.000603 -0.000000 
1105 13.641644 0.000000 8.731461 99.756724 -6.970958 -0.000618 0.000000 
1106 10.515434 0.000000 11.641948 99.756691 -6.971867 -0.000405 -0.000000 
1107 -3.552511 0.000000 4.365730 99.756642 -6.975188 0.000279 -0.000004 
1108 -5.115617 0.000000 4.365730 99.756530 -6.975239 0.000204 -0.000002 
1109 -3.552511 0.000000 5.820974 99.756707 -6.974847 0.000160 -0.000005 
1110 -1.207854 0.000000 -2.182865 99.760595 -6.985980 -0.008227 -0.000098 
1111 -1.989406 0.000000 -2.182865 99.754079 -6.970266 0.000489 0.000054 
1112 -1.207854 0.000000 -2.910487 99.754428 -6.980928 -0.000497 0.000032 
1113 3.481461 0.000000 -2.182865 99.744351 -7.073538 -0.014590 0.000103 
1114 3.481461 0.000000 -2.910487 99.749663 -7.032510 -0.006239 0.000055 
1115 -1.207854 0.000000 2.182865 99.761841 -6.979305 0.008428 -0.000114 
1116 -1.989406 0.000000 2.182865 99.756348 -6.968284 0.002407 0.000011 
1117 -1.207854 0.000000 2.910487 99.761078 -6.968715 0.006052 -0.000084 
1118 -0.817078 0.000000 -1.091433 99.743135 -6.987953 -0.008616 0.000248 
1119 -1.207854 0.000000 -1.091433 99.746118 -6.988221 0.005596 0.000188 
1120 -0.817078 0.000000 -1.455243 99.756524 -6.984836 -0.014151 -0.000015 
1121 3.481461 0.000000 2.182865 99.752451 -7.010002 -0.007880 0.000031 
1122 3.481461 0.000000 2.910487 99.756788 -6.985880 -0.006266 -0.000022 
1123 -0.230913 0.000000 -0.545716 99.638056 -7.025470 0.027963 0.002290 
1124 -0.426301 0.000000 -0.545716 99.712323 -7.007050 0.030033 0.000835 
1125 -0.230913 0.000000 -0.727622 99.668048 -7.030016 -0.011430 0.001686 
1126 0.941416 0.000000 -0.545716 99.788659 -7.255869 0.004753 -0.001042 
1127 0.941416 0.000000 -0.727622 99.755886 -7.147699 0.012386 -0.000233 
1128 -0.817078 0.000000 1.091433 99.746655 -6.983202 0.010734 0.000184 
1129 -1.207854 0.000000 1.091433 99.750603 -6.983643 0.001868 0.000105 
1130 -0.817078 0.000000 1.455243 99.758745 -6.984373 0.015552 -0.000059 
1131 -0.230913 0.000000 0.545716 99.652293 -7.032581 -0.016681 0.001996 
1132 -0.426301 0.000000 0.545716 99.726633 -7.012176 -0.009968 0.000543 
1133 -0.230913 0.000000 0.727622 99.691709 -7.024368 0.028948 0.001222 
1134 -0.133219 0.000000 -0.272858 99.639576 -7.184426 0.496631 0.002009 
1135 -0.230913 0.000000 -0.272858 99.784172 -7.009751 0.388319 -0.000617 
1136 -0.133219 0.000000 -0.363811 99.438558 -7.102113 0.202322 0.006149 
1137 0.941416 0.000000 0.545716 99.835909 -7.244120 -0.026853 -0.001969 
1138 0.941416 0.000000 0.727622 99.800755 -7.127290 -0.021067 -0.001099 
1139 -0.133219 0.000000 0.272858 99.630564 -7.223214 -0.511605 0.002131 
1140 -0.230913 0.000000 0.272858 99.782579 -6.970521 -0.382846 -0.000530 
1141 -0.133219 0.000000 0.363811 99.448492 -7.098737 -0.193939 0.005957 
1142 0.037745 0.000000 -0.113691 88.810411 -8.854749 -2.093736 0.202992 
1143 0.013322 0.000000 -0.113691 88.000730 -8.439308 3.917151 0.216931 
1144 0.037745 0.000000 -0.136429 92.809707 -8.291625 -1.060868 0.131648 
1145 0.648333 0.000000 -0.272858 101.640154 -11.204747 0.001114 -0.045627 
1146 0.648333 0.000000 -0.363811 99.806062 -7.549867 0.125320 -0.001827 
1147 0.746027 0.000000 -0.272858 102.721640 -10.295220 0.001979 -0.065773 
1148 0.648333 0.000000 0.272858 101.655983 -11.190570 0.000475 -0.045917 
1149 0.746027 0.000000 0.272858 102.725416 -10.304697 -0.002304 -0.065870 
1150 0.648333 0.000000 0.363811 99.843241 -7.555294 -0.134184 -0.002577 
1151 0.037745 0.000000 0.113691 88.754595 -8.868025 2.097269 0.203958 
1152 0.013322 0.000000 0.113691 87.952806 -8.456955 -3.927923 0.217736 
1153 0.037745 0.000000 0.136429 92.768135 -8.303955 1.070215 0.132397 
1154 0.098804 0.000000 -0.079584 92.699334 -12.467881 -15.442840 0.101290 
1155 0.098804 0.000000 -0.090953 92.814221 -12.560781 -15.523578 0.098677 
1156 0.098804 0.000000 -0.068215 92.691589 -12.457434 -15.434582 0.101486 
1157 0.098804 0.000000 0.079584 92.640323 -12.428183 15.433739 0.102511 
1158 0.098804 0.000000 0.068215 92.633956 -12.414489 15.425663 0.102688 
1159 0.098804 0.000000 0.090953 92.737212 -12.570247 15.512332 0.100117 
1160 0.233134 0.000000 -0.068215 83.882514 -0.080133 -6.195379 0.292533 
1161 0.233134 0.000000 -0.045476 85.320006 -0.061350 -4.686044 0.269853 
1162 0.184287 0.000000 -0.113691 99.723919 -11.185219 -9.852005 -0.016703 
1163 0.184287 0.000000 -0.136429 99.280893 -9.902677 -7.675186 -0.001367 
1164 0.233134 0.000000 0.068215 83.928232 -0.059990 6.210683 0.291748 
1165 0.233134 0.000000 0.045476 85.336219 -0.053588 4.721069 0.269544 
1166 0.184287 0.000000 0.113691 99.687583 -11.152401 9.864961 -0.015931 
1167 0.184287 0.000000 0.136429 99.280767 -9.846454 7.676406 -0.001255 
1168 0.501792 0.000000 -0.045476 100.505032 -8.050106 -0.001699 -0.016607 
1169 0.550639 0.000000 -0.045476 101.651109 -6.764623 -0.003230 -0.037871 
1170 0.501792 0.000000 0.000000 101.652363 -6.542468 -0.003172 -0.037601 
1171 0.501792 0.000000 0.045476 100.511266 -8.044770 -0.003766 -0.016723 
1172 0.550639 0.000000 0.045476 101.653292 -6.763042 -0.002753 -0.037913 
1173 0.428522 0.000000 -0.068215 99.124667 -10.865508 0.000984 0.005624 
1174 0.452945 0.000000 -0.068215 99.282252 -9.364919 0.000501 0.005533 
1175 0.428522 0.000000 -0.045476 99.309325 -11.621309 0.000476 0.000260 
1176 0.367463 0.000000 -0.102322 105.222600 -12.622536 -3.271497 -0.124183 
1177 0.367463 0.000000 -0.113691 105.251742 -12.632718 -2.772046 -0.124520 
1178 0.367463 0.000000 -0.090953 105.545151 -12.626297 -3.017561 -0.130831 
1179 0.428522 0.000000 0.068215 99.140172 -10.852174 -0.003840 0.005346 
1180 0.428522 0.000000 0.045476 99.323525 -11.606154 -0.002285 0.000013 
1181 0.452945 0.000000 0.068215 99.298215 -9.354255 -0.004645 0.005236 
1182 0.367463 0.000000 0.102322 105.313953 -12.617348 3.273270 -0.126094 
1183 0.367463 0.000000 0.090953 105.639391 -12.618652 3.018747 -0.132802 
1184 0.367463 0.000000 0.113691 105.339417 -12.617030 2.773063 -0.126327 
1185 1.722968 0.000000 -0.545716 99.732343 -7.446909 0.061088 -0.000200 
1186 1.722968 0.000000 -0.727622 99.667508 -7.317508 0.023332 0.001284 
1187 1.722968 0.000000 0.545716 99.831619 -7.373973 -0.209059 -0.002077 
1188 1.722968 0.000000 0.727622 99.749618 -7.250105 -0.112494 -0.000256 
1189 1.429886 0.000000 -0.272858 100.351478 -11.781210 0.042793 -0.020922 
1190 1.429886 0.000000 -0.363811 99.749769 -7.709759 0.191048 -0.000949 
1191 1.527580 0.000000 -0.272858 101.043628 -12.615317 -0.152446 -0.036898 
1192 1.429886 0.000000 0.272858 100.857371 -11.845323 0.014067 -0.031252 
1193 1.527580 0.000000 0.272858 101.524386 -12.823124 -0.158205 -0.047166 
1194 1.429886 0.000000 0.363811 100.025163 -7.681139 -0.221378 -0.006408 
1195 8.952329 0.000000 -4.365730 99.753706 -7.011042 -0.007937 0.000004 
1196 8.952329 0.000000 -5.820974 99.754615 -6.998570 -0.003895 0.000004 
1197 10.515434 0.000000 -4.365730 99.753769 -7.011092 -0.009284 0.000003 
1198 3.090685 0.000000 -1.091433 99.724461 -7.293087 -0.050929 0.000184 
1199 3.090685 0.000000 -1.455243 99.735908 -7.167446 -0.024194 0.000138 
1200 3.481461 0.000000 -1.091433 99.729211 -7.298014 -0.062088 0.000082 
1201 3.872238 0.000000 -1.091433 99.729283 -7.299835 -0.079368 0.000078 
1202 3.872238 0.000000 -1.455243 99.738448 -7.176715 -0.041653 0.000074 
1203 4.263014 0.000000 -1.091433 99.729799 -7.295760 -0.094927 0.000073 
1204 2.504521 0.000000 -0.545716 99.619435 -7.714037 -0.105573 0.001645 
1205 2.504521 0.000000 -0.727622 99.645374 -7.534829 -0.070136 0.001402 
1206 2.699909 0.000000 -0.545716 99.683524 -7.731306 -0.098195 0.000341 
1207 8.952329 0.000000 4.365730 99.756373 -6.974971 -0.000590 0.000002 
1208 10.515434 0.000000 4.365730 99.756413 -6.974595 -0.000177 0.000001 
1209 8.952329 0.000000 5.820974 99.756616 -6.972183 -0.000854 0.000001 
1210 3.090685 0.000000 1.091433 99.733888 -7.161786 -0.020524 0.000186 
1211 3.481461 0.000000 1.091433 99.738839 -7.163530 -0.012997 0.000085 
1212 3.090685 0.000000 1.455243 99.743231 -7.072137 -0.016678 0.000127 
1213 2.504521 0.000000 0.545716 99.646291 -7.489094 -0.099565 0.001452 
1214 2.699909 0.000000 0.545716 99.718646 -7.507992 -0.125881 -0.000019 
1215 2.504521 0.000000 0.727622 99.686843 -7.362885 -0.072837 0.000832 
1216 2.895297 0.000000 -0.545716 99.697500 -7.729224 -0.078941 0.000066 
1217 2.895297 0.000000 -0.727622 99.697792 -7.553497 -0.097132 0.000329 
1218 3.090685 0.000000 -0.545716 99.699484 -7.747358 -0.070935 -0.000001 
1219 3.286073 0.000000 -0.545716 99.697521 -7.770395 -0.069143 0.000002 
1220 3.286073 0.000000 -0.727622 99.708494 -7.568315 -0.110488 0.000092 
1221 3.481461 0.000000 -0.545716 99.693956 -7.786800 -0.082039 0.000047 
1222 2.406827 0.000000 -0.272858 99.646554 -6.709243 -0.586217 0.002521 
1223 2.406827 0.000000 -0.363811 99.435202 -7.426365 -0.294049 0.005740 
1224 2.504521 0.000000 -0.272858 99.866875 -6.669937 -0.285789 -0.001796 
1225 2.895297 0.000000 0.545716 99.721990 -7.487277 -0.138508 -0.000055 
1226 3.090685 0.000000 0.545716 99.716067 -7.522037 -0.140978 0.000011 
1227 2.895297 0.000000 0.727622 99.721604 -7.357213 -0.052165 0.000147 
1228 2.406827 0.000000 0.272858 99.691599 -6.400455 0.132127 0.002060 
1229 2.504521 0.000000 0.272858 99.898612 -6.369908 -0.165819 -0.002034 
1230 2.406827 0.000000 0.363811 99.486999 -7.169896 -0.049248 0.005093 
1231 2.357979 0.000000 -0.136429 101.455582 -5.153877 -4.269148 -0.033802 
1232 2.357979 0.000000 -0.181905 99.706859 -5.686690 -2.563472 0.001963 
1233 2.406827 0.000000 -0.136429 101.437808 -4.950566 -2.311589 -0.031948 
1234 2.284709 0.000000 -0.113691 91.122266 -5.341135 -13.467139 0.148684 
1235 2.284709 0.000000 -0.136429 94.032315 -5.544245 -6.477407 0.108523 
1236 2.309132 0.000000 -0.113691 100.478154 -5.076505 -11.934562 -0.026406 
1237 2.357979 0.000000 0.136429 101.506155 -4.865103 3.455908 -0.033911 
1238 2.406827 0.000000 0.136429 101.442256 -4.663441 1.539808 -0.031465 
1239 2.357979 0.000000 0.181905 99.740266 -5.378195 1.902997 0.001933 
1240 2.284709 0.000000 0.113691 91.406822 -4.996299 12.604412 0.146096 
1241 2.309132 0.000000 0.113691 100.667161 -4.710090 11.074217 -0.027870 
1242 2.284709 0.000000 0.136429 94.283019 -5.163186 5.737030 0.105114 
1243 4.653790 0.000000 -1.091433 99.731037 -7.291595 -0.107498 0.000054 
1244 4.653790 0.000000 -1.455243 99.739169 -7.175598 -0.056845 0.000061 
1245 3.676849 0.000000 -0.545716 99.692662 -7.801926 -0.098341 0.000049 
1246 3.676849 0.000000 -0.727622 99.710245 -7.568395 -0.135361 0.000057 
1247 3.872238 0.000000 -0.545716 99.692503 -7.819667 -0.118503 0.000024 
1248 4.067626 0.000000 -0.545716 99.692087 -7.832835 -0.141651 0.000011 
1249 4.067626 0.000000 -0.727622 99.711115 -7.568221 -0.166873 0.000039 
1250 4.263014 0.000000 -0.545716 99.691693 -7.847745 -0.170096 -0.000005 
1251 4.653790 0.000000 1.091433 99.741550 -7.158955 0.019407 0.000037 
1252 4.263014 0.000000 1.091433 99.741102 -7.160801 0.008666 0.000044 
1253 4.653790 0.000000 1.455243 99.747931 -7.070582 0.003607 0.000036 
1254 4.458402 0.000000 -0.545716 99.690962 -7.857239 -0.201584 -0.000006 
1255 4.458402 0.000000 -0.727622 99.711757 -7.559899 -0.203354 0.000037 
1256 4.653790 0.000000 -0.545716 99.690698 -7.868005 -0.235159 -0.000020 
1257 4.849178 0.000000 -0.545716 99.690552 -7.875886 -0.271956 -0.000031 
1258 4.849178 0.000000 -0.727622 99.713246 -7.551242 -0.235099 0.000019 
1259 5.044566 0.000000 -0.545716 99.690584 -7.880174 -0.311486 -0.000041 
1260 3.676849 0.000000 0.181905 99.884665 -5.046049 -1.711317 -0.000534 
1261 3.676849 0.000000 0.363811 99.716490 -7.456121 -0.900959 0.000022 
1262 5.239954 0.000000 -0.545716 99.690765 -7.880382 -0.353509 -0.000047 
1263 5.239954 0.000000 -0.727622 99.714621 -7.538302 -0.266977 0.000010 
1264 5.239954 0.000000 0.545716 99.704322 -7.692959 0.112341 -0.000015 
1265 5.044566 0.000000 0.545716 99.704589 -7.686777 0.073704 -0.000010 
1266 5.239954 0.000000 0.727622 99.726400 -7.378112 0.097528 0.000020 
1267 4.751484 0.000000 0.090953 100.039009 -2.893547 -0.991999 -0.001716 
1268 4.849178 0.000000 0.090953 100.033848 -2.969964 -0.928443 -0.001645 
1269 4.751484 0.000000 0.181905 99.889747 -5.028880 -2.761798 -0.001088 
1270 4.946872 0.000000 0.090953 100.027969 -3.056384 -0.854122 -0.001567 
1271 4.946872 0.000000 0.181905 99.888283 -5.054648 -2.995654 -0.001219 
1272 5.337648 0.000000 -0.272858 99.938591 -4.339148 4.074936 -0.002316 
1273 5.239954 0.000000 -0.272858 99.891724 -5.008229 4.124250 -0.002045 
1274 5.337648 0.000000 -0.363811 99.560119 -9.750913 0.202619 -0.000734 
1275 5.337648 0.000000 0.090953 99.998673 -3.482857 -0.427235 -0.001205 
1276 5.435343 0.000000 0.090953 99.990545 -3.599051 -0.288164 -0.001115 
1277 5.337648 0.000000 0.181905 99.701002 -7.739573 -5.112017 -0.002632 
1278 5.337648 0.000000 0.272858 99.934098 -4.406425 -5.003369 -0.003127 
1279 5.239954 0.000000 0.272858 99.874314 -5.260423 -4.908638 -0.002665 
1280 5.337648 0.000000 0.363811 99.588726 -9.345786 -0.450213 -0.000546 
1281 5.142260 0.000000 0.272858 99.833225 -5.846311 -4.585656 -0.002188 
1282 5.044566 0.000000 0.272858 99.807786 -6.208371 -4.215277 -0.001791 
1283 5.142260 0.000000 0.363811 99.605799 -9.099657 -0.765802 -0.000471 
1284 5.728425 0.000000 -0.272858 100.107226 -1.932576 2.968570 -0.003400 
1285 5.728425 0.000000 -0.363811 99.548567 -9.922019 -0.793405 -0.000899 
1286 5.728425 0.000000 -0.181905 100.179393 -0.901146 -3.070624 -0.004615 
1287 5.728425 0.000000 -0.090953 100.153210 -1.275825 -1.285790 -0.003395 
1288 5.630731 0.000000 -0.090953 100.157727 -1.209703 -1.370958 -0.003491 
1289 5.728425 0.000000 0.000000 100.040735 -2.884380 -3.696333 -0.003013 
1290 5.533037 0.000000 -0.090953 100.160120 -1.175700 -1.450672 -0.003554 
1291 5.533037 0.000000 0.000000 100.060618 -2.598583 -3.549258 -0.003148 
1292 5.923813 0.000000 0.090953 99.958333 -4.077655 0.488348 -0.000853 
1293 5.826119 0.000000 0.090953 99.963201 -4.007440 0.336314 -0.000881 
1294 6.021507 0.000000 0.090953 99.954356 -4.135085 0.629572 -0.000837 
1295 2.992991 0.000000 0.090953 99.968303 -3.796648 -1.168189 -0.000944 
1296 2.895297 0.000000 0.090953 99.982855 -3.802626 -1.092613 -0.001223 
1297 2.992991 0.000000 0.181905 99.898053 -5.010614 -1.091507 -0.000592 
1298 4.360708 0.000000 0.090953 100.049779 -2.727248 -1.154075 -0.001873 
1299 4.263014 0.000000 0.090953 100.048181 -2.748666 -1.158079 -0.001853 
1300 4.360708 0.000000 0.181905 99.887272 -5.051816 -2.375962 -0.000863 
1301 5.533037 0.000000 0.090953 99.982600 -3.714399 -0.137859 -0.001034 
1302 5.630731 0.000000 0.090953 99.975322 -3.818592 0.018123 -0.000965 
1303 5.728425 0.000000 0.090953 99.968659 -3.915365 0.177984 -0.000909 
1304 5.728425 0.000000 0.181905 100.099939 -2.038299 2.050521 -0.002836 
1305 5.728425 0.000000 0.272858 99.997670 -3.500790 -5.457245 -0.004157 
1306 5.728425 0.000000 0.363811 99.577907 -9.504435 0.383996 -0.000624 
1307 3.872238 0.000000 1.091433 99.738970 -7.164931 0.000532 0.000080 
1308 3.872238 0.000000 1.455243 99.749682 -7.076740 -0.009936 -0.000008 
1309 3.286073 0.000000 0.545716 99.712714 -7.541086 -0.136662 0.000049 
1310 3.481461 0.000000 0.545716 99.709524 -7.558052 -0.126655 0.000087 
1311 3.286073 0.000000 0.727622 99.721553 -7.378734 -0.033439 0.000117 
1312 3.676849 0.000000 0.545716 99.708279 -7.577258 -0.113098 0.000083 
1313 3.872238 0.000000 0.545716 99.707877 -7.598921 -0.095752 0.000059 
1314 3.676849 0.000000 0.727622 99.723247 -7.380602 -0.013892 0.000080 
1315 4.849178 0.000000 0.545716 99.705029 -7.677003 0.037380 -0.000003 
1316 4.653790 0.000000 0.545716 99.705621 -7.664039 0.003788 0.000005 
1317 4.849178 0.000000 0.727622 99.725773 -7.382721 0.068406 0.000026 
1318 4.458402 0.000000 0.545716 99.706350 -7.648407 -0.026832 0.000014 
1319 4.263014 0.000000 0.545716 99.707073 -7.633582 -0.053696 0.000023 
1320 4.458402 0.000000 0.727622 99.725100 -7.383764 0.039969 0.000038 
1321 4.165320 0.000000 0.090953 100.051162 -2.702067 -1.040147 -0.001862 
1322 4.067626 0.000000 0.090953 100.070241 -2.421649 -1.554237 -0.002233 
1323 4.165320 0.000000 0.181905 99.886379 -5.059681 -2.190350 -0.000769 
1324 4.946872 0.000000 0.272858 99.792669 -6.422663 -3.865479 -0.001477 
1325 4.849178 0.000000 0.272858 99.784011 -6.544276 -3.553815 -0.001231 
1326 4.946872 0.000000 0.363811 99.626021 -8.806904 -0.974607 -0.000386 
1327 4.751484 0.000000 0.272858 99.779362 -6.608318 -3.280482 -0.001035 
1328 4.653790 0.000000 0.272858 99.777223 -6.636264 -3.040440 -0.000878 
1329 4.751484 0.000000 0.363811 99.646194 -8.513872 -1.086683 -0.000303 
1330 5.142260 0.000000 -0.272858 99.853776 -5.549017 3.965717 -0.001729 
1331 5.044566 0.000000 -0.272858 99.826570 -5.936133 3.713099 -0.001437 
1332 5.142260 0.000000 -0.363811 99.580637 -9.455026 0.567254 -0.000602 
1333 4.556096 0.000000 0.272858 99.776671 -6.641317 -2.827984 -0.000749 
1334 4.458402 0.000000 0.272858 99.777131 -6.631728 -2.638126 -0.000642 
1335 4.556096 0.000000 0.363811 99.664535 -8.246300 -1.126320 -0.000229 
1336 4.360708 0.000000 0.272858 99.778128 -6.613369 -2.464860 -0.000549 
1337 4.263014 0.000000 0.272858 99.779575 -6.592136 -2.309246 -0.000475 
1338 4.360708 0.000000 0.363811 99.680274 -8.013763 -1.115291 -0.000162 
1339 4.067626 0.000000 0.545716 99.707199 -7.615005 -0.075084 0.000048 
1340 4.067626 0.000000 0.727622 99.724478 -7.384609 0.010823 0.000050 
1341 3.969932 0.000000 0.090953 99.999037 -3.435230 -1.696895 -0.001449 
1342 3.872238 0.000000 0.090953 99.961529 -3.966833 -1.853314 -0.001148 
1343 3.969932 0.000000 0.181905 99.885470 -5.059611 -1.998931 -0.000670 
1344 4.165320 0.000000 0.272858 99.781228 -6.564761 -2.164717 -0.000408 
1345 4.067626 0.000000 0.272858 99.782528 -6.536760 -2.028574 -0.000340 
1346 4.165320 0.000000 0.363811 99.693589 -7.819644 -1.075305 -0.000111 
1347 3.969932 0.000000 0.272858 99.784312 -6.506848 -1.902535 -0.000287 
1348 3.872238 0.000000 0.272858 99.786080 -6.477095 -1.783570 -0.000240 
1349 3.969932 0.000000 0.363811 99.704031 -7.655810 -1.012775 -0.000053 
1350 4.946872 0.000000 -0.272858 99.808109 -6.197998 3.435549 -0.001188 
1351 4.849178 0.000000 -0.272858 99.795938 -6.369574 3.164951 -0.000982 
1352 4.946872 0.000000 -0.363811 99.604505 -9.109467 0.793451 -0.000467 
1 11 62 60 61 
2 62 10 24 60 
3 60 24 14 63 
4 61 60 63 6 
5 24 66 64 65 
6 66 23 40 64 
7 64 40 27 67 
8 65 64 67 14 
9 40 70 68 69 
10 69 68 71 27 
11 6 63 92 93 
12 63 14 36 92 
13 92 36 19 94 
14 93 92 94 20 
15 14 67 95 96 
16 67 27 52 95 
17 95 52 35 97 
18 96 95 97 36 
19 27 71 98 99 
20 99 98 100 52 
21 68 112 110 111 
22 112 56 80 110 
23 110 80 43 113 
24 111 110 113 71 
25 80 116 114 115 
26 115 114 117 43 
27 71 113 133 134 
28 113 43 102 133 
29 133 102 76 135 
30 134 133 135 98 
31 43 117 136 137 
32 137 136 138 102 
33 114 141 139 140 
34 141 106 129 139 
35 139 129 83 142 
36 140 139 142 117 
37 129 149 147 148 
38 147 150 132 151 
39 148 147 151 83 
40 117 142 152 153 
41 142 83 144 152 
42 152 144 125 154 
43 153 152 154 136 
44 83 151 155 156 
45 151 132 157 155 
46 156 155 158 144 
47 12 161 159 160 
48 161 7 162 159 
49 159 162 13 25 
50 160 159 25 10 
51 25 165 163 164 
52 165 13 166 163 
53 163 166 26 41 
54 164 163 41 23 
55 41 169 167 168 
56 169 26 170 167 
57 167 170 42 57 
58 168 167 57 39 
59 39 173 171 172 
60 173 57 174 171 
61 171 174 55 81 
62 172 171 81 56 
63 81 177 175 176 
64 177 55 178 175 
65 175 178 82 107 
66 176 175 107 79 
67 79 181 179 180 
68 181 107 182 179 
69 179 182 105 130 
70 180 179 130 106 
71 106 185 183 184 
72 185 130 186 183 
73 184 183 149 129 
74 195 197 109 198 
75 150 195 198 132 
76 149 201 199 200 
77 201 128 202 199 
78 199 202 150 203 
79 200 199 203 147 
80 132 198 210 157 
81 198 109 211 210 
82 19 38 213 214 
83 38 21 215 213 
84 213 215 9 216 
85 214 213 216 22 
86 35 54 217 218 
87 54 37 219 217 
88 217 219 21 220 
89 218 217 220 38 
90 51 78 221 222 
91 78 53 223 221 
92 221 223 37 224 
93 222 221 224 54 
94 76 104 225 226 
95 104 75 227 225 
96 225 227 78 228 
97 226 225 228 51 
98 101 127 229 230 
99 127 103 231 229 
100 229 231 75 232 
101 230 229 232 104 
102 125 146 233 234 
103 146 124 235 233 
104 233 235 127 236 
105 234 233 236 101 
106 144 158 237 238 
107 237 239 146 240 
108 238 237 240 125 
109 155 243 241 242 
110 243 157 244 241 
111 241 244 143 245 
112 242 241 245 158 
113 130 247 246 186 
114 247 105 248 246 
115 249 251 195 252 
116 202 249 252 150 
117 186 255 253 254 
118 255 246 256 253 
119 253 256 196 250 
120 254 253 250 128 
121 128 259 257 258 
122 259 250 260 257 
123 257 260 249 261 
124 258 257 261 202 
125 262 263 124 264 
126 239 262 264 146 
127 157 266 265 244 
128 266 210 267 265 
129 143 268 269 270 
130 268 212 271 269 
131 269 271 262 272 
132 270 269 272 239 
133 244 275 273 274 
134 275 265 276 273 
135 273 276 268 277 
136 274 273 277 143 
137 278 280 194 281 
138 197 278 281 109 
139 283 131 284 282 
140 282 284 197 285 
141 251 282 285 195 
142 107 287 286 182 
143 287 82 288 286 
144 286 288 108 192 
145 182 286 192 105 
146 105 290 289 248 
147 290 192 291 289 
148 246 293 292 256 
149 293 248 294 292 
150 292 294 131 283 
151 256 292 283 196 
152 196 297 295 296 
153 297 283 298 295 
154 295 298 282 299 
155 296 295 299 251 
156 109 281 300 211 
157 281 194 301 300 
158 210 304 303 267 
159 304 211 305 303 
160 303 305 145 306 
161 124 209 307 235 
162 209 126 308 307 
163 307 308 103 309 
164 235 307 309 127 
165 310 311 209 312 
166 263 310 312 124 
167 212 306 313 271 
168 306 145 314 313 
169 313 314 263 315 
170 271 313 315 262 
171 267 318 316 317 
172 318 303 319 316 
173 316 319 306 320 
174 317 316 320 212 
175 131 322 321 284 
176 322 279 323 321 
177 321 323 278 324 
178 284 321 324 197 
179 211 326 325 305 
180 326 300 327 325 
181 325 327 302 328 
182 305 325 328 145 
183 192 334 333 291 
184 334 108 335 333 
185 289 339 337 338 
186 339 291 340 337 
187 337 340 191 341 
188 338 337 341 279 
189 345 347 126 348 
190 311 345 348 209 
191 302 351 349 350 
192 351 207 352 349 
193 349 352 311 353 
194 350 349 353 310 
195 354 355 59 356 
196 280 354 356 194 
197 291 358 357 340 
198 358 333 359 357 
199 357 359 336 360 
200 191 360 361 362 
201 360 336 363 361 
202 361 363 354 364 
203 362 361 364 280 
204 340 367 365 366 
205 367 357 368 365 
206 365 368 360 369 
207 366 365 369 191 
208 194 356 370 301 
209 356 59 371 370 
210 373 346 374 372 
211 372 374 345 375 
212 352 372 375 311 
213 301 378 376 377 
214 378 370 379 376 
215 376 379 346 373 
216 377 376 373 207 
217 207 382 380 381 
218 382 373 383 380 
219 380 383 372 384 
220 381 380 384 352 
221 57 386 385 174 
222 386 42 387 385 
223 385 387 58 89 
224 174 385 89 55 
225 55 389 388 178 
226 389 89 390 388 
227 388 390 88 188 
228 178 388 188 82 
229 82 392 391 288 
230 392 188 393 391 
231 391 393 187 330 
232 288 391 330 108 
233 108 395 394 335 
234 395 330 396 394 
235 333 399 398 359 
236 399 335 400 398 
237 359 398 401 336 
238 75 123 402 227 
239 123 77 403 402 
240 402 403 53 404 
241 227 402 404 78 
242 103 206 405 231 
243 206 121 406 405 
244 405 406 123 407 
245 231 405 407 75 
246 126 344 408 308 
247 344 204 409 408 
248 408 409 206 410 
249 308 408 410 103 
250 411 413 344 414 
251 347 411 414 126 
252 346 416 415 374 
253 415 417 347 418 
254 374 415 418 345 
255 419 420 332 421 
256 355 419 421 59 
257 335 423 422 400 
258 423 394 424 422 
259 336 401 426 363 
260 401 193 427 426 
261 426 427 355 428 
262 363 426 428 354 
263 398 431 429 430 
264 431 400 432 429 
265 429 432 193 433 
266 430 429 433 401 
267 59 421 434 371 
268 421 332 435 434 
269 370 437 436 379 
270 437 371 438 436 
271 436 438 208 416 
272 379 436 416 346 
273 439 441 411 442 
274 417 439 442 347 
275 416 445 443 444 
276 445 208 446 443 
277 443 446 417 447 
278 444 443 447 415 
279 88 453 452 189 
280 453 90 454 452 
281 452 454 5 455 
282 189 452 455 91 
283 187 457 456 331 
284 457 189 458 456 
285 456 458 91 459 
286 331 456 459 190 
287 330 461 460 396 
288 461 187 462 460 
289 460 462 331 463 
290 396 460 463 329 
291 394 465 464 424 
292 465 396 466 464 
293 464 466 329 467 
294 424 464 467 397 
295 193 425 468 427 
296 425 397 469 468 
297 468 469 419 470 
298 427 468 470 355 
299 422 473 471 472 
300 473 424 474 471 
301 471 474 397 475 
302 472 471 475 425 
303 371 477 476 438 
304 477 434 478 476 
305 476 478 412 440 
306 438 476 440 208 
307 91 455 482 205 
308 455 5 483 482 
309 482 483 122 484 
310 205 482 484 121 
311 190 459 485 343 
312 459 91 486 485 
313 485 486 205 487 
314 343 485 487 204 
315 342 489 488 413 
316 489 343 490 488 
317 488 490 204 491 
318 413 488 491 344 
319 412 493 492 441 
320 493 342 494 492 
321 492 494 413 495 
322 441 492 495 411 
323 440 498 496 497 
324 498 412 499 496 
325 496 499 441 500 
326 497 496 500 439 
327 454 510 508 509 
328 508 511 504 512 
329 509 508 512 5 
330 5 512 513 514 
331 512 504 515 513 
332 514 513 516 483 
333 7 518 517 162 
334 518 16 519 517 
335 517 519 15 32 
336 162 517 32 13 
337 13 521 520 166 
338 521 32 522 520 
339 520 522 31 48 
340 166 520 48 26 
341 26 524 523 170 
342 524 48 525 523 
343 523 525 47 85 
344 170 523 85 42 
345 42 527 526 387 
346 527 85 528 526 
347 526 528 84 449 
348 387 526 449 58 
349 58 531 529 530 
350 531 449 532 529 
351 529 532 448 502 
352 530 529 502 90 
353 90 535 533 534 
354 535 502 536 533 
355 533 536 501 510 
356 534 533 510 454 
357 538 17 539 537 
358 537 539 8 540 
359 448 554 553 503 
360 554 450 555 553 
361 553 555 87 556 
362 503 553 556 451 
363 501 558 557 511 
364 558 503 559 557 
365 557 559 451 560 
366 511 557 560 504 
367 510 563 561 562 
368 563 501 564 561 
369 561 564 511 565 
370 562 561 565 508 
371 540 8 567 566 
372 566 567 29 568 
373 451 556 578 506 
374 556 87 579 578 
375 578 579 480 580 
376 506 578 580 479 
377 504 560 581 515 
378 560 451 582 581 
379 581 582 506 583 
380 515 581 583 505 
381 21 46 584 215 
382 46 28 585 584 
383 584 585 30 586 
384 215 584 586 9 
385 37 74 587 219 
386 74 44 588 587 
387 587 588 46 589 
388 219 587 589 21 
389 53 120 590 223 
390 120 72 591 590 
391 590 591 74 592 
392 223 590 592 37 
393 77 481 593 403 
394 481 118 594 593 
395 593 594 120 595 
396 403 593 595 53 
397 122 507 596 597 
398 507 479 598 596 
399 596 598 481 599 
400 597 596 599 77 
401 483 516 600 601 
402 516 505 602 600 
403 600 602 507 603 
404 601 600 603 122 
405 513 606 604 605 
406 606 515 607 604 
407 604 607 505 608 
408 605 604 608 516 
409 555 618 616 617 
410 617 616 620 87 
411 87 620 621 622 
412 622 621 624 579 
413 85 626 625 528 
414 626 47 627 625 
415 625 627 86 550 
416 528 625 550 84 
417 84 630 628 629 
418 630 550 631 628 
419 628 631 549 610 
420 629 628 610 450 
421 450 634 632 633 
422 634 610 635 632 
423 632 635 609 618 
424 633 632 618 555 
425 641 551 642 640 
426 640 642 50 643 
427 618 650 648 649 
428 650 609 651 648 
429 649 648 652 616 
430 643 50 657 656 
431 656 657 576 658 
432 118 577 662 594 
433 577 119 663 662 
434 662 663 72 664 
435 594 662 664 120 
436 480 615 665 666 
437 615 575 667 665 
438 665 667 577 668 
439 666 665 668 118 
440 579 624 669 670 
441 624 613 671 669 
442 669 671 615 672 
443 670 669 672 480 
444 621 675 673 674 
445 673 676 613 677 
446 674 673 677 624 
447 610 679 678 635 
448 679 549 680 678 
449 678 680 611 645 
450 635 678 645 609 
451 609 682 681 651 
452 682 645 683 681 
453 616 652 685 686 
454 685 687 612 688 
455 686 685 688 620 
456 648 691 689 690 
457 691 651 692 689 
458 690 689 693 652 
459 620 688 694 695 
460 688 612 696 694 
461 695 694 675 621 
462 613 661 697 671 
463 661 614 698 697 
464 697 698 575 699 
465 671 697 699 615 
466 700 702 661 703 
467 676 700 703 613 
468 675 706 704 705 
469 704 707 676 708 
470 705 704 708 673 
471 709 710 647 711 
472 687 709 711 612 
473 651 713 712 692 
474 713 681 714 712 
475 652 693 716 717 
476 693 619 718 716 
477 716 718 687 719 
478 717 716 719 685 
479 689 722 720 721 
480 722 692 723 720 
481 720 723 619 724 
482 721 720 724 693 
483 612 711 725 696 
484 711 647 726 725 
485 694 729 727 728 
486 729 696 730 727 
487 727 730 623 706 
488 728 727 706 675 
489 731 733 700 734 
490 707 731 734 676 
491 706 737 735 736 
492 737 623 738 735 
493 735 738 707 739 
494 736 735 739 704 
495 619 715 740 718 
496 715 684 741 740 
497 740 741 709 742 
498 718 740 742 687 
499 692 744 743 723 
500 744 712 745 743 
501 743 745 715 746 
502 723 743 746 619 
503 696 748 747 730 
504 748 725 749 747 
505 747 749 701 732 
506 730 747 732 623 
507 623 751 750 738 
508 751 732 752 750 
509 750 752 731 753 
510 738 750 753 707 
511 755 640 756 754 
512 754 756 643 757 
513 645 759 758 683 
514 759 611 760 758 
515 681 763 762 714 
516 763 683 764 762 
517 762 764 644 765 
518 712 767 766 745 
519 767 714 768 766 
520 766 768 684 769 
521 745 766 769 715 
522 757 643 771 770 
523 770 771 656 772 
524 773 775 614 776 
525 702 773 776 661 
526 778 659 779 777 
527 777 779 702 780 
528 733 777 780 700 
529 732 782 781 752 
530 782 701 783 781 
531 781 783 733 784 
532 752 781 784 731 
533 785 786 552 787 
534 710 785 787 647 
535 684 765 788 741 
536 765 644 789 788 
537 788 789 710 790 
538 741 788 790 709 
539 714 792 791 768 
540 792 762 793 791 
541 791 793 765 794 
542 768 791 794 684 
543 647 787 795 726 
544 787 552 796 795 
545 725 798 797 749 
546 798 726 799 797 
547 797 799 659 778 
548 749 797 778 701 
549 701 801 800 783 
550 801 778 802 800 
551 800 802 777 803 
552 783 800 803 733 
553 804 806 785 807 
554 789 804 807 710 
555 683 809 808 764 
556 809 758 810 808 
557 808 810 761 805 
558 764 808 805 644 
559 644 813 811 812 
560 813 805 814 811 
561 811 814 804 815 
562 812 811 815 789 
563 726 817 816 799 
564 817 795 818 816 
565 659 819 820 779 
566 819 774 821 820 
567 820 821 773 822 
568 779 820 822 702 
569 799 825 823 824 
570 825 816 826 823 
571 823 826 819 827 
572 824 823 827 659 
573 646 829 828 786 
574 829 754 830 828 
575 828 830 757 831 
576 786 828 831 552 
577 761 833 832 806 
578 833 646 834 832 
579 832 834 786 835 
580 806 832 835 785 
581 805 837 836 814 
582 837 761 838 836 
583 836 838 806 839 
584 814 836 839 804 
585 552 831 840 796 
586 831 757 841 840 
587 840 841 770 842 
588 796 840 842 660 
589 795 844 843 818 
590 844 796 845 843 
591 843 845 660 846 
592 818 843 846 774 
593 816 848 847 826 
594 848 818 849 847 
595 847 849 774 850 
596 826 847 850 819 
597 855 871 869 870 
598 871 857 872 869 
599 638 876 874 875 
600 876 855 870 874 
601 874 870 858 877 
602 875 874 877 548 
603 870 887 885 886 
604 887 869 888 885 
605 885 888 873 889 
606 886 885 889 858 
607 857 891 890 872 
608 891 862 892 890 
609 33 895 894 543 
610 895 537 896 894 
611 894 896 540 897 
612 543 894 897 18 
613 899 543 900 898 
614 898 900 18 901 
615 862 907 906 892 
616 18 897 910 570 
617 897 540 911 910 
618 910 911 566 912 
619 570 910 912 45 
620 901 18 914 913 
621 913 914 570 915 
622 892 925 923 924 
623 925 906 926 923 
624 923 926 909 927 
625 924 923 927 865 
626 908 937 935 936 
627 937 928 938 935 
628 935 938 931 939 
629 936 935 939 854 
630 941 898 942 940 
631 940 942 901 943 
632 943 901 949 948 
633 948 949 913 950 
634 952 940 953 951 
635 951 953 943 954 
636 954 943 957 955 
637 955 957 948 958 
638 946 961 959 960 
639 961 951 962 959 
640 959 962 954 963 
641 960 959 963 544 
642 636 966 964 965 
643 966 638 875 964 
644 964 875 548 967 
645 551 969 968 642 
646 969 636 965 968 
647 642 968 970 50 
648 967 548 973 971 
649 971 973 654 974 
650 972 971 974 653 
651 965 977 975 976 
652 977 964 978 975 
653 975 978 967 979 
654 50 970 980 657 
655 980 972 653 981 
656 657 980 981 576 
657 968 984 982 983 
658 984 965 976 982 
659 982 976 639 985 
660 983 982 985 970 
661 639 979 986 987 
662 979 967 988 986 
663 986 988 971 989 
664 987 986 989 972 
665 976 992 990 991 
666 992 975 993 990 
667 990 993 979 994 
668 991 990 994 639 
669 869 996 995 888 
670 996 872 997 995 
671 995 997 34 998 
672 888 995 998 873 
673 872 1002 1001 997 
674 1002 890 1003 1001 
675 1001 1003 893 1004 
676 997 1001 1004 34 
677 890 1006 1005 1003 
678 1006 892 924 1005 
679 1005 924 865 1007 
680 1003 1005 1007 893 
681 906 1009 1008 926 
682 1009 908 936 1008 
683 1008 936 854 1010 
684 926 1008 1010 909 
685 928 1012 1011 938 
686 1012 930 1013 1011 
687 1011 1013 905 1014 
688 938 1011 1014 931 
689 32 1016 1015 522 
690 1016 15 1017 1015 
691 1015 1017 33 542 
692 522 1015 542 31 
693 31 1020 1018 1019 
694 1020 542 1021 1018 
695 1018 1021 541 852 
696 1019 1018 852 49 
697 852 1024 1022 1023 
698 1024 541 1025 1022 
699 1022 1025 853 903 
700 1023 1022 903 851 
701 903 1028 1026 1027 
702 1028 853 1029 1026 
703 1026 1029 904 945 
704 1027 1026 945 902 
705 902 1032 1030 1031 
706 1032 945 1033 1030 
707 1030 1033 944 1034 
708 1031 1030 1034 930 
709 542 1036 1035 1021 
710 1036 33 1037 1035 
711 1035 1037 543 899 
712 1021 1035 899 541 
713 541 1039 1038 1025 
714 1039 899 1040 1038 
715 1038 1040 898 941 
716 1025 1038 941 853 
717 853 1042 1041 1029 
718 1042 941 1043 1041 
719 1041 1043 940 952 
720 1029 1041 952 904 
721 904 1046 1044 1045 
722 1046 952 1047 1044 
723 1044 1047 951 961 
724 1045 1044 961 946 
725 893 1007 1048 1049 
726 1007 865 1050 1048 
727 1048 1050 920 1051 
728 1049 1048 1051 999 
729 854 939 1052 1053 
730 939 931 1054 1052 
731 1052 1054 932 1055 
732 1053 1052 1055 921 
733 44 571 1058 588 
734 571 45 1059 1058 
735 1058 1059 28 1060 
736 588 1058 1060 46 
737 569 915 1061 1062 
738 915 570 1063 1061 
739 1061 1063 45 1064 
740 1062 1061 1064 571 
741 860 950 1065 1066 
742 950 913 1067 1065 
743 1065 1067 915 1068 
744 1066 1065 1068 569 
745 917 958 1069 1070 
746 958 948 1071 1069 
747 1069 1071 950 1072 
748 1070 1069 1072 860 
749 956 1075 1073 1074 
750 1075 955 1076 1073 
751 1073 1076 958 1077 
752 1074 1073 1077 917 
753 73 861 1078 1079 
754 861 569 1062 1078 
755 1078 1062 571 1080 
756 1079 1078 1080 44 
757 859 918 1081 1082 
758 918 860 1066 1081 
759 1081 1066 569 1083 
760 1082 1081 1083 861 
761 916 1057 1084 1085 
762 1057 917 1070 1084 
763 1084 1070 860 1086 
764 1085 1084 1086 918 
765 933 1089 1087 1088 
766 1089 1056 1090 1087 
767 1087 1090 1057 1091 
768 1088 1087 1091 916 
769 1 1094 1092 1093 
770 1094 12 160 1092 
771 1092 160 10 62 
772 1093 1092 62 11 
773 16 1096 1095 519 
774 1096 2 1097 1095 
775 1095 1097 17 538 
776 519 1095 538 15 
777 20 94 1098 1099 
778 94 19 214 1098 
779 1098 214 22 1100 
780 1099 1098 1100 4 
781 10 1103 1101 1102 
782 1103 25 164 1101 
783 1101 164 23 66 
784 1102 1101 66 24 
785 28 568 1104 585 
786 568 29 1105 1104 
787 1104 1105 3 1106 
788 585 1104 1106 30 
789 36 97 1107 1108 
790 97 35 218 1107 
791 1107 218 38 1109 
792 1108 1107 1109 19 
793 23 1112 1110 1111 
794 1112 41 168 1110 
795 1110 168 39 70 
796 1111 1110 70 40 
797 48 1114 1113 525 
798 1114 31 1019 1113 
799 1113 1019 49 546 
800 525 1113 546 47 
801 52 100 1115 1116 
802 100 51 222 1115 
803 1115 222 54 1117 
804 1116 1115 1117 35 
805 70 1120 1118 1119 
806 1120 39 172 1118 
807 1118 172 56 112 
808 1119 1118 112 68 
809 72 574 1121 591 
810 574 73 1079 1121 
811 1121 1079 44 1122 
812 591 1121 1122 74 
813 56 1125 1123 1124 
814 1125 81 176 1123 
815 1123 176 79 116 
816 1124 1123 116 80 
817 89 1127 1126 390 
818 1127 58 530 1126 
819 1126 530 90 453 
820 390 1126 453 88 
821 98 135 1128 1129 
822 135 76 226 1128 
823 1128 226 51 1130 
824 1129 1128 1130 100 
825 102 138 1131 1132 
826 138 101 230 1131 
827 1131 230 104 1133 
828 1132 1131 1133 76 
829 116 1136 1134 1135 
830 1136 79 180 1134 
831 1134 180 106 141 
832 1135 1134 141 114 
833 121 484 1137 406 
834 484 122 597 1137 
835 1137 597 77 1138 
836 406 1137 1138 123 
837 136 154 1139 1140 
838 154 125 234 1139 
839 1139 234 101 1141 
840 1140 1139 1141 138 
841 183 1144 1142 1143 
842 1144 186 254 1142 
843 1142 254 128 201 
844 1143 1142 201 149 
845 188 1146 1145 393 
846 1146 88 1147 1145 
847 1145 1147 189 457 
848 393 1145 457 187 
849 204 487 1148 409 
850 487 205 1149 1148 
851 1148 1149 121 1150 
852 409 1148 1150 206 
853 158 245 1151 1152 
854 245 143 270 1151 
855 1151 270 239 1153 
856 1152 1151 1153 237 
857 250 1155 1154 260 
858 1155 196 296 1154 
859 1154 296 251 1156 
860 260 1154 1156 249 
861 265 1158 1157 276 
862 1158 267 317 1157 
863 1157 317 212 1159 
864 276 1157 1159 268 
865 279 341 1160 323 
866 341 191 362 1160 
867 1160 362 280 1161 
868 323 1160 1161 278 
869 248 1163 1162 294 
870 1163 289 338 1162 
871 1162 338 279 322 
872 294 1162 322 131 
873 300 1165 1164 327 
874 1165 301 377 1164 
875 1164 377 207 351 
876 327 1164 351 302 
877 145 328 1166 314 
878 328 302 350 1166 
879 1166 350 310 1167 
880 314 1166 1167 263 
881 329 463 1168 420 
882 463 331 1169 1168 
883 1168 1169 190 1170 
884 420 1168 1170 332 
885 332 1170 1171 435 
886 1170 190 1172 1171 
887 1171 1172 343 489 
888 435 1171 489 342 
889 397 467 1173 469 
890 467 329 1174 1173 
891 1173 1174 420 1175 
892 469 1173 1175 419 
893 400 1177 1176 432 
894 1177 422 472 1176 
895 1176 472 425 1178 
896 432 1176 1178 193 
897 434 1180 1179 478 
898 1180 435 1181 1179 
899 1179 1181 342 493 
900 478 1179 493 412 
901 208 1183 1182 446 
902 1183 440 497 1182 
903 1182 497 439 1184 
904 446 1182 1184 417 
905 449 1186 1185 532 
906 1186 84 629 1185 
907 1185 629 450 554 
908 532 1185 554 448 
909 479 580 1187 598 
910 580 480 666 1187 
911 1187 666 118 1188 
912 598 1187 1188 481 
913 502 1190 1189 536 
914 1190 448 1191 1189 
915 1189 1191 503 558 
916 536 1189 558 501 
917 505 583 1192 602 
918 583 506 1193 1192 
919 1192 1193 479 1194 
920 602 1192 1194 507 
921 15 1196 1195 1017 
922 1196 538 1197 1195 
923 1195 1197 537 895 
924 1017 1195 895 33 
925 47 1199 1198 627 
926 1199 546 1200 1198 
927 1198 1200 545 637 
928 627 1198 637 86 
929 546 1202 1201 1200 
930 1202 49 1203 1201 
931 1201 1203 547 856 
932 1200 1201 856 545 
933 550 1205 1204 631 
934 1205 86 1206 1204 
935 1204 1206 551 641 
936 631 1204 641 549 
937 45 912 1207 1059 
938 912 566 1208 1207 
939 1207 1208 568 1209 
940 1059 1207 1209 28 
941 119 655 1210 663 
942 655 572 1211 1210 
943 1210 1211 574 1212 
944 663 1210 1212 72 
945 575 658 1213 667 
946 658 576 1214 1213 
947 1213 1214 119 1215 
948 667 1213 1215 577 
949 86 1217 1216 1206 
950 1217 637 1218 1216 
951 1216 1218 636 969 
952 1206 1216 969 551 
953 637 1220 1219 1218 
954 1220 545 1221 1219 
955 1219 1221 638 966 
956 1218 1219 966 636 
957 549 1223 1222 680 
958 1223 641 1224 1222 
959 1222 1224 640 755 
960 680 1222 755 611 
961 576 981 1225 1214 
962 981 653 1226 1225 
963 1225 1226 655 1227 
964 1214 1225 1227 119 
965 614 772 1228 698 
966 772 656 1229 1228 
967 1228 1229 658 1230 
968 698 1228 1230 575 
969 611 1232 1231 760 
970 1232 755 1233 1231 
971 1231 1233 754 829 
972 760 1231 829 646 
973 758 1235 1234 810 
974 1235 760 1236 1234 
975 1234 1236 646 833 
976 810 1234 833 761 
977 660 842 1237 775 
978 842 770 1238 1237 
979 1237 1238 772 1239 
980 775 1237 1239 614 
981 774 846 1240 821 
982 846 660 1241 1240 
983 1240 1241 775 1242 
984 821 1240 1242 773 
985 49 1244 1243 1203 
986 1244 852 1023 1243 
987 1243 1023 851 863 
988 1203 1243 863 547 
989 545 1246 1245 1221 
990 1246 856 1247 1245 
991 1245 1247 855 876 
992 1221 1245 876 638 
993 856 1249 1248 1247 
994 1249 547 1250 1248 
995 1248 1250 857 871 
996 1247 1248 871 855 
997 573 880 1251 1252 
998 880 859 1082 1251 
999 1251 1082 861 1253 
1000 1252 1251 1253 73 
1001 547 1255 1254 1250 
1002 1255 863 1256 1254 
1003 1254 1256 862 891 
1004 1250 1254 891 857 
1005 863 1258 1257 1256 
1006 1258 851 1259 1257 
1007 1257 1259 864 907 
1008 1256 1257 907 862 
1009 548 877 1260 973 
1010 877 858 882 1260 
1011 1260 882 866 1261 
1012 973 1260 1261 654 
1013 851 1263 1262 1259 
1014 1263 903 1027 1262 
1015 1262 1027 902 929 
1016 1259 1262 929 864 
1017 879 934 1264 1265 
1018 934 916 1085 1264 
1019 1264 1085 918 1266 
1020 1265 1264 1266 859 
1021 865 927 1267 1050 
1022 927 909 1268 1267 
1023 1267 1268 919 1269 
1024 1050 1267 1269 920 
1025 909 1010 1270 1268 
1026 1010 854 1053 1270 
1027 1270 1053 921 1271 
1028 1268 1270 1271 919 
1029 929 1274 1272 1273 
1030 1274 902 1031 1272 
1031 1272 1031 930 1012 
1032 1273 1272 1012 928 
1033 931 1014 1275 1054 
1034 1014 905 1276 1275 
1035 1275 1276 933 1277 
1036 1054 1275 1277 932 
1037 932 1277 1278 1279 
1038 1277 933 1088 1278 
1039 1278 1088 916 1280 
1040 1279 1278 1280 934 
1041 921 1055 1281 1282 
1042 1055 932 1279 1281 
1043 1281 1279 934 1283 
1044 1282 1281 1283 879 
1045 945 1285 1284 1033 
1046 1285 904 1045 1284 
1047 1284 1045 946 1286 
1048 1033 1284 1286 944 
1049 944 1286 1287 1288 
1050 1286 946 960 1287 
1051 1287 960 544 1289 
1052 1288 1287 1289 947 
1053 930 1034 1290 1013 
1054 1034 944 1288 1290 
1055 1290 1288 947 1291 
1056 1013 1290 1291 905 
1057 544 963 1292 1293 
1058 963 954 1294 1292 
1059 1292 1294 955 1075 
1060 1293 1292 1075 956 
1061 970 985 1295 1296 
1062 985 639 987 1295 
1063 1295 987 972 1297 
1064 1296 1295 1297 980 
1065 34 1004 1298 1299 
1066 1004 893 1049 1298 
1067 1298 1049 999 1300 
1068 1299 1298 1300 883 
1069 905 1291 1301 1276 
1070 1291 947 1302 1301 
1071 1301 1302 1056 1089 
1072 1276 1301 1089 933 
1073 947 1289 1303 1302 
1074 1289 544 1293 1303 
1075 1303 1293 956 1304 
1076 1302 1303 1304 1056 
1077 1056 1304 1305 1090 
1078 1304 956 1074 1305 
1079 1305 1074 917 1306 
1080 1090 1305 1306 1057 
1081 572 868 1307 1211 
1082 868 573 1252 1307 
1083 1307 1252 73 1308 
1084 1211 1307 1308 574 
1085 653 974 1309 1226 
1086 974 654 1310 1309 
1087 1309 1310 572 1311 
1088 1226 1309 1311 655 
1089 654 1261 1312 1310 
1090 1261 866 1313 1312 
1091 1312 1313 868 1314 
1092 1310 1312 1314 572 
1093 878 922 1315 1316 
1094 922 879 1265 1315 
1095 1315 1265 859 1317 
1096 1316 1315 1317 880 
1097 867 1000 1318 1319 
1098 1000 878 1316 1318 
1099 1318 1316 880 1320 
1100 1319 1318 1320 573 
1101 873 998 1321 1322 
1102 998 34 1299 1321 
1103 1321 1299 883 1323 
1104 1322 1321 1323 881 
1105 919 1271 1324 1325 
1106 1271 921 1282 1324 
1107 1324 1282 879 1326 
1108 1325 1324 1326 922 
1109 920 1269 1327 1328 
1110 1269 919 1325 1327 
1111 1327 1325 922 1329 
1112 1328 1327 1329 878 
1113 864 1332 1330 1331 
1114 1332 929 1273 1330 
1115 1330 1273 928 937 
1116 1331 1330 937 908 
1117 999 1051 1333 1334 
1118 1051 920 1328 1333 
1119 1333 1328 878 1335 
1120 1334 1333 1335 1000 
1121 883 1300 1336 1337 
1122 1300 999 1334 1336 
1123 1336 1334 1000 1338 
1124 1337 1336 1338 867 
1125 866 884 1339 1313 
1126 884 867 1319 1339 
1127 1339 1319 573 1340 
1128 1313 1339 1340 868 
1129 858 889 1341 1342 
1130 889 873 1322 1341 
1131 1341 1322 881 1343 
1132 1342 1341 1343 882 
1133 881 1323 1344 1345 
1134 1323 883 1337 1344 
1135 1344 1337 867 1346 
1136 1345 1344 1346 884 
1137 882 1343 1347 1348 
1138 1343 881 1345 1347 
1139 1347 1345 884 1349 
1140 1348 1347 1349 866 
1141 907 1352 1350 1351 
1142 1352 864 1331 1350 
1143 1350 1331 908 1009 
1144 1351 1350 1009 906 
