2 0.000000 100.000000 262.180540
1541 1297 
1 -11.368037 0.000000 -11.528932 99.756351 -6.975679 -0.000017 0.000001 
2 13.641644 0.000000 -11.528932 99.756305 -6.976313 -0.000620 0.000001 
3 13.641644 0.000000 11.528932 99.756377 -6.976507 -0.000434 -0.000001 
4 -11.368037 0.000000 11.528932 99.756450 -6.975683 -0.000001 -0.000001 
5 1.136804 0.000000 0.000000 101.765142 -6.572511 -0.027423 -0.039934 
6 -11.368037 0.000000 0.000000 99.756372 -6.975673 0.000025 0.000001 
7 1.136804 0.000000 -11.528932 99.756233 -6.976028 -0.000274 0.000003 
8 13.641644 0.000000 0.000000 99.768524 -6.801748 0.129828 -0.000004 
9 1.136804 0.000000 11.528932 99.756605 -6.976065 -0.000291 -0.000005 
10 -5.115617 0.000000 -5.764466 99.756091 -6.976437 -0.000188 0.000005 
11 -11.368037 0.000000 -5.764466 99.756343 -6.975676 -0.000002 0.000001 
12 -5.115617 0.000000 -11.528932 99.756287 -6.975764 -0.000087 0.000002 
13 1.136804 0.000000 -5.764466 99.757988 -6.978298 -0.001168 -0.000035 
14 -5.115617 0.000000 0.000000 99.755799 -6.976161 0.000062 0.000011 
15 7.389224 0.000000 -5.764466 99.755969 -6.978525 -0.002215 0.000005 
16 7.389224 0.000000 -11.528932 99.756253 -6.976283 -0.000495 0.000002 
17 13.641644 0.000000 -5.764466 99.756177 -6.978008 -0.002882 0.000001 
18 7.389224 0.000000 0.000000 99.821060 -6.040410 1.094621 -0.000193 
19 -5.115617 0.000000 5.764466 99.756505 -6.975650 0.000163 -0.000002 
20 -11.368037 0.000000 5.764466 99.756429 -6.975678 0.000022 -0.000001 
21 1.136804 0.000000 5.764466 99.760203 -6.978198 -0.000876 -0.000079 
22 -5.115617 0.000000 11.528932 99.756533 -6.975774 -0.000050 -0.000003 
23 -1.989406 0.000000 -2.882233 99.754675 -6.978375 -0.002215 0.000031 
24 -5.115617 0.000000 -2.882233 99.755840 -6.976556 -0.000115 0.000010 
25 -1.989406 0.000000 -5.764466 99.756136 -6.976369 -0.000696 0.000004 
26 1.136804 0.000000 -2.882233 99.770547 -6.984036 -0.005508 -0.000294 
27 -1.989406 0.000000 0.000000 99.749237 -6.979710 -0.001532 0.000137 
28 7.389224 0.000000 5.764466 99.756154 -6.978540 -0.001845 0.000001 
29 13.641644 0.000000 5.764466 99.756159 -6.979267 -0.001238 -0.000000 
30 7.389224 0.000000 11.528932 99.756460 -6.976391 -0.000464 -0.000002 
31 4.263014 0.000000 -2.882233 99.756783 -6.986991 -0.004624 -0.000023 
32 4.263014 0.000000 -5.764466 99.756127 -6.978129 -0.001404 0.000002 
33 7.389224 0.000000 -2.882233 99.755222 -6.985467 -0.010904 0.000010 
34 4.263014 0.000000 0.000000 99.947782 -4.114124 -2.057072 -0.001072 
35 -1.989406 0.000000 2.882233 99.755904 -6.977530 0.001452 0.000007 
36 -5.115617 0.000000 2.882233 99.756227 -6.975855 0.000322 0.000003 
37 1.136804 0.000000 2.882233 99.752574 -6.983416 -0.006402 0.000066 
38 -1.989406 0.000000 5.764466 99.756832 -6.976400 0.000093 -0.000010 
39 -0.426301 0.000000 -1.441116 99.748610 -6.992342 -0.030914 0.000132 
40 -1.989406 0.000000 -1.441116 99.751775 -6.979941 -0.003705 0.000086 
41 -0.426301 0.000000 -2.882233 99.758704 -6.984251 -0.007289 -0.000058 
42 1.136804 0.000000 -1.441116 99.788340 -7.031281 -0.016181 -0.000715 
43 -0.426301 0.000000 0.000000 99.944969 -7.086919 0.005008 -0.003922 
44 4.263014 0.000000 2.882233 99.751968 -6.985481 -0.006573 0.000075 
45 7.389224 0.000000 2.882233 99.755072 -6.989361 -0.005334 0.000007 
46 4.263014 0.000000 5.764466 99.756429 -6.978454 -0.001999 -0.000004 
47 2.699909 0.000000 -1.441116 99.770844 -7.037105 0.003805 -0.000374 
48 2.699909 0.000000 -2.882233 99.765714 -6.986166 0.000482 -0.000200 
49 4.263014 0.000000 -1.441116 99.753547 -7.012198 -0.029591 0.000006 
50 2.699909 0.000000 0.000000 99.993549 -4.572256 -0.991471 -0.002060 
51 -0.426301 0.000000 1.441116 99.746950 -6.991822 0.013674 0.000166 
52 -1.989406 0.000000 1.441116 99.752861 -6.977810 0.002768 0.000068 
53 1.136804 0.000000 1.441116 99.764845 -7.006413 -0.028362 -0.000212 
54 -0.426301 0.000000 2.882233 99.756577 -6.979147 0.001032 -0.000008 
55 0.355251 0.000000 -0.720558 99.895611 -7.081322 -0.167760 -0.002931 
56 -0.426301 0.000000 -0.720558 99.763826 -6.939595 -0.093387 -0.000099 
57 0.355251 0.000000 -1.441116 99.764113 -7.001897 -0.035424 -0.000191 
58 1.136804 0.000000 -0.720558 99.845893 -7.208113 0.062257 -0.002116 
59 0.355251 0.000000 0.000000 68.719464 -0.031761 -0.010743 0.527763 
60 -8.241827 0.000000 -2.882233 99.756210 -6.975995 -0.000006 0.000003 
61 -11.368037 0.000000 -2.882233 99.756351 -6.975674 0.000013 0.000001 
62 -8.241827 0.000000 -5.764466 99.756281 -6.975712 -0.000024 0.000002 
63 -8.241827 0.000000 0.000000 99.756235 -6.975900 0.000061 0.000003 
64 -3.552511 0.000000 -1.441116 99.755343 -6.974839 -0.002332 0.000022 
65 -5.115617 0.000000 -1.441116 99.755784 -6.976137 -0.000104 0.000012 
66 -3.552511 0.000000 -2.882233 99.755452 -6.976442 -0.000556 0.000018 
67 -3.552511 0.000000 0.000000 99.754698 -6.975021 -0.001916 0.000035 
68 -1.207854 0.000000 -0.720558 99.742435 -6.987655 -0.012805 0.000262 
69 -1.989406 0.000000 -0.720558 99.749981 -6.979901 -0.003404 0.000122 
70 -1.207854 0.000000 -1.441116 99.749493 -6.984323 -0.012014 0.000126 
71 -1.207854 0.000000 0.000000 99.738438 -6.988739 -0.004296 0.000340 
72 2.699909 0.000000 1.441116 99.732600 -7.001722 -0.042319 0.000438 
73 4.263014 0.000000 1.441116 99.743002 -7.026133 -0.017189 0.000197 
74 2.699909 0.000000 2.882233 99.747949 -6.982552 -0.007365 0.000159 
75 0.355251 0.000000 0.720558 99.750998 -7.094130 0.113437 -0.000060 
76 -0.426301 0.000000 0.720558 99.654664 -6.926402 -0.053148 0.002097 
77 1.136804 0.000000 0.720558 99.676820 -7.170678 -0.012307 0.001311 
78 0.355251 0.000000 1.441116 99.765064 -6.999867 0.008728 -0.000207 
79 -0.035525 0.000000 -0.360279 99.152915 -7.090263 -0.013846 0.011843 
80 -0.426301 0.000000 -0.360279 99.776611 -7.024325 0.028133 -0.000471 
81 -0.035525 0.000000 -0.720558 99.671837 -7.032116 -0.108353 0.001606 
82 0.355251 0.000000 -0.360279 100.434581 -7.470254 -0.680132 -0.014337 
83 -0.035525 0.000000 0.000000 166.194829 -7.412273 -0.081444 -1.767567 
84 1.918356 0.000000 -0.720558 99.840277 -7.138642 0.020625 -0.001904 
85 1.918356 0.000000 -1.441116 99.795161 -7.012494 0.001127 -0.000825 
86 2.699909 0.000000 -0.720558 99.794931 -7.138142 -0.012098 -0.000998 
87 1.918356 0.000000 0.000000 101.429078 -7.247850 -1.291296 -0.034206 
88 0.746027 0.000000 -0.360279 99.737407 -7.654494 0.131370 -0.000616 
89 0.746027 0.000000 -0.720558 99.782204 -7.114319 0.019530 -0.000710 
90 1.136804 0.000000 -0.360279 99.834863 -7.511756 -0.137194 -0.002345 
91 0.746027 0.000000 0.000000 101.940691 -6.527308 -0.021151 -0.043451 
92 -8.241827 0.000000 2.882233 99.756327 -6.975774 0.000094 0.000001 
93 -11.368037 0.000000 2.882233 99.756402 -6.975675 0.000029 0.000000 
94 -8.241827 0.000000 5.764466 99.756460 -6.975716 0.000037 -0.000001 
95 -3.552511 0.000000 1.441116 99.754716 -6.975304 -0.001311 0.000034 
96 -5.115617 0.000000 1.441116 99.755957 -6.976141 0.000189 0.000008 
97 -3.552511 0.000000 2.882233 99.756071 -6.976453 0.000546 0.000006 
98 -1.207854 0.000000 0.720558 99.742162 -6.989218 0.001853 0.000265 
99 -1.989406 0.000000 0.720558 99.750180 -6.978829 0.000193 0.000120 
100 -1.207854 0.000000 1.441116 99.749275 -6.982637 0.004540 0.000132 
101 -0.035525 0.000000 0.360279 99.016916 -7.096123 -0.156905 0.014527 
102 -0.426301 0.000000 0.360279 99.677006 -7.026068 -0.215126 0.001508 
103 0.355251 0.000000 0.360279 100.319672 -7.422980 0.609825 -0.011951 
104 -0.035525 0.000000 0.720558 99.492709 -7.025864 -0.022856 0.005184 
105 0.159863 0.000000 -0.180140 98.266560 -8.495848 -4.963778 0.024686 
106 -0.035525 0.000000 -0.180140 97.558798 -7.228533 3.038410 0.042080 
107 0.159863 0.000000 -0.360279 99.380249 -7.258301 -0.959421 0.006996 
108 0.355251 0.000000 -0.180140 102.023894 -8.994040 -1.558105 -0.049220 
109 0.159863 0.000000 0.000000 116.746819 0.123969 0.034277 -0.362984 
110 -0.817078 0.000000 -0.360279 99.752533 -6.939119 -0.054836 0.000128 
111 -1.207854 0.000000 -0.360279 99.738633 -6.988347 -0.007213 0.000337 
112 -0.817078 0.000000 -0.720558 99.728211 -6.994152 -0.015890 0.000537 
113 -0.817078 0.000000 0.000000 99.745810 -6.933803 -0.064871 0.000269 
114 -0.230913 0.000000 -0.180140 100.333330 -7.034853 0.321246 -0.011637 
115 -0.426301 0.000000 -0.180140 99.883085 -7.094728 0.044196 -0.002697 
116 -0.230913 0.000000 -0.360279 99.587242 -7.008721 0.240560 0.003320 
117 -0.230913 0.000000 0.000000 101.175952 -7.088846 -0.107196 -0.028684 
118 1.918356 0.000000 0.720558 99.592715 -7.153643 -0.185336 0.003008 
119 2.699909 0.000000 0.720558 99.618588 -7.172349 -0.038920 0.002469 
120 1.918356 0.000000 1.441116 99.741681 -7.014409 -0.041287 0.000239 
121 0.746027 0.000000 0.360279 99.584346 -7.563922 -0.021737 0.002574 
122 1.136804 0.000000 0.360279 99.688162 -7.552498 0.154798 0.000521 
123 0.746027 0.000000 0.720558 99.518725 -7.139455 0.029375 0.004505 
124 0.159863 0.000000 0.180140 98.231347 -8.244643 4.852260 0.025908 
125 -0.035525 0.000000 0.180140 97.524922 -7.283521 -3.147019 0.042594 
126 0.355251 0.000000 0.180140 101.885697 -9.007239 1.511612 -0.046411 
127 0.159863 0.000000 0.360279 99.275618 -7.308197 0.868928 0.009019 
128 0.062169 0.000000 -0.090070 85.882456 -10.557601 -8.379632 0.244252 
129 -0.035525 0.000000 -0.090070 103.968329 -7.665959 18.834769 -0.122293 
130 0.062169 0.000000 -0.180140 95.900562 -7.863357 -1.896878 0.073765 
131 0.159863 0.000000 -0.090070 99.429850 -12.414132 -13.420773 -0.022052 
132 0.062169 0.000000 0.000000 196.880205 -0.761273 0.017320 -2.876240 
133 -0.817078 0.000000 0.360279 99.721635 -6.928687 -0.062215 0.000758 
134 -1.207854 0.000000 0.360279 99.739001 -6.988251 -0.001665 0.000330 
135 -0.817078 0.000000 0.720558 99.710945 -6.941312 -0.045670 0.000954 
136 -0.230913 0.000000 0.180140 100.276812 -7.040054 -0.498466 -0.010525 
137 -0.426301 0.000000 0.180140 99.859316 -7.020318 -0.094051 -0.002118 
138 -0.230913 0.000000 0.360279 99.538895 -7.000298 -0.343764 0.004289 
139 -0.133219 0.000000 -0.090070 103.394243 -7.195799 2.531127 -0.074856 
140 -0.230913 0.000000 -0.090070 100.832836 -7.081805 0.369752 -0.021755 
141 -0.133219 0.000000 -0.180140 100.092328 -7.270438 1.801965 -0.007458 
142 -0.133219 0.000000 0.000000 106.413612 -7.114488 -0.106235 -0.137448 
143 0.062169 0.000000 0.090070 85.717806 -10.478922 8.342965 0.247304 
144 -0.035525 0.000000 0.090070 103.907252 -7.717577 -19.016355 -0.121790 
145 0.159863 0.000000 0.090070 99.378134 -12.419316 13.411960 -0.021013 
146 0.062169 0.000000 0.180140 95.864075 -7.893156 1.814625 0.074448 
147 0.013322 0.000000 -0.045035 73.855053 -11.567180 -14.521407 0.420076 
148 -0.035525 0.000000 -0.045035 144.903223 -7.655751 29.053968 -1.189969 
149 0.013322 0.000000 -0.090070 75.641424 -9.105261 5.784969 0.416200 
150 0.062169 0.000000 -0.045035 193.651269 -0.659112 -19.173908 -2.786889 
151 0.013322 0.000000 0.000000 246.940935 -3.658144 -0.022320 -5.099321 
152 -0.133219 0.000000 0.090070 103.376841 -7.243197 -2.696631 -0.074651 
153 -0.230913 0.000000 0.090070 100.801489 -7.082602 -0.568405 -0.021143 
154 -0.133219 0.000000 0.180140 99.995276 -7.205147 -2.064519 -0.005523 
155 0.013322 0.000000 0.045035 73.697087 -11.830632 14.489093 0.421884 
156 -0.035525 0.000000 0.045035 144.890643 -7.677555 -29.215404 -1.190578 
157 0.062169 0.000000 0.045035 193.677815 -0.640972 19.142518 -2.787794 
158 0.013322 0.000000 0.090070 75.585697 -9.153357 -5.894632 0.416827 
159 -1.989406 0.000000 -8.646699 99.756218 -6.976645 -0.000309 0.000002 
160 -5.115617 0.000000 -8.646699 99.757602 -6.975544 -0.001182 -0.000024 
161 -1.989406 0.000000 -11.528932 99.756253 -6.975870 -0.000166 0.000003 
162 1.136804 0.000000 -8.646699 99.756254 -6.977020 -0.000462 0.000001 
163 -0.426301 0.000000 -4.323349 99.756677 -6.978440 -0.002220 -0.000009 
164 -1.989406 0.000000 -4.323349 99.756683 -6.975968 -0.001971 -0.000006 
165 -0.426301 0.000000 -5.764466 99.756341 -6.976753 -0.000927 -0.000000 
166 1.136804 0.000000 -4.323349 99.757730 -6.979074 -0.001947 -0.000031 
167 0.355251 0.000000 -2.161675 99.782991 -6.990086 -0.020491 -0.000551 
168 -0.426301 0.000000 -2.161675 99.759743 -6.985187 -0.015780 -0.000080 
169 0.355251 0.000000 -2.882233 99.766452 -6.983184 -0.008931 -0.000211 
170 1.136804 0.000000 -2.161675 99.791693 -6.979643 -0.009096 -0.000710 
171 -0.035525 0.000000 -1.080837 99.820279 -6.964583 -0.100187 -0.001260 
172 -0.426301 0.000000 -1.080837 99.722373 -7.000068 -0.031981 0.000645 
173 -0.035525 0.000000 -1.441116 99.757111 -6.995220 -0.040656 -0.000042 
174 0.355251 0.000000 -1.080837 99.914662 -7.006395 -0.076694 -0.003204 
175 0.159863 0.000000 -0.540419 99.678505 -7.092840 -0.352832 0.001376 
176 -0.035525 0.000000 -0.540419 99.622548 -7.018624 -0.174019 0.002606 
177 0.159863 0.000000 -0.720558 99.740037 -7.054445 -0.184759 0.000213 
178 0.355251 0.000000 -0.540419 99.926814 -7.191193 -0.262449 -0.003715 
179 0.062169 0.000000 -0.270209 97.574280 -7.363340 -0.829831 0.042435 
180 -0.035525 0.000000 -0.270209 98.211132 -7.163766 0.717577 0.030274 
181 0.062169 0.000000 -0.360279 98.916360 -7.131288 -0.426315 0.016452 
182 0.159863 0.000000 -0.270209 98.838325 -7.607511 -2.178729 0.016836 
183 0.013322 0.000000 -0.135105 92.759111 -8.004447 2.567513 0.132508 
184 -0.035525 0.000000 -0.135105 98.479856 -7.409570 6.416873 0.020564 
185 0.013322 0.000000 -0.180140 95.929066 -7.474962 0.976649 0.074079 
186 0.062169 0.000000 -0.135105 93.620709 -8.550006 -3.709817 0.114830 
187 0.550639 0.000000 -0.180140 101.414337 -7.989471 -0.019480 -0.034870 
188 0.550639 0.000000 -0.360279 100.121488 -7.599994 0.187619 -0.008211 
189 0.746027 0.000000 -0.180140 102.026179 -7.973704 -0.017455 -0.047292 
190 0.550639 0.000000 0.000000 101.402408 -6.517301 -0.019200 -0.032492 
191 0.257557 0.000000 -0.090070 102.767762 -12.598089 -10.275016 -0.082550 
192 0.257557 0.000000 -0.180140 100.690780 -8.659111 -3.903033 -0.022885 
193 0.355251 0.000000 -0.090070 105.389177 -12.608932 -4.442790 -0.128560 
194 0.257557 0.000000 0.000000 82.803710 -0.139508 -0.019701 0.314353 
195 0.111016 0.000000 -0.045035 145.283147 -0.196548 -13.476722 -1.128885 
196 0.111016 0.000000 -0.090070 92.599421 -12.260274 -15.409484 0.103758 
197 0.159863 0.000000 -0.045035 115.605664 0.064527 -8.350208 -0.343440 
198 0.111016 0.000000 0.000000 148.452542 -0.207871 -0.009969 -1.203820 
199 0.037745 0.000000 -0.067552 74.663276 -11.650632 -14.618264 0.407596 
200 0.013322 0.000000 -0.067552 73.809976 -11.352775 -14.372930 0.421662 
201 0.037745 0.000000 -0.090070 82.988825 -9.882462 -5.227033 0.298787 
202 0.062169 0.000000 -0.067552 79.601711 -11.987204 -15.350093 0.328425 
203 0.037745 0.000000 -0.045035 74.322735 -11.698344 -14.611779 0.412578 
204 0.550639 0.000000 0.180140 101.388086 -7.985211 -0.010645 -0.034331 
205 0.746027 0.000000 0.180140 102.005054 -7.981044 -0.015987 -0.046873 
206 0.550639 0.000000 0.360279 99.911718 -7.518278 -0.103055 -0.003889 
207 0.257557 0.000000 0.090070 102.732418 -12.633489 10.270207 -0.081903 
208 0.355251 0.000000 0.090070 105.357228 -12.568787 4.449944 -0.127792 
209 0.257557 0.000000 0.180140 100.623857 -8.774083 3.821053 -0.021675 
210 0.111016 0.000000 0.045035 145.286254 -0.208128 13.436269 -1.128867 
211 0.159863 0.000000 0.045035 115.594992 0.039046 8.362771 -0.343214 
212 0.111016 0.000000 0.090070 92.452923 -12.260281 15.383548 0.106549 
213 -1.989406 0.000000 8.646699 99.756740 -6.975599 -0.000090 -0.000007 
214 -5.115617 0.000000 8.646699 99.756679 -6.974953 0.000059 -0.000004 
215 1.136804 0.000000 8.646699 99.756835 -6.975797 -0.000489 -0.000009 
216 -1.989406 0.000000 11.528932 99.756593 -6.975888 -0.000143 -0.000004 
217 -0.426301 0.000000 4.323349 99.757671 -6.977250 0.000125 -0.000027 
218 -1.989406 0.000000 4.323349 99.758807 -6.976207 0.002146 -0.000049 
219 1.136804 0.000000 4.323349 99.758275 -6.977633 -0.001965 -0.000040 
220 -0.426301 0.000000 5.764466 99.757220 -6.976811 -0.000280 -0.000018 
221 0.355251 0.000000 2.161675 99.768289 -6.989375 0.000810 -0.000256 
222 -0.426301 0.000000 2.161675 99.753668 -6.984760 0.002368 0.000042 
223 1.136804 0.000000 2.161675 99.770994 -6.977187 -0.012019 -0.000293 
224 0.355251 0.000000 2.882233 99.758102 -6.979512 -0.001410 -0.000039 
225 -0.035525 0.000000 1.080837 99.656400 -6.963594 0.006559 0.002011 
226 -0.426301 0.000000 1.080837 99.692178 -6.954073 -0.018167 0.001311 
227 0.355251 0.000000 1.080837 99.668884 -7.016436 0.028074 0.001688 
228 -0.035525 0.000000 1.441116 99.762008 -6.993797 0.023685 -0.000137 
229 0.159863 0.000000 0.540419 99.535454 -7.090510 0.257658 0.004235 
230 -0.035525 0.000000 0.540419 99.478702 -7.014530 0.060931 0.005478 
231 0.355251 0.000000 0.540419 99.704416 -7.199238 0.201452 0.000716 
232 0.159863 0.000000 0.720558 99.673154 -7.051849 0.123700 0.001552 
233 0.062169 0.000000 0.270209 97.447302 -7.423055 0.738278 0.044838 
234 -0.035525 0.000000 0.270209 98.055382 -7.304454 -0.904668 0.033097 
235 0.159863 0.000000 0.270209 98.698887 -7.540436 2.072661 0.019738 
236 0.062169 0.000000 0.360279 98.815183 -7.191716 0.344762 0.018372 
237 0.013322 0.000000 0.135105 92.653044 -8.008159 -2.672308 0.134414 
238 -0.035525 0.000000 0.135105 98.400329 -7.450092 -6.571086 0.021869 
239 0.062169 0.000000 0.135105 93.515116 -8.553155 3.637549 0.116853 
240 0.013322 0.000000 0.180140 95.873358 -7.550972 -1.104814 0.075006 
241 0.037745 0.000000 0.067552 74.558527 -11.798601 14.599739 0.408867 
242 0.013322 0.000000 0.067552 73.667703 -11.621074 14.343584 0.423228 
243 0.037745 0.000000 0.045035 74.214395 -11.847146 14.593026 0.413891 
244 0.062169 0.000000 0.067552 79.496976 -12.027844 15.329486 0.330057 
245 0.037745 0.000000 0.090070 82.831569 -9.865582 5.177064 0.301480 
246 0.111016 0.000000 -0.135105 96.574484 -9.123143 -6.505886 0.054781 
247 0.111016 0.000000 -0.180140 97.115650 -8.248809 -3.829571 0.048584 
248 0.159863 0.000000 -0.135105 98.732076 -9.622326 -7.549361 0.010240 
249 0.086592 0.000000 -0.067552 91.917272 -12.321966 -15.309688 0.116500 
250 0.086592 0.000000 -0.090070 92.345993 -12.431118 -15.447791 0.107905 
251 0.111016 0.000000 -0.067552 92.614661 -12.237683 -15.391971 0.103585 
252 0.086592 0.000000 -0.045035 167.560957 -0.366581 -17.181828 -1.837202 
253 0.086592 0.000000 -0.112587 93.416552 -9.672349 -8.194869 0.111264 
254 0.062169 0.000000 -0.112587 90.648877 -9.223332 -5.752550 0.166462 
255 0.086592 0.000000 -0.135105 95.045993 -8.841788 -5.465671 0.085821 
256 0.111016 0.000000 -0.112587 95.961864 -9.975024 -9.054473 0.060984 
257 0.074381 0.000000 -0.078811 88.947709 -12.367955 -15.238348 0.170313 
258 0.062169 0.000000 -0.078811 80.550122 -12.084847 -15.359971 0.312971 
259 0.074381 0.000000 -0.090070 86.647040 -10.940790 -12.257305 0.222235 
260 0.086592 0.000000 -0.078811 92.055581 -12.343055 -15.347216 0.113788 
261 0.074381 0.000000 -0.067552 86.896755 -12.300459 -15.278658 0.206422 
262 0.111016 0.000000 0.135105 96.485965 -8.943660 6.462914 0.056870 
263 0.159863 0.000000 0.135105 98.659166 -9.545576 7.525656 0.011862 
264 0.111016 0.000000 0.180140 97.074772 -8.100245 3.722919 0.049701 
265 0.086592 0.000000 0.067552 91.796717 -12.141120 15.289133 0.119220 
266 0.086592 0.000000 0.045035 167.519256 -0.321409 17.163967 -1.835741 
267 0.111016 0.000000 0.067552 92.469494 -12.217680 15.365614 0.106402 
268 0.086592 0.000000 0.090070 92.230885 -12.225975 15.430141 0.110590 
269 0.086592 0.000000 0.112587 93.296604 -9.558820 8.201537 0.113711 
270 0.062169 0.000000 0.112587 90.528290 -9.220693 5.685586 0.168728 
271 0.111016 0.000000 0.112587 95.864013 -9.788550 9.020090 0.063291 
272 0.086592 0.000000 0.135105 94.956736 -8.714185 5.446493 0.087762 
273 0.074381 0.000000 0.078811 88.826829 -12.208973 15.217061 0.172918 
274 0.062169 0.000000 0.078811 80.443554 -12.105920 15.339546 0.314698 
275 0.074381 0.000000 0.067552 86.779143 -12.184544 15.257493 0.208813 
276 0.086592 0.000000 0.078811 91.932934 -12.169871 15.326696 0.116532 
277 0.074381 0.000000 0.090070 86.488430 -10.798869 12.253396 0.225299 
278 0.208710 0.000000 -0.045035 95.294781 -0.129635 -5.264816 0.089117 
279 0.208710 0.000000 -0.090070 100.659813 -12.553384 -12.715584 -0.045167 
280 0.257557 0.000000 -0.045035 81.977071 -0.110451 -4.021350 0.326358 
281 0.208710 0.000000 0.000000 96.305984 -0.066291 0.019196 0.072515 
282 0.135439 0.000000 -0.067552 93.215790 -12.362001 -15.587040 0.091504 
283 0.135439 0.000000 -0.090070 94.451352 -12.386821 -15.344955 0.069004 
284 0.159863 0.000000 -0.067552 114.199623 -0.005047 -12.449508 -0.319654 
285 0.135439 0.000000 -0.045035 128.895525 -0.026483 -10.584399 -0.672609 
286 0.257557 0.000000 -0.270209 100.141712 -7.777017 -1.850003 -0.009227 
287 0.257557 0.000000 -0.360279 100.066326 -7.390527 -1.019239 -0.006893 
288 0.355251 0.000000 -0.270209 100.701429 -7.897735 -0.812679 -0.020381 
289 0.208710 0.000000 -0.135105 100.267902 -9.857563 -7.438276 -0.020615 
290 0.208710 0.000000 -0.180140 99.358861 -8.501361 -4.963215 0.003091 
291 0.257557 0.000000 -0.135105 101.489928 -10.049446 -6.449750 -0.044280 
292 0.135439 0.000000 -0.112587 97.182223 -10.332509 -9.319245 0.036201 
293 0.135439 0.000000 -0.135105 97.730801 -9.387217 -7.016488 0.031134 
294 0.159863 0.000000 -0.112587 98.486924 -10.744061 -9.869103 0.008749 
295 0.123228 0.000000 -0.078811 92.729491 -12.284585 -15.460275 0.101131 
296 0.111016 0.000000 -0.078811 92.615007 -12.293152 -15.431575 0.103321 
297 0.123228 0.000000 -0.090070 92.866399 -12.363826 -15.529633 0.098180 
298 0.135439 0.000000 -0.078811 94.352553 -12.385672 -15.384175 0.070752 
299 0.123228 0.000000 -0.067552 92.588321 -12.362874 -15.483795 0.103481 
300 0.208710 0.000000 0.045035 95.235903 -0.200451 5.262738 0.090239 
301 0.257557 0.000000 0.045035 81.968624 -0.139506 3.985453 0.326524 
302 0.208710 0.000000 0.090070 100.588557 -12.695506 12.705004 -0.044065 
303 0.135439 0.000000 0.067552 93.087189 -12.435694 15.567827 0.093777 
304 0.135439 0.000000 0.045035 128.714294 -0.132057 10.545187 -0.667859 
305 0.159863 0.000000 0.067552 114.156509 0.023688 12.450287 -0.318672 
306 0.135439 0.000000 0.090070 94.351263 -12.426291 15.331266 0.070838 
307 0.257557 0.000000 0.270209 100.028482 -7.629750 1.721583 -0.006687 
308 0.355251 0.000000 0.270209 100.599580 -7.829818 0.770837 -0.018218 
309 0.257557 0.000000 0.360279 100.000920 -7.419423 0.961112 -0.005616 
310 0.208710 0.000000 0.135105 100.240835 -9.998521 7.385443 -0.020274 
311 0.257557 0.000000 0.135105 101.422249 -10.166821 6.346964 -0.043012 
312 0.208710 0.000000 0.180140 99.318432 -8.448297 4.904592 0.004042 
313 0.135439 0.000000 0.112587 97.137763 -10.208042 9.361098 0.037242 
314 0.159863 0.000000 0.112587 98.414894 -10.690705 9.823842 0.010371 
315 0.135439 0.000000 0.135105 97.648279 -9.181882 7.006980 0.033141 
316 0.123228 0.000000 0.078811 92.587419 -12.340869 15.438539 0.103692 
317 0.111016 0.000000 0.078811 92.465951 -12.283319 15.405740 0.106183 
318 0.123228 0.000000 0.067552 92.434822 -12.393803 15.458985 0.106322 
319 0.135439 0.000000 0.078811 94.250665 -12.427856 15.370192 0.072612 
320 0.123228 0.000000 0.090070 92.723649 -12.410198 15.507240 0.100784 
321 0.184287 0.000000 -0.112587 99.792642 -11.041298 -10.001178 -0.018051 
322 0.184287 0.000000 -0.135105 99.332413 -9.768378 -7.832556 -0.002370 
323 0.208710 0.000000 -0.112587 101.580497 -11.220618 -9.547632 -0.053566 
324 0.184287 0.000000 -0.090070 99.386250 -12.355180 -13.370351 -0.020904 
325 0.452945 0.000000 -0.090070 98.982883 -10.128398 -0.007327 0.009980 
326 0.452945 0.000000 -0.180140 99.745710 -11.796933 -0.003896 -0.008837 
327 0.550639 0.000000 -0.090070 100.960179 -7.466081 -0.017463 -0.024870 
328 0.452945 0.000000 0.000000 101.402407 -6.517301 -0.019200 -0.032492 
329 0.306404 0.000000 -0.135105 102.596400 -10.502332 -4.335443 -0.065512 
330 0.306404 0.000000 -0.180140 101.467630 -8.826048 -2.929668 -0.038216 
331 0.355251 0.000000 -0.135105 104.618401 -10.721028 -2.780083 -0.106768 
332 0.306404 0.000000 -0.090070 104.476565 -12.542899 -6.483826 -0.111472 
333 0.233134 0.000000 -0.112587 103.084280 -12.594936 -10.304570 -0.089119 
334 0.233134 0.000000 -0.135105 100.821677 -10.040512 -6.882892 -0.031320 
335 0.257557 0.000000 -0.112587 102.761333 -12.596565 -10.274329 -0.082413 
336 0.233134 0.000000 -0.090070 102.979141 -12.605150 -10.294894 -0.086958 
337 0.184287 0.000000 -0.067552 102.993496 -0.037163 -10.267780 -0.071309 
338 0.208710 0.000000 -0.067552 93.278566 -0.076422 -8.218929 0.123155 
339 0.184287 0.000000 -0.045035 104.358514 -0.046232 -6.788678 -0.093679 
340 0.196498 0.000000 -0.101329 99.553039 -12.483910 -13.442457 -0.024736 
341 0.184287 0.000000 -0.101329 99.402244 -12.451662 -13.423413 -0.021604 
342 0.196498 0.000000 -0.112587 100.517003 -11.184595 -9.873732 -0.032625 
343 0.208710 0.000000 -0.101329 101.000627 -12.557168 -12.225061 -0.050826 
344 0.196498 0.000000 -0.090070 99.483820 -12.478050 -13.433818 -0.023320 
345 0.184287 0.000000 0.112587 99.767457 -11.104937 10.030276 -0.017747 
346 0.184287 0.000000 0.090070 99.319504 -12.486484 13.357636 -0.019870 
347 0.208710 0.000000 0.112587 101.509121 -11.347479 9.488525 -0.052290 
348 0.184287 0.000000 0.135105 99.260088 -9.740881 7.679174 -0.000642 
349 0.184287 0.000000 0.067552 102.952598 -0.041540 10.283912 -0.070500 
350 0.184287 0.000000 0.045035 104.269965 -0.030703 6.795449 -0.091840 
351 0.208710 0.000000 0.067552 93.164630 -0.137915 8.163233 0.125369 
352 0.452945 0.000000 0.090070 98.956297 -10.115883 -0.008715 0.010532 
353 0.550639 0.000000 0.090070 100.945742 -7.461283 -0.015243 -0.024571 
354 0.452945 0.000000 0.180140 99.721422 -11.784590 -0.002583 -0.008324 
355 0.306404 0.000000 0.135105 102.572470 -10.515016 4.310052 -0.065025 
356 0.306404 0.000000 0.090070 104.437930 -12.510730 6.490913 -0.110593 
357 0.355251 0.000000 0.135105 104.590420 -10.692580 2.742337 -0.106101 
358 0.306404 0.000000 0.180140 101.366522 -8.946563 2.856776 -0.036337 
359 0.233134 0.000000 0.112587 103.072260 -12.633654 10.303228 -0.088966 
360 0.233134 0.000000 0.090070 102.954413 -12.651549 10.291363 -0.086558 
361 0.257557 0.000000 0.112587 102.725517 -12.630608 10.269465 -0.081753 
362 0.233134 0.000000 0.135105 100.732372 -10.158959 6.793336 -0.029636 
363 0.196498 0.000000 0.101329 99.481133 -12.649250 13.431994 -0.023692 
364 0.184287 0.000000 0.101329 99.334943 -12.597568 13.412242 -0.020602 
365 0.196498 0.000000 0.090070 99.412032 -12.646006 13.423581 -0.022287 
366 0.208710 0.000000 0.101329 100.932915 -12.685144 12.214997 -0.049757 
367 0.196498 0.000000 0.112587 100.476390 -11.235910 9.825312 -0.031829 
368 0.306404 0.000000 -0.045035 73.238267 0.010961 -2.141499 0.463157 
369 0.355251 0.000000 -0.045035 67.979118 -0.037150 -1.101720 0.537762 
370 0.306404 0.000000 0.000000 73.697813 0.012675 -0.010906 0.456863 
371 0.281981 0.000000 -0.112587 103.827106 -12.537081 -8.468559 -0.100896 
372 0.281981 0.000000 -0.135105 102.563095 -10.278388 -5.392841 -0.065392 
373 0.306404 0.000000 -0.112587 104.466288 -12.553930 -6.483910 -0.111285 
374 0.281981 0.000000 -0.090070 103.640109 -12.543309 -8.789702 -0.097587 
375 0.281981 0.000000 -0.067552 75.725147 0.016467 -4.566728 0.424485 
376 0.257557 0.000000 -0.067552 81.086841 -0.128266 -6.164066 0.338691 
377 0.306404 0.000000 -0.067552 72.597966 -0.016755 -3.144609 0.471965 
378 0.281981 0.000000 -0.045035 76.802198 -0.040269 -3.129878 0.409162 
379 0.269769 0.000000 -0.101329 102.913288 -12.573629 -10.059452 -0.085043 
380 0.257557 0.000000 -0.101329 102.767188 -12.597953 -10.274955 -0.082538 
381 0.269769 0.000000 -0.112587 102.922302 -12.567159 -10.290561 -0.085683 
382 0.281981 0.000000 -0.101329 103.617755 -12.543800 -9.619756 -0.098653 
383 0.269769 0.000000 -0.090070 102.851975 -12.577973 -10.283440 -0.084248 
384 0.306404 0.000000 0.045035 73.170940 0.048036 2.098358 0.464161 
385 0.355251 0.000000 0.045035 67.962995 -0.039137 1.082522 0.537986 
386 0.281981 0.000000 0.112587 103.796108 -12.488165 8.469377 -0.100132 
387 0.281981 0.000000 0.090070 103.607567 -12.503697 8.789321 -0.096812 
388 0.306404 0.000000 0.112587 104.425792 -12.527683 6.490069 -0.110381 
389 0.281981 0.000000 0.135105 102.410367 -10.466940 5.282315 -0.062534 
390 0.281981 0.000000 0.067552 75.700506 0.065525 4.544517 0.424878 
391 0.257557 0.000000 0.067552 81.084887 -0.134740 6.136843 0.338756 
392 0.281981 0.000000 0.045035 76.762730 0.007114 3.127415 0.409770 
393 0.306404 0.000000 0.067552 72.536447 0.007652 3.114063 0.472877 
394 0.269769 0.000000 0.101329 102.876065 -12.576544 10.054560 -0.084275 
395 0.257557 0.000000 0.101329 102.731801 -12.633231 10.270140 -0.081890 
396 0.269769 0.000000 0.090070 102.815537 -12.584076 10.277622 -0.083502 
397 0.281981 0.000000 0.101329 103.592052 -12.479539 9.615069 -0.097950 
398 0.269769 0.000000 0.112587 102.886035 -12.555826 10.284158 -0.084895 
399 0.746027 0.000000 -1.080837 99.905477 -7.083509 -0.005886 -0.003128 
400 0.746027 0.000000 -1.441116 99.774205 -7.007089 -0.025421 -0.000399 
401 1.136804 0.000000 -1.080837 99.866643 -7.071584 0.011063 -0.002335 
402 0.550639 0.000000 -0.540419 99.881399 -7.270161 0.015497 -0.002915 
403 0.550639 0.000000 -0.720558 99.918272 -7.129026 -0.074343 -0.003449 
404 0.746027 0.000000 -0.540419 99.894269 -7.271748 0.081068 -0.003175 
405 0.452945 0.000000 -0.270209 100.438375 -7.952460 0.094592 -0.015112 
406 0.452945 0.000000 -0.360279 100.340955 -7.476744 -0.091021 -0.012422 
407 0.550639 0.000000 -0.270209 101.411956 -11.157391 -0.007012 -0.040887 
408 0.404098 0.000000 -0.135105 98.093466 -12.454334 -0.000718 0.022256 
409 0.404098 0.000000 -0.180140 102.142048 -9.122102 0.188120 -0.051625 
410 0.452945 0.000000 -0.135105 99.122904 -10.730651 -0.006199 0.005950 
411 0.404098 0.000000 -0.090070 101.203727 -12.422377 -1.523840 -0.039883 
412 0.330828 0.000000 -0.112587 104.460116 -12.578313 -6.486279 -0.111220 
413 0.330828 0.000000 -0.135105 103.012382 -10.641918 -4.089990 -0.074153 
414 0.355251 0.000000 -0.112587 105.302146 -12.601958 -4.694297 -0.126939 
415 0.330828 0.000000 -0.090070 104.453668 -12.579217 -6.485861 -0.111087 
416 0.746027 0.000000 1.080837 99.698927 -7.056569 0.012532 0.001033 
417 1.136804 0.000000 1.080837 99.711399 -7.086218 -0.002409 0.000742 
418 0.746027 0.000000 1.441116 99.764141 -7.004407 -0.011114 -0.000195 
419 0.550639 0.000000 0.540419 99.645006 -7.238289 0.017241 0.001848 
420 0.746027 0.000000 0.540419 99.750074 -7.303270 -0.031163 -0.000342 
421 0.550639 0.000000 0.720558 99.766641 -7.120913 0.048098 -0.000409 
422 0.452945 0.000000 0.270209 100.350308 -7.945124 -0.105747 -0.013332 
423 0.550639 0.000000 0.270209 101.379656 -11.149932 -0.003816 -0.040216 
424 0.452945 0.000000 0.360279 100.251652 -7.490089 0.033306 -0.010650 
425 0.404098 0.000000 0.135105 98.076982 -12.437118 -0.001307 0.022622 
426 0.404098 0.000000 0.090070 101.151462 -12.362385 1.525533 -0.038677 
427 0.452945 0.000000 0.135105 99.096446 -10.718060 -0.006332 0.006502 
428 0.404098 0.000000 0.180140 102.020214 -9.130409 -0.217426 -0.049154 
429 0.330828 0.000000 0.112587 104.409865 -12.567728 6.488407 -0.110147 
430 0.330828 0.000000 0.090070 104.403502 -12.568394 6.488012 -0.110015 
431 0.355251 0.000000 0.112587 105.267745 -12.566257 4.700772 -0.126131 
432 0.330828 0.000000 0.135105 102.902902 -10.621575 4.038338 -0.071813 
433 0.404098 0.000000 -0.045035 67.310847 0.003076 0.833465 0.546856 
434 0.452945 0.000000 -0.045035 99.519958 -8.551961 -0.012500 0.002264 
435 0.404098 0.000000 0.000000 68.287614 0.004032 0.005255 0.533680 
436 0.379675 0.000000 -0.112587 104.679145 -12.626670 -2.229365 -0.112213 
437 0.379675 0.000000 -0.135105 104.340514 -10.819040 -1.041331 -0.100508 
438 0.404098 0.000000 -0.112587 100.869989 -12.563954 -1.860487 -0.033607 
439 0.379675 0.000000 -0.090070 104.351694 -12.629059 -2.222642 -0.105371 
440 0.330828 0.000000 -0.067552 69.774104 -0.099431 -2.976619 0.512270 
441 0.355251 0.000000 -0.067552 66.808243 -0.049822 -1.802704 0.553341 
442 0.330828 0.000000 -0.045035 70.247783 -0.086253 -1.905850 0.506161 
443 0.343039 0.000000 -0.101329 104.858595 -12.576956 -6.129192 -0.119107 
444 0.330828 0.000000 -0.101329 104.455839 -12.578912 -6.486002 -0.111132 
445 0.343039 0.000000 -0.112587 104.911245 -12.582795 -6.025515 -0.120100 
446 0.355251 0.000000 -0.101329 105.406082 -12.609815 -4.750305 -0.129201 
447 0.343039 0.000000 -0.090070 104.695954 -12.573342 -6.500452 -0.116159 
448 0.404098 0.000000 0.045035 67.298233 -0.003854 -0.823970 0.547027 
449 0.452945 0.000000 0.045035 99.493285 -8.542138 -0.012692 0.002812 
450 0.330828 0.000000 0.067552 69.684753 -0.064088 2.962419 0.513526 
451 0.330828 0.000000 0.045035 70.152420 -0.038475 1.879721 0.507510 
452 0.355251 0.000000 0.067552 66.691638 -0.011223 1.769859 0.554909 
453 0.379675 0.000000 0.112587 104.630858 -12.564970 2.234825 -0.111049 
454 0.379675 0.000000 0.090070 104.298671 -12.564446 2.227432 -0.104104 
455 0.404098 0.000000 0.112587 100.808128 -12.498251 1.864007 -0.032196 
456 0.379675 0.000000 0.135105 104.277542 -10.821775 1.018383 -0.099195 
457 0.343039 0.000000 0.101329 104.814843 -12.560499 6.132945 -0.118153 
458 0.330828 0.000000 0.101329 104.405644 -12.568170 6.488145 -0.110059 
459 0.343039 0.000000 0.090070 104.649327 -12.561167 6.503464 -0.115156 
460 0.355251 0.000000 0.101329 105.376125 -12.570376 4.757769 -0.128478 
461 0.343039 0.000000 0.112587 104.869593 -12.563264 6.029803 -0.119183 
462 1.527580 0.000000 -0.360279 99.731818 -7.674112 0.066942 -0.000533 
463 1.527580 0.000000 -0.720558 99.848054 -7.050149 -0.089802 -0.001935 
464 1.918356 0.000000 -0.360279 99.591475 -7.573016 0.096752 0.002418 
465 1.527580 0.000000 0.000000 101.623894 -6.900167 0.179409 -0.037506 
466 0.941416 0.000000 -0.180140 102.141316 -8.022290 -0.016891 -0.049721 
467 0.941416 0.000000 -0.360279 99.740495 -7.637369 0.033089 -0.000650 
468 1.136804 0.000000 -0.180140 101.776817 -8.687223 -0.017183 -0.043399 
469 0.941416 0.000000 0.000000 102.082068 -6.553554 -0.025030 -0.046370 
470 0.648333 0.000000 -0.090070 101.612930 -7.461653 -0.018074 -0.038086 
471 0.648333 0.000000 -0.180140 101.699572 -8.478009 -0.014877 -0.041468 
472 0.746027 0.000000 -0.090070 102.041102 -6.674934 -0.021447 -0.045694 
473 0.648333 0.000000 0.000000 101.738148 -6.523543 -0.020417 -0.039321 
474 0.501792 0.000000 -0.135105 99.636147 -9.633978 -0.010687 -0.002018 
475 0.501792 0.000000 -0.180140 100.292856 -10.392985 -0.010241 -0.016667 
476 0.550639 0.000000 -0.135105 101.411417 -7.200686 -0.020282 -0.033613 
477 0.501792 0.000000 -0.090070 99.624312 -8.522781 -0.012231 0.000236 
478 0.428522 0.000000 -0.112587 98.073261 -12.309556 -1.240770 0.022857 
479 0.428522 0.000000 -0.135105 99.094803 -11.683088 -0.002915 0.004373 
480 0.452945 0.000000 -0.112587 99.002855 -10.675685 -0.006544 0.008446 
481 0.428522 0.000000 -0.090070 98.569588 -11.896103 -0.842531 0.014181 
482 0.379675 0.000000 -0.067552 66.047653 -0.014826 -0.299615 0.563762 
483 0.404098 0.000000 -0.067552 98.100384 -11.856475 -0.001140 0.023574 
484 0.379675 0.000000 -0.045035 66.984695 -0.017531 -0.214702 0.551300 
485 0.391886 0.000000 -0.101329 102.946678 -12.633150 -2.036824 -0.076176 
486 0.379675 0.000000 -0.101329 104.685612 -12.626329 -2.229513 -0.112347 
487 0.391886 0.000000 -0.112587 102.872259 -12.631152 -2.011935 -0.074630 
488 0.404098 0.000000 -0.101329 100.919228 -12.568727 -1.876334 -0.034618 
489 0.391886 0.000000 -0.090070 102.867095 -12.601853 -1.797167 -0.074368 
490 0.379675 0.000000 0.067552 66.028086 -0.018933 0.303339 0.564020 
491 0.379675 0.000000 0.045035 66.974488 -0.024064 0.209573 0.551437 
492 0.404098 0.000000 0.067552 98.075084 -11.840109 -0.003808 0.024109 
493 1.527580 0.000000 0.360279 99.709576 -7.614698 -0.136810 -0.000000 
494 1.918356 0.000000 0.360279 99.789720 -7.577651 -0.587651 -0.001575 
495 1.527580 0.000000 0.720558 99.670857 -7.190257 -0.099100 0.001401 
496 0.941416 0.000000 0.180140 102.123564 -8.036365 -0.017980 -0.049381 
497 1.136804 0.000000 0.180140 101.758516 -8.700190 -0.016323 -0.043049 
498 0.941416 0.000000 0.360279 99.664465 -7.654982 0.037641 0.000839 
499 0.648333 0.000000 0.090070 101.599540 -7.462149 -0.016553 -0.037815 
500 0.746027 0.000000 0.090070 102.030648 -6.677261 -0.019362 -0.045484 
501 0.648333 0.000000 0.180140 101.674266 -8.480692 -0.009427 -0.040958 
502 0.501792 0.000000 0.135105 99.610010 -9.623608 -0.008405 -0.001477 
503 0.501792 0.000000 0.090070 99.601024 -8.513130 -0.013102 0.000716 
504 0.550639 0.000000 0.135105 101.389101 -7.196703 -0.013752 -0.033154 
505 0.501792 0.000000 0.180140 100.268525 -10.383787 -0.005623 -0.016160 
506 0.428522 0.000000 0.112587 98.023541 -12.275010 1.241662 0.023917 
507 0.428522 0.000000 0.090070 98.527733 -11.866583 0.839692 0.015076 
508 0.452945 0.000000 0.112587 98.978526 -10.662714 -0.006232 0.008956 
509 0.428522 0.000000 0.135105 99.068251 -11.669344 -0.003634 0.004931 
510 0.391886 0.000000 0.101329 102.890372 -12.561995 2.040854 -0.074840 
511 0.379675 0.000000 0.101329 104.637255 -12.564883 2.234955 -0.111183 
512 0.391886 0.000000 0.090070 102.818791 -12.540779 1.800491 -0.073222 
513 0.404098 0.000000 0.101329 100.857107 -12.502477 1.879914 -0.033200 
514 0.391886 0.000000 0.112587 102.816378 -12.560959 2.015909 -0.073305 
515 1.332192 0.000000 -0.180140 101.456019 -8.600365 0.010138 -0.036729 
516 1.332192 0.000000 -0.360279 99.890188 -7.699624 0.084828 -0.003734 
517 1.527580 0.000000 -0.180140 101.690022 -8.147544 0.249712 -0.040731 
518 1.332192 0.000000 0.000000 101.405829 -6.631999 -0.049629 -0.032713 
519 1.332192 0.000000 0.180140 101.511796 -8.725250 -0.029039 -0.038078 
520 1.527580 0.000000 0.180140 101.717145 -8.401495 0.102449 -0.041697 
521 1.332192 0.000000 0.360279 99.748493 -7.707709 -0.159915 -0.000920 
522 1.234498 0.000000 -0.090070 99.166700 -11.270974 -0.013187 0.003893 
523 1.136804 0.000000 -0.090070 100.952804 -7.870383 -0.023097 -0.025341 
524 1.234498 0.000000 -0.180140 100.745986 -12.356285 -0.002186 -0.030243 
525 1.332192 0.000000 -0.090070 100.152982 -9.569612 -0.024910 -0.012220 
526 1.234498 0.000000 0.000000 78.877070 -0.019408 -0.057137 0.377840 
527 1.234498 0.000000 0.090070 99.143539 -11.282580 -0.008544 0.004326 
528 1.136804 0.000000 0.090070 100.941773 -7.875302 -0.022769 -0.025126 
529 1.332192 0.000000 0.090070 100.143891 -9.610276 -0.028019 -0.012116 
530 1.234498 0.000000 0.180140 100.725366 -12.364705 -0.002230 -0.029849 
531 4.263014 0.000000 -8.646699 99.756213 -6.977094 -0.000638 0.000002 
532 4.263014 0.000000 -11.528932 99.756232 -6.976187 -0.000392 0.000003 
533 7.389224 0.000000 -8.646699 99.756192 -6.977004 -0.000864 0.000002 
534 2.699909 0.000000 -4.323349 99.757207 -6.979303 -0.001525 -0.000021 
535 2.699909 0.000000 -5.764466 99.757794 -6.979071 -0.000807 -0.000032 
536 4.263014 0.000000 -4.323349 99.756205 -6.980263 -0.002294 -0.000002 
537 1.918356 0.000000 -2.161675 99.782289 -6.983064 -0.000549 -0.000527 
538 1.918356 0.000000 -2.882233 99.770228 -6.984178 -0.001314 -0.000288 
539 2.699909 0.000000 -2.161675 99.770271 -6.992405 0.002105 -0.000300 
540 1.527580 0.000000 -1.080837 99.804793 -7.038256 -0.021756 -0.001053 
541 1.527580 0.000000 -1.441116 99.796350 -7.036067 -0.008149 -0.000882 
542 1.918356 0.000000 -1.080837 99.882650 -7.017447 -0.005235 -0.002579 
543 1.332192 0.000000 -0.540419 99.857748 -7.252034 0.007190 -0.002416 
544 1.136804 0.000000 -0.540419 99.906507 -7.188741 0.081718 -0.003299 
545 1.332192 0.000000 -0.720558 99.865045 -7.118319 -0.008374 -0.002370 
546 1.527580 0.000000 -0.540419 99.790954 -7.317557 0.030255 -0.001178 
547 1.234498 0.000000 -0.270209 100.122153 -8.071259 -0.088736 -0.008960 
548 1.136804 0.000000 -0.270209 101.776219 -12.039937 -0.002652 -0.050336 
549 1.234498 0.000000 -0.360279 99.955442 -7.511079 0.072062 -0.004751 
550 1.332192 0.000000 -0.270209 101.527011 -12.049174 -0.002214 -0.045292 
551 10.515434 0.000000 -2.882233 99.755661 -6.983458 -0.012234 0.000004 
552 10.515434 0.000000 -5.764466 99.756081 -6.978240 -0.002611 0.000003 
553 13.641644 0.000000 -2.882233 99.755939 -6.981489 -0.012902 0.000001 
554 10.515434 0.000000 0.000000 99.780091 -6.633918 0.276277 -0.000015 
555 5.826119 0.000000 -1.441116 99.752477 -7.009305 -0.045263 0.000031 
556 5.826119 0.000000 -2.882233 99.754959 -6.986105 -0.009059 0.000014 
557 7.389224 0.000000 -1.441116 99.754107 -7.004423 -0.048419 0.000005 
558 5.826119 0.000000 0.000000 100.608771 5.246769 0.903028 -0.015047 
559 3.481461 0.000000 -0.720558 99.735253 -7.132231 -0.130713 0.000199 
560 3.481461 0.000000 -1.441116 99.756397 -7.016648 -0.016710 -0.000057 
561 4.263014 0.000000 -0.720558 99.743121 -7.100866 -0.159564 0.000086 
562 3.481461 0.000000 0.000000 99.942181 -3.963775 -0.949326 -0.000505 
563 2.309132 0.000000 -0.360279 99.068458 -7.689418 -0.362304 0.012618 
564 2.309132 0.000000 -0.720558 99.733882 -7.153841 0.012639 0.000198 
565 2.699909 0.000000 -0.360279 99.706197 -7.453449 -0.318038 0.000302 
566 2.309132 0.000000 0.000000 135.606047 -4.636052 -1.169930 -0.841186 
567 1.722968 0.000000 -0.180140 101.739869 -8.434056 0.316478 -0.042223 
568 1.722968 0.000000 -0.360279 99.520165 -7.461308 0.058214 0.004006 
569 1.918356 0.000000 -0.180140 101.161290 -8.499493 -0.707346 -0.030635 
570 1.722968 0.000000 0.000000 101.721187 -6.994593 0.059452 -0.039613 
571 1.429886 0.000000 -0.090070 101.496190 -8.704694 -0.005344 -0.037725 
572 1.429886 0.000000 -0.180140 101.516973 -8.879696 -0.006332 -0.038454 
573 1.527580 0.000000 -0.090070 101.672273 -8.208385 0.158570 -0.040465 
574 1.429886 0.000000 0.000000 101.405831 -6.632001 -0.049629 -0.032713 
575 1.283345 0.000000 -0.135105 99.504138 -10.578950 -0.005842 -0.001299 
576 1.234498 0.000000 -0.135105 99.360037 -11.540024 -0.010634 -0.000559 
577 1.283345 0.000000 -0.180140 100.196845 -11.344921 0.002188 -0.016811 
578 1.332192 0.000000 -0.135105 100.261649 -9.167228 -0.024806 -0.013644 
579 1.283345 0.000000 -0.090070 99.283752 -10.293770 -0.016355 0.003677 
580 10.515434 0.000000 2.882233 99.755263 -6.989891 -0.003065 0.000003 
581 13.641644 0.000000 2.882233 99.755389 -6.989930 -0.000961 0.000000 
582 10.515434 0.000000 5.764466 99.756118 -6.978926 -0.001525 0.000001 
583 5.826119 0.000000 1.441116 99.750567 -7.031179 -0.014644 0.000039 
584 7.389224 0.000000 1.441116 99.751490 -7.034661 -0.005541 0.000015 
585 5.826119 0.000000 2.882233 99.754299 -6.989055 -0.006313 0.000023 
586 3.481461 0.000000 0.720558 99.718027 -7.173383 -0.068616 0.000485 
587 4.263014 0.000000 0.720558 99.731538 -7.182251 -0.039481 0.000203 
588 3.481461 0.000000 1.441116 99.734688 -7.022416 -0.020708 0.000368 
589 2.309132 0.000000 0.360279 99.039993 -7.692296 -0.138558 0.013189 
590 2.699909 0.000000 0.360279 99.677836 -7.578775 -0.230967 0.000684 
591 2.309132 0.000000 0.720558 99.533270 -7.179314 -0.123010 0.004157 
592 1.722968 0.000000 0.180140 102.042668 -8.844681 0.163030 -0.049096 
593 1.918356 0.000000 0.180140 102.536229 -9.168385 -1.619896 -0.060036 
594 1.722968 0.000000 0.360279 99.730423 -7.525097 -0.357150 -0.000291 
595 1.429886 0.000000 0.090070 101.538656 -8.800954 -0.040914 -0.038756 
596 1.527580 0.000000 0.090070 101.721514 -8.277389 0.135668 -0.041580 
597 1.429886 0.000000 0.180140 101.594409 -9.002295 -0.029786 -0.040247 
598 4.263014 0.000000 8.646699 99.756602 -6.976272 -0.000828 -0.000005 
599 7.389224 0.000000 8.646699 99.756392 -6.976690 -0.000862 -0.000001 
600 4.263014 0.000000 11.528932 99.756541 -6.976254 -0.000417 -0.000004 
601 2.699909 0.000000 4.323349 99.756867 -6.978431 -0.003814 -0.000013 
602 4.263014 0.000000 4.323349 99.755634 -6.980212 -0.003781 0.000009 
603 2.699909 0.000000 5.764466 99.759576 -6.979515 -0.002343 -0.000069 
604 1.918356 0.000000 2.161675 99.752757 -6.979610 -0.018210 0.000067 
605 2.699909 0.000000 2.161675 99.740311 -6.993613 -0.013473 0.000296 
606 1.918356 0.000000 2.882233 99.749219 -6.983672 -0.007974 0.000132 
607 1.527580 0.000000 1.080837 99.690725 -7.012142 -0.071857 0.001258 
608 1.918356 0.000000 1.080837 99.664864 -7.040336 -0.084372 0.001734 
609 1.527580 0.000000 1.441116 99.752368 -7.010572 -0.035476 0.000032 
610 1.332192 0.000000 0.540419 99.693067 -7.263295 -0.072352 0.000853 
611 1.136804 0.000000 0.540419 99.668664 -7.195819 0.025457 0.001438 
612 1.527580 0.000000 0.540419 99.675630 -7.328737 -0.130506 0.001104 
613 1.332192 0.000000 0.720558 99.690192 -7.139527 -0.056674 0.001089 
614 1.234498 0.000000 0.270209 100.017596 -8.076747 0.026155 -0.006875 
615 1.136804 0.000000 0.270209 101.754053 -12.054216 -0.002898 -0.049919 
616 1.332192 0.000000 0.270209 101.530678 -12.122793 0.002485 -0.045544 
617 1.234498 0.000000 0.360279 99.790446 -7.516887 0.002167 -0.001464 
618 1.283345 0.000000 0.135105 99.496298 -10.632771 -0.011472 -0.001257 
619 1.234498 0.000000 0.135105 99.336588 -11.549697 -0.007067 -0.000115 
620 1.283345 0.000000 0.090070 99.271760 -10.337887 -0.013907 0.003825 
621 1.332192 0.000000 0.135105 100.274126 -9.235324 -0.037668 -0.014019 
622 1.283345 0.000000 0.180140 100.198980 -11.419031 -0.013741 -0.017023 
623 2.113744 0.000000 -0.180140 100.827068 -7.758356 3.258585 -0.023691 
624 2.113744 0.000000 -0.360279 99.537585 -7.607146 0.316193 0.003430 
625 2.309132 0.000000 -0.180140 97.704796 -7.215330 -2.608237 0.039491 
626 2.113744 0.000000 0.000000 97.389156 0.322607 -0.135648 0.051523 
627 2.113744 0.000000 0.180140 100.983717 -7.934634 -3.730423 -0.027459 
628 2.309132 0.000000 0.180140 97.952434 -7.450070 1.564387 0.034737 
629 2.113744 0.000000 0.360279 99.615161 -7.710443 -0.819580 0.001670 
630 2.016050 0.000000 -0.090070 101.708671 -9.080558 -0.358162 -0.042724 
631 1.918356 0.000000 -0.090070 101.276722 -7.905294 -0.777993 -0.032007 
632 2.016050 0.000000 -0.180140 101.835049 -10.377236 -0.208284 -0.047811 
633 2.113744 0.000000 -0.090070 106.177467 -9.400044 11.115785 -0.148558 
634 2.016050 0.000000 0.000000 101.642257 -7.510647 -0.962167 -0.038848 
635 2.016050 0.000000 0.090070 102.042999 -9.801120 -0.249919 -0.050890 
636 1.918356 0.000000 0.090070 101.826158 -8.289565 -1.266567 -0.043889 
637 2.113744 0.000000 0.090070 106.474846 -9.690721 -11.161385 -0.155538 
638 2.016050 0.000000 0.180140 102.209319 -10.772886 -0.225914 -0.056285 
639 2.309132 0.000000 -1.080837 99.851780 -7.057003 0.026308 -0.002018 
640 2.309132 0.000000 -1.441116 99.782727 -7.040541 0.004574 -0.000616 
641 2.699909 0.000000 -1.080837 99.759047 -7.052166 -0.003700 -0.000160 
642 2.113744 0.000000 -0.540419 99.505423 -7.265971 0.051663 0.004587 
643 1.918356 0.000000 -0.540419 99.691728 -7.192618 -0.054063 0.000982 
644 2.113744 0.000000 -0.720558 99.800970 -7.144760 0.045484 -0.001128 
645 2.309132 0.000000 -0.540419 99.687820 -7.313689 0.022774 0.000885 
646 2.016050 0.000000 -0.270209 100.109679 -7.810909 0.220622 -0.008301 
647 1.918356 0.000000 -0.270209 101.513429 -11.215351 -0.368117 -0.043090 
648 2.016050 0.000000 -0.360279 99.729132 -7.595692 0.125426 -0.000361 
649 2.113744 0.000000 -0.270209 99.520972 -7.835879 0.966743 0.003324 
650 3.090685 0.000000 -0.360279 99.718397 -7.483593 -0.281167 0.000016 
651 3.090685 0.000000 -0.720558 99.756875 -7.179709 -0.074063 -0.000299 
652 3.481461 0.000000 -0.360279 99.706420 -7.433841 -0.378490 0.000322 
653 3.090685 0.000000 0.000000 99.894369 -4.384935 -0.993958 0.000090 
654 2.504521 0.000000 -0.180140 100.054278 -6.764640 -0.687368 -0.005709 
655 2.504521 0.000000 -0.360279 99.580980 -7.554343 -0.398577 0.002640 
656 2.699909 0.000000 -0.180140 99.852523 -6.583227 0.123359 -0.001388 
657 2.504521 0.000000 0.000000 101.059394 -4.623591 -1.069415 -0.023552 
658 2.211438 0.000000 -0.090070 88.744727 -8.556662 16.053199 0.179345 
659 2.211438 0.000000 -0.180140 96.223164 -7.587562 2.423744 0.067766 
660 2.309132 0.000000 -0.090070 107.119674 -5.490922 -17.855444 -0.182359 
661 2.211438 0.000000 0.000000 143.900239 -0.605662 -0.418936 -1.070782 
662 2.064897 0.000000 -0.135105 102.064629 -9.938519 -0.123927 -0.051598 
663 2.016050 0.000000 -0.135105 101.708177 -9.373698 -0.359863 -0.043255 
664 2.064897 0.000000 -0.180140 101.484582 -7.749161 1.508251 -0.036144 
665 2.113744 0.000000 -0.135105 103.505744 -8.240408 6.359781 -0.082179 
666 2.064897 0.000000 -0.090070 102.207456 -9.526202 2.617812 -0.054397 
667 3.090685 0.000000 0.360279 99.665051 -7.656421 -0.187573 0.000822 
668 3.481461 0.000000 0.360279 99.684465 -7.631267 -0.170917 0.000474 
669 3.090685 0.000000 0.720558 99.683491 -7.228842 -0.045627 0.001094 
670 2.504521 0.000000 0.180140 100.037099 -7.038362 -0.316306 -0.005706 
671 2.699909 0.000000 0.180140 99.787484 -7.064623 -1.013626 -0.000848 
672 2.504521 0.000000 0.360279 99.490552 -7.680672 -0.043202 0.004264 
673 2.211438 0.000000 0.090070 89.374660 -8.914286 -16.179232 0.167094 
674 2.309132 0.000000 0.090070 107.352159 -5.788114 16.006771 -0.181421 
675 2.211438 0.000000 0.180140 96.554280 -7.795624 -3.107759 0.060684 
676 2.309132 0.000000 1.080837 99.644644 -7.085548 -0.061432 0.002074 
677 2.699909 0.000000 1.080837 99.668208 -7.103775 -0.032062 0.001578 
678 2.309132 0.000000 1.441116 99.732155 -7.018646 -0.042260 0.000423 
679 2.113744 0.000000 0.540419 99.330567 -7.319808 -0.292436 0.007977 
680 1.918356 0.000000 0.540419 99.525627 -7.230729 -0.237291 0.004231 
681 2.309132 0.000000 0.540419 99.498358 -7.396544 -0.213946 0.004532 
682 2.113744 0.000000 0.720558 99.643173 -7.174287 -0.175945 0.001974 
683 2.016050 0.000000 0.270209 100.179373 -7.886001 -0.897093 -0.009890 
684 1.918356 0.000000 0.270209 102.300384 -11.785850 -0.407745 -0.060444 
685 2.113744 0.000000 0.270209 99.654520 -7.937217 -1.553114 0.000357 
686 2.016050 0.000000 0.360279 99.841041 -7.631872 -0.628594 -0.002687 
687 2.064897 0.000000 0.135105 102.141437 -10.359995 -0.097633 -0.054021 
688 2.016050 0.000000 0.135105 102.063878 -10.160788 -0.303889 -0.052037 
689 2.064897 0.000000 0.090070 102.246871 -10.000375 -2.763508 -0.056207 
690 2.113744 0.000000 0.135105 103.758065 -8.452820 -6.658272 -0.088152 
691 2.064897 0.000000 0.180140 101.484175 -7.909801 -1.973301 -0.036550 
692 2.211438 0.000000 -0.270209 98.151464 -7.863195 0.579024 0.030413 
693 2.211438 0.000000 -0.360279 99.067652 -7.595774 0.076488 0.012790 
694 2.309132 0.000000 -0.270209 98.496013 -7.673019 -0.783549 0.023905 
695 2.162591 0.000000 -0.135105 98.493848 -7.986898 8.128923 0.016909 
696 2.162591 0.000000 -0.180140 98.544384 -7.715150 3.847787 0.021468 
697 2.211438 0.000000 -0.135105 93.410956 -7.526345 5.823374 0.118384 
698 2.162591 0.000000 -0.090070 98.406592 -9.176106 15.642445 -0.001274 
699 2.064897 0.000000 -0.045035 102.089118 -9.863158 -0.104134 -0.051948 
700 2.016050 0.000000 -0.045035 101.592978 -7.910669 -0.700429 -0.038420 
701 2.113744 0.000000 -0.045035 95.602358 0.440302 4.103810 0.084315 
702 2.064897 0.000000 0.000000 90.432069 0.432080 -0.247364 0.182179 
703 2.089321 0.000000 -0.112587 105.386060 -9.194391 5.502272 -0.122103 
704 2.064897 0.000000 -0.112587 102.982663 -9.326454 4.118890 -0.070938 
705 2.089321 0.000000 -0.135105 102.182778 -9.502642 -0.034838 -0.053162 
706 2.113744 0.000000 -0.112587 106.237306 -9.400285 10.983304 -0.149536 
707 2.089321 0.000000 -0.090070 105.209410 -9.201170 5.194243 -0.118066 
708 2.064897 0.000000 0.045035 102.121901 -10.262513 -0.077641 -0.053421 
709 2.016050 0.000000 0.045035 101.799509 -8.590697 -0.550314 -0.043724 
710 2.113744 0.000000 0.045035 95.657918 0.404095 -4.321524 0.083072 
711 2.211438 0.000000 0.270209 98.244094 -7.998939 -1.229455 0.028260 
712 2.309132 0.000000 0.270209 98.577812 -7.889612 0.022403 0.022017 
713 2.211438 0.000000 0.360279 99.248756 -7.730540 -0.642017 0.008951 
714 2.162591 0.000000 0.135105 98.929231 -8.255192 -8.560951 0.007157 
715 2.162591 0.000000 0.090070 98.853719 -9.563165 -15.727003 -0.011085 
716 2.211438 0.000000 0.135105 93.943556 -7.820570 -6.400524 0.107248 
717 2.162591 0.000000 0.180140 98.778549 -7.916524 -4.412865 0.016065 
718 2.089321 0.000000 0.112587 105.444930 -9.412865 -5.544576 -0.123798 
719 2.064897 0.000000 0.112587 102.976058 -9.648207 -4.199546 -0.071479 
720 2.089321 0.000000 0.090070 105.258741 -9.433657 -5.244987 -0.119591 
721 2.113744 0.000000 0.112587 106.532870 -9.689421 -11.028311 -0.156476 
722 2.089321 0.000000 0.135105 102.115039 -9.708874 -0.027741 -0.052174 
723 2.162591 0.000000 -0.045035 114.275038 0.250080 8.259452 -0.312707 
724 2.211438 0.000000 -0.045035 144.537665 -0.279223 11.087598 -1.101415 
725 2.162591 0.000000 0.000000 116.008126 -0.006735 -0.176870 -0.345792 
726 2.138168 0.000000 -0.112587 102.281390 -9.334861 15.113235 -0.077703 
727 2.138168 0.000000 -0.135105 101.062721 -8.139578 7.957894 -0.034325 
728 2.162591 0.000000 -0.112587 98.525203 -8.823424 11.935905 0.007247 
729 2.138168 0.000000 -0.090070 101.946902 -9.325320 15.063925 -0.070705 
730 2.089321 0.000000 -0.067552 102.182651 -9.500821 -0.035071 -0.053156 
731 2.064897 0.000000 -0.067552 101.744025 -10.058695 -0.298476 -0.045311 
732 2.113744 0.000000 -0.067552 93.219568 0.622468 6.284922 0.127022 
733 2.089321 0.000000 -0.045035 90.928489 0.574151 2.052006 0.172747 
734 2.101533 0.000000 -0.101329 106.836340 -9.329952 8.011395 -0.156523 
735 2.089321 0.000000 -0.101329 105.793317 -9.206745 5.801125 -0.131064 
736 2.101533 0.000000 -0.112587 107.118470 -9.344371 7.352751 -0.161575 
737 2.113744 0.000000 -0.101329 106.150080 -9.407820 11.477935 -0.148809 
738 2.101533 0.000000 -0.090070 107.102188 -9.348144 7.940851 -0.162132 
739 2.162591 0.000000 0.045035 114.162482 0.126476 -8.439416 -0.310431 
740 2.211438 0.000000 0.045035 144.031856 -0.548067 -11.309975 -1.087339 
741 2.089321 0.000000 0.067552 102.114850 -9.707755 -0.027933 -0.052168 
742 2.064897 0.000000 0.067552 101.958000 -11.022078 -0.057304 -0.051692 
743 2.089321 0.000000 0.045035 91.051734 0.536823 -2.304794 0.170398 
744 2.113744 0.000000 0.067552 93.317369 0.509328 -6.382418 0.125087 
745 2.138168 0.000000 0.112587 102.656326 -9.712811 -15.181606 -0.086314 
746 2.138168 0.000000 0.090070 102.325604 -9.701836 -15.132569 -0.079365 
747 2.162591 0.000000 0.112587 99.023345 -9.163728 -12.185839 -0.003809 
748 2.138168 0.000000 0.135105 101.394983 -8.385472 -8.301521 -0.042017 
749 2.101533 0.000000 0.101329 107.042688 -9.573363 -8.041576 -0.161445 
750 2.089321 0.000000 0.101329 105.874190 -9.420715 -5.836929 -0.133216 
751 2.101533 0.000000 0.090070 107.323301 -9.590898 -7.970927 -0.167381 
752 2.113744 0.000000 0.101329 106.452266 -9.698888 -11.524825 -0.155897 
753 2.101533 0.000000 0.112587 107.319261 -9.581207 -7.380400 -0.166369 
754 2.138168 0.000000 -0.067552 101.485242 0.461588 9.682401 -0.039322 
755 2.162591 0.000000 -0.067552 112.080643 0.309583 12.498698 -0.271838 
756 2.138168 0.000000 -0.045035 103.454874 0.348621 6.364141 -0.074353 
757 2.125956 0.000000 -0.101329 103.399107 -9.349659 14.944431 -0.100213 
758 2.125956 0.000000 -0.112587 104.115417 -9.375259 14.259980 -0.113126 
759 2.138168 0.000000 -0.101329 102.063976 -9.330020 15.080957 -0.073154 
760 2.125956 0.000000 -0.090070 104.034510 -9.373408 14.314385 -0.111594 
761 2.138168 0.000000 0.067552 101.491564 0.341484 -9.745379 -0.039563 
762 2.138168 0.000000 0.045035 103.455349 0.263770 -6.557955 -0.074609 
763 2.162591 0.000000 0.067552 112.025340 0.160994 -12.556091 -0.270736 
764 2.125956 0.000000 0.101329 103.764677 -9.715896 -15.010405 -0.108682 
765 2.125956 0.000000 0.090070 104.387634 -9.719209 -14.376356 -0.119792 
766 2.138168 0.000000 0.101329 102.440968 -9.707398 -15.149495 -0.081789 
767 2.125956 0.000000 0.112587 104.467412 -9.719429 -14.321592 -0.121302 
768 2.406827 0.000000 -0.090070 102.636292 -5.110797 -2.727144 -0.056777 
769 2.406827 0.000000 -0.180140 100.081271 -6.855189 -1.697670 -0.006614 
770 2.504521 0.000000 -0.090070 100.746087 -4.856544 -0.815555 -0.017403 
771 2.406827 0.000000 0.000000 105.100160 -4.876109 -1.157360 -0.107116 
772 2.260285 0.000000 -0.135105 90.887942 -6.946563 -1.918681 0.168745 
773 2.260285 0.000000 -0.180140 95.616458 -7.411424 -0.615979 0.080218 
774 2.309132 0.000000 -0.135105 97.756985 -6.471872 -6.795203 0.035551 
775 2.260285 0.000000 -0.090070 73.149557 -7.603970 12.078858 0.444542 
776 2.187015 0.000000 -0.112587 95.366731 -8.316565 11.527972 0.070313 
777 2.187015 0.000000 -0.135105 96.120874 -7.779988 7.485980 0.064421 
778 2.211438 0.000000 -0.112587 90.506402 -7.867803 9.778772 0.165106 
779 2.187015 0.000000 -0.090070 92.571997 -8.837818 16.897496 0.106679 
780 2.150380 0.000000 -0.101329 100.983532 -9.289381 14.922281 -0.050664 
781 2.150380 0.000000 -0.112587 101.383739 -9.308144 14.981089 -0.058974 
782 2.162591 0.000000 -0.101329 98.681875 -9.187429 15.372855 -0.005885 
783 2.150380 0.000000 -0.090070 100.929924 -9.286950 14.914278 -0.049553 
784 2.406827 0.000000 0.090070 102.647312 -5.523214 1.158779 -0.056832 
785 2.504521 0.000000 0.090070 100.726085 -5.228948 -0.673303 -0.017354 
786 2.406827 0.000000 0.180140 100.112048 -7.115539 0.667568 -0.007350 
787 2.260285 0.000000 0.135105 91.549961 -7.175073 0.967715 0.156619 
788 2.260285 0.000000 0.090070 74.461913 -8.116156 -12.308655 0.423805 
789 2.309132 0.000000 0.135105 98.136224 -6.721843 5.448844 0.029441 
790 2.260285 0.000000 0.180140 95.969765 -7.634808 -0.261956 0.073145 
791 2.187015 0.000000 0.112587 95.884093 -8.638734 -11.856125 0.059105 
792 2.187015 0.000000 0.090070 93.132786 -9.231910 -17.014581 0.095156 
793 2.211438 0.000000 0.112587 91.207582 -8.147988 -10.242196 0.150988 
794 2.187015 0.000000 0.135105 96.649568 -8.018351 -8.000773 0.053055 
795 2.150380 0.000000 0.101329 101.377437 -9.662786 -14.992334 -0.059552 
796 2.150380 0.000000 0.090070 101.325156 -9.660676 -14.984516 -0.058465 
797 2.162591 0.000000 0.101329 99.124684 -9.572351 -15.454726 -0.015618 
798 2.150380 0.000000 0.112587 101.769104 -9.681952 -15.050203 -0.067720 
799 2.260285 0.000000 -0.045035 176.604986 -2.232845 0.571173 -2.119463 
800 2.309132 0.000000 -0.045035 131.194488 -4.568470 -14.174408 -0.743378 
801 2.260285 0.000000 0.000000 162.964161 -2.566221 -0.764345 -1.656449 
802 2.187015 0.000000 -0.067552 125.586407 0.074907 15.695136 -0.601829 
803 2.211438 0.000000 -0.067552 144.597881 -0.246962 18.686675 -1.125780 
804 2.187015 0.000000 -0.045035 127.977363 0.038784 10.109640 -0.648041 
805 2.174803 0.000000 -0.101329 95.418634 -9.019915 16.433324 0.054387 
806 2.174803 0.000000 -0.112587 97.039344 -8.551128 11.751031 0.037216 
807 2.187015 0.000000 -0.101329 92.602287 -8.840944 16.903012 0.106094 
808 2.174803 0.000000 -0.090070 95.089615 -9.001607 16.529838 0.060370 
809 2.260285 0.000000 0.045035 175.361370 -2.637813 -1.552735 -2.076098 
810 2.309132 0.000000 0.045035 130.956762 -4.959819 12.121770 -0.732121 
811 2.187015 0.000000 0.067552 125.278454 -0.016782 -15.700012 -0.594118 
812 2.187015 0.000000 0.045035 127.636148 -0.108893 -10.288726 -0.639686 
813 2.211438 0.000000 0.067552 143.988241 -0.389426 -18.662671 -1.108106 
814 2.174803 0.000000 0.101329 95.926989 -9.421416 -16.535656 0.043582 
815 2.174803 0.000000 0.090070 95.604740 -9.405256 -16.634278 0.049458 
816 2.187015 0.000000 0.101329 93.165849 -9.241834 -17.020877 0.094500 
817 2.174803 0.000000 0.112587 97.562888 -8.887446 -12.041168 0.025751 
818 2.235862 0.000000 -0.067552 163.403482 -0.855523 17.327493 -1.700167 
819 2.235862 0.000000 -0.090070 77.261329 -7.868733 12.757714 0.380601 
820 2.260285 0.000000 -0.067552 71.288341 -7.531490 11.771013 0.472269 
821 2.235862 0.000000 -0.045035 161.850276 -0.974290 9.594699 -1.628852 
822 2.235862 0.000000 -0.112587 86.779504 -7.350836 4.953933 0.239074 
823 2.235862 0.000000 -0.135105 91.336990 -7.218300 2.632124 0.159852 
824 2.260285 0.000000 -0.112587 83.938002 -6.853193 -2.856892 0.289928 
825 2.223650 0.000000 -0.078811 82.654147 -8.198933 14.214439 0.289902 
826 2.211438 0.000000 -0.078811 88.276182 -8.529738 15.918833 0.188115 
827 2.223650 0.000000 -0.090070 82.606861 -8.195218 14.089405 0.291043 
828 2.235862 0.000000 -0.078811 77.124797 -7.859406 12.735219 0.382781 
829 2.223650 0.000000 -0.067552 154.761466 -0.517218 17.269260 -1.424961 
830 2.235862 0.000000 0.067552 162.465307 -1.066929 -17.422499 -1.669966 
831 2.235862 0.000000 0.045035 161.023965 -1.312785 -9.988843 -1.603022 
832 2.260285 0.000000 0.067552 72.689112 -8.123343 -12.015366 0.450594 
833 2.235862 0.000000 0.090070 78.365031 -8.317578 -12.953179 0.362196 
834 2.235862 0.000000 0.112587 87.524996 -7.640197 -5.560378 0.225008 
835 2.260285 0.000000 0.112587 84.871465 -7.108016 1.910685 0.274266 
836 2.235862 0.000000 0.135105 91.969910 -7.496977 -3.362940 0.147402 
837 2.223650 0.000000 0.078811 83.515146 -8.610294 -14.373232 0.274449 
838 2.211438 0.000000 0.078811 88.921970 -8.893784 -16.047157 0.175627 
839 2.223650 0.000000 0.067552 153.947081 -0.688458 -17.284379 -1.399893 
840 2.235862 0.000000 0.078811 78.235200 -8.308723 -12.931808 0.364299 
841 2.223650 0.000000 0.090070 83.464471 -8.609319 -14.246530 0.275660 
842 2.357979 0.000000 -0.045035 110.402050 -4.649770 -4.577410 -0.223119 
843 2.357979 0.000000 -0.090070 105.177967 -5.281882 -5.496235 -0.112051 
844 2.406827 0.000000 -0.045035 104.445703 -4.650524 -2.289895 -0.093578 
845 2.357979 0.000000 0.000000 112.408053 -4.850743 -1.183312 -0.266050 
846 2.284709 0.000000 -0.067552 157.308013 -4.652101 -48.512354 -1.712090 
847 2.284709 0.000000 -0.090070 90.142501 -5.836358 -36.251316 0.052611 
848 2.309132 0.000000 -0.067552 120.822592 -4.945677 -19.979787 -0.502175 
849 2.284709 0.000000 -0.045035 160.117026 -3.898444 -17.208562 -1.594879 
850 2.248074 0.000000 -0.078811 74.407059 -7.671219 12.286877 0.425377 
851 2.248074 0.000000 -0.090070 74.749881 -7.694528 12.343479 0.420089 
852 2.260285 0.000000 -0.078811 71.815680 -7.547848 11.858093 0.464492 
853 2.248074 0.000000 -0.067552 73.833070 -7.634733 12.192052 0.434174 
854 2.357979 0.000000 0.045035 110.431540 -5.057803 2.570539 -0.222731 
855 2.406827 0.000000 0.045035 104.439820 -5.111933 0.314333 -0.093391 
856 2.357979 0.000000 0.090070 105.314613 -5.571235 3.865251 -0.113715 
857 2.284709 0.000000 0.067552 156.258203 -4.936623 45.850599 -1.654327 
858 2.284709 0.000000 0.045035 159.289738 -4.238617 15.366094 -1.562730 
859 2.309132 0.000000 0.067552 120.722655 -5.308386 17.948946 -0.492430 
860 2.284709 0.000000 0.090070 91.010446 -6.095939 34.075117 0.051882 
861 2.248074 0.000000 0.078811 75.652227 -8.148337 -12.505522 0.405396 
862 2.248074 0.000000 0.067552 75.107622 -8.122722 -12.415498 0.413872 
863 2.260285 0.000000 0.078811 73.196776 -8.112029 -12.099335 0.443003 
864 2.248074 0.000000 0.090070 75.977836 -8.166500 -12.559333 0.400294 
865 5.044566 0.000000 -0.720558 99.746264 -7.075358 -0.180229 0.000059 
866 5.044566 0.000000 -1.441116 99.752140 -7.010631 -0.039738 0.000036 
867 5.826119 0.000000 -0.720558 99.749174 -7.050691 -0.190475 0.000035 
868 5.044566 0.000000 0.000000 99.883380 -5.097730 -2.531684 -0.000909 
869 3.872238 0.000000 -0.360279 99.715630 -7.412303 -0.446903 0.000165 
870 3.872238 0.000000 -0.720558 99.740723 -7.111825 -0.145368 0.000119 
871 4.263014 0.000000 -0.360279 99.721764 -7.373962 -0.523453 0.000092 
872 3.872238 0.000000 0.000000 99.971482 -3.703326 -1.979589 -0.001193 
873 5.044566 0.000000 0.720558 99.737255 -7.181081 -0.016406 0.000091 
874 5.826119 0.000000 0.720558 99.740047 -7.177993 0.007699 0.000040 
875 5.044566 0.000000 1.441116 99.748380 -7.026953 -0.016946 0.000088 
876 4.653790 0.000000 -0.360279 99.728007 -7.309794 -0.592367 0.000054 
877 4.653790 0.000000 -0.720558 99.744919 -7.087593 -0.170157 0.000069 
878 5.044566 0.000000 -0.360279 99.735091 -7.225854 -0.644452 0.000028 
879 4.653790 0.000000 0.000000 99.916437 -4.598473 -2.280601 -0.000964 
880 3.872238 0.000000 0.360279 99.693375 -7.652471 -0.091497 0.000266 
881 4.263014 0.000000 0.360279 99.698861 -7.655797 -0.010016 0.000153 
882 3.872238 0.000000 0.720558 99.726205 -7.179316 -0.051448 0.000314 
883 4.067626 0.000000 -0.180140 100.043219 -2.735465 0.016391 -0.001613 
884 3.872238 0.000000 -0.180140 99.930503 -4.311899 4.666438 -0.002647 
885 4.067626 0.000000 -0.360279 99.718737 -7.395684 -0.485504 0.000124 
886 4.263014 0.000000 -0.180140 99.089291 -16.403972 -3.432561 -0.009956 
887 4.067626 0.000000 0.000000 99.957723 -3.941519 -1.991695 -0.001105 
888 4.653790 0.000000 0.360279 99.703056 -7.638303 0.071589 0.000095 
889 5.044566 0.000000 0.360279 99.707720 -7.605139 0.144159 0.000051 
890 4.653790 0.000000 0.720558 99.734621 -7.181430 -0.027167 0.000143 
891 4.458402 0.000000 -0.180140 99.703252 -7.643730 -2.791446 -0.000696 
892 4.458402 0.000000 -0.360279 99.724884 -7.345756 -0.559646 0.000067 
893 4.653790 0.000000 -0.180140 99.750029 -6.986343 -11.156204 -0.012334 
894 4.458402 0.000000 0.000000 99.933975 -4.334323 -2.161086 -0.001026 
895 8.952329 0.000000 -1.441116 99.754747 -6.994326 -0.051145 0.000007 
896 8.952329 0.000000 -2.882233 99.755483 -6.984467 -0.011685 0.000006 
897 10.515434 0.000000 -1.441116 99.755409 -6.986847 -0.050913 0.000004 
898 8.952329 0.000000 0.000000 99.793375 -6.441854 0.479069 -0.000044 
899 6.607671 0.000000 -0.720558 99.751789 -7.023715 -0.192166 0.000021 
900 6.607671 0.000000 -1.441116 99.753251 -7.005643 -0.047607 0.000021 
901 7.389224 0.000000 -0.720558 99.754194 -6.999877 -0.187189 0.000007 
902 6.607671 0.000000 0.000000 99.847412 -5.654493 2.103225 -0.000590 
903 5.435343 0.000000 -0.360279 99.742674 -7.130460 -0.668500 0.000011 
904 5.435343 0.000000 -0.720558 99.747945 -7.063848 -0.185413 0.000042 
905 5.826119 0.000000 -0.360279 99.750079 -7.036312 -0.666478 -0.000003 
906 5.435343 0.000000 0.000000 99.898805 -4.892730 -2.812324 -0.001162 
907 4.849178 0.000000 -0.180140 99.760443 -6.849875 -4.555557 -0.001982 
908 4.849178 0.000000 -0.360279 99.731558 -7.269971 -0.620181 0.000038 
909 5.044566 0.000000 -0.180140 99.787931 -6.466208 -3.602150 -0.001242 
910 4.849178 0.000000 0.000000 99.898116 -4.874695 -2.403803 -0.000917 
911 8.952329 0.000000 1.441116 99.752294 -7.029997 0.001002 0.000006 
912 10.515434 0.000000 1.441116 99.752627 -7.027014 0.007777 0.000003 
913 8.952329 0.000000 2.882233 99.755193 -6.989725 -0.004180 0.000005 
914 6.607671 0.000000 0.720558 99.741618 -7.167382 0.031418 0.000024 
915 7.389224 0.000000 0.720558 99.742909 -7.155458 0.052996 0.000015 
916 6.607671 0.000000 1.441116 99.751223 -7.031588 -0.010451 0.000025 
917 5.435343 0.000000 0.360279 99.712111 -7.559401 0.207594 0.000031 
918 5.826119 0.000000 0.360279 99.716758 -7.507560 0.256645 0.000014 
919 5.435343 0.000000 0.720558 99.738667 -7.180664 -0.003378 0.000064 
920 4.849178 0.000000 0.180140 99.658328 -8.298411 1.633222 -0.000331 
921 4.653790 0.000000 0.180140 99.623839 -8.776190 1.763263 -0.000504 
922 5.044566 0.000000 0.180140 99.680113 -8.001851 1.464590 -0.000230 
923 4.849178 0.000000 0.360279 99.705205 -7.623782 0.110310 0.000074 
924 4.751484 0.000000 -0.090070 100.091833 -2.101228 -2.902114 -0.003121 
925 4.653790 0.000000 -0.090070 100.102746 -1.937999 -2.891074 -0.003267 
926 4.751484 0.000000 -0.180140 99.746028 -7.050064 -5.651807 -0.003092 
927 4.849178 0.000000 -0.090070 100.081754 -2.251724 -2.857459 -0.002959 
928 4.751484 0.000000 0.000000 99.907172 -4.738500 -2.342068 -0.000938 
929 5.239954 0.000000 -0.180140 99.808169 -6.184729 -3.015269 -0.000901 
930 5.239954 0.000000 -0.360279 99.738860 -7.178969 -0.659949 0.000019 
931 5.435343 0.000000 -0.180140 99.821783 -5.996558 -2.560625 -0.000690 
932 5.239954 0.000000 0.000000 99.879521 -5.161605 -2.664058 -0.000966 
933 5.239954 0.000000 0.180140 99.693922 -7.813684 1.318301 -0.000167 
934 5.435343 0.000000 0.180140 99.703221 -7.687895 1.201181 -0.000128 
935 5.239954 0.000000 0.360279 99.709902 -7.583628 0.177478 0.000039 
936 5.142260 0.000000 -0.090070 100.056634 -2.626350 -2.471667 -0.002434 
937 5.044566 0.000000 -0.090070 100.064336 -2.511714 -2.635521 -0.002613 
938 5.142260 0.000000 -0.180140 99.799000 -6.312239 -3.285861 -0.001048 
939 5.239954 0.000000 -0.090070 100.049180 -2.736833 -2.283493 -0.002254 
940 5.142260 0.000000 0.000000 99.879446 -5.158648 -2.596744 -0.000926 
941 6.216895 0.000000 -0.360279 99.756597 -6.949030 -0.643917 -0.000008 
942 6.216895 0.000000 -0.720558 99.750538 -7.037099 -0.192051 0.000027 
943 6.607671 0.000000 -0.360279 99.762142 -6.874588 -0.603885 -0.000011 
944 6.216895 0.000000 0.000000 99.865886 -5.385201 3.262242 -0.001284 
945 5.630731 0.000000 -0.180140 99.830551 -5.879230 -2.185367 -0.000548 
946 5.630731 0.000000 -0.360279 99.746474 -7.083744 -0.670547 0.000001 
947 5.826119 0.000000 -0.180140 99.835704 -5.810017 -1.867462 -0.000441 
948 5.630731 0.000000 0.000000 99.960879 -4.013440 -3.271200 -0.001899 
949 6.216895 0.000000 0.360279 99.721314 -7.452404 0.292217 0.000004 
950 6.607671 0.000000 0.360279 99.725568 -7.396671 0.317094 -0.000000 
951 6.216895 0.000000 0.720558 99.740864 -7.173187 0.019976 0.000030 
952 5.630731 0.000000 0.180140 99.709969 -7.600037 1.110793 -0.000107 
953 5.826119 0.000000 0.180140 99.715167 -7.530692 1.042211 -0.000091 
954 5.630731 0.000000 0.360279 99.714419 -7.535159 0.234180 0.000020 
955 6.021507 0.000000 0.180140 99.719658 -7.472880 0.988512 -0.000083 
956 6.021507 0.000000 0.000000 99.905575 -4.814407 4.174531 -0.002173 
957 6.216895 0.000000 0.180140 99.723593 -7.419858 0.947789 -0.000075 
958 6.021507 0.000000 0.360279 99.719113 -7.480622 0.275507 0.000006 
959 5.728425 0.000000 0.090070 99.721288 -7.441460 0.849717 -0.000043 
960 5.630731 0.000000 0.090070 99.727319 -7.352667 0.757320 -0.000017 
961 5.728425 0.000000 0.000000 100.078620 -2.332203 -4.395110 -0.004049 
962 5.826119 0.000000 0.090070 99.717818 -7.493424 0.948297 -0.000069 
963 5.728425 0.000000 0.180140 99.712705 -7.563525 1.074114 -0.000098 
964 6.021507 0.000000 -0.180140 99.838227 -5.778040 -1.596282 -0.000361 
965 6.021507 0.000000 -0.360279 99.753415 -6.991497 -0.658402 -0.000006 
966 6.216895 0.000000 -0.180140 99.838822 -5.772664 -1.361012 -0.000297 
967 5.728425 0.000000 -0.090070 100.006597 -3.363127 -1.216987 -0.001411 
968 5.630731 0.000000 -0.090070 100.016345 -3.221302 -1.425841 -0.001568 
969 5.728425 0.000000 -0.180140 99.833506 -5.839316 -2.020149 -0.000491 
970 5.826119 0.000000 -0.090070 99.996265 -3.513078 -1.020378 -0.001264 
971 5.923813 0.000000 0.090070 99.716846 -7.511343 1.042359 -0.000096 
972 5.923813 0.000000 0.000000 100.030323 -3.028650 5.351687 -0.004388 
973 6.021507 0.000000 0.090070 99.717835 -7.499047 1.127495 -0.000115 
974 5.923813 0.000000 0.180140 99.717549 -7.501183 1.012818 -0.000088 
975 5.777272 0.000000 0.045035 99.519993 -10.321662 0.931321 -0.001163 
976 5.728425 0.000000 0.045035 99.517445 -10.356900 0.160375 -0.001101 
977 5.777272 0.000000 0.000000 100.304065 0.890552 -4.836891 -0.008509 
978 5.826119 0.000000 0.045035 99.539844 -10.038936 1.584083 -0.001147 
979 5.777272 0.000000 0.090070 99.719237 -7.471991 0.898819 -0.000056 
980 3.286073 0.000000 -0.180140 99.788789 -6.331810 1.195403 0.000068 
981 3.090685 0.000000 -0.180140 99.806608 -6.407621 0.770534 -0.000301 
982 3.286073 0.000000 -0.360279 99.716850 -7.481077 -0.313694 0.000048 
983 3.481461 0.000000 -0.180140 99.785127 -6.252301 1.780342 0.000067 
984 3.286073 0.000000 0.000000 99.914640 -4.331296 -0.991003 -0.000268 
985 2.895297 0.000000 -0.180140 99.805409 -6.444830 0.384559 -0.000280 
986 2.895297 0.000000 -0.360279 99.712686 -7.442530 -0.319520 0.000189 
987 2.895297 0.000000 0.000000 99.904502 -4.454282 -1.036032 -0.000182 
988 3.286073 0.000000 0.180140 99.689520 -7.526424 -1.988428 0.000140 
989 3.090685 0.000000 0.180140 99.700640 -7.291337 -1.589923 0.000409 
990 3.481461 0.000000 0.180140 99.665374 -7.906383 -2.555408 -0.000223 
991 3.286073 0.000000 0.360279 99.674504 -7.672430 -0.168454 0.000610 
992 3.188379 0.000000 -0.090070 99.917016 -4.236543 -0.006671 -0.000136 
993 3.090685 0.000000 -0.090070 99.907518 -4.282794 -0.029904 0.000014 
994 3.188379 0.000000 -0.180140 99.804699 -6.341392 0.962173 -0.000212 
995 3.286073 0.000000 -0.090070 99.935259 -4.118449 0.096635 -0.000403 
996 3.188379 0.000000 0.000000 99.900044 -4.391577 -1.008907 -0.000032 
997 3.676849 0.000000 -0.180140 99.806278 -6.027472 2.806452 -0.000550 
998 3.676849 0.000000 -0.360279 99.710795 -7.425099 -0.415080 0.000245 
999 3.676849 0.000000 0.000000 99.995860 -3.289829 -1.405890 -0.001197 
1000 3.676849 0.000000 0.180140 99.599200 -8.948474 -3.362182 -0.001138 
1001 3.872238 0.000000 0.180140 99.360511 -12.423579 -2.912918 -0.003534 
1002 3.676849 0.000000 0.360279 99.689869 -7.646993 -0.135751 0.000343 
1003 3.774543 0.000000 -0.090070 99.982071 -3.535421 1.076589 -0.001007 
1004 3.676849 0.000000 -0.090070 99.977055 -3.570860 0.801111 -0.000880 
1005 3.774543 0.000000 -0.180140 99.839280 -5.592285 3.637350 -0.001239 
1006 3.872238 0.000000 -0.090070 99.983712 -3.539223 1.424041 -0.001130 
1007 3.774543 0.000000 0.000000 99.987515 -3.443151 -1.869944 -0.001286 
1008 4.067626 0.000000 0.180140 99.441615 -11.309030 1.137254 -0.001782 
1009 4.263014 0.000000 0.180140 99.526680 -10.125611 1.393588 -0.001003 
1010 4.067626 0.000000 0.360279 99.696415 -7.656078 -0.051425 0.000201 
1011 3.969932 0.000000 -0.090070 100.071384 -2.306216 -0.187492 -0.001964 
1012 3.969932 0.000000 -0.180140 100.146726 -1.238543 3.896609 -0.004608 
1013 4.067626 0.000000 -0.090070 100.163069 -1.013072 -1.600856 -0.003623 
1014 3.969932 0.000000 0.000000 99.962834 -3.849246 -1.983792 -0.001132 
1015 3.774543 0.000000 0.090070 99.872234 -5.083732 -2.650596 -0.000733 
1016 3.676849 0.000000 0.090070 99.875317 -5.004263 -2.576921 -0.000676 
1017 3.872238 0.000000 0.090070 99.872006 -5.116508 -2.622584 -0.000747 
1018 3.774543 0.000000 0.180140 99.512685 -10.219972 -3.738970 -0.002120 
1019 3.823390 0.000000 -0.045035 99.988228 -3.456636 -0.724792 -0.001012 
1020 3.774543 0.000000 -0.045035 99.981878 -3.528530 -0.489976 -0.000907 
1021 3.823390 0.000000 -0.090070 99.983593 -3.528891 1.199895 -0.001061 
1022 3.872238 0.000000 -0.045035 99.993697 -3.390910 -0.941597 -0.001112 
1023 3.823390 0.000000 0.000000 99.978739 -3.586652 -1.951544 -0.001242 
1024 3.481461 0.000000 -2.161675 99.761006 -6.991915 -0.003003 -0.000115 
1025 3.481461 0.000000 -2.882233 99.758584 -6.985782 -0.002420 -0.000058 
1026 4.263014 0.000000 -2.161675 99.755099 -6.992677 -0.010938 0.000002 
1027 3.872238 0.000000 -1.080837 99.749342 -7.042378 -0.055264 0.000047 
1028 3.481461 0.000000 -1.080837 99.749896 -7.048133 -0.043749 0.000028 
1029 3.872238 0.000000 -1.441116 99.754161 -7.013914 -0.024436 -0.000009 
1030 4.263014 0.000000 -1.080837 99.749611 -7.039548 -0.063670 0.000046 
1031 3.676849 0.000000 -0.540419 99.728793 -7.206423 -0.248475 0.000217 
1032 3.481461 0.000000 -0.540419 99.725214 -7.221634 -0.232658 0.000268 
1033 3.676849 0.000000 -0.720558 99.739321 -7.118692 -0.136133 0.000137 
1034 3.872238 0.000000 -0.540419 99.733026 -7.193049 -0.256744 0.000152 
1035 3.774543 0.000000 -0.270209 99.682211 -7.855748 -0.319892 0.000164 
1036 3.676849 0.000000 -0.270209 99.682347 -7.816491 -0.264025 0.000226 
1037 3.774543 0.000000 -0.360279 99.714008 -7.417811 -0.427797 0.000191 
1038 3.872238 0.000000 -0.270209 99.681139 -7.891487 -0.391393 0.000124 
1039 3.823390 0.000000 -0.135105 99.919090 -4.457616 1.264304 -0.000529 
1040 3.774543 0.000000 -0.135105 99.915522 -4.494673 1.243590 -0.000486 
1041 3.823390 0.000000 -0.180140 99.872739 -5.127030 4.154248 -0.001811 
1042 3.872238 0.000000 -0.135105 99.921924 -4.428617 1.274927 -0.000563 
1043 3.969932 0.000000 0.090070 99.883395 -4.977123 -2.601213 -0.000823 
1044 4.067626 0.000000 0.090070 99.899532 -4.766555 -2.573813 -0.000926 
1045 3.969932 0.000000 0.180140 99.335229 -12.809555 0.028498 -0.003157 
1046 3.921085 0.000000 -0.045035 99.998836 -3.328863 -1.144490 -0.001216 
1047 3.921085 0.000000 -0.090070 99.923040 -4.417864 1.129710 -0.000541 
1048 3.969932 0.000000 -0.045035 100.003815 -3.267728 -1.336563 -0.001323 
1049 3.921085 0.000000 0.000000 99.966383 -3.788057 -1.984212 -0.001156 
1050 3.847814 0.000000 -0.067552 100.112858 -1.683650 -0.239396 -0.002548 
1051 3.823390 0.000000 -0.067552 100.094463 -1.940423 -0.012806 -0.002267 
1052 3.847814 0.000000 -0.090070 99.984955 -3.515570 1.281928 -0.001099 
1053 3.872238 0.000000 -0.067552 100.122524 -1.551413 -0.625423 -0.002732 
1054 3.847814 0.000000 -0.045035 99.991009 -3.423251 -0.835349 -0.001062 
1055 4.165320 0.000000 -0.090070 100.151300 -1.196744 -1.899807 -0.003532 
1056 4.165320 0.000000 -0.180140 99.709222 -7.526131 1.706405 -0.000148 
1057 4.263014 0.000000 -0.090070 100.144523 -1.306866 -2.214497 -0.003554 
1058 4.165320 0.000000 0.000000 99.953101 -4.023988 -2.017436 -0.001088 
1059 4.067626 0.000000 -0.540419 99.735286 -7.180442 -0.268834 0.000124 
1060 4.067626 0.000000 -0.720558 99.742003 -7.106435 -0.152975 0.000101 
1061 4.263014 0.000000 -0.540419 99.737240 -7.168774 -0.279241 0.000101 
1062 4.165320 0.000000 -0.270209 99.681821 -7.926472 -0.646639 0.000029 
1063 4.067626 0.000000 -0.270209 99.680822 -7.927764 -0.557377 0.000057 
1064 4.165320 0.000000 -0.360279 99.720250 -7.385673 -0.504601 0.000107 
1065 4.263014 0.000000 -0.270209 99.683685 -7.910909 -0.736256 0.000004 
1066 4.458402 0.000000 0.180140 99.575947 -9.446002 1.688520 -0.000745 
1067 4.458402 0.000000 0.360279 99.701090 -7.650057 0.031251 0.000117 
1068 4.360708 0.000000 -0.090070 100.135752 -1.443815 -2.475772 -0.003538 
1069 4.360708 0.000000 -0.180140 99.625995 -8.739462 -5.323704 -0.003006 
1070 4.458402 0.000000 -0.090070 100.125510 -1.600161 -2.678393 -0.003485 
1071 4.360708 0.000000 0.000000 99.941410 -4.217523 -2.106059 -0.001051 
1072 4.214167 0.000000 -0.135105 99.914598 -4.591907 1.145642 -0.000532 
1073 4.165320 0.000000 -0.135105 99.919239 -4.518914 1.172703 -0.000565 
1074 4.214167 0.000000 -0.180140 99.396185 -12.009128 2.758934 -0.003143 
1075 4.263014 0.000000 -0.135105 99.908818 -4.680664 1.125851 -0.000495 
1076 4.214167 0.000000 -0.090070 100.148190 -1.248087 -2.063221 -0.003547 
1077 4.556096 0.000000 -0.090070 100.114196 -1.768168 -2.816923 -0.003391 
1078 4.556096 0.000000 -0.180140 99.728214 -7.292459 1.319011 -0.000064 
1079 4.556096 0.000000 0.000000 99.925476 -4.462328 -2.219202 -0.000994 
1080 5.826119 0.000000 -4.323349 99.756443 -6.981855 -0.002805 -0.000009 
1081 5.826119 0.000000 -5.764466 99.755936 -6.978690 -0.001897 0.000005 
1082 7.389224 0.000000 -4.323349 99.755720 -6.980495 -0.004323 0.000007 
1083 5.044566 0.000000 -2.161675 99.754689 -6.993856 -0.014396 0.000009 
1084 5.044566 0.000000 -2.882233 99.754863 -6.986060 -0.007898 0.000016 
1085 5.826119 0.000000 -2.161675 99.754076 -6.992819 -0.018003 0.000022 
1086 4.653790 0.000000 -1.080837 99.749946 -7.035524 -0.070053 0.000044 
1087 4.653790 0.000000 -1.441116 99.751799 -7.012360 -0.036908 0.000040 
1088 5.044566 0.000000 -1.080837 99.749929 -7.031722 -0.076879 0.000050 
1089 4.458402 0.000000 -0.540419 99.738781 -7.156070 -0.288678 0.000088 
1090 4.458402 0.000000 -0.720558 99.744300 -7.094404 -0.164101 0.000072 
1091 4.653790 0.000000 -0.540419 99.740412 -7.142021 -0.296510 0.000075 
1092 4.556096 0.000000 -0.270209 99.694063 -7.786195 -0.980096 -0.000049 
1093 4.458402 0.000000 -0.270209 99.689911 -7.840069 -0.905720 -0.000037 
1094 4.556096 0.000000 -0.360279 99.726300 -7.327662 -0.576592 0.000064 
1095 4.653790 0.000000 -0.270209 99.698754 -7.723568 -1.047120 -0.000059 
1096 4.604943 0.000000 -0.135105 100.100511 -1.968110 -5.870996 -0.005845 
1097 4.556096 0.000000 -0.135105 100.082938 -2.217512 -4.682850 -0.004344 
1098 4.604943 0.000000 -0.180140 100.196674 -0.593697 31.906613 -0.105776 
1099 4.653790 0.000000 -0.135105 100.051539 -2.672236 -5.885469 -0.005209 
1100 4.604943 0.000000 -0.090070 100.108407 -1.853118 -2.862482 -0.003332 
1101 4.507249 0.000000 -0.135105 99.835935 -5.746089 -2.782139 -0.000797 
1102 4.458402 0.000000 -0.135105 99.799879 -6.259156 1.077228 -0.000035 
1103 4.507249 0.000000 -0.180140 99.714581 -7.484289 -1.435105 -0.000107 
1104 4.507249 0.000000 -0.090070 100.119838 -1.683700 -2.754991 -0.003441 
1105 4.849178 0.000000 -0.540419 99.741962 -7.128800 -0.303330 0.000063 
1106 4.849178 0.000000 -0.720558 99.745357 -7.081577 -0.176868 0.000068 
1107 5.044566 0.000000 -0.540419 99.743158 -7.114987 -0.311127 0.000058 
1108 4.751484 0.000000 -0.270209 99.704034 -7.654364 -1.103667 -0.000070 
1109 4.751484 0.000000 -0.360279 99.729761 -7.290495 -0.606944 0.000046 
1110 4.849178 0.000000 -0.270209 99.709628 -7.579956 -1.149922 -0.000079 
1111 4.604943 0.000000 -0.225174 99.650011 -8.414875 -1.782316 -0.000411 
1112 4.556096 0.000000 -0.225174 99.642937 -8.514728 -1.706472 -0.000413 
1113 4.604943 0.000000 -0.270209 99.696273 -7.755613 -1.015143 -0.000053 
1114 4.653790 0.000000 -0.225174 99.657423 -8.312448 -1.847677 -0.000411 
1115 4.580519 0.000000 -0.157622 99.703693 -7.641745 -3.656718 -0.001259 
1116 4.556096 0.000000 -0.157622 99.700029 -7.694363 -2.875934 -0.000757 
1117 4.580519 0.000000 -0.180140 99.751865 -6.953728 5.403615 -0.002799 
1118 4.604943 0.000000 -0.157622 99.725214 -7.335972 -4.274520 -0.001721 
1119 4.580519 0.000000 -0.135105 100.113998 -1.773246 -5.422469 -0.005536 
1120 4.360708 0.000000 -0.270209 99.686392 -7.881973 -0.823523 -0.000018 
1121 4.360708 0.000000 -0.360279 99.723298 -7.360762 -0.541888 0.000079 
1122 4.507249 0.000000 -0.225174 99.636010 -8.610746 -1.621017 -0.000411 
1123 4.458402 0.000000 -0.225174 99.629457 -8.701825 -1.527718 -0.000408 
1124 4.507249 0.000000 -0.270209 99.691880 -7.814720 -0.942984 -0.000043 
1125 4.531672 0.000000 -0.157622 99.718124 -7.434302 -2.131362 -0.000352 
1126 4.507249 0.000000 -0.157622 99.750119 -6.974654 -1.582590 -0.000124 
1127 4.531672 0.000000 -0.180140 99.720014 -7.408612 -0.411007 0.000086 
1128 4.531672 0.000000 -0.135105 99.984728 -3.620482 -3.933415 -0.002553 
1129 4.556096 0.000000 0.090070 99.921270 -4.518182 1.229416 -0.000619 
1130 4.458402 0.000000 0.090070 99.964203 -3.897564 1.452884 -0.001014 
1131 4.653790 0.000000 0.090070 99.890605 -4.964356 1.067452 -0.000392 
1132 4.556096 0.000000 0.180140 99.600808 -9.097274 1.764538 -0.000619 
1133 4.604943 0.000000 -0.045035 100.068702 -2.418911 -2.946503 -0.002828 
1134 4.556096 0.000000 -0.045035 100.062106 -2.510779 -2.855103 -0.002688 
1135 4.653790 0.000000 -0.045035 100.077173 -2.301815 -2.993065 -0.002970 
1136 4.604943 0.000000 0.000000 99.920989 -4.529232 -2.250112 -0.000978 
1137 4.580519 0.000000 -0.112587 100.128217 -1.568819 -3.860717 -0.004303 
1138 4.556096 0.000000 -0.112587 100.136765 -1.446601 -3.848476 -0.004428 
1139 4.604943 0.000000 -0.112587 100.120040 -1.687783 -3.863455 -0.004180 
1140 4.580519 0.000000 -0.090070 100.111258 -1.810280 -2.842129 -0.003362 
1141 4.568308 0.000000 -0.146363 99.981644 -3.667575 -3.657962 -0.002316 
1142 4.556096 0.000000 -0.146363 99.981917 -3.662697 -2.506596 -0.001608 
1143 4.568308 0.000000 -0.157622 99.699129 -7.708192 -3.275473 -0.001006 
1144 4.580519 0.000000 -0.146363 99.969956 -3.833585 -4.693349 -0.003072 
1145 4.568308 0.000000 -0.135105 100.106204 -1.885781 -5.069756 -0.005051 
1146 2.895297 0.000000 0.180140 99.740367 -7.087642 -1.333864 -0.000015 
1147 2.895297 0.000000 0.360279 99.653227 -7.588017 -0.177187 0.001163 
1148 3.188379 0.000000 0.090070 99.855631 -4.993078 -1.767593 0.000080 
1149 3.090685 0.000000 0.090070 99.848564 -4.961127 -1.628402 0.000300 
1150 3.286073 0.000000 0.090070 99.868688 -4.968473 -1.922744 -0.000214 
1151 3.188379 0.000000 0.180140 99.695899 -7.399692 -1.775281 0.000282 
1152 3.579155 0.000000 0.090070 99.876625 -4.943376 -2.451388 -0.000579 
1153 3.481461 0.000000 0.090070 99.875403 -4.908025 -2.298059 -0.000447 
1154 3.579155 0.000000 0.000000 99.970131 -3.616621 -1.002858 -0.000811 
1155 3.579155 0.000000 0.180140 99.642065 -8.291014 -2.918060 -0.000580 
1156 3.579155 0.000000 -0.090070 99.967209 -3.672977 0.560254 -0.000725 
1157 3.481461 0.000000 -0.090070 99.954919 -3.799803 0.362795 -0.000556 
1158 3.579155 0.000000 -0.180140 99.792541 -6.188919 2.217573 -0.000177 
1159 3.628002 0.000000 0.045035 99.971990 -3.606376 -2.156251 -0.001205 
1160 3.579155 0.000000 0.045035 99.956589 -3.804610 -2.478199 -0.001194 
1161 3.628002 0.000000 0.000000 99.985750 -3.414963 -1.151036 -0.001014 
1162 3.676849 0.000000 0.045035 99.971992 -3.626127 -1.933339 -0.001129 
1163 3.628002 0.000000 0.090070 99.876259 -4.970786 -2.518567 -0.000632 
1164 4.360708 0.000000 0.090070 100.053007 -2.616591 1.832742 -0.002081 
1165 4.263014 0.000000 0.090070 100.118909 -1.661435 -1.978636 -0.003047 
1166 4.360708 0.000000 0.180140 99.551316 -9.786764 1.549988 -0.000865 
1167 4.165320 0.000000 0.090070 99.967979 -3.804936 -2.241674 -0.001310 
1168 4.165320 0.000000 0.180140 99.496831 -10.537172 1.266305 -0.001225 
1169 5.826119 0.000000 4.323349 99.757212 -6.983026 -0.004758 -0.000026 
1170 7.389224 0.000000 4.323349 99.755829 -6.981296 -0.002979 0.000004 
1171 5.826119 0.000000 5.764466 99.756265 -6.978178 -0.002008 -0.000001 
1172 5.044566 0.000000 2.161675 99.751336 -6.997518 -0.009458 0.000071 
1173 4.263014 0.000000 2.161675 99.749472 -6.993787 -0.010862 0.000113 
1174 5.826119 0.000000 2.161675 99.753155 -6.999664 -0.009597 0.000031 
1175 5.044566 0.000000 2.882233 99.754000 -6.988083 -0.007120 0.000031 
1176 4.653790 0.000000 1.080837 99.742548 -7.068578 -0.023866 0.000146 
1177 4.263014 0.000000 1.080837 99.739746 -7.068532 -0.027079 0.000202 
1178 5.044566 0.000000 1.080837 99.745164 -7.069332 -0.022125 0.000093 
1179 4.653790 0.000000 1.441116 99.746986 -7.026023 -0.018640 0.000117 
1180 4.458402 0.000000 0.540419 99.723258 -7.321840 -0.022705 0.000166 
1181 4.263014 0.000000 0.540419 99.721862 -7.322370 -0.037758 0.000193 
1182 4.653790 0.000000 0.540419 99.725207 -7.318015 -0.010719 0.000133 
1183 4.458402 0.000000 0.720558 99.732999 -7.182537 -0.032734 0.000174 
1184 4.360708 0.000000 0.270209 99.667431 -8.122494 0.091377 0.000042 
1185 4.263014 0.000000 0.270209 99.665762 -8.132462 0.031346 0.000060 
1186 4.458402 0.000000 0.270209 99.669413 -8.105956 0.148816 0.000028 
1187 4.360708 0.000000 0.360279 99.699998 -7.653674 0.010668 0.000133 
1188 4.311861 0.000000 0.135105 99.774098 -6.596515 -1.010937 0.000059 
1189 4.263014 0.000000 0.135105 99.816978 -5.976417 -1.150248 -0.000047 
1190 4.311861 0.000000 0.090070 100.223562 -0.171523 1.179850 -0.004618 
1191 4.360708 0.000000 0.135105 99.695081 -7.732815 -0.734114 0.000056 
1192 4.311861 0.000000 0.180140 99.539183 -9.953839 1.471249 -0.000929 
1193 3.481461 0.000000 2.161675 99.743522 -6.994667 -0.010155 0.000230 
1194 3.481461 0.000000 2.882233 99.751244 -6.982296 -0.007673 0.000094 
1195 3.872238 0.000000 1.080837 99.735157 -7.065784 -0.030312 0.000297 
1196 3.481461 0.000000 1.080837 99.730445 -7.060892 -0.040078 0.000398 
1197 3.872238 0.000000 1.441116 99.739891 -7.024771 -0.018944 0.000261 
1198 4.067626 0.000000 0.540419 99.719448 -7.321709 -0.051430 0.000242 
1199 3.872238 0.000000 0.540419 99.716219 -7.321108 -0.064624 0.000307 
1200 4.067626 0.000000 0.720558 99.729215 -7.180954 -0.045517 0.000252 
1201 4.165320 0.000000 0.270209 99.664419 -8.135885 -0.030190 0.000081 
1202 4.067626 0.000000 0.270209 99.663415 -8.132004 -0.092085 0.000107 
1203 4.165320 0.000000 0.360279 99.697680 -7.656491 -0.030784 0.000175 
1204 4.214167 0.000000 0.135105 99.844665 -5.573247 -1.346644 -0.000183 
1205 4.165320 0.000000 0.135105 99.863513 -5.295872 -1.591515 -0.000330 
1206 4.214167 0.000000 0.090070 100.030346 -2.920757 -2.129183 -0.001913 
1207 4.214167 0.000000 0.180140 99.513061 -10.313037 1.323092 -0.001096 
1208 4.311861 0.000000 0.045035 99.944878 -4.159311 -1.226681 -0.000778 
1209 4.263014 0.000000 0.045035 99.949948 -4.080254 -1.260590 -0.000823 
1210 4.311861 0.000000 0.000000 99.944734 -4.164090 -2.080617 -0.001062 
1211 4.360708 0.000000 0.045035 99.939317 -4.244896 -1.196533 -0.000732 
1212 4.287437 0.000000 0.112587 99.754309 -6.877346 -1.529111 -0.000056 
1213 4.263014 0.000000 0.112587 99.756537 -6.842038 -2.183478 -0.000295 
1214 4.287437 0.000000 0.090070 100.215498 -0.283583 -1.330698 -0.004500 
1215 4.311861 0.000000 0.112587 99.779761 -6.516698 -0.699315 0.000104 
1216 4.287437 0.000000 0.135105 99.798263 -6.247590 -1.075508 0.000012 
1217 4.214167 0.000000 0.045035 99.954511 -4.008041 -1.297647 -0.000865 
1218 4.165320 0.000000 0.045035 99.958562 -3.942614 -1.337417 -0.000905 
1219 4.214167 0.000000 0.000000 99.950563 -4.067588 -2.035818 -0.001080 
1220 4.238590 0.000000 0.112587 99.771784 -6.620517 -2.558326 -0.000479 
1221 4.214167 0.000000 0.112587 99.788085 -6.383744 -2.733726 -0.000589 
1222 4.238590 0.000000 0.090070 100.067315 -2.395726 -2.061146 -0.002346 
1223 4.238590 0.000000 0.135105 99.832123 -5.756304 -1.240878 -0.000113 
1224 4.287437 0.000000 0.067552 99.977031 -3.694914 -0.632740 -0.000946 
1225 4.263014 0.000000 0.067552 99.980516 -3.641741 -0.686547 -0.000984 
1226 4.287437 0.000000 0.045035 99.947478 -4.118878 -1.243188 -0.000801 
1227 4.311861 0.000000 0.067552 99.973242 -3.752389 -0.580986 -0.000907 
1228 4.275226 0.000000 0.101329 99.609894 -8.941358 -1.117389 -0.000333 
1229 4.263014 0.000000 0.101329 99.624455 -8.731470 -2.783781 -0.000902 
1230 4.275226 0.000000 0.090070 100.160334 -1.070728 -1.834308 -0.003660 
1231 4.287437 0.000000 0.101329 99.642242 -8.480426 0.600688 -0.000085 
1232 4.275226 0.000000 0.112587 99.752703 -6.898591 -1.890700 -0.000177 
1233 4.409555 0.000000 0.135105 99.593984 -9.184426 0.922894 -0.000417 
1234 4.409555 0.000000 0.090070 99.996922 -3.424408 1.609525 -0.001370 
1235 4.458402 0.000000 0.135105 99.652214 -8.357055 2.986698 -0.000932 
1236 4.409555 0.000000 0.180140 99.563505 -9.618468 1.624543 -0.000805 
1237 4.336284 0.000000 0.112587 99.828436 -5.823798 0.091595 0.000036 
1238 4.336284 0.000000 0.090070 100.111541 -1.776515 1.928654 -0.002920 
1239 4.360708 0.000000 0.112587 99.877806 -5.120855 0.812775 -0.000246 
1240 4.336284 0.000000 0.135105 99.741152 -7.070868 -0.928469 0.000084 
1241 4.299649 0.000000 0.101329 99.708546 -7.533927 1.902411 -0.000217 
1242 4.299649 0.000000 0.090070 100.252905 0.249680 -0.138676 -0.005073 
1243 4.311861 0.000000 0.101329 99.777665 -6.547135 2.612991 -0.000528 
1244 4.299649 0.000000 0.112587 99.763206 -6.751805 -1.120903 0.000046 
1245 -8.241827 0.000000 -8.646699 99.756302 -6.975711 -0.000038 0.000002 
1246 -11.368037 0.000000 -8.646699 99.756345 -6.975678 -0.000012 0.000001 
1247 -8.241827 0.000000 -11.528932 99.756323 -6.975707 -0.000040 0.000002 
1248 10.515434 0.000000 -8.646699 99.756224 -6.976850 -0.001090 0.000002 
1249 10.515434 0.000000 -11.528932 99.756281 -6.976315 -0.000569 0.000002 
1250 13.641644 0.000000 -8.646699 99.756264 -6.976804 -0.001177 0.000001 
1251 -8.241827 0.000000 8.646699 99.756483 -6.975716 0.000007 -0.000002 
1252 -11.368037 0.000000 8.646699 99.756444 -6.975681 0.000010 -0.000001 
1253 -8.241827 0.000000 11.528932 99.756481 -6.975713 -0.000013 -0.000002 
1254 -3.552511 0.000000 -4.323349 99.755860 -6.976253 -0.000536 0.000010 
1255 -5.115617 0.000000 -4.323349 99.755973 -6.976525 -0.000178 0.000007 
1256 -3.552511 0.000000 -5.764466 99.755999 -6.976864 -0.000358 0.000006 
1257 10.515434 0.000000 8.646699 99.756351 -6.977167 -0.000783 -0.000001 
1258 13.641644 0.000000 8.646699 99.756319 -6.977218 -0.000703 -0.000000 
1259 10.515434 0.000000 11.528932 99.756406 -6.976467 -0.000459 -0.000001 
1260 -3.552511 0.000000 4.323349 99.756431 -6.976269 0.000329 -0.000001 
1261 -5.115617 0.000000 4.323349 99.756406 -6.975720 0.000252 -0.000000 
1262 -3.552511 0.000000 5.764466 99.756662 -6.975606 0.000212 -0.000005 
1263 -1.207854 0.000000 -2.161675 99.753830 -6.983534 -0.007654 0.000040 
1264 -1.989406 0.000000 -2.161675 99.753294 -6.978120 -0.002777 0.000059 
1265 -1.207854 0.000000 -2.882233 99.754824 -6.978766 -0.003906 0.000027 
1266 -1.207854 0.000000 2.161675 99.753546 -6.980098 0.002697 0.000051 
1267 -1.989406 0.000000 2.161675 99.754742 -6.977280 0.002329 0.000031 
1268 -1.207854 0.000000 2.882233 99.756776 -6.977444 0.002511 -0.000010 
1269 -0.817078 0.000000 -1.080837 99.737954 -6.990611 -0.020343 0.000347 
1270 -1.207854 0.000000 -1.080837 99.745363 -6.985779 -0.011823 0.000206 
1271 -0.817078 0.000000 -1.441116 99.751437 -6.988479 -0.023408 0.000081 
1272 -0.230913 0.000000 -0.540419 99.643225 -7.025740 0.006121 0.002187 
1273 -0.426301 0.000000 -0.540419 99.751225 -6.909013 -0.083498 0.000195 
1274 -0.230913 0.000000 -0.720558 99.754802 -6.930098 -0.135550 0.000093 
1275 0.941416 0.000000 -0.540419 99.779034 -7.238080 0.007837 -0.000825 
1276 0.941416 0.000000 -0.720558 99.791050 -7.114930 -0.007174 -0.000888 
1277 -0.817078 0.000000 1.080837 99.738586 -6.990264 0.007905 0.000335 
1278 -1.207854 0.000000 1.080837 99.744828 -6.985565 0.001901 0.000217 
1279 -0.817078 0.000000 1.441116 99.750776 -6.988848 0.011927 0.000094 
1280 -0.230913 0.000000 0.540419 99.512322 -7.005072 -0.167622 0.004820 
1281 -0.426301 0.000000 0.540419 99.646837 -6.920209 -0.099210 0.002261 
1282 -0.230913 0.000000 0.720558 99.578124 -6.936663 -0.047119 0.003608 
1283 -0.133219 0.000000 -0.270209 99.715034 -7.088999 0.458094 0.000645 
1284 -0.230913 0.000000 -0.270209 99.816968 -6.912710 0.357477 -0.001134 
1285 -0.133219 0.000000 -0.360279 99.455798 -7.003593 0.163937 0.005947 
1286 0.941416 0.000000 0.540419 99.737645 -7.264857 -0.008051 -0.000038 
1287 0.941416 0.000000 0.720558 99.644036 -7.128014 0.051532 0.002025 
1288 -0.133219 0.000000 0.270209 99.606219 -7.097235 -0.638832 0.002782 
1289 -0.230913 0.000000 0.270209 99.777216 -6.907450 -0.470237 -0.000343 
1290 -0.133219 0.000000 0.360279 99.387172 -7.002875 -0.298074 0.007306 
1291 0.037745 0.000000 -0.112587 88.387547 -8.854643 -1.995904 0.210525 
1292 0.013322 0.000000 -0.112587 87.461549 -8.430573 4.359575 0.226040 
1293 0.037745 0.000000 -0.135105 92.551763 -8.275413 -0.947725 0.136479 
1294 0.648333 0.000000 -0.270209 101.411916 -11.164209 -0.006987 -0.040902 
1295 0.648333 0.000000 -0.360279 99.899237 -7.612865 0.172588 -0.003784 
1296 0.746027 0.000000 -0.270209 102.396176 -10.240289 -0.000931 -0.058984 
1297 0.648333 0.000000 0.270209 101.379589 -11.156741 -0.003799 -0.040229 
1298 0.746027 0.000000 0.270209 102.371451 -10.264507 -0.002920 -0.058527 
1299 0.648333 0.000000 0.360279 99.822249 -7.572919 -0.158821 -0.002186 
1300 0.037745 0.000000 0.112587 88.269054 -8.891079 1.926329 0.212581 
1301 0.013322 0.000000 0.112587 87.349997 -8.459179 -4.474343 0.227840 
1302 0.037745 0.000000 0.135105 92.442944 -8.318287 0.867857 0.138436 
1303 0.098804 0.000000 -0.078811 92.535139 -12.317548 -15.417465 0.104783 
1304 0.098804 0.000000 -0.090070 92.663805 -12.392312 -15.498040 0.101966 
1305 0.098804 0.000000 -0.067552 92.527180 -12.304858 -15.407111 0.104993 
1306 0.098804 0.000000 0.078811 92.399927 -12.213394 15.394117 0.107611 
1307 0.098804 0.000000 0.067552 92.393724 -12.197132 15.383811 0.107797 
1308 0.098804 0.000000 0.090070 92.507002 -12.350955 15.472488 0.105051 
1309 0.233134 0.000000 -0.067552 86.703231 -0.104311 -6.357317 0.244212 
1310 0.233134 0.000000 -0.045035 88.137575 -0.135490 -4.781868 0.220888 
1311 0.233134 0.000000 0.067552 86.696653 -0.125704 6.346325 0.244340 
1312 0.233134 0.000000 0.045035 88.123983 -0.127458 4.784407 0.221126 
1313 0.501792 0.000000 -0.045035 100.360437 -8.015118 -0.014047 -0.013646 
1314 0.550639 0.000000 -0.045035 101.404792 -6.734468 -0.019298 -0.032829 
1315 0.501792 0.000000 0.000000 101.402407 -6.517301 -0.019200 -0.032492 
1316 0.501792 0.000000 0.045035 100.349056 -8.009776 -0.014823 -0.013409 
1317 0.550639 0.000000 0.045035 101.399511 -6.733522 -0.017855 -0.032720 
1318 0.428522 0.000000 -0.067552 99.105401 -10.825202 -0.005090 0.006093 
1319 0.452945 0.000000 -0.067552 99.252629 -9.320589 -0.010031 0.006204 
1320 0.428522 0.000000 -0.045035 99.272567 -11.580444 -0.003308 0.001085 
1321 0.367463 0.000000 -0.101329 105.199030 -12.615651 -3.292479 -0.123683 
1322 0.367463 0.000000 -0.112587 105.229106 -12.621619 -2.760332 -0.124009 
1323 0.367463 0.000000 -0.090070 105.515227 -12.620192 -3.022070 -0.130187 
1324 0.428522 0.000000 0.067552 99.076445 -10.812496 -0.006489 0.006695 
1325 0.428522 0.000000 0.045035 99.244804 -11.567266 -0.003889 0.001667 
1326 0.452945 0.000000 0.067552 99.225020 -9.309498 -0.010726 0.006773 
1327 0.367463 0.000000 0.101329 105.160332 -12.566748 3.298969 -0.122750 
1328 0.367463 0.000000 0.090070 105.482298 -12.569078 3.029664 -0.129368 
1329 0.367463 0.000000 0.112587 105.190524 -12.567446 2.767114 -0.123064 
1330 1.722968 0.000000 -0.540419 99.758193 -7.245667 -0.058778 -0.000420 
1331 1.722968 0.000000 -0.720558 99.753786 -7.133564 -0.053819 -0.000171 
1332 1.722968 0.000000 0.540419 99.749972 -7.217903 -0.182459 -0.000219 
1333 1.722968 0.000000 0.720558 99.593380 -7.137888 -0.123342 0.003019 
1334 1.429886 0.000000 -0.270209 101.509641 -11.262722 -0.000605 -0.043106 
1335 1.429886 0.000000 -0.360279 99.757788 -7.692012 0.145299 -0.001080 
1336 1.527580 0.000000 -0.270209 101.765520 -11.587379 0.012875 -0.049049 
1337 1.429886 0.000000 0.270209 101.531691 -11.365289 -0.008389 -0.043785 
1338 1.527580 0.000000 0.270209 101.928400 -11.805457 -0.020111 -0.052877 
1339 1.429886 0.000000 0.360279 99.663593 -7.697412 -0.187767 0.000788 
1340 8.952329 0.000000 -4.323349 99.755844 -6.980181 -0.004712 0.000005 
1341 8.952329 0.000000 -5.764466 99.756027 -6.978376 -0.002444 0.000004 
1342 10.515434 0.000000 -4.323349 99.755938 -6.979880 -0.004991 0.000003 
1343 6.607671 0.000000 -2.161675 99.755200 -6.993122 -0.017703 -0.000000 
1344 6.607671 0.000000 -2.882233 99.755974 -6.986362 -0.008497 -0.000006 
1345 7.389224 0.000000 -2.161675 99.754774 -6.991160 -0.020586 0.000011 
1346 3.090685 0.000000 -1.080837 99.749414 -7.063460 -0.031223 0.000016 
1347 3.090685 0.000000 -1.441116 99.757380 -7.018634 -0.012039 -0.000080 
1348 2.504521 0.000000 -0.540419 99.665249 -7.275657 -0.127465 0.001389 
1349 2.504521 0.000000 -0.720558 99.714828 -7.156278 -0.047379 0.000574 
1350 2.699909 0.000000 -0.540419 99.705924 -7.262173 -0.175959 0.000596 
1351 8.952329 0.000000 4.323349 99.755851 -6.981591 -0.002603 0.000003 
1352 10.515434 0.000000 4.323349 99.755876 -6.981778 -0.002251 0.000002 
1353 8.952329 0.000000 5.764466 99.756123 -6.978772 -0.001680 0.000001 
1354 6.607671 0.000000 2.161675 99.752943 -7.002818 -0.006577 0.000031 
1355 7.389224 0.000000 2.161675 99.754476 -7.001496 -0.008050 0.000002 
1356 6.607671 0.000000 2.882233 99.753810 -6.991482 -0.004253 0.000030 
1357 3.090685 0.000000 1.080837 99.719015 -7.052554 -0.046143 0.000638 
1358 3.090685 0.000000 1.441116 99.732407 -7.022461 -0.030350 0.000413 
1359 2.504521 0.000000 0.540419 99.587826 -7.380658 -0.111699 0.002778 
1360 2.699909 0.000000 0.540419 99.603740 -7.318539 -0.058739 0.002553 
1361 2.504521 0.000000 0.720558 99.557966 -7.177901 -0.058438 0.003669 
1362 2.895297 0.000000 -0.540419 99.758961 -7.239034 -0.122628 -0.000427 
1363 2.895297 0.000000 -0.720558 99.760809 -7.181776 -0.053623 -0.000380 
1364 3.090685 0.000000 -0.540419 99.743207 -7.287549 -0.152018 -0.000184 
1365 3.286073 0.000000 -0.540419 99.720852 -7.225694 -0.213078 0.000350 
1366 3.286073 0.000000 -0.720558 99.733145 -7.140585 -0.117796 0.000230 
1367 2.406827 0.000000 -0.270209 99.431428 -7.607322 -0.910108 0.005469 
1368 2.406827 0.000000 -0.360279 99.300999 -7.664846 -0.573118 0.008023 
1369 2.504521 0.000000 -0.270209 99.671804 -7.665447 -0.657876 0.000634 
1370 2.895297 0.000000 0.540419 99.650944 -7.308103 -0.065425 0.001628 
1371 3.090685 0.000000 0.540419 99.675313 -7.375452 -0.084599 0.001043 
1372 2.895297 0.000000 0.720558 99.654533 -7.241152 -0.043725 0.001654 
1373 2.406827 0.000000 0.270209 99.440895 -7.754624 0.180956 0.005134 
1374 2.504521 0.000000 0.270209 99.601697 -7.727373 -0.001380 0.001979 
1375 2.406827 0.000000 0.360279 99.224518 -7.657664 0.081463 0.009585 
1376 2.357979 0.000000 -0.135105 101.035122 -6.232454 -4.127850 -0.026398 
1377 2.357979 0.000000 -0.180140 99.474835 -6.992555 -2.532338 0.004945 
1378 2.406827 0.000000 -0.135105 101.084193 -5.995179 -2.360055 -0.025953 
1379 2.284709 0.000000 -0.112587 90.854664 -6.306230 -12.715681 0.154397 
1380 2.284709 0.000000 -0.135105 93.805981 -6.670246 -6.033266 0.111955 
1381 2.309132 0.000000 -0.112587 99.952530 -6.000734 -11.350787 -0.015536 
1382 2.357979 0.000000 0.135105 101.123742 -6.609652 2.840891 -0.027777 
1383 2.406827 0.000000 0.135105 101.092319 -6.383569 1.083927 -0.026158 
1384 2.357979 0.000000 0.180140 99.540063 -7.332567 1.483214 0.003581 
1385 2.284709 0.000000 0.112587 91.565575 -6.551324 11.317373 0.144474 
1386 2.309132 0.000000 0.112587 100.359423 -6.232233 9.796074 -0.020682 
1387 2.284709 0.000000 0.135105 94.354111 -6.908266 4.872210 0.102584 
1388 5.435343 0.000000 -1.080837 99.750784 -7.029985 -0.080077 0.000035 
1389 5.435343 0.000000 -1.441116 99.752593 -7.010904 -0.041954 0.000027 
1390 5.826119 0.000000 -1.080837 99.751094 -7.025981 -0.084231 0.000035 
1391 5.435343 0.000000 1.080837 99.746259 -7.072255 -0.017648 0.000067 
1392 5.826119 0.000000 1.080837 99.747467 -7.073355 -0.014789 0.000041 
1393 5.435343 0.000000 1.441116 99.749352 -7.029632 -0.015069 0.000065 
1394 3.676849 0.000000 0.540419 99.712801 -7.322177 -0.083621 0.000374 
1395 3.481461 0.000000 0.540419 99.706993 -7.314697 -0.096293 0.000500 
1396 3.676849 0.000000 0.720558 99.723524 -7.175146 -0.062715 0.000373 
1397 3.969932 0.000000 -0.270209 99.680652 -7.915263 -0.471378 0.000089 
1398 3.969932 0.000000 -0.360279 99.717227 -7.404074 -0.466229 0.000144 
1399 4.849178 0.000000 0.540419 99.727051 -7.315326 0.000339 0.000100 
1400 5.044566 0.000000 0.540419 99.728139 -7.312073 0.013925 0.000083 
1401 4.849178 0.000000 0.720558 99.736405 -7.181286 -0.023179 0.000108 
1402 6.216895 0.000000 -1.080837 99.751753 -7.021583 -0.086026 0.000028 
1403 6.216895 0.000000 -1.441116 99.752889 -7.007478 -0.046551 0.000025 
1404 6.607671 0.000000 -1.080837 99.752336 -7.017182 -0.087388 0.000022 
1405 5.239954 0.000000 -0.540419 99.744546 -7.101119 -0.315643 0.000050 
1406 5.239954 0.000000 -0.720558 99.747089 -7.068291 -0.183062 0.000052 
1407 5.435343 0.000000 -0.540419 99.745942 -7.087642 -0.318913 0.000041 
1408 5.630731 0.000000 -0.540419 99.747321 -7.074063 -0.320884 0.000033 
1409 5.630731 0.000000 -0.720558 99.748692 -7.057070 -0.187341 0.000036 
1410 5.826119 0.000000 -0.540419 99.748535 -7.059070 -0.322619 0.000030 
1411 4.946872 0.000000 -0.090070 100.072634 -2.388018 -2.767619 -0.002789 
1412 4.946872 0.000000 -0.180140 99.774933 -6.647266 -3.995955 -0.001519 
1413 4.946872 0.000000 0.000000 99.889978 -4.998165 -2.468507 -0.000908 
1414 6.216895 0.000000 1.080837 99.747935 -7.073010 -0.010195 0.000032 
1415 6.607671 0.000000 1.080837 99.748306 -7.072371 -0.005706 0.000026 
1416 6.216895 0.000000 1.441116 99.750941 -7.031434 -0.012546 0.000031 
1417 5.239954 0.000000 0.540419 99.729106 -7.307651 0.027134 0.000070 
1418 5.435343 0.000000 0.540419 99.730051 -7.303555 0.039781 0.000057 
1419 5.239954 0.000000 0.720558 99.738014 -7.179744 -0.009983 0.000078 
1420 4.751484 0.000000 0.090070 99.865355 -5.333319 0.938039 -0.000241 
1421 4.849178 0.000000 0.090070 99.843294 -5.655805 0.829321 -0.000136 
1422 4.751484 0.000000 0.180140 99.643042 -8.509767 1.710403 -0.000408 
1423 4.946872 0.000000 0.090070 99.823602 -5.945716 0.736521 -0.000065 
1424 5.044566 0.000000 0.090070 99.805440 -6.210836 0.665951 -0.000014 
1425 4.946872 0.000000 0.180140 99.670588 -8.132542 1.546691 -0.000276 
1426 5.142260 0.000000 0.090070 99.788680 -6.455295 0.617255 0.000017 
1427 5.239954 0.000000 0.090070 99.773202 -6.680851 0.592819 0.000032 
1428 5.142260 0.000000 0.180140 99.687740 -7.897664 1.388044 -0.000195 
1429 6.021507 0.000000 -0.540419 99.749686 -7.045612 -0.323587 0.000025 
1430 6.021507 0.000000 -0.720558 99.749873 -7.043878 -0.191447 0.000031 
1431 6.216895 0.000000 -0.540419 99.750883 -7.031384 -0.322563 0.000022 
1432 5.923813 0.000000 -0.090070 99.985507 -3.669804 -0.840659 -0.001128 
1433 5.923813 0.000000 -0.180140 99.837238 -5.790397 -1.727600 -0.000399 
1434 6.021507 0.000000 -0.090070 99.974448 -3.829767 -0.676475 -0.001001 
1435 3.383767 0.000000 -0.090070 99.940845 -3.931488 0.199388 -0.000367 
1436 3.383767 0.000000 -0.180140 99.779702 -6.272392 1.439901 0.000259 
1437 3.383767 0.000000 0.000000 99.923004 -4.163357 -0.989425 -0.000292 
1438 3.383767 0.000000 0.090070 99.871261 -4.898577 -2.128532 -0.000280 
1439 3.383767 0.000000 0.180140 99.678900 -7.653823 -2.263256 0.000041 
1440 3.579155 0.000000 -0.270209 99.683634 -7.767371 -0.214013 0.000280 
1441 3.481461 0.000000 -0.270209 99.684726 -7.715848 -0.174883 0.000339 
1442 3.579155 0.000000 -0.360279 99.708721 -7.430991 -0.396295 0.000279 
1443 3.969932 0.000000 0.270209 99.662696 -8.120813 -0.152881 0.000138 
1444 3.872238 0.000000 0.270209 99.662158 -8.103499 -0.211189 0.000174 
1445 3.969932 0.000000 0.360279 99.695010 -7.654422 -0.071717 0.000231 
1446 3.921085 0.000000 -0.135105 99.924041 -4.408919 1.276079 -0.000588 
1447 3.921085 0.000000 -0.180140 100.027033 -2.941483 4.857131 -0.003765 
1448 3.969932 0.000000 -0.135105 99.925349 -4.399449 1.268073 -0.000604 
1449 4.214167 0.000000 -0.045035 100.026906 -2.979118 -2.136402 -0.001882 
1450 4.165320 0.000000 -0.045035 100.022275 -3.038254 -1.994481 -0.001766 
1451 4.263014 0.000000 -0.045035 100.031796 -2.915776 -2.267737 -0.002000 
1452 4.556096 0.000000 0.270209 99.671456 -8.083658 0.203495 0.000021 
1453 4.653790 0.000000 0.270209 99.673982 -8.056418 0.252995 0.000013 
1454 4.556096 0.000000 0.360279 99.701924 -7.645087 0.052239 0.000108 
1455 4.311861 0.000000 -0.045035 100.036695 -2.851902 -2.385929 -0.002117 
1456 4.311861 0.000000 -0.090070 100.140351 -1.372531 -2.352209 -0.003551 
1457 4.360708 0.000000 -0.045035 100.041294 -2.791864 -2.497192 -0.002229 
1458 4.507249 0.000000 -0.045035 100.057611 -2.571031 -2.774144 -0.002583 
1459 4.458402 0.000000 -0.045035 100.052307 -2.644553 -2.704166 -0.002477 
1460 4.507249 0.000000 0.000000 99.929709 -4.397527 -2.188921 -0.001008 
1461 4.531672 0.000000 -0.112587 100.145420 -1.321282 -3.826393 -0.004549 
1462 4.507249 0.000000 -0.112587 100.154158 -1.194215 -3.794793 -0.004668 
1463 4.531672 0.000000 -0.090070 100.117026 -1.726063 -2.787612 -0.003417 
1464 4.409555 0.000000 0.045035 99.933290 -4.336690 -1.170661 -0.000684 
1465 4.409555 0.000000 0.000000 99.937818 -4.274355 -2.132976 -0.001039 
1466 4.458402 0.000000 0.045035 99.926833 -4.434163 -1.149584 -0.000636 
1467 4.336284 0.000000 0.067552 99.969160 -3.813866 -0.531444 -0.000866 
1468 4.336284 0.000000 0.045035 99.942157 -4.201279 -1.211090 -0.000755 
1469 4.360708 0.000000 0.067552 99.964791 -3.879385 -0.484505 -0.000824 
1470 4.238590 0.000000 0.067552 99.983685 -3.592972 -0.742328 -0.001020 
1471 4.214167 0.000000 0.067552 99.986505 -3.549062 -0.800125 -0.001054 
1472 4.238590 0.000000 0.045035 99.952294 -4.043297 -1.278757 -0.000844 
1473 3.286073 0.000000 0.540419 99.699211 -7.317208 -0.108482 0.000651 
1474 3.286073 0.000000 0.720558 99.710369 -7.170618 -0.074853 0.000642 
1475 4.946872 0.000000 -0.270209 99.715285 -7.502386 -1.188267 -0.000084 
1476 4.946872 0.000000 -0.360279 99.733205 -7.248444 -0.634429 0.000035 
1477 5.044566 0.000000 -0.270209 99.721135 -7.423333 -1.213761 -0.000088 
1478 5.630731 0.000000 0.540419 99.730902 -7.298539 0.052250 0.000048 
1479 5.826119 0.000000 0.540419 99.731992 -7.292770 0.062340 0.000034 
1480 5.630731 0.000000 0.720558 99.739217 -7.179073 0.003032 0.000055 
1481 4.751484 0.000000 0.270209 99.676660 -8.026545 0.298858 0.000005 
1482 4.849178 0.000000 0.270209 99.679466 -7.993871 0.340200 -0.000001 
1483 4.751484 0.000000 0.360279 99.704128 -7.631566 0.091226 0.000084 
1484 5.142260 0.000000 -0.270209 99.726947 -7.344350 -1.229651 -0.000092 
1485 5.142260 0.000000 -0.360279 99.736982 -7.202703 -0.652983 0.000023 
1486 5.239954 0.000000 -0.270209 99.732600 -7.266892 -1.236799 -0.000093 
1487 6.021507 0.000000 0.540419 99.732763 -7.285560 0.073580 0.000029 
1488 6.216895 0.000000 0.540419 99.733528 -7.277847 0.084158 0.000025 
1489 6.021507 0.000000 0.720558 99.740467 -7.175721 0.013936 0.000035 
1490 3.383767 0.000000 -0.270209 99.685487 -7.660510 -0.145190 0.000410 
1491 3.286073 0.000000 -0.270209 99.700854 -7.658721 -0.095613 0.000107 
1492 3.383767 0.000000 -0.360279 99.703856 -7.437450 -0.360872 0.000370 
1493 3.774543 0.000000 0.270209 99.662098 -8.076813 -0.270725 0.000216 
1494 3.676849 0.000000 0.270209 99.661666 -8.051667 -0.322162 0.000262 
1495 3.774543 0.000000 0.360279 99.691626 -7.646375 -0.111999 0.000310 
1496 3.579155 0.000000 0.270209 99.661144 -8.014399 -0.366180 0.000329 
1497 3.481461 0.000000 0.270209 99.660309 -7.976513 -0.404484 0.000403 
1498 3.579155 0.000000 0.360279 99.687343 -7.638336 -0.153434 0.000407 
1499 4.311861 0.000000 -0.135105 99.901981 -4.784229 1.121242 -0.000455 
1500 4.311861 0.000000 -0.180140 99.452146 -11.220576 -6.767736 -0.006243 
1501 4.360708 0.000000 -0.135105 99.893648 -4.908707 1.151186 -0.000416 
1502 4.409555 0.000000 -0.135105 99.876761 -5.155182 1.275961 -0.000357 
1503 4.409555 0.000000 -0.180140 99.681723 -7.947242 -3.957194 -0.001526 
1504 4.409555 0.000000 -0.090070 100.130789 -1.519944 -2.584643 -0.003517 
1505 4.409555 0.000000 -0.045035 100.046290 -2.725727 -2.608194 -0.002349 
1506 4.409555 0.000000 -0.225174 99.623186 -8.787267 -1.422876 -0.000402 
1507 4.360708 0.000000 -0.225174 99.617356 -8.866049 -1.307495 -0.000393 
1508 4.409555 0.000000 -0.270209 99.688059 -7.862515 -0.865318 -0.000028 
1509 4.311861 0.000000 -0.225174 99.612089 -8.936481 -1.180834 -0.000382 
1510 4.263014 0.000000 -0.225174 99.607522 -8.996436 -1.042786 -0.000368 
1511 4.311861 0.000000 -0.270209 99.684937 -7.898120 -0.780359 -0.000008 
1512 4.507249 0.000000 0.045035 99.919770 -4.537254 -1.132502 -0.000583 
1513 4.556096 0.000000 0.045035 99.912613 -4.644099 -1.122630 -0.000536 
1514 4.507249 0.000000 0.090070 99.940239 -4.242219 1.331083 -0.000782 
1515 4.604943 0.000000 0.045035 99.905053 -4.755229 -1.118524 -0.000488 
1516 4.653790 0.000000 0.045035 99.897248 -4.871089 -1.119361 -0.000444 
1517 4.604943 0.000000 0.090070 99.905012 -4.754002 1.142798 -0.000492 
1518 4.507249 0.000000 0.135105 99.724147 -7.330237 3.237918 -0.000912 
1519 4.556096 0.000000 0.135105 99.751724 -6.940797 3.085062 -0.000810 
1520 4.507249 0.000000 0.180140 99.588284 -9.271230 1.737302 -0.000680 
1521 4.946872 0.000000 0.270209 99.682633 -7.959106 0.374560 -0.000012 
1522 5.044566 0.000000 0.270209 99.685541 -7.923164 0.407105 -0.000015 
1523 4.946872 0.000000 0.360279 99.706634 -7.614920 0.126337 0.000058 
1524 5.142260 0.000000 0.270209 99.688454 -7.886496 0.435453 -0.000017 
1525 5.239954 0.000000 0.270209 99.691342 -7.849749 0.459739 -0.000019 
1526 5.142260 0.000000 0.360279 99.708795 -7.594774 0.161326 0.000045 
1527 3.188379 0.000000 -0.270209 99.708525 -7.619382 -0.082949 0.000015 
1528 3.090685 0.000000 -0.270209 99.713661 -7.572848 -0.092642 -0.000017 
1529 3.188379 0.000000 -0.360279 99.718626 -7.489136 -0.292787 0.000002 
1530 3.383767 0.000000 0.270209 99.659216 -7.938759 -0.435522 0.000483 
1531 3.286073 0.000000 0.270209 99.657741 -7.950208 -0.426621 0.000495 
1532 3.383767 0.000000 0.360279 99.681006 -7.628904 -0.186422 0.000546 
1533 3.188379 0.000000 0.270209 99.655062 -7.916128 -0.438758 0.000601 
1534 3.090685 0.000000 0.270209 99.654892 -7.864779 -0.451226 0.000684 
1535 3.188379 0.000000 0.360279 99.668748 -7.672253 -0.175909 0.000725 
1536 4.214167 0.000000 -0.225174 99.603843 -9.043459 -0.893631 -0.000351 
1537 4.165320 0.000000 -0.225174 99.601292 -9.073875 -0.734391 -0.000329 
1538 4.214167 0.000000 -0.270209 99.682641 -7.920511 -0.691609 0.000016 
1539 4.604943 0.000000 0.135105 99.760795 -6.814685 2.909842 -0.000712 
1540 4.653790 0.000000 0.135105 99.762930 -6.788568 2.744339 -0.000626 
1541 4.604943 0.000000 0.180140 99.612735 -8.930552 1.772034 -0.000559 
1 11 62 60 61 
2 62 10 24 60 
3 60 24 14 63 
4 61 60 63 6 
5 24 66 64 65 
6 66 23 40 64 
7 64 40 27 67 
8 65 64 67 14 
9 40 70 68 69 
10 69 68 71 27 
11 6 63 92 93 
12 63 14 36 92 
13 92 36 19 94 
14 93 92 94 20 
15 14 67 95 96 
16 67 27 52 95 
17 95 52 35 97 
18 96 95 97 36 
19 27 71 98 99 
20 99 98 100 52 
21 68 112 110 111 
22 112 56 80 110 
23 110 80 43 113 
24 111 110 113 71 
25 80 116 114 115 
26 115 114 117 43 
27 71 113 133 134 
28 113 43 102 133 
29 133 102 76 135 
30 134 133 135 98 
31 43 117 136 137 
32 137 136 138 102 
33 114 141 139 140 
34 141 106 129 139 
35 139 129 83 142 
36 140 139 142 117 
37 129 149 147 148 
38 147 150 132 151 
39 148 147 151 83 
40 117 142 152 153 
41 142 83 144 152 
42 152 144 125 154 
43 153 152 154 136 
44 83 151 155 156 
45 151 132 157 155 
46 156 155 158 144 
47 12 161 159 160 
48 161 7 162 159 
49 159 162 13 25 
50 160 159 25 10 
51 25 165 163 164 
52 165 13 166 163 
53 163 166 26 41 
54 164 163 41 23 
55 41 169 167 168 
56 169 26 170 167 
57 167 170 42 57 
58 168 167 57 39 
59 39 173 171 172 
60 173 57 174 171 
61 171 174 55 81 
62 172 171 81 56 
63 81 177 175 176 
64 177 55 178 175 
65 175 178 82 107 
66 176 175 107 79 
67 79 181 179 180 
68 181 107 182 179 
69 179 182 105 130 
70 180 179 130 106 
71 106 185 183 184 
72 185 130 186 183 
73 184 183 149 129 
74 195 197 109 198 
75 150 195 198 132 
76 149 201 199 200 
77 201 128 202 199 
78 199 202 150 203 
79 200 199 203 147 
80 132 198 210 157 
81 198 109 211 210 
82 19 38 213 214 
83 38 21 215 213 
84 213 215 9 216 
85 214 213 216 22 
86 35 54 217 218 
87 54 37 219 217 
88 217 219 21 220 
89 218 217 220 38 
90 51 78 221 222 
91 78 53 223 221 
92 221 223 37 224 
93 222 221 224 54 
94 76 104 225 226 
95 104 75 227 225 
96 225 227 78 228 
97 226 225 228 51 
98 101 127 229 230 
99 127 103 231 229 
100 229 231 75 232 
101 230 229 232 104 
102 125 146 233 234 
103 146 124 235 233 
104 233 235 127 236 
105 234 233 236 101 
106 144 158 237 238 
107 237 239 146 240 
108 238 237 240 125 
109 155 243 241 242 
110 243 157 244 241 
111 241 244 143 245 
112 242 241 245 158 
113 130 247 246 186 
114 247 105 248 246 
115 249 251 195 252 
116 202 249 252 150 
117 186 255 253 254 
118 255 246 256 253 
119 253 256 196 250 
120 254 253 250 128 
121 128 259 257 258 
122 259 250 260 257 
123 257 260 249 261 
124 258 257 261 202 
125 262 263 124 264 
126 239 262 264 146 
127 157 266 265 244 
128 266 210 267 265 
129 143 268 269 270 
130 268 212 271 269 
131 269 271 262 272 
132 270 269 272 239 
133 244 275 273 274 
134 275 265 276 273 
135 273 276 268 277 
136 274 273 277 143 
137 278 280 194 281 
138 197 278 281 109 
139 283 131 284 282 
140 282 284 197 285 
141 251 282 285 195 
142 107 287 286 182 
143 287 82 288 286 
144 286 288 108 192 
145 182 286 192 105 
146 105 290 289 248 
147 290 192 291 289 
148 246 293 292 256 
149 293 248 294 292 
150 292 294 131 283 
151 256 292 283 196 
152 196 297 295 296 
153 297 283 298 295 
154 295 298 282 299 
155 296 295 299 251 
156 109 281 300 211 
157 281 194 301 300 
158 210 304 303 267 
159 304 211 305 303 
160 303 305 145 306 
161 124 209 307 235 
162 209 126 308 307 
163 307 308 103 309 
164 235 307 309 127 
165 310 311 209 312 
166 263 310 312 124 
167 212 306 313 271 
168 306 145 314 313 
169 313 314 263 315 
170 271 313 315 262 
171 267 318 316 317 
172 318 303 319 316 
173 316 319 306 320 
174 317 316 320 212 
175 248 322 321 294 
176 322 289 323 321 
177 294 321 324 131 
178 192 330 329 291 
179 330 108 331 329 
180 289 334 333 323 
181 334 291 335 333 
182 333 335 191 336 
183 323 333 336 279 
184 131 324 337 284 
185 324 279 338 337 
186 337 338 278 339 
187 284 337 339 197 
188 321 342 340 341 
189 342 323 343 340 
190 340 343 279 344 
191 341 340 344 324 
192 145 346 345 314 
193 345 347 310 348 
194 314 345 348 263 
195 211 350 349 305 
196 350 300 351 349 
197 349 351 302 346 
198 305 349 346 145 
199 355 357 126 358 
200 311 355 358 209 
201 302 360 359 347 
202 360 207 361 359 
203 359 361 311 362 
204 347 359 362 310 
205 346 365 363 364 
206 365 302 366 363 
207 363 366 347 367 
208 364 363 367 345 
209 368 369 59 370 
210 280 368 370 194 
211 291 372 371 335 
212 372 329 373 371 
213 371 373 332 374 
214 191 374 375 376 
215 374 332 377 375 
216 375 377 368 378 
217 376 375 378 280 
218 335 381 379 380 
219 381 371 382 379 
220 379 382 374 383 
221 380 379 383 191 
222 194 370 384 301 
223 370 59 385 384 
224 387 356 388 386 
225 386 388 355 389 
226 361 386 389 311 
227 301 392 390 391 
228 392 384 393 390 
229 390 393 356 387 
230 391 390 387 207 
231 207 396 394 395 
232 396 387 397 394 
233 394 397 386 398 
234 395 394 398 361 
235 57 400 399 174 
236 400 42 401 399 
237 399 401 58 89 
238 174 399 89 55 
239 55 403 402 178 
240 403 89 404 402 
241 402 404 88 188 
242 178 402 188 82 
243 82 406 405 288 
244 406 188 407 405 
245 405 407 187 326 
246 288 405 326 108 
247 108 409 408 331 
248 409 326 410 408 
249 329 413 412 373 
250 413 331 414 412 
251 373 412 415 332 
252 75 123 416 227 
253 123 77 417 416 
254 416 417 53 418 
255 227 416 418 78 
256 103 206 419 231 
257 206 121 420 419 
258 419 420 123 421 
259 231 419 421 75 
260 126 354 422 308 
261 354 204 423 422 
262 422 423 206 424 
263 308 422 424 103 
264 425 427 354 428 
265 357 425 428 126 
266 356 430 429 388 
267 429 431 357 432 
268 388 429 432 355 
269 433 434 328 435 
270 369 433 435 59 
271 331 437 436 414 
272 437 408 438 436 
273 332 415 440 377 
274 415 193 441 440 
275 440 441 369 442 
276 377 440 442 368 
277 412 445 443 444 
278 445 414 446 443 
279 443 446 193 447 
280 444 443 447 415 
281 59 435 448 385 
282 435 328 449 448 
283 384 451 450 393 
284 451 385 452 450 
285 450 452 208 430 
286 393 450 430 356 
287 453 455 425 456 
288 431 453 456 357 
289 430 459 457 458 
290 459 208 460 457 
291 457 460 431 461 
292 458 457 461 429 
293 88 467 466 189 
294 467 90 468 466 
295 466 468 5 469 
296 189 466 469 91 
297 187 471 470 327 
298 471 189 472 470 
299 470 472 91 473 
300 327 470 473 190 
301 326 475 474 410 
302 475 187 476 474 
303 474 476 327 477 
304 410 474 477 325 
305 408 479 478 438 
306 479 410 480 478 
307 478 480 325 481 
308 438 478 481 411 
309 193 439 482 441 
310 439 411 483 482 
311 482 483 433 484 
312 441 482 484 369 
313 436 487 485 486 
314 487 438 488 485 
315 485 488 411 489 
316 486 485 489 439 
317 385 491 490 452 
318 491 448 492 490 
319 490 492 426 454 
320 452 490 454 208 
321 91 469 496 205 
322 469 5 497 496 
323 496 497 122 498 
324 205 496 498 121 
325 190 473 499 353 
326 473 91 500 499 
327 499 500 205 501 
328 353 499 501 204 
329 352 503 502 427 
330 503 353 504 502 
331 502 504 204 505 
332 427 502 505 354 
333 426 507 506 455 
334 507 352 508 506 
335 506 508 427 509 
336 455 506 509 425 
337 454 512 510 511 
338 512 426 513 510 
339 510 513 455 514 
340 511 510 514 453 
341 468 524 522 523 
342 522 525 518 526 
343 523 522 526 5 
344 5 526 527 528 
345 526 518 529 527 
346 528 527 530 497 
347 7 532 531 162 
348 532 16 533 531 
349 531 533 15 32 
350 162 531 32 13 
351 13 535 534 166 
352 535 32 536 534 
353 534 536 31 48 
354 166 534 48 26 
355 26 538 537 170 
356 538 48 539 537 
357 537 539 47 85 
358 170 537 85 42 
359 42 541 540 401 
360 541 85 542 540 
361 540 542 84 463 
362 401 540 463 58 
363 58 545 543 544 
364 545 463 546 543 
365 543 546 462 516 
366 544 543 516 90 
367 90 549 547 548 
368 549 516 550 547 
369 547 550 515 524 
370 548 547 524 468 
371 552 17 553 551 
372 551 553 8 554 
373 462 568 567 517 
374 568 464 569 567 
375 567 569 87 570 
376 517 567 570 465 
377 515 572 571 525 
378 572 517 573 571 
379 571 573 465 574 
380 525 571 574 518 
381 524 577 575 576 
382 577 515 578 575 
383 575 578 525 579 
384 576 575 579 522 
385 554 8 581 580 
386 580 581 29 582 
387 465 570 592 520 
388 570 87 593 592 
389 592 593 494 594 
390 520 592 594 493 
391 518 574 595 529 
392 574 465 596 595 
393 595 596 520 597 
394 529 595 597 519 
395 21 46 598 215 
396 46 28 599 598 
397 598 599 30 600 
398 215 598 600 9 
399 37 74 601 219 
400 74 44 602 601 
401 601 602 46 603 
402 219 601 603 21 
403 53 120 604 223 
404 120 72 605 604 
405 604 605 74 606 
406 223 604 606 37 
407 77 495 607 417 
408 495 118 608 607 
409 607 608 120 609 
410 417 607 609 53 
411 122 521 610 611 
412 521 493 612 610 
413 610 612 495 613 
414 611 610 613 77 
415 497 530 614 615 
416 530 519 616 614 
417 614 616 521 617 
418 615 614 617 122 
419 527 620 618 619 
420 620 529 621 618 
421 618 621 519 622 
422 619 618 622 530 
423 569 632 630 631 
424 631 630 634 87 
425 87 634 635 636 
426 636 635 638 593 
427 85 640 639 542 
428 640 47 641 639 
429 639 641 86 564 
430 542 639 564 84 
431 84 644 642 643 
432 644 564 645 642 
433 642 645 563 624 
434 643 642 624 464 
435 464 648 646 647 
436 648 624 649 646 
437 646 649 623 632 
438 647 646 632 569 
439 655 565 656 654 
440 654 656 50 657 
441 632 664 662 663 
442 664 623 665 662 
443 663 662 666 630 
444 657 50 671 670 
445 670 671 590 672 
446 118 591 676 608 
447 591 119 677 676 
448 676 677 72 678 
449 608 676 678 120 
450 494 629 679 680 
451 629 589 681 679 
452 679 681 591 682 
453 680 679 682 118 
454 593 638 683 684 
455 638 627 685 683 
456 683 685 629 686 
457 684 683 686 494 
458 635 689 687 688 
459 687 690 627 691 
460 688 687 691 638 
461 624 693 692 649 
462 693 563 694 692 
463 692 694 625 659 
464 649 692 659 623 
465 623 696 695 665 
466 696 659 697 695 
467 630 666 699 700 
468 699 701 626 702 
469 700 699 702 634 
470 662 705 703 704 
471 705 665 706 703 
472 704 703 707 666 
473 634 702 708 709 
474 702 626 710 708 
475 709 708 689 635 
476 627 675 711 685 
477 675 628 712 711 
478 711 712 589 713 
479 685 711 713 629 
480 714 716 675 717 
481 690 714 717 627 
482 689 720 718 719 
483 718 721 690 722 
484 719 718 722 687 
485 723 724 661 725 
486 701 723 725 626 
487 665 727 726 706 
488 727 695 728 726 
489 666 707 730 731 
490 707 633 732 730 
491 730 732 701 733 
492 731 730 733 699 
493 703 736 734 735 
494 736 706 737 734 
495 734 737 633 738 
496 735 734 738 707 
497 626 725 739 710 
498 725 661 740 739 
499 708 743 741 742 
500 743 710 744 741 
501 741 744 637 720 
502 742 741 720 689 
503 745 747 714 748 
504 721 745 748 690 
505 720 751 749 750 
506 751 637 752 749 
507 749 752 721 753 
508 750 749 753 718 
509 633 729 754 732 
510 729 698 755 754 
511 754 755 723 756 
512 732 754 756 701 
513 706 758 757 737 
514 758 726 759 757 
515 757 759 729 760 
516 737 757 760 633 
517 710 762 761 744 
518 762 739 763 761 
519 761 763 715 746 
520 744 761 746 637 
521 637 765 764 752 
522 765 746 766 764 
523 764 766 745 767 
524 752 764 767 721 
525 769 654 770 768 
526 768 770 657 771 
527 659 773 772 697 
528 773 625 774 772 
529 695 777 776 728 
530 777 697 778 776 
531 776 778 658 779 
532 726 781 780 759 
533 781 728 782 780 
534 780 782 698 783 
535 759 780 783 729 
536 771 657 785 784 
537 784 785 670 786 
538 787 789 628 790 
539 716 787 790 675 
540 792 673 793 791 
541 791 793 716 794 
542 747 791 794 714 
543 746 796 795 766 
544 796 715 797 795 
545 795 797 747 798 
546 766 795 798 745 
547 799 800 566 801 
548 724 799 801 661 
549 698 779 802 755 
550 779 658 803 802 
551 802 803 724 804 
552 755 802 804 723 
553 728 806 805 782 
554 806 776 807 805 
555 805 807 779 808 
556 782 805 808 698 
557 661 801 809 740 
558 801 566 810 809 
559 739 812 811 763 
560 812 740 813 811 
561 811 813 673 792 
562 763 811 792 715 
563 715 815 814 797 
564 815 792 816 814 
565 814 816 791 817 
566 797 814 817 747 
567 818 820 799 821 
568 803 818 821 724 
569 697 823 822 778 
570 823 772 824 822 
571 822 824 775 819 
572 778 822 819 658 
573 658 827 825 826 
574 827 819 828 825 
575 825 828 818 829 
576 826 825 829 803 
577 740 831 830 813 
578 831 809 832 830 
579 673 833 834 793 
580 833 788 835 834 
581 834 835 787 836 
582 793 834 836 716 
583 813 839 837 838 
584 839 830 840 837 
585 837 840 833 841 
586 838 837 841 673 
587 660 843 842 800 
588 843 768 844 842 
589 842 844 771 845 
590 800 842 845 566 
591 775 847 846 820 
592 847 660 848 846 
593 846 848 800 849 
594 820 846 849 799 
595 819 851 850 828 
596 851 775 852 850 
597 850 852 820 853 
598 828 850 853 818 
599 566 845 854 810 
600 845 771 855 854 
601 854 855 784 856 
602 810 854 856 674 
603 809 858 857 832 
604 858 810 859 857 
605 857 859 674 860 
606 832 857 860 788 
607 830 862 861 840 
608 862 832 863 861 
609 861 863 788 864 
610 840 861 864 833 
611 33 896 895 557 
612 896 551 897 895 
613 895 897 554 898 
614 557 895 898 18 
615 900 557 901 899 
616 899 901 18 902 
617 18 898 911 584 
618 898 554 912 911 
619 911 912 580 913 
620 584 911 913 45 
621 902 18 915 914 
622 914 915 584 916 
623 893 926 924 925 
624 926 907 927 924 
625 924 927 910 928 
626 925 924 928 879 
627 930 903 931 929 
628 929 931 906 932 
629 932 906 934 933 
630 933 934 917 935 
631 909 938 936 937 
632 938 929 939 936 
633 936 939 932 940 
634 937 936 940 868 
635 942 899 943 941 
636 941 943 902 944 
637 903 946 945 931 
638 946 905 947 945 
639 931 945 948 906 
640 944 902 950 949 
641 949 950 914 951 
642 906 948 952 934 
643 952 953 918 954 
644 934 952 954 917 
645 956 944 957 955 
646 955 957 949 958 
647 953 955 958 918 
648 948 961 959 960 
649 959 962 953 963 
650 960 959 963 952 
651 905 965 964 947 
652 965 941 966 964 
653 964 966 944 956 
654 945 969 967 968 
655 969 947 970 967 
656 967 970 558 961 
657 968 967 961 948 
658 558 972 971 962 
659 972 956 973 971 
660 971 973 955 974 
661 962 971 974 953 
662 961 977 975 976 
663 977 558 978 975 
664 975 978 962 979 
665 976 975 979 959 
666 565 986 985 656 
667 986 650 981 985 
668 985 981 653 987 
669 656 985 987 50 
670 981 994 992 993 
671 994 980 995 992 
672 992 995 984 996 
673 993 992 996 653 
674 997 1005 1003 1004 
675 1004 1003 1007 999 
676 1012 883 1013 1011 
677 1011 1013 887 1014 
678 999 1007 1015 1016 
679 1007 872 1017 1015 
680 1015 1017 1001 1018 
681 1016 1015 1018 1000 
682 1003 1021 1019 1020 
683 1019 1022 872 1023 
684 1020 1019 1023 1007 
685 48 1025 1024 539 
686 1025 31 1026 1024 
687 1024 1026 49 560 
688 539 1024 560 47 
689 560 1029 1027 1028 
690 1029 49 1030 1027 
691 1027 1030 561 870 
692 1028 1027 870 559 
693 559 1033 1031 1032 
694 1033 870 1034 1031 
695 1031 1034 869 998 
696 1032 1031 998 652 
697 998 1037 1035 1036 
698 1037 869 1038 1035 
699 1035 1038 884 1005 
700 1036 1035 1005 997 
701 1005 1041 1039 1040 
702 1041 884 1042 1039 
703 1039 1042 1006 1021 
704 1040 1039 1021 1003 
705 872 1014 1043 1017 
706 1014 887 1044 1043 
707 1043 1044 1008 1045 
708 1017 1043 1045 1001 
709 1006 1047 1046 1022 
710 1047 1011 1048 1046 
711 1046 1048 1014 1049 
712 1022 1046 1049 872 
713 1021 1052 1050 1051 
714 1052 1006 1053 1050 
715 1050 1053 1022 1054 
716 1051 1050 1054 1019 
717 883 1056 1055 1013 
718 1013 1055 1058 887 
719 870 1060 1059 1034 
720 1060 561 1061 1059 
721 1059 1061 871 885 
722 1034 1059 885 869 
723 885 1064 1062 1063 
724 1064 871 1065 1062 
725 1063 1062 1056 883 
726 1056 1074 1072 1073 
727 1074 886 1075 1072 
728 1072 1075 1057 1076 
729 1073 1072 1076 1055 
730 32 1081 1080 536 
731 1081 15 1082 1080 
732 1080 1082 33 556 
733 536 1080 556 31 
734 31 1084 1083 1026 
735 1084 556 1085 1083 
736 1083 1085 555 866 
737 1026 1083 866 49 
738 49 1087 1086 1030 
739 1087 866 1088 1086 
740 1086 1088 865 877 
741 1030 1086 877 561 
742 561 1090 1089 1061 
743 1090 877 1091 1089 
744 1089 1091 876 892 
745 1061 1089 892 871 
746 892 1094 1092 1093 
747 1094 876 1095 1092 
748 1098 893 1099 1096 
749 1096 1099 925 1100 
750 891 1103 1101 1102 
751 1102 1101 1104 1070 
752 877 1106 1105 1091 
753 1106 865 1107 1105 
754 1105 1107 878 908 
755 1091 1105 908 876 
756 876 1109 1108 1095 
757 1109 908 1110 1108 
758 1108 1110 907 926 
759 1095 1108 926 893 
760 1092 1113 1111 1112 
761 1113 1095 1114 1111 
762 1111 1114 893 1098 
763 1112 1111 1098 1078 
764 1078 1117 1115 1116 
765 1117 1098 1118 1115 
766 1115 1118 1096 1119 
767 871 1121 1120 1065 
768 1121 892 1093 1120 
769 1093 1124 1122 1123 
770 1124 1092 1112 1122 
771 1122 1112 1078 1103 
772 1123 1122 1103 891 
773 1103 1127 1125 1126 
774 1127 1078 1116 1125 
775 1125 1116 1097 1128 
776 1126 1125 1128 1101 
777 1077 1100 1133 1134 
778 1100 925 1135 1133 
779 1133 1135 879 1136 
780 1134 1133 1136 1079 
781 1097 1119 1137 1138 
782 1119 1096 1139 1137 
783 1137 1139 1100 1140 
784 1138 1137 1140 1077 
785 1116 1143 1141 1142 
786 1143 1115 1144 1141 
787 1141 1144 1119 1145 
788 1142 1141 1145 1097 
789 50 987 1146 671 
790 987 653 989 1146 
791 1146 989 667 1147 
792 671 1146 1147 590 
793 653 996 1148 1149 
794 996 984 1150 1148 
795 1148 1150 988 1151 
796 1149 1148 1151 989 
797 562 1154 1152 1153 
798 1152 1016 1000 1155 
799 1153 1152 1155 990 
800 983 1158 1156 1157 
801 1158 997 1004 1156 
802 1156 1004 999 1154 
803 1157 1156 1154 562 
804 1154 1161 1159 1160 
805 1161 999 1162 1159 
806 1159 1162 1016 1163 
807 1160 1159 1163 1152 
808 887 1058 1167 1044 
809 1044 1167 1168 1008 
810 44 585 1169 602 
811 585 45 1170 1169 
812 1169 1170 28 1171 
813 602 1169 1171 46 
814 73 875 1172 1173 
815 875 583 1174 1172 
816 1172 1174 585 1175 
817 1173 1172 1175 44 
818 587 890 1176 1177 
819 890 873 1178 1176 
820 1176 1178 875 1179 
821 1177 1176 1179 73 
822 881 1067 1180 1181 
823 1067 888 1182 1180 
824 1180 1182 890 1183 
825 1181 1180 1183 587 
826 1009 1166 1184 1185 
827 1166 1066 1186 1184 
828 1184 1186 1067 1187 
829 1185 1184 1187 881 
830 1188 1191 1166 1192 
831 1189 1188 1192 1009 
832 72 588 1193 605 
833 588 73 1173 1193 
834 1193 1173 44 1194 
835 605 1193 1194 74 
836 586 882 1195 1196 
837 882 587 1177 1195 
838 1195 1177 73 1197 
839 1196 1195 1197 588 
840 880 1010 1198 1199 
841 1010 881 1181 1198 
842 1198 1181 587 1200 
843 1199 1198 1200 882 
844 1008 1168 1201 1202 
845 1168 1009 1185 1201 
846 1201 1185 881 1203 
847 1202 1201 1203 1010 
848 1167 1206 1204 1205 
849 1204 1189 1009 1207 
850 1205 1204 1207 1168 
851 34 1210 1208 1209 
852 1210 1071 1211 1208 
853 1212 1215 1188 1216 
854 1213 1212 1216 1189 
855 1058 1219 1217 1218 
856 1219 34 1209 1217 
857 1218 1217 1206 1167 
858 1206 1222 1220 1221 
859 1222 1165 1213 1220 
860 1220 1213 1189 1223 
861 1221 1220 1223 1204 
862 1209 1226 1224 1225 
863 1226 1208 1227 1224 
864 1224 1227 1190 1214 
865 1225 1224 1214 1165 
866 1165 1230 1228 1229 
867 1230 1214 1231 1228 
868 1228 1231 1212 1232 
869 1229 1228 1232 1213 
870 1164 1234 1233 1191 
871 1234 1130 1235 1233 
872 1233 1235 1066 1236 
873 1191 1233 1236 1166 
874 1190 1238 1237 1215 
875 1238 1164 1239 1237 
876 1237 1239 1191 1240 
877 1215 1237 1240 1188 
878 1214 1242 1241 1231 
879 1242 1190 1243 1241 
880 1241 1243 1215 1244 
881 1231 1241 1244 1212 
882 1 1247 1245 1246 
883 1247 12 160 1245 
884 1245 160 10 62 
885 1246 1245 62 11 
886 16 1249 1248 533 
887 1249 2 1250 1248 
888 1248 1250 17 552 
889 533 1248 552 15 
890 20 94 1251 1252 
891 94 19 214 1251 
892 1251 214 22 1253 
893 1252 1251 1253 4 
894 10 1256 1254 1255 
895 1256 25 164 1254 
896 1254 164 23 66 
897 1255 1254 66 24 
898 28 582 1257 599 
899 582 29 1258 1257 
900 1257 1258 3 1259 
901 599 1257 1259 30 
902 36 97 1260 1261 
903 97 35 218 1260 
904 1260 218 38 1262 
905 1261 1260 1262 19 
906 23 1265 1263 1264 
907 1265 41 168 1263 
908 1263 168 39 70 
909 1264 1263 70 40 
910 52 100 1266 1267 
911 100 51 222 1266 
912 1266 222 54 1268 
913 1267 1266 1268 35 
914 70 1271 1269 1270 
915 1271 39 172 1269 
916 1269 172 56 112 
917 1270 1269 112 68 
918 56 1274 1272 1273 
919 1274 81 176 1272 
920 1272 176 79 116 
921 1273 1272 116 80 
922 89 1276 1275 404 
923 1276 58 544 1275 
924 1275 544 90 467 
925 404 1275 467 88 
926 98 135 1277 1278 
927 135 76 226 1277 
928 1277 226 51 1279 
929 1278 1277 1279 100 
930 102 138 1280 1281 
931 138 101 230 1280 
932 1280 230 104 1282 
933 1281 1280 1282 76 
934 116 1285 1283 1284 
935 1285 79 180 1283 
936 1283 180 106 141 
937 1284 1283 141 114 
938 121 498 1286 420 
939 498 122 611 1286 
940 1286 611 77 1287 
941 420 1286 1287 123 
942 136 154 1288 1289 
943 154 125 234 1288 
944 1288 234 101 1290 
945 1289 1288 1290 138 
946 183 1293 1291 1292 
947 1293 186 254 1291 
948 1291 254 128 201 
949 1292 1291 201 149 
950 188 1295 1294 407 
951 1295 88 1296 1294 
952 1294 1296 189 471 
953 407 1294 471 187 
954 204 501 1297 423 
955 501 205 1298 1297 
956 1297 1298 121 1299 
957 423 1297 1299 206 
958 158 245 1300 1301 
959 245 143 270 1300 
960 1300 270 239 1302 
961 1301 1300 1302 237 
962 250 1304 1303 260 
963 1304 196 296 1303 
964 1303 296 251 1305 
965 260 1303 1305 249 
966 265 1307 1306 276 
967 1307 267 317 1306 
968 1306 317 212 1308 
969 276 1306 1308 268 
970 279 336 1309 338 
971 336 191 376 1309 
972 1309 376 280 1310 
973 338 1309 1310 278 
974 300 1312 1311 351 
975 1312 301 391 1311 
976 1311 391 207 360 
977 351 1311 360 302 
978 325 477 1313 434 
979 477 327 1314 1313 
980 1313 1314 190 1315 
981 434 1313 1315 328 
982 328 1315 1316 449 
983 1315 190 1317 1316 
984 1316 1317 353 503 
985 449 1316 503 352 
986 411 481 1318 483 
987 481 325 1319 1318 
988 1318 1319 434 1320 
989 483 1318 1320 433 
990 414 1322 1321 446 
991 1322 436 486 1321 
992 1321 486 439 1323 
993 446 1321 1323 193 
994 448 1325 1324 492 
995 1325 449 1326 1324 
996 1324 1326 352 507 
997 492 1324 507 426 
998 208 1328 1327 460 
999 1328 454 511 1327 
1000 1327 511 453 1329 
1001 460 1327 1329 431 
1002 463 1331 1330 546 
1003 1331 84 643 1330 
1004 1330 643 464 568 
1005 546 1330 568 462 
1006 493 594 1332 612 
1007 594 494 680 1332 
1008 1332 680 118 1333 
1009 612 1332 1333 495 
1010 516 1335 1334 550 
1011 1335 462 1336 1334 
1012 1334 1336 517 572 
1013 550 1334 572 515 
1014 519 597 1337 616 
1015 597 520 1338 1337 
1016 1337 1338 493 1339 
1017 616 1337 1339 521 
1018 15 1341 1340 1082 
1019 1341 552 1342 1340 
1020 1340 1342 551 896 
1021 1082 1340 896 33 
1022 556 1344 1343 1085 
1023 1344 33 1345 1343 
1024 1343 1345 557 900 
1025 1085 1343 900 555 
1026 47 1347 1346 641 
1027 1347 560 1028 1346 
1028 1346 1028 559 651 
1029 641 1346 651 86 
1030 564 1349 1348 645 
1031 1349 86 1350 1348 
1032 1348 1350 565 655 
1033 645 1348 655 563 
1034 45 913 1351 1170 
1035 913 580 1352 1351 
1036 1351 1352 582 1353 
1037 1170 1351 1353 28 
1038 583 916 1354 1174 
1039 916 584 1355 1354 
1040 1354 1355 45 1356 
1041 1174 1354 1356 585 
1042 119 669 1357 677 
1043 669 586 1196 1357 
1044 1357 1196 588 1358 
1045 677 1357 1358 72 
1046 589 672 1359 681 
1047 672 590 1360 1359 
1048 1359 1360 119 1361 
1049 681 1359 1361 591 
1050 86 1363 1362 1350 
1051 1363 651 1364 1362 
1052 1362 1364 650 986 
1053 1350 1362 986 565 
1054 651 1366 1365 1364 
1055 1366 559 1032 1365 
1056 1365 1032 652 982 
1057 1364 1365 982 650 
1058 563 1368 1367 694 
1059 1368 655 1369 1367 
1060 1367 1369 654 769 
1061 694 1367 769 625 
1062 590 1147 1370 1360 
1063 1147 667 1371 1370 
1064 1370 1371 669 1372 
1065 1360 1370 1372 119 
1066 628 786 1373 712 
1067 786 670 1374 1373 
1068 1373 1374 672 1375 
1069 712 1373 1375 589 
1070 625 1377 1376 774 
1071 1377 769 1378 1376 
1072 1376 1378 768 843 
1073 774 1376 843 660 
1074 772 1380 1379 824 
1075 1380 774 1381 1379 
1076 1379 1381 660 847 
1077 824 1379 847 775 
1078 674 856 1382 789 
1079 856 784 1383 1382 
1080 1382 1383 786 1384 
1081 789 1382 1384 628 
1082 788 860 1385 835 
1083 860 674 1386 1385 
1084 1385 1386 789 1387 
1085 835 1385 1387 787 
1086 866 1389 1388 1088 
1087 1389 555 1390 1388 
1088 1388 1390 867 904 
1089 1088 1388 904 865 
1090 873 919 1391 1178 
1091 919 874 1392 1391 
1092 1391 1392 583 1393 
1093 1178 1391 1393 875 
1094 668 1002 1394 1395 
1095 1002 880 1199 1394 
1096 1394 1199 882 1396 
1097 1395 1394 1396 586 
1098 869 1398 1397 1038 
1099 1398 885 1063 1397 
1100 1397 1063 883 1012 
1101 1038 1397 1012 884 
1102 888 923 1399 1182 
1103 923 889 1400 1399 
1104 1399 1400 873 1401 
1105 1182 1399 1401 890 
1106 555 1403 1402 1390 
1107 1403 900 1404 1402 
1108 1402 1404 899 942 
1109 1390 1402 942 867 
1110 865 1406 1405 1107 
1111 1406 904 1407 1405 
1112 1405 1407 903 930 
1113 1107 1405 930 878 
1114 904 1409 1408 1407 
1115 1409 867 1410 1408 
1116 1408 1410 905 946 
1117 1407 1408 946 903 
1118 907 1412 1411 927 
1119 1412 909 937 1411 
1120 1411 937 868 1413 
1121 927 1411 1413 910 
1122 874 951 1414 1392 
1123 951 914 1415 1414 
1124 1414 1415 916 1416 
1125 1392 1414 1416 583 
1126 889 935 1417 1400 
1127 935 917 1418 1417 
1128 1417 1418 919 1419 
1129 1400 1417 1419 873 
1130 879 928 1420 1131 
1131 928 910 1421 1420 
1132 1420 1421 920 1422 
1133 1131 1420 1422 921 
1134 910 1413 1423 1421 
1135 1413 868 1424 1423 
1136 1423 1424 922 1425 
1137 1421 1423 1425 920 
1138 868 940 1426 1424 
1139 940 932 1427 1426 
1140 1426 1427 933 1428 
1141 1424 1426 1428 922 
1142 867 1430 1429 1410 
1143 1430 942 1431 1429 
1144 1429 1431 941 965 
1145 1410 1429 965 905 
1146 947 1433 1432 970 
1147 1433 964 1434 1432 
1148 1432 1434 956 972 
1149 970 1432 972 558 
1150 980 1436 1435 995 
1151 1436 983 1157 1435 
1152 1435 1157 562 1437 
1153 995 1435 1437 984 
1154 984 1437 1438 1150 
1155 1437 562 1153 1438 
1156 1438 1153 990 1439 
1157 1150 1438 1439 988 
1158 652 1442 1440 1441 
1159 1442 998 1036 1440 
1160 1440 1036 997 1158 
1161 1441 1440 1158 983 
1162 1001 1045 1443 1444 
1163 1045 1008 1202 1443 
1164 1443 1202 1010 1445 
1165 1444 1443 1445 880 
1166 884 1447 1446 1042 
1167 1447 1012 1448 1446 
1168 1446 1448 1011 1047 
1169 1042 1446 1047 1006 
1170 1055 1076 1449 1450 
1171 1076 1057 1451 1449 
1172 1449 1451 34 1219 
1173 1450 1449 1219 1058 
1174 1066 1132 1452 1186 
1175 1132 921 1453 1452 
1176 1452 1453 888 1454 
1177 1186 1452 1454 1067 
1178 1057 1456 1455 1451 
1179 1456 1068 1457 1455 
1180 1455 1457 1071 1210 
1181 1451 1455 1210 34 
1182 1070 1104 1458 1459 
1183 1104 1077 1134 1458 
1184 1458 1134 1079 1460 
1185 1459 1458 1460 894 
1186 1101 1128 1461 1462 
1187 1128 1097 1138 1461 
1188 1461 1138 1077 1463 
1189 1462 1461 1463 1104 
1190 1071 1465 1464 1211 
1191 1465 894 1466 1464 
1192 1464 1466 1130 1234 
1193 1211 1464 1234 1164 
1194 1208 1468 1467 1227 
1195 1468 1211 1469 1467 
1196 1467 1469 1164 1238 
1197 1227 1467 1238 1190 
1198 1217 1472 1470 1471 
1199 1472 1209 1225 1470 
1200 1470 1225 1165 1222 
1201 1471 1470 1222 1206 
1202 667 991 1473 1371 
1203 991 668 1395 1473 
1204 1473 1395 586 1474 
1205 1371 1473 1474 669 
1206 908 1476 1475 1110 
1207 1476 878 1477 1475 
1208 1475 1477 909 1412 
1209 1110 1475 1412 907 
1210 917 954 1478 1418 
1211 954 918 1479 1478 
1212 1478 1479 874 1480 
1213 1418 1478 1480 919 
1214 921 1422 1481 1453 
1215 1422 920 1482 1481 
1216 1481 1482 923 1483 
1217 1453 1481 1483 888 
1218 878 1485 1484 1477 
1219 1485 930 1486 1484 
1220 1484 1486 929 938 
1221 1477 1484 938 909 
1222 918 958 1487 1479 
1223 958 949 1488 1487 
1224 1487 1488 951 1489 
1225 1479 1487 1489 874 
1226 982 1492 1490 1491 
1227 1492 652 1441 1490 
1228 1490 1441 983 1436 
1229 1491 1490 1436 980 
1230 1000 1018 1493 1494 
1231 1018 1001 1444 1493 
1232 1493 1444 880 1495 
1233 1494 1493 1495 1002 
1234 990 1155 1496 1497 
1235 1155 1000 1494 1496 
1236 1496 1494 1002 1498 
1237 1497 1496 1498 668 
1238 886 1500 1499 1075 
1239 1500 1069 1501 1499 
1240 1499 1501 1068 1456 
1241 1075 1499 1456 1057 
1242 1069 1503 1502 1501 
1243 1503 891 1102 1502 
1244 1502 1102 1070 1504 
1245 1501 1502 1504 1068 
1246 1068 1504 1505 1457 
1247 1504 1070 1459 1505 
1248 1505 1459 894 1465 
1249 1457 1505 1465 1071 
1250 1120 1508 1506 1507 
1251 1508 1093 1123 1506 
1252 1506 1123 891 1503 
1253 1507 1506 1503 1069 
1254 1065 1511 1509 1510 
1255 1511 1120 1507 1509 
1256 1509 1507 1069 1500 
1257 1510 1509 1500 886 
1258 894 1460 1512 1466 
1259 1460 1079 1513 1512 
1260 1512 1513 1129 1514 
1261 1466 1512 1514 1130 
1262 1079 1136 1515 1513 
1263 1136 879 1516 1515 
1264 1515 1516 1131 1517 
1265 1513 1515 1517 1129 
1266 1130 1514 1518 1235 
1267 1514 1129 1519 1518 
1268 1518 1519 1132 1520 
1269 1235 1518 1520 1066 
1270 920 1425 1521 1482 
1271 1425 922 1522 1521 
1272 1521 1522 889 1523 
1273 1482 1521 1523 923 
1274 922 1428 1524 1522 
1275 1428 933 1525 1524 
1276 1524 1525 935 1526 
1277 1522 1524 1526 889 
1278 650 1529 1527 1528 
1279 1529 982 1491 1527 
1280 1527 1491 980 994 
1281 1528 1527 994 981 
1282 988 1439 1530 1531 
1283 1439 990 1497 1530 
1284 1530 1497 668 1532 
1285 1531 1530 1532 991 
1286 989 1151 1533 1534 
1287 1151 988 1531 1533 
1288 1533 1531 991 1535 
1289 1534 1533 1535 667 
1290 1062 1538 1536 1537 
1291 1538 1065 1510 1536 
1292 1536 1510 886 1074 
1293 1537 1536 1074 1056 
1294 1129 1517 1539 1519 
1295 1517 1131 1540 1539 
1296 1539 1540 921 1541 
1297 1519 1539 1541 1132 
