2 0.000000 100.000000 262.180540
1296 1084 
1 -11.368037 0.000000 -11.572610 99.756195 -6.978080 0.000188 0.000001 
2 13.641644 0.000000 -11.572610 99.754826 -6.997476 -0.001956 0.000001 
3 13.641644 0.000000 11.572610 99.757790 -6.956159 -0.001647 -0.000000 
4 -11.368037 0.000000 11.572610 99.756608 -6.973356 0.000200 -0.000001 
5 1.136804 0.000000 0.000000 101.406773 -6.536983 0.714558 -0.032658 
6 -11.368037 0.000000 0.000000 99.756380 -6.975720 0.000301 0.000000 
7 1.136804 0.000000 -11.572610 99.755491 -6.987037 -0.000125 0.000002 
8 13.641644 0.000000 0.000000 99.776072 -6.693599 -0.261027 -0.000014 
9 1.136804 0.000000 11.572610 99.757324 -6.965458 -0.000138 -0.000004 
10 -5.115617 0.000000 -5.786305 99.755887 -6.980249 0.000305 0.000004 
11 -11.368037 0.000000 -5.786305 99.756250 -6.977224 0.000255 0.000001 
12 -5.115617 0.000000 -11.572610 99.755957 -6.980823 0.000165 0.000002 
13 1.136804 0.000000 -5.786305 99.754566 -6.997408 -0.000571 0.000006 
14 -5.115617 0.000000 0.000000 99.756170 -6.976032 0.000635 0.000004 
15 7.389224 0.000000 -5.786305 99.752999 -7.021151 -0.004571 0.000004 
16 7.389224 0.000000 -11.572610 99.755019 -6.994066 -0.000929 0.000002 
17 13.641644 0.000000 -5.786305 99.752921 -7.024489 -0.008893 0.000001 
18 7.389224 0.000000 0.000000 99.855445 -5.554104 -0.086573 -0.000197 
19 -5.115617 0.000000 5.786305 99.756833 -6.971658 0.000445 -0.000003 
20 -11.368037 0.000000 5.786305 99.756531 -6.974218 0.000272 -0.000001 
21 1.136804 0.000000 5.786305 99.758651 -6.958493 -0.000660 -0.000021 
22 -5.115617 0.000000 11.572610 99.756858 -6.970881 0.000193 -0.000002 
23 -1.989406 0.000000 -2.893153 99.754629 -6.984363 0.000078 0.000023 
24 -5.115617 0.000000 -2.893153 99.755914 -6.978670 0.000454 0.000006 
25 -1.989406 0.000000 -5.786305 99.755382 -6.985331 0.000086 0.000007 
26 1.136804 0.000000 -2.893153 99.755268 -7.016282 -0.002440 -0.000034 
27 -1.989406 0.000000 0.000000 99.753607 -6.978351 0.001571 0.000052 
28 7.389224 0.000000 5.786305 99.758967 -6.939720 -0.003549 -0.000001 
29 13.641644 0.000000 5.786305 99.759160 -6.936150 -0.006255 -0.000000 
30 7.389224 0.000000 11.572610 99.757639 -6.959296 -0.000850 -0.000002 
31 4.263014 0.000000 -2.893153 99.748190 -7.072458 -0.010116 0.000028 
32 4.263014 0.000000 -5.786305 99.753452 -7.012880 -0.002230 0.000007 
33 7.389224 0.000000 -2.893153 99.748626 -7.081773 -0.021489 0.000006 
34 4.263014 0.000000 0.000000 99.838518 -5.731208 -3.774332 -0.001482 
35 -1.989406 0.000000 2.893153 99.757790 -6.969561 0.002199 -0.000019 
36 -5.115617 0.000000 2.893153 99.756591 -6.973340 0.000622 -0.000000 
37 1.136804 0.000000 2.893153 99.764919 -6.953616 -0.002470 -0.000139 
38 -1.989406 0.000000 5.786305 99.757479 -6.967635 0.000431 -0.000010 
39 -0.426301 0.000000 -1.446576 99.744332 -6.996321 -0.011729 0.000212 
40 -1.989406 0.000000 -1.446576 99.753084 -6.989061 0.001578 0.000048 
41 -0.426301 0.000000 -2.893153 99.748141 -6.982751 0.000495 0.000155 
42 1.136804 0.000000 -1.446576 99.743049 -7.052054 -0.016054 0.000159 
43 -0.426301 0.000000 0.000000 99.993187 -7.095166 0.015293 -0.004898 
44 4.263014 0.000000 2.893153 99.760182 -6.916165 -0.009420 0.000007 
45 7.389224 0.000000 2.893153 99.761066 -6.907130 -0.012007 0.000002 
46 4.263014 0.000000 5.786305 99.758806 -6.946556 -0.002252 -0.000007 
47 2.699909 0.000000 -1.446576 99.737668 -7.184480 -0.014973 0.000078 
48 2.699909 0.000000 -2.893153 99.749078 -7.048051 -0.004783 0.000045 
49 4.263014 0.000000 -1.446576 99.735503 -7.219772 -0.051939 0.000070 
50 2.699909 0.000000 0.000000 99.854148 -6.488001 0.268281 -0.001302 
51 -0.426301 0.000000 1.446576 99.750048 -6.973467 0.011921 0.000130 
52 -1.989406 0.000000 1.446576 99.755966 -6.978944 0.003053 0.000004 
53 1.136804 0.000000 1.446576 99.765407 -6.971208 -0.005461 -0.000173 
54 -0.426301 0.000000 2.893153 99.760080 -6.975929 0.003135 -0.000074 
55 0.355251 0.000000 -0.723288 99.784317 -7.087413 -0.131603 -0.000716 
56 -0.426301 0.000000 -0.723288 99.712508 -7.028628 0.016681 0.000801 
57 0.355251 0.000000 -1.446576 99.759678 -7.020641 -0.020437 -0.000128 
58 1.136804 0.000000 -0.723288 99.746499 -7.146463 -0.032780 -0.000044 
59 0.355251 0.000000 0.000000 70.728817 -0.038196 -0.002142 0.499743 
60 -8.241827 0.000000 -2.893153 99.756209 -6.977139 0.000363 0.000002 
61 -11.368037 0.000000 -2.893153 99.756306 -6.976528 0.000285 0.000001 
62 -8.241827 0.000000 -5.786305 99.756136 -6.978185 0.000298 0.000002 
63 -8.241827 0.000000 0.000000 99.756339 -6.975790 0.000409 0.000001 
64 -3.552511 0.000000 -1.446576 99.755561 -6.978711 0.000683 0.000013 
65 -5.115617 0.000000 -1.446576 99.756004 -6.977446 0.000553 0.000006 
66 -3.552511 0.000000 -2.893153 99.755507 -6.980462 0.000448 0.000011 
67 -3.552511 0.000000 0.000000 99.755872 -6.976463 0.000906 0.000009 
68 -1.207854 0.000000 -0.723288 99.749554 -6.984670 0.005144 0.000124 
69 -1.989406 0.000000 -0.723288 99.754280 -6.975696 -0.002052 0.000042 
70 -1.207854 0.000000 -1.446576 99.749897 -6.986563 -0.001060 0.000115 
71 -1.207854 0.000000 0.000000 99.752661 -6.982398 0.001653 0.000065 
72 2.699909 0.000000 1.446576 99.759551 -6.910734 -0.037457 0.000027 
73 4.263014 0.000000 1.446576 99.760038 -6.880427 -0.025978 0.000059 
74 2.699909 0.000000 2.893153 99.762017 -6.936236 -0.009013 -0.000057 
75 0.355251 0.000000 0.723288 99.826222 -7.070043 0.126746 -0.001528 
76 -0.426301 0.000000 0.723288 99.728433 -6.998293 -0.000959 0.000526 
77 1.136804 0.000000 0.723288 99.848148 -7.092252 -0.041036 -0.001995 
78 0.355251 0.000000 1.446576 99.773229 -6.980011 0.016273 -0.000342 
79 -0.035525 0.000000 -0.361644 99.141061 -7.185212 0.104257 0.011941 
80 -0.426301 0.000000 -0.361644 99.793340 -7.022867 0.064929 -0.000804 
81 -0.035525 0.000000 -0.723288 99.650917 -7.031712 -0.061237 0.002025 
82 0.355251 0.000000 -0.361644 100.421094 -7.464809 -0.642064 -0.014053 
83 -0.035525 0.000000 0.000000 168.517407 -7.437251 -0.022199 -1.845343 
84 1.918356 0.000000 -0.723288 99.741141 -7.334529 -0.000184 -0.000209 
85 1.918356 0.000000 -1.446576 99.754943 -7.116256 -0.001454 -0.000169 
86 2.699909 0.000000 -0.723288 99.662406 -7.548783 -0.105471 0.001041 
87 1.918356 0.000000 0.000000 101.653383 -8.616756 -1.223994 -0.040916 
88 0.746027 0.000000 -0.361644 99.721801 -7.554050 0.087497 -0.000151 
89 0.746027 0.000000 -0.723288 99.737505 -7.116657 0.003836 0.000178 
90 1.136804 0.000000 -0.361644 99.664257 -7.618732 -0.139384 0.000897 
91 0.746027 0.000000 0.000000 101.789347 -6.542417 -0.022836 -0.040387 
92 -8.241827 0.000000 2.893153 99.756496 -6.974438 0.000401 -0.000000 
93 -11.368037 0.000000 2.893153 99.756461 -6.974912 0.000297 -0.000000 
94 -8.241827 0.000000 5.786305 99.756618 -6.973384 0.000345 -0.000001 
95 -3.552511 0.000000 1.446576 99.756327 -6.974125 0.000973 0.000004 
96 -5.115617 0.000000 1.446576 99.756384 -6.974603 0.000661 0.000002 
97 -3.552511 0.000000 2.893153 99.756742 -6.972182 0.000866 -0.000002 
98 -1.207854 0.000000 0.723288 99.752797 -6.978184 0.001309 0.000068 
99 -1.989406 0.000000 0.723288 99.756276 -6.976230 0.008465 0.000002 
100 -1.207854 0.000000 1.446576 99.753633 -6.973727 0.003963 0.000058 
101 -0.035525 0.000000 0.361644 99.126541 -7.196277 -0.107541 0.012213 
102 -0.426301 0.000000 0.361644 99.767710 -7.023532 -0.099515 -0.000294 
103 0.355251 0.000000 0.361644 100.474022 -7.451563 0.651580 -0.015098 
104 -0.035525 0.000000 0.723288 99.682796 -7.027895 0.072377 0.001394 
105 0.159863 0.000000 -0.180822 98.279573 -8.515833 -4.917920 0.024442 
106 -0.035525 0.000000 -0.180822 97.587970 -7.276362 3.198763 0.041341 
107 0.159863 0.000000 -0.361644 99.290632 -7.286786 -0.854549 0.008754 
108 0.355251 0.000000 -0.180822 101.845750 -9.011695 -1.540560 -0.045614 
109 0.159863 0.000000 0.000000 119.633621 0.033646 0.040242 -0.431221 
110 -0.817078 0.000000 -0.361644 99.756082 -7.008233 0.013813 -0.000039 
111 -1.207854 0.000000 -0.361644 99.750926 -6.984040 0.002072 0.000098 
112 -0.817078 0.000000 -0.723288 99.744888 -6.989125 0.004452 0.000211 
113 -0.817078 0.000000 0.000000 99.768574 -7.005694 0.007477 -0.000285 
114 -0.230913 0.000000 -0.180822 100.394326 -7.126450 0.424133 -0.012999 
115 -0.426301 0.000000 -0.180822 99.914954 -7.094306 0.080003 -0.003333 
116 -0.230913 0.000000 -0.361644 99.588609 -7.061081 0.325560 0.003214 
117 -0.230913 0.000000 0.000000 101.300775 -7.196735 -0.028821 -0.031364 
118 1.918356 0.000000 0.723288 99.850493 -7.042800 -0.142127 -0.001974 
119 2.699909 0.000000 0.723288 99.743017 -6.917795 -0.098018 0.000347 
120 1.918356 0.000000 1.446576 99.777473 -6.949860 -0.037498 -0.000385 
121 0.746027 0.000000 0.361644 99.786629 -7.542383 -0.080812 -0.001427 
122 1.136804 0.000000 0.361644 100.033708 -7.583245 0.015467 -0.006425 
123 0.746027 0.000000 0.723288 99.809142 -7.103293 -0.024840 -0.001232 
124 0.159863 0.000000 0.180822 98.311572 -8.465751 4.929293 0.023887 
125 -0.035525 0.000000 0.180822 97.599288 -7.299898 -3.194368 0.041089 
126 0.355251 0.000000 0.180822 101.830491 -9.004355 1.570837 -0.045299 
127 0.159863 0.000000 0.361644 99.313651 -7.289241 0.865183 0.008292 
128 0.062169 0.000000 -0.090411 85.641210 -10.544941 -8.177941 0.248751 
129 -0.035525 0.000000 -0.090411 104.165307 -7.710589 19.394902 -0.128603 
130 0.062169 0.000000 -0.180822 95.845631 -7.877413 -1.717519 0.074861 
131 0.159863 0.000000 -0.090411 99.381866 -12.619669 -13.412700 -0.021591 
132 0.062169 0.000000 0.000000 201.371249 -0.772464 -0.007629 -3.055098 
133 -0.817078 0.000000 0.361644 99.759982 -6.990339 0.000075 -0.000092 
134 -1.207854 0.000000 0.361644 99.752127 -6.980340 0.001023 0.000079 
135 -0.817078 0.000000 0.723288 99.749008 -6.979138 -0.000381 0.000143 
136 -0.230913 0.000000 0.180822 100.371370 -7.130199 -0.461894 -0.012547 
137 -0.426301 0.000000 0.180822 99.898361 -7.020537 -0.088060 -0.002898 
138 -0.230913 0.000000 0.361644 99.590676 -7.041669 -0.324544 0.003201 
139 -0.133219 0.000000 -0.090411 103.612393 -7.320995 2.653829 -0.079617 
140 -0.230913 0.000000 -0.090411 100.931853 -7.178596 0.469399 -0.023899 
141 -0.133219 0.000000 -0.180822 100.158314 -7.389779 2.000512 -0.009030 
142 -0.133219 0.000000 0.000000 106.781744 -7.238008 -0.011215 -0.145473 
143 0.062169 0.000000 0.090411 85.522869 -10.532540 8.173284 0.250810 
144 -0.035525 0.000000 0.090411 104.158190 -7.734244 -19.412206 -0.128558 
145 0.159863 0.000000 0.090411 99.396162 -12.536132 13.416201 -0.021675 
146 0.062169 0.000000 0.180822 95.883687 -7.875627 1.741067 0.074126 
147 0.013322 0.000000 -0.045206 73.243463 -11.579096 -14.399690 0.429397 
148 -0.035525 0.000000 -0.045206 146.354910 -7.679184 30.133400 -1.238675 
149 0.013322 0.000000 -0.090411 75.429806 -9.106502 6.286271 0.418790 
150 0.062169 0.000000 -0.045206 198.085649 -0.637522 -19.568049 -2.962124 
151 0.013322 0.000000 0.000000 252.183103 -3.656229 0.007972 -5.360969 
152 -0.133219 0.000000 0.090411 103.624741 -7.352912 -2.648314 -0.079917 
153 -0.230913 0.000000 0.090411 100.917419 -7.185685 -0.520574 -0.023623 
154 -0.133219 0.000000 0.180822 100.123169 -7.330832 -2.011088 -0.008243 
155 0.013322 0.000000 0.045206 73.156910 -11.856590 14.383866 0.430059 
156 -0.035525 0.000000 0.045206 146.349939 -7.704055 -30.166703 -1.238769 
157 0.062169 0.000000 0.045206 198.087803 -0.659503 19.566880 -2.962208 
158 0.013322 0.000000 0.090411 75.439061 -9.160304 -6.316526 0.418514 
159 -1.989406 0.000000 -8.679458 99.755612 -6.984525 0.000096 0.000003 
160 -5.115617 0.000000 -8.679458 99.755918 -6.980814 0.000221 0.000003 
161 -1.989406 0.000000 -11.572610 99.755752 -6.983447 0.000074 0.000002 
162 1.136804 0.000000 -8.679458 99.755177 -6.990617 -0.000232 0.000004 
163 -0.426301 0.000000 -4.339729 99.754681 -6.992189 -0.000507 0.000011 
164 -1.989406 0.000000 -4.339729 99.755127 -6.985225 0.000056 0.000012 
165 -0.426301 0.000000 -5.786305 99.755050 -6.990272 -0.000200 0.000007 
166 1.136804 0.000000 -4.339729 99.753514 -7.007877 -0.000949 0.000013 
167 0.355251 0.000000 -2.169864 99.760808 -7.017192 -0.008924 -0.000146 
168 -0.426301 0.000000 -2.169864 99.751786 -6.994873 -0.005322 0.000065 
169 0.355251 0.000000 -2.893153 99.755063 -7.003282 -0.003273 -0.000012 
170 1.136804 0.000000 -2.169864 99.769385 -7.029191 -0.007509 -0.000334 
171 -0.035525 0.000000 -1.084932 99.729407 -7.025146 -0.034110 0.000469 
172 -0.426301 0.000000 -1.084932 99.740810 -7.000591 -0.017228 0.000276 
173 -0.035525 0.000000 -1.446576 99.734554 -7.005674 -0.011144 0.000394 
174 0.355251 0.000000 -1.084932 99.759540 -7.044611 -0.046388 -0.000159 
175 0.159863 0.000000 -0.542466 99.607041 -7.160431 -0.280112 0.002709 
176 -0.035525 0.000000 -0.542466 99.575147 -7.094143 -0.079493 0.003446 
177 0.159863 0.000000 -0.723288 99.695717 -7.056335 -0.135009 0.001095 
178 0.355251 0.000000 -0.542466 99.832018 -7.191366 -0.241652 -0.001821 
179 0.062169 0.000000 -0.271233 97.550821 -7.413108 -0.736424 0.042834 
180 -0.035525 0.000000 -0.271233 98.193187 -7.282582 0.853859 0.030433 
181 0.062169 0.000000 -0.361644 98.923133 -7.239601 -0.377794 0.016166 
182 0.159863 0.000000 -0.271233 98.749508 -7.566288 -2.104068 0.018686 
183 0.013322 0.000000 -0.135617 92.738826 -8.017142 2.848332 0.132712 
184 -0.035525 0.000000 -0.135617 98.558945 -7.449121 6.672503 0.018612 
185 0.013322 0.000000 -0.180822 95.844403 -7.522705 1.177966 0.075587 
186 0.062169 0.000000 -0.135617 93.574015 -8.541758 -3.512619 0.115860 
187 0.550639 0.000000 -0.180822 101.335648 -7.996703 -0.004033 -0.033286 
188 0.550639 0.000000 -0.361644 100.042506 -7.506274 0.131008 -0.006486 
189 0.746027 0.000000 -0.180822 101.918626 -7.994177 -0.033728 -0.045131 
190 0.550639 0.000000 0.000000 101.295069 -6.526242 -0.002828 -0.030328 
191 0.257557 0.000000 -0.090411 102.672366 -12.579676 -10.264166 -0.080522 
192 0.257557 0.000000 -0.180822 100.675310 -8.801052 -3.828534 -0.022763 
193 0.355251 0.000000 -0.090411 105.228020 -12.588599 -4.437597 -0.125110 
194 0.257557 0.000000 0.000000 85.064072 -0.083106 0.012481 0.276410 
195 0.111016 0.000000 -0.045206 148.678545 -0.242188 -13.783970 -1.229537 
196 0.111016 0.000000 -0.090411 92.415201 -12.401778 -15.377207 0.106917 
197 0.159863 0.000000 -0.045206 118.464280 -0.033100 -8.536742 -0.410666 
198 0.111016 0.000000 0.000000 151.956809 -0.251905 -0.012892 -1.309094 
199 0.037745 0.000000 -0.067808 74.129654 -11.653417 -14.511619 0.415841 
200 0.013322 0.000000 -0.067808 73.196738 -11.361699 -14.247767 0.431015 
201 0.037745 0.000000 -0.090411 82.735216 -9.865284 -4.912522 0.303343 
202 0.062169 0.000000 -0.067808 79.213633 -11.983086 -15.275260 0.334827 
203 0.037745 0.000000 -0.045206 73.767450 -11.697629 -14.502121 0.421122 
204 0.550639 0.000000 0.180822 101.273424 -7.989566 0.014060 -0.032014 
205 0.746027 0.000000 0.180822 101.821875 -7.992991 -0.003174 -0.043158 
206 0.550639 0.000000 0.361644 100.093440 -7.521118 -0.131815 -0.007528 
207 0.257557 0.000000 0.090411 102.655074 -12.586010 10.263367 -0.080181 
208 0.355251 0.000000 0.090411 105.321461 -12.603728 4.440642 -0.127118 
209 0.257557 0.000000 0.180822 100.672627 -8.776804 3.838959 -0.022675 
210 0.111016 0.000000 0.045206 148.666666 -0.236447 13.754577 -1.229102 
211 0.159863 0.000000 0.045206 118.459628 -0.001402 8.592269 -0.410651 
212 0.111016 0.000000 0.090411 92.338560 -12.455227 15.366231 0.108234 
213 -1.989406 0.000000 8.679458 99.757252 -6.967834 0.000176 -0.000006 
214 -5.115617 0.000000 8.679458 99.756882 -6.970986 0.000289 -0.000003 
215 1.136804 0.000000 8.679458 99.757698 -6.962782 -0.000261 -0.000008 
216 -1.989406 0.000000 11.572610 99.757080 -6.968573 0.000094 -0.000004 
217 -0.426301 0.000000 4.339729 99.758728 -6.963415 0.000432 -0.000029 
218 -1.989406 0.000000 4.339729 99.757535 -6.968250 0.000772 -0.000012 
219 1.136804 0.000000 4.339729 99.761213 -6.949234 -0.000970 -0.000059 
220 -0.426301 0.000000 5.786305 99.758086 -6.963867 0.000091 -0.000017 
221 0.355251 0.000000 2.169864 99.765742 -6.964887 0.006546 -0.000171 
222 -0.426301 0.000000 2.169864 99.758361 -6.968488 0.006223 -0.000029 
223 1.136804 0.000000 2.169864 99.782526 -6.955186 -0.001931 -0.000493 
224 0.355251 0.000000 2.893153 99.762759 -6.960985 0.001739 -0.000106 
225 -0.035525 0.000000 1.084932 99.749043 -6.989627 0.038386 0.000127 
226 -0.426301 0.000000 1.084932 99.748511 -6.982406 0.019559 0.000148 
227 0.355251 0.000000 1.084932 99.787867 -6.996481 0.043285 -0.000657 
228 -0.035525 0.000000 1.446576 99.744261 -6.974946 0.010538 0.000243 
229 0.159863 0.000000 0.542466 99.627293 -7.141207 0.287155 0.002332 
230 -0.035525 0.000000 0.542466 99.537120 -7.044626 0.076812 0.004273 
231 0.355251 0.000000 0.542466 99.879591 -7.178435 0.249914 -0.002753 
232 0.159863 0.000000 0.723288 99.735424 -7.049865 0.138663 0.000313 
233 0.062169 0.000000 0.271233 97.499167 -7.424573 0.752753 0.043822 
234 -0.035525 0.000000 0.271233 98.155470 -7.273391 -0.854272 0.031187 
235 0.159863 0.000000 0.271233 98.739663 -7.604769 2.118547 0.018816 
236 0.062169 0.000000 0.361644 98.910723 -7.238639 0.388072 0.016412 
237 0.013322 0.000000 0.135617 92.688253 -8.011783 -2.853107 0.133656 
238 -0.035525 0.000000 0.135617 98.540494 -7.464028 -6.677779 0.018947 
239 0.062169 0.000000 0.135617 93.535791 -8.584932 3.508965 0.116504 
240 0.013322 0.000000 0.180822 95.873896 -7.551631 -1.166335 0.074981 
241 0.037745 0.000000 0.067808 74.091539 -11.850084 14.509012 0.415951 
242 0.013322 0.000000 0.067808 73.124945 -11.643895 14.238335 0.431443 
243 0.037745 0.000000 0.045206 73.728123 -11.884130 14.498698 0.421272 
244 0.062169 0.000000 0.067808 79.171887 -12.150572 15.269005 0.335103 
245 0.037745 0.000000 0.090411 82.639110 -9.833481 4.912843 0.304994 
246 0.111016 0.000000 -0.135617 96.579351 -9.116844 -6.406971 0.054826 
247 0.111016 0.000000 -0.180822 97.067179 -8.213847 -3.727665 0.049660 
248 0.159863 0.000000 -0.135617 98.742780 -9.739219 -7.468865 0.009923 
249 0.086592 0.000000 -0.067808 91.749827 -12.419256 -15.281406 0.119421 
250 0.086592 0.000000 -0.090411 92.184648 -12.537890 -15.420977 0.110699 
251 0.111016 0.000000 -0.067808 92.428031 -12.378683 -15.359962 0.106790 
252 0.086592 0.000000 -0.045206 171.429218 -0.334263 -17.641389 -1.969931 
253 0.086592 0.000000 -0.113014 93.350072 -9.609746 -8.093575 0.112791 
254 0.062169 0.000000 -0.113014 90.544532 -9.214350 -5.546649 0.168602 
255 0.086592 0.000000 -0.135617 95.019695 -8.788097 -5.354262 0.086536 
256 0.111016 0.000000 -0.113014 95.952947 -10.014817 -8.958651 0.061248 
257 0.074381 0.000000 -0.079110 88.741534 -12.400398 -15.204561 0.173999 
258 0.062169 0.000000 -0.079110 80.187406 -12.083069 -15.287762 0.319026 
259 0.074381 0.000000 -0.090411 86.431084 -10.868173 -12.163576 0.226360 
260 0.086592 0.000000 -0.079110 91.881159 -12.443155 -15.316333 0.116843 
261 0.074381 0.000000 -0.067808 86.681215 -12.323815 -15.230385 0.210253 
262 0.111016 0.000000 0.135617 96.538483 -9.066070 6.444745 0.055659 
263 0.159863 0.000000 0.135617 98.713510 -9.713785 7.501188 0.010502 
264 0.111016 0.000000 0.180822 97.100810 -8.190373 3.739046 0.049037 
265 0.086592 0.000000 0.067808 91.699632 -12.319921 15.273244 0.120612 
266 0.086592 0.000000 0.045206 171.416463 -0.328044 17.611268 -1.969387 
267 0.111016 0.000000 0.067808 92.354269 -12.410766 15.349514 0.108105 
268 0.086592 0.000000 0.090411 92.142321 -12.416186 15.412865 0.111807 
269 0.086592 0.000000 0.113014 93.299235 -9.638190 8.110854 0.113657 
270 0.062169 0.000000 0.113014 90.487043 -9.253196 5.542239 0.169576 
271 0.111016 0.000000 0.113014 95.916916 -9.967300 8.992942 0.061973 
272 0.086592 0.000000 0.135617 94.993208 -8.795858 5.374860 0.087003 
273 0.074381 0.000000 0.079110 88.690359 -12.358542 15.195325 0.175039 
274 0.062169 0.000000 0.079110 80.144432 -12.229984 15.280423 0.319381 
275 0.074381 0.000000 0.067808 86.631687 -12.327851 15.221526 0.211128 
276 0.086592 0.000000 0.079110 91.829425 -12.349778 15.307887 0.118051 
277 0.074381 0.000000 0.090411 86.344568 -10.898997 12.165596 0.227783 
278 0.208710 0.000000 -0.045206 97.697583 -0.108326 -5.304154 0.042704 
279 0.208710 0.000000 -0.090411 100.555493 -12.681434 -12.724342 -0.043413 
280 0.257557 0.000000 -0.045206 84.205977 -0.066972 -4.073295 0.289276 
281 0.208710 0.000000 0.000000 98.798281 0.003963 0.027117 0.023890 
282 0.135439 0.000000 -0.067808 93.056501 -12.517650 -15.559772 0.094169 
283 0.135439 0.000000 -0.090411 94.268733 -12.544044 -15.164280 0.072610 
284 0.159863 0.000000 -0.067808 116.983909 -0.081820 -12.782398 -0.384863 
285 0.135439 0.000000 -0.045206 132.011043 -0.083790 -10.787341 -0.754329 
286 0.257557 0.000000 -0.271233 100.142191 -7.774491 -1.804623 -0.009216 
287 0.257557 0.000000 -0.361644 100.068033 -7.397841 -0.973604 -0.006929 
288 0.355251 0.000000 -0.271233 100.685438 -7.919009 -0.789832 -0.020089 
289 0.208710 0.000000 -0.135617 100.280594 -10.085212 -7.329523 -0.021163 
290 0.208710 0.000000 -0.180822 99.371549 -8.595268 -4.912038 0.002729 
291 0.257557 0.000000 -0.135617 101.322915 -10.151221 -6.355561 -0.040977 
292 0.135439 0.000000 -0.113014 97.165660 -10.397289 -9.253795 0.036510 
293 0.135439 0.000000 -0.135617 97.766141 -9.444236 -6.954832 0.030422 
294 0.159863 0.000000 -0.113014 98.486671 -10.863203 -9.817329 0.008599 
295 0.123228 0.000000 -0.079110 92.554597 -12.435390 -15.431493 0.104088 
296 0.111016 0.000000 -0.079110 92.428707 -12.434697 -15.399518 0.106517 
297 0.123228 0.000000 -0.090411 92.400584 -12.506956 -15.452612 0.106692 
298 0.135439 0.000000 -0.079110 94.216864 -12.550004 -15.364011 0.072963 
299 0.123228 0.000000 -0.067808 92.407388 -12.509507 -15.453931 0.106556 
300 0.208710 0.000000 0.045206 97.703793 -0.095308 5.347502 0.042536 
301 0.257557 0.000000 0.045206 84.219825 -0.080266 4.094850 0.289025 
302 0.208710 0.000000 0.090411 100.565953 -12.663754 12.725934 -0.043583 
303 0.135439 0.000000 0.067808 92.988993 -12.638437 15.552521 0.095144 
304 0.135439 0.000000 0.045206 131.832584 -0.208646 10.791257 -0.749632 
305 0.159863 0.000000 0.067808 116.967936 -0.046799 12.810687 -0.384561 
306 0.135439 0.000000 0.090411 94.224305 -12.611318 15.161201 0.073287 
307 0.257557 0.000000 0.271233 100.190497 -7.798515 1.825340 -0.010228 
308 0.355251 0.000000 0.271233 100.746372 -7.930195 0.811015 -0.021338 
309 0.257557 0.000000 0.361644 100.093731 -7.424531 0.982487 -0.007484 
310 0.208710 0.000000 0.135617 100.277018 -10.053862 7.326843 -0.021024 
311 0.257557 0.000000 0.135617 101.345113 -10.104842 6.353973 -0.041331 
312 0.208710 0.000000 0.180822 99.398978 -8.568263 4.905381 0.002237 
313 0.135439 0.000000 0.113014 97.133767 -10.358287 9.282502 0.037157 
314 0.159863 0.000000 0.113014 98.452919 -10.825623 9.845631 0.009289 
315 0.135439 0.000000 0.135617 97.731116 -9.411771 6.982168 0.031130 
316 0.123228 0.000000 0.079110 92.477459 -12.545209 15.422343 0.105269 
317 0.111016 0.000000 0.079110 92.350893 -12.478066 15.388320 0.107881 
318 0.123228 0.000000 0.067808 92.322115 -12.596279 15.441361 0.107953 
319 0.135439 0.000000 0.079110 94.175626 -12.619303 15.362617 0.073569 
320 0.123228 0.000000 0.090411 92.314872 -12.601847 15.439964 0.108077 
321 0.184287 0.000000 -0.067808 105.521365 -0.152444 -10.460786 -0.124421 
322 0.184287 0.000000 -0.090411 99.321268 -12.539993 -13.356791 -0.020037 
323 0.208710 0.000000 -0.067808 95.621663 -0.105526 -8.291641 0.078774 
324 0.184287 0.000000 -0.045206 106.932971 -0.137689 -6.900606 -0.148230 
325 0.184287 0.000000 0.067808 105.537133 -0.155801 10.477636 -0.124789 
326 0.184287 0.000000 0.045206 106.942130 -0.136396 6.939448 -0.148479 
327 0.208710 0.000000 0.067808 95.651839 -0.101316 8.314753 0.078158 
328 0.184287 0.000000 0.090411 99.339208 -12.525537 13.361348 -0.020369 
329 0.452945 0.000000 -0.090411 99.047326 -10.148541 0.005169 0.008663 
330 0.452945 0.000000 -0.180822 99.775700 -11.808742 0.003063 -0.009464 
331 0.550639 0.000000 -0.090411 100.889641 -7.481391 -0.003127 -0.023469 
332 0.452945 0.000000 0.000000 101.295068 -6.526241 -0.002829 -0.030328 
333 0.306404 0.000000 -0.135617 102.505517 -10.475285 -4.315020 -0.063573 
334 0.306404 0.000000 -0.180822 101.345543 -8.909774 -2.862161 -0.035850 
335 0.355251 0.000000 -0.135617 104.422215 -10.669227 -2.745608 -0.102537 
336 0.306404 0.000000 -0.090411 104.349495 -12.489589 -6.474776 -0.108673 
337 0.233134 0.000000 -0.113014 101.476831 -11.632219 -8.448008 -0.050422 
338 0.208710 0.000000 -0.113014 101.319182 -11.397090 -9.489989 -0.048553 
339 0.233134 0.000000 -0.135617 100.707617 -10.145212 -6.784386 -0.029098 
340 0.257557 0.000000 -0.113014 102.700669 -12.592188 -10.267166 -0.081141 
341 0.233134 0.000000 -0.090411 102.918895 -12.648887 -10.289322 -0.085816 
342 0.452945 0.000000 0.090411 99.014208 -10.135117 0.004696 0.009347 
343 0.550639 0.000000 0.090411 100.864687 -7.474112 0.000692 -0.022955 
344 0.452945 0.000000 0.180822 99.741073 -11.792553 0.004870 -0.008735 
345 0.306404 0.000000 0.135617 102.531998 -10.456244 4.340912 -0.064099 
346 0.306404 0.000000 0.090411 104.416258 -12.537698 6.480504 -0.110195 
347 0.355251 0.000000 0.135617 104.467629 -10.743933 2.751729 -0.103649 
348 0.306404 0.000000 0.180822 101.324489 -8.901061 2.884254 -0.035420 
349 0.233134 0.000000 0.113014 101.476808 -11.596829 8.444497 -0.050334 
350 0.208710 0.000000 0.113014 101.323188 -11.341984 9.486101 -0.048502 
351 0.233134 0.000000 0.090411 102.912760 -12.598122 10.288907 -0.085561 
352 0.257557 0.000000 0.113014 102.682591 -12.597713 10.266319 -0.080781 
353 0.233134 0.000000 0.135617 100.728436 -10.097989 6.788298 -0.029427 
354 0.306404 0.000000 -0.045206 75.233563 0.103112 -2.177077 0.433516 
355 0.355251 0.000000 -0.045206 69.978229 -0.045143 -1.133194 0.510176 
356 0.306404 0.000000 0.000000 75.824798 0.025190 -0.018723 0.425060 
357 0.281981 0.000000 -0.113014 103.704205 -12.483265 -8.454152 -0.098187 
358 0.281981 0.000000 -0.135617 102.267998 -10.299502 -5.235789 -0.059224 
359 0.306404 0.000000 -0.113014 104.336036 -12.501247 -6.474715 -0.108421 
360 0.281981 0.000000 -0.090411 103.516834 -12.490563 -8.779995 -0.094884 
361 0.281981 0.000000 -0.067808 77.823707 0.098117 -4.652017 0.392182 
362 0.257557 0.000000 -0.067808 83.268690 -0.095745 -6.255436 0.302719 
363 0.306404 0.000000 -0.067808 74.588382 0.055031 -3.223578 0.442618 
364 0.281981 0.000000 -0.045206 78.894307 0.055563 -3.192079 0.376550 
365 0.269769 0.000000 -0.101712 102.820031 -12.531953 -10.029977 -0.082961 
366 0.257557 0.000000 -0.101712 102.671090 -12.579111 -10.264031 -0.080494 
367 0.269769 0.000000 -0.113014 102.804288 -12.517228 -10.277488 -0.083103 
368 0.281981 0.000000 -0.101712 103.514917 -12.487715 -9.429290 -0.096019 
369 0.269769 0.000000 -0.090411 102.739295 -12.538549 -10.270873 -0.081807 
370 0.306404 0.000000 0.045206 75.364689 0.013964 2.164645 0.431548 
371 0.355251 0.000000 0.045206 69.981473 -0.044613 1.129773 0.510132 
372 0.281981 0.000000 0.113014 103.731095 -12.466186 8.456891 -0.098706 
373 0.281981 0.000000 0.090411 103.537228 -12.476343 8.782148 -0.095274 
374 0.306404 0.000000 0.113014 104.411050 -12.561779 6.480460 -0.110146 
375 0.281981 0.000000 0.135617 102.271523 -10.354674 5.248238 -0.059423 
376 0.281981 0.000000 0.067808 77.857786 0.134333 4.654832 0.391648 
377 0.257557 0.000000 0.067808 83.308499 -0.080069 6.275689 0.302030 
378 0.281981 0.000000 0.045206 78.959041 0.044495 3.224813 0.375507 
379 0.306404 0.000000 0.067808 74.707897 -0.020390 3.212997 0.440841 
380 0.269769 0.000000 0.101712 102.814280 -12.528411 10.029836 -0.082833 
381 0.257557 0.000000 0.101712 102.653833 -12.585482 10.263234 -0.080154 
382 0.269769 0.000000 0.090411 102.731167 -12.534699 10.270277 -0.081629 
383 0.281981 0.000000 0.101712 103.539850 -12.447081 9.430552 -0.096437 
384 0.269769 0.000000 0.113014 102.802158 -12.505666 10.277005 -0.083029 
385 0.746027 0.000000 -1.084932 99.771243 -7.058872 -0.028451 -0.000413 
386 0.746027 0.000000 -1.446576 99.764152 -7.036305 -0.014827 -0.000240 
387 1.136804 0.000000 -1.084932 99.771785 -7.079128 -0.017712 -0.000452 
388 0.550639 0.000000 -0.542466 99.822574 -7.212180 -0.017693 -0.001656 
389 0.550639 0.000000 -0.723288 99.792955 -7.112984 -0.069201 -0.000923 
390 0.746027 0.000000 -0.542466 99.784485 -7.228397 0.016074 -0.000919 
391 0.452945 0.000000 -0.271233 100.416983 -7.924328 0.054644 -0.014637 
392 0.452945 0.000000 -0.361644 100.335331 -7.480461 -0.076326 -0.012314 
393 0.550639 0.000000 -0.271233 101.339974 -11.169072 0.005479 -0.039454 
394 0.404098 0.000000 -0.135617 98.214200 -12.470216 0.000621 0.019846 
395 0.404098 0.000000 -0.180822 101.887204 -9.118152 0.133214 -0.046416 
396 0.452945 0.000000 -0.135617 99.188842 -10.738335 0.004684 0.004626 
397 0.404098 0.000000 -0.090411 101.244408 -12.434823 -1.528794 -0.040739 
398 0.330828 0.000000 -0.113014 104.308275 -12.533152 -6.475879 -0.107923 
399 0.330828 0.000000 -0.135617 102.837395 -10.586897 -4.006401 -0.070366 
400 0.355251 0.000000 -0.113014 105.139892 -12.579151 -4.686640 -0.123460 
401 0.330828 0.000000 -0.090411 104.302323 -12.533886 -6.475488 -0.107800 
402 0.746027 0.000000 1.084932 99.806515 -6.996886 0.011468 -0.001030 
403 1.136804 0.000000 1.084932 99.808621 -7.004086 -0.017534 -0.001082 
404 0.746027 0.000000 1.446576 99.782253 -6.978976 0.004080 -0.000520 
405 0.550639 0.000000 0.542466 99.865185 -7.210999 0.021608 -0.002505 
406 0.746027 0.000000 0.542466 99.860804 -7.212358 -0.021173 -0.002420 
407 0.550639 0.000000 0.723288 99.846966 -7.075796 0.066051 -0.001949 
408 0.452945 0.000000 0.271233 100.494373 -7.921595 -0.063169 -0.016187 
409 0.550639 0.000000 0.271233 101.289474 -11.154634 0.010545 -0.038398 
410 0.452945 0.000000 0.361644 100.382783 -7.489431 0.078054 -0.013280 
411 0.404098 0.000000 0.135617 98.195596 -12.452162 -0.000934 0.020257 
412 0.404098 0.000000 0.090411 101.260769 -12.389250 1.529417 -0.040958 
413 0.452945 0.000000 0.135617 99.154367 -10.724106 0.005493 0.005341 
414 0.404098 0.000000 0.180822 101.879589 -9.132932 -0.126572 -0.046288 
415 0.330828 0.000000 0.113014 104.412078 -12.613543 6.483326 -0.110302 
416 0.330828 0.000000 0.090411 104.405856 -12.614184 6.482916 -0.110173 
417 0.355251 0.000000 0.113014 105.235610 -12.602573 4.690292 -0.125536 
418 0.330828 0.000000 0.135617 102.862397 -10.570518 4.028820 -0.070864 
419 0.404098 0.000000 -0.045206 69.118067 -0.019975 0.742580 0.522214 
420 0.452945 0.000000 -0.045206 99.545272 -8.565994 -0.001901 0.001736 
421 0.404098 0.000000 0.000000 70.147644 0.004494 0.001783 0.507931 
422 0.379675 0.000000 -0.113014 104.571288 -12.625348 -2.227805 -0.109952 
423 0.379675 0.000000 -0.135617 104.141856 -10.793060 -1.077656 -0.096318 
424 0.404098 0.000000 -0.113014 100.898478 -12.571878 -1.855840 -0.034200 
425 0.379675 0.000000 -0.090411 104.261797 -12.630882 -2.221320 -0.103500 
426 0.330828 0.000000 -0.067808 71.672325 -0.034246 -3.030956 0.485389 
427 0.355251 0.000000 -0.067808 68.760023 -0.055663 -1.840778 0.526867 
428 0.330828 0.000000 -0.045206 72.229104 -0.066896 -1.955839 0.477913 
429 0.343039 0.000000 -0.101712 104.690397 -12.541194 -6.129089 -0.115493 
430 0.330828 0.000000 -0.101712 104.304557 -12.533611 -6.475634 -0.107847 
431 0.343039 0.000000 -0.113014 104.751657 -12.549439 -6.010349 -0.116652 
432 0.355251 0.000000 -0.101712 105.243348 -12.588617 -4.760728 -0.125730 
433 0.343039 0.000000 -0.090411 104.535461 -12.535288 -6.489938 -0.112692 
434 0.404098 0.000000 0.045206 69.185408 -0.002511 -0.751524 0.521281 
435 0.452945 0.000000 0.045206 99.508267 -8.555424 0.000805 0.002491 
436 0.330828 0.000000 0.067808 71.807703 -0.097892 3.043252 0.483438 
437 0.330828 0.000000 0.045206 72.302412 -0.083408 1.952697 0.476854 
438 0.355251 0.000000 0.067808 68.819110 -0.055842 1.837903 0.526055 
439 0.379675 0.000000 0.113014 104.641540 -12.595736 2.228774 -0.111347 
440 0.379675 0.000000 0.090411 104.325302 -12.595785 2.222340 -0.104736 
441 0.404098 0.000000 0.113014 100.919922 -12.521981 1.856064 -0.034508 
442 0.379675 0.000000 0.135617 104.196732 -10.825479 1.081861 -0.097532 
443 0.343039 0.000000 0.101712 104.794379 -12.603274 6.135508 -0.117835 
444 0.330828 0.000000 0.101712 104.408191 -12.613943 6.483070 -0.110221 
445 0.343039 0.000000 0.090411 104.639951 -12.605913 6.496936 -0.115064 
446 0.355251 0.000000 0.101712 105.336865 -12.605936 4.763928 -0.127746 
447 0.343039 0.000000 0.113014 104.853525 -12.605527 6.016311 -0.118936 
448 1.527580 0.000000 -0.361644 99.715187 -7.697380 -0.161538 -0.000239 
449 1.527580 0.000000 -0.723288 99.746195 -7.240239 -0.045023 -0.000173 
450 1.918356 0.000000 -0.361644 99.850819 -7.752533 -0.027485 -0.003029 
451 1.527580 0.000000 0.000000 101.521554 -7.459277 -1.058592 -0.036339 
452 0.941416 0.000000 -0.180822 102.024204 -8.051545 0.042063 -0.047377 
453 0.941416 0.000000 -0.361644 99.667389 -7.561152 -0.032050 0.000924 
454 1.136804 0.000000 -0.180822 101.700133 -8.722655 0.282262 -0.041908 
455 0.941416 0.000000 0.000000 101.874165 -6.779307 0.252472 -0.042437 
456 0.648333 0.000000 -0.090411 101.507196 -7.479772 -0.017058 -0.035966 
457 0.648333 0.000000 -0.180822 101.626913 -8.491410 0.001545 -0.040013 
458 0.746027 0.000000 -0.090411 101.920147 -6.878491 -0.029351 -0.043503 
459 0.648333 0.000000 0.000000 101.603362 -6.536330 -0.015308 -0.036597 
460 0.501792 0.000000 -0.135617 99.666612 -9.641864 -0.000211 -0.002640 
461 0.501792 0.000000 -0.180822 100.876208 -9.867256 0.005609 -0.027337 
462 0.550639 0.000000 -0.135617 101.320422 -7.208987 -0.010743 -0.031780 
463 0.501792 0.000000 -0.090411 99.639663 -8.539710 -0.001779 -0.000099 
464 0.428522 0.000000 -0.113014 98.203500 -12.314993 -1.229601 0.020290 
465 0.428522 0.000000 -0.135617 99.160491 -11.696340 0.003006 0.003039 
466 0.452945 0.000000 -0.113014 99.072565 -10.685694 0.002990 0.007044 
467 0.428522 0.000000 -0.090411 98.662455 -11.915289 -0.843522 0.012303 
468 0.379675 0.000000 -0.067808 67.953954 -0.029903 -0.359492 0.538213 
469 0.404098 0.000000 -0.067808 98.221141 -11.871797 0.002083 0.021167 
470 0.379675 0.000000 -0.045206 68.866972 -0.024558 -0.253753 0.525728 
471 0.391886 0.000000 -0.101712 102.934417 -12.640545 -2.041766 -0.075945 
472 0.379675 0.000000 -0.101712 104.578093 -12.624932 -2.227986 -0.110093 
473 0.391886 0.000000 -0.113014 102.828691 -12.637564 -2.005322 -0.073747 
474 0.404098 0.000000 -0.101712 100.962195 -12.579278 -1.879159 -0.035513 
475 0.391886 0.000000 -0.090411 102.614367 -12.630090 -1.921325 -0.069292 
476 0.379675 0.000000 0.067808 68.016467 -0.009079 0.368791 0.537362 
477 0.379675 0.000000 0.045206 68.943108 -0.023893 0.251572 0.524678 
478 0.404098 0.000000 0.067808 98.199923 -11.853998 -0.001309 0.021626 
479 1.527580 0.000000 0.361644 99.830820 -7.589128 -0.336490 -0.002390 
480 1.918356 0.000000 0.361644 99.963412 -7.406803 -0.367636 -0.004768 
481 1.527580 0.000000 0.723288 99.837823 -7.112748 -0.091941 -0.001819 
482 0.941416 0.000000 0.180822 101.927351 -8.053086 0.086648 -0.045404 
483 1.136804 0.000000 0.180822 101.551487 -8.719734 0.347578 -0.038886 
484 0.941416 0.000000 0.361644 99.807192 -7.560054 0.044696 -0.001863 
485 0.648333 0.000000 0.090411 101.464137 -7.476432 -0.004331 -0.035087 
486 0.746027 0.000000 0.090411 101.879614 -6.877432 -0.017210 -0.042676 
487 0.648333 0.000000 0.180822 101.546009 -8.487306 0.024270 -0.038363 
488 0.501792 0.000000 0.135617 99.625882 -9.629849 0.006050 -0.001805 
489 0.501792 0.000000 0.090411 99.609437 -8.528962 -0.001870 0.000522 
490 0.550639 0.000000 0.135617 101.269612 -7.202220 0.001765 -0.030741 
491 0.501792 0.000000 0.180822 100.819714 -9.857273 0.016401 -0.026178 
492 0.428522 0.000000 0.113014 98.216784 -12.286611 1.231051 0.020099 
493 0.428522 0.000000 0.090411 98.659994 -11.889718 0.847279 0.012412 
494 0.452945 0.000000 0.113014 99.039435 -10.671436 0.004840 0.007731 
495 0.428522 0.000000 0.135617 99.130564 -11.679599 0.002367 0.003672 
496 0.391886 0.000000 0.101712 102.973402 -12.591734 2.042543 -0.076625 
497 0.379675 0.000000 0.101712 104.648645 -12.595650 2.228957 -0.111496 
498 0.391886 0.000000 0.090411 102.650920 -12.584830 1.921968 -0.069928 
499 0.404098 0.000000 0.101712 100.984112 -12.528853 1.879383 -0.035830 
500 0.391886 0.000000 0.113014 102.866910 -12.589881 2.006051 -0.074413 
501 1.332192 0.000000 -0.180822 101.458766 -8.893019 -0.675098 -0.037342 
502 1.332192 0.000000 -0.361644 99.737540 -7.646085 -0.096682 -0.000605 
503 1.527580 0.000000 -0.180822 101.722731 -8.740653 -0.812346 -0.042457 
504 1.332192 0.000000 0.000000 101.128100 -6.999134 -0.939632 -0.027676 
505 1.332192 0.000000 0.180822 101.456210 -9.291147 -0.776881 -0.038029 
506 1.527580 0.000000 0.180822 101.745077 -9.511018 -0.928093 -0.044338 
507 1.332192 0.000000 0.361644 99.992763 -7.599174 -0.317937 -0.005640 
508 1.234498 0.000000 -0.090411 98.917497 -11.310342 -0.108659 0.008739 
509 1.136804 0.000000 -0.090411 100.642196 -8.281804 0.410460 -0.019761 
510 1.234498 0.000000 -0.180822 100.563057 -12.373946 0.017147 -0.026604 
511 1.332192 0.000000 -0.090411 99.962318 -9.706078 -0.503062 -0.008693 
512 1.234498 0.000000 0.000000 79.285387 -0.029567 0.175746 0.371380 
513 1.234498 0.000000 0.090411 99.412609 -11.384686 -0.093555 -0.001249 
514 1.136804 0.000000 0.090411 100.764784 -8.289528 0.425392 -0.022244 
515 1.332192 0.000000 0.090411 100.205358 -9.891056 -0.510401 -0.013921 
516 1.234498 0.000000 0.180822 100.743499 -12.384419 0.024731 -0.030263 
517 4.263014 0.000000 -8.679458 99.754693 -6.997524 -0.000890 0.000004 
518 4.263014 0.000000 -11.572610 99.755223 -6.990904 -0.000469 0.000002 
519 7.389224 0.000000 -8.679458 99.754384 -7.002460 -0.001800 0.000003 
520 2.699909 0.000000 -4.339729 99.752275 -7.024962 -0.002179 0.000013 
521 2.699909 0.000000 -5.786305 99.753921 -7.006055 -0.001220 0.000007 
522 4.263014 0.000000 -4.339729 99.751899 -7.031456 -0.004365 0.000012 
523 1.918356 0.000000 -2.169864 99.762994 -7.060405 -0.000548 -0.000250 
524 1.918356 0.000000 -2.893153 99.751087 -7.023626 -0.001521 0.000039 
525 2.699909 0.000000 -2.169864 99.746449 -7.089873 -0.006748 0.000038 
526 1.527580 0.000000 -1.084932 99.761602 -7.120930 -0.015036 -0.000309 
527 1.527580 0.000000 -1.446576 99.762886 -7.069408 -0.004849 -0.000261 
528 1.918356 0.000000 -1.084932 99.741309 -7.192863 0.002602 -0.000007 
529 1.332192 0.000000 -0.542466 99.732170 -7.307342 -0.072576 0.000009 
530 1.136804 0.000000 -0.542466 99.717171 -7.264282 -0.068358 0.000371 
531 1.332192 0.000000 -0.723288 99.744724 -7.199014 -0.034897 -0.000084 
532 1.527580 0.000000 -0.542466 99.719061 -7.339112 -0.065284 0.000224 
533 1.234498 0.000000 -0.271233 99.890963 -8.109831 -0.212527 -0.004402 
534 1.136804 0.000000 -0.271233 101.646386 -12.064089 0.029315 -0.047753 
535 1.234498 0.000000 -0.361644 99.745395 -7.636741 -0.143655 -0.000748 
536 1.332192 0.000000 -0.271233 101.543286 -12.670233 -0.056454 -0.047158 
537 10.515434 0.000000 -2.893153 99.748960 -7.080091 -0.030423 0.000002 
538 10.515434 0.000000 -5.786305 99.752919 -7.023728 -0.006789 0.000002 
539 13.641644 0.000000 -2.893153 99.749346 -7.075613 -0.038124 0.000000 
540 10.515434 0.000000 0.000000 99.795194 -6.419201 -0.294954 -0.000037 
541 5.826119 0.000000 -1.446576 99.738357 -7.227117 -0.076158 0.000002 
542 5.826119 0.000000 -2.893153 99.748450 -7.080387 -0.016588 0.000011 
543 7.389224 0.000000 -1.446576 99.739921 -7.205664 -0.095934 0.000002 
544 5.826119 0.000000 0.000000 99.895291 -4.981993 1.369348 -0.000576 
545 3.481461 0.000000 -0.723288 99.703371 -7.573298 -0.162421 0.000186 
546 3.481461 0.000000 -1.446576 99.733980 -7.213591 -0.037182 0.000110 
547 4.263014 0.000000 -0.723288 99.710992 -7.552055 -0.219406 0.000064 
548 3.481461 0.000000 0.000000 99.748152 -6.876251 -1.681006 0.000020 
549 2.309132 0.000000 -0.361644 99.103739 -8.117569 -0.145457 0.011253 
550 2.309132 0.000000 -0.723288 99.645833 -7.497872 -0.018116 0.001449 
551 2.699909 0.000000 -0.361644 99.637496 -8.102538 -0.154532 0.000669 
552 2.309132 0.000000 0.000000 131.477814 -5.947909 0.722688 -0.732232 
553 1.722968 0.000000 -0.180822 101.893132 -8.594895 -0.899162 -0.045689 
554 1.722968 0.000000 -0.361644 99.644850 -7.763865 -0.099625 0.001062 
555 1.918356 0.000000 -0.180822 101.567818 -8.855207 -0.825666 -0.039512 
556 1.722968 0.000000 0.000000 101.848602 -8.222671 -1.204736 -0.044220 
557 1.429886 0.000000 -0.090411 101.371759 -9.069736 -0.645479 -0.035891 
558 1.429886 0.000000 -0.180822 101.478199 -9.127240 -0.590335 -0.038148 
559 1.527580 0.000000 -0.090411 101.622464 -8.556760 -0.827405 -0.040103 
560 1.429886 0.000000 0.000000 101.127693 -6.997763 -0.939682 -0.027666 
561 1.283345 0.000000 -0.135617 99.414916 -10.695359 -0.380052 0.000214 
562 1.234498 0.000000 -0.135617 99.127931 -11.563673 -0.075005 0.003993 
563 1.283345 0.000000 -0.180822 100.153742 -11.506233 -0.263748 -0.016323 
564 1.332192 0.000000 -0.135617 100.064240 -9.323633 -0.516494 -0.010005 
565 1.283345 0.000000 -0.090411 99.129954 -10.413956 -0.410074 0.006463 
566 10.515434 0.000000 2.893153 99.761191 -6.906330 -0.015683 0.000001 
567 13.641644 0.000000 2.893153 99.761149 -6.907339 -0.019147 0.000000 
568 10.515434 0.000000 5.786305 99.759103 -6.937075 -0.004896 -0.000000 
569 5.826119 0.000000 1.446576 99.762543 -6.883863 -0.026206 0.000005 
570 7.389224 0.000000 1.446576 99.763169 -6.875236 -0.027959 0.000004 
571 5.826119 0.000000 2.893153 99.761545 -6.910383 -0.011142 -0.000012 
572 3.481461 0.000000 0.723288 99.750589 -6.912559 -0.055654 0.000203 
573 4.263014 0.000000 0.723288 99.756845 -6.904970 -0.042310 0.000089 
574 3.481461 0.000000 1.446576 99.758145 -6.890419 -0.027416 0.000083 
575 2.309132 0.000000 0.361644 99.253723 -7.097431 -0.211811 0.009828 
576 2.699909 0.000000 0.361644 99.739488 -6.886787 -0.172360 0.000458 
577 2.309132 0.000000 0.723288 99.766372 -7.000833 -0.165939 -0.000237 
578 1.722968 0.000000 0.180822 101.943513 -10.118072 -0.977761 -0.049581 
579 1.918356 0.000000 0.180822 101.807808 -11.781897 -1.000916 -0.050464 
580 1.722968 0.000000 0.361644 99.745723 -7.634008 -0.357675 -0.000762 
581 1.429886 0.000000 0.090411 101.368389 -9.391330 -0.671849 -0.036420 
582 1.527580 0.000000 0.090411 101.607678 -8.798965 -0.844046 -0.040225 
583 1.429886 0.000000 0.180822 101.452012 -9.531283 -0.694384 -0.038384 
584 4.263014 0.000000 8.679458 99.757957 -6.957029 -0.000911 -0.000005 
585 7.389224 0.000000 8.679458 99.758105 -6.952757 -0.001568 -0.000002 
586 4.263014 0.000000 11.572610 99.757512 -6.962097 -0.000474 -0.000003 
587 2.699909 0.000000 4.339729 99.760992 -6.941357 -0.003396 -0.000044 
588 4.263014 0.000000 4.339729 99.759530 -6.936396 -0.004083 -0.000008 
589 2.699909 0.000000 5.786305 99.758798 -6.952478 -0.001564 -0.000015 
590 1.918356 0.000000 2.169864 99.777391 -6.941170 -0.016418 -0.000371 
591 2.699909 0.000000 2.169864 99.761740 -6.925163 -0.016811 -0.000036 
592 1.918356 0.000000 2.893153 99.769898 -6.945722 -0.009755 -0.000228 
593 1.527580 0.000000 1.084932 99.797531 -6.989334 -0.047053 -0.000840 
594 1.918356 0.000000 1.084932 99.785600 -6.969966 -0.072879 -0.000575 
595 1.527580 0.000000 1.446576 99.785063 -6.963580 -0.027899 -0.000555 
596 1.332192 0.000000 0.542466 99.894411 -7.245675 -0.134666 -0.003141 
597 1.136804 0.000000 0.542466 99.902869 -7.228411 -0.044108 -0.003284 
598 1.527580 0.000000 0.542466 99.832281 -7.229643 -0.174758 -0.001878 
599 1.332192 0.000000 0.723288 99.839360 -7.101948 -0.075793 -0.001834 
600 1.234498 0.000000 0.271233 100.361159 -8.089406 -0.209934 -0.013784 
601 1.136804 0.000000 0.271233 101.684743 -12.067279 0.039808 -0.048541 
602 1.332192 0.000000 0.271233 101.500531 -12.912281 -0.052158 -0.046909 
603 1.234498 0.000000 0.361644 100.085793 -7.594944 -0.148506 -0.007487 
604 1.283345 0.000000 0.135617 99.801384 -10.917879 -0.408449 -0.007968 
605 1.234498 0.000000 0.135617 99.573195 -11.627792 -0.060515 -0.005003 
606 1.283345 0.000000 0.090411 99.570284 -10.602018 -0.446599 -0.002684 
607 1.332192 0.000000 0.135617 100.274848 -9.570767 -0.592986 -0.014700 
608 1.283345 0.000000 0.180822 100.383512 -11.810694 -0.269487 -0.021641 
609 2.113744 0.000000 -0.180822 100.843964 -7.438150 3.227935 -0.023525 
610 2.113744 0.000000 -0.361644 99.634454 -7.920932 0.405650 0.001007 
611 2.309132 0.000000 -0.180822 97.694135 -7.172664 -1.857545 0.040096 
612 2.113744 0.000000 0.000000 92.603025 0.215823 0.166384 0.142461 
613 2.113744 0.000000 0.180822 101.381560 -6.176238 -3.530872 -0.032883 
614 2.309132 0.000000 0.180822 97.771551 -5.318024 1.812692 0.040916 
615 2.113744 0.000000 0.361644 99.840942 -7.225601 -0.767935 -0.002101 
616 2.016050 0.000000 -0.090411 101.095927 -8.603381 -0.482597 -0.029464 
617 1.918356 0.000000 -0.090411 101.660646 -8.892035 -1.018589 -0.041499 
618 2.016050 0.000000 -0.180822 101.424234 -9.802198 -0.199871 -0.038300 
619 2.113744 0.000000 -0.090411 106.270547 -9.501748 11.126589 -0.150751 
620 2.016050 0.000000 0.000000 101.653399 -8.616629 -1.223985 -0.040916 
621 2.016050 0.000000 0.090411 101.334896 -10.439184 -0.402821 -0.037790 
622 1.918356 0.000000 0.090411 101.708371 -10.001047 -1.067473 -0.044575 
623 2.113744 0.000000 0.090411 107.646139 -7.361836 -11.262129 -0.176872 
624 2.016050 0.000000 0.180822 101.550141 -11.489737 -0.244788 -0.044451 
625 2.309132 0.000000 -1.084932 99.716123 -7.256583 -0.008223 0.000404 
626 2.309132 0.000000 -1.446576 99.744818 -7.153549 -0.006224 -0.000020 
627 2.699909 0.000000 -1.084932 99.716903 -7.298144 -0.033312 0.000328 
628 2.113744 0.000000 -0.542466 99.498287 -7.646736 0.040309 0.004162 
629 1.918356 0.000000 -0.542466 99.599532 -7.549098 -0.017720 0.002294 
630 2.113744 0.000000 -0.723288 99.695210 -7.406964 0.016965 0.000600 
631 2.309132 0.000000 -0.542466 99.529616 -7.743618 -0.022250 0.003389 
632 2.016050 0.000000 -0.271233 100.102597 -7.649769 0.265557 -0.007912 
633 1.918356 0.000000 -0.271233 101.724639 -11.365687 -0.354143 -0.047721 
634 2.016050 0.000000 -0.361644 99.858601 -7.780880 0.129197 -0.003230 
635 2.113744 0.000000 -0.271233 99.545277 -7.824124 1.042207 0.002843 
636 3.090685 0.000000 -0.361644 99.656179 -8.138779 -0.095164 0.000240 
637 3.090685 0.000000 -0.723288 99.694903 -7.574985 -0.131202 0.000353 
638 3.481461 0.000000 -0.361644 99.654428 -8.257152 -0.116604 0.000080 
639 3.090685 0.000000 0.000000 99.763469 -6.888318 -0.394229 -0.000035 
640 2.504521 0.000000 -0.180822 99.977829 -6.721571 -0.332387 -0.004086 
641 2.504521 0.000000 -0.361644 99.495874 -8.047481 -0.281579 0.003573 
642 2.699909 0.000000 -0.180822 99.817485 -6.538879 0.252907 -0.000635 
643 2.504521 0.000000 0.000000 100.729226 -6.334543 0.482051 -0.018674 
644 2.211438 0.000000 -0.090411 89.502438 -9.300290 16.186532 0.164081 
645 2.211438 0.000000 -0.180822 96.492139 -7.457576 2.666435 0.062654 
646 2.309132 0.000000 -0.090411 105.725793 -5.881311 -15.472768 -0.145194 
647 2.211438 0.000000 0.000000 136.925274 -0.797409 0.544587 -0.874946 
648 2.064897 0.000000 -0.135617 101.322111 -9.202908 -0.131457 -0.035088 
649 2.016050 0.000000 -0.135617 101.068359 -9.315131 -0.422489 -0.030176 
650 2.064897 0.000000 -0.180822 101.384431 -7.067976 1.429662 -0.033080 
651 2.113744 0.000000 -0.135617 103.452188 -8.060339 6.243893 -0.080631 
652 2.064897 0.000000 -0.090411 101.393295 -8.885768 2.595103 -0.036629 
653 3.090685 0.000000 0.361644 99.747595 -6.876734 -0.244114 0.000307 
654 3.481461 0.000000 0.361644 99.744715 -6.964693 -0.264643 0.000241 
655 3.090685 0.000000 0.723288 99.743648 -6.923250 -0.067106 0.000327 
656 2.504521 0.000000 0.180822 100.087388 -4.781979 0.402027 -0.004051 
657 2.699909 0.000000 0.180822 99.928957 -4.516437 -0.252450 -0.000626 
658 2.504521 0.000000 0.361644 99.614733 -6.873218 -0.052534 0.002966 
659 2.211438 0.000000 0.090411 89.577491 -7.155199 -16.134759 0.166435 
660 2.309132 0.000000 0.090411 105.535841 -3.775118 17.428350 -0.145581 
661 2.211438 0.000000 0.180822 96.676009 -5.807901 -2.934884 0.061140 
662 2.309132 0.000000 1.084932 99.762107 -6.943724 -0.076934 -0.000070 
663 2.699909 0.000000 1.084932 99.749938 -6.915013 -0.058624 0.000213 
664 2.309132 0.000000 1.446576 99.767882 -6.930404 -0.041957 -0.000166 
665 2.113744 0.000000 0.542466 99.668227 -7.097131 -0.284234 0.001579 
666 1.918356 0.000000 0.542466 99.734127 -7.204943 -0.214087 0.000115 
667 2.309132 0.000000 0.542466 99.680773 -7.032719 -0.249180 0.001422 
668 2.113744 0.000000 0.723288 99.820117 -7.006703 -0.178428 -0.001318 
669 2.016050 0.000000 0.271233 100.314347 -7.134650 -0.651799 -0.011430 
670 1.918356 0.000000 0.271233 101.806019 -14.527401 -0.441748 -0.057571 
671 2.113744 0.000000 0.271233 99.823371 -6.974939 -1.421326 -0.001538 
672 2.016050 0.000000 0.361644 100.035852 -7.270103 -0.489135 -0.006027 
673 2.064897 0.000000 0.135617 101.377133 -9.910508 -0.097370 -0.037555 
674 2.016050 0.000000 0.135617 101.328696 -11.539582 -0.338456 -0.040078 
675 2.064897 0.000000 0.090411 101.908322 -9.403569 -2.820512 -0.048169 
676 2.113744 0.000000 0.135617 104.536797 -6.345448 -6.596225 -0.101172 
677 2.064897 0.000000 0.180822 101.955353 -6.215506 -1.637761 -0.043621 
678 2.211438 0.000000 -0.271233 98.321937 -7.994164 0.857186 0.026816 
679 2.211438 0.000000 -0.361644 99.236685 -8.035670 0.282890 0.008743 
680 2.309132 0.000000 -0.271233 98.564029 -7.947005 -0.338873 0.022186 
681 2.162591 0.000000 -0.135617 98.576572 -8.096718 8.072877 0.015193 
682 2.162591 0.000000 -0.180822 98.684388 -7.574972 3.910616 0.018872 
683 2.211438 0.000000 -0.135617 93.819513 -7.630167 5.990228 0.110380 
684 2.162591 0.000000 -0.090411 98.752182 -9.756118 15.691462 -0.009340 
685 2.064897 0.000000 -0.045206 101.267605 -9.084246 -0.114789 -0.033766 
686 2.016050 0.000000 -0.045206 101.222631 -8.155603 -0.917715 -0.031338 
687 2.113744 0.000000 -0.045206 90.971244 0.466800 4.074001 0.170742 
688 2.064897 0.000000 0.000000 86.112542 0.216592 -0.058891 0.258458 
689 2.089321 0.000000 -0.113014 104.970613 -8.756262 5.463725 -0.112535 
690 2.064897 0.000000 -0.113014 102.246830 -8.636342 4.063071 -0.054551 
691 2.089321 0.000000 -0.135617 101.111155 -8.131210 -0.031330 -0.028958 
692 2.113744 0.000000 -0.113014 106.329322 -9.497372 10.990449 -0.151691 
693 2.089321 0.000000 -0.090411 104.782410 -8.751567 5.191014 -0.108289 
694 2.064897 0.000000 0.045206 101.346512 -9.714744 -0.081415 -0.036550 
695 2.016050 0.000000 0.045206 101.380554 -9.955012 -0.800227 -0.037776 
696 2.113744 0.000000 0.045206 90.644963 0.281318 -3.744758 0.176939 
697 2.211438 0.000000 0.271233 98.526528 -6.839603 -1.234708 0.024422 
698 2.309132 0.000000 0.271233 98.691134 -6.687369 0.005166 0.021534 
699 2.211438 0.000000 0.361644 99.414894 -7.157167 -0.652078 0.006503 
700 2.162591 0.000000 0.135617 99.156779 -6.169654 -8.495002 0.005770 
701 2.162591 0.000000 0.090411 99.367624 -7.520926 -15.754040 -0.017868 
702 2.211438 0.000000 0.135617 94.000494 -5.632876 -6.310264 0.109236 
703 2.162591 0.000000 0.180822 99.030924 -6.076145 -4.228981 0.013807 
704 2.089321 0.000000 0.113014 106.400309 -7.374522 -5.591740 -0.140668 
705 2.064897 0.000000 0.113014 103.083427 -8.325235 -4.223440 -0.071334 
706 2.089321 0.000000 0.090411 106.145812 -7.470100 -5.323303 -0.135107 
707 2.113744 0.000000 0.113014 107.714515 -7.357816 -11.125443 -0.178033 
708 2.089321 0.000000 0.135617 101.278785 -8.203964 -0.028499 -0.032470 
709 2.162591 0.000000 -0.045206 108.607793 0.131322 8.134687 -0.186184 
710 2.211438 0.000000 -0.045206 137.290955 -0.638831 10.790270 -0.896564 
711 2.162591 0.000000 0.000000 110.269787 -0.039257 0.370989 -0.215957 
712 2.138168 0.000000 -0.113014 102.438014 -9.736836 15.132709 -0.081735 
713 2.138168 0.000000 -0.135617 101.073905 -8.134038 7.865631 -0.034397 
714 2.162591 0.000000 -0.113014 98.773602 -9.130862 11.763618 0.002202 
715 2.138168 0.000000 -0.090411 102.115653 -9.758550 15.085152 -0.075040 
716 2.089321 0.000000 -0.067808 101.111053 -8.131801 -0.031561 -0.028957 
717 2.064897 0.000000 -0.067808 101.030675 -10.143584 -0.344685 -0.031021 
718 2.113744 0.000000 -0.067808 88.625065 0.663918 6.092419 0.210804 
719 2.089321 0.000000 -0.045206 86.628617 0.506339 2.007819 0.249120 
720 2.101533 0.000000 -0.101712 106.805055 -9.219546 7.944770 -0.155544 
721 2.089321 0.000000 -0.101712 105.762006 -8.882144 5.895115 -0.129925 
722 2.101533 0.000000 -0.113014 107.041007 -9.210826 7.357631 -0.159675 
723 2.113744 0.000000 -0.101712 106.250190 -9.516744 11.535340 -0.151274 
724 2.101533 0.000000 -0.090411 107.081098 -9.271766 7.937215 -0.161533 
725 2.162591 0.000000 0.045206 108.586159 0.612705 -7.619088 -0.184938 
726 2.211438 0.000000 0.045206 137.279867 0.270761 -10.359848 -0.895316 
727 2.089321 0.000000 0.067808 101.278635 -8.206183 -0.028687 -0.032470 
728 2.064897 0.000000 0.067808 101.255253 -12.688165 -0.147813 -0.041364 
729 2.089321 0.000000 0.045206 86.011262 0.205079 -1.750765 0.259896 
730 2.113744 0.000000 0.067808 87.992548 0.430058 -5.890724 0.222243 
731 2.138168 0.000000 0.113014 103.301176 -7.552114 -15.244154 -0.096055 
732 2.138168 0.000000 0.090411 102.948113 -7.548019 -15.190077 -0.088603 
733 2.162591 0.000000 0.113014 99.509394 -6.719148 -12.334639 -0.009941 
734 2.138168 0.000000 0.135617 101.860544 -6.266270 -8.278353 -0.048337 
735 2.101533 0.000000 0.101712 108.406635 -7.223951 -8.067602 -0.186927 
736 2.089321 0.000000 0.101712 107.306401 -7.274789 -6.018216 -0.160381 
737 2.101533 0.000000 0.090411 108.689208 -7.226569 -8.060370 -0.193054 
738 2.113744 0.000000 0.101712 107.611248 -7.368676 -11.675154 -0.177079 
739 2.101533 0.000000 0.113014 108.655793 -7.225208 -7.477055 -0.191419 
740 2.138168 0.000000 -0.067808 96.515372 0.527942 9.359896 0.059690 
741 2.162591 0.000000 -0.067808 106.502760 0.344653 12.063254 -0.148848 
742 2.138168 0.000000 -0.045206 98.325310 0.337941 6.276247 0.029263 
743 2.125956 0.000000 -0.101712 103.508919 -9.660783 15.009183 -0.103270 
744 2.125956 0.000000 -0.113014 104.266125 -9.638410 14.267101 -0.116787 
745 2.138168 0.000000 -0.101712 102.236308 -9.751037 15.102849 -0.077544 
746 2.125956 0.000000 -0.090411 104.172495 -9.642880 14.336412 -0.115043 
747 2.138168 0.000000 0.067808 96.207442 0.647788 -9.249768 0.065815 
748 2.138168 0.000000 0.045206 98.292446 0.456132 -5.845512 0.030422 
749 2.162591 0.000000 0.067808 106.247479 0.755043 -12.104493 -0.143562 
750 2.125956 0.000000 0.101712 104.482967 -7.529429 -15.138677 -0.120256 
751 2.125956 0.000000 0.090411 105.235145 -7.489767 -14.470269 -0.133992 
752 2.138168 0.000000 0.101712 103.080290 -7.550335 -15.210227 -0.091390 
753 2.125956 0.000000 0.113014 105.340098 -7.485820 -14.401835 -0.135999 
754 2.406827 0.000000 -0.090411 102.112127 -5.663403 -2.134170 -0.046352 
755 2.406827 0.000000 -0.180822 99.917251 -6.831154 -1.233863 -0.003164 
756 2.504521 0.000000 -0.090411 100.524440 -5.362776 -0.538665 -0.013421 
757 2.406827 0.000000 0.000000 104.224587 -6.567600 0.568518 -0.090622 
758 2.260285 0.000000 -0.135617 91.466578 -6.988320 -1.077867 0.158387 
759 2.260285 0.000000 -0.180822 95.886469 -7.310971 -0.050632 0.075233 
760 2.309132 0.000000 -0.135617 97.648566 -6.539413 -5.454170 0.039225 
761 2.260285 0.000000 -0.090411 74.693146 -8.389066 12.333569 0.419844 
762 2.187015 0.000000 -0.113014 95.619007 -8.700044 11.497848 0.064911 
763 2.187015 0.000000 -0.135617 96.289987 -7.903180 7.490109 0.060968 
764 2.211438 0.000000 -0.113014 91.076463 -8.221220 9.760249 0.154223 
765 2.187015 0.000000 -0.090411 93.125022 -9.544839 16.995631 0.094777 
766 2.150380 0.000000 -0.101712 101.203681 -9.798130 14.950825 -0.056172 
767 2.150380 0.000000 -0.113014 101.576887 -9.793886 15.005830 -0.063896 
768 2.162591 0.000000 -0.101712 98.939521 -9.760329 15.628705 -0.012855 
769 2.150380 0.000000 -0.090411 100.528588 -9.788789 15.144082 -0.043116 
770 2.406827 0.000000 0.090411 102.079019 -3.600000 4.258848 -0.045122 
771 2.504521 0.000000 0.090411 100.627168 -3.161068 2.951955 -0.014453 
772 2.406827 0.000000 0.180822 99.992082 -4.952628 1.289996 -0.002461 
773 2.260285 0.000000 0.135617 91.330622 -4.872901 1.158397 0.163363 
774 2.260285 0.000000 0.090411 74.279477 -6.936725 -12.181212 0.428606 
775 2.309132 0.000000 0.135617 97.593504 -4.324514 5.974737 0.042111 
776 2.260285 0.000000 0.180822 95.961880 -5.548625 -0.090286 0.076052 
777 2.187015 0.000000 0.113014 96.058441 -6.286892 -12.143640 0.058578 
778 2.187015 0.000000 0.090411 93.454511 -7.418903 -17.001865 0.092215 
779 2.211438 0.000000 0.113014 91.171641 -5.870066 -10.335956 0.154644 
780 2.187015 0.000000 0.135617 96.656255 -5.955083 -7.884388 0.055994 
781 2.150380 0.000000 0.101712 101.957744 -7.531341 -15.038673 -0.067826 
782 2.150380 0.000000 0.090411 101.243924 -7.528612 -15.224772 -0.053881 
783 2.162591 0.000000 0.101712 99.564998 -7.521340 -15.693069 -0.021603 
784 2.150380 0.000000 0.113014 102.357990 -7.539958 -15.099837 -0.076201 
785 2.260285 0.000000 -0.045206 168.031631 -3.137245 1.213495 -1.824594 
786 2.309132 0.000000 -0.045206 127.481069 -5.721055 -12.186041 -0.643265 
787 2.260285 0.000000 0.000000 155.771512 -3.358921 0.679902 -1.427651 
788 2.187015 0.000000 -0.067808 119.417350 0.076038 15.127940 -0.448936 
789 2.211438 0.000000 -0.067808 137.277134 -0.275588 17.924042 -0.916636 
790 2.187015 0.000000 -0.045206 121.617732 -0.185766 9.905752 -0.488903 
791 2.174803 0.000000 -0.101712 95.885608 -9.664936 16.503506 0.044017 
792 2.174803 0.000000 -0.113014 97.311020 -8.917182 11.764641 0.031264 
793 2.187015 0.000000 -0.101712 93.145125 -9.547876 16.999182 0.094385 
794 2.174803 0.000000 -0.090411 95.536828 -9.651289 16.612617 0.050359 
795 2.260285 0.000000 0.045206 168.549764 -2.204261 -0.401926 -1.841404 
796 2.309132 0.000000 0.045206 127.476203 -5.289299 14.493285 -0.648821 
797 2.187015 0.000000 0.067808 119.063197 0.754896 -15.397728 -0.441370 
798 2.187015 0.000000 0.045206 121.479608 0.536877 -9.400190 -0.484595 
799 2.211438 0.000000 0.067808 137.047529 0.511827 -18.464894 -0.912324 
800 2.174803 0.000000 0.101712 96.355050 -7.498544 -16.538880 0.038594 
801 2.174803 0.000000 0.090411 95.989586 -7.497227 -16.644994 0.045274 
802 2.187015 0.000000 0.101712 93.482376 -7.436921 -17.007068 0.091650 
803 2.174803 0.000000 0.113014 97.928369 -6.506299 -12.383867 0.021434 
804 2.235862 0.000000 -0.067808 77.792217 -8.593425 12.845400 0.370952 
805 2.235862 0.000000 -0.090411 78.817464 -8.659342 13.014114 0.354346 
806 2.260285 0.000000 -0.067808 73.408159 -8.324118 12.120896 0.439504 
807 2.235862 0.000000 -0.045206 153.807612 -1.530808 9.530480 -1.374995 
808 2.235862 0.000000 -0.113014 87.686543 -7.651099 5.388471 0.222350 
809 2.235862 0.000000 -0.135617 91.900092 -7.351698 3.081995 0.149083 
810 2.260285 0.000000 -0.113014 85.061313 -7.037939 -1.781911 0.271187 
811 2.223650 0.000000 -0.079110 83.818008 -8.962665 14.410097 0.268656 
812 2.211438 0.000000 -0.079110 89.083197 -9.276755 16.063148 0.172010 
813 2.223650 0.000000 -0.090411 83.796830 -8.956534 14.297329 0.269346 
814 2.235862 0.000000 -0.079110 78.691550 -8.651668 12.993387 0.356396 
815 2.223650 0.000000 -0.067808 146.859825 -0.628262 16.722729 -1.184785 
816 2.235862 0.000000 0.067808 77.377912 -6.892279 -12.696646 0.380395 
817 2.235862 0.000000 0.045206 153.888291 -0.497757 -9.022551 -1.376326 
818 2.260285 0.000000 0.067808 72.967720 -6.959682 -11.962327 0.448418 
819 2.235862 0.000000 0.090411 78.417950 -6.914440 -12.868388 0.363722 
820 2.235862 0.000000 0.113014 87.458201 -5.333069 -5.769423 0.228934 
821 2.260285 0.000000 0.113014 84.481611 -4.719207 1.882688 0.283704 
822 2.235862 0.000000 0.135617 91.906429 -5.297784 -3.251045 0.151457 
823 2.223650 0.000000 0.079110 83.590395 -7.012509 -14.297615 0.275905 
824 2.211438 0.000000 0.079110 89.130815 -7.145174 -16.005726 0.174846 
825 2.223650 0.000000 0.067808 146.666783 0.225284 -17.427863 -1.181493 
826 2.235862 0.000000 0.079110 78.289674 -6.911940 -12.847203 0.365790 
827 2.223650 0.000000 0.090411 83.560789 -7.009725 -14.183009 0.276730 
828 2.357979 0.000000 -0.045206 108.972021 -5.961952 -3.532468 -0.192292 
829 2.357979 0.000000 -0.090411 104.288690 -5.783967 -4.565263 -0.093043 
830 2.406827 0.000000 -0.045206 103.694203 -6.045825 -1.473947 -0.079121 
831 2.357979 0.000000 0.000000 110.747372 -6.409741 0.676523 -0.230652 
832 2.284709 0.000000 -0.067808 150.738999 -5.193637 -44.063943 -1.469085 
833 2.284709 0.000000 -0.090411 90.099142 -6.186680 -31.680653 0.084021 
834 2.309132 0.000000 -0.067808 118.050546 -5.625376 -17.578535 -0.427658 
835 2.284709 0.000000 -0.045206 153.599930 -4.793167 -15.289785 -1.384969 
836 2.248074 0.000000 -0.079110 76.231829 -8.482766 12.588198 0.395829 
837 2.248074 0.000000 -0.090411 76.526526 -8.503908 12.636758 0.391169 
838 2.260285 0.000000 -0.079110 73.898083 -8.346396 12.201915 0.432052 
839 2.248074 0.000000 -0.067808 75.700399 -8.447123 12.500468 0.404183 
840 2.357979 0.000000 0.045206 108.833506 -5.776375 5.842755 -0.191224 
841 2.406827 0.000000 0.045206 103.569593 -6.084663 3.698462 -0.077736 
842 2.357979 0.000000 0.090411 104.280829 -3.593429 6.556226 -0.093039 
843 2.284709 0.000000 0.067808 151.730627 -3.815308 47.094059 -1.525459 
844 2.284709 0.000000 0.045206 153.979764 -4.237158 17.177157 -1.402278 
845 2.309132 0.000000 0.067808 117.982438 -4.294119 20.124262 -0.434328 
846 2.284709 0.000000 0.090411 88.988908 -4.019647 33.747087 0.092595 
847 2.248074 0.000000 0.079110 75.820073 -6.887565 -12.438312 0.404917 
848 2.248074 0.000000 0.067808 75.288924 -6.893096 -12.350017 0.413154 
849 2.260285 0.000000 0.079110 73.474383 -6.959841 -12.046744 0.440795 
850 2.248074 0.000000 0.090411 76.114219 -6.889305 -12.487064 0.400324 
851 5.044566 0.000000 -0.723288 99.715165 -7.524947 -0.269527 0.000019 
852 5.044566 0.000000 -1.446576 99.736979 -7.220699 -0.064628 0.000039 
853 5.826119 0.000000 -0.723288 99.719520 -7.495579 -0.312037 -0.000026 
854 5.044566 0.000000 0.000000 99.951640 -4.142143 -4.815667 -0.003068 
855 3.872238 0.000000 -0.361644 99.651343 -8.365627 -0.227601 -0.000043 
856 3.872238 0.000000 -0.723288 99.708171 -7.566631 -0.192228 0.000099 
857 4.263014 0.000000 -0.361644 99.648341 -8.442521 -0.403536 -0.000123 
858 3.872238 0.000000 0.000000 99.790048 -6.378668 -3.236261 -0.000921 
859 5.044566 0.000000 0.723288 99.759032 -6.901565 -0.031414 0.000050 
860 5.826119 0.000000 0.723288 99.760839 -6.906047 -0.021872 0.000008 
861 5.044566 0.000000 1.446576 99.761344 -6.877383 -0.025598 0.000038 
862 3.872238 0.000000 0.361644 99.743541 -7.051788 -0.265025 0.000143 
863 4.263014 0.000000 0.361644 99.739549 -7.142505 -0.222560 0.000096 
864 3.872238 0.000000 0.723288 99.755035 -6.907978 -0.048463 0.000121 
865 3.676849 0.000000 -0.180822 99.813886 -5.997408 1.509810 -0.000106 
866 3.481461 0.000000 -0.180822 99.801658 -6.130453 1.225103 0.000055 
867 3.676849 0.000000 -0.361644 99.652424 -8.312824 -0.164529 0.000026 
868 3.872238 0.000000 -0.180822 99.830056 -5.806788 1.780991 -0.000293 
869 3.676849 0.000000 0.000000 99.766899 -6.666865 -2.540461 -0.000434 
870 4.653790 0.000000 -0.361644 99.648824 -8.456682 -0.627822 -0.000180 
871 4.653790 0.000000 -0.723288 99.713032 -7.541705 -0.245247 0.000037 
872 5.044566 0.000000 -0.361644 99.655337 -8.379378 -0.856163 -0.000213 
873 4.653790 0.000000 0.000000 99.882222 -5.118641 -4.088205 -0.001937 
874 4.067626 0.000000 -0.180822 99.850305 -5.541681 1.987044 -0.000474 
875 4.067626 0.000000 -0.361644 99.649719 -8.411933 -0.307932 -0.000092 
876 4.263014 0.000000 -0.180822 99.873951 -5.219468 2.036708 -0.000620 
877 4.067626 0.000000 0.000000 99.814439 -6.055072 -3.613476 -0.001264 
878 3.676849 0.000000 0.180822 99.915853 -4.540560 -2.259918 -0.000890 
879 3.481461 0.000000 0.180822 99.917202 -4.466714 -1.778751 -0.000656 
880 3.872238 0.000000 0.180822 99.913390 -4.617362 -2.744037 -0.001154 
881 3.676849 0.000000 0.361644 99.744107 -7.006173 -0.269373 0.000195 
882 3.774543 0.000000 -0.090411 99.931340 -4.336236 1.746875 -0.000813 
883 3.676849 0.000000 -0.090411 99.925836 -4.394626 1.021498 -0.000553 
884 3.774543 0.000000 -0.180822 99.822000 -5.910445 1.655820 -0.000211 
885 3.872238 0.000000 -0.090411 99.974535 -3.740271 -1.785052 -0.001208 
886 3.774543 0.000000 0.000000 99.777631 -6.531382 -2.925926 -0.000680 
887 3.286073 0.000000 -0.180822 99.794064 -6.224955 0.949038 0.000149 
888 3.090685 0.000000 -0.180822 99.803480 -6.324535 0.697642 -0.000122 
889 3.286073 0.000000 -0.361644 99.655021 -8.204798 -0.089317 0.000155 
890 3.286073 0.000000 0.000000 99.733618 -6.964197 -0.919427 0.000386 
891 3.579155 0.000000 -0.090411 99.928579 -4.334451 0.863108 -0.000525 
892 3.481461 0.000000 -0.090411 99.930710 -4.275597 0.628438 -0.000482 
893 3.579155 0.000000 -0.180822 99.807551 -6.068968 1.367002 -0.000025 
894 3.579155 0.000000 0.000000 99.757312 -6.781586 -2.110908 -0.000197 
895 4.653790 0.000000 0.361644 99.735996 -7.212599 -0.139037 0.000069 
896 5.044566 0.000000 0.361644 99.735173 -7.239598 -0.032088 0.000048 
897 4.653790 0.000000 0.723288 99.758002 -6.903608 -0.036849 0.000068 
898 4.067626 0.000000 0.180822 99.913440 -4.641379 -3.226029 -0.001465 
899 4.263014 0.000000 0.180822 99.922750 -4.519245 -3.671297 -0.001846 
900 4.067626 0.000000 0.361644 99.741838 -7.099410 -0.249750 0.000110 
901 3.774543 0.000000 0.090411 100.097423 -1.962035 -5.940075 -0.005863 
902 3.676849 0.000000 0.090411 100.156584 -1.095278 -6.150917 -0.007037 
903 3.872238 0.000000 0.090411 100.057813 -2.550436 -5.708419 -0.005066 
904 3.774543 0.000000 0.180822 99.915094 -4.581169 -2.507894 -0.001030 
905 3.725696 0.000000 -0.045206 99.867645 -5.235672 -2.217639 -0.000588 
906 3.676849 0.000000 -0.045206 99.840732 -5.611166 -1.948990 -0.000346 
907 3.725696 0.000000 -0.090411 99.929583 -4.350209 1.159791 -0.000619 
908 3.774543 0.000000 -0.045206 99.887758 -4.956529 -2.299806 -0.000742 
909 3.725696 0.000000 0.000000 99.772101 -6.601974 -2.741273 -0.000557 
910 3.969932 0.000000 -0.090411 100.082394 -2.212841 -0.764482 -0.002197 
911 3.969932 0.000000 -0.180822 99.839646 -5.684225 1.896671 -0.000386 
912 4.067626 0.000000 -0.090411 100.114059 -1.770054 -1.343361 -0.002776 
913 3.969932 0.000000 0.000000 99.802385 -6.217391 -3.462786 -0.001116 
914 3.823390 0.000000 -0.045206 99.900187 -4.796809 -2.413756 -0.000888 
915 3.823390 0.000000 -0.090411 99.538112 -9.974527 3.615430 -0.002040 
916 3.872238 0.000000 -0.045206 99.902556 -4.769630 -2.564232 -0.000985 
917 3.823390 0.000000 0.000000 99.784110 -6.456848 -3.091641 -0.000812 
918 3.286073 0.000000 0.180822 99.910684 -4.424974 -1.312044 -0.000345 
919 3.090685 0.000000 0.180822 99.889586 -4.406166 -0.921575 0.000181 
920 3.286073 0.000000 0.361644 99.742766 -6.928454 -0.251088 0.000331 
921 3.579155 0.000000 0.090411 100.244516 0.184824 -6.189773 -0.008731 
922 3.481461 0.000000 0.090411 100.364895 1.943161 -5.677215 -0.010912 
923 3.579155 0.000000 0.180822 99.917186 -4.499945 -2.018812 -0.000777 
924 3.725696 0.000000 0.045206 99.827928 -5.804056 -5.614611 -0.003083 
925 3.676849 0.000000 0.045206 99.807267 -6.089942 -5.120163 -0.002479 
926 3.774543 0.000000 0.045206 99.825811 -5.842792 -5.818311 -0.003318 
927 3.725696 0.000000 0.090411 100.123919 -1.571910 -6.052865 -0.006391 
928 3.750120 0.000000 -0.022603 99.855380 -5.415477 -2.938260 -0.000906 
929 3.725696 0.000000 -0.022603 99.861238 -5.327299 -2.875337 -0.000891 
930 3.750120 0.000000 -0.045206 99.880038 -5.062848 -2.260944 -0.000677 
931 3.774543 0.000000 -0.022603 99.850810 -5.484885 -2.988177 -0.000920 
932 3.750120 0.000000 0.000000 99.774813 -6.567619 -2.835939 -0.000619 
933 4.458402 0.000000 -0.180822 99.894850 -4.926394 1.850494 -0.000667 
934 4.458402 0.000000 -0.361644 99.647697 -8.461865 -0.512034 -0.000153 
935 4.653790 0.000000 -0.180822 99.902114 -4.833765 1.379037 -0.000570 
936 4.458402 0.000000 0.000000 99.860717 -5.414922 -3.894300 -0.001665 
937 4.165320 0.000000 -0.090411 100.123823 -1.640983 -1.595294 -0.003002 
938 4.165320 0.000000 -0.180822 99.861792 -5.385482 2.034574 -0.000552 
939 4.263014 0.000000 -0.090411 100.134723 -1.492839 -1.820173 -0.003250 
940 4.165320 0.000000 0.000000 99.826494 -5.895655 -3.711856 -0.001387 
941 4.458402 0.000000 0.180822 99.948341 -4.163020 -3.938092 -0.002251 
942 4.653790 0.000000 0.180822 99.984803 -3.652600 -3.764913 -0.002448 
943 4.458402 0.000000 0.361644 99.737354 -7.182636 -0.185144 0.000084 
944 4.360708 0.000000 -0.090411 100.142667 -1.377621 -1.995874 -0.003444 
945 4.360708 0.000000 -0.180822 99.885686 -5.052215 1.980929 -0.000660 
946 4.458402 0.000000 -0.090411 100.148238 -1.303095 -2.134199 -0.003592 
947 4.360708 0.000000 0.000000 99.850141 -5.561131 -3.827291 -0.001563 
948 4.165320 0.000000 0.090411 99.994927 -3.490209 -5.305820 -0.003932 
949 4.067626 0.000000 0.090411 100.010120 -3.257624 -5.379299 -0.004157 
950 4.263014 0.000000 0.090411 99.982637 -3.673197 -5.261654 -0.003771 
951 4.165320 0.000000 0.180822 99.916900 -4.609465 -3.463400 -0.001663 
952 4.214167 0.000000 -0.045206 99.887720 -5.022630 -2.980726 -0.001167 
953 4.165320 0.000000 -0.045206 99.874877 -5.202360 -3.115456 -0.001176 
954 4.214167 0.000000 -0.090411 100.129781 -1.559788 -1.711015 -0.003133 
955 4.263014 0.000000 -0.045206 99.893783 -4.939622 -3.166646 -0.001320 
956 4.214167 0.000000 0.000000 99.832506 -5.813554 -3.745076 -0.001435 
957 8.952329 0.000000 -1.446576 99.741156 -7.190556 -0.112029 -0.000001 
958 8.952329 0.000000 -2.893153 99.748790 -7.081447 -0.026103 0.000003 
959 10.515434 0.000000 -1.446576 99.742419 -7.173686 -0.124576 -0.000003 
960 8.952329 0.000000 0.000000 99.816418 -6.114571 -0.273246 -0.000078 
961 6.607671 0.000000 -0.723288 99.723210 -7.439983 -0.346752 -0.000019 
962 6.607671 0.000000 -1.446576 99.739313 -7.212066 -0.086564 0.000005 
963 7.389224 0.000000 -0.723288 99.726965 -7.391056 -0.369802 -0.000023 
964 6.607671 0.000000 0.000000 99.881899 -5.173450 0.262957 -0.000323 
965 5.435343 0.000000 -0.361644 99.666694 -8.226996 -1.043670 -0.000222 
966 5.435343 0.000000 -0.723288 99.717212 -7.505592 -0.291622 0.000006 
967 5.826119 0.000000 -0.361644 99.681151 -8.044183 -1.166161 -0.000240 
968 5.435343 0.000000 0.000000 99.844012 -5.691107 2.740251 -0.000872 
969 4.849178 0.000000 -0.180822 99.880951 -5.145447 0.781978 -0.000329 
970 4.849178 0.000000 -0.361644 99.651377 -8.428928 -0.744626 -0.000200 
971 5.044566 0.000000 -0.180822 100.081680 -2.282231 1.149582 -0.002287 
972 4.849178 0.000000 0.000000 99.909812 -4.733130 -4.419090 -0.002390 
973 4.556096 0.000000 -0.090411 100.152264 -1.251431 -2.234608 -0.003704 
974 4.556096 0.000000 -0.180822 99.901133 -4.842372 1.647812 -0.000640 
975 4.653790 0.000000 -0.090411 100.153920 -1.233139 -2.295961 -0.003760 
976 4.556096 0.000000 0.000000 99.871360 -5.268649 -3.978505 -0.001788 
977 8.952329 0.000000 1.446576 99.763247 -6.875628 -0.030038 0.000002 
978 10.515434 0.000000 1.446576 99.763257 -6.876300 -0.032436 0.000001 
979 8.952329 0.000000 2.893153 99.761159 -6.906372 -0.013860 0.000001 
980 6.607671 0.000000 0.723288 99.762085 -6.890308 -0.015169 0.000005 
981 7.389224 0.000000 0.723288 99.762655 -6.881715 -0.008807 0.000005 
982 6.607671 0.000000 1.446576 99.763069 -6.875216 -0.027003 0.000006 
983 5.435343 0.000000 0.361644 99.737050 -7.221902 0.073687 0.000036 
984 5.826119 0.000000 0.361644 99.741608 -7.180277 0.158323 0.000003 
985 5.435343 0.000000 0.723288 99.759782 -6.899006 -0.026461 0.000039 
986 5.239954 0.000000 -0.180822 99.926502 -4.506956 -7.024779 -0.005497 
987 5.239954 0.000000 -0.361644 99.660518 -8.310759 -0.957279 -0.000220 
988 5.435343 0.000000 -0.180822 99.892079 -5.003684 -5.501406 -0.003373 
989 5.239954 0.000000 0.000000 99.825098 -5.957298 -4.098345 -0.001734 
990 2.895297 0.000000 -0.180822 99.796197 -6.480533 0.478769 -0.000151 
991 2.895297 0.000000 -0.361644 99.655192 -8.122968 -0.117491 0.000285 
992 2.895297 0.000000 0.000000 99.774312 -6.769337 -0.013990 -0.000074 
993 3.188379 0.000000 -0.090411 99.887191 -4.648279 -0.159993 0.000092 
994 3.090685 0.000000 -0.090411 99.867540 -4.799565 -0.187963 0.000340 
995 3.188379 0.000000 -0.180822 99.802338 -6.258192 0.811855 -0.000033 
996 3.286073 0.000000 -0.090411 99.913658 -4.440733 0.037527 -0.000246 
997 3.188379 0.000000 0.000000 99.751078 -6.923567 -0.617203 0.000141 
998 4.849178 0.000000 0.180822 100.023397 -3.109541 -2.957337 -0.002310 
999 5.044566 0.000000 0.180822 100.018376 -3.188449 -1.885327 -0.001740 
1000 4.849178 0.000000 0.361644 99.735233 -7.231964 -0.086829 0.000057 
1001 4.751484 0.000000 -0.090411 100.153089 -1.249811 -2.318572 -0.003758 
1002 4.751484 0.000000 -0.180822 99.895818 -4.928584 1.069729 -0.000461 
1003 4.849178 0.000000 -0.090411 100.149669 -1.302971 -2.304837 -0.003697 
1004 4.751484 0.000000 0.000000 99.894492 -4.947947 -4.233043 -0.002131 
1005 4.946872 0.000000 -0.090411 100.143612 -1.393354 -2.258981 -0.003579 
1006 4.946872 0.000000 -0.180822 99.870355 -5.300748 0.605143 -0.000255 
1007 5.044566 0.000000 -0.090411 100.134936 -1.520849 -2.186902 -0.003410 
1008 4.946872 0.000000 0.000000 99.929721 -4.452192 -4.634378 -0.002725 
1009 5.826119 0.000000 -4.339729 99.751621 -7.037547 -0.006596 0.000009 
1010 5.826119 0.000000 -5.786305 99.753151 -7.017879 -0.003388 0.000006 
1011 7.389224 0.000000 -4.339729 99.751569 -7.040643 -0.008722 0.000005 
1012 5.044566 0.000000 -2.169864 99.744358 -7.122771 -0.025952 0.000033 
1013 4.263014 0.000000 -2.169864 99.744035 -7.119594 -0.020245 0.000044 
1014 5.044566 0.000000 -2.893153 99.748245 -7.087290 -0.013590 0.000006 
1015 5.826119 0.000000 -2.169864 99.744804 -7.131112 -0.031774 0.000012 
1016 5.435343 0.000000 -1.084932 99.730614 -7.315950 -0.130194 0.000026 
1017 5.044566 0.000000 -1.084932 99.729625 -7.321060 -0.119972 0.000039 
1018 5.435343 0.000000 -1.446576 99.737575 -7.218974 -0.070372 0.000030 
1019 5.826119 0.000000 -1.084932 99.731811 -7.320172 -0.140035 -0.000004 
1020 5.239954 0.000000 -0.542466 99.702015 -7.717734 -0.467407 -0.000027 
1021 5.044566 0.000000 -0.542466 99.700334 -7.736411 -0.445002 -0.000021 
1022 5.239954 0.000000 -0.723288 99.716220 -7.515143 -0.280710 0.000012 
1023 5.435343 0.000000 -0.542466 99.703757 -7.697376 -0.488498 -0.000033 
1024 5.142260 0.000000 -0.271233 99.566924 -9.646340 -2.173688 -0.001135 
1025 5.044566 0.000000 -0.271233 99.550072 -9.884640 -1.991660 -0.001189 
1026 5.142260 0.000000 -0.361644 99.657773 -8.347222 -0.908391 -0.000217 
1027 5.239954 0.000000 -0.271233 99.584114 -9.403323 -2.308656 -0.001075 
1028 5.142260 0.000000 -0.180822 100.098254 -2.048267 -8.944751 -0.010386 
1029 4.653790 0.000000 -1.084932 99.728522 -7.325403 -0.109229 0.000055 
1030 4.263014 0.000000 -1.084932 99.727096 -7.328429 -0.097620 0.000079 
1031 4.653790 0.000000 -1.446576 99.736224 -7.221159 -0.058488 0.000054 
1032 4.849178 0.000000 -0.542466 99.698691 -7.753170 -0.421625 -0.000012 
1033 4.653790 0.000000 -0.542466 99.697017 -7.768821 -0.397388 -0.000001 
1034 4.849178 0.000000 -0.723288 99.714175 -7.533133 -0.257569 0.000027 
1035 4.946872 0.000000 -0.271233 99.534207 -10.108120 -1.758389 -0.001232 
1036 4.849178 0.000000 -0.271233 99.520296 -10.303337 -1.470513 -0.001261 
1037 4.946872 0.000000 -0.361644 99.653196 -8.406648 -0.801456 -0.000207 
1038 5.239954 0.000000 0.180822 99.940085 -4.313562 5.632373 -0.003835 
1039 5.435343 0.000000 0.180822 99.829958 -5.892478 3.293354 -0.001159 
1040 5.239954 0.000000 0.361644 99.735795 -7.236097 0.022430 0.000041 
1041 5.142260 0.000000 -0.090411 100.123798 -1.683048 -2.096128 -0.003200 
1042 5.239954 0.000000 -0.090411 100.110505 -1.875796 -1.994592 -0.002961 
1043 5.142260 0.000000 0.000000 99.950215 -4.165372 -4.816330 -0.003059 
1044 5.093413 0.000000 -0.226028 99.488945 -10.760236 -5.209334 -0.004097 
1045 5.044566 0.000000 -0.226028 99.466228 -11.083601 -5.199904 -0.004342 
1046 5.093413 0.000000 -0.271233 99.558432 -9.766590 -2.088684 -0.001163 
1047 5.142260 0.000000 -0.226028 99.513455 -10.411166 -5.253764 -0.003892 
1048 5.093413 0.000000 -0.180822 100.475587 3.349057 -4.560804 -0.012736 
1049 4.995719 0.000000 -0.226028 99.439337 -11.466505 -5.270367 -0.004744 
1050 4.946872 0.000000 -0.226028 99.398037 -12.055392 -5.363015 -0.005406 
1051 4.995719 0.000000 -0.271233 99.541959 -9.998998 -1.881693 -0.001212 
1052 4.995719 0.000000 -0.180822 99.904793 -4.810045 0.719667 -0.000462 
1053 5.093413 0.000000 -0.135617 100.115727 -1.796997 -3.782503 -0.004070 
1054 5.044566 0.000000 -0.135617 100.128610 -1.611227 -3.786191 -0.004267 
1055 5.142260 0.000000 -0.135617 100.103048 -1.979715 -3.767609 -0.003873 
1056 5.093413 0.000000 -0.090411 100.129659 -1.597834 -2.143244 -0.003310 
1057 5.068990 0.000000 -0.203425 100.172043 -0.990822 -3.203289 -0.004568 
1058 5.044566 0.000000 -0.203425 100.103805 -1.965809 -1.833857 -0.002800 
1059 5.068990 0.000000 -0.226028 99.477596 -10.921802 -5.196102 -0.004208 
1060 5.093413 0.000000 -0.203425 100.177311 -0.916287 -5.293803 -0.006436 
1061 5.068990 0.000000 -0.180822 100.309790 0.978922 0.184884 -0.006305 
1062 4.360708 0.000000 0.090411 99.995266 -3.486513 -5.324938 -0.003956 
1063 4.458402 0.000000 0.090411 100.115519 -1.771670 -2.348710 -0.003177 
1064 4.360708 0.000000 0.180822 99.933663 -4.368203 -3.843153 -0.002059 
1065 4.946872 0.000000 0.090411 99.978174 -3.759663 -1.500544 -0.001202 
1066 4.849178 0.000000 0.090411 99.994904 -3.516669 -1.928648 -0.001507 
1067 5.044566 0.000000 0.090411 99.959420 -4.031227 -1.140172 -0.000944 
1068 4.946872 0.000000 0.180822 100.028583 -3.039116 -2.099768 -0.001936 
1069 5.142260 0.000000 0.090411 99.941698 -4.287496 -0.831520 -0.000742 
1070 5.239954 0.000000 0.090411 99.925787 -4.517752 -0.561760 -0.000589 
1071 5.142260 0.000000 0.180822 100.539530 4.261300 -0.952832 -0.012726 
1072 -8.241827 0.000000 -8.679458 99.756106 -6.978827 0.000239 0.000002 
1073 -11.368037 0.000000 -8.679458 99.756214 -6.977742 0.000221 0.000001 
1074 -8.241827 0.000000 -11.572610 99.756101 -6.979134 0.000191 0.000001 
1075 10.515434 0.000000 -8.679458 99.754247 -7.005124 -0.002758 0.000002 
1076 10.515434 0.000000 -11.572610 99.754894 -6.996185 -0.001439 0.000001 
1077 13.641644 0.000000 -8.679458 99.754190 -7.006436 -0.003693 0.000001 
1078 -8.241827 0.000000 8.679458 99.756682 -6.972726 0.000273 -0.000001 
1079 -11.368037 0.000000 8.679458 99.756580 -6.973699 0.000237 -0.000001 
1080 -8.241827 0.000000 11.572610 99.756704 -6.972395 0.000211 -0.000001 
1081 -3.552511 0.000000 -4.339729 99.755591 -6.981600 0.000307 0.000008 
1082 -5.115617 0.000000 -4.339729 99.755886 -6.979613 0.000369 0.000005 
1083 -3.552511 0.000000 -5.786305 99.755670 -6.982204 0.000247 0.000006 
1084 10.515434 0.000000 8.679458 99.758210 -6.950334 -0.002241 -0.000001 
1085 13.641644 0.000000 8.679458 99.758275 -6.949078 -0.002923 -0.000000 
1086 10.515434 0.000000 11.572610 99.757729 -6.957367 -0.001244 -0.000001 
1087 -3.552511 0.000000 4.339729 99.756978 -6.970851 0.000660 -0.000005 
1088 -5.115617 0.000000 4.339729 99.756743 -6.972348 0.000539 -0.000002 
1089 -3.552511 0.000000 5.786305 99.757068 -6.970081 0.000483 -0.000005 
1090 -1.207854 0.000000 -2.169864 99.755488 -6.978385 -0.003413 0.000014 
1091 -1.989406 0.000000 -2.169864 99.753718 -6.979693 0.000768 0.000048 
1092 -1.207854 0.000000 -2.893153 99.758296 -6.983958 -0.005583 -0.000049 
1093 5.826119 0.000000 4.339729 99.759636 -6.930423 -0.005035 -0.000002 
1094 7.389224 0.000000 4.339729 99.759745 -6.927587 -0.006039 0.000000 
1095 5.826119 0.000000 5.786305 99.758876 -6.942411 -0.002885 -0.000003 
1096 3.481461 0.000000 -2.169864 99.740544 -7.106246 -0.018040 0.000132 
1097 3.481461 0.000000 -2.893153 99.749045 -7.064271 -0.006661 0.000022 
1098 -1.207854 0.000000 2.169864 99.763406 -6.967397 0.009232 -0.000128 
1099 -1.989406 0.000000 2.169864 99.756924 -6.963750 0.002479 0.000006 
1100 -1.207854 0.000000 2.893153 99.761906 -6.961721 0.006712 -0.000090 
1101 -0.817078 0.000000 -1.084932 99.743362 -6.991004 -0.002930 0.000239 
1102 -1.207854 0.000000 -1.084932 99.746881 -6.989695 0.007204 0.000170 
1103 -0.817078 0.000000 -1.446576 99.753652 -6.991481 -0.010239 0.000033 
1104 3.481461 0.000000 2.169864 99.759899 -6.912597 -0.015428 0.000018 
1105 4.263014 0.000000 2.169864 99.760128 -6.900804 -0.014805 0.000030 
1106 3.481461 0.000000 2.893153 99.760384 -6.922680 -0.009286 -0.000006 
1107 -0.230913 0.000000 -0.542466 99.644519 -7.023701 0.055587 0.002163 
1108 -0.426301 0.000000 -0.542466 99.722704 -7.005635 0.045532 0.000630 
1109 -0.230913 0.000000 -0.723288 99.668037 -7.029131 0.003883 0.001687 
1110 0.941416 0.000000 -0.542466 99.723710 -7.239638 -0.016857 0.000277 
1111 0.941416 0.000000 -0.723288 99.723558 -7.126651 -0.020489 0.000442 
1112 -0.817078 0.000000 1.084932 99.747511 -6.977610 0.004950 0.000175 
1113 -1.207854 0.000000 1.084932 99.752725 -6.980889 0.002650 0.000066 
1114 -0.817078 0.000000 1.446576 99.758475 -6.974360 0.013942 -0.000040 
1115 -0.230913 0.000000 0.542466 99.660243 -7.022317 -0.043081 0.001852 
1116 -0.426301 0.000000 0.542466 99.737647 -7.003881 -0.024783 0.000335 
1117 -0.230913 0.000000 0.723288 99.693000 -7.013008 0.014088 0.001212 
1118 -0.133219 0.000000 -0.271233 99.743654 -7.200269 0.593910 -0.000099 
1119 -0.230913 0.000000 -0.271233 99.841826 -6.994464 0.458124 -0.001752 
1120 -0.133219 0.000000 -0.361644 99.452180 -7.092367 0.281047 0.005888 
1121 0.941416 0.000000 0.542466 99.859348 -7.212312 -0.017786 -0.002391 
1122 0.941416 0.000000 0.723288 99.807849 -7.091566 -0.018295 -0.001190 
1123 -0.133219 0.000000 0.271233 99.699072 -7.209936 -0.626270 0.000772 
1124 -0.230913 0.000000 0.271233 99.842293 -6.954187 -0.450503 -0.001705 
1125 -0.133219 0.000000 0.361644 99.464008 -7.082955 -0.271346 0.005667 
1126 0.037745 0.000000 -0.113014 88.281988 -8.861859 -1.716070 0.212481 
1127 0.013322 0.000000 -0.113014 87.389773 -8.446384 4.719091 0.226942 
1128 0.037745 0.000000 -0.135617 92.506603 -8.288337 -0.701258 0.137334 
1129 0.648333 0.000000 -0.271233 101.339918 -11.175775 0.005470 -0.039468 
1130 0.648333 0.000000 -0.361644 99.796365 -7.539615 0.106274 -0.001617 
1131 0.746027 0.000000 -0.271233 102.337377 -10.274245 0.012560 -0.057850 
1132 0.648333 0.000000 0.271233 101.289470 -11.161304 0.010507 -0.038413 
1133 0.746027 0.000000 0.271233 102.216175 -10.278985 0.037530 -0.055381 
1134 0.648333 0.000000 0.361644 99.852718 -7.532064 -0.109372 -0.002731 
1135 0.037745 0.000000 0.113014 88.221849 -8.878781 1.715324 0.213513 
1136 0.013322 0.000000 0.113014 87.337769 -8.467153 -4.735484 0.227800 
1137 0.037745 0.000000 0.135617 92.461659 -8.303771 0.707013 0.138139 
1138 0.098804 0.000000 -0.079110 92.355143 -12.443739 -15.386193 0.107895 
1139 0.098804 0.000000 -0.090411 92.471562 -12.533576 -15.466370 0.105271 
1140 0.098804 0.000000 -0.067808 92.347626 -12.431361 -15.376581 0.108094 
1141 0.098804 0.000000 0.079110 92.293635 -12.402225 15.376746 0.109163 
1142 0.098804 0.000000 0.067808 92.287663 -12.386640 15.367350 0.109340 
1143 0.098804 0.000000 0.090411 92.390434 -12.543752 15.454541 0.106782 
1144 0.233134 0.000000 -0.067808 89.018185 -0.095904 -6.508350 0.203339 
1145 0.233134 0.000000 -0.045206 90.479642 -0.080520 -4.871923 0.178969 
1146 0.184287 0.000000 -0.113014 99.867052 -11.233223 -9.931052 -0.019824 
1147 0.184287 0.000000 -0.135617 99.324063 -9.922034 -7.741580 -0.002365 
1148 0.233134 0.000000 0.067808 89.054535 -0.077109 6.523042 0.202673 
1149 0.233134 0.000000 0.045206 90.495783 -0.073044 4.905807 0.178644 
1150 0.184287 0.000000 0.113014 99.831177 -11.201613 9.948323 -0.019071 
1151 0.184287 0.000000 0.135617 99.327612 -9.863880 7.748154 -0.002330 
1152 0.501792 0.000000 -0.045206 100.325073 -8.028196 -0.000786 -0.012957 
1153 0.550639 0.000000 -0.045206 101.302032 -6.745332 -0.003408 -0.030760 
1154 0.501792 0.000000 0.000000 101.295068 -6.526241 -0.002829 -0.030328 
1155 0.501792 0.000000 0.045206 100.313036 -8.022262 -0.001400 -0.012706 
1156 0.550639 0.000000 0.045206 101.290343 -6.743692 -0.000634 -0.030521 
1157 0.428522 0.000000 -0.067808 99.165464 -10.840132 0.005349 0.004870 
1158 0.452945 0.000000 -0.067808 99.298315 -9.337687 0.002545 0.005265 
1159 0.428522 0.000000 -0.045206 99.324152 -11.594881 0.003327 0.000027 
1160 0.367463 0.000000 -0.101712 105.056147 -12.604173 -3.279628 -0.120642 
1161 0.367463 0.000000 -0.113014 105.089344 -12.613296 -2.761371 -0.121049 
1162 0.367463 0.000000 -0.090411 105.360541 -12.607925 -3.016033 -0.126890 
1163 0.428522 0.000000 0.067808 99.132501 -10.825438 0.004149 0.005556 
1164 0.428522 0.000000 0.045206 99.292377 -11.578387 0.003014 0.000696 
1165 0.452945 0.000000 0.067808 99.261982 -9.325765 0.004226 0.006009 
1166 0.367463 0.000000 0.101712 105.141607 -12.599287 3.281535 -0.122427 
1167 0.367463 0.000000 0.090411 105.449039 -12.599845 3.017396 -0.128736 
1168 0.367463 0.000000 0.113014 105.171873 -12.598364 2.762616 -0.122747 
1169 1.722968 0.000000 -0.542466 99.751912 -7.425193 -0.084204 -0.000558 
1170 1.722968 0.000000 -0.723288 99.682697 -7.279345 -0.049063 0.001037 
1171 1.722968 0.000000 0.542466 99.868385 -7.205112 -0.146286 -0.002563 
1172 1.722968 0.000000 0.723288 99.777871 -7.072310 -0.090218 -0.000565 
1173 1.429886 0.000000 -0.271233 101.520759 -11.470131 -0.263352 -0.043810 
1174 1.429886 0.000000 -0.361644 99.696371 -7.619183 -0.140923 0.000256 
1175 1.527580 0.000000 -0.271233 101.932614 -12.145555 -0.238713 -0.053783 
1176 1.429886 0.000000 0.271233 101.500614 -11.867691 -0.258314 -0.044328 
1177 1.527580 0.000000 0.271233 101.903528 -12.972122 -0.234081 -0.055266 
1178 1.429886 0.000000 0.361644 99.878164 -7.565601 -0.358286 -0.003301 
1179 8.952329 0.000000 -4.339729 99.751560 -7.042110 -0.010768 0.000003 
1180 8.952329 0.000000 -5.786305 99.752943 -7.022724 -0.005689 0.000003 
1181 10.515434 0.000000 -4.339729 99.751585 -7.042635 -0.012726 0.000002 
1182 6.607671 0.000000 -2.169864 99.745462 -7.124558 -0.036014 0.000008 
1183 6.607671 0.000000 -2.893153 99.748540 -7.081216 -0.019080 0.000008 
1184 7.389224 0.000000 -2.169864 99.745674 -7.123654 -0.040335 0.000005 
1185 3.090685 0.000000 -1.084932 99.721686 -7.317702 -0.054272 0.000203 
1186 3.090685 0.000000 -1.446576 99.732926 -7.201580 -0.027292 0.000148 
1187 3.481461 0.000000 -1.084932 99.726700 -7.326534 -0.065585 0.000090 
1188 3.872238 0.000000 -1.084932 99.725854 -7.329094 -0.085666 0.000103 
1189 3.872238 0.000000 -1.446576 99.732437 -7.217038 -0.050018 0.000135 
1190 2.504521 0.000000 -0.542466 99.581130 -7.810915 -0.140635 0.002257 
1191 2.504521 0.000000 -0.723288 99.622571 -7.540743 -0.084711 0.001847 
1192 2.699909 0.000000 -0.542466 99.639098 -7.821599 -0.178642 0.001084 
1193 8.952329 0.000000 4.339729 99.759843 -6.926061 -0.007114 0.000000 
1194 10.515434 0.000000 4.339729 99.759897 -6.925315 -0.008192 0.000000 
1195 8.952329 0.000000 5.786305 99.759048 -6.938073 -0.004211 -0.000000 
1196 5.044566 0.000000 2.169864 99.760869 -6.895728 -0.015343 0.000022 
1197 5.826119 0.000000 2.169864 99.762867 -6.897566 -0.018364 -0.000021 
1198 5.044566 0.000000 2.893153 99.761044 -6.915062 -0.010129 -0.000008 
1199 3.090685 0.000000 1.084932 99.753709 -6.895933 -0.046018 0.000164 
1200 3.481461 0.000000 1.084932 99.758894 -6.886026 -0.044910 0.000074 
1201 3.090685 0.000000 1.446576 99.756482 -6.898904 -0.031053 0.000105 
1202 2.504521 0.000000 0.542466 99.685986 -7.026675 -0.137138 0.001331 
1203 2.699909 0.000000 0.542466 99.734771 -6.996826 -0.113492 0.000401 
1204 2.504521 0.000000 0.723288 99.720608 -6.960208 -0.111194 0.000734 
1205 2.895297 0.000000 -0.542466 99.659401 -7.806936 -0.192342 0.000702 
1206 2.895297 0.000000 -0.723288 99.678982 -7.559286 -0.125765 0.000694 
1207 3.090685 0.000000 -0.542466 99.674158 -7.812024 -0.205148 0.000399 
1208 3.286073 0.000000 -0.542466 99.682378 -7.826547 -0.219156 0.000212 
1209 3.286073 0.000000 -0.723288 99.700750 -7.575573 -0.146444 0.000235 
1210 3.481461 0.000000 -0.542466 99.685155 -7.821671 -0.245507 0.000163 
1211 2.406827 0.000000 -0.271233 99.397020 -7.893178 -0.503715 0.005768 
1212 2.406827 0.000000 -0.361644 99.299990 -8.072390 -0.350093 0.007423 
1213 2.504521 0.000000 -0.271233 99.625379 -7.830463 -0.309934 0.001337 
1214 2.895297 0.000000 0.180822 99.891796 -4.480587 -0.584987 0.000121 
1215 2.895297 0.000000 0.361644 99.751188 -6.884646 -0.218959 0.000225 
1216 2.895297 0.000000 0.542466 99.742286 -6.942411 -0.106407 0.000327 
1217 3.090685 0.000000 0.542466 99.738827 -6.962982 -0.089458 0.000368 
1218 2.895297 0.000000 0.723288 99.745460 -6.914345 -0.081297 0.000303 
1219 2.406827 0.000000 0.271233 99.547055 -6.487316 0.197327 0.004826 
1220 2.504521 0.000000 0.271233 99.732830 -6.398655 0.066585 0.001242 
1221 2.406827 0.000000 0.361644 99.421559 -6.975966 0.012327 0.006669 
1222 2.357979 0.000000 -0.135617 100.654664 -6.371052 -3.305430 -0.018288 
1223 2.357979 0.000000 -0.180822 99.333193 -7.020921 -1.879797 0.008009 
1224 2.406827 0.000000 -0.135617 100.769675 -6.179928 -1.785007 -0.019591 
1225 2.284709 0.000000 -0.113014 91.248309 -6.479704 -10.748800 0.151622 
1226 2.284709 0.000000 -0.135617 94.063972 -6.716320 -4.823442 0.108359 
1227 2.309132 0.000000 -0.113014 99.455813 -6.204757 -9.543933 -0.002104 
1228 2.357979 0.000000 0.135617 100.684621 -4.108339 3.919603 -0.016963 
1229 2.406827 0.000000 0.135617 100.811216 -3.898998 2.452014 -0.018412 
1230 2.357979 0.000000 0.180822 99.387450 -5.131666 1.930549 0.009207 
1231 2.284709 0.000000 0.113014 90.738740 -4.231829 11.582575 0.161442 
1232 2.309132 0.000000 0.113014 99.326948 -3.862607 10.654013 0.000573 
1233 2.284709 0.000000 0.135617 93.924067 -4.577059 5.138346 0.113092 
1234 3.676849 0.000000 -0.542466 99.687640 -7.817414 -0.270843 0.000119 
1235 3.676849 0.000000 -0.723288 99.708015 -7.570098 -0.171310 0.000098 
1236 3.872238 0.000000 -0.542466 99.690598 -7.813213 -0.296537 0.000065 
1237 4.067626 0.000000 -0.542466 99.691819 -7.801483 -0.324443 0.000057 
1238 4.067626 0.000000 -0.723288 99.709122 -7.562744 -0.207526 0.000085 
1239 4.263014 0.000000 -0.542466 99.694101 -7.790378 -0.347370 0.000028 
1240 4.458402 0.000000 -0.542466 99.695375 -7.781600 -0.372573 0.000014 
1241 4.458402 0.000000 -0.723288 99.711827 -7.549225 -0.232542 0.000051 
1242 3.383767 0.000000 -0.090411 99.926933 -4.294983 0.329363 -0.000395 
1243 3.383767 0.000000 -0.180822 99.796706 -6.180016 1.084336 0.000125 
1244 3.383767 0.000000 0.000000 99.740448 -6.942284 -1.280072 0.000201 
1245 3.969932 0.000000 0.090411 100.030187 -2.960695 -5.516712 -0.004524 
1246 3.969932 0.000000 0.180822 99.912775 -4.641170 -2.986299 -0.001302 
1247 3.823390 0.000000 0.045206 99.816341 -5.996362 -5.744057 -0.003225 
1248 3.872238 0.000000 0.045206 99.797382 -6.274191 -5.625162 -0.003053 
1249 3.823390 0.000000 0.090411 100.075977 -2.283994 -5.820512 -0.005430 
1250 3.383767 0.000000 0.090411 100.492096 3.811945 -4.007013 -0.012925 
1251 3.286073 0.000000 0.090411 100.540827 4.625096 -1.085659 -0.013103 
1252 3.383767 0.000000 0.180822 99.916139 -4.439451 -1.542897 -0.000532 
1253 4.556096 0.000000 0.090411 100.020811 -3.131915 -2.882229 -0.002228 
1254 4.653790 0.000000 0.090411 100.010021 -3.291529 -2.684947 -0.002005 
1255 4.556096 0.000000 0.180822 99.966464 -3.909654 -3.917559 -0.002393 
1256 4.751484 0.000000 -0.271233 99.509638 -10.451540 -1.128266 -0.001268 
1257 4.653790 0.000000 -0.271233 99.503833 -10.529828 -0.739767 -0.001244 
1258 4.751484 0.000000 -0.361644 99.649915 -8.445752 -0.686468 -0.000191 
1259 4.751484 0.000000 0.090411 100.004328 -3.377689 -2.366963 -0.001788 
1260 4.751484 0.000000 0.180822 100.003220 -3.393922 -3.479241 -0.002427 
1261 4.995719 0.000000 -0.135617 100.141719 -1.422107 -3.778174 -0.004466 
1262 4.946872 0.000000 -0.135617 100.155206 -1.227481 -3.757325 -0.004669 
1263 4.995719 0.000000 -0.090411 100.139595 -1.452567 -2.225780 -0.003500 
1264 6.607671 0.000000 2.169864 99.761967 -6.892538 -0.017106 0.000004 
1265 7.389224 0.000000 2.169864 99.762055 -6.892037 -0.018279 0.000003 
1266 6.607671 0.000000 2.893153 99.760987 -6.908059 -0.011107 0.000002 
1267 3.872238 0.000000 1.084932 99.758365 -6.880214 -0.036180 0.000093 
1268 4.263014 0.000000 1.084932 99.759299 -6.877484 -0.034636 0.000078 
1269 3.872238 0.000000 1.446576 99.762153 -6.891050 -0.030923 0.000003 
1270 3.286073 0.000000 0.542466 99.744400 -6.958926 -0.083565 0.000262 
1271 3.481461 0.000000 0.542466 99.746287 -6.956231 -0.074436 0.000228 
1272 3.286073 0.000000 0.723288 99.747851 -6.917397 -0.060745 0.000251 
1273 4.653790 0.000000 1.084932 99.760479 -6.875407 -0.033445 0.000057 
1274 5.044566 0.000000 1.084932 99.761248 -6.873677 -0.032616 0.000044 
1275 4.653790 0.000000 1.446576 99.760679 -6.878871 -0.025585 0.000049 
1276 3.676849 0.000000 0.542466 99.748460 -6.956141 -0.068753 0.000185 
1277 3.872238 0.000000 0.542466 99.750880 -6.958250 -0.062696 0.000134 
1278 3.676849 0.000000 0.723288 99.754997 -6.909128 -0.057687 0.000120 
1279 3.188379 0.000000 0.090411 100.406279 3.622929 1.715449 -0.009749 
1280 3.090685 0.000000 0.090411 100.247431 2.010129 3.011797 -0.006266 
1281 3.188379 0.000000 0.180822 99.901029 -4.403768 -1.103618 -0.000083 
1282 4.556096 0.000000 -0.271233 99.504475 -10.515281 -0.327019 -0.001182 
1283 4.458402 0.000000 -0.271233 99.512312 -10.397429 0.073228 -0.001081 
1284 4.556096 0.000000 -0.361644 99.648102 -8.461731 -0.569429 -0.000167 
1285 5.435343 0.000000 1.084932 99.761781 -6.873431 -0.031844 0.000034 
1286 5.826119 0.000000 1.084932 99.762602 -6.881855 -0.031278 0.000006 
1287 5.435343 0.000000 1.446576 99.761837 -6.876137 -0.025931 0.000029 
1288 4.067626 0.000000 0.542466 99.752142 -6.957518 -0.056851 0.000110 
1289 4.263014 0.000000 0.542466 99.752782 -6.957821 -0.050243 0.000097 
1290 4.067626 0.000000 0.723288 99.757577 -6.910957 -0.050532 0.000066 
1291 4.458402 0.000000 0.542466 99.753194 -6.959372 -0.043684 0.000087 
1292 4.653790 0.000000 0.542466 99.753862 -6.959707 -0.036635 0.000073 
1293 4.458402 0.000000 0.723288 99.757296 -6.904946 -0.039623 0.000080 
1294 4.360708 0.000000 -0.271233 99.527172 -10.179618 0.419723 -0.000946 
1295 4.263014 0.000000 -0.271233 99.545631 -9.910555 0.684616 -0.000802 
1296 4.360708 0.000000 -0.361644 99.647801 -8.447399 -0.458952 -0.000125 
1 11 62 60 61 
2 62 10 24 60 
3 60 24 14 63 
4 61 60 63 6 
5 24 66 64 65 
6 66 23 40 64 
7 64 40 27 67 
8 65 64 67 14 
9 40 70 68 69 
10 69 68 71 27 
11 6 63 92 93 
12 63 14 36 92 
13 92 36 19 94 
14 93 92 94 20 
15 14 67 95 96 
16 67 27 52 95 
17 95 52 35 97 
18 96 95 97 36 
19 27 71 98 99 
20 99 98 100 52 
21 68 112 110 111 
22 112 56 80 110 
23 110 80 43 113 
24 111 110 113 71 
25 80 116 114 115 
26 115 114 117 43 
27 71 113 133 134 
28 113 43 102 133 
29 133 102 76 135 
30 134 133 135 98 
31 43 117 136 137 
32 137 136 138 102 
33 114 141 139 140 
34 141 106 129 139 
35 139 129 83 142 
36 140 139 142 117 
37 129 149 147 148 
38 147 150 132 151 
39 148 147 151 83 
40 117 142 152 153 
41 142 83 144 152 
42 152 144 125 154 
43 153 152 154 136 
44 83 151 155 156 
45 151 132 157 155 
46 156 155 158 144 
47 12 161 159 160 
48 161 7 162 159 
49 159 162 13 25 
50 160 159 25 10 
51 25 165 163 164 
52 165 13 166 163 
53 163 166 26 41 
54 164 163 41 23 
55 41 169 167 168 
56 169 26 170 167 
57 167 170 42 57 
58 168 167 57 39 
59 39 173 171 172 
60 173 57 174 171 
61 171 174 55 81 
62 172 171 81 56 
63 81 177 175 176 
64 177 55 178 175 
65 175 178 82 107 
66 176 175 107 79 
67 79 181 179 180 
68 181 107 182 179 
69 179 182 105 130 
70 180 179 130 106 
71 106 185 183 184 
72 185 130 186 183 
73 184 183 149 129 
74 195 197 109 198 
75 150 195 198 132 
76 149 201 199 200 
77 201 128 202 199 
78 199 202 150 203 
79 200 199 203 147 
80 132 198 210 157 
81 198 109 211 210 
82 19 38 213 214 
83 38 21 215 213 
84 213 215 9 216 
85 214 213 216 22 
86 35 54 217 218 
87 54 37 219 217 
88 217 219 21 220 
89 218 217 220 38 
90 51 78 221 222 
91 78 53 223 221 
92 221 223 37 224 
93 222 221 224 54 
94 76 104 225 226 
95 104 75 227 225 
96 225 227 78 228 
97 226 225 228 51 
98 101 127 229 230 
99 127 103 231 229 
100 229 231 75 232 
101 230 229 232 104 
102 125 146 233 234 
103 146 124 235 233 
104 233 235 127 236 
105 234 233 236 101 
106 144 158 237 238 
107 237 239 146 240 
108 238 237 240 125 
109 155 243 241 242 
110 243 157 244 241 
111 241 244 143 245 
112 242 241 245 158 
113 130 247 246 186 
114 247 105 248 246 
115 249 251 195 252 
116 202 249 252 150 
117 186 255 253 254 
118 255 246 256 253 
119 253 256 196 250 
120 254 253 250 128 
121 128 259 257 258 
122 259 250 260 257 
123 257 260 249 261 
124 258 257 261 202 
125 262 263 124 264 
126 239 262 264 146 
127 157 266 265 244 
128 266 210 267 265 
129 143 268 269 270 
130 268 212 271 269 
131 269 271 262 272 
132 270 269 272 239 
133 244 275 273 274 
134 275 265 276 273 
135 273 276 268 277 
136 274 273 277 143 
137 278 280 194 281 
138 197 278 281 109 
139 283 131 284 282 
140 282 284 197 285 
141 251 282 285 195 
142 107 287 286 182 
143 287 82 288 286 
144 286 288 108 192 
145 182 286 192 105 
146 105 290 289 248 
147 290 192 291 289 
148 246 293 292 256 
149 293 248 294 292 
150 292 294 131 283 
151 256 292 283 196 
152 196 297 295 296 
153 297 283 298 295 
154 295 298 282 299 
155 296 295 299 251 
156 109 281 300 211 
157 281 194 301 300 
158 210 304 303 267 
159 304 211 305 303 
160 303 305 145 306 
161 124 209 307 235 
162 209 126 308 307 
163 307 308 103 309 
164 235 307 309 127 
165 310 311 209 312 
166 263 310 312 124 
167 212 306 313 271 
168 306 145 314 313 
169 313 314 263 315 
170 271 313 315 262 
171 267 318 316 317 
172 318 303 319 316 
173 316 319 306 320 
174 317 316 320 212 
175 131 322 321 284 
176 322 279 323 321 
177 321 323 278 324 
178 284 321 324 197 
179 211 326 325 305 
180 326 300 327 325 
181 325 327 302 328 
182 305 325 328 145 
183 192 334 333 291 
184 334 108 335 333 
185 289 339 337 338 
186 339 291 340 337 
187 337 340 191 341 
188 338 337 341 279 
189 345 347 126 348 
190 311 345 348 209 
191 302 351 349 350 
192 351 207 352 349 
193 349 352 311 353 
194 350 349 353 310 
195 354 355 59 356 
196 280 354 356 194 
197 291 358 357 340 
198 358 333 359 357 
199 357 359 336 360 
200 191 360 361 362 
201 360 336 363 361 
202 361 363 354 364 
203 362 361 364 280 
204 340 367 365 366 
205 367 357 368 365 
206 365 368 360 369 
207 366 365 369 191 
208 194 356 370 301 
209 356 59 371 370 
210 373 346 374 372 
211 372 374 345 375 
212 352 372 375 311 
213 301 378 376 377 
214 378 370 379 376 
215 376 379 346 373 
216 377 376 373 207 
217 207 382 380 381 
218 382 373 383 380 
219 380 383 372 384 
220 381 380 384 352 
221 57 386 385 174 
222 386 42 387 385 
223 385 387 58 89 
224 174 385 89 55 
225 55 389 388 178 
226 389 89 390 388 
227 388 390 88 188 
228 178 388 188 82 
229 82 392 391 288 
230 392 188 393 391 
231 391 393 187 330 
232 288 391 330 108 
233 108 395 394 335 
234 395 330 396 394 
235 333 399 398 359 
236 399 335 400 398 
237 359 398 401 336 
238 75 123 402 227 
239 123 77 403 402 
240 402 403 53 404 
241 227 402 404 78 
242 103 206 405 231 
243 206 121 406 405 
244 405 406 123 407 
245 231 405 407 75 
246 126 344 408 308 
247 344 204 409 408 
248 408 409 206 410 
249 308 408 410 103 
250 411 413 344 414 
251 347 411 414 126 
252 346 416 415 374 
253 415 417 347 418 
254 374 415 418 345 
255 419 420 332 421 
256 355 419 421 59 
257 335 423 422 400 
258 423 394 424 422 
259 336 401 426 363 
260 401 193 427 426 
261 426 427 355 428 
262 363 426 428 354 
263 398 431 429 430 
264 431 400 432 429 
265 429 432 193 433 
266 430 429 433 401 
267 59 421 434 371 
268 421 332 435 434 
269 370 437 436 379 
270 437 371 438 436 
271 436 438 208 416 
272 379 436 416 346 
273 439 441 411 442 
274 417 439 442 347 
275 416 445 443 444 
276 445 208 446 443 
277 443 446 417 447 
278 444 443 447 415 
279 88 453 452 189 
280 453 90 454 452 
281 452 454 5 455 
282 189 452 455 91 
283 187 457 456 331 
284 457 189 458 456 
285 456 458 91 459 
286 331 456 459 190 
287 330 461 460 396 
288 461 187 462 460 
289 460 462 331 463 
290 396 460 463 329 
291 394 465 464 424 
292 465 396 466 464 
293 464 466 329 467 
294 424 464 467 397 
295 193 425 468 427 
296 425 397 469 468 
297 468 469 419 470 
298 427 468 470 355 
299 422 473 471 472 
300 473 424 474 471 
301 471 474 397 475 
302 472 471 475 425 
303 371 477 476 438 
304 477 434 478 476 
305 476 478 412 440 
306 438 476 440 208 
307 91 455 482 205 
308 455 5 483 482 
309 482 483 122 484 
310 205 482 484 121 
311 190 459 485 343 
312 459 91 486 485 
313 485 486 205 487 
314 343 485 487 204 
315 342 489 488 413 
316 489 343 490 488 
317 488 490 204 491 
318 413 488 491 344 
319 412 493 492 441 
320 493 342 494 492 
321 492 494 413 495 
322 441 492 495 411 
323 440 498 496 497 
324 498 412 499 496 
325 496 499 441 500 
326 497 496 500 439 
327 454 510 508 509 
328 508 511 504 512 
329 509 508 512 5 
330 5 512 513 514 
331 512 504 515 513 
332 514 513 516 483 
333 7 518 517 162 
334 518 16 519 517 
335 517 519 15 32 
336 162 517 32 13 
337 13 521 520 166 
338 521 32 522 520 
339 520 522 31 48 
340 166 520 48 26 
341 26 524 523 170 
342 524 48 525 523 
343 523 525 47 85 
344 170 523 85 42 
345 42 527 526 387 
346 527 85 528 526 
347 526 528 84 449 
348 387 526 449 58 
349 58 531 529 530 
350 531 449 532 529 
351 529 532 448 502 
352 530 529 502 90 
353 90 535 533 534 
354 535 502 536 533 
355 533 536 501 510 
356 534 533 510 454 
357 538 17 539 537 
358 537 539 8 540 
359 448 554 553 503 
360 554 450 555 553 
361 553 555 87 556 
362 503 553 556 451 
363 501 558 557 511 
364 558 503 559 557 
365 557 559 451 560 
366 511 557 560 504 
367 510 563 561 562 
368 563 501 564 561 
369 561 564 511 565 
370 562 561 565 508 
371 540 8 567 566 
372 566 567 29 568 
373 451 556 578 506 
374 556 87 579 578 
375 578 579 480 580 
376 506 578 580 479 
377 504 560 581 515 
378 560 451 582 581 
379 581 582 506 583 
380 515 581 583 505 
381 21 46 584 215 
382 46 28 585 584 
383 584 585 30 586 
384 215 584 586 9 
385 37 74 587 219 
386 74 44 588 587 
387 587 588 46 589 
388 219 587 589 21 
389 53 120 590 223 
390 120 72 591 590 
391 590 591 74 592 
392 223 590 592 37 
393 77 481 593 403 
394 481 118 594 593 
395 593 594 120 595 
396 403 593 595 53 
397 122 507 596 597 
398 507 479 598 596 
399 596 598 481 599 
400 597 596 599 77 
401 483 516 600 601 
402 516 505 602 600 
403 600 602 507 603 
404 601 600 603 122 
405 513 606 604 605 
406 606 515 607 604 
407 604 607 505 608 
408 605 604 608 516 
409 555 618 616 617 
410 617 616 620 87 
411 87 620 621 622 
412 622 621 624 579 
413 85 626 625 528 
414 626 47 627 625 
415 625 627 86 550 
416 528 625 550 84 
417 84 630 628 629 
418 630 550 631 628 
419 628 631 549 610 
420 629 628 610 450 
421 450 634 632 633 
422 634 610 635 632 
423 632 635 609 618 
424 633 632 618 555 
425 641 551 642 640 
426 640 642 50 643 
427 618 650 648 649 
428 650 609 651 648 
429 649 648 652 616 
430 643 50 657 656 
431 656 657 576 658 
432 118 577 662 594 
433 577 119 663 662 
434 662 663 72 664 
435 594 662 664 120 
436 480 615 665 666 
437 615 575 667 665 
438 665 667 577 668 
439 666 665 668 118 
440 579 624 669 670 
441 624 613 671 669 
442 669 671 615 672 
443 670 669 672 480 
444 621 675 673 674 
445 673 676 613 677 
446 674 673 677 624 
447 610 679 678 635 
448 679 549 680 678 
449 678 680 611 645 
450 635 678 645 609 
451 609 682 681 651 
452 682 645 683 681 
453 616 652 685 686 
454 685 687 612 688 
455 686 685 688 620 
456 648 691 689 690 
457 691 651 692 689 
458 690 689 693 652 
459 620 688 694 695 
460 688 612 696 694 
461 695 694 675 621 
462 613 661 697 671 
463 661 614 698 697 
464 697 698 575 699 
465 671 697 699 615 
466 700 702 661 703 
467 676 700 703 613 
468 675 706 704 705 
469 704 707 676 708 
470 705 704 708 673 
471 709 710 647 711 
472 687 709 711 612 
473 651 713 712 692 
474 713 681 714 712 
475 652 693 716 717 
476 693 619 718 716 
477 716 718 687 719 
478 717 716 719 685 
479 689 722 720 721 
480 722 692 723 720 
481 720 723 619 724 
482 721 720 724 693 
483 612 711 725 696 
484 711 647 726 725 
485 694 729 727 728 
486 729 696 730 727 
487 727 730 623 706 
488 728 727 706 675 
489 731 733 700 734 
490 707 731 734 676 
491 706 737 735 736 
492 737 623 738 735 
493 735 738 707 739 
494 736 735 739 704 
495 619 715 740 718 
496 715 684 741 740 
497 740 741 709 742 
498 718 740 742 687 
499 692 744 743 723 
500 744 712 745 743 
501 743 745 715 746 
502 723 743 746 619 
503 696 748 747 730 
504 748 725 749 747 
505 747 749 701 732 
506 730 747 732 623 
507 623 751 750 738 
508 751 732 752 750 
509 750 752 731 753 
510 738 750 753 707 
511 755 640 756 754 
512 754 756 643 757 
513 645 759 758 683 
514 759 611 760 758 
515 681 763 762 714 
516 763 683 764 762 
517 762 764 644 765 
518 712 767 766 745 
519 767 714 768 766 
520 766 768 684 769 
521 745 766 769 715 
522 757 643 771 770 
523 770 771 656 772 
524 773 775 614 776 
525 702 773 776 661 
526 778 659 779 777 
527 777 779 702 780 
528 733 777 780 700 
529 732 782 781 752 
530 782 701 783 781 
531 781 783 733 784 
532 752 781 784 731 
533 785 786 552 787 
534 710 785 787 647 
535 684 765 788 741 
536 765 644 789 788 
537 788 789 710 790 
538 741 788 790 709 
539 714 792 791 768 
540 792 762 793 791 
541 791 793 765 794 
542 768 791 794 684 
543 647 787 795 726 
544 787 552 796 795 
545 725 798 797 749 
546 798 726 799 797 
547 797 799 659 778 
548 749 797 778 701 
549 701 801 800 783 
550 801 778 802 800 
551 800 802 777 803 
552 783 800 803 733 
553 804 806 785 807 
554 789 804 807 710 
555 683 809 808 764 
556 809 758 810 808 
557 808 810 761 805 
558 764 808 805 644 
559 644 813 811 812 
560 813 805 814 811 
561 811 814 804 815 
562 812 811 815 789 
563 726 817 816 799 
564 817 795 818 816 
565 659 819 820 779 
566 819 774 821 820 
567 820 821 773 822 
568 779 820 822 702 
569 799 825 823 824 
570 825 816 826 823 
571 823 826 819 827 
572 824 823 827 659 
573 646 829 828 786 
574 829 754 830 828 
575 828 830 757 831 
576 786 828 831 552 
577 761 833 832 806 
578 833 646 834 832 
579 832 834 786 835 
580 806 832 835 785 
581 805 837 836 814 
582 837 761 838 836 
583 836 838 806 839 
584 814 836 839 804 
585 552 831 840 796 
586 831 757 841 840 
587 840 841 770 842 
588 796 840 842 660 
589 795 844 843 818 
590 844 796 845 843 
591 843 845 660 846 
592 818 843 846 774 
593 816 848 847 826 
594 848 818 849 847 
595 847 849 774 850 
596 826 847 850 819 
597 638 867 865 866 
598 867 855 868 865 
599 855 875 874 868 
600 875 857 876 874 
601 878 880 862 881 
602 879 878 881 654 
603 865 884 882 883 
604 884 868 885 882 
605 636 889 887 888 
606 889 638 866 887 
607 866 893 891 892 
608 893 865 883 891 
609 891 883 869 894 
610 892 891 894 548 
611 895 896 859 897 
612 898 899 863 900 
613 880 898 900 862 
614 901 903 880 904 
615 902 901 904 878 
616 883 907 905 906 
617 907 882 908 905 
618 906 905 909 869 
619 868 911 910 885 
620 911 874 912 910 
621 910 912 877 913 
622 885 910 913 858 
623 882 915 914 908 
624 915 885 916 914 
625 914 916 858 917 
626 908 914 917 886 
627 918 879 654 920 
628 919 918 920 653 
629 548 894 921 922 
630 894 869 902 921 
631 921 902 878 923 
632 922 921 923 879 
633 869 909 924 925 
634 909 886 926 924 
635 924 926 901 927 
636 925 924 927 902 
637 905 930 928 929 
638 930 908 931 928 
639 928 931 886 932 
640 929 928 932 909 
641 874 938 937 912 
642 938 876 939 937 
643 912 937 940 877 
644 941 942 895 943 
645 899 941 943 863 
646 876 945 944 939 
647 945 933 946 944 
648 944 946 936 947 
649 939 944 947 34 
650 877 940 948 949 
651 940 34 950 948 
652 948 950 899 951 
653 949 948 951 898 
654 937 954 952 953 
655 954 939 955 952 
656 952 955 34 956 
657 953 952 956 940 
658 33 958 957 543 
659 958 537 959 957 
660 957 959 540 960 
661 543 957 960 18 
662 541 962 961 853 
663 962 543 963 961 
664 961 963 18 964 
665 853 961 964 544 
666 966 853 967 965 
667 965 967 544 968 
668 933 974 973 946 
669 974 935 975 973 
670 973 975 873 976 
671 946 973 976 936 
672 18 960 977 570 
673 960 540 978 977 
674 977 978 566 979 
675 570 977 979 45 
676 544 964 980 860 
677 964 18 981 980 
678 980 981 570 982 
679 860 980 982 569 
680 968 544 984 983 
681 983 984 860 985 
682 896 983 985 859 
683 987 965 988 986 
684 986 988 968 989 
685 551 991 990 642 
686 991 636 888 990 
687 990 888 639 992 
688 642 990 992 50 
689 888 995 993 994 
690 995 887 996 993 
691 993 996 890 997 
692 994 993 997 639 
693 998 999 896 1000 
694 942 998 1000 895 
695 935 1002 1001 975 
696 1002 969 1003 1001 
697 1001 1003 972 1004 
698 975 1001 1004 873 
699 969 1006 1005 1003 
700 1005 1007 854 1008 
701 1003 1005 1008 972 
702 32 1010 1009 522 
703 1010 15 1011 1009 
704 1009 1011 33 542 
705 522 1009 542 31 
706 31 1014 1012 1013 
707 1014 542 1015 1012 
708 1012 1015 541 852 
709 1013 1012 852 49 
710 852 1018 1016 1017 
711 1018 541 1019 1016 
712 1016 1019 853 966 
713 1017 1016 966 851 
714 851 1022 1020 1021 
715 1022 966 1023 1020 
716 1020 1023 965 987 
717 1021 1020 987 872 
718 872 1026 1024 1025 
719 1026 987 1027 1024 
720 1024 1027 986 1028 
721 49 1031 1029 1030 
722 1031 852 1017 1029 
723 1029 1017 851 871 
724 1030 1029 871 547 
725 871 1034 1032 1033 
726 1034 851 1021 1032 
727 1032 1021 872 970 
728 1033 1032 970 870 
729 970 1037 1035 1036 
730 1037 872 1025 1035 
731 1036 1035 1006 969 
732 989 968 1039 1038 
733 1038 1039 983 1040 
734 999 1038 1040 896 
735 1028 986 1042 1041 
736 1041 1042 989 1043 
737 1007 1041 1043 854 
738 1025 1046 1044 1045 
739 1046 1024 1047 1044 
740 1044 1047 1028 1048 
741 1035 1051 1049 1050 
742 1051 1025 1045 1049 
743 1049 1045 971 1052 
744 1050 1049 1052 1006 
745 971 1048 1053 1054 
746 1048 1028 1055 1053 
747 1053 1055 1041 1056 
748 1054 1053 1056 1007 
749 1045 1059 1057 1058 
750 1059 1044 1060 1057 
751 1057 1060 1048 1061 
752 1058 1057 1061 971 
753 34 947 1062 950 
754 947 936 1063 1062 
755 1062 1063 941 1064 
756 950 1062 1064 899 
757 972 1008 1065 1066 
758 1008 854 1067 1065 
759 1065 1067 999 1068 
760 1066 1065 1068 998 
761 854 1043 1069 1067 
762 1043 989 1070 1069 
763 1069 1070 1038 1071 
764 1067 1069 1071 999 
765 1 1074 1072 1073 
766 1074 12 160 1072 
767 1072 160 10 62 
768 1073 1072 62 11 
769 16 1076 1075 519 
770 1076 2 1077 1075 
771 1075 1077 17 538 
772 519 1075 538 15 
773 20 94 1078 1079 
774 94 19 214 1078 
775 1078 214 22 1080 
776 1079 1078 1080 4 
777 10 1083 1081 1082 
778 1083 25 164 1081 
779 1081 164 23 66 
780 1082 1081 66 24 
781 28 568 1084 585 
782 568 29 1085 1084 
783 1084 1085 3 1086 
784 585 1084 1086 30 
785 36 97 1087 1088 
786 97 35 218 1087 
787 1087 218 38 1089 
788 1088 1087 1089 19 
789 23 1092 1090 1091 
790 1092 41 168 1090 
791 1090 168 39 70 
792 1091 1090 70 40 
793 44 571 1093 588 
794 571 45 1094 1093 
795 1093 1094 28 1095 
796 588 1093 1095 46 
797 48 1097 1096 525 
798 1097 31 1013 1096 
799 1096 1013 49 546 
800 525 1096 546 47 
801 52 100 1098 1099 
802 100 51 222 1098 
803 1098 222 54 1100 
804 1099 1098 1100 35 
805 70 1103 1101 1102 
806 1103 39 172 1101 
807 1101 172 56 112 
808 1102 1101 112 68 
809 72 574 1104 591 
810 574 73 1105 1104 
811 1104 1105 44 1106 
812 591 1104 1106 74 
813 56 1109 1107 1108 
814 1109 81 176 1107 
815 1107 176 79 116 
816 1108 1107 116 80 
817 89 1111 1110 390 
818 1111 58 530 1110 
819 1110 530 90 453 
820 390 1110 453 88 
821 98 135 1112 1113 
822 135 76 226 1112 
823 1112 226 51 1114 
824 1113 1112 1114 100 
825 102 138 1115 1116 
826 138 101 230 1115 
827 1115 230 104 1117 
828 1116 1115 1117 76 
829 116 1120 1118 1119 
830 1120 79 180 1118 
831 1118 180 106 141 
832 1119 1118 141 114 
833 121 484 1121 406 
834 484 122 597 1121 
835 1121 597 77 1122 
836 406 1121 1122 123 
837 136 154 1123 1124 
838 154 125 234 1123 
839 1123 234 101 1125 
840 1124 1123 1125 138 
841 183 1128 1126 1127 
842 1128 186 254 1126 
843 1126 254 128 201 
844 1127 1126 201 149 
845 188 1130 1129 393 
846 1130 88 1131 1129 
847 1129 1131 189 457 
848 393 1129 457 187 
849 204 487 1132 409 
850 487 205 1133 1132 
851 1132 1133 121 1134 
852 409 1132 1134 206 
853 158 245 1135 1136 
854 245 143 270 1135 
855 1135 270 239 1137 
856 1136 1135 1137 237 
857 250 1139 1138 260 
858 1139 196 296 1138 
859 1138 296 251 1140 
860 260 1138 1140 249 
861 265 1142 1141 276 
862 1142 267 317 1141 
863 1141 317 212 1143 
864 276 1141 1143 268 
865 279 341 1144 323 
866 341 191 362 1144 
867 1144 362 280 1145 
868 323 1144 1145 278 
869 248 1147 1146 294 
870 1147 289 338 1146 
871 1146 338 279 322 
872 294 1146 322 131 
873 300 1149 1148 327 
874 1149 301 377 1148 
875 1148 377 207 351 
876 327 1148 351 302 
877 145 328 1150 314 
878 328 302 350 1150 
879 1150 350 310 1151 
880 314 1150 1151 263 
881 329 463 1152 420 
882 463 331 1153 1152 
883 1152 1153 190 1154 
884 420 1152 1154 332 
885 332 1154 1155 435 
886 1154 190 1156 1155 
887 1155 1156 343 489 
888 435 1155 489 342 
889 397 467 1157 469 
890 467 329 1158 1157 
891 1157 1158 420 1159 
892 469 1157 1159 419 
893 400 1161 1160 432 
894 1161 422 472 1160 
895 1160 472 425 1162 
896 432 1160 1162 193 
897 434 1164 1163 478 
898 1164 435 1165 1163 
899 1163 1165 342 493 
900 478 1163 493 412 
901 208 1167 1166 446 
902 1167 440 497 1166 
903 1166 497 439 1168 
904 446 1166 1168 417 
905 449 1170 1169 532 
906 1170 84 629 1169 
907 1169 629 450 554 
908 532 1169 554 448 
909 479 580 1171 598 
910 580 480 666 1171 
911 1171 666 118 1172 
912 598 1171 1172 481 
913 502 1174 1173 536 
914 1174 448 1175 1173 
915 1173 1175 503 558 
916 536 1173 558 501 
917 505 583 1176 602 
918 583 506 1177 1176 
919 1176 1177 479 1178 
920 602 1176 1178 507 
921 15 1180 1179 1011 
922 1180 538 1181 1179 
923 1179 1181 537 958 
924 1011 1179 958 33 
925 542 1183 1182 1015 
926 1183 33 1184 1182 
927 1182 1184 543 962 
928 1015 1182 962 541 
929 47 1186 1185 627 
930 1186 546 1187 1185 
931 1185 1187 545 637 
932 627 1185 637 86 
933 546 1189 1188 1187 
934 1189 49 1030 1188 
935 1188 1030 547 856 
936 1187 1188 856 545 
937 550 1191 1190 631 
938 1191 86 1192 1190 
939 1190 1192 551 641 
940 631 1190 641 549 
941 45 979 1193 1094 
942 979 566 1194 1193 
943 1193 1194 568 1195 
944 1094 1193 1195 28 
945 73 861 1196 1105 
946 861 569 1197 1196 
947 1196 1197 571 1198 
948 1105 1196 1198 44 
949 119 655 1199 663 
950 655 572 1200 1199 
951 1199 1200 574 1201 
952 663 1199 1201 72 
953 575 658 1202 667 
954 658 576 1203 1202 
955 1202 1203 119 1204 
956 667 1202 1204 577 
957 86 1206 1205 1192 
958 1206 637 1207 1205 
959 1205 1207 636 991 
960 1192 1205 991 551 
961 637 1209 1208 1207 
962 1209 545 1210 1208 
963 1208 1210 638 889 
964 1207 1208 889 636 
965 549 1212 1211 680 
966 1212 641 1213 1211 
967 1211 1213 640 755 
968 680 1211 755 611 
969 50 992 1214 657 
970 992 639 919 1214 
971 1214 919 653 1215 
972 657 1214 1215 576 
973 576 1215 1216 1203 
974 1215 653 1217 1216 
975 1216 1217 655 1218 
976 1203 1216 1218 119 
977 614 772 1219 698 
978 772 656 1220 1219 
979 1219 1220 658 1221 
980 698 1219 1221 575 
981 611 1223 1222 760 
982 1223 755 1224 1222 
983 1222 1224 754 829 
984 760 1222 829 646 
985 758 1226 1225 810 
986 1226 760 1227 1225 
987 1225 1227 646 833 
988 810 1225 833 761 
989 660 842 1228 775 
990 842 770 1229 1228 
991 1228 1229 772 1230 
992 775 1228 1230 614 
993 774 846 1231 821 
994 846 660 1232 1231 
995 1231 1232 775 1233 
996 821 1231 1233 773 
997 545 1235 1234 1210 
998 1235 856 1236 1234 
999 1234 1236 855 867 
1000 1210 1234 867 638 
1001 856 1238 1237 1236 
1002 1238 547 1239 1237 
1003 1237 1239 857 875 
1004 1236 1237 875 855 
1005 547 1241 1240 1239 
1006 1241 871 1033 1240 
1007 1240 1033 870 934 
1008 1239 1240 934 857 
1009 887 1243 1242 996 
1010 1243 866 892 1242 
1011 1242 892 548 1244 
1012 996 1242 1244 890 
1013 858 913 1245 903 
1014 913 877 949 1245 
1015 1245 949 898 1246 
1016 903 1245 1246 880 
1017 886 917 1247 926 
1018 917 858 1248 1247 
1019 1247 1248 903 1249 
1020 926 1247 1249 901 
1021 890 1244 1250 1251 
1022 1244 548 922 1250 
1023 1250 922 879 1252 
1024 1251 1250 1252 918 
1025 936 976 1253 1063 
1026 976 873 1254 1253 
1027 1253 1254 942 1255 
1028 1063 1253 1255 941 
1029 870 1258 1256 1257 
1030 1258 970 1036 1256 
1031 1256 1036 969 1002 
1032 1257 1256 1002 935 
1033 873 1004 1259 1254 
1034 1004 972 1066 1259 
1035 1259 1066 998 1260 
1036 1254 1259 1260 942 
1037 1006 1052 1261 1262 
1038 1052 971 1054 1261 
1039 1261 1054 1007 1263 
1040 1262 1261 1263 1005 
1041 569 982 1264 1197 
1042 982 570 1265 1264 
1043 1264 1265 45 1266 
1044 1197 1264 1266 571 
1045 572 864 1267 1200 
1046 864 573 1268 1267 
1047 1267 1268 73 1269 
1048 1200 1267 1269 574 
1049 653 920 1270 1217 
1050 920 654 1271 1270 
1051 1270 1271 572 1272 
1052 1217 1270 1272 655 
1053 573 897 1273 1268 
1054 897 859 1274 1273 
1055 1273 1274 861 1275 
1056 1268 1273 1275 73 
1057 654 881 1276 1271 
1058 881 862 1277 1276 
1059 1276 1277 864 1278 
1060 1271 1276 1278 572 
1061 639 997 1279 1280 
1062 997 890 1251 1279 
1063 1279 1251 918 1281 
1064 1280 1279 1281 919 
1065 934 1284 1282 1283 
1066 1284 870 1257 1282 
1067 1282 1257 935 974 
1068 1283 1282 974 933 
1069 859 985 1285 1274 
1070 985 860 1286 1285 
1071 1285 1286 569 1287 
1072 1274 1285 1287 861 
1073 862 900 1288 1277 
1074 900 863 1289 1288 
1075 1288 1289 573 1290 
1076 1277 1288 1290 864 
1077 863 943 1291 1289 
1078 943 895 1292 1291 
1079 1291 1292 897 1293 
1080 1289 1291 1293 573 
1081 857 1296 1294 1295 
1082 1296 934 1283 1294 
1083 1294 1283 933 945 
1084 1295 1294 945 876 
