2 0.000000 100.000000 262.180540
1461 1237 
1 -11.368037 0.000000 -11.611899 99.756407 -6.975195 -0.000059 0.000001 
2 13.641644 0.000000 -11.611899 99.756594 -6.972063 -0.000334 0.000001 
3 13.641644 0.000000 11.611899 99.755954 -6.982410 0.000108 -0.000000 
4 -11.368037 0.000000 11.611899 99.756400 -6.976311 -0.000053 -0.000001 
5 1.136804 0.000000 0.000000 101.602583 -6.604896 -0.005488 -0.036671 
6 -11.368037 0.000000 0.000000 99.756387 -6.975761 -0.000054 0.000000 
7 1.136804 0.000000 -11.611899 99.756414 -6.973932 -0.000232 0.000002 
8 13.641644 0.000000 0.000000 99.783371 -6.589075 0.206170 -0.000018 
9 1.136804 0.000000 11.611899 99.756367 -6.979004 -0.000243 -0.000004 
10 -5.115617 0.000000 -5.805950 99.756301 -6.975115 -0.000178 0.000003 
11 -11.368037 0.000000 -5.805950 99.756390 -6.975410 -0.000063 0.000001 
12 -5.115617 0.000000 -11.611899 99.756398 -6.974778 -0.000115 0.000001 
13 1.136804 0.000000 -5.805950 99.756231 -6.974821 -0.000854 0.000005 
14 -5.115617 0.000000 0.000000 99.756207 -6.976177 -0.000072 0.000003 
15 7.389224 0.000000 -5.805950 99.756380 -6.971838 -0.002001 0.000006 
16 7.389224 0.000000 -11.611899 99.756493 -6.972802 -0.000348 0.000002 
17 13.641644 0.000000 -5.805950 99.756687 -6.970440 -0.002160 0.000002 
18 7.389224 0.000000 0.000000 99.881187 -5.185133 1.339252 -0.000493 
19 -5.115617 0.000000 5.805950 99.756434 -6.977047 -0.000066 -0.000003 
20 -11.368037 0.000000 5.805950 99.756400 -6.976111 -0.000051 -0.000001 
21 1.136804 0.000000 5.805950 99.756803 -6.983546 -0.000909 -0.000019 
22 -5.115617 0.000000 11.611899 99.756413 -6.977097 -0.000098 -0.000002 
23 -1.989406 0.000000 -2.902975 99.755554 -6.976011 -0.000815 0.000016 
24 -5.115617 0.000000 -2.902975 99.756206 -6.975558 -0.000166 0.000004 
25 -1.989406 0.000000 -5.805950 99.756225 -6.974842 -0.000439 0.000005 
26 1.136804 0.000000 -2.902975 99.758590 -6.980994 -0.002842 -0.000051 
27 -1.989406 0.000000 0.000000 99.754030 -6.978919 -0.000092 0.000043 
28 7.389224 0.000000 5.805950 99.755330 -6.992143 -0.000457 -0.000002 
29 13.641644 0.000000 5.805950 99.755141 -6.993593 0.001537 0.000000 
30 7.389224 0.000000 11.611899 99.756104 -6.981289 -0.000209 -0.000002 
31 4.263014 0.000000 -2.902975 99.754495 -6.981127 -0.007350 0.000030 
32 4.263014 0.000000 -5.805950 99.756122 -6.973322 -0.001499 0.000009 
33 7.389224 0.000000 -2.902975 99.755837 -6.977312 -0.011413 0.000009 
34 4.263014 0.000000 0.000000 99.803803 -6.220362 -2.113485 -0.000396 
35 -1.989406 0.000000 2.902975 99.756343 -6.979134 0.000263 -0.000004 
36 -5.115617 0.000000 2.902975 99.756345 -6.976735 -0.000027 -0.000000 
37 1.136804 0.000000 2.902975 99.760741 -6.994852 -0.002624 -0.000113 
38 -1.989406 0.000000 5.805950 99.756614 -6.978736 -0.000148 -0.000008 
39 -0.426301 0.000000 -1.451487 99.745824 -6.986324 -0.011635 0.000196 
40 -1.989406 0.000000 -1.451487 99.753562 -6.983598 0.001079 0.000046 
41 -0.426301 0.000000 -2.902975 99.749034 -6.981843 0.000637 0.000138 
42 1.136804 0.000000 -1.451487 99.748180 -7.014422 -0.012316 0.000110 
43 -0.426301 0.000000 0.000000 100.002451 -7.097916 0.012244 -0.005087 
44 4.263014 0.000000 2.902975 99.752913 -7.020004 -0.004588 0.000008 
45 7.389224 0.000000 2.902975 99.752848 -7.024916 0.002195 0.000002 
46 4.263014 0.000000 5.805950 99.755906 -6.988970 -0.001281 -0.000009 
47 2.699909 0.000000 -1.451487 99.746204 -7.034457 -0.016345 0.000121 
48 2.699909 0.000000 -2.902975 99.752492 -6.981696 -0.004855 0.000070 
49 4.263014 0.000000 -1.451487 99.748814 -7.025021 -0.044185 0.000082 
50 2.699909 0.000000 0.000000 99.859784 -5.909836 -1.049268 -0.000800 
51 -0.426301 0.000000 1.451487 99.749329 -6.990630 0.010205 0.000120 
52 -1.989406 0.000000 1.451487 99.754789 -6.979302 0.000314 0.000027 
53 1.136804 0.000000 1.451487 99.756437 -7.027272 -0.001637 -0.000073 
54 -0.426301 0.000000 2.902975 99.755718 -6.986382 0.000648 -0.000001 
55 0.355251 0.000000 -0.725744 99.789808 -7.076709 -0.130394 -0.000810 
56 -0.426301 0.000000 -0.725744 99.715941 -7.022670 0.015610 0.000741 
57 0.355251 0.000000 -1.451487 99.763759 -7.000185 -0.020336 -0.000181 
58 1.136804 0.000000 -0.725744 99.776942 -7.136906 -0.003897 -0.000637 
59 0.355251 0.000000 0.000000 71.412196 -0.042343 0.000302 0.490030 
60 -8.241827 0.000000 -2.902975 99.756347 -6.975550 -0.000084 0.000001 
61 -11.368037 0.000000 -2.902975 99.756385 -6.975573 -0.000059 0.000000 
62 -8.241827 0.000000 -5.805950 99.756363 -6.975299 -0.000093 0.000001 
63 -8.241827 0.000000 0.000000 99.756352 -6.975859 -0.000064 0.000001 
64 -3.552511 0.000000 -1.451487 99.755901 -6.976165 -0.000205 0.000009 
65 -5.115617 0.000000 -1.451487 99.756184 -6.975857 -0.000124 0.000004 
66 -3.552511 0.000000 -2.902975 99.756003 -6.975658 -0.000311 0.000008 
67 -3.552511 0.000000 0.000000 99.755959 -6.976700 -0.000060 0.000007 
68 -1.207854 0.000000 -0.725744 99.751515 -6.980020 0.003630 0.000091 
69 -1.989406 0.000000 -0.725744 99.755566 -6.978232 -0.005588 0.000013 
70 -1.207854 0.000000 -1.451487 99.751421 -6.979586 -0.002508 0.000094 
71 -1.207854 0.000000 0.000000 99.753875 -6.983291 0.000340 0.000040 
72 2.699909 0.000000 1.451487 99.747165 -7.104293 -0.030537 0.000003 
73 4.263014 0.000000 1.451487 99.742935 -7.122905 -0.003387 0.000061 
74 2.699909 0.000000 2.902975 99.756260 -7.010300 -0.007323 -0.000046 
75 0.355251 0.000000 0.725744 99.818388 -7.087185 0.120101 -0.001395 
76 -0.426301 0.000000 0.725744 99.728310 -7.007335 -0.005646 0.000516 
77 1.136804 0.000000 0.725744 99.801751 -7.128687 -0.015539 -0.001121 
78 0.355251 0.000000 1.451487 99.767904 -7.006664 0.014180 -0.000273 
79 -0.035525 0.000000 -0.362872 99.150306 -7.180304 0.109527 0.011765 
80 -0.426301 0.000000 -0.362872 99.798785 -7.021075 0.064254 -0.000910 
81 -0.035525 0.000000 -0.725744 99.655582 -7.023624 -0.060483 0.001943 
82 0.355251 0.000000 -0.362872 100.415182 -7.455294 -0.645832 -0.013921 
83 -0.035525 0.000000 0.000000 169.310757 -7.441807 -0.027655 -1.872151 
84 1.918356 0.000000 -0.725744 99.739261 -7.205098 -0.003207 0.000017 
85 1.918356 0.000000 -1.451487 99.766486 -7.025021 -0.000522 -0.000270 
86 2.699909 0.000000 -0.725744 99.688289 -7.216799 -0.119529 0.001015 
87 1.918356 0.000000 0.000000 100.635424 -10.024454 -1.972695 -0.023187 
88 0.746027 0.000000 -0.362872 99.750702 -7.554415 0.075870 -0.000728 
89 0.746027 0.000000 -0.725744 99.758024 -7.109753 0.000859 -0.000221 
90 1.136804 0.000000 -0.362872 99.811880 -7.608719 -0.058050 -0.002031 
91 0.746027 0.000000 0.000000 101.733346 -6.545766 -0.009616 -0.039252 
92 -8.241827 0.000000 2.902975 99.756380 -6.976165 -0.000053 -0.000000 
93 -11.368037 0.000000 2.902975 99.756393 -6.975949 -0.000051 -0.000000 
94 -8.241827 0.000000 5.805950 99.756403 -6.976402 -0.000057 -0.000001 
95 -3.552511 0.000000 1.451487 99.756123 -6.977142 0.000030 0.000004 
96 -5.115617 0.000000 1.451487 99.756270 -6.976480 -0.000036 0.000002 
97 -3.552511 0.000000 2.902975 99.756318 -6.977444 0.000039 -0.000001 
98 -1.207854 0.000000 0.725744 99.753593 -6.983189 -0.000717 0.000046 
99 -1.989406 0.000000 0.725744 99.756007 -6.980444 0.005578 0.000001 
100 -1.207854 0.000000 1.451487 99.752858 -6.982376 0.001759 0.000061 
101 -0.035525 0.000000 0.362872 99.130915 -7.202463 -0.120424 0.012117 
102 -0.426301 0.000000 0.362872 99.770511 -7.029530 -0.105890 -0.000358 
103 0.355251 0.000000 0.362872 100.450734 -7.460256 0.636161 -0.014641 
104 -0.035525 0.000000 0.725744 99.680762 -7.040728 0.065396 0.001417 
105 0.159863 0.000000 -0.181436 98.272339 -8.506355 -4.885292 0.024632 
106 -0.035525 0.000000 -0.181436 97.598967 -7.274144 3.222079 0.041115 
107 0.159863 0.000000 -0.362872 99.295499 -7.282303 -0.843631 0.008666 
108 0.355251 0.000000 -0.181436 101.820060 -8.998606 -1.551604 -0.045071 
109 0.159863 0.000000 0.000000 120.633824 0.032062 0.039496 -0.455252 
110 -0.817078 0.000000 -0.362872 99.758869 -7.007185 0.011863 -0.000093 
111 -1.207854 0.000000 -0.362872 99.752241 -6.982696 0.001031 0.000073 
112 -0.817078 0.000000 -0.725744 99.746177 -6.984585 0.004739 0.000192 
113 -0.817078 0.000000 0.000000 99.771026 -7.007085 0.005228 -0.000336 
114 -0.230913 0.000000 -0.181436 100.410496 -7.125604 0.429603 -0.013323 
115 -0.426301 0.000000 -0.181436 99.922866 -7.095192 0.078918 -0.003493 
116 -0.230913 0.000000 -0.362872 99.594134 -7.058853 0.328426 0.003107 
117 -0.230913 0.000000 0.000000 101.333503 -7.198839 -0.033029 -0.032030 
118 1.918356 0.000000 0.725744 99.841361 -7.267287 -0.089638 -0.002112 
119 2.699909 0.000000 0.725744 99.708995 -7.365171 -0.076456 0.000386 
120 1.918356 0.000000 1.451487 99.765950 -7.074478 -0.027040 -0.000329 
121 0.746027 0.000000 0.362872 99.769908 -7.556043 -0.109647 -0.001114 
122 1.136804 0.000000 0.362872 99.840666 -7.617041 0.044496 -0.002618 
123 0.746027 0.000000 0.725744 99.790704 -7.111493 -0.029710 -0.000876 
124 0.159863 0.000000 0.181436 98.296031 -8.462152 4.881345 0.024245 
125 -0.035525 0.000000 0.181436 97.606398 -7.303469 -3.226264 0.040924 
126 0.355251 0.000000 0.181436 101.792273 -8.986718 1.563733 -0.044487 
127 0.159863 0.000000 0.362872 99.314849 -7.305164 0.845225 0.008248 
128 0.062169 0.000000 -0.090718 85.600272 -10.523763 -8.111832 0.249604 
129 -0.035525 0.000000 -0.090718 104.161564 -7.709729 19.477875 -0.128846 
130 0.062169 0.000000 -0.181436 95.859149 -7.871872 -1.673913 0.074626 
131 0.159863 0.000000 -0.090718 99.382107 -12.618952 -13.413083 -0.021595 
132 0.062169 0.000000 0.000000 202.904040 -0.774003 -0.007420 -3.117065 
133 -0.817078 0.000000 0.362872 99.761902 -6.995085 -0.001925 -0.000137 
134 -1.207854 0.000000 0.362872 99.752989 -6.983443 -0.000523 0.000057 
135 -0.817078 0.000000 0.725744 99.749366 -6.989071 -0.002805 0.000122 
136 -0.230913 0.000000 0.181436 100.385506 -7.134129 -0.475207 -0.012837 
137 -0.426301 0.000000 0.181436 99.904882 -7.024459 -0.093784 -0.003034 
138 -0.230913 0.000000 0.362872 99.593367 -7.048514 -0.334088 0.003137 
139 -0.133219 0.000000 -0.090718 103.666628 -7.321706 2.687379 -0.080760 
140 -0.230913 0.000000 -0.090718 100.957817 -7.179321 0.474569 -0.024425 
141 -0.133219 0.000000 -0.181436 100.171711 -7.389985 2.019073 -0.009306 
142 -0.133219 0.000000 0.000000 106.889210 -7.238501 -0.015891 -0.147770 
143 0.062169 0.000000 0.090718 85.473161 -10.512789 8.102245 0.251817 
144 -0.035525 0.000000 0.090718 104.150773 -7.736576 -19.505747 -0.128771 
145 0.159863 0.000000 0.090718 99.383468 -12.536507 13.414427 -0.021418 
146 0.062169 0.000000 0.181436 95.891417 -7.875692 1.689084 0.073996 
147 0.013322 0.000000 -0.045359 73.044778 -11.583688 -14.360863 0.432404 
148 -0.035525 0.000000 -0.045359 146.741446 -7.683540 30.514034 -1.252320 
149 0.013322 0.000000 -0.090718 75.523951 -9.096262 6.444750 0.417186 
150 0.062169 0.000000 -0.045359 199.585671 -0.638355 -19.737632 -3.022442 
151 0.013322 0.000000 0.000000 253.973815 -3.657610 0.005158 -5.451608 
152 -0.133219 0.000000 0.090718 103.677662 -7.356541 -2.690644 -0.081042 
153 -0.230913 0.000000 0.090718 100.942256 -7.188860 -0.533988 -0.024130 
154 -0.133219 0.000000 0.181436 100.133760 -7.335529 -2.037978 -0.008473 
155 0.013322 0.000000 0.045359 72.948629 -11.862792 14.342905 0.433205 
156 -0.035525 0.000000 0.045359 146.735773 -7.710380 -30.559172 -1.252470 
157 0.062169 0.000000 0.045359 199.589037 -0.661086 19.736243 -3.022574 
158 0.013322 0.000000 0.090718 75.525842 -9.153818 -6.482949 0.417003 
159 -1.989406 0.000000 -8.708925 99.756354 -6.974483 -0.000252 0.000003 
160 -5.115617 0.000000 -8.708925 99.756365 -6.974879 -0.000146 0.000002 
161 -1.989406 0.000000 -11.611899 99.756401 -6.974418 -0.000167 0.000002 
162 1.136804 0.000000 -8.708925 99.756360 -6.973879 -0.000396 0.000003 
163 -0.426301 0.000000 -4.354462 99.756131 -6.975355 -0.001105 0.000006 
164 -1.989406 0.000000 -4.354462 99.756036 -6.975283 -0.000620 0.000008 
165 -0.426301 0.000000 -5.805950 99.756250 -6.974682 -0.000638 0.000004 
166 1.136804 0.000000 -4.354462 99.756685 -6.976602 -0.001438 -0.000007 
167 0.355251 0.000000 -2.177231 99.763748 -6.991567 -0.009453 -0.000169 
168 -0.426301 0.000000 -2.177231 99.753977 -6.980178 -0.006376 0.000042 
169 0.355251 0.000000 -2.902975 99.757672 -6.979225 -0.004041 -0.000030 
170 1.136804 0.000000 -2.177231 99.771467 -6.992781 -0.006818 -0.000324 
171 -0.035525 0.000000 -1.088616 99.733130 -7.012911 -0.034360 0.000412 
172 -0.426301 0.000000 -1.088616 99.742686 -6.992651 -0.016936 0.000250 
173 -0.035525 0.000000 -1.451487 99.736552 -6.989521 -0.010825 0.000377 
174 0.355251 0.000000 -1.088616 99.764646 -7.027188 -0.045637 -0.000237 
175 0.159863 0.000000 -0.544308 99.610986 -7.153410 -0.276337 0.002640 
176 -0.035525 0.000000 -0.544308 99.581198 -7.088023 -0.077126 0.003334 
177 0.159863 0.000000 -0.725744 99.700300 -7.046280 -0.133250 0.001018 
178 0.355251 0.000000 -0.544308 99.839510 -7.183041 -0.245675 -0.001958 
179 0.062169 0.000000 -0.272154 97.552913 -7.410511 -0.714576 0.042800 
180 -0.035525 0.000000 -0.272154 98.201573 -7.279554 0.863202 0.030271 
181 0.062169 0.000000 -0.362872 98.932513 -7.234511 -0.369004 0.015988 
182 0.159863 0.000000 -0.272154 98.741990 -7.562025 -2.079718 0.018851 
183 0.013322 0.000000 -0.136077 92.783908 -8.011450 2.901223 0.131855 
184 -0.035525 0.000000 -0.136077 98.583344 -7.446708 6.698924 0.018100 
185 0.013322 0.000000 -0.181436 95.864063 -7.518294 1.210825 0.075209 
186 0.062169 0.000000 -0.136077 93.594417 -8.532372 -3.446596 0.115540 
187 0.550639 0.000000 -0.181436 101.236434 -8.000402 -0.010765 -0.031282 
188 0.550639 0.000000 -0.362872 100.056713 -7.501568 0.113335 -0.006763 
189 0.746027 0.000000 -0.181436 101.797716 -7.996760 -0.006644 -0.042672 
190 0.550639 0.000000 0.000000 101.241854 -6.532246 -0.010405 -0.029258 
191 0.257557 0.000000 -0.090718 102.672796 -12.582834 -10.264431 -0.080539 
192 0.257557 0.000000 -0.181436 100.670648 -8.788265 -3.813299 -0.022635 
193 0.355251 0.000000 -0.090718 105.208939 -12.599834 -4.437859 -0.124737 
194 0.257557 0.000000 0.000000 85.837274 -0.095592 0.011441 0.263195 
195 0.111016 0.000000 -0.045359 149.827605 -0.243139 -13.914530 -1.264198 
196 0.111016 0.000000 -0.090718 92.389897 -12.521398 -15.451885 0.106856 
197 0.159863 0.000000 -0.045359 119.448476 -0.034660 -8.629467 -0.434241 
198 0.111016 0.000000 0.000000 153.163257 -0.254039 -0.011258 -1.345905 
199 0.037745 0.000000 -0.068038 73.960755 -11.658457 -14.477609 0.418429 
200 0.013322 0.000000 -0.068038 72.997013 -11.363803 -14.207687 0.434044 
201 0.037745 0.000000 -0.090718 83.047020 -9.851718 -4.835771 0.298275 
202 0.062169 0.000000 -0.068038 79.091499 -11.988754 -15.252646 0.336816 
203 0.037745 0.000000 -0.045359 73.586969 -11.703541 -14.466733 0.423870 
204 0.550639 0.000000 0.181436 101.245871 -7.995081 -0.004827 -0.031465 
205 0.746027 0.000000 0.181436 101.805508 -7.999342 -0.007652 -0.042835 
206 0.550639 0.000000 0.362872 100.082606 -7.530113 -0.138248 -0.007325 
207 0.257557 0.000000 0.090718 102.645866 -12.592669 10.262251 -0.080006 
208 0.355251 0.000000 0.090718 105.291071 -12.614578 4.440156 -0.126505 
209 0.257557 0.000000 0.181436 100.659500 -8.771549 3.807786 -0.022377 
210 0.111016 0.000000 0.045359 149.819212 -0.239362 13.887953 -1.263873 
211 0.159863 0.000000 0.045359 119.444794 -0.003319 8.683761 -0.434247 
212 0.111016 0.000000 0.090718 92.294409 -12.577324 15.437389 0.108524 
213 -1.989406 0.000000 8.708925 99.756488 -6.978286 -0.000193 -0.000005 
214 -5.115617 0.000000 8.708925 99.756435 -6.977134 -0.000095 -0.000003 
215 1.136804 0.000000 8.708925 99.756453 -6.980285 -0.000419 -0.000007 
216 -1.989406 0.000000 11.611899 99.756415 -6.977884 -0.000158 -0.000003 
217 -0.426301 0.000000 4.354462 99.757158 -6.981638 -0.000261 -0.000023 
218 -1.989406 0.000000 4.354462 99.756623 -6.978927 -0.000002 -0.000009 
219 1.136804 0.000000 4.354462 99.758514 -6.981906 -0.001305 -0.000051 
220 -0.426301 0.000000 5.805950 99.756806 -6.980471 -0.000390 -0.000015 
221 0.355251 0.000000 2.177231 99.761635 -6.994764 0.005334 -0.000131 
222 -0.426301 0.000000 2.177231 99.756096 -6.985849 0.004266 -0.000008 
223 1.136804 0.000000 2.177231 99.774492 -7.003214 -0.001567 -0.000399 
224 0.355251 0.000000 2.902975 99.759575 -6.988506 0.000717 -0.000081 
225 -0.035525 0.000000 1.088616 99.745816 -7.006049 0.034000 0.000169 
226 -0.426301 0.000000 1.088616 99.746653 -6.994558 0.015077 0.000168 
227 0.355251 0.000000 1.088616 99.780917 -7.020331 0.039601 -0.000552 
228 -0.035525 0.000000 1.451487 99.742258 -6.994494 0.008271 0.000256 
229 0.159863 0.000000 0.544308 99.623112 -7.152029 0.276250 0.002401 
230 -0.035525 0.000000 0.544308 99.537273 -7.055396 0.067581 0.004255 
231 0.355251 0.000000 0.544308 99.867205 -7.191805 0.236945 -0.002524 
232 0.159863 0.000000 0.725744 99.730620 -7.065274 0.131105 0.000387 
233 0.062169 0.000000 0.272154 97.495665 -7.430281 0.722641 0.043886 
234 -0.035525 0.000000 0.272154 98.159242 -7.279246 -0.871934 0.031102 
235 0.159863 0.000000 0.272154 98.725160 -7.608525 2.086913 0.019110 
236 0.062169 0.000000 0.362872 98.913820 -7.246233 0.371572 0.016341 
237 0.013322 0.000000 0.136077 92.727682 -8.011137 -2.914593 0.132890 
238 -0.035525 0.000000 0.136077 98.560984 -7.466215 -6.713348 0.018492 
239 0.062169 0.000000 0.136077 93.549142 -8.578912 3.435858 0.116316 
240 0.013322 0.000000 0.181436 95.888787 -7.553566 -1.207655 0.074683 
241 0.037745 0.000000 0.068038 73.913696 -11.855483 14.472887 0.418675 
242 0.013322 0.000000 0.068038 72.916084 -11.647938 14.195917 0.434605 
243 0.037745 0.000000 0.045359 73.538573 -11.890189 14.461301 0.424157 
244 0.062169 0.000000 0.068038 79.040901 -12.156184 15.244376 0.337237 
245 0.037745 0.000000 0.090718 82.943088 -9.822101 4.829634 0.300065 
246 0.111016 0.000000 -0.136077 96.589392 -9.103595 -6.348512 0.054731 
247 0.111016 0.000000 -0.181436 96.997728 -8.211135 -3.737922 0.051005 
248 0.159863 0.000000 -0.136077 98.755278 -9.722344 -7.424038 0.009775 
249 0.086592 0.000000 -0.068038 91.704280 -12.423446 -15.274657 0.120267 
250 0.086592 0.000000 -0.090718 92.139119 -12.541136 -15.413524 0.111553 
251 0.111016 0.000000 -0.068038 92.383252 -12.381676 -15.353380 0.107630 
252 0.086592 0.000000 -0.045359 172.748676 -0.334727 -17.837008 -2.016038 
253 0.086592 0.000000 -0.113397 93.350468 -9.593267 -8.018632 0.112936 
254 0.062169 0.000000 -0.113397 90.740349 -9.205421 -5.445485 0.165180 
255 0.086592 0.000000 -0.136077 95.032551 -8.777308 -5.291705 0.086377 
256 0.111016 0.000000 -0.113397 95.951745 -9.994253 -8.889642 0.061435 
257 0.074381 0.000000 -0.079378 88.680290 -12.404368 -15.195545 0.175103 
258 0.062169 0.000000 -0.079378 80.076369 -12.088309 -15.264353 0.320865 
259 0.074381 0.000000 -0.090718 86.435685 -10.843932 -12.061008 0.226581 
260 0.086592 0.000000 -0.079378 91.830507 -12.444811 -15.307234 0.117797 
261 0.074381 0.000000 -0.068038 85.895538 -12.302465 -15.306696 0.223631 
262 0.111016 0.000000 0.136077 96.539754 -9.056944 6.380569 0.055734 
263 0.159863 0.000000 0.136077 98.715287 -9.701398 7.443983 0.010576 
264 0.111016 0.000000 0.181436 97.024178 -8.189703 3.743938 0.050522 
265 0.086592 0.000000 0.068038 91.644400 -12.323915 15.264460 0.121642 
266 0.086592 0.000000 0.045359 172.738206 -0.330386 17.808475 -2.015574 
267 0.111016 0.000000 0.068038 92.297924 -12.414523 15.340494 0.109164 
268 0.086592 0.000000 0.090718 92.087042 -12.419094 15.403556 0.112847 
269 0.086592 0.000000 0.113397 93.290661 -9.624016 8.030263 0.113975 
270 0.062169 0.000000 0.113397 90.674699 -9.246224 5.434730 0.166307 
271 0.111016 0.000000 0.113397 95.905960 -9.949809 8.920093 0.062348 
272 0.086592 0.000000 0.136077 94.998059 -8.788443 5.305675 0.086998 
273 0.074381 0.000000 0.079378 88.620101 -12.362575 15.184553 0.176307 
274 0.062169 0.000000 0.079378 80.024533 -12.235030 15.255133 0.321366 
275 0.074381 0.000000 0.068038 85.837565 -12.324477 15.295967 0.224605 
276 0.086592 0.000000 0.079378 91.768737 -12.351846 15.296758 0.119194 
277 0.074381 0.000000 0.090718 86.339873 -10.875875 12.058699 0.228173 
278 0.208710 0.000000 -0.045359 98.546989 -0.119016 -5.361538 0.025973 
279 0.208710 0.000000 -0.090718 100.550266 -12.683572 -12.746849 -0.043371 
280 0.257557 0.000000 -0.045359 84.966788 -0.076913 -4.111405 0.276374 
281 0.208710 0.000000 0.000000 99.652683 -0.006619 0.026706 0.006934 
282 0.135439 0.000000 -0.068038 93.019770 -12.517947 -15.553854 0.094870 
283 0.135439 0.000000 -0.090718 94.244351 -12.544081 -15.158507 0.073087 
284 0.159863 0.000000 -0.068038 117.971826 -0.151432 -12.916479 -0.408421 
285 0.135439 0.000000 -0.045359 133.080800 -0.083275 -10.882362 -0.782893 
286 0.257557 0.000000 -0.272154 100.188193 -7.778917 -1.833723 -0.010155 
287 0.257557 0.000000 -0.362872 100.012539 -7.382390 -0.943328 -0.005790 
288 0.355251 0.000000 -0.272154 100.676174 -7.898326 -0.805028 -0.019872 
289 0.208710 0.000000 -0.136077 100.280760 -10.063559 -7.301345 -0.021082 
290 0.208710 0.000000 -0.181436 99.348788 -8.593435 -4.891417 0.003205 
291 0.257557 0.000000 -0.136077 101.328666 -10.128969 -6.327637 -0.041013 
292 0.135439 0.000000 -0.113397 97.165429 -10.374171 -9.193429 0.036674 
293 0.135439 0.000000 -0.136077 97.775379 -9.428646 -6.900636 0.030346 
294 0.159863 0.000000 -0.113397 98.497449 -10.837571 -9.771168 0.008532 
295 0.123228 0.000000 -0.079378 92.511372 -12.436962 -15.425114 0.104903 
296 0.111016 0.000000 -0.079378 92.383852 -12.436171 -15.391985 0.107365 
297 0.123228 0.000000 -0.090718 92.357827 -12.508412 -15.445657 0.107500 
298 0.135439 0.000000 -0.079378 94.190119 -12.550169 -15.363034 0.073469 
299 0.123228 0.000000 -0.068038 92.363963 -12.510896 -15.446849 0.107377 
300 0.208710 0.000000 0.045359 98.554410 -0.108683 5.404586 0.025781 
301 0.257557 0.000000 0.045359 84.978049 -0.093708 4.131823 0.276165 
302 0.208710 0.000000 0.090718 100.548849 -12.669194 12.746493 -0.043305 
303 0.135439 0.000000 0.068038 92.938671 -12.640783 15.544038 0.096100 
304 0.135439 0.000000 0.045359 132.904727 -0.212186 10.892160 -0.778235 
305 0.159863 0.000000 0.068038 117.957892 -0.118325 12.944503 -0.408164 
306 0.135439 0.000000 0.090718 94.186417 -12.613036 15.152931 0.074022 
307 0.257557 0.000000 0.272154 100.223704 -7.808185 1.837164 -0.010913 
308 0.355251 0.000000 0.272154 100.721739 -7.916226 0.805603 -0.020818 
309 0.257557 0.000000 0.362872 100.024823 -7.421676 0.933997 -0.006092 
310 0.208710 0.000000 0.136077 100.267362 -10.038238 7.287519 -0.020742 
311 0.257557 0.000000 0.136077 101.342002 -10.088405 6.315053 -0.041186 
312 0.208710 0.000000 0.181436 99.367764 -8.572883 4.869419 0.002884 
313 0.135439 0.000000 0.113397 97.122457 -10.338409 9.220722 0.037532 
314 0.159863 0.000000 0.113397 98.451992 -10.803845 9.790427 0.009463 
315 0.135439 0.000000 0.136077 97.731190 -9.400500 6.924268 0.031230 
316 0.123228 0.000000 0.079378 92.421178 -12.549070 15.413328 0.106328 
317 0.111016 0.000000 0.079378 92.294332 -12.480689 15.378430 0.108949 
318 0.123228 0.000000 0.068038 92.266298 -12.599181 15.431953 0.109005 
319 0.135439 0.000000 0.079378 94.135272 -12.621254 15.359132 0.074335 
320 0.123228 0.000000 0.090718 92.259647 -12.604353 15.430666 0.109118 
321 0.184287 0.000000 -0.068038 106.391600 -0.157329 -10.560080 -0.143071 
322 0.184287 0.000000 -0.090718 99.327444 -12.540296 -13.357812 -0.020163 
323 0.208710 0.000000 -0.068038 96.457992 -0.116395 -8.375542 0.062569 
324 0.184287 0.000000 -0.045359 107.837248 -0.142646 -6.977310 -0.167758 
325 0.184287 0.000000 0.068038 106.407065 -0.162125 10.576623 -0.143435 
326 0.184287 0.000000 0.045359 107.847277 -0.142232 7.015724 -0.168028 
327 0.208710 0.000000 0.068038 96.488637 -0.115531 8.398600 0.061939 
328 0.184287 0.000000 0.090718 99.332498 -12.527347 13.359994 -0.020237 
329 0.452945 0.000000 -0.090718 99.017236 -10.162226 -0.002504 0.009232 
330 0.452945 0.000000 -0.181436 99.726263 -11.817104 -0.001308 -0.008497 
331 0.550639 0.000000 -0.090718 100.828582 -7.491247 -0.009329 -0.022252 
332 0.452945 0.000000 0.000000 101.241854 -6.532245 -0.010405 -0.029258 
333 0.306404 0.000000 -0.136077 102.422103 -10.448249 -4.295351 -0.061790 
334 0.306404 0.000000 -0.181436 101.338971 -8.895363 -2.857462 -0.035688 
335 0.355251 0.000000 -0.136077 104.366269 -10.652778 -2.732510 -0.101327 
336 0.306404 0.000000 -0.090718 104.342853 -12.486304 -6.474673 -0.108526 
337 0.233134 0.000000 -0.113397 101.488300 -11.594978 -8.432011 -0.050542 
338 0.208710 0.000000 -0.113397 101.283726 -11.365030 -9.439240 -0.047666 
339 0.233134 0.000000 -0.136077 100.716244 -10.123752 -6.768185 -0.029206 
340 0.257557 0.000000 -0.113397 102.701499 -12.595304 -10.267459 -0.081166 
341 0.233134 0.000000 -0.090718 102.932818 -12.651674 -10.290921 -0.086113 
342 0.452945 0.000000 0.090718 99.029839 -10.151301 -0.007602 0.009004 
343 0.550639 0.000000 0.090718 100.834736 -7.485067 -0.008630 -0.022367 
344 0.452945 0.000000 0.181436 99.737864 -11.803194 -0.001928 -0.008696 
345 0.306404 0.000000 0.136077 102.438352 -10.433745 4.308150 -0.062104 
346 0.306404 0.000000 0.090718 104.400719 -12.533636 6.479283 -0.109858 
347 0.355251 0.000000 0.136077 104.398934 -10.726817 2.726396 -0.102164 
348 0.306404 0.000000 0.181436 101.308623 -8.895017 2.862819 -0.035075 
349 0.233134 0.000000 0.113397 101.477973 -11.564888 8.423592 -0.050248 
350 0.208710 0.000000 0.113397 101.276083 -11.314786 9.428222 -0.047376 
351 0.233134 0.000000 0.090718 102.916086 -12.604034 10.288993 -0.085645 
352 0.257557 0.000000 0.113397 102.673620 -12.604399 10.265210 -0.080612 
353 0.233134 0.000000 0.136077 100.727509 -10.082210 6.761470 -0.029340 
354 0.306404 0.000000 -0.045359 75.948636 0.106118 -2.197092 0.422697 
355 0.355251 0.000000 -0.045359 70.657734 -0.048648 -1.144099 0.500617 
356 0.306404 0.000000 0.000000 76.539241 0.031415 -0.019277 0.414174 
357 0.281981 0.000000 -0.113397 103.699795 -12.481955 -8.451420 -0.098087 
358 0.281981 0.000000 -0.136077 102.261518 -10.302203 -5.217836 -0.059078 
359 0.306404 0.000000 -0.113397 104.327768 -12.498830 -6.474521 -0.108242 
360 0.281981 0.000000 -0.090718 103.511513 -12.490018 -8.781657 -0.094775 
361 0.281981 0.000000 -0.068038 78.549736 0.093943 -4.690706 0.380793 
362 0.257557 0.000000 -0.068038 84.010907 -0.104875 -6.309701 0.290234 
363 0.306404 0.000000 -0.068038 75.294787 0.057821 -3.255420 0.432009 
364 0.281981 0.000000 -0.045359 79.628872 0.049813 -3.221371 0.364886 
365 0.269769 0.000000 -0.102058 102.833190 -12.534306 -10.016467 -0.083210 
366 0.257557 0.000000 -0.102058 102.670955 -12.582034 -10.264237 -0.080499 
367 0.269769 0.000000 -0.113397 102.802159 -12.519840 -10.277562 -0.083066 
368 0.281981 0.000000 -0.102058 103.526572 -12.487706 -9.303845 -0.096026 
369 0.269769 0.000000 -0.090718 102.739985 -12.550763 -10.271254 -0.081852 
370 0.306404 0.000000 0.045359 76.074053 0.019238 2.182587 0.420797 
371 0.355251 0.000000 0.045359 70.661293 -0.049425 1.144994 0.500567 
372 0.281981 0.000000 0.113397 103.718234 -12.466928 8.452912 -0.098435 
373 0.281981 0.000000 0.090718 103.523356 -12.477977 8.782547 -0.094992 
374 0.306404 0.000000 0.113397 104.393805 -12.558040 6.479176 -0.109775 
375 0.281981 0.000000 0.136077 102.255719 -10.364820 5.218846 -0.059090 
376 0.281981 0.000000 0.068038 78.582194 0.126716 4.691959 0.380281 
377 0.257557 0.000000 0.068038 84.047837 -0.093079 6.329653 0.289589 
378 0.281981 0.000000 0.045359 79.690171 0.035918 3.252298 0.363890 
379 0.306404 0.000000 0.068038 75.408133 -0.016702 3.243037 0.430310 
380 0.269769 0.000000 0.102058 102.818964 -12.533109 10.015038 -0.082912 
381 0.257557 0.000000 0.102058 102.644086 -12.591917 10.262062 -0.079967 
382 0.269769 0.000000 0.090718 102.721339 -12.551060 10.269278 -0.081466 
383 0.281981 0.000000 0.102058 103.542965 -12.452330 9.304024 -0.096277 
384 0.269769 0.000000 0.113397 102.791393 -12.511153 10.275783 -0.082819 
385 0.746027 0.000000 -1.088616 99.781341 -7.027150 -0.024616 -0.000570 
386 0.746027 0.000000 -1.451487 99.769730 -7.006928 -0.013285 -0.000310 
387 1.136804 0.000000 -1.088616 99.784090 -7.050785 -0.010136 -0.000658 
388 0.550639 0.000000 -0.544308 99.836371 -7.206294 -0.027407 -0.001923 
389 0.550639 0.000000 -0.725744 99.808485 -7.095172 -0.073120 -0.001208 
390 0.746027 0.000000 -0.544308 99.813228 -7.225815 0.008456 -0.001489 
391 0.452945 0.000000 -0.272154 100.424975 -7.914483 0.033573 -0.014782 
392 0.452945 0.000000 -0.362872 100.335257 -7.476094 -0.090690 -0.012306 
393 0.550639 0.000000 -0.272154 101.225988 -11.982889 0.000550 -0.039029 
394 0.404098 0.000000 -0.136077 98.216063 -12.479348 -0.000659 0.019787 
395 0.404098 0.000000 -0.181436 101.872374 -9.100891 0.097553 -0.046082 
396 0.452945 0.000000 -0.136077 99.159233 -10.741002 -0.002634 0.005208 
397 0.404098 0.000000 -0.090718 101.185693 -12.493884 -1.657176 -0.039739 
398 0.330828 0.000000 -0.113397 104.298346 -12.536417 -6.475554 -0.107724 
399 0.330828 0.000000 -0.136077 102.836568 -10.559020 -3.973365 -0.070264 
400 0.355251 0.000000 -0.113397 105.121348 -12.590025 -4.685281 -0.123096 
401 0.330828 0.000000 -0.090718 104.292471 -12.536984 -6.475167 -0.107602 
402 0.746027 0.000000 1.088616 99.794566 -7.041674 0.012836 -0.000854 
403 1.136804 0.000000 1.088616 99.785975 -7.055325 -0.010024 -0.000702 
404 0.746027 0.000000 1.451487 99.774123 -7.015695 0.004299 -0.000410 
405 0.550639 0.000000 0.544308 99.854802 -7.218460 0.016119 -0.002309 
406 0.746027 0.000000 0.544308 99.834001 -7.230897 -0.036582 -0.001912 
407 0.550639 0.000000 0.725744 99.830896 -7.102416 0.058186 -0.001666 
408 0.452945 0.000000 0.272154 100.485087 -7.926549 -0.058667 -0.016009 
409 0.550639 0.000000 0.272154 101.241181 -11.966070 -0.000337 -0.039296 
410 0.452945 0.000000 0.362872 100.364903 -7.504629 0.077362 -0.012944 
411 0.404098 0.000000 0.136077 98.225362 -12.463760 -0.002492 0.019643 
412 0.404098 0.000000 0.090718 101.202274 -12.449636 1.655524 -0.039963 
413 0.452945 0.000000 0.136077 99.170387 -10.729282 -0.005796 0.005012 
414 0.404098 0.000000 0.181436 101.854047 -9.124377 -0.100496 -0.045751 
415 0.330828 0.000000 0.113397 104.392205 -12.614647 6.481903 -0.109888 
416 0.330828 0.000000 0.090718 104.386064 -12.615135 6.481496 -0.109760 
417 0.355251 0.000000 0.113397 105.205915 -12.612811 4.688144 -0.124935 
418 0.330828 0.000000 0.136077 102.851724 -10.544682 3.983761 -0.070554 
419 0.404098 0.000000 -0.045359 69.761074 -0.018607 0.724028 0.513287 
420 0.452945 0.000000 -0.045359 99.508237 -8.574579 -0.005474 0.002459 
421 0.404098 0.000000 0.000000 70.787654 0.004083 0.004535 0.498911 
422 0.379675 0.000000 -0.113397 104.562026 -12.630043 -2.227805 -0.109770 
423 0.379675 0.000000 -0.136077 104.107445 -10.774162 -1.093435 -0.095564 
424 0.404098 0.000000 -0.113397 100.911307 -12.576044 -1.852863 -0.034468 
425 0.379675 0.000000 -0.090718 104.257118 -12.634202 -2.221430 -0.103410 
426 0.330828 0.000000 -0.068038 72.363015 -0.030634 -3.059121 0.475423 
427 0.355251 0.000000 -0.068038 69.438184 -0.058954 -1.853957 0.517490 
428 0.330828 0.000000 -0.045359 72.923168 -0.060659 -1.974862 0.467831 
429 0.343039 0.000000 -0.102058 104.671321 -12.549177 -6.137445 -0.115124 
430 0.330828 0.000000 -0.102058 104.294889 -12.536750 -6.475326 -0.107652 
431 0.343039 0.000000 -0.113397 104.738886 -12.558676 -6.004900 -0.116401 
432 0.355251 0.000000 -0.102058 105.223548 -12.600964 -4.777837 -0.125361 
433 0.343039 0.000000 -0.090718 104.522734 -12.542396 -6.489342 -0.112443 
434 0.404098 0.000000 0.045359 69.829726 -0.004139 -0.727517 0.512328 
435 0.452945 0.000000 0.045359 99.520521 -8.566283 -0.009416 0.002228 
436 0.330828 0.000000 0.068038 72.491131 -0.093487 3.068020 0.473561 
437 0.330828 0.000000 0.045359 72.993929 -0.078262 1.969530 0.466800 
438 0.355251 0.000000 0.068038 69.496294 -0.061124 1.854699 0.516682 
439 0.379675 0.000000 0.113397 104.619706 -12.603665 2.228096 -0.110910 
440 0.379675 0.000000 0.090718 104.308199 -12.602560 2.221775 -0.104396 
441 0.404098 0.000000 0.113397 100.930504 -12.530560 1.851620 -0.034741 
442 0.379675 0.000000 0.136077 104.147406 -10.811960 1.091712 -0.096477 
443 0.343039 0.000000 0.102058 104.765250 -12.609475 6.142931 -0.117249 
444 0.330828 0.000000 0.102058 104.388592 -12.614934 6.481664 -0.109813 
445 0.343039 0.000000 0.090718 104.617184 -12.610348 6.495334 -0.114597 
446 0.355251 0.000000 0.102058 105.305923 -12.617301 4.780296 -0.127139 
447 0.343039 0.000000 0.113397 104.830362 -12.612361 6.009911 -0.118460 
448 1.527580 0.000000 -0.362872 99.673358 -7.709067 0.094749 0.000578 
449 1.527580 0.000000 -0.725744 99.750381 -7.184346 -0.001407 -0.000175 
450 1.918356 0.000000 -0.362872 99.776474 -7.407244 -0.134054 -0.001023 
451 1.527580 0.000000 0.000000 101.388049 -8.335923 -0.124237 -0.034904 
452 0.941416 0.000000 -0.181436 101.917497 -8.053334 -0.004363 -0.045203 
453 0.941416 0.000000 -0.362872 99.731000 -7.567861 -0.031699 -0.000355 
454 1.136804 0.000000 -0.181436 101.601805 -8.721850 -0.001598 -0.039900 
455 0.941416 0.000000 0.000000 101.876821 -6.580280 -0.007271 -0.042219 
456 0.648333 0.000000 -0.090718 101.425611 -7.489894 -0.008362 -0.034325 
457 0.648333 0.000000 -0.181436 101.499155 -8.494071 -0.008386 -0.037423 
458 0.746027 0.000000 -0.090718 101.835847 -6.882759 -0.009754 -0.041791 
459 0.648333 0.000000 0.000000 101.548409 -6.540678 -0.009913 -0.035486 
460 0.501792 0.000000 -0.136077 99.624207 -9.644817 -0.005676 -0.001801 
461 0.501792 0.000000 -0.181436 100.784692 -9.873686 -0.005961 -0.025504 
462 0.550639 0.000000 -0.136077 101.235941 -7.213893 -0.010826 -0.030076 
463 0.501792 0.000000 -0.090718 99.629488 -9.533684 -0.004028 -0.001693 
464 0.428522 0.000000 -0.113397 98.539632 -12.202247 -0.975013 0.014010 
465 0.428522 0.000000 -0.136077 99.130535 -11.704841 -0.001211 0.003613 
466 0.452945 0.000000 -0.113397 99.046396 -10.689884 -0.003179 0.007554 
467 0.428522 0.000000 -0.090718 98.668986 -11.928447 -0.851338 0.012142 
468 0.379675 0.000000 -0.068038 68.624746 -0.025214 -0.377391 0.529050 
469 0.404098 0.000000 -0.068038 98.221981 -11.880456 -0.000897 0.021130 
470 0.379675 0.000000 -0.045359 69.535479 -0.019213 -0.264276 0.516475 
471 0.391886 0.000000 -0.102058 102.955753 -12.645908 -2.047911 -0.076400 
472 0.379675 0.000000 -0.102058 104.569483 -12.629381 -2.228006 -0.109924 
473 0.391886 0.000000 -0.113397 102.819833 -12.642031 -2.000880 -0.073574 
474 0.404098 0.000000 -0.102058 100.989148 -12.585792 -1.882816 -0.036076 
475 0.391886 0.000000 -0.090718 102.626217 -12.635299 -1.924671 -0.069550 
476 0.379675 0.000000 0.068038 68.688305 -0.008227 0.391857 0.528176 
477 0.379675 0.000000 0.045359 69.611364 -0.021686 0.267642 0.515419 
478 0.404098 0.000000 0.068038 98.231216 -11.865328 -0.005027 0.020984 
479 1.527580 0.000000 0.362872 99.777165 -7.689456 -0.036436 -0.001461 
480 1.918356 0.000000 0.362872 99.918878 -7.504462 -0.136799 -0.004012 
481 1.527580 0.000000 0.725744 99.807033 -7.207036 -0.027536 -0.001339 
482 0.941416 0.000000 0.181436 101.923811 -8.065769 -0.008065 -0.045352 
483 1.136804 0.000000 0.181436 101.608409 -8.739574 -0.005836 -0.040065 
484 0.941416 0.000000 0.362872 99.752587 -7.573612 0.006048 -0.000794 
485 0.648333 0.000000 0.090718 101.430776 -7.488150 -0.008309 -0.034427 
486 0.746027 0.000000 0.090718 101.839742 -6.883183 -0.008140 -0.041871 
487 0.648333 0.000000 0.181436 101.508215 -8.492954 -0.005324 -0.037605 
488 0.501792 0.000000 0.136077 99.634586 -9.635114 -0.006032 -0.001989 
489 0.501792 0.000000 0.090718 99.640509 -9.523027 -0.007518 -0.001892 
490 0.550639 0.000000 0.136077 101.244333 -7.208669 -0.007265 -0.030238 
491 0.501792 0.000000 0.181436 100.795350 -9.865741 -0.003583 -0.025704 
492 0.428522 0.000000 0.113397 98.562737 -12.178093 0.972055 0.013614 
493 0.428522 0.000000 0.090718 98.690410 -11.906098 0.847351 0.011773 
494 0.452945 0.000000 0.113397 99.056994 -10.678098 -0.005528 0.007369 
495 0.428522 0.000000 0.136077 99.141176 -11.690580 -0.003721 0.003436 
496 0.391886 0.000000 0.102058 102.986311 -12.600877 2.047868 -0.076916 
497 0.379675 0.000000 0.102058 104.627479 -12.603371 2.228301 -0.111072 
498 0.391886 0.000000 0.090718 102.656624 -12.593870 1.924369 -0.070069 
499 0.404098 0.000000 0.102058 101.008301 -12.539649 1.881645 -0.036346 
500 0.391886 0.000000 0.113397 102.850348 -12.598483 2.000730 -0.074092 
501 1.332192 0.000000 -0.181436 101.254201 -9.132738 -0.055965 -0.033582 
502 1.332192 0.000000 -0.362872 99.804739 -7.653754 0.120183 -0.001958 
503 1.527580 0.000000 -0.181436 101.470408 -9.190632 0.109068 -0.038072 
504 1.332192 0.000000 0.000000 101.196270 -7.286206 -0.177450 -0.029381 
505 1.332192 0.000000 0.181436 101.293210 -9.734427 -0.231501 -0.035513 
506 1.527580 0.000000 0.181436 101.455041 -10.498251 -0.387429 -0.040349 
507 1.332192 0.000000 0.362872 99.849369 -7.658063 -0.101132 -0.002855 
508 1.234498 0.000000 -0.090718 99.271070 -11.381041 -0.001766 0.001573 
509 1.136804 0.000000 -0.090718 100.872555 -7.916819 -0.003759 -0.023795 
510 1.234498 0.000000 -0.181436 100.692484 -12.401126 -0.000278 -0.029276 
511 1.332192 0.000000 -0.090718 100.111036 -9.875129 -0.056455 -0.011974 
512 1.234498 0.000000 0.000000 81.483389 -0.049662 0.001296 0.336045 
513 1.234498 0.000000 0.090718 99.258720 -11.450923 -0.015727 0.001658 
514 1.136804 0.000000 0.090718 100.874036 -7.929732 -0.005874 -0.023845 
515 1.332192 0.000000 0.090718 100.093974 -10.080764 -0.107661 -0.012044 
516 1.234498 0.000000 0.181436 100.695299 -12.415240 -0.000898 -0.029368 
517 4.263014 0.000000 -8.708925 99.756380 -6.973042 -0.000578 0.000004 
518 4.263014 0.000000 -11.611899 99.756442 -6.973357 -0.000300 0.000002 
519 7.389224 0.000000 -8.708925 99.756472 -6.972202 -0.000717 0.000003 
520 2.699909 0.000000 -4.354462 99.756229 -6.979234 -0.001729 -0.000001 
521 2.699909 0.000000 -5.805950 99.756155 -6.973809 -0.001099 0.000008 
522 4.263014 0.000000 -4.354462 99.755670 -6.975230 -0.003075 0.000015 
523 1.918356 0.000000 -2.177231 99.766176 -6.999411 -0.000342 -0.000228 
524 1.918356 0.000000 -2.902975 99.759864 -6.980818 0.000255 -0.000076 
525 2.699909 0.000000 -2.177231 99.752879 -6.994538 -0.006382 0.000044 
526 1.527580 0.000000 -1.088616 99.772925 -7.069015 -0.005405 -0.000461 
527 1.527580 0.000000 -1.451487 99.772362 -7.005915 -0.001525 -0.000361 
528 1.918356 0.000000 -1.088616 99.755994 -7.096329 0.003680 -0.000162 
529 1.332192 0.000000 -0.544308 99.768361 -7.287957 0.026589 -0.000684 
530 1.136804 0.000000 -0.544308 99.781794 -7.259288 -0.017474 -0.000910 
531 1.332192 0.000000 -0.725744 99.767589 -7.176460 0.008847 -0.000507 
532 1.527580 0.000000 -0.544308 99.699363 -7.322626 0.038336 0.000641 
533 1.234498 0.000000 -0.272154 100.047220 -8.114111 0.019384 -0.007529 
534 1.136804 0.000000 -0.272154 101.599099 -12.084878 -0.000302 -0.046842 
535 1.234498 0.000000 -0.362872 99.863314 -7.627152 0.015692 -0.003086 
536 1.332192 0.000000 -0.272154 101.342250 -12.837017 -0.000345 -0.043504 
537 10.515434 0.000000 -2.902975 99.756316 -6.974471 -0.012746 0.000003 
538 10.515434 0.000000 -5.805950 99.756582 -6.970961 -0.002143 0.000003 
539 13.641644 0.000000 -2.902975 99.756592 -6.971796 -0.013371 0.000002 
540 10.515434 0.000000 0.000000 99.809246 -6.217963 0.383773 -0.000070 
541 5.826119 0.000000 -1.451487 99.752243 -7.025033 -0.055173 0.000014 
542 5.826119 0.000000 -2.902975 99.755321 -6.979462 -0.010367 0.000016 
543 7.389224 0.000000 -1.451487 99.753844 -7.005325 -0.061437 0.000009 
544 5.826119 0.000000 0.000000 100.221886 -0.308935 -3.037678 -0.005375 
545 3.481461 0.000000 -0.725744 99.728736 -7.191404 -0.166906 0.000244 
546 3.481461 0.000000 -1.451487 99.746063 -7.028495 -0.035551 0.000132 
547 4.263014 0.000000 -0.725744 99.736803 -7.160501 -0.197471 0.000126 
548 3.481461 0.000000 0.000000 99.803685 -6.057438 -1.508667 0.000026 
549 2.309132 0.000000 -0.362872 99.182919 -7.200816 -0.253514 0.011083 
550 2.309132 0.000000 -0.725744 99.673927 -7.247893 -0.031503 0.001258 
551 2.699909 0.000000 -0.362872 99.683892 -7.042721 -0.304935 0.001343 
552 2.309132 0.000000 0.000000 127.529994 -5.725910 -1.080112 -0.629785 
553 1.722968 0.000000 -0.181436 101.344513 -9.453575 0.192378 -0.036012 
554 1.722968 0.000000 -0.362872 99.501311 -7.718238 0.033972 0.003992 
555 1.918356 0.000000 -0.181436 100.290585 -8.741956 -0.746495 -0.013518 
556 1.722968 0.000000 0.000000 101.245964 -9.564034 -0.666404 -0.034266 
557 1.429886 0.000000 -0.090718 101.289961 -9.392875 -0.094504 -0.034789 
558 1.429886 0.000000 -0.181436 101.314468 -9.367839 -0.058774 -0.035238 
559 1.527580 0.000000 -0.090718 101.447638 -9.281740 -0.048453 -0.037778 
560 1.429886 0.000000 0.000000 101.196272 -7.286232 -0.177454 -0.029381 
561 1.283345 0.000000 -0.136077 99.558490 -10.837691 -0.021489 -0.002935 
562 1.234498 0.000000 -0.136077 99.451029 -11.623578 -0.000917 -0.002561 
563 1.283345 0.000000 -0.181436 100.166748 -11.703446 -0.018549 -0.017035 
564 1.332192 0.000000 -0.136077 100.207183 -9.482048 -0.059720 -0.013139 
565 1.283345 0.000000 -0.090718 99.347573 -10.555621 -0.024796 0.001864 
566 10.515434 0.000000 2.902975 99.752925 -7.024474 0.007892 0.000001 
567 13.641644 0.000000 2.902975 99.753095 -7.022446 0.012937 0.000001 
568 10.515434 0.000000 5.805950 99.755177 -6.993261 0.000554 -0.000000 
569 5.826119 0.000000 1.451487 99.745163 -7.131880 0.016020 0.000004 
570 7.389224 0.000000 1.451487 99.746123 -7.118748 0.033003 0.000003 
571 5.826119 0.000000 2.902975 99.752931 -7.024221 -0.000856 0.000001 
572 3.481461 0.000000 0.725744 99.714817 -7.419687 -0.008745 0.000190 
573 4.263014 0.000000 0.725744 99.721326 -7.411474 0.037649 0.000073 
574 3.481461 0.000000 1.451487 99.742480 -7.118278 -0.014834 0.000077 
575 2.309132 0.000000 0.362872 99.293652 -7.546694 -0.218690 0.008377 
576 2.699909 0.000000 0.362872 99.693716 -7.488091 -0.234135 0.000504 
577 2.309132 0.000000 0.725744 99.747529 -7.361523 -0.140620 -0.000378 
578 1.722968 0.000000 0.181436 101.469311 -12.339836 -0.872443 -0.044905 
579 1.918356 0.000000 0.181436 101.363330 -14.273569 -2.976738 -0.048712 
580 1.722968 0.000000 0.362872 99.787981 -7.760820 -0.081809 -0.001788 
581 1.429886 0.000000 0.090718 101.302584 -9.866900 -0.250472 -0.035963 
582 1.527580 0.000000 0.090718 101.449504 -9.612947 -0.149548 -0.038443 
583 1.429886 0.000000 0.181436 101.348819 -9.949444 -0.211785 -0.037062 
584 4.263014 0.000000 8.708925 99.756174 -6.982661 -0.000532 -0.000005 
585 7.389224 0.000000 8.708925 99.755903 -6.984396 -0.000335 -0.000002 
586 4.263014 0.000000 11.611899 99.756242 -6.980251 -0.000279 -0.000003 
587 2.699909 0.000000 4.354462 99.757478 -6.990098 -0.002827 -0.000042 
588 4.263014 0.000000 4.354462 99.755329 -6.998245 -0.002193 -0.000010 
589 2.699909 0.000000 5.805950 99.756440 -6.986127 -0.001317 -0.000015 
590 1.918356 0.000000 2.177231 99.768903 -7.020465 -0.013933 -0.000312 
591 2.699909 0.000000 2.177231 99.754253 -7.033389 -0.013628 -0.000038 
592 1.918356 0.000000 2.902975 99.764899 -7.001324 -0.008762 -0.000205 
593 1.527580 0.000000 1.088616 99.775119 -7.078453 -0.027669 -0.000518 
594 1.918356 0.000000 1.088616 99.768254 -7.115556 -0.054018 -0.000434 
595 1.527580 0.000000 1.451487 99.775207 -7.058810 -0.018223 -0.000492 
596 1.332192 0.000000 0.544308 99.818298 -7.300911 -0.030454 -0.001700 
597 1.136804 0.000000 0.544308 99.802904 -7.257121 -0.007077 -0.001329 
598 1.527580 0.000000 0.544308 99.803809 -7.343083 -0.038514 -0.001472 
599 1.332192 0.000000 0.725744 99.794604 -7.156027 -0.024463 -0.001017 
600 1.234498 0.000000 0.272154 100.078190 -8.121555 -0.008277 -0.008160 
601 1.136804 0.000000 0.272154 101.607042 -12.101138 -0.001205 -0.047043 
602 1.332192 0.000000 0.272154 101.272687 -13.006284 -0.016058 -0.042532 
603 1.234498 0.000000 0.362872 99.894953 -7.635557 -0.015731 -0.003730 
604 1.283345 0.000000 0.136077 99.557764 -11.122180 -0.098527 -0.003546 
605 1.234498 0.000000 0.136077 99.438308 -11.678283 -0.009766 -0.002436 
606 1.283345 0.000000 0.090718 99.346301 -10.789376 -0.085255 0.001389 
607 1.332192 0.000000 0.136077 100.218327 -9.823050 -0.148976 -0.014023 
608 1.283345 0.000000 0.181436 100.158088 -12.094047 -0.126421 -0.017792 
609 2.113744 0.000000 -0.181436 101.361242 -6.279344 2.512081 -0.031984 
610 2.113744 0.000000 -0.362872 99.748498 -7.224467 0.230373 -0.000201 
611 2.309132 0.000000 -0.181436 97.630609 -5.471296 -2.432428 0.043241 
612 2.113744 0.000000 0.000000 87.320650 0.304565 0.018975 0.237501 
613 2.113744 0.000000 0.181436 101.626217 -6.580995 -2.899838 -0.037961 
614 2.309132 0.000000 0.181436 97.957899 -6.018886 1.350983 0.036620 
615 2.113744 0.000000 0.362872 99.845155 -7.441813 -0.578541 -0.002477 
616 2.016050 0.000000 -0.090718 99.327121 -9.655824 -0.959343 0.003997 
617 1.918356 0.000000 -0.090718 100.562086 -9.619379 -1.397674 -0.020722 
618 2.016050 0.000000 -0.181436 100.167532 -9.574472 -0.189767 -0.012524 
619 2.113744 0.000000 -0.090718 107.376199 -8.840957 11.210625 -0.173349 
620 2.016050 0.000000 0.000000 100.780316 -10.728893 -2.133568 -0.027633 
621 2.016050 0.000000 0.090718 99.794594 -11.185538 -1.751857 -0.008715 
622 1.918356 0.000000 0.090718 100.834503 -11.678766 -2.206511 -0.030886 
623 2.113744 0.000000 0.090718 108.118016 -9.258200 -11.309760 -0.190313 
624 2.016050 0.000000 0.181436 100.326950 -12.837435 -1.245121 -0.023185 
625 2.309132 0.000000 -1.088616 99.735974 -7.102095 -0.009245 0.000230 
626 2.309132 0.000000 -1.451487 99.759134 -7.032788 -0.005684 -0.000134 
627 2.699909 0.000000 -1.088616 99.735093 -7.096370 -0.035084 0.000255 
628 2.113744 0.000000 -0.544308 99.554341 -7.335338 -0.006113 0.003513 
629 1.918356 0.000000 -0.544308 99.594816 -7.352704 -0.043369 0.002681 
630 2.113744 0.000000 -0.725744 99.712691 -7.223032 0.000978 0.000521 
631 2.309132 0.000000 -0.544308 99.577755 -7.339391 -0.058014 0.003040 
632 2.016050 0.000000 -0.272154 100.155986 -6.747927 -0.105455 -0.007677 
633 1.918356 0.000000 -0.272154 100.650113 -10.987007 -0.281422 -0.025124 
634 2.016050 0.000000 -0.362872 99.889480 -7.239870 -0.052393 -0.003033 
635 2.113744 0.000000 -0.272154 99.744568 -6.764360 0.652776 0.000484 
636 3.090685 0.000000 -0.362872 99.725511 -6.985766 -0.154412 0.000600 
637 3.090685 0.000000 -0.725744 99.719938 -7.209889 -0.143858 0.000393 
638 3.481461 0.000000 -0.362872 99.734926 -7.065423 -0.010746 0.000302 
639 3.090685 0.000000 0.000000 99.806167 -6.036034 -1.076509 0.000114 
640 2.504521 0.000000 -0.181436 99.928090 -4.904608 -1.503059 -0.001194 
641 2.504521 0.000000 -0.362872 99.530901 -7.042210 -0.430792 0.004382 
642 2.699909 0.000000 -0.181436 99.862261 -4.609674 -1.000527 0.000528 
643 2.504521 0.000000 0.000000 100.573193 -5.917164 -1.081557 -0.015115 
644 2.211438 0.000000 -0.090718 89.516516 -8.313136 16.144518 0.165704 
645 2.211438 0.000000 -0.181436 96.771294 -5.902193 2.092240 0.059610 
646 2.309132 0.000000 -0.090718 104.135436 -5.060364 -16.619586 -0.114601 
647 2.211438 0.000000 0.000000 129.551642 -1.006326 -0.199528 -0.678468 
648 2.064897 0.000000 -0.136077 99.937225 -9.002211 -0.163059 -0.006852 
649 2.016050 0.000000 -0.136077 99.355268 -10.175860 -1.017370 0.002395 
650 2.064897 0.000000 -0.181436 101.830844 -6.128647 0.567486 -0.040740 
651 2.113744 0.000000 -0.136077 104.392887 -7.028393 5.578312 -0.097839 
652 2.064897 0.000000 -0.090718 100.232146 -9.240841 2.240517 -0.013690 
653 3.090685 0.000000 0.362872 99.700779 -7.537783 -0.353908 0.000281 
654 3.481461 0.000000 0.362872 99.693329 -7.689672 -0.426216 0.000193 
655 3.090685 0.000000 0.725744 99.705888 -7.414507 -0.032583 0.000376 
656 2.504521 0.000000 0.181436 99.975271 -5.617228 0.256115 -0.002667 
657 2.699909 0.000000 0.181436 99.863584 -5.419887 -0.269443 -0.000218 
658 2.504521 0.000000 0.362872 99.582241 -7.423666 -0.105841 0.002826 
659 2.211438 0.000000 0.090718 90.595537 -8.938462 -16.365360 0.144473 
660 2.309132 0.000000 0.090718 104.505689 -5.479008 14.002644 -0.114753 
661 2.211438 0.000000 0.181436 97.175743 -6.400865 -2.775412 0.050820 
662 2.309132 0.000000 1.088616 99.741000 -7.162551 -0.060783 0.000043 
663 2.699909 0.000000 1.088616 99.727015 -7.191360 -0.044296 0.000280 
664 2.309132 0.000000 1.451487 99.760851 -7.090448 -0.034563 -0.000250 
665 2.113744 0.000000 0.544308 99.678973 -7.462937 -0.217241 0.000836 
666 1.918356 0.000000 0.544308 99.748937 -7.429901 -0.115950 -0.000507 
667 2.309132 0.000000 0.544308 99.669433 -7.514420 -0.217145 0.000949 
668 2.113744 0.000000 0.725744 99.810673 -7.324209 -0.140552 -0.001583 
669 2.016050 0.000000 0.272154 100.228782 -6.912408 -0.227660 -0.009364 
670 1.918356 0.000000 0.272154 100.960355 -16.802814 -2.337948 -0.048079 
671 2.113744 0.000000 0.272154 99.957621 -7.015622 -1.059934 -0.004187 
672 2.016050 0.000000 0.362872 99.983973 -7.397720 -0.276425 -0.005160 
673 2.064897 0.000000 0.136077 99.942158 -10.223963 -0.345844 -0.009308 
674 2.016050 0.000000 0.136077 99.843025 -12.135810 -2.082665 -0.012024 
675 2.064897 0.000000 0.090718 100.355900 -9.841412 -3.526541 -0.018060 
676 2.113744 0.000000 0.136077 104.836627 -7.437416 -5.910263 -0.108096 
677 2.064897 0.000000 0.181436 101.949021 -6.324665 -0.825421 -0.043429 
678 2.211438 0.000000 -0.272154 98.554488 -6.762703 0.582710 0.024094 
679 2.211438 0.000000 -0.362872 99.355564 -7.213138 0.155197 0.007642 
680 2.309132 0.000000 -0.272154 98.660182 -6.580314 -0.592770 0.022252 
681 2.162591 0.000000 -0.136077 99.090066 -6.785834 7.392201 0.008047 
682 2.162591 0.000000 -0.181436 99.092495 -6.195117 3.284540 0.013151 
683 2.211438 0.000000 -0.136077 94.063648 -6.147579 5.251921 0.108665 
684 2.162591 0.000000 -0.090718 99.287080 -8.824477 15.511242 -0.017639 
685 2.064897 0.000000 -0.045359 99.859746 -8.936021 -0.175291 -0.005185 
686 2.016050 0.000000 -0.045359 99.658685 -9.916063 -1.723762 -0.003315 
687 2.113744 0.000000 -0.045359 85.376117 0.422721 3.511591 0.269841 
688 2.064897 0.000000 0.000000 81.997541 0.237323 0.011207 0.327635 
689 2.089321 0.000000 -0.113397 105.501490 -8.475860 5.459294 -0.123221 
690 2.064897 0.000000 -0.113397 101.671845 -8.722482 3.843406 -0.042802 
691 2.089321 0.000000 -0.136077 99.658042 -8.038011 -0.087390 0.000366 
692 2.113744 0.000000 -0.113397 107.442379 -8.839280 11.070905 -0.174456 
693 2.089321 0.000000 -0.090718 105.246263 -8.491251 5.213763 -0.117606 
694 2.064897 0.000000 0.045359 99.843305 -10.007553 -0.279358 -0.006891 
695 2.016050 0.000000 0.045359 99.921016 -11.069563 -2.416920 -0.011259 
696 2.113744 0.000000 0.045359 85.305226 0.469709 -3.505273 0.271051 
697 2.211438 0.000000 0.272154 98.786283 -7.073345 -1.094156 0.019004 
698 2.309132 0.000000 0.272154 98.826803 -7.024686 -0.066389 0.018391 
699 2.211438 0.000000 0.362872 99.488687 -7.517596 -0.569358 0.004516 
700 2.162591 0.000000 0.136077 99.613204 -7.369712 -7.887151 -0.003931 
701 2.162591 0.000000 0.090718 100.046429 -9.429131 -15.655199 -0.034328 
702 2.211438 0.000000 0.136077 94.739256 -6.767890 -5.958033 0.094317 
703 2.162591 0.000000 0.181436 99.414061 -6.611844 -3.798111 0.005870 
704 2.089321 0.000000 0.113397 105.862136 -8.844547 -5.571664 -0.131606 
705 2.064897 0.000000 0.113397 101.825144 -9.147734 -4.551130 -0.047275 
706 2.089321 0.000000 0.090718 105.590671 -8.896078 -5.344700 -0.125710 
707 2.113744 0.000000 0.113397 108.182725 -9.253912 -11.168829 -0.191388 
708 2.089321 0.000000 0.136077 99.651879 -8.479563 -0.036757 -0.000240 
709 2.162591 0.000000 -0.045359 102.225674 -0.034823 7.466500 -0.050584 
710 2.211438 0.000000 -0.045359 130.038247 -0.941622 9.970628 -0.701025 
711 2.162591 0.000000 0.000000 103.906793 -0.130444 -0.059954 -0.079664 
712 2.138168 0.000000 -0.113397 103.039220 -8.916117 15.191711 -0.092737 
713 2.138168 0.000000 -0.136077 101.738441 -6.973527 7.229990 -0.045161 
714 2.162591 0.000000 -0.113397 99.399100 -7.841520 11.182832 -0.006673 
715 2.138168 0.000000 -0.090718 102.676813 -8.921753 15.137471 -0.085127 
716 2.089321 0.000000 -0.068038 99.657708 -8.039943 -0.087931 0.000369 
717 2.064897 0.000000 -0.068038 99.145076 -11.349985 -1.223420 0.003993 
718 2.113744 0.000000 -0.068038 82.702225 0.606296 5.425562 0.313054 
719 2.089321 0.000000 -0.045359 81.379922 0.457708 1.409316 0.337511 
720 2.101533 0.000000 -0.102058 107.968890 -8.688720 7.936049 -0.179576 
721 2.089321 0.000000 -0.102058 106.557829 -8.526229 5.932593 -0.146246 
722 2.101533 0.000000 -0.113397 108.164913 -8.686132 7.420177 -0.183016 
723 2.113744 0.000000 -0.102058 107.355226 -8.850381 11.665144 -0.173955 
724 2.101533 0.000000 -0.090718 108.264398 -8.724231 7.996002 -0.186123 
725 2.162591 0.000000 0.045359 102.142014 0.127204 -7.532207 -0.048974 
726 2.211438 0.000000 0.045359 129.491447 -0.847561 -10.277519 -0.687438 
727 2.089321 0.000000 0.068038 99.651480 -8.483405 -0.037109 -0.000239 
728 2.064897 0.000000 0.068038 99.443447 -12.610208 -2.045612 -0.005220 
729 2.089321 0.000000 0.045359 81.321334 0.481514 -1.340538 0.338481 
730 2.113744 0.000000 0.068038 82.644794 0.658383 -5.414405 0.314009 
731 2.138168 0.000000 0.113397 103.793585 -9.455012 -15.326350 -0.109740 
732 2.138168 0.000000 0.090718 103.419890 -9.465949 -15.270831 -0.101848 
733 2.162591 0.000000 0.113397 100.054456 -8.521870 -11.529088 -0.021644 
734 2.138168 0.000000 0.136077 102.197160 -7.510534 -7.635651 -0.055897 
735 2.101533 0.000000 0.102058 108.604105 -9.016048 -8.002960 -0.194019 
736 2.089321 0.000000 0.102058 107.004301 -8.855699 -6.017938 -0.156456 
737 2.101533 0.000000 0.090718 108.918260 -9.059352 -8.063948 -0.201029 
738 2.113744 0.000000 0.102058 108.104599 -9.271015 -11.768143 -0.191105 
739 2.101533 0.000000 0.113397 108.795279 -9.008066 -7.483413 -0.197356 
740 2.138168 0.000000 -0.068038 90.460248 0.405298 8.634996 0.174222 
741 2.162591 0.000000 -0.068038 100.039517 0.116759 11.237860 -0.013421 
742 2.138168 0.000000 -0.045359 92.380341 0.248380 5.659336 0.143378 
743 2.125956 0.000000 -0.102058 104.268376 -8.885979 15.089674 -0.117855 
744 2.125956 0.000000 -0.113397 105.129811 -8.886923 14.344170 -0.133701 
745 2.138168 0.000000 -0.102058 102.821069 -8.919879 15.159027 -0.088153 
746 2.125956 0.000000 -0.090718 105.010353 -8.888043 14.425517 -0.131427 
747 2.138168 0.000000 0.068038 90.384909 0.488766 -8.655523 0.175541 
748 2.138168 0.000000 0.045359 92.381221 0.336234 -5.698674 0.143312 
749 2.162591 0.000000 0.068038 99.893293 0.185101 -11.309335 -0.010661 
750 2.125956 0.000000 0.102058 105.041456 -9.416078 -15.223619 -0.135413 
751 2.125956 0.000000 0.090718 105.779621 -9.388714 -14.553238 -0.148927 
752 2.138168 0.000000 0.102058 103.568852 -9.461595 -15.292935 -0.104990 
753 2.125956 0.000000 0.113397 105.899349 -9.384531 -14.471164 -0.151216 
754 2.406827 0.000000 -0.090718 101.577575 -5.033086 -4.806684 -0.036644 
755 2.406827 0.000000 -0.181436 99.772935 -5.061141 -2.208045 0.001487 
756 2.504521 0.000000 -0.090718 100.331079 -4.852024 -3.599754 -0.010283 
757 2.406827 0.000000 0.000000 103.569163 -6.197563 -1.151842 -0.076631 
758 2.260285 0.000000 -0.136077 91.550102 -5.403879 -1.767884 0.158625 
759 2.260285 0.000000 -0.181436 96.005520 -5.697173 -0.570776 0.075016 
760 2.309132 0.000000 -0.136077 97.264354 -4.879222 -6.297968 0.047617 
761 2.260285 0.000000 -0.090718 75.025815 -7.829341 12.330811 0.415778 
762 2.187015 0.000000 -0.113397 95.971101 -7.324997 10.941522 0.061618 
763 2.187015 0.000000 -0.136077 96.605527 -6.509448 6.782516 0.057900 
764 2.211438 0.000000 -0.113397 91.355947 -6.808900 8.985317 0.152699 
765 2.187015 0.000000 -0.090718 93.331736 -8.539943 16.993478 0.092748 
766 2.150380 0.000000 -0.102058 101.686767 -8.920007 14.989680 -0.064446 
767 2.150380 0.000000 -0.113397 102.075908 -8.929804 15.047655 -0.072566 
768 2.162591 0.000000 -0.102058 99.359353 -8.827441 15.660104 -0.019544 
769 2.150380 0.000000 -0.090718 101.002864 -8.893588 15.178946 -0.051107 
770 2.406827 0.000000 0.090718 101.710277 -5.340933 2.374997 -0.037915 
771 2.504521 0.000000 0.090718 100.410505 -5.051307 1.161750 -0.010913 
772 2.406827 0.000000 0.181436 99.883877 -5.731098 0.979132 -0.001059 
773 2.260285 0.000000 0.136077 92.366209 -6.016321 0.568292 0.143196 
774 2.260285 0.000000 0.090718 76.856347 -8.367912 -12.668698 0.386258 
775 2.309132 0.000000 0.136077 97.718770 -5.516924 4.716966 0.039836 
776 2.260285 0.000000 0.181436 96.438571 -6.219150 -0.329307 0.066082 
777 2.187015 0.000000 0.113397 96.659402 -8.042168 -11.416959 0.046194 
778 2.187015 0.000000 0.090718 94.228839 -9.209513 -17.182955 0.074086 
779 2.211438 0.000000 0.113397 92.163678 -7.543878 -9.572849 0.135731 
780 2.187015 0.000000 0.136077 97.178847 -7.145605 -7.357568 0.045108 
781 2.150380 0.000000 0.102058 102.407870 -9.482318 -15.120346 -0.080591 
782 2.150380 0.000000 0.090718 101.735769 -9.467722 -15.313848 -0.067432 
783 2.162591 0.000000 0.102058 100.117972 -9.432540 -15.805477 -0.036239 
784 2.150380 0.000000 0.113397 102.799522 -9.484086 -15.178758 -0.088808 
785 2.260285 0.000000 -0.045359 160.740780 -3.338006 0.636872 -1.584915 
786 2.309132 0.000000 -0.045359 124.117081 -5.860772 -13.030440 -0.560919 
787 2.260285 0.000000 0.000000 148.433349 -3.414396 -0.670591 -1.204457 
788 2.187015 0.000000 -0.068038 112.633745 -0.247888 14.260954 -0.288980 
789 2.211438 0.000000 -0.068038 129.945488 -0.658649 16.750607 -0.716685 
790 2.187015 0.000000 -0.045359 114.800367 -0.406593 9.186933 -0.326369 
791 2.174803 0.000000 -0.102058 96.225373 -8.682311 16.516731 0.039249 
792 2.174803 0.000000 -0.113397 97.820110 -7.584019 11.278121 0.024651 
793 2.187015 0.000000 -0.102058 93.357246 -8.542032 16.997977 0.092253 
794 2.174803 0.000000 -0.090718 95.839007 -8.662685 16.633197 0.046318 
795 2.260285 0.000000 0.045359 159.215933 -3.309170 -1.899186 -1.536427 
796 2.309132 0.000000 0.045359 123.877490 -5.812268 10.554618 -0.549081 
797 2.187015 0.000000 0.068038 112.303659 -0.124261 -14.333769 -0.281758 
798 2.187015 0.000000 0.045359 114.469309 -0.295603 -9.319082 -0.319016 
799 2.211438 0.000000 0.068038 129.239023 -0.574277 -16.876936 -0.698789 
800 2.174803 0.000000 0.102058 97.049075 -9.337951 -16.684563 0.021591 
801 2.174803 0.000000 0.090718 96.670790 -9.325995 -16.803952 0.028541 
802 2.187015 0.000000 0.102058 94.248410 -9.220604 -17.186318 0.073685 
803 2.174803 0.000000 0.113397 98.517536 -8.285546 -11.706906 0.008859 
804 2.235862 0.000000 -0.068038 77.944462 -7.846164 12.817843 0.369880 
805 2.235862 0.000000 -0.090718 78.935598 -7.871180 12.981926 0.353869 
806 2.260285 0.000000 -0.068038 73.806241 -7.809436 12.127441 0.434458 
807 2.235862 0.000000 -0.045359 146.267611 -1.783507 8.714497 -1.147334 
808 2.235862 0.000000 -0.113397 87.985103 -6.204746 4.622853 0.219875 
809 2.235862 0.000000 -0.136077 92.097618 -5.786807 2.351735 0.147901 
810 2.260285 0.000000 -0.113397 85.237706 -5.592122 -2.519954 0.269691 
811 2.223650 0.000000 -0.079378 83.835493 -8.050636 14.363902 0.270048 
812 2.211438 0.000000 -0.079378 89.111764 -8.293281 16.025690 0.173349 
813 2.223650 0.000000 -0.090718 83.827734 -8.043415 14.260855 0.270484 
814 2.235862 0.000000 -0.079378 78.813949 -7.867876 12.961799 0.355845 
815 2.223650 0.000000 -0.068038 139.282508 -0.982691 15.714856 -0.964754 
816 2.235862 0.000000 0.068038 79.642281 -8.423051 -13.130250 0.341376 
817 2.235862 0.000000 0.045359 145.318674 -1.756404 -9.301613 -1.120712 
818 2.260285 0.000000 0.068038 75.693866 -8.378602 -12.474911 0.404461 
819 2.235862 0.000000 0.090718 80.577635 -8.470383 -13.284354 0.325902 
820 2.235862 0.000000 0.113397 88.997332 -6.882106 -5.493437 0.200193 
821 2.260285 0.000000 0.113397 86.429883 -6.244030 1.162570 0.248954 
822 2.235862 0.000000 0.136077 92.871799 -6.405114 -3.264583 0.132315 
823 2.223650 0.000000 0.079378 85.214575 -8.684194 -14.627524 0.244910 
824 2.211438 0.000000 0.079378 90.212592 -8.921280 -16.249914 0.151804 
825 2.223650 0.000000 0.068038 138.315031 -0.941759 -15.925252 -0.938555 
826 2.235862 0.000000 0.079378 80.462836 -8.465151 -13.265445 0.327810 
827 2.223650 0.000000 0.090718 85.204922 -8.680674 -14.522753 0.245386 
828 2.357979 0.000000 -0.045359 107.582336 -6.087135 -5.199079 -0.163804 
829 2.357979 0.000000 -0.090718 103.349123 -4.978607 -6.896068 -0.075338 
830 2.406827 0.000000 -0.045359 103.014655 -6.171308 -3.254116 -0.066069 
831 2.357979 0.000000 0.000000 109.276384 -6.075168 -1.136731 -0.197953 
832 2.284709 0.000000 -0.068038 145.652424 -5.169772 -43.770262 -1.315719 
833 2.284709 0.000000 -0.090718 89.142617 -5.224909 -31.078341 0.106043 
834 2.309132 0.000000 -0.068038 115.438963 -5.609497 -18.569218 -0.370244 
835 2.284709 0.000000 -0.045359 147.989255 -5.032042 -15.540618 -1.216765 
836 2.248074 0.000000 -0.079378 76.480221 -7.828856 12.574166 0.393138 
837 2.248074 0.000000 -0.090718 76.746355 -7.832697 12.618404 0.388942 
838 2.260285 0.000000 -0.079378 74.275855 -7.823446 12.205489 0.427292 
839 2.248074 0.000000 -0.068038 75.965755 -7.825596 12.488339 0.401201 
840 2.357979 0.000000 0.045359 107.649257 -6.047597 2.845630 -0.163303 
841 2.406827 0.000000 0.045359 103.081851 -6.136893 0.929368 -0.066439 
842 2.357979 0.000000 0.090718 103.578461 -5.312885 4.477628 -0.077677 
843 2.284709 0.000000 0.068038 144.327934 -5.283267 39.908481 -1.245115 
844 2.284709 0.000000 0.045359 146.917280 -4.990589 13.211544 -1.178414 
845 2.309132 0.000000 0.068038 115.400995 -5.713374 15.792143 -0.359942 
846 2.284709 0.000000 0.090718 90.314043 -5.746694 27.917022 0.103099 
847 2.248074 0.000000 0.079378 78.251291 -8.369428 -12.900281 0.364027 
848 2.248074 0.000000 0.068038 77.760439 -8.358847 -12.818977 0.371912 
849 2.260285 0.000000 0.079378 76.138785 -8.374761 -12.549224 0.397527 
850 2.248074 0.000000 0.090718 78.503588 -8.381208 -12.941955 0.359945 
851 5.044566 0.000000 -0.725744 99.741752 -7.142098 -0.216484 0.000053 
852 5.044566 0.000000 -1.451487 99.750620 -7.021283 -0.050506 0.000051 
853 5.826119 0.000000 -0.725744 99.745332 -7.123104 -0.234857 0.000008 
854 5.044566 0.000000 0.000000 99.834784 -5.810200 -2.286867 -0.000597 
855 3.872238 0.000000 -0.362872 99.731388 -7.207538 0.098083 0.000169 
856 3.872238 0.000000 -0.725744 99.734281 -7.178568 -0.182378 0.000151 
857 4.263014 0.000000 -0.362872 99.719462 -7.406018 0.138705 0.000116 
858 3.872238 0.000000 0.000000 99.798103 -6.251506 -1.984438 -0.000268 
859 3.286073 0.000000 -0.181436 99.930208 -4.103147 -0.233611 -0.000294 
860 3.090685 0.000000 -0.181436 99.886631 -4.243215 -0.554246 0.000435 
861 3.286073 0.000000 -0.362872 99.732237 -7.025181 -0.074061 0.000412 
862 3.481461 0.000000 -0.181436 99.948161 -3.994704 0.150153 -0.000562 
863 3.286073 0.000000 0.000000 99.795237 -6.052145 -1.203442 0.000283 
864 5.044566 0.000000 0.725744 99.723349 -7.409417 0.088753 0.000035 
865 5.826119 0.000000 0.725744 99.726195 -7.399940 0.134274 -0.000009 
866 5.044566 0.000000 1.451487 99.744036 -7.124815 0.006765 0.000036 
867 3.872238 0.000000 0.362872 99.685764 -7.870671 -0.459852 0.000059 
868 4.263014 0.000000 0.362872 99.673017 -8.085921 -0.420409 -0.000027 
869 3.872238 0.000000 0.725744 99.718749 -7.420305 0.015869 0.000111 
870 3.676849 0.000000 -0.181436 99.957271 -3.926219 0.537470 -0.000716 
871 3.676849 0.000000 -0.362872 99.733918 -7.127060 0.049215 0.000235 
872 3.872238 0.000000 -0.181436 99.963212 -3.889412 0.911012 -0.000860 
873 3.676849 0.000000 0.000000 99.801213 -6.158446 -1.811806 -0.000149 
874 3.286073 0.000000 0.181436 99.849430 -5.325027 -0.953498 0.000083 
875 3.090685 0.000000 0.181436 99.841577 -5.326418 -0.716398 0.000278 
876 3.481461 0.000000 0.181436 99.858085 -5.304495 -1.234526 -0.000130 
877 3.286073 0.000000 0.362872 99.693059 -7.623131 -0.388454 0.000303 
878 3.383767 0.000000 -0.090718 99.531487 -9.887530 0.540742 -0.000457 
879 3.286073 0.000000 -0.090718 99.432676 -11.207723 -2.731388 -0.001993 
880 3.383767 0.000000 -0.181436 99.940933 -4.041704 -0.044555 -0.000453 
881 3.481461 0.000000 -0.090718 99.728631 -7.129177 0.882121 0.000260 
882 3.383767 0.000000 0.000000 99.800613 -6.043666 -1.340329 0.000152 
883 3.676849 0.000000 0.181436 99.862135 -5.295703 -1.515272 -0.000279 
884 3.872238 0.000000 0.181436 99.865253 -5.296000 -1.792298 -0.000433 
885 3.676849 0.000000 0.362872 99.689775 -7.773829 -0.449602 0.000131 
886 3.579155 0.000000 -0.090718 99.894863 -4.791445 -0.111703 -0.000195 
887 3.579155 0.000000 -0.181436 99.953544 -3.954055 0.344440 -0.000646 
888 3.676849 0.000000 -0.090718 100.106751 -1.787795 0.729486 -0.002509 
889 3.579155 0.000000 0.000000 99.803574 -6.098642 -1.675597 -0.000075 
890 3.383767 0.000000 0.090718 100.054906 -2.421559 -2.989620 -0.002579 
891 3.286073 0.000000 0.090718 100.224267 0.071677 -2.983693 -0.005381 
892 3.481461 0.000000 0.090718 100.012923 -3.076561 -2.535181 -0.001848 
893 3.383767 0.000000 0.181436 99.854163 -5.314115 -1.092137 -0.000029 
894 3.432614 0.000000 -0.045359 99.729188 -7.089091 -1.417421 0.000182 
895 3.383767 0.000000 -0.045359 99.729499 -7.056833 -1.393150 0.000229 
896 3.432614 0.000000 -0.090718 99.635087 -8.434548 1.019619 0.000067 
897 3.481461 0.000000 -0.045359 99.732273 -7.077126 -1.450156 0.000129 
898 3.432614 0.000000 0.000000 99.802298 -6.045985 -1.422405 0.000092 
899 3.579155 0.000000 0.090718 99.996465 -3.345138 -2.402088 -0.001625 
900 3.676849 0.000000 0.090718 99.984659 -3.538448 -2.326283 -0.001486 
901 3.579155 0.000000 0.181436 99.860418 -5.298135 -1.374366 -0.000206 
902 3.530308 0.000000 -0.045359 99.738338 -7.014308 -1.476014 0.000088 
903 3.530308 0.000000 -0.090718 99.810529 -5.981431 0.432115 0.000189 
904 3.579155 0.000000 -0.045359 99.746135 -6.918790 -1.481176 0.000064 
905 3.530308 0.000000 0.000000 99.804287 -6.072789 -1.595223 -0.000032 
906 3.432614 0.000000 0.045359 99.709545 -7.376836 -1.161912 0.000224 
907 3.383767 0.000000 0.045359 99.710874 -7.333038 -0.993191 0.000298 
908 3.481461 0.000000 0.045359 99.710128 -7.398422 -1.336078 0.000137 
909 3.432614 0.000000 0.090718 100.026121 -2.855796 -2.710809 -0.002073 
910 3.457038 0.000000 -0.022679 99.984319 -3.460141 -1.482944 -0.001104 
911 3.432614 0.000000 -0.022679 99.946656 -3.980044 -0.382695 -0.000532 
912 3.457038 0.000000 -0.045359 99.730540 -7.088590 -1.433862 0.000152 
913 3.481461 0.000000 -0.022679 99.949506 -3.971162 -2.588215 -0.001237 
914 3.457038 0.000000 0.000000 99.803068 -6.051907 -1.467305 0.000057 
915 4.653790 0.000000 -0.362872 99.704496 -7.655820 0.071203 0.000040 
916 4.653790 0.000000 -0.725744 99.739760 -7.155084 -0.205937 0.000074 
917 5.044566 0.000000 -0.362872 99.691622 -7.857131 -0.142006 -0.000017 
918 4.653790 0.000000 0.000000 99.816361 -6.055948 -2.175975 -0.000472 
919 4.067626 0.000000 -0.181436 99.967149 -3.858479 1.264265 -0.000992 
920 4.067626 0.000000 -0.362872 99.726436 -7.302208 0.130826 0.000130 
921 4.263014 0.000000 -0.181436 99.970429 -3.822498 1.589639 -0.001123 
922 4.067626 0.000000 0.000000 99.798864 -6.266068 -2.067432 -0.000335 
923 3.774543 0.000000 -0.090718 100.007677 -3.228487 2.262060 -0.001708 
924 3.774543 0.000000 -0.181436 99.960942 -3.905084 0.731911 -0.000798 
925 3.872238 0.000000 -0.090718 99.966000 -3.849528 1.091685 -0.000921 
926 3.774543 0.000000 0.000000 99.798921 -6.212453 -1.912639 -0.000208 
927 4.653790 0.000000 0.362872 99.658074 -8.322955 -0.260117 -0.000107 
928 5.044566 0.000000 0.362872 99.648166 -8.480929 0.017949 -0.000168 
929 4.653790 0.000000 0.725744 99.721988 -7.415347 0.064742 0.000053 
930 4.458402 0.000000 -0.181436 99.974196 -3.785869 1.906745 -0.001281 
931 4.458402 0.000000 -0.362872 99.712163 -7.533830 0.123548 0.000071 
932 4.653790 0.000000 -0.181436 99.977838 -3.746338 2.185137 -0.001438 
933 4.458402 0.000000 0.000000 99.809456 -6.142229 -2.143496 -0.000425 
934 8.952329 0.000000 -1.451487 99.754830 -6.994314 -0.064891 0.000005 
935 8.952329 0.000000 -2.902975 99.756120 -6.975859 -0.012182 0.000005 
936 10.515434 0.000000 -1.451487 99.755694 -6.983457 -0.065947 0.000003 
937 8.952329 0.000000 0.000000 99.836491 -5.827035 0.623245 -0.000167 
938 6.607671 0.000000 -0.725744 99.748326 -7.081339 -0.248209 0.000006 
939 6.607671 0.000000 -1.451487 99.753255 -7.010706 -0.058764 0.000013 
940 7.389224 0.000000 -0.725744 99.750926 -7.047298 -0.255460 0.000002 
941 6.607671 0.000000 0.000000 99.911515 -4.748509 2.542347 -0.001132 
942 5.435343 0.000000 -0.362872 99.687764 -7.922513 -0.454558 -0.000062 
943 5.435343 0.000000 -0.725744 99.743394 -7.127903 -0.226092 0.000040 
944 5.826119 0.000000 -0.362872 99.695889 -7.830340 -0.754925 -0.000115 
945 5.435343 0.000000 0.000000 99.889967 -5.031180 -2.582739 -0.000999 
946 4.849178 0.000000 -0.181436 99.979741 -3.729050 2.419059 -0.001571 
947 4.849178 0.000000 -0.362872 99.697326 -7.768096 -0.018078 0.000010 
948 5.044566 0.000000 -0.181436 99.977162 -3.773741 2.589438 -0.001638 
949 4.849178 0.000000 0.000000 99.824105 -5.955077 -2.217810 -0.000523 
950 8.952329 0.000000 1.451487 99.746831 -7.110196 0.047707 0.000001 
951 10.515434 0.000000 1.451487 99.747634 -7.099559 0.059820 0.000000 
952 8.952329 0.000000 2.902975 99.752869 -7.024956 0.005115 0.000002 
953 6.607671 0.000000 0.725744 99.728727 -7.364119 0.175540 -0.000008 
954 7.389224 0.000000 0.725744 99.731206 -7.330904 0.210261 -0.000010 
955 6.607671 0.000000 1.451487 99.745811 -7.121846 0.024782 0.000005 
956 5.435343 0.000000 0.362872 99.647725 -8.497187 0.355006 -0.000200 
957 5.826119 0.000000 0.362872 99.657485 -8.381187 0.652754 -0.000228 
958 5.435343 0.000000 0.725744 99.724587 -7.400835 0.111825 0.000022 
959 5.239954 0.000000 -0.181436 99.967207 -3.922050 2.704208 -0.001614 
960 5.239954 0.000000 -0.362872 99.688232 -7.911571 -0.292253 -0.000042 
961 5.435343 0.000000 -0.181436 99.928402 -4.481174 0.935408 -0.000664 
962 5.239954 0.000000 0.000000 99.853310 -5.551258 -2.402527 -0.000727 
963 6.216895 0.000000 -0.362872 99.710986 -7.617217 -0.955898 -0.000122 
964 6.216895 0.000000 -0.725744 99.746730 -7.105848 -0.242143 0.000004 
965 6.607671 0.000000 -0.362872 99.728242 -7.368842 -1.042158 -0.000111 
966 6.216895 0.000000 0.000000 99.934390 -4.422878 4.056957 -0.002290 
967 5.630731 0.000000 -0.181436 100.211236 -0.441277 -3.142470 -0.005236 
968 5.630731 0.000000 -0.362872 99.690346 -7.890160 -0.613179 -0.000080 
969 5.826119 0.000000 -0.181436 100.107323 -1.946889 -3.279965 -0.003602 
970 5.630731 0.000000 0.000000 99.961195 -4.017173 -2.838659 -0.001644 
971 2.895297 0.000000 -0.181436 99.863561 -4.461175 -0.788630 0.000675 
972 2.895297 0.000000 -0.362872 99.713327 -7.010138 -0.233059 0.000806 
973 2.895297 0.000000 0.000000 99.808503 -6.031423 -1.037860 0.000081 
974 3.188379 0.000000 -0.090718 99.592601 -9.019347 -4.961450 -0.002465 
975 3.090685 0.000000 -0.090718 99.670750 -7.410198 -5.422854 -0.001858 
976 3.188379 0.000000 -0.181436 99.909320 -4.160790 -0.418604 0.000064 
977 3.188379 0.000000 0.000000 99.802924 -6.039437 -1.123660 0.000164 
978 4.067626 0.000000 0.181436 99.867063 -5.294143 -2.057813 -0.000569 
979 4.263014 0.000000 0.181436 99.868732 -5.284545 -2.302156 -0.000699 
980 4.067626 0.000000 0.362872 99.679807 -7.977516 -0.450990 0.000009 
981 3.774543 0.000000 0.090718 99.980357 -3.622397 -2.308600 -0.001452 
982 3.872238 0.000000 0.090718 99.973653 -3.742996 -2.322575 -0.001414 
983 3.774543 0.000000 0.181436 99.864237 -5.294608 -1.659653 -0.000365 
984 3.725696 0.000000 -0.045359 99.776309 -6.524986 -1.387475 0.000019 
985 3.676849 0.000000 -0.045359 99.765625 -6.666455 -1.431086 0.000033 
986 3.725696 0.000000 -0.090718 100.077340 -2.219752 2.206834 -0.002527 
987 3.774543 0.000000 -0.045359 99.787373 -6.376990 -1.339783 0.000002 
988 3.725696 0.000000 0.000000 99.799980 -6.187268 -1.866472 -0.000180 
989 3.969932 0.000000 -0.090718 100.020635 -3.081732 -0.673228 -0.001408 
990 3.969932 0.000000 -0.181436 99.965285 -3.873067 1.090125 -0.000925 
991 4.067626 0.000000 -0.090718 100.135715 -1.448282 3.697660 -0.004293 
992 3.969932 0.000000 0.000000 99.797912 -6.267732 -2.033767 -0.000304 
993 4.165320 0.000000 -0.090718 99.979141 -3.701977 1.784037 -0.001272 
994 4.165320 0.000000 -0.181436 99.968956 -3.846040 1.430468 -0.001063 
995 4.263014 0.000000 -0.090718 99.941783 -4.245302 1.121696 -0.000764 
996 4.165320 0.000000 0.000000 99.800994 -6.251560 -2.094462 -0.000371 
997 3.969932 0.000000 0.090718 99.980091 -3.664166 -2.190251 -0.001424 
998 4.067626 0.000000 0.090718 99.993064 -3.490358 -2.917365 -0.001931 
999 3.969932 0.000000 0.181436 99.866228 -5.294855 -1.927052 -0.000501 
1000 4.018779 0.000000 -0.045359 99.846329 -5.581038 -1.154645 -0.000177 
1001 3.969932 0.000000 -0.045359 99.834391 -5.745499 -1.179962 -0.000131 
1002 4.018779 0.000000 -0.090718 100.253336 0.239608 -1.037289 -0.005186 
1003 4.067626 0.000000 -0.045359 99.858350 -5.414930 -1.136135 -0.000230 
1004 4.018779 0.000000 0.000000 99.798245 -6.269178 -2.052127 -0.000320 
1005 4.458402 0.000000 0.181436 99.870151 -5.275914 -2.519197 -0.000823 
1006 4.653790 0.000000 0.181436 99.871639 -5.266677 -2.689770 -0.000932 
1007 4.458402 0.000000 0.362872 99.665037 -8.211980 -0.354774 -0.000068 
1008 4.360708 0.000000 -0.090718 99.964066 -3.919637 1.616736 -0.001079 
1009 4.360708 0.000000 -0.181436 99.972390 -3.799269 1.752238 -0.001198 
1010 4.458402 0.000000 -0.090718 100.009558 -3.280349 1.300900 -0.001436 
1011 4.360708 0.000000 0.000000 99.806466 -6.174972 -2.130230 -0.000400 
1012 4.556096 0.000000 -0.090718 100.033956 -2.938110 0.988588 -0.001640 
1013 4.556096 0.000000 -0.181436 99.976116 -3.764988 2.050422 -0.001360 
1014 4.653790 0.000000 -0.090718 100.053249 -2.668107 0.743885 -0.001832 
1015 4.556096 0.000000 0.000000 99.812873 -6.099916 -2.159425 -0.000448 
1016 4.849178 0.000000 0.181436 99.870906 -5.286768 -2.800053 -0.000999 
1017 5.044566 0.000000 0.181436 99.863936 -5.394151 -2.852697 -0.001004 
1018 4.849178 0.000000 0.362872 99.652175 -8.416431 -0.133961 -0.000141 
1019 4.751484 0.000000 -0.090718 100.069676 -2.438454 0.533149 -0.002017 
1020 4.751484 0.000000 -0.181436 99.979146 -3.732881 2.308676 -0.001509 
1021 4.849178 0.000000 -0.090718 100.083359 -2.247462 0.349605 -0.002185 
1022 4.751484 0.000000 0.000000 99.820038 -6.008591 -2.194743 -0.000496 
1023 4.946872 0.000000 -0.090718 100.094469 -2.092738 0.194066 -0.002332 
1024 4.946872 0.000000 -0.181436 99.979225 -3.740555 2.513716 -0.001616 
1025 5.044566 0.000000 -0.090718 100.103201 -1.971568 0.067158 -0.002454 
1026 4.946872 0.000000 0.000000 99.828867 -5.891111 -2.247756 -0.000556 
1027 5.239954 0.000000 0.181436 99.866685 -5.360815 -3.196108 -0.001231 
1028 5.435343 0.000000 0.181436 99.965413 -3.952921 3.043034 -0.001797 
1029 5.239954 0.000000 0.362872 99.646618 -8.509133 0.185288 -0.000189 
1030 5.142260 0.000000 -0.090718 100.109671 -1.882189 -0.031796 -0.002549 
1031 5.142260 0.000000 -0.181436 99.973355 -3.831366 2.643496 -0.001634 
1032 5.239954 0.000000 -0.090718 100.113943 -1.823944 -0.103933 -0.002614 
1033 5.142260 0.000000 0.000000 99.842563 -5.702066 -2.337527 -0.000651 
1034 5.337648 0.000000 -0.090718 100.116083 -1.796130 -0.150875 -0.002648 
1035 5.337648 0.000000 -0.181436 99.939814 -4.316223 2.753222 -0.001418 
1036 5.435343 0.000000 -0.090718 100.116050 -1.797999 -0.175153 -0.002649 
1037 5.337648 0.000000 0.000000 99.868532 -5.336345 -2.484138 -0.000837 
1038 5.826119 0.000000 -4.354462 99.755987 -6.973499 -0.003749 0.000011 
1039 5.826119 0.000000 -5.805950 99.756238 -6.972513 -0.001815 0.000008 
1040 7.389224 0.000000 -4.354462 99.756241 -6.972631 -0.004137 0.000007 
1041 5.044566 0.000000 -2.177231 99.753490 -6.990228 -0.018543 0.000038 
1042 4.263014 0.000000 -2.177231 99.752432 -6.993229 -0.015898 0.000055 
1043 5.044566 0.000000 -2.902975 99.754857 -6.988797 -0.009184 0.000013 
1044 5.826119 0.000000 -2.177231 99.755014 -6.994611 -0.019617 0.000001 
1045 5.435343 0.000000 -1.088616 99.748723 -7.053713 -0.101929 0.000043 
1046 5.044566 0.000000 -1.088616 99.747635 -7.058545 -0.097708 0.000058 
1047 5.435343 0.000000 -1.451487 99.751390 -7.018338 -0.052790 0.000040 
1048 5.826119 0.000000 -1.088616 99.749927 -7.057609 -0.105928 0.000013 
1049 5.630731 0.000000 -0.544308 99.737434 -7.216989 -0.352861 0.000023 
1050 5.435343 0.000000 -0.544308 99.736402 -7.227284 -0.339268 0.000030 
1051 5.630731 0.000000 -0.725744 99.744204 -7.120620 -0.230483 0.000034 
1052 5.826119 0.000000 -0.544308 99.738907 -7.215018 -0.366330 -0.000004 
1053 6.216895 0.000000 0.362872 99.672128 -8.174113 0.854274 -0.000208 
1054 6.607671 0.000000 0.362872 99.688053 -7.944853 0.959204 -0.000175 
1055 6.216895 0.000000 0.725744 99.727298 -7.386092 0.155675 -0.000011 
1056 6.021507 0.000000 -0.181436 100.051255 -2.750168 -3.054992 -0.002715 
1057 6.021507 0.000000 -0.362872 99.702873 -7.731971 -0.870324 -0.000120 
1058 6.216895 0.000000 -0.181436 100.007968 -3.370431 -2.748649 -0.002051 
1059 6.021507 0.000000 0.000000 100.023637 -3.145427 5.034285 -0.003997 
1060 5.728425 0.000000 -0.272154 99.561823 -9.730089 -3.256327 -0.001783 
1061 5.630731 0.000000 -0.272154 99.521522 -10.304449 -3.083063 -0.002022 
1062 5.728425 0.000000 -0.362872 99.692640 -7.859337 -0.686772 -0.000086 
1063 5.826119 0.000000 -0.272154 99.601132 -9.185530 -3.327665 -0.001583 
1064 5.728425 0.000000 -0.181436 100.143414 -1.413117 -3.377212 -0.004211 
1065 5.533037 0.000000 -0.272154 99.480536 -10.888416 -2.886981 -0.002327 
1066 5.435343 0.000000 -0.272154 99.422370 -11.717864 -2.765648 -0.002976 
1067 5.533037 0.000000 -0.362872 99.688701 -7.911524 -0.535213 -0.000072 
1068 5.533037 0.000000 -0.181436 100.174518 -0.964175 -0.902200 -0.003668 
1069 5.630731 0.000000 0.181436 99.977721 -3.781405 2.688607 -0.001707 
1070 5.826119 0.000000 0.181436 99.921908 -4.599169 2.739336 -0.001304 
1071 5.630731 0.000000 0.362872 99.651399 -8.448884 0.513920 -0.000205 
1072 5.533037 0.000000 -0.090718 100.113993 -1.829877 -0.179821 -0.002619 
1073 5.630731 0.000000 -0.090718 100.109947 -1.889901 -0.168349 -0.002560 
1074 5.533037 0.000000 0.000000 99.919788 -4.607147 -2.695552 -0.001246 
1075 5.581884 0.000000 -0.226795 100.055473 -2.667462 1.144261 -0.001952 
1076 5.533037 0.000000 -0.226795 100.064766 -2.533447 1.336499 -0.002116 
1077 5.581884 0.000000 -0.272154 99.501509 -10.589590 -2.978938 -0.002156 
1078 5.630731 0.000000 -0.226795 100.053822 -2.692147 1.488751 -0.002023 
1079 5.581884 0.000000 -0.181436 100.236001 -0.086088 -2.191976 -0.005207 
1080 2.895297 0.000000 0.181436 99.843219 -5.404888 -0.498091 0.000187 
1081 2.895297 0.000000 0.362872 99.704319 -7.513732 -0.300087 0.000250 
1082 3.188379 0.000000 0.090718 100.095763 -1.776876 0.947069 -0.002322 
1083 3.090685 0.000000 0.090718 99.880801 -4.849522 -0.031302 0.000031 
1084 3.188379 0.000000 0.181436 99.846204 -5.320216 -0.828984 0.000174 
1085 3.237226 0.000000 0.045359 99.734090 -7.093119 -0.534843 0.000251 
1086 3.188379 0.000000 0.045359 99.744804 -6.979354 -0.442818 0.000207 
1087 3.237226 0.000000 0.000000 99.795358 -6.055464 -1.151072 0.000289 
1088 3.286073 0.000000 0.045359 99.716084 -7.190270 -0.685356 0.000453 
1089 3.237226 0.000000 0.090718 100.116943 -1.457597 -0.521694 -0.002580 
1090 2.992991 0.000000 0.090718 99.949793 -3.550080 2.519375 -0.000891 
1091 2.895297 0.000000 0.090718 99.913809 -4.225614 1.954021 -0.000444 
1092 2.992991 0.000000 0.000000 99.808513 -6.056762 -1.048117 0.000048 
1093 2.992991 0.000000 0.181436 99.838149 -5.361650 -0.591096 0.000325 
1094 3.139532 0.000000 0.045359 99.761496 -6.893714 -0.363448 -0.000001 
1095 3.090685 0.000000 0.045359 99.765462 -6.801695 -0.291949 0.000050 
1096 3.139532 0.000000 0.000000 99.806228 -6.040177 -1.095048 0.000103 
1097 3.139532 0.000000 0.090718 100.022364 -2.846534 1.576926 -0.001506 
1098 3.481461 0.000000 2.177231 99.749580 -7.040992 -0.008506 0.000045 
1099 4.263014 0.000000 2.177231 99.749778 -7.050365 -0.005812 0.000027 
1100 3.481461 0.000000 2.902975 99.753957 -7.016208 -0.006381 -0.000008 
1101 3.090685 0.000000 1.088616 99.731579 -7.204841 -0.028996 0.000170 
1102 3.481461 0.000000 1.088616 99.735519 -7.211603 -0.020003 0.000082 
1103 3.090685 0.000000 1.451487 99.741972 -7.113978 -0.021820 0.000093 
1104 3.286073 0.000000 0.544308 99.697751 -7.605971 -0.050105 0.000251 
1105 3.090685 0.000000 0.544308 99.691094 -7.593706 -0.060877 0.000402 
1106 3.481461 0.000000 0.544308 99.700096 -7.610558 -0.031607 0.000197 
1107 3.286073 0.000000 0.725744 99.714008 -7.421021 -0.024461 0.000204 
1108 3.188379 0.000000 0.272154 99.746647 -6.862887 -0.788349 0.000289 
1109 3.090685 0.000000 0.272154 99.748842 -6.833500 -0.706909 0.000297 
1110 3.286073 0.000000 0.272154 99.741707 -6.909860 -0.872961 0.000308 
1111 3.188379 0.000000 0.362872 99.693420 -7.590616 -0.365842 0.000347 
1112 3.237226 0.000000 0.136077 99.919223 -4.247898 -0.710907 -0.000240 
1113 3.188379 0.000000 0.136077 99.915144 -4.250035 -0.622909 -0.000149 
1114 3.286073 0.000000 0.136077 99.924075 -4.233217 -0.817146 -0.000341 
1115 3.237226 0.000000 0.181436 99.846430 -5.330842 -0.885235 0.000149 
1116 3.212803 0.000000 0.068038 99.662675 -8.352074 0.462677 -0.000262 
1117 3.188379 0.000000 0.068038 99.666200 -8.275247 0.660894 -0.000227 
1118 3.212803 0.000000 0.045359 99.741589 -7.028503 -0.488867 0.000198 
1119 3.237226 0.000000 0.068038 99.659287 -8.393964 0.274462 -0.000251 
1120 3.212803 0.000000 0.090718 100.120165 -1.433201 0.256966 -0.002617 
1121 5.142260 0.000000 0.090718 99.860880 -5.440444 -1.303692 -0.000349 
1122 5.044566 0.000000 0.090718 99.867944 -5.336381 -1.525389 -0.000441 
1123 5.239954 0.000000 0.090718 99.852813 -5.558755 -1.079605 -0.000265 
1124 5.142260 0.000000 0.181436 99.858008 -5.481917 -2.839535 -0.000974 
1125 5.826119 0.000000 4.354462 99.754804 -7.000309 -0.001268 -0.000003 
1126 7.389224 0.000000 4.354462 99.754602 -7.001609 -0.000198 -0.000000 
1127 5.826119 0.000000 5.805950 99.755533 -6.990934 -0.000932 -0.000004 
1128 5.044566 0.000000 2.177231 99.749950 -7.051440 -0.001933 0.000022 
1129 5.826119 0.000000 2.177231 99.751596 -7.057105 -0.000390 -0.000018 
1130 5.044566 0.000000 2.902975 99.752872 -7.028741 -0.002626 -0.000004 
1131 5.435343 0.000000 1.088616 99.738217 -7.209513 0.035457 0.000031 
1132 5.044566 0.000000 1.088616 99.737517 -7.211393 0.026132 0.000042 
1133 5.826119 0.000000 1.088616 99.739197 -7.215561 0.044408 0.000003 
1134 5.435343 0.000000 1.451487 99.744457 -7.124254 0.011430 0.000029 
1135 5.630731 0.000000 0.544308 99.709604 -7.617545 0.220337 -0.000008 
1136 5.435343 0.000000 0.544308 99.708732 -7.626044 0.194524 -0.000003 
1137 5.826119 0.000000 0.544308 99.711009 -7.616394 0.245485 -0.000036 
1138 5.630731 0.000000 0.725744 99.725182 -7.395994 0.123225 0.000017 
1139 5.533037 0.000000 0.272154 99.492424 -10.719866 2.646255 -0.002066 
1140 5.435343 0.000000 0.272154 99.450595 -11.315783 2.462370 -0.002453 
1141 5.533037 0.000000 0.181436 99.996731 -3.507440 2.495211 -0.001787 
1142 5.630731 0.000000 0.272154 99.529013 -10.198653 2.763804 -0.001768 
1143 5.533037 0.000000 0.362872 99.649278 -8.477200 0.436420 -0.000203 
1144 -8.241827 0.000000 -8.708925 99.756385 -6.975129 -0.000089 0.000001 
1145 -11.368037 0.000000 -8.708925 99.756398 -6.975284 -0.000063 0.000001 
1146 -8.241827 0.000000 -11.611899 99.756402 -6.975027 -0.000080 0.000001 
1147 10.515434 0.000000 -8.708925 99.756572 -6.971609 -0.000751 0.000002 
1148 10.515434 0.000000 -11.611899 99.756549 -6.972366 -0.000357 0.000002 
1149 13.641644 0.000000 -8.708925 99.756640 -6.971241 -0.000725 0.000001 
1150 -8.241827 0.000000 8.708925 99.756410 -6.976545 -0.000065 -0.000001 
1151 -11.368037 0.000000 8.708925 99.756402 -6.976233 -0.000052 -0.000001 
1152 -8.241827 0.000000 11.611899 99.756404 -6.976608 -0.000068 -0.000001 
1153 -3.552511 0.000000 -4.354462 99.756150 -6.975262 -0.000317 0.000006 
1154 -5.115617 0.000000 -4.354462 99.756253 -6.975308 -0.000183 0.000003 
1155 -3.552511 0.000000 -5.805950 99.756255 -6.974988 -0.000276 0.000004 
1156 10.515434 0.000000 8.708925 99.755766 -6.985334 0.000001 -0.000001 
1157 13.641644 0.000000 8.708925 99.755707 -6.985796 0.000365 -0.000000 
1158 10.515434 0.000000 11.611899 99.756009 -6.981986 -0.000065 -0.000001 
1159 -3.552511 0.000000 4.354462 99.756447 -6.977615 -0.000020 -0.000004 
1160 -5.115617 0.000000 4.354462 99.756403 -6.976924 -0.000042 -0.000002 
1161 -3.552511 0.000000 5.805950 99.756489 -6.977681 -0.000081 -0.000005 
1162 -1.207854 0.000000 -2.177231 99.759793 -6.975638 -0.007164 -0.000068 
1163 -1.989406 0.000000 -2.177231 99.754989 -6.969090 -0.001075 0.000037 
1164 -1.207854 0.000000 -2.902975 99.755234 -6.969971 -0.001844 0.000031 
1165 3.481461 0.000000 -2.177231 99.746058 -6.992270 -0.018083 0.000183 
1166 3.481461 0.000000 -2.902975 99.754597 -6.982425 -0.005327 0.000027 
1167 -1.207854 0.000000 2.177231 99.761924 -6.979199 0.007439 -0.000115 
1168 -1.989406 0.000000 2.177231 99.755670 -6.969870 0.000415 0.000023 
1169 -1.207854 0.000000 2.902975 99.756281 -6.971382 0.000776 0.000008 
1170 -0.817078 0.000000 -1.088616 99.744944 -6.983975 -0.003424 0.000217 
1171 -1.207854 0.000000 -1.088616 99.748623 -6.984994 0.005174 0.000142 
1172 -0.817078 0.000000 -1.451487 99.755717 -6.980677 -0.011007 0.000007 
1173 -0.230913 0.000000 -0.544308 99.649393 -7.019142 0.055936 0.002073 
1174 -0.426301 0.000000 -0.544308 99.726639 -7.001754 0.044774 0.000557 
1175 -0.230913 0.000000 -0.725744 99.672308 -7.022345 0.003461 0.001612 
1176 0.941416 0.000000 -0.544308 99.773730 -7.238456 -0.005524 -0.000719 
1177 0.941416 0.000000 -0.725744 99.755704 -7.118003 -0.013169 -0.000187 
1178 -0.817078 0.000000 1.088616 99.747437 -6.986665 0.002984 0.000164 
1179 -1.207854 0.000000 1.088616 99.752175 -6.985615 -0.000218 0.000070 
1180 -0.817078 0.000000 1.451487 99.757295 -6.988114 0.010794 -0.000035 
1181 -0.230913 0.000000 0.544308 99.661154 -7.031170 -0.049871 0.001821 
1182 -0.426301 0.000000 0.544308 99.738667 -7.011471 -0.030113 0.000304 
1183 -0.230913 0.000000 0.725744 99.692458 -7.023705 0.008458 0.001208 
1184 -0.133219 0.000000 -0.272154 99.718666 -7.169450 0.616932 0.000441 
1185 -0.230913 0.000000 -0.272154 99.850304 -6.991883 0.462815 -0.001918 
1186 -0.133219 0.000000 -0.362872 99.458913 -7.088680 0.285148 0.005759 
1187 0.941416 0.000000 0.544308 99.803490 -7.237691 -0.023727 -0.001312 
1188 0.941416 0.000000 0.725744 99.772766 -7.123031 -0.016880 -0.000534 
1189 -0.133219 0.000000 0.272154 99.706438 -7.214771 -0.640583 0.000616 
1190 -0.230913 0.000000 0.272154 99.848586 -6.959193 -0.462244 -0.001838 
1191 -0.133219 0.000000 0.362872 99.467032 -7.089357 -0.282816 0.005597 
1192 0.037745 0.000000 -0.113397 88.301686 -8.851392 -1.620666 0.212184 
1193 0.013322 0.000000 -0.113397 87.451392 -8.440062 4.796006 0.225802 
1194 0.037745 0.000000 -0.136077 92.535842 -8.282163 -0.633696 0.136812 
1195 0.648333 0.000000 -0.272154 101.230249 -11.186840 -0.001872 -0.037271 
1196 0.648333 0.000000 -0.362872 99.820028 -7.538027 0.093651 -0.002087 
1197 0.746027 0.000000 -0.272154 102.135266 -10.279161 -0.002797 -0.053727 
1198 0.648333 0.000000 0.272154 101.244177 -11.174446 -0.001339 -0.037525 
1199 0.746027 0.000000 0.272154 102.143709 -10.289748 -0.005082 -0.053922 
1200 0.648333 0.000000 0.362872 99.844422 -7.542365 -0.123325 -0.002581 
1201 0.037745 0.000000 0.113397 88.234650 -8.872161 1.611892 0.213333 
1202 0.013322 0.000000 0.113397 87.393023 -8.465169 -4.820988 0.226756 
1203 0.037745 0.000000 0.136077 92.484575 -8.302113 0.630867 0.137728 
1204 0.098804 0.000000 -0.079378 92.309739 -12.445985 -15.378494 0.108751 
1205 0.098804 0.000000 -0.090718 92.426220 -12.536106 -15.458939 0.106126 
1206 0.098804 0.000000 -0.068038 92.301980 -12.434793 -15.369644 0.108949 
1207 0.098804 0.000000 0.079378 92.237599 -12.404718 15.366880 0.110221 
1208 0.098804 0.000000 0.068038 92.231413 -12.390180 15.358224 0.110397 
1209 0.098804 0.000000 0.090718 92.333782 -12.546710 15.445004 0.107850 
1210 0.233134 0.000000 -0.068038 89.800266 -0.107953 -6.583353 0.189256 
1211 0.233134 0.000000 -0.045359 91.277225 -0.092879 -4.922217 0.164423 
1212 0.184287 0.000000 -0.113397 99.837297 -11.198670 -9.852110 -0.018996 
1213 0.184287 0.000000 -0.136077 99.333282 -9.902137 -7.702618 -0.002448 
1214 0.233134 0.000000 0.068038 89.835024 -0.092199 6.598574 0.188612 
1215 0.233134 0.000000 0.045359 91.293393 -0.087368 4.955607 0.164095 
1216 0.184287 0.000000 0.113397 99.790074 -11.171271 9.861423 -0.018010 
1217 0.184287 0.000000 0.136077 99.326709 -9.848840 7.697312 -0.002204 
1218 0.501792 0.000000 -0.045359 100.284207 -8.036875 -0.007312 -0.012151 
1219 0.550639 0.000000 -0.045359 101.240663 -6.752845 -0.010399 -0.029527 
1220 0.501792 0.000000 0.000000 101.241854 -6.532245 -0.010405 -0.029258 
1221 0.501792 0.000000 0.045359 100.288948 -8.031981 -0.009280 -0.012239 
1222 0.550639 0.000000 0.045359 101.242675 -6.751563 -0.009611 -0.029566 
1223 0.428522 0.000000 -0.068038 99.130821 -10.849707 -0.001762 0.005536 
1224 0.452945 0.000000 -0.068038 99.262978 -9.348808 -0.004067 0.005946 
1225 0.428522 0.000000 -0.045359 99.284974 -11.604749 -0.001316 0.000782 
1226 0.367463 0.000000 -0.102058 105.040683 -12.611899 -3.271301 -0.120331 
1227 0.367463 0.000000 -0.113397 105.072907 -12.620796 -2.764382 -0.120724 
1228 0.367463 0.000000 -0.090718 105.341138 -12.617243 -3.013164 -0.126503 
1229 0.428522 0.000000 0.068038 99.142815 -10.837577 -0.006199 0.005325 
1230 0.428522 0.000000 0.045359 99.295838 -11.590723 -0.003773 0.000599 
1231 0.452945 0.000000 0.068038 99.275699 -9.339308 -0.008509 0.005711 
1232 0.367463 0.000000 0.102058 105.113992 -12.608294 3.272494 -0.121863 
1233 0.367463 0.000000 0.090718 105.417314 -12.610740 3.013846 -0.128092 
1234 0.367463 0.000000 0.113397 105.142980 -12.607970 2.764950 -0.122165 
1235 1.722968 0.000000 -0.544308 99.707199 -7.372439 -0.032675 0.000412 
1236 1.722968 0.000000 -0.725744 99.674599 -7.199567 -0.022697 0.001314 
1237 1.722968 0.000000 0.544308 99.862011 -7.392455 -0.023641 -0.002707 
1238 1.722968 0.000000 0.725744 99.768376 -7.225175 -0.026257 -0.000593 
1239 1.429886 0.000000 -0.272154 101.314795 -11.722825 -0.016420 -0.040211 
1240 1.429886 0.000000 -0.362872 99.717685 -7.642315 0.121156 -0.000204 
1241 1.527580 0.000000 -0.272154 101.610762 -12.631674 -0.025568 -0.048431 
1242 1.429886 0.000000 0.272154 101.294429 -12.221477 -0.137003 -0.040994 
1243 1.527580 0.000000 0.272154 101.675108 -13.853096 -0.384760 -0.052988 
1244 1.429886 0.000000 0.362872 99.788824 -7.654860 -0.078149 -0.001641 
1245 8.952329 0.000000 -4.354462 99.756420 -6.971927 -0.004360 0.000005 
1246 8.952329 0.000000 -5.805950 99.756497 -6.971335 -0.002097 0.000004 
1247 10.515434 0.000000 -4.354462 99.756538 -6.971384 -0.004506 0.000003 
1248 6.607671 0.000000 -2.177231 99.754951 -6.986931 -0.022226 0.000013 
1249 6.607671 0.000000 -2.902975 99.755624 -6.978146 -0.010931 0.000012 
1250 7.389224 0.000000 -2.177231 99.755255 -6.985253 -0.023277 0.000009 
1251 3.090685 0.000000 -1.088616 99.737371 -7.089633 -0.057144 0.000219 
1252 3.090685 0.000000 -1.451487 99.744599 -7.032495 -0.027337 0.000156 
1253 3.481461 0.000000 -1.088616 99.742520 -7.081297 -0.066615 0.000128 
1254 3.872238 0.000000 -1.088616 99.742974 -7.074063 -0.080658 0.000129 
1255 3.872238 0.000000 -1.451487 99.746368 -7.028191 -0.043629 0.000126 
1256 4.263014 0.000000 -1.088616 99.744803 -7.069672 -0.086942 0.000099 
1257 2.504521 0.000000 -0.544308 99.612329 -7.348616 -0.177105 0.002335 
1258 2.504521 0.000000 -0.725744 99.649089 -7.241194 -0.097713 0.001761 
1259 2.699909 0.000000 -0.544308 99.667605 -7.320748 -0.218608 0.001273 
1260 8.952329 0.000000 4.354462 99.754521 -7.002287 0.000866 0.000000 
1261 10.515434 0.000000 4.354462 99.754495 -7.002566 0.001899 0.000000 
1262 8.952329 0.000000 5.805950 99.755228 -6.992853 0.000049 -0.000001 
1263 6.607671 0.000000 2.177231 99.750754 -7.053107 0.004908 0.000004 
1264 7.389224 0.000000 2.177231 99.750810 -7.052931 0.008032 0.000003 
1265 6.607671 0.000000 2.902975 99.752872 -7.024527 0.000672 0.000002 
1266 3.872238 0.000000 1.088616 99.734851 -7.213021 -0.003930 0.000093 
1267 4.263014 0.000000 1.088616 99.735601 -7.213979 0.006558 0.000077 
1268 3.872238 0.000000 1.451487 99.744815 -7.122891 -0.011574 0.000024 
1269 2.504521 0.000000 0.544308 99.656080 -7.568739 -0.127274 0.001136 
1270 2.699909 0.000000 0.544308 99.692107 -7.583587 -0.100306 0.000396 
1271 2.504521 0.000000 0.725744 99.692419 -7.376072 -0.090980 0.000701 
1272 2.895297 0.000000 -0.544308 99.692361 -7.276990 -0.223970 0.000843 
1273 2.895297 0.000000 -0.725744 99.703936 -7.205359 -0.140316 0.000719 
1274 3.090685 0.000000 -0.544308 99.709545 -7.269015 -0.224807 0.000512 
1275 3.286073 0.000000 -0.544308 99.718857 -7.273276 -0.224026 0.000320 
1276 3.286073 0.000000 -0.725744 99.726044 -7.199533 -0.154981 0.000286 
1277 3.481461 0.000000 -0.544308 99.722096 -7.267809 -0.235679 0.000263 
1278 2.406827 0.000000 -0.272154 99.429222 -6.422940 -0.844392 0.007186 
1279 2.406827 0.000000 -0.362872 99.340748 -7.110132 -0.479636 0.008063 
1280 2.504521 0.000000 -0.272154 99.637281 -6.320706 -0.759835 0.003188 
1281 2.895297 0.000000 0.544308 99.695297 -7.550408 -0.085016 0.000383 
1282 2.895297 0.000000 0.725744 99.707638 -7.389193 -0.052901 0.000378 
1283 2.406827 0.000000 0.272154 99.522960 -6.914396 0.105789 0.004736 
1284 2.504521 0.000000 0.272154 99.683673 -6.863316 -0.003909 0.001606 
1285 2.406827 0.000000 0.362872 99.416655 -7.490998 -0.034018 0.006021 
1286 2.357979 0.000000 -0.136077 100.217464 -4.677632 -4.674933 -0.008728 
1287 2.357979 0.000000 -0.181436 99.174587 -5.285989 -2.657858 0.012940 
1288 2.406827 0.000000 -0.136077 100.460383 -4.468254 -3.461539 -0.012424 
1289 2.284709 0.000000 -0.113397 90.891604 -5.068900 -11.327475 0.158471 
1290 2.284709 0.000000 -0.136077 93.890372 -5.107068 -5.501832 0.112825 
1291 2.309132 0.000000 -0.113397 98.641366 -4.769252 -10.581711 0.013516 
1292 2.357979 0.000000 0.136077 100.433156 -5.367840 2.992759 -0.012459 
1293 2.406827 0.000000 0.136077 100.576161 -5.195773 1.733685 -0.014557 
1294 2.357979 0.000000 0.181436 99.347788 -5.892181 1.498424 0.009305 
1295 2.284709 0.000000 0.113397 91.817248 -5.696043 9.365782 0.144943 
1296 2.309132 0.000000 0.113397 99.168921 -5.364615 8.530035 0.006398 
1297 2.284709 0.000000 0.136077 94.569736 -5.721923 4.037442 0.100752 
1298 4.653790 0.000000 -1.088616 99.746498 -7.064239 -0.092669 0.000072 
1299 4.653790 0.000000 -1.451487 99.749742 -7.023612 -0.047714 0.000066 
1300 3.676849 0.000000 -0.544308 99.725090 -7.264397 -0.242309 0.000208 
1301 3.676849 0.000000 -0.725744 99.733492 -7.185684 -0.169810 0.000157 
1302 3.872238 0.000000 -0.544308 99.727920 -7.263078 -0.249656 0.000153 
1303 4.067626 0.000000 -0.544308 99.729794 -7.258400 -0.257083 0.000122 
1304 4.067626 0.000000 -0.725744 99.736109 -7.175539 -0.187989 0.000118 
1305 4.263014 0.000000 -0.544308 99.730342 -7.250947 -0.269041 0.000121 
1306 4.653790 0.000000 1.088616 99.736699 -7.212922 0.016523 0.000056 
1307 4.653790 0.000000 1.451487 99.743404 -7.124186 0.001955 0.000050 
1308 3.676849 0.000000 0.544308 99.701748 -7.617497 -0.014231 0.000154 
1309 3.872238 0.000000 0.544308 99.703678 -7.624274 0.004576 0.000105 
1310 3.676849 0.000000 0.725744 99.718544 -7.419746 -0.001056 0.000116 
1311 3.383767 0.000000 0.272154 99.741704 -6.944481 -0.968012 0.000243 
1312 3.481461 0.000000 0.272154 99.741762 -6.982526 -1.068469 0.000168 
1313 3.383767 0.000000 0.362872 99.693773 -7.659234 -0.409664 0.000232 
1314 3.579155 0.000000 0.272154 99.740102 -7.027419 -1.170264 0.000116 
1315 3.676849 0.000000 0.272154 99.737710 -7.081339 -1.278552 0.000061 
1316 3.579155 0.000000 0.362872 99.691550 -7.730724 -0.438653 0.000164 
1317 3.628002 0.000000 -0.045359 99.755448 -6.799423 -1.464718 0.000047 
1318 3.628002 0.000000 -0.090718 100.004006 -3.244458 -0.341713 -0.001144 
1319 3.628002 0.000000 0.000000 99.802472 -6.128055 -1.748272 -0.000114 
1320 3.334920 0.000000 0.045359 99.712427 -7.269183 -0.833186 0.000390 
1321 3.334920 0.000000 0.000000 99.797423 -6.046478 -1.265910 0.000231 
1322 3.334920 0.000000 0.090718 100.114308 -1.531663 -3.257018 -0.003583 
1323 3.334920 0.000000 0.136077 99.926966 -4.223479 -0.922495 -0.000409 
1324 3.383767 0.000000 0.136077 99.929795 -4.220873 -1.027817 -0.000484 
1325 3.334920 0.000000 0.181436 99.851528 -5.318707 -1.021999 0.000034 
1326 3.530308 0.000000 0.045359 99.712343 -7.390323 -1.510542 0.000055 
1327 3.579155 0.000000 0.045359 99.715394 -7.361750 -1.675947 -0.000016 
1328 3.530308 0.000000 0.090718 100.004232 -3.219823 -2.446250 -0.001720 
1329 3.628002 0.000000 0.045359 99.719731 -7.313029 -1.827544 -0.000085 
1330 3.676849 0.000000 0.045359 99.724957 -7.250378 -1.961967 -0.000148 
1331 3.628002 0.000000 0.090718 99.989604 -3.456059 -2.364792 -0.001546 
1332 4.458402 0.000000 -0.544308 99.731764 -7.255491 -0.276018 0.000086 
1333 4.458402 0.000000 -0.725744 99.738552 -7.161572 -0.200361 0.000089 
1334 4.653790 0.000000 -0.544308 99.732789 -7.252621 -0.287161 0.000069 
1335 4.849178 0.000000 -0.544308 99.733725 -7.248498 -0.299279 0.000055 
1336 4.849178 0.000000 -0.725744 99.740815 -7.148556 -0.211343 0.000062 
1337 5.044566 0.000000 -0.544308 99.734604 -7.242802 -0.312134 0.000045 
1338 6.216895 0.000000 -1.088616 99.750581 -7.047899 -0.109562 0.000014 
1339 6.216895 0.000000 -1.451487 99.752809 -7.016837 -0.057085 0.000014 
1340 6.607671 0.000000 -1.088616 99.751482 -7.036049 -0.111969 0.000012 
1341 5.239954 0.000000 -0.544308 99.735445 -7.236078 -0.325783 0.000037 
1342 5.239954 0.000000 -0.725744 99.742558 -7.134405 -0.221421 0.000047 
1343 6.216895 0.000000 1.088616 99.739794 -7.208360 0.052614 0.000001 
1344 6.607671 0.000000 1.088616 99.740309 -7.199474 0.061232 0.000003 
1345 6.216895 0.000000 1.451487 99.745653 -7.126324 0.020027 0.000002 
1346 5.239954 0.000000 0.544308 99.707973 -7.632578 0.168617 0.000004 
1347 5.044566 0.000000 0.544308 99.707310 -7.636826 0.142752 0.000011 
1348 5.239954 0.000000 0.725744 99.723993 -7.404713 0.100243 0.000029 
1349 5.337648 0.000000 -0.272154 99.306317 -13.375163 -2.233432 -0.004563 
1350 5.239954 0.000000 -0.272154 99.187457 -15.073102 0.596173 -0.006571 
1351 5.337648 0.000000 -0.362872 99.687610 -7.922233 -0.372790 -0.000052 
1352 6.021507 0.000000 -0.544308 99.740033 -7.200425 -0.378861 -0.000006 
1353 6.021507 0.000000 -0.725744 99.746036 -7.114519 -0.238656 0.000005 
1354 6.216895 0.000000 -0.544308 99.741242 -7.184396 -0.390439 -0.000008 
1355 5.728425 0.000000 -0.090718 100.104035 -1.976422 -0.144695 -0.002474 
1356 5.826119 0.000000 -0.090718 100.096843 -2.096986 -0.113096 -0.002379 
1357 5.728425 0.000000 0.000000 100.029154 -3.047291 -3.111321 -0.002480 
1358 2.992991 0.000000 -0.090718 99.728756 -6.276455 -5.103819 -0.001127 
1359 2.895297 0.000000 -0.090718 99.764942 -5.606170 -4.636464 -0.000597 
1360 2.992991 0.000000 -0.181436 99.870364 -4.350101 -0.691777 0.000651 
1361 4.165320 0.000000 0.090718 99.903457 -4.788839 -3.101459 -0.001325 
1362 4.263014 0.000000 0.090718 99.857677 -5.452284 -3.421022 -0.001299 
1363 4.165320 0.000000 0.181436 99.868253 -5.295190 -2.186552 -0.000649 
1364 3.725696 0.000000 0.045359 99.730721 -7.178906 -2.079383 -0.000208 
1365 3.774543 0.000000 0.045359 99.736810 -7.101631 -2.181089 -0.000262 
1366 3.725696 0.000000 0.090718 99.981956 -3.587746 -2.302129 -0.001456 
1367 4.360708 0.000000 0.090718 99.877182 -5.165710 -3.238717 -0.001263 
1368 4.458402 0.000000 0.090718 99.880969 -5.120272 -2.927133 -0.001099 
1369 4.360708 0.000000 0.181436 99.869695 -5.275024 -2.418950 -0.000763 
1370 4.556096 0.000000 0.090718 99.882402 -5.106233 -2.667537 -0.000968 
1371 4.653790 0.000000 0.090718 99.882483 -5.110910 -2.425976 -0.000852 
1372 4.556096 0.000000 0.181436 99.871040 -5.269460 -2.610990 -0.000881 
1373 4.751484 0.000000 0.090718 99.881066 -5.136336 -2.194187 -0.000742 
1374 4.849178 0.000000 0.090718 99.878145 -5.182711 -1.968550 -0.000638 
1375 4.751484 0.000000 0.181436 99.871704 -5.270819 -2.752980 -0.000972 
1376 4.946872 0.000000 0.090718 99.873746 -5.249722 -1.746375 -0.000537 
1377 4.946872 0.000000 0.181436 99.868699 -5.322397 -2.833306 -0.001011 
1378 5.337648 0.000000 0.090718 99.844089 -5.686263 -0.850468 -0.000190 
1379 5.435343 0.000000 0.090718 99.835078 -5.816470 -0.614944 -0.000125 
1380 5.337648 0.000000 0.181436 98.992983 -17.857504 -14.079152 -0.031672 
1381 5.337648 0.000000 0.272154 99.395395 -12.103112 2.172139 -0.003065 
1382 5.239954 0.000000 0.272154 99.316911 -13.223677 1.424919 -0.004074 
1383 5.337648 0.000000 0.362872 99.646835 -8.507688 0.270689 -0.000195 
1384 5.142260 0.000000 0.272154 99.256807 -14.080230 -0.469837 -0.005039 
1385 5.044566 0.000000 0.272154 99.313915 -13.260583 -2.733409 -0.004657 
1386 5.142260 0.000000 0.362872 99.647036 -8.500166 0.100734 -0.000179 
1387 6.021507 0.000000 0.181436 99.881120 -5.183830 2.615416 -0.000995 
1388 6.216895 0.000000 0.181436 99.852079 -5.600272 2.455111 -0.000783 
1389 6.021507 0.000000 0.362872 99.664439 -8.283016 0.766617 -0.000220 
1390 6.021507 0.000000 0.544308 99.712046 -7.602728 0.269913 -0.000037 
1391 6.216895 0.000000 0.544308 99.713201 -7.587200 0.293220 -0.000037 
1392 6.021507 0.000000 0.725744 99.726738 -7.393220 0.145136 -0.000010 
1393 5.533037 0.000000 0.090718 99.826396 -5.943026 -0.372853 -0.000077 
1394 5.630731 0.000000 0.090718 99.818535 -6.057576 -0.125679 -0.000045 
1395 5.728425 0.000000 0.090718 99.811994 -6.153047 0.122369 -0.000031 
1396 5.826119 0.000000 0.090718 99.807560 -6.234193 0.364752 -0.000055 
1397 5.728425 0.000000 0.181436 99.947881 -4.210038 2.759863 -0.001492 
1398 5.728425 0.000000 0.272154 99.561767 -9.732122 2.808031 -0.001514 
1399 5.826119 0.000000 0.272154 99.590692 -9.336081 2.790787 -0.001326 
1400 5.728425 0.000000 0.362872 99.654020 -8.413239 0.586336 -0.000205 
1401 2.992991 0.000000 0.272154 99.748659 -6.807900 -0.627211 0.000346 
1402 2.895297 0.000000 0.272154 99.754848 -6.834234 -0.547081 0.000196 
1403 2.992991 0.000000 0.362872 99.701181 -7.504133 -0.330745 0.000325 
1404 3.139532 0.000000 0.136077 99.906756 -4.270791 -0.532724 0.000012 
1405 3.090685 0.000000 0.136077 99.902620 -4.294053 -0.447559 0.000083 
1406 3.139532 0.000000 0.181436 99.843914 -5.323540 -0.773682 0.000225 
1407 4.067626 0.000000 0.544308 99.704611 -7.628217 0.025017 0.000080 
1408 4.263014 0.000000 0.544308 99.705710 -7.626211 0.043170 0.000061 
1409 4.067626 0.000000 0.725744 99.720665 -7.421592 0.025148 0.000071 
1410 3.334920 0.000000 -0.045359 99.731003 -6.990112 -1.388357 0.000294 
1411 3.286073 0.000000 -0.045359 99.734756 -6.904742 -1.407570 0.000332 
1412 3.334920 0.000000 -0.090718 99.446906 -11.049149 -0.820414 -0.001244 
1413 3.774543 0.000000 0.272154 99.735315 -7.143609 -1.394621 -0.000011 
1414 3.872238 0.000000 0.272154 99.731143 -7.217467 -1.513882 -0.000068 
1415 3.774543 0.000000 0.362872 99.688240 -7.819722 -0.456656 0.000090 
1416 3.432614 0.000000 0.136077 99.931494 -4.225001 -1.132427 -0.000544 
1417 3.481461 0.000000 0.136077 99.932773 -4.229283 -1.232347 -0.000596 
1418 3.432614 0.000000 0.181436 99.856190 -5.311258 -1.164089 -0.000082 
1419 3.530308 0.000000 0.136077 99.933254 -4.239317 -1.327494 -0.000639 
1420 3.579155 0.000000 0.136077 99.933148 -4.254109 -1.420114 -0.000675 
1421 3.530308 0.000000 0.181436 99.859420 -5.300173 -1.303813 -0.000170 
1422 4.849178 0.000000 0.544308 99.706710 -7.638797 0.117250 0.000021 
1423 4.653790 0.000000 0.544308 99.706114 -7.638853 0.092526 0.000033 
1424 4.849178 0.000000 0.725744 99.722713 -7.412710 0.076705 0.000043 
1425 4.458402 0.000000 0.544308 99.705520 -7.636807 0.068626 0.000048 
1426 4.458402 0.000000 0.725744 99.721177 -7.417686 0.052651 0.000066 
1427 5.142260 0.000000 -0.272154 99.313097 -13.273556 4.038241 -0.005559 
1428 5.044566 0.000000 -0.272154 99.501484 -10.576208 4.625280 -0.003379 
1429 5.142260 0.000000 -0.362872 99.689583 -7.889663 -0.214700 -0.000031 
1430 3.237226 0.000000 -0.045359 99.741413 -6.810853 -1.444311 0.000318 
1431 3.188379 0.000000 -0.045359 99.757915 -6.693217 -1.499568 0.000131 
1432 3.237226 0.000000 -0.090718 99.538557 -10.037140 -4.244717 -0.002669 
1433 3.139532 0.000000 -0.045359 99.768562 -6.634791 -1.545379 -0.000017 
1434 3.090685 0.000000 -0.045359 99.771959 -6.572086 -1.590914 -0.000017 
1435 3.139532 0.000000 -0.090718 99.643959 -8.039106 -5.204291 -0.002063 
1436 3.969932 0.000000 0.272154 99.726158 -7.300976 -1.643884 -0.000131 
1437 4.067626 0.000000 0.272154 99.719967 -7.400211 -1.784265 -0.000202 
1438 3.969932 0.000000 0.362872 99.682968 -7.922233 -0.458262 0.000033 
1439 4.946872 0.000000 0.272154 99.434979 -11.525618 -3.680348 -0.003370 
1440 4.849178 0.000000 0.272154 99.529702 -10.166972 -3.669181 -0.002299 
1441 4.946872 0.000000 0.362872 99.649888 -8.453036 -0.060680 -0.000156 
1442 4.751484 0.000000 0.272154 99.590463 -9.293608 -3.378962 -0.001605 
1443 4.653790 0.000000 0.272154 99.629833 -8.725614 -3.058904 -0.001160 
1444 4.751484 0.000000 0.362872 99.654938 -8.372623 -0.200747 -0.000125 
1445 3.628002 0.000000 0.136077 99.932814 -4.271071 -1.509056 -0.000709 
1446 3.676849 0.000000 0.136077 99.932285 -4.289786 -1.593983 -0.000740 
1447 3.628002 0.000000 0.181436 99.861332 -5.296575 -1.445024 -0.000243 
1448 4.946872 0.000000 -0.272154 99.611755 -8.995571 4.131813 -0.002049 
1449 4.849178 0.000000 -0.272154 99.672676 -8.120275 3.559022 -0.001325 
1450 4.946872 0.000000 -0.362872 99.694225 -7.816441 -0.076168 -0.000004 
1451 4.165320 0.000000 0.272154 99.712980 -7.518106 -1.941202 -0.000297 
1452 4.263014 0.000000 0.272154 99.703028 -7.655320 -2.106550 -0.000374 
1453 4.165320 0.000000 0.362872 99.677090 -8.035372 -0.440905 -0.000028 
1454 3.725696 0.000000 0.136077 99.931629 -4.309447 -1.675296 -0.000771 
1455 3.774543 0.000000 0.136077 99.931521 -4.329062 -1.758219 -0.000814 
1456 3.725696 0.000000 0.181436 99.862855 -5.295256 -1.585209 -0.000314 
1457 4.556096 0.000000 0.272154 99.656784 -8.334579 -2.769101 -0.000861 
1458 4.458402 0.000000 0.272154 99.676272 -8.049782 -2.517751 -0.000650 
1459 4.556096 0.000000 0.362872 99.661479 -8.268862 -0.311542 -0.000088 
1460 4.360708 0.000000 0.272154 99.691007 -7.831948 -2.299524 -0.000492 
1461 4.360708 0.000000 0.362872 99.668663 -8.153351 -0.389998 -0.000047 
1 11 62 60 61 
2 62 10 24 60 
3 60 24 14 63 
4 61 60 63 6 
5 24 66 64 65 
6 66 23 40 64 
7 64 40 27 67 
8 65 64 67 14 
9 40 70 68 69 
10 69 68 71 27 
11 6 63 92 93 
12 63 14 36 92 
13 92 36 19 94 
14 93 92 94 20 
15 14 67 95 96 
16 67 27 52 95 
17 95 52 35 97 
18 96 95 97 36 
19 27 71 98 99 
20 99 98 100 52 
21 68 112 110 111 
22 112 56 80 110 
23 110 80 43 113 
24 111 110 113 71 
25 80 116 114 115 
26 115 114 117 43 
27 71 113 133 134 
28 113 43 102 133 
29 133 102 76 135 
30 134 133 135 98 
31 43 117 136 137 
32 137 136 138 102 
33 114 141 139 140 
34 141 106 129 139 
35 139 129 83 142 
36 140 139 142 117 
37 129 149 147 148 
38 147 150 132 151 
39 148 147 151 83 
40 117 142 152 153 
41 142 83 144 152 
42 152 144 125 154 
43 153 152 154 136 
44 83 151 155 156 
45 151 132 157 155 
46 156 155 158 144 
47 12 161 159 160 
48 161 7 162 159 
49 159 162 13 25 
50 160 159 25 10 
51 25 165 163 164 
52 165 13 166 163 
53 163 166 26 41 
54 164 163 41 23 
55 41 169 167 168 
56 169 26 170 167 
57 167 170 42 57 
58 168 167 57 39 
59 39 173 171 172 
60 173 57 174 171 
61 171 174 55 81 
62 172 171 81 56 
63 81 177 175 176 
64 177 55 178 175 
65 175 178 82 107 
66 176 175 107 79 
67 79 181 179 180 
68 181 107 182 179 
69 179 182 105 130 
70 180 179 130 106 
71 106 185 183 184 
72 185 130 186 183 
73 184 183 149 129 
74 195 197 109 198 
75 150 195 198 132 
76 149 201 199 200 
77 201 128 202 199 
78 199 202 150 203 
79 200 199 203 147 
80 132 198 210 157 
81 198 109 211 210 
82 19 38 213 214 
83 38 21 215 213 
84 213 215 9 216 
85 214 213 216 22 
86 35 54 217 218 
87 54 37 219 217 
88 217 219 21 220 
89 218 217 220 38 
90 51 78 221 222 
91 78 53 223 221 
92 221 223 37 224 
93 222 221 224 54 
94 76 104 225 226 
95 104 75 227 225 
96 225 227 78 228 
97 226 225 228 51 
98 101 127 229 230 
99 127 103 231 229 
100 229 231 75 232 
101 230 229 232 104 
102 125 146 233 234 
103 146 124 235 233 
104 233 235 127 236 
105 234 233 236 101 
106 144 158 237 238 
107 237 239 146 240 
108 238 237 240 125 
109 155 243 241 242 
110 243 157 244 241 
111 241 244 143 245 
112 242 241 245 158 
113 130 247 246 186 
114 247 105 248 246 
115 249 251 195 252 
116 202 249 252 150 
117 186 255 253 254 
118 255 246 256 253 
119 253 256 196 250 
120 254 253 250 128 
121 128 259 257 258 
122 259 250 260 257 
123 257 260 249 261 
124 258 257 261 202 
125 262 263 124 264 
126 239 262 264 146 
127 157 266 265 244 
128 266 210 267 265 
129 143 268 269 270 
130 268 212 271 269 
131 269 271 262 272 
132 270 269 272 239 
133 244 275 273 274 
134 275 265 276 273 
135 273 276 268 277 
136 274 273 277 143 
137 278 280 194 281 
138 197 278 281 109 
139 283 131 284 282 
140 282 284 197 285 
141 251 282 285 195 
142 107 287 286 182 
143 287 82 288 286 
144 286 288 108 192 
145 182 286 192 105 
146 105 290 289 248 
147 290 192 291 289 
148 246 293 292 256 
149 293 248 294 292 
150 292 294 131 283 
151 256 292 283 196 
152 196 297 295 296 
153 297 283 298 295 
154 295 298 282 299 
155 296 295 299 251 
156 109 281 300 211 
157 281 194 301 300 
158 210 304 303 267 
159 304 211 305 303 
160 303 305 145 306 
161 124 209 307 235 
162 209 126 308 307 
163 307 308 103 309 
164 235 307 309 127 
165 310 311 209 312 
166 263 310 312 124 
167 212 306 313 271 
168 306 145 314 313 
169 313 314 263 315 
170 271 313 315 262 
171 267 318 316 317 
172 318 303 319 316 
173 316 319 306 320 
174 317 316 320 212 
175 131 322 321 284 
176 322 279 323 321 
177 321 323 278 324 
178 284 321 324 197 
179 211 326 325 305 
180 326 300 327 325 
181 325 327 302 328 
182 305 325 328 145 
183 192 334 333 291 
184 334 108 335 333 
185 289 339 337 338 
186 339 291 340 337 
187 337 340 191 341 
188 338 337 341 279 
189 345 347 126 348 
190 311 345 348 209 
191 302 351 349 350 
192 351 207 352 349 
193 349 352 311 353 
194 350 349 353 310 
195 354 355 59 356 
196 280 354 356 194 
197 291 358 357 340 
198 358 333 359 357 
199 357 359 336 360 
200 191 360 361 362 
201 360 336 363 361 
202 361 363 354 364 
203 362 361 364 280 
204 340 367 365 366 
205 367 357 368 365 
206 365 368 360 369 
207 366 365 369 191 
208 194 356 370 301 
209 356 59 371 370 
210 373 346 374 372 
211 372 374 345 375 
212 352 372 375 311 
213 301 378 376 377 
214 378 370 379 376 
215 376 379 346 373 
216 377 376 373 207 
217 207 382 380 381 
218 382 373 383 380 
219 380 383 372 384 
220 381 380 384 352 
221 57 386 385 174 
222 386 42 387 385 
223 385 387 58 89 
224 174 385 89 55 
225 55 389 388 178 
226 389 89 390 388 
227 388 390 88 188 
228 178 388 188 82 
229 82 392 391 288 
230 392 188 393 391 
231 391 393 187 330 
232 288 391 330 108 
233 108 395 394 335 
234 395 330 396 394 
235 333 399 398 359 
236 399 335 400 398 
237 359 398 401 336 
238 75 123 402 227 
239 123 77 403 402 
240 402 403 53 404 
241 227 402 404 78 
242 103 206 405 231 
243 206 121 406 405 
244 405 406 123 407 
245 231 405 407 75 
246 126 344 408 308 
247 344 204 409 408 
248 408 409 206 410 
249 308 408 410 103 
250 411 413 344 414 
251 347 411 414 126 
252 346 416 415 374 
253 415 417 347 418 
254 374 415 418 345 
255 419 420 332 421 
256 355 419 421 59 
257 335 423 422 400 
258 423 394 424 422 
259 336 401 426 363 
260 401 193 427 426 
261 426 427 355 428 
262 363 426 428 354 
263 398 431 429 430 
264 431 400 432 429 
265 429 432 193 433 
266 430 429 433 401 
267 59 421 434 371 
268 421 332 435 434 
269 370 437 436 379 
270 437 371 438 436 
271 436 438 208 416 
272 379 436 416 346 
273 439 441 411 442 
274 417 439 442 347 
275 416 445 443 444 
276 445 208 446 443 
277 443 446 417 447 
278 444 443 447 415 
279 88 453 452 189 
280 453 90 454 452 
281 452 454 5 455 
282 189 452 455 91 
283 187 457 456 331 
284 457 189 458 456 
285 456 458 91 459 
286 331 456 459 190 
287 330 461 460 396 
288 461 187 462 460 
289 460 462 331 463 
290 396 460 463 329 
291 394 465 464 424 
292 465 396 466 464 
293 464 466 329 467 
294 424 464 467 397 
295 193 425 468 427 
296 425 397 469 468 
297 468 469 419 470 
298 427 468 470 355 
299 422 473 471 472 
300 473 424 474 471 
301 471 474 397 475 
302 472 471 475 425 
303 371 477 476 438 
304 477 434 478 476 
305 476 478 412 440 
306 438 476 440 208 
307 91 455 482 205 
308 455 5 483 482 
309 482 483 122 484 
310 205 482 484 121 
311 190 459 485 343 
312 459 91 486 485 
313 485 486 205 487 
314 343 485 487 204 
315 342 489 488 413 
316 489 343 490 488 
317 488 490 204 491 
318 413 488 491 344 
319 412 493 492 441 
320 493 342 494 492 
321 492 494 413 495 
322 441 492 495 411 
323 440 498 496 497 
324 498 412 499 496 
325 496 499 441 500 
326 497 496 500 439 
327 454 510 508 509 
328 508 511 504 512 
329 509 508 512 5 
330 5 512 513 514 
331 512 504 515 513 
332 514 513 516 483 
333 7 518 517 162 
334 518 16 519 517 
335 517 519 15 32 
336 162 517 32 13 
337 13 521 520 166 
338 521 32 522 520 
339 520 522 31 48 
340 166 520 48 26 
341 26 524 523 170 
342 524 48 525 523 
343 523 525 47 85 
344 170 523 85 42 
345 42 527 526 387 
346 527 85 528 526 
347 526 528 84 449 
348 387 526 449 58 
349 58 531 529 530 
350 531 449 532 529 
351 529 532 448 502 
352 530 529 502 90 
353 90 535 533 534 
354 535 502 536 533 
355 533 536 501 510 
356 534 533 510 454 
357 538 17 539 537 
358 537 539 8 540 
359 448 554 553 503 
360 554 450 555 553 
361 553 555 87 556 
362 503 553 556 451 
363 501 558 557 511 
364 558 503 559 557 
365 557 559 451 560 
366 511 557 560 504 
367 510 563 561 562 
368 563 501 564 561 
369 561 564 511 565 
370 562 561 565 508 
371 540 8 567 566 
372 566 567 29 568 
373 451 556 578 506 
374 556 87 579 578 
375 578 579 480 580 
376 506 578 580 479 
377 504 560 581 515 
378 560 451 582 581 
379 581 582 506 583 
380 515 581 583 505 
381 21 46 584 215 
382 46 28 585 584 
383 584 585 30 586 
384 215 584 586 9 
385 37 74 587 219 
386 74 44 588 587 
387 587 588 46 589 
388 219 587 589 21 
389 53 120 590 223 
390 120 72 591 590 
391 590 591 74 592 
392 223 590 592 37 
393 77 481 593 403 
394 481 118 594 593 
395 593 594 120 595 
396 403 593 595 53 
397 122 507 596 597 
398 507 479 598 596 
399 596 598 481 599 
400 597 596 599 77 
401 483 516 600 601 
402 516 505 602 600 
403 600 602 507 603 
404 601 600 603 122 
405 513 606 604 605 
406 606 515 607 604 
407 604 607 505 608 
408 605 604 608 516 
409 555 618 616 617 
410 617 616 620 87 
411 87 620 621 622 
412 622 621 624 579 
413 85 626 625 528 
414 626 47 627 625 
415 625 627 86 550 
416 528 625 550 84 
417 84 630 628 629 
418 630 550 631 628 
419 628 631 549 610 
420 629 628 610 450 
421 450 634 632 633 
422 634 610 635 632 
423 632 635 609 618 
424 633 632 618 555 
425 641 551 642 640 
426 640 642 50 643 
427 618 650 648 649 
428 650 609 651 648 
429 649 648 652 616 
430 643 50 657 656 
431 656 657 576 658 
432 118 577 662 594 
433 577 119 663 662 
434 662 663 72 664 
435 594 662 664 120 
436 480 615 665 666 
437 615 575 667 665 
438 665 667 577 668 
439 666 665 668 118 
440 579 624 669 670 
441 624 613 671 669 
442 669 671 615 672 
443 670 669 672 480 
444 621 675 673 674 
445 673 676 613 677 
446 674 673 677 624 
447 610 679 678 635 
448 679 549 680 678 
449 678 680 611 645 
450 635 678 645 609 
451 609 682 681 651 
452 682 645 683 681 
453 616 652 685 686 
454 685 687 612 688 
455 686 685 688 620 
456 648 691 689 690 
457 691 651 692 689 
458 690 689 693 652 
459 620 688 694 695 
460 688 612 696 694 
461 695 694 675 621 
462 613 661 697 671 
463 661 614 698 697 
464 697 698 575 699 
465 671 697 699 615 
466 700 702 661 703 
467 676 700 703 613 
468 675 706 704 705 
469 704 707 676 708 
470 705 704 708 673 
471 709 710 647 711 
472 687 709 711 612 
473 651 713 712 692 
474 713 681 714 712 
475 652 693 716 717 
476 693 619 718 716 
477 716 718 687 719 
478 717 716 719 685 
479 689 722 720 721 
480 722 692 723 720 
481 720 723 619 724 
482 721 720 724 693 
483 612 711 725 696 
484 711 647 726 725 
485 694 729 727 728 
486 729 696 730 727 
487 727 730 623 706 
488 728 727 706 675 
489 731 733 700 734 
490 707 731 734 676 
491 706 737 735 736 
492 737 623 738 735 
493 735 738 707 739 
494 736 735 739 704 
495 619 715 740 718 
496 715 684 741 740 
497 740 741 709 742 
498 718 740 742 687 
499 692 744 743 723 
500 744 712 745 743 
501 743 745 715 746 
502 723 743 746 619 
503 696 748 747 730 
504 748 725 749 747 
505 747 749 701 732 
506 730 747 732 623 
507 623 751 750 738 
508 751 732 752 750 
509 750 752 731 753 
510 738 750 753 707 
511 755 640 756 754 
512 754 756 643 757 
513 645 759 758 683 
514 759 611 760 758 
515 681 763 762 714 
516 763 683 764 762 
517 762 764 644 765 
518 712 767 766 745 
519 767 714 768 766 
520 766 768 684 769 
521 745 766 769 715 
522 757 643 771 770 
523 770 771 656 772 
524 773 775 614 776 
525 702 773 776 661 
526 778 659 779 777 
527 777 779 702 780 
528 733 777 780 700 
529 732 782 781 752 
530 782 701 783 781 
531 781 783 733 784 
532 752 781 784 731 
533 785 786 552 787 
534 710 785 787 647 
535 684 765 788 741 
536 765 644 789 788 
537 788 789 710 790 
538 741 788 790 709 
539 714 792 791 768 
540 792 762 793 791 
541 791 793 765 794 
542 768 791 794 684 
543 647 787 795 726 
544 787 552 796 795 
545 725 798 797 749 
546 798 726 799 797 
547 797 799 659 778 
548 749 797 778 701 
549 701 801 800 783 
550 801 778 802 800 
551 800 802 777 803 
552 783 800 803 733 
553 804 806 785 807 
554 789 804 807 710 
555 683 809 808 764 
556 809 758 810 808 
557 808 810 761 805 
558 764 808 805 644 
559 644 813 811 812 
560 813 805 814 811 
561 811 814 804 815 
562 812 811 815 789 
563 726 817 816 799 
564 817 795 818 816 
565 659 819 820 779 
566 819 774 821 820 
567 820 821 773 822 
568 779 820 822 702 
569 799 825 823 824 
570 825 816 826 823 
571 823 826 819 827 
572 824 823 827 659 
573 646 829 828 786 
574 829 754 830 828 
575 828 830 757 831 
576 786 828 831 552 
577 761 833 832 806 
578 833 646 834 832 
579 832 834 786 835 
580 806 832 835 785 
581 805 837 836 814 
582 837 761 838 836 
583 836 838 806 839 
584 814 836 839 804 
585 552 831 840 796 
586 831 757 841 840 
587 840 841 770 842 
588 796 840 842 660 
589 795 844 843 818 
590 844 796 845 843 
591 843 845 660 846 
592 818 843 846 774 
593 816 848 847 826 
594 848 818 849 847 
595 847 849 774 850 
596 826 847 850 819 
597 636 861 859 860 
598 861 638 862 859 
599 638 871 870 862 
600 871 855 872 870 
601 859 880 878 879 
602 880 862 881 878 
603 862 887 886 881 
604 887 870 888 886 
605 878 896 894 895 
606 896 881 897 894 
607 895 894 898 882 
608 881 903 902 897 
609 903 886 904 902 
610 902 904 889 905 
611 897 902 905 548 
612 882 898 906 907 
613 898 548 908 906 
614 906 908 892 909 
615 907 906 909 890 
616 894 912 910 911 
617 912 897 913 910 
618 910 913 548 914 
619 911 910 914 898 
620 855 920 919 872 
621 920 857 921 919 
622 870 924 923 888 
623 924 872 925 923 
624 923 925 858 926 
625 857 931 930 921 
626 931 915 932 930 
627 33 935 934 543 
628 935 537 936 934 
629 934 936 540 937 
630 543 934 937 18 
631 939 543 940 938 
632 938 940 18 941 
633 915 947 946 932 
634 18 937 950 570 
635 937 540 951 950 
636 950 951 566 952 
637 570 950 952 45 
638 941 18 954 953 
639 953 954 570 955 
640 964 938 965 963 
641 963 965 941 966 
642 551 972 971 642 
643 972 636 860 971 
644 642 971 973 50 
645 860 976 974 975 
646 976 859 879 974 
647 926 858 982 981 
648 981 982 884 983 
649 888 986 984 985 
650 986 923 987 984 
651 984 987 926 988 
652 985 984 988 873 
653 872 990 989 925 
654 990 919 991 989 
655 925 989 992 858 
656 919 994 993 991 
657 994 921 995 993 
658 993 995 34 996 
659 991 993 996 922 
660 858 992 997 982 
661 992 922 998 997 
662 997 998 978 999 
663 982 997 999 884 
664 989 1002 1000 1001 
665 1002 991 1003 1000 
666 1000 1003 922 1004 
667 1001 1000 1004 992 
668 921 1009 1008 995 
669 1009 930 1010 1008 
670 1008 1010 933 1011 
671 995 1008 1011 34 
672 930 1013 1012 1010 
673 1013 932 1014 1012 
674 1012 1014 918 1015 
675 1010 1012 1015 933 
676 932 1020 1019 1014 
677 1020 946 1021 1019 
678 1019 1021 949 1022 
679 1014 1019 1022 918 
680 946 1024 1023 1021 
681 1024 948 1025 1023 
682 1023 1025 854 1026 
683 1021 1023 1026 949 
684 948 1031 1030 1025 
685 1031 959 1032 1030 
686 1030 1032 962 1033 
687 1025 1030 1033 854 
688 959 1035 1034 1032 
689 1035 961 1036 1034 
690 1034 1036 945 1037 
691 1032 1034 1037 962 
692 32 1039 1038 522 
693 1039 15 1040 1038 
694 1038 1040 33 542 
695 522 1038 542 31 
696 31 1043 1041 1042 
697 1043 542 1044 1041 
698 1041 1044 541 852 
699 1042 1041 852 49 
700 852 1047 1045 1046 
701 1047 541 1048 1045 
702 1045 1048 853 943 
703 1046 1045 943 851 
704 943 1051 1049 1050 
705 1051 853 1052 1049 
706 1049 1052 944 968 
707 1050 1049 968 942 
708 966 941 1054 1053 
709 1053 1054 953 1055 
710 944 1057 1056 969 
711 1057 963 1058 1056 
712 1056 1058 966 1059 
713 969 1056 1059 544 
714 968 1062 1060 1061 
715 1062 944 1063 1060 
716 1060 1063 969 1064 
717 1061 1060 1064 967 
718 942 1067 1065 1066 
719 1067 968 1061 1065 
720 1066 1065 1068 961 
721 961 1068 1072 1036 
722 1068 967 1073 1072 
723 1072 1073 970 1074 
724 1036 1072 1074 945 
725 1065 1077 1075 1076 
726 1077 1061 1078 1075 
727 1075 1078 967 1079 
728 1076 1075 1079 1068 
729 50 973 1080 657 
730 657 1080 1081 576 
731 977 1087 1085 1086 
732 1087 863 1088 1085 
733 1085 1088 891 1089 
734 973 1092 1090 1091 
735 1092 639 1083 1090 
736 1090 1083 875 1093 
737 1091 1090 1093 1080 
738 639 1096 1094 1095 
739 1096 977 1086 1094 
740 1094 1086 1082 1097 
741 1095 1094 1097 1083 
742 72 574 1098 591 
743 574 73 1099 1098 
744 1098 1099 44 1100 
745 591 1098 1100 74 
746 119 655 1101 663 
747 655 572 1102 1101 
748 1101 1102 574 1103 
749 663 1101 1103 72 
750 653 877 1104 1105 
751 877 654 1106 1104 
752 1104 1106 572 1107 
753 1105 1104 1107 655 
754 875 1084 1108 1109 
755 1084 874 1110 1108 
756 1108 1110 877 1111 
757 1109 1108 1111 653 
758 1082 1089 1112 1113 
759 1089 891 1114 1112 
760 1112 1114 874 1115 
761 1113 1112 1115 1084 
762 1086 1118 1116 1117 
763 1118 1085 1119 1116 
764 1116 1119 1089 1120 
765 1117 1116 1120 1082 
766 854 1033 1121 1122 
767 1033 962 1123 1121 
768 1121 1123 1027 1124 
769 1122 1121 1124 1017 
770 44 571 1125 588 
771 571 45 1126 1125 
772 1125 1126 28 1127 
773 588 1125 1127 46 
774 73 866 1128 1099 
775 866 569 1129 1128 
776 1128 1129 571 1130 
777 1099 1128 1130 44 
778 864 958 1131 1132 
779 958 865 1133 1131 
780 1131 1133 569 1134 
781 1132 1131 1134 866 
782 956 1071 1135 1136 
783 1071 957 1137 1135 
784 1135 1137 865 1138 
785 1136 1135 1138 958 
786 1028 1141 1139 1140 
787 1141 1069 1142 1139 
788 1139 1142 1071 1143 
789 1140 1139 1143 956 
790 1 1146 1144 1145 
791 1146 12 160 1144 
792 1144 160 10 62 
793 1145 1144 62 11 
794 16 1148 1147 519 
795 1148 2 1149 1147 
796 1147 1149 17 538 
797 519 1147 538 15 
798 20 94 1150 1151 
799 94 19 214 1150 
800 1150 214 22 1152 
801 1151 1150 1152 4 
802 10 1155 1153 1154 
803 1155 25 164 1153 
804 1153 164 23 66 
805 1154 1153 66 24 
806 28 568 1156 585 
807 568 29 1157 1156 
808 1156 1157 3 1158 
809 585 1156 1158 30 
810 36 97 1159 1160 
811 97 35 218 1159 
812 1159 218 38 1161 
813 1160 1159 1161 19 
814 23 1164 1162 1163 
815 1164 41 168 1162 
816 1162 168 39 70 
817 1163 1162 70 40 
818 48 1166 1165 525 
819 1166 31 1042 1165 
820 1165 1042 49 546 
821 525 1165 546 47 
822 52 100 1167 1168 
823 100 51 222 1167 
824 1167 222 54 1169 
825 1168 1167 1169 35 
826 70 1172 1170 1171 
827 1172 39 172 1170 
828 1170 172 56 112 
829 1171 1170 112 68 
830 56 1175 1173 1174 
831 1175 81 176 1173 
832 1173 176 79 116 
833 1174 1173 116 80 
834 89 1177 1176 390 
835 1177 58 530 1176 
836 1176 530 90 453 
837 390 1176 453 88 
838 98 135 1178 1179 
839 135 76 226 1178 
840 1178 226 51 1180 
841 1179 1178 1180 100 
842 102 138 1181 1182 
843 138 101 230 1181 
844 1181 230 104 1183 
845 1182 1181 1183 76 
846 116 1186 1184 1185 
847 1186 79 180 1184 
848 1184 180 106 141 
849 1185 1184 141 114 
850 121 484 1187 406 
851 484 122 597 1187 
852 1187 597 77 1188 
853 406 1187 1188 123 
854 136 154 1189 1190 
855 154 125 234 1189 
856 1189 234 101 1191 
857 1190 1189 1191 138 
858 183 1194 1192 1193 
859 1194 186 254 1192 
860 1192 254 128 201 
861 1193 1192 201 149 
862 188 1196 1195 393 
863 1196 88 1197 1195 
864 1195 1197 189 457 
865 393 1195 457 187 
866 204 487 1198 409 
867 487 205 1199 1198 
868 1198 1199 121 1200 
869 409 1198 1200 206 
870 158 245 1201 1202 
871 245 143 270 1201 
872 1201 270 239 1203 
873 1202 1201 1203 237 
874 250 1205 1204 260 
875 1205 196 296 1204 
876 1204 296 251 1206 
877 260 1204 1206 249 
878 265 1208 1207 276 
879 1208 267 317 1207 
880 1207 317 212 1209 
881 276 1207 1209 268 
882 279 341 1210 323 
883 341 191 362 1210 
884 1210 362 280 1211 
885 323 1210 1211 278 
886 248 1213 1212 294 
887 1213 289 338 1212 
888 1212 338 279 322 
889 294 1212 322 131 
890 300 1215 1214 327 
891 1215 301 377 1214 
892 1214 377 207 351 
893 327 1214 351 302 
894 145 328 1216 314 
895 328 302 350 1216 
896 1216 350 310 1217 
897 314 1216 1217 263 
898 329 463 1218 420 
899 463 331 1219 1218 
900 1218 1219 190 1220 
901 420 1218 1220 332 
902 332 1220 1221 435 
903 1220 190 1222 1221 
904 1221 1222 343 489 
905 435 1221 489 342 
906 397 467 1223 469 
907 467 329 1224 1223 
908 1223 1224 420 1225 
909 469 1223 1225 419 
910 400 1227 1226 432 
911 1227 422 472 1226 
912 1226 472 425 1228 
913 432 1226 1228 193 
914 434 1230 1229 478 
915 1230 435 1231 1229 
916 1229 1231 342 493 
917 478 1229 493 412 
918 208 1233 1232 446 
919 1233 440 497 1232 
920 1232 497 439 1234 
921 446 1232 1234 417 
922 449 1236 1235 532 
923 1236 84 629 1235 
924 1235 629 450 554 
925 532 1235 554 448 
926 479 580 1237 598 
927 580 480 666 1237 
928 1237 666 118 1238 
929 598 1237 1238 481 
930 502 1240 1239 536 
931 1240 448 1241 1239 
932 1239 1241 503 558 
933 536 1239 558 501 
934 505 583 1242 602 
935 583 506 1243 1242 
936 1242 1243 479 1244 
937 602 1242 1244 507 
938 15 1246 1245 1040 
939 1246 538 1247 1245 
940 1245 1247 537 935 
941 1040 1245 935 33 
942 542 1249 1248 1044 
943 1249 33 1250 1248 
944 1248 1250 543 939 
945 1044 1248 939 541 
946 47 1252 1251 627 
947 1252 546 1253 1251 
948 1251 1253 545 637 
949 627 1251 637 86 
950 546 1255 1254 1253 
951 1255 49 1256 1254 
952 1254 1256 547 856 
953 1253 1254 856 545 
954 550 1258 1257 631 
955 1258 86 1259 1257 
956 1257 1259 551 641 
957 631 1257 641 549 
958 45 952 1260 1126 
959 952 566 1261 1260 
960 1260 1261 568 1262 
961 1126 1260 1262 28 
962 569 955 1263 1129 
963 955 570 1264 1263 
964 1263 1264 45 1265 
965 1129 1263 1265 571 
966 572 869 1266 1102 
967 869 573 1267 1266 
968 1266 1267 73 1268 
969 1102 1266 1268 574 
970 575 658 1269 667 
971 658 576 1270 1269 
972 1269 1270 119 1271 
973 667 1269 1271 577 
974 86 1273 1272 1259 
975 1273 637 1274 1272 
976 1272 1274 636 972 
977 1259 1272 972 551 
978 637 1276 1275 1274 
979 1276 545 1277 1275 
980 1275 1277 638 861 
981 1274 1275 861 636 
982 549 1279 1278 680 
983 1279 641 1280 1278 
984 1278 1280 640 755 
985 680 1278 755 611 
986 576 1081 1281 1270 
987 1081 653 1105 1281 
988 1281 1105 655 1282 
989 1270 1281 1282 119 
990 614 772 1283 698 
991 772 656 1284 1283 
992 1283 1284 658 1285 
993 698 1283 1285 575 
994 611 1287 1286 760 
995 1287 755 1288 1286 
996 1286 1288 754 829 
997 760 1286 829 646 
998 758 1290 1289 810 
999 1290 760 1291 1289 
1000 1289 1291 646 833 
1001 810 1289 833 761 
1002 660 842 1292 775 
1003 842 770 1293 1292 
1004 1292 1293 772 1294 
1005 775 1292 1294 614 
1006 774 846 1295 821 
1007 846 660 1296 1295 
1008 1295 1296 775 1297 
1009 821 1295 1297 773 
1010 49 1299 1298 1256 
1011 1299 852 1046 1298 
1012 1298 1046 851 916 
1013 1256 1298 916 547 
1014 545 1301 1300 1277 
1015 1301 856 1302 1300 
1016 1300 1302 855 871 
1017 1277 1300 871 638 
1018 856 1304 1303 1302 
1019 1304 547 1305 1303 
1020 1303 1305 857 920 
1021 1302 1303 920 855 
1022 573 929 1306 1267 
1023 929 864 1132 1306 
1024 1306 1132 866 1307 
1025 1267 1306 1307 73 
1026 654 885 1308 1106 
1027 885 867 1309 1308 
1028 1308 1309 869 1310 
1029 1106 1308 1310 572 
1030 874 893 1311 1110 
1031 893 876 1312 1311 
1032 1311 1312 654 1313 
1033 1110 1311 1313 877 
1034 876 901 1314 1312 
1035 901 883 1315 1314 
1036 1314 1315 885 1316 
1037 1312 1314 1316 654 
1038 886 1318 1317 904 
1039 1318 888 985 1317 
1040 1317 985 873 1319 
1041 904 1317 1319 889 
1042 863 1321 1320 1088 
1043 1321 882 907 1320 
1044 1320 907 890 1322 
1045 1088 1320 1322 891 
1046 891 1322 1323 1114 
1047 1322 890 1324 1323 
1048 1323 1324 893 1325 
1049 1114 1323 1325 874 
1050 548 905 1326 908 
1051 905 889 1327 1326 
1052 1326 1327 899 1328 
1053 908 1326 1328 892 
1054 889 1319 1329 1327 
1055 1319 873 1330 1329 
1056 1329 1330 900 1331 
1057 1327 1329 1331 899 
1058 547 1333 1332 1305 
1059 1333 916 1334 1332 
1060 1332 1334 915 931 
1061 1305 1332 931 857 
1062 916 1336 1335 1334 
1063 1336 851 1337 1335 
1064 1335 1337 917 947 
1065 1334 1335 947 915 
1066 541 1339 1338 1048 
1067 1339 939 1340 1338 
1068 1338 1340 938 964 
1069 1048 1338 964 853 
1070 851 1342 1341 1337 
1071 1342 943 1050 1341 
1072 1341 1050 942 960 
1073 1337 1341 960 917 
1074 865 1055 1343 1133 
1075 1055 953 1344 1343 
1076 1343 1344 955 1345 
1077 1133 1343 1345 569 
1078 928 1029 1346 1347 
1079 1029 956 1136 1346 
1080 1346 1136 958 1348 
1081 1347 1346 1348 864 
1082 960 1351 1349 1350 
1083 1351 942 1066 1349 
1084 1349 1066 961 1035 
1085 1350 1349 1035 959 
1086 853 1353 1352 1052 
1087 1353 964 1354 1352 
1088 1352 1354 963 1057 
1089 1052 1352 1057 944 
1090 967 1064 1355 1073 
1091 1064 969 1356 1355 
1092 1355 1356 544 1357 
1093 1073 1355 1357 970 
1094 971 1360 1358 1359 
1095 1360 860 975 1358 
1096 1358 975 639 1092 
1097 1359 1358 1092 973 
1098 922 996 1361 998 
1099 996 34 1362 1361 
1100 1361 1362 979 1363 
1101 998 1361 1363 978 
1102 873 988 1364 1330 
1103 988 926 1365 1364 
1104 1364 1365 981 1366 
1105 1330 1364 1366 900 
1106 34 1011 1367 1362 
1107 1011 933 1368 1367 
1108 1367 1368 1005 1369 
1109 1362 1367 1369 979 
1110 933 1015 1370 1368 
1111 1015 918 1371 1370 
1112 1370 1371 1006 1372 
1113 1368 1370 1372 1005 
1114 918 1022 1373 1371 
1115 1022 949 1374 1373 
1116 1373 1374 1016 1375 
1117 1371 1373 1375 1006 
1118 949 1026 1376 1374 
1119 1026 854 1122 1376 
1120 1376 1122 1017 1377 
1121 1374 1376 1377 1016 
1122 962 1037 1378 1123 
1123 1037 945 1379 1378 
1124 1378 1379 1028 1380 
1125 1123 1378 1380 1027 
1126 1027 1380 1381 1382 
1127 1380 1028 1140 1381 
1128 1381 1140 956 1383 
1129 1382 1381 1383 1029 
1130 1017 1124 1384 1385 
1131 1124 1027 1382 1384 
1132 1384 1382 1029 1386 
1133 1385 1384 1386 928 
1134 544 1059 1387 1070 
1135 1059 966 1388 1387 
1136 1387 1388 1053 1389 
1137 1070 1387 1389 957 
1138 957 1389 1390 1137 
1139 1389 1053 1391 1390 
1140 1390 1391 1055 1392 
1141 1137 1390 1392 865 
1142 945 1074 1393 1379 
1143 1074 970 1394 1393 
1144 1393 1394 1069 1141 
1145 1379 1393 1141 1028 
1146 970 1357 1395 1394 
1147 1357 544 1396 1395 
1148 1395 1396 1070 1397 
1149 1394 1395 1397 1069 
1150 1069 1397 1398 1142 
1151 1397 1070 1399 1398 
1152 1398 1399 957 1400 
1153 1142 1398 1400 1071 
1154 1080 1093 1401 1402 
1155 1093 875 1109 1401 
1156 1401 1109 653 1403 
1157 1402 1401 1403 1081 
1158 1083 1097 1404 1405 
1159 1097 1082 1113 1404 
1160 1404 1113 1084 1406 
1161 1405 1404 1406 875 
1162 867 980 1407 1309 
1163 980 868 1408 1407 
1164 1407 1408 573 1409 
1165 1309 1407 1409 869 
1166 879 1412 1410 1411 
1167 1412 878 895 1410 
1168 1410 895 882 1321 
1169 1411 1410 1321 863 
1170 883 983 1413 1315 
1171 983 884 1414 1413 
1172 1413 1414 867 1415 
1173 1315 1413 1415 885 
1174 890 909 1416 1324 
1175 909 892 1417 1416 
1176 1416 1417 876 1418 
1177 1324 1416 1418 893 
1178 892 1328 1419 1417 
1179 1328 899 1420 1419 
1180 1419 1420 901 1421 
1181 1417 1419 1421 876 
1182 927 1018 1422 1423 
1183 1018 928 1347 1422 
1184 1422 1347 864 1424 
1185 1423 1422 1424 929 
1186 868 1007 1425 1408 
1187 1007 927 1423 1425 
1188 1425 1423 929 1426 
1189 1408 1425 1426 573 
1190 917 1429 1427 1428 
1191 1429 960 1350 1427 
1192 1427 1350 959 1031 
1193 1428 1427 1031 948 
1194 974 1432 1430 1431 
1195 1432 879 1411 1430 
1196 1430 1411 863 1087 
1197 1431 1430 1087 977 
1198 975 1435 1433 1434 
1199 1435 974 1431 1433 
1200 1433 1431 977 1096 
1201 1434 1433 1096 639 
1202 884 999 1436 1414 
1203 999 978 1437 1436 
1204 1436 1437 980 1438 
1205 1414 1436 1438 867 
1206 1016 1377 1439 1440 
1207 1377 1017 1385 1439 
1208 1439 1385 928 1441 
1209 1440 1439 1441 1018 
1210 1006 1375 1442 1443 
1211 1375 1016 1440 1442 
1212 1442 1440 1018 1444 
1213 1443 1442 1444 927 
1214 899 1331 1445 1420 
1215 1331 900 1446 1445 
1216 1445 1446 883 1447 
1217 1420 1445 1447 901 
1218 947 1450 1448 1449 
1219 1450 917 1428 1448 
1220 1448 1428 948 1024 
1221 1449 1448 1024 946 
1222 978 1363 1451 1437 
1223 1363 979 1452 1451 
1224 1451 1452 868 1453 
1225 1437 1451 1453 980 
1226 900 1366 1454 1446 
1227 1366 981 1455 1454 
1228 1454 1455 983 1456 
1229 1446 1454 1456 883 
1230 1005 1372 1457 1458 
1231 1372 1006 1443 1457 
1232 1457 1443 927 1459 
1233 1458 1457 1459 1007 
1234 979 1369 1460 1452 
1235 1369 1005 1458 1460 
1236 1460 1458 1007 1461 
1237 1452 1460 1461 868 
