2 0.000000 100.000000 262.180540
1354 1138 
1 -11.368037 0.000000 -11.667797 99.756415 -6.975293 -0.000053 0.000000 
2 13.641644 0.000000 -11.667797 99.756494 -6.973540 -0.000417 0.000001 
3 13.641644 0.000000 11.667797 99.755850 -6.983546 0.000373 0.000000 
4 -11.368037 0.000000 11.667797 99.756401 -6.976394 -0.000059 -0.000001 
5 1.136804 0.000000 0.000000 101.483243 -6.608259 0.684524 -0.034299 
6 -11.368037 0.000000 0.000000 99.756399 -6.975860 -0.000055 -0.000000 
7 1.136804 0.000000 -11.667797 99.756409 -6.974612 -0.000197 0.000001 
8 13.641644 0.000000 0.000000 99.811013 -6.193412 0.168932 -0.000063 
9 1.136804 0.000000 11.667797 99.756300 -6.979597 -0.000235 -0.000003 
10 -5.115617 0.000000 -5.833899 99.756320 -6.975451 -0.000171 0.000002 
11 -11.368037 0.000000 -5.833899 99.756401 -6.975511 -0.000059 0.000000 
12 -5.115617 0.000000 -11.667797 99.756408 -6.975024 -0.000100 0.000001 
13 1.136804 0.000000 -5.833899 99.756164 -6.979050 -0.000738 0.000000 
14 -5.115617 0.000000 0.000000 99.756225 -6.976553 -0.000075 0.000002 
15 7.389224 0.000000 -5.833899 99.756032 -6.977498 -0.002210 0.000005 
16 7.389224 0.000000 -11.667797 99.756428 -6.974040 -0.000335 0.000002 
17 13.641644 0.000000 -5.833899 99.756276 -6.976213 -0.003193 0.000002 
18 7.389224 0.000000 0.000000 99.978642 -3.790057 0.954823 -0.001101 
19 -5.115617 0.000000 5.833899 99.756454 -6.977378 -0.000091 -0.000003 
20 -11.368037 0.000000 5.833899 99.756408 -6.976206 -0.000056 -0.000001 
21 1.136804 0.000000 5.833899 99.756568 -6.987731 -0.001072 -0.000020 
22 -5.115617 0.000000 11.667797 99.756404 -6.977315 -0.000110 -0.000002 
23 -1.989406 0.000000 -2.916949 99.755496 -6.977172 -0.000898 0.000016 
24 -5.115617 0.000000 -2.916949 99.756221 -6.975919 -0.000170 0.000003 
25 -1.989406 0.000000 -5.833899 99.756252 -6.975644 -0.000438 0.000003 
26 1.136804 0.000000 -2.916949 99.758935 -6.988409 -0.002838 -0.000068 
27 -1.989406 0.000000 0.000000 99.753491 -6.980516 -0.000091 0.000051 
28 7.389224 0.000000 5.833899 99.754874 -6.996818 0.000481 0.000001 
29 13.641644 0.000000 5.833899 99.754766 -6.998475 0.003313 0.000001 
30 7.389224 0.000000 11.667797 99.755991 -6.982295 -0.000071 -0.000001 
31 4.263014 0.000000 -2.916949 99.753547 -7.001269 -0.007186 0.000021 
32 4.263014 0.000000 -5.833899 99.755918 -6.978738 -0.001455 0.000005 
33 7.389224 0.000000 -2.916949 99.754295 -6.999512 -0.014343 0.000009 
34 4.263014 0.000000 0.000000 100.019185 -3.136626 -1.751171 -0.001674 
35 -1.989406 0.000000 2.916949 99.756555 -6.980264 0.000228 -0.000009 
36 -5.115617 0.000000 2.916949 99.756380 -6.977108 -0.000042 -0.000002 
37 1.136804 0.000000 2.916949 99.760531 -7.001881 -0.004255 -0.000119 
38 -1.989406 0.000000 5.833899 99.756639 -6.979572 -0.000240 -0.000010 
39 -0.426301 0.000000 -1.458475 99.746654 -6.988726 -0.015239 0.000176 
40 -1.989406 0.000000 -1.458475 99.753875 -6.986042 -0.000171 0.000036 
41 -0.426301 0.000000 -2.916949 99.750177 -6.968710 -0.000743 0.000134 
42 1.136804 0.000000 -1.458475 99.748215 -7.037704 -0.014669 0.000076 
43 -0.426301 0.000000 0.000000 99.979010 -7.100894 0.011519 -0.004623 
44 4.263014 0.000000 2.916949 99.750871 -7.039163 -0.001679 0.000021 
45 7.389224 0.000000 2.916949 99.751262 -7.045276 0.008419 0.000005 
46 4.263014 0.000000 5.833899 99.755353 -6.994437 -0.000853 -0.000005 
47 2.699909 0.000000 -1.458475 99.743392 -7.101136 -0.013269 0.000083 
48 2.699909 0.000000 -2.916949 99.754134 -6.994507 -0.003621 0.000019 
49 4.263014 0.000000 -1.458475 99.743812 -7.106771 -0.045935 0.000066 
50 2.699909 0.000000 0.000000 100.063101 -3.236212 -0.904435 -0.002392 
51 -0.426301 0.000000 1.458475 99.748830 -6.992221 0.009942 0.000128 
52 -1.989406 0.000000 1.458475 99.755471 -6.986481 0.001321 0.000004 
53 1.136804 0.000000 1.458475 99.757293 -7.049044 -0.012984 -0.000121 
54 -0.426301 0.000000 2.916949 99.758411 -6.997379 0.001275 -0.000070 
55 0.355251 0.000000 -0.729237 99.790127 -7.092513 -0.133472 -0.000839 
56 -0.426301 0.000000 -0.729237 99.712699 -7.028221 0.010145 0.000798 
57 0.355251 0.000000 -1.458475 99.764558 -7.010340 -0.022889 -0.000211 
58 1.136804 0.000000 -0.729237 99.766596 -7.153303 -0.033219 -0.000454 
59 0.355251 0.000000 0.000000 69.501778 -0.041629 -0.001672 0.516950 
60 -8.241827 0.000000 -2.916949 99.756363 -6.975724 -0.000081 0.000001 
61 -11.368037 0.000000 -2.916949 99.756397 -6.975674 -0.000058 0.000000 
62 -8.241827 0.000000 -5.833899 99.756378 -6.975470 -0.000087 0.000001 
63 -8.241827 0.000000 0.000000 99.756370 -6.976033 -0.000066 0.000000 
64 -3.552511 0.000000 -1.458475 99.755868 -6.976791 -0.000209 0.000009 
65 -5.115617 0.000000 -1.458475 99.756196 -6.976227 -0.000129 0.000003 
66 -3.552511 0.000000 -2.916949 99.755990 -6.976247 -0.000323 0.000007 
67 -3.552511 0.000000 0.000000 99.755942 -6.977346 -0.000038 0.000007 
68 -1.207854 0.000000 -0.729237 99.749598 -6.983819 0.002715 0.000124 
69 -1.989406 0.000000 -0.729237 99.754756 -6.974623 -0.004525 0.000034 
70 -1.207854 0.000000 -1.458475 99.750905 -6.981957 -0.003249 0.000101 
71 -1.207854 0.000000 0.000000 99.751679 -6.985902 -0.000694 0.000080 
72 2.699909 0.000000 1.458475 99.735960 -7.169519 -0.026970 0.000134 
73 4.263014 0.000000 1.458475 99.736657 -7.201981 0.012504 0.000073 
74 2.699909 0.000000 2.916949 99.754277 -7.029489 -0.007218 -0.000033 
75 0.355251 0.000000 0.729237 99.827332 -7.104566 0.119230 -0.001599 
76 -0.426301 0.000000 0.729237 99.726809 -7.012153 -0.000627 0.000539 
77 1.136804 0.000000 0.729237 99.846752 -7.179960 -0.057185 -0.002093 
78 0.355251 0.000000 1.458475 99.771153 -7.015146 0.011883 -0.000350 
79 -0.035525 0.000000 -0.364619 99.153613 -7.192083 0.072701 0.011683 
80 -0.426301 0.000000 -0.364619 99.785946 -7.025628 0.056831 -0.000660 
81 -0.035525 0.000000 -0.729237 99.657372 -7.031026 -0.068986 0.001897 
82 0.355251 0.000000 -0.364619 100.384498 -7.475011 -0.627895 -0.013332 
83 -0.035525 0.000000 0.000000 167.053596 -7.446919 -0.024415 -1.796236 
84 1.918356 0.000000 -0.729237 99.758452 -7.290512 0.024761 -0.000490 
85 1.918356 0.000000 -1.458475 99.763422 -7.068100 0.002488 -0.000270 
86 2.699909 0.000000 -0.729237 99.683473 -7.411555 -0.075756 0.000827 
87 1.918356 0.000000 0.000000 101.666401 -8.506058 -1.125675 -0.040968 
88 0.746027 0.000000 -0.364619 99.727561 -7.565763 0.079034 -0.000283 
89 0.746027 0.000000 -0.729237 99.745886 -7.126094 0.000446 -0.000002 
90 1.136804 0.000000 -0.364619 99.710750 -7.654936 -0.148395 -0.000085 
91 0.746027 0.000000 0.000000 101.888441 -6.581538 -0.033754 -0.042457 
92 -8.241827 0.000000 2.916949 99.756397 -6.976336 -0.000060 -0.000001 
93 -11.368037 0.000000 2.916949 99.756404 -6.976046 -0.000054 -0.000001 
94 -8.241827 0.000000 5.833899 99.756415 -6.976566 -0.000068 -0.000001 
95 -3.552511 0.000000 1.458475 99.756167 -6.977789 0.000056 0.000002 
96 -5.115617 0.000000 1.458475 99.756299 -6.976858 -0.000042 0.000000 
97 -3.552511 0.000000 2.916949 99.756396 -6.978070 0.000030 -0.000003 
98 -1.207854 0.000000 0.729237 99.751875 -6.985824 -0.000548 0.000076 
99 -1.989406 0.000000 0.729237 99.756148 -6.981104 0.007616 -0.000002 
100 -1.207854 0.000000 1.458475 99.752858 -6.984690 0.002263 0.000058 
101 -0.035525 0.000000 0.364619 99.138436 -7.212901 -0.081492 0.011954 
102 -0.426301 0.000000 0.364619 99.760310 -7.033551 -0.095944 -0.000160 
103 0.355251 0.000000 0.364619 100.430038 -7.482373 0.628228 -0.014257 
104 -0.035525 0.000000 0.729237 99.686208 -7.046682 0.072261 0.001300 
105 0.159863 0.000000 -0.182309 98.314267 -8.512909 -4.858941 0.023823 
106 -0.035525 0.000000 -0.182309 97.603962 -7.287351 3.001449 0.041135 
107 0.159863 0.000000 -0.364619 99.311953 -7.294174 -0.849843 0.008321 
108 0.355251 0.000000 -0.182309 101.813913 -8.997478 -1.505701 -0.044929 
109 0.159863 0.000000 0.000000 117.819914 0.025668 0.039852 -0.388153 
110 -0.817078 0.000000 -0.364619 99.754114 -7.009856 0.009520 -0.000002 
111 -1.207854 0.000000 -0.364619 99.750367 -6.985378 -0.000543 0.000107 
112 -0.817078 0.000000 -0.729237 99.744398 -6.987956 0.000431 0.000222 
113 -0.817078 0.000000 0.000000 99.765323 -7.011005 0.004720 -0.000227 
114 -0.230913 0.000000 -0.182309 100.354217 -7.133804 0.402139 -0.012202 
115 -0.426301 0.000000 -0.182309 99.902510 -7.097600 0.073604 -0.003089 
116 -0.230913 0.000000 -0.364619 99.581466 -7.064490 0.300444 0.003353 
117 -0.230913 0.000000 0.000000 101.244371 -7.206000 -0.032039 -0.030235 
118 1.918356 0.000000 0.729237 99.788957 -7.383419 -0.150582 -0.001237 
119 2.699909 0.000000 0.729237 99.700969 -7.585458 -0.085360 0.000217 
120 1.918356 0.000000 1.458475 99.752959 -7.110265 -0.039730 -0.000121 
121 0.746027 0.000000 0.364619 99.779429 -7.581159 -0.099162 -0.001342 
122 1.136804 0.000000 0.364619 100.044914 -7.671732 0.000138 -0.006784 
123 0.746027 0.000000 0.729237 99.805276 -7.158541 -0.037456 -0.001234 
124 0.159863 0.000000 0.182309 98.341898 -8.469778 4.864718 0.023347 
125 -0.035525 0.000000 0.182309 97.613798 -7.314904 -3.002619 0.040902 
126 0.355251 0.000000 0.182309 101.794500 -9.001520 1.530030 -0.044549 
127 0.159863 0.000000 0.364619 99.337451 -7.315728 0.852906 0.007782 
128 0.062169 0.000000 -0.091155 85.982657 -10.505496 -8.235601 0.242879 
129 -0.035525 0.000000 -0.091155 103.689795 -7.724173 18.644149 -0.115884 
130 0.062169 0.000000 -0.182309 95.957857 -7.876805 -1.748842 0.072699 
131 0.159863 0.000000 -0.091155 99.385066 -12.664505 -13.413381 -0.021770 
132 0.062169 0.000000 0.000000 198.553404 -0.771558 -0.008129 -2.942405 
133 -0.817078 0.000000 0.364619 99.757463 -6.998354 -0.001104 -0.000053 
134 -1.207854 0.000000 0.364619 99.751025 -6.985966 -0.001002 0.000093 
135 -0.817078 0.000000 0.729237 99.747052 -6.989256 -0.001817 0.000168 
136 -0.230913 0.000000 0.182309 100.330934 -7.141662 -0.446407 -0.011750 
137 -0.426301 0.000000 0.182309 99.885984 -7.029424 -0.087621 -0.002663 
138 -0.230913 0.000000 0.364619 99.581858 -7.053718 -0.307325 0.003360 
139 -0.133219 0.000000 -0.091155 103.453122 -7.330363 2.585218 -0.076297 
140 -0.230913 0.000000 -0.091155 100.879675 -7.186684 0.453546 -0.022856 
141 -0.133219 0.000000 -0.182309 100.094778 -7.392457 1.914962 -0.007728 
142 -0.133219 0.000000 0.000000 106.588083 -7.252125 -0.014974 -0.141361 
143 0.062169 0.000000 0.091155 85.866731 -10.496042 8.228259 0.244903 
144 -0.035525 0.000000 0.091155 103.681728 -7.749688 -18.666477 -0.115840 
145 0.159863 0.000000 0.091155 99.395862 -12.586189 13.416254 -0.021795 
146 0.062169 0.000000 0.182309 95.992976 -7.880314 1.767203 0.072013 
147 0.013322 0.000000 -0.045577 73.562669 -11.608201 -14.462330 0.424462 
148 -0.035525 0.000000 -0.045577 144.911992 -7.693841 29.677677 -1.193945 
149 0.013322 0.000000 -0.091155 76.304144 -9.091879 6.018877 0.405879 
150 0.062169 0.000000 -0.045577 195.213236 -0.633678 -19.478530 -2.848802 
151 0.013322 0.000000 0.000000 248.873977 -3.663471 0.006727 -5.195168 
152 -0.133219 0.000000 0.091155 103.464694 -7.363863 -2.587776 -0.076587 
153 -0.230913 0.000000 0.091155 100.865066 -7.195845 -0.511164 -0.022580 
154 -0.133219 0.000000 0.182309 100.059818 -7.340480 -1.933153 -0.006959 
155 0.013322 0.000000 0.045577 73.475829 -11.885118 14.446426 0.425135 
156 -0.035525 0.000000 0.045577 144.907043 -7.719245 -29.716164 -1.194069 
157 0.062169 0.000000 0.045577 195.216991 -0.658165 19.477280 -2.848947 
158 0.013322 0.000000 0.091155 76.309539 -9.145767 -6.051605 0.405659 
159 -1.989406 0.000000 -8.750848 99.756371 -6.975056 -0.000227 0.000002 
160 -5.115617 0.000000 -8.750848 99.756380 -6.975170 -0.000132 0.000001 
161 -1.989406 0.000000 -11.667797 99.756409 -6.974834 -0.000143 0.000001 
162 1.136804 0.000000 -8.750848 99.756361 -6.975000 -0.000346 0.000002 
163 -0.426301 0.000000 -4.375424 99.756137 -6.977284 -0.001145 0.000003 
164 -1.989406 0.000000 -4.375424 99.756034 -6.976235 -0.000643 0.000007 
165 -0.426301 0.000000 -5.833899 99.756287 -6.976002 -0.000640 0.000002 
166 1.136804 0.000000 -4.375424 99.759823 -6.986382 -0.001625 -0.000083 
167 0.355251 0.000000 -2.187712 99.764801 -7.000431 -0.010685 -0.000202 
168 -0.426301 0.000000 -2.187712 99.754146 -6.983671 -0.007149 0.000034 
169 0.355251 0.000000 -2.916949 99.757973 -6.983855 -0.004265 -0.000043 
170 1.136804 0.000000 -2.187712 99.769567 -7.002928 -0.006975 -0.000301 
171 -0.035525 0.000000 -1.093856 99.733955 -7.019954 -0.038323 0.000386 
172 -0.426301 0.000000 -1.093856 99.740955 -6.996314 -0.018230 0.000279 
173 -0.035525 0.000000 -1.458475 99.737638 -6.996905 -0.013730 0.000345 
174 0.355251 0.000000 -1.093856 99.764829 -7.038363 -0.048342 -0.000256 
175 0.159863 0.000000 -0.546928 99.619678 -7.167106 -0.282675 0.002447 
176 -0.035525 0.000000 -0.546928 99.582455 -7.095590 -0.092745 0.003298 
177 0.159863 0.000000 -0.729237 99.703314 -7.056520 -0.138174 0.000944 
178 0.355251 0.000000 -0.546928 99.838898 -7.200813 -0.242568 -0.001972 
179 0.062169 0.000000 -0.273464 97.640000 -7.414556 -0.765992 0.041087 
180 -0.035525 0.000000 -0.273464 98.226844 -7.287655 0.778758 0.029777 
181 0.062169 0.000000 -0.364619 98.949745 -7.244032 -0.391544 0.015632 
182 0.159863 0.000000 -0.273464 98.847601 -7.572439 -2.068797 0.016753 
183 0.013322 0.000000 -0.136732 92.942101 -8.017860 2.618123 0.129063 
184 -0.035525 0.000000 -0.136732 98.482074 -7.460198 6.330810 0.020555 
185 0.013322 0.000000 -0.182309 95.952735 -7.529957 1.038444 0.073529 
186 0.062169 0.000000 -0.136732 93.716710 -8.532584 -3.508413 0.113206 
187 0.550639 0.000000 -0.182309 101.410015 -8.028761 -0.011353 -0.034845 
188 0.550639 0.000000 -0.364619 100.048654 -7.518216 0.127878 -0.006627 
189 0.746027 0.000000 -0.182309 102.024011 -8.037325 -0.041794 -0.047350 
190 0.550639 0.000000 0.000000 101.367563 -6.560293 -0.012940 -0.031842 
191 0.257557 0.000000 -0.091155 102.718417 -12.623579 -10.268916 -0.081588 
192 0.257557 0.000000 -0.182309 100.700711 -8.784335 -3.774034 -0.023204 
193 0.355251 0.000000 -0.091155 105.309601 -12.638882 -4.443582 -0.126960 
194 0.257557 0.000000 0.000000 83.652682 -0.081482 0.012688 0.300222 
195 0.111016 0.000000 -0.045577 146.476129 -0.242744 -13.724277 -1.164367 
196 0.111016 0.000000 -0.091155 92.574313 -12.563071 -15.482570 0.103246 
197 0.159863 0.000000 -0.045577 116.636953 -0.039123 -8.497059 -0.367638 
198 0.111016 0.000000 0.000000 149.754897 -0.253404 -0.012665 -1.242659 
199 0.037745 0.000000 -0.068366 74.483972 -11.682516 -14.578526 0.410312 
200 0.013322 0.000000 -0.068366 73.515761 -11.385356 -14.306820 0.426112 
201 0.037745 0.000000 -0.091155 83.409149 -9.829206 -4.944202 0.292186 
202 0.062169 0.000000 -0.068366 79.516740 -12.019688 -15.336150 0.329742 
203 0.037745 0.000000 -0.045577 74.102002 -11.727664 -14.568041 0.415913 
204 0.550639 0.000000 0.182309 101.342827 -8.024864 0.005974 -0.033477 
205 0.746027 0.000000 0.182309 101.920013 -8.041618 -0.012290 -0.045236 
206 0.550639 0.000000 0.364619 100.093956 -7.552243 -0.144202 -0.007586 
207 0.257557 0.000000 0.091155 102.700294 -12.630081 10.267756 -0.081230 
208 0.355251 0.000000 0.091155 105.400785 -12.656677 4.446156 -0.128929 
209 0.257557 0.000000 0.182309 100.700373 -8.782569 3.770152 -0.023191 
210 0.111016 0.000000 0.045577 146.465256 -0.238343 13.694963 -1.163968 
211 0.159863 0.000000 0.045577 116.636901 -0.011213 8.552429 -0.367731 
212 0.111016 0.000000 0.091155 92.490570 -12.618660 15.470171 0.104694 
213 -1.989406 0.000000 8.750848 99.756463 -6.978830 -0.000231 -0.000006 
214 -5.115617 0.000000 8.750848 99.756436 -6.977408 -0.000116 -0.000003 
215 1.136804 0.000000 8.750848 99.756342 -6.981333 -0.000433 -0.000007 
216 -1.989406 0.000000 11.667797 99.756386 -6.978253 -0.000171 -0.000003 
217 -0.426301 0.000000 4.375424 99.757288 -6.983501 -0.000548 -0.000029 
218 -1.989406 0.000000 4.375424 99.756742 -6.979946 -0.000100 -0.000013 
219 1.136804 0.000000 4.375424 99.761418 -6.987173 -0.001437 -0.000116 
220 -0.426301 0.000000 5.833899 99.756771 -6.981886 -0.000557 -0.000016 
221 0.355251 0.000000 2.187712 99.763167 -6.998891 0.003890 -0.000167 
222 -0.426301 0.000000 2.187712 99.756987 -6.989436 0.004052 -0.000031 
223 1.136804 0.000000 2.187712 99.771849 -7.012886 -0.006035 -0.000360 
224 0.355251 0.000000 2.916949 99.760086 -6.992852 -0.000302 -0.000097 
225 -0.035525 0.000000 1.093856 99.749411 -7.011916 0.035606 0.000089 
226 -0.426301 0.000000 1.093856 99.745771 -6.998149 0.014620 0.000181 
227 0.355251 0.000000 1.093856 99.788418 -7.030509 0.039135 -0.000716 
228 -0.035525 0.000000 1.458475 99.742626 -6.999463 0.007113 0.000242 
229 0.159863 0.000000 0.546928 99.637159 -7.162767 0.282895 0.002105 
230 -0.035525 0.000000 0.546928 99.543905 -7.062402 0.083410 0.004113 
231 0.355251 0.000000 0.546928 99.881764 -7.209839 0.239330 -0.002841 
232 0.159863 0.000000 0.729237 99.740318 -7.074197 0.135549 0.000181 
233 0.062169 0.000000 0.273464 97.589039 -7.434180 0.776148 0.042051 
234 -0.035525 0.000000 0.273464 98.189737 -7.286211 -0.784189 0.030507 
235 0.159863 0.000000 0.273464 98.837429 -7.638748 2.077160 0.016850 
236 0.062169 0.000000 0.364619 98.933180 -7.267790 0.390113 0.015925 
237 0.013322 0.000000 0.136732 92.891267 -8.015154 -2.627158 0.130007 
238 -0.035525 0.000000 0.136732 98.462978 -7.478268 -6.341258 0.020891 
239 0.062169 0.000000 0.136732 93.677706 -8.579234 3.499911 0.113863 
240 0.013322 0.000000 0.182309 95.979961 -7.562964 -1.032146 0.072958 
241 0.037745 0.000000 0.068366 74.444156 -11.880456 14.575369 0.410448 
242 0.013322 0.000000 0.068366 73.443623 -11.666803 14.297140 0.426551 
243 0.037745 0.000000 0.045577 74.061000 -11.914932 14.564171 0.416089 
244 0.062169 0.000000 0.068366 79.473203 -12.187363 15.329309 0.330049 
245 0.037745 0.000000 0.091155 83.314511 -9.801050 4.942221 0.293821 
246 0.111016 0.000000 -0.136732 96.608183 -9.121616 -6.346023 0.054338 
247 0.111016 0.000000 -0.182309 97.066298 -8.213593 -3.749847 0.049661 
248 0.159863 0.000000 -0.136732 98.739269 -9.715163 -7.383201 0.010166 
249 0.086592 0.000000 -0.068366 91.905754 -12.462253 -15.308916 0.116366 
250 0.086592 0.000000 -0.091155 92.330036 -12.579315 -15.445329 0.107837 
251 0.111016 0.000000 -0.068366 92.570911 -12.423290 -15.385294 0.103958 
252 0.086592 0.000000 -0.045577 168.913956 -0.330456 -17.554966 -1.884021 
253 0.086592 0.000000 -0.113943 93.460931 -9.585863 -7.971093 0.110963 
254 0.062169 0.000000 -0.113943 90.935041 -9.197268 -5.485942 0.161613 
255 0.086592 0.000000 -0.136732 95.126563 -8.775749 -5.310478 0.084572 
256 0.111016 0.000000 -0.113943 95.976223 -9.991662 -8.866529 0.061012 
257 0.074381 0.000000 -0.079760 88.926178 -12.439071 -15.239780 0.170515 
258 0.062169 0.000000 -0.079760 80.488053 -12.119229 -15.340855 0.313946 
259 0.074381 0.000000 -0.091155 86.894081 -10.821964 -11.903988 0.219060 
260 0.086592 0.000000 -0.079760 92.022631 -12.480520 -15.337938 0.114082 
261 0.074381 0.000000 -0.068366 86.231320 -12.337361 -15.353622 0.217622 
262 0.111016 0.000000 0.136732 96.566309 -9.073166 6.379802 0.055192 
263 0.159863 0.000000 0.136732 98.708309 -9.694097 7.410844 0.010777 
264 0.111016 0.000000 0.182309 97.095693 -8.190788 3.756536 0.049123 
265 0.086592 0.000000 0.068366 91.854213 -12.362587 15.300334 0.117587 
266 0.086592 0.000000 0.045577 168.902149 -0.325926 17.524550 -1.883515 
267 0.111016 0.000000 0.068366 92.496364 -12.456140 15.374462 0.105289 
268 0.086592 0.000000 0.091155 92.286270 -12.457393 15.436882 0.108976 
269 0.086592 0.000000 0.113943 93.410064 -9.618266 7.984060 0.111830 
270 0.062169 0.000000 0.113943 90.877872 -9.240241 5.477239 0.162583 
271 0.111016 0.000000 0.113943 95.938860 -9.948693 8.895186 0.061763 
272 0.086592 0.000000 0.136732 95.099145 -8.788591 5.326062 0.085055 
273 0.074381 0.000000 0.079760 88.873432 -12.397164 15.230136 0.171587 
274 0.062169 0.000000 0.079760 80.443238 -12.265954 15.333020 0.314333 
275 0.074381 0.000000 0.068366 86.180489 -12.358245 15.344229 0.218475 
276 0.086592 0.000000 0.079760 91.969125 -12.388250 15.329082 0.115323 
277 0.074381 0.000000 0.091155 86.809522 -10.855492 11.903604 0.220457 
278 0.208710 0.000000 -0.045577 96.113237 -0.108253 -5.296156 0.073418 
279 0.208710 0.000000 -0.091155 100.544020 -12.721408 -12.781912 -0.043431 
280 0.257557 0.000000 -0.045577 82.792836 -0.067219 -4.059826 0.312886 
281 0.208710 0.000000 0.000000 97.245803 0.000490 0.026374 0.054325 
282 0.135439 0.000000 -0.068366 93.176549 -12.564301 -15.579811 0.091754 
283 0.135439 0.000000 -0.091155 94.377100 -12.591087 -15.177544 0.070407 
284 0.159863 0.000000 -0.068366 115.180321 -0.152744 -12.692745 -0.342764 
285 0.135439 0.000000 -0.045577 130.030673 -0.094746 -10.784926 -0.702430 
286 0.257557 0.000000 -0.273464 100.218597 -7.792575 -1.819340 -0.010780 
287 0.257557 0.000000 -0.364619 100.029107 -7.396583 -0.939413 -0.006141 
288 0.355251 0.000000 -0.273464 100.678713 -7.919755 -0.775346 -0.019953 
289 0.208710 0.000000 -0.136732 100.247967 -10.060851 -7.236889 -0.020325 
290 0.208710 0.000000 -0.182309 99.369651 -8.607843 -4.836409 0.002819 
291 0.257557 0.000000 -0.136732 101.306744 -10.125790 -6.274132 -0.040495 
292 0.135439 0.000000 -0.113943 97.209098 -10.368811 -9.177209 0.035866 
293 0.135439 0.000000 -0.136732 97.785326 -9.425443 -6.886699 0.030176 
294 0.159863 0.000000 -0.113943 98.486372 -10.826500 -9.691563 0.008930 
295 0.123228 0.000000 -0.079760 92.680919 -12.482318 -15.454001 0.101561 
296 0.111016 0.000000 -0.079760 92.569299 -12.476228 -15.422197 0.103742 
297 0.123228 0.000000 -0.091155 92.538084 -12.551968 -15.475616 0.103966 
298 0.135439 0.000000 -0.079760 94.322706 -12.597447 -15.389477 0.070770 
299 0.123228 0.000000 -0.068366 92.544421 -12.553910 -15.476832 0.103840 
300 0.208710 0.000000 0.045577 96.120504 -0.097278 5.338404 0.073234 
301 0.257557 0.000000 0.045577 82.809613 -0.079983 4.081300 0.312590 
302 0.208710 0.000000 0.091155 100.552477 -12.705869 12.783046 -0.043565 
303 0.135439 0.000000 0.068366 93.108708 -12.685430 15.572393 0.092735 
304 0.135439 0.000000 0.045577 129.858583 -0.216157 10.798793 -0.697991 
305 0.159863 0.000000 0.068366 115.169857 -0.122604 12.720985 -0.342593 
306 0.135439 0.000000 0.091155 94.331134 -12.658766 15.174106 0.071114 
307 0.257557 0.000000 0.273464 100.264229 -7.823340 1.831295 -0.011747 
308 0.355251 0.000000 0.273464 100.738802 -7.942633 0.789895 -0.021202 
309 0.257557 0.000000 0.364619 100.067910 -7.427615 0.947327 -0.006965 
310 0.208710 0.000000 0.136732 100.241242 -10.034089 7.228467 -0.020124 
311 0.257557 0.000000 0.136732 101.326431 -10.084488 6.267171 -0.040802 
312 0.208710 0.000000 0.182309 99.392548 -8.587233 4.821977 0.002413 
313 0.135439 0.000000 0.113943 97.174985 -10.333762 9.200973 0.036558 
314 0.159863 0.000000 0.113943 98.449760 -10.791789 9.717051 0.009676 
315 0.135439 0.000000 0.136732 97.748972 -9.397666 6.908351 0.030910 
316 0.123228 0.000000 0.079760 92.603525 -12.593904 15.444574 0.102745 
317 0.111016 0.000000 0.079760 92.491078 -12.520960 15.410739 0.105114 
318 0.123228 0.000000 0.068366 92.459334 -12.641457 15.464208 0.105232 
319 0.135439 0.000000 0.079760 94.279855 -12.667240 15.387739 0.071407 
320 0.123228 0.000000 0.091155 92.452712 -12.646289 15.462944 0.105346 
321 0.184287 0.000000 -0.068366 103.857664 -0.154818 -10.443851 -0.089551 
322 0.184287 0.000000 -0.091155 99.338230 -12.580130 -13.358930 -0.020480 
323 0.208710 0.000000 -0.068366 93.992386 -0.105721 -8.294342 0.109662 
324 0.184287 0.000000 -0.045577 105.242934 -0.134208 -6.875029 -0.112336 
325 0.184287 0.000000 0.068366 103.879252 -0.164849 10.460469 -0.090035 
326 0.184287 0.000000 0.045577 105.266979 -0.143287 6.913309 -0.112895 
327 0.208710 0.000000 0.068366 94.027131 -0.105093 8.317044 0.108971 
328 0.184287 0.000000 0.091155 99.352866 -12.570618 13.362708 -0.020757 
329 0.452945 0.000000 -0.091155 99.011148 -10.211159 0.001381 0.009252 
330 0.452945 0.000000 -0.182309 99.789262 -11.860757 0.001365 -0.009857 
331 0.550639 0.000000 -0.091155 100.942995 -7.527435 -0.011557 -0.024615 
332 0.452945 0.000000 0.000000 101.367562 -6.560292 -0.012940 -0.031842 
333 0.306404 0.000000 -0.136732 102.410644 -10.451711 -4.256163 -0.061529 
334 0.306404 0.000000 -0.182309 101.334157 -8.902269 -2.814729 -0.035578 
335 0.355251 0.000000 -0.136732 104.381025 -10.637596 -2.703322 -0.101586 
336 0.306404 0.000000 -0.091155 104.389929 -12.538527 -6.477446 -0.109643 
337 0.233134 0.000000 -0.113943 101.445187 -11.567335 -8.344243 -0.049456 
338 0.208710 0.000000 -0.113943 101.352252 -11.335785 -9.345727 -0.048812 
339 0.233134 0.000000 -0.136732 100.678473 -10.118468 -6.701178 -0.028344 
340 0.257557 0.000000 -0.113943 102.745197 -12.635531 -10.271763 -0.082174 
341 0.233134 0.000000 -0.091155 102.945053 -12.690048 -10.292173 -0.086465 
342 0.452945 0.000000 0.091155 98.974912 -10.201495 0.000617 0.009990 
343 0.550639 0.000000 0.091155 100.915450 -7.522143 -0.007958 -0.024051 
344 0.452945 0.000000 0.182309 99.750388 -11.848508 0.003037 -0.009053 
345 0.306404 0.000000 0.136732 102.434392 -10.435809 4.280445 -0.062003 
346 0.306404 0.000000 0.091155 104.455556 -12.589899 6.482957 -0.111150 
347 0.355251 0.000000 0.136732 104.422319 -10.717476 2.699857 -0.102617 
348 0.306404 0.000000 0.182309 101.309935 -8.900826 2.829951 -0.035094 
349 0.233134 0.000000 0.113943 101.443208 -11.535353 8.338200 -0.049331 
350 0.208710 0.000000 0.113943 101.353288 -11.284503 9.339178 -0.048705 
351 0.233134 0.000000 0.091155 102.938555 -12.639186 10.291473 -0.086201 
352 0.257557 0.000000 0.113943 102.726471 -12.641076 10.270579 -0.081801 
353 0.233134 0.000000 0.136732 100.696453 -10.076729 6.699651 -0.028620 
354 0.306404 0.000000 -0.045577 73.921977 0.100179 -2.167314 0.453083 
355 0.355251 0.000000 -0.045577 68.734393 -0.047386 -1.121010 0.527432 
356 0.306404 0.000000 0.000000 74.525288 0.018029 -0.017590 0.444598 
357 0.281981 0.000000 -0.113943 103.752743 -12.532101 -8.452016 -0.099312 
358 0.281981 0.000000 -0.136732 102.254131 -10.305937 -5.183667 -0.058899 
359 0.306404 0.000000 -0.113943 104.373071 -12.550392 -6.477186 -0.109320 
360 0.281981 0.000000 -0.091155 103.562821 -12.538889 -8.788463 -0.095972 
361 0.281981 0.000000 -0.068366 76.425871 0.093545 -4.647012 0.413748 
362 0.257557 0.000000 -0.068366 81.874188 -0.096015 -6.242258 0.325764 
363 0.306404 0.000000 -0.068366 73.283694 0.053728 -3.187082 0.461934 
364 0.281981 0.000000 -0.045577 77.534101 0.052449 -3.180197 0.397835 
365 0.269769 0.000000 -0.102549 102.903103 -12.577957 -10.004512 -0.084734 
366 0.257557 0.000000 -0.102549 102.715963 -12.622484 -10.268655 -0.081534 
367 0.269769 0.000000 -0.113943 102.857544 -12.563228 -10.282928 -0.084325 
368 0.281981 0.000000 -0.102549 103.599324 -12.535966 -9.172386 -0.097410 
369 0.269769 0.000000 -0.091155 102.787798 -12.592554 -10.275898 -0.082950 
370 0.306404 0.000000 0.045577 74.057428 0.005620 2.158062 0.451084 
371 0.355251 0.000000 0.045577 68.739379 -0.049362 1.118682 0.527364 
372 0.281981 0.000000 0.113943 103.777835 -12.517355 8.454459 -0.099800 
373 0.281981 0.000000 0.091155 103.581373 -12.526559 8.790279 -0.096328 
374 0.306404 0.000000 0.113943 104.447342 -12.614355 6.482732 -0.111039 
375 0.281981 0.000000 0.136732 102.239117 -10.354769 5.185204 -0.058694 
376 0.281981 0.000000 0.068366 76.458807 0.125626 4.649245 0.413242 
377 0.257557 0.000000 0.068366 81.915749 -0.082599 6.262090 0.325059 
378 0.281981 0.000000 0.045577 77.602268 0.040109 3.211886 0.396757 
379 0.306404 0.000000 0.068366 73.406931 -0.028042 3.179380 0.460131 
380 0.269769 0.000000 0.102549 102.897008 -12.573686 10.004039 -0.084597 
381 0.257557 0.000000 0.102549 102.697895 -12.629074 10.267498 -0.081177 
382 0.269769 0.000000 0.091155 102.777011 -12.590424 10.274865 -0.082721 
383 0.281981 0.000000 0.102549 103.621899 -12.503547 9.173733 -0.097799 
384 0.269769 0.000000 0.113943 102.853865 -12.552605 10.282017 -0.084221 
385 0.746027 0.000000 -1.093856 99.779664 -7.058628 -0.030559 -0.000581 
386 0.746027 0.000000 -1.458475 99.769293 -7.021061 -0.015544 -0.000321 
387 1.136804 0.000000 -1.093856 99.785557 -7.074938 -0.017799 -0.000721 
388 0.550639 0.000000 -0.546928 99.826708 -7.223980 -0.019318 -0.001756 
389 0.550639 0.000000 -0.729237 99.800218 -7.121940 -0.072666 -0.001081 
390 0.746027 0.000000 -0.546928 99.795383 -7.236638 0.009656 -0.001149 
391 0.452945 0.000000 -0.273464 100.470400 -7.926749 0.094918 -0.015714 
392 0.452945 0.000000 -0.364619 100.343119 -7.484631 -0.073885 -0.012477 
393 0.550639 0.000000 -0.273464 101.407547 -12.030309 0.002892 -0.042822 
394 0.404098 0.000000 -0.136732 98.144760 -12.527612 -0.000066 0.021067 
395 0.404098 0.000000 -0.182309 101.864762 -9.108919 0.159032 -0.045943 
396 0.452945 0.000000 -0.136732 99.175408 -10.775433 0.001663 0.004813 
397 0.404098 0.000000 -0.091155 101.170539 -12.543820 -1.663985 -0.039559 
398 0.330828 0.000000 -0.113943 104.356730 -12.581727 -6.479072 -0.109061 
399 0.330828 0.000000 -0.136732 102.829402 -10.557474 -3.934186 -0.070082 
400 0.355251 0.000000 -0.113943 105.217519 -12.629291 -4.688644 -0.125221 
401 0.330828 0.000000 -0.091155 104.350579 -12.582419 -6.478668 -0.108933 
402 0.746027 0.000000 1.093856 99.803731 -7.053536 0.003110 -0.001054 
403 1.136804 0.000000 1.093856 99.796389 -7.090320 -0.032254 -0.000959 
404 0.746027 0.000000 1.458475 99.779803 -7.030463 -0.000611 -0.000544 
405 0.550639 0.000000 0.546928 99.862605 -7.251777 0.008002 -0.002513 
406 0.746027 0.000000 0.546928 99.861031 -7.259616 -0.034425 -0.002493 
407 0.550639 0.000000 0.729237 99.848428 -7.119242 0.058305 -0.002040 
408 0.452945 0.000000 0.273464 100.542726 -7.943603 -0.117353 -0.017195 
409 0.550639 0.000000 0.273464 101.357976 -12.015486 0.004142 -0.041781 
410 0.452945 0.000000 0.364619 100.380755 -7.516998 0.061192 -0.013280 
411 0.404098 0.000000 0.136732 98.123431 -12.513599 -0.001521 0.021520 
412 0.404098 0.000000 0.091155 101.184356 -12.497105 1.663409 -0.039722 
413 0.452945 0.000000 0.136732 99.137311 -10.765131 0.002292 0.005591 
414 0.404098 0.000000 0.182309 101.853347 -9.131901 -0.162430 -0.045752 
415 0.330828 0.000000 0.113943 104.459617 -12.665175 6.486271 -0.111429 
416 0.330828 0.000000 0.091155 104.453212 -12.665786 6.485850 -0.111296 
417 0.355251 0.000000 0.113943 105.311111 -12.655406 4.691847 -0.127260 
418 0.330828 0.000000 0.136732 102.850818 -10.544809 3.956591 -0.070514 
419 0.404098 0.000000 -0.045577 67.944726 -0.020155 0.794978 0.538288 
420 0.452945 0.000000 -0.045577 99.534998 -8.612189 -0.008183 0.001861 
421 0.404098 0.000000 0.000000 69.012816 0.004052 0.000966 0.523723 
422 0.379675 0.000000 -0.113943 104.638508 -12.677007 -2.229483 -0.111489 
423 0.379675 0.000000 -0.136732 104.152635 -10.758319 -1.047503 -0.096461 
424 0.404098 0.000000 -0.113943 100.850919 -12.621401 -1.845951 -0.033362 
425 0.379675 0.000000 -0.091155 104.324623 -12.682715 -2.222908 -0.104942 
426 0.330828 0.000000 -0.068366 70.411448 -0.033829 -3.028618 0.503305 
427 0.355251 0.000000 -0.068366 67.471452 -0.057503 -1.836910 0.544423 
428 0.330828 0.000000 -0.045577 70.960411 -0.068407 -1.944068 0.496084 
429 0.343039 0.000000 -0.102549 104.741403 -12.589062 -6.154551 -0.116712 
430 0.330828 0.000000 -0.102549 104.353443 -12.582097 -6.478856 -0.108993 
431 0.343039 0.000000 -0.113943 104.822373 -12.599796 -6.003051 -0.118252 
432 0.355251 0.000000 -0.102549 105.324998 -12.639362 -4.812451 -0.127627 
433 0.343039 0.000000 -0.091155 104.594280 -12.584661 -6.493819 -0.114051 
434 0.404098 0.000000 0.045577 68.015746 -0.004386 -0.805465 0.537321 
435 0.452945 0.000000 0.045577 99.494822 -8.604997 -0.005909 0.002673 
436 0.330828 0.000000 0.068366 70.552875 -0.103462 3.044001 0.501302 
437 0.330828 0.000000 0.045577 71.037192 -0.088053 1.943669 0.494993 
438 0.355251 0.000000 0.068366 67.535002 -0.061563 1.835415 0.543565 
439 0.379675 0.000000 0.113943 104.706802 -12.648776 2.230035 -0.112848 
440 0.379675 0.000000 0.091155 104.386304 -12.648742 2.223517 -0.106144 
441 0.404098 0.000000 0.113943 100.869336 -12.573622 1.845409 -0.033612 
442 0.379675 0.000000 0.136732 104.205329 -10.803118 1.041726 -0.097654 
443 0.343039 0.000000 0.102549 104.844243 -12.655154 6.160707 -0.119042 
444 0.330828 0.000000 0.102549 104.456194 -12.665501 6.486046 -0.111358 
445 0.343039 0.000000 0.091155 104.697368 -12.658117 6.500486 -0.116402 
446 0.355251 0.000000 0.102549 105.415913 -12.659296 4.815154 -0.129596 
447 0.343039 0.000000 0.113943 104.922326 -12.658163 6.008593 -0.120503 
448 1.527580 0.000000 -0.364619 99.794180 -7.828781 -0.113503 -0.002018 
449 1.527580 0.000000 -0.729237 99.750528 -7.252217 -0.038014 -0.000276 
450 1.918356 0.000000 -0.364619 99.882977 -6.949550 0.084933 -0.002491 
451 1.527580 0.000000 0.000000 100.954259 -8.026973 -1.041636 -0.025728 
452 0.941416 0.000000 -0.182309 102.136719 -8.116026 0.033406 -0.049778 
453 0.941416 0.000000 -0.364619 99.684648 -7.584617 -0.046570 0.000544 
454 1.136804 0.000000 -0.182309 101.795308 -8.809944 0.274470 -0.043998 
455 0.941416 0.000000 0.000000 101.975545 -6.838344 0.240065 -0.044583 
456 0.648333 0.000000 -0.091155 101.591231 -7.530360 -0.025719 -0.037749 
457 0.648333 0.000000 -0.182309 101.717883 -8.529136 -0.005093 -0.041927 
458 0.746027 0.000000 -0.091155 102.026308 -6.923523 -0.039606 -0.045730 
459 0.648333 0.000000 0.000000 101.692447 -6.573544 -0.025922 -0.038457 
460 0.501792 0.000000 -0.136732 99.672073 -9.676932 -0.005001 -0.002817 
461 0.501792 0.000000 -0.182309 100.933325 -9.910194 0.001319 -0.028575 
462 0.550639 0.000000 -0.136732 101.394764 -7.241670 -0.019579 -0.033334 
463 0.501792 0.000000 -0.091155 99.663841 -9.586825 -0.006166 -0.002479 
464 0.428522 0.000000 -0.113943 98.453389 -12.242488 -0.966482 0.015612 
465 0.428522 0.000000 -0.136732 99.140842 -11.749263 0.001191 0.003305 
466 0.452945 0.000000 -0.113943 99.048796 -10.726230 -0.000159 0.007428 
467 0.428522 0.000000 -0.091155 98.590099 -11.982503 -0.854119 0.013568 
468 0.379675 0.000000 -0.068366 66.715735 -0.029808 -0.321233 0.554891 
469 0.404098 0.000000 -0.068366 98.152108 -11.926780 0.000571 0.022392 
470 0.379675 0.000000 -0.045577 67.648809 -0.025983 -0.229627 0.542359 
471 0.391886 0.000000 -0.102549 103.005325 -12.694310 -2.057376 -0.077548 
472 0.379675 0.000000 -0.102549 104.647388 -12.676438 -2.229727 -0.111674 
473 0.391886 0.000000 -0.113943 102.820660 -12.689202 -1.994691 -0.073708 
474 0.404098 0.000000 -0.102549 100.950692 -12.634525 -1.885302 -0.035423 
475 0.391886 0.000000 -0.091155 102.652245 -12.683476 -1.929233 -0.070208 
476 0.379675 0.000000 0.068366 66.783107 -0.013127 0.330027 0.553991 
477 0.379675 0.000000 0.045577 67.729649 -0.027524 0.226999 0.541264 
478 0.404098 0.000000 0.068366 98.128173 -11.913070 -0.002706 0.022894 
479 1.527580 0.000000 0.364619 99.843551 -7.896915 -0.419763 -0.003127 
480 1.918356 0.000000 0.364619 99.840649 -7.102041 -0.333682 -0.001871 
481 1.527580 0.000000 0.729237 99.785205 -7.298506 -0.112120 -0.001037 
482 0.941416 0.000000 0.182309 102.024683 -8.124172 0.077021 -0.047504 
483 1.136804 0.000000 0.182309 101.620915 -8.813355 0.337685 -0.040460 
484 0.941416 0.000000 0.364619 99.811880 -7.616491 0.036045 -0.002042 
485 0.648333 0.000000 0.091155 101.544577 -7.529509 -0.013489 -0.036799 
486 0.746027 0.000000 0.091155 101.982583 -6.924756 -0.027831 -0.044840 
487 0.648333 0.000000 0.182309 101.630477 -8.529724 0.016962 -0.040151 
488 0.501792 0.000000 0.136732 99.627560 -9.668578 0.000955 -0.001913 
489 0.501792 0.000000 0.091155 99.630781 -9.577468 -0.006645 -0.001802 
490 0.550639 0.000000 0.136732 101.339761 -7.237685 -0.007725 -0.032213 
491 0.501792 0.000000 0.182309 100.871845 -9.903858 0.011448 -0.027322 
492 0.428522 0.000000 0.113943 98.454031 -12.218518 0.966512 0.015658 
493 0.428522 0.000000 0.091155 98.585157 -11.960346 0.855061 0.013719 
494 0.452945 0.000000 0.113943 99.012244 -10.715845 0.001516 0.008175 
495 0.428522 0.000000 0.136732 99.107284 -11.736530 0.000519 0.004000 
496 0.391886 0.000000 0.102549 103.042072 -12.645649 2.057697 -0.078182 
497 0.379675 0.000000 0.102549 104.716120 -12.648680 2.230283 -0.113043 
498 0.391886 0.000000 0.091155 102.686547 -12.639294 1.929354 -0.070800 
499 0.404098 0.000000 0.102549 100.969791 -12.585768 1.884796 -0.035685 
500 0.391886 0.000000 0.113943 102.856233 -12.642914 1.994903 -0.074323 
501 1.332192 0.000000 -0.182309 100.989508 -9.250199 -0.693865 -0.028493 
502 1.332192 0.000000 -0.364619 99.793964 -7.721430 -0.083728 -0.001846 
503 1.527580 0.000000 -0.182309 101.091423 -9.451454 -0.876318 -0.030957 
504 1.332192 0.000000 0.000000 100.637784 -7.315732 -0.873316 -0.018225 
505 1.332192 0.000000 0.182309 100.917403 -9.719673 -0.545242 -0.027909 
506 1.527580 0.000000 0.182309 101.196122 -10.058490 -0.769111 -0.034242 
507 1.332192 0.000000 0.364619 100.012905 -7.762485 -0.355916 -0.006296 
508 1.234498 0.000000 -0.091155 98.749429 -11.537012 -0.116046 0.011543 
509 1.136804 0.000000 -0.091155 100.666834 -8.394779 0.398263 -0.020444 
510 1.234498 0.000000 -0.182309 100.596334 -12.521770 0.015275 -0.027642 
511 1.332192 0.000000 -0.091155 99.604654 -10.027907 -0.511008 -0.002191 
512 1.234498 0.000000 0.000000 77.935195 -0.025629 0.175627 0.392607 
513 1.234498 0.000000 0.091155 99.188534 -11.615096 -0.081153 0.002672 
514 1.136804 0.000000 0.091155 100.767371 -8.405635 0.415035 -0.022489 
515 1.332192 0.000000 0.091155 99.775055 -10.224316 -0.440256 -0.005979 
516 1.234498 0.000000 0.182309 100.743417 -12.536541 0.023800 -0.030640 
517 4.263014 0.000000 -8.750848 99.756320 -6.974855 -0.000522 0.000003 
518 4.263014 0.000000 -11.667797 99.756410 -6.974344 -0.000264 0.000002 
519 7.389224 0.000000 -8.750848 99.756342 -6.974505 -0.000726 0.000003 
520 2.699909 0.000000 -4.375424 99.754467 -6.980797 -0.001977 0.000031 
521 2.699909 0.000000 -5.833899 99.756032 -6.977952 -0.000987 0.000004 
522 4.263014 0.000000 -4.375424 99.755268 -6.984409 -0.002944 0.000010 
523 1.918356 0.000000 -2.187712 99.763487 -7.012550 -0.000285 -0.000193 
524 1.918356 0.000000 -2.916949 99.758881 -6.982397 0.000272 -0.000059 
525 2.699909 0.000000 -2.187712 99.752312 -7.028301 -0.004248 0.000008 
526 1.527580 0.000000 -1.093856 99.779010 -7.097475 -0.010536 -0.000623 
527 1.527580 0.000000 -1.458475 99.771609 -7.051798 -0.001171 -0.000410 
528 1.918356 0.000000 -1.093856 99.770969 -7.138789 0.007834 -0.000521 
529 1.332192 0.000000 -0.546928 99.768214 -7.348839 -0.063141 -0.000771 
530 1.136804 0.000000 -0.546928 99.743449 -7.285221 -0.070615 -0.000184 
531 1.332192 0.000000 -0.729237 99.769172 -7.208127 -0.028428 -0.000585 
532 1.527580 0.000000 -0.546928 99.763357 -7.390790 -0.040968 -0.000735 
533 1.234498 0.000000 -0.273464 99.961630 -8.185422 -0.214320 -0.005937 
534 1.136804 0.000000 -0.273464 101.742133 -12.191211 0.026712 -0.050009 
535 1.234498 0.000000 -0.364619 99.792694 -7.699563 -0.143269 -0.001789 
536 1.332192 0.000000 -0.273464 101.214373 -13.076630 -0.068778 -0.041535 
537 10.515434 0.000000 -2.916949 99.754794 -6.995966 -0.018745 0.000004 
538 10.515434 0.000000 -5.833899 99.756181 -6.976717 -0.002754 0.000003 
539 13.641644 0.000000 -2.916949 99.755178 -6.991794 -0.022063 0.000002 
540 10.515434 0.000000 0.000000 99.862493 -5.455841 0.302358 -0.000238 
541 5.826119 0.000000 -1.458475 99.746526 -7.107447 -0.067993 0.000011 
542 5.826119 0.000000 -2.916949 99.753914 -7.001215 -0.011655 0.000014 
543 7.389224 0.000000 -1.458475 99.748250 -7.084715 -0.085147 0.000009 
544 5.826119 0.000000 0.000000 100.037156 -2.947850 3.451317 -0.002803 
545 3.481461 0.000000 -0.729237 99.715490 -7.425048 -0.109078 0.000168 
546 3.481461 0.000000 -1.458475 99.742246 -7.108205 -0.032114 0.000096 
547 4.263014 0.000000 -0.729237 99.719784 -7.424794 -0.158027 0.000081 
548 3.481461 0.000000 0.000000 100.017730 -3.006067 -1.037781 -0.001366 
549 2.309132 0.000000 -0.364619 99.153024 -6.969621 -0.075192 0.012010 
550 2.309132 0.000000 -0.729237 99.657434 -7.401289 -0.001066 0.001362 
551 2.699909 0.000000 -0.364619 99.740103 -6.868482 0.056448 0.000473 
552 2.309132 0.000000 0.000000 133.715174 -3.528924 -0.915475 -0.789304 
553 1.722968 0.000000 -0.182309 101.638473 -9.040085 -0.962186 -0.041303 
554 1.722968 0.000000 -0.364619 99.717440 -7.722138 -0.013136 -0.000320 
555 1.918356 0.000000 -0.182309 101.782349 -8.917319 -0.842609 -0.043988 
556 1.722968 0.000000 0.000000 101.473897 -8.629979 -1.185888 -0.037283 
557 1.429886 0.000000 -0.091155 100.909846 -9.538893 -0.620599 -0.027417 
558 1.429886 0.000000 -0.182309 101.081281 -9.532040 -0.621848 -0.030867 
559 1.527580 0.000000 -0.091155 101.144483 -9.056718 -0.844447 -0.031294 
560 1.429886 0.000000 0.000000 100.637394 -7.314300 -0.873403 -0.018215 
561 1.283345 0.000000 -0.136732 99.088393 -10.972629 -0.397332 0.006093 
562 1.234498 0.000000 -0.136732 98.992802 -11.769669 -0.081907 0.006189 
563 1.283345 0.000000 -0.182309 99.796258 -11.849743 -0.283737 -0.009979 
564 1.332192 0.000000 -0.136732 99.688287 -9.611182 -0.543192 -0.003042 
565 1.283345 0.000000 -0.091155 98.800678 -10.715249 -0.420511 0.012343 
566 10.515434 0.000000 2.916949 99.751525 -7.043587 0.016929 0.000002 
567 13.641644 0.000000 2.916949 99.751860 -7.039640 0.024289 0.000001 
568 10.515434 0.000000 5.833899 99.754769 -6.998232 0.001946 0.000001 
569 5.826119 0.000000 1.458475 99.739648 -7.206021 0.042264 0.000007 
570 7.389224 0.000000 1.458475 99.740895 -7.191434 0.069547 0.000003 
571 5.826119 0.000000 2.916949 99.751248 -7.044462 0.003657 0.000006 
572 3.481461 0.000000 0.729237 99.699515 -7.654620 -0.013875 0.000141 
573 4.263014 0.000000 0.729237 99.703051 -7.669317 0.057935 0.000048 
574 3.481461 0.000000 1.458475 99.735188 -7.196544 -0.004715 0.000110 
575 2.309132 0.000000 0.364619 99.267764 -7.296309 -0.277534 0.009260 
576 2.699909 0.000000 0.364619 99.747478 -7.287313 -0.443926 -0.000286 
577 2.309132 0.000000 0.729237 99.709254 -7.552844 -0.146383 0.000100 
578 1.722968 0.000000 0.182309 101.400868 -9.963241 -0.880981 -0.038218 
579 1.918356 0.000000 0.182309 101.499182 -10.605842 -0.801198 -0.041521 
580 1.722968 0.000000 0.364619 99.662737 -7.868534 -0.421894 0.000525 
581 1.429886 0.000000 0.091155 100.845280 -9.795307 -0.545452 -0.026602 
582 1.527580 0.000000 0.091155 101.104146 -9.306968 -0.785492 -0.030928 
583 1.429886 0.000000 0.182309 100.931032 -9.979729 -0.522000 -0.028694 
584 4.263014 0.000000 8.750848 99.755978 -6.984286 -0.000403 -0.000004 
585 7.389224 0.000000 8.750848 99.755694 -6.986365 -0.000028 -0.000001 
586 4.263014 0.000000 11.667797 99.756141 -6.981084 -0.000215 -0.000002 
587 2.699909 0.000000 4.375424 99.755954 -6.994509 -0.002530 -0.000017 
588 4.263014 0.000000 4.375424 99.754402 -7.007067 -0.001354 -0.000004 
589 2.699909 0.000000 5.833899 99.756010 -6.990152 -0.001290 -0.000012 
590 1.918356 0.000000 2.187712 99.762603 -7.037877 -0.016727 -0.000211 
591 2.699909 0.000000 2.187712 99.749380 -7.067992 -0.013050 0.000010 
592 1.918356 0.000000 2.916949 99.764498 -7.015999 -0.010478 -0.000218 
593 1.527580 0.000000 1.093856 99.782363 -7.125413 -0.059322 -0.000730 
594 1.918356 0.000000 1.093856 99.758541 -7.191949 -0.078594 -0.000350 
595 1.527580 0.000000 1.458475 99.769694 -7.074396 -0.035172 -0.000404 
596 1.332192 0.000000 0.546928 99.892683 -7.398317 -0.166607 -0.003331 
597 1.136804 0.000000 0.546928 99.895802 -7.323554 -0.062568 -0.003281 
598 1.527580 0.000000 0.546928 99.818964 -7.456923 -0.217812 -0.001948 
599 1.332192 0.000000 0.729237 99.833395 -7.235089 -0.097748 -0.001906 
600 1.234498 0.000000 0.273464 100.390783 -8.221008 -0.230190 -0.014595 
601 1.136804 0.000000 0.273464 101.754624 -12.201090 0.038258 -0.050287 
602 1.332192 0.000000 0.273464 101.012001 -13.281153 -0.036392 -0.037981 
603 1.234498 0.000000 0.364619 100.099362 -7.729265 -0.175671 -0.007965 
604 1.283345 0.000000 0.136732 99.403223 -11.226742 -0.312605 -0.000714 
605 1.234498 0.000000 0.136732 99.381223 -11.834988 -0.054222 -0.001670 
606 1.283345 0.000000 0.091155 99.178186 -10.926523 -0.366894 0.004416 
607 1.332192 0.000000 0.136732 99.832327 -9.894792 -0.487777 -0.006464 
608 1.283345 0.000000 0.182309 99.939611 -12.192153 -0.122959 -0.013659 
609 2.113744 0.000000 -0.182309 100.657027 -5.576114 3.234717 -0.017339 
610 2.113744 0.000000 -0.364619 99.645837 -6.827196 0.480047 0.002387 
611 2.309132 0.000000 -0.182309 97.747368 -5.188610 -2.224928 0.041358 
612 2.113744 0.000000 0.000000 95.086888 1.155401 0.137590 0.095713 
613 2.113744 0.000000 0.182309 101.183751 -5.937381 -3.446174 -0.028528 
614 2.309132 0.000000 0.182309 98.018201 -5.703338 1.470108 0.035774 
615 2.113744 0.000000 0.364619 99.769811 -7.051131 -0.704569 -0.000423 
616 2.016050 0.000000 -0.091155 101.244680 -9.030341 -0.503896 -0.033229 
617 1.918356 0.000000 -0.091155 101.764574 -8.707193 -0.955692 -0.043276 
618 2.016050 0.000000 -0.182309 101.552647 -8.443965 -0.192687 -0.038428 
619 2.113744 0.000000 -0.091155 105.949138 -7.846034 11.095895 -0.140990 
620 2.016050 0.000000 0.000000 101.666415 -8.505862 -1.125661 -0.040968 
621 2.016050 0.000000 0.091155 101.117431 -9.116077 -0.187300 -0.030787 
622 1.918356 0.000000 0.091155 101.552699 -9.360022 -0.936205 -0.040144 
623 2.113744 0.000000 0.091155 107.231853 -8.457453 -11.243132 -0.169661 
624 2.016050 0.000000 0.182309 101.097634 -9.542237 -0.161187 -0.031181 
625 2.309132 0.000000 -1.093856 99.728625 -7.189833 -0.000679 0.000251 
626 2.309132 0.000000 -1.458475 99.752760 -7.087089 -0.003261 -0.000084 
627 2.699909 0.000000 -1.093856 99.730323 -7.204123 -0.025853 0.000196 
628 2.113744 0.000000 -0.546928 99.535579 -7.373127 0.084295 0.003830 
629 1.918356 0.000000 -0.546928 99.642870 -7.374618 0.022886 0.001691 
630 2.113744 0.000000 -0.729237 99.706099 -7.329802 0.037464 0.000497 
631 2.309132 0.000000 -0.546928 99.554533 -7.441156 0.021118 0.003352 
632 2.016050 0.000000 -0.273464 100.158022 -5.869804 0.397149 -0.006624 
633 1.918356 0.000000 -0.273464 101.947167 -10.822407 -0.345493 -0.051047 
634 2.016050 0.000000 -0.364619 99.869674 -6.761021 0.228115 -0.001972 
635 2.113744 0.000000 -0.273464 99.573605 -6.109177 1.110367 0.004654 
636 3.090685 0.000000 -0.364619 99.760322 -6.823235 0.322378 0.000122 
637 3.090685 0.000000 -0.729237 99.713630 -7.425284 -0.084983 0.000205 
638 3.481461 0.000000 -0.364619 99.749614 -6.905123 0.575169 0.000200 
639 3.090685 0.000000 0.000000 99.968595 -3.164793 -0.941410 -0.000462 
640 2.504521 0.000000 -0.182309 100.147621 -4.714689 -0.564248 -0.005209 
641 2.504521 0.000000 -0.364619 99.592856 -6.852849 -0.157943 0.003428 
642 2.699909 0.000000 -0.182309 99.941488 -4.561241 -0.047003 -0.000911 
643 2.504521 0.000000 0.000000 101.008864 -3.365494 -0.912074 -0.021495 
644 2.211438 0.000000 -0.091155 88.927133 -7.210069 16.077535 0.178149 
645 2.211438 0.000000 -0.182309 96.429470 -5.521178 2.461234 0.066482 
646 2.309132 0.000000 -0.091155 106.027703 -4.164189 -16.731885 -0.153917 
647 2.211438 0.000000 0.000000 140.575645 -0.233018 -0.147804 -0.976159 
648 2.064897 0.000000 -0.136732 101.384607 -7.842001 -0.123353 -0.034035 
649 2.016050 0.000000 -0.136732 101.241289 -10.115946 -0.461912 -0.035234 
650 2.064897 0.000000 -0.182309 101.263893 -5.001364 1.625852 -0.028203 
651 2.113744 0.000000 -0.136732 103.191909 -6.231989 6.190778 -0.072573 
652 2.064897 0.000000 -0.091155 101.504385 -7.992440 2.619563 -0.037388 
653 3.090685 0.000000 0.364619 99.736053 -7.321545 -0.682095 -0.000135 
654 3.481461 0.000000 0.364619 99.711294 -7.455917 -0.889120 0.000128 
655 3.090685 0.000000 0.729237 99.695128 -7.637781 -0.040883 0.000254 
656 2.504521 0.000000 0.182309 100.160581 -5.338733 -0.194215 -0.006068 
657 2.699909 0.000000 0.182309 99.934753 -5.214493 -0.716430 -0.001466 
658 2.504521 0.000000 0.364619 99.614968 -7.209340 -0.192603 0.002485 
659 2.211438 0.000000 0.091155 89.813040 -7.945603 -16.253734 0.160630 
660 2.309132 0.000000 0.091155 106.290581 -4.652666 15.045021 -0.154569 
661 2.211438 0.000000 0.182309 96.876852 -5.993570 -2.940342 0.057031 
662 2.309132 0.000000 1.093856 99.730689 -7.267046 -0.069687 0.000097 
663 2.699909 0.000000 1.093856 99.714798 -7.311557 -0.037759 0.000350 
664 2.309132 0.000000 1.458475 99.743893 -7.145324 -0.037319 0.000010 
665 2.113744 0.000000 0.546928 99.622170 -7.514592 -0.270110 0.001888 
666 1.918356 0.000000 0.546928 99.678400 -7.495407 -0.211027 0.000799 
667 2.309132 0.000000 0.546928 99.633544 -7.635412 -0.244240 0.001480 
668 2.113744 0.000000 0.729237 99.756585 -7.448363 -0.168381 -0.000688 
669 2.016050 0.000000 0.273464 100.249018 -6.049102 -0.570670 -0.008678 
670 1.918356 0.000000 0.273464 101.112067 -12.683793 -0.301755 -0.038462 
671 2.113744 0.000000 0.273464 99.798585 -6.378018 -1.334542 -0.000222 
672 2.016050 0.000000 0.364619 99.923118 -6.933407 -0.433138 -0.003289 
673 2.064897 0.000000 0.136732 101.144965 -8.151841 0.024351 -0.029676 
674 2.016050 0.000000 0.136732 101.079540 -10.296575 -0.103675 -0.032310 
675 2.064897 0.000000 0.091155 101.597742 -8.104183 -2.733686 -0.039525 
676 2.113744 0.000000 0.136732 104.066544 -6.728918 -6.399596 -0.091608 
677 2.064897 0.000000 0.182309 101.728985 -5.269231 -1.660931 -0.037931 
678 2.211438 0.000000 -0.273464 98.290109 -6.268244 0.826815 0.029908 
679 2.211438 0.000000 -0.364619 99.266391 -6.919557 0.337433 0.009819 
680 2.309132 0.000000 -0.273464 98.612161 -6.173441 -0.410781 0.023736 
681 2.162591 0.000000 -0.136732 98.505312 -6.217827 7.902924 0.019559 
682 2.162591 0.000000 -0.182309 98.582489 -5.677216 3.798698 0.023483 
683 2.211438 0.000000 -0.136732 93.658241 -5.718380 5.658431 0.116342 
684 2.162591 0.000000 -0.091155 98.575704 -7.960517 15.419980 -0.001832 
685 2.064897 0.000000 -0.045577 101.334633 -7.711255 -0.111552 -0.032818 
686 2.016050 0.000000 -0.045577 101.446412 -9.413842 -0.904112 -0.038081 
687 2.113744 0.000000 -0.045577 93.555703 1.239108 4.312717 0.122720 
688 2.064897 0.000000 0.000000 88.497661 1.187572 0.245841 0.216669 
689 2.089321 0.000000 -0.113943 104.805516 -7.081951 5.409977 -0.106362 
690 2.064897 0.000000 -0.113943 102.281041 -7.240109 4.012634 -0.052993 
691 2.089321 0.000000 -0.136732 101.130521 -5.829749 -0.023169 -0.026137 
692 2.113744 0.000000 -0.113943 106.008787 -7.841203 10.953412 -0.141932 
693 2.089321 0.000000 -0.091155 104.683052 -7.110464 5.213976 -0.103629 
694 2.064897 0.000000 0.045577 101.147105 -7.918937 0.011877 -0.029345 
695 2.016050 0.000000 0.045577 101.221178 -9.345746 -0.569316 -0.033339 
696 2.113744 0.000000 0.045577 93.028558 1.274081 -4.051215 0.132765 
697 2.211438 0.000000 0.273464 98.530924 -6.547196 -1.161587 0.024744 
698 2.309132 0.000000 0.273464 98.779472 -6.586302 -0.074333 0.019923 
699 2.211438 0.000000 0.364619 99.409238 -7.185647 -0.632643 0.006577 
700 2.162591 0.000000 0.136732 99.163144 -6.864170 -8.237359 0.005170 
701 2.162591 0.000000 0.091155 99.450695 -8.669255 -15.573816 -0.020814 
702 2.211438 0.000000 0.136732 94.373572 -6.340884 -6.158235 0.101550 
703 2.162591 0.000000 0.182309 99.063022 -6.106728 -4.143886 0.013205 
704 2.089321 0.000000 0.113943 105.754399 -7.519523 -5.496333 -0.127075 
705 2.064897 0.000000 0.113943 102.670851 -7.488348 -4.101577 -0.061420 
706 2.089321 0.000000 0.091155 105.595071 -7.539092 -5.301582 -0.123526 
707 2.113744 0.000000 0.113943 107.294238 -8.450977 -11.099134 -0.170666 
708 2.089321 0.000000 0.136732 101.089488 -6.079189 -0.002761 -0.025604 
709 2.162591 0.000000 -0.045577 111.590698 0.651835 8.313564 -0.252202 
710 2.211438 0.000000 -0.045577 141.220581 -0.146446 11.031237 -1.006496 
711 2.162591 0.000000 0.000000 113.180030 0.547036 0.002733 -0.281002 
712 2.138168 0.000000 -0.113943 102.180292 -8.063644 15.096227 -0.073373 
713 2.138168 0.000000 -0.136732 100.887140 -6.316737 7.704484 -0.027748 
714 2.162591 0.000000 -0.113943 98.575306 -7.209361 11.581600 0.009680 
715 2.138168 0.000000 -0.091155 101.855677 -8.073149 15.048520 -0.066621 
716 2.089321 0.000000 -0.068366 101.130518 -5.835046 -0.023358 -0.026143 
717 2.064897 0.000000 -0.068366 101.228816 -11.591408 -0.385535 -0.038178 
718 2.113744 0.000000 -0.068366 91.217571 1.364384 6.381710 0.163677 
719 2.089321 0.000000 -0.045577 89.145588 1.334121 2.330626 0.204585 
720 2.101533 0.000000 -0.102549 106.622982 -7.512656 7.741518 -0.148483 
721 2.089321 0.000000 -0.102549 105.583033 -7.177846 5.907965 -0.123420 
722 2.101533 0.000000 -0.113943 106.748353 -7.496424 7.350355 -0.150543 
723 2.113744 0.000000 -0.102549 105.920882 -7.864683 11.589236 -0.141540 
724 2.101533 0.000000 -0.091155 106.790526 -7.587122 7.908013 -0.152432 
725 2.162591 0.000000 0.045577 111.260481 0.739831 -8.251167 -0.244752 
726 2.211438 0.000000 0.045577 140.629601 -0.129747 -11.208244 -0.990233 
727 2.089321 0.000000 0.068366 101.089428 -6.084366 -0.002786 -0.025609 
728 2.064897 0.000000 0.068366 100.893191 -11.356255 0.131032 -0.030842 
729 2.089321 0.000000 0.045577 88.500431 1.391225 -1.899904 0.216213 
730 2.113744 0.000000 0.068366 90.469764 1.415574 -6.168858 0.177516 
731 2.138168 0.000000 0.113943 103.207051 -8.739232 -15.263343 -0.096104 
732 2.138168 0.000000 0.091155 102.847938 -8.749961 -15.210569 -0.088562 
733 2.162591 0.000000 0.113943 99.388331 -7.957495 -11.840963 -0.008157 
734 2.138168 0.000000 0.136732 101.584295 -6.890714 -7.978432 -0.043051 
735 2.101533 0.000000 0.102549 107.903310 -8.066284 -7.848486 -0.176979 
736 2.089321 0.000000 0.102549 106.670660 -7.653752 -5.995519 -0.147316 
737 2.101533 0.000000 0.091155 108.091135 -8.146746 -8.018215 -0.181435 
738 2.113744 0.000000 0.102549 107.206390 -8.477342 -11.743131 -0.170298 
739 2.101533 0.000000 0.113943 108.020341 -8.043998 -7.453520 -0.178865 
740 2.138168 0.000000 -0.068366 99.207291 1.092802 9.681956 0.006298 
741 2.162591 0.000000 -0.068366 109.444694 0.755026 12.420442 -0.213298 
742 2.138168 0.000000 -0.045577 101.046937 0.980688 6.482170 -0.025346 
743 2.125956 0.000000 -0.102549 103.274092 -8.004588 14.903382 -0.095172 
744 2.125956 0.000000 -0.113943 103.983408 -7.981301 14.209369 -0.107816 
745 2.138168 0.000000 -0.102549 101.996433 -8.068874 15.069218 -0.069546 
746 2.125956 0.000000 -0.091155 103.864244 -7.986116 14.309939 -0.105633 
747 2.138168 0.000000 0.068366 98.661494 1.151550 -9.564261 0.017311 
748 2.138168 0.000000 0.045577 100.723173 1.035884 -6.341006 -0.018644 
749 2.162591 0.000000 0.068366 108.939891 0.717427 -12.371330 -0.202146 
750 2.125956 0.000000 0.102549 104.404536 -8.686239 -15.081665 -0.120321 
751 2.125956 0.000000 0.091155 105.026764 -8.648068 -14.484148 -0.131520 
752 2.138168 0.000000 0.102549 103.003675 -8.745270 -15.233470 -0.091830 
753 2.125956 0.000000 0.113943 105.154045 -8.641090 -14.383272 -0.133892 
754 2.406827 0.000000 -0.091155 102.393317 -3.871556 -2.657318 -0.050644 
755 2.406827 0.000000 -0.182309 100.045463 -4.816746 -1.559075 -0.003473 
756 2.504521 0.000000 -0.091155 100.697917 -3.548295 -0.911593 -0.015349 
757 2.406827 0.000000 0.000000 104.788215 -3.724968 -0.951318 -0.099535 
758 2.260285 0.000000 -0.136732 91.397439 -5.065307 -1.591146 0.161832 
759 2.260285 0.000000 -0.182309 95.866059 -5.364551 -0.342968 0.078080 
760 2.309132 0.000000 -0.136732 97.649622 -4.675024 -6.076650 0.040577 
761 2.260285 0.000000 -0.091155 73.466752 -6.152779 12.129772 0.441765 
762 2.187015 0.000000 -0.113943 95.460421 -6.720820 11.204311 0.071660 
763 2.187015 0.000000 -0.136732 96.054759 -5.989882 7.270641 0.068474 
764 2.211438 0.000000 -0.113943 90.969371 -6.196957 9.397443 0.159786 
765 2.187015 0.000000 -0.091155 92.724889 -7.557556 16.922688 0.105860 
766 2.150380 0.000000 -0.102549 100.939192 -8.075031 14.913818 -0.047635 
767 2.150380 0.000000 -0.113943 101.316538 -8.086268 14.969494 -0.055451 
768 2.162591 0.000000 -0.102549 98.637935 -7.961682 15.583243 -0.003567 
769 2.150380 0.000000 -0.091155 100.270839 -8.044330 15.098974 -0.034693 
770 2.406827 0.000000 0.091155 102.456406 -4.385928 1.182269 -0.051795 
771 2.504521 0.000000 0.091155 100.711887 -4.117687 -0.533291 -0.016012 
772 2.406827 0.000000 0.182309 100.129715 -5.410664 0.741678 -0.005579 
773 2.260285 0.000000 0.136732 92.099267 -5.632000 0.780515 0.148540 
774 2.260285 0.000000 0.091155 74.826392 -7.063499 -12.369004 0.419813 
775 2.309132 0.000000 0.136732 98.024459 -5.237505 4.999837 0.033878 
776 2.260285 0.000000 0.182309 96.277755 -5.818080 -0.273432 0.069667 
777 2.187015 0.000000 0.113943 96.210058 -7.464223 -11.544937 0.055462 
778 2.187015 0.000000 0.091155 93.585176 -8.297236 -17.097179 0.088066 
779 2.211438 0.000000 0.113943 91.735804 -6.956935 -9.812062 0.143987 
780 2.187015 0.000000 0.136732 96.707636 -6.659830 -7.676898 0.054435 
781 2.150380 0.000000 0.102549 101.854645 -8.761412 -15.064809 -0.067808 
782 2.150380 0.000000 0.091155 101.175399 -8.736584 -15.251283 -0.054539 
783 2.162591 0.000000 0.102549 99.518395 -8.670586 -15.739290 -0.022682 
784 2.150380 0.000000 0.113943 102.251889 -8.767096 -15.123239 -0.076102 
785 2.260285 0.000000 -0.045577 173.134622 -1.871075 0.822681 -1.997978 
786 2.309132 0.000000 -0.045577 129.400538 -3.666254 -13.626384 -0.694362 
787 2.260285 0.000000 0.000000 159.619011 -1.960508 -0.539516 -1.548236 
788 2.187015 0.000000 -0.068366 122.646152 0.382826 15.571967 -0.528471 
789 2.211438 0.000000 -0.068366 141.316015 0.019245 18.545790 -1.031416 
790 2.187015 0.000000 -0.045577 124.981471 0.279139 10.092669 -0.572231 
791 2.174803 0.000000 -0.102549 95.568379 -7.772672 16.432426 0.053625 
792 2.174803 0.000000 -0.113943 97.115201 -6.965155 11.478876 0.038836 
793 2.187015 0.000000 -0.102549 92.746789 -7.562996 16.926748 0.105432 
794 2.174803 0.000000 -0.091155 95.153981 -7.744987 16.561113 0.061146 
795 2.260285 0.000000 0.045577 171.853934 -1.993688 -1.742030 -1.954078 
796 2.309132 0.000000 0.045577 129.187078 -3.875315 11.712143 -0.684149 
797 2.187015 0.000000 0.068366 122.081123 0.421219 -15.526083 -0.514504 
798 2.187015 0.000000 0.045577 124.489994 0.317426 -10.129173 -0.560046 
799 2.211438 0.000000 0.068366 140.510390 0.014637 -18.569626 -1.008800 
800 2.174803 0.000000 0.102549 96.431020 -8.507389 -16.598558 0.035317 
801 2.174803 0.000000 0.091155 96.015737 -8.484500 -16.728909 0.042914 
802 2.187015 0.000000 0.102549 93.607191 -8.307992 -17.101204 0.087622 
803 2.174803 0.000000 0.113943 97.917108 -7.718784 -11.788500 0.021369 
804 2.235862 0.000000 -0.068366 76.776143 -6.414619 12.676490 0.390358 
805 2.235862 0.000000 -0.091155 77.855300 -6.489605 12.854087 0.373121 
806 2.260285 0.000000 -0.068366 72.096139 -6.085529 11.903075 0.462343 
807 2.235862 0.000000 -0.045577 158.284200 -0.791315 9.589050 -1.514646 
808 2.235862 0.000000 -0.113943 87.492174 -5.683770 4.843196 0.228936 
809 2.235862 0.000000 -0.136732 91.747457 -5.406024 2.648290 0.154617 
810 2.260285 0.000000 -0.113943 84.885640 -5.129872 -2.539297 0.276166 
811 2.223650 0.000000 -0.079760 83.043500 -6.819221 14.274845 0.285350 
812 2.211438 0.000000 -0.079760 87.099628 -7.089276 15.497462 0.212323 
813 2.223650 0.000000 -0.091155 83.338694 -6.837377 14.370461 0.280140 
814 2.235862 0.000000 -0.079760 77.724957 -6.481941 12.832638 0.375214 
815 2.223650 0.000000 -0.068366 151.327712 -0.264494 17.042993 -1.319061 
816 2.235862 0.000000 0.068366 78.024257 -7.255742 -12.896938 0.369324 
817 2.235862 0.000000 0.045577 157.413885 -0.842978 -9.987539 -1.487959 
818 2.260285 0.000000 0.068366 73.508253 -7.048315 -12.150260 0.439923 
819 2.235862 0.000000 0.091155 79.060827 -7.328269 -13.067608 0.352492 
820 2.235862 0.000000 0.113943 88.363556 -6.363726 -5.446369 0.212172 
821 2.260285 0.000000 0.113943 85.837864 -5.756222 1.634533 0.259606 
822 2.235862 0.000000 0.136732 92.471986 -6.007186 -3.280448 0.140208 
823 2.223650 0.000000 0.079760 84.076954 -7.618720 -14.466442 0.266374 
824 2.211438 0.000000 0.079760 88.031454 -7.845604 -15.678258 0.194310 
825 2.223650 0.000000 0.068366 150.362861 -0.289950 -17.158996 -1.290351 
826 2.235862 0.000000 0.079760 78.935501 -7.321354 -13.046975 0.354536 
827 2.223650 0.000000 0.091155 84.363481 -7.633825 -14.561148 0.261250 
828 2.357979 0.000000 -0.045577 109.750592 -3.693839 -4.335721 -0.207764 
829 2.357979 0.000000 -0.091155 104.702735 -3.996150 -5.261310 -0.100631 
830 2.406827 0.000000 -0.045577 104.137147 -3.711074 -2.116426 -0.086280 
831 2.357979 0.000000 0.000000 111.726148 -3.683751 -0.954193 -0.249721 
832 2.284709 0.000000 -0.068366 153.142344 -3.647160 -48.374121 -1.580593 
833 2.284709 0.000000 -0.091155 89.612122 -4.443309 -32.739911 0.087802 
834 2.309132 0.000000 -0.068366 119.149002 -3.882234 -19.162514 -0.457876 
835 2.284709 0.000000 -0.045577 157.322358 -3.119261 -16.884621 -1.504514 
836 2.248074 0.000000 -0.079760 75.162731 -6.280378 12.410389 0.415710 
837 2.248074 0.000000 -0.091155 75.434066 -6.303916 12.455076 0.411483 
838 2.260285 0.000000 -0.079760 72.614285 -6.103306 11.988714 0.454619 
839 2.248074 0.000000 -0.068366 74.555780 -6.232540 12.310107 0.425105 
840 2.357979 0.000000 0.045577 109.777519 -3.930361 2.521497 -0.207291 
841 2.406827 0.000000 0.045577 104.175901 -3.936561 0.317598 -0.086822 
842 2.357979 0.000000 0.091155 104.850850 -4.464349 3.748374 -0.102768 
843 2.284709 0.000000 0.068366 152.151826 -3.989149 45.656900 -1.525064 
844 2.284709 0.000000 0.045577 156.474239 -3.277562 15.090634 -1.472266 
845 2.309132 0.000000 0.068366 119.085360 -4.245874 17.245244 -0.449675 
846 2.284709 0.000000 0.091155 90.486227 -5.004219 30.642169 0.084826 
847 2.248074 0.000000 0.079760 76.470643 -7.137383 -12.640746 0.394151 
848 2.248074 0.000000 0.068366 75.883994 -7.102814 -12.543888 0.403382 
849 2.260285 0.000000 0.079760 74.003579 -7.046141 -12.232640 0.432418 
850 2.248074 0.000000 0.091155 76.731129 -7.160884 -12.683657 0.390018 
851 5.044566 0.000000 -0.729237 99.722426 -7.420247 -0.210527 0.000033 
852 5.044566 0.000000 -1.458475 99.745033 -7.103975 -0.057705 0.000046 
853 5.826119 0.000000 -0.729237 99.725141 -7.410900 -0.269094 -0.000010 
854 5.044566 0.000000 0.000000 100.039908 -2.876259 -2.298496 -0.002154 
855 3.872238 0.000000 -0.364619 99.742273 -7.060595 0.833919 0.000093 
856 3.872238 0.000000 -0.729237 99.718110 -7.426926 -0.132132 0.000112 
857 4.263014 0.000000 -0.364619 99.727979 -7.301176 1.110585 -0.000021 
858 3.872238 0.000000 0.000000 100.034605 -2.870102 -1.428311 -0.001720 
859 5.044566 0.000000 0.729237 99.704596 -7.673867 0.137786 0.000009 
860 5.826119 0.000000 0.729237 99.707253 -7.666426 0.220778 -0.000036 
861 5.044566 0.000000 1.458475 99.737901 -7.203941 0.028338 0.000045 
862 4.653790 0.000000 -0.364619 99.702757 -7.683900 1.405467 -0.000166 
863 4.653790 0.000000 -0.729237 99.721241 -7.424777 -0.182761 0.000051 
864 5.044566 0.000000 -0.364619 99.659573 -8.316217 1.678121 -0.000401 
865 4.653790 0.000000 0.000000 100.013098 -3.243443 -1.954325 -0.001696 
866 3.872238 0.000000 0.364619 99.701592 -7.638965 -1.114954 -0.000000 
867 4.263014 0.000000 0.364619 99.685314 -7.915138 -1.362425 -0.000167 
868 3.872238 0.000000 0.729237 99.701026 -7.666273 0.022345 0.000093 
869 4.067626 0.000000 -0.182309 99.939421 -4.259401 1.402762 -0.000800 
870 3.872238 0.000000 -0.182309 99.936218 -4.280198 1.159847 -0.000691 
871 4.067626 0.000000 -0.364619 99.736273 -7.168452 0.970235 0.000035 
872 4.263014 0.000000 -0.182309 99.941289 -4.247934 1.645615 -0.000901 
873 4.067626 0.000000 0.000000 100.027337 -3.000457 -1.633429 -0.001714 
874 3.676849 0.000000 -0.182309 99.931756 -4.310409 0.922674 -0.000579 
875 3.481461 0.000000 -0.182309 99.925958 -4.342086 0.693642 -0.000453 
876 3.676849 0.000000 -0.364619 99.746327 -6.976082 0.702232 0.000151 
877 3.676849 0.000000 0.000000 100.030385 -2.892198 -1.181275 -0.001584 
878 4.653790 0.000000 0.364619 99.656602 -8.342319 -1.622214 -0.000366 
879 5.044566 0.000000 0.364619 99.607646 -9.057816 -1.843840 -0.000713 
880 4.653790 0.000000 0.729237 99.703536 -7.675213 0.097589 0.000029 
881 4.067626 0.000000 0.182309 99.866258 -5.304627 -1.793173 -0.000462 
882 3.872238 0.000000 0.182309 99.864808 -5.299715 -1.627001 -0.000371 
883 4.263014 0.000000 0.182309 99.867279 -5.304805 -1.958450 -0.000545 
884 4.067626 0.000000 0.364619 99.694575 -7.762790 -1.235791 -0.000080 
885 3.969932 0.000000 -0.091155 100.148680 -1.255558 1.010764 -0.003236 
886 3.872238 0.000000 -0.091155 100.115757 -1.710645 0.938911 -0.002697 
887 3.969932 0.000000 -0.182309 99.938045 -4.269134 1.280612 -0.000748 
888 4.067626 0.000000 -0.091155 100.206587 -0.437791 0.275197 -0.004163 
889 3.969932 0.000000 0.000000 100.031836 -2.925707 -1.546101 -0.001732 
890 4.458402 0.000000 -0.182309 99.942375 -4.244703 1.897979 -0.001010 
891 4.458402 0.000000 -0.364619 99.716947 -7.470422 1.257586 -0.000086 
892 4.653790 0.000000 -0.182309 99.942427 -4.254905 2.145157 -0.001119 
893 4.458402 0.000000 0.000000 100.013907 -3.220695 -1.842940 -0.001655 
894 4.165320 0.000000 -0.091155 100.186970 -0.727560 -0.355769 -0.003808 
895 4.165320 0.000000 -0.182309 99.940334 -4.253283 1.521529 -0.000848 
896 4.263014 0.000000 -0.091155 100.187877 -0.722897 -0.378185 -0.003828 
897 4.165320 0.000000 0.000000 100.022920 -3.075069 -1.700649 -0.001693 
898 3.676849 0.000000 0.182309 99.863107 -5.291666 -1.461728 -0.000278 
899 3.481461 0.000000 0.182309 99.860667 -5.275418 -1.292323 -0.000165 
900 3.676849 0.000000 0.364619 99.706741 -7.539105 -0.999256 0.000073 
901 3.969932 0.000000 0.091155 99.970697 -3.800094 -1.171381 -0.000995 
902 3.872238 0.000000 0.091155 99.952214 -4.048455 -1.041866 -0.000792 
903 4.067626 0.000000 0.091155 99.980814 -3.665757 -1.095393 -0.001080 
904 3.969932 0.000000 0.182309 99.865671 -5.302947 -1.710310 -0.000420 
905 4.018779 0.000000 -0.045577 100.070884 -2.372979 -1.698724 -0.002270 
906 3.969932 0.000000 -0.045577 100.059465 -2.530893 -1.609427 -0.002089 
907 4.018779 0.000000 -0.091155 100.182865 -0.772041 0.817663 -0.003787 
908 4.067626 0.000000 -0.045577 100.080257 -2.243953 -1.770416 -0.002423 
909 4.018779 0.000000 0.000000 100.029656 -2.962260 -1.593542 -0.001725 
910 4.458402 0.000000 0.182309 99.868261 -5.303507 -2.117986 -0.000628 
911 4.653790 0.000000 0.182309 99.869729 -5.293636 -2.271791 -0.000715 
912 4.458402 0.000000 0.364619 99.672576 -8.102985 -1.491024 -0.000250 
913 4.360708 0.000000 -0.091155 100.199192 -0.565881 -0.466510 -0.004042 
914 4.360708 0.000000 -0.182309 99.942334 -4.238902 1.772373 -0.000958 
915 4.458402 0.000000 -0.091155 100.206783 -0.463039 -0.560624 -0.004193 
916 4.360708 0.000000 0.000000 100.016457 -3.179244 -1.795768 -0.001662 
917 8.952329 0.000000 -1.458475 99.749617 -7.068315 -0.098256 0.000004 
918 8.952329 0.000000 -2.916949 99.754572 -6.997828 -0.016681 0.000006 
919 10.515434 0.000000 -1.458475 99.750981 -7.050395 -0.107416 0.000002 
920 8.952329 0.000000 0.000000 99.911460 -4.754004 0.476651 -0.000513 
921 6.607671 0.000000 -0.729237 99.728259 -7.367161 -0.326739 -0.000011 
922 6.607671 0.000000 -1.458475 99.747545 -7.091943 -0.077174 0.000013 
923 7.389224 0.000000 -0.729237 99.731919 -7.318096 -0.376807 -0.000015 
924 6.607671 0.000000 0.000000 100.012468 -3.302887 1.626025 -0.001605 
925 5.435343 0.000000 -0.364619 99.583754 -9.408990 1.698296 -0.000834 
926 5.435343 0.000000 -0.729237 99.723536 -7.412125 -0.239317 0.000022 
927 5.826119 0.000000 -0.364619 99.489242 -10.783669 0.638629 -0.001480 
928 5.435343 0.000000 0.000000 100.210904 -0.439388 -3.977386 -0.005824 
929 4.849178 0.000000 -0.182309 99.941045 -4.283401 2.386786 -0.001226 
930 4.849178 0.000000 -0.364619 99.684179 -7.957884 1.550478 -0.000267 
931 5.044566 0.000000 -0.182309 99.938579 -4.325786 2.601202 -0.001320 
932 4.849178 0.000000 0.000000 100.019652 -3.158664 -2.100249 -0.001832 
933 8.952329 0.000000 1.458475 99.742154 -7.175807 0.092662 0.000000 
934 10.515434 0.000000 1.458475 99.743574 -7.156781 0.111314 -0.000001 
935 8.952329 0.000000 2.916949 99.751381 -7.044826 0.012807 0.000003 
936 6.607671 0.000000 0.729237 99.710489 -7.622428 0.302023 -0.000037 
937 7.389224 0.000000 0.729237 99.714458 -7.568596 0.374209 -0.000040 
938 6.607671 0.000000 1.458475 99.740326 -7.197398 0.056550 0.000006 
939 5.435343 0.000000 0.364619 99.522758 -10.280806 -1.699162 -0.001336 
940 5.826119 0.000000 0.364619 99.436514 -11.537614 -0.261902 -0.002081 
941 5.435343 0.000000 0.729237 99.705591 -7.667929 0.179086 -0.000003 
942 5.239954 0.000000 -0.182309 99.922094 -4.566794 2.817650 -0.001322 
943 5.239954 0.000000 -0.364619 99.626716 -8.791550 1.753236 -0.000585 
944 5.435343 0.000000 -0.182309 100.103232 -1.979518 1.579988 -0.002707 
945 5.239954 0.000000 0.000000 100.082311 -2.275271 -2.586643 -0.002834 
946 4.849178 0.000000 0.182309 99.873436 -5.249621 -2.419044 -0.000811 
947 5.044566 0.000000 0.182309 99.879494 -5.170258 -2.639010 -0.000961 
948 4.849178 0.000000 0.364619 99.635608 -8.651327 -1.746783 -0.000515 
949 4.946872 0.000000 -0.091155 100.230620 -0.145948 -0.566091 -0.004652 
950 4.849178 0.000000 -0.091155 100.228404 -0.173836 -0.605013 -0.004613 
951 4.946872 0.000000 -0.182309 99.939688 -4.306547 2.498897 -0.001273 
952 5.044566 0.000000 -0.091155 100.231199 -0.141086 -0.512857 -0.004658 
953 4.946872 0.000000 0.000000 100.027543 -3.049639 -2.192073 -0.001961 
954 6.216895 0.000000 0.364619 99.466350 -11.109709 1.679243 -0.001980 
955 6.216895 0.000000 0.000000 100.025626 -3.114090 2.328354 -0.002024 
956 6.607671 0.000000 0.364619 99.548597 -9.936924 2.538661 -0.001511 
957 6.216895 0.000000 0.729237 99.708800 -7.645278 0.262051 -0.000036 
958 5.630731 0.000000 0.182309 100.085563 -2.236552 1.270114 -0.002374 
959 5.435343 0.000000 0.182309 100.107124 -1.923521 2.042574 -0.002931 
960 5.630731 0.000000 0.000000 100.201255 -0.582193 5.108449 -0.006673 
961 5.826119 0.000000 0.182309 100.074009 -2.420795 1.570307 -0.002313 
962 5.630731 0.000000 0.364619 99.471342 -11.020612 -1.188361 -0.001741 
963 5.239954 0.000000 0.182309 99.948775 -4.184974 -2.981265 -0.001616 
964 5.239954 0.000000 0.364619 99.570373 -9.596721 -1.863286 -0.000983 
965 6.216895 0.000000 -0.364619 99.492464 -10.740555 -1.330752 -0.001588 
966 6.216895 0.000000 -0.729237 99.726880 -7.390721 -0.296624 -0.000016 
967 6.607671 0.000000 -0.364619 99.569378 -9.639130 -2.376727 -0.001262 
968 5.630731 0.000000 -0.182309 100.247784 0.082963 -2.103116 -0.005405 
969 5.630731 0.000000 -0.364619 99.533197 -10.136393 1.372077 -0.001149 
970 5.826119 0.000000 -0.182309 100.206498 -0.526396 -1.930699 -0.004535 
971 5.533037 0.000000 0.091155 99.938128 -4.342682 0.450677 -0.000669 
972 5.435343 0.000000 0.091155 99.939098 -4.326293 0.253752 -0.000660 
973 5.533037 0.000000 0.000000 100.744312 7.185628 -0.731680 -0.020159 
974 5.630731 0.000000 0.091155 99.938556 -4.338759 0.640589 -0.000695 
975 5.533037 0.000000 0.182309 100.084075 -2.255647 1.196483 -0.002334 
976 3.286073 0.000000 -0.182309 99.917582 -4.389673 0.483077 -0.000303 
977 3.090685 0.000000 -0.182309 99.908337 -4.431507 0.290218 -0.000140 
978 3.286073 0.000000 -0.364619 99.754776 -6.861860 0.455768 0.000169 
979 3.286073 0.000000 0.000000 99.997440 -3.117533 -0.970053 -0.001015 
980 2.895297 0.000000 -0.182309 99.905467 -4.525466 0.127767 -0.000160 
981 2.895297 0.000000 -0.364619 99.761328 -6.844962 0.195289 0.000079 
982 2.895297 0.000000 0.000000 99.973364 -3.235143 -0.917550 -0.000598 
983 3.286073 0.000000 0.182309 99.857748 -5.267927 -1.128868 -0.000060 
984 3.090685 0.000000 0.182309 99.862426 -5.234403 -1.001025 -0.000091 
985 3.286073 0.000000 0.364619 99.717639 -7.389223 -0.779025 0.000118 
986 3.188379 0.000000 -0.091155 99.981986 -3.180967 -0.331781 -0.000663 
987 3.090685 0.000000 -0.091155 99.966898 -3.237280 -0.352571 -0.000399 
988 3.188379 0.000000 -0.182309 99.913838 -4.399637 0.377390 -0.000227 
989 3.286073 0.000000 -0.091155 99.999405 -3.117149 -0.302929 -0.000969 
990 3.188379 0.000000 0.000000 99.982663 -3.138954 -0.958614 -0.000730 
991 3.774543 0.000000 -0.091155 100.100373 -1.912408 0.485113 -0.002398 
992 3.676849 0.000000 -0.091155 100.062144 -2.438779 1.177091 -0.001977 
993 3.774543 0.000000 -0.182309 99.934403 -4.293899 1.043304 -0.000641 
994 3.774543 0.000000 0.000000 100.034077 -2.859071 -1.296165 -0.001667 
995 3.774543 0.000000 0.091155 99.795796 -6.267036 -4.002737 -0.001450 
996 3.676849 0.000000 0.091155 99.926486 -4.380298 -1.639692 -0.000718 
997 3.774543 0.000000 0.182309 99.864189 -5.296299 -1.546487 -0.000330 
998 3.823390 0.000000 -0.045577 100.029296 -2.939385 -1.247844 -0.001606 
999 3.774543 0.000000 -0.045577 100.023257 -3.014254 -1.096549 -0.001494 
1000 3.823390 0.000000 -0.091155 100.113357 -1.738058 0.750583 -0.002627 
1001 3.872238 0.000000 -0.045577 100.038592 -2.813458 -1.387603 -0.001756 
1002 3.823390 0.000000 0.000000 100.034941 -2.858259 -1.362202 -0.001701 
1003 4.556096 0.000000 -0.091155 100.213357 -0.374818 -0.609753 -0.004323 
1004 4.556096 0.000000 -0.182309 99.942551 -4.247925 2.021994 -0.001065 
1005 4.653790 0.000000 -0.091155 100.219505 -0.292217 -0.628263 -0.004443 
1006 4.556096 0.000000 0.000000 100.012844 -3.241800 -1.895504 -0.001667 
1007 4.751484 0.000000 -0.091155 100.224650 -0.223314 -0.626338 -0.004542 
1008 4.751484 0.000000 -0.182309 99.941957 -4.266207 2.267337 -0.001174 
1009 4.751484 0.000000 0.000000 100.015141 -3.218950 -2.021730 -0.001748 
1010 5.142260 0.000000 -0.091155 100.230041 -0.160064 -0.449426 -0.004629 
1011 5.142260 0.000000 -0.182309 99.937335 -4.345962 2.729609 -0.001381 
1012 5.239954 0.000000 -0.091155 100.227164 -0.204111 -0.379890 -0.004567 
1013 5.142260 0.000000 0.000000 100.057838 -2.622288 -2.422130 -0.002431 
1014 5.337648 0.000000 -0.091155 100.222580 -0.272297 -0.308879 -0.004474 
1015 5.337648 0.000000 -0.182309 99.928401 -4.479202 1.931135 -0.000948 
1016 5.435343 0.000000 -0.091155 100.216263 -0.362984 -0.240526 -0.004349 
1017 5.337648 0.000000 0.000000 100.117639 -1.772731 -2.926792 -0.003525 
1018 6.021507 0.000000 -0.182309 100.183022 -0.863681 -2.078994 -0.004171 
1019 6.021507 0.000000 -0.364619 99.473782 -11.006341 -0.386815 -0.001632 
1020 6.216895 0.000000 -0.182309 100.157410 -1.230294 -2.201070 -0.003787 
1021 6.021507 0.000000 0.000000 100.029148 -3.064008 2.852541 -0.002336 
1022 8.170776 0.000000 -0.729237 99.736278 -7.257779 -0.413851 -0.000017 
1023 8.170776 0.000000 -1.458475 99.748940 -7.076768 -0.092169 0.000006 
1024 8.952329 0.000000 -0.729237 99.740956 -7.192153 -0.435254 -0.000017 
1025 8.170776 0.000000 0.000000 99.943464 -4.295079 0.646838 -0.000756 
1026 6.998448 0.000000 -0.364619 99.641826 -8.605169 -2.617187 -0.000939 
1027 6.998448 0.000000 -0.729237 99.729983 -7.344415 -0.353129 -0.000013 
1028 7.389224 0.000000 -0.364619 99.693799 -7.863309 -2.499289 -0.000693 
1029 6.998448 0.000000 0.000000 99.996145 -3.538397 1.216437 -0.001323 
1030 6.412283 0.000000 -0.182309 100.129654 -1.625877 -2.286922 -0.003382 
1031 6.412283 0.000000 -0.364619 99.528798 -10.218360 -1.989431 -0.001435 
1032 6.607671 0.000000 -0.182309 100.101014 -2.036544 -2.321105 -0.002975 
1033 6.412283 0.000000 0.000000 100.019750 -3.197659 1.926263 -0.001789 
1034 5.826119 0.000000 -4.375424 99.755407 -6.982990 -0.003982 0.000010 
1035 5.826119 0.000000 -5.833899 99.755970 -6.977570 -0.001834 0.000006 
1036 7.389224 0.000000 -4.375424 99.755584 -6.982527 -0.004808 0.000007 
1037 6.607671 0.000000 -2.187712 99.752258 -7.025521 -0.027850 0.000013 
1038 5.826119 0.000000 -2.187712 99.751887 -7.027167 -0.024778 0.000018 
1039 6.607671 0.000000 -2.916949 99.754105 -7.000284 -0.013083 0.000011 
1040 7.389224 0.000000 -2.187712 99.752567 -7.023554 -0.030676 0.000009 
1041 6.216895 0.000000 -1.093856 99.741024 -7.178923 -0.141515 0.000017 
1042 5.826119 0.000000 -1.093856 99.740316 -7.194968 -0.131096 0.000008 
1043 6.216895 0.000000 -1.458475 99.747155 -7.095286 -0.072878 0.000016 
1044 6.607671 0.000000 -1.093856 99.742021 -7.170599 -0.149098 0.000009 
1045 6.412283 0.000000 -0.546928 99.702505 -7.734185 -0.491600 -0.000065 
1046 6.216895 0.000000 -0.546928 99.701308 -7.755154 -0.438576 -0.000069 
1047 6.412283 0.000000 -0.729237 99.727464 -7.377286 -0.312878 -0.000009 
1048 6.607671 0.000000 -0.546928 99.704194 -7.711126 -0.540727 -0.000068 
1049 6.314589 0.000000 -0.273464 100.046078 -2.819297 1.339654 -0.001896 
1050 6.216895 0.000000 -0.273464 99.985849 -3.684003 1.407973 -0.001272 
1051 6.314589 0.000000 -0.364619 99.509358 -10.494577 -1.699764 -0.001514 
1052 6.412283 0.000000 -0.273464 100.413572 2.434340 1.577786 -0.009130 
1053 6.314589 0.000000 -0.182309 100.143693 -1.423922 -2.251894 -0.003586 
1054 6.021507 0.000000 -0.546928 99.700137 -7.769545 -0.388502 -0.000063 
1055 5.826119 0.000000 -0.546928 99.699734 -7.773793 -0.337146 -0.000058 
1056 6.021507 0.000000 -0.729237 99.725793 -7.402981 -0.283782 -0.000012 
1057 5.923813 0.000000 -0.273464 99.946675 -4.242555 2.775030 -0.001504 
1058 5.826119 0.000000 -0.273464 99.932909 -4.438584 3.022427 -0.001542 
1059 5.923813 0.000000 -0.364619 99.476866 -10.961486 0.140591 -0.001582 
1060 6.021507 0.000000 -0.273464 99.958754 -4.070576 2.422679 -0.001419 
1061 5.923813 0.000000 -0.182309 100.195146 -0.689549 -2.007992 -0.004357 
1062 2.895297 0.000000 0.182309 99.877839 -5.251032 -0.878303 -0.000393 
1063 2.895297 0.000000 0.364619 99.751366 -7.308995 -0.576861 -0.000409 
1064 3.188379 0.000000 0.091155 99.924971 -4.102728 -1.305999 -0.000354 
1065 3.090685 0.000000 0.091155 99.919631 -4.072336 -1.238671 -0.000205 
1066 3.286073 0.000000 0.091155 99.927837 -4.164380 -1.390585 -0.000485 
1067 3.188379 0.000000 0.182309 99.860845 -5.244359 -1.062691 -0.000082 
1068 6.021507 0.000000 0.182309 100.059906 -2.624136 1.889928 -0.002244 
1069 6.216895 0.000000 0.182309 100.041166 -2.891025 2.172389 -0.002131 
1070 6.021507 0.000000 0.364619 99.436851 -11.534397 0.815133 -0.002139 
1071 8.170776 0.000000 0.729237 99.719307 -7.500995 0.431183 -0.000039 
1072 8.952329 0.000000 0.729237 99.724616 -7.426225 0.470174 -0.000037 
1073 8.170776 0.000000 1.458475 99.741502 -7.184145 0.081640 0.000001 
1074 6.998448 0.000000 0.364619 99.618430 -8.940244 2.695960 -0.001103 
1075 7.389224 0.000000 0.364619 99.667388 -8.241407 2.565348 -0.000809 
1076 6.998448 0.000000 0.729237 99.712342 -7.597658 0.339732 -0.000039 
1077 6.412283 0.000000 0.182309 100.020228 -3.190973 2.377980 -0.001988 
1078 6.607671 0.000000 0.182309 99.998520 -3.502483 2.508354 -0.001826 
1079 6.412283 0.000000 0.364619 99.507315 -10.526242 2.230972 -0.001748 
1080 5.826119 0.000000 4.375424 99.753974 -7.009028 0.000252 0.000002 
1081 7.389224 0.000000 4.375424 99.753823 -7.010617 0.001895 0.000003 
1082 5.826119 0.000000 5.833899 99.755039 -6.995599 -0.000245 -0.000001 
1083 6.607671 0.000000 2.187712 99.748029 -7.089059 0.016452 0.000008 
1084 5.826119 0.000000 2.187712 99.748370 -7.089478 0.010515 0.000000 
1085 7.389224 0.000000 2.187712 99.748180 -7.088239 0.021281 0.000006 
1086 6.607671 0.000000 2.916949 99.751231 -7.045023 0.006092 0.000006 
1087 6.216895 0.000000 1.093856 99.731057 -7.330708 0.107107 -0.000003 
1088 5.826119 0.000000 1.093856 99.729881 -7.343806 0.094097 0.000001 
1089 6.607671 0.000000 1.093856 99.731461 -7.323309 0.121584 -0.000001 
1090 6.216895 0.000000 1.458475 99.740035 -7.199803 0.049690 0.000009 
1091 6.021507 0.000000 0.546928 99.674661 -8.133683 0.366538 -0.000133 
1092 5.826119 0.000000 0.546928 99.674019 -8.141342 0.304246 -0.000128 
1093 6.216895 0.000000 0.546928 99.675696 -8.115003 0.430376 -0.000128 
1094 6.021507 0.000000 0.729237 99.708045 -7.656025 0.241107 -0.000037 
1095 6.119201 0.000000 0.273464 99.949236 -4.206074 -1.401926 -0.000951 
1096 6.021507 0.000000 0.273464 99.932551 -4.445184 -1.928912 -0.001000 
1097 6.119201 0.000000 0.182309 100.051030 -2.750425 2.038450 -0.002193 
1098 6.216895 0.000000 0.273464 99.992646 -3.583570 -1.358688 -0.001322 
1099 6.119201 0.000000 0.364619 99.449281 -11.356241 1.285099 -0.002078 
1100 5.923813 0.000000 0.273464 99.919370 -4.632907 -2.412858 -0.001117 
1101 5.826119 0.000000 0.273464 99.905480 -4.830707 -2.770344 -0.001212 
1102 5.923813 0.000000 0.182309 100.067623 -2.513017 1.729455 -0.002284 
1103 5.923813 0.000000 0.364619 99.431983 -11.603255 0.285120 -0.002144 
1104 -8.241827 0.000000 -8.750848 99.756397 -6.975291 -0.000081 0.000001 
1105 -11.368037 0.000000 -8.750848 99.756408 -6.975384 -0.000057 0.000000 
1106 -8.241827 0.000000 -11.667797 99.756412 -6.975177 -0.000070 0.000001 
1107 10.515434 0.000000 -8.750848 99.756403 -6.974145 -0.000876 0.000002 
1108 10.515434 0.000000 -11.667797 99.756461 -6.973760 -0.000387 0.000002 
1109 13.641644 0.000000 -8.750848 99.756456 -6.973869 -0.000978 0.000001 
1110 -8.241827 0.000000 8.750848 99.756414 -6.976695 -0.000076 -0.000002 
1111 -11.368037 0.000000 8.750848 99.756406 -6.976323 -0.000058 -0.000001 
1112 -8.241827 0.000000 11.667797 99.756403 -6.976739 -0.000077 -0.000001 
1113 -3.552511 0.000000 -4.375424 99.756165 -6.975812 -0.000328 0.000005 
1114 -5.115617 0.000000 -4.375424 99.756271 -6.975661 -0.000181 0.000003 
1115 -3.552511 0.000000 -5.833899 99.756276 -6.975497 -0.000271 0.000003 
1116 10.515434 0.000000 8.750848 99.755572 -6.987431 0.000459 0.000000 
1117 13.641644 0.000000 8.750848 99.755529 -6.987922 0.000950 0.000000 
1118 10.515434 0.000000 11.667797 99.755898 -6.983084 0.000141 -0.000000 
1119 -3.552511 0.000000 4.375424 99.756501 -6.978192 -0.000065 -0.000005 
1120 -5.115617 0.000000 4.375424 99.756434 -6.977277 -0.000065 -0.000003 
1121 -3.552511 0.000000 5.833899 99.756516 -6.978188 -0.000127 -0.000006 
1122 -1.207854 0.000000 -2.187712 99.757449 -6.970447 -0.005610 -0.000014 
1123 -1.989406 0.000000 -2.187712 99.756391 -6.977180 -0.003261 -0.000002 
1124 -1.207854 0.000000 -2.916949 99.759496 -6.974962 -0.006456 -0.000061 
1125 3.481461 0.000000 -2.187712 99.750652 -7.021912 -0.010890 0.000050 
1126 3.481461 0.000000 -2.916949 99.754211 -7.000627 -0.004730 0.000009 
1127 4.263014 0.000000 -2.187712 99.750473 -7.029909 -0.016071 0.000042 
1128 -1.207854 0.000000 2.187712 99.763172 -6.980475 0.008155 -0.000142 
1129 -1.989406 0.000000 2.187712 99.756467 -6.975391 0.001052 -0.000001 
1130 -1.207854 0.000000 2.916949 99.760493 -6.977467 0.004759 -0.000084 
1131 -0.817078 0.000000 -1.093856 99.743598 -6.985914 -0.004936 0.000241 
1132 -1.207854 0.000000 -1.093856 99.747313 -6.987023 0.005159 0.000166 
1133 -0.817078 0.000000 -1.458475 99.755483 -6.985787 -0.013167 0.000004 
1134 3.481461 0.000000 2.187712 99.747155 -7.084383 -0.006669 0.000032 
1135 4.263014 0.000000 2.187712 99.746302 -7.085066 0.000490 0.000048 
1136 3.481461 0.000000 2.916949 99.751593 -7.033613 -0.004589 0.000015 
1137 -0.230913 0.000000 -0.546928 99.644416 -7.025164 0.042482 0.002164 
1138 -0.426301 0.000000 -0.546928 99.720339 -7.006846 0.037424 0.000676 
1139 -0.230913 0.000000 -0.729237 99.670363 -7.028487 -0.004391 0.001642 
1140 0.941416 0.000000 -0.546928 99.740549 -7.250377 -0.023494 -0.000075 
1141 0.941416 0.000000 -0.729237 99.740638 -7.137093 -0.021892 0.000087 
1142 -0.817078 0.000000 1.093856 99.747006 -6.988534 0.004723 0.000170 
1143 -1.207854 0.000000 1.093856 99.751899 -6.990515 0.000866 0.000069 
1144 -0.817078 0.000000 1.458475 99.757968 -6.988153 0.012458 -0.000049 
1145 -0.230913 0.000000 0.546928 99.658247 -7.036545 -0.037320 0.001872 
1146 -0.426301 0.000000 0.546928 99.733965 -7.015937 -0.022995 0.000391 
1147 -0.230913 0.000000 0.729237 99.693036 -7.028956 0.015397 0.001189 
1148 -0.133219 0.000000 -0.273464 99.684033 -7.179619 0.562676 0.001123 
1149 -0.230913 0.000000 -0.273464 99.821085 -7.003330 0.430480 -0.001348 
1150 -0.133219 0.000000 -0.364619 99.450429 -7.098423 0.247499 0.005916 
1151 0.941416 0.000000 0.546928 99.861356 -7.276854 -0.032049 -0.002524 
1152 0.941416 0.000000 0.729237 99.803844 -7.158518 -0.034273 -0.001205 
1153 -0.133219 0.000000 0.273464 99.674072 -7.222720 -0.585711 0.001257 
1154 -0.230913 0.000000 0.273464 99.820149 -6.968620 -0.430720 -0.001281 
1155 -0.133219 0.000000 0.364619 99.460480 -7.098290 -0.245838 0.005717 
1156 0.037745 0.000000 -0.113943 88.574015 -8.848694 -1.767654 0.207322 
1157 0.013322 0.000000 -0.113943 87.786387 -8.439680 4.422185 0.220277 
1158 0.037745 0.000000 -0.136732 92.699571 -8.285454 -0.785766 0.133752 
1159 0.648333 0.000000 -0.273464 101.413432 -11.230824 0.002780 -0.041082 
1160 0.648333 0.000000 -0.364619 99.802253 -7.554253 0.099893 -0.001757 
1161 0.746027 0.000000 -0.273464 102.462413 -10.336134 0.008365 -0.060538 
1162 0.648333 0.000000 0.273464 101.357441 -11.220176 0.007415 -0.039922 
1163 0.746027 0.000000 0.273464 102.331492 -10.349313 0.033260 -0.057884 
1164 0.648333 0.000000 0.364619 99.851034 -7.573049 -0.119689 -0.002759 
1165 0.037745 0.000000 0.113943 88.513403 -8.867215 1.763758 0.208364 
1166 0.013322 0.000000 0.113943 87.733784 -8.462108 -4.441946 0.221144 
1167 0.037745 0.000000 0.136732 92.654208 -8.303212 0.787594 0.134563 
1168 0.098804 0.000000 -0.079760 92.500910 -12.483952 -15.409682 0.105027 
1169 0.098804 0.000000 -0.091155 92.616228 -12.575917 -15.490616 0.102412 
1170 0.098804 0.000000 -0.068366 92.492961 -12.474404 -15.401948 0.105222 
1171 0.098804 0.000000 0.079760 92.438233 -12.443133 15.399840 0.106319 
1172 0.098804 0.000000 0.068366 92.431738 -12.430094 15.392288 0.106494 
1173 0.098804 0.000000 0.091155 92.534369 -12.586693 15.478532 0.103938 
1174 0.233134 0.000000 -0.068366 87.520201 -0.096196 -6.457432 0.229851 
1175 0.233134 0.000000 -0.045577 88.990022 -0.079977 -4.850724 0.205724 
1176 0.184287 0.000000 -0.113943 99.784807 -11.181429 -9.794196 -0.017796 
1177 0.184287 0.000000 -0.136732 99.303911 -9.898011 -7.642450 -0.001764 
1178 0.233134 0.000000 0.068366 87.559370 -0.080284 6.472428 0.229146 
1179 0.233134 0.000000 0.045577 89.006457 -0.074278 4.884540 0.205399 
1180 0.184287 0.000000 0.113943 99.745888 -11.154305 9.808436 -0.016987 
1181 0.184287 0.000000 0.136732 99.304277 -9.846358 7.644448 -0.001673 
1182 0.501792 0.000000 -0.045577 100.350255 -8.072871 -0.008348 -0.013535 
1183 0.550639 0.000000 -0.045577 101.374991 -6.783582 -0.013087 -0.032291 
1184 0.501792 0.000000 0.000000 101.367562 -6.560292 -0.012940 -0.031842 
1185 0.501792 0.000000 0.045577 100.336910 -8.068488 -0.009008 -0.013260 
1186 0.550639 0.000000 0.045577 101.362229 -6.782586 -0.010443 -0.032031 
1187 0.428522 0.000000 -0.068366 99.136854 -10.893895 0.002447 0.005321 
1188 0.452945 0.000000 -0.068366 99.274582 -9.392127 -0.002457 0.005635 
1189 0.428522 0.000000 -0.045577 99.086202 -11.130474 0.002497 0.005804 
1190 0.367463 0.000000 -0.102549 105.135782 -12.655221 -3.263506 -0.122434 
1191 0.367463 0.000000 -0.113943 105.167265 -12.664405 -2.771580 -0.122822 
1192 0.367463 0.000000 -0.091155 105.445685 -12.658609 -3.012769 -0.128811 
1193 0.428522 0.000000 0.068366 99.100482 -10.883135 0.001080 0.006065 
1194 0.428522 0.000000 0.045577 99.052686 -11.118591 -0.000316 0.006494 
1195 0.452945 0.000000 0.068366 99.235049 -9.383807 -0.001165 0.006435 
1196 0.367463 0.000000 0.102549 105.219216 -12.652324 3.264952 -0.124182 
1197 0.367463 0.000000 0.091155 105.532027 -12.652961 3.013666 -0.130619 
1198 0.367463 0.000000 0.113943 105.247673 -12.651575 2.772383 -0.124482 
1199 1.722968 0.000000 -0.546928 99.790979 -7.413752 -0.040586 -0.001320 
1200 1.722968 0.000000 -0.729237 99.707055 -7.284463 -0.029809 0.000544 
1201 1.722968 0.000000 0.546928 99.810067 -7.486607 -0.191125 -0.001814 
1202 1.722968 0.000000 0.729237 99.731408 -7.359532 -0.108962 -0.000053 
1203 1.429886 0.000000 -0.273464 101.113224 -11.923415 -0.298476 -0.036614 
1204 1.429886 0.000000 -0.364619 99.770704 -7.729286 -0.112841 -0.001395 
1205 1.527580 0.000000 -0.273464 101.586009 -13.009307 -0.305057 -0.048905 
1206 1.429886 0.000000 0.273464 100.968783 -12.358584 -0.102199 -0.034744 
1207 1.527580 0.000000 0.273464 101.319127 -13.641532 -0.136664 -0.045168 
1208 1.429886 0.000000 0.364619 99.899846 -7.795856 -0.413937 -0.004093 
1209 8.952329 0.000000 -4.375424 99.755719 -6.982004 -0.005524 0.000005 
1210 8.952329 0.000000 -5.833899 99.756114 -6.977000 -0.002496 0.000004 
1211 10.515434 0.000000 -4.375424 99.755826 -6.981471 -0.006160 0.000003 
1212 5.044566 0.000000 -2.187712 99.751087 -7.028206 -0.020418 0.000032 
1213 5.044566 0.000000 -2.916949 99.755116 -7.008444 -0.008100 -0.000020 
1214 3.090685 0.000000 -1.093856 99.730476 -7.208585 -0.048869 0.000187 
1215 3.090685 0.000000 -1.458475 99.741382 -7.106688 -0.023431 0.000115 
1216 3.481461 0.000000 -1.093856 99.734216 -7.211214 -0.060331 0.000108 
1217 3.872238 0.000000 -1.093856 99.734557 -7.210264 -0.076508 0.000102 
1218 3.872238 0.000000 -1.458475 99.742188 -7.110206 -0.041792 0.000094 
1219 4.263014 0.000000 -1.093856 99.735945 -7.207611 -0.088416 0.000078 
1220 2.504521 0.000000 -0.546928 99.616596 -7.495553 -0.072075 0.002035 
1221 2.504521 0.000000 -0.729237 99.644612 -7.414457 -0.062002 0.001597 
1222 2.699909 0.000000 -0.546928 99.677333 -7.488206 -0.076702 0.000835 
1223 8.952329 0.000000 4.375424 99.753798 -7.011277 0.003452 0.000002 
1224 10.515434 0.000000 4.375424 99.753811 -7.011443 0.004942 0.000002 
1225 8.952329 0.000000 5.833899 99.754797 -6.997815 0.001231 0.000001 
1226 5.044566 0.000000 2.187712 99.746921 -7.087550 0.006126 0.000032 
1227 5.044566 0.000000 2.916949 99.751441 -7.044784 0.000739 0.000002 
1228 3.090685 0.000000 1.093856 99.719983 -7.331775 -0.017388 0.000217 
1229 3.481461 0.000000 1.093856 99.724082 -7.342204 -0.002133 0.000120 
1230 3.090685 0.000000 1.458475 99.735693 -7.187051 -0.016219 0.000114 
1231 2.504521 0.000000 0.546928 99.649465 -7.744272 -0.167594 0.000998 
1232 2.699909 0.000000 0.546928 99.696564 -7.770262 -0.171900 0.000019 
1233 2.504521 0.000000 0.729237 99.681584 -7.575060 -0.100121 0.000619 
1234 2.895297 0.000000 -0.546928 99.697902 -7.474018 -0.054098 0.000446 
1235 2.895297 0.000000 -0.729237 99.700103 -7.414142 -0.086607 0.000491 
1236 3.090685 0.000000 -0.546928 99.708308 -7.484330 -0.033231 0.000224 
1237 3.286073 0.000000 -0.546928 99.709853 -7.507851 -0.019420 0.000158 
1238 3.286073 0.000000 -0.729237 99.715344 -7.422006 -0.096732 0.000175 
1239 3.481461 0.000000 -0.546928 99.707791 -7.526161 -0.020528 0.000171 
1240 2.406827 0.000000 -0.273464 99.545941 -6.070599 -0.520701 0.005348 
1241 2.406827 0.000000 -0.364619 99.393106 -6.905736 -0.249543 0.007326 
1242 2.504521 0.000000 -0.273464 99.761068 -5.985883 -0.336363 0.001179 
1243 2.895297 0.000000 0.546928 99.697041 -7.764708 -0.178857 0.000018 
1244 3.090685 0.000000 0.546928 99.687224 -7.816221 -0.171920 0.000133 
1245 2.895297 0.000000 0.729237 99.701273 -7.610292 -0.064578 0.000174 
1246 2.406827 0.000000 0.273464 99.633932 -6.507286 0.001528 0.003073 
1247 2.504521 0.000000 0.273464 99.804398 -6.465653 -0.186305 -0.000276 
1248 2.406827 0.000000 0.364619 99.466971 -7.270575 -0.131431 0.005344 
1249 2.357979 0.000000 -0.136732 100.821031 -4.490226 -3.838613 -0.019978 
1250 2.357979 0.000000 -0.182309 99.421920 -5.036095 -2.254222 0.008484 
1251 2.406827 0.000000 -0.136732 100.945733 -4.280805 -2.250105 -0.021343 
1252 2.284709 0.000000 -0.113943 91.188708 -4.637958 -11.512144 0.153058 
1253 2.284709 0.000000 -0.136732 94.049794 -4.836090 -5.380798 0.110230 
1254 2.309132 0.000000 -0.113943 99.545892 -4.415716 -10.390238 -0.003684 
1255 2.357979 0.000000 0.136732 100.980998 -5.092048 2.743874 -0.023062 
1256 2.406827 0.000000 0.136732 101.014480 -4.901503 1.183704 -0.022935 
1257 2.357979 0.000000 0.182309 99.562920 -5.580517 1.458138 0.005396 
1258 2.284709 0.000000 0.113943 91.900775 -5.227921 10.217886 0.142251 
1259 2.309132 0.000000 0.113943 99.967625 -4.933865 9.066002 -0.010006 
1260 2.284709 0.000000 0.136732 94.621337 -5.355918 4.414083 0.099863 
1261 4.653790 0.000000 -1.093856 99.737252 -7.202126 -0.099804 0.000060 
1262 4.653790 0.000000 -1.458475 99.744282 -7.105121 -0.052088 0.000059 
1263 5.044566 0.000000 -1.093856 99.738139 -7.197026 -0.110783 0.000049 
1264 5.435343 0.000000 -1.093856 99.739166 -7.191743 -0.120976 0.000036 
1265 5.435343 0.000000 -1.458475 99.745770 -7.100871 -0.062733 0.000036 
1266 3.676849 0.000000 -0.546928 99.707327 -7.547930 -0.022323 0.000148 
1267 3.676849 0.000000 -0.729237 99.717810 -7.425378 -0.117110 0.000121 
1268 3.872238 0.000000 -0.546928 99.707365 -7.572858 -0.028114 0.000109 
1269 4.067626 0.000000 -0.546928 99.706207 -7.594026 -0.039589 0.000100 
1270 4.067626 0.000000 -0.729237 99.718537 -7.426705 -0.145360 0.000104 
1271 4.263014 0.000000 -0.546928 99.705881 -7.619976 -0.052770 0.000067 
1272 5.435343 0.000000 1.093856 99.728688 -7.340386 0.079668 0.000030 
1273 5.044566 0.000000 1.093856 99.727766 -7.343502 0.064864 0.000044 
1274 5.435343 0.000000 1.458475 99.738551 -7.202721 0.035609 0.000034 
1275 4.653790 0.000000 1.093856 99.726923 -7.346065 0.049436 0.000057 
1276 4.263014 0.000000 1.093856 99.725698 -7.347972 0.033766 0.000079 
1277 4.653790 0.000000 1.458475 99.737214 -7.202877 0.020660 0.000061 
1278 4.458402 0.000000 -0.546928 99.704759 -7.648053 -0.070242 0.000046 
1279 4.458402 0.000000 -0.729237 99.720546 -7.426242 -0.169420 0.000063 
1280 4.653790 0.000000 -0.546928 99.703632 -7.673706 -0.094133 0.000029 
1281 4.849178 0.000000 -0.546928 99.702487 -7.697878 -0.123190 0.000014 
1282 4.849178 0.000000 -0.729237 99.721865 -7.422426 -0.196508 0.000042 
1283 5.044566 0.000000 -0.546928 99.701375 -7.719593 -0.157445 0.000002 
1284 4.165320 0.000000 0.091155 99.981076 -3.675541 -1.053996 -0.001084 
1285 4.263014 0.000000 0.091155 99.981043 -3.683995 -1.049842 -0.001088 
1286 4.165320 0.000000 0.182309 99.867108 -5.307939 -1.879954 -0.000515 
1287 3.921085 0.000000 -0.045577 100.048753 -2.679019 -1.498710 -0.001918 
1288 3.921085 0.000000 -0.091155 100.125814 -1.577587 1.008026 -0.002868 
1289 3.921085 0.000000 0.000000 100.033558 -2.895965 -1.490518 -0.001732 
1290 4.360708 0.000000 0.091155 99.981171 -3.684456 -1.027967 -0.001087 
1291 4.458402 0.000000 0.091155 99.979664 -3.710232 -0.989854 -0.001068 
1292 4.360708 0.000000 0.182309 99.868232 -5.300490 -2.039671 -0.000592 
1293 4.556096 0.000000 0.091155 99.977597 -3.745629 -0.938443 -0.001043 
1294 4.653790 0.000000 0.091155 99.974517 -3.795038 -0.873607 -0.001007 
1295 4.556096 0.000000 0.182309 99.868920 -5.299933 -2.196067 -0.000671 
1296 8.170776 0.000000 -2.187712 99.752809 -7.021705 -0.033379 0.000007 
1297 8.170776 0.000000 -2.916949 99.754441 -6.998698 -0.015549 0.000007 
1298 8.952329 0.000000 -2.187712 99.753063 -7.019167 -0.035756 0.000006 
1299 6.998448 0.000000 -1.093856 99.742696 -7.162692 -0.157287 0.000007 
1300 6.998448 0.000000 -1.458475 99.747900 -7.088461 -0.081279 0.000010 
1301 7.389224 0.000000 -1.093856 99.743397 -7.153991 -0.164780 0.000005 
1302 5.239954 0.000000 -0.546928 99.700380 -7.737951 -0.196723 -0.000008 
1303 5.239954 0.000000 -0.729237 99.722916 -7.415931 -0.224851 0.000029 
1304 5.435343 0.000000 -0.546928 99.699682 -7.752075 -0.240120 -0.000018 
1305 5.630731 0.000000 -0.546928 99.699358 -7.760926 -0.287045 -0.000028 
1306 5.630731 0.000000 -0.729237 99.724166 -7.407104 -0.254017 0.000016 
1307 8.170776 0.000000 2.187712 99.748349 -7.086874 0.025892 0.000004 
1308 8.952329 0.000000 2.187712 99.748528 -7.085116 0.030304 0.000003 
1309 8.170776 0.000000 2.916949 99.751317 -7.045170 0.010642 0.000004 
1310 6.998448 0.000000 1.093856 99.732079 -7.315935 0.134686 -0.000003 
1311 7.389224 0.000000 1.093856 99.732747 -7.307482 0.147064 -0.000004 
1312 6.998448 0.000000 1.458475 99.740606 -7.194613 0.063150 0.000005 
1313 5.630731 0.000000 0.546928 99.673362 -8.132143 0.243189 -0.000097 
1314 5.435343 0.000000 0.546928 99.673529 -8.125404 0.184192 -0.000087 
1315 5.630731 0.000000 0.729237 99.706197 -7.663393 0.200009 -0.000009 
1316 5.239954 0.000000 0.546928 99.674123 -8.112584 0.128494 -0.000076 
1317 5.044566 0.000000 0.546928 99.675059 -8.094695 0.076571 -0.000065 
1318 5.239954 0.000000 0.729237 99.705021 -7.670905 0.158429 0.000004 
1319 4.751484 0.000000 0.091155 99.970539 -3.856682 -0.793910 -0.000961 
1320 4.849178 0.000000 0.091155 99.965839 -3.928130 -0.698476 -0.000909 
1321 4.751484 0.000000 0.182309 99.871016 -5.279994 -2.344178 -0.000759 
1322 4.946872 0.000000 0.091155 99.960654 -4.006110 -0.585389 -0.000852 
1323 5.044566 0.000000 0.091155 99.955270 -4.086564 -0.452879 -0.000796 
1324 4.946872 0.000000 0.182309 99.877034 -5.201988 -2.517974 -0.000882 
1325 6.412283 0.000000 0.546928 99.677641 -8.090727 0.489100 -0.000133 
1326 6.607671 0.000000 0.546928 99.679646 -8.063066 0.547206 -0.000134 
1327 6.412283 0.000000 0.729237 99.709655 -7.633264 0.282296 -0.000036 
1328 5.142260 0.000000 0.091155 99.950017 -4.164185 -0.300210 -0.000744 
1329 5.239954 0.000000 0.091155 99.945336 -4.234042 -0.128784 -0.000701 
1330 5.142260 0.000000 0.182309 99.887612 -5.056706 -2.669205 -0.001023 
1331 5.337648 0.000000 0.091155 99.941629 -4.289698 0.057966 -0.000673 
1332 5.337648 0.000000 0.182309 100.343216 1.452899 -3.997562 -0.008685 
1333 5.533037 0.000000 -0.091155 100.208596 -0.475150 -0.178692 -0.004202 
1334 5.533037 0.000000 -0.182309 100.349351 1.537480 -0.231546 -0.007241 
1335 5.630731 0.000000 -0.091155 100.199692 -0.604655 -0.125978 -0.004036 
1336 6.119201 0.000000 -0.273464 99.969569 -3.914590 1.939927 -0.001300 
1337 6.119201 0.000000 -0.364619 99.479597 -10.921728 -0.890758 -0.001627 
1338 6.119201 0.000000 -0.182309 100.170463 -1.042083 -2.145167 -0.003981 
1339 3.872238 0.000000 1.093856 99.724612 -7.346765 0.017400 0.000103 
1340 3.872238 0.000000 1.458475 99.740896 -7.209038 -0.003753 -0.000022 
1341 3.286073 0.000000 0.546928 99.684778 -7.840071 -0.167039 0.000145 
1342 3.481461 0.000000 0.546928 99.683186 -7.871444 -0.160722 0.000128 
1343 3.286073 0.000000 0.729237 99.697866 -7.642625 -0.028097 0.000192 
1344 3.676849 0.000000 0.546928 99.682281 -7.900367 -0.146307 0.000101 
1345 3.872238 0.000000 0.546928 99.681935 -7.931526 -0.128674 0.000059 
1346 3.676849 0.000000 0.729237 99.700713 -7.660537 0.002131 0.000108 
1347 4.849178 0.000000 0.546928 99.676166 -8.072608 0.029472 -0.000051 
1348 4.653790 0.000000 0.546928 99.677380 -8.046984 -0.012550 -0.000033 
1349 4.849178 0.000000 0.729237 99.704068 -7.674774 0.117604 0.000018 
1350 4.458402 0.000000 0.546928 99.678615 -8.019064 -0.049175 -0.000013 
1351 4.263014 0.000000 0.546928 99.680349 -7.990791 -0.081875 -0.000003 
1352 4.458402 0.000000 0.729237 99.702929 -7.674439 0.078144 0.000042 
1353 4.067626 0.000000 0.546928 99.681153 -7.959451 -0.107185 0.000030 
1354 4.067626 0.000000 0.729237 99.702992 -7.673246 0.035965 0.000043 
1 11 62 60 61 
2 62 10 24 60 
3 60 24 14 63 
4 61 60 63 6 
5 24 66 64 65 
6 66 23 40 64 
7 64 40 27 67 
8 65 64 67 14 
9 40 70 68 69 
10 69 68 71 27 
11 6 63 92 93 
12 63 14 36 92 
13 92 36 19 94 
14 93 92 94 20 
15 14 67 95 96 
16 67 27 52 95 
17 95 52 35 97 
18 96 95 97 36 
19 27 71 98 99 
20 99 98 100 52 
21 68 112 110 111 
22 112 56 80 110 
23 110 80 43 113 
24 111 110 113 71 
25 80 116 114 115 
26 115 114 117 43 
27 71 113 133 134 
28 113 43 102 133 
29 133 102 76 135 
30 134 133 135 98 
31 43 117 136 137 
32 137 136 138 102 
33 114 141 139 140 
34 141 106 129 139 
35 139 129 83 142 
36 140 139 142 117 
37 129 149 147 148 
38 147 150 132 151 
39 148 147 151 83 
40 117 142 152 153 
41 142 83 144 152 
42 152 144 125 154 
43 153 152 154 136 
44 83 151 155 156 
45 151 132 157 155 
46 156 155 158 144 
47 12 161 159 160 
48 161 7 162 159 
49 159 162 13 25 
50 160 159 25 10 
51 25 165 163 164 
52 165 13 166 163 
53 163 166 26 41 
54 164 163 41 23 
55 41 169 167 168 
56 169 26 170 167 
57 167 170 42 57 
58 168 167 57 39 
59 39 173 171 172 
60 173 57 174 171 
61 171 174 55 81 
62 172 171 81 56 
63 81 177 175 176 
64 177 55 178 175 
65 175 178 82 107 
66 176 175 107 79 
67 79 181 179 180 
68 181 107 182 179 
69 179 182 105 130 
70 180 179 130 106 
71 106 185 183 184 
72 185 130 186 183 
73 184 183 149 129 
74 195 197 109 198 
75 150 195 198 132 
76 149 201 199 200 
77 201 128 202 199 
78 199 202 150 203 
79 200 199 203 147 
80 132 198 210 157 
81 198 109 211 210 
82 19 38 213 214 
83 38 21 215 213 
84 213 215 9 216 
85 214 213 216 22 
86 35 54 217 218 
87 54 37 219 217 
88 217 219 21 220 
89 218 217 220 38 
90 51 78 221 222 
91 78 53 223 221 
92 221 223 37 224 
93 222 221 224 54 
94 76 104 225 226 
95 104 75 227 225 
96 225 227 78 228 
97 226 225 228 51 
98 101 127 229 230 
99 127 103 231 229 
100 229 231 75 232 
101 230 229 232 104 
102 125 146 233 234 
103 146 124 235 233 
104 233 235 127 236 
105 234 233 236 101 
106 144 158 237 238 
107 237 239 146 240 
108 238 237 240 125 
109 155 243 241 242 
110 243 157 244 241 
111 241 244 143 245 
112 242 241 245 158 
113 130 247 246 186 
114 247 105 248 246 
115 249 251 195 252 
116 202 249 252 150 
117 186 255 253 254 
118 255 246 256 253 
119 253 256 196 250 
120 254 253 250 128 
121 128 259 257 258 
122 259 250 260 257 
123 257 260 249 261 
124 258 257 261 202 
125 262 263 124 264 
126 239 262 264 146 
127 157 266 265 244 
128 266 210 267 265 
129 143 268 269 270 
130 268 212 271 269 
131 269 271 262 272 
132 270 269 272 239 
133 244 275 273 274 
134 275 265 276 273 
135 273 276 268 277 
136 274 273 277 143 
137 278 280 194 281 
138 197 278 281 109 
139 283 131 284 282 
140 282 284 197 285 
141 251 282 285 195 
142 107 287 286 182 
143 287 82 288 286 
144 286 288 108 192 
145 182 286 192 105 
146 105 290 289 248 
147 290 192 291 289 
148 246 293 292 256 
149 293 248 294 292 
150 292 294 131 283 
151 256 292 283 196 
152 196 297 295 296 
153 297 283 298 295 
154 295 298 282 299 
155 296 295 299 251 
156 109 281 300 211 
157 281 194 301 300 
158 210 304 303 267 
159 304 211 305 303 
160 303 305 145 306 
161 124 209 307 235 
162 209 126 308 307 
163 307 308 103 309 
164 235 307 309 127 
165 310 311 209 312 
166 263 310 312 124 
167 212 306 313 271 
168 306 145 314 313 
169 313 314 263 315 
170 271 313 315 262 
171 267 318 316 317 
172 318 303 319 316 
173 316 319 306 320 
174 317 316 320 212 
175 131 322 321 284 
176 322 279 323 321 
177 321 323 278 324 
178 284 321 324 197 
179 211 326 325 305 
180 326 300 327 325 
181 325 327 302 328 
182 305 325 328 145 
183 192 334 333 291 
184 334 108 335 333 
185 289 339 337 338 
186 339 291 340 337 
187 337 340 191 341 
188 338 337 341 279 
189 345 347 126 348 
190 311 345 348 209 
191 302 351 349 350 
192 351 207 352 349 
193 349 352 311 353 
194 350 349 353 310 
195 354 355 59 356 
196 280 354 356 194 
197 291 358 357 340 
198 358 333 359 357 
199 357 359 336 360 
200 191 360 361 362 
201 360 336 363 361 
202 361 363 354 364 
203 362 361 364 280 
204 340 367 365 366 
205 367 357 368 365 
206 365 368 360 369 
207 366 365 369 191 
208 194 356 370 301 
209 356 59 371 370 
210 373 346 374 372 
211 372 374 345 375 
212 352 372 375 311 
213 301 378 376 377 
214 378 370 379 376 
215 376 379 346 373 
216 377 376 373 207 
217 207 382 380 381 
218 382 373 383 380 
219 380 383 372 384 
220 381 380 384 352 
221 57 386 385 174 
222 386 42 387 385 
223 385 387 58 89 
224 174 385 89 55 
225 55 389 388 178 
226 389 89 390 388 
227 388 390 88 188 
228 178 388 188 82 
229 82 392 391 288 
230 392 188 393 391 
231 391 393 187 330 
232 288 391 330 108 
233 108 395 394 335 
234 395 330 396 394 
235 333 399 398 359 
236 399 335 400 398 
237 359 398 401 336 
238 75 123 402 227 
239 123 77 403 402 
240 402 403 53 404 
241 227 402 404 78 
242 103 206 405 231 
243 206 121 406 405 
244 405 406 123 407 
245 231 405 407 75 
246 126 344 408 308 
247 344 204 409 408 
248 408 409 206 410 
249 308 408 410 103 
250 411 413 344 414 
251 347 411 414 126 
252 346 416 415 374 
253 415 417 347 418 
254 374 415 418 345 
255 419 420 332 421 
256 355 419 421 59 
257 335 423 422 400 
258 423 394 424 422 
259 336 401 426 363 
260 401 193 427 426 
261 426 427 355 428 
262 363 426 428 354 
263 398 431 429 430 
264 431 400 432 429 
265 429 432 193 433 
266 430 429 433 401 
267 59 421 434 371 
268 421 332 435 434 
269 370 437 436 379 
270 437 371 438 436 
271 436 438 208 416 
272 379 436 416 346 
273 439 441 411 442 
274 417 439 442 347 
275 416 445 443 444 
276 445 208 446 443 
277 443 446 417 447 
278 444 443 447 415 
279 88 453 452 189 
280 453 90 454 452 
281 452 454 5 455 
282 189 452 455 91 
283 187 457 456 331 
284 457 189 458 456 
285 456 458 91 459 
286 331 456 459 190 
287 330 461 460 396 
288 461 187 462 460 
289 460 462 331 463 
290 396 460 463 329 
291 394 465 464 424 
292 465 396 466 464 
293 464 466 329 467 
294 424 464 467 397 
295 193 425 468 427 
296 425 397 469 468 
297 468 469 419 470 
298 427 468 470 355 
299 422 473 471 472 
300 473 424 474 471 
301 471 474 397 475 
302 472 471 475 425 
303 371 477 476 438 
304 477 434 478 476 
305 476 478 412 440 
306 438 476 440 208 
307 91 455 482 205 
308 455 5 483 482 
309 482 483 122 484 
310 205 482 484 121 
311 190 459 485 343 
312 459 91 486 485 
313 485 486 205 487 
314 343 485 487 204 
315 342 489 488 413 
316 489 343 490 488 
317 488 490 204 491 
318 413 488 491 344 
319 412 493 492 441 
320 493 342 494 492 
321 492 494 413 495 
322 441 492 495 411 
323 440 498 496 497 
324 498 412 499 496 
325 496 499 441 500 
326 497 496 500 439 
327 454 510 508 509 
328 508 511 504 512 
329 509 508 512 5 
330 5 512 513 514 
331 512 504 515 513 
332 514 513 516 483 
333 7 518 517 162 
334 518 16 519 517 
335 517 519 15 32 
336 162 517 32 13 
337 13 521 520 166 
338 521 32 522 520 
339 520 522 31 48 
340 166 520 48 26 
341 26 524 523 170 
342 524 48 525 523 
343 523 525 47 85 
344 170 523 85 42 
345 42 527 526 387 
346 527 85 528 526 
347 526 528 84 449 
348 387 526 449 58 
349 58 531 529 530 
350 531 449 532 529 
351 529 532 448 502 
352 530 529 502 90 
353 90 535 533 534 
354 535 502 536 533 
355 533 536 501 510 
356 534 533 510 454 
357 538 17 539 537 
358 537 539 8 540 
359 448 554 553 503 
360 554 450 555 553 
361 553 555 87 556 
362 503 553 556 451 
363 501 558 557 511 
364 558 503 559 557 
365 557 559 451 560 
366 511 557 560 504 
367 510 563 561 562 
368 563 501 564 561 
369 561 564 511 565 
370 562 561 565 508 
371 540 8 567 566 
372 566 567 29 568 
373 451 556 578 506 
374 556 87 579 578 
375 578 579 480 580 
376 506 578 580 479 
377 504 560 581 515 
378 560 451 582 581 
379 581 582 506 583 
380 515 581 583 505 
381 21 46 584 215 
382 46 28 585 584 
383 584 585 30 586 
384 215 584 586 9 
385 37 74 587 219 
386 74 44 588 587 
387 587 588 46 589 
388 219 587 589 21 
389 53 120 590 223 
390 120 72 591 590 
391 590 591 74 592 
392 223 590 592 37 
393 77 481 593 403 
394 481 118 594 593 
395 593 594 120 595 
396 403 593 595 53 
397 122 507 596 597 
398 507 479 598 596 
399 596 598 481 599 
400 597 596 599 77 
401 483 516 600 601 
402 516 505 602 600 
403 600 602 507 603 
404 601 600 603 122 
405 513 606 604 605 
406 606 515 607 604 
407 604 607 505 608 
408 605 604 608 516 
409 555 618 616 617 
410 617 616 620 87 
411 87 620 621 622 
412 622 621 624 579 
413 85 626 625 528 
414 626 47 627 625 
415 625 627 86 550 
416 528 625 550 84 
417 84 630 628 629 
418 630 550 631 628 
419 628 631 549 610 
420 629 628 610 450 
421 450 634 632 633 
422 634 610 635 632 
423 632 635 609 618 
424 633 632 618 555 
425 641 551 642 640 
426 640 642 50 643 
427 618 650 648 649 
428 650 609 651 648 
429 649 648 652 616 
430 643 50 657 656 
431 656 657 576 658 
432 118 577 662 594 
433 577 119 663 662 
434 662 663 72 664 
435 594 662 664 120 
436 480 615 665 666 
437 615 575 667 665 
438 665 667 577 668 
439 666 665 668 118 
440 579 624 669 670 
441 624 613 671 669 
442 669 671 615 672 
443 670 669 672 480 
444 621 675 673 674 
445 673 676 613 677 
446 674 673 677 624 
447 610 679 678 635 
448 679 549 680 678 
449 678 680 611 645 
450 635 678 645 609 
451 609 682 681 651 
452 682 645 683 681 
453 616 652 685 686 
454 685 687 612 688 
455 686 685 688 620 
456 648 691 689 690 
457 691 651 692 689 
458 690 689 693 652 
459 620 688 694 695 
460 688 612 696 694 
461 695 694 675 621 
462 613 661 697 671 
463 661 614 698 697 
464 697 698 575 699 
465 671 697 699 615 
466 700 702 661 703 
467 676 700 703 613 
468 675 706 704 705 
469 704 707 676 708 
470 705 704 708 673 
471 709 710 647 711 
472 687 709 711 612 
473 651 713 712 692 
474 713 681 714 712 
475 652 693 716 717 
476 693 619 718 716 
477 716 718 687 719 
478 717 716 719 685 
479 689 722 720 721 
480 722 692 723 720 
481 720 723 619 724 
482 721 720 724 693 
483 612 711 725 696 
484 711 647 726 725 
485 694 729 727 728 
486 729 696 730 727 
487 727 730 623 706 
488 728 727 706 675 
489 731 733 700 734 
490 707 731 734 676 
491 706 737 735 736 
492 737 623 738 735 
493 735 738 707 739 
494 736 735 739 704 
495 619 715 740 718 
496 715 684 741 740 
497 740 741 709 742 
498 718 740 742 687 
499 692 744 743 723 
500 744 712 745 743 
501 743 745 715 746 
502 723 743 746 619 
503 696 748 747 730 
504 748 725 749 747 
505 747 749 701 732 
506 730 747 732 623 
507 623 751 750 738 
508 751 732 752 750 
509 750 752 731 753 
510 738 750 753 707 
511 755 640 756 754 
512 754 756 643 757 
513 645 759 758 683 
514 759 611 760 758 
515 681 763 762 714 
516 763 683 764 762 
517 762 764 644 765 
518 712 767 766 745 
519 767 714 768 766 
520 766 768 684 769 
521 745 766 769 715 
522 757 643 771 770 
523 770 771 656 772 
524 773 775 614 776 
525 702 773 776 661 
526 778 659 779 777 
527 777 779 702 780 
528 733 777 780 700 
529 732 782 781 752 
530 782 701 783 781 
531 781 783 733 784 
532 752 781 784 731 
533 785 786 552 787 
534 710 785 787 647 
535 684 765 788 741 
536 765 644 789 788 
537 788 789 710 790 
538 741 788 790 709 
539 714 792 791 768 
540 792 762 793 791 
541 791 793 765 794 
542 768 791 794 684 
543 647 787 795 726 
544 787 552 796 795 
545 725 798 797 749 
546 798 726 799 797 
547 797 799 659 778 
548 749 797 778 701 
549 701 801 800 783 
550 801 778 802 800 
551 800 802 777 803 
552 783 800 803 733 
553 804 806 785 807 
554 789 804 807 710 
555 683 809 808 764 
556 809 758 810 808 
557 808 810 761 805 
558 764 808 805 644 
559 644 813 811 812 
560 813 805 814 811 
561 811 814 804 815 
562 812 811 815 789 
563 726 817 816 799 
564 817 795 818 816 
565 659 819 820 779 
566 819 774 821 820 
567 820 821 773 822 
568 779 820 822 702 
569 799 825 823 824 
570 825 816 826 823 
571 823 826 819 827 
572 824 823 827 659 
573 646 829 828 786 
574 829 754 830 828 
575 828 830 757 831 
576 786 828 831 552 
577 761 833 832 806 
578 833 646 834 832 
579 832 834 786 835 
580 806 832 835 785 
581 805 837 836 814 
582 837 761 838 836 
583 836 838 806 839 
584 814 836 839 804 
585 552 831 840 796 
586 831 757 841 840 
587 840 841 770 842 
588 796 840 842 660 
589 795 844 843 818 
590 844 796 845 843 
591 843 845 660 846 
592 818 843 846 774 
593 816 848 847 826 
594 848 818 849 847 
595 847 849 774 850 
596 826 847 850 819 
597 855 871 869 870 
598 871 857 872 869 
599 638 876 874 875 
600 876 855 870 874 
601 875 874 877 548 
602 881 883 867 884 
603 882 881 884 866 
604 870 887 885 886 
605 887 869 888 885 
606 857 891 890 872 
607 891 862 892 890 
608 869 895 894 888 
609 895 872 896 894 
610 894 896 34 897 
611 888 894 897 873 
612 548 877 898 899 
613 898 882 866 900 
614 899 898 900 654 
615 858 889 901 902 
616 889 873 903 901 
617 901 903 881 904 
618 902 901 904 882 
619 885 907 905 906 
620 907 888 908 905 
621 905 908 873 909 
622 906 905 909 889 
623 910 911 878 912 
624 883 910 912 867 
625 872 914 913 896 
626 914 890 915 913 
627 913 915 893 916 
628 896 913 916 34 
629 918 537 919 917 
630 917 919 540 920 
631 862 930 929 892 
632 930 864 931 929 
633 920 540 934 933 
634 933 934 566 935 
635 864 943 942 931 
636 943 925 944 942 
637 946 947 879 948 
638 911 946 948 878 
639 929 951 949 950 
640 951 931 952 949 
641 949 952 854 953 
642 950 949 953 932 
643 960 544 961 958 
644 958 961 940 962 
645 959 958 962 939 
646 963 959 939 964 
647 947 963 964 879 
648 925 969 968 944 
649 969 927 970 968 
650 968 970 544 960 
651 928 973 971 972 
652 973 960 974 971 
653 971 974 958 975 
654 972 971 975 959 
655 636 978 976 977 
656 978 638 875 976 
657 976 875 548 979 
658 551 981 980 642 
659 981 636 977 980 
660 980 977 639 982 
661 642 980 982 50 
662 979 548 899 983 
663 983 899 654 985 
664 984 983 985 653 
665 977 988 986 987 
666 988 976 989 986 
667 986 989 979 990 
668 987 986 990 639 
669 874 993 991 992 
670 993 870 886 991 
671 992 991 994 877 
672 877 994 995 996 
673 994 858 902 995 
674 995 902 882 997 
675 996 995 997 898 
676 991 1000 998 999 
677 1000 886 1001 998 
678 998 1001 858 1002 
679 999 998 1002 994 
680 890 1004 1003 915 
681 1004 892 1005 1003 
682 1003 1005 865 1006 
683 915 1003 1006 893 
684 892 1008 1007 1005 
685 1008 929 950 1007 
686 1007 950 932 1009 
687 1005 1007 1009 865 
688 931 1011 1010 952 
689 1011 942 1012 1010 
690 1010 1012 945 1013 
691 952 1010 1013 854 
692 942 1015 1014 1012 
693 1015 944 1016 1014 
694 1014 1016 928 1017 
695 1012 1014 1017 945 
696 1018 1020 955 1021 
697 970 1018 1021 544 
698 543 1023 1022 923 
699 1023 917 1024 1022 
700 1022 1024 920 1025 
701 923 1022 1025 18 
702 921 1027 1026 967 
703 1027 923 1028 1026 
704 1026 1028 18 1029 
705 967 1026 1029 924 
706 1031 967 1032 1030 
707 1030 1032 924 1033 
708 1020 1030 1033 955 
709 32 1035 1034 522 
710 1035 15 1036 1034 
711 1034 1036 33 542 
712 522 1034 542 31 
713 542 1039 1037 1038 
714 1039 33 1040 1037 
715 1037 1040 543 922 
716 1038 1037 922 541 
717 541 1043 1041 1042 
718 1043 922 1044 1041 
719 1041 1044 921 966 
720 1042 1041 966 853 
721 966 1047 1045 1046 
722 1047 921 1048 1045 
723 1045 1048 967 1031 
724 1046 1045 1031 965 
725 965 1051 1049 1050 
726 1051 1031 1052 1049 
727 1049 1052 1030 1053 
728 1050 1049 1053 1020 
729 853 1056 1054 1055 
730 1056 966 1046 1054 
731 1054 1046 965 1019 
732 1055 1054 1019 927 
733 927 1059 1057 1058 
734 1059 1019 1060 1057 
735 1057 1060 1018 1061 
736 1058 1057 1061 970 
737 50 982 1062 657 
738 982 639 984 1062 
739 1062 984 653 1063 
740 657 1062 1063 576 
741 639 990 1064 1065 
742 990 979 1066 1064 
743 1064 1066 983 1067 
744 1065 1064 1067 984 
745 544 1021 1068 961 
746 1021 955 1069 1068 
747 18 1025 1071 937 
748 1025 920 1072 1071 
749 1071 1072 933 1073 
750 937 1071 1073 570 
751 924 1029 1074 956 
752 1029 18 1075 1074 
753 1074 1075 937 1076 
754 956 1074 1076 936 
755 955 1033 1077 1069 
756 1033 924 1078 1077 
757 1077 1078 956 1079 
758 1069 1077 1079 954 
759 44 571 1080 588 
760 571 45 1081 1080 
761 1080 1081 28 1082 
762 588 1080 1082 46 
763 569 938 1083 1084 
764 938 570 1085 1083 
765 1083 1085 45 1086 
766 1084 1083 1086 571 
767 860 957 1087 1088 
768 957 936 1089 1087 
769 1087 1089 938 1090 
770 1088 1087 1090 569 
771 940 1070 1091 1092 
772 1070 954 1093 1091 
773 1091 1093 957 1094 
774 1092 1091 1094 860 
775 1068 1097 1095 1096 
776 1097 1069 1098 1095 
777 1095 1098 954 1099 
778 1096 1095 1099 1070 
779 961 1102 1100 1101 
780 1102 1068 1096 1100 
781 1100 1096 1070 1103 
782 1101 1100 1103 940 
783 1 1106 1104 1105 
784 1106 12 160 1104 
785 1104 160 10 62 
786 1105 1104 62 11 
787 16 1108 1107 519 
788 1108 2 1109 1107 
789 1107 1109 17 538 
790 519 1107 538 15 
791 20 94 1110 1111 
792 94 19 214 1110 
793 1110 214 22 1112 
794 1111 1110 1112 4 
795 10 1115 1113 1114 
796 1115 25 164 1113 
797 1113 164 23 66 
798 1114 1113 66 24 
799 28 568 1116 585 
800 568 29 1117 1116 
801 1116 1117 3 1118 
802 585 1116 1118 30 
803 36 97 1119 1120 
804 97 35 218 1119 
805 1119 218 38 1121 
806 1120 1119 1121 19 
807 23 1124 1122 1123 
808 1124 41 168 1122 
809 1122 168 39 70 
810 1123 1122 70 40 
811 48 1126 1125 525 
812 1126 31 1127 1125 
813 1125 1127 49 546 
814 525 1125 546 47 
815 52 100 1128 1129 
816 100 51 222 1128 
817 1128 222 54 1130 
818 1129 1128 1130 35 
819 70 1133 1131 1132 
820 1133 39 172 1131 
821 1131 172 56 112 
822 1132 1131 112 68 
823 72 574 1134 591 
824 574 73 1135 1134 
825 1134 1135 44 1136 
826 591 1134 1136 74 
827 56 1139 1137 1138 
828 1139 81 176 1137 
829 1137 176 79 116 
830 1138 1137 116 80 
831 89 1141 1140 390 
832 1141 58 530 1140 
833 1140 530 90 453 
834 390 1140 453 88 
835 98 135 1142 1143 
836 135 76 226 1142 
837 1142 226 51 1144 
838 1143 1142 1144 100 
839 102 138 1145 1146 
840 138 101 230 1145 
841 1145 230 104 1147 
842 1146 1145 1147 76 
843 116 1150 1148 1149 
844 1150 79 180 1148 
845 1148 180 106 141 
846 1149 1148 141 114 
847 121 484 1151 406 
848 484 122 597 1151 
849 1151 597 77 1152 
850 406 1151 1152 123 
851 136 154 1153 1154 
852 154 125 234 1153 
853 1153 234 101 1155 
854 1154 1153 1155 138 
855 183 1158 1156 1157 
856 1158 186 254 1156 
857 1156 254 128 201 
858 1157 1156 201 149 
859 188 1160 1159 393 
860 1160 88 1161 1159 
861 1159 1161 189 457 
862 393 1159 457 187 
863 204 487 1162 409 
864 487 205 1163 1162 
865 1162 1163 121 1164 
866 409 1162 1164 206 
867 158 245 1165 1166 
868 245 143 270 1165 
869 1165 270 239 1167 
870 1166 1165 1167 237 
871 250 1169 1168 260 
872 1169 196 296 1168 
873 1168 296 251 1170 
874 260 1168 1170 249 
875 265 1172 1171 276 
876 1172 267 317 1171 
877 1171 317 212 1173 
878 276 1171 1173 268 
879 279 341 1174 323 
880 341 191 362 1174 
881 1174 362 280 1175 
882 323 1174 1175 278 
883 248 1177 1176 294 
884 1177 289 338 1176 
885 1176 338 279 322 
886 294 1176 322 131 
887 300 1179 1178 327 
888 1179 301 377 1178 
889 1178 377 207 351 
890 327 1178 351 302 
891 145 328 1180 314 
892 328 302 350 1180 
893 1180 350 310 1181 
894 314 1180 1181 263 
895 329 463 1182 420 
896 463 331 1183 1182 
897 1182 1183 190 1184 
898 420 1182 1184 332 
899 332 1184 1185 435 
900 1184 190 1186 1185 
901 1185 1186 343 489 
902 435 1185 489 342 
903 397 467 1187 469 
904 467 329 1188 1187 
905 1187 1188 420 1189 
906 469 1187 1189 419 
907 400 1191 1190 432 
908 1191 422 472 1190 
909 1190 472 425 1192 
910 432 1190 1192 193 
911 434 1194 1193 478 
912 1194 435 1195 1193 
913 1193 1195 342 493 
914 478 1193 493 412 
915 208 1197 1196 446 
916 1197 440 497 1196 
917 1196 497 439 1198 
918 446 1196 1198 417 
919 449 1200 1199 532 
920 1200 84 629 1199 
921 1199 629 450 554 
922 532 1199 554 448 
923 479 580 1201 598 
924 580 480 666 1201 
925 1201 666 118 1202 
926 598 1201 1202 481 
927 502 1204 1203 536 
928 1204 448 1205 1203 
929 1203 1205 503 558 
930 536 1203 558 501 
931 505 583 1206 602 
932 583 506 1207 1206 
933 1206 1207 479 1208 
934 602 1206 1208 507 
935 15 1210 1209 1036 
936 1210 538 1211 1209 
937 1209 1211 537 918 
938 1036 1209 918 33 
939 31 1213 1212 1127 
940 1213 542 1038 1212 
941 1212 1038 541 852 
942 1127 1212 852 49 
943 47 1215 1214 627 
944 1215 546 1216 1214 
945 1214 1216 545 637 
946 627 1214 637 86 
947 546 1218 1217 1216 
948 1218 49 1219 1217 
949 1217 1219 547 856 
950 1216 1217 856 545 
951 550 1221 1220 631 
952 1221 86 1222 1220 
953 1220 1222 551 641 
954 631 1220 641 549 
955 45 935 1223 1081 
956 935 566 1224 1223 
957 1223 1224 568 1225 
958 1081 1223 1225 28 
959 73 861 1226 1135 
960 861 569 1084 1226 
961 1226 1084 571 1227 
962 1135 1226 1227 44 
963 119 655 1228 663 
964 655 572 1229 1228 
965 1228 1229 574 1230 
966 663 1228 1230 72 
967 575 658 1231 667 
968 658 576 1232 1231 
969 1231 1232 119 1233 
970 667 1231 1233 577 
971 86 1235 1234 1222 
972 1235 637 1236 1234 
973 1234 1236 636 981 
974 1222 1234 981 551 
975 637 1238 1237 1236 
976 1238 545 1239 1237 
977 1237 1239 638 978 
978 1236 1237 978 636 
979 549 1241 1240 680 
980 1241 641 1242 1240 
981 1240 1242 640 755 
982 680 1240 755 611 
983 576 1063 1243 1232 
984 1063 653 1244 1243 
985 1243 1244 655 1245 
986 1232 1243 1245 119 
987 614 772 1246 698 
988 772 656 1247 1246 
989 1246 1247 658 1248 
990 698 1246 1248 575 
991 611 1250 1249 760 
992 1250 755 1251 1249 
993 1249 1251 754 829 
994 760 1249 829 646 
995 758 1253 1252 810 
996 1253 760 1254 1252 
997 1252 1254 646 833 
998 810 1252 833 761 
999 660 842 1255 775 
1000 842 770 1256 1255 
1001 1255 1256 772 1257 
1002 775 1255 1257 614 
1003 774 846 1258 821 
1004 846 660 1259 1258 
1005 1258 1259 775 1260 
1006 821 1258 1260 773 
1007 49 1262 1261 1219 
1008 1262 852 1263 1261 
1009 1261 1263 851 863 
1010 1219 1261 863 547 
1011 852 1265 1264 1263 
1012 1265 541 1042 1264 
1013 1264 1042 853 926 
1014 1263 1264 926 851 
1015 545 1267 1266 1239 
1016 1267 856 1268 1266 
1017 1266 1268 855 876 
1018 1239 1266 876 638 
1019 856 1270 1269 1268 
1020 1270 547 1271 1269 
1021 1269 1271 857 871 
1022 1268 1269 871 855 
1023 859 941 1272 1273 
1024 941 860 1088 1272 
1025 1272 1088 569 1274 
1026 1273 1272 1274 861 
1027 573 880 1275 1276 
1028 880 859 1273 1275 
1029 1275 1273 861 1277 
1030 1276 1275 1277 73 
1031 547 1279 1278 1271 
1032 1279 863 1280 1278 
1033 1278 1280 862 891 
1034 1271 1278 891 857 
1035 863 1282 1281 1280 
1036 1282 851 1283 1281 
1037 1281 1283 864 930 
1038 1280 1281 930 862 
1039 873 897 1284 903 
1040 897 34 1285 1284 
1041 1284 1285 883 1286 
1042 903 1284 1286 881 
1043 886 1288 1287 1001 
1044 1288 885 906 1287 
1045 1287 906 889 1289 
1046 1001 1287 1289 858 
1047 34 916 1290 1285 
1048 916 893 1291 1290 
1049 1290 1291 910 1292 
1050 1285 1290 1292 883 
1051 893 1006 1293 1291 
1052 1006 865 1294 1293 
1053 1293 1294 911 1295 
1054 1291 1293 1295 910 
1055 33 1297 1296 1040 
1056 1297 918 1298 1296 
1057 1296 1298 917 1023 
1058 1040 1296 1023 543 
1059 922 1300 1299 1044 
1060 1300 543 1301 1299 
1061 1299 1301 923 1027 
1062 1044 1299 1027 921 
1063 851 1303 1302 1283 
1064 1303 926 1304 1302 
1065 1302 1304 925 943 
1066 1283 1302 943 864 
1067 926 1306 1305 1304 
1068 1306 853 1055 1305 
1069 1305 1055 927 969 
1070 1304 1305 969 925 
1071 570 1073 1307 1085 
1072 1073 933 1308 1307 
1073 1307 1308 935 1309 
1074 1085 1307 1309 45 
1075 936 1076 1310 1089 
1076 1076 937 1311 1310 
1077 1310 1311 570 1312 
1078 1089 1310 1312 938 
1079 939 962 1313 1314 
1080 962 940 1092 1313 
1081 1313 1092 860 1315 
1082 1314 1313 1315 941 
1083 879 964 1316 1317 
1084 964 939 1314 1316 
1085 1316 1314 941 1318 
1086 1317 1316 1318 859 
1087 865 1009 1319 1294 
1088 1009 932 1320 1319 
1089 1319 1320 946 1321 
1090 1294 1319 1321 911 
1091 932 953 1322 1320 
1092 953 854 1323 1322 
1093 1322 1323 947 1324 
1094 1320 1322 1324 946 
1095 954 1079 1325 1093 
1096 1079 956 1326 1325 
1097 1325 1326 936 1327 
1098 1093 1325 1327 957 
1099 854 1013 1328 1323 
1100 1013 945 1329 1328 
1101 1328 1329 963 1330 
1102 1323 1328 1330 947 
1103 945 1017 1331 1329 
1104 1017 928 972 1331 
1105 1331 972 959 1332 
1106 1329 1331 1332 963 
1107 944 1334 1333 1016 
1108 1334 968 1335 1333 
1109 1333 1335 960 973 
1110 1016 1333 973 928 
1111 1019 1337 1336 1060 
1112 1337 965 1050 1336 
1113 1336 1050 1020 1338 
1114 1060 1336 1338 1018 
1115 572 868 1339 1229 
1116 868 573 1276 1339 
1117 1339 1276 73 1340 
1118 1229 1339 1340 574 
1119 653 985 1341 1244 
1120 985 654 1342 1341 
1121 1341 1342 572 1343 
1122 1244 1341 1343 655 
1123 654 900 1344 1342 
1124 900 866 1345 1344 
1125 1344 1345 868 1346 
1126 1342 1344 1346 572 
1127 878 948 1347 1348 
1128 948 879 1317 1347 
1129 1347 1317 859 1349 
1130 1348 1347 1349 880 
1131 867 912 1350 1351 
1132 912 878 1348 1350 
1133 1350 1348 880 1352 
1134 1351 1350 1352 573 
1135 866 884 1353 1345 
1136 884 867 1351 1353 
1137 1353 1351 573 1354 
1138 1345 1353 1354 868 
