2 0.000000 100.000000 262.180540
1383 1171 
1 -11.368037 0.000000 -11.641948 99.756318 -6.976521 0.000046 0.000001 
2 13.641644 0.000000 -11.641948 99.755717 -6.984494 -0.001277 0.000001 
3 13.641644 0.000000 11.641948 99.756708 -6.971579 -0.000634 -0.000000 
4 -11.368037 0.000000 11.641948 99.756494 -6.975081 0.000045 -0.000001 
5 1.136804 0.000000 0.000000 101.852775 -6.615375 -0.001664 -0.041775 
6 -11.368037 0.000000 0.000000 99.756393 -6.975808 0.000088 0.000000 
7 1.136804 0.000000 -11.641948 99.755982 -6.980092 -0.000206 0.000002 
8 13.641644 0.000000 0.000000 99.800870 -6.338643 0.033427 -0.000039 
9 1.136804 0.000000 11.641948 99.756760 -6.973601 -0.000241 -0.000004 
10 -5.115617 0.000000 -5.820974 99.756148 -6.977508 0.000014 0.000003 
11 -11.368037 0.000000 -5.820974 99.756337 -6.976263 0.000068 0.000000 
12 -5.115617 0.000000 -11.641948 99.756208 -6.977562 0.000003 0.000001 
13 1.136804 0.000000 -5.820974 99.755439 -6.986610 -0.000701 0.000004 
14 -5.115617 0.000000 0.000000 99.756198 -6.976356 0.000181 0.000003 
15 7.389224 0.000000 -5.820974 99.754554 -6.997598 -0.003886 0.000006 
16 7.389224 0.000000 -11.641948 99.755763 -6.983092 -0.000718 0.000002 
17 13.641644 0.000000 -5.820974 99.754687 -6.998866 -0.006613 0.000002 
18 7.389224 0.000000 0.000000 99.954775 -4.132364 1.291971 -0.000970 
19 -5.115617 0.000000 5.820974 99.756612 -6.975001 0.000115 -0.000003 
20 -11.368037 0.000000 5.820974 99.756463 -6.975356 0.000076 -0.000001 
21 1.136804 0.000000 5.820974 99.757458 -6.976620 -0.000965 -0.000022 
22 -5.115617 0.000000 11.641948 99.756606 -6.974572 0.000003 -0.000003 
23 -1.989406 0.000000 -2.910487 99.755324 -6.980218 -0.000558 0.000015 
24 -5.115617 0.000000 -2.910487 99.756110 -6.977094 0.000060 0.000004 
25 -1.989406 0.000000 -5.820974 99.755919 -6.979763 -0.000216 0.000004 
26 1.136804 0.000000 -2.910487 99.757731 -7.001106 -0.001775 -0.000062 
27 -1.989406 0.000000 0.000000 99.753243 -6.979584 0.000309 0.000058 
28 7.389224 0.000000 5.820974 99.756671 -6.972726 -0.001725 -0.000001 
29 13.641644 0.000000 5.820974 99.756663 -6.971694 -0.001287 0.000000 
30 7.389224 0.000000 11.641948 99.756726 -6.972371 -0.000513 -0.000002 
31 4.263014 0.000000 -2.910487 99.750622 -7.036067 -0.010720 0.000031 
32 4.263014 0.000000 -5.820974 99.754622 -6.994540 -0.002176 0.000009 
33 7.389224 0.000000 -2.910487 99.751390 -7.040382 -0.020815 0.000009 
34 4.263014 0.000000 0.000000 100.030227 -2.991985 -2.396572 -0.002074 
35 -1.989406 0.000000 2.910487 99.756687 -6.976086 0.000678 -0.000006 
36 -5.115617 0.000000 2.910487 99.756455 -6.975561 0.000210 -0.000001 
37 1.136804 0.000000 2.910487 99.762073 -6.982970 -0.003431 -0.000123 
38 -1.989406 0.000000 5.820974 99.756982 -6.974710 0.000024 -0.000010 
39 -0.426301 0.000000 -1.455243 99.745882 -6.993911 -0.013600 0.000184 
40 -1.989406 0.000000 -1.455243 99.753224 -6.986798 0.001310 0.000048 
41 -0.426301 0.000000 -2.910487 99.748633 -6.990839 0.001229 0.000134 
42 1.136804 0.000000 -1.455243 99.744090 -7.044592 -0.007135 0.000149 
43 -0.426301 0.000000 0.000000 99.966150 -7.096965 0.012336 -0.004360 
44 4.263014 0.000000 2.910487 99.755011 -6.989322 -0.006703 0.000009 
45 7.389224 0.000000 2.910487 99.755395 -6.988124 -0.002243 0.000003 
46 4.263014 0.000000 5.820974 99.756955 -6.973912 -0.001820 -0.000009 
47 2.699909 0.000000 -1.455243 99.737156 -7.154769 -0.019193 0.000131 
48 2.699909 0.000000 -2.910487 99.749369 -7.021399 -0.005449 0.000076 
49 4.263014 0.000000 -1.455243 99.738723 -7.174499 -0.059654 0.000071 
50 2.699909 0.000000 0.000000 100.077957 -3.412167 -1.319944 -0.002898 
51 -0.426301 0.000000 1.455243 99.750100 -6.987542 0.013019 0.000109 
52 -1.989406 0.000000 1.455243 99.754825 -6.977839 0.000981 0.000028 
53 1.136804 0.000000 1.455243 99.757990 -7.015951 -0.006227 -0.000088 
54 -0.426301 0.000000 2.910487 99.756560 -6.980719 0.000845 -0.000010 
55 0.355251 0.000000 -0.727622 99.798077 -7.087524 -0.131903 -0.000991 
56 -0.426301 0.000000 -0.727622 99.711823 -7.028607 0.009036 0.000815 
57 0.355251 0.000000 -1.455243 99.765951 -7.013647 -0.019470 -0.000244 
58 1.136804 0.000000 -0.727622 99.791563 -7.168031 0.010908 -0.000974 
59 0.355251 0.000000 0.000000 68.374043 -0.048357 0.001404 0.532499 
60 -8.241827 0.000000 -2.910487 99.756302 -6.976340 0.000092 0.000001 
61 -11.368037 0.000000 -2.910487 99.756360 -6.976052 0.000080 0.000000 
62 -8.241827 0.000000 -5.820974 99.756278 -6.976649 0.000065 0.000001 
63 -8.241827 0.000000 0.000000 99.756359 -6.975942 0.000118 0.000001 
64 -3.552511 0.000000 -1.455243 99.755770 -6.977601 0.000066 0.000010 
65 -5.115617 0.000000 -1.455243 99.756125 -6.976755 0.000118 0.000004 
66 -3.552511 0.000000 -2.910487 99.755849 -6.978021 -0.000062 0.000008 
67 -3.552511 0.000000 0.000000 99.755882 -6.977008 0.000257 0.000009 
68 -1.207854 0.000000 -0.727622 99.749604 -6.982669 0.003438 0.000126 
69 -1.989406 0.000000 -0.727622 99.755325 -6.980389 -0.006937 0.000015 
70 -1.207854 0.000000 -1.455243 99.750812 -6.983905 -0.002977 0.000100 
71 -1.207854 0.000000 0.000000 99.750626 -6.984380 0.000814 0.000103 
72 2.699909 0.000000 1.455243 99.747030 -7.068169 -0.035273 0.000057 
73 4.263014 0.000000 1.455243 99.746681 -7.075279 -0.012197 0.000054 
74 2.699909 0.000000 2.910487 99.757568 -6.988427 -0.008524 -0.000041 
75 0.355251 0.000000 0.727622 99.830552 -7.085669 0.123593 -0.001636 
76 -0.426301 0.000000 0.727622 99.725493 -7.007376 0.003083 0.000572 
77 1.136804 0.000000 0.727622 99.821785 -7.126279 -0.028554 -0.001517 
78 0.355251 0.000000 1.455243 99.771822 -7.001390 0.014565 -0.000344 
79 -0.035525 0.000000 -0.363811 99.151981 -7.191073 0.056562 0.011717 
80 -0.426301 0.000000 -0.363811 99.780413 -7.024018 0.054396 -0.000547 
81 -0.035525 0.000000 -0.727622 99.659457 -7.030680 -0.071176 0.001856 
82 0.355251 0.000000 -0.363811 100.411541 -7.470691 -0.632460 -0.013869 
83 -0.035525 0.000000 0.000000 165.753973 -7.438249 -0.023227 -1.752971 
84 1.918356 0.000000 -0.727622 99.722407 -7.377026 0.045089 0.000102 
85 1.918356 0.000000 -1.455243 99.755935 -7.102082 0.006815 -0.000169 
86 2.699909 0.000000 -0.727622 99.676605 -7.545877 -0.110142 0.000762 
87 1.918356 0.000000 0.000000 101.300279 -7.671945 -1.196266 -0.032204 
88 0.746027 0.000000 -0.363811 99.744280 -7.569782 0.081110 -0.000623 
89 0.746027 0.000000 -0.727622 99.756823 -7.133197 0.013305 -0.000231 
90 1.136804 0.000000 -0.363811 99.858078 -7.640209 -0.068395 -0.003001 
91 0.746027 0.000000 0.000000 102.041374 -6.555890 -0.008173 -0.045542 
92 -8.241827 0.000000 2.910487 99.756439 -6.975542 0.000120 -0.000001 
93 -11.368037 0.000000 2.910487 99.756431 -6.975565 0.000087 -0.000000 
94 -8.241827 0.000000 5.820974 99.756504 -6.975221 0.000094 -0.000001 
95 -3.552511 0.000000 1.455243 99.756173 -6.976321 0.000369 0.000004 
96 -5.115617 0.000000 1.455243 99.756321 -6.975942 0.000218 0.000001 
97 -3.552511 0.000000 2.910487 99.756487 -6.975687 0.000337 -0.000002 
98 -1.207854 0.000000 0.727622 99.752108 -6.982496 0.000840 0.000076 
99 -1.989406 0.000000 0.727622 99.755838 -6.980295 0.007317 0.000005 
100 -1.207854 0.000000 1.455243 99.752719 -6.980137 0.003074 0.000067 
101 -0.035525 0.000000 0.363811 99.135208 -7.207935 -0.064228 0.012025 
102 -0.426301 0.000000 0.363811 99.755358 -7.029188 -0.089536 -0.000055 
103 0.355251 0.000000 0.363811 100.450137 -7.467446 0.624450 -0.014638 
104 -0.035525 0.000000 0.727622 99.686969 -7.039711 0.078429 0.001294 
105 0.159863 0.000000 -0.181905 98.337915 -8.506731 -4.898986 0.023329 
106 -0.035525 0.000000 -0.181905 97.600501 -7.285361 2.923779 0.041252 
107 0.159863 0.000000 -0.363811 99.321619 -7.287406 -0.863230 0.008136 
108 0.355251 0.000000 -0.181905 101.843723 -9.001033 -1.495084 -0.045540 
109 0.159863 0.000000 0.000000 116.206857 0.021483 0.037518 -0.350404 
110 -0.817078 0.000000 -0.363811 99.752338 -7.010125 0.009786 0.000033 
111 -1.207854 0.000000 -0.363811 99.749348 -6.984681 0.000671 0.000128 
112 -0.817078 0.000000 -0.727622 99.742600 -6.988277 0.002394 0.000258 
113 -0.817078 0.000000 0.000000 99.762664 -7.009846 0.006101 -0.000173 
114 -0.230913 0.000000 -0.181905 100.328791 -7.132233 0.388465 -0.011689 
115 -0.426301 0.000000 -0.181905 99.892345 -7.094110 0.071703 -0.002881 
116 -0.230913 0.000000 -0.363811 99.577197 -7.062654 0.289879 0.003442 
117 -0.230913 0.000000 0.000000 101.193982 -7.202951 -0.030125 -0.029211 
118 1.918356 0.000000 0.727622 99.824191 -7.287645 -0.143565 -0.001800 
119 2.699909 0.000000 0.727622 99.715499 -7.339239 -0.110564 0.000294 
120 1.918356 0.000000 1.455243 99.765415 -7.050321 -0.037047 -0.000285 
121 0.746027 0.000000 0.363811 99.767940 -7.559365 -0.111987 -0.001080 
122 1.136804 0.000000 0.363811 99.890223 -7.623661 0.053919 -0.003618 
123 0.746027 0.000000 0.727622 99.796405 -7.112001 -0.036249 -0.000990 
124 0.159863 0.000000 0.181905 98.359968 -8.461236 4.897280 0.022974 
125 -0.035525 0.000000 0.181905 97.609141 -7.310532 -2.923897 0.041046 
126 0.355251 0.000000 0.181905 101.816891 -8.983446 1.512064 -0.044967 
127 0.159863 0.000000 0.363811 99.344387 -7.303807 0.868479 0.007659 
128 0.062169 0.000000 -0.090953 86.120782 -10.512488 -8.331087 0.240329 
129 -0.035525 0.000000 -0.090953 103.587896 -7.721547 18.363727 -0.112730 
130 0.062169 0.000000 -0.181905 95.975968 -7.875800 -1.811694 0.072330 
131 0.159863 0.000000 -0.090953 99.361622 -12.639306 -13.410186 -0.021232 
132 0.062169 0.000000 0.000000 196.051954 -0.770297 -0.007271 -2.843696 
133 -0.817078 0.000000 0.363811 99.755553 -6.995915 0.001169 -0.000011 
134 -1.207854 0.000000 0.363811 99.750229 -6.983629 0.000776 0.000112 
135 -0.817078 0.000000 0.727622 99.746232 -6.988530 0.000682 0.000185 
136 -0.230913 0.000000 0.181905 100.305530 -7.138435 -0.429267 -0.011234 
137 -0.426301 0.000000 0.181905 99.876123 -7.026088 -0.082730 -0.002461 
138 -0.230913 0.000000 0.363811 99.576597 -7.048821 -0.294238 0.003473 
139 -0.133219 0.000000 -0.090953 103.354314 -7.327644 2.526081 -0.074219 
140 -0.230913 0.000000 -0.090953 100.839114 -7.184177 0.441309 -0.022033 
141 -0.133219 0.000000 -0.181905 100.068117 -7.388005 1.870535 -0.007171 
142 -0.133219 0.000000 0.000000 106.415834 -7.251601 -0.013190 -0.137692 
143 0.062169 0.000000 0.090953 86.005502 -10.501205 8.324510 0.242348 
144 -0.035525 0.000000 0.090953 103.579565 -7.745562 -18.384296 -0.112670 
145 0.159863 0.000000 0.090953 99.369348 -12.562272 13.412536 -0.021197 
146 0.062169 0.000000 0.181905 96.008861 -7.876284 1.831246 0.071691 
147 0.013322 0.000000 -0.045476 73.966725 -11.593413 -14.541587 0.418306 
148 -0.035525 0.000000 -0.045476 144.113096 -7.685785 29.104833 -1.167475 
149 0.013322 0.000000 -0.090953 76.407630 -9.092814 5.765141 0.404596 
150 0.062169 0.000000 -0.045476 192.739014 -0.633073 -19.249010 -2.751925 
151 0.013322 0.000000 0.000000 245.936425 -3.661605 0.007279 -5.049813 
152 -0.133219 0.000000 0.090953 103.365395 -7.359735 -2.525615 -0.074495 
153 -0.230913 0.000000 0.090953 100.824583 -7.192441 -0.495218 -0.021757 
154 -0.133219 0.000000 0.181905 100.033258 -7.335708 -1.885530 -0.006402 
155 0.013322 0.000000 0.045476 73.882035 -11.867756 14.526170 0.418959 
156 -0.035525 0.000000 0.045476 144.107911 -7.709870 -29.141218 -1.167574 
157 0.062169 0.000000 0.045476 192.744297 -0.657304 19.249383 -2.752133 
158 0.013322 0.000000 0.090953 76.412048 -9.143997 -5.795788 0.404400 
159 -1.989406 0.000000 -8.731461 99.756039 -6.979154 -0.000105 0.000002 
160 -5.115617 0.000000 -8.731461 99.756183 -6.977618 0.000006 0.000002 
161 -1.989406 0.000000 -11.641948 99.756112 -6.978606 -0.000068 0.000002 
162 1.136804 0.000000 -8.731461 99.755805 -6.981827 -0.000345 0.000003 
163 -0.426301 0.000000 -4.365730 99.755677 -6.983664 -0.000772 0.000003 
164 -1.989406 0.000000 -4.365730 99.755768 -6.980004 -0.000362 0.000007 
165 -0.426301 0.000000 -5.820974 99.755777 -6.982095 -0.000415 0.000004 
166 1.136804 0.000000 -4.365730 99.758683 -6.994141 -0.001394 -0.000071 
167 0.355251 0.000000 -2.182865 99.764945 -7.008034 -0.009028 -0.000216 
168 -0.426301 0.000000 -2.182865 99.754221 -6.988471 -0.006430 0.000026 
169 0.355251 0.000000 -2.910487 99.757517 -6.992418 -0.003346 -0.000046 
170 1.136804 0.000000 -2.182865 99.768212 -7.014174 -0.004159 -0.000289 
171 -0.035525 0.000000 -1.091433 99.735762 -7.021811 -0.037746 0.000347 
172 -0.426301 0.000000 -1.091433 99.740950 -6.998014 -0.017911 0.000277 
173 -0.035525 0.000000 -1.455243 99.735705 -6.998925 -0.010542 0.000380 
174 0.355251 0.000000 -1.091433 99.769699 -7.039705 -0.045875 -0.000355 
175 0.159863 0.000000 -0.545716 99.627922 -7.162118 -0.287954 0.002290 
176 -0.035525 0.000000 -0.545716 99.583269 -7.094550 -0.098782 0.003283 
177 0.159863 0.000000 -0.727622 99.709010 -7.054854 -0.140088 0.000832 
178 0.355251 0.000000 -0.545716 99.853470 -7.193056 -0.244202 -0.002252 
179 0.062169 0.000000 -0.272858 97.666658 -7.410534 -0.802194 0.040566 
180 -0.035525 0.000000 -0.272858 98.230956 -7.284637 0.747067 0.029706 
181 0.062169 0.000000 -0.363811 98.952916 -7.241276 -0.407084 0.015572 
182 0.159863 0.000000 -0.272858 98.879951 -7.565471 -2.095893 0.016113 
183 0.013322 0.000000 -0.136429 92.943723 -8.017048 2.497305 0.129095 
184 -0.035525 0.000000 -0.136429 98.440650 -7.458584 6.214913 0.021518 
185 0.013322 0.000000 -0.181905 95.962120 -7.529656 0.963308 0.073365 
186 0.062169 0.000000 -0.136429 93.734178 -8.533807 -3.589138 0.112820 
187 0.550639 0.000000 -0.181905 101.483473 -8.011244 -0.009526 -0.036308 
188 0.550639 0.000000 -0.363811 100.063533 -7.513861 0.140787 -0.006919 
189 0.746027 0.000000 -0.181905 102.113275 -8.009883 -0.005857 -0.049128 
190 0.550639 0.000000 0.000000 101.489457 -6.542188 -0.008632 -0.034291 
191 0.257557 0.000000 -0.090953 102.754891 -12.587888 -10.272539 -0.082255 
192 0.257557 0.000000 -0.181905 100.725685 -8.777700 -3.791945 -0.023709 
193 0.355251 0.000000 -0.090953 105.338386 -12.618983 -4.444259 -0.127517 
194 0.257557 0.000000 0.000000 82.370371 -0.074502 0.013323 0.321512 
195 0.111016 0.000000 -0.045476 144.587713 -0.241337 -13.545690 -1.108915 
196 0.111016 0.000000 -0.090953 92.614693 -12.539449 -15.489281 0.102536 
197 0.159863 0.000000 -0.045476 115.041172 -0.042324 -8.378558 -0.330467 
198 0.111016 0.000000 0.000000 147.799960 -0.251620 -0.009852 -1.184489 
199 0.037745 0.000000 -0.068215 74.791936 -11.663007 -14.639516 0.405583 
200 0.013322 0.000000 -0.068215 73.921041 -11.372423 -14.386699 0.419937 
201 0.037745 0.000000 -0.090953 83.519153 -9.842466 -5.084811 0.290182 
202 0.062169 0.000000 -0.068215 79.712806 -11.997528 -15.373711 0.326558 
203 0.037745 0.000000 -0.045476 74.428385 -11.707929 -14.632253 0.410924 
204 0.550639 0.000000 0.181905 101.494057 -8.003582 -0.003295 -0.036510 
205 0.746027 0.000000 0.181905 102.122646 -8.009910 -0.006327 -0.049319 
206 0.550639 0.000000 0.363811 100.093379 -7.533188 -0.160520 -0.007546 
207 0.257557 0.000000 0.090953 102.732946 -12.594704 10.270886 -0.081818 
208 0.355251 0.000000 0.090953 105.430293 -12.633533 4.446932 -0.129493 
209 0.257557 0.000000 0.181905 100.719511 -8.773539 3.783380 -0.023571 
210 0.111016 0.000000 0.045476 144.580100 -0.236252 13.521685 -1.108630 
211 0.159863 0.000000 0.045476 115.044811 -0.015674 8.430935 -0.330639 
212 0.111016 0.000000 0.090953 92.527744 -12.593460 15.476272 0.104051 
213 -1.989406 0.000000 8.731461 99.756809 -6.974248 -0.000087 -0.000006 
214 -5.115617 0.000000 8.731461 99.756631 -6.974702 0.000038 -0.000003 
215 1.136804 0.000000 8.731461 99.756951 -6.973618 -0.000426 -0.000008 
216 -1.989406 0.000000 11.641948 99.756696 -6.974149 -0.000085 -0.000004 
217 -0.426301 0.000000 4.365730 99.757816 -6.975419 -0.000113 -0.000028 
218 -1.989406 0.000000 4.365730 99.757008 -6.975252 0.000245 -0.000011 
219 1.136804 0.000000 4.365730 99.762371 -6.974800 -0.001238 -0.000118 
220 -0.426301 0.000000 5.820974 99.757331 -6.974602 -0.000295 -0.000017 
221 0.355251 0.000000 2.182865 99.764059 -6.987494 0.005697 -0.000169 
222 -0.426301 0.000000 2.182865 99.757275 -6.980883 0.005119 -0.000025 
223 1.136804 0.000000 2.182865 99.773637 -6.989283 -0.003898 -0.000363 
224 0.355251 0.000000 2.910487 99.760910 -6.980184 0.000592 -0.000096 
225 -0.035525 0.000000 1.091433 99.749845 -7.003732 0.038992 0.000091 
226 -0.426301 0.000000 1.091433 99.745495 -6.991798 0.017046 0.000195 
227 0.355251 0.000000 1.091433 99.788160 -7.017170 0.041527 -0.000692 
228 -0.035525 0.000000 1.455243 99.742980 -6.990477 0.009390 0.000247 
229 0.159863 0.000000 0.545716 99.641343 -7.152997 0.290127 0.002035 
230 -0.035525 0.000000 0.545716 99.543381 -7.054377 0.092033 0.004134 
231 0.355251 0.000000 0.545716 99.884656 -7.192092 0.237976 -0.002873 
232 0.159863 0.000000 0.727622 99.742531 -7.064231 0.140210 0.000150 
233 0.062169 0.000000 0.272858 97.613911 -7.425799 0.813223 0.041572 
234 -0.035525 0.000000 0.272858 98.193124 -7.279869 -0.750869 0.030455 
235 0.159863 0.000000 0.272858 98.867606 -7.628367 2.106193 0.016257 
236 0.062169 0.000000 0.363811 98.938390 -7.247066 0.413264 0.015850 
237 0.013322 0.000000 0.136429 92.892466 -8.011867 -2.504717 0.130053 
238 -0.035525 0.000000 0.136429 98.420973 -7.474726 -6.224123 0.021870 
239 0.062169 0.000000 0.136429 93.694115 -8.577665 3.581608 0.113501 
240 0.013322 0.000000 0.181905 95.987364 -7.559292 -0.955352 0.072837 
241 0.037745 0.000000 0.068215 74.752602 -11.860074 14.636365 0.405716 
242 0.013322 0.000000 0.068215 73.850571 -11.650964 14.377335 0.420364 
243 0.037745 0.000000 0.045476 74.388063 -11.894523 14.628468 0.411094 
244 0.062169 0.000000 0.068215 79.669159 -12.164407 15.366826 0.326871 
245 0.037745 0.000000 0.090953 83.425350 -9.813306 5.083789 0.291807 
246 0.111016 0.000000 -0.136429 96.612654 -9.121358 -6.401988 0.054181 
247 0.111016 0.000000 -0.181905 97.088145 -8.208382 -3.797140 0.049210 
248 0.159863 0.000000 -0.136429 98.730649 -9.712517 -7.428637 0.010274 
249 0.086592 0.000000 -0.068215 91.947642 -12.436796 -15.315401 0.115640 
250 0.086592 0.000000 -0.090953 92.368635 -12.553858 -15.451717 0.107168 
251 0.111016 0.000000 -0.068215 92.611119 -12.398988 -15.391565 0.103255 
252 0.086592 0.000000 -0.045476 166.744086 -0.331053 -17.292825 -1.810274 
253 0.086592 0.000000 -0.113691 93.495115 -9.590812 -8.032664 0.110216 
254 0.062169 0.000000 -0.113691 90.982111 -9.199153 -5.574153 0.160656 
255 0.086592 0.000000 -0.136429 95.141366 -8.776974 -5.375085 0.084219 
256 0.111016 0.000000 -0.113691 95.990911 -9.994859 -8.926219 0.060617 
257 0.074381 0.000000 -0.079584 89.000175 -12.415537 -15.251852 0.169220 
258 0.062169 0.000000 -0.079584 80.669203 -12.097120 -15.377221 0.310968 
259 0.074381 0.000000 -0.090953 87.009857 -10.830181 -11.964524 0.216884 
260 0.086592 0.000000 -0.079584 92.066962 -12.456607 -15.345772 0.113301 
261 0.074381 0.000000 -0.068215 86.318044 -12.313705 -15.376461 0.216113 
262 0.111016 0.000000 0.136429 96.568590 -9.071317 6.436292 0.055079 
263 0.159863 0.000000 0.136429 98.696686 -9.689388 7.449603 0.010958 
264 0.111016 0.000000 0.181905 97.114382 -8.185936 3.805420 0.048731 
265 0.086592 0.000000 0.068215 91.893667 -12.338986 15.306390 0.116902 
266 0.086592 0.000000 0.045476 166.734433 -0.325897 17.265032 -1.809856 
267 0.111016 0.000000 0.068215 92.533580 -12.430679 15.380153 0.104647 
268 0.086592 0.000000 0.090953 92.322220 -12.434585 15.442806 0.108351 
269 0.086592 0.000000 0.113691 93.443343 -9.621166 8.046743 0.111102 
270 0.062169 0.000000 0.113691 90.924919 -9.240732 5.566187 0.161629 
271 0.111016 0.000000 0.113691 95.951533 -9.950769 8.957156 0.061405 
272 0.086592 0.000000 0.136429 95.112578 -8.787274 5.392025 0.084731 
273 0.074381 0.000000 0.079584 88.945984 -12.374129 15.241945 0.170318 
274 0.062169 0.000000 0.079584 80.624161 -12.243167 15.369327 0.311363 
275 0.074381 0.000000 0.068215 86.266295 -12.335029 15.366886 0.216983 
276 0.086592 0.000000 0.079584 92.011131 -12.365678 15.336486 0.114583 
277 0.074381 0.000000 0.090953 86.925369 -10.862093 11.965168 0.218283 
278 0.208710 0.000000 -0.045476 94.722334 -0.101543 -5.235838 0.100026 
279 0.208710 0.000000 -0.090953 100.533729 -12.686217 -12.763396 -0.043088 
280 0.257557 0.000000 -0.045476 81.520448 -0.063252 -4.014747 0.333829 
281 0.208710 0.000000 0.000000 95.854574 0.004012 0.026279 0.081190 
282 0.135439 0.000000 -0.068215 93.215133 -12.541743 -15.586226 0.091071 
283 0.135439 0.000000 -0.090953 94.401935 -12.568418 -15.182927 0.069979 
284 0.159863 0.000000 -0.068215 113.632068 -0.156035 -12.497701 -0.306846 
285 0.135439 0.000000 -0.045476 128.261008 -0.094261 -10.615668 -0.656359 
286 0.257557 0.000000 -0.272858 100.253331 -7.785557 -1.836329 -0.011472 
287 0.257557 0.000000 -0.363811 100.053799 -7.387646 -0.952510 -0.006625 
288 0.355251 0.000000 -0.272858 100.702310 -7.910156 -0.771336 -0.020412 
289 0.208710 0.000000 -0.136429 100.250548 -10.058740 -7.267663 -0.020417 
290 0.208710 0.000000 -0.181905 99.394460 -8.606423 -4.855586 0.002309 
291 0.257557 0.000000 -0.136429 101.320425 -10.122259 -6.300617 -0.040799 
292 0.135439 0.000000 -0.113691 97.226740 -10.372452 -9.228707 0.035420 
293 0.135439 0.000000 -0.136429 97.785619 -9.423695 -6.935643 0.030106 
294 0.159863 0.000000 -0.113691 98.478358 -10.829370 -9.725063 0.009016 
295 0.123228 0.000000 -0.079584 92.723406 -12.459073 -15.460773 0.100811 
296 0.111016 0.000000 -0.079584 92.609963 -12.453037 -15.429214 0.103026 
297 0.123228 0.000000 -0.090953 92.579374 -12.528694 -15.482469 0.103238 
298 0.135439 0.000000 -0.079584 94.349886 -12.574699 -15.391851 0.070307 
299 0.123228 0.000000 -0.068215 92.585821 -12.530658 -15.483713 0.103110 
300 0.208710 0.000000 0.045476 94.729944 -0.090509 5.278231 0.099837 
301 0.257557 0.000000 0.045476 81.539804 -0.072676 4.036838 0.333496 
302 0.208710 0.000000 0.090953 100.541570 -12.671979 12.764359 -0.043212 
303 0.135439 0.000000 0.068215 93.141672 -12.660483 15.577689 0.092168 
304 0.135439 0.000000 0.045476 128.094702 -0.211151 10.626752 -0.652123 
305 0.159863 0.000000 0.068215 113.624807 -0.126330 12.524923 -0.306749 
306 0.135439 0.000000 0.090953 94.350159 -12.634298 15.178371 0.070804 
307 0.257557 0.000000 0.272858 100.292970 -7.811488 1.843097 -0.012310 
308 0.355251 0.000000 0.272858 100.755616 -7.920481 0.775502 -0.021503 
309 0.257557 0.000000 0.363811 100.085429 -7.412329 0.955681 -0.007295 
310 0.208710 0.000000 0.136429 100.240117 -10.030279 7.255978 -0.020134 
311 0.257557 0.000000 0.136429 101.335809 -10.080193 6.290565 -0.041013 
312 0.208710 0.000000 0.181905 99.411262 -8.582353 4.837308 0.002034 
313 0.135439 0.000000 0.113691 97.190155 -10.335975 9.256510 0.036156 
314 0.159863 0.000000 0.113691 98.438490 -10.792424 9.745617 0.009841 
315 0.135439 0.000000 0.136429 97.747684 -9.394083 6.960391 0.030869 
316 0.123228 0.000000 0.079584 92.641361 -12.568260 15.450395 0.102090 
317 0.111016 0.000000 0.079584 92.528572 -12.496232 15.417147 0.104462 
318 0.123228 0.000000 0.068215 92.496848 -12.616254 15.470344 0.104583 
319 0.135439 0.000000 0.079584 94.301044 -12.642554 15.388912 0.071066 
320 0.123228 0.000000 0.090953 92.489950 -12.621344 15.469020 0.104702 
321 0.184287 0.000000 -0.068215 102.444083 -0.155898 -10.326178 -0.060144 
322 0.184287 0.000000 -0.090953 99.310076 -12.551302 -13.355516 -0.019840 
323 0.208710 0.000000 -0.068215 92.615824 -0.099969 -8.215581 0.135480 
324 0.184287 0.000000 -0.045476 103.774127 -0.134708 -6.782702 -0.081509 
325 0.184287 0.000000 0.068215 102.467984 -0.163845 10.342272 -0.060668 
326 0.184287 0.000000 0.045476 103.801540 -0.144507 6.817952 -0.082127 
327 0.208710 0.000000 0.068215 92.653079 -0.098387 8.238396 0.134753 
328 0.184287 0.000000 0.090953 99.323439 -12.542804 13.358902 -0.020093 
329 0.452945 0.000000 -0.090953 98.994893 -10.180900 -0.001873 0.009636 
330 0.452945 0.000000 -0.181905 99.794894 -11.832879 -0.001021 -0.009904 
331 0.550639 0.000000 -0.090953 101.026006 -7.505531 -0.007841 -0.026259 
332 0.452945 0.000000 0.000000 101.489457 -6.542188 -0.008632 -0.034291 
333 0.306404 0.000000 -0.136429 102.431863 -10.438871 -4.261385 -0.061942 
334 0.306404 0.000000 -0.181905 101.359949 -8.896049 -2.820392 -0.036093 
335 0.355251 0.000000 -0.136429 104.459392 -10.644982 -2.709317 -0.103242 
336 0.306404 0.000000 -0.090953 104.421062 -12.501660 -6.479531 -0.110203 
337 0.233134 0.000000 -0.113691 101.455172 -11.567663 -8.362660 -0.049690 
338 0.208710 0.000000 -0.113691 101.307743 -11.343831 -9.444432 -0.048114 
339 0.233134 0.000000 -0.136429 100.681412 -10.114558 -6.718817 -0.028419 
340 0.257557 0.000000 -0.113691 102.780593 -12.599642 -10.275269 -0.082818 
341 0.233134 0.000000 -0.090953 102.948708 -12.652982 -10.292551 -0.086447 
342 0.452945 0.000000 0.090953 99.009268 -10.167977 -0.006750 0.009378 
343 0.550639 0.000000 0.090953 101.032920 -7.498087 -0.007104 -0.026387 
344 0.452945 0.000000 0.181905 99.808035 -11.816731 -0.001609 -0.010128 
345 0.306404 0.000000 0.136429 102.450962 -10.421604 4.276590 -0.062310 
346 0.306404 0.000000 0.090953 104.485188 -12.551730 6.484683 -0.111675 
347 0.355251 0.000000 0.136429 104.498246 -10.718642 2.707381 -0.104210 
348 0.306404 0.000000 0.181905 101.330010 -8.891720 2.827962 -0.035483 
349 0.233134 0.000000 0.113691 101.449780 -11.535772 8.354388 -0.049493 
350 0.208710 0.000000 0.113691 101.306131 -11.292399 9.435674 -0.047948 
351 0.233134 0.000000 0.090953 102.939981 -12.603132 10.291511 -0.086139 
352 0.257557 0.000000 0.113691 102.758239 -12.605356 10.273618 -0.082370 
353 0.233134 0.000000 0.136429 100.695459 -10.072245 6.713979 -0.028610 
354 0.306404 0.000000 -0.045476 72.729062 0.105506 -2.142526 0.470588 
355 0.355251 0.000000 -0.045476 67.607711 -0.055133 -1.094869 0.542800 
356 0.306404 0.000000 0.000000 73.331576 0.023427 -0.020692 0.462248 
357 0.281981 0.000000 -0.113691 103.790323 -12.496040 -8.456898 -0.100010 
358 0.281981 0.000000 -0.136429 102.269770 -10.291883 -5.199637 -0.059206 
359 0.306404 0.000000 -0.113691 104.404438 -12.513631 -6.479267 -0.109886 
360 0.281981 0.000000 -0.090953 103.601935 -12.503098 -8.790756 -0.096697 
361 0.281981 0.000000 -0.068215 75.196429 0.092221 -4.596901 0.432436 
362 0.257557 0.000000 -0.068215 80.621727 -0.092804 -6.177559 0.346197 
363 0.306404 0.000000 -0.068215 72.101927 0.059355 -3.138817 0.479146 
364 0.281981 0.000000 -0.045476 76.306518 0.053071 -3.141963 0.416744 
365 0.269769 0.000000 -0.102322 102.934647 -12.542839 -10.015850 -0.085318 
366 0.257557 0.000000 -0.102322 102.752863 -12.586961 -10.272324 -0.082210 
367 0.269769 0.000000 -0.113691 102.898719 -12.529156 -10.287030 -0.085095 
368 0.281981 0.000000 -0.102322 103.631681 -12.500996 -9.233853 -0.098106 
369 0.269769 0.000000 -0.090953 102.827980 -12.557834 -10.279902 -0.083697 
370 0.306404 0.000000 0.045476 72.864796 0.011935 2.127775 0.468619 
371 0.355251 0.000000 0.045476 67.611670 -0.054818 1.098067 0.542745 
372 0.281981 0.000000 0.113691 103.811317 -12.482398 8.458868 -0.100415 
373 0.281981 0.000000 0.090953 103.616299 -12.491954 8.792082 -0.096969 
374 0.306404 0.000000 0.113691 104.477782 -12.576096 6.484477 -0.111581 
375 0.281981 0.000000 0.136429 102.269070 -10.347136 5.203818 -0.059311 
376 0.281981 0.000000 0.068215 75.227950 0.125491 4.600145 0.431958 
377 0.257557 0.000000 0.068215 80.665104 -0.076177 6.197581 0.345473 
378 0.281981 0.000000 0.045476 76.377466 0.042154 3.173779 0.415641 
379 0.306404 0.000000 0.068215 72.223948 -0.019317 3.125513 0.477393 
380 0.269769 0.000000 0.102322 102.923894 -12.540043 10.014824 -0.085088 
381 0.257557 0.000000 0.102322 102.730951 -12.593864 10.270671 -0.081774 
382 0.269769 0.000000 0.090953 102.812957 -12.556488 10.278344 -0.083381 
383 0.281981 0.000000 0.102322 103.649911 -12.469043 9.234638 -0.098406 
384 0.269769 0.000000 0.113691 102.890343 -12.519941 10.285563 -0.084896 
385 0.746027 0.000000 -1.091433 99.785210 -7.051682 -0.020573 -0.000681 
386 0.746027 0.000000 -1.455243 99.771585 -7.027575 -0.010172 -0.000376 
387 1.136804 0.000000 -1.091433 99.788391 -7.087296 0.000796 -0.000795 
388 0.550639 0.000000 -0.545716 99.836380 -7.223606 -0.010459 -0.001948 
389 0.550639 0.000000 -0.727622 99.816059 -7.114343 -0.069983 -0.001386 
390 0.746027 0.000000 -0.545716 99.819142 -7.241311 0.016354 -0.001630 
391 0.452945 0.000000 -0.272858 100.429044 -7.917602 0.081639 -0.014869 
392 0.452945 0.000000 -0.363811 100.358014 -7.492092 -0.056280 -0.012787 
393 0.550639 0.000000 -0.272858 101.472326 -12.002452 0.000945 -0.044069 
394 0.404098 0.000000 -0.136429 98.098401 -12.495352 -0.000653 0.022057 
395 0.404098 0.000000 -0.181905 101.897691 -9.101261 0.206485 -0.046602 
396 0.452945 0.000000 -0.136429 99.159342 -10.751726 -0.002181 0.005183 
397 0.404098 0.000000 -0.090953 101.130758 -12.511973 -1.660509 -0.038674 
398 0.330828 0.000000 -0.113691 104.388239 -12.550448 -6.481118 -0.109642 
399 0.330828 0.000000 -0.136429 102.846812 -10.551292 -3.959694 -0.070448 
400 0.355251 0.000000 -0.113691 105.246945 -12.608920 -4.690478 -0.125790 
401 0.330828 0.000000 -0.090953 104.382054 -12.550906 -6.480714 -0.109514 
402 0.746027 0.000000 1.091433 99.804193 -7.036311 0.010940 -0.001039 
403 1.136804 0.000000 1.091433 99.798123 -7.049648 -0.017577 -0.000936 
404 0.746027 0.000000 1.455243 99.778520 -7.009299 0.002374 -0.000488 
405 0.550639 0.000000 0.545716 99.860516 -7.220598 0.003108 -0.002426 
406 0.746027 0.000000 0.545716 99.845357 -7.234166 -0.041019 -0.002143 
407 0.550639 0.000000 0.727622 99.844130 -7.099631 0.057877 -0.001926 
408 0.452945 0.000000 0.272858 100.493302 -7.928966 -0.105828 -0.016178 
409 0.550639 0.000000 0.272858 101.489025 -11.982991 -0.000109 -0.044361 
410 0.452945 0.000000 0.363811 100.392041 -7.508694 0.048307 -0.013494 
411 0.404098 0.000000 0.136429 98.109267 -12.478192 -0.002349 0.021887 
412 0.404098 0.000000 0.090953 101.150563 -12.462543 1.658973 -0.038950 
413 0.452945 0.000000 0.136429 99.172120 -10.737944 -0.005116 0.004959 
414 0.404098 0.000000 0.181905 101.881192 -9.119578 -0.206202 -0.046299 
415 0.330828 0.000000 0.113691 104.492724 -12.633500 6.488190 -0.112043 
416 0.330828 0.000000 0.090953 104.486247 -12.633919 6.487764 -0.111908 
417 0.355251 0.000000 0.113691 105.341496 -12.631988 4.693770 -0.127843 
418 0.330828 0.000000 0.136429 102.865066 -10.531597 3.972783 -0.070792 
419 0.404098 0.000000 -0.045476 66.887445 -0.019967 0.839146 0.552537 
420 0.452945 0.000000 -0.045476 99.545941 -8.588502 -0.004429 0.001684 
421 0.404098 0.000000 0.000000 67.970198 0.005620 0.002751 0.538005 
422 0.379675 0.000000 -0.113691 104.645283 -12.648456 -2.229738 -0.111559 
423 0.379675 0.000000 -0.136429 104.218097 -10.766288 -1.018480 -0.097836 
424 0.404098 0.000000 -0.113691 100.813530 -12.591598 -1.848251 -0.032533 
425 0.379675 0.000000 -0.090953 104.325608 -12.652355 -2.223033 -0.104886 
426 0.330828 0.000000 -0.068215 69.266621 -0.027997 -2.994274 0.519317 
427 0.355251 0.000000 -0.068215 66.336211 -0.065616 -1.808336 0.559623 
428 0.330828 0.000000 -0.045476 69.803519 -0.063011 -1.918492 0.512378 
429 0.343039 0.000000 -0.102322 104.776809 -12.566027 -6.150667 -0.117392 
430 0.330828 0.000000 -0.102322 104.384777 -12.550704 -6.480892 -0.109570 
431 0.343039 0.000000 -0.113691 104.853097 -12.576389 -6.007825 -0.118843 
432 0.355251 0.000000 -0.102322 105.355831 -12.620471 -4.799472 -0.128216 
433 0.343039 0.000000 -0.090953 104.626579 -12.559068 -6.495836 -0.114665 
434 0.404098 0.000000 0.045476 66.962487 -0.002472 -0.846674 0.551531 
435 0.452945 0.000000 0.045476 99.559895 -8.578267 -0.008113 0.001424 
436 0.330828 0.000000 0.068215 69.405772 -0.095813 3.002694 0.517381 
437 0.330828 0.000000 0.045476 69.880365 -0.081109 1.912231 0.511307 
438 0.355251 0.000000 0.068215 66.399608 -0.066120 1.811319 0.558781 
439 0.379675 0.000000 0.113691 104.711207 -12.617810 2.230136 -0.112862 
440 0.379675 0.000000 0.090953 104.384548 -12.615680 2.223471 -0.106023 
441 0.404098 0.000000 0.113691 100.836063 -12.541201 1.847072 -0.032860 
442 0.379675 0.000000 0.136429 104.265537 -10.809069 1.015881 -0.098917 
443 0.343039 0.000000 0.102322 104.881677 -12.629445 6.156859 -0.119758 
444 0.330828 0.000000 0.102322 104.489098 -12.633734 6.487952 -0.111968 
445 0.343039 0.000000 0.090953 104.731906 -12.630358 6.502547 -0.117058 
446 0.355251 0.000000 0.102322 105.447893 -12.636729 4.802330 -0.130201 
447 0.343039 0.000000 0.113691 104.955055 -12.632327 6.013453 -0.121130 
448 1.527580 0.000000 -0.363811 99.760914 -7.790337 0.194600 -0.001297 
449 1.527580 0.000000 -0.727622 99.739362 -7.259204 0.028850 -0.000064 
450 1.918356 0.000000 -0.363811 99.778825 -7.319323 0.117064 -0.000940 
451 1.527580 0.000000 0.000000 100.929652 -7.674412 0.111681 -0.024570 
452 0.941416 0.000000 -0.181905 102.229467 -8.069424 -0.003951 -0.051598 
453 0.941416 0.000000 -0.363811 99.741855 -7.584308 -0.040621 -0.000596 
454 1.136804 0.000000 -0.181905 101.848858 -8.741509 -0.000965 -0.044960 
455 0.941416 0.000000 0.000000 102.182139 -6.590654 -0.004807 -0.048463 
456 0.648333 0.000000 -0.090953 101.695779 -7.505507 -0.007048 -0.039836 
457 0.648333 0.000000 -0.181905 101.778793 -8.505980 -0.007509 -0.043127 
458 0.746027 0.000000 -0.090953 102.156326 -6.895305 -0.008597 -0.048346 
459 0.648333 0.000000 0.000000 101.833701 -6.550734 -0.008346 -0.041301 
460 0.501792 0.000000 -0.136429 99.679290 -9.655270 -0.004953 -0.002919 
461 0.501792 0.000000 -0.181905 100.978722 -9.887552 -0.005145 -0.029447 
462 0.550639 0.000000 -0.136429 101.482912 -7.224791 -0.009320 -0.035098 
463 0.501792 0.000000 -0.090953 99.681952 -9.555406 -0.003159 -0.002780 
464 0.428522 0.000000 -0.113691 98.390383 -12.214839 -0.969359 0.016919 
465 0.428522 0.000000 -0.136429 99.125634 -11.720494 -0.000984 0.003674 
466 0.452945 0.000000 -0.113691 99.031167 -10.701501 -0.002727 0.007831 
467 0.428522 0.000000 -0.090953 98.538628 -11.948674 -0.852237 0.014664 
468 0.379675 0.000000 -0.068215 65.605186 -0.028777 -0.283225 0.569588 
469 0.404098 0.000000 -0.068215 98.105253 -11.895988 -0.000809 0.023384 
470 0.379675 0.000000 -0.045476 66.545346 -0.025899 -0.202163 0.557168 
471 0.391886 0.000000 -0.102322 102.976927 -12.663737 -2.053019 -0.076883 
472 0.379675 0.000000 -0.102322 104.653869 -12.647726 -2.229970 -0.111737 
473 0.391886 0.000000 -0.113691 102.812587 -12.659109 -1.997657 -0.073467 
474 0.404098 0.000000 -0.102322 100.904813 -12.603184 -1.883275 -0.034417 
475 0.391886 0.000000 -0.090953 102.629686 -12.652834 -1.927259 -0.069666 
476 0.379675 0.000000 0.068215 65.676011 -0.008939 0.298205 0.568657 
477 0.379675 0.000000 0.045476 66.629569 -0.024426 0.206771 0.556046 
478 0.404098 0.000000 0.068215 98.116047 -11.879112 -0.004694 0.023213 
479 1.527580 0.000000 0.363811 99.867926 -7.733003 -0.156219 -0.003343 
480 1.918356 0.000000 0.363811 99.942169 -7.233325 -0.366203 -0.004089 
481 1.527580 0.000000 0.727622 99.800802 -7.205754 -0.058775 -0.001213 
482 0.941416 0.000000 0.181905 102.239275 -8.075012 -0.004812 -0.051808 
483 1.136804 0.000000 0.181905 101.861269 -8.746872 -0.000201 -0.045223 
484 0.941416 0.000000 0.363811 99.766552 -7.577810 0.017190 -0.001079 
485 0.648333 0.000000 0.090953 101.701749 -7.502389 -0.006841 -0.039953 
486 0.746027 0.000000 0.090953 102.160902 -6.894556 -0.006663 -0.048438 
487 0.648333 0.000000 0.181905 101.789303 -8.502281 -0.003793 -0.043335 
488 0.501792 0.000000 0.136429 99.691147 -9.643530 -0.004999 -0.003132 
489 0.501792 0.000000 0.090953 99.694443 -9.542979 -0.006527 -0.003005 
490 0.550639 0.000000 0.136429 101.492304 -7.217538 -0.005610 -0.035278 
491 0.501792 0.000000 0.181905 100.990721 -9.877115 -0.002647 -0.029668 
492 0.428522 0.000000 0.113691 98.416296 -12.188282 0.966713 0.016474 
493 0.428522 0.000000 0.090953 98.562775 -11.923866 0.848738 0.014248 
494 0.452945 0.000000 0.113691 99.043350 -10.687771 -0.004820 0.007619 
495 0.428522 0.000000 0.136429 99.137822 -11.704150 -0.003352 0.003471 
496 0.391886 0.000000 0.102322 103.012869 -12.612367 2.053038 -0.077494 
497 0.379675 0.000000 0.102322 104.720200 -12.617513 2.230372 -0.113050 
498 0.391886 0.000000 0.090953 102.665335 -12.605849 1.927021 -0.070279 
499 0.404098 0.000000 0.102322 100.927291 -12.551919 1.882174 -0.034741 
500 0.391886 0.000000 0.113691 102.848424 -12.609840 1.997553 -0.074080 
501 1.332192 0.000000 -0.181905 100.736172 -9.074399 -0.059803 -0.023012 
502 1.332192 0.000000 -0.363811 99.879631 -7.711042 0.164044 -0.003543 
503 1.527580 0.000000 -0.181905 100.713028 -9.045769 0.095387 -0.022495 
504 1.332192 0.000000 0.000000 100.762785 -7.008298 -0.072716 -0.020226 
505 1.332192 0.000000 0.181905 100.901201 -9.173147 -0.008682 -0.026520 
506 1.527580 0.000000 0.181905 101.280562 -9.202979 0.117628 -0.034246 
507 1.332192 0.000000 0.363811 99.939646 -7.684407 -0.143131 -0.004700 
508 1.234498 0.000000 -0.090953 98.953820 -11.447181 -0.006298 0.007710 
509 1.136804 0.000000 -0.090953 100.973104 -7.944440 -0.002387 -0.025868 
510 1.234498 0.000000 -0.181905 100.763636 -12.443023 -0.001008 -0.030814 
511 1.332192 0.000000 -0.090953 99.647803 -9.894408 -0.043738 -0.002759 
512 1.234498 0.000000 0.000000 77.892646 -0.052397 0.000598 0.393273 
513 1.234498 0.000000 0.090953 98.956223 -11.460722 0.002479 0.007632 
514 1.136804 0.000000 0.090953 100.978666 -7.945649 -0.000368 -0.025982 
515 1.332192 0.000000 0.090953 99.668912 -9.942922 -0.024960 -0.003275 
516 1.234498 0.000000 0.181905 100.771481 -12.445401 0.001108 -0.030978 
517 4.263014 0.000000 -8.731461 99.755530 -6.984989 -0.000828 0.000004 
518 4.263014 0.000000 -11.641948 99.755848 -6.981739 -0.000433 0.000003 
519 7.389224 0.000000 -8.731461 99.755404 -6.987245 -0.001443 0.000004 
520 2.699909 0.000000 -4.365730 99.757121 -7.004493 -0.001299 -0.000055 
521 2.699909 0.000000 -5.820974 99.754970 -6.990406 -0.001234 0.000008 
522 4.263014 0.000000 -4.365730 99.753436 -7.006705 -0.004316 0.000016 
523 1.918356 0.000000 -2.182865 99.759572 -7.036926 0.000999 -0.000149 
524 1.918356 0.000000 -2.910487 99.759708 -7.010311 0.001582 -0.000114 
525 2.699909 0.000000 -2.182865 99.747904 -7.058327 -0.006638 0.000054 
526 1.527580 0.000000 -1.091433 99.770542 -7.129846 0.012124 -0.000500 
527 1.527580 0.000000 -1.455243 99.766302 -7.062310 0.008535 -0.000319 
528 1.918356 0.000000 -1.091433 99.741236 -7.197795 0.020241 -0.000012 
529 1.332192 0.000000 -0.545716 99.806855 -7.350494 0.057896 -0.001544 
530 1.136804 0.000000 -0.545716 99.808023 -7.291348 -0.005702 -0.001481 
531 1.332192 0.000000 -0.727622 99.784933 -7.224232 0.034488 -0.000922 
532 1.527580 0.000000 -0.545716 99.741651 -7.419917 0.093267 -0.000346 
533 1.234498 0.000000 -0.272858 100.161828 -8.159514 0.020985 -0.009897 
534 1.136804 0.000000 -0.272858 101.848900 -12.116540 -0.001220 -0.052001 
535 1.234498 0.000000 -0.363811 99.932811 -7.678794 0.027908 -0.004553 
536 1.332192 0.000000 -0.272858 101.003496 -12.984977 -0.012393 -0.037032 
537 10.515434 0.000000 -2.910487 99.751898 -7.037349 -0.027825 0.000003 
538 10.515434 0.000000 -5.820974 99.754621 -6.998761 -0.005335 0.000003 
539 13.641644 0.000000 -2.910487 99.752337 -7.032454 -0.033485 0.000001 
540 10.515434 0.000000 0.000000 99.844032 -5.720209 0.179260 -0.000158 
541 5.826119 0.000000 -1.455243 99.741652 -7.175936 -0.085482 0.000010 
542 5.826119 0.000000 -2.910487 99.751007 -7.040526 -0.016692 0.000017 
543 7.389224 0.000000 -1.455243 99.743488 -7.152945 -0.105833 0.000006 
544 5.826119 0.000000 0.000000 100.047584 -2.800903 -3.275406 -0.002809 
545 3.481461 0.000000 -0.727622 99.706391 -7.563078 -0.164524 0.000141 
546 3.481461 0.000000 -1.455243 99.736422 -7.170895 -0.043867 0.000122 
547 4.263014 0.000000 -0.727622 99.710626 -7.545313 -0.230236 0.000081 
548 3.481461 0.000000 0.000000 100.023394 -2.973669 -1.370981 -0.001540 
549 2.309132 0.000000 -0.363811 99.207793 -7.450208 -0.112823 0.010230 
550 2.309132 0.000000 -0.727622 99.640591 -7.508826 -0.020633 0.001537 
551 2.699909 0.000000 -0.363811 99.723094 -7.415090 -0.035740 0.000032 
552 2.309132 0.000000 0.000000 135.245436 -3.686807 -1.266856 -0.830653 
553 1.722968 0.000000 -0.181905 100.930564 -9.113479 0.116323 -0.027005 
554 1.722968 0.000000 -0.363811 99.562015 -7.850053 0.191030 0.002575 
555 1.918356 0.000000 -0.181905 101.024444 -8.280789 -0.967797 -0.027545 
556 1.722968 0.000000 0.000000 101.213655 -7.972133 -0.131508 -0.030778 
557 1.429886 0.000000 -0.090953 100.822761 -9.282866 -0.061483 -0.025140 
558 1.429886 0.000000 -0.181905 100.887631 -9.353315 -0.072521 -0.026580 
559 1.527580 0.000000 -0.090953 100.984834 -8.893998 0.085651 -0.027705 
560 1.429886 0.000000 0.000000 100.762782 -7.008305 -0.072715 -0.020226 
561 1.283345 0.000000 -0.136429 99.044039 -10.860074 -0.027344 0.007234 
562 1.234498 0.000000 -0.136429 99.184338 -11.687286 -0.005058 0.002587 
563 1.283345 0.000000 -0.181905 99.667849 -11.717438 -0.033295 -0.007098 
564 1.332192 0.000000 -0.136429 99.718456 -9.487820 -0.060035 -0.003379 
565 1.283345 0.000000 -0.090953 98.834814 -10.598984 -0.027524 0.011934 
566 10.515434 0.000000 2.910487 99.755545 -6.986739 0.001455 0.000002 
567 13.641644 0.000000 2.910487 99.755709 -6.984884 0.004636 0.000001 
568 10.515434 0.000000 5.820974 99.756648 -6.972036 -0.001502 0.000000 
569 5.826119 0.000000 1.455243 99.748664 -7.080801 0.006255 0.000007 
570 7.389224 0.000000 1.455243 99.749636 -7.068088 0.022840 0.000005 
571 5.826119 0.000000 2.910487 99.755334 -6.989273 -0.004233 0.000002 
572 3.481461 0.000000 0.727622 99.720316 -7.384901 -0.066916 0.000132 
573 4.263014 0.000000 0.727622 99.723888 -7.388242 -0.016884 0.000056 
574 3.481461 0.000000 1.455243 99.745766 -7.072290 -0.022370 0.000076 
575 2.309132 0.000000 0.363811 99.273623 -7.204152 -0.366103 0.009271 
576 2.699909 0.000000 0.363811 99.757742 -7.157723 -0.547671 -0.000314 
577 2.309132 0.000000 0.727622 99.724430 -7.333435 -0.163977 0.000123 
578 1.722968 0.000000 0.181905 101.752178 -9.630579 0.033162 -0.044625 
579 1.918356 0.000000 0.181905 102.068444 -9.567325 -1.282267 -0.051115 
580 1.722968 0.000000 0.363811 99.803772 -7.794793 -0.246108 -0.002161 
581 1.429886 0.000000 0.090953 100.931741 -9.358750 -0.037792 -0.027480 
582 1.527580 0.000000 0.090953 101.188231 -8.971068 0.104772 -0.031955 
583 1.429886 0.000000 0.181905 101.015456 -9.466618 -0.019471 -0.029374 
584 4.263014 0.000000 8.731461 99.756870 -6.972799 -0.000762 -0.000005 
585 7.389224 0.000000 8.731461 99.756766 -6.971969 -0.000892 -0.000002 
586 4.263014 0.000000 11.641948 99.756756 -6.972972 -0.000404 -0.000003 
587 2.699909 0.000000 4.365730 99.761230 -6.976110 -0.004024 -0.000097 
588 4.263014 0.000000 4.365730 99.756731 -6.978230 -0.003182 -0.000010 
589 2.699909 0.000000 5.820974 99.757270 -6.974740 -0.001592 -0.000016 
590 1.918356 0.000000 2.182865 99.766320 -6.999466 -0.016044 -0.000231 
591 2.699909 0.000000 2.182865 99.755234 -7.007691 -0.016248 -0.000021 
592 1.918356 0.000000 2.910487 99.767690 -6.984766 -0.010463 -0.000238 
593 1.527580 0.000000 1.091433 99.782914 -7.064637 -0.044777 -0.000654 
594 1.918356 0.000000 1.091433 99.765682 -7.097108 -0.073301 -0.000357 
595 1.527580 0.000000 1.455243 99.778157 -7.037998 -0.029257 -0.000521 
596 1.332192 0.000000 0.545716 99.863086 -7.311636 -0.062474 -0.002610 
597 1.136804 0.000000 0.545716 99.831969 -7.259341 -0.019855 -0.001912 
598 1.527580 0.000000 0.545716 99.845794 -7.371296 -0.102093 -0.002353 
599 1.332192 0.000000 0.727622 99.817717 -7.154603 -0.049189 -0.001477 
600 1.234498 0.000000 0.272858 100.197543 -8.144030 -0.010480 -0.010587 
601 1.136804 0.000000 0.272858 101.861658 -12.122727 0.001379 -0.052276 
602 1.332192 0.000000 0.272858 100.938991 -13.086852 0.003633 -0.035995 
603 1.234498 0.000000 0.363811 99.970620 -7.656945 -0.025052 -0.005275 
604 1.283345 0.000000 0.136429 99.104132 -10.909156 -0.000242 0.005936 
605 1.234498 0.000000 0.136429 99.182655 -11.700016 0.002595 0.002591 
606 1.283345 0.000000 0.090953 98.886117 -10.637662 -0.003513 0.010838 
607 1.332192 0.000000 0.136429 99.801595 -9.547254 -0.026123 -0.005151 
608 1.283345 0.000000 0.181905 99.733031 -11.792280 0.001883 -0.008574 
609 2.113744 0.000000 -0.181905 100.705286 -6.091107 3.216556 -0.018900 
610 2.113744 0.000000 -0.363811 99.598190 -7.290088 0.430308 0.002687 
611 2.309132 0.000000 -0.181905 97.721350 -5.840295 -2.511307 0.041012 
612 2.113744 0.000000 0.000000 97.137610 0.848918 -0.088182 0.056356 
613 2.113744 0.000000 0.181905 100.972733 -5.935396 -3.746338 -0.024476 
614 2.309132 0.000000 0.181905 98.053702 -5.517576 1.290777 0.035336 
615 2.113744 0.000000 0.363811 99.748661 -7.106039 -0.809148 -0.000095 
616 2.016050 0.000000 -0.090953 101.059652 -8.633279 -0.752472 -0.028815 
617 1.918356 0.000000 -0.090953 101.257415 -7.988183 -1.009976 -0.031790 
618 2.016050 0.000000 -0.181905 101.358149 -8.286961 -0.293717 -0.034223 
619 2.113744 0.000000 -0.090953 105.992340 -8.289638 11.099542 -0.142629 
620 2.016050 0.000000 0.000000 101.440112 -8.211485 -1.310805 -0.035924 
621 2.016050 0.000000 0.090953 101.256036 -9.419404 -0.411235 -0.034168 
622 1.918356 0.000000 0.090953 101.549518 -8.495489 -1.154226 -0.038581 
623 2.113744 0.000000 0.090953 106.590066 -8.268023 -11.184609 -0.155490 
624 2.016050 0.000000 0.181905 101.717393 -9.343041 -0.521850 -0.043399 
625 2.309132 0.000000 -1.091433 99.715958 -7.253464 -0.006058 0.000411 
626 2.309132 0.000000 -1.455243 99.743654 -7.132069 -0.004574 0.000034 
627 2.699909 0.000000 -1.091433 99.720097 -7.282152 -0.040674 0.000287 
628 2.113744 0.000000 -0.545716 99.506757 -7.553575 0.065701 0.004134 
629 1.918356 0.000000 -0.545716 99.580603 -7.490700 0.041611 0.002759 
630 2.113744 0.000000 -0.727622 99.677321 -7.442120 0.032837 0.000905 
631 2.309132 0.000000 -0.545716 99.533852 -7.658114 -0.024052 0.003437 
632 2.016050 0.000000 -0.272858 100.138464 -6.408004 0.372788 -0.006891 
633 1.918356 0.000000 -0.272858 101.480316 -10.271347 -0.519737 -0.040403 
634 2.016050 0.000000 -0.363811 99.805073 -7.185024 0.202937 -0.001272 
635 2.113744 0.000000 -0.272858 99.529124 -6.672850 1.054364 0.004831 
636 3.090685 0.000000 -0.363811 99.729982 -7.401801 0.207719 -0.000090 
637 3.090685 0.000000 -0.727622 99.703257 -7.564559 -0.134376 0.000202 
638 3.481461 0.000000 -0.363811 99.709471 -7.514438 0.420354 0.000138 
639 3.090685 0.000000 0.000000 99.965185 -3.268633 -1.344786 -0.000553 
640 2.504521 0.000000 -0.181905 100.190521 -5.404654 -0.691397 -0.006783 
641 2.504521 0.000000 -0.363811 99.581305 -7.390789 -0.251591 0.002888 
642 2.699909 0.000000 -0.181905 99.937790 -5.247021 -0.177624 -0.001512 
643 2.504521 0.000000 0.000000 101.087689 -3.555615 -1.325337 -0.023312 
644 2.211438 0.000000 -0.090953 88.679012 -7.859419 16.035582 0.181712 
645 2.211438 0.000000 -0.181905 96.326390 -6.130943 2.345619 0.067814 
646 2.309132 0.000000 -0.090953 106.556453 -4.690050 -17.634479 -0.168725 
647 2.211438 0.000000 0.000000 143.354121 -0.337942 -0.280875 -1.055060 
648 2.064897 0.000000 -0.136429 101.368695 -7.769285 -0.209167 -0.033602 
649 2.016050 0.000000 -0.136429 101.095684 -9.262620 -0.820705 -0.030681 
650 2.064897 0.000000 -0.181905 101.356188 -5.520638 1.617436 -0.030617 
651 2.113744 0.000000 -0.136429 103.265213 -6.720007 6.209753 -0.074742 
652 2.064897 0.000000 -0.090953 101.644035 -7.834437 2.432995 -0.039881 
653 3.090685 0.000000 0.363811 99.740891 -7.222793 -0.767567 -0.000100 
654 3.481461 0.000000 0.363811 99.716976 -7.403381 -0.929095 0.000085 
655 3.090685 0.000000 0.727622 99.717534 -7.373695 -0.087498 0.000203 
656 2.504521 0.000000 0.181905 100.219453 -5.160184 -0.623179 -0.007095 
657 2.699909 0.000000 0.181905 99.952465 -5.064146 -1.165058 -0.001750 
658 2.504521 0.000000 0.363811 99.618498 -7.114072 -0.267294 0.002547 
659 2.211438 0.000000 0.090953 89.680640 -7.591069 -16.240447 0.163601 
660 2.309132 0.000000 0.090953 106.908400 -4.504378 15.107581 -0.167793 
661 2.211438 0.000000 0.181905 96.771552 -5.839318 -3.170262 0.059112 
662 2.309132 0.000000 1.091433 99.733127 -7.132479 -0.071245 0.000243 
663 2.699909 0.000000 1.091433 99.730613 -7.152131 -0.055202 0.000265 
664 2.309132 0.000000 1.455243 99.753894 -7.061263 -0.040863 -0.000070 
665 2.113744 0.000000 0.545716 99.637561 -7.399573 -0.291103 0.001752 
666 1.918356 0.000000 0.545716 99.739571 -7.386291 -0.200724 -0.000258 
667 2.309132 0.000000 0.545716 99.574037 -7.449875 -0.230047 0.002946 
668 2.113744 0.000000 0.727622 99.777580 -7.324133 -0.180111 -0.000924 
669 2.016050 0.000000 0.272858 100.253313 -6.306952 -0.744361 -0.009106 
670 1.918356 0.000000 0.272858 102.000865 -11.670487 -0.932922 -0.054125 
671 2.113744 0.000000 0.272858 99.749127 -6.473017 -1.530911 0.000587 
672 2.016050 0.000000 0.363811 99.950254 -7.047733 -0.530005 -0.004000 
673 2.064897 0.000000 0.136429 101.569205 -8.445285 -0.158392 -0.038765 
674 2.016050 0.000000 0.136429 101.265427 -10.128617 -0.528956 -0.035756 
675 2.064897 0.000000 0.090953 101.626667 -8.434921 -2.883875 -0.040744 
676 2.113744 0.000000 0.136429 103.668536 -6.644400 -6.649556 -0.083553 
677 2.064897 0.000000 0.181905 101.505305 -5.512524 -2.024805 -0.033781 
678 2.211438 0.000000 -0.272858 98.208524 -6.862056 0.738266 0.030745 
679 2.211438 0.000000 -0.363811 99.226141 -7.390048 0.272012 0.009949 
680 2.309132 0.000000 -0.272858 98.566844 -6.810774 -0.545660 0.023789 
681 2.162591 0.000000 -0.136429 98.480302 -6.819093 7.896421 0.019278 
682 2.162591 0.000000 -0.181905 98.544395 -6.271514 3.752501 0.023559 
683 2.211438 0.000000 -0.136429 93.521825 -6.366797 5.561360 0.118220 
684 2.162591 0.000000 -0.090953 98.438268 -8.493139 15.406789 0.000040 
685 2.064897 0.000000 -0.045476 101.351206 -7.661283 -0.199480 -0.033080 
686 2.016050 0.000000 -0.045476 101.135206 -8.794109 -1.186868 -0.030707 
687 2.113744 0.000000 -0.045476 95.368828 0.977528 4.223374 0.088599 
688 2.064897 0.000000 0.000000 90.287893 0.859368 -0.150093 0.184734 
689 2.089321 0.000000 -0.113691 105.026148 -7.409519 5.418923 -0.111476 
690 2.064897 0.000000 -0.113691 102.485106 -7.327880 3.935241 -0.057238 
691 2.089321 0.000000 -0.136429 101.232840 -6.119278 -0.043394 -0.028554 
692 2.113744 0.000000 -0.113691 106.053167 -8.284432 10.958877 -0.143600 
693 2.089321 0.000000 -0.090953 104.883193 -7.420226 5.198035 -0.108256 
694 2.064897 0.000000 0.045476 101.535204 -8.332320 -0.146415 -0.037885 
695 2.016050 0.000000 0.045476 101.079042 -9.379584 -0.809770 -0.030561 
696 2.113744 0.000000 0.045476 95.408535 0.941822 -4.372703 0.087720 
697 2.211438 0.000000 0.272858 98.433556 -6.553135 -1.293746 0.026622 
698 2.309132 0.000000 0.272858 98.761653 -6.530220 -0.209916 0.020345 
699 2.211438 0.000000 0.363811 99.379258 -7.153087 -0.711966 0.007209 
700 2.162591 0.000000 0.136429 98.970295 -6.633728 -8.476879 0.008902 
701 2.162591 0.000000 0.090953 99.198172 -8.298937 -15.549360 -0.015093 
702 2.211438 0.000000 0.136429 94.250237 -6.074849 -6.401638 0.103901 
703 2.162591 0.000000 0.181905 98.899716 -6.009060 -4.406116 0.016332 
704 2.089321 0.000000 0.113691 105.285534 -7.679136 -5.507829 -0.117435 
705 2.064897 0.000000 0.113691 102.540827 -7.816451 -4.195970 -0.059332 
706 2.089321 0.000000 0.090953 105.141540 -7.707341 -5.299862 -0.114223 
707 2.113744 0.000000 0.113691 106.648041 -8.264210 -11.042783 -0.156404 
708 2.089321 0.000000 0.136429 101.412877 -6.789616 -0.064198 -0.033067 
709 2.162591 0.000000 -0.045476 113.868577 0.476226 8.338420 -0.303581 
710 2.211438 0.000000 -0.045476 144.021366 -0.232990 11.083651 -1.086506 
711 2.162591 0.000000 0.000000 115.571392 0.350524 -0.137107 -0.335689 
712 2.138168 0.000000 -0.113691 102.158241 -8.531406 15.093448 -0.073690 
713 2.138168 0.000000 -0.136429 100.946768 -6.870308 7.724640 -0.029712 
714 2.162591 0.000000 -0.113691 98.463978 -7.827363 11.622911 0.010849 
715 2.138168 0.000000 -0.090953 101.824273 -8.548515 15.044327 -0.066759 
716 2.089321 0.000000 -0.068215 101.232837 -6.123126 -0.043730 -0.028558 
717 2.064897 0.000000 -0.068215 101.162712 -10.482787 -0.857815 -0.034452 
718 2.113744 0.000000 -0.068215 92.970527 1.118486 6.382324 0.131450 
719 2.089321 0.000000 -0.045476 90.769916 1.026439 2.183274 0.175500 
720 2.101533 0.000000 -0.102322 106.716803 -7.937050 7.806245 -0.151241 
721 2.089321 0.000000 -0.102322 105.778493 -7.547936 5.904954 -0.128093 
722 2.101533 0.000000 -0.113691 106.870897 -7.921281 7.355434 -0.153824 
723 2.113744 0.000000 -0.102322 105.958876 -8.309941 11.573920 -0.143029 
724 2.101533 0.000000 -0.090953 106.899798 -8.014714 7.918016 -0.155450 
725 2.162591 0.000000 0.045476 113.748784 0.494929 -8.513758 -0.301151 
726 2.211438 0.000000 0.045476 143.436342 -0.256306 -11.455255 -1.070527 
727 2.089321 0.000000 0.068215 101.412946 -6.793660 -0.064609 -0.033074 
728 2.064897 0.000000 0.068215 101.007249 -11.256312 -0.270837 -0.032924 
729 2.089321 0.000000 0.045476 90.874752 1.050170 -2.320603 0.173529 
730 2.113744 0.000000 0.068215 93.056997 1.064835 -6.471938 0.129738 
731 2.138168 0.000000 0.113691 102.856832 -8.408806 -15.218202 -0.088183 
732 2.138168 0.000000 0.090953 102.521461 -8.409210 -15.169024 -0.081146 
733 2.162591 0.000000 0.113691 99.147737 -7.650209 -12.030198 -0.003353 
734 2.138168 0.000000 0.136429 101.420471 -6.721274 -8.229676 -0.039901 
735 2.101533 0.000000 0.102322 107.180161 -8.004864 -7.860963 -0.161346 
736 2.089321 0.000000 0.102322 106.089180 -7.748746 -5.971838 -0.135062 
737 2.101533 0.000000 0.090953 107.381326 -8.061274 -7.974084 -0.165932 
738 2.113744 0.000000 0.102322 106.565841 -8.282437 -11.662371 -0.156089 
739 2.101533 0.000000 0.113691 107.331805 -7.993009 -7.407290 -0.163887 
740 2.138168 0.000000 -0.068215 101.166216 0.880212 9.744098 -0.033033 
741 2.162591 0.000000 -0.068215 111.686384 0.586313 12.529748 -0.263119 
742 2.138168 0.000000 -0.045476 103.092611 0.774247 6.462769 -0.067045 
743 2.125956 0.000000 -0.102322 103.242927 -8.461755 14.940212 -0.095391 
744 2.125956 0.000000 -0.113691 103.981814 -8.437816 14.215294 -0.108549 
745 2.138168 0.000000 -0.102322 101.964264 -8.541491 15.064894 -0.069662 
746 2.125956 0.000000 -0.090953 103.868609 -8.442861 14.307320 -0.106467 
747 2.138168 0.000000 0.068215 101.155538 0.836155 -9.848909 -0.033014 
748 2.138168 0.000000 0.045476 103.125276 0.738504 -6.629139 -0.067931 
749 2.162591 0.000000 0.068215 111.521061 0.477282 -12.664803 -0.259757 
750 2.125956 0.000000 0.102322 103.932904 -8.392188 -15.061205 -0.109932 
751 2.125956 0.000000 0.090953 104.542199 -8.373274 -14.421669 -0.120717 
752 2.138168 0.000000 0.102322 102.662074 -8.409094 -15.189622 -0.084094 
753 2.125956 0.000000 0.113691 104.653133 -8.370464 -14.328663 -0.122765 
754 2.406827 0.000000 -0.090953 102.562814 -4.371019 -2.927622 -0.054681 
755 2.406827 0.000000 -0.181905 100.088841 -5.499708 -1.767641 -0.005115 
756 2.504521 0.000000 -0.090953 100.754463 -4.057739 -1.093282 -0.016912 
757 2.406827 0.000000 0.000000 105.066969 -3.903070 -1.361737 -0.105616 
758 2.260285 0.000000 -0.136429 91.156290 -5.736330 -1.949335 0.165383 
759 2.260285 0.000000 -0.181905 95.753167 -6.019708 -0.570649 0.079477 
760 2.309132 0.000000 -0.136429 97.682255 -5.316086 -6.575619 0.038668 
761 2.260285 0.000000 -0.090953 72.741304 -6.801058 12.010740 0.451819 
762 2.187015 0.000000 -0.113691 95.349834 -7.358972 11.152634 0.072987 
763 2.187015 0.000000 -0.136429 95.990584 -6.614983 7.233414 0.068973 
764 2.211438 0.000000 -0.113691 90.785533 -6.884252 9.380198 0.162261 
765 2.187015 0.000000 -0.090953 92.516597 -8.157076 16.886347 0.108899 
766 2.150380 0.000000 -0.102322 100.874550 -8.573020 14.905003 -0.047133 
767 2.150380 0.000000 -0.113691 101.267517 -8.575224 14.962722 -0.055253 
768 2.162591 0.000000 -0.102322 98.512797 -8.491886 15.563457 -0.001910 
769 2.150380 0.000000 -0.090953 100.180947 -8.551795 15.088160 -0.033701 
770 2.406827 0.000000 0.090953 102.659877 -4.251433 0.642816 -0.055754 
771 2.504521 0.000000 0.090953 100.787204 -4.008886 -1.151782 -0.017546 
772 2.406827 0.000000 0.181905 100.214528 -5.237376 0.404526 -0.007055 
773 2.260285 0.000000 0.136429 92.021722 -5.410989 0.625247 0.150233 
774 2.260285 0.000000 0.090953 74.545976 -6.788982 -12.333017 0.424470 
775 2.309132 0.000000 0.136429 98.169013 -4.997050 4.860970 0.031425 
776 2.260285 0.000000 0.181905 96.228561 -5.682963 -0.456607 0.070756 
777 2.187015 0.000000 0.113691 96.082359 -7.138403 -11.720938 0.057984 
778 2.187015 0.000000 0.090953 93.415238 -7.929846 -17.075213 0.091915 
779 2.211438 0.000000 0.113691 91.587226 -6.657903 -10.044583 0.146656 
780 2.187015 0.000000 0.136429 96.565615 -6.404953 -7.923768 0.057127 
781 2.150380 0.000000 0.102322 101.574524 -8.398038 -15.030305 -0.061382 
782 2.150380 0.000000 0.090953 100.898625 -8.371293 -15.218828 -0.048222 
783 2.162591 0.000000 0.102322 99.269503 -8.302004 -15.707077 -0.017007 
784 2.150380 0.000000 0.113691 101.961939 -8.409232 -15.087236 -0.069458 
785 2.260285 0.000000 -0.045476 176.409217 -2.033474 0.512805 -2.112461 
786 2.309132 0.000000 -0.045476 130.795657 -3.944357 -14.357866 -0.732921 
787 2.260285 0.000000 0.000000 162.408781 -2.098671 -0.792195 -1.638164 
788 2.187015 0.000000 -0.068215 125.092506 0.264020 15.674999 -0.589391 
789 2.211438 0.000000 -0.068215 144.123236 -0.093312 18.777347 -1.112410 
790 2.187015 0.000000 -0.045476 127.494797 0.143825 10.135304 -0.635767 
791 2.174803 0.000000 -0.102322 95.379222 -8.338424 16.405243 0.056414 
792 2.174803 0.000000 -0.113691 96.988161 -7.590438 11.431409 0.040500 
793 2.187015 0.000000 -0.102322 92.540526 -8.160711 16.890813 0.108435 
794 2.174803 0.000000 -0.090953 94.975408 -8.315794 16.527272 0.063737 
795 2.260285 0.000000 0.045476 174.705853 -2.082503 -1.878699 -2.053000 
796 2.309132 0.000000 0.045476 130.497246 -3.915584 11.608019 -0.717961 
797 2.187015 0.000000 0.068215 124.718464 0.245699 -15.815247 -0.580488 
798 2.187015 0.000000 0.045476 127.125845 0.148061 -10.389040 -0.626893 
799 2.211438 0.000000 0.068215 143.365823 -0.130590 -18.905436 -1.091119 
800 2.174803 0.000000 0.102322 96.213145 -8.139093 -16.573849 0.040209 
801 2.174803 0.000000 0.090953 95.819013 -8.117691 -16.699220 0.047396 
802 2.187015 0.000000 0.102322 93.439655 -7.940651 -17.079707 0.091426 
803 2.174803 0.000000 0.113691 97.726886 -7.393859 -11.934604 0.025235 
804 2.235862 0.000000 -0.068215 76.170416 -7.060147 12.576787 0.399005 
805 2.235862 0.000000 -0.090953 77.284470 -7.139541 12.760425 0.381331 
806 2.260285 0.000000 -0.068215 71.328417 -6.737722 11.777438 0.472815 
807 2.235862 0.000000 -0.045476 161.382093 -0.891056 9.568901 -1.613654 
808 2.235862 0.000000 -0.113691 87.174665 -6.348156 4.675846 0.233842 
809 2.235862 0.000000 -0.136429 91.528679 -6.052764 2.449249 0.157987 
810 2.260285 0.000000 -0.113691 84.419028 -5.795378 -2.964557 0.283105 
811 2.223650 0.000000 -0.079584 82.634232 -7.480086 14.207401 0.291378 
812 2.211438 0.000000 -0.079584 88.268399 -7.833123 15.918886 0.189392 
813 2.223650 0.000000 -0.090953 82.660055 -7.479918 14.116235 0.291210 
814 2.235862 0.000000 -0.079584 77.149168 -7.130911 12.738123 0.383490 
815 2.223650 0.000000 -0.068215 154.347455 -0.353648 17.227012 -1.412003 
816 2.235862 0.000000 0.068215 77.798520 -6.939530 -12.869543 0.373361 
817 2.235862 0.000000 0.045476 160.341936 -0.934086 -10.223173 -1.581492 
818 2.260285 0.000000 0.068215 73.204566 -6.782878 -12.110505 0.444842 
819 2.235862 0.000000 0.090953 78.844626 -7.006063 -13.041705 0.356435 
820 2.235862 0.000000 0.113691 88.205270 -6.057126 -5.613008 0.215164 
821 2.260285 0.000000 0.113691 85.666500 -5.507820 1.553536 0.262850 
822 2.235862 0.000000 0.136429 92.355779 -5.735709 -3.491729 0.142532 
823 2.223650 0.000000 0.079584 83.909459 -7.282483 -14.448051 0.269742 
824 2.211438 0.000000 0.079584 89.287120 -7.570877 -16.126090 0.171044 
825 2.223650 0.000000 0.068215 153.321537 -0.399586 -17.434096 -1.381160 
826 2.235862 0.000000 0.079584 78.717395 -6.998979 -13.020749 0.358505 
827 2.223650 0.000000 0.090953 83.928496 -7.282528 -14.354627 0.269692 
828 2.357979 0.000000 -0.045476 110.271407 -3.977834 -4.742219 -0.219810 
829 2.357979 0.000000 -0.090953 105.019413 -4.499133 -5.646959 -0.108121 
830 2.406827 0.000000 -0.045476 104.386202 -4.000449 -2.443431 -0.091845 
831 2.357979 0.000000 0.000000 112.316976 -3.856281 -1.354353 -0.263181 
832 2.284709 0.000000 -0.068215 155.753416 -4.031549 -50.074978 -1.678288 
833 2.284709 0.000000 -0.090953 89.595925 -5.012139 -34.599762 0.075031 
834 2.309132 0.000000 -0.068215 120.204713 -4.271424 -20.091858 -0.487110 
835 2.284709 0.000000 -0.045476 159.840242 -3.371356 -17.695671 -1.587341 
836 2.248074 0.000000 -0.079584 74.487257 -6.924742 12.299105 0.425243 
837 2.248074 0.000000 -0.090953 74.780274 -6.949265 12.347427 0.420716 
838 2.260285 0.000000 -0.079584 71.859710 -6.753282 11.865137 0.464979 
839 2.248074 0.000000 -0.068215 73.870214 -6.878121 12.197249 0.434711 
840 2.357979 0.000000 0.045476 110.308552 -3.980424 2.080355 -0.218815 
841 2.406827 0.000000 0.045476 104.438518 -3.987188 -0.213063 -0.092335 
842 2.357979 0.000000 0.090953 105.213173 -4.310819 3.322195 -0.109943 
843 2.284709 0.000000 0.068215 154.332137 -3.932404 46.181948 -1.596664 
844 2.284709 0.000000 0.045476 158.641159 -3.339289 15.130265 -1.540709 
845 2.309132 0.000000 0.068215 120.114187 -4.187519 17.288937 -0.474386 
846 2.284709 0.000000 0.090953 90.817240 -4.820184 31.495528 0.073703 
847 2.248074 0.000000 0.079584 76.211015 -6.842870 -12.608132 0.398609 
848 2.248074 0.000000 0.068215 75.625744 -6.815779 -12.511588 0.407775 
849 2.260285 0.000000 0.079584 73.706495 -6.778333 -12.193933 0.437271 
850 2.248074 0.000000 0.090953 76.486342 -6.862327 -12.653416 0.394264 
851 5.044566 0.000000 -0.727622 99.714903 -7.530052 -0.288653 0.000015 
852 5.044566 0.000000 -1.455243 99.740101 -7.172962 -0.073393 0.000046 
853 5.826119 0.000000 -0.727622 99.718739 -7.502914 -0.348823 -0.000024 
854 5.044566 0.000000 0.000000 99.980858 -3.726191 -2.734900 -0.001754 
855 3.872238 0.000000 -0.363811 99.697497 -7.716052 0.611841 0.000050 
856 3.872238 0.000000 -0.727622 99.708985 -7.558701 -0.196066 0.000095 
857 4.263014 0.000000 -0.363811 99.676875 -8.031911 0.779012 -0.000060 
858 3.872238 0.000000 0.000000 100.059134 -2.541775 -1.967769 -0.002216 
859 5.044566 0.000000 0.727622 99.724450 -7.397839 0.044615 0.000030 
860 5.826119 0.000000 0.727622 99.726526 -7.394410 0.104837 -0.000007 
861 5.044566 0.000000 1.455243 99.747596 -7.076284 -0.002720 0.000034 
862 4.653790 0.000000 -0.363811 99.643963 -8.529709 0.856604 -0.000241 
863 4.653790 0.000000 -0.727622 99.713118 -7.543098 -0.257737 0.000033 
864 5.044566 0.000000 -0.363811 99.597776 -9.203774 0.661433 -0.000486 
865 4.653790 0.000000 0.000000 100.005565 -3.358968 -2.582153 -0.001906 
866 4.653790 0.000000 0.363811 99.649736 -8.450441 -1.178063 -0.000287 
867 4.263014 0.000000 0.363811 99.681568 -7.975976 -1.184510 -0.000143 
868 5.044566 0.000000 0.363811 99.610711 -9.021231 -0.925315 -0.000453 
869 4.653790 0.000000 0.727622 99.723654 -7.398616 0.014860 0.000045 
870 4.458402 0.000000 -0.181905 99.911889 -4.688581 1.678863 -0.000719 
871 4.263014 0.000000 -0.181905 99.907850 -4.732205 1.439105 -0.000604 
872 4.458402 0.000000 -0.363811 99.662238 -8.259029 0.838045 -0.000148 
873 4.653790 0.000000 -0.181905 99.915033 -4.653039 1.908663 -0.000831 
874 4.458402 0.000000 0.000000 100.017839 -3.174082 -2.492057 -0.001985 
875 8.952329 0.000000 -1.455243 99.744999 -7.134522 -0.121649 0.000002 
876 8.952329 0.000000 -2.910487 99.751666 -7.039190 -0.024487 0.000005 
877 10.515434 0.000000 -1.455243 99.746521 -7.114339 -0.133027 0.000000 
878 8.952329 0.000000 0.000000 99.887788 -5.093087 0.424926 -0.000369 
879 6.607671 0.000000 -0.727622 99.722864 -7.445105 -0.402373 -0.000024 
880 6.607671 0.000000 -1.455243 99.742722 -7.160921 -0.096295 0.000010 
881 7.389224 0.000000 -0.727622 99.727261 -7.385269 -0.444756 -0.000027 
882 6.607671 0.000000 0.000000 99.991691 -3.601504 2.990237 -0.002025 
883 5.435343 0.000000 -0.363811 99.555897 -9.810519 -0.050744 -0.000763 
884 5.435343 0.000000 -0.727622 99.716581 -7.513432 -0.319088 0.000005 
885 5.826119 0.000000 -0.363811 99.554909 -9.845968 -1.087961 -0.000931 
886 5.435343 0.000000 0.000000 99.973243 -3.842454 -2.900104 -0.001782 
887 4.849178 0.000000 -0.181905 99.917334 -4.627862 2.128681 -0.000942 
888 4.849178 0.000000 -0.363811 99.622118 -8.849725 0.809781 -0.000354 
889 5.044566 0.000000 -0.181905 99.918701 -4.614590 2.348318 -0.001056 
890 4.849178 0.000000 0.000000 99.992839 -3.548606 -2.663446 -0.001825 
891 8.952329 0.000000 1.455243 99.750366 -7.059264 0.037229 0.000003 
892 10.515434 0.000000 1.455243 99.751202 -7.048228 0.048809 0.000002 
893 8.952329 0.000000 2.910487 99.755465 -6.987495 -0.000336 0.000002 
894 6.607671 0.000000 0.727622 99.728899 -7.361238 0.162362 -0.000007 
895 7.389224 0.000000 0.727622 99.731656 -7.324049 0.212497 -0.000009 
896 6.607671 0.000000 1.455243 99.749307 -7.071412 0.014788 0.000007 
897 5.435343 0.000000 0.363811 99.579560 -9.473993 -0.287449 -0.000593 
898 5.826119 0.000000 0.363811 99.580271 -9.484741 0.543299 -0.000649 
899 5.435343 0.000000 0.727622 99.725213 -7.393556 0.074765 0.000021 
900 4.849178 0.000000 0.181905 99.875858 -5.222351 -2.996992 -0.001144 
901 4.653790 0.000000 0.181905 99.874020 -5.241210 -2.797412 -0.001012 
902 5.044566 0.000000 0.181905 99.872519 -5.276246 -3.258635 -0.001298 
903 4.849178 0.000000 0.363811 99.630641 -8.730563 -1.094188 -0.000368 
904 4.751484 0.000000 -0.090953 100.189000 -0.739620 -1.705745 -0.004129 
905 4.653790 0.000000 -0.090953 100.181415 -0.844027 -1.645480 -0.003974 
906 4.751484 0.000000 -0.181905 99.916249 -4.639711 2.019665 -0.000886 
907 4.849178 0.000000 -0.090953 100.195935 -0.644106 -1.751466 -0.004271 
908 4.751484 0.000000 0.000000 99.999220 -3.453733 -2.624025 -0.001866 
909 5.239954 0.000000 -0.181905 99.903436 -4.837459 3.253353 -0.001468 
910 5.239954 0.000000 -0.363811 99.573947 -9.549218 0.376341 -0.000630 
911 5.435343 0.000000 -0.181905 100.156660 -1.219328 -1.640385 -0.003553 
912 5.239954 0.000000 0.000000 99.972592 -3.849036 -2.805703 -0.001721 
913 6.216895 0.000000 -0.363811 99.592334 -9.313341 -1.858474 -0.000883 
914 6.216895 0.000000 -0.727622 99.720613 -7.476311 -0.377074 -0.000024 
915 6.607671 0.000000 -0.363811 99.640184 -8.627737 -2.198117 -0.000744 
916 6.216895 0.000000 0.000000 100.144503 -1.417494 5.620745 -0.006252 
917 5.630731 0.000000 -0.181905 100.244650 0.034835 -3.229361 -0.005942 
918 5.630731 0.000000 -0.363811 99.548912 -9.914447 -0.569134 -0.000861 
919 5.826119 0.000000 -0.181905 100.202356 -0.587406 -3.382601 -0.005230 
920 5.630731 0.000000 0.000000 99.992810 -3.566716 -3.039788 -0.002052 
921 6.216895 0.000000 0.363811 99.608355 -9.085323 1.164744 -0.000572 
922 6.607671 0.000000 0.363811 99.644308 -8.569984 1.468668 -0.000459 
923 6.216895 0.000000 0.727622 99.727627 -7.379890 0.133917 -0.000008 
924 5.630731 0.000000 0.181905 100.077546 -2.355441 1.739453 -0.002409 
925 5.435343 0.000000 0.181905 99.961009 -4.018015 -0.213470 -0.000839 
926 5.826119 0.000000 0.181905 100.040219 -2.906620 2.084748 -0.002084 
927 5.630731 0.000000 0.363811 99.575184 -9.540319 0.132221 -0.000625 
928 5.533037 0.000000 -0.090953 100.217007 -0.358722 -1.574908 -0.004606 
929 5.435343 0.000000 -0.090953 100.217893 -0.343854 -1.652170 -0.004647 
930 5.533037 0.000000 -0.181905 100.275989 0.484898 -2.604342 -0.006229 
931 5.630731 0.000000 -0.090953 100.214422 -0.397602 -1.484755 -0.004529 
932 5.533037 0.000000 0.000000 99.979769 -3.751308 -2.963562 -0.001881 
933 6.021507 0.000000 0.181905 100.008304 -3.364293 2.325489 -0.001839 
934 6.021507 0.000000 0.000000 100.237929 -0.080334 -5.079135 -0.007345 
935 6.216895 0.000000 0.181905 99.976266 -3.823543 2.456793 -0.001591 
936 6.021507 0.000000 0.363811 99.592156 -9.315970 0.895200 -0.000619 
937 6.021507 0.000000 -0.181905 100.164193 -1.134530 -3.463652 -0.004615 
938 6.021507 0.000000 -0.363811 99.570650 -9.622252 -1.529101 -0.000924 
939 6.216895 0.000000 -0.181905 100.125902 -1.683248 -3.442510 -0.003988 
940 8.170776 0.000000 0.727622 99.734972 -7.277975 0.251533 -0.000010 
941 8.170776 0.000000 0.000000 99.918453 -4.653476 0.702749 -0.000585 
942 8.952329 0.000000 0.727622 99.738561 -7.227536 0.278139 -0.000010 
943 8.170776 0.000000 1.455243 99.749988 -7.063891 0.030351 0.000004 
944 6.998448 0.000000 0.363811 99.676044 -8.117757 1.551381 -0.000362 
945 6.998448 0.000000 0.000000 99.974174 -3.853783 1.888161 -0.001325 
946 7.389224 0.000000 0.363811 99.700931 -7.762907 1.517144 -0.000284 
947 6.998448 0.000000 0.727622 99.730191 -7.344085 0.188671 -0.000008 
948 6.412283 0.000000 0.181905 99.947440 -4.235321 2.495718 -0.001366 
949 6.412283 0.000000 0.000000 100.002532 -3.447008 3.802810 -0.002685 
950 6.607671 0.000000 0.181905 99.922819 -4.586690 2.469813 -0.001171 
951 6.412283 0.000000 0.363811 99.626430 -8.826577 1.351532 -0.000516 
952 6.119201 0.000000 0.090953 99.888290 -5.080964 0.649380 -0.000391 
953 6.021507 0.000000 0.090953 99.892963 -5.013562 0.450590 -0.000394 
954 6.119201 0.000000 0.000000 100.836151 8.473512 2.749634 -0.024729 
955 6.216895 0.000000 0.090953 99.885384 -5.123055 0.835011 -0.000403 
956 6.119201 0.000000 0.181905 99.992038 -3.597472 2.404201 -0.001713 
957 5.923813 0.000000 0.090953 99.899448 -4.920194 0.246178 -0.000417 
958 5.826119 0.000000 0.090953 99.907576 -4.803291 0.043622 -0.000460 
959 5.923813 0.000000 0.000000 100.096910 -2.096235 -3.662236 -0.003720 
960 5.923813 0.000000 0.181905 100.024605 -3.130582 2.218179 -0.001964 
961 8.170776 0.000000 -0.727622 99.732036 -7.318876 -0.472967 -0.000027 
962 8.170776 0.000000 -1.455243 99.744241 -7.144071 -0.114299 0.000004 
963 8.952329 0.000000 -0.727622 99.736861 -7.251086 -0.486299 -0.000026 
964 6.998448 0.000000 -0.363811 99.681755 -8.035093 -2.240267 -0.000603 
965 6.998448 0.000000 -0.727622 99.724996 -7.416361 -0.425208 -0.000026 
966 7.389224 0.000000 -0.363811 99.713362 -7.584343 -2.131487 -0.000482 
967 6.412283 0.000000 -0.181905 100.089771 -2.199056 -3.332102 -0.003390 
968 6.412283 0.000000 -0.363811 99.616422 -8.967804 -2.076027 -0.000816 
969 6.607671 0.000000 -0.181905 100.057125 -2.665541 -3.160500 -0.002852 
970 6.119201 0.000000 -0.090953 100.176024 -0.966115 -0.968715 -0.003711 
971 6.021507 0.000000 -0.090953 100.186870 -0.810425 -1.068299 -0.003921 
972 6.119201 0.000000 -0.181905 100.144935 -1.410524 -3.465689 -0.004301 
973 6.216895 0.000000 -0.090953 100.164052 -1.137859 -0.876775 -0.003490 
974 6.070354 0.000000 0.045476 99.676990 -8.102218 0.613135 -0.000152 
975 6.021507 0.000000 0.045476 99.672964 -8.159482 -0.033312 -0.000128 
976 6.070354 0.000000 0.000000 100.534366 4.158362 -5.620419 -0.015604 
977 6.119201 0.000000 0.045476 99.692866 -7.875483 1.173211 -0.000207 
978 6.070354 0.000000 0.090953 99.890398 -5.050540 0.551175 -0.000390 
979 3.286073 0.000000 -0.181905 99.881104 -5.017132 0.331844 -0.000152 
980 3.090685 0.000000 -0.181905 99.882711 -5.081575 0.149604 -0.000240 
981 3.286073 0.000000 -0.363811 99.718434 -7.448622 0.325402 0.000065 
982 3.481461 0.000000 -0.181905 99.885994 -4.962070 0.537166 -0.000212 
983 3.286073 0.000000 0.000000 99.998502 -3.165936 -1.347537 -0.001154 
984 2.895297 0.000000 -0.181905 99.885221 -5.189195 -0.004510 -0.000399 
985 2.895297 0.000000 -0.363811 99.738085 -7.410559 0.096793 -0.000261 
986 2.895297 0.000000 0.000000 99.972285 -3.365435 -1.333743 -0.000756 
987 3.872238 0.000000 0.363811 99.703173 -7.641663 -1.077670 -0.000028 
988 3.872238 0.000000 0.727622 99.721841 -7.390478 -0.041450 0.000093 
989 3.286073 0.000000 0.181905 99.868313 -5.145206 -1.618118 -0.000277 
990 3.090685 0.000000 0.181905 99.869844 -5.095301 -1.476470 -0.000213 
991 3.481461 0.000000 0.181905 99.869865 -5.186747 -1.791406 -0.000410 
992 3.286073 0.000000 0.363811 99.724711 -7.314751 -0.848362 0.000076 
993 3.188379 0.000000 -0.090953 99.959322 -3.647751 -0.347346 -0.000529 
994 3.090685 0.000000 -0.090953 99.947175 -3.704082 -0.396509 -0.000332 
995 3.188379 0.000000 -0.181905 99.883303 -5.041440 0.230927 -0.000214 
996 3.286073 0.000000 -0.090953 99.972984 -3.584047 -0.242345 -0.000750 
997 3.188379 0.000000 0.000000 99.980867 -3.223395 -1.351245 -0.000839 
998 3.676849 0.000000 -0.181905 99.892112 -4.901984 0.754442 -0.000303 
999 3.676849 0.000000 -0.363811 99.703853 -7.601791 0.516480 0.000109 
1000 3.872238 0.000000 -0.181905 99.898029 -4.845622 0.979394 -0.000406 
1001 3.676849 0.000000 0.000000 100.047727 -2.673674 -1.510537 -0.001898 
1002 4.067626 0.000000 -0.181905 99.903261 -4.787367 1.209587 -0.000504 
1003 4.067626 0.000000 -0.363811 99.688665 -7.857211 0.701837 -0.000006 
1004 4.067626 0.000000 0.000000 100.043662 -2.780391 -2.273046 -0.002163 
1005 3.676849 0.000000 0.181905 99.870297 -5.217277 -1.967276 -0.000517 
1006 3.872238 0.000000 0.181905 99.870347 -5.244852 -2.139183 -0.000617 
1007 3.676849 0.000000 0.363811 99.710740 -7.510781 -1.006859 0.000034 
1008 3.774543 0.000000 -0.090953 99.953317 -4.037789 -0.082443 -0.000698 
1009 3.676849 0.000000 -0.090953 99.986323 -3.552230 0.528435 -0.001016 
1010 3.774543 0.000000 -0.181905 99.895349 -4.872767 0.869152 -0.000358 
1011 3.872238 0.000000 -0.090953 100.039572 -2.821148 -0.504305 -0.001613 
1012 3.774543 0.000000 0.000000 100.057779 -2.543917 -1.710926 -0.002096 
1013 4.067626 0.000000 0.181905 99.870323 -5.261753 -2.306906 -0.000709 
1014 4.263014 0.000000 0.181905 99.870855 -5.266677 -2.468396 -0.000802 
1015 4.067626 0.000000 0.363811 99.693417 -7.795904 -1.138504 -0.000085 
1016 4.165320 0.000000 -0.090953 100.142155 -1.383003 -1.233732 -0.003189 
1017 4.067626 0.000000 -0.090953 100.147014 -1.301894 -1.034375 -0.003219 
1018 4.165320 0.000000 -0.181905 99.905719 -4.762822 1.324444 -0.000559 
1019 4.263014 0.000000 -0.090953 100.149043 -1.291609 -1.315510 -0.003323 
1020 4.165320 0.000000 0.000000 100.036452 -2.896042 -2.342837 -0.002117 
1021 4.458402 0.000000 0.181905 99.871882 -5.262733 -2.629506 -0.000900 
1022 4.458402 0.000000 0.363811 99.666708 -8.199046 -1.200679 -0.000212 
1023 4.360708 0.000000 -0.090953 100.156785 -1.176605 -1.411975 -0.003476 
1024 4.360708 0.000000 -0.181905 99.910097 -4.702595 1.558395 -0.000657 
1025 4.458402 0.000000 -0.090953 100.164821 -1.071882 -1.493881 -0.003637 
1026 4.360708 0.000000 0.000000 100.024119 -3.075501 -2.447447 -0.002027 
1027 4.556096 0.000000 -0.090953 100.173286 -0.955669 -1.573727 -0.003808 
1028 4.556096 0.000000 -0.181905 99.913593 -4.669115 1.794793 -0.000775 
1029 4.556096 0.000000 0.000000 100.011779 -3.265621 -2.538116 -0.001946 
1030 4.946872 0.000000 -0.090953 100.202129 -0.558831 -1.780727 -0.004395 
1031 4.946872 0.000000 -0.181905 99.918192 -4.618887 2.240113 -0.001000 
1032 5.044566 0.000000 -0.090953 100.207488 -0.485176 -1.791964 -0.004499 
1033 4.946872 0.000000 0.000000 99.986615 -3.640900 -2.700328 -0.001787 
1034 5.239954 0.000000 0.181905 99.839223 -5.757069 -3.584427 -0.001386 
1035 5.239954 0.000000 0.363811 99.592491 -9.286660 -0.654127 -0.000533 
1036 5.142260 0.000000 -0.090953 100.211892 -0.424531 -1.784633 -0.004579 
1037 5.142260 0.000000 -0.181905 99.923642 -4.546312 2.503540 -0.001167 
1038 5.239954 0.000000 -0.090953 100.215200 -0.379531 -1.758631 -0.004632 
1039 5.142260 0.000000 0.000000 99.976014 -3.797704 -2.768914 -0.001729 
1040 5.337648 0.000000 -0.090953 100.217293 -0.351938 -1.714122 -0.004657 
1041 5.337648 0.000000 -0.181905 99.732742 -7.280651 -0.536727 0.000008 
1042 5.337648 0.000000 0.000000 99.971382 -3.868650 -2.848322 -0.001736 
1043 5.826119 0.000000 -4.365730 99.753473 -7.008785 -0.006210 0.000012 
1044 5.826119 0.000000 -5.820974 99.754557 -6.996113 -0.003052 0.000008 
1045 7.389224 0.000000 -4.365730 99.753589 -7.010149 -0.007824 0.000008 
1046 6.607671 0.000000 -2.182865 99.748613 -7.077043 -0.037440 0.000013 
1047 5.826119 0.000000 -2.182865 99.747963 -7.081935 -0.033562 0.000019 
1048 6.607671 0.000000 -2.910487 99.751224 -7.040492 -0.018822 0.000012 
1049 7.389224 0.000000 -2.182865 99.748915 -7.075411 -0.041329 0.000009 
1050 6.216895 0.000000 -1.091433 99.735419 -7.263692 -0.171904 0.000006 
1051 5.826119 0.000000 -1.091433 99.734556 -7.276912 -0.161124 0.000004 
1052 6.216895 0.000000 -1.455243 99.742006 -7.164822 -0.091950 0.000019 
1053 6.607671 0.000000 -1.091433 99.736427 -7.250972 -0.181046 0.000004 
1054 6.021507 0.000000 -0.545716 99.697648 -7.805952 -0.576339 -0.000089 
1055 5.826119 0.000000 -0.545716 99.696105 -7.826623 -0.534350 -0.000085 
1056 6.021507 0.000000 -0.727622 99.719662 -7.491079 -0.362977 -0.000026 
1057 6.216895 0.000000 -0.545716 99.699497 -7.780694 -0.616738 -0.000091 
1058 5.923813 0.000000 -0.272858 100.194319 -0.702658 -3.159510 -0.004938 
1059 5.826119 0.000000 -0.272858 100.253076 0.138452 1.383472 -0.005261 
1060 5.923813 0.000000 -0.363811 99.561769 -9.748585 -1.321381 -0.000933 
1061 6.021507 0.000000 -0.272858 99.862907 -5.442713 -4.743574 -0.002472 
1062 5.923813 0.000000 -0.181905 100.183396 -0.859256 -3.435882 -0.004926 
1063 5.044566 0.000000 -2.182865 99.747440 -7.077613 -0.027918 0.000035 
1064 4.263014 0.000000 -2.182865 99.746622 -7.076392 -0.022391 0.000054 
1065 5.044566 0.000000 -2.910487 99.750718 -7.047120 -0.014015 0.000013 
1066 5.435343 0.000000 -1.091433 99.733333 -7.275585 -0.149880 0.000031 
1067 5.044566 0.000000 -1.091433 99.732198 -7.281766 -0.138436 0.000045 
1068 5.435343 0.000000 -1.455243 99.740868 -7.170193 -0.079386 0.000034 
1069 5.630731 0.000000 -0.545716 99.694502 -7.832575 -0.491311 -0.000058 
1070 5.435343 0.000000 -0.545716 99.693515 -7.842762 -0.448628 -0.000051 
1071 5.630731 0.000000 -0.727622 99.717497 -7.504104 -0.333995 -0.000000 
1072 5.533037 0.000000 -0.272858 100.017848 -3.206045 3.217521 -0.002420 
1073 5.435343 0.000000 -0.272858 99.987058 -3.644256 3.664777 -0.002412 
1074 5.533037 0.000000 -0.363811 99.550818 -9.885278 -0.303829 -0.000818 
1075 5.630731 0.000000 -0.272858 100.040670 -2.881613 2.931910 -0.002504 
1076 2.895297 0.000000 0.181905 99.887117 -5.101139 -1.342194 -0.000526 
1077 2.895297 0.000000 0.363811 99.757923 -7.193647 -0.675016 -0.000385 
1078 3.188379 0.000000 0.090953 99.932270 -4.001025 -1.889550 -0.000604 
1079 3.090685 0.000000 0.090953 99.924586 -3.970912 -1.829526 -0.000404 
1080 3.286073 0.000000 0.090953 99.939079 -4.044169 -1.960025 -0.000802 
1081 3.188379 0.000000 0.181905 99.869810 -5.115614 -1.545634 -0.000254 
1082 5.337648 0.000000 0.090953 99.957828 -4.062818 -0.800277 -0.000871 
1083 5.239954 0.000000 0.090953 99.967039 -3.928815 -0.930394 -0.000971 
1084 5.435343 0.000000 0.090953 99.947778 -4.206906 -0.657941 -0.000769 
1085 5.337648 0.000000 0.181905 99.772086 -6.718670 -2.281747 -0.000482 
1086 5.826119 0.000000 4.365730 99.756468 -6.976193 -0.002845 -0.000002 
1087 7.389224 0.000000 4.365730 99.756388 -6.975701 -0.002395 0.000000 
1088 5.826119 0.000000 5.820974 99.756751 -6.973283 -0.001816 -0.000004 
1089 6.607671 0.000000 2.182865 99.753784 -7.009372 -0.001189 0.000005 
1090 5.826119 0.000000 2.182865 99.753786 -7.011922 -0.004174 0.000002 
1091 7.389224 0.000000 2.182865 99.753880 -7.008625 0.001298 0.000004 
1092 6.607671 0.000000 2.910487 99.755365 -6.988491 -0.003230 0.000003 
1093 6.216895 0.000000 1.091433 99.743467 -7.160864 0.037449 -0.000004 
1094 5.826119 0.000000 1.091433 99.742456 -7.168042 0.030071 0.000006 
1095 6.607671 0.000000 1.091433 99.743528 -7.153015 0.048589 0.000006 
1096 6.216895 0.000000 1.455243 99.749038 -7.074563 0.010584 0.000008 
1097 6.021507 0.000000 0.545716 99.703973 -7.717395 0.226192 -0.000049 
1098 5.826119 0.000000 0.545716 99.703151 -7.728040 0.184103 -0.000047 
1099 6.216895 0.000000 0.545716 99.705182 -7.700180 0.266753 -0.000049 
1100 6.021507 0.000000 0.727622 99.726994 -7.388717 0.119711 -0.000008 
1101 5.923813 0.000000 0.272858 99.730444 -7.337555 12.698819 -0.016126 
1102 5.826119 0.000000 0.272858 106.034692 82.819314 -69.275264 -1.290146 
1103 6.021507 0.000000 0.272858 99.650251 -8.484862 7.721188 -0.006178 
1104 5.923813 0.000000 0.363811 99.585488 -9.410763 0.728774 -0.000636 
1105 5.044566 0.000000 2.182865 99.752860 -7.010158 -0.006566 0.000022 
1106 4.263014 0.000000 2.182865 99.752440 -7.011620 -0.009518 0.000029 
1107 5.044566 0.000000 2.910487 99.755173 -6.994392 -0.005383 -0.000002 
1108 5.435343 0.000000 1.091433 99.741554 -7.163078 0.020368 0.000031 
1109 5.044566 0.000000 1.091433 99.740943 -7.164733 0.010380 0.000041 
1110 5.435343 0.000000 1.455243 99.747988 -7.074655 0.001853 0.000029 
1111 5.630731 0.000000 0.545716 99.702184 -7.725046 0.141723 -0.000022 
1112 5.435343 0.000000 0.545716 99.701859 -7.726176 0.099595 -0.000016 
1113 5.630731 0.000000 0.727622 99.725670 -7.390290 0.089903 0.000017 
1114 5.533037 0.000000 0.272858 99.990570 -3.597417 -3.815810 -0.002562 
1115 5.435343 0.000000 0.272858 99.982429 -3.711844 -4.612922 -0.003154 
1116 5.533037 0.000000 0.181905 100.089373 -2.184474 0.864966 -0.002340 
1117 5.630731 0.000000 0.272858 99.930889 -4.452752 -4.031449 -0.002226 
1118 5.533037 0.000000 0.363811 99.576210 -9.523863 -0.080570 -0.000613 
1119 -8.241827 0.000000 -8.731461 99.756272 -6.976834 0.000047 0.000001 
1120 -11.368037 0.000000 -8.731461 99.756324 -6.976420 0.000056 0.000001 
1121 -8.241827 0.000000 -11.641948 99.756275 -6.976914 0.000035 0.000001 
1122 10.515434 0.000000 -8.731461 99.755385 -6.988399 -0.002015 0.000003 
1123 10.515434 0.000000 -11.641948 99.755727 -6.983978 -0.001006 0.000002 
1124 13.641644 0.000000 -8.731461 99.755395 -6.988909 -0.002531 0.000002 
1125 -8.241827 0.000000 8.731461 99.756533 -6.975003 0.000061 -0.000002 
1126 -11.368037 0.000000 8.731461 99.756485 -6.975194 0.000060 -0.000001 
1127 -8.241827 0.000000 11.641948 99.756538 -6.974874 0.000036 -0.000002 
1128 -3.552511 0.000000 -4.365730 99.755966 -6.978262 -0.000085 0.000005 
1129 -5.115617 0.000000 -4.365730 99.756126 -6.977346 0.000027 0.000003 
1130 -3.552511 0.000000 -5.820974 99.756043 -6.978353 -0.000068 0.000003 
1131 10.515434 0.000000 8.731461 99.756734 -6.971382 -0.000933 -0.000001 
1132 13.641644 0.000000 8.731461 99.756733 -6.971037 -0.000957 -0.000000 
1133 10.515434 0.000000 11.641948 99.756710 -6.971901 -0.000582 -0.000001 
1134 -3.552511 0.000000 4.365730 99.756678 -6.975198 0.000218 -0.000005 
1135 -5.115617 0.000000 4.365730 99.756556 -6.975244 0.000167 -0.000002 
1136 -3.552511 0.000000 5.820974 99.756741 -6.974857 0.000108 -0.000006 
1137 -1.207854 0.000000 -2.182865 99.761147 -6.980754 -0.008591 -0.000102 
1138 -1.989406 0.000000 -2.182865 99.754749 -6.973417 -0.000844 0.000036 
1139 -1.207854 0.000000 -2.910487 99.755003 -6.976965 -0.001528 0.000026 
1140 3.481461 0.000000 -2.182865 99.740436 -7.067669 -0.022103 0.000189 
1141 3.481461 0.000000 -2.910487 99.751048 -7.031135 -0.007277 0.000029 
1142 -1.207854 0.000000 2.182865 99.762731 -6.977407 0.008482 -0.000129 
1143 -1.989406 0.000000 2.182865 99.756359 -6.970221 0.001512 0.000008 
1144 -1.207854 0.000000 2.910487 99.756867 -6.967814 0.001210 0.000002 
1145 -0.817078 0.000000 -1.091433 99.743957 -6.990467 -0.006788 0.000228 
1146 -1.207854 0.000000 -1.091433 99.747096 -6.989017 0.005518 0.000167 
1147 -0.817078 0.000000 -1.455243 99.756143 -6.985960 -0.012795 -0.000009 
1148 3.481461 0.000000 2.182865 99.753317 -7.007634 -0.012889 0.000017 
1149 3.481461 0.000000 2.910487 99.755698 -6.989411 -0.007929 -0.000005 
1150 -0.230913 0.000000 -0.545716 99.642857 -7.024250 0.038247 0.002196 
1151 -0.426301 0.000000 -0.545716 99.718110 -7.006094 0.035385 0.000721 
1152 -0.230913 0.000000 -0.727622 99.670134 -7.028601 -0.006103 0.001646 
1153 0.941416 0.000000 -0.545716 99.785635 -7.259622 0.001112 -0.000988 
1154 0.941416 0.000000 -0.727622 99.762900 -7.152111 0.000991 -0.000379 
1155 -0.817078 0.000000 1.091433 99.747627 -6.985757 0.008623 0.000161 
1156 -1.207854 0.000000 1.091433 99.751416 -6.984496 0.001132 0.000087 
1157 -0.817078 0.000000 1.455243 99.758440 -6.985460 0.013712 -0.000054 
1158 -0.230913 0.000000 0.545716 99.655818 -7.031263 -0.030109 0.001928 
1159 -0.426301 0.000000 0.545716 99.731354 -7.011281 -0.018268 0.000450 
1160 -0.230913 0.000000 0.727622 99.692074 -7.023068 0.020419 0.001217 
1161 -0.133219 0.000000 -0.272858 99.670271 -7.179287 0.542056 0.001400 
1162 -0.230913 0.000000 -0.272858 99.809801 -7.003515 0.416795 -0.001122 
1163 -0.133219 0.000000 -0.363811 99.446946 -7.097809 0.233403 0.005987 
1164 0.941416 0.000000 0.545716 99.820933 -7.239188 -0.026335 -0.001663 
1165 0.941416 0.000000 0.727622 99.785352 -7.122129 -0.021914 -0.000784 
1166 -0.133219 0.000000 0.272858 99.659694 -7.219459 -0.561803 0.001551 
1167 -0.230913 0.000000 0.272858 99.807958 -6.965807 -0.414470 -0.001032 
1168 -0.133219 0.000000 0.363811 99.455837 -7.094519 -0.228738 0.005815 
1169 0.037745 0.000000 -0.113691 88.627385 -8.850602 -1.896463 0.206326 
1170 0.013322 0.000000 -0.113691 87.814777 -8.437856 4.257253 0.219924 
1171 0.037745 0.000000 -0.136429 92.715718 -8.286248 -0.888318 0.133434 
1172 0.648333 0.000000 -0.272858 101.476880 -11.205012 -0.001309 -0.042311 
1173 0.648333 0.000000 -0.363811 99.813978 -7.550801 0.109052 -0.001986 
1174 0.746027 0.000000 -0.272858 102.492047 -10.296802 -0.002978 -0.061064 
1175 0.648333 0.000000 0.272858 101.492310 -11.189726 -0.000858 -0.042590 
1176 0.746027 0.000000 0.272858 102.502671 -10.304240 -0.003497 -0.061297 
1177 0.648333 0.000000 0.363811 99.841406 -7.552601 -0.133324 -0.002537 
1178 0.037745 0.000000 0.113691 88.566472 -8.866238 1.893905 0.207378 
1179 0.013322 0.000000 0.113691 87.762086 -8.457908 -4.275054 0.220800 
1180 0.037745 0.000000 0.136429 92.669740 -8.300857 0.891511 0.134262 
1181 0.098804 0.000000 -0.079584 92.539917 -12.459805 -15.416408 0.104345 
1182 0.098804 0.000000 -0.090953 92.655162 -12.551772 -15.497085 0.101731 
1183 0.098804 0.000000 -0.068215 92.532121 -12.449428 -15.408155 0.104541 
1184 0.098804 0.000000 0.079584 92.474735 -12.419325 15.406100 0.105684 
1185 0.098804 0.000000 0.068215 92.468387 -12.405626 15.398029 0.105860 
1186 0.098804 0.000000 0.090953 92.571049 -12.561510 15.484581 0.103304 
1187 0.233134 0.000000 -0.068215 86.201512 -0.091763 -6.373617 0.252867 
1188 0.233134 0.000000 -0.045476 87.664792 -0.074204 -4.795502 0.229188 
1189 0.184287 0.000000 -0.113691 99.756657 -11.182779 -9.844984 -0.017337 
1190 0.184287 0.000000 -0.136429 99.294487 -9.897666 -7.681233 -0.001636 
1191 0.233134 0.000000 0.068215 86.242928 -0.072932 6.388544 0.252134 
1192 0.233134 0.000000 0.045476 87.681047 -0.067048 4.829609 0.228870 
1193 0.184287 0.000000 0.113691 99.715203 -11.151469 9.855731 -0.016461 
1194 0.184287 0.000000 0.136429 99.291037 -9.841810 7.678730 -0.001453 
1195 0.501792 0.000000 -0.045476 100.415411 -8.050025 -0.006034 -0.014806 
1196 0.550639 0.000000 -0.045476 101.488135 -6.764437 -0.008700 -0.034560 
1197 0.501792 0.000000 0.000000 101.489457 -6.542188 -0.008632 -0.034291 
1198 0.501792 0.000000 0.045476 100.420848 -8.044323 -0.007888 -0.014906 
1199 0.550639 0.000000 0.045476 101.490391 -6.762666 -0.007878 -0.034603 
1200 0.428522 0.000000 -0.068215 99.123001 -10.865717 -0.001334 0.005657 
1201 0.452945 0.000000 -0.068215 99.270524 -9.365150 -0.003232 0.005766 
1202 0.428522 0.000000 -0.045476 99.295878 -11.621481 -0.001053 0.000527 
1203 0.367463 0.000000 -0.102322 105.155651 -12.630814 -3.269289 -0.122794 
1204 0.367463 0.000000 -0.113691 105.185572 -12.639755 -2.770164 -0.123144 
1205 0.367463 0.000000 -0.090953 105.469270 -12.636405 -3.015265 -0.129254 
1206 0.428522 0.000000 0.068215 99.136693 -10.851432 -0.005556 0.005416 
1207 0.428522 0.000000 0.045476 99.308281 -11.605291 -0.003379 0.000318 
1208 0.452945 0.000000 0.068215 99.284998 -9.353645 -0.007411 0.005500 
1209 0.367463 0.000000 0.102322 105.238320 -12.625227 3.270718 -0.124520 
1210 0.367463 0.000000 0.090953 105.554872 -12.628201 3.016150 -0.131040 
1211 0.367463 0.000000 0.113691 105.264712 -12.624370 2.770908 -0.124771 
1212 1.722968 0.000000 -0.545716 99.714152 -7.453050 0.055135 0.000154 
1213 1.722968 0.000000 -0.727622 99.671249 -7.316858 0.017907 0.001211 
1214 1.722968 0.000000 0.545716 99.872691 -7.371900 -0.117037 -0.002891 
1215 1.722968 0.000000 0.727622 99.764997 -7.241550 -0.072640 -0.000550 
1216 1.429886 0.000000 -0.272858 100.869629 -11.766737 -0.049757 -0.031314 
1217 1.429886 0.000000 -0.363811 99.793951 -7.711534 0.188646 -0.001834 
1218 1.527580 0.000000 -0.272858 101.161342 -12.625846 -0.093841 -0.039304 
1219 1.429886 0.000000 0.272858 100.917460 -11.886727 0.003611 -0.032563 
1220 1.527580 0.000000 0.272858 101.551656 -12.841317 -0.021685 -0.047764 
1221 1.429886 0.000000 0.363811 99.874158 -7.683019 -0.154207 -0.003390 
1222 8.952329 0.000000 -4.365730 99.753688 -7.010669 -0.009275 0.000005 
1223 8.952329 0.000000 -5.820974 99.754585 -6.998385 -0.004640 0.000005 
1224 10.515434 0.000000 -4.365730 99.753773 -7.010652 -0.010613 0.000004 
1225 3.090685 0.000000 -1.091433 99.723672 -7.293023 -0.065572 0.000200 
1226 3.090685 0.000000 -1.455243 99.735158 -7.167126 -0.032838 0.000153 
1227 3.481461 0.000000 -1.091433 99.727601 -7.296425 -0.080800 0.000116 
1228 3.872238 0.000000 -1.091433 99.728243 -7.295240 -0.099168 0.000105 
1229 3.872238 0.000000 -1.455243 99.737566 -7.174352 -0.053294 0.000094 
1230 4.263014 0.000000 -1.091433 99.729805 -7.293320 -0.112910 0.000076 
1231 2.504521 0.000000 -0.545716 99.604102 -7.725959 -0.132688 0.001931 
1232 2.504521 0.000000 -0.727622 99.638321 -7.543349 -0.087364 0.001530 
1233 2.699909 0.000000 -0.545716 99.667201 -7.735517 -0.145446 0.000659 
1234 8.952329 0.000000 4.365730 99.756392 -6.975255 -0.001958 0.000001 
1235 10.515434 0.000000 4.365730 99.756411 -6.974946 -0.001536 0.000001 
1236 8.952329 0.000000 5.820974 99.756648 -6.972318 -0.001614 -0.000000 
1237 3.090685 0.000000 1.091433 99.734595 -7.163996 -0.041892 0.000169 
1238 3.481461 0.000000 1.091433 99.738550 -7.165240 -0.033926 0.000088 
1239 3.090685 0.000000 1.455243 99.744861 -7.072723 -0.028198 0.000094 
1240 2.504521 0.000000 0.545716 99.661476 -7.483791 -0.193985 0.001155 
1241 2.699909 0.000000 0.545716 99.715659 -7.507268 -0.207771 0.000039 
1242 2.504521 0.000000 0.727622 99.695711 -7.350125 -0.119184 0.000673 
1243 2.895297 0.000000 -0.545716 99.686092 -7.723795 -0.136583 0.000301 
1244 2.895297 0.000000 -0.727622 99.691103 -7.553880 -0.128937 0.000461 
1245 3.090685 0.000000 -0.545716 99.692937 -7.738273 -0.133123 0.000142 
1246 3.286073 0.000000 -0.545716 99.694398 -7.758878 -0.131691 0.000081 
1247 3.286073 0.000000 -0.727622 99.705783 -7.565532 -0.148281 0.000150 
1248 3.481461 0.000000 -0.545716 99.692039 -7.771367 -0.146950 0.000108 
1249 2.406827 0.000000 -0.272858 99.544790 -6.706701 -0.637879 0.004545 
1250 2.406827 0.000000 -0.363811 99.382949 -7.421778 -0.332784 0.006784 
1251 2.504521 0.000000 -0.272858 99.765803 -6.644773 -0.430523 0.000245 
1252 2.895297 0.000000 0.545716 99.715500 -7.485056 -0.213120 0.000075 
1253 3.090685 0.000000 0.545716 99.708984 -7.529355 -0.209788 0.000138 
1254 2.895297 0.000000 0.727622 99.718933 -7.353555 -0.098487 0.000205 
1255 2.406827 0.000000 0.272858 99.665785 -6.417278 -0.185950 0.002552 
1256 2.504521 0.000000 0.272858 99.840363 -6.377681 -0.419635 -0.000895 
1257 2.406827 0.000000 0.363811 99.488961 -7.163452 -0.229759 0.005058 
1258 2.357979 0.000000 -0.136429 100.946921 -5.124648 -4.182812 -0.023404 
1259 2.357979 0.000000 -0.181905 99.465639 -5.692210 -2.480820 0.006803 
1260 2.406827 0.000000 -0.136429 101.042945 -4.931745 -2.498749 -0.024024 
1261 2.284709 0.000000 -0.113691 91.009486 -5.279408 -12.328637 0.153741 
1262 2.284709 0.000000 -0.136429 93.927449 -5.497088 -5.881352 0.111283 
1263 2.309132 0.000000 -0.113691 99.725216 -5.024415 -11.068719 -0.009288 
1264 2.357979 0.000000 0.136429 101.168641 -4.868879 2.401306 -0.026457 
1265 2.406827 0.000000 0.136429 101.153008 -4.688963 0.737335 -0.025446 
1266 2.357979 0.000000 0.181905 99.657757 -5.386412 1.165787 0.003796 
1267 2.284709 0.000000 0.113691 91.962503 -5.008558 10.298793 0.141175 
1268 2.309132 0.000000 0.113691 100.276100 -4.726233 9.016771 -0.015894 
1269 2.284709 0.000000 0.136429 94.661018 -5.160333 4.308298 0.099410 
1270 4.653790 0.000000 -1.091433 99.731222 -7.287861 -0.125997 0.000055 
1271 4.653790 0.000000 -1.455243 99.739401 -7.174239 -0.066875 0.000058 
1272 3.676849 0.000000 -0.545716 99.691644 -7.783184 -0.164304 0.000097 
1273 3.676849 0.000000 -0.727622 99.708592 -7.561361 -0.177265 0.000099 
1274 3.872238 0.000000 -0.545716 99.692101 -7.797291 -0.183846 0.000065 
1275 4.067626 0.000000 -0.545716 99.692330 -7.807404 -0.206034 0.000044 
1276 4.067626 0.000000 -0.727622 99.710362 -7.558001 -0.209823 0.000068 
1277 4.263014 0.000000 -0.545716 99.692243 -7.815248 -0.232558 0.000032 
1278 4.653790 0.000000 1.091433 99.740367 -7.166022 0.000064 0.000051 
1279 4.263014 0.000000 1.091433 99.739577 -7.167850 -0.010475 0.000064 
1280 4.653790 0.000000 1.455243 99.746958 -7.075265 -0.007214 0.000048 
1281 4.458402 0.000000 -0.545716 99.692179 -7.832100 -0.260629 0.000006 
1282 4.458402 0.000000 -0.727622 99.712151 -7.548510 -0.242229 0.000045 
1283 4.653790 0.000000 -0.545716 99.692196 -7.840846 -0.292855 -0.000010 
1284 4.849178 0.000000 -0.545716 99.692276 -7.847034 -0.328275 -0.000023 
1285 4.849178 0.000000 -0.727622 99.714024 -7.537010 -0.273292 0.000023 
1286 5.044566 0.000000 -0.545716 99.692496 -7.849594 -0.366325 -0.000034 
1287 8.170776 0.000000 -2.182865 99.749190 -7.073263 -0.044954 0.000007 
1288 8.170776 0.000000 -2.910487 99.751539 -7.039859 -0.022689 0.000007 
1289 8.952329 0.000000 -2.182865 99.749447 -7.070858 -0.048353 0.000005 
1290 6.998448 0.000000 -1.091433 99.737195 -7.241703 -0.189992 0.000001 
1291 6.998448 0.000000 -1.455243 99.743107 -7.157074 -0.101198 0.000008 
1292 7.389224 0.000000 -1.091433 99.737986 -7.231719 -0.198145 -0.000000 
1293 5.239954 0.000000 -0.545716 99.692821 -7.848371 -0.406966 -0.000042 
1294 5.239954 0.000000 -0.727622 99.715658 -7.521573 -0.304084 0.000012 
1295 8.170776 0.000000 2.182865 99.753969 -7.007845 0.003708 0.000004 
1296 8.952329 0.000000 2.182865 99.754070 -7.006867 0.006010 0.000003 
1297 8.170776 0.000000 2.910487 99.755423 -6.987853 -0.001272 0.000003 
1298 6.998448 0.000000 1.091433 99.743901 -7.148737 0.057469 0.000005 
1299 7.389224 0.000000 1.091433 99.744313 -7.143609 0.065829 0.000004 
1300 6.998448 0.000000 1.455243 99.749468 -7.069883 0.018871 0.000006 
1301 5.239954 0.000000 0.545716 99.701860 -7.722812 0.058305 -0.000011 
1302 5.044566 0.000000 0.545716 99.702092 -7.715686 0.018683 -0.000004 
1303 5.239954 0.000000 0.727622 99.724796 -7.395489 0.059667 0.000027 
1304 5.337648 0.000000 -0.272858 99.943479 -4.266093 3.947677 -0.002248 
1305 5.239954 0.000000 -0.272858 99.899745 -4.889839 3.969020 -0.001962 
1306 5.337648 0.000000 -0.363811 99.563810 -9.695247 0.178818 -0.000698 
1307 6.412283 0.000000 -0.545716 99.701731 -7.744827 -0.655785 -0.000085 
1308 6.412283 0.000000 -0.727622 99.721680 -7.458909 -0.390750 -0.000020 
1309 6.607671 0.000000 -0.545716 99.704224 -7.711691 -0.690061 -0.000088 
1310 5.728425 0.000000 -0.272858 100.103231 -1.988743 2.875355 -0.003288 
1311 5.728425 0.000000 -0.363811 99.550241 -9.897194 -0.834183 -0.000890 
1312 5.728425 0.000000 -0.181905 100.220678 -0.309728 -3.312023 -0.005525 
1313 5.728425 0.000000 -0.090953 100.210054 -0.461817 -1.385116 -0.004419 
1314 5.826119 0.000000 -0.090953 100.204254 -0.560484 -1.280042 -0.004285 
1315 5.728425 0.000000 0.000000 100.014598 -3.256881 -3.132581 -0.002334 
1316 6.412283 0.000000 0.545716 99.706597 -7.679672 0.306386 -0.000048 
1317 6.607671 0.000000 0.545716 99.708279 -7.655549 0.343310 -0.000047 
1318 6.412283 0.000000 0.727622 99.728426 -7.369175 0.147715 -0.000009 
1319 5.533037 0.000000 0.090953 99.937345 -4.358241 -0.502632 -0.000672 
1320 5.630731 0.000000 0.090953 99.926803 -4.510879 -0.333541 -0.000583 
1321 5.728425 0.000000 0.090953 99.916594 -4.658592 -0.150810 -0.000505 
1322 5.728425 0.000000 0.181905 100.055161 -2.677258 1.944528 -0.002198 
1323 5.728425 0.000000 0.272858 99.870069 -5.324158 -7.986578 -0.006616 
1324 5.728425 0.000000 0.363811 99.576475 -9.523501 0.342661 -0.000629 
1325 6.119201 0.000000 0.272858 99.640515 -8.624629 6.456064 -0.004430 
1326 6.216895 0.000000 0.272858 99.658755 -8.364303 5.836499 -0.003589 
1327 6.119201 0.000000 0.363811 99.599896 -9.205809 1.040667 -0.000597 
1328 6.119201 0.000000 -0.272858 99.591768 -9.320724 -5.987432 -0.004125 
1329 6.119201 0.000000 -0.363811 99.581005 -9.474788 -1.708339 -0.000907 
1330 6.216895 0.000000 -0.272858 99.606645 -9.108640 -8.079603 -0.006973 
1331 5.923813 0.000000 -0.090953 100.196348 -0.674239 -1.173125 -0.004114 
1332 3.969932 0.000000 -0.090953 100.114196 -1.762769 -0.394847 -0.002612 
1333 3.969932 0.000000 -0.181905 99.900727 -4.815326 1.093758 -0.000454 
1334 3.969932 0.000000 0.000000 100.052212 -2.649713 -2.162756 -0.002214 
1335 5.142260 0.000000 0.090953 99.975335 -3.807766 -1.048785 -0.001067 
1336 5.044566 0.000000 0.090953 99.982613 -3.701421 -1.156421 -0.001156 
1337 5.142260 0.000000 0.181905 99.864882 -5.387676 -3.416981 -0.001370 
1338 5.337648 0.000000 0.272858 99.923751 -4.549909 -5.093079 -0.003140 
1339 5.239954 0.000000 0.272858 99.864139 -5.401041 -5.036358 -0.002738 
1340 5.337648 0.000000 0.363811 99.585104 -9.392951 -0.480832 -0.000565 
1341 5.142260 0.000000 0.272858 99.822247 -5.997675 -4.721856 -0.002275 
1342 5.044566 0.000000 0.272858 99.796359 -6.365585 -4.349555 -0.001875 
1343 5.142260 0.000000 0.363811 99.601136 -9.160510 -0.802611 -0.000495 
1344 3.872238 0.000000 1.091433 99.738668 -7.165790 -0.020870 0.000085 
1345 3.872238 0.000000 1.455243 99.750299 -7.078131 -0.022969 -0.000022 
1346 3.286073 0.000000 0.545716 99.708350 -7.554793 -0.205437 0.000113 
1347 3.481461 0.000000 0.545716 99.706308 -7.573186 -0.193259 0.000126 
1348 3.286073 0.000000 0.727622 99.718867 -7.384846 -0.077266 0.000161 
1349 4.849178 0.000000 0.545716 99.702499 -7.704828 -0.018784 0.000005 
1350 4.653790 0.000000 0.545716 99.703025 -7.690774 -0.053520 0.000016 
1351 4.849178 0.000000 0.727622 99.724077 -7.398590 0.029565 0.000037 
1352 4.458402 0.000000 0.545716 99.703640 -7.674021 -0.085259 0.000029 
1353 4.263014 0.000000 0.545716 99.705405 -7.648223 -0.117959 0.000032 
1354 4.458402 0.000000 0.727622 99.723197 -7.398134 0.000353 0.000055 
1355 4.946872 0.000000 0.090953 99.988839 -3.609458 -1.252530 -0.001236 
1356 4.849178 0.000000 0.090953 99.994103 -3.530904 -1.336633 -0.001307 
1357 4.946872 0.000000 0.181905 99.875404 -5.232095 -3.119181 -0.001220 
1358 4.946872 0.000000 0.272858 99.781131 -6.580722 -3.996255 -0.001555 
1359 4.849178 0.000000 0.272858 99.772554 -6.700209 -3.682152 -0.001301 
1360 4.946872 0.000000 0.363811 99.620647 -8.876578 -1.021795 -0.000411 
1361 5.142260 0.000000 -0.272858 99.864324 -5.394328 3.807341 -0.001648 
1362 5.044566 0.000000 -0.272858 99.838579 -5.759942 3.559988 -0.001359 
1363 5.142260 0.000000 -0.363811 99.585508 -9.381898 0.537434 -0.000558 
1364 4.067626 0.000000 0.545716 99.705087 -7.633401 -0.138440 0.000061 
1365 3.872238 0.000000 0.545716 99.705729 -7.612902 -0.160448 0.000079 
1366 4.067626 0.000000 0.727622 99.723207 -7.394807 -0.031211 0.000060 
1367 3.676849 0.000000 0.545716 99.705794 -7.592863 -0.178562 0.000107 
1368 3.676849 0.000000 0.727622 99.721748 -7.386757 -0.056692 0.000101 
1369 4.946872 0.000000 -0.272858 99.820812 -6.011255 3.288026 -0.001114 
1370 4.849178 0.000000 -0.272858 99.808854 -6.179020 3.020759 -0.000911 
1371 4.946872 0.000000 -0.363811 99.610121 -9.024525 0.750687 -0.000418 
1372 4.751484 0.000000 0.090953 99.998579 -3.463300 -1.409229 -0.001370 
1373 4.653790 0.000000 0.090953 100.002449 -3.403987 -1.472488 -0.001425 
1374 4.751484 0.000000 0.181905 99.875148 -5.228980 -2.891134 -0.001075 
1375 4.751484 0.000000 0.272858 99.768083 -6.760722 -3.407978 -0.001099 
1376 4.653790 0.000000 0.272858 99.766155 -6.784492 -3.168433 -0.000935 
1377 4.751484 0.000000 0.363811 99.640402 -8.587615 -1.145269 -0.000327 
1378 4.556096 0.000000 0.090953 100.005697 -3.353029 -1.530753 -0.001473 
1379 4.458402 0.000000 0.090953 100.007851 -3.317503 -1.585346 -0.001509 
1380 4.556096 0.000000 0.181905 99.872869 -5.253324 -2.711262 -0.000954 
1381 4.556096 0.000000 0.272858 99.765817 -6.785123 -2.957490 -0.000800 
1382 4.458402 0.000000 0.272858 99.766483 -6.771003 -2.769890 -0.000687 
1383 4.556096 0.000000 0.363811 99.658519 -8.320745 -1.195485 -0.000248 
1 11 62 60 61 
2 62 10 24 60 
3 60 24 14 63 
4 61 60 63 6 
5 24 66 64 65 
6 66 23 40 64 
7 64 40 27 67 
8 65 64 67 14 
9 40 70 68 69 
10 69 68 71 27 
11 6 63 92 93 
12 63 14 36 92 
13 92 36 19 94 
14 93 92 94 20 
15 14 67 95 96 
16 67 27 52 95 
17 95 52 35 97 
18 96 95 97 36 
19 27 71 98 99 
20 99 98 100 52 
21 68 112 110 111 
22 112 56 80 110 
23 110 80 43 113 
24 111 110 113 71 
25 80 116 114 115 
26 115 114 117 43 
27 71 113 133 134 
28 113 43 102 133 
29 133 102 76 135 
30 134 133 135 98 
31 43 117 136 137 
32 137 136 138 102 
33 114 141 139 140 
34 141 106 129 139 
35 139 129 83 142 
36 140 139 142 117 
37 129 149 147 148 
38 147 150 132 151 
39 148 147 151 83 
40 117 142 152 153 
41 142 83 144 152 
42 152 144 125 154 
43 153 152 154 136 
44 83 151 155 156 
45 151 132 157 155 
46 156 155 158 144 
47 12 161 159 160 
48 161 7 162 159 
49 159 162 13 25 
50 160 159 25 10 
51 25 165 163 164 
52 165 13 166 163 
53 163 166 26 41 
54 164 163 41 23 
55 41 169 167 168 
56 169 26 170 167 
57 167 170 42 57 
58 168 167 57 39 
59 39 173 171 172 
60 173 57 174 171 
61 171 174 55 81 
62 172 171 81 56 
63 81 177 175 176 
64 177 55 178 175 
65 175 178 82 107 
66 176 175 107 79 
67 79 181 179 180 
68 181 107 182 179 
69 179 182 105 130 
70 180 179 130 106 
71 106 185 183 184 
72 185 130 186 183 
73 184 183 149 129 
74 195 197 109 198 
75 150 195 198 132 
76 149 201 199 200 
77 201 128 202 199 
78 199 202 150 203 
79 200 199 203 147 
80 132 198 210 157 
81 198 109 211 210 
82 19 38 213 214 
83 38 21 215 213 
84 213 215 9 216 
85 214 213 216 22 
86 35 54 217 218 
87 54 37 219 217 
88 217 219 21 220 
89 218 217 220 38 
90 51 78 221 222 
91 78 53 223 221 
92 221 223 37 224 
93 222 221 224 54 
94 76 104 225 226 
95 104 75 227 225 
96 225 227 78 228 
97 226 225 228 51 
98 101 127 229 230 
99 127 103 231 229 
100 229 231 75 232 
101 230 229 232 104 
102 125 146 233 234 
103 146 124 235 233 
104 233 235 127 236 
105 234 233 236 101 
106 144 158 237 238 
107 237 239 146 240 
108 238 237 240 125 
109 155 243 241 242 
110 243 157 244 241 
111 241 244 143 245 
112 242 241 245 158 
113 130 247 246 186 
114 247 105 248 246 
115 249 251 195 252 
116 202 249 252 150 
117 186 255 253 254 
118 255 246 256 253 
119 253 256 196 250 
120 254 253 250 128 
121 128 259 257 258 
122 259 250 260 257 
123 257 260 249 261 
124 258 257 261 202 
125 262 263 124 264 
126 239 262 264 146 
127 157 266 265 244 
128 266 210 267 265 
129 143 268 269 270 
130 268 212 271 269 
131 269 271 262 272 
132 270 269 272 239 
133 244 275 273 274 
134 275 265 276 273 
135 273 276 268 277 
136 274 273 277 143 
137 278 280 194 281 
138 197 278 281 109 
139 283 131 284 282 
140 282 284 197 285 
141 251 282 285 195 
142 107 287 286 182 
143 287 82 288 286 
144 286 288 108 192 
145 182 286 192 105 
146 105 290 289 248 
147 290 192 291 289 
148 246 293 292 256 
149 293 248 294 292 
150 292 294 131 283 
151 256 292 283 196 
152 196 297 295 296 
153 297 283 298 295 
154 295 298 282 299 
155 296 295 299 251 
156 109 281 300 211 
157 281 194 301 300 
158 210 304 303 267 
159 304 211 305 303 
160 303 305 145 306 
161 124 209 307 235 
162 209 126 308 307 
163 307 308 103 309 
164 235 307 309 127 
165 310 311 209 312 
166 263 310 312 124 
167 212 306 313 271 
168 306 145 314 313 
169 313 314 263 315 
170 271 313 315 262 
171 267 318 316 317 
172 318 303 319 316 
173 316 319 306 320 
174 317 316 320 212 
175 131 322 321 284 
176 322 279 323 321 
177 321 323 278 324 
178 284 321 324 197 
179 211 326 325 305 
180 326 300 327 325 
181 325 327 302 328 
182 305 325 328 145 
183 192 334 333 291 
184 334 108 335 333 
185 289 339 337 338 
186 339 291 340 337 
187 337 340 191 341 
188 338 337 341 279 
189 345 347 126 348 
190 311 345 348 209 
191 302 351 349 350 
192 351 207 352 349 
193 349 352 311 353 
194 350 349 353 310 
195 354 355 59 356 
196 280 354 356 194 
197 291 358 357 340 
198 358 333 359 357 
199 357 359 336 360 
200 191 360 361 362 
201 360 336 363 361 
202 361 363 354 364 
203 362 361 364 280 
204 340 367 365 366 
205 367 357 368 365 
206 365 368 360 369 
207 366 365 369 191 
208 194 356 370 301 
209 356 59 371 370 
210 373 346 374 372 
211 372 374 345 375 
212 352 372 375 311 
213 301 378 376 377 
214 378 370 379 376 
215 376 379 346 373 
216 377 376 373 207 
217 207 382 380 381 
218 382 373 383 380 
219 380 383 372 384 
220 381 380 384 352 
221 57 386 385 174 
222 386 42 387 385 
223 385 387 58 89 
224 174 385 89 55 
225 55 389 388 178 
226 389 89 390 388 
227 388 390 88 188 
228 178 388 188 82 
229 82 392 391 288 
230 392 188 393 391 
231 391 393 187 330 
232 288 391 330 108 
233 108 395 394 335 
234 395 330 396 394 
235 333 399 398 359 
236 399 335 400 398 
237 359 398 401 336 
238 75 123 402 227 
239 123 77 403 402 
240 402 403 53 404 
241 227 402 404 78 
242 103 206 405 231 
243 206 121 406 405 
244 405 406 123 407 
245 231 405 407 75 
246 126 344 408 308 
247 344 204 409 408 
248 408 409 206 410 
249 308 408 410 103 
250 411 413 344 414 
251 347 411 414 126 
252 346 416 415 374 
253 415 417 347 418 
254 374 415 418 345 
255 419 420 332 421 
256 355 419 421 59 
257 335 423 422 400 
258 423 394 424 422 
259 336 401 426 363 
260 401 193 427 426 
261 426 427 355 428 
262 363 426 428 354 
263 398 431 429 430 
264 431 400 432 429 
265 429 432 193 433 
266 430 429 433 401 
267 59 421 434 371 
268 421 332 435 434 
269 370 437 436 379 
270 437 371 438 436 
271 436 438 208 416 
272 379 436 416 346 
273 439 441 411 442 
274 417 439 442 347 
275 416 445 443 444 
276 445 208 446 443 
277 443 446 417 447 
278 444 443 447 415 
279 88 453 452 189 
280 453 90 454 452 
281 452 454 5 455 
282 189 452 455 91 
283 187 457 456 331 
284 457 189 458 456 
285 456 458 91 459 
286 331 456 459 190 
287 330 461 460 396 
288 461 187 462 460 
289 460 462 331 463 
290 396 460 463 329 
291 394 465 464 424 
292 465 396 466 464 
293 464 466 329 467 
294 424 464 467 397 
295 193 425 468 427 
296 425 397 469 468 
297 468 469 419 470 
298 427 468 470 355 
299 422 473 471 472 
300 473 424 474 471 
301 471 474 397 475 
302 472 471 475 425 
303 371 477 476 438 
304 477 434 478 476 
305 476 478 412 440 
306 438 476 440 208 
307 91 455 482 205 
308 455 5 483 482 
309 482 483 122 484 
310 205 482 484 121 
311 190 459 485 343 
312 459 91 486 485 
313 485 486 205 487 
314 343 485 487 204 
315 342 489 488 413 
316 489 343 490 488 
317 488 490 204 491 
318 413 488 491 344 
319 412 493 492 441 
320 493 342 494 492 
321 492 494 413 495 
322 441 492 495 411 
323 440 498 496 497 
324 498 412 499 496 
325 496 499 441 500 
326 497 496 500 439 
327 454 510 508 509 
328 508 511 504 512 
329 509 508 512 5 
330 5 512 513 514 
331 512 504 515 513 
332 514 513 516 483 
333 7 518 517 162 
334 518 16 519 517 
335 517 519 15 32 
336 162 517 32 13 
337 13 521 520 166 
338 521 32 522 520 
339 520 522 31 48 
340 166 520 48 26 
341 26 524 523 170 
342 524 48 525 523 
343 523 525 47 85 
344 170 523 85 42 
345 42 527 526 387 
346 527 85 528 526 
347 526 528 84 449 
348 387 526 449 58 
349 58 531 529 530 
350 531 449 532 529 
351 529 532 448 502 
352 530 529 502 90 
353 90 535 533 534 
354 535 502 536 533 
355 533 536 501 510 
356 534 533 510 454 
357 538 17 539 537 
358 537 539 8 540 
359 448 554 553 503 
360 554 450 555 553 
361 553 555 87 556 
362 503 553 556 451 
363 501 558 557 511 
364 558 503 559 557 
365 557 559 451 560 
366 511 557 560 504 
367 510 563 561 562 
368 563 501 564 561 
369 561 564 511 565 
370 562 561 565 508 
371 540 8 567 566 
372 566 567 29 568 
373 451 556 578 506 
374 556 87 579 578 
375 578 579 480 580 
376 506 578 580 479 
377 504 560 581 515 
378 560 451 582 581 
379 581 582 506 583 
380 515 581 583 505 
381 21 46 584 215 
382 46 28 585 584 
383 584 585 30 586 
384 215 584 586 9 
385 37 74 587 219 
386 74 44 588 587 
387 587 588 46 589 
388 219 587 589 21 
389 53 120 590 223 
390 120 72 591 590 
391 590 591 74 592 
392 223 590 592 37 
393 77 481 593 403 
394 481 118 594 593 
395 593 594 120 595 
396 403 593 595 53 
397 122 507 596 597 
398 507 479 598 596 
399 596 598 481 599 
400 597 596 599 77 
401 483 516 600 601 
402 516 505 602 600 
403 600 602 507 603 
404 601 600 603 122 
405 513 606 604 605 
406 606 515 607 604 
407 604 607 505 608 
408 605 604 608 516 
409 555 618 616 617 
410 617 616 620 87 
411 87 620 621 622 
412 622 621 624 579 
413 85 626 625 528 
414 626 47 627 625 
415 625 627 86 550 
416 528 625 550 84 
417 84 630 628 629 
418 630 550 631 628 
419 628 631 549 610 
420 629 628 610 450 
421 450 634 632 633 
422 634 610 635 632 
423 632 635 609 618 
424 633 632 618 555 
425 641 551 642 640 
426 640 642 50 643 
427 618 650 648 649 
428 650 609 651 648 
429 649 648 652 616 
430 643 50 657 656 
431 656 657 576 658 
432 118 577 662 594 
433 577 119 663 662 
434 662 663 72 664 
435 594 662 664 120 
436 480 615 665 666 
437 615 575 667 665 
438 665 667 577 668 
439 666 665 668 118 
440 579 624 669 670 
441 624 613 671 669 
442 669 671 615 672 
443 670 669 672 480 
444 621 675 673 674 
445 673 676 613 677 
446 674 673 677 624 
447 610 679 678 635 
448 679 549 680 678 
449 678 680 611 645 
450 635 678 645 609 
451 609 682 681 651 
452 682 645 683 681 
453 616 652 685 686 
454 685 687 612 688 
455 686 685 688 620 
456 648 691 689 690 
457 691 651 692 689 
458 690 689 693 652 
459 620 688 694 695 
460 688 612 696 694 
461 695 694 675 621 
462 613 661 697 671 
463 661 614 698 697 
464 697 698 575 699 
465 671 697 699 615 
466 700 702 661 703 
467 676 700 703 613 
468 675 706 704 705 
469 704 707 676 708 
470 705 704 708 673 
471 709 710 647 711 
472 687 709 711 612 
473 651 713 712 692 
474 713 681 714 712 
475 652 693 716 717 
476 693 619 718 716 
477 716 718 687 719 
478 717 716 719 685 
479 689 722 720 721 
480 722 692 723 720 
481 720 723 619 724 
482 721 720 724 693 
483 612 711 725 696 
484 711 647 726 725 
485 694 729 727 728 
486 729 696 730 727 
487 727 730 623 706 
488 728 727 706 675 
489 731 733 700 734 
490 707 731 734 676 
491 706 737 735 736 
492 737 623 738 735 
493 735 738 707 739 
494 736 735 739 704 
495 619 715 740 718 
496 715 684 741 740 
497 740 741 709 742 
498 718 740 742 687 
499 692 744 743 723 
500 744 712 745 743 
501 743 745 715 746 
502 723 743 746 619 
503 696 748 747 730 
504 748 725 749 747 
505 747 749 701 732 
506 730 747 732 623 
507 623 751 750 738 
508 751 732 752 750 
509 750 752 731 753 
510 738 750 753 707 
511 755 640 756 754 
512 754 756 643 757 
513 645 759 758 683 
514 759 611 760 758 
515 681 763 762 714 
516 763 683 764 762 
517 762 764 644 765 
518 712 767 766 745 
519 767 714 768 766 
520 766 768 684 769 
521 745 766 769 715 
522 757 643 771 770 
523 770 771 656 772 
524 773 775 614 776 
525 702 773 776 661 
526 778 659 779 777 
527 777 779 702 780 
528 733 777 780 700 
529 732 782 781 752 
530 782 701 783 781 
531 781 783 733 784 
532 752 781 784 731 
533 785 786 552 787 
534 710 785 787 647 
535 684 765 788 741 
536 765 644 789 788 
537 788 789 710 790 
538 741 788 790 709 
539 714 792 791 768 
540 792 762 793 791 
541 791 793 765 794 
542 768 791 794 684 
543 647 787 795 726 
544 787 552 796 795 
545 725 798 797 749 
546 798 726 799 797 
547 797 799 659 778 
548 749 797 778 701 
549 701 801 800 783 
550 801 778 802 800 
551 800 802 777 803 
552 783 800 803 733 
553 804 806 785 807 
554 789 804 807 710 
555 683 809 808 764 
556 809 758 810 808 
557 808 810 761 805 
558 764 808 805 644 
559 644 813 811 812 
560 813 805 814 811 
561 811 814 804 815 
562 812 811 815 789 
563 726 817 816 799 
564 817 795 818 816 
565 659 819 820 779 
566 819 774 821 820 
567 820 821 773 822 
568 779 820 822 702 
569 799 825 823 824 
570 825 816 826 823 
571 823 826 819 827 
572 824 823 827 659 
573 646 829 828 786 
574 829 754 830 828 
575 828 830 757 831 
576 786 828 831 552 
577 761 833 832 806 
578 833 646 834 832 
579 832 834 786 835 
580 806 832 835 785 
581 805 837 836 814 
582 837 761 838 836 
583 836 838 806 839 
584 814 836 839 804 
585 552 831 840 796 
586 831 757 841 840 
587 840 841 770 842 
588 796 840 842 660 
589 795 844 843 818 
590 844 796 845 843 
591 843 845 660 846 
592 818 843 846 774 
593 816 848 847 826 
594 848 818 849 847 
595 847 849 774 850 
596 826 847 850 819 
597 857 872 870 871 
598 872 862 873 870 
599 876 537 877 875 
600 875 877 540 878 
601 862 888 887 873 
602 878 540 892 891 
603 891 892 566 893 
604 873 906 904 905 
605 906 887 907 904 
606 904 907 890 908 
607 905 904 908 865 
608 911 930 928 929 
609 930 917 931 928 
610 928 931 920 932 
611 929 928 932 886 
612 18 941 940 895 
613 941 878 942 940 
614 940 942 891 943 
615 895 940 943 570 
616 882 945 944 922 
617 945 18 946 944 
618 944 946 895 947 
619 922 944 947 894 
620 916 949 948 935 
621 949 882 950 948 
622 948 950 922 951 
623 935 948 951 921 
624 954 916 955 952 
625 952 955 935 956 
626 953 952 956 933 
627 544 959 957 958 
628 959 934 953 957 
629 957 953 933 960 
630 958 957 960 926 
631 543 962 961 881 
632 962 875 963 961 
633 961 963 878 941 
634 881 961 941 18 
635 879 965 964 915 
636 965 881 966 964 
637 964 966 18 945 
638 915 964 945 882 
639 913 968 967 939 
640 968 915 969 967 
641 967 969 882 949 
642 939 967 949 916 
643 937 972 970 971 
644 972 939 973 970 
645 970 973 916 954 
646 971 970 954 934 
647 934 976 974 975 
648 976 954 977 974 
649 974 977 952 978 
650 975 974 978 953 
651 636 981 979 980 
652 981 638 982 979 
653 979 982 548 983 
654 551 985 984 642 
655 985 636 980 984 
656 984 980 639 986 
657 642 984 986 50 
658 983 548 991 989 
659 989 991 654 992 
660 990 989 992 653 
661 980 995 993 994 
662 995 979 996 993 
663 993 996 983 997 
664 994 993 997 639 
665 638 999 998 982 
666 999 855 1000 998 
667 982 998 1001 548 
668 855 1003 1002 1000 
669 1003 857 871 1002 
670 548 1001 1005 991 
671 1001 858 1006 1005 
672 1005 1006 987 1007 
673 991 1005 1007 654 
674 998 1010 1008 1009 
675 1010 1000 1011 1008 
676 1008 1011 858 1012 
677 1009 1008 1012 1001 
678 858 1004 1013 1006 
679 1004 34 1014 1013 
680 1013 1014 867 1015 
681 1006 1013 1015 987 
682 1002 1018 1016 1017 
683 1018 871 1019 1016 
684 1016 1019 34 1020 
685 1017 1016 1020 1004 
686 34 874 1021 1014 
687 1014 1021 1022 867 
688 871 1024 1023 1019 
689 1024 870 1025 1023 
690 1023 1025 874 1026 
691 1019 1023 1026 34 
692 870 1028 1027 1025 
693 1028 873 905 1027 
694 1027 905 865 1029 
695 1025 1027 1029 874 
696 887 1031 1030 907 
697 1031 889 1032 1030 
698 1030 1032 854 1033 
699 907 1030 1033 890 
700 889 1037 1036 1032 
701 1037 909 1038 1036 
702 1036 1038 912 1039 
703 1032 1036 1039 854 
704 909 1041 1040 1038 
705 1041 911 929 1040 
706 1040 929 886 1042 
707 1038 1040 1042 912 
708 32 1044 1043 522 
709 1044 15 1045 1043 
710 1043 1045 33 542 
711 522 1043 542 31 
712 542 1048 1046 1047 
713 1048 33 1049 1046 
714 1046 1049 543 880 
715 1047 1046 880 541 
716 541 1052 1050 1051 
717 1052 880 1053 1050 
718 1050 1053 879 914 
719 1051 1050 914 853 
720 853 1056 1054 1055 
721 1056 914 1057 1054 
722 1054 1057 913 938 
723 1055 1054 938 885 
724 885 1060 1058 1059 
725 1060 938 1061 1058 
726 1058 1061 937 1062 
727 1059 1058 1062 919 
728 31 1065 1063 1064 
729 1065 542 1047 1063 
730 1063 1047 541 852 
731 1064 1063 852 49 
732 852 1068 1066 1067 
733 1068 541 1051 1066 
734 1066 1051 853 884 
735 1067 1066 884 851 
736 884 1071 1069 1070 
737 1071 853 1055 1069 
738 1069 1055 885 918 
739 1070 1069 918 883 
740 883 1074 1072 1073 
741 1074 918 1075 1072 
742 1072 1075 917 930 
743 1073 1072 930 911 
744 50 986 1076 657 
745 986 639 990 1076 
746 1076 990 653 1077 
747 657 1076 1077 576 
748 639 997 1078 1079 
749 997 983 1080 1078 
750 1078 1080 989 1081 
751 1079 1078 1081 990 
752 912 1042 1082 1083 
753 1042 886 1084 1082 
754 1082 1084 925 1085 
755 1083 1082 1085 1034 
756 44 571 1086 588 
757 571 45 1087 1086 
758 1086 1087 28 1088 
759 588 1086 1088 46 
760 569 896 1089 1090 
761 896 570 1091 1089 
762 1089 1091 45 1092 
763 1090 1089 1092 571 
764 860 923 1093 1094 
765 923 894 1095 1093 
766 1093 1095 896 1096 
767 1094 1093 1096 569 
768 898 936 1097 1098 
769 936 921 1099 1097 
770 1097 1099 923 1100 
771 1098 1097 1100 860 
772 926 960 1101 1102 
773 960 933 1103 1101 
774 1101 1103 936 1104 
775 1102 1101 1104 898 
776 73 861 1105 1106 
777 861 569 1090 1105 
778 1105 1090 571 1107 
779 1106 1105 1107 44 
780 859 899 1108 1109 
781 899 860 1094 1108 
782 1108 1094 569 1110 
783 1109 1108 1110 861 
784 897 927 1111 1112 
785 927 898 1098 1111 
786 1111 1098 860 1113 
787 1112 1111 1113 899 
788 925 1116 1114 1115 
789 1116 924 1117 1114 
790 1114 1117 927 1118 
791 1115 1114 1118 897 
792 1 1121 1119 1120 
793 1121 12 160 1119 
794 1119 160 10 62 
795 1120 1119 62 11 
796 16 1123 1122 519 
797 1123 2 1124 1122 
798 1122 1124 17 538 
799 519 1122 538 15 
800 20 94 1125 1126 
801 94 19 214 1125 
802 1125 214 22 1127 
803 1126 1125 1127 4 
804 10 1130 1128 1129 
805 1130 25 164 1128 
806 1128 164 23 66 
807 1129 1128 66 24 
808 28 568 1131 585 
809 568 29 1132 1131 
810 1131 1132 3 1133 
811 585 1131 1133 30 
812 36 97 1134 1135 
813 97 35 218 1134 
814 1134 218 38 1136 
815 1135 1134 1136 19 
816 23 1139 1137 1138 
817 1139 41 168 1137 
818 1137 168 39 70 
819 1138 1137 70 40 
820 48 1141 1140 525 
821 1141 31 1064 1140 
822 1140 1064 49 546 
823 525 1140 546 47 
824 52 100 1142 1143 
825 100 51 222 1142 
826 1142 222 54 1144 
827 1143 1142 1144 35 
828 70 1147 1145 1146 
829 1147 39 172 1145 
830 1145 172 56 112 
831 1146 1145 112 68 
832 72 574 1148 591 
833 574 73 1106 1148 
834 1148 1106 44 1149 
835 591 1148 1149 74 
836 56 1152 1150 1151 
837 1152 81 176 1150 
838 1150 176 79 116 
839 1151 1150 116 80 
840 89 1154 1153 390 
841 1154 58 530 1153 
842 1153 530 90 453 
843 390 1153 453 88 
844 98 135 1155 1156 
845 135 76 226 1155 
846 1155 226 51 1157 
847 1156 1155 1157 100 
848 102 138 1158 1159 
849 138 101 230 1158 
850 1158 230 104 1160 
851 1159 1158 1160 76 
852 116 1163 1161 1162 
853 1163 79 180 1161 
854 1161 180 106 141 
855 1162 1161 141 114 
856 121 484 1164 406 
857 484 122 597 1164 
858 1164 597 77 1165 
859 406 1164 1165 123 
860 136 154 1166 1167 
861 154 125 234 1166 
862 1166 234 101 1168 
863 1167 1166 1168 138 
864 183 1171 1169 1170 
865 1171 186 254 1169 
866 1169 254 128 201 
867 1170 1169 201 149 
868 188 1173 1172 393 
869 1173 88 1174 1172 
870 1172 1174 189 457 
871 393 1172 457 187 
872 204 487 1175 409 
873 487 205 1176 1175 
874 1175 1176 121 1177 
875 409 1175 1177 206 
876 158 245 1178 1179 
877 245 143 270 1178 
878 1178 270 239 1180 
879 1179 1178 1180 237 
880 250 1182 1181 260 
881 1182 196 296 1181 
882 1181 296 251 1183 
883 260 1181 1183 249 
884 265 1185 1184 276 
885 1185 267 317 1184 
886 1184 317 212 1186 
887 276 1184 1186 268 
888 279 341 1187 323 
889 341 191 362 1187 
890 1187 362 280 1188 
891 323 1187 1188 278 
892 248 1190 1189 294 
893 1190 289 338 1189 
894 1189 338 279 322 
895 294 1189 322 131 
896 300 1192 1191 327 
897 1192 301 377 1191 
898 1191 377 207 351 
899 327 1191 351 302 
900 145 328 1193 314 
901 328 302 350 1193 
902 1193 350 310 1194 
903 314 1193 1194 263 
904 329 463 1195 420 
905 463 331 1196 1195 
906 1195 1196 190 1197 
907 420 1195 1197 332 
908 332 1197 1198 435 
909 1197 190 1199 1198 
910 1198 1199 343 489 
911 435 1198 489 342 
912 397 467 1200 469 
913 467 329 1201 1200 
914 1200 1201 420 1202 
915 469 1200 1202 419 
916 400 1204 1203 432 
917 1204 422 472 1203 
918 1203 472 425 1205 
919 432 1203 1205 193 
920 434 1207 1206 478 
921 1207 435 1208 1206 
922 1206 1208 342 493 
923 478 1206 493 412 
924 208 1210 1209 446 
925 1210 440 497 1209 
926 1209 497 439 1211 
927 446 1209 1211 417 
928 449 1213 1212 532 
929 1213 84 629 1212 
930 1212 629 450 554 
931 532 1212 554 448 
932 479 580 1214 598 
933 580 480 666 1214 
934 1214 666 118 1215 
935 598 1214 1215 481 
936 502 1217 1216 536 
937 1217 448 1218 1216 
938 1216 1218 503 558 
939 536 1216 558 501 
940 505 583 1219 602 
941 583 506 1220 1219 
942 1219 1220 479 1221 
943 602 1219 1221 507 
944 15 1223 1222 1045 
945 1223 538 1224 1222 
946 1222 1224 537 876 
947 1045 1222 876 33 
948 47 1226 1225 627 
949 1226 546 1227 1225 
950 1225 1227 545 637 
951 627 1225 637 86 
952 546 1229 1228 1227 
953 1229 49 1230 1228 
954 1228 1230 547 856 
955 1227 1228 856 545 
956 550 1232 1231 631 
957 1232 86 1233 1231 
958 1231 1233 551 641 
959 631 1231 641 549 
960 45 893 1234 1087 
961 893 566 1235 1234 
962 1234 1235 568 1236 
963 1087 1234 1236 28 
964 119 655 1237 663 
965 655 572 1238 1237 
966 1237 1238 574 1239 
967 663 1237 1239 72 
968 575 658 1240 667 
969 658 576 1241 1240 
970 1240 1241 119 1242 
971 667 1240 1242 577 
972 86 1244 1243 1233 
973 1244 637 1245 1243 
974 1243 1245 636 985 
975 1233 1243 985 551 
976 637 1247 1246 1245 
977 1247 545 1248 1246 
978 1246 1248 638 981 
979 1245 1246 981 636 
980 549 1250 1249 680 
981 1250 641 1251 1249 
982 1249 1251 640 755 
983 680 1249 755 611 
984 576 1077 1252 1241 
985 1077 653 1253 1252 
986 1252 1253 655 1254 
987 1241 1252 1254 119 
988 614 772 1255 698 
989 772 656 1256 1255 
990 1255 1256 658 1257 
991 698 1255 1257 575 
992 611 1259 1258 760 
993 1259 755 1260 1258 
994 1258 1260 754 829 
995 760 1258 829 646 
996 758 1262 1261 810 
997 1262 760 1263 1261 
998 1261 1263 646 833 
999 810 1261 833 761 
1000 660 842 1264 775 
1001 842 770 1265 1264 
1002 1264 1265 772 1266 
1003 775 1264 1266 614 
1004 774 846 1267 821 
1005 846 660 1268 1267 
1006 1267 1268 775 1269 
1007 821 1267 1269 773 
1008 49 1271 1270 1230 
1009 1271 852 1067 1270 
1010 1270 1067 851 863 
1011 1230 1270 863 547 
1012 545 1273 1272 1248 
1013 1273 856 1274 1272 
1014 1272 1274 855 999 
1015 1248 1272 999 638 
1016 856 1276 1275 1274 
1017 1276 547 1277 1275 
1018 1275 1277 857 1003 
1019 1274 1275 1003 855 
1020 573 869 1278 1279 
1021 869 859 1109 1278 
1022 1278 1109 861 1280 
1023 1279 1278 1280 73 
1024 547 1282 1281 1277 
1025 1282 863 1283 1281 
1026 1281 1283 862 872 
1027 1277 1281 872 857 
1028 863 1285 1284 1283 
1029 1285 851 1286 1284 
1030 1284 1286 864 888 
1031 1283 1284 888 862 
1032 33 1288 1287 1049 
1033 1288 876 1289 1287 
1034 1287 1289 875 962 
1035 1049 1287 962 543 
1036 880 1291 1290 1053 
1037 1291 543 1292 1290 
1038 1290 1292 881 965 
1039 1053 1290 965 879 
1040 851 1294 1293 1286 
1041 1294 884 1070 1293 
1042 1293 1070 883 910 
1043 1286 1293 910 864 
1044 570 943 1295 1091 
1045 943 891 1296 1295 
1046 1295 1296 893 1297 
1047 1091 1295 1297 45 
1048 894 947 1298 1095 
1049 947 895 1299 1298 
1050 1298 1299 570 1300 
1051 1095 1298 1300 896 
1052 868 1035 1301 1302 
1053 1035 897 1112 1301 
1054 1301 1112 899 1303 
1055 1302 1301 1303 859 
1056 910 1306 1304 1305 
1057 1306 883 1073 1304 
1058 1304 1073 911 1041 
1059 1305 1304 1041 909 
1060 914 1308 1307 1057 
1061 1308 879 1309 1307 
1062 1307 1309 915 968 
1063 1057 1307 968 913 
1064 918 1311 1310 1075 
1065 1311 885 1059 1310 
1066 1310 1059 919 1312 
1067 1075 1310 1312 917 
1068 917 1312 1313 931 
1069 1312 919 1314 1313 
1070 1313 1314 544 1315 
1071 931 1313 1315 920 
1072 921 951 1316 1099 
1073 951 922 1317 1316 
1074 1316 1317 894 1318 
1075 1099 1316 1318 923 
1076 886 932 1319 1084 
1077 932 920 1320 1319 
1078 1319 1320 924 1116 
1079 1084 1319 1116 925 
1080 920 1315 1321 1320 
1081 1315 544 958 1321 
1082 1321 958 926 1322 
1083 1320 1321 1322 924 
1084 924 1322 1323 1117 
1085 1322 926 1102 1323 
1086 1323 1102 898 1324 
1087 1117 1323 1324 927 
1088 933 956 1325 1103 
1089 956 935 1326 1325 
1090 1325 1326 921 1327 
1091 1103 1325 1327 936 
1092 938 1329 1328 1061 
1093 1329 913 1330 1328 
1094 1328 1330 939 972 
1095 1061 1328 972 937 
1096 919 1062 1331 1314 
1097 1062 937 971 1331 
1098 1331 971 934 959 
1099 1314 1331 959 544 
1100 1000 1333 1332 1011 
1101 1333 1002 1017 1332 
1102 1332 1017 1004 1334 
1103 1011 1332 1334 858 
1104 854 1039 1335 1336 
1105 1039 912 1083 1335 
1106 1335 1083 1034 1337 
1107 1336 1335 1337 902 
1108 1034 1085 1338 1339 
1109 1085 925 1115 1338 
1110 1338 1115 897 1340 
1111 1339 1338 1340 1035 
1112 902 1337 1341 1342 
1113 1337 1034 1339 1341 
1114 1341 1339 1035 1343 
1115 1342 1341 1343 868 
1116 572 988 1344 1238 
1117 988 573 1279 1344 
1118 1344 1279 73 1345 
1119 1238 1344 1345 574 
1120 653 992 1346 1253 
1121 992 654 1347 1346 
1122 1346 1347 572 1348 
1123 1253 1346 1348 655 
1124 866 903 1349 1350 
1125 903 868 1302 1349 
1126 1349 1302 859 1351 
1127 1350 1349 1351 869 
1128 867 1022 1352 1353 
1129 1022 866 1350 1352 
1130 1352 1350 869 1354 
1131 1353 1352 1354 573 
1132 890 1033 1355 1356 
1133 1033 854 1336 1355 
1134 1355 1336 902 1357 
1135 1356 1355 1357 900 
1136 900 1357 1358 1359 
1137 1357 902 1342 1358 
1138 1358 1342 868 1360 
1139 1359 1358 1360 903 
1140 864 1363 1361 1362 
1141 1363 910 1305 1361 
1142 1361 1305 909 1037 
1143 1362 1361 1037 889 
1144 987 1015 1364 1365 
1145 1015 867 1353 1364 
1146 1364 1353 573 1366 
1147 1365 1364 1366 988 
1148 654 1007 1367 1347 
1149 1007 987 1365 1367 
1150 1367 1365 988 1368 
1151 1347 1367 1368 572 
1152 888 1371 1369 1370 
1153 1371 864 1362 1369 
1154 1369 1362 889 1031 
1155 1370 1369 1031 887 
1156 865 908 1372 1373 
1157 908 890 1356 1372 
1158 1372 1356 900 1374 
1159 1373 1372 1374 901 
1160 901 1374 1375 1376 
1161 1374 900 1359 1375 
1162 1375 1359 903 1377 
1163 1376 1375 1377 866 
1164 874 1029 1378 1379 
1165 1029 865 1373 1378 
1166 1378 1373 901 1380 
1167 1379 1378 1380 1021 
1168 1021 1380 1381 1382 
1169 1380 901 1376 1381 
1170 1381 1376 866 1383 
1171 1382 1381 1383 1022 
