2 0.000000 100.000000 262.180540
1536 1297 
1 -11.368037 0.000000 -11.528932 99.756356 -6.975713 -0.000008 0.000001 
2 13.641644 0.000000 -11.528932 99.756296 -6.976643 -0.000467 0.000001 
3 13.641644 0.000000 11.528932 99.756386 -6.976190 -0.000279 -0.000000 
4 -11.368037 0.000000 11.528932 99.756445 -6.975650 0.000009 -0.000001 
5 1.136804 0.000000 0.000000 101.895742 -6.577480 -0.010650 -0.042601 
6 -11.368037 0.000000 0.000000 99.756371 -6.975674 0.000035 0.000001 
7 1.136804 0.000000 -11.528932 99.756263 -6.976188 -0.000201 0.000002 
8 13.641644 0.000000 0.000000 99.768731 -6.798803 0.076824 -0.000003 
9 1.136804 0.000000 11.528932 99.756575 -6.975911 -0.000221 -0.000004 
10 -5.115617 0.000000 -5.764466 99.756070 -6.976483 -0.000124 0.000006 
11 -11.368037 0.000000 -5.764466 99.756346 -6.975698 0.000008 0.000001 
12 -5.115617 0.000000 -11.528932 99.756302 -6.975836 -0.000063 0.000002 
13 1.136804 0.000000 -5.764466 99.757824 -6.978197 -0.000882 -0.000032 
14 -5.115617 0.000000 0.000000 99.755776 -6.976138 0.000153 0.000012 
15 7.389224 0.000000 -5.764466 99.755945 -6.979217 -0.001619 0.000004 
16 7.389224 0.000000 -11.528932 99.756267 -6.976550 -0.000357 0.000002 
17 13.641644 0.000000 -5.764466 99.756130 -6.978872 -0.002268 0.000001 
18 7.389224 0.000000 0.000000 99.822420 -6.023136 0.658466 -0.000123 
19 -5.115617 0.000000 5.764466 99.756525 -6.975610 0.000235 -0.000002 
20 -11.368037 0.000000 5.764466 99.756424 -6.975658 0.000032 -0.000000 
21 1.136804 0.000000 5.764466 99.760150 -6.977850 -0.000713 -0.000078 
22 -5.115617 0.000000 11.528932 99.756519 -6.975704 -0.000026 -0.000002 
23 -1.989406 0.000000 -2.882233 99.754496 -6.978298 -0.001952 0.000034 
24 -5.115617 0.000000 -2.882233 99.755810 -6.976578 -0.000029 0.000011 
25 -1.989406 0.000000 -5.764466 99.756122 -6.976485 -0.000601 0.000004 
26 1.136804 0.000000 -2.882233 99.769849 -6.984702 -0.004416 -0.000281 
27 -1.989406 0.000000 0.000000 99.748676 -6.981405 -0.000993 0.000146 
28 7.389224 0.000000 5.764466 99.756174 -6.977890 -0.001235 0.000001 
29 13.641644 0.000000 5.764466 99.756203 -6.978461 -0.000611 0.000000 
30 7.389224 0.000000 11.528932 99.756444 -6.976134 -0.000325 -0.000001 
31 4.263014 0.000000 -2.882233 99.756559 -6.989090 -0.002585 -0.000022 
32 4.263014 0.000000 -5.764466 99.756151 -6.978683 -0.000929 0.000001 
33 7.389224 0.000000 -2.882233 99.755123 -6.987513 -0.008302 0.000009 
34 4.263014 0.000000 0.000000 100.021193 -3.078536 -1.996504 -0.001770 
35 -1.989406 0.000000 2.882233 99.756103 -6.977284 0.001849 0.000004 
36 -5.115617 0.000000 2.882233 99.756237 -6.975839 0.000426 0.000003 
37 1.136804 0.000000 2.882233 99.753403 -6.982538 -0.006137 0.000050 
38 -1.989406 0.000000 5.764466 99.756869 -6.976260 0.000197 -0.000010 
39 -0.426301 0.000000 -1.441116 99.748081 -6.992184 -0.031197 0.000143 
40 -1.989406 0.000000 -1.441116 99.751400 -6.981227 -0.003482 0.000092 
41 -0.426301 0.000000 -2.882233 99.758569 -6.984264 -0.006922 -0.000055 
42 1.136804 0.000000 -1.441116 99.781149 -7.022342 -0.011078 -0.000559 
43 -0.426301 0.000000 0.000000 99.924759 -7.084975 0.009321 -0.003515 
44 4.263014 0.000000 2.882233 99.752160 -6.984032 -0.004285 0.000073 
45 7.389224 0.000000 2.882233 99.755178 -6.987540 -0.002687 0.000008 
46 4.263014 0.000000 5.764466 99.756374 -6.977951 -0.001519 -0.000003 
47 2.699909 0.000000 -1.441116 99.766679 -7.030685 0.007397 -0.000282 
48 2.699909 0.000000 -2.882233 99.764948 -6.988220 0.001893 -0.000188 
49 4.263014 0.000000 -1.441116 99.753343 -7.017904 -0.019741 0.000002 
50 2.699909 0.000000 0.000000 100.064160 -4.589883 -0.138860 -0.003392 
51 -0.426301 0.000000 1.441116 99.748052 -6.990999 0.016066 0.000145 
52 -1.989406 0.000000 1.441116 99.752723 -6.979541 0.003329 0.000068 
53 1.136804 0.000000 1.441116 99.775797 -7.014979 -0.028960 -0.000442 
54 -0.426301 0.000000 2.882233 99.757139 -6.978625 0.001516 -0.000019 
55 0.355251 0.000000 -0.720558 99.901380 -7.079983 -0.163431 -0.003044 
56 -0.426301 0.000000 -0.720558 99.761247 -6.937520 -0.095652 -0.000044 
57 0.355251 0.000000 -1.441116 99.760244 -7.000146 -0.031590 -0.000111 
58 1.136804 0.000000 -0.720558 99.848066 -7.211076 0.069225 -0.002164 
59 0.355251 0.000000 0.000000 67.221035 -0.024626 -0.011599 0.548133 
60 -8.241827 0.000000 -2.882233 99.756201 -6.976011 0.000042 0.000004 
61 -11.368037 0.000000 -2.882233 99.756352 -6.975686 0.000022 0.000001 
62 -8.241827 0.000000 -5.764466 99.756288 -6.975748 -0.000010 0.000002 
63 -8.241827 0.000000 0.000000 99.756231 -6.975903 0.000113 0.000003 
64 -3.552511 0.000000 -1.441116 99.755087 -6.973446 -0.001416 0.000029 
65 -5.115617 0.000000 -1.441116 99.755757 -6.976136 -0.000024 0.000012 
66 -3.552511 0.000000 -2.882233 99.755401 -6.976477 -0.000478 0.000019 
67 -3.552511 0.000000 0.000000 99.754666 -6.973324 -0.000895 0.000038 
68 -1.207854 0.000000 -0.720558 99.741152 -6.987311 -0.012827 0.000288 
69 -1.989406 0.000000 -0.720558 99.749446 -6.981470 -0.003051 0.000131 
70 -1.207854 0.000000 -1.441116 99.748874 -6.984154 -0.011796 0.000138 
71 -1.207854 0.000000 0.000000 99.736436 -6.988247 -0.003271 0.000381 
72 2.699909 0.000000 1.441116 99.734898 -7.007775 -0.036438 0.000384 
73 4.263014 0.000000 1.441116 99.743787 -7.022710 -0.006793 0.000186 
74 2.699909 0.000000 2.882233 99.748073 -6.981140 -0.005948 0.000159 
75 0.355251 0.000000 0.720558 99.757806 -7.098286 0.122815 -0.000202 
76 -0.426301 0.000000 0.720558 99.652716 -6.925467 -0.045907 0.002137 
77 1.136804 0.000000 0.720558 99.695308 -7.172701 -0.020437 0.000940 
78 0.355251 0.000000 1.441116 99.771228 -7.003054 0.012657 -0.000334 
79 -0.035525 0.000000 -0.360279 99.149453 -7.087394 -0.037517 0.011915 
80 -0.426301 0.000000 -0.360279 99.766121 -7.023952 0.025708 -0.000262 
81 -0.035525 0.000000 -0.720558 99.672001 -7.031491 -0.110902 0.001604 
82 0.355251 0.000000 -0.360279 100.452694 -7.457726 -0.669035 -0.014681 
83 -0.035525 0.000000 0.000000 164.360179 -7.407118 -0.075492 -1.706914 
84 1.918356 0.000000 -0.720558 99.825453 -7.143550 0.025216 -0.001615 
85 1.918356 0.000000 -1.441116 99.785542 -7.008078 0.003815 -0.000627 
86 2.699909 0.000000 -0.720558 99.797265 -7.140310 0.009992 -0.001048 
87 1.918356 0.000000 0.000000 101.910701 -7.136517 -0.958181 -0.043764 
88 0.746027 0.000000 -0.360279 99.727444 -7.659668 0.136701 -0.000425 
89 0.746027 0.000000 -0.720558 99.780645 -7.113849 0.032082 -0.000678 
90 1.136804 0.000000 -0.360279 99.844646 -7.514003 -0.130147 -0.002543 
91 0.746027 0.000000 0.000000 102.137145 -6.527099 -0.005336 -0.047460 
92 -8.241827 0.000000 2.882233 99.756330 -6.975762 0.000146 0.000001 
93 -11.368037 0.000000 2.882233 99.756399 -6.975664 0.000039 0.000000 
94 -8.241827 0.000000 5.764466 99.756452 -6.975683 0.000054 -0.000001 
95 -3.552511 0.000000 1.441116 99.754946 -6.973601 -0.000351 0.000032 
96 -5.115617 0.000000 1.441116 99.755947 -6.976099 0.000283 0.000009 
97 -3.552511 0.000000 2.882233 99.756086 -6.976357 0.000676 0.000005 
98 -1.207854 0.000000 0.720558 99.741323 -6.988818 0.003611 0.000282 
99 -1.989406 0.000000 0.720558 99.749815 -6.980526 0.000856 0.000125 
100 -1.207854 0.000000 1.441116 99.749291 -6.982206 0.005686 0.000133 
101 -0.035525 0.000000 0.360279 99.012693 -7.093689 -0.127263 0.014615 
102 -0.426301 0.000000 0.360279 99.667670 -7.026437 -0.205494 0.001694 
103 0.355251 0.000000 0.360279 100.339469 -7.426223 0.615632 -0.012354 
104 -0.035525 0.000000 0.720558 99.492250 -7.026361 -0.013209 0.005192 
105 0.159863 0.000000 -0.180140 98.295760 -8.494767 -4.970974 0.024107 
106 -0.035525 0.000000 -0.180140 97.554534 -7.228780 2.900868 0.042244 
107 0.159863 0.000000 -0.360279 99.392717 -7.253879 -0.969111 0.006753 
108 0.355251 0.000000 -0.180140 102.043129 -8.972594 -1.529517 -0.049565 
109 0.159863 0.000000 0.000000 114.473073 0.114641 0.033696 -0.310410 
110 -0.817078 0.000000 -0.360279 99.748900 -6.936567 -0.056089 0.000204 
111 -1.207854 0.000000 -0.360279 99.736747 -6.987921 -0.006707 0.000375 
112 -0.817078 0.000000 -0.720558 99.725712 -6.993703 -0.016491 0.000587 
113 -0.817078 0.000000 0.000000 99.741042 -6.931553 -0.064790 0.000367 
114 -0.230913 0.000000 -0.180140 100.290364 -7.031522 0.302002 -0.010769 
115 -0.426301 0.000000 -0.180140 99.866293 -7.092934 0.043148 -0.002359 
116 -0.230913 0.000000 -0.360279 99.577421 -7.005548 0.223368 0.003521 
117 -0.230913 0.000000 0.000000 101.102053 -7.083782 -0.104563 -0.027182 
118 1.918356 0.000000 0.720558 99.568837 -7.153114 -0.205442 0.003484 
119 2.699909 0.000000 0.720558 99.621789 -7.172845 0.003226 0.002405 
120 1.918356 0.000000 1.441116 99.743136 -7.018172 -0.043739 0.000205 
121 0.746027 0.000000 0.360279 99.576246 -7.563110 -0.006656 0.002737 
122 1.136804 0.000000 0.360279 99.733705 -7.555242 0.183989 -0.000393 
123 0.746027 0.000000 0.720558 99.530009 -7.121530 0.037415 0.004306 
124 0.159863 0.000000 0.180140 98.260538 -8.235884 4.867513 0.025334 
125 -0.035525 0.000000 0.180140 97.522420 -7.286296 -3.000362 0.042729 
126 0.355251 0.000000 0.180140 101.907560 -8.987727 1.492736 -0.046816 
127 0.159863 0.000000 0.360279 99.288455 -7.310089 0.889545 0.008757 
128 0.062169 0.000000 -0.090070 86.130400 -10.555527 -8.502761 0.239784 
129 -0.035525 0.000000 -0.090070 103.708225 -7.667004 18.310399 -0.114945 
130 0.062169 0.000000 -0.180140 95.950411 -7.861285 -1.970374 0.072784 
131 0.159863 0.000000 -0.090070 99.434824 -12.406843 -13.421278 -0.022134 
132 0.062169 0.000000 0.000000 193.346030 -0.759112 0.017795 -2.738326 
133 -0.817078 0.000000 0.360279 99.717643 -6.926114 -0.061068 0.000842 
134 -1.207854 0.000000 0.360279 99.737382 -6.987721 -0.000172 0.000363 
135 -0.817078 0.000000 0.720558 99.708828 -6.939226 -0.043838 0.000999 
136 -0.230913 0.000000 0.180140 100.234580 -7.036806 -0.473068 -0.009671 
137 -0.426301 0.000000 0.180140 99.843821 -7.020649 -0.084104 -0.001809 
138 -0.230913 0.000000 0.360279 99.529390 -6.997793 -0.320470 0.004483 
139 -0.133219 0.000000 -0.090070 103.235200 -7.190308 2.453979 -0.071523 
140 -0.230913 0.000000 -0.090070 100.770101 -7.077423 0.354347 -0.020483 
141 -0.133219 0.000000 -0.180140 100.040192 -7.261555 1.728184 -0.006376 
142 -0.133219 0.000000 0.000000 106.165950 -7.112699 -0.103551 -0.132181 
143 0.062169 0.000000 0.090070 85.976611 -10.474984 8.471023 0.242654 
144 -0.035525 0.000000 0.090070 103.649145 -7.719899 -18.482290 -0.114434 
145 0.159863 0.000000 0.090070 99.389451 -12.418658 13.413571 -0.021241 
146 0.062169 0.000000 0.180140 95.914587 -7.894056 1.895822 0.073448 
147 0.013322 0.000000 -0.045035 74.328233 -11.566995 -14.614137 0.412795 
148 -0.035525 0.000000 -0.045035 143.604579 -7.652531 28.311180 -1.148236 
149 0.013322 0.000000 -0.090070 76.013095 -9.103404 5.433570 0.410961 
150 0.062169 0.000000 -0.045035 190.132419 -0.656585 -18.903031 -2.650809 
151 0.013322 0.000000 0.000000 242.795490 -3.658897 -0.019714 -4.896304 
152 -0.133219 0.000000 0.090070 103.217401 -7.237791 -2.613391 -0.071305 
153 -0.230913 0.000000 0.090070 100.739395 -7.077768 -0.546773 -0.019882 
154 -0.133219 0.000000 0.180140 99.943193 -7.198160 -1.990304 -0.004442 
155 0.013322 0.000000 0.045035 74.181517 -11.828001 14.584298 0.414450 
156 -0.035525 0.000000 0.045035 143.592091 -7.673668 -28.459823 -1.148754 
157 0.062169 0.000000 0.045035 190.157736 -0.638726 18.869622 -2.651644 
158 0.013322 0.000000 0.090070 75.963117 -9.149799 -5.533823 0.411526 
159 -1.989406 0.000000 -8.646699 99.756201 -6.976748 -0.000234 0.000003 
160 -5.115617 0.000000 -8.646699 99.757597 -6.975610 -0.001134 -0.000024 
161 -1.989406 0.000000 -11.528932 99.756277 -6.975979 -0.000125 0.000002 
162 1.136804 0.000000 -8.646699 99.756239 -6.977208 -0.000340 0.000001 
163 -0.426301 0.000000 -4.323349 99.759195 -6.974873 -0.003088 -0.000055 
164 -1.989406 0.000000 -4.323349 99.756540 -6.976174 -0.001752 -0.000003 
165 -0.426301 0.000000 -5.764466 99.756309 -6.977427 -0.000782 -0.000001 
166 1.136804 0.000000 -4.323349 99.757506 -6.979607 -0.001496 -0.000027 
167 0.355251 0.000000 -2.161675 99.783721 -6.990428 -0.019769 -0.000566 
168 -0.426301 0.000000 -2.161675 99.759465 -6.985240 -0.015343 -0.000074 
169 0.355251 0.000000 -2.882233 99.766071 -6.983535 -0.008153 -0.000204 
170 1.136804 0.000000 -2.161675 99.790700 -6.979106 -0.007097 -0.000689 
171 -0.035525 0.000000 -1.080837 99.820325 -6.962751 -0.099427 -0.001259 
172 -0.426301 0.000000 -1.080837 99.720754 -6.995560 -0.033223 0.000683 
173 -0.035525 0.000000 -1.441116 99.755218 -6.994123 -0.038652 -0.000002 
174 0.355251 0.000000 -1.080837 99.915790 -7.004790 -0.072639 -0.003224 
175 0.159863 0.000000 -0.540419 99.684454 -7.089854 -0.355834 0.001262 
176 -0.035525 0.000000 -0.540419 99.623706 -7.015210 -0.184333 0.002587 
177 0.159863 0.000000 -0.720558 99.743074 -7.053098 -0.185140 0.000154 
178 0.355251 0.000000 -0.540419 99.932326 -7.188679 -0.256084 -0.003821 
179 0.062169 0.000000 -0.270209 97.623244 -7.356841 -0.871721 0.041482 
180 -0.035525 0.000000 -0.270209 98.220694 -7.157197 0.665266 0.030103 
181 0.062169 0.000000 -0.360279 98.919982 -7.125034 -0.440541 0.016388 
182 0.159863 0.000000 -0.270209 98.885597 -7.607916 -2.192398 0.015895 
183 0.013322 0.000000 -0.135105 92.818245 -8.004365 2.371178 0.131508 
184 -0.035525 0.000000 -0.135105 98.407285 -7.410908 6.193234 0.022273 
185 0.013322 0.000000 -0.180140 95.963751 -7.475438 0.858848 0.073434 
186 0.062169 0.000000 -0.135105 93.678562 -8.549444 -3.792581 0.113685 
187 0.550639 0.000000 -0.180140 101.586584 -7.984699 -0.006898 -0.038359 
188 0.550639 0.000000 -0.360279 100.123710 -7.602659 0.207020 -0.008260 
189 0.746027 0.000000 -0.180140 102.225964 -7.970589 -0.003239 -0.051368 
190 0.550639 0.000000 0.000000 101.576884 -6.515475 -0.003981 -0.036031 
191 0.257557 0.000000 -0.090070 102.782288 -12.585299 -10.276373 -0.082819 
192 0.257557 0.000000 -0.180140 100.697212 -8.651958 -3.892739 -0.022994 
193 0.355251 0.000000 -0.090070 105.449016 -12.586463 -4.445276 -0.129767 
194 0.257557 0.000000 0.000000 81.077784 -0.147424 -0.019647 0.342637 
195 0.111016 0.000000 -0.045035 142.591284 -0.196155 -13.269432 -1.050839 
196 0.111016 0.000000 -0.090070 92.718623 -12.258221 -15.428998 0.101494 
197 0.159863 0.000000 -0.045035 113.342697 0.057604 -8.207360 -0.291393 
198 0.111016 0.000000 0.000000 145.689152 -0.207843 -0.008492 -1.122537 
199 0.037745 0.000000 -0.067552 75.087279 -11.648241 -14.701153 0.401010 
200 0.013322 0.000000 -0.067552 74.284385 -11.352904 -14.465257 0.414370 
201 0.037745 0.000000 -0.090070 83.223902 -9.880387 -5.382605 0.294719 
202 0.062169 0.000000 -0.067552 79.917374 -11.987595 -15.411156 0.323201 
203 0.037745 0.000000 -0.045035 74.754659 -11.695880 -14.696667 0.405896 
204 0.550639 0.000000 0.180140 101.565278 -7.984784 -0.000905 -0.037926 
205 0.746027 0.000000 0.180140 102.205238 -7.982851 -0.006779 -0.050964 
206 0.550639 0.000000 0.360279 99.910191 -7.519054 -0.104623 -0.003859 
207 0.257557 0.000000 0.090070 102.755751 -12.624321 10.272661 -0.082365 
208 0.355251 0.000000 0.090070 105.420583 -12.547925 4.452655 -0.129078 
209 0.257557 0.000000 0.180140 100.633198 -8.773996 3.821871 -0.021863 
210 0.111016 0.000000 0.045035 142.593880 -0.208420 13.230990 -1.050812 
211 0.159863 0.000000 0.045035 113.335406 0.026910 8.218195 -0.291245 
212 0.111016 0.000000 0.090070 92.581701 -12.255332 15.405190 0.104112 
213 -1.989406 0.000000 8.646699 99.756764 -6.975500 -0.000017 -0.000007 
214 -5.115617 0.000000 8.646699 99.756685 -6.974853 0.000103 -0.000004 
215 1.136804 0.000000 8.646699 99.756850 -6.975612 -0.000377 -0.000009 
216 -1.989406 0.000000 11.528932 99.756571 -6.975783 -0.000102 -0.000004 
217 -0.426301 0.000000 4.323349 99.757960 -6.976913 0.000381 -0.000033 
218 -1.989406 0.000000 4.323349 99.758870 -6.976043 0.002276 -0.000050 
219 1.136804 0.000000 4.323349 99.758500 -6.977068 -0.001689 -0.000044 
220 -0.426301 0.000000 5.764466 99.757262 -6.976596 -0.000175 -0.000018 
221 0.355251 0.000000 2.161675 99.771129 -6.988413 0.001669 -0.000312 
222 -0.426301 0.000000 2.161675 99.754670 -6.984070 0.003398 0.000023 
223 1.136804 0.000000 2.161675 99.776370 -6.979957 -0.011682 -0.000404 
224 0.355251 0.000000 2.882233 99.758850 -6.978774 -0.001106 -0.000053 
225 -0.035525 0.000000 1.080837 99.659375 -6.964345 0.013075 0.001951 
226 -0.426301 0.000000 1.080837 99.692300 -6.954026 -0.014088 0.001309 
227 0.355251 0.000000 1.080837 99.675765 -7.019777 0.034386 0.001546 
228 -0.035525 0.000000 1.441116 99.766572 -6.995775 0.028448 -0.000231 
229 0.159863 0.000000 0.540419 99.540957 -7.089990 0.270911 0.004126 
230 -0.035525 0.000000 0.540419 99.480422 -7.012546 0.078448 0.005446 
231 0.355251 0.000000 0.540419 99.706629 -7.204240 0.209131 0.000664 
232 0.159863 0.000000 0.720558 99.678428 -7.053286 0.134524 0.001444 
233 0.062169 0.000000 0.270209 97.498906 -7.421599 0.788966 0.043826 
234 -0.035525 0.000000 0.270209 98.064603 -7.307016 -0.846424 0.032922 
235 0.159863 0.000000 0.270209 98.745882 -7.537869 2.096537 0.018804 
236 0.062169 0.000000 0.360279 98.820645 -7.191841 0.369018 0.018262 
237 0.013322 0.000000 0.135105 92.716478 -8.008726 -2.466597 0.133343 
238 -0.035525 0.000000 0.135105 98.329487 -7.453062 -6.339181 0.023558 
239 0.062169 0.000000 0.135105 93.578051 -8.552861 3.727456 0.115610 
240 0.013322 0.000000 0.180140 95.908135 -7.553898 -0.979243 0.074361 
241 0.037745 0.000000 0.067552 74.992099 -11.794635 14.684784 0.402143 
242 0.013322 0.000000 0.067552 74.152813 -11.618391 14.438545 0.415790 
243 0.037745 0.000000 0.045035 74.656016 -11.843654 14.679975 0.407071 
244 0.062169 0.000000 0.067552 79.821521 -12.021618 15.392548 0.324708 
245 0.037745 0.000000 0.090070 83.075628 -9.865791 5.339550 0.297260 
246 0.111016 0.000000 -0.135105 96.586972 -9.124129 -6.539314 0.054494 
247 0.111016 0.000000 -0.180140 97.154170 -8.248832 -3.864115 0.047809 
248 0.159863 0.000000 -0.135105 98.722313 -9.613838 -7.556878 0.010437 
249 0.086592 0.000000 -0.067552 92.042168 -12.320205 -15.330170 0.114144 
250 0.086592 0.000000 -0.090070 92.464735 -12.428925 -15.467423 0.105655 
251 0.111016 0.000000 -0.067552 92.734819 -12.235232 -15.411611 0.101303 
252 0.086592 0.000000 -0.045035 164.476032 -0.367791 -16.877712 -1.733736 
253 0.086592 0.000000 -0.112587 93.483527 -9.676821 -8.218428 0.109965 
254 0.062169 0.000000 -0.112587 90.762659 -9.220596 -5.833770 0.164309 
255 0.086592 0.000000 -0.135105 95.082465 -8.844559 -5.510039 0.085074 
256 0.111016 0.000000 -0.112587 95.981148 -9.976947 -9.086641 0.060551 
257 0.074381 0.000000 -0.078811 89.110671 -12.368619 -15.266381 0.167324 
258 0.062169 0.000000 -0.078811 80.849903 -12.085286 -15.417721 0.307953 
259 0.074381 0.000000 -0.090070 86.911164 -10.943218 -12.239221 0.217690 
260 0.086592 0.000000 -0.078811 92.179046 -12.341121 -15.367499 0.111456 
261 0.074381 0.000000 -0.067552 87.092489 -12.301176 -15.313823 0.202907 
262 0.111016 0.000000 0.135105 96.503774 -8.937538 6.503690 0.056484 
263 0.159863 0.000000 0.135105 98.656614 -9.535236 7.542560 0.011906 
264 0.111016 0.000000 0.180140 97.113849 -8.094971 3.765596 0.048919 
265 0.086592 0.000000 0.067552 91.929354 -12.135848 15.311531 0.116727 
266 0.086592 0.000000 0.045035 164.429995 -0.319787 16.859936 -1.732158 
267 0.111016 0.000000 0.067552 92.598996 -12.212627 15.387396 0.103951 
268 0.086592 0.000000 0.090070 92.357146 -12.220690 15.451527 0.108206 
269 0.086592 0.000000 0.112587 93.370051 -9.556445 8.234129 0.112291 
270 0.062169 0.000000 0.112587 90.649139 -9.218377 5.772984 0.166443 
271 0.111016 0.000000 0.112587 95.889265 -9.784031 9.056996 0.062749 
272 0.086592 0.000000 0.135105 94.998740 -8.711798 5.500177 0.086909 
273 0.074381 0.000000 0.078811 88.997411 -12.203147 15.246706 0.169808 
274 0.062169 0.000000 0.078811 80.752069 -12.099690 15.399184 0.309557 
275 0.074381 0.000000 0.067552 86.982764 -12.178600 15.294336 0.205176 
276 0.086592 0.000000 0.078811 92.064244 -12.164589 15.348869 0.114061 
277 0.074381 0.000000 0.090070 86.761967 -10.792667 12.242205 0.220601 
278 0.208710 0.000000 -0.045035 93.357849 -0.138017 -5.181845 0.125744 
279 0.208710 0.000000 -0.090070 100.665391 -12.536728 -12.716243 -0.045239 
280 0.257557 0.000000 -0.045035 80.268823 -0.120894 -3.960713 0.354121 
281 0.208710 0.000000 0.000000 94.378170 -0.079584 0.019180 0.109275 
282 0.135439 0.000000 -0.067552 93.320610 -12.361577 -15.604307 0.089496 
283 0.135439 0.000000 -0.090070 94.536558 -12.385846 -15.358849 0.067354 
284 0.159863 0.000000 -0.067552 111.974408 -0.012812 -12.214120 -0.268745 
285 0.135439 0.000000 -0.045035 126.419209 -0.033392 -10.433555 -0.609068 
286 0.257557 0.000000 -0.270209 100.165940 -7.778842 -1.846483 -0.009714 
287 0.257557 0.000000 -0.360279 100.083471 -7.390248 -1.020796 -0.007236 
288 0.355251 0.000000 -0.270209 100.710599 -7.885036 -0.789465 -0.020542 
289 0.208710 0.000000 -0.135105 100.257631 -9.844897 -7.418328 -0.020355 
290 0.208710 0.000000 -0.180140 99.377659 -8.502195 -4.943436 0.002736 
291 0.257557 0.000000 -0.135105 101.476556 -10.040583 -6.439821 -0.043978 
292 0.135439 0.000000 -0.112587 97.215611 -10.331865 -9.347379 0.035500 
293 0.135439 0.000000 -0.135105 97.734744 -9.384016 -7.040038 0.031030 
294 0.159863 0.000000 -0.112587 98.483441 -10.737183 -9.854649 0.008861 
295 0.123228 0.000000 -0.078811 92.843042 -12.283662 -15.478928 0.098968 
296 0.111016 0.000000 -0.078811 92.734553 -12.290900 -15.451191 0.101050 
297 0.123228 0.000000 -0.090070 92.978508 -12.362764 -15.548114 0.096042 
298 0.135439 0.000000 -0.078811 94.439406 -12.384746 -15.398359 0.069071 
299 0.123228 0.000000 -0.067552 92.705852 -12.361432 -15.503176 0.101247 
300 0.208710 0.000000 0.045035 93.297147 -0.212810 5.178895 0.126878 
301 0.257557 0.000000 0.045035 80.263650 -0.148007 3.924149 0.354233 
302 0.208710 0.000000 0.090070 100.600900 -12.686540 12.706824 -0.044295 
303 0.135439 0.000000 0.067552 93.201751 -12.431755 15.586968 0.091593 
304 0.135439 0.000000 0.045035 126.241908 -0.133161 10.393885 -0.604507 
305 0.159863 0.000000 0.067552 111.933949 0.012906 12.213835 -0.267839 
306 0.135439 0.000000 0.090070 94.444929 -12.423203 15.346735 0.069030 
307 0.257557 0.000000 0.270209 100.051827 -7.627188 1.728149 -0.007153 
308 0.355251 0.000000 0.270209 100.611580 -7.819478 0.766403 -0.018442 
309 0.257557 0.000000 0.360279 100.021977 -7.422084 0.976834 -0.006044 
310 0.208710 0.000000 0.135105 100.236785 -9.994119 7.374856 -0.020168 
311 0.257557 0.000000 0.135105 101.412292 -10.167811 6.343791 -0.042808 
312 0.208710 0.000000 0.180140 99.339275 -8.449107 4.898406 0.003633 
313 0.135439 0.000000 0.112587 97.180740 -10.204443 9.398562 0.036344 
314 0.159863 0.000000 0.112587 98.418757 -10.683064 9.814896 0.010329 
315 0.135439 0.000000 0.135105 97.657632 -9.170754 7.038459 0.032934 
316 0.123228 0.000000 0.078811 92.710914 -12.336490 15.459308 0.101351 
317 0.111016 0.000000 0.078811 92.595034 -12.278257 15.427416 0.103740 
318 0.123228 0.000000 0.067552 92.562402 -12.388922 15.480356 0.103907 
319 0.135439 0.000000 0.078811 94.346068 -12.424700 15.385969 0.070772 
320 0.123228 0.000000 0.090070 92.845643 -12.405705 15.527653 0.098468 
321 0.184287 0.000000 -0.112587 99.762662 -11.027491 -10.005636 -0.017431 
322 0.184287 0.000000 -0.135105 99.319420 -9.760141 -7.825003 -0.002084 
323 0.208710 0.000000 -0.112587 101.623045 -11.202717 -9.548895 -0.054393 
324 0.184287 0.000000 -0.090070 99.394386 -12.343081 -13.371468 -0.021039 
325 0.452945 0.000000 -0.090070 99.013512 -10.120036 -0.002418 0.009391 
326 0.452945 0.000000 -0.180140 99.820258 -11.786216 -0.003310 -0.010300 
327 0.550639 0.000000 -0.090070 101.106902 -7.461337 -0.004699 -0.027828 
328 0.452945 0.000000 0.000000 101.576884 -6.515474 -0.003981 -0.036031 
329 0.306404 0.000000 -0.135105 102.599504 -10.485924 -4.316282 -0.065524 
330 0.306404 0.000000 -0.180140 101.478059 -8.809236 -2.909969 -0.038387 
331 0.355251 0.000000 -0.135105 104.678072 -10.696948 -2.773166 -0.107961 
332 0.306404 0.000000 -0.090070 104.505191 -12.525663 -6.485406 -0.112029 
333 0.233134 0.000000 -0.112587 103.064152 -12.577715 -10.302527 -0.088656 
334 0.233134 0.000000 -0.135105 100.803648 -10.031247 -6.851780 -0.030895 
335 0.257557 0.000000 -0.112587 102.776264 -12.583989 -10.275723 -0.082691 
336 0.233134 0.000000 -0.090070 102.967832 -12.588288 -10.293673 -0.086680 
337 0.184287 0.000000 -0.067552 100.969806 -0.042268 -10.122552 -0.029737 
338 0.208710 0.000000 -0.067552 91.334389 -0.084152 -8.102142 0.159238 
339 0.184287 0.000000 -0.045035 102.289109 -0.053661 -6.672626 -0.050759 
340 0.196498 0.000000 -0.101329 99.568248 -12.469724 -13.444406 -0.025008 
341 0.184287 0.000000 -0.101329 99.412968 -12.438955 -13.424841 -0.021789 
342 0.196498 0.000000 -0.112587 100.500314 -11.166588 -9.890077 -0.032282 
343 0.208710 0.000000 -0.101329 101.003660 -12.540667 -12.225445 -0.050847 
344 0.196498 0.000000 -0.090070 99.500501 -12.464105 -13.435969 -0.023623 
345 0.184287 0.000000 0.112587 99.746801 -11.093829 10.043758 -0.017337 
346 0.184287 0.000000 0.090070 99.333713 -12.483113 13.359923 -0.020150 
347 0.208710 0.000000 0.112587 101.557389 -11.338591 9.496053 -0.053264 
348 0.184287 0.000000 0.135105 99.250715 -9.734111 7.677184 -0.000440 
349 0.184287 0.000000 0.067552 100.931998 -0.049121 10.139961 -0.029009 
350 0.184287 0.000000 0.045035 102.198120 -0.038936 6.678786 -0.048906 
351 0.208710 0.000000 0.067552 91.218542 -0.149002 8.044597 0.161444 
352 0.452945 0.000000 0.090070 98.994635 -10.114271 -0.003760 0.009776 
353 0.550639 0.000000 0.090070 101.096248 -7.460858 -0.002478 -0.027612 
354 0.452945 0.000000 0.180140 99.804268 -11.783487 -0.000547 -0.009974 
355 0.306404 0.000000 0.135105 102.580645 -10.502588 4.304304 -0.065162 
356 0.306404 0.000000 0.090070 104.469396 -12.493498 6.493043 -0.111210 
357 0.355251 0.000000 0.135105 104.653960 -10.670145 2.743973 -0.107383 
358 0.306404 0.000000 0.180140 101.379077 -8.948442 2.850057 -0.036591 
359 0.233134 0.000000 0.112587 103.062944 -12.623703 10.302575 -0.088747 
360 0.233134 0.000000 0.090070 102.953144 -12.641022 10.291436 -0.086506 
361 0.257557 0.000000 0.112587 102.749159 -12.621633 10.271944 -0.082221 
362 0.233134 0.000000 0.135105 100.716909 -10.158486 6.769253 -0.029291 
363 0.196498 0.000000 0.101329 99.502554 -12.643693 13.435037 -0.024112 
364 0.184287 0.000000 0.101329 99.351864 -12.593820 13.414696 -0.020935 
365 0.196498 0.000000 0.090070 99.434866 -12.640806 13.426816 -0.022736 
366 0.208710 0.000000 0.101329 100.942840 -12.676373 12.216510 -0.049939 
367 0.196498 0.000000 0.112587 100.464195 -11.228228 9.848888 -0.031613 
368 0.306404 0.000000 -0.045035 71.654910 0.005838 -2.108325 0.486113 
369 0.355251 0.000000 -0.045035 66.477853 -0.030469 -1.078103 0.557953 
370 0.306404 0.000000 0.000000 72.112854 0.006531 -0.007193 0.479974 
371 0.281981 0.000000 -0.112587 103.853120 -12.524881 -8.470668 -0.101410 
372 0.281981 0.000000 -0.135105 102.573684 -10.272389 -5.390706 -0.065594 
373 0.306404 0.000000 -0.112587 104.495890 -12.535579 -6.485537 -0.111859 
374 0.281981 0.000000 -0.090070 103.665322 -12.531546 -8.791802 -0.098083 
375 0.281981 0.000000 -0.067552 74.081755 -0.000366 -4.509777 0.449156 
376 0.257557 0.000000 -0.067552 79.415792 -0.138533 -6.079535 0.365615 
377 0.306404 0.000000 -0.067552 71.028927 -0.019392 -3.081640 0.494539 
378 0.281981 0.000000 -0.045035 75.165233 -0.056075 -3.082701 0.434068 
379 0.269769 0.000000 -0.101329 102.933823 -12.562855 -10.061370 -0.085443 
380 0.257557 0.000000 -0.101329 102.781749 -12.585182 -10.276314 -0.082808 
381 0.269769 0.000000 -0.112587 102.945158 -12.557243 -10.292809 -0.086133 
382 0.281981 0.000000 -0.101329 103.645143 -12.532622 -9.622435 -0.099197 
383 0.269769 0.000000 -0.090070 102.871913 -12.567136 -10.285369 -0.084635 
384 0.306404 0.000000 0.045035 71.586019 0.043456 2.071166 0.487115 
385 0.355251 0.000000 0.045035 66.461637 -0.031552 1.058299 0.558173 
386 0.281981 0.000000 0.112587 103.826746 -12.480395 8.471994 -0.100753 
387 0.281981 0.000000 0.090070 103.637838 -12.496303 8.791988 -0.097426 
388 0.306404 0.000000 0.112587 104.458032 -12.508862 6.492250 -0.111010 
389 0.281981 0.000000 0.135105 102.422830 -10.466571 5.285467 -0.062792 
390 0.281981 0.000000 0.067552 74.056702 0.049207 4.488601 0.449545 
391 0.257557 0.000000 0.067552 79.415531 -0.144960 6.051291 0.365653 
392 0.281981 0.000000 0.045035 75.126740 -0.006037 3.080613 0.434648 
393 0.306404 0.000000 0.067552 70.967223 0.004560 3.057028 0.495431 
394 0.269769 0.000000 0.101329 102.903744 -12.569898 10.057329 -0.084833 
395 0.257557 0.000000 0.101329 102.755162 -12.624080 10.272597 -0.082352 
396 0.269769 0.000000 0.090070 102.842847 -12.577706 10.280418 -0.084054 
397 0.281981 0.000000 0.101329 103.624176 -12.475696 9.618121 -0.098612 
398 0.269769 0.000000 0.112587 102.915468 -12.550995 10.287138 -0.085495 
399 0.746027 0.000000 -1.080837 99.902963 -7.078973 0.001288 -0.003071 
400 0.746027 0.000000 -1.441116 99.768250 -7.004178 -0.020538 -0.000276 
401 1.136804 0.000000 -1.080837 99.860706 -7.071451 0.017698 -0.002217 
402 0.550639 0.000000 -0.540419 99.882831 -7.268309 0.027806 -0.002941 
403 0.550639 0.000000 -0.720558 99.921931 -7.125858 -0.065256 -0.003517 
404 0.746027 0.000000 -0.540419 99.896152 -7.274119 0.094430 -0.003216 
405 0.452945 0.000000 -0.270209 100.434404 -7.949427 0.121337 -0.015028 
406 0.452945 0.000000 -0.360279 100.350465 -7.455804 -0.075610 -0.012581 
407 0.550639 0.000000 -0.270209 101.583426 -11.148103 -0.005817 -0.044347 
408 0.404098 0.000000 -0.135105 98.071896 -12.442150 -0.000768 0.022710 
409 0.404098 0.000000 -0.180140 102.160399 -9.110189 0.242566 -0.051980 
410 0.452945 0.000000 -0.135105 99.161559 -10.721468 -0.003054 0.005204 
411 0.404098 0.000000 -0.090070 101.184154 -12.410553 -1.523447 -0.039458 
412 0.330828 0.000000 -0.112587 104.500177 -12.556068 -6.488597 -0.112004 
413 0.330828 0.000000 -0.135105 103.016827 -10.624753 -4.088648 -0.074207 
414 0.355251 0.000000 -0.112587 105.360375 -12.579534 -4.696811 -0.128111 
415 0.330828 0.000000 -0.090070 104.493532 -12.556958 -6.488167 -0.111867 
416 0.746027 0.000000 1.080837 99.710830 -7.067292 0.016659 0.000780 
417 1.136804 0.000000 1.080837 99.727449 -7.095876 -0.006603 0.000408 
418 0.746027 0.000000 1.441116 99.772882 -7.009032 -0.008608 -0.000375 
419 0.550639 0.000000 0.540419 99.644186 -7.239610 0.018160 0.001862 
420 0.746027 0.000000 0.540419 99.758018 -7.306130 -0.023619 -0.000504 
421 0.550639 0.000000 0.720558 99.776124 -7.128831 0.056190 -0.000610 
422 0.452945 0.000000 0.270209 100.344467 -7.937715 -0.125808 -0.013204 
423 0.550639 0.000000 0.270209 101.558023 -11.149740 -0.000557 -0.043835 
424 0.452945 0.000000 0.360279 100.263668 -7.479710 0.025193 -0.010875 
425 0.404098 0.000000 0.135105 98.065111 -12.435118 -0.000525 0.022860 
426 0.404098 0.000000 0.090070 101.139827 -12.353244 1.525981 -0.038420 
427 0.452945 0.000000 0.135105 99.143050 -10.716557 -0.002448 0.005581 
428 0.404098 0.000000 0.180140 102.042567 -9.123125 -0.270771 -0.049599 
429 0.330828 0.000000 0.112587 104.452299 -12.543341 6.491217 -0.110975 
430 0.330828 0.000000 0.090070 104.445748 -12.543991 6.490811 -0.110840 
431 0.355251 0.000000 0.112587 105.329310 -12.544987 4.703533 -0.127376 
432 0.330828 0.000000 0.135105 102.908413 -10.607131 4.051185 -0.071906 
433 0.404098 0.000000 -0.045035 65.894171 -0.002254 0.884113 0.565718 
434 0.452945 0.000000 -0.045035 99.582048 -8.545573 -0.003087 0.001039 
435 0.404098 0.000000 0.000000 66.888951 0.001240 0.000838 0.552587 
436 0.379675 0.000000 -0.112587 104.711095 -12.612213 -2.229998 -0.112845 
437 0.379675 0.000000 -0.135105 104.398597 -10.800379 -1.009036 -0.101673 
438 0.404098 0.000000 -0.112587 100.827470 -12.551394 -1.859552 -0.032717 
439 0.379675 0.000000 -0.090070 104.375026 -12.616229 -2.223096 -0.105826 
440 0.330828 0.000000 -0.067552 68.254361 -0.094296 -2.939029 0.533270 
441 0.355251 0.000000 -0.067552 65.288704 -0.043267 -1.779350 0.573422 
442 0.330828 0.000000 -0.045035 68.713919 -0.081442 -1.874916 0.527488 
443 0.343039 0.000000 -0.101329 104.909513 -12.554280 -6.132005 -0.120122 
444 0.330828 0.000000 -0.101329 104.495769 -12.556659 -6.488312 -0.111913 
445 0.343039 0.000000 -0.112587 104.963366 -12.559924 -6.028347 -0.121140 
446 0.355251 0.000000 -0.101329 105.467815 -12.586531 -4.753043 -0.130447 
447 0.343039 0.000000 -0.090070 104.743642 -12.550911 -6.503292 -0.117105 
448 0.404098 0.000000 0.045035 65.875747 -0.004281 -0.881525 0.565961 
449 0.452945 0.000000 0.045035 99.561794 -8.540788 -0.004182 0.001450 
450 0.330828 0.000000 0.067552 68.164453 -0.058628 2.926165 0.534504 
451 0.330828 0.000000 0.045035 68.616144 -0.032378 1.849200 0.528840 
452 0.355251 0.000000 0.067552 65.169072 -0.002331 1.746205 0.574994 
453 0.379675 0.000000 0.112587 104.668955 -12.552956 2.235737 -0.111817 
454 0.379675 0.000000 0.090070 104.328617 -12.553540 2.228180 -0.104702 
455 0.404098 0.000000 0.112587 100.772863 -12.487996 1.863648 -0.031459 
456 0.379675 0.000000 0.135105 104.341473 -10.815272 0.989455 -0.100509 
457 0.343039 0.000000 0.101329 104.868225 -12.536816 6.136111 -0.119217 
458 0.330828 0.000000 0.101329 104.447953 -12.543772 6.490948 -0.110885 
459 0.343039 0.000000 0.090070 104.699348 -12.537255 6.506696 -0.116147 
460 0.355251 0.000000 0.101329 105.441169 -12.548464 4.760720 -0.129797 
461 0.343039 0.000000 0.112587 104.924270 -12.539641 6.032974 -0.120274 
462 1.527580 0.000000 -0.360279 99.696128 -7.674656 0.044642 0.000178 
463 1.527580 0.000000 -0.720558 99.836794 -7.051891 -0.080838 -0.001712 
464 1.918356 0.000000 -0.360279 99.657587 -7.573855 0.130311 0.001099 
465 1.527580 0.000000 0.000000 101.236346 -6.918899 -0.125631 -0.029668 
466 0.941416 0.000000 -0.180140 102.326919 -8.022809 0.003783 -0.053516 
467 0.941416 0.000000 -0.360279 99.745010 -7.641543 0.029421 -0.000746 
468 1.136804 0.000000 -0.180140 101.917684 -8.690722 0.010562 -0.046274 
469 0.941416 0.000000 0.000000 102.255694 -6.556551 -0.008497 -0.049922 
470 0.648333 0.000000 -0.090070 101.795134 -7.458250 -0.004249 -0.041787 
471 0.648333 0.000000 -0.180140 101.885127 -8.473739 -0.002857 -0.045238 
472 0.746027 0.000000 -0.090070 102.241089 -6.673826 -0.005080 -0.049778 
473 0.648333 0.000000 0.000000 101.926332 -6.522725 -0.004826 -0.043152 
474 0.501792 0.000000 -0.135105 99.704784 -9.626276 -0.003779 -0.003371 
475 0.501792 0.000000 -0.180140 100.399567 -10.384918 -0.005289 -0.018792 
476 0.550639 0.000000 -0.135105 101.583646 -7.196236 -0.006078 -0.037102 
477 0.501792 0.000000 -0.090070 99.692553 -8.516167 -0.002930 -0.001113 
478 0.428522 0.000000 -0.112587 98.000259 -12.296520 -1.238803 0.024321 
479 0.428522 0.000000 -0.135105 99.131580 -11.672259 -0.002364 0.003669 
480 0.452945 0.000000 -0.112587 99.034519 -10.666449 -0.002708 0.007839 
481 0.428522 0.000000 -0.090070 98.534687 -11.884240 -0.840596 0.014897 
482 0.379675 0.000000 -0.067552 64.561273 -0.018267 -0.258872 0.583177 
483 0.404098 0.000000 -0.067552 98.079370 -11.845035 -0.000853 0.024013 
484 0.379675 0.000000 -0.045035 65.511260 -0.023616 -0.192301 0.570824 
485 0.391886 0.000000 -0.101329 102.943980 -12.621138 -2.036777 -0.076090 
486 0.379675 0.000000 -0.101329 104.717725 -12.611913 -2.230149 -0.112984 
487 0.391886 0.000000 -0.112587 102.869073 -12.619091 -2.011882 -0.074534 
488 0.404098 0.000000 -0.101329 100.877122 -12.556173 -1.875406 -0.033737 
489 0.391886 0.000000 -0.090070 102.874055 -12.589660 -1.797388 -0.074480 
490 0.379675 0.000000 0.067552 64.539186 -0.021624 0.256195 0.583463 
491 0.379675 0.000000 0.045035 65.498709 -0.027893 0.176357 0.570989 
492 0.404098 0.000000 0.067552 98.063234 -11.838200 -0.002040 0.024346 
493 1.527580 0.000000 0.360279 99.873736 -7.622752 -0.310814 -0.003297 
494 1.918356 0.000000 0.360279 99.652332 -7.595382 -0.592654 0.001137 
495 1.527580 0.000000 0.720558 99.688565 -7.190842 -0.137447 0.001046 
496 0.941416 0.000000 0.180140 102.300828 -8.041418 -0.010337 -0.053012 
497 1.136804 0.000000 0.180140 101.882913 -8.707757 -0.014239 -0.045595 
498 0.941416 0.000000 0.360279 99.675596 -7.659362 0.052818 0.000611 
499 0.648333 0.000000 0.090070 101.783144 -7.461911 -0.004661 -0.041549 
500 0.746027 0.000000 0.090070 102.231596 -6.678382 -0.004613 -0.049590 
501 0.648333 0.000000 0.180140 101.862644 -8.481581 -0.000724 -0.044794 
502 0.501792 0.000000 0.135105 99.685628 -9.622335 -0.002167 -0.002981 
503 0.501792 0.000000 0.090070 99.675481 -8.511993 -0.003607 -0.000766 
504 0.550639 0.000000 0.135105 101.565725 -7.196421 -0.001179 -0.036738 
505 0.501792 0.000000 0.180140 100.382326 -10.382841 -0.000923 -0.018441 
506 0.428522 0.000000 0.112587 97.957458 -12.269779 1.241037 0.025225 
507 0.428522 0.000000 0.090070 98.500283 -11.862220 0.840443 0.015628 
508 0.452945 0.000000 0.112587 99.018207 -10.661131 -0.002171 0.008174 
509 0.428522 0.000000 0.135105 99.113553 -11.667938 -0.001476 0.004036 
510 0.391886 0.000000 0.101329 102.895136 -12.550816 2.041153 -0.074910 
511 0.379675 0.000000 0.101329 104.675509 -12.552957 2.235869 -0.111954 
512 0.391886 0.000000 0.090070 102.833315 -12.531068 1.801096 -0.073496 
513 0.404098 0.000000 0.101329 100.822248 -12.492132 1.879550 -0.032471 
514 0.391886 0.000000 0.112587 102.820653 -12.549916 2.016208 -0.073365 
515 1.332192 0.000000 -0.180140 100.674931 -8.662872 0.383841 -0.021063 
516 1.332192 0.000000 -0.360279 99.859360 -7.702821 0.123920 -0.003124 
517 1.527580 0.000000 -0.180140 101.127752 -8.176744 0.108203 -0.029369 
518 1.332192 0.000000 0.000000 100.844569 -6.665713 0.185469 -0.021409 
519 1.332192 0.000000 0.180140 101.441436 -8.737800 -0.081062 -0.036672 
520 1.527580 0.000000 0.180140 101.696156 -8.411817 -0.422839 -0.041305 
521 1.332192 0.000000 0.360279 99.878639 -7.709994 -0.165310 -0.003521 
522 1.234498 0.000000 -0.090070 98.983946 -11.282981 0.010526 0.007487 
523 1.136804 0.000000 -0.090070 100.998332 -7.874310 -0.004664 -0.026267 
524 1.234498 0.000000 -0.180140 100.770581 -12.357083 0.000963 -0.030741 
525 1.332192 0.000000 -0.090070 99.656281 -9.603242 0.132515 -0.002361 
526 1.234498 0.000000 0.000000 76.551459 -0.004094 -0.086303 0.413987 
527 1.234498 0.000000 0.090070 98.934647 -11.288506 -0.004013 0.008451 
528 1.136804 0.000000 0.090070 100.969658 -7.881781 -0.012615 -0.025699 
529 1.332192 0.000000 0.090070 99.814036 -9.623566 0.056029 -0.005546 
530 1.234498 0.000000 0.180140 100.726599 -12.372895 -0.000928 -0.029894 
531 4.263014 0.000000 -8.646699 99.756203 -6.977394 -0.000450 0.000002 
532 4.263014 0.000000 -11.528932 99.756259 -6.976403 -0.000281 0.000002 
533 7.389224 0.000000 -8.646699 99.756176 -6.977394 -0.000624 0.000002 
534 2.699909 0.000000 -4.323349 99.757020 -6.980243 -0.000897 -0.000019 
535 2.699909 0.000000 -5.764466 99.757616 -6.979534 -0.000471 -0.000030 
536 4.263014 0.000000 -4.323349 99.758154 -6.980773 -0.000214 -0.000042 
537 1.918356 0.000000 -2.161675 99.779786 -6.982229 0.001305 -0.000476 
538 1.918356 0.000000 -2.882233 99.769262 -6.985229 -0.000074 -0.000270 
539 2.699909 0.000000 -2.161675 99.769062 -6.993690 0.004481 -0.000278 
540 1.527580 0.000000 -1.080837 99.792524 -7.035086 -0.017153 -0.000804 
541 1.527580 0.000000 -1.441116 99.786932 -7.024711 -0.003525 -0.000678 
542 1.918356 0.000000 -1.080837 99.869141 -7.014674 -0.001319 -0.002305 
543 1.332192 0.000000 -0.540419 99.847712 -7.256862 0.018438 -0.002223 
544 1.136804 0.000000 -0.540419 99.906692 -7.190646 0.095739 -0.003306 
545 1.332192 0.000000 -0.720558 99.857990 -7.121381 0.002508 -0.002233 
546 1.527580 0.000000 -0.540419 99.786271 -7.315994 0.027900 -0.001082 
547 1.234498 0.000000 -0.270209 100.154516 -8.073414 -0.054626 -0.009611 
548 1.136804 0.000000 -0.270209 101.914713 -12.039166 0.001515 -0.053155 
549 1.234498 0.000000 -0.360279 99.967957 -7.513888 0.094525 -0.005006 
550 1.332192 0.000000 -0.270209 100.853458 -12.102141 0.037705 -0.031788 
551 10.515434 0.000000 -2.882233 99.755501 -6.985905 -0.009848 0.000004 
552 10.515434 0.000000 -5.764466 99.756035 -6.979034 -0.001994 0.000003 
553 13.641644 0.000000 -2.882233 99.755755 -6.984238 -0.010830 0.000001 
554 10.515434 0.000000 0.000000 99.780557 -6.627341 0.166261 -0.000011 
555 5.826119 0.000000 -1.441116 99.752147 -7.015917 -0.034861 0.000028 
556 5.826119 0.000000 -2.882233 99.756019 -6.988901 -0.004960 -0.000011 
557 7.389224 0.000000 -1.441116 99.753581 -7.012186 -0.038981 0.000005 
558 5.826119 0.000000 0.000000 99.885538 -5.098057 3.015631 -0.001220 
559 3.481461 0.000000 -0.720558 99.735695 -7.142399 -0.091827 0.000177 
560 3.481461 0.000000 -1.441116 99.756273 -7.019435 -0.008246 -0.000059 
561 4.263014 0.000000 -0.720558 99.742418 -7.120696 -0.118387 0.000073 
562 3.481461 0.000000 0.000000 99.966651 -3.672522 -0.013235 -0.000682 
563 2.309132 0.000000 -0.360279 99.109189 -7.675358 -0.313668 0.011836 
564 2.309132 0.000000 -0.720558 99.727289 -7.148293 0.020292 0.000337 
565 2.699909 0.000000 -0.360279 99.734886 -7.473939 -0.189881 -0.000294 
566 2.309132 0.000000 0.000000 139.113450 -4.881842 -0.599559 -0.937674 
567 1.722968 0.000000 -0.180140 101.676281 -8.428719 -0.164387 -0.040914 
568 1.722968 0.000000 -0.360279 99.573295 -7.474538 -0.006331 0.002929 
569 1.918356 0.000000 -0.180140 102.003978 -8.467628 -0.190557 -0.047655 
570 1.722968 0.000000 0.000000 101.712697 -6.793242 -0.493981 -0.039186 
571 1.429886 0.000000 -0.090070 100.889443 -8.744843 0.143699 -0.025517 
572 1.429886 0.000000 -0.180140 100.796167 -8.932702 0.340916 -0.023978 
573 1.527580 0.000000 -0.090070 101.224240 -8.232680 -0.059183 -0.031413 
574 1.429886 0.000000 0.000000 100.844574 -6.665716 0.185467 -0.021409 
575 1.283345 0.000000 -0.135105 99.109359 -10.610756 0.144980 0.006473 
576 1.234498 0.000000 -0.135105 99.193224 -11.550703 0.006288 0.002729 
577 1.283345 0.000000 -0.180140 99.703308 -11.383217 0.093310 -0.007034 
578 1.332192 0.000000 -0.135105 99.631784 -9.207132 0.257989 -0.001133 
579 1.283345 0.000000 -0.090070 98.919246 -10.322601 0.147933 0.010840 
580 10.515434 0.000000 2.882233 99.755413 -6.987682 -0.000616 0.000003 
581 13.641644 0.000000 2.882233 99.755558 -6.987412 0.001207 0.000000 
582 10.515434 0.000000 5.764466 99.756162 -6.978185 -0.000897 0.000001 
583 5.826119 0.000000 1.441116 99.751017 -7.025967 -0.004120 0.000037 
584 7.389224 0.000000 1.441116 99.752079 -7.026342 0.003893 0.000015 
585 5.826119 0.000000 2.882233 99.753838 -6.991702 -0.002676 0.000029 
586 3.481461 0.000000 0.720558 99.721497 -7.167357 -0.028657 0.000425 
587 4.263014 0.000000 0.720558 99.733325 -7.168641 0.001130 0.000187 
588 3.481461 0.000000 1.441116 99.735522 -7.020162 -0.010470 0.000354 
589 2.309132 0.000000 0.360279 99.014212 -7.692875 0.018773 0.013701 
590 2.699909 0.000000 0.360279 99.696421 -7.567087 -0.084628 0.000336 
591 2.309132 0.000000 0.720558 99.520689 -7.180601 -0.090157 0.004406 
592 1.722968 0.000000 0.180140 101.991448 -8.848943 -0.603829 -0.048092 
593 1.918356 0.000000 0.180140 102.425576 -9.085596 -1.530946 -0.057589 
594 1.722968 0.000000 0.360279 99.614312 -7.538869 -0.596126 0.001980 
595 1.429886 0.000000 0.090070 101.215114 -8.823754 -0.028378 -0.032236 
596 1.527580 0.000000 0.090070 101.469817 -8.292655 -0.171265 -0.036492 
597 1.429886 0.000000 0.180140 101.483918 -9.016060 -0.116911 -0.038029 
598 4.263014 0.000000 8.646699 99.756604 -6.975980 -0.000642 -0.000004 
599 7.389224 0.000000 8.646699 99.756403 -6.976316 -0.000619 -0.000001 
600 4.263014 0.000000 11.528932 99.756512 -6.976045 -0.000307 -0.000003 
601 2.699909 0.000000 4.323349 99.756905 -6.977655 -0.003236 -0.000013 
602 4.263014 0.000000 4.323349 99.754452 -6.983455 -0.002027 0.000028 
603 2.699909 0.000000 5.764466 99.759452 -6.979054 -0.002020 -0.000066 
604 1.918356 0.000000 2.161675 99.755790 -6.982700 -0.018081 0.000002 
605 2.699909 0.000000 2.161675 99.740231 -6.992404 -0.010575 0.000299 
606 1.918356 0.000000 2.882233 99.749619 -6.982782 -0.007352 0.000125 
607 1.527580 0.000000 1.080837 99.702146 -7.018719 -0.085027 0.001021 
608 1.918356 0.000000 1.080837 99.663633 -7.042576 -0.091906 0.001755 
609 1.527580 0.000000 1.441116 99.758864 -7.016022 -0.040383 -0.000106 
610 1.332192 0.000000 0.540419 99.750019 -7.265581 -0.102416 -0.000287 
611 1.136804 0.000000 0.540419 99.701083 -7.195707 0.024929 0.000792 
612 1.527580 0.000000 0.540419 99.713279 -7.329196 -0.214815 0.000350 
613 1.332192 0.000000 0.720558 99.718686 -7.140690 -0.076587 0.000519 
614 1.234498 0.000000 0.270209 100.120559 -8.077165 0.069397 -0.008937 
615 1.136804 0.000000 0.270209 101.878873 -12.063512 -0.001114 -0.052483 
616 1.332192 0.000000 0.270209 101.309174 -12.143350 -0.013742 -0.041101 
617 1.234498 0.000000 0.360279 99.865989 -7.517583 0.017163 -0.002973 
618 1.283345 0.000000 0.135105 99.293896 -10.638167 -0.014829 0.002755 
619 1.234498 0.000000 0.135105 99.149611 -11.556155 -0.002279 0.003581 
620 1.283345 0.000000 0.090070 99.040901 -10.342786 -0.022269 0.008393 
621 1.332192 0.000000 0.135105 100.027704 -9.241781 -0.068227 -0.009096 
622 1.283345 0.000000 0.180140 99.995241 -11.427484 -0.032873 -0.012964 
623 2.113744 0.000000 -0.180140 100.654349 -7.770031 3.399095 -0.020323 
624 2.113744 0.000000 -0.360279 99.522724 -7.609041 0.369196 0.003719 
625 2.309132 0.000000 -0.180140 97.847995 -7.224310 -2.661032 0.036650 
626 2.113744 0.000000 0.000000 101.947886 0.309057 0.017586 -0.039347 
627 2.113744 0.000000 0.180140 100.767796 -7.961833 -3.712587 -0.023132 
628 2.309132 0.000000 0.180140 97.861893 -7.425215 2.228254 0.036295 
629 2.113744 0.000000 0.360279 99.512189 -7.739736 -0.740922 0.003687 
630 2.016050 0.000000 -0.090070 102.132192 -8.756949 -0.159359 -0.050769 
631 1.918356 0.000000 -0.090070 101.909188 -7.851498 -0.471607 -0.044735 
632 2.016050 0.000000 -0.180140 102.301094 -10.363195 -0.120141 -0.057292 
633 2.113744 0.000000 -0.090070 105.835952 -9.457117 11.080933 -0.141347 
634 2.016050 0.000000 0.000000 102.009387 -6.941178 -0.627195 -0.045449 
635 2.016050 0.000000 0.090070 102.125679 -9.490613 -0.219409 -0.051977 
636 1.918356 0.000000 0.090070 102.110103 -8.196085 -1.024143 -0.049470 
637 2.113744 0.000000 0.090070 106.134605 -9.712272 -11.123255 -0.148261 
638 2.016050 0.000000 0.180140 102.284071 -10.782755 -0.180798 -0.057833 
639 2.309132 0.000000 -1.080837 99.842720 -7.053500 0.029522 -0.001832 
640 2.309132 0.000000 -1.441116 99.774687 -7.031349 0.006801 -0.000443 
641 2.699909 0.000000 -1.080837 99.756831 -7.052133 0.004062 -0.000116 
642 2.113744 0.000000 -0.540419 99.516837 -7.263790 0.072540 0.004363 
643 1.918356 0.000000 -0.540419 99.706474 -7.220421 -0.036912 0.000648 
644 2.113744 0.000000 -0.720558 99.785674 -7.140656 0.051954 -0.000817 
645 2.309132 0.000000 -0.540419 99.680130 -7.307210 0.033276 0.001048 
646 2.016050 0.000000 -0.270209 100.088351 -7.800536 0.348473 -0.007865 
647 1.918356 0.000000 -0.270209 102.171304 -11.204997 -0.206143 -0.056457 
648 2.016050 0.000000 -0.360279 99.743143 -7.592737 0.194731 -0.000638 
649 2.113744 0.000000 -0.270209 99.464900 -7.831066 1.063227 0.004428 
650 3.090685 0.000000 -0.360279 99.724515 -7.523950 -0.139787 -0.000161 
651 3.090685 0.000000 -0.720558 99.759783 -7.187342 -0.038669 -0.000367 
652 3.481461 0.000000 -0.360279 99.705271 -7.492878 -0.241859 0.000266 
653 3.090685 0.000000 0.000000 99.925661 -4.225961 -0.076460 -0.000300 
654 2.504521 0.000000 -0.180140 100.187904 -6.797971 -0.328008 -0.008394 
655 2.504521 0.000000 -0.360279 99.620587 -7.553674 -0.317426 0.001858 
656 2.699909 0.000000 -0.180140 99.896553 -6.677503 0.514845 -0.002418 
657 2.504521 0.000000 0.000000 101.268964 -4.711207 -0.240350 -0.027766 
658 2.211438 0.000000 -0.090070 88.473250 -8.698402 16.005901 0.184063 
659 2.211438 0.000000 -0.180140 96.135808 -7.591594 2.426062 0.069439 
660 2.309132 0.000000 -0.090070 108.350064 -5.481958 -18.522675 -0.211288 
661 2.211438 0.000000 0.000000 150.462822 -0.564556 -1.276733 -1.264101 
662 2.064897 0.000000 -0.135105 102.423451 -9.921696 -0.087111 -0.058901 
663 2.016050 0.000000 -0.135105 102.127426 -9.344627 -0.161652 -0.051736 
664 2.064897 0.000000 -0.180140 101.320500 -7.728913 1.757296 -0.032867 
665 2.113744 0.000000 -0.135105 103.228145 -8.269647 6.453823 -0.076609 
666 2.064897 0.000000 -0.090070 102.476422 -9.511417 2.665860 -0.059899 
667 3.090685 0.000000 0.360279 99.674580 -7.631429 -0.056791 0.000674 
668 3.481461 0.000000 0.360279 99.690619 -7.597863 -0.045086 0.000405 
669 3.090685 0.000000 0.720558 99.687761 -7.222837 -0.004262 0.001018 
670 2.504521 0.000000 0.180140 100.137096 -6.976770 0.031138 -0.007611 
671 2.699909 0.000000 0.180140 99.832908 -6.978528 -0.712804 -0.001582 
672 2.504521 0.000000 0.360279 99.502538 -7.672771 0.130287 0.004036 
673 2.211438 0.000000 0.090070 88.490047 -8.900726 -16.018640 0.183369 
674 2.309132 0.000000 0.090070 108.331046 -5.733191 18.262806 -0.210202 
675 2.211438 0.000000 0.180140 96.218204 -7.790418 -2.810021 0.067347 
676 2.309132 0.000000 1.080837 99.640835 -7.086019 -0.052915 0.002149 
677 2.699909 0.000000 1.080837 99.668373 -7.102108 -0.016073 0.001578 
678 2.309132 0.000000 1.441116 99.731799 -7.021153 -0.039246 0.000427 
679 2.113744 0.000000 0.540419 99.304666 -7.325943 -0.266548 0.008484 
680 1.918356 0.000000 0.540419 99.474263 -7.249246 -0.256932 0.005225 
681 2.309132 0.000000 0.540419 99.473017 -7.394362 -0.143312 0.005042 
682 2.113744 0.000000 0.720558 99.615891 -7.156743 -0.162919 0.002543 
683 2.016050 0.000000 0.270209 100.097104 -7.910533 -0.856487 -0.008274 
684 1.918356 0.000000 0.270209 102.313828 -11.781639 -0.324582 -0.060703 
685 2.113744 0.000000 0.270209 99.510207 -7.962136 -1.466482 0.003217 
686 2.016050 0.000000 0.360279 99.719880 -7.643957 -0.580346 -0.000282 
687 2.064897 0.000000 0.135105 102.259393 -10.381050 -0.082264 -0.056476 
688 2.016050 0.000000 0.135105 102.152722 -10.164754 -0.212372 -0.053855 
689 2.064897 0.000000 0.090070 102.500537 -10.022918 -2.738661 -0.061432 
690 2.113744 0.000000 0.135105 103.471848 -8.486792 -6.663163 -0.082285 
691 2.064897 0.000000 0.180140 101.378208 -7.928261 -2.074537 -0.034470 
692 2.211438 0.000000 -0.270209 98.080330 -7.832997 0.611582 0.031852 
693 2.211438 0.000000 -0.360279 99.069347 -7.585432 0.115759 0.012771 
694 2.309132 0.000000 -0.270209 98.516838 -7.654932 -0.760937 0.023526 
695 2.162591 0.000000 -0.135105 98.362733 -8.030602 8.178880 0.019339 
696 2.162591 0.000000 -0.180140 98.412377 -7.734806 3.918531 0.023982 
697 2.211438 0.000000 -0.135105 93.301053 -7.572238 5.809442 0.120383 
698 2.162591 0.000000 -0.090070 98.212065 -9.294933 15.611921 0.002426 
699 2.064897 0.000000 -0.045035 102.424403 -9.845879 -0.075356 -0.058771 
700 2.016050 0.000000 -0.045035 101.998371 -7.491762 -0.444981 -0.045999 
701 2.113744 0.000000 -0.045035 100.308684 0.481053 4.397954 -0.008141 
702 2.064897 0.000000 0.000000 94.343300 0.428241 -0.012460 0.109916 
703 2.089321 0.000000 -0.112587 105.297386 -9.205031 5.498368 -0.120250 
704 2.064897 0.000000 -0.112587 103.143552 -9.320400 4.144489 -0.074264 
705 2.089321 0.000000 -0.135105 102.445494 -9.485030 -0.027058 -0.058505 
706 2.113744 0.000000 -0.112587 105.894498 -9.456799 10.948730 -0.142295 
707 2.089321 0.000000 -0.090070 105.139295 -9.210045 5.192197 -0.116606 
708 2.064897 0.000000 0.045035 102.250610 -10.284176 -0.061128 -0.056096 
709 2.016050 0.000000 0.045035 102.016204 -8.165666 -0.335860 -0.047410 
710 2.113744 0.000000 0.045035 100.131573 0.401472 -4.419795 -0.004603 
711 2.211438 0.000000 0.270209 98.045199 -7.988130 -1.025810 0.032228 
712 2.309132 0.000000 0.270209 98.470333 -7.869682 0.347919 0.024154 
713 2.211438 0.000000 0.360279 99.156772 -7.734024 -0.513034 0.010786 
714 2.162591 0.000000 0.135105 98.591593 -8.277419 -8.465172 0.013952 
715 2.162591 0.000000 0.090070 98.398085 -9.586187 -15.651763 -0.001906 
716 2.211438 0.000000 0.135105 93.464407 -7.793079 -6.092018 0.116656 
717 2.162591 0.000000 0.180140 98.512330 -7.926268 -4.279913 0.021418 
718 2.089321 0.000000 0.112587 105.493515 -9.437532 -5.543539 -0.124868 
719 2.064897 0.000000 0.112587 103.218635 -9.672763 -4.193185 -0.076523 
720 2.089321 0.000000 0.090070 105.312379 -9.457756 -5.242757 -0.120763 
721 2.113744 0.000000 0.112587 106.193504 -9.710926 -10.990716 -0.149216 
722 2.089321 0.000000 0.135105 102.254449 -9.734496 -0.024488 -0.055073 
723 2.162591 0.000000 -0.045035 119.704148 0.406182 8.656271 -0.440418 
724 2.211438 0.000000 -0.045035 150.851849 -0.139239 11.764533 -1.289470 
725 2.162591 0.000000 0.000000 121.376826 -0.101001 -0.093458 -0.473235 
726 2.138168 0.000000 -0.112587 102.111350 -9.434050 15.088752 -0.074340 
727 2.138168 0.000000 -0.135105 100.909874 -8.175433 8.008301 -0.031377 
728 2.162591 0.000000 -0.112587 98.302412 -8.908749 12.027136 0.011262 
729 2.138168 0.000000 -0.090070 101.786989 -9.427335 15.041083 -0.067570 
730 2.089321 0.000000 -0.067552 102.445354 -9.483185 -0.027235 -0.058498 
731 2.064897 0.000000 -0.067552 102.116448 -10.031850 -0.189207 -0.052844 
732 2.113744 0.000000 -0.067552 97.996947 0.705860 6.608361 0.035243 
733 2.089321 0.000000 -0.045035 95.384388 0.610509 2.383006 0.089577 
734 2.101533 0.000000 -0.101329 106.550721 -9.367209 7.988505 -0.150462 
735 2.089321 0.000000 -0.101329 105.666521 -9.220987 5.794262 -0.128401 
736 2.101533 0.000000 -0.112587 106.824396 -9.379380 7.330711 -0.155316 
737 2.113744 0.000000 -0.101329 105.802803 -9.465455 11.441227 -0.141473 
738 2.101533 0.000000 -0.090070 106.787145 -9.386899 7.916516 -0.155428 
739 2.162591 0.000000 0.045035 119.443342 0.085704 -8.666932 -0.434183 
740 2.211438 0.000000 0.045035 150.578877 -0.699612 -11.538143 -1.280762 
741 2.089321 0.000000 0.067552 102.254332 -9.733340 -0.024652 -0.055069 
742 2.064897 0.000000 0.067552 102.117618 -11.038177 0.031304 -0.054985 
743 2.089321 0.000000 0.045035 95.200317 0.543700 -2.385957 0.093091 
744 2.113744 0.000000 0.067552 97.761819 0.515326 -6.595164 0.039887 
745 2.138168 0.000000 0.112587 102.346968 -9.745688 -15.134376 -0.079893 
746 2.138168 0.000000 0.090070 102.012811 -9.735153 -15.084965 -0.072894 
747 2.162591 0.000000 0.112587 98.552101 -9.178077 -12.199520 0.005442 
748 2.138168 0.000000 0.135105 101.132545 -8.412623 -8.248958 -0.036661 
749 2.101533 0.000000 0.101329 106.836259 -9.596792 -8.022906 -0.157045 
750 2.089321 0.000000 0.101329 105.888001 -9.445564 -5.835018 -0.133553 
751 2.101533 0.000000 0.090070 107.084858 -9.613192 -7.950807 -0.162280 
752 2.113744 0.000000 0.101329 106.102442 -9.719862 -11.484573 -0.148410 
753 2.101533 0.000000 0.112587 107.107781 -9.604186 -7.363421 -0.161854 
754 2.138168 0.000000 -0.067552 106.456899 0.568566 10.108127 -0.143557 
755 2.162591 0.000000 -0.067552 117.441970 0.448343 13.060235 -0.396339 
756 2.138168 0.000000 -0.045035 108.469077 0.429417 6.685409 -0.181042 
757 2.125956 0.000000 -0.101329 103.155359 -9.433978 14.909915 -0.095233 
758 2.125956 0.000000 -0.112587 103.840693 -9.453464 14.223872 -0.107458 
759 2.138168 0.000000 -0.101329 101.902981 -9.431418 15.057910 -0.069991 
760 2.125956 0.000000 -0.090070 103.764086 -9.452484 14.278677 -0.106022 
761 2.138168 0.000000 0.067552 106.222031 0.321184 -10.079256 -0.138481 
762 2.138168 0.000000 0.045035 108.280139 0.233625 -6.728237 -0.176991 
763 2.162591 0.000000 0.067552 117.264076 0.125616 -13.011900 -0.392019 
764 2.125956 0.000000 0.101329 103.428587 -9.743917 -14.960423 -0.101623 
765 2.125956 0.000000 0.090070 104.040882 -9.745198 -14.327419 -0.112475 
766 2.138168 0.000000 0.101329 102.131407 -9.740751 -15.102302 -0.075379 
767 2.125956 0.000000 0.112587 104.119124 -9.745127 -14.272664 -0.113947 
768 2.406827 0.000000 -0.090070 103.104956 -5.122406 -2.159249 -0.066153 
769 2.406827 0.000000 -0.180140 100.278902 -6.862767 -1.499383 -0.010520 
770 2.504521 0.000000 -0.090070 100.931563 -4.876302 -0.060087 -0.021096 
771 2.406827 0.000000 0.000000 105.762878 -5.027192 -0.329179 -0.121117 
772 2.260285 0.000000 -0.135105 90.845727 -6.963326 -2.150389 0.169394 
773 2.260285 0.000000 -0.180140 95.612974 -7.418299 -0.681028 0.080266 
774 2.309132 0.000000 -0.135105 98.095996 -6.487499 -7.020105 0.028581 
775 2.260285 0.000000 -0.090070 72.330200 -7.718772 11.946152 0.456605 
776 2.187015 0.000000 -0.112587 95.272835 -8.403385 11.499017 0.072024 
777 2.187015 0.000000 -0.135105 96.030344 -7.822987 7.500308 0.066072 
778 2.211438 0.000000 -0.112587 90.296965 -7.946684 9.811111 0.168705 
779 2.187015 0.000000 -0.090070 92.339026 -8.975669 16.856438 0.110880 
780 2.150380 0.000000 -0.101329 100.832074 -9.397578 14.900941 -0.047746 
781 2.150380 0.000000 -0.112587 101.238863 -9.414613 14.960708 -0.056177 
782 2.162591 0.000000 -0.101329 98.489522 -9.305567 15.343383 -0.002220 
783 2.150380 0.000000 -0.090070 100.777153 -9.395442 14.892732 -0.046610 
784 2.406827 0.000000 0.090070 103.027122 -5.476964 1.993383 -0.064856 
785 2.504521 0.000000 0.090070 100.883134 -5.149387 -0.049009 -0.020393 
786 2.406827 0.000000 0.180140 100.210403 -7.063232 1.177555 -0.009340 
787 2.260285 0.000000 0.135105 90.978305 -7.135766 1.832402 0.166867 
788 2.260285 0.000000 0.090070 72.445266 -8.103091 -11.973119 0.454267 
789 2.309132 0.000000 0.135105 98.150097 -6.677450 6.606550 0.027832 
790 2.260285 0.000000 0.180140 95.673759 -7.616665 0.272439 0.078844 
791 2.187015 0.000000 0.112587 95.418373 -8.640546 -11.690469 0.068401 
792 2.187015 0.000000 0.090070 92.447389 -9.227930 -16.888964 0.108309 
793 2.211438 0.000000 0.112587 90.484783 -8.142438 -10.027950 0.164565 
794 2.187015 0.000000 0.135105 96.248257 -8.027225 -7.808113 0.061087 
795 2.150380 0.000000 0.101329 101.037725 -9.695528 -14.941106 -0.052586 
796 2.150380 0.000000 0.090070 100.982484 -9.693203 -14.932848 -0.051441 
797 2.162591 0.000000 0.101329 98.677701 -9.596460 -15.382727 -0.006601 
798 2.150380 0.000000 0.112587 101.448867 -9.715854 -15.001740 -0.061132 
799 2.260285 0.000000 -0.045035 183.426055 -2.081286 0.819357 -2.365012 
800 2.309132 0.000000 -0.045035 134.188910 -4.393993 -14.229901 -0.822846 
801 2.260285 0.000000 0.000000 169.364398 -2.859512 -0.877793 -1.869325 
802 2.187015 0.000000 -0.067552 131.284371 0.228611 16.355004 -0.750312 
803 2.211438 0.000000 -0.067552 150.982733 -0.103484 19.554774 -1.317819 
804 2.187015 0.000000 -0.045035 133.833568 0.248923 10.655576 -0.802503 
805 2.174803 0.000000 -0.101329 95.194071 -9.150273 16.395366 0.058555 
806 2.174803 0.000000 -0.112587 96.862129 -8.639827 11.699957 0.040619 
807 2.187015 0.000000 -0.101329 92.371120 -8.979142 16.862256 0.110262 
808 2.174803 0.000000 -0.090070 94.863034 -9.133311 16.491235 0.064563 
809 2.260285 0.000000 0.045035 183.178431 -2.684475 -0.675253 -2.356200 
810 2.309132 0.000000 0.045035 134.127152 -4.942829 14.179827 -0.821559 
811 2.187015 0.000000 0.067552 131.009692 -0.050133 -16.232500 -0.742704 
812 2.187015 0.000000 0.045035 133.474305 -0.163868 -10.552096 -0.792676 
813 2.211438 0.000000 0.067552 150.680421 -0.434557 -19.362130 -1.307967 
814 2.174803 0.000000 0.101329 95.352123 -9.432064 -16.434185 0.054893 
815 2.174803 0.000000 0.090070 95.018277 -9.414613 -16.530053 0.060965 
816 2.187015 0.000000 0.101329 92.486720 -9.238195 -16.896512 0.107537 
817 2.174803 0.000000 0.112587 97.078726 -8.899910 -11.880263 0.035537 
818 2.235862 0.000000 -0.067552 170.227361 -0.733841 17.986172 -1.930140 
819 2.235862 0.000000 -0.090070 76.632643 -8.001650 12.655675 0.390325 
820 2.260285 0.000000 -0.067552 70.370808 -7.636762 11.622442 0.485455 
821 2.235862 0.000000 -0.045035 168.580600 -0.813755 10.199661 -1.852411 
822 2.235862 0.000000 -0.112587 86.513502 -7.421504 4.800603 0.243729 
823 2.235862 0.000000 -0.135105 91.212890 -7.255061 2.524943 0.162120 
824 2.260285 0.000000 -0.112587 83.688918 -6.877532 -3.251631 0.293829 
825 2.223650 0.000000 -0.078811 82.209786 -8.336409 14.140743 0.297209 
826 2.211438 0.000000 -0.078811 87.992536 -8.670796 15.869593 0.193029 
827 2.223650 0.000000 -0.090070 82.167046 -8.332538 14.016796 0.298267 
828 2.235862 0.000000 -0.078811 76.490776 -7.992167 12.632314 0.392571 
829 2.223650 0.000000 -0.067552 161.489384 -0.383806 17.948539 -1.640112 
830 2.235862 0.000000 0.067552 169.993515 -1.110765 -17.819516 -1.921656 
831 2.235862 0.000000 0.045035 168.321150 -1.392309 -9.944473 -1.843284 
832 2.260285 0.000000 0.067552 70.507513 -8.105866 -11.652392 0.482721 
833 2.235862 0.000000 0.090070 76.728118 -8.305987 -12.680893 0.388300 
834 2.235862 0.000000 0.112587 86.626472 -7.586641 -5.002557 0.241327 
835 2.260285 0.000000 0.112587 83.818657 -7.059275 3.020385 0.291548 
836 2.235862 0.000000 0.135105 91.372908 -7.455678 -2.819574 0.158745 
837 2.223650 0.000000 0.078811 82.257317 -8.597930 -14.158044 0.295936 
838 2.211438 0.000000 0.078811 88.010889 -8.880575 -15.882581 0.192296 
839 2.223650 0.000000 0.067552 161.167455 -0.734451 -17.741884 -1.629026 
840 2.235862 0.000000 0.078811 76.587199 -8.297165 -12.657669 0.390534 
841 2.223650 0.000000 0.090070 82.212286 -8.597062 -14.033615 0.297029 
842 2.357979 0.000000 -0.045035 111.642637 -4.461836 -3.856613 -0.249886 
843 2.357979 0.000000 -0.090070 105.987954 -5.293374 -5.180077 -0.128830 
844 2.406827 0.000000 -0.045035 105.071748 -4.447311 -1.420430 -0.106187 
845 2.357979 0.000000 0.000000 113.782233 -5.052027 -0.421646 -0.297210 
846 2.284709 0.000000 -0.067552 161.959676 -4.596319 -51.059677 -1.885915 
847 2.284709 0.000000 -0.090070 90.589559 -5.839559 -38.264802 0.029524 
848 2.309132 0.000000 -0.067552 123.029865 -4.888126 -20.588976 -0.558415 
849 2.284709 0.000000 -0.045035 165.285383 -3.731265 -17.669588 -1.764539 
850 2.248074 0.000000 -0.078811 73.655851 -7.794994 12.165076 0.436606 
851 2.248074 0.000000 -0.090070 74.014453 -7.819895 12.224213 0.431128 
852 2.260285 0.000000 -0.078811 70.921684 -7.653429 11.713402 0.477434 
853 2.248074 0.000000 -0.067552 73.054013 -7.755407 12.065782 0.445738 
854 2.357979 0.000000 0.045035 111.605490 -5.045370 3.748797 -0.249529 
855 2.406827 0.000000 0.045035 105.012910 -5.102551 1.264629 -0.105535 
856 2.357979 0.000000 0.090070 105.981542 -5.528778 4.970050 -0.128736 
857 2.284709 0.000000 0.067552 161.819181 -4.899383 50.885233 -1.879876 
858 2.284709 0.000000 0.045035 165.204871 -4.233599 17.704422 -1.762402 
859 2.309132 0.000000 0.067552 122.954312 -5.264541 20.450096 -0.556368 
860 2.284709 0.000000 0.090070 90.658709 -6.049312 38.017901 0.029904 
861 2.248074 0.000000 0.078811 73.762296 -8.136673 -12.191067 0.434430 
862 2.248074 0.000000 0.067552 73.162700 -8.110753 -12.091893 0.443522 
863 2.260285 0.000000 0.078811 71.050678 -8.096331 -11.742266 0.474837 
864 2.248074 0.000000 0.090070 74.120003 -8.154929 -12.250220 0.428965 
865 5.044566 0.000000 -0.720558 99.744823 -7.100474 -0.141868 0.000053 
866 5.044566 0.000000 -1.441116 99.751916 -7.016808 -0.029295 0.000032 
867 5.826119 0.000000 -0.720558 99.747298 -7.079792 -0.156223 0.000033 
868 5.044566 0.000000 0.000000 99.940110 -4.291910 -2.744781 -0.001398 
869 3.872238 0.000000 -0.360279 99.712109 -7.485797 -0.316981 0.000136 
870 3.872238 0.000000 -0.720558 99.740696 -7.129065 -0.103692 0.000096 
871 4.263014 0.000000 -0.360279 99.716666 -7.459548 -0.404044 0.000078 
872 3.872238 0.000000 0.000000 100.111447 -1.728314 -0.984041 -0.002626 
873 5.044566 0.000000 0.720558 99.738942 -7.161874 0.021842 0.000085 
874 5.826119 0.000000 0.720558 99.741841 -7.154181 0.042662 0.000038 
875 5.044566 0.000000 1.441116 99.748904 -7.022741 -0.006320 0.000084 
876 3.872238 0.000000 0.360279 99.698322 -7.606306 0.031817 0.000239 
877 4.263014 0.000000 0.360279 99.703776 -7.599242 0.107788 0.000140 
878 3.872238 0.000000 0.720558 99.728291 -7.168727 -0.010022 0.000288 
879 3.676849 0.000000 -0.180140 99.781943 -6.409258 3.342965 -0.000869 
880 3.481461 0.000000 -0.180140 99.766922 -6.565751 2.209815 -0.000143 
881 3.676849 0.000000 -0.360279 99.708094 -7.491785 -0.282009 0.000209 
882 3.872238 0.000000 -0.180140 99.933794 -4.290257 5.847440 -0.003936 
883 3.676849 0.000000 0.000000 100.012908 -3.083750 0.080819 -0.001210 
884 4.653790 0.000000 -0.360279 99.721918 -7.404651 -0.484494 0.000048 
885 4.653790 0.000000 -0.720558 99.743757 -7.110506 -0.130312 0.000061 
886 5.044566 0.000000 -0.360279 99.728288 -7.328298 -0.548603 0.000026 
887 4.653790 0.000000 0.000000 99.972826 -3.800809 -2.390573 -0.001473 
888 4.067626 0.000000 -0.180140 99.933153 -4.328135 -0.939847 -0.000625 
889 4.067626 0.000000 -0.360279 99.714317 -7.476133 -0.360640 0.000103 
890 4.263014 0.000000 -0.180140 99.342338 -12.798928 -4.726016 -0.005505 
891 4.067626 0.000000 0.000000 100.042907 -2.742599 -1.769920 -0.001924 
892 3.676849 0.000000 0.180140 99.632819 -8.506103 -3.375440 -0.001045 
893 3.481461 0.000000 0.180140 99.688873 -7.628873 -2.376018 -0.000172 
894 3.872238 0.000000 0.180140 99.340085 -12.741801 -4.168012 -0.004818 
895 3.676849 0.000000 0.360279 99.695311 -7.606533 -0.011638 0.000299 
896 3.774543 0.000000 -0.090070 99.929591 -4.316225 1.625051 -0.000719 
897 3.676849 0.000000 -0.090070 99.926980 -4.322983 1.474089 -0.000626 
898 3.774543 0.000000 -0.180140 99.815032 -5.967907 4.366717 -0.001772 
899 3.872238 0.000000 -0.090070 99.929100 -4.346326 1.459904 -0.000685 
900 3.774543 0.000000 0.000000 100.060938 -2.424181 0.051774 -0.001807 
901 4.653790 0.000000 0.360279 99.708375 -7.570962 0.182466 0.000089 
902 5.044566 0.000000 0.360279 99.713509 -7.527595 0.246798 0.000049 
903 4.653790 0.000000 0.720558 99.736335 -7.164975 0.012338 0.000133 
904 4.458402 0.000000 -0.180140 99.659157 -8.284618 -1.565623 -0.000303 
905 4.458402 0.000000 -0.360279 99.719243 -7.436080 -0.445872 0.000058 
906 4.653790 0.000000 -0.180140 99.678076 -8.023458 -6.969355 -0.004867 
907 4.458402 0.000000 0.000000 99.996868 -3.445698 -2.208824 -0.001613 
908 4.067626 0.000000 0.180140 99.436190 -11.405641 1.923273 -0.002134 
909 4.263014 0.000000 0.180140 99.529957 -10.092960 1.716438 -0.001103 
910 4.067626 0.000000 0.360279 99.701237 -7.605224 0.069332 0.000182 
911 4.165320 0.000000 -0.090070 100.094157 -2.030114 -1.678884 -0.002578 
912 4.067626 0.000000 -0.090070 100.097633 -1.967783 -1.287771 -0.002507 
913 4.165320 0.000000 -0.180140 99.524668 -10.181302 1.117972 -0.001007 
914 4.263014 0.000000 -0.090070 100.087284 -2.139339 -2.025931 -0.002615 
915 4.165320 0.000000 0.000000 100.032201 -2.909310 -1.869700 -0.001840 
916 8.952329 0.000000 -1.441116 99.754147 -7.003167 -0.042865 0.000006 
917 8.952329 0.000000 -2.882233 99.755345 -6.986724 -0.009170 0.000006 
918 10.515434 0.000000 -1.441116 99.754747 -6.996434 -0.044052 0.000004 
919 8.952329 0.000000 0.000000 99.794165 -6.430715 0.290349 -0.000031 
920 6.607671 0.000000 -0.720558 99.749937 -7.057757 -0.161030 0.000011 
921 6.607671 0.000000 -1.441116 99.753204 -7.016080 -0.036588 0.000007 
922 7.389224 0.000000 -0.720558 99.751794 -7.035285 -0.163595 0.000006 
923 6.607671 0.000000 0.000000 99.848239 -5.647025 1.220607 -0.000305 
924 5.435343 0.000000 -0.360279 99.735383 -7.240660 -0.585627 0.000008 
925 5.435343 0.000000 -0.720558 99.746247 -7.091059 -0.149076 0.000038 
926 5.826119 0.000000 -0.360279 99.742366 -7.148877 -0.597156 -0.000000 
927 5.435343 0.000000 0.000000 99.936544 -4.359151 -3.769202 -0.002052 
928 4.849178 0.000000 -0.180140 99.737631 -7.182697 -4.094308 -0.001595 
929 4.849178 0.000000 -0.360279 99.725077 -7.368855 -0.518311 0.000034 
930 5.044566 0.000000 -0.180140 99.766179 -6.782605 -3.310563 -0.001025 
931 4.849178 0.000000 0.000000 99.951961 -4.111592 -2.564457 -0.001388 
932 8.952329 0.000000 1.441116 99.752844 -7.022141 0.009635 0.000006 
933 10.515434 0.000000 1.441116 99.753235 -7.018326 0.015119 0.000003 
934 8.952329 0.000000 2.882233 99.755326 -6.987704 -0.001614 0.000005 
935 6.607671 0.000000 0.720558 99.743413 -7.142479 0.064012 0.000023 
936 7.389224 0.000000 0.720558 99.745144 -7.126633 0.078642 0.000011 
937 6.607671 0.000000 1.441116 99.751491 -7.029490 0.000763 0.000023 
938 5.435343 0.000000 0.360279 99.718456 -7.474572 0.300161 0.000027 
939 5.826119 0.000000 0.360279 99.723481 -7.413742 0.337816 0.000015 
940 5.435343 0.000000 0.720558 99.740400 -7.159005 0.033289 0.000060 
941 4.849178 0.000000 0.180140 99.672195 -8.107127 1.966998 -0.000414 
942 4.653790 0.000000 0.180140 99.632875 -8.655850 2.141003 -0.000622 
943 5.044566 0.000000 0.180140 99.696432 -7.773857 1.753767 -0.000289 
944 4.849178 0.000000 0.360279 99.710767 -7.551243 0.217187 0.000069 
945 4.751484 0.000000 -0.090070 100.041417 -2.829768 -2.817322 -0.002423 
946 4.653790 0.000000 -0.090070 100.050254 -2.697184 -2.796454 -0.002515 
947 4.751484 0.000000 -0.180140 99.718218 -7.455155 -4.848186 -0.002281 
948 4.849178 0.000000 -0.090070 100.033542 -2.947929 -2.777306 -0.002311 
949 4.751484 0.000000 0.000000 99.961736 -3.965962 -2.477889 -0.001422 
950 5.239954 0.000000 -0.180140 99.785929 -6.507217 -2.795661 -0.000739 
951 5.239954 0.000000 -0.360279 99.731778 -7.284628 -0.570467 0.000018 
952 5.435343 0.000000 -0.180140 99.799267 -6.324579 -2.392658 -0.000562 
953 5.239954 0.000000 0.000000 99.943875 -4.245895 -2.956004 -0.001554 
954 4.946872 0.000000 -0.090070 100.026515 -3.053511 -2.687328 -0.002185 
955 4.946872 0.000000 -0.180140 99.753155 -6.964608 -3.645947 -0.001249 
956 5.044566 0.000000 -0.090070 100.019980 -3.151418 -2.552121 -0.002044 
957 4.946872 0.000000 0.000000 99.944456 -4.225150 -2.654268 -0.001379 
958 6.216895 0.000000 -0.360279 99.748693 -7.063725 -0.588185 -0.000004 
959 6.216895 0.000000 -0.720558 99.748499 -7.067895 -0.160197 0.000026 
960 6.607671 0.000000 -0.360279 99.754396 -6.991396 -0.559754 -0.000013 
961 6.216895 0.000000 0.000000 99.865161 -5.397237 1.828258 -0.000552 
962 5.630731 0.000000 -0.180140 99.807983 -6.204744 -2.059928 -0.000438 
963 5.630731 0.000000 -0.360279 99.738923 -7.194440 -0.594412 0.000003 
964 5.826119 0.000000 -0.180140 99.813424 -6.130969 -1.778738 -0.000347 
965 5.630731 0.000000 0.000000 99.571620 -9.582787 9.074110 -0.008868 
966 5.239954 0.000000 0.180140 99.711800 -7.562358 1.568729 -0.000209 
967 5.435343 0.000000 0.180140 99.722248 -7.421824 1.416134 -0.000162 
968 5.239954 0.000000 0.360279 99.715946 -7.501385 0.275305 0.000038 
969 5.337648 0.000000 -0.090070 99.999483 -3.455085 -1.989978 -0.001579 
970 5.239954 0.000000 -0.090070 100.006803 -3.347401 -2.193345 -0.001738 
971 5.337648 0.000000 -0.180140 99.793250 -6.405413 -2.583617 -0.000640 
972 5.435343 0.000000 -0.090070 99.991511 -3.574265 -1.782822 -0.001426 
973 5.337648 0.000000 0.000000 99.948053 -4.189426 -3.151591 -0.001710 
974 3.286073 0.000000 -0.180140 99.777483 -6.588095 1.609025 -0.000154 
975 3.090685 0.000000 -0.180140 99.803239 -6.606310 1.179225 -0.000572 
976 3.286073 0.000000 -0.360279 99.718691 -7.532820 -0.173103 -0.000059 
977 3.286073 0.000000 0.000000 99.939473 -4.076674 -0.053313 -0.000452 
978 2.895297 0.000000 -0.180140 99.818769 -6.594257 0.793015 -0.000790 
979 2.895297 0.000000 -0.360279 99.727145 -7.475021 -0.178090 -0.000141 
980 2.895297 0.000000 0.000000 99.944082 -4.394194 -0.151278 -0.000815 
981 3.286073 0.000000 0.180140 99.709894 -7.321155 -1.756491 0.000125 
982 3.090685 0.000000 0.180140 99.723389 -7.135954 -1.331823 0.000255 
983 3.286073 0.000000 0.360279 99.681615 -7.642809 -0.039429 0.000516 
984 3.188379 0.000000 -0.090070 99.905084 -4.552865 0.867541 -0.000251 
985 3.090685 0.000000 -0.090070 99.901999 -4.543330 0.837294 -0.000175 
986 3.188379 0.000000 -0.180140 99.796611 -6.568963 1.373735 -0.000440 
987 3.286073 0.000000 -0.090070 99.914595 -4.515755 0.975022 -0.000427 
988 3.188379 0.000000 0.000000 99.928547 -4.174543 -0.088785 -0.000315 
989 2.895297 0.000000 0.180140 99.766356 -6.975515 -1.052806 -0.000309 
990 2.895297 0.000000 0.360279 99.667398 -7.572011 -0.044511 0.000907 
991 2.992991 0.000000 -0.090070 99.904744 -4.587207 0.790910 -0.000263 
992 2.895297 0.000000 -0.090070 99.919120 -4.629435 0.673650 -0.000572 
993 2.992991 0.000000 -0.180140 99.814965 -6.574510 1.014350 -0.000728 
994 2.992991 0.000000 0.000000 99.924724 -4.315014 -0.080563 -0.000358 
995 3.188379 0.000000 0.090070 99.883146 -4.728075 -1.247727 -0.000055 
996 3.090685 0.000000 0.090070 99.876896 -4.734462 -1.096472 0.000099 
997 3.286073 0.000000 0.090070 99.896113 -4.669648 -1.421848 -0.000306 
998 3.188379 0.000000 0.180140 99.717563 -7.219850 -1.528777 0.000194 
999 3.139532 0.000000 -0.045035 99.923335 -3.794530 -0.095409 0.000092 
1000 3.090685 0.000000 -0.045035 99.913078 -3.707479 -0.050438 0.000363 
1001 3.139532 0.000000 -0.090070 99.896223 -4.577989 0.845903 -0.000093 
1002 3.188379 0.000000 -0.045035 99.936902 -3.665693 -0.159191 -0.000085 
1003 3.139532 0.000000 0.000000 99.923173 -4.233077 -0.089597 -0.000257 
1004 3.969932 0.000000 -0.090070 100.216222 -0.257410 0.048719 -0.004336 
1005 3.969932 0.000000 -0.180140 100.269417 0.494228 3.641014 -0.006746 
1006 3.969932 0.000000 0.000000 100.065751 -2.400180 -1.707863 -0.002183 
1007 3.774543 0.000000 0.090070 99.900841 -4.706881 -2.298277 -0.000761 
1008 3.676849 0.000000 0.090070 99.904011 -4.632586 -2.189094 -0.000706 
1009 3.872238 0.000000 0.090070 99.897216 -4.782475 -2.305341 -0.000764 
1010 3.774543 0.000000 0.180140 99.551485 -9.697740 -4.155003 -0.002181 
1011 3.823390 0.000000 -0.045035 99.882452 -4.998165 -1.796398 -0.000471 
1012 3.774543 0.000000 -0.045035 99.791198 -6.285456 -1.543121 -0.000017 
1013 3.823390 0.000000 -0.090070 99.927417 -4.360866 1.700712 -0.000740 
1014 3.872238 0.000000 -0.045035 99.926367 -4.380119 -1.630557 -0.000712 
1015 3.823390 0.000000 0.000000 100.097005 -1.924467 -0.270319 -0.002319 
1016 3.579155 0.000000 -0.090070 99.923591 -4.341473 1.327157 -0.000533 
1017 3.481461 0.000000 -0.090070 99.918542 -4.376665 1.188744 -0.000428 
1018 3.579155 0.000000 -0.180140 99.771148 -6.536888 2.678632 -0.000419 
1019 3.579155 0.000000 0.000000 99.986653 -3.426919 0.025315 -0.000908 
1020 3.725696 0.000000 -0.045035 99.715321 -7.357825 0.408217 0.000255 
1021 3.676849 0.000000 -0.045035 99.798910 -6.148799 2.205333 -0.000249 
1022 3.725696 0.000000 -0.090070 99.928146 -4.319157 1.544726 -0.000668 
1023 3.725696 0.000000 0.000000 100.032468 -2.818386 0.103451 -0.001445 
1024 3.481461 0.000000 -2.161675 99.760430 -6.994776 0.000165 -0.000107 
1025 3.481461 0.000000 -2.882233 99.758216 -6.987998 -0.000719 -0.000053 
1026 4.263014 0.000000 -2.161675 99.754963 -6.995893 -0.006904 0.000000 
1027 3.872238 0.000000 -1.080837 99.749437 -7.050273 -0.037201 0.000034 
1028 3.481461 0.000000 -1.080837 99.749878 -7.051219 -0.027768 0.000024 
1029 3.872238 0.000000 -1.441116 99.754088 -7.018525 -0.014927 -0.000014 
1030 4.263014 0.000000 -1.080837 99.749433 -7.048318 -0.045146 0.000037 
1031 3.676849 0.000000 -0.540419 99.728197 -7.233516 -0.178946 0.000193 
1032 3.481461 0.000000 -0.540419 99.725745 -7.243623 -0.162924 0.000228 
1033 3.676849 0.000000 -0.720558 99.739886 -7.132191 -0.094597 0.000108 
1034 3.872238 0.000000 -0.540419 99.732289 -7.223422 -0.186050 0.000126 
1035 3.774543 0.000000 -0.270209 99.675545 -7.980868 -0.149199 0.000107 
1036 3.676849 0.000000 -0.270209 99.675992 -7.938279 -0.089157 0.000167 
1037 3.774543 0.000000 -0.360279 99.711020 -7.488228 -0.295454 0.000155 
1038 3.872238 0.000000 -0.270209 99.674092 -8.016726 -0.226273 0.000076 
1039 3.823390 0.000000 -0.135105 99.893082 -4.857859 1.657572 -0.000497 
1040 3.774543 0.000000 -0.135105 99.890135 -4.887400 1.658382 -0.000468 
1041 3.823390 0.000000 -0.180140 99.854558 -5.414920 5.074554 -0.002601 
1042 3.872238 0.000000 -0.135105 99.895232 -4.836157 1.644784 -0.000515 
1043 3.798967 0.000000 -0.067552 100.100925 -1.871620 0.704387 -0.002419 
1044 3.774543 0.000000 -0.067552 100.031225 -2.855097 1.168713 -0.001576 
1045 3.798967 0.000000 -0.090070 99.929680 -4.323443 1.671684 -0.000743 
1046 3.823390 0.000000 -0.067552 100.089324 -2.042667 -0.785727 -0.002266 
1047 3.798967 0.000000 -0.045035 99.843882 -5.544420 -1.787548 -0.000274 
1048 4.458402 0.000000 0.180140 99.578116 -9.425795 2.044794 -0.000883 
1049 4.458402 0.000000 0.360279 99.706169 -7.588026 0.145812 0.000108 
1050 4.360708 0.000000 -0.090070 100.079175 -2.264945 -2.316557 -0.002634 
1051 4.360708 0.000000 -0.180140 99.615324 -8.903816 -3.907515 -0.001776 
1052 4.458402 0.000000 -0.090070 100.069912 -2.405793 -2.546737 -0.002626 
1053 4.360708 0.000000 0.000000 100.009102 -3.261792 -2.109732 -0.001691 
1054 5.826119 0.000000 -4.323349 99.756326 -6.982796 -0.001841 -0.000008 
1055 5.826119 0.000000 -5.764466 99.755926 -6.979307 -0.001348 0.000004 
1056 7.389224 0.000000 -4.323349 99.755680 -6.981554 -0.003205 0.000006 
1057 5.044566 0.000000 -2.161675 99.754535 -6.996982 -0.010017 0.000007 
1058 5.044566 0.000000 -2.882233 99.754795 -6.988054 -0.005515 0.000015 
1059 5.826119 0.000000 -2.161675 99.753946 -6.996006 -0.013390 0.000021 
1060 4.653790 0.000000 -1.080837 99.749551 -7.045422 -0.051497 0.000039 
1061 4.653790 0.000000 -1.441116 99.751662 -7.018292 -0.026524 0.000035 
1062 5.044566 0.000000 -1.080837 99.749467 -7.042287 -0.058366 0.000045 
1063 4.458402 0.000000 -0.540419 99.736596 -7.196169 -0.222613 0.000078 
1064 4.263014 0.000000 -0.540419 99.735406 -7.206263 -0.211367 0.000087 
1065 4.458402 0.000000 -0.720558 99.743324 -7.115648 -0.123674 0.000062 
1066 4.653790 0.000000 -0.540419 99.737919 -7.184792 -0.232540 0.000067 
1067 4.360708 0.000000 -0.270209 99.678013 -8.013282 -0.675972 -0.000038 
1068 4.263014 0.000000 -0.270209 99.675532 -8.040721 -0.586139 -0.000021 
1069 4.360708 0.000000 -0.360279 99.717915 -7.448766 -0.425285 0.000067 
1070 4.458402 0.000000 -0.270209 99.681290 -7.973407 -0.760637 -0.000051 
1071 4.556096 0.000000 -0.090070 100.059948 -2.553403 -2.706887 -0.002584 
1072 4.556096 0.000000 -0.180140 99.065159 -16.783161 9.917697 -0.019394 
1073 4.556096 0.000000 0.000000 99.984646 -3.625897 -2.300700 -0.001537 
1074 4.409555 0.000000 -0.135105 99.807920 -6.150817 1.087237 -0.000064 
1075 4.360708 0.000000 -0.135105 99.847533 -5.580117 1.332017 -0.000244 
1076 4.409555 0.000000 -0.180140 99.649488 -8.419247 -2.820394 -0.000886 
1077 4.458402 0.000000 -0.135105 99.822497 -5.946218 -0.858817 -0.000063 
1078 4.409555 0.000000 -0.090070 100.074666 -2.333822 -2.439861 -0.002634 
1079 4.556096 0.000000 -0.270209 99.685191 -7.922048 -0.837573 -0.000060 
1080 4.556096 0.000000 -0.360279 99.720429 -7.420461 -0.465787 0.000056 
1081 4.653790 0.000000 -0.270209 99.689616 -7.862346 -0.907140 -0.000066 
1082 4.507249 0.000000 -0.135105 100.048391 -2.717951 -3.006865 -0.002611 
1083 4.507249 0.000000 -0.180140 99.635752 -8.621282 0.684211 -0.000208 
1084 4.556096 0.000000 -0.135105 100.106537 -1.889431 -5.530684 -0.005548 
1085 4.507249 0.000000 -0.090070 100.064868 -2.479870 -2.635072 -0.002607 
1086 4.507249 0.000000 -0.225174 99.627122 -8.747491 -1.454798 -0.000420 
1087 4.458402 0.000000 -0.225174 99.620798 -8.835854 -1.362226 -0.000423 
1088 4.507249 0.000000 -0.270209 99.683133 -7.949264 -0.799326 -0.000056 
1089 4.556096 0.000000 -0.225174 99.633833 -8.654060 -1.539385 -0.000416 
1090 4.604943 0.000000 -0.135105 100.027528 -3.020758 -5.879510 -0.004920 
1091 4.604943 0.000000 -0.180140 99.527198 -10.178072 -11.706374 -0.014630 
1092 4.653790 0.000000 -0.135105 99.987776 -3.592499 -5.493652 -0.004064 
1093 4.604943 0.000000 -0.090070 100.054989 -2.626084 -2.760874 -0.002552 
1094 4.531672 0.000000 -0.157622 99.700471 -7.696339 -2.959191 -0.000817 
1095 4.507249 0.000000 -0.157622 99.711398 -7.538281 -2.310064 -0.000452 
1096 4.531672 0.000000 -0.180140 99.563746 -9.652636 3.327371 -0.001718 
1097 4.556096 0.000000 -0.157622 99.705930 -7.619322 -3.593387 -0.001224 
1098 4.531672 0.000000 -0.135105 100.118871 -1.711930 -4.387947 -0.004597 
1099 4.482825 0.000000 -0.157622 99.735528 -7.192038 -1.776072 -0.000206 
1100 4.458402 0.000000 -0.157622 99.765448 -6.763281 -1.399306 -0.000084 
1101 4.482825 0.000000 -0.180140 99.654640 -8.349665 -0.681240 -0.000123 
1102 4.482825 0.000000 -0.135105 99.926495 -4.460044 -1.982389 -0.000913 
1103 4.556096 0.000000 0.090070 99.965209 -3.899698 1.511822 -0.001054 
1104 4.458402 0.000000 0.090070 100.019694 -3.114872 1.625919 -0.001629 
1105 4.653790 0.000000 0.090070 99.928964 -4.424612 1.370711 -0.000725 
1106 4.556096 0.000000 0.180140 99.606159 -9.030602 2.145409 -0.000754 
1107 4.507249 0.000000 -0.045035 99.972541 -3.797754 -2.883994 -0.001725 
1108 4.458402 0.000000 -0.045035 99.968117 -3.859140 -2.723123 -0.001593 
1109 4.556096 0.000000 -0.045035 99.980119 -3.692820 -3.070232 -0.001909 
1110 4.507249 0.000000 0.000000 99.990624 -3.536778 -2.254512 -0.001572 
1111 4.531672 0.000000 -0.112587 100.091694 -2.099319 -3.672772 -0.003624 
1112 4.507249 0.000000 -0.112587 100.100548 -1.970869 -3.647970 -0.003731 
1113 4.556096 0.000000 -0.112587 100.083184 -2.222240 -3.687598 -0.003518 
1114 4.531672 0.000000 -0.090070 100.062403 -2.516950 -2.672879 -0.002596 
1115 4.519461 0.000000 -0.146363 100.028922 -2.997824 -1.663137 -0.001754 
1116 4.507249 0.000000 -0.146363 99.994438 -3.490097 -0.578847 -0.001140 
1117 4.519461 0.000000 -0.157622 99.703920 -7.646050 -2.627044 -0.000624 
1118 4.531672 0.000000 -0.146363 100.041674 -2.816448 -2.998157 -0.002526 
1119 4.519461 0.000000 -0.135105 100.094212 -2.063618 -3.663677 -0.003653 
1120 4.067626 0.000000 -0.540419 99.733922 -7.215174 -0.199279 0.000105 
1121 4.067626 0.000000 -0.720558 99.741579 -7.125099 -0.111472 0.000084 
1122 4.165320 0.000000 -0.270209 99.673892 -8.055184 -0.493616 -0.000001 
1123 4.067626 0.000000 -0.270209 99.673134 -8.055704 -0.400966 0.000021 
1124 4.165320 0.000000 -0.360279 99.715465 -7.468762 -0.382457 0.000090 
1125 4.214167 0.000000 -0.135105 99.881190 -5.084525 1.356734 -0.000395 
1126 4.165320 0.000000 -0.135105 99.887174 -4.993518 1.400067 -0.000434 
1127 4.214167 0.000000 -0.180140 99.271187 -13.811510 -0.752396 -0.004609 
1128 4.263014 0.000000 -0.135105 99.873655 -5.197330 1.326091 -0.000352 
1129 4.214167 0.000000 -0.090070 100.090894 -2.082453 -1.859540 -0.002598 
1130 3.969932 0.000000 0.090070 99.904485 -4.698160 -2.203479 -0.000783 
1131 4.067626 0.000000 0.090070 99.921478 -4.471931 -2.223325 -0.000924 
1132 3.969932 0.000000 0.180140 99.238543 -14.214655 0.594931 -0.005070 
1133 3.921085 0.000000 0.045035 100.007957 -3.213278 -1.147195 -0.001323 
1134 3.872238 0.000000 0.045035 100.007333 -3.212305 -1.178946 -0.001318 
1135 3.921085 0.000000 0.000000 100.090013 -2.044394 -1.533909 -0.002454 
1136 3.969932 0.000000 0.045035 100.007795 -3.224741 -1.118857 -0.001321 
1137 3.921085 0.000000 0.090070 99.898292 -4.777301 -2.256241 -0.000758 
1138 4.360708 0.000000 0.090070 100.124595 -1.605321 1.084606 -0.002869 
1139 4.263014 0.000000 0.090070 100.073976 -2.318182 -1.149347 -0.002150 
1140 4.360708 0.000000 0.180140 99.552801 -9.777974 1.873303 -0.000988 
1141 4.165320 0.000000 0.090070 99.953089 -4.034355 -1.702568 -0.000979 
1142 4.165320 0.000000 0.180140 99.503102 -10.463912 1.688959 -0.001321 
1143 5.826119 0.000000 4.323349 99.757144 -6.982097 -0.003606 -0.000024 
1144 7.389224 0.000000 4.323349 99.755869 -6.980322 -0.001838 0.000004 
1145 5.826119 0.000000 5.764466 99.756262 -6.977593 -0.001444 0.000000 
1146 5.044566 0.000000 2.161675 99.751632 -6.995290 -0.004871 0.000068 
1147 4.263014 0.000000 2.161675 99.749761 -6.991975 -0.006400 0.000110 
1148 5.826119 0.000000 2.161675 99.753373 -6.997208 -0.004871 0.000030 
1149 5.044566 0.000000 2.882233 99.754106 -6.986612 -0.004583 0.000031 
1150 4.653790 0.000000 1.080837 99.743508 -7.061875 -0.005167 0.000136 
1151 4.263014 0.000000 1.080837 99.740795 -7.062960 -0.008216 0.000189 
1152 5.044566 0.000000 1.080837 99.745981 -7.061622 -0.003522 0.000087 
1153 4.653790 0.000000 1.441116 99.747548 -7.022192 -0.007967 0.000112 
1154 4.458402 0.000000 0.540419 99.726023 -7.293198 0.042006 0.000153 
1155 4.263014 0.000000 0.540419 99.724581 -7.296413 0.028561 0.000177 
1156 4.653790 0.000000 0.540419 99.727986 -7.286744 0.052657 0.000123 
1157 4.458402 0.000000 0.720558 99.734750 -7.167523 0.007306 0.000161 
1158 4.360708 0.000000 0.270209 99.673758 -8.044310 0.252605 0.000037 
1159 4.263014 0.000000 0.270209 99.671903 -8.058669 0.192566 0.000053 
1160 4.458402 0.000000 0.270209 99.675962 -8.023063 0.309786 0.000024 
1161 4.360708 0.000000 0.360279 99.704992 -7.594350 0.126874 0.000122 
1162 4.311861 0.000000 0.135105 99.815089 -6.023608 -1.206666 -0.000079 
1163 4.263014 0.000000 0.135105 99.845388 -5.584387 -1.228853 -0.000180 
1164 4.311861 0.000000 0.090070 100.138445 -1.402032 -0.341229 -0.002979 
1165 4.360708 0.000000 0.135105 99.760844 -6.804774 -1.513284 -0.000082 
1166 4.311861 0.000000 0.180140 99.541302 -9.936777 1.787813 -0.001041 
1167 4.311861 0.000000 0.045035 99.985803 -3.587341 -0.992177 -0.001101 
1168 4.263014 0.000000 0.045035 99.990996 -3.507509 -1.003701 -0.001151 
1169 4.311861 0.000000 0.000000 100.015209 -3.169501 -2.055351 -0.001731 
1170 4.360708 0.000000 0.045035 99.979982 -3.675699 -0.983418 -0.001047 
1171 4.409555 0.000000 0.135105 99.558715 -9.700418 -2.148794 -0.001065 
1172 4.409555 0.000000 0.090070 100.062984 -2.491339 1.576467 -0.002129 
1173 4.458402 0.000000 0.135105 99.481115 -10.814609 4.873175 -0.003720 
1174 4.409555 0.000000 0.180140 99.564973 -9.609059 1.962744 -0.000937 
1175 4.336284 0.000000 0.112587 99.662851 -8.204493 0.220132 -0.000005 
1176 4.311861 0.000000 0.112587 99.664804 -8.173927 -1.861443 -0.000335 
1177 4.336284 0.000000 0.090070 100.146491 -1.289611 0.424577 -0.003116 
1178 4.360708 0.000000 0.112587 99.757069 -6.859771 1.606716 -0.000111 
1179 4.336284 0.000000 0.135105 99.793417 -6.336271 -1.296673 -0.000056 
1180 3.481461 0.000000 2.161675 99.743829 -6.993587 -0.006166 0.000226 
1181 3.481461 0.000000 2.882233 99.751368 -6.981037 -0.005679 0.000093 
1182 3.872238 0.000000 1.080837 99.736417 -7.061375 -0.011373 0.000278 
1183 3.481461 0.000000 1.080837 99.732793 -7.059390 -0.022792 0.000353 
1184 3.872238 0.000000 1.441116 99.740695 -7.022198 -0.008499 0.000248 
1185 4.067626 0.000000 0.540419 99.722238 -7.298568 0.016148 0.000221 
1186 3.872238 0.000000 0.540419 99.719241 -7.300097 0.003856 0.000278 
1187 4.067626 0.000000 0.720558 99.731117 -7.168864 -0.004463 0.000231 
1188 4.165320 0.000000 0.270209 99.670443 -8.065919 0.130809 0.000073 
1189 4.067626 0.000000 0.270209 99.669378 -8.065323 0.068622 0.000096 
1190 4.165320 0.000000 0.360279 99.702544 -7.602742 0.088513 0.000159 
1191 4.214167 0.000000 0.135105 99.866807 -5.271916 -1.378449 -0.000307 
1192 4.165320 0.000000 0.135105 99.881647 -5.053028 -1.580018 -0.000437 
1193 4.214167 0.000000 0.090070 100.009224 -3.238111 -1.410606 -0.001432 
1194 4.214167 0.000000 0.180140 99.517934 -10.258599 1.674882 -0.001186 
1195 4.287437 0.000000 0.112587 99.734952 -7.167938 -2.790679 -0.000623 
1196 4.263014 0.000000 0.112587 99.783886 -6.465215 -2.943184 -0.000729 
1197 4.287437 0.000000 0.090070 100.108283 -1.830494 -0.868696 -0.002577 
1198 4.287437 0.000000 0.135105 99.831699 -5.783185 -1.194043 -0.000124 
1199 4.409555 0.000000 0.045035 99.973564 -3.772339 -0.977819 -0.000990 
1200 4.409555 0.000000 0.000000 100.002974 -3.354133 -2.160510 -0.001651 
1201 4.458402 0.000000 0.045035 99.966575 -3.876654 -0.975843 -0.000930 
1202 4.336284 0.000000 0.067552 100.002607 -3.348378 -0.319647 -0.001184 
1203 4.311861 0.000000 0.067552 100.006429 -3.291089 -0.362895 -0.001225 
1204 4.336284 0.000000 0.045035 99.982969 -3.630451 -0.987453 -0.001075 
1205 4.360708 0.000000 0.067552 99.998496 -3.409739 -0.278344 -0.001140 
1206 4.324073 0.000000 0.101329 95.923873 -61.670511 20.564798 -0.342755 
1207 4.311861 0.000000 0.101329 99.474246 -10.899648 -5.357363 -0.004263 
1208 4.324073 0.000000 0.090070 100.146504 -1.288125 0.027777 -0.003098 
1209 4.336284 0.000000 0.101329 99.803479 -6.193620 12.312085 -0.015068 
1210 4.324073 0.000000 0.112587 99.646892 -8.431403 -0.879058 -0.000136 
1211 -8.241827 0.000000 -8.646699 99.756311 -6.975756 -0.000023 0.000002 
1212 -11.368037 0.000000 -8.646699 99.756350 -6.975708 -0.000002 0.000001 
1213 -8.241827 0.000000 -11.528932 99.756332 -6.975756 -0.000026 0.000001 
1214 10.515434 0.000000 -8.646699 99.756219 -6.977300 -0.000809 0.000001 
1215 10.515434 0.000000 -11.528932 99.756281 -6.976620 -0.000418 0.000001 
1216 13.641644 0.000000 -8.646699 99.756245 -6.977290 -0.000900 0.000001 
1217 -8.241827 0.000000 8.646699 99.756474 -6.975674 0.000023 -0.000001 
1218 -11.368037 0.000000 8.646699 99.756439 -6.975653 0.000021 -0.000001 
1219 -8.241827 0.000000 11.528932 99.756473 -6.975666 0.000002 -0.000001 
1220 -3.552511 0.000000 -4.323349 99.755834 -6.976313 -0.000457 0.000010 
1221 -5.115617 0.000000 -4.323349 99.755948 -6.976559 -0.000104 0.000008 
1222 -3.552511 0.000000 -5.764466 99.755970 -6.976923 -0.000276 0.000007 
1223 10.515434 0.000000 8.646699 99.756354 -6.976740 -0.000499 -0.000001 
1224 13.641644 0.000000 8.646699 99.756337 -6.976756 -0.000422 -0.000000 
1225 10.515434 0.000000 11.528932 99.756405 -6.976174 -0.000307 -0.000001 
1226 -3.552511 0.000000 4.323349 99.756456 -6.976173 0.000436 -0.000002 
1227 -5.115617 0.000000 4.323349 99.756425 -6.975692 0.000340 -0.000000 
1228 -3.552511 0.000000 5.764466 99.756697 -6.975551 0.000306 -0.000006 
1229 -1.207854 0.000000 -2.161675 99.753577 -6.983343 -0.007460 0.000046 
1230 -1.989406 0.000000 -2.161675 99.753105 -6.978038 -0.002601 0.000063 
1231 -1.207854 0.000000 -2.882233 99.754728 -6.978761 -0.003732 0.000029 
1232 -1.207854 0.000000 2.161675 99.753841 -6.979687 0.003431 0.000046 
1233 -1.989406 0.000000 2.161675 99.754806 -6.977098 0.002793 0.000030 
1234 -1.207854 0.000000 2.882233 99.757014 -6.977200 0.002917 -0.000014 
1235 -0.817078 0.000000 -1.080837 99.736626 -6.990309 -0.020705 0.000374 
1236 -1.207854 0.000000 -1.080837 99.744436 -6.985526 -0.011644 0.000225 
1237 -0.817078 0.000000 -1.441116 99.751103 -6.988296 -0.023844 0.000088 
1238 -0.230913 0.000000 -0.540419 99.638254 -7.025453 -0.000049 0.002286 
1239 -0.426301 0.000000 -0.540419 99.746138 -6.906210 -0.087348 0.000300 
1240 -0.230913 0.000000 -0.720558 99.753374 -6.927347 -0.139423 0.000126 
1241 0.941416 0.000000 -0.540419 99.781727 -7.238682 0.011582 -0.000879 
1242 0.941416 0.000000 -0.720558 99.785981 -7.115303 0.003865 -0.000787 
1243 -0.817078 0.000000 1.080837 99.738274 -6.989568 0.010378 0.000342 
1244 -1.207854 0.000000 1.080837 99.744531 -6.985024 0.003425 0.000224 
1245 -0.817078 0.000000 1.441116 99.751578 -6.988241 0.014279 0.000079 
1246 -0.230913 0.000000 0.540419 99.507105 -7.004337 -0.155884 0.004925 
1247 -0.426301 0.000000 0.540419 99.641712 -6.918454 -0.090886 0.002366 
1248 -0.230913 0.000000 0.720558 99.576582 -6.935702 -0.037648 0.003640 
1249 -0.133219 0.000000 -0.270209 99.687877 -7.085123 0.422615 0.001195 
1250 -0.230913 0.000000 -0.270209 99.795199 -6.912054 0.336090 -0.000697 
1251 -0.133219 0.000000 -0.360279 99.447584 -7.000845 0.139665 0.006115 
1252 0.941416 0.000000 0.540419 99.751265 -7.266717 -0.004303 -0.000312 
1253 0.941416 0.000000 0.720558 99.660454 -7.127547 0.056195 0.001699 
1254 -0.133219 0.000000 0.270209 99.580156 -7.093156 -0.597063 0.003312 
1255 -0.230913 0.000000 0.270209 99.755646 -6.907230 -0.442931 0.000091 
1256 -0.133219 0.000000 0.360279 99.378453 -7.000882 -0.268503 0.007484 
1257 0.037745 0.000000 -0.112587 88.528414 -8.853325 -2.147662 0.207973 
1258 0.013322 0.000000 -0.112587 87.607791 -8.427284 4.094958 0.223709 
1259 0.037745 0.000000 -0.135105 92.621995 -8.274719 -1.079785 0.135153 
1260 0.648333 0.000000 -0.270209 101.583382 -11.154906 -0.005801 -0.044362 
1261 0.648333 0.000000 -0.360279 99.895286 -7.616101 0.186701 -0.003711 
1262 0.746027 0.000000 -0.270209 102.614244 -10.236225 0.006189 -0.063446 
1263 0.648333 0.000000 0.270209 101.557955 -11.156551 -0.000553 -0.043849 
1264 0.746027 0.000000 0.270209 102.588063 -10.269051 0.002548 -0.062976 
1265 0.648333 0.000000 0.360279 99.823564 -7.575342 -0.155499 -0.002215 
1266 0.037745 0.000000 0.112587 88.415914 -8.890143 2.086649 0.209924 
1267 0.013322 0.000000 0.112587 87.501654 -8.455956 -4.200161 0.225432 
1268 0.037745 0.000000 0.135105 92.517588 -8.318973 1.008766 0.137027 
1269 0.098804 0.000000 -0.078811 92.655507 -12.314853 -15.437235 0.102499 
1270 0.098804 0.000000 -0.090070 92.784471 -12.389424 -15.517981 0.099674 
1271 0.098804 0.000000 -0.067552 92.647572 -12.302167 -15.426867 0.102710 
1272 0.098804 0.000000 0.078811 92.528830 -12.208127 15.415852 0.105173 
1273 0.098804 0.000000 0.067552 92.522587 -12.191883 15.405552 0.105360 
1274 0.098804 0.000000 0.090070 92.637071 -12.345537 15.494278 0.102589 
1275 0.233134 0.000000 -0.067552 84.912979 -0.115297 -6.219869 0.275109 
1276 0.233134 0.000000 -0.045035 86.329252 -0.146194 -4.698055 0.252517 
1277 0.233134 0.000000 0.067552 84.908290 -0.137658 6.209602 0.275200 
1278 0.233134 0.000000 0.045035 86.314798 -0.137991 4.701203 0.252764 
1279 0.501792 0.000000 -0.045035 100.472999 -8.010385 -0.003297 -0.015899 
1280 0.550639 0.000000 -0.045035 101.578776 -6.732007 -0.004535 -0.036357 
1281 0.501792 0.000000 0.000000 101.576884 -6.515474 -0.003981 -0.036031 
1282 0.501792 0.000000 0.045035 100.464826 -8.008080 -0.003680 -0.015731 
1283 0.550639 0.000000 0.045035 101.574536 -6.732082 -0.003387 -0.036271 
1284 0.428522 0.000000 -0.067552 99.143015 -10.815823 -0.002889 0.005368 
1285 0.452945 0.000000 -0.067552 99.299063 -9.313314 -0.002800 0.005296 
1286 0.428522 0.000000 -0.045035 99.319696 -11.569820 -0.002665 0.000174 
1287 0.367463 0.000000 -0.101329 105.249057 -12.596907 -3.294102 -0.124690 
1288 0.367463 0.000000 -0.112587 105.277863 -12.603579 -2.761655 -0.124991 
1289 0.367463 0.000000 -0.090070 105.572693 -12.600022 -3.023745 -0.131350 
1290 0.428522 0.000000 0.067552 99.122057 -10.811010 -0.002846 0.005794 
1291 0.428522 0.000000 0.045035 99.300278 -11.565960 -0.001543 0.000568 
1292 0.452945 0.000000 0.067552 99.278505 -9.308005 -0.004102 0.005714 
1293 0.367463 0.000000 0.101329 105.215031 -12.550578 3.300837 -0.123862 
1294 0.367463 0.000000 0.090070 105.544242 -12.552111 3.031554 -0.130633 
1295 0.367463 0.000000 0.112587 105.244336 -12.552442 2.768676 -0.124160 
1296 1.722968 0.000000 -0.540419 99.772508 -7.250470 -0.055914 -0.000713 
1297 1.722968 0.000000 -0.720558 99.742871 -7.142612 -0.049500 0.000034 
1298 1.722968 0.000000 0.540419 99.707450 -7.224346 -0.271649 0.000616 
1299 1.722968 0.000000 0.720558 99.586638 -7.144046 -0.166177 0.003144 
1300 1.429886 0.000000 -0.270209 100.822342 -11.317317 0.082057 -0.029323 
1301 1.429886 0.000000 -0.360279 99.702508 -7.693791 0.150868 0.000019 
1302 1.527580 0.000000 -0.270209 101.403054 -11.610445 -0.053289 -0.041738 
1303 1.429886 0.000000 0.270209 101.339586 -11.381817 -0.034722 -0.039926 
1304 1.527580 0.000000 0.270209 101.811515 -11.825344 -0.170939 -0.050545 
1305 1.429886 0.000000 0.360279 99.833155 -7.699157 -0.259258 -0.002600 
1306 8.952329 0.000000 -4.323349 99.755782 -6.981333 -0.003587 0.000004 
1307 8.952329 0.000000 -5.764466 99.755990 -6.979125 -0.001829 0.000003 
1308 10.515434 0.000000 -4.323349 99.755863 -6.981110 -0.003886 0.000003 
1309 6.607671 0.000000 -2.161675 99.754746 -6.997958 -0.013800 0.000002 
1310 6.607671 0.000000 -2.882233 99.755539 -6.989809 -0.006556 -0.000002 
1311 7.389224 0.000000 -2.161675 99.754587 -6.994608 -0.015989 0.000010 
1312 3.090685 0.000000 -1.080837 99.748083 -7.062775 -0.019511 0.000044 
1313 3.090685 0.000000 -1.441116 99.754727 -7.019462 -0.006969 -0.000028 
1314 2.504521 0.000000 -0.540419 99.678361 -7.275206 -0.095237 0.001129 
1315 2.504521 0.000000 -0.720558 99.717056 -7.155291 -0.032456 0.000531 
1316 2.699909 0.000000 -0.540419 99.719493 -7.267944 -0.123868 0.000318 
1317 8.952329 0.000000 4.323349 99.755912 -6.980533 -0.001457 0.000003 
1318 10.515434 0.000000 4.323349 99.755948 -6.980650 -0.001124 0.000002 
1319 8.952329 0.000000 5.764466 99.756158 -6.978071 -0.001053 0.000002 
1320 6.607671 0.000000 2.161675 99.753500 -7.001148 -0.002584 0.000022 
1321 7.389224 0.000000 2.161675 99.754853 -6.999320 -0.003943 -0.000002 
1322 6.607671 0.000000 2.882233 99.754323 -6.990654 -0.002239 0.000021 
1323 3.090685 0.000000 1.080837 99.722203 -7.053463 -0.029684 0.000573 
1324 3.090685 0.000000 1.441116 99.734406 -7.022303 -0.022164 0.000373 
1325 2.504521 0.000000 0.540419 99.587294 -7.373347 -0.031367 0.002800 
1326 2.699909 0.000000 0.540419 99.613821 -7.314305 0.014691 0.002359 
1327 2.504521 0.000000 0.720558 99.556809 -7.178253 -0.018342 0.003691 
1328 2.895297 0.000000 -0.540419 99.766846 -7.250773 -0.062025 -0.000600 
1329 2.895297 0.000000 -0.720558 99.764460 -7.184664 -0.023457 -0.000457 
1330 3.090685 0.000000 -0.540419 99.748279 -7.302749 -0.084411 -0.000306 
1331 3.286073 0.000000 -0.540419 99.723177 -7.244653 -0.144348 0.000278 
1332 3.286073 0.000000 -0.720558 99.734281 -7.147174 -0.080746 0.000198 
1333 2.406827 0.000000 -0.270209 99.527400 -7.608556 -0.790555 0.003578 
1334 2.406827 0.000000 -0.360279 99.361242 -7.651585 -0.493134 0.006855 
1335 2.504521 0.000000 -0.270209 99.760438 -7.676677 -0.473530 -0.001130 
1336 2.895297 0.000000 0.540419 99.659062 -7.303802 0.005937 0.001473 
1337 3.090685 0.000000 0.540419 99.681864 -7.365259 -0.015013 0.000928 
1338 2.895297 0.000000 0.720558 99.659152 -7.236484 -0.001935 0.001569 
1339 2.406827 0.000000 0.270209 99.468733 -7.725193 0.458696 0.004608 
1340 2.504521 0.000000 0.270209 99.656208 -7.713573 0.223762 0.000909 
1341 2.406827 0.000000 0.360279 99.237926 -7.653216 0.241214 0.009320 
1342 2.357979 0.000000 -0.135105 101.449314 -6.262703 -4.008830 -0.034726 
1343 2.357979 0.000000 -0.180140 99.682694 -7.002790 -2.463154 0.000825 
1344 2.406827 0.000000 -0.135105 101.396507 -6.024482 -2.038345 -0.032170 
1345 2.284709 0.000000 -0.112587 91.038642 -6.324097 -13.409750 0.149215 
1346 2.284709 0.000000 -0.135105 93.951331 -6.691778 -6.347089 0.108808 
1347 2.309132 0.000000 -0.112587 100.582394 -6.009842 -11.763980 -0.029133 
1348 2.357979 0.000000 0.135105 101.371010 -6.564069 3.689627 -0.033278 
1349 2.406827 0.000000 0.135105 101.303979 -6.326661 1.749752 -0.030558 
1350 2.357979 0.000000 0.180140 99.595544 -7.294961 2.095825 0.002312 
1351 2.284709 0.000000 0.112587 91.108947 -6.504108 13.138892 0.148423 
1352 2.309132 0.000000 0.112587 100.642285 -6.176971 11.419408 -0.029743 
1353 2.284709 0.000000 0.135105 94.041126 -6.863966 6.015449 0.107297 
1354 5.435343 0.000000 -1.080837 99.750167 -7.041249 -0.061986 0.000032 
1355 5.435343 0.000000 -1.441116 99.752281 -7.017256 -0.031565 0.000024 
1356 5.826119 0.000000 -1.080837 99.750406 -7.037941 -0.066503 0.000032 
1357 5.435343 0.000000 1.080837 99.747066 -7.063510 0.000554 0.000063 
1358 5.826119 0.000000 1.080837 99.748246 -7.063750 0.003109 0.000039 
1359 5.435343 0.000000 1.441116 99.749858 -7.024825 -0.004543 0.000062 
1360 3.676849 0.000000 0.540419 99.716500 -7.304244 -0.015839 0.000327 
1361 3.481461 0.000000 0.540419 99.711386 -7.301375 -0.028247 0.000433 
1362 3.676849 0.000000 0.720558 99.726333 -7.167179 -0.022504 0.000329 
1363 3.579155 0.000000 -0.270209 99.677977 -7.886651 -0.032822 0.000210 
1364 3.481461 0.000000 -0.270209 99.680032 -7.831164 0.012670 0.000256 
1365 3.579155 0.000000 -0.360279 99.706715 -7.493743 -0.261397 0.000235 
1366 4.849178 0.000000 -0.540419 99.739197 -7.173802 -0.241565 0.000057 
1367 4.849178 0.000000 -0.720558 99.744054 -7.105718 -0.137653 0.000061 
1368 5.044566 0.000000 -0.540419 99.740209 -7.162052 -0.251495 0.000053 
1369 3.969932 0.000000 -0.270209 99.673231 -8.042519 -0.310913 0.000047 
1370 3.969932 0.000000 -0.360279 99.713201 -7.481790 -0.338760 0.000119 
1371 3.579155 0.000000 0.090070 99.905134 -4.583069 -2.037394 -0.000619 
1372 3.481461 0.000000 0.090070 99.903887 -4.559843 -1.856238 -0.000502 
1373 3.579155 0.000000 0.180140 99.669234 -7.949849 -2.796057 -0.000497 
1374 3.725696 0.000000 -0.135105 99.886161 -4.924567 1.643663 -0.000420 
1375 3.676849 0.000000 -0.135105 99.882596 -4.963577 1.625646 -0.000381 
1376 3.725696 0.000000 -0.180140 99.793478 -6.255338 3.793376 -0.001226 
1377 4.849178 0.000000 0.540419 99.729856 -7.281619 0.062247 0.000093 
1378 5.044566 0.000000 0.540419 99.731016 -7.275946 0.074037 0.000078 
1379 4.849178 0.000000 0.720558 99.738074 -7.163342 0.015809 0.000100 
1380 3.969932 0.000000 0.270209 99.668695 -8.056881 0.007696 0.000124 
1381 3.872238 0.000000 0.270209 99.668316 -8.040929 -0.050629 0.000157 
1382 3.969932 0.000000 0.360279 99.699854 -7.606287 0.050386 0.000208 
1383 6.216895 0.000000 -1.080837 99.750974 -7.034273 -0.068893 0.000026 
1384 6.216895 0.000000 -1.441116 99.753175 -7.016036 -0.034394 0.000008 
1385 6.607671 0.000000 -1.080837 99.751913 -7.032186 -0.069181 0.000010 
1386 5.239954 0.000000 -0.540419 99.741415 -7.150046 -0.258406 0.000046 
1387 5.239954 0.000000 -0.720558 99.745521 -7.094634 -0.145662 0.000048 
1388 5.435343 0.000000 -0.540419 99.742674 -7.139176 -0.264117 0.000036 
1389 5.630731 0.000000 -0.540419 99.743850 -7.126283 -0.268889 0.000031 
1390 5.630731 0.000000 -0.720558 99.746889 -7.085287 -0.152088 0.000033 
1391 5.826119 0.000000 -0.540419 99.744940 -7.112750 -0.273245 0.000028 
1392 4.751484 0.000000 -0.270209 99.694615 -7.796269 -0.966496 -0.000073 
1393 4.751484 0.000000 -0.360279 99.723469 -7.387437 -0.502048 0.000040 
1394 4.849178 0.000000 -0.270209 99.699918 -7.725242 -1.015878 -0.000079 
1395 4.946872 0.000000 -0.270209 99.705289 -7.651168 -1.057510 -0.000080 
1396 4.946872 0.000000 -0.360279 99.726560 -7.349176 -0.535498 0.000032 
1397 5.044566 0.000000 -0.270209 99.710847 -7.575734 -1.086964 -0.000083 
1398 6.216895 0.000000 0.360279 99.728346 -7.353387 0.361151 0.000005 
1399 6.607671 0.000000 0.360279 99.732713 -7.297065 0.375233 -0.000000 
1400 6.216895 0.000000 0.720558 99.742757 -7.147490 0.052918 0.000029 
1401 6.216895 0.000000 1.080837 99.748745 -7.062615 0.007190 0.000031 
1402 6.607671 0.000000 1.080837 99.748840 -7.063746 0.012868 0.000027 
1403 6.216895 0.000000 1.441116 99.750866 -7.028863 -0.000214 0.000036 
1404 5.630731 0.000000 0.180140 99.729710 -7.320580 1.291928 -0.000128 
1405 5.826119 0.000000 0.180140 99.735372 -7.244147 1.190539 -0.000104 
1406 5.630731 0.000000 0.360279 99.720944 -7.444662 0.321154 0.000021 
1407 5.239954 0.000000 0.540419 99.732068 -7.269392 0.085369 0.000066 
1408 5.435343 0.000000 0.540419 99.733108 -7.263954 0.096117 0.000053 
1409 5.239954 0.000000 0.720558 99.739707 -7.159483 0.027553 0.000073 
1410 4.751484 0.000000 0.090070 99.900522 -4.838238 1.247175 -0.000508 
1411 4.849178 0.000000 0.090070 99.876391 -5.189487 1.143397 -0.000353 
1412 4.751484 0.000000 0.180140 99.654931 -8.347596 2.068238 -0.000507 
1413 4.946872 0.000000 0.090070 99.855331 -5.498006 1.058124 -0.000243 
1414 5.044566 0.000000 0.090070 99.836452 -5.772770 0.997852 -0.000164 
1415 4.946872 0.000000 0.180140 99.685842 -7.920384 1.857416 -0.000345 
1416 5.142260 0.000000 -0.090070 100.013540 -3.247475 -2.384056 -0.001894 
1417 5.142260 0.000000 -0.180140 99.777009 -6.631531 -3.034400 -0.000864 
1418 5.142260 0.000000 0.000000 99.939951 -4.298331 -2.841544 -0.001454 
1419 5.142260 0.000000 0.090070 99.819669 -6.017080 0.961832 -0.000110 
1420 5.239954 0.000000 0.090070 99.804964 -6.231086 0.950264 -0.000076 
1421 5.142260 0.000000 0.180140 99.704911 -7.656944 1.657229 -0.000244 
1422 5.337648 0.000000 0.090070 99.792461 -6.413258 0.961925 -0.000059 
1423 5.435343 0.000000 0.090070 99.782362 -6.563041 0.992589 -0.000058 
1424 5.337648 0.000000 0.180140 99.717467 -7.484663 1.488549 -0.000181 
1425 3.383767 0.000000 -0.090070 99.912260 -4.416691 1.061395 -0.000309 
1426 3.383767 0.000000 -0.180140 99.764949 -6.555874 1.856851 0.000053 
1427 3.383767 0.000000 0.000000 99.949024 -3.868531 -0.049251 -0.000478 
1428 3.383767 0.000000 0.090070 99.899507 -4.570061 -1.655968 -0.000354 
1429 3.383767 0.000000 0.180140 99.700436 -7.418141 -2.052523 0.000058 
1430 2.992991 0.000000 0.090070 99.876869 -4.801460 -0.971179 0.000061 
1431 2.895297 0.000000 0.090070 99.900721 -4.864529 -0.912114 -0.000465 
1432 2.992991 0.000000 0.180140 99.731359 -7.017412 -1.139451 0.000311 
1433 3.921085 0.000000 -0.045035 99.946053 -4.107795 -1.485439 -0.000829 
1434 3.921085 0.000000 -0.090070 100.010338 -3.193409 1.403913 -0.001424 
1435 3.969932 0.000000 -0.045035 99.954356 -3.997546 -1.406250 -0.000883 
1436 3.823390 0.000000 0.045035 100.006024 -3.220293 -1.215393 -0.001305 
1437 3.774543 0.000000 0.045035 100.003804 -3.237655 -1.268884 -0.001285 
1438 3.823390 0.000000 0.090070 99.898904 -4.747276 -2.315570 -0.000769 
1439 4.556096 0.000000 0.270209 99.678299 -7.995640 0.363659 0.000017 
1440 4.653790 0.000000 0.270209 99.681128 -7.963089 0.412000 0.000009 
1441 4.556096 0.000000 0.360279 99.707136 -7.580310 0.164892 0.000100 
1442 4.311861 0.000000 -0.135105 99.863880 -5.341948 1.316996 -0.000307 
1443 4.311861 0.000000 -0.180140 99.529008 -10.134031 -4.929092 -0.003302 
1444 4.311861 0.000000 -0.090070 100.083379 -2.200220 -2.178226 -0.002627 
1445 4.409555 0.000000 -0.045035 99.963245 -3.924677 -2.564683 -0.001463 
1446 4.360708 0.000000 -0.045035 99.960140 -3.964526 -2.398329 -0.001350 
1447 4.311861 0.000000 -0.045035 99.957768 -3.993658 -2.262417 -0.001262 
1448 4.263014 0.000000 -0.045035 99.952811 -4.059328 -2.132910 -0.001159 
1449 4.409555 0.000000 -0.225174 99.614783 -8.918331 -1.258661 -0.000423 
1450 4.360708 0.000000 -0.225174 99.609231 -8.993895 -1.145091 -0.000420 
1451 4.409555 0.000000 -0.270209 99.679557 -7.994816 -0.719079 -0.000045 
1452 4.311861 0.000000 -0.225174 99.604226 -9.061431 -1.021471 -0.000415 
1453 4.263014 0.000000 -0.225174 99.599901 -9.118874 -0.887617 -0.000408 
1454 4.311861 0.000000 -0.270209 99.676667 -8.028653 -0.631584 -0.000030 
1455 4.604943 0.000000 -0.045035 99.990909 -3.540541 -3.213803 -0.002105 
1456 4.653790 0.000000 -0.045035 100.001307 -3.395354 -3.328528 -0.002287 
1457 4.604943 0.000000 0.000000 99.978654 -3.713867 -2.346267 -0.001503 
1458 4.604943 0.000000 -0.225174 99.640698 -8.556817 -1.614284 -0.000409 
1459 4.604943 0.000000 -0.270209 99.687272 -7.892948 -0.873852 -0.000061 
1460 4.653790 0.000000 -0.225174 99.647885 -8.457084 -1.678638 -0.000404 
1461 4.482825 0.000000 -0.112587 100.109694 -1.839219 -3.612367 -0.003838 
1462 4.458402 0.000000 -0.112587 100.118786 -1.708080 -3.562716 -0.003938 
1463 4.482825 0.000000 -0.090070 100.067425 -2.442609 -2.593993 -0.002618 
1464 4.507249 0.000000 0.045035 99.958855 -3.988756 -0.976891 -0.000864 
1465 4.556096 0.000000 0.045035 99.950871 -4.106775 -0.983904 -0.000801 
1466 4.507249 0.000000 0.090070 99.988823 -3.557970 1.581032 -0.001292 
1467 4.604943 0.000000 0.045035 99.942325 -4.231538 -0.995759 -0.000737 
1468 4.653790 0.000000 0.045035 99.933354 -4.363511 -1.011853 -0.000674 
1469 4.604943 0.000000 0.090070 99.945721 -4.181198 1.439463 -0.000870 
1470 4.507249 0.000000 0.135105 99.727025 -7.299603 4.468017 -0.001873 
1471 4.556096 0.000000 0.135105 99.771800 -6.663567 3.797002 -0.001323 
1472 4.507249 0.000000 0.180140 99.591847 -9.230846 2.109029 -0.000819 
1473 4.214167 0.000000 -0.225174 99.596392 -9.164481 -0.743954 -0.000398 
1474 4.165320 0.000000 -0.225174 99.593898 -9.195219 -0.591299 -0.000385 
1475 4.214167 0.000000 -0.270209 99.674600 -8.049725 -0.540094 -0.000012 
1476 4.214167 0.000000 0.045035 99.995539 -3.436665 -1.017484 -0.001195 
1477 4.165320 0.000000 0.045035 99.999414 -3.374946 -1.033310 -0.001234 
1478 4.214167 0.000000 0.000000 100.026898 -2.991256 -1.933490 -0.001807 
1479 4.287437 0.000000 0.067552 100.009945 -3.237993 -0.408014 -0.001264 
1480 4.263014 0.000000 0.067552 100.013127 -3.189653 -0.454809 -0.001301 
1481 4.287437 0.000000 0.045035 99.988481 -3.546253 -0.997620 -0.001127 
1482 3.286073 0.000000 0.540419 99.704378 -7.304632 -0.038813 0.000568 
1483 3.286073 0.000000 0.720558 99.714831 -7.165193 -0.035055 0.000561 
1484 3.774543 0.000000 0.270209 99.668490 -8.017085 -0.110917 0.000191 
1485 3.676849 0.000000 0.270209 99.668458 -7.992643 -0.161963 0.000229 
1486 3.774543 0.000000 0.360279 99.696707 -7.603044 0.012346 0.000276 
1487 3.579155 0.000000 0.270209 99.668369 -7.957827 -0.204977 0.000285 
1488 3.481461 0.000000 0.270209 99.668205 -7.920829 -0.241828 0.000345 
1489 3.579155 0.000000 0.360279 99.693087 -7.601788 -0.028499 0.000350 
1490 4.214167 0.000000 -0.045035 99.946641 -4.142053 -1.948762 -0.001029 
1491 4.165320 0.000000 -0.045035 99.944873 -4.161439 -1.714645 -0.000924 
1492 5.630731 0.000000 0.540419 99.734056 -7.256181 0.106283 0.000045 
1493 5.826119 0.000000 0.540419 99.735215 -7.248653 0.114304 0.000033 
1494 5.630731 0.000000 0.720558 99.740994 -7.156324 0.038806 0.000052 
1495 4.751484 0.000000 0.270209 99.684132 -7.927527 0.456149 0.000002 
1496 4.849178 0.000000 0.270209 99.687279 -7.889168 0.495225 -0.000004 
1497 4.751484 0.000000 0.360279 99.709566 -7.561601 0.200154 0.000078 
1498 5.142260 0.000000 -0.270209 99.716362 -7.500369 -1.107290 -0.000083 
1499 5.142260 0.000000 -0.360279 99.730019 -7.306840 -0.560376 0.000022 
1500 5.239954 0.000000 -0.270209 99.721759 -7.426351 -1.119115 -0.000083 
1501 5.337648 0.000000 -0.270209 99.726975 -7.354470 -1.123242 -0.000082 
1502 5.337648 0.000000 -0.360279 99.733596 -7.262724 -0.578690 0.000013 
1503 5.435343 0.000000 -0.270209 99.732010 -7.287603 -1.120689 -0.000084 
1504 3.383767 0.000000 -0.270209 99.682203 -7.771604 0.048715 0.000306 
1505 3.286073 0.000000 -0.270209 99.699446 -7.765147 0.106073 -0.000029 
1506 3.383767 0.000000 -0.360279 99.703896 -7.491111 -0.222873 0.000297 
1507 3.383767 0.000000 0.270209 99.667847 -7.884102 -0.270446 0.000409 
1508 3.286073 0.000000 0.270209 99.666935 -7.897580 -0.257845 0.000406 
1509 3.383767 0.000000 0.360279 99.687812 -7.596494 -0.059480 0.000463 
1510 3.188379 0.000000 0.270209 99.665556 -7.866188 -0.266993 0.000483 
1511 3.090685 0.000000 0.270209 99.667288 -7.816693 -0.275855 0.000525 
1512 3.188379 0.000000 0.360279 99.676809 -7.645634 -0.045989 0.000608 
1513 2.992991 0.000000 0.270209 99.670314 -7.719822 -0.254364 0.000617 
1514 2.895297 0.000000 0.270209 99.674138 -7.691504 -0.242830 0.000585 
1515 2.992991 0.000000 0.360279 99.670660 -7.570540 -0.043744 0.000844 
1516 3.921085 0.000000 -0.135105 99.896647 -4.824294 1.621517 -0.000524 
1517 3.921085 0.000000 -0.180140 100.089511 -2.071214 6.058765 -0.005891 
1518 3.969932 0.000000 -0.135105 99.897161 -4.824704 1.588541 -0.000524 
1519 3.725696 0.000000 0.045035 100.001473 -3.257779 -1.337873 -0.001270 
1520 3.676849 0.000000 0.045035 99.997102 -3.305318 -1.452712 -0.001246 
1521 3.725696 0.000000 0.090070 99.902704 -4.666780 -2.250984 -0.000740 
1522 4.604943 0.000000 0.135105 99.784059 -6.491351 3.445275 -0.001087 
1523 4.653790 0.000000 0.135105 99.787587 -6.444779 3.207150 -0.000938 
1524 4.604943 0.000000 0.180140 99.619989 -8.836183 2.154501 -0.000686 
1525 4.946872 0.000000 0.270209 99.690771 -7.848687 0.526958 -0.000013 
1526 5.044566 0.000000 0.270209 99.694023 -7.807200 0.556148 -0.000016 
1527 4.946872 0.000000 0.360279 99.712302 -7.539762 0.231162 0.000056 
1528 5.142260 0.000000 0.270209 99.697280 -7.765130 0.580579 -0.000018 
1529 5.239954 0.000000 0.270209 99.700486 -7.723257 0.600659 -0.000020 
1530 5.142260 0.000000 0.360279 99.714723 -7.514816 0.261526 0.000043 
1531 3.188379 0.000000 -0.270209 99.708766 -7.718830 0.124772 -0.000143 
1532 3.090685 0.000000 -0.270209 99.717068 -7.660720 0.121007 -0.000220 
1533 3.188379 0.000000 -0.360279 99.722209 -7.536526 -0.151439 -0.000134 
1534 2.992991 0.000000 -0.270209 99.737766 -7.562379 0.128810 -0.000483 
1535 2.895297 0.000000 -0.270209 99.735616 -7.537498 0.034910 -0.000401 
1536 2.992991 0.000000 -0.360279 99.741790 -7.467824 -0.112610 -0.000421 
1 11 62 60 61 
2 62 10 24 60 
3 60 24 14 63 
4 61 60 63 6 
5 24 66 64 65 
6 66 23 40 64 
7 64 40 27 67 
8 65 64 67 14 
9 40 70 68 69 
10 69 68 71 27 
11 6 63 92 93 
12 63 14 36 92 
13 92 36 19 94 
14 93 92 94 20 
15 14 67 95 96 
16 67 27 52 95 
17 95 52 35 97 
18 96 95 97 36 
19 27 71 98 99 
20 99 98 100 52 
21 68 112 110 111 
22 112 56 80 110 
23 110 80 43 113 
24 111 110 113 71 
25 80 116 114 115 
26 115 114 117 43 
27 71 113 133 134 
28 113 43 102 133 
29 133 102 76 135 
30 134 133 135 98 
31 43 117 136 137 
32 137 136 138 102 
33 114 141 139 140 
34 141 106 129 139 
35 139 129 83 142 
36 140 139 142 117 
37 129 149 147 148 
38 147 150 132 151 
39 148 147 151 83 
40 117 142 152 153 
41 142 83 144 152 
42 152 144 125 154 
43 153 152 154 136 
44 83 151 155 156 
45 151 132 157 155 
46 156 155 158 144 
47 12 161 159 160 
48 161 7 162 159 
49 159 162 13 25 
50 160 159 25 10 
51 25 165 163 164 
52 165 13 166 163 
53 163 166 26 41 
54 164 163 41 23 
55 41 169 167 168 
56 169 26 170 167 
57 167 170 42 57 
58 168 167 57 39 
59 39 173 171 172 
60 173 57 174 171 
61 171 174 55 81 
62 172 171 81 56 
63 81 177 175 176 
64 177 55 178 175 
65 175 178 82 107 
66 176 175 107 79 
67 79 181 179 180 
68 181 107 182 179 
69 179 182 105 130 
70 180 179 130 106 
71 106 185 183 184 
72 185 130 186 183 
73 184 183 149 129 
74 195 197 109 198 
75 150 195 198 132 
76 149 201 199 200 
77 201 128 202 199 
78 199 202 150 203 
79 200 199 203 147 
80 132 198 210 157 
81 198 109 211 210 
82 19 38 213 214 
83 38 21 215 213 
84 213 215 9 216 
85 214 213 216 22 
86 35 54 217 218 
87 54 37 219 217 
88 217 219 21 220 
89 218 217 220 38 
90 51 78 221 222 
91 78 53 223 221 
92 221 223 37 224 
93 222 221 224 54 
94 76 104 225 226 
95 104 75 227 225 
96 225 227 78 228 
97 226 225 228 51 
98 101 127 229 230 
99 127 103 231 229 
100 229 231 75 232 
101 230 229 232 104 
102 125 146 233 234 
103 146 124 235 233 
104 233 235 127 236 
105 234 233 236 101 
106 144 158 237 238 
107 237 239 146 240 
108 238 237 240 125 
109 155 243 241 242 
110 243 157 244 241 
111 241 244 143 245 
112 242 241 245 158 
113 130 247 246 186 
114 247 105 248 246 
115 249 251 195 252 
116 202 249 252 150 
117 186 255 253 254 
118 255 246 256 253 
119 253 256 196 250 
120 254 253 250 128 
121 128 259 257 258 
122 259 250 260 257 
123 257 260 249 261 
124 258 257 261 202 
125 262 263 124 264 
126 239 262 264 146 
127 157 266 265 244 
128 266 210 267 265 
129 143 268 269 270 
130 268 212 271 269 
131 269 271 262 272 
132 270 269 272 239 
133 244 275 273 274 
134 275 265 276 273 
135 273 276 268 277 
136 274 273 277 143 
137 278 280 194 281 
138 197 278 281 109 
139 283 131 284 282 
140 282 284 197 285 
141 251 282 285 195 
142 107 287 286 182 
143 287 82 288 286 
144 286 288 108 192 
145 182 286 192 105 
146 105 290 289 248 
147 290 192 291 289 
148 246 293 292 256 
149 293 248 294 292 
150 292 294 131 283 
151 256 292 283 196 
152 196 297 295 296 
153 297 283 298 295 
154 295 298 282 299 
155 296 295 299 251 
156 109 281 300 211 
157 281 194 301 300 
158 210 304 303 267 
159 304 211 305 303 
160 303 305 145 306 
161 124 209 307 235 
162 209 126 308 307 
163 307 308 103 309 
164 235 307 309 127 
165 310 311 209 312 
166 263 310 312 124 
167 212 306 313 271 
168 306 145 314 313 
169 313 314 263 315 
170 271 313 315 262 
171 267 318 316 317 
172 318 303 319 316 
173 316 319 306 320 
174 317 316 320 212 
175 248 322 321 294 
176 322 289 323 321 
177 294 321 324 131 
178 192 330 329 291 
179 330 108 331 329 
180 289 334 333 323 
181 334 291 335 333 
182 333 335 191 336 
183 323 333 336 279 
184 131 324 337 284 
185 324 279 338 337 
186 337 338 278 339 
187 284 337 339 197 
188 321 342 340 341 
189 342 323 343 340 
190 340 343 279 344 
191 341 340 344 324 
192 145 346 345 314 
193 345 347 310 348 
194 314 345 348 263 
195 211 350 349 305 
196 350 300 351 349 
197 349 351 302 346 
198 305 349 346 145 
199 355 357 126 358 
200 311 355 358 209 
201 302 360 359 347 
202 360 207 361 359 
203 359 361 311 362 
204 347 359 362 310 
205 346 365 363 364 
206 365 302 366 363 
207 363 366 347 367 
208 364 363 367 345 
209 368 369 59 370 
210 280 368 370 194 
211 291 372 371 335 
212 372 329 373 371 
213 371 373 332 374 
214 191 374 375 376 
215 374 332 377 375 
216 375 377 368 378 
217 376 375 378 280 
218 335 381 379 380 
219 381 371 382 379 
220 379 382 374 383 
221 380 379 383 191 
222 194 370 384 301 
223 370 59 385 384 
224 387 356 388 386 
225 386 388 355 389 
226 361 386 389 311 
227 301 392 390 391 
228 392 384 393 390 
229 390 393 356 387 
230 391 390 387 207 
231 207 396 394 395 
232 396 387 397 394 
233 394 397 386 398 
234 395 394 398 361 
235 57 400 399 174 
236 400 42 401 399 
237 399 401 58 89 
238 174 399 89 55 
239 55 403 402 178 
240 403 89 404 402 
241 402 404 88 188 
242 178 402 188 82 
243 82 406 405 288 
244 406 188 407 405 
245 405 407 187 326 
246 288 405 326 108 
247 108 409 408 331 
248 409 326 410 408 
249 329 413 412 373 
250 413 331 414 412 
251 373 412 415 332 
252 75 123 416 227 
253 123 77 417 416 
254 416 417 53 418 
255 227 416 418 78 
256 103 206 419 231 
257 206 121 420 419 
258 419 420 123 421 
259 231 419 421 75 
260 126 354 422 308 
261 354 204 423 422 
262 422 423 206 424 
263 308 422 424 103 
264 425 427 354 428 
265 357 425 428 126 
266 356 430 429 388 
267 429 431 357 432 
268 388 429 432 355 
269 433 434 328 435 
270 369 433 435 59 
271 331 437 436 414 
272 437 408 438 436 
273 332 415 440 377 
274 415 193 441 440 
275 440 441 369 442 
276 377 440 442 368 
277 412 445 443 444 
278 445 414 446 443 
279 443 446 193 447 
280 444 443 447 415 
281 59 435 448 385 
282 435 328 449 448 
283 384 451 450 393 
284 451 385 452 450 
285 450 452 208 430 
286 393 450 430 356 
287 453 455 425 456 
288 431 453 456 357 
289 430 459 457 458 
290 459 208 460 457 
291 457 460 431 461 
292 458 457 461 429 
293 88 467 466 189 
294 467 90 468 466 
295 466 468 5 469 
296 189 466 469 91 
297 187 471 470 327 
298 471 189 472 470 
299 470 472 91 473 
300 327 470 473 190 
301 326 475 474 410 
302 475 187 476 474 
303 474 476 327 477 
304 410 474 477 325 
305 408 479 478 438 
306 479 410 480 478 
307 478 480 325 481 
308 438 478 481 411 
309 193 439 482 441 
310 439 411 483 482 
311 482 483 433 484 
312 441 482 484 369 
313 436 487 485 486 
314 487 438 488 485 
315 485 488 411 489 
316 486 485 489 439 
317 385 491 490 452 
318 491 448 492 490 
319 490 492 426 454 
320 452 490 454 208 
321 91 469 496 205 
322 469 5 497 496 
323 496 497 122 498 
324 205 496 498 121 
325 190 473 499 353 
326 473 91 500 499 
327 499 500 205 501 
328 353 499 501 204 
329 352 503 502 427 
330 503 353 504 502 
331 502 504 204 505 
332 427 502 505 354 
333 426 507 506 455 
334 507 352 508 506 
335 506 508 427 509 
336 455 506 509 425 
337 454 512 510 511 
338 512 426 513 510 
339 510 513 455 514 
340 511 510 514 453 
341 468 524 522 523 
342 522 525 518 526 
343 523 522 526 5 
344 5 526 527 528 
345 526 518 529 527 
346 528 527 530 497 
347 7 532 531 162 
348 532 16 533 531 
349 531 533 15 32 
350 162 531 32 13 
351 13 535 534 166 
352 535 32 536 534 
353 534 536 31 48 
354 166 534 48 26 
355 26 538 537 170 
356 538 48 539 537 
357 537 539 47 85 
358 170 537 85 42 
359 42 541 540 401 
360 541 85 542 540 
361 540 542 84 463 
362 401 540 463 58 
363 58 545 543 544 
364 545 463 546 543 
365 543 546 462 516 
366 544 543 516 90 
367 90 549 547 548 
368 549 516 550 547 
369 547 550 515 524 
370 548 547 524 468 
371 552 17 553 551 
372 551 553 8 554 
373 462 568 567 517 
374 568 464 569 567 
375 567 569 87 570 
376 517 567 570 465 
377 515 572 571 525 
378 572 517 573 571 
379 571 573 465 574 
380 525 571 574 518 
381 524 577 575 576 
382 577 515 578 575 
383 575 578 525 579 
384 576 575 579 522 
385 554 8 581 580 
386 580 581 29 582 
387 465 570 592 520 
388 570 87 593 592 
389 592 593 494 594 
390 520 592 594 493 
391 518 574 595 529 
392 574 465 596 595 
393 595 596 520 597 
394 529 595 597 519 
395 21 46 598 215 
396 46 28 599 598 
397 598 599 30 600 
398 215 598 600 9 
399 37 74 601 219 
400 74 44 602 601 
401 601 602 46 603 
402 219 601 603 21 
403 53 120 604 223 
404 120 72 605 604 
405 604 605 74 606 
406 223 604 606 37 
407 77 495 607 417 
408 495 118 608 607 
409 607 608 120 609 
410 417 607 609 53 
411 122 521 610 611 
412 521 493 612 610 
413 610 612 495 613 
414 611 610 613 77 
415 497 530 614 615 
416 530 519 616 614 
417 614 616 521 617 
418 615 614 617 122 
419 527 620 618 619 
420 620 529 621 618 
421 618 621 519 622 
422 619 618 622 530 
423 569 632 630 631 
424 631 630 634 87 
425 87 634 635 636 
426 636 635 638 593 
427 85 640 639 542 
428 640 47 641 639 
429 639 641 86 564 
430 542 639 564 84 
431 84 644 642 643 
432 644 564 645 642 
433 642 645 563 624 
434 643 642 624 464 
435 464 648 646 647 
436 648 624 649 646 
437 646 649 623 632 
438 647 646 632 569 
439 655 565 656 654 
440 654 656 50 657 
441 632 664 662 663 
442 664 623 665 662 
443 663 662 666 630 
444 657 50 671 670 
445 670 671 590 672 
446 118 591 676 608 
447 591 119 677 676 
448 676 677 72 678 
449 608 676 678 120 
450 494 629 679 680 
451 629 589 681 679 
452 679 681 591 682 
453 680 679 682 118 
454 593 638 683 684 
455 638 627 685 683 
456 683 685 629 686 
457 684 683 686 494 
458 635 689 687 688 
459 687 690 627 691 
460 688 687 691 638 
461 624 693 692 649 
462 693 563 694 692 
463 692 694 625 659 
464 649 692 659 623 
465 623 696 695 665 
466 696 659 697 695 
467 630 666 699 700 
468 699 701 626 702 
469 700 699 702 634 
470 662 705 703 704 
471 705 665 706 703 
472 704 703 707 666 
473 634 702 708 709 
474 702 626 710 708 
475 709 708 689 635 
476 627 675 711 685 
477 675 628 712 711 
478 711 712 589 713 
479 685 711 713 629 
480 714 716 675 717 
481 690 714 717 627 
482 689 720 718 719 
483 718 721 690 722 
484 719 718 722 687 
485 723 724 661 725 
486 701 723 725 626 
487 665 727 726 706 
488 727 695 728 726 
489 666 707 730 731 
490 707 633 732 730 
491 730 732 701 733 
492 731 730 733 699 
493 703 736 734 735 
494 736 706 737 734 
495 734 737 633 738 
496 735 734 738 707 
497 626 725 739 710 
498 725 661 740 739 
499 708 743 741 742 
500 743 710 744 741 
501 741 744 637 720 
502 742 741 720 689 
503 745 747 714 748 
504 721 745 748 690 
505 720 751 749 750 
506 751 637 752 749 
507 749 752 721 753 
508 750 749 753 718 
509 633 729 754 732 
510 729 698 755 754 
511 754 755 723 756 
512 732 754 756 701 
513 706 758 757 737 
514 758 726 759 757 
515 757 759 729 760 
516 737 757 760 633 
517 710 762 761 744 
518 762 739 763 761 
519 761 763 715 746 
520 744 761 746 637 
521 637 765 764 752 
522 765 746 766 764 
523 764 766 745 767 
524 752 764 767 721 
525 769 654 770 768 
526 768 770 657 771 
527 659 773 772 697 
528 773 625 774 772 
529 695 777 776 728 
530 777 697 778 776 
531 776 778 658 779 
532 726 781 780 759 
533 781 728 782 780 
534 780 782 698 783 
535 759 780 783 729 
536 771 657 785 784 
537 784 785 670 786 
538 787 789 628 790 
539 716 787 790 675 
540 792 673 793 791 
541 791 793 716 794 
542 747 791 794 714 
543 746 796 795 766 
544 796 715 797 795 
545 795 797 747 798 
546 766 795 798 745 
547 799 800 566 801 
548 724 799 801 661 
549 698 779 802 755 
550 779 658 803 802 
551 802 803 724 804 
552 755 802 804 723 
553 728 806 805 782 
554 806 776 807 805 
555 805 807 779 808 
556 782 805 808 698 
557 661 801 809 740 
558 801 566 810 809 
559 739 812 811 763 
560 812 740 813 811 
561 811 813 673 792 
562 763 811 792 715 
563 715 815 814 797 
564 815 792 816 814 
565 814 816 791 817 
566 797 814 817 747 
567 818 820 799 821 
568 803 818 821 724 
569 697 823 822 778 
570 823 772 824 822 
571 822 824 775 819 
572 778 822 819 658 
573 658 827 825 826 
574 827 819 828 825 
575 825 828 818 829 
576 826 825 829 803 
577 740 831 830 813 
578 831 809 832 830 
579 673 833 834 793 
580 833 788 835 834 
581 834 835 787 836 
582 793 834 836 716 
583 813 839 837 838 
584 839 830 840 837 
585 837 840 833 841 
586 838 837 841 673 
587 660 843 842 800 
588 843 768 844 842 
589 842 844 771 845 
590 800 842 845 566 
591 775 847 846 820 
592 847 660 848 846 
593 846 848 800 849 
594 820 846 849 799 
595 819 851 850 828 
596 851 775 852 850 
597 850 852 820 853 
598 828 850 853 818 
599 566 845 854 810 
600 845 771 855 854 
601 854 855 784 856 
602 810 854 856 674 
603 809 858 857 832 
604 858 810 859 857 
605 857 859 674 860 
606 832 857 860 788 
607 830 862 861 840 
608 862 832 863 861 
609 861 863 788 864 
610 840 861 864 833 
611 888 913 911 912 
612 912 911 915 891 
613 33 917 916 557 
614 917 551 918 916 
615 916 918 554 919 
616 557 916 919 18 
617 921 557 922 920 
618 920 922 18 923 
619 18 919 932 584 
620 919 554 933 932 
621 932 933 580 934 
622 584 932 934 45 
623 923 18 936 935 
624 935 936 584 937 
625 906 947 945 946 
626 947 928 948 945 
627 945 948 931 949 
628 946 945 949 887 
629 928 955 954 948 
630 955 930 956 954 
631 954 956 868 957 
632 948 954 957 931 
633 867 959 958 926 
634 959 920 960 958 
635 958 960 923 961 
636 926 958 961 558 
637 924 963 962 952 
638 963 926 964 962 
639 962 964 558 965 
640 952 962 965 927 
641 966 967 938 968 
642 950 971 969 970 
643 971 952 972 969 
644 969 972 927 973 
645 970 969 973 953 
646 565 979 978 656 
647 656 978 980 50 
648 975 986 984 985 
649 986 974 987 984 
650 984 987 977 988 
651 50 980 989 671 
652 671 989 990 590 
653 978 993 991 992 
654 993 975 985 991 
655 991 985 653 994 
656 992 991 994 980 
657 653 988 995 996 
658 988 977 997 995 
659 995 997 981 998 
660 996 995 998 982 
661 985 1001 999 1000 
662 1001 984 1002 999 
663 999 1002 988 1003 
664 1000 999 1003 653 
665 1005 888 912 1004 
666 1004 912 891 1006 
667 1007 1009 894 1010 
668 1008 1007 1010 892 
669 1013 899 1014 1011 
670 1011 1014 872 1015 
671 1012 1011 1015 900 
672 880 1018 1016 1017 
673 1018 879 897 1016 
674 1016 897 883 1019 
675 1017 1016 1019 562 
676 897 1022 1020 1021 
677 1022 896 1012 1020 
678 1020 1012 900 1023 
679 1021 1020 1023 883 
680 48 1025 1024 539 
681 1025 31 1026 1024 
682 1024 1026 49 560 
683 539 1024 560 47 
684 560 1029 1027 1028 
685 1029 49 1030 1027 
686 1027 1030 561 870 
687 1028 1027 870 559 
688 559 1033 1031 1032 
689 1033 870 1034 1031 
690 1031 1034 869 881 
691 1032 1031 881 652 
692 881 1037 1035 1036 
693 1037 869 1038 1035 
694 1035 1038 882 898 
695 1036 1035 898 879 
696 898 1041 1039 1040 
697 1041 882 1042 1039 
698 1039 1042 899 1013 
699 1040 1039 1013 896 
700 896 1045 1043 1044 
701 1045 1013 1046 1043 
702 1043 1046 1011 1047 
703 1044 1043 1047 1012 
704 32 1055 1054 536 
705 1055 15 1056 1054 
706 1054 1056 33 556 
707 536 1054 556 31 
708 31 1058 1057 1026 
709 1058 556 1059 1057 
710 1057 1059 555 866 
711 1026 1057 866 49 
712 49 1061 1060 1030 
713 1061 866 1062 1060 
714 1060 1062 865 885 
715 1030 1060 885 561 
716 561 1065 1063 1064 
717 1065 885 1066 1063 
718 1063 1066 884 905 
719 1064 1063 905 871 
720 871 1069 1067 1068 
721 1069 905 1070 1067 
722 1051 1076 1074 1075 
723 1076 904 1077 1074 
724 1074 1077 1052 1078 
725 1075 1074 1078 1050 
726 905 1080 1079 1070 
727 1080 884 1081 1079 
728 1070 1088 1086 1087 
729 1088 1079 1089 1086 
730 1086 1089 1072 1083 
731 1087 1086 1083 904 
732 1072 1091 1090 1084 
733 1091 906 1092 1090 
734 1090 1092 946 1093 
735 1084 1090 1093 1071 
736 1083 1096 1094 1095 
737 1096 1072 1097 1094 
738 1094 1097 1084 1098 
739 904 1101 1099 1100 
740 1101 1083 1095 1099 
741 1099 1095 1082 1102 
742 1100 1099 1102 1077 
743 1052 1085 1107 1108 
744 1085 1071 1109 1107 
745 1107 1109 1073 1110 
746 1108 1107 1110 907 
747 1082 1098 1111 1112 
748 1098 1084 1113 1111 
749 1111 1113 1071 1114 
750 1112 1111 1114 1085 
751 1095 1117 1115 1116 
752 1117 1094 1118 1115 
753 1115 1118 1098 1119 
754 1116 1115 1119 1082 
755 870 1121 1120 1034 
756 1121 561 1064 1120 
757 1120 1064 871 889 
758 1034 1120 889 869 
759 889 1124 1122 1123 
760 1124 871 1068 1122 
761 1123 1122 913 888 
762 913 1127 1125 1126 
763 1127 890 1128 1125 
764 1125 1128 914 1129 
765 1126 1125 1129 911 
766 1006 891 1131 1130 
767 1130 1131 908 1132 
768 1009 1130 1132 894 
769 872 1135 1133 1134 
770 1135 1006 1136 1133 
771 1133 1136 1130 1137 
772 1134 1133 1137 1009 
773 891 915 1141 1131 
774 1131 1141 1142 908 
775 44 585 1143 602 
776 585 45 1144 1143 
777 1143 1144 28 1145 
778 602 1143 1145 46 
779 73 875 1146 1147 
780 875 583 1148 1146 
781 1146 1148 585 1149 
782 1147 1146 1149 44 
783 587 903 1150 1151 
784 903 873 1152 1150 
785 1150 1152 875 1153 
786 1151 1150 1153 73 
787 877 1049 1154 1155 
788 1049 901 1156 1154 
789 1154 1156 903 1157 
790 1155 1154 1157 587 
791 909 1140 1158 1159 
792 1140 1048 1160 1158 
793 1158 1160 1049 1161 
794 1159 1158 1161 877 
795 1162 1165 1140 1166 
796 1163 1162 1166 909 
797 34 1169 1167 1168 
798 1169 1053 1170 1167 
799 1138 1172 1171 1165 
800 1172 1104 1173 1171 
801 1171 1173 1048 1174 
802 1165 1171 1174 1140 
803 1177 1138 1178 1175 
804 1175 1178 1165 1179 
805 1176 1175 1179 1162 
806 72 588 1180 605 
807 588 73 1147 1180 
808 1180 1147 44 1181 
809 605 1180 1181 74 
810 586 878 1182 1183 
811 878 587 1151 1182 
812 1182 1151 73 1184 
813 1183 1182 1184 588 
814 876 910 1185 1186 
815 910 877 1155 1185 
816 1185 1155 587 1187 
817 1186 1185 1187 878 
818 908 1142 1188 1189 
819 1142 909 1159 1188 
820 1188 1159 877 1190 
821 1189 1188 1190 910 
822 1141 1193 1191 1192 
823 1193 1139 1163 1191 
824 1191 1163 909 1194 
825 1192 1191 1194 1142 
826 1139 1197 1195 1196 
827 1197 1164 1176 1195 
828 1195 1176 1162 1198 
829 1196 1195 1198 1163 
830 1053 1200 1199 1170 
831 1200 907 1201 1199 
832 1199 1201 1104 1172 
833 1170 1199 1172 1138 
834 1167 1204 1202 1203 
835 1204 1170 1205 1202 
836 1202 1205 1138 1177 
837 1203 1202 1177 1164 
838 1164 1208 1206 1207 
839 1208 1177 1209 1206 
840 1206 1209 1175 1210 
841 1207 1206 1210 1176 
842 1 1213 1211 1212 
843 1213 12 160 1211 
844 1211 160 10 62 
845 1212 1211 62 11 
846 16 1215 1214 533 
847 1215 2 1216 1214 
848 1214 1216 17 552 
849 533 1214 552 15 
850 20 94 1217 1218 
851 94 19 214 1217 
852 1217 214 22 1219 
853 1218 1217 1219 4 
854 10 1222 1220 1221 
855 1222 25 164 1220 
856 1220 164 23 66 
857 1221 1220 66 24 
858 28 582 1223 599 
859 582 29 1224 1223 
860 1223 1224 3 1225 
861 599 1223 1225 30 
862 36 97 1226 1227 
863 97 35 218 1226 
864 1226 218 38 1228 
865 1227 1226 1228 19 
866 23 1231 1229 1230 
867 1231 41 168 1229 
868 1229 168 39 70 
869 1230 1229 70 40 
870 52 100 1232 1233 
871 100 51 222 1232 
872 1232 222 54 1234 
873 1233 1232 1234 35 
874 70 1237 1235 1236 
875 1237 39 172 1235 
876 1235 172 56 112 
877 1236 1235 112 68 
878 56 1240 1238 1239 
879 1240 81 176 1238 
880 1238 176 79 116 
881 1239 1238 116 80 
882 89 1242 1241 404 
883 1242 58 544 1241 
884 1241 544 90 467 
885 404 1241 467 88 
886 98 135 1243 1244 
887 135 76 226 1243 
888 1243 226 51 1245 
889 1244 1243 1245 100 
890 102 138 1246 1247 
891 138 101 230 1246 
892 1246 230 104 1248 
893 1247 1246 1248 76 
894 116 1251 1249 1250 
895 1251 79 180 1249 
896 1249 180 106 141 
897 1250 1249 141 114 
898 121 498 1252 420 
899 498 122 611 1252 
900 1252 611 77 1253 
901 420 1252 1253 123 
902 136 154 1254 1255 
903 154 125 234 1254 
904 1254 234 101 1256 
905 1255 1254 1256 138 
906 183 1259 1257 1258 
907 1259 186 254 1257 
908 1257 254 128 201 
909 1258 1257 201 149 
910 188 1261 1260 407 
911 1261 88 1262 1260 
912 1260 1262 189 471 
913 407 1260 471 187 
914 204 501 1263 423 
915 501 205 1264 1263 
916 1263 1264 121 1265 
917 423 1263 1265 206 
918 158 245 1266 1267 
919 245 143 270 1266 
920 1266 270 239 1268 
921 1267 1266 1268 237 
922 250 1270 1269 260 
923 1270 196 296 1269 
924 1269 296 251 1271 
925 260 1269 1271 249 
926 265 1273 1272 276 
927 1273 267 317 1272 
928 1272 317 212 1274 
929 276 1272 1274 268 
930 279 336 1275 338 
931 336 191 376 1275 
932 1275 376 280 1276 
933 338 1275 1276 278 
934 300 1278 1277 351 
935 1278 301 391 1277 
936 1277 391 207 360 
937 351 1277 360 302 
938 325 477 1279 434 
939 477 327 1280 1279 
940 1279 1280 190 1281 
941 434 1279 1281 328 
942 328 1281 1282 449 
943 1281 190 1283 1282 
944 1282 1283 353 503 
945 449 1282 503 352 
946 411 481 1284 483 
947 481 325 1285 1284 
948 1284 1285 434 1286 
949 483 1284 1286 433 
950 414 1288 1287 446 
951 1288 436 486 1287 
952 1287 486 439 1289 
953 446 1287 1289 193 
954 448 1291 1290 492 
955 1291 449 1292 1290 
956 1290 1292 352 507 
957 492 1290 507 426 
958 208 1294 1293 460 
959 1294 454 511 1293 
960 1293 511 453 1295 
961 460 1293 1295 431 
962 463 1297 1296 546 
963 1297 84 643 1296 
964 1296 643 464 568 
965 546 1296 568 462 
966 493 594 1298 612 
967 594 494 680 1298 
968 1298 680 118 1299 
969 612 1298 1299 495 
970 516 1301 1300 550 
971 1301 462 1302 1300 
972 1300 1302 517 572 
973 550 1300 572 515 
974 519 597 1303 616 
975 597 520 1304 1303 
976 1303 1304 493 1305 
977 616 1303 1305 521 
978 15 1307 1306 1056 
979 1307 552 1308 1306 
980 1306 1308 551 917 
981 1056 1306 917 33 
982 556 1310 1309 1059 
983 1310 33 1311 1309 
984 1309 1311 557 921 
985 1059 1309 921 555 
986 47 1313 1312 641 
987 1313 560 1028 1312 
988 1312 1028 559 651 
989 641 1312 651 86 
990 564 1315 1314 645 
991 1315 86 1316 1314 
992 1314 1316 565 655 
993 645 1314 655 563 
994 45 934 1317 1144 
995 934 580 1318 1317 
996 1317 1318 582 1319 
997 1144 1317 1319 28 
998 583 937 1320 1148 
999 937 584 1321 1320 
1000 1320 1321 45 1322 
1001 1148 1320 1322 585 
1002 119 669 1323 677 
1003 669 586 1183 1323 
1004 1323 1183 588 1324 
1005 677 1323 1324 72 
1006 589 672 1325 681 
1007 672 590 1326 1325 
1008 1325 1326 119 1327 
1009 681 1325 1327 591 
1010 86 1329 1328 1316 
1011 1329 651 1330 1328 
1012 1328 1330 650 979 
1013 1316 1328 979 565 
1014 651 1332 1331 1330 
1015 1332 559 1032 1331 
1016 1331 1032 652 976 
1017 1330 1331 976 650 
1018 563 1334 1333 694 
1019 1334 655 1335 1333 
1020 1333 1335 654 769 
1021 694 1333 769 625 
1022 590 990 1336 1326 
1023 990 667 1337 1336 
1024 1336 1337 669 1338 
1025 1326 1336 1338 119 
1026 628 786 1339 712 
1027 786 670 1340 1339 
1028 1339 1340 672 1341 
1029 712 1339 1341 589 
1030 625 1343 1342 774 
1031 1343 769 1344 1342 
1032 1342 1344 768 843 
1033 774 1342 843 660 
1034 772 1346 1345 824 
1035 1346 774 1347 1345 
1036 1345 1347 660 847 
1037 824 1345 847 775 
1038 674 856 1348 789 
1039 856 784 1349 1348 
1040 1348 1349 786 1350 
1041 789 1348 1350 628 
1042 788 860 1351 835 
1043 860 674 1352 1351 
1044 1351 1352 789 1353 
1045 835 1351 1353 787 
1046 866 1355 1354 1062 
1047 1355 555 1356 1354 
1048 1354 1356 867 925 
1049 1062 1354 925 865 
1050 873 940 1357 1152 
1051 940 874 1358 1357 
1052 1357 1358 583 1359 
1053 1152 1357 1359 875 
1054 668 895 1360 1361 
1055 895 876 1186 1360 
1056 1360 1186 878 1362 
1057 1361 1360 1362 586 
1058 652 1365 1363 1364 
1059 1365 881 1036 1363 
1060 1363 1036 879 1018 
1061 1364 1363 1018 880 
1062 885 1367 1366 1066 
1063 1367 865 1368 1366 
1064 1366 1368 886 929 
1065 1066 1366 929 884 
1066 869 1370 1369 1038 
1067 1370 889 1123 1369 
1068 1369 1123 888 1005 
1069 1038 1369 1005 882 
1070 562 1019 1371 1372 
1071 1019 883 1008 1371 
1072 1371 1008 892 1373 
1073 1372 1371 1373 893 
1074 879 1376 1374 1375 
1075 1376 898 1040 1374 
1076 1374 1040 896 1022 
1077 1375 1374 1022 897 
1078 901 944 1377 1156 
1079 944 902 1378 1377 
1080 1377 1378 873 1379 
1081 1156 1377 1379 903 
1082 894 1132 1380 1381 
1083 1132 908 1189 1380 
1084 1380 1189 910 1382 
1085 1381 1380 1382 876 
1086 555 1384 1383 1356 
1087 1384 921 1385 1383 
1088 1383 1385 920 959 
1089 1356 1383 959 867 
1090 865 1387 1386 1368 
1091 1387 925 1388 1386 
1092 1386 1388 924 951 
1093 1368 1386 951 886 
1094 925 1390 1389 1388 
1095 1390 867 1391 1389 
1096 1389 1391 926 963 
1097 1388 1389 963 924 
1098 884 1393 1392 1081 
1099 1393 929 1394 1392 
1100 1392 1394 928 947 
1101 1081 1392 947 906 
1102 929 1396 1395 1394 
1103 1396 886 1397 1395 
1104 1395 1397 930 955 
1105 1394 1395 955 928 
1106 558 961 1398 939 
1107 961 923 1399 1398 
1108 1398 1399 935 1400 
1109 939 1398 1400 874 
1110 874 1400 1401 1358 
1111 1400 935 1402 1401 
1112 1401 1402 937 1403 
1113 1358 1401 1403 583 
1114 927 965 1404 967 
1115 965 558 1405 1404 
1116 1404 1405 939 1406 
1117 967 1404 1406 938 
1118 902 968 1407 1378 
1119 968 938 1408 1407 
1120 1407 1408 940 1409 
1121 1378 1407 1409 873 
1122 887 949 1410 1105 
1123 949 931 1411 1410 
1124 1410 1411 941 1412 
1125 1105 1410 1412 942 
1126 931 957 1413 1411 
1127 957 868 1414 1413 
1128 1413 1414 943 1415 
1129 1411 1413 1415 941 
1130 930 1417 1416 956 
1131 1417 950 970 1416 
1132 1416 970 953 1418 
1133 956 1416 1418 868 
1134 868 1418 1419 1414 
1135 1418 953 1420 1419 
1136 1419 1420 966 1421 
1137 1414 1419 1421 943 
1138 953 973 1422 1420 
1139 973 927 1423 1422 
1140 1422 1423 967 1424 
1141 1420 1422 1424 966 
1142 974 1426 1425 987 
1143 1426 880 1017 1425 
1144 1425 1017 562 1427 
1145 987 1425 1427 977 
1146 977 1427 1428 997 
1147 1427 562 1372 1428 
1148 1428 1372 893 1429 
1149 997 1428 1429 981 
1150 980 994 1430 1431 
1151 994 653 996 1430 
1152 1430 996 982 1432 
1153 1431 1430 1432 989 
1154 899 1434 1433 1014 
1155 1434 1004 1435 1433 
1156 1433 1435 1006 1135 
1157 1014 1433 1135 872 
1158 900 1015 1436 1437 
1159 1015 872 1134 1436 
1160 1436 1134 1009 1438 
1161 1437 1436 1438 1007 
1162 1048 1106 1439 1160 
1163 1106 942 1440 1439 
1164 1439 1440 901 1441 
1165 1160 1439 1441 1049 
1166 890 1443 1442 1128 
1167 1443 1051 1075 1442 
1168 1442 1075 1050 1444 
1169 1128 1442 1444 914 
1170 1050 1078 1445 1446 
1171 1078 1052 1108 1445 
1172 1445 1108 907 1200 
1173 1446 1445 1200 1053 
1174 914 1444 1447 1448 
1175 1444 1050 1446 1447 
1176 1447 1446 1053 1169 
1177 1448 1447 1169 34 
1178 1067 1451 1449 1450 
1179 1451 1070 1087 1449 
1180 1449 1087 904 1076 
1181 1450 1449 1076 1051 
1182 1068 1454 1452 1453 
1183 1454 1067 1450 1452 
1184 1452 1450 1051 1443 
1185 1453 1452 1443 890 
1186 1071 1093 1455 1109 
1187 1093 946 1456 1455 
1188 1455 1456 887 1457 
1189 1109 1455 1457 1073 
1190 1079 1459 1458 1089 
1191 1459 1081 1460 1458 
1192 1458 1460 906 1091 
1193 1089 1458 1091 1072 
1194 1077 1102 1461 1462 
1195 1102 1082 1112 1461 
1196 1461 1112 1085 1463 
1197 1462 1461 1463 1052 
1198 907 1110 1464 1201 
1199 1110 1073 1465 1464 
1200 1464 1465 1103 1466 
1201 1201 1464 1466 1104 
1202 1073 1457 1467 1465 
1203 1457 887 1468 1467 
1204 1467 1468 1105 1469 
1205 1465 1467 1469 1103 
1206 1104 1466 1470 1173 
1207 1466 1103 1471 1470 
1208 1470 1471 1106 1472 
1209 1173 1470 1472 1048 
1210 1122 1475 1473 1474 
1211 1475 1068 1453 1473 
1212 1473 1453 890 1127 
1213 1474 1473 1127 913 
1214 915 1478 1476 1477 
1215 1478 34 1168 1476 
1216 1476 1168 1139 1193 
1217 1477 1476 1193 1141 
1218 1168 1481 1479 1480 
1219 1481 1167 1203 1479 
1220 1479 1203 1164 1197 
1221 1480 1479 1197 1139 
1222 667 983 1482 1337 
1223 983 668 1361 1482 
1224 1482 1361 586 1483 
1225 1337 1482 1483 669 
1226 892 1010 1484 1485 
1227 1010 894 1381 1484 
1228 1484 1381 876 1486 
1229 1485 1484 1486 895 
1230 893 1373 1487 1488 
1231 1373 892 1485 1487 
1232 1487 1485 895 1489 
1233 1488 1487 1489 668 
1234 911 1129 1490 1491 
1235 1129 914 1448 1490 
1236 1490 1448 34 1478 
1237 1491 1490 1478 915 
1238 938 1406 1492 1408 
1239 1406 939 1493 1492 
1240 1492 1493 874 1494 
1241 1408 1492 1494 940 
1242 942 1412 1495 1440 
1243 1412 941 1496 1495 
1244 1495 1496 944 1497 
1245 1440 1495 1497 901 
1246 886 1499 1498 1397 
1247 1499 951 1500 1498 
1248 1498 1500 950 1417 
1249 1397 1498 1417 930 
1250 951 1502 1501 1500 
1251 1502 924 1503 1501 
1252 1501 1503 952 971 
1253 1500 1501 971 950 
1254 976 1506 1504 1505 
1255 1506 652 1364 1504 
1256 1504 1364 880 1426 
1257 1505 1504 1426 974 
1258 981 1429 1507 1508 
1259 1429 893 1488 1507 
1260 1507 1488 668 1509 
1261 1508 1507 1509 983 
1262 982 998 1510 1511 
1263 998 981 1508 1510 
1264 1510 1508 983 1512 
1265 1511 1510 1512 667 
1266 989 1432 1513 1514 
1267 1432 982 1511 1513 
1268 1513 1511 667 1515 
1269 1514 1513 1515 990 
1270 882 1517 1516 1042 
1271 1517 1005 1518 1516 
1272 1516 1518 1004 1434 
1273 1042 1516 1434 899 
1274 883 1023 1519 1520 
1275 1023 900 1437 1519 
1276 1519 1437 1007 1521 
1277 1520 1519 1521 1008 
1278 1103 1469 1522 1471 
1279 1469 1105 1523 1522 
1280 1522 1523 942 1524 
1281 1471 1522 1524 1106 
1282 941 1415 1525 1496 
1283 1415 943 1526 1525 
1284 1525 1526 902 1527 
1285 1496 1525 1527 944 
1286 943 1421 1528 1526 
1287 1421 966 1529 1528 
1288 1528 1529 968 1530 
1289 1526 1528 1530 902 
1290 650 1533 1531 1532 
1291 1533 976 1505 1531 
1292 1531 1505 974 986 
1293 1532 1531 986 975 
1294 979 1536 1534 1535 
1295 1536 650 1532 1534 
1296 1534 1532 975 993 
1297 1535 1534 993 978 
