2 0.000000 100.000000 262.180540
1481 1246 
1 -11.368037 0.000000 -11.528932 99.756359 -6.975561 -0.000029 0.000001 
2 13.641644 0.000000 -11.528932 99.756389 -6.975202 -0.000518 0.000001 
3 13.641644 0.000000 11.528932 99.756294 -6.977621 -0.000334 -0.000001 
4 -11.368037 0.000000 11.528932 99.756442 -6.975812 -0.000013 -0.000001 
5 1.136804 0.000000 0.000000 101.453914 -6.472893 0.648932 -0.033522 
6 -11.368037 0.000000 0.000000 99.756373 -6.975686 0.000010 0.000001 
7 1.136804 0.000000 -11.528932 99.756282 -6.975482 -0.000288 0.000003 
8 13.641644 0.000000 0.000000 99.768450 -6.802812 0.127569 -0.000004 
9 1.136804 0.000000 11.528932 99.756557 -6.976657 -0.000306 -0.000004 
10 -5.115617 0.000000 -5.764466 99.755956 -6.979104 -0.000079 0.000004 
11 -11.368037 0.000000 -5.764466 99.756347 -6.975608 -0.000016 0.000001 
12 -5.115617 0.000000 -11.528932 99.756304 -6.975519 -0.000105 0.000002 
13 1.136804 0.000000 -5.764466 99.755060 -6.993094 -0.001071 0.000002 
14 -5.115617 0.000000 0.000000 99.755782 -6.974897 -0.000058 0.000013 
15 7.389224 0.000000 -5.764466 99.756402 -6.979965 -0.001749 -0.000006 
16 7.389224 0.000000 -11.528932 99.756331 -6.975363 -0.000453 0.000002 
17 13.641644 0.000000 -5.764466 99.756352 -6.975599 -0.002434 0.000001 
18 7.389224 0.000000 0.000000 99.820442 -6.050040 0.771384 -0.000132 
19 -5.115617 0.000000 5.764466 99.756643 -6.973358 0.000268 -0.000002 
20 -11.368037 0.000000 5.764466 99.756425 -6.975766 0.000007 -0.000001 
21 1.136804 0.000000 5.764466 99.758774 -6.961733 -0.001132 -0.000028 
22 -5.115617 0.000000 11.528932 99.756516 -6.976048 -0.000069 -0.000003 
23 -1.989406 0.000000 -2.882233 99.756941 -6.980033 -0.003996 -0.000017 
24 -5.115617 0.000000 -2.882233 99.755895 -6.977719 -0.000354 0.000007 
25 -1.989406 0.000000 -5.764466 99.756265 -6.983346 -0.000930 -0.000008 
26 1.136804 0.000000 -2.882233 99.773419 -6.941064 -0.007797 -0.000291 
27 -1.989406 0.000000 0.000000 99.749131 -6.979764 -0.004847 0.000139 
28 7.389224 0.000000 5.764466 99.755696 -6.978638 -0.001395 0.000010 
29 13.641644 0.000000 5.764466 99.755986 -6.981658 -0.000802 -0.000000 
30 7.389224 0.000000 11.528932 99.756382 -6.977334 -0.000424 -0.000002 
31 4.263014 0.000000 -2.882233 99.757690 -6.997199 -0.003901 -0.000056 
32 4.263014 0.000000 -5.764466 99.756827 -6.984519 -0.001181 -0.000021 
33 7.389224 0.000000 -2.882233 99.755832 -6.984063 -0.009311 -0.000000 
34 4.263014 0.000000 0.000000 99.937261 -4.261783 -2.023271 -0.000971 
35 -1.989406 0.000000 2.882233 99.754423 -6.962046 0.000882 0.000059 
36 -5.115617 0.000000 2.882233 99.756135 -6.972427 0.000083 0.000010 
37 1.136804 0.000000 2.882233 99.749508 -7.024474 -0.008591 0.000069 
38 -1.989406 0.000000 5.764466 99.756651 -6.968014 -0.000136 0.000006 
39 -0.426301 0.000000 -1.441116 99.757323 -6.972066 -0.036144 -0.000013 
40 -1.989406 0.000000 -1.441116 99.752572 -6.970194 -0.006122 0.000084 
41 -0.426301 0.000000 -2.882233 99.760761 -6.951744 -0.009569 -0.000054 
42 1.136804 0.000000 -1.441116 99.793724 -7.004520 -0.017699 -0.000785 
43 -0.426301 0.000000 0.000000 99.949248 -7.118206 -0.004262 -0.004052 
44 4.263014 0.000000 2.882233 99.750975 -6.976712 -0.005929 0.000107 
45 7.389224 0.000000 2.882233 99.754408 -6.993380 -0.003799 0.000015 
46 4.263014 0.000000 5.764466 99.755698 -6.973634 -0.001795 0.000017 
47 2.699909 0.000000 -1.441116 99.771088 -7.029300 0.000598 -0.000368 
48 2.699909 0.000000 -2.882233 99.768497 -6.960244 0.000330 -0.000220 
49 4.263014 0.000000 -1.441116 99.754380 -7.006168 -0.025849 -0.000002 
50 2.699909 0.000000 0.000000 99.990026 -4.564835 -0.996080 -0.001984 
51 -0.426301 0.000000 1.441116 99.737507 -6.982984 0.010028 0.000367 
52 -1.989406 0.000000 1.441116 99.751935 -6.986916 0.000468 0.000073 
53 1.136804 0.000000 1.441116 99.762044 -6.980715 -0.026709 -0.000120 
54 -0.426301 0.000000 2.882233 99.754552 -7.006149 -0.001134 -0.000006 
55 0.355251 0.000000 -0.720558 99.909266 -7.076731 -0.187999 -0.003198 
56 -0.426301 0.000000 -0.720558 99.782363 -6.949309 -0.120554 -0.000483 
57 0.355251 0.000000 -1.441116 99.794452 -7.007771 -0.037824 -0.000804 
58 1.136804 0.000000 -0.720558 99.981711 -7.223590 0.019361 -0.004852 
59 0.355251 0.000000 0.000000 69.028035 -0.018655 0.011071 0.523513 
60 -8.241827 0.000000 -2.882233 99.756174 -6.976828 0.000095 0.000003 
61 -11.368037 0.000000 -2.882233 99.756353 -6.975644 -0.000003 0.000001 
62 -8.241827 0.000000 -5.764466 99.756286 -6.975610 -0.000044 0.000002 
63 -8.241827 0.000000 0.000000 99.756237 -6.976060 0.000178 0.000003 
64 -3.552511 0.000000 -1.441116 99.754369 -6.979204 0.001220 0.000036 
65 -5.115617 0.000000 -1.441116 99.755771 -6.976525 -0.000228 0.000011 
66 -3.552511 0.000000 -2.882233 99.755656 -6.981937 -0.001213 0.000006 
67 -3.552511 0.000000 0.000000 99.754776 -6.974511 0.001957 0.000034 
68 -1.207854 0.000000 -0.720558 99.745154 -6.989334 -0.020777 0.000205 
69 -1.989406 0.000000 -0.720558 99.750455 -6.973484 -0.006486 0.000122 
70 -1.207854 0.000000 -1.441116 99.751437 -6.963070 -0.016366 0.000117 
71 -1.207854 0.000000 0.000000 99.737807 -6.986319 -0.011679 0.000356 
72 2.699909 0.000000 1.441116 99.725881 -7.053791 -0.043544 0.000499 
73 4.263014 0.000000 1.441116 99.741897 -7.036992 -0.013632 0.000203 
74 2.699909 0.000000 2.882233 99.744902 -7.009209 -0.007566 0.000183 
75 0.355251 0.000000 0.720558 99.749401 -7.096637 0.101169 -0.000032 
76 -0.426301 0.000000 0.720558 99.631487 -6.910864 -0.076470 0.002580 
77 1.136804 0.000000 0.720558 99.574350 -7.160614 -0.041357 0.003367 
78 0.355251 0.000000 1.441116 99.753206 -6.966103 0.012212 0.000077 
79 -0.035525 0.000000 -0.360279 99.129938 -7.102392 0.047822 0.012281 
80 -0.426301 0.000000 -0.360279 99.780307 -7.049142 0.020032 -0.000580 
81 -0.035525 0.000000 -0.720558 99.675086 -7.046859 -0.117642 0.001521 
82 0.355251 0.000000 -0.360279 100.152794 -7.493568 -0.588469 -0.008708 
83 -0.035525 0.000000 0.000000 166.567288 -7.433596 -0.030110 -1.779992 
84 1.918356 0.000000 -0.720558 99.877104 -7.116487 -0.008269 -0.002608 
85 1.918356 0.000000 -1.441116 99.799673 -7.010372 -0.001237 -0.000912 
86 2.699909 0.000000 -0.720558 99.800611 -7.111821 -0.001363 -0.001074 
87 1.918356 0.000000 0.000000 101.866670 -7.167936 -1.520944 -0.043051 
88 0.746027 0.000000 -0.360279 99.707044 -7.658223 -0.048294 -0.000015 
89 0.746027 0.000000 -0.720558 99.849439 -7.084998 -0.036995 -0.002011 
90 1.136804 0.000000 -0.360279 99.701863 -7.450917 -0.207942 0.000398 
91 0.746027 0.000000 0.000000 101.881327 -6.538734 -0.115658 -0.042257 
92 -8.241827 0.000000 2.882233 99.756366 -6.975232 0.000195 0.000001 
93 -11.368037 0.000000 2.882233 99.756401 -6.975728 0.000013 -0.000000 
94 -8.241827 0.000000 5.764466 99.756456 -6.975860 0.000017 -0.000001 
95 -3.552511 0.000000 1.441116 99.755804 -6.970077 0.002153 0.000020 
96 -5.115617 0.000000 1.441116 99.755935 -6.973370 0.000063 0.000013 
97 -3.552511 0.000000 2.882233 99.756055 -6.969434 0.000389 0.000016 
98 -1.207854 0.000000 0.720558 99.736632 -7.006917 -0.011311 0.000351 
99 -1.989406 0.000000 0.720558 99.749508 -6.985152 -0.002852 0.000124 
100 -1.207854 0.000000 1.441116 99.747140 -7.004694 0.000380 0.000144 
101 -0.035525 0.000000 0.360279 99.029761 -7.207938 -0.194813 0.014111 
102 -0.426301 0.000000 0.360279 99.666705 -7.057989 -0.244361 0.001667 
103 0.355251 0.000000 0.360279 100.459572 -7.446849 0.634770 -0.014798 
104 -0.035525 0.000000 0.720558 99.468710 -7.059612 -0.045951 0.005614 
105 0.159863 0.000000 -0.180140 98.208925 -8.421638 -4.709916 0.026190 
106 -0.035525 0.000000 -0.180140 97.546118 -7.244653 3.119957 0.042254 
107 0.159863 0.000000 -0.360279 99.308921 -7.259227 -0.878175 0.008427 
108 0.355251 0.000000 -0.180140 102.069473 -8.971860 -1.546009 -0.050106 
109 0.159863 0.000000 0.000000 117.237062 0.214701 0.159412 -0.374460 
110 -0.817078 0.000000 -0.360279 99.757285 -6.940292 -0.078065 0.000031 
111 -1.207854 0.000000 -0.360279 99.739802 -6.987036 -0.014288 0.000315 
112 -0.817078 0.000000 -0.720558 99.733997 -7.001470 -0.024373 0.000411 
113 -0.817078 0.000000 0.000000 99.743610 -6.930839 -0.088093 0.000317 
114 -0.230913 0.000000 -0.180140 100.342808 -7.081412 0.316721 -0.011893 
115 -0.426301 0.000000 -0.180140 99.887282 -7.124028 0.035710 -0.002822 
116 -0.230913 0.000000 -0.360279 99.590028 -7.045619 0.235317 0.003213 
117 -0.230913 0.000000 0.000000 101.193237 -7.139157 -0.115131 -0.029105 
118 1.918356 0.000000 0.720558 99.548219 -7.168017 -0.215889 0.003873 
119 2.699909 0.000000 0.720558 99.608089 -7.206824 -0.029095 0.002629 
120 1.918356 0.000000 1.441116 99.734523 -7.024744 -0.043921 0.000368 
121 0.746027 0.000000 0.360279 99.541954 -7.607997 -0.091354 0.003351 
122 1.136804 0.000000 0.360279 99.727326 -7.467139 -0.098035 -0.000131 
123 0.746027 0.000000 0.720558 99.501598 -7.148933 0.033643 0.004832 
124 0.159863 0.000000 0.180140 98.342475 -8.296517 4.917548 0.023574 
125 -0.035525 0.000000 0.180140 97.563992 -7.310253 -3.153667 0.041788 
126 0.355251 0.000000 0.180140 102.272029 -8.901182 1.604210 -0.054137 
127 0.159863 0.000000 0.360279 99.353071 -7.349052 0.874690 0.007419 
128 0.062169 0.000000 -0.090070 85.798327 -10.568579 -8.298997 0.245808 
129 -0.035525 0.000000 -0.090070 104.009757 -7.681891 19.007636 -0.123833 
130 0.062169 0.000000 -0.180140 95.871143 -7.874382 -1.801275 0.074347 
131 0.159863 0.000000 -0.090070 99.557680 -12.249823 -13.436146 -0.024232 
132 0.062169 0.000000 0.000000 197.568293 -0.850596 0.013176 -2.903395 
133 -0.817078 0.000000 0.360279 99.715631 -6.921739 -0.077374 0.000888 
134 -1.207854 0.000000 0.360279 99.736655 -6.984841 -0.008556 0.000381 
135 -0.817078 0.000000 0.720558 99.702435 -6.937033 -0.055859 0.001130 
136 -0.230913 0.000000 0.180140 100.289265 -7.085591 -0.510655 -0.010840 
137 -0.426301 0.000000 0.180140 99.862031 -7.050050 -0.103943 -0.002214 
138 -0.230913 0.000000 0.360279 99.544004 -7.036702 -0.355112 0.004135 
139 -0.133219 0.000000 -0.090070 103.444157 -7.210719 2.612376 -0.075951 
140 -0.230913 0.000000 -0.090070 100.846832 -7.131200 0.365081 -0.022107 
141 -0.133219 0.000000 -0.180140 100.092589 -7.362174 1.930674 -0.007646 
142 -0.133219 0.000000 0.000000 106.513729 -7.127006 0.043876 -0.139597 
143 0.062169 0.000000 0.090070 85.755051 -10.516904 8.368878 0.246543 
144 -0.035525 0.000000 0.090070 104.014761 -7.726760 -19.037244 -0.124119 
145 0.159863 0.000000 0.090070 99.609329 -12.224619 13.446453 -0.025227 
146 0.062169 0.000000 0.180140 95.930418 -7.914380 1.854866 0.073128 
147 0.013322 0.000000 -0.045035 73.676294 -11.581009 -14.484843 0.422787 
148 -0.035525 0.000000 -0.045035 145.168610 -7.673013 29.275778 -1.198987 
149 0.013322 0.000000 -0.090070 75.532589 -9.117819 5.914371 0.417671 
150 0.062169 0.000000 -0.045035 194.368535 -0.739133 -19.206014 -2.814854 
151 0.013322 0.000000 0.000000 247.769123 -3.676308 0.015431 -5.140305 
152 -0.133219 0.000000 0.090070 103.444319 -7.255570 -2.681632 -0.076056 
153 -0.230913 0.000000 0.090070 100.817351 -7.131535 -0.580001 -0.021533 
154 -0.133219 0.000000 0.180140 100.016982 -7.312439 -2.086459 -0.006122 
155 0.013322 0.000000 0.045035 73.654215 -11.857952 14.481918 0.422472 
156 -0.035525 0.000000 0.045035 145.161940 -7.699613 -29.303624 -1.198998 
157 0.062169 0.000000 0.045035 194.354127 -0.718684 19.211309 -2.814312 
158 0.013322 0.000000 0.090070 75.591398 -9.173378 -5.910047 0.416686 
159 -1.989406 0.000000 -8.646699 99.756078 -6.980107 -0.000299 0.000000 
160 -5.115617 0.000000 -8.646699 99.756247 -6.975564 -0.000134 0.000003 
161 -1.989406 0.000000 -11.528932 99.756282 -6.975501 -0.000187 0.000003 
162 1.136804 0.000000 -8.646699 99.756149 -6.981022 -0.000518 -0.000002 
163 -0.426301 0.000000 -4.323349 99.758755 -7.001286 -0.003540 -0.000083 
164 -1.989406 0.000000 -4.323349 99.754342 -6.988703 -0.000223 0.000023 
165 -0.426301 0.000000 -5.764466 99.756630 -6.987034 -0.001253 -0.000020 
166 1.136804 0.000000 -4.323349 99.757277 -7.010621 -0.001799 -0.000066 
167 0.355251 0.000000 -2.161675 99.788444 -6.998787 -0.019796 -0.000672 
168 -0.426301 0.000000 -2.161675 99.762388 -6.945532 -0.019585 -0.000077 
169 0.355251 0.000000 -2.882233 99.769029 -6.942887 -0.011399 -0.000206 
170 1.136804 0.000000 -2.161675 99.796450 -6.974599 -0.008620 -0.000798 
171 -0.035525 0.000000 -1.080837 99.856802 -6.982602 -0.118472 -0.002015 
172 -0.426301 0.000000 -1.080837 99.799153 -6.962689 -0.086699 -0.000836 
173 -0.035525 0.000000 -1.441116 99.770328 -6.984608 -0.042020 -0.000290 
174 0.355251 0.000000 -1.080837 99.956757 -7.026376 -0.082370 -0.004073 
175 0.159863 0.000000 -0.540419 99.639963 -7.142641 -0.347402 0.002074 
176 -0.035525 0.000000 -0.540419 99.625428 -7.052932 -0.186149 0.002500 
177 0.159863 0.000000 -0.720558 99.747084 -7.061692 -0.199731 0.000061 
178 0.355251 0.000000 -0.540419 99.816110 -7.211461 -0.250221 -0.001532 
179 0.062169 0.000000 -0.270209 97.532214 -7.371499 -0.745423 0.043257 
180 -0.035525 0.000000 -0.270209 98.166988 -7.197718 0.821345 0.031076 
181 0.062169 0.000000 -0.360279 98.876135 -7.141736 -0.366470 0.017237 
182 0.159863 0.000000 -0.270209 98.747770 -7.565811 -2.043397 0.018746 
183 0.013322 0.000000 -0.135105 92.727915 -8.015303 2.675406 0.133013 
184 -0.035525 0.000000 -0.135105 98.481878 -7.424126 6.523158 0.020365 
185 0.013322 0.000000 -0.180140 95.904353 -7.485048 1.070391 0.074518 
186 0.062169 0.000000 -0.135105 93.588678 -8.549663 -3.604145 0.115507 
187 0.550639 0.000000 -0.180140 101.400638 -8.014485 -0.081856 -0.034633 
188 0.550639 0.000000 -0.360279 99.972686 -7.566985 0.031076 -0.005180 
189 0.746027 0.000000 -0.180140 102.015603 -7.987571 -0.107164 -0.047100 
190 0.550639 0.000000 0.000000 101.346806 -6.540774 -0.097416 -0.031397 
191 0.257557 0.000000 -0.090070 102.792882 -12.592241 -10.278387 -0.083059 
192 0.257557 0.000000 -0.180140 100.700286 -8.647445 -3.910663 -0.023062 
193 0.355251 0.000000 -0.090070 105.423550 -12.605403 -4.445184 -0.129278 
194 0.257557 0.000000 0.000000 83.141853 -0.179938 -0.056298 0.308740 
195 0.111016 0.000000 -0.045035 145.809846 -0.225425 -13.475883 -1.144216 
196 0.111016 0.000000 -0.090070 92.587827 -12.139725 -15.404264 0.104283 
197 0.159863 0.000000 -0.045035 116.015529 0.162517 -8.261197 -0.352788 
198 0.111016 0.000000 0.000000 148.960982 -0.232727 -0.036356 -1.218943 
199 0.037745 0.000000 -0.067552 74.521222 -11.671335 -14.586973 0.409759 
200 0.013322 0.000000 -0.067552 73.631887 -11.366380 -14.333948 0.424369 
201 0.037745 0.000000 -0.090070 82.909109 -9.896324 -5.165643 0.300146 
202 0.062169 0.000000 -0.067552 79.499206 -11.957140 -15.327965 0.330196 
203 0.037745 0.000000 -0.045035 74.175871 -11.720812 -14.580364 0.414798 
204 0.550639 0.000000 0.180140 101.307940 -8.017068 -0.053077 -0.032757 
205 0.746027 0.000000 0.180140 101.916306 -7.993110 -0.071206 -0.045083 
206 0.550639 0.000000 0.360279 100.008596 -7.548059 -0.177203 -0.005872 
207 0.257557 0.000000 0.090070 102.652345 -12.615388 10.262510 -0.080197 
208 0.355251 0.000000 0.090070 105.322483 -12.575530 4.448372 -0.127076 
209 0.257557 0.000000 0.180140 100.758324 -8.627648 3.888182 -0.024179 
210 0.111016 0.000000 0.045035 145.758244 -0.257737 13.456129 -1.142660 
211 0.159863 0.000000 0.045035 116.125425 0.123311 8.490752 -0.355722 
212 0.111016 0.000000 0.090070 92.549853 -12.182014 15.403700 0.104885 
213 -1.989406 0.000000 8.646699 99.756882 -6.972354 -0.000079 -0.000005 
214 -5.115617 0.000000 8.646699 99.756559 -6.976081 -0.000051 -0.000004 
215 1.136804 0.000000 8.646699 99.756945 -6.971861 -0.000542 -0.000005 
216 -1.989406 0.000000 11.528932 99.756564 -6.976299 -0.000164 -0.000004 
217 -0.426301 0.000000 4.323349 99.758328 -6.954250 0.000143 -0.000009 
218 -1.989406 0.000000 4.323349 99.758129 -6.962255 0.001493 -0.000016 
219 1.136804 0.000000 4.323349 99.758573 -6.949421 -0.002312 -0.000007 
220 -0.426301 0.000000 5.764466 99.756863 -6.965624 -0.000594 0.000005 
221 0.355251 0.000000 2.161675 99.762879 -7.063126 -0.003495 -0.000252 
222 -0.426301 0.000000 2.161675 99.750722 -7.023590 -0.001215 0.000046 
223 1.136804 0.000000 2.161675 99.767126 -6.984103 -0.012327 -0.000226 
224 0.355251 0.000000 2.882233 99.755427 -7.019095 -0.003796 -0.000041 
225 -0.035525 0.000000 1.080837 99.623443 -6.941405 -0.005693 0.002699 
226 -0.426301 0.000000 1.080837 99.677156 -6.929972 -0.026067 0.001644 
227 0.355251 0.000000 1.080837 99.633421 -6.986390 0.025049 0.002437 
228 -0.035525 0.000000 1.441116 99.749950 -6.986746 0.024347 0.000113 
229 0.159863 0.000000 0.540419 99.537847 -7.121514 0.238367 0.004144 
230 -0.035525 0.000000 0.540419 99.481688 -7.047014 0.047769 0.005373 
231 0.355251 0.000000 0.540419 99.725826 -7.205539 0.184392 0.000281 
232 0.159863 0.000000 0.720558 99.673171 -7.067268 0.112377 0.001530 
233 0.062169 0.000000 0.270209 97.492541 -7.470950 0.747879 0.043883 
234 -0.035525 0.000000 0.270209 98.096213 -7.257865 -0.904900 0.032364 
235 0.159863 0.000000 0.270209 98.788011 -7.567034 2.117109 0.017919 
236 0.062169 0.000000 0.360279 98.825539 -7.210715 0.321292 0.018142 
237 0.013322 0.000000 0.135105 92.700097 -8.027743 -2.671245 0.133511 
238 -0.035525 0.000000 0.135105 98.472219 -7.470337 -6.556155 0.020443 
239 0.062169 0.000000 0.135105 93.586043 -8.573701 3.678294 0.115461 
240 0.013322 0.000000 0.180140 95.943878 -7.563715 -1.065399 0.073643 
241 0.037745 0.000000 0.067552 74.552286 -11.833078 14.602008 0.408872 
242 0.013322 0.000000 0.067552 73.624210 -11.647732 14.338919 0.423820 
243 0.037745 0.000000 0.045035 74.205055 -11.876438 14.593284 0.413960 
244 0.062169 0.000000 0.067552 79.539194 -12.063425 15.341550 0.329263 
245 0.037745 0.000000 0.090070 82.866314 -9.886006 5.194133 0.300846 
246 0.111016 0.000000 -0.135105 96.539307 -9.093728 -6.371201 0.055687 
247 0.111016 0.000000 -0.180140 97.077790 -8.200709 -3.708022 0.049490 
248 0.159863 0.000000 -0.135105 98.757669 -9.500929 -7.336609 0.010283 
249 0.086592 0.000000 -0.067552 91.877550 -12.251309 -15.298448 0.117438 
250 0.086592 0.000000 -0.090070 92.306548 -12.364789 -15.438180 0.108828 
251 0.111016 0.000000 -0.067552 92.596679 -12.127285 -15.385062 0.104208 
252 0.086592 0.000000 -0.045035 168.178374 -0.374159 -17.294331 -1.858320 
253 0.086592 0.000000 -0.112587 93.365370 -9.625643 -8.167598 0.112354 
254 0.062169 0.000000 -0.112587 90.597368 -9.238788 -5.661743 0.167471 
255 0.086592 0.000000 -0.135105 95.015538 -8.791292 -5.413832 0.086545 
256 0.111016 0.000000 -0.112587 95.948061 -9.902447 -8.977385 0.061532 
257 0.074381 0.000000 -0.078811 88.893604 -12.299934 -15.226956 0.171478 
258 0.062169 0.000000 -0.078811 80.452336 -12.051953 -15.340168 0.314685 
259 0.074381 0.000000 -0.090070 86.542660 -10.874872 -12.243951 0.224219 
260 0.086592 0.000000 -0.078811 92.017126 -12.270636 -15.336642 0.114707 
261 0.074381 0.000000 -0.067552 86.832134 -12.240121 -15.265258 0.207733 
262 0.111016 0.000000 0.135105 96.581447 -8.983873 6.511701 0.054891 
263 0.159863 0.000000 0.135105 98.721709 -9.475761 7.532432 0.010750 
264 0.111016 0.000000 0.180140 97.159845 -8.141382 3.775232 0.047943 
265 0.086592 0.000000 0.067552 91.888771 -12.111698 15.303284 0.117557 
266 0.086592 0.000000 0.045035 168.140959 -0.370713 17.247960 -1.856901 
267 0.111016 0.000000 0.067552 92.563329 -12.148763 15.385721 0.104772 
268 0.086592 0.000000 0.090070 92.321326 -12.190960 15.442263 0.108969 
269 0.086592 0.000000 0.112587 93.378864 -9.576451 8.243414 0.112073 
270 0.062169 0.000000 0.112587 90.591713 -9.240987 5.724279 0.167498 
271 0.111016 0.000000 0.112587 95.975449 -9.806569 9.071959 0.061024 
272 0.086592 0.000000 0.135105 95.038026 -8.752398 5.498053 0.086094 
273 0.074381 0.000000 0.078811 88.919007 -12.211355 15.233037 0.171225 
274 0.062169 0.000000 0.078811 80.491683 -12.139618 15.351238 0.313806 
275 0.074381 0.000000 0.067552 86.861255 -12.194852 15.272609 0.207316 
276 0.086592 0.000000 0.078811 92.024435 -12.137439 15.340724 0.114885 
277 0.074381 0.000000 0.090070 86.525546 -10.840310 12.299403 0.224454 
278 0.208710 0.000000 -0.045035 95.595780 -0.183449 -5.326697 0.083304 
279 0.208710 0.000000 -0.090070 100.736876 -12.504827 -12.723200 -0.046617 
280 0.257557 0.000000 -0.045035 82.286192 -0.141584 -4.059610 0.321248 
281 0.208710 0.000000 0.000000 96.638696 -0.125389 -0.053352 0.066094 
282 0.135439 0.000000 -0.067552 93.246232 -12.186620 -15.590595 0.091356 
283 0.135439 0.000000 -0.090070 94.501929 -12.202286 -15.350602 0.068485 
284 0.159863 0.000000 -0.067552 114.540223 0.070973 -12.328759 -0.327147 
285 0.135439 0.000000 -0.045035 129.372433 0.033023 -10.508373 -0.684765 
286 0.257557 0.000000 -0.270209 100.079564 -7.721082 -1.733640 -0.007854 
287 0.257557 0.000000 -0.360279 99.929010 -7.375839 -0.920625 -0.004106 
288 0.355251 0.000000 -0.270209 100.724181 -7.904104 -0.766629 -0.020842 
289 0.208710 0.000000 -0.135105 100.338543 -9.759559 -7.451650 -0.021860 
290 0.208710 0.000000 -0.180140 99.397617 -8.381782 -4.921348 0.002564 
291 0.257557 0.000000 -0.135105 101.508815 -10.028175 -6.460248 -0.044634 
292 0.135439 0.000000 -0.112587 97.205763 -10.236171 -9.233921 0.036100 
293 0.135439 0.000000 -0.135105 97.746294 -9.309251 -6.910897 0.031124 
294 0.159863 0.000000 -0.112587 98.581199 -10.564451 -9.645154 0.007711 
295 0.123228 0.000000 -0.078811 92.740316 -12.130846 -15.460004 0.101306 
296 0.111016 0.000000 -0.078811 92.600119 -12.177423 -15.426226 0.103896 
297 0.123228 0.000000 -0.090070 92.877561 -12.211949 -15.530133 0.098344 
298 0.135439 0.000000 -0.078811 94.401593 -12.201666 -15.389669 0.070262 
299 0.123228 0.000000 -0.067552 92.586365 -12.226373 -15.482264 0.103858 
300 0.208710 0.000000 0.045035 95.797603 -0.157361 5.433091 0.079328 
301 0.257557 0.000000 0.045035 82.344771 -0.184111 3.956954 0.320365 
302 0.208710 0.000000 0.090070 100.825358 -12.525724 12.735500 -0.048484 
303 0.135439 0.000000 0.067552 93.204619 -12.302301 15.590611 0.091849 
304 0.135439 0.000000 0.045035 129.206287 -0.095549 10.614601 -0.680694 
305 0.159863 0.000000 0.067552 114.668849 0.114375 12.530494 -0.330597 
306 0.135439 0.000000 0.090070 94.482506 -12.275780 15.356325 0.068654 
307 0.257557 0.000000 0.270209 100.167107 -7.672844 1.776556 -0.009548 
308 0.355251 0.000000 0.270209 100.802604 -7.861151 0.811275 -0.022362 
309 0.257557 0.000000 0.360279 100.112551 -7.443514 0.997275 -0.007892 
310 0.208710 0.000000 0.135105 100.423664 -9.767320 7.432707 -0.023556 
311 0.257557 0.000000 0.135105 101.657025 -10.051844 6.504973 -0.047750 
312 0.208710 0.000000 0.180140 99.403542 -8.357918 4.949975 0.002458 
313 0.135439 0.000000 0.112587 97.204626 -10.134102 9.358503 0.036098 
314 0.159863 0.000000 0.112587 98.531902 -10.576326 9.832795 0.008292 
315 0.135439 0.000000 0.135105 97.767257 -9.227416 7.061879 0.030655 
316 0.123228 0.000000 0.078811 92.695547 -12.231648 15.460456 0.101890 
317 0.111016 0.000000 0.078811 92.560888 -12.211014 15.425010 0.104544 
318 0.123228 0.000000 0.067552 92.535812 -12.303188 15.477883 0.104619 
319 0.135439 0.000000 0.078811 94.380649 -12.278622 15.395116 0.070452 
320 0.123228 0.000000 0.090070 92.831274 -12.302545 15.527733 0.098989 
321 0.184287 0.000000 -0.112587 99.872129 -10.898578 -9.983249 -0.019289 
322 0.184287 0.000000 -0.135105 99.396664 -9.616897 -7.694165 -0.003138 
323 0.208710 0.000000 -0.112587 101.605196 -11.195676 -9.565367 -0.054046 
324 0.184287 0.000000 -0.090070 99.504620 -12.255604 -13.382030 -0.023045 
325 0.452945 0.000000 -0.090070 98.998091 -10.159547 -0.032029 0.009616 
326 0.452945 0.000000 -0.180140 99.753019 -11.834660 -0.013658 -0.009072 
327 0.550639 0.000000 -0.090070 100.927645 -7.490992 -0.084726 -0.024251 
328 0.452945 0.000000 0.000000 101.346806 -6.540774 -0.097417 -0.031397 
329 0.306404 0.000000 -0.135105 102.614509 -10.488039 -4.333733 -0.065852 
330 0.306404 0.000000 -0.180140 101.559917 -8.754368 -2.946289 -0.039974 
331 0.355251 0.000000 -0.135105 104.638696 -10.695676 -2.762880 -0.107129 
332 0.306404 0.000000 -0.090070 104.501628 -12.524779 -6.485107 -0.111952 
333 0.233134 0.000000 -0.112587 103.120318 -12.575195 -10.307862 -0.089819 
334 0.233134 0.000000 -0.135105 100.881884 -9.969291 -6.909832 -0.032429 
335 0.257557 0.000000 -0.112587 102.786141 -12.590125 -10.277591 -0.082913 
336 0.233134 0.000000 -0.090070 103.014825 -12.590400 -10.298692 -0.087664 
337 0.184287 0.000000 -0.067552 103.291694 0.016687 -10.293672 -0.077513 
338 0.208710 0.000000 -0.067552 93.569181 -0.126218 -8.268384 0.117643 
339 0.184287 0.000000 -0.045035 104.727578 0.064106 -6.841014 -0.101467 
340 0.196498 0.000000 -0.101329 99.653697 -12.416111 -13.453134 -0.026601 
341 0.184287 0.000000 -0.101329 99.514930 -12.362331 -13.435656 -0.023657 
342 0.196498 0.000000 -0.112587 100.604915 -11.073820 -9.887450 -0.034174 
343 0.208710 0.000000 -0.101329 101.073173 -12.513451 -12.232256 -0.052200 
344 0.196498 0.000000 -0.090070 99.585527 -12.411225 -13.444671 -0.025207 
345 0.184287 0.000000 0.112587 99.918778 -10.923932 10.037662 -0.020385 
346 0.184287 0.000000 0.090070 99.585873 -12.270587 13.398308 -0.024743 
347 0.208710 0.000000 0.112587 101.683385 -11.185810 9.561583 -0.055606 
348 0.184287 0.000000 0.135105 99.394913 -9.584968 7.705683 -0.003060 
349 0.184287 0.000000 0.067552 103.548451 0.100815 10.390950 -0.083026 
350 0.184287 0.000000 0.045035 104.896940 0.135202 6.978603 -0.105209 
351 0.208710 0.000000 0.067552 93.804656 -0.103933 8.318319 0.113148 
352 0.452945 0.000000 0.090070 98.915134 -10.149549 -0.030170 0.011278 
353 0.550639 0.000000 0.090070 100.883848 -7.488856 -0.077899 -0.023364 
354 0.452945 0.000000 0.180140 99.679110 -11.825675 -0.009976 -0.007577 
355 0.306404 0.000000 0.135105 102.835719 -10.431370 4.476226 -0.070404 
356 0.306404 0.000000 0.090070 104.400343 -12.504132 6.488696 -0.109789 
357 0.355251 0.000000 0.135105 104.538677 -10.606615 2.777052 -0.104855 
358 0.306404 0.000000 0.180140 101.617912 -8.781120 2.947660 -0.041200 
359 0.233134 0.000000 0.112587 103.133412 -12.521909 10.309085 -0.089958 
360 0.233134 0.000000 0.090070 102.995185 -12.560308 10.295725 -0.087177 
361 0.257557 0.000000 0.112587 102.645745 -12.612727 10.261794 -0.080053 
362 0.233134 0.000000 0.135105 100.968877 -10.000273 6.934015 -0.034280 
363 0.196498 0.000000 0.101329 99.732290 -12.460715 13.466203 -0.028314 
364 0.184287 0.000000 0.101329 99.595547 -12.387163 13.449433 -0.025360 
365 0.196498 0.000000 0.090070 99.659462 -12.459550 13.457240 -0.026835 
366 0.208710 0.000000 0.101329 101.150376 -12.524135 12.242477 -0.053813 
367 0.196498 0.000000 0.112587 100.740907 -10.965075 9.888927 -0.036675 
368 0.306404 0.000000 -0.045035 73.537703 0.013028 -2.146834 0.458760 
369 0.355251 0.000000 -0.045035 68.264077 -0.022043 -1.084249 0.533884 
370 0.306404 0.000000 0.000000 74.019605 0.012355 -0.011036 0.452110 
371 0.281981 0.000000 -0.112587 103.846899 -12.523220 -8.469904 -0.101275 
372 0.281981 0.000000 -0.135105 102.587112 -10.307793 -5.356240 -0.065906 
373 0.306404 0.000000 -0.112587 104.492881 -12.535021 -6.485283 -0.111795 
374 0.281981 0.000000 -0.090070 103.659972 -12.529392 -8.791116 -0.097966 
375 0.281981 0.000000 -0.067552 76.023530 0.001894 -4.584618 0.419940 
376 0.257557 0.000000 -0.067552 81.381726 -0.152806 -6.202186 0.333852 
377 0.306404 0.000000 -0.067552 72.886523 -0.013841 -3.155808 0.467760 
378 0.281981 0.000000 -0.045035 77.107498 -0.057102 -3.147867 0.404452 
379 0.269769 0.000000 -0.101329 102.934544 -12.561570 -10.061526 -0.085455 
380 0.257557 0.000000 -0.101329 102.792279 -12.592052 -10.278316 -0.083046 
381 0.269769 0.000000 -0.112587 102.942181 -12.553105 -10.292279 -0.086060 
382 0.281981 0.000000 -0.101329 103.636602 -12.530787 -9.621267 -0.099013 
383 0.269769 0.000000 -0.090070 102.873625 -12.566571 -10.285704 -0.084670 
384 0.306404 0.000000 0.045035 73.516773 0.031700 2.097068 0.459089 
385 0.355251 0.000000 0.045035 68.295076 -0.027580 1.107635 0.533455 
386 0.281981 0.000000 0.112587 103.741153 -12.480207 8.464839 -0.098964 
387 0.281981 0.000000 0.090070 103.549231 -12.494669 8.784320 -0.095572 
388 0.306404 0.000000 0.112587 104.389783 -12.520823 6.487945 -0.109609 
389 0.281981 0.000000 0.135105 102.701793 -10.339122 5.461668 -0.068439 
390 0.281981 0.000000 0.067552 76.077072 0.034454 4.543173 0.419164 
391 0.257557 0.000000 0.067552 81.481558 -0.178807 6.120739 0.332326 
392 0.281981 0.000000 0.045035 77.122050 -0.025759 3.117334 0.404247 
393 0.306404 0.000000 0.067552 72.888765 -0.007988 3.123752 0.467747 
394 0.269769 0.000000 0.101329 102.803122 -12.562452 10.047617 -0.082725 
395 0.257557 0.000000 0.101329 102.651755 -12.615150 10.262446 -0.080184 
396 0.269769 0.000000 0.090070 102.740954 -12.569274 10.270422 -0.081917 
397 0.281981 0.000000 0.101329 103.532777 -12.471277 9.609628 -0.096691 
398 0.269769 0.000000 0.112587 102.814630 -12.542855 10.277248 -0.083379 
399 0.746027 0.000000 -1.080837 99.936709 -7.097280 -0.000628 -0.003772 
400 0.746027 0.000000 -1.441116 99.795378 -7.005999 -0.024736 -0.000820 
401 1.136804 0.000000 -1.080837 99.881201 -7.075487 0.007505 -0.002632 
402 0.550639 0.000000 -0.540419 99.811688 -7.282020 -0.080583 -0.001541 
403 0.550639 0.000000 -0.720558 99.930008 -7.101328 -0.085714 -0.003644 
404 0.746027 0.000000 -0.540419 99.974075 -7.235797 0.009784 -0.004717 
405 0.452945 0.000000 -0.270209 100.470265 -8.053268 0.064922 -0.015913 
406 0.452945 0.000000 -0.360279 100.134301 -7.515492 -0.148036 -0.008338 
407 0.550639 0.000000 -0.270209 101.402886 -11.192458 -0.023232 -0.040782 
408 0.404098 0.000000 -0.135105 98.116976 -12.494796 -0.003871 0.021694 
409 0.404098 0.000000 -0.180140 102.178451 -9.138813 0.149492 -0.052398 
410 0.452945 0.000000 -0.135105 99.137635 -10.764152 -0.024547 0.005586 
411 0.404098 0.000000 -0.090070 101.201699 -12.454097 -1.526143 -0.039922 
412 0.330828 0.000000 -0.112587 104.490904 -12.563322 -6.487819 -0.111828 
413 0.330828 0.000000 -0.135105 103.037613 -10.615267 -4.079651 -0.074608 
414 0.355251 0.000000 -0.112587 105.335378 -12.597163 -4.696572 -0.127629 
415 0.330828 0.000000 -0.090070 104.484471 -12.564179 -6.487403 -0.111695 
416 0.746027 0.000000 1.080837 99.670794 -7.032640 0.017358 0.001627 
417 1.136804 0.000000 1.080837 99.697569 -7.072051 -0.005918 0.001038 
418 0.746027 0.000000 1.441116 99.757091 -6.950146 -0.007407 0.000022 
419 0.550639 0.000000 0.540419 99.642846 -7.233458 0.001890 0.001898 
420 0.746027 0.000000 0.540419 99.686792 -7.285331 -0.077722 0.000946 
421 0.550639 0.000000 0.720558 99.771424 -7.106199 0.042701 -0.000484 
422 0.452945 0.000000 0.270209 100.540826 -7.985221 -0.159258 -0.017225 
423 0.550639 0.000000 0.270209 101.319214 -11.192213 -0.014223 -0.039085 
424 0.452945 0.000000 0.360279 100.400724 -7.497195 0.034242 -0.013651 
425 0.404098 0.000000 0.135105 98.053004 -12.477069 -0.005623 0.022993 
426 0.404098 0.000000 0.090070 101.121905 -12.405644 1.521599 -0.038185 
427 0.452945 0.000000 0.135105 99.057499 -10.753768 -0.021556 0.007197 
428 0.404098 0.000000 0.180140 102.391442 -9.087171 -0.153697 -0.056661 
429 0.330828 0.000000 0.112587 104.376076 -12.563820 6.486392 -0.109429 
430 0.330828 0.000000 0.090070 104.369693 -12.564434 6.485996 -0.109297 
431 0.355251 0.000000 0.112587 105.233193 -12.571792 4.699147 -0.125416 
432 0.330828 0.000000 0.135105 103.212826 -10.526596 4.194652 -0.078129 
433 0.404098 0.000000 -0.045035 67.580996 -0.009449 0.813938 0.543215 
434 0.452945 0.000000 -0.045035 99.521965 -8.577852 -0.063617 0.002179 
435 0.404098 0.000000 0.000000 68.571148 -0.009197 -0.004088 0.529800 
436 0.379675 0.000000 -0.112587 104.722265 -12.646321 -2.230485 -0.113166 
437 0.379675 0.000000 -0.135105 104.356604 -10.829565 -1.069880 -0.100873 
438 0.404098 0.000000 -0.112587 100.904777 -12.592336 -1.863051 -0.034381 
439 0.379675 0.000000 -0.090070 104.389922 -12.652944 -2.223533 -0.106230 
440 0.330828 0.000000 -0.067552 70.050223 -0.090330 -2.973758 0.508411 
441 0.355251 0.000000 -0.067552 67.082545 -0.033374 -1.784764 0.549675 
442 0.330828 0.000000 -0.045035 70.538035 -0.077985 -1.899564 0.502077 
443 0.343039 0.000000 -0.101329 104.892928 -12.564999 -6.131297 -0.119800 
444 0.330828 0.000000 -0.101329 104.486636 -12.563890 -6.487543 -0.111740 
445 0.343039 0.000000 -0.112587 104.945727 -12.571265 -6.027740 -0.120798 
446 0.355251 0.000000 -0.101329 105.435021 -12.604405 -4.752848 -0.129800 
447 0.343039 0.000000 -0.090070 104.739673 -12.559911 -6.502670 -0.117044 
448 0.404098 0.000000 0.045035 67.605225 -0.017282 -0.821509 0.542886 
449 0.452945 0.000000 0.045035 99.438494 -8.571382 -0.057370 0.003851 
450 0.330828 0.000000 0.067552 70.026099 -0.076794 2.973558 0.508750 
451 0.330828 0.000000 0.045035 70.571170 -0.084945 1.926706 0.501599 
452 0.355251 0.000000 0.067552 67.127731 -0.039625 1.811634 0.549058 
453 0.379675 0.000000 0.112587 104.594401 -12.602025 2.233470 -0.110379 
454 0.379675 0.000000 0.090070 104.261833 -12.606644 2.225987 -0.103441 
455 0.404098 0.000000 0.112587 100.781234 -12.542792 1.861490 -0.031764 
456 0.379675 0.000000 0.135105 104.293350 -10.849450 1.033298 -0.099588 
457 0.343039 0.000000 0.101329 104.781042 -12.558851 6.131002 -0.117438 
458 0.330828 0.000000 0.101329 104.371841 -12.564227 6.486130 -0.109341 
459 0.343039 0.000000 0.090070 104.615611 -12.558671 6.501421 -0.114441 
460 0.355251 0.000000 0.101329 105.341441 -12.574174 4.756138 -0.127755 
461 0.343039 0.000000 0.112587 104.835650 -12.561814 6.027882 -0.118465 
462 1.527580 0.000000 -0.360279 99.777742 -7.636977 -0.212743 -0.001397 
463 1.527580 0.000000 -0.720558 99.988704 -7.012988 -0.092552 -0.004693 
464 1.918356 0.000000 -0.360279 99.728157 -7.470603 0.164356 -0.000154 
465 1.527580 0.000000 0.000000 101.552657 -6.669277 -1.050192 -0.035852 
466 0.941416 0.000000 -0.180140 102.125377 -8.000499 -0.016821 -0.049360 
467 0.941416 0.000000 -0.360279 99.704916 -7.571864 0.052174 0.000159 
468 1.136804 0.000000 -0.180140 101.779454 -8.635864 0.253404 -0.043370 
469 0.941416 0.000000 0.000000 101.964517 -6.736952 0.181837 -0.044218 
470 0.648333 0.000000 -0.090070 101.577198 -7.483022 -0.098965 -0.037393 
471 0.648333 0.000000 -0.180140 101.705179 -8.497415 -0.065452 -0.041615 
472 0.746027 0.000000 -0.090070 102.001434 -6.683768 -0.121573 -0.044898 
473 0.648333 0.000000 0.000000 101.680199 -6.539502 -0.108795 -0.038164 
474 0.501792 0.000000 -0.135105 99.642393 -9.663962 -0.047511 -0.002200 
475 0.501792 0.000000 -0.180140 100.296701 -10.426061 -0.034736 -0.016813 
476 0.550639 0.000000 -0.135105 101.384834 -7.223431 -0.100181 -0.033107 
477 0.501792 0.000000 -0.090070 99.620108 -8.549178 -0.064328 0.000274 
478 0.428522 0.000000 -0.112587 98.076209 -12.345084 -1.246449 0.022710 
479 0.428522 0.000000 -0.135105 99.108878 -11.720229 -0.012626 0.004007 
480 0.452945 0.000000 -0.112587 99.018095 -10.709154 -0.027455 0.008073 
481 0.428522 0.000000 -0.090070 98.586694 -11.930374 -0.851132 0.013761 
482 0.379675 0.000000 -0.067552 66.314840 -0.028558 -0.318838 0.560224 
483 0.404098 0.000000 -0.067552 98.124434 -11.894269 -0.008384 0.023012 
484 0.379675 0.000000 -0.045035 67.260315 -0.032399 -0.234767 0.547599 
485 0.391886 0.000000 -0.101329 102.925682 -12.663143 -2.036883 -0.075820 
486 0.379675 0.000000 -0.101329 104.731713 -12.645940 -2.230685 -0.113363 
487 0.391886 0.000000 -0.112587 102.856530 -12.660956 -2.012133 -0.074381 
488 0.404098 0.000000 -0.101329 100.953577 -12.597036 -1.878838 -0.035384 
489 0.391886 0.000000 -0.090070 102.858479 -12.632201 -1.797642 -0.074267 
490 0.379675 0.000000 0.067552 66.370894 -0.024875 0.349573 0.559478 
491 0.379675 0.000000 0.045035 67.294905 -0.041511 0.220729 0.547135 
492 0.404098 0.000000 0.067552 98.056126 -11.876384 -0.013454 0.024395 
493 1.527580 0.000000 0.360279 99.465623 -7.585779 -0.329685 0.004894 
494 1.918356 0.000000 0.360279 99.599270 -7.592564 -0.543379 0.002204 
495 1.527580 0.000000 0.720558 99.554140 -7.182504 -0.127874 0.003737 
496 0.941416 0.000000 0.180140 102.019340 -8.008579 0.024840 -0.047208 
497 1.136804 0.000000 0.180140 101.584180 -8.642597 0.308194 -0.039414 
498 0.941416 0.000000 0.360279 99.548596 -7.648373 -0.028134 0.003158 
499 0.648333 0.000000 0.090070 101.526628 -7.484786 -0.083055 -0.036369 
500 0.746027 0.000000 0.090070 101.958257 -6.685928 -0.107626 -0.044020 
501 0.648333 0.000000 0.180140 101.608328 -8.501812 -0.035463 -0.039653 
502 0.501792 0.000000 0.135105 99.559731 -9.656662 -0.037162 -0.000539 
503 0.501792 0.000000 0.090070 99.549144 -8.542166 -0.061995 0.001700 
504 0.550639 0.000000 0.135105 101.308382 -7.225333 -0.078812 -0.031560 
505 0.501792 0.000000 0.180140 100.211409 -10.421681 -0.019665 -0.015094 
506 0.428522 0.000000 0.112587 98.005653 -12.318893 1.237242 0.024161 
507 0.428522 0.000000 0.090070 98.502331 -11.907965 0.832444 0.015480 
508 0.452945 0.000000 0.112587 98.939754 -10.698136 -0.023275 0.009647 
509 0.428522 0.000000 0.135105 99.036190 -11.707714 -0.013117 0.005476 
510 0.391886 0.000000 0.101329 102.855170 -12.607004 2.039124 -0.074228 
511 0.379675 0.000000 0.101329 104.600808 -12.602063 2.233598 -0.110513 
512 0.391886 0.000000 0.090070 102.783998 -12.584220 1.798453 -0.072615 
513 0.404098 0.000000 0.101329 100.830022 -12.547081 1.877445 -0.032765 
514 0.391886 0.000000 0.112587 102.781462 -12.605798 2.014153 -0.072699 
515 1.332192 0.000000 -0.180140 101.479129 -8.472557 -0.619076 -0.037018 
516 1.332192 0.000000 -0.360279 99.815221 -7.679958 -0.115736 -0.002207 
517 1.527580 0.000000 -0.180140 101.760121 -8.047774 -0.718969 -0.042041 
518 1.332192 0.000000 0.000000 101.131523 -6.577913 -0.947361 -0.027175 
519 1.332192 0.000000 0.180140 101.466191 -8.698754 -0.829316 -0.037174 
520 1.527580 0.000000 0.180140 101.782807 -8.417003 -0.984962 -0.043156 
521 1.332192 0.000000 0.360279 99.833198 -7.703861 -0.368051 -0.002615 
522 1.234498 0.000000 -0.090070 98.858698 -11.182455 -0.120283 0.010190 
523 1.136804 0.000000 -0.090070 100.667233 -8.201673 0.375055 -0.020130 
524 1.234498 0.000000 -0.180140 100.583116 -12.268481 0.013568 -0.026748 
525 1.332192 0.000000 -0.090070 99.924530 -9.453043 -0.504190 -0.007453 
526 1.234498 0.000000 0.000000 78.210847 -0.015972 0.146590 0.388304 
527 1.234498 0.000000 0.090070 99.331270 -11.247353 -0.114001 0.000678 
528 1.136804 0.000000 0.090070 100.766816 -8.213541 0.385572 -0.022156 
529 1.332192 0.000000 0.090070 100.152803 -9.590287 -0.534856 -0.012284 
530 1.234498 0.000000 0.180140 100.728914 -12.290368 0.017250 -0.029737 
531 4.263014 0.000000 -8.646699 99.756219 -6.979547 -0.000675 -0.000002 
532 4.263014 0.000000 -11.528932 99.756301 -6.975439 -0.000382 0.000002 
533 7.389224 0.000000 -8.646699 99.756258 -6.977627 -0.000826 0.000000 
534 2.699909 0.000000 -4.323349 99.757494 -7.001549 -0.001739 -0.000058 
535 2.699909 0.000000 -5.764466 99.755222 -6.991919 -0.001402 0.000001 
536 4.263014 0.000000 -4.323349 99.758797 -6.993786 -0.000904 -0.000073 
537 1.918356 0.000000 -2.161675 99.786667 -6.918586 -0.004418 -0.000525 
538 1.918356 0.000000 -2.882233 99.773237 -6.948958 -0.002669 -0.000299 
539 2.699909 0.000000 -2.161675 99.773727 -6.963490 0.002104 -0.000329 
540 1.527580 0.000000 -1.080837 99.820069 -7.030028 -0.033252 -0.001347 
541 1.527580 0.000000 -1.441116 99.797928 -7.010062 -0.016558 -0.000877 
542 1.918356 0.000000 -1.080837 99.894320 -7.009943 -0.017556 -0.002801 
543 1.332192 0.000000 -0.540419 99.864053 -7.203220 -0.078854 -0.002472 
544 1.136804 0.000000 -0.540419 99.875501 -7.181586 -0.149740 -0.002671 
545 1.332192 0.000000 -0.720558 100.019120 -7.109627 -0.035222 -0.005437 
546 1.527580 0.000000 -0.540419 100.017164 -7.270500 0.021456 -0.005629 
547 1.234498 0.000000 -0.270209 99.937803 -8.012738 -0.314741 -0.005187 
548 1.136804 0.000000 -0.270209 101.722501 -11.949424 0.024475 -0.049026 
549 1.234498 0.000000 -0.360279 99.835597 -7.448319 -0.073256 -0.002263 
550 1.332192 0.000000 -0.270209 101.557823 -11.823065 -0.133328 -0.045379 
551 10.515434 0.000000 -2.882233 99.756004 -6.979076 -0.010773 0.000003 
552 10.515434 0.000000 -5.764466 99.756239 -6.976813 -0.002310 0.000002 
553 13.641644 0.000000 -2.882233 99.756272 -6.976782 -0.011053 0.000001 
554 10.515434 0.000000 0.000000 99.779954 -6.635722 0.245212 -0.000013 
555 5.826119 0.000000 -1.441116 99.753385 -7.003428 -0.040701 0.000021 
556 5.826119 0.000000 -2.882233 99.756709 -6.991067 -0.006427 -0.000028 
557 7.389224 0.000000 -1.441116 99.754309 -6.996587 -0.045529 0.000012 
558 5.826119 0.000000 0.000000 99.872643 -5.279906 2.475201 -0.000855 
559 3.481461 0.000000 -0.720558 99.738230 -7.093148 -0.116462 0.000196 
560 3.481461 0.000000 -1.441116 99.758999 -6.995126 -0.013399 -0.000079 
561 4.263014 0.000000 -0.720558 99.745560 -7.069535 -0.141099 0.000083 
562 3.481461 0.000000 0.000000 99.928760 -4.142110 -1.390309 -0.000485 
563 2.309132 0.000000 -0.360279 99.080553 -7.625661 -0.337955 0.012478 
564 2.309132 0.000000 -0.720558 99.749757 -7.131682 0.017084 -0.000088 
565 2.699909 0.000000 -0.360279 99.713867 -7.363560 -0.280384 0.000284 
566 2.309132 0.000000 0.000000 135.636184 -4.691289 -1.076438 -0.842034 
567 1.722968 0.000000 -0.180140 101.995606 -7.878418 -0.813982 -0.046584 
568 1.722968 0.000000 -0.360279 99.772362 -7.338367 0.009533 -0.000838 
569 1.918356 0.000000 -0.180140 101.903715 -8.375789 -0.750033 -0.045508 
570 1.722968 0.000000 0.000000 102.015900 -6.844380 -1.192154 -0.045551 
571 1.429886 0.000000 -0.090070 101.387064 -8.582778 -0.622813 -0.035339 
572 1.429886 0.000000 -0.180140 101.495329 -8.748901 -0.547372 -0.037814 
573 1.527580 0.000000 -0.090070 101.655459 -7.929325 -0.808064 -0.039736 
574 1.429886 0.000000 0.000000 101.131098 -6.576614 -0.947418 -0.027165 
575 1.283345 0.000000 -0.135105 99.347964 -10.466882 -0.366337 0.002029 
576 1.234498 0.000000 -0.135105 99.074536 -11.447879 -0.084678 0.005318 
577 1.283345 0.000000 -0.180140 100.116632 -11.194622 -0.241071 -0.014872 
578 1.332192 0.000000 -0.135105 100.026310 -9.059641 -0.494155 -0.008758 
579 1.283345 0.000000 -0.090070 99.063167 -10.193459 -0.409042 0.008242 
580 10.515434 0.000000 2.882233 99.754930 -6.993867 -0.001669 0.000004 
581 13.641644 0.000000 2.882233 99.755064 -6.994530 0.000806 0.000000 
582 10.515434 0.000000 5.764466 99.755964 -6.980118 -0.001233 0.000003 
583 5.826119 0.000000 1.441116 99.749612 -7.037734 -0.010335 0.000049 
584 7.389224 0.000000 1.441116 99.751380 -7.042695 -0.002923 0.000006 
585 5.826119 0.000000 2.882233 99.752605 -6.989101 -0.003652 0.000057 
586 3.481461 0.000000 0.720558 99.713139 -7.218573 -0.055471 0.000518 
587 4.263014 0.000000 0.720558 99.728625 -7.215578 -0.022223 0.000214 
588 3.481461 0.000000 1.441116 99.731153 -7.048899 -0.017744 0.000401 
589 2.309132 0.000000 0.360279 99.029656 -7.789470 -0.127935 0.013244 
590 2.699909 0.000000 0.360279 99.661219 -7.675106 -0.197479 0.000870 
591 2.309132 0.000000 0.720558 99.509883 -7.214225 -0.121121 0.004572 
592 1.722968 0.000000 0.180140 102.058406 -8.435236 -0.989451 -0.048805 
593 1.918356 0.000000 0.180140 102.298398 -9.176597 -1.726824 -0.055215 
594 1.722968 0.000000 0.360279 99.406472 -7.509911 -0.488647 0.006172 
595 1.429886 0.000000 0.090070 101.378345 -8.769090 -0.695570 -0.035495 
596 1.527580 0.000000 0.090070 101.640720 -8.091859 -0.854618 -0.039704 
597 1.429886 0.000000 0.180140 101.465273 -8.995254 -0.734630 -0.037666 
598 4.263014 0.000000 8.646699 99.756602 -6.973691 -0.000866 -0.000001 
599 7.389224 0.000000 8.646699 99.756329 -6.975890 -0.000827 0.000001 
600 4.263014 0.000000 11.528932 99.756473 -6.977040 -0.000408 -0.000003 
601 2.699909 0.000000 4.323349 99.756548 -6.957471 -0.004032 0.000022 
602 4.263014 0.000000 4.323349 99.753035 -6.970949 -0.002316 0.000074 
603 2.699909 0.000000 5.764466 99.758821 -6.966385 -0.002322 -0.000035 
604 1.918356 0.000000 2.161675 99.748523 -7.029388 -0.021488 0.000082 
605 2.699909 0.000000 2.161675 99.736096 -7.026355 -0.013737 0.000334 
606 1.918356 0.000000 2.882233 99.746021 -7.017741 -0.009350 0.000148 
607 1.527580 0.000000 1.080837 99.687441 -6.991146 -0.093360 0.001353 
608 1.918356 0.000000 1.080837 99.648359 -7.057486 -0.097685 0.002039 
609 1.527580 0.000000 1.441116 99.746966 -7.003693 -0.039494 0.000149 
610 1.332192 0.000000 0.540419 99.533070 -7.255149 -0.151044 0.004051 
611 1.136804 0.000000 0.540419 99.555576 -7.201575 -0.040429 0.003682 
612 1.527580 0.000000 0.540419 99.492375 -7.317237 -0.204215 0.004768 
613 1.332192 0.000000 0.720558 99.578047 -7.128875 -0.089876 0.003338 
614 1.234498 0.000000 0.270209 100.228210 -8.057276 -0.171563 -0.011064 
615 1.136804 0.000000 0.270209 101.717544 -11.966146 0.029608 -0.048965 
616 1.332192 0.000000 0.270209 101.505704 -12.072283 -0.136488 -0.044917 
617 1.234498 0.000000 0.360279 99.925003 -7.490095 -0.130607 -0.004112 
618 1.283345 0.000000 0.135105 99.718373 -10.614798 -0.439654 -0.005662 
619 1.234498 0.000000 0.135105 99.496447 -11.508424 -0.077526 -0.003199 
620 1.283345 0.000000 0.090070 99.487086 -10.320953 -0.484713 -0.000444 
621 1.332192 0.000000 0.135105 100.224796 -9.214504 -0.630684 -0.013031 
622 1.283345 0.000000 0.180140 100.328997 -11.394518 -0.286917 -0.019582 
623 2.113744 0.000000 -0.180140 100.753568 -7.617382 3.297843 -0.022018 
624 2.113744 0.000000 -0.360279 99.555523 -7.531754 0.330702 0.003186 
625 2.309132 0.000000 -0.180140 97.696372 -7.066613 -2.613159 0.039865 
626 2.113744 0.000000 0.000000 97.417224 0.343142 0.009286 0.050977 
627 2.113744 0.000000 0.180140 101.028641 -8.079002 -3.713542 -0.028585 
628 2.309132 0.000000 0.180140 97.961003 -7.587333 1.557318 0.034365 
629 2.113744 0.000000 0.360279 99.574150 -7.799541 -0.802687 0.002351 
630 2.016050 0.000000 -0.090070 101.970901 -8.630424 -0.432418 -0.047274 
631 1.918356 0.000000 -0.090070 101.844995 -7.806779 -0.987568 -0.043432 
632 2.016050 0.000000 -0.180140 102.094506 -10.167345 -0.178654 -0.052670 
633 2.113744 0.000000 -0.090070 106.026708 -9.197093 11.101323 -0.144949 
634 2.016050 0.000000 0.000000 101.992925 -6.957414 -1.234525 -0.045249 
635 2.016050 0.000000 0.090070 101.999275 -9.613943 -0.342469 -0.049640 
636 1.918356 0.000000 0.090070 102.023921 -8.260412 -1.435777 -0.047918 
637 2.113744 0.000000 0.090070 106.582351 -9.866540 -11.172406 -0.158197 
638 2.016050 0.000000 0.180140 102.091816 -10.889434 -0.176975 -0.054135 
639 2.309132 0.000000 -1.080837 99.860207 -7.050178 0.026787 -0.002177 
640 2.309132 0.000000 -1.441116 99.787496 -7.036547 0.005020 -0.000706 
641 2.699909 0.000000 -1.080837 99.763253 -7.043077 0.000799 -0.000231 
642 2.113744 0.000000 -0.540419 99.549262 -7.225199 0.049921 0.003774 
643 1.918356 0.000000 -0.540419 99.809354 -7.148076 -0.011722 -0.001300 
644 2.113744 0.000000 -0.720558 99.827860 -7.125964 0.038882 -0.001638 
645 2.309132 0.000000 -0.540419 99.702260 -7.277822 0.035471 0.000649 
646 2.016050 0.000000 -0.270209 100.134901 -7.676259 0.328959 -0.008603 
647 1.918356 0.000000 -0.270209 101.976267 -11.008642 -0.317409 -0.052045 
648 2.016050 0.000000 -0.360279 99.801347 -7.490062 0.205544 -0.001645 
649 2.113744 0.000000 -0.270209 99.516272 -7.728849 0.994189 0.003579 
650 3.090685 0.000000 -0.360279 99.725693 -7.399823 -0.240931 -0.000003 
651 3.090685 0.000000 -0.720558 99.761104 -7.140465 -0.061895 -0.000327 
652 3.481461 0.000000 -0.360279 99.713002 -7.337755 -0.323089 0.000337 
653 3.090685 0.000000 0.000000 99.890673 -4.381851 -1.132421 0.000137 
654 2.504521 0.000000 -0.180140 100.058099 -6.635342 -0.666704 -0.005610 
655 2.504521 0.000000 -0.360279 99.587048 -7.471269 -0.364699 0.002647 
656 2.699909 0.000000 -0.180140 99.856555 -6.453434 0.144029 -0.001300 
657 2.504521 0.000000 0.000000 101.059363 -4.644051 -1.033839 -0.023563 
658 2.211438 0.000000 -0.090070 88.706925 -8.390301 16.046929 0.180318 
659 2.211438 0.000000 -0.180140 96.198125 -7.428484 2.424273 0.068486 
660 2.309132 0.000000 -0.090070 107.117049 -5.371114 -17.974127 -0.182598 
661 2.211438 0.000000 0.000000 143.892194 -0.692128 -0.164491 -1.070547 
662 2.064897 0.000000 -0.135105 102.209742 -9.733109 -0.112267 -0.054158 
663 2.016050 0.000000 -0.135105 101.927254 -9.207279 -0.347686 -0.047406 
664 2.064897 0.000000 -0.180140 101.384504 -7.578450 1.613619 -0.033885 
665 2.113744 0.000000 -0.135105 103.382195 -8.079121 6.384586 -0.079391 
666 2.064897 0.000000 -0.090070 102.193967 -9.324432 2.622258 -0.053743 
667 3.090685 0.000000 0.360279 99.654065 -7.762461 -0.150739 0.000879 
668 3.481461 0.000000 0.360279 99.675765 -7.731439 -0.118557 0.000495 
669 3.090685 0.000000 0.720558 99.675588 -7.285477 -0.034599 0.001170 
670 2.504521 0.000000 0.180140 100.029330 -7.179220 -0.314544 -0.005751 
671 2.699909 0.000000 0.180140 99.773679 -7.197112 -1.012841 -0.000761 
672 2.504521 0.000000 0.360279 99.465254 -7.778667 -0.013806 0.004616 
673 2.211438 0.000000 0.090070 89.418599 -9.097807 -16.187089 0.165952 
674 2.309132 0.000000 0.090070 107.361015 -5.909613 15.973832 -0.181647 
675 2.211438 0.000000 0.180140 96.575031 -7.932795 -3.102092 0.060071 
676 2.309132 0.000000 1.080837 99.631210 -7.106049 -0.061949 0.002312 
677 2.699909 0.000000 1.080837 99.663224 -7.129966 -0.034938 0.001640 
678 2.309132 0.000000 1.441116 99.725266 -7.031826 -0.042506 0.000542 
679 2.113744 0.000000 0.540419 99.273698 -7.358295 -0.297316 0.009050 
680 1.918356 0.000000 0.540419 99.433815 -7.277947 -0.279721 0.005987 
681 2.309132 0.000000 0.540419 99.463376 -7.452238 -0.203796 0.005146 
682 2.113744 0.000000 0.720558 99.604594 -7.208486 -0.184482 0.002693 
683 2.016050 0.000000 0.270209 100.122161 -7.953444 -0.809485 -0.008836 
684 1.918356 0.000000 0.270209 102.076443 -11.887195 -0.320181 -0.056101 
685 2.113744 0.000000 0.270209 99.650880 -8.053906 -1.526502 0.000251 
686 2.016050 0.000000 0.360279 99.759264 -7.671921 -0.616814 -0.001115 
687 2.064897 0.000000 0.135105 102.085411 -10.495953 -0.075165 -0.053160 
688 2.016050 0.000000 0.135105 101.980536 -10.295594 -0.251940 -0.050609 
689 2.064897 0.000000 0.090070 102.293370 -10.150508 -2.734578 -0.057444 
690 2.113744 0.000000 0.135105 103.831266 -8.625708 -6.654596 -0.089962 
691 2.064897 0.000000 0.180140 101.524132 -8.006415 -1.895834 -0.037485 
692 2.211438 0.000000 -0.270209 98.143147 -7.742103 0.590582 0.030763 
693 2.211438 0.000000 -0.360279 99.069976 -7.515574 0.084554 0.012865 
694 2.309132 0.000000 -0.270209 98.495505 -7.551329 -0.770904 0.024102 
695 2.162591 0.000000 -0.135105 98.426521 -7.829297 8.108671 0.018517 
696 2.162591 0.000000 -0.180140 98.494182 -7.579609 3.855201 0.022658 
697 2.211438 0.000000 -0.135105 93.365037 -7.369880 5.807071 0.119493 
698 2.162591 0.000000 -0.090070 98.338285 -9.006542 15.631112 0.000413 
699 2.064897 0.000000 -0.045035 102.209415 -9.657870 -0.092752 -0.054005 
700 2.016050 0.000000 -0.045035 101.914018 -7.415603 -0.905616 -0.044228 
701 2.113744 0.000000 -0.045035 95.731412 0.446138 4.276502 0.081701 
702 2.064897 0.000000 0.000000 90.461809 0.487396 0.029913 0.181642 
703 2.089321 0.000000 -0.112587 105.193984 -8.987452 5.492184 -0.117671 
704 2.064897 0.000000 -0.112587 102.882432 -9.119887 4.115858 -0.068491 
705 2.089321 0.000000 -0.135105 102.226546 -9.288835 -0.028341 -0.053655 
706 2.113744 0.000000 -0.112587 106.085189 -9.197171 10.968901 -0.145897 
707 2.089321 0.000000 -0.090070 105.030744 -8.994891 5.185454 -0.113925 
708 2.064897 0.000000 0.045035 102.081205 -10.400161 -0.056355 -0.052874 
709 2.016050 0.000000 0.045035 101.943922 -8.289662 -0.726553 -0.046181 
710 2.113744 0.000000 0.045035 95.597885 0.404384 -4.241269 0.084289 
711 2.211438 0.000000 0.270209 98.210291 -8.134509 -1.203866 0.028712 
712 2.309132 0.000000 0.270209 98.555416 -8.026987 0.042279 0.022240 
713 2.211438 0.000000 0.360279 99.221316 -7.823721 -0.628681 0.009352 
714 2.162591 0.000000 0.135105 98.974357 -8.415477 -8.557246 0.006003 
715 2.162591 0.000000 0.090070 98.935197 -9.764675 -15.739579 -0.013126 
716 2.211438 0.000000 0.135105 93.983290 -7.941842 -6.401525 0.106309 
717 2.162591 0.000000 0.180140 98.818231 -8.049072 -4.399347 0.015082 
718 2.089321 0.000000 0.112587 105.573631 -9.561524 -5.549153 -0.126801 
719 2.064897 0.000000 0.112587 103.066408 -9.794952 -4.188461 -0.073617 
720 2.089321 0.000000 0.090070 105.379858 -9.581863 -5.247875 -0.122427 
721 2.113744 0.000000 0.112587 106.640866 -9.864853 -11.039259 -0.159145 
722 2.089321 0.000000 0.135105 102.110175 -9.841982 -0.021083 -0.052335 
723 2.162591 0.000000 -0.045035 114.293048 0.136096 8.326688 -0.313225 
724 2.211438 0.000000 -0.045035 144.559814 -0.462578 11.058828 -1.102005 
725 2.162591 0.000000 0.000000 116.002655 -0.041509 -0.054958 -0.345662 
726 2.138168 0.000000 -0.112587 102.198461 -9.160119 15.100413 -0.075646 
727 2.138168 0.000000 -0.135105 100.976970 -7.982353 7.934914 -0.032303 
728 2.162591 0.000000 -0.112587 98.448580 -8.650959 11.898687 0.009146 
729 2.138168 0.000000 -0.090070 101.865487 -9.152981 15.051291 -0.068690 
730 2.089321 0.000000 -0.067552 102.226425 -9.287115 -0.028534 -0.053649 
731 2.064897 0.000000 -0.067552 101.893478 -9.877856 -0.277323 -0.047993 
732 2.113744 0.000000 -0.067552 93.397840 0.621257 6.394795 0.123556 
733 2.089321 0.000000 -0.045035 91.127959 0.614583 2.257014 0.169022 
734 2.101533 0.000000 -0.101329 106.643188 -9.123125 7.997740 -0.151996 
735 2.089321 0.000000 -0.101329 105.590691 -8.999295 5.789915 -0.126390 
736 2.101533 0.000000 -0.112587 106.923690 -9.136630 7.339599 -0.157002 
737 2.113744 0.000000 -0.101329 106.001839 -9.204679 11.463138 -0.145252 
738 2.101533 0.000000 -0.090070 106.909233 -9.141341 7.927331 -0.157599 
739 2.162591 0.000000 0.045035 114.121867 0.081141 -8.383289 -0.309409 
740 2.211438 0.000000 0.045035 144.014720 -0.555597 -11.274599 -1.086766 
741 2.089321 0.000000 0.067552 102.110020 -9.840891 -0.021229 -0.052330 
742 2.064897 0.000000 0.067552 101.916807 -11.189512 0.024348 -0.051224 
743 2.089321 0.000000 0.045035 90.935368 0.569403 -2.138700 0.172586 
744 2.113744 0.000000 0.067552 93.218585 0.508158 -6.336415 0.126989 
745 2.138168 0.000000 0.112587 102.735493 -9.916601 -15.192606 -0.088374 
746 2.138168 0.000000 0.090070 102.404591 -9.906756 -15.143554 -0.081417 
747 2.162591 0.000000 0.112587 99.081965 -9.347182 -12.185755 -0.005310 
748 2.138168 0.000000 0.135105 101.451653 -8.555387 -8.297197 -0.043448 
749 2.101533 0.000000 0.101329 107.163908 -9.734644 -8.050682 -0.164368 
750 2.089321 0.000000 0.101329 106.006153 -9.570387 -5.842764 -0.136303 
751 2.101533 0.000000 0.090070 107.447494 -9.754051 -7.980285 -0.170379 
752 2.113744 0.000000 0.101329 106.559116 -9.874890 -11.536190 -0.158544 
753 2.101533 0.000000 0.112587 107.440584 -9.741040 -7.389078 -0.169297 
754 2.138168 0.000000 -0.067552 101.592343 0.396154 9.707393 -0.041539 
755 2.162591 0.000000 -0.067552 112.151972 0.223222 12.492496 -0.273418 
756 2.138168 0.000000 -0.045035 103.524770 0.279245 6.458546 -0.075917 
757 2.125956 0.000000 -0.101329 103.303094 -9.158632 14.930084 -0.097832 
758 2.125956 0.000000 -0.112587 104.007164 -9.182058 14.245303 -0.110473 
759 2.138168 0.000000 -0.101329 101.982311 -9.157502 15.068321 -0.071131 
760 2.125956 0.000000 -0.090070 103.927437 -9.180901 14.299769 -0.108968 
761 2.138168 0.000000 0.067552 101.417961 0.302055 -9.704918 -0.037988 
762 2.138168 0.000000 0.045035 103.410937 0.226578 -6.486593 -0.073595 
763 2.162591 0.000000 0.067552 111.957658 0.110294 -12.525343 -0.269141 
764 2.125956 0.000000 0.101329 103.851851 -9.912448 -15.022453 -0.110914 
765 2.125956 0.000000 0.090070 104.478856 -9.910852 -14.388416 -0.122108 
766 2.138168 0.000000 0.101329 102.519635 -9.912066 -15.160418 -0.083836 
767 2.125956 0.000000 0.112587 104.559193 -9.910522 -14.333682 -0.123630 
768 2.406827 0.000000 -0.090070 102.636542 -5.006804 -2.819798 -0.056728 
769 2.406827 0.000000 -0.180140 100.082680 -6.737031 -1.676426 -0.006474 
770 2.504521 0.000000 -0.090070 100.747009 -4.778487 -0.888605 -0.017358 
771 2.406827 0.000000 0.000000 105.110489 -4.895118 -1.128234 -0.107345 
772 2.260285 0.000000 -0.135105 90.860784 -6.792356 -1.939481 0.169442 
773 2.260285 0.000000 -0.180140 95.599071 -7.262460 -0.615524 0.080770 
774 2.309132 0.000000 -0.135105 97.744019 -6.319643 -6.829512 0.035953 
775 2.260285 0.000000 -0.090070 73.054071 -7.455570 12.064214 0.446197 
776 2.187015 0.000000 -0.112587 95.316576 -8.147457 11.488773 0.071638 
777 2.187015 0.000000 -0.135105 96.068561 -7.625409 7.468473 0.065691 
778 2.211438 0.000000 -0.112587 90.460055 -7.695433 9.737559 0.166294 
779 2.187015 0.000000 -0.090070 92.528676 -8.671864 16.889732 0.107798 
780 2.150380 0.000000 -0.101329 100.905510 -9.120191 14.909992 -0.048741 
781 2.150380 0.000000 -0.112587 101.304646 -9.139309 14.968721 -0.057022 
782 2.162591 0.000000 -0.101329 98.612611 -9.018024 15.361487 -0.004175 
783 2.150380 0.000000 -0.090070 100.852145 -9.117792 14.902025 -0.047636 
784 2.406827 0.000000 0.090070 102.635148 -5.665105 1.166186 -0.056743 
785 2.504521 0.000000 0.090070 100.716903 -5.356406 -0.658308 -0.017302 
786 2.406827 0.000000 0.180140 100.097251 -7.268006 0.677469 -0.007274 
787 2.260285 0.000000 0.135105 91.572925 -7.310970 0.968728 0.156001 
788 2.260285 0.000000 0.090070 74.478969 -8.313801 -12.309968 0.423223 
789 2.309132 0.000000 0.135105 98.148871 -6.854637 5.432845 0.029030 
790 2.260285 0.000000 0.180140 95.981069 -7.771337 -0.256413 0.072717 
791 2.187015 0.000000 0.112587 95.931770 -8.806155 -11.864447 0.057878 
792 2.187015 0.000000 0.090070 93.204369 -9.420002 -17.027519 0.093427 
793 2.211438 0.000000 0.112587 91.233935 -8.296108 -10.250121 0.150248 
794 2.187015 0.000000 0.135105 96.685997 -8.173772 -7.996299 0.052107 
795 2.150380 0.000000 0.101329 101.457629 -9.868925 -15.003596 -0.061615 
796 2.150380 0.000000 0.090070 101.405413 -9.866625 -14.995796 -0.060528 
797 2.162591 0.000000 0.101329 99.206603 -9.773866 -15.467125 -0.017671 
798 2.150380 0.000000 0.112587 101.848100 -9.888656 -15.061217 -0.069766 
799 2.260285 0.000000 -0.045035 176.697646 -2.385244 0.464734 -2.122796 
800 2.309132 0.000000 -0.045035 131.228126 -4.677483 -14.314631 -0.744761 
801 2.260285 0.000000 0.000000 163.001737 -2.663582 -0.580950 -1.657700 
802 2.187015 0.000000 -0.067552 125.642703 -0.019187 15.651334 -0.603105 
803 2.211438 0.000000 -0.067552 144.666109 -0.317897 18.614186 -1.127487 
804 2.187015 0.000000 -0.045035 127.979536 -0.126338 10.137013 -0.648154 
805 2.174803 0.000000 -0.101329 95.362980 -8.851204 16.423586 0.055782 
806 2.174803 0.000000 -0.112587 96.976760 -8.380346 11.711543 0.038812 
807 2.187015 0.000000 -0.101329 92.559301 -8.674969 16.895272 0.107207 
808 2.174803 0.000000 -0.090070 95.035427 -8.832983 16.520291 0.061733 
809 2.260285 0.000000 0.045035 175.327846 -2.657690 -1.536773 -2.074928 
810 2.309132 0.000000 0.045035 130.952803 -5.032735 12.086702 -0.732005 
811 2.187015 0.000000 0.067552 125.219719 -0.061392 -15.691247 -0.592620 
812 2.187015 0.000000 0.045035 127.602451 -0.143847 -10.246746 -0.638740 
813 2.211438 0.000000 0.067552 143.959791 -0.408393 -18.662213 -1.107287 
814 2.174803 0.000000 0.101329 96.006399 -9.616876 -16.549115 0.041641 
815 2.174803 0.000000 0.090070 95.683823 -9.600126 -16.647828 0.047529 
816 2.187015 0.000000 0.101329 93.238993 -9.430006 -17.034150 0.092740 
817 2.174803 0.000000 0.112587 97.614939 -9.059573 -12.043590 0.024420 
818 2.235862 0.000000 -0.067552 163.489456 -0.907176 17.231423 -1.702655 
819 2.235862 0.000000 -0.090070 77.192517 -7.711753 12.747785 0.381934 
820 2.260285 0.000000 -0.067552 71.182069 -7.386696 11.754388 0.474038 
821 2.235862 0.000000 -0.045035 161.912290 -1.155950 9.506634 -1.630730 
822 2.235862 0.000000 -0.112587 86.731771 -7.201580 4.913407 0.240160 
823 2.235862 0.000000 -0.135105 91.298178 -7.074630 2.616012 0.160775 
824 2.260285 0.000000 -0.112587 83.897300 -6.697086 -2.905800 0.290795 
825 2.223650 0.000000 -0.078811 82.604415 -8.033323 14.206896 0.291014 
826 2.211438 0.000000 -0.078811 88.237760 -8.362659 15.912460 0.189096 
827 2.223650 0.000000 -0.090070 82.558122 -8.028560 14.081998 0.292140 
828 2.235862 0.000000 -0.078811 77.055272 -7.702776 12.725184 0.384122 
829 2.223650 0.000000 -0.067552 154.841706 -0.584846 17.183709 -1.427158 
830 2.235862 0.000000 0.067552 162.434959 -1.084193 -17.419612 -1.668973 
831 2.235862 0.000000 0.045035 161.007261 -1.317874 -9.955468 -1.602419 
832 2.260285 0.000000 0.067552 72.707176 -8.317990 -12.016859 0.450007 
833 2.235862 0.000000 0.090070 78.384789 -8.512492 -12.955221 0.361552 
834 2.235862 0.000000 0.112587 87.561326 -7.779843 -5.566424 0.224150 
835 2.260285 0.000000 0.112587 84.901744 -7.247044 1.903644 0.273555 
836 2.235862 0.000000 0.135105 92.000507 -7.628602 -3.361599 0.146641 
837 2.223650 0.000000 0.078811 83.540466 -8.798807 -14.377202 0.273687 
838 2.211438 0.000000 0.078811 88.963770 -9.077641 -16.054661 0.174529 
839 2.223650 0.000000 0.067552 153.921887 -0.711253 -17.286361 -1.399127 
840 2.235862 0.000000 0.078811 78.254975 -8.503846 -12.933832 0.363656 
841 2.223650 0.000000 0.090070 83.488390 -8.797033 -14.250233 0.274923 
842 2.357979 0.000000 -0.045035 110.416029 -4.761314 -4.677632 -0.223625 
843 2.357979 0.000000 -0.090070 105.176790 -5.169181 -5.596713 -0.112020 
844 2.406827 0.000000 -0.045035 104.452017 -4.758686 -2.355943 -0.093842 
845 2.357979 0.000000 0.000000 112.427831 -4.883031 -1.124100 -0.266512 
846 2.284709 0.000000 -0.067552 157.377328 -4.612380 -48.722883 -1.716282 
847 2.284709 0.000000 -0.090070 90.111771 -5.711036 -36.392668 0.052283 
848 2.309132 0.000000 -0.067552 120.838748 -4.901621 -20.150598 -0.503208 
849 2.284709 0.000000 -0.045035 160.187113 -4.019687 -17.354856 -1.597726 
850 2.248074 0.000000 -0.078811 74.320577 -7.520639 12.273898 0.426924 
851 2.248074 0.000000 -0.090070 74.665722 -7.543253 12.330925 0.421608 
852 2.260285 0.000000 -0.078811 71.711367 -7.401774 11.841817 0.466246 
853 2.248074 0.000000 -0.067552 73.742633 -7.485266 12.178346 0.435768 
854 2.357979 0.000000 0.045035 110.435377 -5.138768 2.538799 -0.222882 
855 2.406827 0.000000 0.045035 104.428800 -5.222049 0.302642 -0.093274 
856 2.357979 0.000000 0.090070 105.319585 -5.690743 3.848959 -0.113941 
857 2.284709 0.000000 0.067552 156.236801 -5.026889 45.804288 -1.653324 
858 2.284709 0.000000 0.045035 159.271290 -4.286978 15.351420 -1.562139 
859 2.309132 0.000000 0.067552 120.721814 -5.415319 17.908739 -0.492381 
860 2.284709 0.000000 0.090070 91.032369 -6.218648 34.042156 0.051557 
861 2.248074 0.000000 0.078811 75.670881 -8.345664 -12.507091 0.404784 
862 2.248074 0.000000 0.067552 75.125761 -8.320268 -12.416957 0.413271 
863 2.260285 0.000000 0.078811 73.213090 -8.308735 -12.100562 0.442438 
864 2.248074 0.000000 0.090070 75.996742 -8.363676 -12.560966 0.399677 
865 5.044566 0.000000 -0.720558 99.748337 -7.056959 -0.159915 0.000044 
866 5.044566 0.000000 -1.441116 99.753403 -7.008606 -0.035379 0.000014 
867 5.826119 0.000000 -0.720558 99.750837 -7.030802 -0.168192 0.000031 
868 5.044566 0.000000 0.000000 99.956549 -4.053454 -2.791092 -0.001553 
869 3.872238 0.000000 -0.360279 99.721895 -7.323720 -0.379230 0.000176 
870 3.872238 0.000000 -0.720558 99.743433 -7.079795 -0.128316 0.000111 
871 4.263014 0.000000 -0.360279 99.727368 -7.294325 -0.445174 0.000105 
872 3.872238 0.000000 0.000000 99.952024 -3.976250 -1.789826 -0.000942 
873 5.044566 0.000000 0.720558 99.735347 -7.204374 0.002539 0.000096 
874 5.826119 0.000000 0.720558 99.738404 -7.197452 0.028386 0.000045 
875 5.044566 0.000000 1.441116 99.747126 -7.034056 -0.012821 0.000103 
876 3.872238 0.000000 0.360279 99.686373 -7.741475 -0.027216 0.000270 
877 4.263014 0.000000 0.360279 99.693039 -7.733231 0.063916 0.000149 
878 3.872238 0.000000 0.720558 99.722512 -7.217480 -0.035487 0.000333 
879 3.676849 0.000000 -0.180140 99.798409 -6.135675 2.772097 -0.000505 
880 3.481461 0.000000 -0.180140 99.787441 -6.212122 1.767150 0.000075 
881 3.676849 0.000000 -0.360279 99.717206 -7.332801 -0.353626 0.000258 
882 3.872238 0.000000 -0.180140 99.882324 -4.998866 4.962949 -0.002610 
883 3.676849 0.000000 0.000000 99.946653 -3.985337 -1.563480 -0.000766 
884 4.653790 0.000000 -0.360279 99.732830 -7.245632 -0.505132 0.000061 
885 4.653790 0.000000 -0.720558 99.747098 -7.063171 -0.150152 0.000061 
886 5.044566 0.000000 -0.360279 99.738981 -7.176628 -0.552053 0.000033 
887 4.653790 0.000000 0.000000 99.924896 -4.479816 -2.189425 -0.000985 
888 4.067626 0.000000 -0.180140 100.140572 -1.341791 -1.213125 -0.003141 
889 4.067626 0.000000 -0.360279 99.724702 -7.311190 -0.412322 0.000136 
890 4.263014 0.000000 -0.180140 99.451173 -11.227625 -1.396079 -0.001854 
891 4.067626 0.000000 0.000000 99.945853 -4.107417 -1.932694 -0.000978 
892 3.676849 0.000000 0.180140 99.576241 -9.264807 -3.992151 -0.001720 
893 3.481461 0.000000 0.180140 99.654452 -8.042719 -2.791350 -0.000349 
894 3.872238 0.000000 0.180140 99.173520 -15.089335 -2.447337 -0.006906 
895 3.676849 0.000000 0.360279 99.682118 -7.743026 -0.077447 0.000351 
896 3.774543 0.000000 -0.090070 100.024337 -2.926345 1.100000 -0.001464 
897 3.676849 0.000000 -0.090070 100.014445 -3.029953 0.718384 -0.001259 
898 3.774543 0.000000 -0.180140 99.818043 -5.893112 3.629592 -0.001154 
899 3.872238 0.000000 -0.090070 100.026944 -2.917314 1.461910 -0.001604 
900 3.774543 0.000000 0.000000 99.951304 -3.954182 -1.683048 -0.000873 
901 4.653790 0.000000 0.360279 99.698509 -7.703168 0.153342 0.000085 
902 5.044566 0.000000 0.360279 99.704170 -7.653591 0.229983 0.000045 
903 4.653790 0.000000 0.720558 99.732414 -7.210503 -0.008380 0.000145 
904 4.067626 0.000000 0.180140 99.451398 -11.163014 1.692078 -0.001806 
905 4.263014 0.000000 0.180140 99.511074 -10.344426 1.727602 -0.001245 
906 4.067626 0.000000 0.360279 99.690022 -7.739358 0.017955 0.000200 
907 3.969932 0.000000 -0.090070 100.010033 -3.180871 0.531256 -0.001241 
908 3.969932 0.000000 -0.180140 100.144627 -1.267279 5.695842 -0.006299 
909 4.067626 0.000000 -0.090070 100.235717 0.028429 -1.338391 -0.004899 
910 3.969932 0.000000 0.000000 99.949452 -4.036533 -1.873402 -0.000970 
911 3.774543 0.000000 0.090070 99.859962 -5.250745 -2.612497 -0.000641 
912 3.676849 0.000000 0.090070 99.863333 -5.165565 -2.546411 -0.000585 
913 3.872238 0.000000 0.090070 99.857597 -5.315611 -2.579592 -0.000645 
914 3.774543 0.000000 0.180140 99.442005 -11.220647 -4.769908 -0.003737 
915 3.823390 0.000000 -0.045035 99.936051 -4.197802 -1.250961 -0.000640 
916 3.774543 0.000000 -0.045035 99.922219 -4.375694 -1.294813 -0.000527 
917 3.823390 0.000000 -0.090070 100.026015 -2.918240 1.284785 -0.001537 
918 3.872238 0.000000 -0.045035 99.953227 -3.965110 -1.535891 -0.000873 
919 3.823390 0.000000 0.000000 99.952380 -3.957747 -1.736190 -0.000916 
920 3.286073 0.000000 -0.180140 99.794674 -6.247340 1.197618 0.000056 
921 3.090685 0.000000 -0.180140 99.812541 -6.305125 0.774683 -0.000290 
922 3.286073 0.000000 -0.360279 99.724091 -7.386836 -0.263367 0.000047 
923 3.286073 0.000000 0.000000 99.911877 -4.354669 -1.245749 -0.000290 
924 3.579155 0.000000 -0.090070 99.998007 -3.223611 0.404000 -0.001016 
925 3.481461 0.000000 -0.090070 99.978492 -3.452500 0.171854 -0.000765 
926 3.579155 0.000000 -0.180140 99.791230 -6.201143 2.192998 -0.000155 
927 3.579155 0.000000 0.000000 99.938608 -4.055978 -1.464319 -0.000632 
928 3.725696 0.000000 -0.045035 99.914533 -4.469343 -1.119973 -0.000414 
929 3.676849 0.000000 -0.045035 99.907801 -4.547614 -1.069472 -0.000339 
930 3.725696 0.000000 -0.090070 100.020320 -2.962911 0.902701 -0.001366 
931 3.725696 0.000000 0.000000 99.949467 -3.963997 -1.622497 -0.000824 
932 3.481461 0.000000 -2.161675 99.763244 -6.973443 -0.001635 -0.000133 
933 3.481461 0.000000 -2.882233 99.760236 -6.986230 -0.000863 -0.000091 
934 4.263014 0.000000 -2.161675 99.756400 -7.001778 -0.008587 -0.000036 
935 3.872238 0.000000 -1.080837 99.751490 -7.020538 -0.048317 0.000035 
936 3.481461 0.000000 -1.080837 99.752794 -7.018564 -0.037786 0.000012 
937 3.872238 0.000000 -1.441116 99.756158 -6.995887 -0.020614 -0.000023 
938 4.263014 0.000000 -1.080837 99.751427 -7.019315 -0.056191 0.000038 
939 3.676849 0.000000 -0.540419 99.732563 -7.154977 -0.218875 0.000217 
940 3.481461 0.000000 -0.540419 99.729123 -7.167037 -0.205381 0.000269 
941 3.676849 0.000000 -0.720558 99.742311 -7.084087 -0.119957 0.000127 
942 3.872238 0.000000 -0.540419 99.736688 -7.144367 -0.224843 0.000150 
943 3.774543 0.000000 -0.270209 99.693160 -7.698658 -0.238102 0.000195 
944 3.676849 0.000000 -0.270209 99.693080 -7.660419 -0.191752 0.000257 
945 3.774543 0.000000 -0.360279 99.720413 -7.327511 -0.362905 0.000202 
946 3.872238 0.000000 -0.270209 99.692103 -7.734198 -0.300082 0.000158 
947 3.823390 0.000000 -0.135105 99.934984 -4.227213 1.471663 -0.000704 
948 3.774543 0.000000 -0.135105 99.930811 -4.272204 1.431184 -0.000647 
949 3.823390 0.000000 -0.180140 99.839877 -5.594780 4.224392 -0.001715 
950 3.872238 0.000000 -0.135105 99.938432 -4.189675 1.501548 -0.000750 
951 3.798967 0.000000 -0.067552 100.065021 -2.350204 0.781440 -0.001914 
952 3.774543 0.000000 -0.067552 100.051577 -2.528891 0.541689 -0.001701 
953 3.798967 0.000000 -0.090070 100.025546 -2.918329 1.196077 -0.001506 
954 3.823390 0.000000 -0.067552 100.090161 -1.997454 0.736659 -0.002257 
955 3.798967 0.000000 -0.045035 99.916207 -4.474673 -1.272451 -0.000489 
956 4.458402 0.000000 -0.180140 99.621441 -8.812971 -2.044558 -0.000628 
957 4.458402 0.000000 -0.360279 99.730100 -7.271747 -0.476572 0.000080 
958 4.653790 0.000000 -0.180140 99.610307 -8.987827 -6.512313 -0.004540 
959 4.458402 0.000000 0.000000 99.928889 -4.405054 -2.102976 -0.000961 
960 4.458402 0.000000 0.180140 99.563883 -9.615319 2.127500 -0.000995 
961 4.653790 0.000000 0.180140 99.620203 -8.829300 2.149667 -0.000676 
962 4.458402 0.000000 0.360279 99.695787 -7.721546 0.109411 0.000112 
963 4.360708 0.000000 -0.090070 100.186173 -0.721132 -2.219615 -0.004272 
964 4.263014 0.000000 -0.090070 100.195313 -0.578619 -2.033155 -0.004357 
965 4.360708 0.000000 -0.180140 99.549335 -9.834765 -3.506869 -0.001909 
966 4.458402 0.000000 -0.090070 100.174894 -0.892649 -2.335707 -0.004126 
967 4.360708 0.000000 0.000000 99.932833 -4.337732 -2.063429 -0.000964 
968 8.952329 0.000000 -1.441116 99.755484 -6.986474 -0.044901 0.000003 
969 8.952329 0.000000 -2.882233 99.755965 -6.981641 -0.010044 0.000000 
970 10.515434 0.000000 -1.441116 99.756015 -6.978393 -0.044647 0.000004 
971 8.952329 0.000000 0.000000 99.793138 -6.446026 0.392840 -0.000038 
972 6.607671 0.000000 -0.720558 99.753508 -7.008698 -0.167137 0.000009 
973 6.607671 0.000000 -1.441116 99.754646 -7.000444 -0.040946 0.000000 
974 7.389224 0.000000 -0.720558 99.755039 -6.985577 -0.166417 0.000011 
975 6.607671 0.000000 0.000000 99.845088 -5.691109 1.264212 -0.000303 
976 5.435343 0.000000 -0.360279 99.745513 -7.095187 -0.573686 0.000016 
977 5.435343 0.000000 -0.720558 99.749818 -7.042413 -0.163722 0.000035 
978 5.826119 0.000000 -0.360279 99.751841 -7.012892 -0.573025 0.000006 
979 5.435343 0.000000 0.000000 99.936213 -4.360235 3.631214 -0.001944 
980 4.849178 0.000000 -0.180140 99.748778 -7.019356 -4.021846 -0.001527 
981 4.849178 0.000000 -0.360279 99.735891 -7.212445 -0.529741 0.000045 
982 5.044566 0.000000 -0.180140 99.783340 -6.536144 -3.209912 -0.000974 
983 4.849178 0.000000 0.000000 99.931231 -4.401945 -2.320596 -0.001101 
984 8.952329 0.000000 1.441116 99.751549 -7.039480 0.006872 0.000007 
985 10.515434 0.000000 1.441116 99.752048 -7.034777 0.013632 0.000004 
986 8.952329 0.000000 2.882233 99.754686 -6.994282 -0.002598 0.000008 
987 6.607671 0.000000 0.720558 99.740080 -7.186385 0.054748 0.000027 
988 7.389224 0.000000 0.720558 99.742212 -7.169184 0.072007 0.000009 
989 6.607671 0.000000 1.441116 99.749934 -7.041365 -0.004038 0.000037 
990 5.435343 0.000000 0.360279 99.709533 -7.595745 0.295113 0.000023 
991 5.826119 0.000000 0.360279 99.715090 -7.529130 0.342618 0.000010 
992 5.435343 0.000000 0.720558 99.736789 -7.201776 0.016813 0.000071 
993 4.849178 0.000000 0.180140 99.656442 -8.324418 1.962586 -0.000455 
994 5.044566 0.000000 0.180140 99.679110 -8.016088 1.771338 -0.000332 
995 4.849178 0.000000 0.360279 99.701185 -7.678509 0.194677 0.000068 
996 4.751484 0.000000 -0.090070 100.130075 -1.557159 -2.261937 -0.003357 
997 4.653790 0.000000 -0.090070 100.146173 -1.320003 -2.351654 -0.003653 
998 4.751484 0.000000 -0.180140 99.717326 -7.463829 -4.776971 -0.002207 
999 4.849178 0.000000 -0.090070 100.113490 -1.799649 -2.123792 -0.003046 
1000 4.751484 0.000000 0.000000 99.926381 -4.465983 -2.243987 -0.001026 
1001 5.239954 0.000000 0.180140 99.694239 -7.809998 1.614659 -0.000254 
1002 5.239954 0.000000 0.000000 100.417938 2.535276 -6.519986 -0.013270 
1003 5.435343 0.000000 0.180140 99.705257 -7.659718 1.487379 -0.000202 
1004 5.239954 0.000000 0.360279 99.706825 -7.626767 0.264701 0.000031 
1005 2.895297 0.000000 -0.180140 99.813973 -6.320158 0.398430 -0.000293 
1006 2.895297 0.000000 -0.360279 99.721214 -7.350231 -0.278726 0.000158 
1007 2.895297 0.000000 0.000000 99.902259 -4.442075 -1.098673 -0.000140 
1008 3.286073 0.000000 0.180140 99.678205 -7.655912 -2.102082 0.000122 
1009 3.090685 0.000000 0.180140 99.690074 -7.426715 -1.649642 0.000401 
1010 3.286073 0.000000 0.360279 99.664152 -7.780371 -0.121153 0.000651 
1011 3.188379 0.000000 -0.090070 99.925818 -4.100550 -0.139459 -0.000200 
1012 3.090685 0.000000 -0.090070 99.917586 -4.158977 -0.154664 -0.000084 
1013 3.188379 0.000000 -0.180140 99.809805 -6.244970 0.968292 -0.000193 
1014 3.286073 0.000000 -0.090070 99.947482 -3.936100 -0.067881 -0.000500 
1015 3.188379 0.000000 0.000000 99.896145 -4.405013 -1.197558 -0.000008 
1016 3.969932 0.000000 0.090070 99.866947 -5.206874 -2.489997 -0.000672 
1017 4.067626 0.000000 0.090070 99.886079 -4.953921 -2.420411 -0.000763 
1018 3.969932 0.000000 0.180140 99.321615 -12.997507 1.776721 -0.003688 
1019 3.921085 0.000000 -0.045035 99.962991 -3.837310 -1.793905 -0.001054 
1020 3.921085 0.000000 -0.090070 100.015777 -3.088340 1.703382 -0.001559 
1021 3.969932 0.000000 -0.045035 99.963217 -3.844930 -1.979128 -0.001135 
1022 3.921085 0.000000 0.000000 99.950957 -4.003771 -1.835530 -0.000959 
1023 4.067626 0.000000 -0.540419 99.738754 -7.133672 -0.235255 0.000124 
1024 4.067626 0.000000 -0.720558 99.744565 -7.074121 -0.135237 0.000096 
1025 4.263014 0.000000 -0.540419 99.740511 -7.124000 -0.244302 0.000102 
1026 3.969932 0.000000 -0.270209 99.691489 -7.760412 -0.369951 0.000125 
1027 3.969932 0.000000 -0.360279 99.723298 -7.318696 -0.395735 0.000154 
1028 4.067626 0.000000 -0.270209 99.691527 -7.774369 -0.445723 0.000096 
1029 3.921085 0.000000 -0.135105 99.941185 -4.161104 1.520983 -0.000787 
1030 3.921085 0.000000 -0.180140 99.970693 -3.745299 5.738361 -0.004110 
1031 3.969932 0.000000 -0.135105 99.943089 -4.143815 1.529757 -0.000813 
1032 3.896661 0.000000 -0.067552 100.143851 -1.248251 -0.248338 -0.003041 
1033 3.872238 0.000000 -0.067552 100.132930 -1.398511 0.175593 -0.002859 
1034 3.896661 0.000000 -0.090070 100.025730 -2.940463 1.581220 -0.001629 
1035 3.921085 0.000000 -0.067552 100.143814 -1.254448 -0.646216 -0.003077 
1036 3.896661 0.000000 -0.045035 99.958976 -3.888942 -1.666538 -0.000970 
1037 3.847814 0.000000 -0.067552 100.113504 -1.670116 0.514939 -0.002577 
1038 3.847814 0.000000 -0.090070 100.026449 -2.918354 1.369711 -0.001568 
1039 3.847814 0.000000 -0.045035 99.946077 -4.061044 -1.400638 -0.000767 
1040 3.896661 0.000000 -0.112587 99.964886 -3.813688 1.481055 -0.000972 
1041 3.872238 0.000000 -0.112587 99.964800 -3.809258 1.435139 -0.000953 
1042 3.896661 0.000000 -0.135105 99.939905 -4.174129 1.512596 -0.000770 
1043 3.921085 0.000000 -0.112587 99.964712 -3.821585 1.526080 -0.000988 
1044 3.884449 0.000000 -0.078811 100.173066 -0.829105 0.404567 -0.003549 
1045 3.872238 0.000000 -0.078811 100.161999 -0.984408 0.896314 -0.003420 
1046 3.884449 0.000000 -0.090070 100.026817 -2.922059 1.517229 -0.001620 
1047 3.896661 0.000000 -0.078811 100.169795 -0.878768 -0.122887 -0.003478 
1048 3.884449 0.000000 -0.067552 100.139794 -1.303342 -0.031155 -0.002968 
1049 4.165320 0.000000 -0.090070 100.202837 -0.457510 -1.780802 -0.004399 
1050 4.165320 0.000000 -0.180140 99.728276 -7.252436 -0.651212 0.000125 
1051 4.165320 0.000000 0.000000 99.941707 -4.183657 -1.980620 -0.000977 
1052 5.826119 0.000000 -4.323349 99.754867 -6.987046 -0.004306 0.000015 
1053 5.826119 0.000000 -5.764466 99.756543 -6.981813 -0.001451 -0.000011 
1054 7.389224 0.000000 -4.323349 99.756241 -6.981050 -0.003516 -0.000004 
1055 5.044566 0.000000 -2.161675 99.755550 -6.995781 -0.012657 -0.000011 
1056 5.044566 0.000000 -2.882233 99.755489 -6.992565 -0.007031 -0.000005 
1057 5.826119 0.000000 -2.161675 99.755892 -6.995277 -0.014119 -0.000017 
1058 4.653790 0.000000 -1.080837 99.751393 -7.027162 -0.061886 0.000027 
1059 4.653790 0.000000 -1.441116 99.753064 -7.011904 -0.032250 0.000016 
1060 5.044566 0.000000 -1.080837 99.751223 -7.023630 -0.069235 0.000036 
1061 4.458402 0.000000 -0.540419 99.741873 -7.116971 -0.251994 0.000084 
1062 4.458402 0.000000 -0.720558 99.746190 -7.068986 -0.145960 0.000071 
1063 4.653790 0.000000 -0.540419 99.743377 -7.105445 -0.258686 0.000070 
1064 4.360708 0.000000 -0.270209 99.695933 -7.745315 -0.683348 0.000026 
1065 4.263014 0.000000 -0.270209 99.693700 -7.767387 -0.604960 0.000047 
1066 4.360708 0.000000 -0.360279 99.728719 -7.283797 -0.461156 0.000092 
1067 4.458402 0.000000 -0.270209 99.698904 -7.711429 -0.757443 0.000009 
1068 4.311861 0.000000 -0.135105 99.918515 -4.546391 1.426889 -0.000642 
1069 4.263014 0.000000 -0.135105 99.927072 -4.418104 1.433563 -0.000699 
1070 4.311861 0.000000 -0.180140 99.464586 -11.041538 -3.097636 -0.002471 
1071 4.360708 0.000000 -0.135105 99.907167 -4.714094 1.444789 -0.000575 
1072 4.311861 0.000000 -0.090070 100.190980 -0.646765 -2.135242 -0.004321 
1073 4.556096 0.000000 -0.090070 100.161309 -1.095682 -2.379272 -0.003915 
1074 4.556096 0.000000 -0.180140 99.321384 -13.111865 -0.209299 -0.003670 
1075 4.556096 0.000000 0.000000 99.925975 -4.456050 -2.144083 -0.000965 
1076 4.556096 0.000000 -0.270209 99.702391 -7.669049 -0.825397 -0.000006 
1077 4.556096 0.000000 -0.360279 99.731363 -7.260467 -0.491203 0.000070 
1078 4.653790 0.000000 -0.270209 99.706556 -7.616248 -0.885865 -0.000019 
1079 4.604943 0.000000 -0.135105 100.120358 -1.687746 -5.914526 -0.006192 
1080 4.556096 0.000000 -0.135105 100.144166 -1.343371 -3.969916 -0.004642 
1081 4.604943 0.000000 -0.180140 99.335520 -12.913772 -6.989420 -0.008316 
1082 4.653790 0.000000 -0.135105 100.053862 -2.642345 -5.760114 -0.005094 
1083 4.604943 0.000000 -0.090070 100.153900 -1.205674 -2.373933 -0.003789 
1084 4.507249 0.000000 -0.135105 99.909374 -4.696669 -1.534768 -0.000630 
1085 4.458402 0.000000 -0.135105 99.835503 -5.748741 1.016174 -0.000121 
1086 4.507249 0.000000 -0.180140 99.575272 -9.477253 -0.758672 -0.000563 
1087 4.507249 0.000000 -0.090070 100.168306 -0.991286 -2.366685 -0.004027 
1088 4.849178 0.000000 -0.540419 99.744757 -7.094965 -0.264441 0.000057 
1089 4.849178 0.000000 -0.720558 99.747415 -7.059665 -0.156394 0.000059 
1090 5.044566 0.000000 -0.540419 99.745865 -7.085840 -0.272091 0.000048 
1091 4.751484 0.000000 -0.270209 99.711143 -7.556585 -0.937650 -0.000029 
1092 4.751484 0.000000 -0.360279 99.734342 -7.229378 -0.517960 0.000053 
1093 4.849178 0.000000 -0.270209 99.716032 -7.491950 -0.980294 -0.000038 
1094 4.604943 0.000000 -0.225174 99.661490 -8.254814 -1.528113 -0.000289 
1095 4.556096 0.000000 -0.225174 99.654983 -8.344228 -1.457032 -0.000286 
1096 4.604943 0.000000 -0.270209 99.704412 -7.643639 -0.856666 -0.000013 
1097 4.653790 0.000000 -0.225174 99.668205 -8.162214 -1.589646 -0.000290 
1098 4.580519 0.000000 -0.157622 99.750577 -6.974963 -3.448255 -0.001072 
1099 4.556096 0.000000 -0.157622 99.752276 -6.948721 -2.840278 -0.000687 
1100 4.580519 0.000000 -0.180140 99.174242 -15.218063 -3.619556 -0.008022 
1101 4.604943 0.000000 -0.157622 99.761214 -6.824789 -3.963822 -0.001459 
1102 4.580519 0.000000 -0.135105 100.159686 -1.123402 -5.305264 -0.006137 
1103 4.507249 0.000000 -0.225174 99.648745 -8.429545 -1.376376 -0.000282 
1104 4.458402 0.000000 -0.225174 99.642967 -8.508255 -1.286382 -0.000277 
1105 4.507249 0.000000 -0.270209 99.700490 -7.692618 -0.792329 0.000001 
1106 4.531672 0.000000 -0.157622 99.768055 -6.721090 -2.256293 -0.000393 
1107 4.507249 0.000000 -0.157622 99.793773 -6.351187 -1.788916 -0.000233 
1108 4.531672 0.000000 -0.180140 99.492932 -10.656782 -0.052953 -0.001241 
1109 4.531672 0.000000 -0.135105 100.040992 -2.816707 -2.662935 -0.002323 
1110 4.556096 0.000000 0.090070 99.891066 -4.950660 1.470194 -0.000490 
1111 4.458402 0.000000 0.090070 99.929325 -4.393710 1.688918 -0.000803 
1112 4.653790 0.000000 0.090070 99.860492 -5.396686 1.350962 -0.000307 
1113 4.556096 0.000000 0.180140 99.594180 -9.192286 2.189891 -0.000829 
1114 4.604943 0.000000 -0.045035 99.926212 -4.459185 -0.915818 -0.000597 
1115 4.556096 0.000000 -0.045035 99.866544 -5.308474 -4.134535 -0.001860 
1116 4.653790 0.000000 -0.045035 100.013468 -3.215500 -2.824690 -0.002101 
1117 4.604943 0.000000 0.000000 99.925165 -4.471909 -2.165989 -0.000973 
1118 4.580519 0.000000 -0.112587 100.156432 -1.168680 -3.599203 -0.004563 
1119 4.556096 0.000000 -0.112587 100.166304 -1.025522 -3.607224 -0.004735 
1120 4.604943 0.000000 -0.112587 100.146934 -1.306489 -3.581950 -0.004395 
1121 4.580519 0.000000 -0.090070 100.157651 -1.150037 -2.378789 -0.003854 
1122 4.568308 0.000000 -0.146363 100.110278 -1.829581 -3.561071 -0.003810 
1123 4.556096 0.000000 -0.146363 100.107837 -1.863502 -1.984179 -0.002899 
1124 4.568308 0.000000 -0.157622 99.749622 -6.987664 -3.149068 -0.000873 
1125 4.580519 0.000000 -0.146363 100.076797 -2.309344 -4.910564 -0.004481 
1126 4.568308 0.000000 -0.135105 100.163140 -1.073031 -4.695936 -0.005586 
1127 2.895297 0.000000 0.180140 99.727891 -7.215544 -1.355018 0.000045 
1128 2.895297 0.000000 0.360279 99.640500 -7.683894 -0.140819 0.001271 
1129 3.188379 0.000000 0.090070 99.847542 -5.081768 -1.766621 0.000152 
1130 3.090685 0.000000 0.090070 99.842190 -5.041126 -1.625631 0.000348 
1131 3.286073 0.000000 0.090070 99.860145 -5.066522 -1.930743 -0.000145 
1132 3.188379 0.000000 0.180140 99.685139 -7.531138 -1.856903 0.000271 
1133 3.579155 0.000000 0.090070 99.865053 -5.094965 -2.438301 -0.000493 
1134 3.481461 0.000000 0.090070 99.864851 -5.041977 -2.301601 -0.000371 
1135 3.579155 0.000000 0.180140 99.628918 -8.462931 -3.287971 -0.000835 
1136 3.628002 0.000000 0.045035 99.955959 -3.825491 -1.996230 -0.000981 
1137 3.579155 0.000000 0.045035 99.951447 -3.865426 -2.280177 -0.001043 
1138 3.628002 0.000000 0.000000 99.942975 -4.017655 -1.510424 -0.000702 
1139 3.676849 0.000000 0.045035 99.953396 -3.882909 -1.864461 -0.000923 
1140 3.628002 0.000000 0.090070 99.864436 -5.128665 -2.496155 -0.000544 
1141 4.360708 0.000000 0.090070 99.978005 -3.685982 2.655944 -0.001624 
1142 4.263014 0.000000 0.090070 100.011720 -3.190619 -2.012798 -0.001658 
1143 4.360708 0.000000 0.180140 99.534951 -10.016979 1.944754 -0.001133 
1144 4.165320 0.000000 0.090070 99.941927 -4.173258 -2.039848 -0.000997 
1145 4.165320 0.000000 0.180140 99.488481 -10.651452 1.586167 -0.001393 
1146 5.826119 0.000000 4.323349 99.756502 -6.979689 -0.004089 -0.000008 
1147 7.389224 0.000000 4.323349 99.755270 -6.982809 -0.002200 0.000013 
1148 5.826119 0.000000 5.764466 99.755623 -6.976896 -0.001583 0.000014 
1149 5.044566 0.000000 2.161675 99.750387 -6.996635 -0.007817 0.000091 
1150 4.263014 0.000000 2.161675 99.748122 -6.989031 -0.008485 0.000147 
1151 5.826119 0.000000 2.161675 99.752456 -7.000702 -0.007838 0.000044 
1152 5.044566 0.000000 2.882233 99.753315 -6.982718 -0.006312 0.000052 
1153 4.653790 0.000000 1.080837 99.741033 -7.079185 -0.016056 0.000161 
1154 4.263014 0.000000 1.080837 99.737464 -7.091485 -0.020038 0.000215 
1155 5.044566 0.000000 1.080837 99.743666 -7.082368 -0.014322 0.000104 
1156 4.653790 0.000000 1.441116 99.745782 -7.030020 -0.014344 0.000136 
1157 4.458402 0.000000 0.540419 99.720365 -7.364900 0.009729 0.000161 
1158 4.263014 0.000000 0.540419 99.718159 -7.368195 -0.005180 0.000200 
1159 4.653790 0.000000 0.540419 99.722295 -7.358315 0.024546 0.000132 
1160 4.458402 0.000000 0.720558 99.730843 -7.211175 -0.015219 0.000176 
1161 4.360708 0.000000 0.270209 99.658626 -8.243914 0.227933 0.000014 
1162 4.263014 0.000000 0.270209 99.656375 -8.261605 0.161537 0.000033 
1163 4.458402 0.000000 0.270209 99.661219 -8.219355 0.290992 -0.000000 
1164 4.360708 0.000000 0.360279 99.694432 -7.728107 0.086779 0.000129 
1165 4.311861 0.000000 0.135105 99.753110 -6.892993 -1.494158 -0.000043 
1166 4.263014 0.000000 0.135105 99.796192 -6.269689 -1.239114 -0.000012 
1167 4.311861 0.000000 0.090070 97.545562 -38.464218 -27.251165 -0.173726 
1168 4.360708 0.000000 0.135105 99.617482 -8.839068 -2.515854 -0.000810 
1169 4.311861 0.000000 0.180140 99.522488 -10.188550 1.833173 -0.001189 
1170 3.481461 0.000000 2.161675 99.740882 -7.015284 -0.008993 0.000254 
1171 3.481461 0.000000 2.882233 99.749370 -6.986515 -0.006044 0.000125 
1172 3.872238 0.000000 1.080837 99.732268 -7.091562 -0.023828 0.000318 
1173 3.481461 0.000000 1.080837 99.726653 -7.090828 -0.034795 0.000431 
1174 3.872238 0.000000 1.441116 99.737314 -7.045879 -0.015403 0.000282 
1175 4.067626 0.000000 0.540419 99.715384 -7.370143 -0.020135 0.000252 
1176 3.872238 0.000000 0.540419 99.711688 -7.372731 -0.034893 0.000322 
1177 4.067626 0.000000 0.720558 99.726009 -7.216053 -0.028915 0.000265 
1178 4.165320 0.000000 0.270209 99.654476 -8.272087 0.092858 0.000055 
1179 4.067626 0.000000 0.270209 99.652954 -8.274431 0.023155 0.000082 
1180 4.165320 0.000000 0.360279 99.691580 -7.736937 0.040913 0.000173 
1181 4.214167 0.000000 0.135105 99.823116 -5.877085 -1.284144 -0.000084 
1182 4.165320 0.000000 0.135105 99.842773 -5.587786 -1.447776 -0.000190 
1183 4.214167 0.000000 0.090070 99.986195 -3.548220 -1.857341 -0.001328 
1184 4.214167 0.000000 0.180140 99.500038 -10.494525 1.639919 -0.001308 
1185 4.311861 0.000000 0.045035 99.924022 -4.454587 -1.278848 -0.000629 
1186 4.263014 0.000000 0.045035 99.929850 -4.364451 -1.300565 -0.000671 
1187 4.311861 0.000000 0.000000 99.935019 -4.300434 -2.043537 -0.000968 
1188 4.360708 0.000000 0.045035 99.917544 -4.553444 -1.263804 -0.000585 
1189 4.287437 0.000000 0.112587 99.682704 -7.897668 -1.141702 -0.000032 
1190 4.263014 0.000000 0.112587 99.705933 -7.561890 -2.141281 -0.000304 
1191 4.287437 0.000000 0.090070 100.002272 -3.329329 -3.273368 -0.002225 
1192 4.311861 0.000000 0.112587 99.709554 -7.517161 0.194229 0.000146 
1193 4.287437 0.000000 0.135105 99.778113 -6.531921 -1.307939 -0.000005 
1194 4.409555 0.000000 0.135105 99.277923 -13.700892 3.867773 -0.005878 
1195 4.409555 0.000000 0.090070 99.952979 -4.049878 1.921573 -0.001069 
1196 4.458402 0.000000 0.135105 99.673564 -8.048826 4.802897 -0.002267 
1197 4.409555 0.000000 0.180140 99.548835 -9.824681 2.047913 -0.001069 
1198 4.409555 0.000000 0.045035 99.910414 -4.661231 -1.256427 -0.000540 
1199 4.409555 0.000000 0.000000 99.930766 -4.372937 -2.083123 -0.000962 
1200 4.458402 0.000000 0.045035 99.902625 -4.778031 -1.257907 -0.000495 
1201 4.385131 0.000000 0.112587 99.861850 -5.348806 2.146548 -0.000561 
1202 4.360708 0.000000 0.112587 99.829206 -5.812526 1.735950 -0.000267 
1203 4.385131 0.000000 0.090070 99.965845 -3.862940 2.154347 -0.001273 
1204 4.409555 0.000000 0.112587 99.874502 -5.170838 2.451395 -0.000766 
1205 4.385131 0.000000 0.135105 99.371840 -12.354937 -2.162908 -0.003209 
1206 -8.241827 0.000000 -8.646699 99.756311 -6.975567 -0.000055 0.000002 
1207 -11.368037 0.000000 -8.646699 99.756351 -6.975580 -0.000025 0.000001 
1208 -8.241827 0.000000 -11.528932 99.756334 -6.975540 -0.000055 0.000002 
1209 10.515434 0.000000 -8.646699 99.756340 -6.975379 -0.000949 0.000002 
1210 10.515434 0.000000 -11.528932 99.756363 -6.975278 -0.000496 0.000001 
1211 13.641644 0.000000 -8.646699 99.756379 -6.975255 -0.000987 0.000001 
1212 -8.241827 0.000000 8.646699 99.756475 -6.975888 -0.000011 -0.000002 
1213 -11.368037 0.000000 8.646699 99.756438 -6.975794 -0.000003 -0.000001 
1214 -8.241827 0.000000 11.528932 99.756470 -6.975898 -0.000028 -0.000002 
1215 -3.552511 0.000000 -4.323349 99.755885 -6.980820 -0.000719 0.000003 
1216 -5.115617 0.000000 -4.323349 99.756062 -6.978301 -0.000394 0.000003 
1217 -3.552511 0.000000 -5.764466 99.756171 -6.980308 -0.000594 -0.000002 
1218 10.515434 0.000000 8.646699 99.756236 -6.978652 -0.000645 -0.000001 
1219 13.641644 0.000000 8.646699 99.756205 -6.978767 -0.000517 -0.000000 
1220 10.515434 0.000000 11.528932 99.756325 -6.977516 -0.000388 -0.000001 
1221 -3.552511 0.000000 4.323349 99.756358 -6.969625 0.000144 0.000009 
1222 -5.115617 0.000000 4.323349 99.756287 -6.972141 0.000038 0.000007 
1223 -3.552511 0.000000 5.764466 99.756455 -6.970527 -0.000020 0.000006 
1224 -1.207854 0.000000 -2.161675 99.755556 -6.958922 -0.010468 0.000040 
1225 -1.989406 0.000000 -2.161675 99.754130 -6.966824 -0.004513 0.000058 
1226 -1.207854 0.000000 -2.882233 99.756085 -6.961135 -0.005589 0.000027 
1227 -1.207854 0.000000 2.161675 99.751799 -6.999625 -0.000006 0.000058 
1228 -1.989406 0.000000 2.161675 99.753791 -6.987667 0.000649 0.000035 
1229 -1.207854 0.000000 2.882233 99.755413 -6.993685 0.000903 -0.000005 
1230 -0.817078 0.000000 -1.080837 99.743846 -6.977673 -0.027630 0.000248 
1231 -1.207854 0.000000 -1.080837 99.750515 -6.968179 -0.023601 0.000128 
1232 -0.817078 0.000000 -1.441116 99.756884 -6.993782 -0.028056 -0.000035 
1233 -0.230913 0.000000 -0.540419 99.645631 -7.049058 -0.000172 0.002106 
1234 -0.426301 0.000000 -0.540419 99.767768 -6.917678 -0.117734 -0.000148 
1235 -0.230913 0.000000 -0.720558 99.685239 -7.036540 -0.045920 0.001334 
1236 0.941416 0.000000 -0.540419 99.870649 -7.215671 -0.096686 -0.002622 
1237 0.941416 0.000000 -0.720558 99.871561 -7.094653 -0.072189 -0.002467 
1238 -0.817078 0.000000 1.080837 99.731709 -6.984190 0.002113 0.000481 
1239 -1.207854 0.000000 1.080837 99.742437 -7.011086 -0.003042 0.000229 
1240 -0.817078 0.000000 1.441116 99.740650 -7.025417 0.000783 0.000245 
1241 -0.230913 0.000000 0.540419 99.619523 -7.030490 -0.073213 0.002652 
1242 -0.426301 0.000000 0.540419 99.624156 -6.903683 -0.128583 0.002735 
1243 -0.230913 0.000000 0.720558 99.553130 -7.050698 -0.088641 0.003945 
1244 -0.133219 0.000000 -0.270209 99.722725 -7.186313 0.455631 0.000353 
1245 -0.230913 0.000000 -0.270209 99.822086 -6.954296 0.353072 -0.001294 
1246 -0.133219 0.000000 -0.360279 99.458478 -7.046945 0.157598 0.005833 
1247 0.941416 0.000000 0.540419 99.662357 -7.257240 -0.064812 0.001474 
1248 0.941416 0.000000 0.720558 99.563932 -7.137071 0.022544 0.003609 
1249 -0.133219 0.000000 0.270209 99.627206 -7.174449 -0.650672 0.002252 
1250 -0.230913 0.000000 0.270209 99.785315 -6.948302 -0.482685 -0.000562 
1251 -0.133219 0.000000 0.360279 99.394129 -7.047092 -0.313516 0.007105 
1252 0.037745 0.000000 -0.112587 88.334897 -8.869553 -1.920223 0.211459 
1253 0.013322 0.000000 -0.112587 87.408665 -8.442328 4.478792 0.226839 
1254 0.037745 0.000000 -0.135105 92.518766 -8.291297 -0.869138 0.137078 
1255 0.648333 0.000000 -0.270209 101.402836 -11.199304 -0.023147 -0.040796 
1256 0.648333 0.000000 -0.360279 99.821721 -7.599411 -0.001212 -0.002213 
1257 0.746027 0.000000 -0.270209 102.449495 -10.245884 -0.019544 -0.060088 
1258 0.648333 0.000000 0.270209 101.319239 -11.199040 -0.014178 -0.039101 
1259 0.746027 0.000000 0.270209 102.348735 -10.254247 0.003319 -0.058041 
1260 0.648333 0.000000 0.360279 99.879733 -7.600941 -0.249652 -0.003380 
1261 0.037745 0.000000 0.112587 88.317517 -8.910803 1.951217 0.211681 
1262 0.013322 0.000000 0.112587 87.389327 -8.478123 -4.469331 0.227125 
1263 0.037745 0.000000 0.135105 92.501833 -8.337844 0.897957 0.137308 
1264 0.098804 0.000000 -0.078811 92.503872 -12.231611 -15.408607 0.105600 
1265 0.098804 0.000000 -0.090070 92.638387 -12.292046 -15.492179 0.102703 
1266 0.098804 0.000000 -0.067552 92.495536 -12.219860 -15.397936 0.105815 
1267 0.098804 0.000000 0.078811 92.489613 -12.165566 15.410726 0.106018 
1268 0.098804 0.000000 0.067552 92.483505 -12.149482 15.400587 0.106201 
1269 0.098804 0.000000 0.090070 92.595623 -12.297557 15.489051 0.103491 
1270 0.233134 0.000000 -0.067552 87.002485 -0.141945 -6.407284 0.238949 
1271 0.233134 0.000000 -0.045035 88.445645 -0.178701 -4.831915 0.215399 
1272 0.233134 0.000000 0.067552 87.333819 -0.187254 6.508733 0.233041 
1273 0.233134 0.000000 0.045035 88.509843 -0.186065 4.728293 0.214362 
1274 0.501792 0.000000 -0.045035 100.333086 -8.041796 -0.071238 -0.013140 
1275 0.550639 0.000000 -0.045035 101.356483 -6.757986 -0.095736 -0.031882 
1276 0.501792 0.000000 0.000000 101.346806 -6.540774 -0.097417 -0.031397 
1277 0.501792 0.000000 0.045035 100.301394 -8.037051 -0.071740 -0.012497 
1278 0.550639 0.000000 0.045035 101.338817 -6.758398 -0.091053 -0.031524 
1279 0.428522 0.000000 -0.067552 99.120045 -10.858724 -0.021247 0.005730 
1280 0.452945 0.000000 -0.067552 99.262586 -9.348951 -0.046929 0.005953 
1281 0.428522 0.000000 -0.045035 99.284938 -11.617150 -0.013971 0.000754 
1282 0.367463 0.000000 -0.101329 105.258462 -12.622232 -3.294639 -0.124952 
1283 0.367463 0.000000 -0.112587 105.285500 -12.631398 -2.762266 -0.125222 
1284 0.367463 0.000000 -0.090070 105.566895 -12.624737 -3.024232 -0.131290 
1285 0.428522 0.000000 0.067552 99.039539 -10.848224 -0.021606 0.007349 
1286 0.428522 0.000000 0.045035 99.210893 -11.605572 -0.013945 0.002251 
1287 0.452945 0.000000 0.067552 99.177124 -9.340889 -0.042257 0.007664 
1288 0.367463 0.000000 0.101329 105.124902 -12.587925 3.297540 -0.122057 
1289 0.367463 0.000000 0.090070 105.446991 -12.586880 3.028373 -0.128667 
1290 0.367463 0.000000 0.112587 105.154832 -12.592367 2.765792 -0.122376 
1291 1.722968 0.000000 -0.540419 99.923373 -7.180803 -0.047897 -0.003625 
1292 1.722968 0.000000 -0.720558 99.872635 -7.106531 -0.038441 -0.002505 
1293 1.722968 0.000000 0.540419 99.565028 -7.209338 -0.222272 0.003478 
1294 1.722968 0.000000 0.720558 99.542521 -7.169254 -0.170674 0.003986 
1295 1.429886 0.000000 -0.270209 101.541905 -11.058455 -0.240401 -0.043311 
1296 1.429886 0.000000 -0.360279 99.747629 -7.664293 -0.120724 -0.000835 
1297 1.527580 0.000000 -0.270209 101.891332 -11.409138 -0.205238 -0.051205 
1298 1.429886 0.000000 0.270209 101.505296 -11.324784 -0.270040 -0.043165 
1299 1.527580 0.000000 0.270209 101.865694 -11.848811 -0.238661 -0.051707 
1300 1.429886 0.000000 0.360279 99.569529 -7.698607 -0.422896 0.002646 
1301 8.952329 0.000000 -4.323349 99.756067 -6.978239 -0.004224 0.000003 
1302 8.952329 0.000000 -5.764466 99.756180 -6.977501 -0.002209 0.000002 
1303 10.515434 0.000000 -4.323349 99.756160 -6.977423 -0.004398 0.000002 
1304 6.607671 0.000000 -2.161675 99.755148 -6.991846 -0.017206 0.000002 
1305 6.607671 0.000000 -2.882233 99.755002 -6.987252 -0.009935 0.000012 
1306 7.389224 0.000000 -2.161675 99.755433 -6.987691 -0.018064 0.000003 
1307 3.090685 0.000000 -1.080837 99.752542 -7.031382 -0.027340 -0.000001 
1308 3.090685 0.000000 -1.441116 99.760563 -6.985319 -0.010491 -0.000096 
1309 2.504521 0.000000 -0.540419 99.674362 -7.232376 -0.109853 0.001270 
1310 2.504521 0.000000 -0.720558 99.723333 -7.131889 -0.038566 0.000439 
1311 2.699909 0.000000 -0.540419 99.712453 -7.216213 -0.155885 0.000533 
1312 8.952329 0.000000 4.323349 99.755632 -6.983166 -0.002134 0.000005 
1313 10.515434 0.000000 4.323349 99.755658 -6.983938 -0.001679 0.000003 
1314 8.952329 0.000000 5.764466 99.755973 -6.979366 -0.001454 0.000003 
1315 6.607671 0.000000 2.161675 99.753015 -7.003394 -0.006128 0.000029 
1316 7.389224 0.000000 2.161675 99.753976 -7.007465 -0.006219 0.000004 
1317 6.607671 0.000000 2.882233 99.754813 -6.991116 -0.005639 0.000010 
1318 3.090685 0.000000 1.080837 99.713344 -7.096185 -0.043066 0.000689 
1319 3.090685 0.000000 1.441116 99.727715 -7.060949 -0.029358 0.000453 
1320 2.504521 0.000000 0.540419 99.567419 -7.432023 -0.095846 0.003108 
1321 2.699909 0.000000 0.540419 99.591326 -7.372284 -0.041104 0.002722 
1322 2.504521 0.000000 0.720558 99.543323 -7.212427 -0.051437 0.003911 
1323 2.895297 0.000000 -0.540419 99.764602 -7.191473 -0.100687 -0.000470 
1324 2.895297 0.000000 -0.720558 99.763703 -7.162869 -0.047700 -0.000411 
1325 3.090685 0.000000 -0.540419 99.747237 -7.248639 -0.133041 -0.000207 
1326 3.286073 0.000000 -0.540419 99.725062 -7.170717 -0.188150 0.000346 
1327 3.286073 0.000000 -0.720558 99.736554 -7.098417 -0.104808 0.000222 
1328 2.406827 0.000000 -0.270209 99.438931 -7.505407 -0.878303 0.005480 
1329 2.406827 0.000000 -0.360279 99.310396 -7.607021 -0.540252 0.007929 
1330 2.504521 0.000000 -0.270209 99.678642 -7.570928 -0.618329 0.000647 
1331 2.895297 0.000000 0.540419 99.643366 -7.365166 -0.051629 0.001695 
1332 3.090685 0.000000 0.540419 99.666284 -7.435253 -0.061287 0.001135 
1333 2.895297 0.000000 0.720558 99.647595 -7.285330 -0.038576 0.001728 
1334 2.406827 0.000000 0.270209 99.427183 -7.887085 0.198875 0.005199 
1335 2.504521 0.000000 0.270209 99.573412 -7.858078 0.031059 0.002339 
1336 2.406827 0.000000 0.360279 99.188891 -7.751543 0.109358 0.010147 
1337 2.357979 0.000000 -0.135105 101.033200 -6.086339 -4.153267 -0.026200 
1338 2.357979 0.000000 -0.180140 99.472708 -6.845979 -2.534146 0.005189 
1339 2.406827 0.000000 -0.135105 101.085069 -5.850951 -2.381895 -0.025810 
1340 2.284709 0.000000 -0.112587 90.828206 -6.159232 -12.777538 0.154904 
1341 2.284709 0.000000 -0.135105 93.787004 -6.520048 -6.058791 0.112478 
1342 2.309132 0.000000 -0.112587 99.942255 -5.857286 -11.415983 -0.015309 
1343 2.357979 0.000000 0.135105 101.108200 -6.764952 2.852208 -0.027677 
1344 2.406827 0.000000 0.135105 101.079684 -6.530758 1.093154 -0.026095 
1345 2.357979 0.000000 0.180140 99.522701 -7.490089 1.496725 0.003689 
1346 2.284709 0.000000 0.112587 91.587538 -6.680072 11.306969 0.143925 
1347 2.309132 0.000000 0.112587 100.372908 -6.360108 9.773342 -0.021069 
1348 2.284709 0.000000 0.135105 94.370979 -7.042127 4.869300 0.102082 
1349 5.435343 0.000000 -1.080837 99.752109 -7.018770 -0.071500 0.000025 
1350 5.435343 0.000000 -1.441116 99.753652 -7.005338 -0.037472 0.000013 
1351 5.826119 0.000000 -1.080837 99.752270 -7.014801 -0.075419 0.000027 
1352 5.435343 0.000000 1.080837 99.744875 -7.084064 -0.009588 0.000078 
1353 5.826119 0.000000 1.080837 99.746262 -7.084870 -0.006528 0.000049 
1354 5.435343 0.000000 1.441116 99.748221 -7.036119 -0.010828 0.000079 
1355 3.676849 0.000000 0.540419 99.707653 -7.379338 -0.056144 0.000393 
1356 3.481461 0.000000 0.540419 99.701022 -7.374798 -0.071040 0.000531 
1357 3.676849 0.000000 0.720558 99.719467 -7.215086 -0.048096 0.000397 
1358 3.579155 0.000000 -0.270209 99.694147 -7.612639 -0.149779 0.000310 
1359 3.481461 0.000000 -0.270209 99.695077 -7.563398 -0.117615 0.000367 
1360 3.579155 0.000000 -0.360279 99.715177 -7.336177 -0.338022 0.000295 
1361 4.165320 0.000000 -0.270209 99.692225 -7.777303 -0.524956 0.000070 
1362 4.165320 0.000000 -0.360279 99.726034 -7.303507 -0.428853 0.000119 
1363 3.725696 0.000000 -0.135105 99.925570 -4.324635 1.376593 -0.000572 
1364 3.676849 0.000000 -0.135105 99.920709 -4.378273 1.320427 -0.000506 
1365 3.725696 0.000000 -0.180140 99.805325 -6.051444 3.152259 -0.000766 
1366 4.849178 0.000000 0.540419 99.724377 -7.349215 0.036457 0.000104 
1367 5.044566 0.000000 0.540419 99.725668 -7.345128 0.050175 0.000084 
1368 4.849178 0.000000 0.720558 99.734384 -7.204200 -0.004015 0.000115 
1369 3.969932 0.000000 0.270209 99.651722 -8.269729 -0.046030 0.000114 
1370 3.872238 0.000000 0.270209 99.650823 -8.255735 -0.113143 0.000154 
1371 3.969932 0.000000 0.360279 99.688270 -7.741636 -0.004804 0.000232 
1372 3.725696 0.000000 0.045035 99.952768 -3.911570 -1.800276 -0.000910 
1373 3.774543 0.000000 0.045035 99.953310 -3.920400 -1.745820 -0.000908 
1374 3.725696 0.000000 0.090070 99.861800 -5.207844 -2.587271 -0.000619 
1375 3.823390 0.000000 0.045035 99.954061 -3.927572 -1.685549 -0.000908 
1376 3.872238 0.000000 0.045035 99.953954 -3.942949 -1.631059 -0.000900 
1377 3.823390 0.000000 0.090070 99.858258 -5.291938 -2.608654 -0.000648 
1378 3.383767 0.000000 -0.090070 99.957986 -3.674905 0.010290 -0.000510 
1379 3.383767 0.000000 -0.180140 99.784218 -6.200944 1.435272 0.000260 
1380 3.383767 0.000000 0.000000 99.917671 -4.223018 -1.331726 -0.000315 
1381 3.628002 0.000000 -0.045035 99.905895 -4.555220 -1.091066 -0.000313 
1382 3.579155 0.000000 -0.045035 99.908132 -4.499794 -1.133981 -0.000317 
1383 3.628002 0.000000 -0.090070 100.006844 -3.119795 0.550997 -0.001141 
1384 3.847814 0.000000 -0.112587 99.964467 -3.808118 1.388583 -0.000932 
1385 3.823390 0.000000 -0.112587 99.963898 -3.810080 1.341576 -0.000910 
1386 3.847814 0.000000 -0.135105 99.936786 -4.207458 1.487881 -0.000728 
1387 3.798967 0.000000 -0.112587 99.963106 -3.814959 1.294265 -0.000885 
1388 3.774543 0.000000 -0.112587 99.961847 -3.824330 1.245465 -0.000855 
1389 3.798967 0.000000 -0.135105 99.933043 -4.248686 1.452984 -0.000678 
1390 4.556096 0.000000 0.270209 99.664150 -8.187977 0.349714 -0.000011 
1391 4.653790 0.000000 0.270209 99.667269 -8.152895 0.403633 -0.000020 
1392 4.556096 0.000000 0.360279 99.697192 -7.712175 0.131676 0.000097 
1393 4.409555 0.000000 -0.135105 99.886366 -5.016652 1.485266 -0.000466 
1394 4.409555 0.000000 -0.180140 99.606218 -9.026153 -2.967302 -0.001168 
1395 4.409555 0.000000 -0.090070 100.180828 -0.802867 -2.286501 -0.004207 
1396 4.409555 0.000000 -0.045035 99.937993 -4.272528 -3.164547 -0.001587 
1397 4.360708 0.000000 -0.045035 99.938784 -4.255716 -2.896834 -0.001426 
1398 4.458402 0.000000 -0.045035 99.886186 -5.018435 -2.674978 -0.000959 
1399 4.311861 0.000000 -0.045035 99.948628 -4.109123 -3.062044 -0.001599 
1400 4.263014 0.000000 -0.045035 99.965377 -3.863235 -3.009452 -0.001706 
1401 5.239954 0.000000 -0.180140 99.804064 -6.247783 -2.665646 -0.000699 
1402 5.239954 0.000000 -0.360279 99.742229 -7.136844 -0.565713 0.000023 
1403 5.435343 0.000000 -0.180140 99.816707 -6.073034 -2.238481 -0.000527 
1404 5.239954 0.000000 0.540419 99.726698 -7.339558 0.064587 0.000071 
1405 5.435343 0.000000 0.540419 99.727779 -7.332491 0.077817 0.000060 
1406 5.239954 0.000000 0.720558 99.736080 -7.203334 0.009868 0.000083 
1407 4.751484 0.000000 0.090070 99.834497 -5.776264 1.279716 -0.000193 
1408 4.849178 0.000000 0.090070 99.811955 -6.103897 1.245369 -0.000123 
1409 4.751484 0.000000 0.180140 99.640613 -8.545616 2.062380 -0.000553 
1410 4.751484 0.000000 0.270209 99.670570 -8.114173 0.452339 -0.000027 
1411 4.849178 0.000000 0.270209 99.674029 -8.069750 0.495646 -0.000028 
1412 4.751484 0.000000 0.360279 99.699825 -7.693084 0.174428 0.000073 
1413 3.383767 0.000000 0.090070 99.861952 -5.010012 -2.140208 -0.000209 
1414 3.383767 0.000000 0.180140 99.668250 -7.780000 -2.424069 -0.000016 
1415 3.921085 0.000000 0.045035 99.953168 -3.966853 -1.577816 -0.000886 
1416 3.969932 0.000000 0.045035 99.951689 -3.999608 -1.527254 -0.000867 
1417 3.921085 0.000000 0.090070 99.860254 -5.290636 -2.528783 -0.000646 
1418 4.409555 0.000000 -0.225174 99.637477 -8.582415 -1.186597 -0.000269 
1419 4.360708 0.000000 -0.225174 99.632480 -8.649203 -1.077117 -0.000260 
1420 4.409555 0.000000 -0.270209 99.697333 -7.729747 -0.721022 0.000017 
1421 4.311861 0.000000 -0.225174 99.628090 -8.707021 -0.957793 -0.000249 
1422 4.263014 0.000000 -0.225174 99.624449 -8.753666 -0.828890 -0.000234 
1423 4.311861 0.000000 -0.270209 99.694719 -7.757970 -0.644557 0.000036 
1424 4.507249 0.000000 -0.045035 99.956307 -4.020278 -2.692512 -0.001468 
1425 4.507249 0.000000 0.000000 99.927227 -4.433518 -2.123210 -0.000961 
1426 4.531672 0.000000 -0.112587 100.176489 -0.877783 -3.604393 -0.004909 
1427 4.507249 0.000000 -0.112587 100.186875 -0.727074 -3.589745 -0.005082 
1428 4.531672 0.000000 -0.090070 100.164869 -1.042598 -2.375133 -0.003973 
1429 4.507249 0.000000 0.045035 99.894128 -4.904366 -1.269294 -0.000450 
1430 4.556096 0.000000 0.045035 99.884961 -5.040207 -1.291674 -0.000408 
1431 4.507249 0.000000 0.090070 99.908913 -4.690555 1.559434 -0.000622 
1432 4.604943 0.000000 0.045035 99.875019 -5.186785 -1.326298 -0.000368 
1433 4.653790 0.000000 0.045035 99.864187 -5.345859 -1.374572 -0.000332 
1434 4.604943 0.000000 0.090070 99.875079 -5.183802 1.403115 -0.000387 
1435 4.507249 0.000000 0.135105 99.734358 -7.184521 3.880167 -0.001362 
1436 4.556096 0.000000 0.135105 99.748919 -6.981306 3.463862 -0.001058 
1437 4.507249 0.000000 0.180140 99.579308 -9.399819 2.174794 -0.000912 
1438 4.214167 0.000000 0.045035 99.935034 -4.283091 -1.327977 -0.000712 
1439 4.165320 0.000000 0.045035 99.939588 -4.210198 -1.360174 -0.000750 
1440 4.214167 0.000000 0.000000 99.939505 -4.222686 -2.002403 -0.000975 
1441 4.336284 0.000000 0.112587 99.773448 -6.606744 1.161486 0.000026 
1442 4.336284 0.000000 0.090070 99.979475 -3.661765 4.379006 -0.002848 
1443 4.336284 0.000000 0.135105 99.711045 -7.497890 -1.879722 -0.000204 
1444 3.286073 0.000000 0.540419 99.692113 -7.381618 -0.085654 0.000699 
1445 3.286073 0.000000 0.720558 99.704571 -7.218164 -0.063032 0.000689 
1446 3.774543 0.000000 0.270209 99.650426 -8.232127 -0.181923 0.000199 
1447 3.676849 0.000000 0.270209 99.649583 -8.210915 -0.242345 0.000248 
1448 3.774543 0.000000 0.360279 99.684296 -7.737905 -0.050422 0.000316 
1449 3.579155 0.000000 0.270209 99.648741 -8.173935 -0.295137 0.000323 
1450 3.481461 0.000000 0.270209 99.647640 -8.135641 -0.341538 0.000404 
1451 3.579155 0.000000 0.360279 99.679178 -7.735939 -0.098237 0.000421 
1452 3.383767 0.000000 -0.270209 99.695787 -7.510398 -0.093687 0.000434 
1453 3.286073 0.000000 -0.270209 99.711158 -7.517245 -0.048180 0.000117 
1454 3.383767 0.000000 -0.360279 99.710727 -7.338847 -0.308387 0.000382 
1455 3.628002 0.000000 -0.135105 99.915586 -4.433603 1.257148 -0.000436 
1456 3.579155 0.000000 -0.135105 99.910208 -4.489037 1.188350 -0.000361 
1457 3.628002 0.000000 -0.180140 99.794130 -6.179955 2.457961 -0.000310 
1458 5.239954 0.000000 -0.540419 99.747106 -7.072242 -0.275249 0.000042 
1459 5.239954 0.000000 -0.720558 99.749115 -7.048578 -0.161737 0.000041 
1460 5.435343 0.000000 -0.540419 99.748311 -7.059483 -0.277880 0.000036 
1461 3.383767 0.000000 0.270209 99.646132 -8.096667 -0.379940 0.000495 
1462 3.286073 0.000000 0.270209 99.643690 -8.112554 -0.376700 0.000518 
1463 3.383767 0.000000 0.360279 99.671827 -7.729527 -0.137110 0.000576 
1464 3.188379 0.000000 0.270209 99.639781 -8.077784 -0.394735 0.000651 
1465 3.090685 0.000000 0.270209 99.640046 -8.019537 -0.416765 0.000737 
1466 3.188379 0.000000 0.360279 99.657199 -7.783080 -0.131648 0.000785 
1467 4.214167 0.000000 -0.045035 99.981877 -3.620520 -2.899738 -0.001789 
1468 4.165320 0.000000 -0.045035 99.994021 -3.439557 -2.648242 -0.001765 
1469 4.214167 0.000000 -0.090070 100.199228 -0.516130 -1.913653 -0.004381 
1470 4.604943 0.000000 0.135105 99.753271 -6.923694 3.214075 -0.000898 
1471 4.653790 0.000000 0.135105 99.754032 -6.917202 3.027033 -0.000788 
1472 4.604943 0.000000 0.180140 99.607904 -9.000729 2.178911 -0.000750 
1473 3.188379 0.000000 -0.270209 99.718624 -7.481997 -0.039167 0.000021 
1474 3.090685 0.000000 -0.270209 99.723512 -7.447704 -0.055540 -0.000025 
1475 3.188379 0.000000 -0.360279 99.726170 -7.394786 -0.245297 -0.000005 
1476 4.214167 0.000000 -0.135105 99.933755 -4.316290 1.452382 -0.000750 
1477 4.165320 0.000000 -0.135105 99.938705 -4.238763 1.476002 -0.000789 
1478 4.214167 0.000000 -0.180140 99.572275 -9.489793 -0.303014 -0.000479 
1479 4.214167 0.000000 -0.225174 99.621698 -8.787344 -0.691329 -0.000218 
1480 4.165320 0.000000 -0.225174 99.620035 -8.804996 -0.546459 -0.000198 
1481 4.214167 0.000000 -0.270209 99.692862 -7.773997 -0.565048 0.000058 
1 11 62 60 61 
2 62 10 24 60 
3 60 24 14 63 
4 61 60 63 6 
5 24 66 64 65 
6 66 23 40 64 
7 64 40 27 67 
8 65 64 67 14 
9 40 70 68 69 
10 69 68 71 27 
11 6 63 92 93 
12 63 14 36 92 
13 92 36 19 94 
14 93 92 94 20 
15 14 67 95 96 
16 67 27 52 95 
17 95 52 35 97 
18 96 95 97 36 
19 27 71 98 99 
20 99 98 100 52 
21 68 112 110 111 
22 112 56 80 110 
23 110 80 43 113 
24 111 110 113 71 
25 80 116 114 115 
26 115 114 117 43 
27 71 113 133 134 
28 113 43 102 133 
29 133 102 76 135 
30 134 133 135 98 
31 43 117 136 137 
32 137 136 138 102 
33 114 141 139 140 
34 141 106 129 139 
35 139 129 83 142 
36 140 139 142 117 
37 129 149 147 148 
38 147 150 132 151 
39 148 147 151 83 
40 117 142 152 153 
41 142 83 144 152 
42 152 144 125 154 
43 153 152 154 136 
44 83 151 155 156 
45 151 132 157 155 
46 156 155 158 144 
47 12 161 159 160 
48 161 7 162 159 
49 159 162 13 25 
50 160 159 25 10 
51 25 165 163 164 
52 165 13 166 163 
53 163 166 26 41 
54 164 163 41 23 
55 41 169 167 168 
56 169 26 170 167 
57 167 170 42 57 
58 168 167 57 39 
59 39 173 171 172 
60 173 57 174 171 
61 171 174 55 81 
62 172 171 81 56 
63 81 177 175 176 
64 177 55 178 175 
65 175 178 82 107 
66 176 175 107 79 
67 79 181 179 180 
68 181 107 182 179 
69 179 182 105 130 
70 180 179 130 106 
71 106 185 183 184 
72 185 130 186 183 
73 184 183 149 129 
74 195 197 109 198 
75 150 195 198 132 
76 149 201 199 200 
77 201 128 202 199 
78 199 202 150 203 
79 200 199 203 147 
80 132 198 210 157 
81 198 109 211 210 
82 19 38 213 214 
83 38 21 215 213 
84 213 215 9 216 
85 214 213 216 22 
86 35 54 217 218 
87 54 37 219 217 
88 217 219 21 220 
89 218 217 220 38 
90 51 78 221 222 
91 78 53 223 221 
92 221 223 37 224 
93 222 221 224 54 
94 76 104 225 226 
95 104 75 227 225 
96 225 227 78 228 
97 226 225 228 51 
98 101 127 229 230 
99 127 103 231 229 
100 229 231 75 232 
101 230 229 232 104 
102 125 146 233 234 
103 146 124 235 233 
104 233 235 127 236 
105 234 233 236 101 
106 144 158 237 238 
107 237 239 146 240 
108 238 237 240 125 
109 155 243 241 242 
110 243 157 244 241 
111 241 244 143 245 
112 242 241 245 158 
113 130 247 246 186 
114 247 105 248 246 
115 249 251 195 252 
116 202 249 252 150 
117 186 255 253 254 
118 255 246 256 253 
119 253 256 196 250 
120 254 253 250 128 
121 128 259 257 258 
122 259 250 260 257 
123 257 260 249 261 
124 258 257 261 202 
125 262 263 124 264 
126 239 262 264 146 
127 157 266 265 244 
128 266 210 267 265 
129 143 268 269 270 
130 268 212 271 269 
131 269 271 262 272 
132 270 269 272 239 
133 244 275 273 274 
134 275 265 276 273 
135 273 276 268 277 
136 274 273 277 143 
137 278 280 194 281 
138 197 278 281 109 
139 283 131 284 282 
140 282 284 197 285 
141 251 282 285 195 
142 107 287 286 182 
143 287 82 288 286 
144 286 288 108 192 
145 182 286 192 105 
146 105 290 289 248 
147 290 192 291 289 
148 246 293 292 256 
149 293 248 294 292 
150 292 294 131 283 
151 256 292 283 196 
152 196 297 295 296 
153 297 283 298 295 
154 295 298 282 299 
155 296 295 299 251 
156 109 281 300 211 
157 281 194 301 300 
158 210 304 303 267 
159 304 211 305 303 
160 303 305 145 306 
161 124 209 307 235 
162 209 126 308 307 
163 307 308 103 309 
164 235 307 309 127 
165 310 311 209 312 
166 263 310 312 124 
167 212 306 313 271 
168 306 145 314 313 
169 313 314 263 315 
170 271 313 315 262 
171 267 318 316 317 
172 318 303 319 316 
173 316 319 306 320 
174 317 316 320 212 
175 248 322 321 294 
176 322 289 323 321 
177 294 321 324 131 
178 192 330 329 291 
179 330 108 331 329 
180 289 334 333 323 
181 334 291 335 333 
182 333 335 191 336 
183 323 333 336 279 
184 131 324 337 284 
185 324 279 338 337 
186 337 338 278 339 
187 284 337 339 197 
188 321 342 340 341 
189 342 323 343 340 
190 340 343 279 344 
191 341 340 344 324 
192 145 346 345 314 
193 345 347 310 348 
194 314 345 348 263 
195 211 350 349 305 
196 350 300 351 349 
197 349 351 302 346 
198 305 349 346 145 
199 355 357 126 358 
200 311 355 358 209 
201 302 360 359 347 
202 360 207 361 359 
203 359 361 311 362 
204 347 359 362 310 
205 346 365 363 364 
206 365 302 366 363 
207 363 366 347 367 
208 364 363 367 345 
209 368 369 59 370 
210 280 368 370 194 
211 291 372 371 335 
212 372 329 373 371 
213 371 373 332 374 
214 191 374 375 376 
215 374 332 377 375 
216 375 377 368 378 
217 376 375 378 280 
218 335 381 379 380 
219 381 371 382 379 
220 379 382 374 383 
221 380 379 383 191 
222 194 370 384 301 
223 370 59 385 384 
224 387 356 388 386 
225 386 388 355 389 
226 361 386 389 311 
227 301 392 390 391 
228 392 384 393 390 
229 390 393 356 387 
230 391 390 387 207 
231 207 396 394 395 
232 396 387 397 394 
233 394 397 386 398 
234 395 394 398 361 
235 57 400 399 174 
236 400 42 401 399 
237 399 401 58 89 
238 174 399 89 55 
239 55 403 402 178 
240 403 89 404 402 
241 402 404 88 188 
242 178 402 188 82 
243 82 406 405 288 
244 406 188 407 405 
245 405 407 187 326 
246 288 405 326 108 
247 108 409 408 331 
248 409 326 410 408 
249 329 413 412 373 
250 413 331 414 412 
251 373 412 415 332 
252 75 123 416 227 
253 123 77 417 416 
254 416 417 53 418 
255 227 416 418 78 
256 103 206 419 231 
257 206 121 420 419 
258 419 420 123 421 
259 231 419 421 75 
260 126 354 422 308 
261 354 204 423 422 
262 422 423 206 424 
263 308 422 424 103 
264 425 427 354 428 
265 357 425 428 126 
266 356 430 429 388 
267 429 431 357 432 
268 388 429 432 355 
269 433 434 328 435 
270 369 433 435 59 
271 331 437 436 414 
272 437 408 438 436 
273 332 415 440 377 
274 415 193 441 440 
275 440 441 369 442 
276 377 440 442 368 
277 412 445 443 444 
278 445 414 446 443 
279 443 446 193 447 
280 444 443 447 415 
281 59 435 448 385 
282 435 328 449 448 
283 384 451 450 393 
284 451 385 452 450 
285 450 452 208 430 
286 393 450 430 356 
287 453 455 425 456 
288 431 453 456 357 
289 430 459 457 458 
290 459 208 460 457 
291 457 460 431 461 
292 458 457 461 429 
293 88 467 466 189 
294 467 90 468 466 
295 466 468 5 469 
296 189 466 469 91 
297 187 471 470 327 
298 471 189 472 470 
299 470 472 91 473 
300 327 470 473 190 
301 326 475 474 410 
302 475 187 476 474 
303 474 476 327 477 
304 410 474 477 325 
305 408 479 478 438 
306 479 410 480 478 
307 478 480 325 481 
308 438 478 481 411 
309 193 439 482 441 
310 439 411 483 482 
311 482 483 433 484 
312 441 482 484 369 
313 436 487 485 486 
314 487 438 488 485 
315 485 488 411 489 
316 486 485 489 439 
317 385 491 490 452 
318 491 448 492 490 
319 490 492 426 454 
320 452 490 454 208 
321 91 469 496 205 
322 469 5 497 496 
323 496 497 122 498 
324 205 496 498 121 
325 190 473 499 353 
326 473 91 500 499 
327 499 500 205 501 
328 353 499 501 204 
329 352 503 502 427 
330 503 353 504 502 
331 502 504 204 505 
332 427 502 505 354 
333 426 507 506 455 
334 507 352 508 506 
335 506 508 427 509 
336 455 506 509 425 
337 454 512 510 511 
338 512 426 513 510 
339 510 513 455 514 
340 511 510 514 453 
341 468 524 522 523 
342 522 525 518 526 
343 523 522 526 5 
344 5 526 527 528 
345 526 518 529 527 
346 528 527 530 497 
347 7 532 531 162 
348 532 16 533 531 
349 531 533 15 32 
350 162 531 32 13 
351 13 535 534 166 
352 535 32 536 534 
353 534 536 31 48 
354 166 534 48 26 
355 26 538 537 170 
356 538 48 539 537 
357 537 539 47 85 
358 170 537 85 42 
359 42 541 540 401 
360 541 85 542 540 
361 540 542 84 463 
362 401 540 463 58 
363 58 545 543 544 
364 545 463 546 543 
365 543 546 462 516 
366 544 543 516 90 
367 90 549 547 548 
368 549 516 550 547 
369 547 550 515 524 
370 548 547 524 468 
371 552 17 553 551 
372 551 553 8 554 
373 462 568 567 517 
374 568 464 569 567 
375 567 569 87 570 
376 517 567 570 465 
377 515 572 571 525 
378 572 517 573 571 
379 571 573 465 574 
380 525 571 574 518 
381 524 577 575 576 
382 577 515 578 575 
383 575 578 525 579 
384 576 575 579 522 
385 554 8 581 580 
386 580 581 29 582 
387 465 570 592 520 
388 570 87 593 592 
389 592 593 494 594 
390 520 592 594 493 
391 518 574 595 529 
392 574 465 596 595 
393 595 596 520 597 
394 529 595 597 519 
395 21 46 598 215 
396 46 28 599 598 
397 598 599 30 600 
398 215 598 600 9 
399 37 74 601 219 
400 74 44 602 601 
401 601 602 46 603 
402 219 601 603 21 
403 53 120 604 223 
404 120 72 605 604 
405 604 605 74 606 
406 223 604 606 37 
407 77 495 607 417 
408 495 118 608 607 
409 607 608 120 609 
410 417 607 609 53 
411 122 521 610 611 
412 521 493 612 610 
413 610 612 495 613 
414 611 610 613 77 
415 497 530 614 615 
416 530 519 616 614 
417 614 616 521 617 
418 615 614 617 122 
419 527 620 618 619 
420 620 529 621 618 
421 618 621 519 622 
422 619 618 622 530 
423 569 632 630 631 
424 631 630 634 87 
425 87 634 635 636 
426 636 635 638 593 
427 85 640 639 542 
428 640 47 641 639 
429 639 641 86 564 
430 542 639 564 84 
431 84 644 642 643 
432 644 564 645 642 
433 642 645 563 624 
434 643 642 624 464 
435 464 648 646 647 
436 648 624 649 646 
437 646 649 623 632 
438 647 646 632 569 
439 655 565 656 654 
440 654 656 50 657 
441 632 664 662 663 
442 664 623 665 662 
443 663 662 666 630 
444 657 50 671 670 
445 670 671 590 672 
446 118 591 676 608 
447 591 119 677 676 
448 676 677 72 678 
449 608 676 678 120 
450 494 629 679 680 
451 629 589 681 679 
452 679 681 591 682 
453 680 679 682 118 
454 593 638 683 684 
455 638 627 685 683 
456 683 685 629 686 
457 684 683 686 494 
458 635 689 687 688 
459 687 690 627 691 
460 688 687 691 638 
461 624 693 692 649 
462 693 563 694 692 
463 692 694 625 659 
464 649 692 659 623 
465 623 696 695 665 
466 696 659 697 695 
467 630 666 699 700 
468 699 701 626 702 
469 700 699 702 634 
470 662 705 703 704 
471 705 665 706 703 
472 704 703 707 666 
473 634 702 708 709 
474 702 626 710 708 
475 709 708 689 635 
476 627 675 711 685 
477 675 628 712 711 
478 711 712 589 713 
479 685 711 713 629 
480 714 716 675 717 
481 690 714 717 627 
482 689 720 718 719 
483 718 721 690 722 
484 719 718 722 687 
485 723 724 661 725 
486 701 723 725 626 
487 665 727 726 706 
488 727 695 728 726 
489 666 707 730 731 
490 707 633 732 730 
491 730 732 701 733 
492 731 730 733 699 
493 703 736 734 735 
494 736 706 737 734 
495 734 737 633 738 
496 735 734 738 707 
497 626 725 739 710 
498 725 661 740 739 
499 708 743 741 742 
500 743 710 744 741 
501 741 744 637 720 
502 742 741 720 689 
503 745 747 714 748 
504 721 745 748 690 
505 720 751 749 750 
506 751 637 752 749 
507 749 752 721 753 
508 750 749 753 718 
509 633 729 754 732 
510 729 698 755 754 
511 754 755 723 756 
512 732 754 756 701 
513 706 758 757 737 
514 758 726 759 757 
515 757 759 729 760 
516 737 757 760 633 
517 710 762 761 744 
518 762 739 763 761 
519 761 763 715 746 
520 744 761 746 637 
521 637 765 764 752 
522 765 746 766 764 
523 764 766 745 767 
524 752 764 767 721 
525 769 654 770 768 
526 768 770 657 771 
527 659 773 772 697 
528 773 625 774 772 
529 695 777 776 728 
530 777 697 778 776 
531 776 778 658 779 
532 726 781 780 759 
533 781 728 782 780 
534 780 782 698 783 
535 759 780 783 729 
536 771 657 785 784 
537 784 785 670 786 
538 787 789 628 790 
539 716 787 790 675 
540 792 673 793 791 
541 791 793 716 794 
542 747 791 794 714 
543 746 796 795 766 
544 796 715 797 795 
545 795 797 747 798 
546 766 795 798 745 
547 799 800 566 801 
548 724 799 801 661 
549 698 779 802 755 
550 779 658 803 802 
551 802 803 724 804 
552 755 802 804 723 
553 728 806 805 782 
554 806 776 807 805 
555 805 807 779 808 
556 782 805 808 698 
557 661 801 809 740 
558 801 566 810 809 
559 739 812 811 763 
560 812 740 813 811 
561 811 813 673 792 
562 763 811 792 715 
563 715 815 814 797 
564 815 792 816 814 
565 814 816 791 817 
566 797 814 817 747 
567 818 820 799 821 
568 803 818 821 724 
569 697 823 822 778 
570 823 772 824 822 
571 822 824 775 819 
572 778 822 819 658 
573 658 827 825 826 
574 827 819 828 825 
575 825 828 818 829 
576 826 825 829 803 
577 740 831 830 813 
578 831 809 832 830 
579 673 833 834 793 
580 833 788 835 834 
581 834 835 787 836 
582 793 834 836 716 
583 813 839 837 838 
584 839 830 840 837 
585 837 840 833 841 
586 838 837 841 673 
587 660 843 842 800 
588 843 768 844 842 
589 842 844 771 845 
590 800 842 845 566 
591 775 847 846 820 
592 847 660 848 846 
593 846 848 800 849 
594 820 846 849 799 
595 819 851 850 828 
596 851 775 852 850 
597 850 852 820 853 
598 828 850 853 818 
599 566 845 854 810 
600 845 771 855 854 
601 854 855 784 856 
602 810 854 856 674 
603 809 858 857 832 
604 858 810 859 857 
605 857 859 674 860 
606 832 857 860 788 
607 830 862 861 840 
608 862 832 863 861 
609 861 863 788 864 
610 840 861 864 833 
611 908 888 909 907 
612 907 909 891 910 
613 911 913 894 914 
614 912 911 914 892 
615 915 918 872 919 
616 916 915 919 900 
617 880 926 924 925 
618 925 924 927 562 
619 897 930 928 929 
620 930 896 916 928 
621 928 916 900 931 
622 929 928 931 883 
623 48 933 932 539 
624 933 31 934 932 
625 932 934 49 560 
626 539 932 560 47 
627 560 937 935 936 
628 937 49 938 935 
629 935 938 561 870 
630 936 935 870 559 
631 559 941 939 940 
632 941 870 942 939 
633 939 942 869 881 
634 940 939 881 652 
635 881 945 943 944 
636 945 869 946 943 
637 943 946 882 898 
638 944 943 898 879 
639 898 949 947 948 
640 949 882 950 947 
641 896 953 951 952 
642 953 917 954 951 
643 951 954 915 955 
644 952 951 955 916 
645 33 969 968 557 
646 969 551 970 968 
647 968 970 554 971 
648 557 968 971 18 
649 555 973 972 867 
650 973 557 974 972 
651 972 974 18 975 
652 867 972 975 558 
653 977 867 978 976 
654 976 978 558 979 
655 981 886 982 980 
656 980 982 868 983 
657 18 971 984 584 
658 971 554 985 984 
659 984 985 580 986 
660 584 984 986 45 
661 558 975 987 874 
662 975 18 988 987 
663 987 988 584 989 
664 874 987 989 583 
665 979 558 991 990 
666 990 991 874 992 
667 983 868 994 993 
668 993 994 902 995 
669 958 998 996 997 
670 998 980 999 996 
671 996 999 983 1000 
672 997 996 1000 887 
673 868 1002 1001 994 
674 1002 979 1003 1001 
675 1001 1003 990 1004 
676 994 1001 1004 902 
677 565 1006 1005 656 
678 1006 650 921 1005 
679 1005 921 653 1007 
680 656 1005 1007 50 
681 921 1013 1011 1012 
682 1013 920 1014 1011 
683 1011 1014 923 1015 
684 1012 1011 1015 653 
685 910 891 1017 1016 
686 1016 1017 904 1018 
687 913 1016 1018 894 
688 1020 907 1021 1019 
689 1019 1021 910 1022 
690 918 1019 1022 872 
691 870 1024 1023 942 
692 1024 561 1025 1023 
693 1023 1025 871 889 
694 942 1023 889 869 
695 869 1027 1026 946 
696 1027 889 1028 1026 
697 1026 1028 888 908 
698 946 1026 908 882 
699 882 1030 1029 950 
700 1030 908 1031 1029 
701 1029 1031 907 1020 
702 1034 1020 1035 1032 
703 1032 1035 1019 1036 
704 1033 1032 1036 918 
705 917 1038 1037 954 
706 1038 899 1033 1037 
707 1037 1033 918 1039 
708 954 1037 1039 915 
709 950 1042 1040 1041 
710 1042 1029 1043 1040 
711 1040 1043 1020 1034 
712 1041 1040 1034 899 
713 899 1046 1044 1045 
714 1046 1034 1047 1044 
715 1044 1047 1032 1048 
716 1045 1044 1048 1033 
717 888 1050 1049 909 
718 909 1049 1051 891 
719 32 1053 1052 536 
720 1053 15 1054 1052 
721 1052 1054 33 556 
722 536 1052 556 31 
723 31 1056 1055 934 
724 1056 556 1057 1055 
725 1055 1057 555 866 
726 934 1055 866 49 
727 49 1059 1058 938 
728 1059 866 1060 1058 
729 1058 1060 865 885 
730 938 1058 885 561 
731 561 1062 1061 1025 
732 1062 885 1063 1061 
733 1061 1063 884 957 
734 1025 1061 957 871 
735 871 1066 1064 1065 
736 1066 957 1067 1064 
737 890 1070 1068 1069 
738 1070 965 1071 1068 
739 1068 1071 963 1072 
740 1069 1068 1072 964 
741 957 1077 1076 1067 
742 1077 884 1078 1076 
743 1081 958 1082 1079 
744 1079 1082 997 1083 
745 956 1086 1084 1085 
746 1085 1084 1087 966 
747 885 1089 1088 1063 
748 1089 865 1090 1088 
749 1088 1090 886 981 
750 1063 1088 981 884 
751 884 1092 1091 1078 
752 1092 981 1093 1091 
753 1091 1093 980 998 
754 1078 1091 998 958 
755 1076 1096 1094 1095 
756 1096 1078 1097 1094 
757 1094 1097 958 1081 
758 1095 1094 1081 1074 
759 1074 1100 1098 1099 
760 1100 1081 1101 1098 
761 1098 1101 1079 1102 
762 1067 1105 1103 1104 
763 1105 1076 1095 1103 
764 1103 1095 1074 1086 
765 1104 1103 1086 956 
766 1086 1108 1106 1107 
767 1108 1074 1099 1106 
768 1106 1099 1080 1109 
769 1107 1106 1109 1084 
770 1073 1083 1114 1115 
771 1083 997 1116 1114 
772 1114 1116 887 1117 
773 1115 1114 1117 1075 
774 1080 1102 1118 1119 
775 1102 1079 1120 1118 
776 1118 1120 1083 1121 
777 1119 1118 1121 1073 
778 1099 1124 1122 1123 
779 1124 1098 1125 1122 
780 1122 1125 1102 1126 
781 1123 1122 1126 1080 
782 50 1007 1127 671 
783 1007 653 1009 1127 
784 1127 1009 667 1128 
785 671 1127 1128 590 
786 653 1015 1129 1130 
787 1015 923 1131 1129 
788 1129 1131 1008 1132 
789 1130 1129 1132 1009 
790 562 927 1133 1134 
791 1133 912 892 1135 
792 1134 1133 1135 893 
793 927 1138 1136 1137 
794 1138 883 1139 1136 
795 1136 1139 912 1140 
796 1137 1136 1140 1133 
797 891 1051 1144 1017 
798 1017 1144 1145 904 
799 44 585 1146 602 
800 585 45 1147 1146 
801 1146 1147 28 1148 
802 602 1146 1148 46 
803 73 875 1149 1150 
804 875 583 1151 1149 
805 1149 1151 585 1152 
806 1150 1149 1152 44 
807 587 903 1153 1154 
808 903 873 1155 1153 
809 1153 1155 875 1156 
810 1154 1153 1156 73 
811 877 962 1157 1158 
812 962 901 1159 1157 
813 1157 1159 903 1160 
814 1158 1157 1160 587 
815 905 1143 1161 1162 
816 1143 960 1163 1161 
817 1161 1163 962 1164 
818 1162 1161 1164 877 
819 1165 1168 1143 1169 
820 1166 1165 1169 905 
821 72 588 1170 605 
822 588 73 1150 1170 
823 1170 1150 44 1171 
824 605 1170 1171 74 
825 586 878 1172 1173 
826 878 587 1154 1172 
827 1172 1154 73 1174 
828 1173 1172 1174 588 
829 876 906 1175 1176 
830 906 877 1158 1175 
831 1175 1158 587 1177 
832 1176 1175 1177 878 
833 904 1145 1178 1179 
834 1145 905 1162 1178 
835 1178 1162 877 1180 
836 1179 1178 1180 906 
837 1144 1183 1181 1182 
838 1183 1142 1166 1181 
839 1181 1166 905 1184 
840 1182 1181 1184 1145 
841 34 1187 1185 1186 
842 1187 967 1188 1185 
843 1185 1188 1141 1167 
844 1186 1185 1167 1142 
845 1142 1191 1189 1190 
846 1191 1167 1192 1189 
847 1189 1192 1165 1193 
848 1190 1189 1193 1166 
849 1195 1111 1196 1194 
850 1194 1196 960 1197 
851 1168 1194 1197 1143 
852 967 1199 1198 1188 
853 1199 959 1200 1198 
854 1198 1200 1111 1195 
855 1188 1198 1195 1141 
856 1141 1203 1201 1202 
857 1203 1195 1204 1201 
858 1201 1204 1194 1205 
859 1202 1201 1205 1168 
860 1 1208 1206 1207 
861 1208 12 160 1206 
862 1206 160 10 62 
863 1207 1206 62 11 
864 16 1210 1209 533 
865 1210 2 1211 1209 
866 1209 1211 17 552 
867 533 1209 552 15 
868 20 94 1212 1213 
869 94 19 214 1212 
870 1212 214 22 1214 
871 1213 1212 1214 4 
872 10 1217 1215 1216 
873 1217 25 164 1215 
874 1215 164 23 66 
875 1216 1215 66 24 
876 28 582 1218 599 
877 582 29 1219 1218 
878 1218 1219 3 1220 
879 599 1218 1220 30 
880 36 97 1221 1222 
881 97 35 218 1221 
882 1221 218 38 1223 
883 1222 1221 1223 19 
884 23 1226 1224 1225 
885 1226 41 168 1224 
886 1224 168 39 70 
887 1225 1224 70 40 
888 52 100 1227 1228 
889 100 51 222 1227 
890 1227 222 54 1229 
891 1228 1227 1229 35 
892 70 1232 1230 1231 
893 1232 39 172 1230 
894 1230 172 56 112 
895 1231 1230 112 68 
896 56 1235 1233 1234 
897 1235 81 176 1233 
898 1233 176 79 116 
899 1234 1233 116 80 
900 89 1237 1236 404 
901 1237 58 544 1236 
902 1236 544 90 467 
903 404 1236 467 88 
904 98 135 1238 1239 
905 135 76 226 1238 
906 1238 226 51 1240 
907 1239 1238 1240 100 
908 102 138 1241 1242 
909 138 101 230 1241 
910 1241 230 104 1243 
911 1242 1241 1243 76 
912 116 1246 1244 1245 
913 1246 79 180 1244 
914 1244 180 106 141 
915 1245 1244 141 114 
916 121 498 1247 420 
917 498 122 611 1247 
918 1247 611 77 1248 
919 420 1247 1248 123 
920 136 154 1249 1250 
921 154 125 234 1249 
922 1249 234 101 1251 
923 1250 1249 1251 138 
924 183 1254 1252 1253 
925 1254 186 254 1252 
926 1252 254 128 201 
927 1253 1252 201 149 
928 188 1256 1255 407 
929 1256 88 1257 1255 
930 1255 1257 189 471 
931 407 1255 471 187 
932 204 501 1258 423 
933 501 205 1259 1258 
934 1258 1259 121 1260 
935 423 1258 1260 206 
936 158 245 1261 1262 
937 245 143 270 1261 
938 1261 270 239 1263 
939 1262 1261 1263 237 
940 250 1265 1264 260 
941 1265 196 296 1264 
942 1264 296 251 1266 
943 260 1264 1266 249 
944 265 1268 1267 276 
945 1268 267 317 1267 
946 1267 317 212 1269 
947 276 1267 1269 268 
948 279 336 1270 338 
949 336 191 376 1270 
950 1270 376 280 1271 
951 338 1270 1271 278 
952 300 1273 1272 351 
953 1273 301 391 1272 
954 1272 391 207 360 
955 351 1272 360 302 
956 325 477 1274 434 
957 477 327 1275 1274 
958 1274 1275 190 1276 
959 434 1274 1276 328 
960 328 1276 1277 449 
961 1276 190 1278 1277 
962 1277 1278 353 503 
963 449 1277 503 352 
964 411 481 1279 483 
965 481 325 1280 1279 
966 1279 1280 434 1281 
967 483 1279 1281 433 
968 414 1283 1282 446 
969 1283 436 486 1282 
970 1282 486 439 1284 
971 446 1282 1284 193 
972 448 1286 1285 492 
973 1286 449 1287 1285 
974 1285 1287 352 507 
975 492 1285 507 426 
976 208 1289 1288 460 
977 1289 454 511 1288 
978 1288 511 453 1290 
979 460 1288 1290 431 
980 463 1292 1291 546 
981 1292 84 643 1291 
982 1291 643 464 568 
983 546 1291 568 462 
984 493 594 1293 612 
985 594 494 680 1293 
986 1293 680 118 1294 
987 612 1293 1294 495 
988 516 1296 1295 550 
989 1296 462 1297 1295 
990 1295 1297 517 572 
991 550 1295 572 515 
992 519 597 1298 616 
993 597 520 1299 1298 
994 1298 1299 493 1300 
995 616 1298 1300 521 
996 15 1302 1301 1054 
997 1302 552 1303 1301 
998 1301 1303 551 969 
999 1054 1301 969 33 
1000 556 1305 1304 1057 
1001 1305 33 1306 1304 
1002 1304 1306 557 973 
1003 1057 1304 973 555 
1004 47 1308 1307 641 
1005 1308 560 936 1307 
1006 1307 936 559 651 
1007 641 1307 651 86 
1008 564 1310 1309 645 
1009 1310 86 1311 1309 
1010 1309 1311 565 655 
1011 645 1309 655 563 
1012 45 986 1312 1147 
1013 986 580 1313 1312 
1014 1312 1313 582 1314 
1015 1147 1312 1314 28 
1016 583 989 1315 1151 
1017 989 584 1316 1315 
1018 1315 1316 45 1317 
1019 1151 1315 1317 585 
1020 119 669 1318 677 
1021 669 586 1173 1318 
1022 1318 1173 588 1319 
1023 677 1318 1319 72 
1024 589 672 1320 681 
1025 672 590 1321 1320 
1026 1320 1321 119 1322 
1027 681 1320 1322 591 
1028 86 1324 1323 1311 
1029 1324 651 1325 1323 
1030 1323 1325 650 1006 
1031 1311 1323 1006 565 
1032 651 1327 1326 1325 
1033 1327 559 940 1326 
1034 1326 940 652 922 
1035 1325 1326 922 650 
1036 563 1329 1328 694 
1037 1329 655 1330 1328 
1038 1328 1330 654 769 
1039 694 1328 769 625 
1040 590 1128 1331 1321 
1041 1128 667 1332 1331 
1042 1331 1332 669 1333 
1043 1321 1331 1333 119 
1044 628 786 1334 712 
1045 786 670 1335 1334 
1046 1334 1335 672 1336 
1047 712 1334 1336 589 
1048 625 1338 1337 774 
1049 1338 769 1339 1337 
1050 1337 1339 768 843 
1051 774 1337 843 660 
1052 772 1341 1340 824 
1053 1341 774 1342 1340 
1054 1340 1342 660 847 
1055 824 1340 847 775 
1056 674 856 1343 789 
1057 856 784 1344 1343 
1058 1343 1344 786 1345 
1059 789 1343 1345 628 
1060 788 860 1346 835 
1061 860 674 1347 1346 
1062 1346 1347 789 1348 
1063 835 1346 1348 787 
1064 866 1350 1349 1060 
1065 1350 555 1351 1349 
1066 1349 1351 867 977 
1067 1060 1349 977 865 
1068 873 992 1352 1155 
1069 992 874 1353 1352 
1070 1352 1353 583 1354 
1071 1155 1352 1354 875 
1072 668 895 1355 1356 
1073 895 876 1176 1355 
1074 1355 1176 878 1357 
1075 1356 1355 1357 586 
1076 652 1360 1358 1359 
1077 1360 881 944 1358 
1078 1358 944 879 926 
1079 1359 1358 926 880 
1080 889 1362 1361 1028 
1081 1362 871 1065 1361 
1082 1028 1361 1050 888 
1083 879 1365 1363 1364 
1084 1365 898 948 1363 
1085 1363 948 896 930 
1086 1364 1363 930 897 
1087 901 995 1366 1159 
1088 995 902 1367 1366 
1089 1366 1367 873 1368 
1090 1159 1366 1368 903 
1091 894 1018 1369 1370 
1092 1018 904 1179 1369 
1093 1369 1179 906 1371 
1094 1370 1369 1371 876 
1095 883 931 1372 1139 
1096 931 900 1373 1372 
1097 1372 1373 911 1374 
1098 1139 1372 1374 912 
1099 900 919 1375 1373 
1100 919 872 1376 1375 
1101 1375 1376 913 1377 
1102 1373 1375 1377 911 
1103 920 1379 1378 1014 
1104 1379 880 925 1378 
1105 1378 925 562 1380 
1106 1014 1378 1380 923 
1107 924 1383 1381 1382 
1108 1383 897 929 1381 
1109 1381 929 883 1138 
1110 1382 1381 1138 927 
1111 947 1386 1384 1385 
1112 1386 950 1041 1384 
1113 1384 1041 899 1038 
1114 1385 1384 1038 917 
1115 948 1389 1387 1388 
1116 1389 947 1385 1387 
1117 1387 1385 917 953 
1118 1388 1387 953 896 
1119 960 1113 1390 1163 
1120 1113 961 1391 1390 
1121 1390 1391 901 1392 
1122 1163 1390 1392 962 
1123 965 1394 1393 1071 
1124 1394 956 1085 1393 
1125 1393 1085 966 1395 
1126 1071 1393 1395 963 
1127 963 1395 1396 1397 
1128 1395 966 1398 1396 
1129 1396 1398 959 1199 
1130 1397 1396 1199 967 
1131 964 1072 1399 1400 
1132 1072 963 1397 1399 
1133 1399 1397 967 1187 
1134 1400 1399 1187 34 
1135 886 1402 1401 982 
1136 1402 976 1403 1401 
1137 1401 1403 979 1002 
1138 982 1401 1002 868 
1139 902 1004 1404 1367 
1140 1004 990 1405 1404 
1141 1404 1405 992 1406 
1142 1367 1404 1406 873 
1143 887 1000 1407 1112 
1144 1000 983 1408 1407 
1145 1407 1408 993 1409 
1146 1112 1407 1409 961 
1147 961 1409 1410 1391 
1148 1409 993 1411 1410 
1149 1410 1411 995 1412 
1150 1391 1410 1412 901 
1151 923 1380 1413 1131 
1152 1380 562 1134 1413 
1153 1413 1134 893 1414 
1154 1131 1413 1414 1008 
1155 872 1022 1415 1376 
1156 1022 910 1416 1415 
1157 1415 1416 1016 1417 
1158 1376 1415 1417 913 
1159 1064 1420 1418 1419 
1160 1420 1067 1104 1418 
1161 1418 1104 956 1394 
1162 1419 1418 1394 965 
1163 1065 1423 1421 1422 
1164 1423 1064 1419 1421 
1165 1421 1419 965 1070 
1166 1422 1421 1070 890 
1167 966 1087 1424 1398 
1168 1087 1073 1115 1424 
1169 1424 1115 1075 1425 
1170 1398 1424 1425 959 
1171 1084 1109 1426 1427 
1172 1109 1080 1119 1426 
1173 1426 1119 1073 1428 
1174 1427 1426 1428 1087 
1175 959 1425 1429 1200 
1176 1425 1075 1430 1429 
1177 1429 1430 1110 1431 
1178 1200 1429 1431 1111 
1179 1075 1117 1432 1430 
1180 1117 887 1433 1432 
1181 1432 1433 1112 1434 
1182 1430 1432 1434 1110 
1183 1111 1431 1435 1196 
1184 1431 1110 1436 1435 
1185 1435 1436 1113 1437 
1186 1196 1435 1437 960 
1187 1051 1440 1438 1439 
1188 1440 34 1186 1438 
1189 1438 1186 1142 1183 
1190 1439 1438 1183 1144 
1191 1167 1442 1441 1192 
1192 1442 1141 1202 1441 
1193 1441 1202 1168 1443 
1194 1192 1441 1443 1165 
1195 667 1010 1444 1332 
1196 1010 668 1356 1444 
1197 1444 1356 586 1445 
1198 1332 1444 1445 669 
1199 892 914 1446 1447 
1200 914 894 1370 1446 
1201 1446 1370 876 1448 
1202 1447 1446 1448 895 
1203 893 1135 1449 1450 
1204 1135 892 1447 1449 
1205 1449 1447 895 1451 
1206 1450 1449 1451 668 
1207 922 1454 1452 1453 
1208 1454 652 1359 1452 
1209 1452 1359 880 1379 
1210 1453 1452 1379 920 
1211 926 1457 1455 1456 
1212 1457 879 1364 1455 
1213 1455 1364 897 1383 
1214 1456 1455 1383 924 
1215 865 1459 1458 1090 
1216 1459 977 1460 1458 
1217 1458 1460 976 1402 
1218 1090 1458 1402 886 
1219 1008 1414 1461 1462 
1220 1414 893 1450 1461 
1221 1461 1450 668 1463 
1222 1462 1461 1463 1010 
1223 1009 1132 1464 1465 
1224 1132 1008 1462 1464 
1225 1464 1462 1010 1466 
1226 1465 1464 1466 667 
1227 1049 1469 1467 1468 
1228 1469 964 1400 1467 
1229 1467 1400 34 1440 
1230 1468 1467 1440 1051 
1231 1110 1434 1470 1436 
1232 1434 1112 1471 1470 
1233 1470 1471 961 1472 
1234 1436 1470 1472 1113 
1235 650 1475 1473 1474 
1236 1475 922 1453 1473 
1237 1473 1453 920 1013 
1238 1474 1473 1013 921 
1239 1050 1478 1476 1477 
1240 1478 890 1069 1476 
1241 1476 1069 964 1469 
1242 1477 1476 1469 1049 
1243 1361 1481 1479 1480 
1244 1481 1065 1422 1479 
1245 1479 1422 890 1478 
1246 1480 1479 1478 1050 
