2 0.000000 100.000000 262.180540
1354 1144 
1 -11.368037 0.000000 -11.641948 99.756330 -6.976347 0.000031 0.000001 
2 13.641644 0.000000 -11.641948 99.755831 -6.982989 -0.001127 0.000001 
3 13.641644 0.000000 11.641948 99.756594 -6.973093 -0.000484 -0.000000 
4 -11.368037 0.000000 11.641948 99.756482 -6.975254 0.000030 -0.000001 
5 1.136804 0.000000 0.000000 101.510459 -6.569804 0.682122 -0.034800 
6 -11.368037 0.000000 0.000000 99.756393 -6.975807 0.000069 0.000000 
7 1.136804 0.000000 -11.641948 99.756051 -6.979306 -0.000214 0.000002 
8 13.641644 0.000000 0.000000 99.800984 -6.337002 0.024032 -0.000039 
9 1.136804 0.000000 11.641948 99.756691 -6.974391 -0.000248 -0.000004 
10 -5.115617 0.000000 -5.820974 99.756156 -6.977196 -0.000024 0.000003 
11 -11.368037 0.000000 -5.820974 99.756343 -6.976152 0.000050 0.000001 
12 -5.115617 0.000000 -11.641948 99.756234 -6.977199 -0.000018 0.000001 
13 1.136804 0.000000 -5.820974 99.755549 -6.985139 -0.000852 0.000004 
14 -5.115617 0.000000 0.000000 99.756200 -6.976356 0.000148 0.000003 
15 7.389224 0.000000 -5.820974 99.754809 -6.994814 -0.003540 0.000005 
16 7.389224 0.000000 -11.641948 99.755870 -6.981825 -0.000647 0.000002 
17 13.641644 0.000000 -5.820974 99.754921 -6.995645 -0.005964 0.000002 
18 7.389224 0.000000 0.000000 99.954572 -4.135182 0.684856 -0.000849 
19 -5.115617 0.000000 5.820974 99.756604 -6.975313 0.000077 -0.000003 
20 -11.368037 0.000000 5.820974 99.756457 -6.975465 0.000057 -0.000001 
21 1.136804 0.000000 5.820974 99.757340 -6.978077 -0.001111 -0.000022 
22 -5.115617 0.000000 11.641948 99.756580 -6.974936 -0.000017 -0.000003 
23 -1.989406 0.000000 -2.910487 99.755177 -6.979722 -0.000657 0.000019 
24 -5.115617 0.000000 -2.910487 99.756104 -6.976896 0.000022 0.000004 
25 -1.989406 0.000000 -5.820974 99.755927 -6.979108 -0.000306 0.000005 
26 1.136804 0.000000 -2.910487 99.757668 -6.998901 -0.002929 -0.000058 
27 -1.989406 0.000000 0.000000 99.753311 -6.979697 0.000353 0.000056 
28 7.389224 0.000000 5.820974 99.756413 -6.975539 -0.001380 -0.000000 
29 13.641644 0.000000 5.820974 99.756427 -6.974949 -0.000632 0.000001 
30 7.389224 0.000000 11.641948 99.756619 -6.973647 -0.000443 -0.000001 
31 4.263014 0.000000 -2.910487 99.751454 -7.030258 -0.009736 0.000022 
32 4.263014 0.000000 -5.820974 99.754915 -6.992060 -0.002060 0.000007 
33 7.389224 0.000000 -2.910487 99.751906 -7.033873 -0.019161 0.000008 
34 4.263014 0.000000 0.000000 100.019891 -3.135540 -2.144912 -0.001841 
35 -1.989406 0.000000 2.910487 99.756819 -6.976600 0.000560 -0.000010 
36 -5.115617 0.000000 2.910487 99.756462 -6.975758 0.000169 -0.000001 
37 1.136804 0.000000 2.910487 99.762138 -6.985120 -0.004427 -0.000128 
38 -1.989406 0.000000 5.820974 99.756969 -6.975371 -0.000064 -0.000011 
39 -0.426301 0.000000 -1.455243 99.746043 -6.990918 -0.015145 0.000185 
40 -1.989406 0.000000 -1.455243 99.753601 -6.987094 0.000191 0.000040 
41 -0.426301 0.000000 -2.910487 99.749434 -6.973268 -0.000443 0.000142 
42 1.136804 0.000000 -1.455243 99.746690 -7.040841 -0.014646 0.000102 
43 -0.426301 0.000000 0.000000 99.973226 -7.097794 0.012197 -0.004502 
44 4.263014 0.000000 2.910487 99.754161 -6.995318 -0.005811 0.000017 
45 7.389224 0.000000 2.910487 99.754865 -6.994774 -0.000585 0.000004 
46 4.263014 0.000000 5.820974 99.756667 -6.976414 -0.001706 -0.000006 
47 2.699909 0.000000 -1.455243 99.739656 -7.144390 -0.018637 0.000096 
48 2.699909 0.000000 -2.910487 99.752189 -7.014976 -0.004957 0.000029 
49 4.263014 0.000000 -1.455243 99.740116 -7.160566 -0.054921 0.000063 
50 2.699909 0.000000 0.000000 100.071225 -3.412336 -1.272281 -0.002751 
51 -0.426301 0.000000 1.455243 99.749291 -6.985847 0.010888 0.000128 
52 -1.989406 0.000000 1.455243 99.755607 -6.983805 0.001783 0.000005 
53 1.136804 0.000000 1.455243 99.759493 -7.018680 -0.012893 -0.000122 
54 -0.426301 0.000000 2.910487 99.759205 -6.989823 0.001692 -0.000076 
55 0.355251 0.000000 -0.727622 99.791468 -7.086737 -0.134884 -0.000858 
56 -0.426301 0.000000 -0.727622 99.711606 -7.028535 0.009911 0.000820 
57 0.355251 0.000000 -1.455243 99.763834 -7.013104 -0.022352 -0.000201 
58 1.136804 0.000000 -0.727622 99.765988 -7.151948 -0.030355 -0.000440 
59 0.355251 0.000000 0.000000 69.051680 -0.042703 -0.001869 0.523186 
60 -8.241827 0.000000 -2.910487 99.756305 -6.976241 0.000067 0.000001 
61 -11.368037 0.000000 -2.910487 99.756363 -6.975992 0.000061 0.000000 
62 -8.241827 0.000000 -5.820974 99.756286 -6.976474 0.000041 0.000001 
63 -8.241827 0.000000 0.000000 99.756359 -6.975941 0.000093 0.000001 
64 -3.552511 0.000000 -1.455243 99.755738 -6.977434 0.000045 0.000011 
65 -5.115617 0.000000 -1.455243 99.756120 -6.976650 0.000083 0.000004 
66 -3.552511 0.000000 -2.910487 99.755807 -6.977712 -0.000105 0.000009 
67 -3.552511 0.000000 0.000000 99.755892 -6.977012 0.000243 0.000008 
68 -1.207854 0.000000 -0.727622 99.749068 -6.984024 0.003130 0.000135 
69 -1.989406 0.000000 -0.727622 99.754569 -6.974705 -0.004399 0.000038 
70 -1.207854 0.000000 -1.455243 99.750451 -6.983588 -0.002938 0.000108 
71 -1.207854 0.000000 0.000000 99.751097 -6.984561 -0.000156 0.000093 
72 2.699909 0.000000 1.455243 99.743972 -7.078854 -0.035648 0.000103 
73 4.263014 0.000000 1.455243 99.745073 -7.089802 -0.007816 0.000066 
74 2.699909 0.000000 2.910487 99.756994 -6.997458 -0.009030 -0.000042 
75 0.355251 0.000000 0.727622 99.830601 -7.087639 0.121837 -0.001640 
76 -0.426301 0.000000 0.727622 99.726529 -7.007441 0.001184 0.000552 
77 1.136804 0.000000 0.727622 99.849491 -7.144049 -0.061520 -0.002096 
78 0.355251 0.000000 1.455243 99.772797 -7.002122 0.012499 -0.000364 
79 -0.035525 0.000000 -0.363811 99.150389 -7.190337 0.066438 0.011749 
80 -0.426301 0.000000 -0.363811 99.783250 -7.024327 0.056099 -0.000604 
81 -0.035525 0.000000 -0.727622 99.656596 -7.031094 -0.070147 0.001912 
82 0.355251 0.000000 -0.363811 100.391555 -7.473942 -0.629900 -0.013472 
83 -0.035525 0.000000 0.000000 166.486171 -7.440185 -0.024107 -1.777300 
84 1.918356 0.000000 -0.727622 99.748139 -7.359682 0.019561 -0.000386 
85 1.918356 0.000000 -1.455243 99.757710 -7.093970 0.000180 -0.000193 
86 2.699909 0.000000 -0.727622 99.676839 -7.506135 -0.104870 0.000817 
87 1.918356 0.000000 0.000000 101.695307 -7.599167 -1.563741 -0.040213 
88 0.746027 0.000000 -0.363811 99.725303 -7.564835 0.082270 -0.000237 
89 0.746027 0.000000 -0.727622 99.743142 -7.121175 0.004946 0.000059 
90 1.136804 0.000000 -0.363811 99.716982 -7.637296 -0.151318 -0.000183 
91 0.746027 0.000000 0.000000 101.952071 -6.564014 -0.033029 -0.043731 
92 -8.241827 0.000000 2.910487 99.756437 -6.975640 0.000095 -0.000001 
93 -11.368037 0.000000 2.910487 99.756427 -6.975624 0.000068 -0.000000 
94 -8.241827 0.000000 5.820974 99.756496 -6.975396 0.000070 -0.000001 
95 -3.552511 0.000000 1.455243 99.756215 -6.976496 0.000339 0.000003 
96 -5.115617 0.000000 1.455243 99.756330 -6.976047 0.000181 0.000001 
97 -3.552511 0.000000 2.910487 99.756529 -6.976000 0.000287 -0.000003 
98 -1.207854 0.000000 0.727622 99.751714 -6.983056 0.000152 0.000083 
99 -1.989406 0.000000 0.727622 99.756177 -6.979321 0.008370 -0.000001 
100 -1.207854 0.000000 1.455243 99.753041 -6.980710 0.002904 0.000060 
101 -0.035525 0.000000 0.363811 99.135616 -7.207201 -0.075633 0.012018 
102 -0.426301 0.000000 0.363811 99.758462 -7.029607 -0.092986 -0.000117 
103 0.355251 0.000000 0.363811 100.442189 -7.468937 0.630895 -0.014482 
104 -0.035525 0.000000 0.727622 99.686833 -7.039938 0.075252 0.001297 
105 0.159863 0.000000 -0.181905 98.322848 -8.506873 -4.884023 0.023640 
106 -0.035525 0.000000 -0.181905 97.599783 -7.284466 2.979574 0.041234 
107 0.159863 0.000000 -0.363811 99.313112 -7.287414 -0.858714 0.008306 
108 0.355251 0.000000 -0.181905 101.827874 -8.995673 -1.501888 -0.045209 
109 0.159863 0.000000 0.000000 117.119602 0.023360 0.038838 -0.371700 
110 -0.817078 0.000000 -0.363811 99.752986 -7.009010 0.009748 0.000022 
111 -1.207854 0.000000 -0.363811 99.749768 -6.984818 -0.000147 0.000120 
112 -0.817078 0.000000 -0.727622 99.743621 -6.988017 0.000588 0.000238 
113 -0.817078 0.000000 0.000000 99.763983 -7.009361 0.005416 -0.000198 
114 -0.230913 0.000000 -0.181905 100.344077 -7.131937 0.396732 -0.011996 
115 -0.426301 0.000000 -0.181905 99.897909 -7.095101 0.073020 -0.002994 
116 -0.230913 0.000000 -0.363811 99.579253 -7.062960 0.297020 0.003400 
117 -0.230913 0.000000 0.000000 101.222275 -7.202929 -0.030833 -0.029783 
118 1.918356 0.000000 0.727622 99.803462 -7.304569 -0.169428 -0.001412 
119 2.699909 0.000000 0.727622 99.713128 -7.378093 -0.112043 0.000284 
120 1.918356 0.000000 1.455243 99.764230 -7.054164 -0.044464 -0.000266 
121 0.746027 0.000000 0.363811 99.780222 -7.567268 -0.096378 -0.001337 
122 1.136804 0.000000 0.363811 100.053935 -7.631272 0.000997 -0.006903 
123 0.746027 0.000000 0.727622 99.808820 -7.136715 -0.035975 -0.001273 
124 0.159863 0.000000 0.181905 98.351004 -8.461975 4.889228 0.023157 
125 -0.035525 0.000000 0.181905 97.609951 -7.309883 -2.980945 0.040998 
126 0.355251 0.000000 0.181905 101.809695 -8.997097 1.528752 -0.044850 
127 0.159863 0.000000 0.363811 99.339404 -7.305232 0.861607 0.007757 
128 0.062169 0.000000 -0.090953 86.022467 -10.512480 -8.284207 0.242099 
129 -0.035525 0.000000 -0.090953 103.686527 -7.720498 18.571329 -0.115540 
130 0.062169 0.000000 -0.181905 95.954922 -7.875330 -1.780717 0.072746 
131 0.159863 0.000000 -0.090953 99.372885 -12.638002 -13.411654 -0.021456 
132 0.062169 0.000000 0.000000 197.461174 -0.771535 -0.008271 -2.899151 
133 -0.817078 0.000000 0.363811 99.756579 -6.995696 -0.000070 -0.000031 
134 -1.207854 0.000000 0.363811 99.750601 -6.983869 -0.000333 0.000104 
135 -0.817078 0.000000 0.727622 99.746752 -6.985639 -0.000779 0.000179 
136 -0.230913 0.000000 0.181905 100.321310 -7.138190 -0.438842 -0.011551 
137 -0.426301 0.000000 0.181905 99.881824 -7.026239 -0.085130 -0.002575 
138 -0.230913 0.000000 0.363811 99.580103 -7.049185 -0.302257 0.003402 
139 -0.133219 0.000000 -0.090953 103.415380 -7.327468 2.559461 -0.075498 
140 -0.230913 0.000000 -0.090953 100.862504 -7.184136 0.448266 -0.022506 
141 -0.133219 0.000000 -0.181905 100.086634 -7.389443 1.899477 -0.007555 
142 -0.133219 0.000000 0.000000 106.512862 -7.249838 -0.013746 -0.139755 
143 0.062169 0.000000 0.090953 85.908007 -10.502115 8.276887 0.244101 
144 -0.035525 0.000000 0.090953 103.678839 -7.744757 -18.593399 -0.115500 
145 0.159863 0.000000 0.090953 99.386453 -12.559940 13.414935 -0.021538 
146 0.062169 0.000000 0.181905 95.990571 -7.876537 1.798823 0.072053 
147 0.013322 0.000000 -0.045476 73.776430 -11.592977 -14.504270 0.421227 
148 -0.035525 0.000000 -0.045476 144.626160 -7.686883 29.405152 -1.184048 
149 0.013322 0.000000 -0.090953 76.262373 -9.093129 5.905998 0.406648 
150 0.062169 0.000000 -0.045476 194.143089 -0.634043 -19.359052 -2.806671 
151 0.013322 0.000000 0.000000 247.591526 -3.661173 0.006836 -5.131497 
152 -0.133219 0.000000 0.090953 103.427093 -7.359864 -2.559840 -0.075788 
153 -0.230913 0.000000 0.090953 100.848202 -7.192451 -0.503553 -0.022234 
154 -0.133219 0.000000 0.181905 100.052339 -7.336246 -1.915530 -0.006796 
155 0.013322 0.000000 0.045476 73.691046 -11.868584 14.488680 0.421884 
156 -0.035525 0.000000 0.045476 144.621361 -7.711405 -29.443156 -1.184170 
157 0.062169 0.000000 0.045476 194.147110 -0.658322 19.357918 -2.806826 
158 0.013322 0.000000 0.090953 76.268159 -9.145270 -5.938342 0.406427 
159 -1.989406 0.000000 -8.731461 99.756080 -6.978547 -0.000146 0.000002 
160 -5.115617 0.000000 -8.731461 99.756203 -6.977260 -0.000023 0.000002 
161 -1.989406 0.000000 -11.641948 99.756154 -6.978064 -0.000089 0.000002 
162 1.136804 0.000000 -8.731461 99.755900 -6.980813 -0.000375 0.000003 
163 -0.426301 0.000000 -4.365730 99.755598 -6.982658 -0.001024 0.000006 
164 -1.989406 0.000000 -4.365730 99.755704 -6.979373 -0.000469 0.000009 
165 -0.426301 0.000000 -5.820974 99.755821 -6.981096 -0.000566 0.000004 
166 1.136804 0.000000 -4.365730 99.758139 -6.995010 -0.001643 -0.000062 
167 0.355251 0.000000 -2.182865 99.764163 -7.005042 -0.010657 -0.000196 
168 -0.426301 0.000000 -2.182865 99.753528 -6.987693 -0.006904 0.000041 
169 0.355251 0.000000 -2.910487 99.757101 -6.990986 -0.004129 -0.000035 
170 1.136804 0.000000 -2.182865 99.768244 -7.012906 -0.007041 -0.000288 
171 -0.035525 0.000000 -1.091433 99.733420 -7.021759 -0.038488 0.000394 
172 -0.426301 0.000000 -1.091433 99.740327 -6.997137 -0.018326 0.000291 
173 -0.035525 0.000000 -1.455243 99.736678 -6.999977 -0.013380 0.000360 
174 0.355251 0.000000 -1.091433 99.765445 -7.039944 -0.049216 -0.000271 
175 0.159863 0.000000 -0.545716 99.621009 -7.161419 -0.286723 0.002429 
176 -0.035525 0.000000 -0.545716 99.580884 -7.094955 -0.095269 0.003330 
177 0.159863 0.000000 -0.727622 99.704027 -7.055619 -0.140646 0.000931 
178 0.355251 0.000000 -0.545716 99.841075 -7.192504 -0.242385 -0.002003 
179 0.062169 0.000000 -0.272858 97.643797 -7.411289 -0.783291 0.041015 
180 -0.035525 0.000000 -0.272858 98.224684 -7.284940 0.768756 0.029825 
181 0.062169 0.000000 -0.363811 98.947376 -7.241693 -0.399663 0.015681 
182 0.159863 0.000000 -0.272858 98.857498 -7.565782 -2.086134 0.016560 
183 0.013322 0.000000 -0.136429 92.919528 -8.016616 2.576002 0.129506 
184 -0.035525 0.000000 -0.136429 98.467179 -7.457480 6.303910 0.020886 
185 0.013322 0.000000 -0.181905 95.945272 -7.528582 1.011733 0.073680 
186 0.062169 0.000000 -0.136429 93.710278 -8.533163 -3.554595 0.113293 
187 0.550639 0.000000 -0.181905 101.471832 -8.014235 -0.010373 -0.036076 
188 0.550639 0.000000 -0.363811 100.049106 -7.510981 0.136882 -0.006626 
189 0.746027 0.000000 -0.181905 102.089263 -8.017473 -0.041541 -0.048650 
190 0.550639 0.000000 0.000000 101.428300 -6.545967 -0.011067 -0.033055 
191 0.257557 0.000000 -0.090953 102.712045 -12.589500 -10.268203 -0.081370 
192 0.257557 0.000000 -0.181905 100.710176 -8.778340 -3.784527 -0.023392 
193 0.355251 0.000000 -0.090953 105.299854 -12.612556 -4.442604 -0.126687 
194 0.257557 0.000000 0.000000 83.128870 -0.077224 0.013384 0.308958 
195 0.111016 0.000000 -0.045476 145.661477 -0.242015 -13.630835 -1.140312 
196 0.111016 0.000000 -0.090953 92.568601 -12.538150 -15.481568 0.103417 
197 0.159863 0.000000 -0.045476 115.946807 -0.041098 -8.432081 -0.351476 
198 0.111016 0.000000 0.000000 148.901657 -0.252341 -0.012615 -1.217177 
199 0.037745 0.000000 -0.068215 74.621662 -11.663551 -14.606153 0.408223 
200 0.013322 0.000000 -0.068215 73.730251 -11.371860 -14.349480 0.422862 
201 0.037745 0.000000 -0.090953 83.429391 -9.842711 -5.023017 0.291743 
202 0.062169 0.000000 -0.068215 79.586078 -11.997734 -15.349143 0.328651 
203 0.037745 0.000000 -0.045476 74.254807 -11.708597 -14.598090 0.413603 
204 0.550639 0.000000 0.181905 101.404606 -8.008682 0.007466 -0.034703 
205 0.746027 0.000000 0.181905 101.985481 -8.019646 -0.012361 -0.046535 
206 0.550639 0.000000 0.363811 100.097346 -7.537629 -0.147185 -0.007632 
207 0.257557 0.000000 0.090953 102.695934 -12.596530 10.267299 -0.081054 
208 0.355251 0.000000 0.090953 105.395014 -12.630573 4.445467 -0.128740 
209 0.257557 0.000000 0.181905 100.710712 -8.774228 3.783299 -0.023395 
210 0.111016 0.000000 0.045476 145.650035 -0.237039 13.601709 -1.139900 
211 0.159863 0.000000 0.045476 115.946799 -0.013426 8.485843 -0.351567 
212 0.111016 0.000000 0.090953 92.487113 -12.593215 15.469547 0.104824 
213 -1.989406 0.000000 8.731461 99.756768 -6.974858 -0.000128 -0.000006 
214 -5.115617 0.000000 8.731461 99.756610 -6.975061 0.000009 -0.000003 
215 1.136804 0.000000 8.731461 99.756857 -6.974640 -0.000455 -0.000008 
216 -1.989406 0.000000 11.641948 99.756653 -6.974693 -0.000105 -0.000004 
217 -0.426301 0.000000 4.365730 99.757875 -6.976450 -0.000348 -0.000030 
218 -1.989406 0.000000 4.365730 99.757060 -6.975892 0.000137 -0.000013 
219 1.136804 0.000000 4.365730 99.762401 -6.975471 -0.001520 -0.000119 
220 -0.426301 0.000000 5.820974 99.757281 -6.975611 -0.000437 -0.000017 
221 0.355251 0.000000 2.182865 99.764538 -6.987375 0.004343 -0.000179 
222 -0.426301 0.000000 2.182865 99.757680 -6.982131 0.004637 -0.000034 
223 1.136804 0.000000 2.182865 99.774243 -6.992860 -0.006297 -0.000380 
224 0.355251 0.000000 2.910487 99.761199 -6.981625 -0.000067 -0.000104 
225 -0.035525 0.000000 1.091433 99.750357 -7.004279 0.037204 0.000080 
226 -0.426301 0.000000 1.091433 99.746079 -6.992466 0.015919 0.000182 
227 0.355251 0.000000 1.091433 99.789482 -7.017552 0.039219 -0.000719 
228 -0.035525 0.000000 1.455243 99.743256 -6.990843 0.007936 0.000241 
229 0.159863 0.000000 0.545716 99.638841 -7.154078 0.286366 0.002084 
230 -0.035525 0.000000 0.545716 99.543183 -7.054798 0.086633 0.004138 
231 0.355251 0.000000 0.545716 99.886268 -7.193505 0.242183 -0.002907 
232 0.159863 0.000000 0.727622 99.741684 -7.064398 0.137351 0.000167 
233 0.062169 0.000000 0.272858 97.593294 -7.427540 0.792913 0.041975 
234 -0.035525 0.000000 0.272858 98.188161 -7.280237 -0.774308 0.030548 
235 0.159863 0.000000 0.272858 98.848228 -7.629772 2.094073 0.016643 
236 0.062169 0.000000 0.363811 98.935298 -7.247264 0.403592 0.015912 
237 0.013322 0.000000 0.136429 92.869407 -8.011931 -2.585019 0.130440 
238 -0.035525 0.000000 0.136429 98.448479 -7.473811 -6.314417 0.021217 
239 0.062169 0.000000 0.136429 93.672281 -8.578143 3.545780 0.113935 
240 0.013322 0.000000 0.181905 95.972632 -7.558652 -1.005385 0.073111 
241 0.037745 0.000000 0.068215 74.582828 -11.861406 14.603154 0.408346 
242 0.013322 0.000000 0.068215 73.659303 -11.651827 14.340007 0.423291 
243 0.037745 0.000000 0.045476 74.214842 -11.895915 14.594413 0.413765 
244 0.062169 0.000000 0.068215 79.543657 -12.165569 15.342504 0.328941 
245 0.037745 0.000000 0.090953 83.335853 -9.813603 5.021180 0.293362 
246 0.111016 0.000000 -0.136429 96.607610 -9.120367 -6.384889 0.054302 
247 0.111016 0.000000 -0.181905 97.070308 -8.208886 -3.779594 0.049568 
248 0.159863 0.000000 -0.136429 98.737391 -9.713822 -7.413925 0.010160 
249 0.086592 0.000000 -0.068215 91.898156 -12.436553 -15.307176 0.116575 
250 0.086592 0.000000 -0.090953 92.321522 -12.553587 -15.443856 0.108063 
251 0.111016 0.000000 -0.068215 92.564535 -12.397956 -15.383785 0.104144 
252 0.086592 0.000000 -0.045476 167.975512 -0.332133 -17.417098 -1.851924 
253 0.086592 0.000000 -0.113691 93.468442 -9.589918 -8.020334 0.110736 
254 0.062169 0.000000 -0.113691 90.939025 -9.199450 -5.540770 0.161476 
255 0.086592 0.000000 -0.136429 95.125269 -8.776759 -5.353360 0.084549 
256 0.111016 0.000000 -0.113691 95.983426 -9.993636 -8.911316 0.060790 
257 0.074381 0.000000 -0.079584 88.934981 -12.415580 -15.240576 0.170415 
258 0.062169 0.000000 -0.079584 80.548907 -12.097314 -15.354009 0.312978 
259 0.074381 0.000000 -0.090953 86.908121 -10.830285 -11.968373 0.218644 
260 0.086592 0.000000 -0.079584 92.018034 -12.456306 -15.337633 0.114228 
261 0.074381 0.000000 -0.068215 86.236430 -12.313784 -15.361560 0.217567 
262 0.111016 0.000000 0.136429 96.567100 -9.071940 6.416937 0.055132 
263 0.159863 0.000000 0.136429 98.708389 -9.691395 7.440785 0.010737 
264 0.111016 0.000000 0.181905 97.100301 -8.187374 3.785824 0.049017 
265 0.086592 0.000000 0.068215 91.848026 -12.338963 15.298831 0.117764 
266 0.086592 0.000000 0.045476 167.963440 -0.326972 17.386567 -1.851412 
267 0.111016 0.000000 0.068215 92.492168 -12.430511 15.373326 0.105434 
268 0.086592 0.000000 0.090953 92.279112 -12.434349 15.435631 0.109169 
269 0.086592 0.000000 0.113691 93.419233 -9.621144 8.033091 0.111575 
270 0.062169 0.000000 0.113691 90.883323 -9.241498 5.531848 0.162421 
271 0.111016 0.000000 0.113691 95.947888 -9.949794 8.939872 0.061508 
272 0.086592 0.000000 0.136429 95.099178 -8.787970 5.368649 0.085010 
273 0.074381 0.000000 0.079584 88.883553 -12.374698 15.231153 0.171459 
274 0.062169 0.000000 0.079584 80.505232 -12.244303 15.346378 0.313347 
275 0.074381 0.000000 0.068215 86.186943 -12.335811 15.352392 0.218394 
276 0.086592 0.000000 0.079584 91.966129 -12.365631 15.329027 0.115434 
277 0.074381 0.000000 0.090953 86.825109 -10.863053 11.968135 0.220016 
278 0.208710 0.000000 -0.045476 95.525722 -0.105693 -5.253821 0.084722 
279 0.208710 0.000000 -0.090953 100.538186 -12.688761 -12.764007 -0.043185 
280 0.257557 0.000000 -0.045476 82.278261 -0.064708 -4.030336 0.321404 
281 0.208710 0.000000 0.000000 96.655619 0.002384 0.026892 0.065769 
282 0.135439 0.000000 -0.068215 93.175225 -12.539405 -15.579529 0.091842 
283 0.135439 0.000000 -0.090953 94.371397 -12.566013 -15.177806 0.070577 
284 0.159863 0.000000 -0.068215 114.517588 -0.155340 -12.588509 -0.327277 
285 0.135439 0.000000 -0.045476 129.249906 -0.092311 -10.673731 -0.681948 
286 0.257557 0.000000 -0.272858 100.231117 -7.784978 -1.828074 -0.011022 
287 0.257557 0.000000 -0.363811 100.036822 -7.387778 -0.945303 -0.006284 
288 0.355251 0.000000 -0.272858 100.688398 -7.915336 -0.772568 -0.020140 
289 0.208710 0.000000 -0.136429 100.254188 -10.058876 -7.253596 -0.020470 
290 0.208710 0.000000 -0.181905 99.380042 -8.604027 -4.849443 0.002606 
291 0.257557 0.000000 -0.136429 101.308018 -10.123247 -6.289802 -0.040536 
292 0.135439 0.000000 -0.113691 97.217222 -10.371407 -9.215454 0.035632 
293 0.135439 0.000000 -0.136429 97.785340 -9.424189 -6.921611 0.030130 
294 0.159863 0.000000 -0.113691 98.486500 -10.829286 -9.720923 0.008864 
295 0.123228 0.000000 -0.079584 92.679533 -12.457138 -15.453383 0.101652 
296 0.111016 0.000000 -0.079584 92.563611 -12.451873 -15.421467 0.103911 
297 0.123228 0.000000 -0.090953 92.533839 -12.527008 -15.474845 0.104109 
298 0.135439 0.000000 -0.079584 94.318588 -12.572276 -15.386597 0.070919 
299 0.123228 0.000000 -0.068215 92.540184 -12.529042 -15.476072 0.103983 
300 0.208710 0.000000 0.045476 95.532510 -0.093863 5.296933 0.084547 
301 0.257557 0.000000 0.045476 82.296097 -0.075416 4.052805 0.321092 
302 0.208710 0.000000 0.090953 100.549944 -12.673397 12.765632 -0.043387 
303 0.135439 0.000000 0.068215 93.109478 -12.659558 15.572450 0.092786 
304 0.135439 0.000000 0.045476 129.078312 -0.211533 10.687153 -0.677547 
305 0.159863 0.000000 0.068215 114.506328 -0.124764 12.615641 -0.327087 
306 0.135439 0.000000 0.090953 94.327371 -12.633036 15.174672 0.071248 
307 0.257557 0.000000 0.272858 100.278568 -7.812247 1.843091 -0.012022 
308 0.355251 0.000000 0.272858 100.750206 -7.934155 0.788122 -0.021418 
309 0.257557 0.000000 0.363811 100.077536 -7.413963 0.956411 -0.007139 
310 0.208710 0.000000 0.136429 100.249161 -10.030327 7.247287 -0.020302 
311 0.257557 0.000000 0.136429 101.329040 -10.080552 6.284985 -0.040869 
312 0.208710 0.000000 0.181905 99.403645 -8.581015 4.837831 0.002188 
313 0.135439 0.000000 0.113691 97.185213 -10.335417 9.238832 0.036286 
314 0.159863 0.000000 0.113691 98.452215 -10.793337 9.745629 0.009569 
315 0.135439 0.000000 0.136429 97.750801 -9.395107 6.942865 0.030831 
316 0.123228 0.000000 0.079584 92.604386 -12.567586 15.444339 0.102796 
317 0.111016 0.000000 0.079584 92.487565 -12.496018 15.410379 0.105242 
318 0.123228 0.000000 0.068215 92.457357 -12.615841 15.463828 0.105335 
319 0.135439 0.000000 0.079584 94.277579 -12.641321 15.385122 0.071523 
320 0.123228 0.000000 0.090953 92.450712 -12.620893 15.462551 0.105449 
321 0.184287 0.000000 -0.068215 103.251422 -0.156417 -10.372993 -0.076848 
322 0.184287 0.000000 -0.090953 99.324101 -12.551882 -13.357189 -0.020124 
323 0.208710 0.000000 -0.068215 93.413150 -0.103863 -8.232830 0.120619 
324 0.184287 0.000000 -0.045476 104.612048 -0.135399 -6.821176 -0.099023 
325 0.184287 0.000000 0.068215 103.272683 -0.164048 10.389103 -0.077321 
326 0.184287 0.000000 0.045476 104.636569 -0.144504 6.857138 -0.099585 
327 0.208710 0.000000 0.068215 93.448165 -0.101782 8.256134 0.119927 
328 0.184287 0.000000 0.090953 99.342215 -12.541906 13.361488 -0.020470 
329 0.452945 0.000000 -0.090953 99.033389 -10.182346 0.001884 0.008871 
330 0.452945 0.000000 -0.181905 99.821245 -11.834578 0.001451 -0.010434 
331 0.550639 0.000000 -0.090953 100.996763 -7.508435 -0.010102 -0.025672 
332 0.452945 0.000000 0.000000 101.428299 -6.545966 -0.011068 -0.033055 
333 0.306404 0.000000 -0.136429 102.415457 -10.451031 -4.260390 -0.061630 
334 0.306404 0.000000 -0.181905 101.343945 -8.897549 -2.819979 -0.035771 
335 0.355251 0.000000 -0.136429 104.422163 -10.640244 -2.712276 -0.102456 
336 0.306404 0.000000 -0.090953 104.390195 -12.511086 -6.477431 -0.109580 
337 0.233134 0.000000 -0.113691 101.444077 -11.570452 -8.346446 -0.049444 
338 0.208710 0.000000 -0.113691 101.306724 -11.346009 -9.410968 -0.048035 
339 0.233134 0.000000 -0.136429 100.678625 -10.115795 -6.708830 -0.028352 
340 0.257557 0.000000 -0.113691 102.738459 -12.601404 -10.271013 -0.081948 
341 0.233134 0.000000 -0.090953 102.927234 -12.655545 -10.290324 -0.086007 
342 0.452945 0.000000 0.090953 98.996830 -10.171318 0.001394 0.009617 
343 0.550639 0.000000 0.090953 100.969031 -7.502271 -0.006329 -0.025103 
344 0.452945 0.000000 0.181905 99.781871 -11.820794 0.003328 -0.009615 
345 0.306404 0.000000 0.136429 102.441154 -10.432144 4.284003 -0.062137 
346 0.306404 0.000000 0.090953 104.459201 -12.563474 6.483200 -0.111160 
347 0.355251 0.000000 0.136429 104.466553 -10.718898 2.709761 -0.103550 
348 0.306404 0.000000 0.181905 101.320852 -8.892770 2.835483 -0.035304 
349 0.233134 0.000000 0.113691 101.443932 -11.537648 8.341663 -0.049357 
350 0.208710 0.000000 0.113691 101.310007 -11.293758 9.405878 -0.047974 
351 0.233134 0.000000 0.090953 102.923334 -12.605685 10.289952 -0.085800 
352 0.257557 0.000000 0.113691 102.721834 -12.607443 10.270098 -0.081620 
353 0.233134 0.000000 0.136429 100.698161 -10.072736 6.709322 -0.028659 
354 0.306404 0.000000 -0.045476 73.446478 0.099892 -2.154438 0.460096 
355 0.355251 0.000000 -0.045476 68.287485 -0.048805 -1.110491 0.533558 
356 0.306404 0.000000 0.000000 74.047728 0.016992 -0.019793 0.451693 
357 0.281981 0.000000 -0.113691 103.750285 -12.500770 -8.453392 -0.099185 
358 0.281981 0.000000 -0.136429 102.250768 -10.294365 -5.192549 -0.058816 
359 0.306404 0.000000 -0.113691 104.374584 -12.523218 -6.477242 -0.109284 
360 0.281981 0.000000 -0.090953 103.560841 -12.507125 -8.787038 -0.095849 
361 0.281981 0.000000 -0.068215 75.941121 0.094554 -4.616790 0.421162 
362 0.257557 0.000000 -0.068215 81.373427 -0.094211 -6.199760 0.333992 
363 0.306404 0.000000 -0.068215 72.814822 0.053661 -3.164907 0.468798 
364 0.281981 0.000000 -0.045476 77.042741 0.054497 -3.157691 0.405444 
365 0.269769 0.000000 -0.102322 102.890485 -12.544474 -10.011447 -0.084404 
366 0.257557 0.000000 -0.102322 102.709962 -12.588561 -10.267981 -0.081324 
367 0.269769 0.000000 -0.113691 102.853248 -12.529931 -10.282405 -0.084152 
368 0.281981 0.000000 -0.102322 103.589424 -12.503937 -9.229908 -0.097231 
369 0.269769 0.000000 -0.090953 102.783790 -12.559018 -10.275417 -0.082782 
370 0.306404 0.000000 0.045476 73.582537 0.005233 2.141243 0.458103 
371 0.355251 0.000000 0.045476 68.291495 -0.049827 1.107547 0.533504 
372 0.281981 0.000000 0.113691 103.777425 -12.487038 8.456077 -0.099719 
373 0.281981 0.000000 0.090953 103.581378 -12.495829 8.789095 -0.096250 
374 0.306404 0.000000 0.113691 104.452461 -12.588475 6.483049 -0.111082 
375 0.281981 0.000000 0.136429 102.255091 -10.349691 5.201481 -0.059028 
376 0.281981 0.000000 0.068215 75.973467 0.128362 4.620175 0.420667 
377 0.257557 0.000000 0.068215 81.415835 -0.078382 6.220292 0.333276 
378 0.281981 0.000000 0.045476 77.112029 0.043541 3.190194 0.404356 
379 0.306404 0.000000 0.068215 72.937675 -0.026296 3.152436 0.467016 
380 0.269769 0.000000 0.102322 102.885890 -12.541432 10.011190 -0.084302 
381 0.257557 0.000000 0.102322 102.693891 -12.595669 10.267078 -0.081010 
382 0.269769 0.000000 0.090953 102.774814 -12.557536 10.274624 -0.082592 
383 0.281981 0.000000 0.102322 103.613893 -12.471438 9.231416 -0.097659 
384 0.269769 0.000000 0.113691 102.851123 -12.520247 10.281718 -0.084082 
385 0.746027 0.000000 -1.091433 99.778374 -7.058142 -0.029139 -0.000554 
386 0.746027 0.000000 -1.455243 99.769312 -7.026583 -0.015826 -0.000329 
387 1.136804 0.000000 -1.091433 99.781717 -7.078651 -0.015441 -0.000650 
388 0.550639 0.000000 -0.545716 99.825742 -7.217708 -0.013766 -0.001727 
389 0.550639 0.000000 -0.727622 99.801202 -7.117835 -0.071809 -0.001095 
390 0.746027 0.000000 -0.545716 99.794159 -7.234896 0.013947 -0.001122 
391 0.452945 0.000000 -0.272858 100.417113 -7.918335 0.072084 -0.014630 
392 0.452945 0.000000 -0.363811 100.343827 -7.486962 -0.062495 -0.012494 
393 0.550639 0.000000 -0.272858 101.471486 -12.005016 0.002947 -0.044058 
394 0.404098 0.000000 -0.136429 98.150986 -12.496119 0.000034 0.021023 
395 0.404098 0.000000 -0.181905 101.879826 -9.107426 0.183895 -0.046248 
396 0.452945 0.000000 -0.136429 99.196240 -10.753218 0.001979 0.004447 
397 0.404098 0.000000 -0.090953 101.146206 -12.513339 -1.660060 -0.038989 
398 0.330828 0.000000 -0.113691 104.356611 -12.554428 -6.479013 -0.108989 
399 0.330828 0.000000 -0.136429 102.834024 -10.560629 -3.954144 -0.070200 
400 0.355251 0.000000 -0.113691 105.208999 -12.602948 -4.688756 -0.124975 
401 0.330828 0.000000 -0.090953 104.350494 -12.555099 -6.478613 -0.108863 
402 0.746027 0.000000 1.091433 99.808591 -7.032506 0.005440 -0.001121 
403 1.136804 0.000000 1.091433 99.806006 -7.059253 -0.030067 -0.001107 
404 0.746027 0.000000 1.455243 99.780374 -7.011228 -0.001505 -0.000528 
405 0.550639 0.000000 0.545716 99.865624 -7.235780 0.008273 -0.002550 
406 0.746027 0.000000 0.545716 99.864745 -7.242654 -0.032528 -0.002542 
407 0.550639 0.000000 0.727622 99.852824 -7.100689 0.061150 -0.002101 
408 0.452945 0.000000 0.272858 100.492164 -7.930756 -0.089210 -0.016158 
409 0.550639 0.000000 0.272858 101.421357 -11.988392 0.004421 -0.043001 
410 0.452945 0.000000 0.363811 100.389820 -7.504406 0.058124 -0.013444 
411 0.404098 0.000000 0.136429 98.129012 -12.480948 -0.001379 0.021492 
412 0.404098 0.000000 0.090953 101.160592 -12.465360 1.659700 -0.039161 
413 0.452945 0.000000 0.136429 99.157805 -10.741476 0.002867 0.005235 
414 0.404098 0.000000 0.181905 101.870206 -9.125949 -0.181743 -0.046085 
415 0.330828 0.000000 0.113691 104.464393 -12.640656 6.486580 -0.111467 
416 0.330828 0.000000 0.090953 104.458007 -12.641286 6.486160 -0.111335 
417 0.355251 0.000000 0.113691 105.306724 -12.629443 4.692266 -0.127103 
418 0.330828 0.000000 0.136429 102.857582 -10.544821 3.974754 -0.070667 
419 0.404098 0.000000 -0.045476 67.525474 -0.019789 0.810735 0.543965 
420 0.452945 0.000000 -0.045476 99.564958 -8.590167 -0.007104 0.001303 
421 0.404098 0.000000 0.000000 68.596085 0.005186 0.001260 0.529458 
422 0.379675 0.000000 -0.113691 104.617694 -12.650059 -2.229006 -0.110985 
423 0.379675 0.000000 -0.136429 104.180671 -10.762784 -1.035060 -0.097052 
424 0.404098 0.000000 -0.113691 100.833828 -12.593086 -1.848141 -0.032946 
425 0.379675 0.000000 -0.090953 104.301661 -12.655496 -2.222381 -0.104394 
426 0.330828 0.000000 -0.068215 69.956541 -0.035121 -3.010281 0.509702 
427 0.355251 0.000000 -0.068215 67.026027 -0.058978 -1.824183 0.550418 
428 0.330828 0.000000 -0.045476 70.500712 -0.071532 -1.931202 0.502591 
429 0.343039 0.000000 -0.102322 104.741590 -12.562860 -6.148549 -0.116643 
430 0.330828 0.000000 -0.102322 104.353187 -12.554803 -6.478789 -0.108919 
431 0.343039 0.000000 -0.113691 104.817319 -12.572917 -6.005746 -0.118082 
432 0.355251 0.000000 -0.102322 105.316681 -12.612860 -4.797694 -0.127371 
433 0.343039 0.000000 -0.090953 104.592326 -12.557833 -6.493643 -0.113942 
434 0.404098 0.000000 0.045476 67.597526 -0.002884 -0.820951 0.542990 
435 0.452945 0.000000 0.045476 99.524628 -8.581649 -0.004496 0.002120 
436 0.330828 0.000000 0.068215 70.097626 -0.105106 3.021678 0.507718 
437 0.330828 0.000000 0.045476 70.577250 -0.090326 1.927866 0.501513 
438 0.355251 0.000000 0.068215 67.088718 -0.061513 1.821695 0.549578 
439 0.379675 0.000000 0.113691 104.688453 -12.620688 2.229718 -0.112393 
440 0.379675 0.000000 0.090953 104.365514 -12.620246 2.223140 -0.105637 
441 0.404098 0.000000 0.113691 100.853004 -12.543952 1.847776 -0.033209 
442 0.379675 0.000000 0.136429 104.236036 -10.805373 1.033224 -0.098297 
443 0.343039 0.000000 0.102322 104.849173 -12.630109 6.155065 -0.119075 
444 0.330828 0.000000 0.102322 104.460819 -12.641009 6.486345 -0.111393 
445 0.343039 0.000000 0.090953 104.700361 -12.633166 6.500703 -0.116402 
446 0.355251 0.000000 0.102322 105.411731 -12.633191 4.800702 -0.129428 
447 0.343039 0.000000 0.113691 104.922046 -12.632865 6.011668 -0.120437 
448 1.527580 0.000000 -0.363811 99.800692 -7.765886 -0.094282 -0.002050 
449 1.527580 0.000000 -0.727622 99.745293 -7.246787 -0.034768 -0.000164 
450 1.918356 0.000000 -0.363811 99.861869 -7.276729 0.069073 -0.002535 
451 1.527580 0.000000 0.000000 100.830272 -7.467310 -1.135859 -0.022379 
452 0.941416 0.000000 -0.181905 102.190459 -8.083465 0.033124 -0.050823 
453 0.941416 0.000000 -0.363811 99.684384 -7.573200 -0.045235 0.000567 
454 1.136804 0.000000 -0.181905 101.829342 -8.763978 0.273378 -0.044610 
455 0.941416 0.000000 0.000000 102.025062 -6.808214 0.238782 -0.045552 
456 0.648333 0.000000 -0.090953 101.653586 -7.510314 -0.024578 -0.038986 
457 0.648333 0.000000 -0.181905 101.781574 -8.511292 -0.004668 -0.043193 
458 0.746027 0.000000 -0.090953 102.090868 -6.903775 -0.039209 -0.047021 
459 0.648333 0.000000 0.000000 101.754988 -6.557223 -0.024766 -0.039708 
460 0.501792 0.000000 -0.136429 99.701943 -9.657085 -0.004318 -0.003374 
461 0.501792 0.000000 -0.181905 100.986594 -9.890277 0.001575 -0.029611 
462 0.550639 0.000000 -0.136429 101.455813 -7.227549 -0.018047 -0.034552 
463 0.501792 0.000000 -0.090953 99.696289 -9.557157 -0.005275 -0.003069 
464 0.428522 0.000000 -0.113691 98.442289 -12.216223 -0.968753 0.015894 
465 0.428522 0.000000 -0.136429 99.162737 -11.721805 0.001362 0.002935 
466 0.452945 0.000000 -0.113691 99.068621 -10.702940 0.000228 0.007086 
467 0.428522 0.000000 -0.090953 98.588010 -11.950102 -0.850915 0.013688 
468 0.379675 0.000000 -0.068215 66.276495 -0.032504 -0.305928 0.560733 
469 0.404098 0.000000 -0.068215 98.158369 -11.896723 0.000799 0.022340 
470 0.379675 0.000000 -0.045476 67.210811 -0.029235 -0.218818 0.548266 
471 0.391886 0.000000 -0.102322 102.969995 -12.665500 -2.052596 -0.076745 
472 0.379675 0.000000 -0.102322 104.626106 -12.649554 -2.229235 -0.111160 
473 0.391886 0.000000 -0.113691 102.807559 -12.660953 -1.997234 -0.073368 
474 0.404098 0.000000 -0.102322 100.923904 -12.604684 -1.883178 -0.034806 
475 0.391886 0.000000 -0.090953 102.626805 -12.654742 -1.926831 -0.069612 
476 0.379675 0.000000 0.068215 66.344366 -0.013283 0.316657 0.559832 
477 0.379675 0.000000 0.045476 67.292403 -0.028435 0.218682 0.547168 
478 0.404098 0.000000 0.068215 98.133863 -11.881780 -0.002379 0.022857 
479 1.527580 0.000000 0.363811 99.855468 -7.760600 -0.445378 -0.003154 
480 1.918356 0.000000 0.363811 99.861815 -7.276624 -0.400785 -0.002549 
481 1.527580 0.000000 0.727622 99.797385 -7.219990 -0.118761 -0.001166 
482 0.941416 0.000000 0.181905 102.080554 -8.087148 0.075164 -0.048585 
483 1.136804 0.000000 0.181905 101.659540 -8.760193 0.333921 -0.041151 
484 0.941416 0.000000 0.363811 99.813862 -7.593251 0.036504 -0.002047 
485 0.648333 0.000000 0.090953 101.606962 -7.508406 -0.012401 -0.038035 
486 0.746027 0.000000 0.090953 102.047244 -6.904076 -0.027389 -0.046131 
487 0.648333 0.000000 0.181905 101.694302 -8.509885 0.017518 -0.041415 
488 0.501792 0.000000 0.136429 99.657203 -9.647294 0.001951 -0.002463 
489 0.501792 0.000000 0.090953 99.662883 -9.546568 -0.005554 -0.002383 
490 0.550639 0.000000 0.136429 101.400712 -7.222148 -0.005769 -0.033426 
491 0.501792 0.000000 0.181905 100.924884 -9.882211 0.012171 -0.028349 
492 0.428522 0.000000 0.113691 98.443086 -12.191044 0.969118 0.015940 
493 0.428522 0.000000 0.090953 98.582976 -11.926756 0.852297 0.013842 
494 0.452945 0.000000 0.113691 99.031712 -10.691181 0.002143 0.007842 
495 0.428522 0.000000 0.136429 99.128668 -11.707639 0.000866 0.003644 
496 0.391886 0.000000 0.102322 103.008042 -12.615672 2.053046 -0.077403 
497 0.379675 0.000000 0.102322 104.697282 -12.620620 2.229952 -0.112577 
498 0.391886 0.000000 0.090953 102.662328 -12.609269 1.927095 -0.070226 
499 0.404098 0.000000 0.102322 100.943730 -12.554677 1.882840 -0.035080 
500 0.391886 0.000000 0.113691 102.844509 -12.613206 1.997592 -0.074008 
501 1.332192 0.000000 -0.181905 100.778862 -9.038957 -0.704087 -0.023858 
502 1.332192 0.000000 -0.363811 99.804094 -7.699293 -0.075513 -0.002014 
503 1.527580 0.000000 -0.181905 100.870411 -8.996719 -0.888246 -0.025657 
504 1.332192 0.000000 0.000000 100.466450 -7.021134 -0.993561 -0.014379 
505 1.332192 0.000000 0.181905 100.795106 -9.234185 -0.795258 -0.024556 
506 1.527580 0.000000 0.181905 101.188028 -9.281111 -0.946970 -0.032605 
507 1.332192 0.000000 0.363811 100.026238 -7.701739 -0.367478 -0.006470 
508 1.234498 0.000000 -0.090953 98.667492 -11.439054 -0.116601 0.013386 
509 1.136804 0.000000 -0.090953 100.670472 -8.340966 0.396855 -0.020427 
510 1.234498 0.000000 -0.181905 100.598988 -12.448763 0.014856 -0.027513 
511 1.332192 0.000000 -0.090953 99.441127 -9.863342 -0.534313 0.001389 
512 1.234498 0.000000 0.000000 77.407873 -0.025324 0.174581 0.400799 
513 1.234498 0.000000 0.090953 99.126480 -11.499716 -0.096810 0.004169 
514 1.136804 0.000000 0.090953 100.775060 -8.347481 0.411984 -0.022546 
515 1.332192 0.000000 0.090953 99.653964 -9.997557 -0.528094 -0.003114 
516 1.234498 0.000000 0.181905 100.751135 -12.461234 0.023202 -0.030607 
517 4.263014 0.000000 -8.731461 99.755677 -6.983510 -0.000782 0.000004 
518 4.263014 0.000000 -11.641948 99.755943 -6.980689 -0.000406 0.000002 
519 7.389224 0.000000 -8.731461 99.755563 -6.985430 -0.001304 0.000003 
520 2.699909 0.000000 -4.365730 99.756981 -7.002810 -0.001578 -0.000049 
521 2.699909 0.000000 -5.820974 99.755188 -6.988453 -0.001287 0.000006 
522 4.263014 0.000000 -4.365730 99.753865 -7.003185 -0.004074 0.000012 
523 1.918356 0.000000 -2.182865 99.761256 -7.029169 -0.001288 -0.000172 
524 1.918356 0.000000 -2.910487 99.757595 -6.997382 -0.000214 -0.000054 
525 2.699909 0.000000 -2.182865 99.749775 -7.052726 -0.006628 0.000024 
526 1.527580 0.000000 -1.091433 99.771511 -7.116687 -0.009104 -0.000500 
527 1.527580 0.000000 -1.455243 99.767741 -7.066820 -0.000468 -0.000354 
528 1.918356 0.000000 -1.091433 99.747356 -7.177028 0.007981 -0.000104 
529 1.332192 0.000000 -0.545716 99.770840 -7.334093 -0.058879 -0.000801 
530 1.136804 0.000000 -0.545716 99.745502 -7.271510 -0.068445 -0.000204 
531 1.332192 0.000000 -0.727622 99.768778 -7.201721 -0.025516 -0.000567 
532 1.527580 0.000000 -0.545716 99.765278 -7.400638 -0.036287 -0.000788 
533 1.234498 0.000000 -0.272858 99.981961 -8.150978 -0.216142 -0.006288 
534 1.136804 0.000000 -0.272858 101.780971 -12.126056 0.026180 -0.050641 
535 1.234498 0.000000 -0.363811 99.803104 -7.671983 -0.141502 -0.001954 
536 1.332192 0.000000 -0.272858 101.052521 -12.905742 -0.067036 -0.037817 
537 10.515434 0.000000 -2.910487 99.752361 -7.030937 -0.025671 0.000003 
538 10.515434 0.000000 -5.820974 99.754862 -6.995593 -0.004818 0.000003 
539 13.641644 0.000000 -2.910487 99.752771 -7.026325 -0.030921 0.000001 
540 10.515434 0.000000 0.000000 99.844271 -5.716768 0.115738 -0.000157 
541 5.826119 0.000000 -1.455243 99.742740 -7.162539 -0.079400 0.000008 
542 5.826119 0.000000 -2.910487 99.751582 -7.034145 -0.015379 0.000014 
543 7.389224 0.000000 -1.455243 99.744432 -7.139895 -0.098796 0.000006 
544 5.826119 0.000000 0.000000 100.015690 -3.256898 3.064171 -0.002313 
545 3.481461 0.000000 -0.727622 99.709158 -7.526045 -0.149539 0.000142 
546 3.481461 0.000000 -1.455243 99.738367 -7.159709 -0.040069 0.000100 
547 4.263014 0.000000 -0.727622 99.713490 -7.512482 -0.209764 0.000074 
548 3.481461 0.000000 0.000000 100.017240 -3.054166 -1.454409 -0.001489 
549 2.309132 0.000000 -0.363811 99.208679 -7.387763 -0.088639 0.010305 
550 2.309132 0.000000 -0.727622 99.647683 -7.468536 -0.021661 0.001456 
551 2.699909 0.000000 -0.363811 99.720789 -7.340816 -0.007927 0.000188 
552 2.309132 0.000000 0.000000 134.557301 -3.678374 -1.257843 -0.812078 
553 1.722968 0.000000 -0.181905 101.278849 -8.545148 -1.037554 -0.033150 
554 1.722968 0.000000 -0.363811 99.693801 -7.804841 -0.006626 0.000023 
555 1.918356 0.000000 -0.181905 101.763093 -8.218272 -1.052808 -0.042438 
556 1.722968 0.000000 0.000000 101.426442 -7.810142 -1.397641 -0.035027 
557 1.429886 0.000000 -0.090953 100.723398 -9.248747 -0.673151 -0.023120 
558 1.429886 0.000000 -0.181905 100.883941 -9.306234 -0.630432 -0.026457 
559 1.527580 0.000000 -0.090953 100.987180 -8.648851 -0.887916 -0.027400 
560 1.429886 0.000000 0.000000 100.466059 -7.019751 -0.993634 -0.014369 
561 1.283345 0.000000 -0.136429 98.924056 -10.831576 -0.400321 0.009655 
562 1.234498 0.000000 -0.136429 98.918728 -11.678836 -0.082368 0.007868 
563 1.283345 0.000000 -0.181905 99.620808 -11.670886 -0.283184 -0.006060 
564 1.332192 0.000000 -0.136429 99.511596 -9.460118 -0.550537 0.000765 
565 1.283345 0.000000 -0.090953 98.649906 -10.576258 -0.425718 0.015616 
566 10.515434 0.000000 2.910487 99.755072 -6.993279 0.003635 0.000002 
567 13.641644 0.000000 2.910487 99.755267 -6.991131 0.007244 0.000001 
568 10.515434 0.000000 5.820974 99.756404 -6.975239 -0.000983 0.000001 
569 5.826119 0.000000 1.455243 99.747498 -7.095249 0.012281 0.000009 
570 7.389224 0.000000 1.455243 99.748645 -7.081664 0.029918 0.000006 
571 5.826119 0.000000 2.910487 99.754739 -6.995815 -0.002935 0.000005 
572 3.481461 0.000000 0.727622 99.716210 -7.423704 -0.054326 0.000156 
573 4.263014 0.000000 0.727622 99.720361 -7.433043 0.002099 0.000060 
574 3.481461 0.000000 1.455243 99.743418 -7.089485 -0.019201 0.000099 
575 2.309132 0.000000 0.363811 99.278914 -7.265925 -0.386565 0.009075 
576 2.699909 0.000000 0.363811 99.750343 -7.237313 -0.550371 -0.000281 
577 2.309132 0.000000 0.727622 99.720698 -7.375844 -0.172678 0.000135 
578 1.722968 0.000000 0.181905 101.589448 -9.182622 -1.098875 -0.040594 
579 1.918356 0.000000 0.181905 101.704213 -9.556948 -1.376950 -0.043698 
580 1.722968 0.000000 0.363811 99.644197 -7.842624 -0.460615 0.000932 
581 1.429886 0.000000 0.090953 100.728458 -9.411159 -0.673932 -0.023525 
582 1.527580 0.000000 0.090953 101.038704 -8.818864 -0.884565 -0.028737 
583 1.429886 0.000000 0.181905 100.833985 -9.535718 -0.718839 -0.025894 
584 4.263014 0.000000 8.731461 99.756724 -6.974292 -0.000716 -0.000004 
585 7.389224 0.000000 8.731461 99.756607 -6.973800 -0.000754 -0.000001 
586 4.263014 0.000000 11.641948 99.756662 -6.974029 -0.000378 -0.000003 
587 2.699909 0.000000 4.365730 99.760948 -6.977923 -0.004167 -0.000094 
588 4.263014 0.000000 4.365730 99.756302 -6.981831 -0.002950 -0.000007 
589 2.699909 0.000000 5.820974 99.757056 -6.976756 -0.001644 -0.000015 
590 1.918356 0.000000 2.182865 99.765765 -7.004595 -0.018362 -0.000227 
591 2.699909 0.000000 2.182865 99.753547 -7.017241 -0.016816 -0.000001 
592 1.918356 0.000000 2.910487 99.767034 -6.991963 -0.011455 -0.000235 
593 1.527580 0.000000 1.091433 99.785295 -7.077742 -0.064179 -0.000720 
594 1.918356 0.000000 1.091433 99.761883 -7.116178 -0.085520 -0.000308 
595 1.527580 0.000000 1.455243 99.776982 -7.034757 -0.036842 -0.000494 
596 1.332192 0.000000 0.545716 99.906832 -7.331300 -0.170020 -0.003515 
597 1.136804 0.000000 0.545716 99.899266 -7.282043 -0.068450 -0.003290 
598 1.527580 0.000000 0.545716 99.829141 -7.392806 -0.229547 -0.002056 
599 1.332192 0.000000 0.727622 99.837919 -7.179494 -0.103371 -0.001917 
600 1.234498 0.000000 0.272858 100.413299 -8.161054 -0.231438 -0.014949 
601 1.136804 0.000000 0.272858 101.796795 -12.130709 0.037525 -0.050974 
602 1.332192 0.000000 0.272858 100.905658 -13.170312 -0.048631 -0.035541 
603 1.234498 0.000000 0.363811 100.115671 -7.668715 -0.176419 -0.008199 
604 1.283345 0.000000 0.136429 99.291158 -10.964810 -0.417463 0.002086 
605 1.234498 0.000000 0.136429 99.325091 -11.736001 -0.063209 -0.000321 
606 1.283345 0.000000 0.090953 99.071810 -10.689794 -0.454610 0.007030 
607 1.332192 0.000000 0.136429 99.712401 -9.598358 -0.621429 -0.003508 
608 1.283345 0.000000 0.181905 99.832016 -11.858206 -0.258023 -0.010711 
609 2.113744 0.000000 -0.181905 100.664088 -6.021657 3.249818 -0.018008 
610 2.113744 0.000000 -0.363811 99.613503 -7.224421 0.446991 0.002476 
611 2.309132 0.000000 -0.181905 97.715884 -5.745941 -2.382039 0.041292 
612 2.113744 0.000000 0.000000 96.166929 0.910310 0.029173 0.075109 
613 2.113744 0.000000 0.181905 101.087637 -6.020579 -3.715565 -0.026876 
614 2.309132 0.000000 0.181905 98.060885 -5.605812 1.217273 0.035116 
615 2.113744 0.000000 0.363811 99.766582 -7.147552 -0.807817 -0.000511 
616 2.016050 0.000000 -0.090953 101.245719 -8.267928 -0.811005 -0.031971 
617 1.918356 0.000000 -0.090953 101.761983 -7.911697 -1.291211 -0.041976 
618 2.016050 0.000000 -0.181905 101.551205 -8.181683 -0.262344 -0.037966 
619 2.113744 0.000000 -0.090953 105.916901 -8.169830 11.092813 -0.140819 
620 2.016050 0.000000 0.000000 101.695320 -7.599016 -1.563717 -0.040213 
621 2.016050 0.000000 0.090953 101.039447 -9.192265 -0.447348 -0.029367 
622 1.918356 0.000000 0.090953 101.694505 -8.462555 -1.401576 -0.041535 
623 2.113744 0.000000 0.090953 106.807700 -8.416568 -11.207104 -0.160432 
624 2.016050 0.000000 0.181905 101.476018 -9.380162 -0.421057 -0.038555 
625 2.309132 0.000000 -1.091433 99.718580 -7.231182 -0.010499 0.000391 
626 2.309132 0.000000 -1.455243 99.745950 -7.122551 -0.007453 0.000001 
627 2.699909 0.000000 -1.091433 99.721621 -7.259559 -0.039575 0.000290 
628 2.113744 0.000000 -0.545716 99.523205 -7.515809 0.061921 0.003864 
629 1.918356 0.000000 -0.545716 99.629507 -7.467227 0.008528 0.001820 
630 2.113744 0.000000 -0.727622 99.695066 -7.403095 0.024494 0.000609 
631 2.309132 0.000000 -0.545716 99.539617 -7.618768 -0.016687 0.003382 
632 2.016050 0.000000 -0.272858 100.150465 -6.358950 0.382093 -0.007070 
633 1.918356 0.000000 -0.272858 101.911399 -10.150892 -0.462710 -0.048919 
634 2.016050 0.000000 -0.363811 99.843931 -7.137927 0.204085 -0.001980 
635 2.113744 0.000000 -0.272858 99.544159 -6.597340 1.090239 0.004625 
636 3.090685 0.000000 -0.363811 99.731711 -7.331223 0.238790 -0.000022 
637 3.090685 0.000000 -0.727622 99.704577 -7.526172 -0.124358 0.000234 
638 3.481461 0.000000 -0.363811 99.713390 -7.452066 0.453255 0.000150 
639 3.090685 0.000000 0.000000 99.966084 -3.277735 -1.323670 -0.000571 
640 2.504521 0.000000 -0.181905 100.173908 -5.308410 -0.591897 -0.006334 
641 2.504521 0.000000 -0.363811 99.576477 -7.322659 -0.221584 0.003085 
642 2.699909 0.000000 -0.181905 99.933937 -5.147146 -0.078500 -0.001329 
643 2.504521 0.000000 0.000000 101.051931 -3.554042 -1.279368 -0.022576 
644 2.211438 0.000000 -0.090953 88.772931 -7.703356 16.053869 0.180230 
645 2.211438 0.000000 -0.181905 96.343656 -6.036087 2.425517 0.067558 
646 2.309132 0.000000 -0.090953 106.358269 -4.582965 -17.245883 -0.163051 
647 2.211438 0.000000 0.000000 142.087741 -0.325218 -0.241691 -1.018909 
648 2.064897 0.000000 -0.136429 101.418602 -7.667563 -0.196578 -0.034456 
649 2.016050 0.000000 -0.136429 101.241385 -9.162676 -0.795309 -0.033441 
650 2.064897 0.000000 -0.181905 101.272095 -5.461268 1.634777 -0.028854 
651 2.113744 0.000000 -0.136429 103.207771 -6.645675 6.228355 -0.073480 
652 2.064897 0.000000 -0.090953 101.522523 -7.731134 2.445945 -0.037258 
653 3.090685 0.000000 0.363811 99.734618 -7.302019 -0.765355 -0.000090 
654 3.481461 0.000000 0.363811 99.710225 -7.485722 -0.922760 0.000098 
655 3.090685 0.000000 0.727622 99.713886 -7.412503 -0.081143 0.000219 
656 2.504521 0.000000 0.181905 100.200980 -5.250166 -0.603403 -0.006816 
657 2.699909 0.000000 0.181905 99.946258 -5.153395 -1.139649 -0.001711 
658 2.504521 0.000000 0.363811 99.610781 -7.183672 -0.274658 0.002601 
659 2.211438 0.000000 0.090953 89.795177 -7.748338 -16.261051 0.161237 
660 2.309132 0.000000 0.090953 106.706046 -4.597521 14.842951 -0.162763 
661 2.211438 0.000000 0.181905 96.834061 -5.920910 -3.190827 0.057793 
662 2.309132 0.000000 1.091433 99.731649 -7.155429 -0.077678 0.000239 
663 2.699909 0.000000 1.091433 99.728996 -7.174289 -0.056804 0.000265 
664 2.309132 0.000000 1.455243 99.752612 -7.070526 -0.044466 -0.000058 
665 2.113744 0.000000 0.545716 99.625160 -7.425474 -0.301645 0.001960 
666 1.918356 0.000000 0.545716 99.694361 -7.422802 -0.235484 0.000588 
667 2.309132 0.000000 0.545716 99.569119 -7.491371 -0.238307 0.002981 
668 2.113744 0.000000 0.727622 99.768440 -7.327181 -0.191929 -0.000747 
669 2.016050 0.000000 0.272858 100.257684 -6.351538 -0.720024 -0.009246 
670 1.918356 0.000000 0.272858 101.715860 -11.705424 -0.749618 -0.048370 
671 2.113744 0.000000 0.272858 99.778150 -6.527231 -1.511449 -0.000057 
672 2.016050 0.000000 0.363811 99.929072 -7.092822 -0.522564 -0.003640 
673 2.064897 0.000000 0.136429 101.370060 -8.513932 -0.116545 -0.034839 
674 2.016050 0.000000 0.136429 100.997258 -10.208047 -0.402094 -0.030481 
675 2.064897 0.000000 0.090953 101.534551 -8.521181 -2.822435 -0.038984 
676 2.113744 0.000000 0.136429 103.829069 -6.762136 -6.637461 -0.087026 
677 2.064897 0.000000 0.181905 101.631326 -5.564577 -1.957119 -0.036372 
678 2.211438 0.000000 -0.272858 98.224588 -6.789991 0.780203 0.030522 
679 2.211438 0.000000 -0.363811 99.229410 -7.328754 0.288527 0.009973 
680 2.309132 0.000000 -0.272858 98.570578 -6.736440 -0.488437 0.023822 
681 2.162591 0.000000 -0.136429 98.497290 -6.703480 7.951710 0.019012 
682 2.162591 0.000000 -0.181905 98.535087 -6.168789 3.807111 0.023829 
683 2.211438 0.000000 -0.136429 93.538508 -6.245618 5.650906 0.117961 
684 2.162591 0.000000 -0.090953 98.495025 -8.350251 15.416705 -0.000867 
685 2.064897 0.000000 -0.045476 101.372850 -7.560080 -0.185546 -0.033364 
686 2.016050 0.000000 -0.045476 101.361247 -8.287456 -1.370304 -0.034466 
687 2.113744 0.000000 -0.045476 94.554635 1.027492 4.294143 0.103993 
688 2.064897 0.000000 0.000000 89.455083 0.909467 0.129096 0.199694 
689 2.089321 0.000000 -0.113691 104.828951 -7.305566 5.409603 -0.107174 
690 2.064897 0.000000 -0.113691 102.307123 -7.227572 3.935494 -0.053447 
691 2.089321 0.000000 -0.136429 101.168712 -6.030515 -0.040723 -0.027148 
692 2.113744 0.000000 -0.113691 105.976338 -8.164657 10.952098 -0.141759 
693 2.089321 0.000000 -0.090953 104.692098 -7.316362 5.189873 -0.104090 
694 2.064897 0.000000 0.045476 101.341576 -8.401425 -0.104656 -0.034071 
695 2.016050 0.000000 0.045476 101.086101 -9.002313 -0.938367 -0.030032 
696 2.113744 0.000000 0.045476 94.292090 0.992740 -4.232444 0.109010 
697 2.211438 0.000000 0.272858 98.468678 -6.619948 -1.307319 0.025839 
698 2.309132 0.000000 0.272858 98.778877 -6.607213 -0.247675 0.019902 
699 2.211438 0.000000 0.363811 99.397971 -7.205282 -0.730545 0.006759 
700 2.162591 0.000000 0.136429 99.066268 -6.745566 -8.483810 0.006840 
701 2.162591 0.000000 0.090953 99.301610 -8.456409 -15.566401 -0.017463 
702 2.211438 0.000000 0.136429 94.336679 -6.191387 -6.422899 0.102100 
703 2.162591 0.000000 0.181905 98.991500 -6.093084 -4.401871 0.014418 
704 2.089321 0.000000 0.113691 105.430747 -7.788436 -5.511628 -0.120668 
705 2.064897 0.000000 0.113691 102.538087 -7.903814 -4.165687 -0.059388 
706 2.089321 0.000000 0.090953 105.273094 -7.815437 -5.301420 -0.117161 
707 2.113744 0.000000 0.113691 106.866888 -8.412407 -11.065121 -0.161374 
708 2.089321 0.000000 0.136429 101.220066 -6.829419 -0.055318 -0.029215 
709 2.162591 0.000000 -0.045476 112.823594 0.516241 8.336925 -0.279893 
710 2.211438 0.000000 -0.045476 142.778537 -0.206743 11.041336 -1.050766 
711 2.162591 0.000000 0.000000 114.455179 0.388841 -0.073786 -0.310014 
712 2.138168 0.000000 -0.113691 102.152603 -8.408494 15.093000 -0.073366 
713 2.138168 0.000000 -0.136429 100.922052 -6.773176 7.758785 -0.029134 
714 2.162591 0.000000 -0.113691 98.510769 -7.697733 11.647301 0.010071 
715 2.138168 0.000000 -0.090953 101.826013 -8.423086 15.045035 -0.066584 
716 2.089321 0.000000 -0.068215 101.168711 -6.034331 -0.041036 -0.027152 
717 2.064897 0.000000 -0.068215 101.215061 -10.360802 -0.803568 -0.035248 
718 2.113744 0.000000 -0.068215 92.210772 1.155005 6.406339 0.145480 
719 2.089321 0.000000 -0.045476 90.072439 1.088619 2.305847 0.188045 
720 2.101533 0.000000 -0.102322 106.579433 -7.823111 7.796793 -0.148117 
721 2.089321 0.000000 -0.102322 105.589210 -7.441187 5.894576 -0.123920 
722 2.101533 0.000000 -0.113691 106.735498 -7.807048 7.346211 -0.150738 
723 2.113744 0.000000 -0.102322 105.887574 -8.189277 11.567175 -0.141304 
724 2.101533 0.000000 -0.090953 106.769615 -7.898939 7.908837 -0.152469 
725 2.162591 0.000000 0.045476 112.599570 0.545789 -8.398851 -0.274950 
726 2.211438 0.000000 0.045476 142.126171 -0.241725 -11.343179 -1.032857 
727 2.089321 0.000000 0.068215 101.220116 -6.833571 -0.055658 -0.029221 
728 2.064897 0.000000 0.068215 100.793672 -11.378192 -0.108826 -0.028884 
729 2.089321 0.000000 0.045476 89.752924 1.098016 -2.124890 0.193869 
730 2.113744 0.000000 0.068215 91.878444 1.116319 -6.355133 0.151672 
731 2.138168 0.000000 0.113691 102.976464 -8.573920 -15.236145 -0.090980 
732 2.138168 0.000000 0.090953 102.634242 -8.573897 -15.186020 -0.083791 
733 2.162591 0.000000 0.113691 99.258275 -7.787932 -12.031150 -0.005761 
734 2.138168 0.000000 0.136429 101.529320 -6.829908 -8.235600 -0.042268 
735 2.101533 0.000000 0.102322 107.406113 -8.138489 -7.878294 -0.166438 
736 2.089321 0.000000 0.102322 106.272230 -7.865590 -5.980646 -0.139142 
737 2.101533 0.000000 0.090953 107.616201 -8.197414 -7.992189 -0.171232 
738 2.113744 0.000000 0.102322 106.784116 -8.431107 -11.686087 -0.161050 
739 2.101533 0.000000 0.113691 107.557238 -8.125005 -7.424268 -0.168969 
740 2.138168 0.000000 -0.068215 100.282109 0.917308 9.722417 -0.015187 
741 2.162591 0.000000 -0.068215 110.663482 0.629623 12.483714 -0.240265 
742 2.138168 0.000000 -0.045476 102.151338 0.810846 6.491051 -0.047769 
743 2.125956 0.000000 -0.102322 103.217086 -8.343906 14.936645 -0.094649 
744 2.125956 0.000000 -0.113691 103.946963 -8.317695 14.211072 -0.107611 
745 2.138168 0.000000 -0.102322 101.962904 -8.417117 15.065119 -0.069424 
746 2.125956 0.000000 -0.090953 103.835431 -8.322755 14.303270 -0.105565 
747 2.138168 0.000000 0.068215 100.019799 0.887926 -9.729934 -0.009942 
748 2.138168 0.000000 0.045476 102.007777 0.789614 -6.504785 -0.044852 
749 2.162591 0.000000 0.068215 110.343248 0.516608 -12.535677 -0.233304 
750 2.125956 0.000000 0.102322 104.086831 -8.557527 -15.083410 -0.113481 
751 2.125956 0.000000 0.090953 104.710727 -8.533722 -14.444591 -0.124581 
752 2.138168 0.000000 0.102322 102.777644 -8.573949 -15.207003 -0.086801 
753 2.125956 0.000000 0.113691 104.824621 -8.530416 -14.351791 -0.126694 
754 2.406827 0.000000 -0.090953 102.486880 -4.262701 -2.782081 -0.052947 
755 2.406827 0.000000 -0.181905 100.063828 -5.406151 -1.655142 -0.004474 
756 2.504521 0.000000 -0.090953 100.727124 -3.948676 -0.974793 -0.016250 
757 2.406827 0.000000 0.000000 104.941751 -3.895692 -1.330709 -0.102972 
758 2.260285 0.000000 -0.136429 91.218606 -5.610523 -1.771852 0.164455 
759 2.260285 0.000000 -0.181905 95.777426 -5.908504 -0.455711 0.079157 
760 2.309132 0.000000 -0.136429 97.658637 -5.210714 -6.360094 0.039519 
761 2.260285 0.000000 -0.090953 73.067188 -6.657786 12.066201 0.447127 
762 2.187015 0.000000 -0.113691 95.386966 -7.225059 11.243057 0.072272 
763 2.187015 0.000000 -0.136429 96.010979 -6.494994 7.309696 0.068628 
764 2.211438 0.000000 -0.113691 90.834616 -6.751065 9.450278 0.161419 
765 2.187015 0.000000 -0.090953 92.596184 -8.004166 16.902259 0.107619 
766 2.150380 0.000000 -0.102322 100.897012 -8.440599 14.908859 -0.047372 
767 2.150380 0.000000 -0.113691 101.281632 -8.445601 14.965347 -0.055326 
768 2.162591 0.000000 -0.102322 98.565513 -8.350583 15.572931 -0.002741 
769 2.150380 0.000000 -0.090953 100.213826 -8.416326 15.093890 -0.034147 
770 2.406827 0.000000 0.090953 102.583736 -4.343893 0.645948 -0.054271 
771 2.504521 0.000000 0.090953 100.759025 -4.101125 -1.097613 -0.017041 
772 2.406827 0.000000 0.181905 100.191344 -5.329481 0.388029 -0.006686 
773 2.260285 0.000000 0.136429 92.091314 -5.492912 0.540445 0.148873 
774 2.260285 0.000000 0.090953 74.823866 -6.938492 -12.378512 0.420002 
775 2.309132 0.000000 0.136429 98.144485 -5.091491 4.730971 0.031935 
776 2.260285 0.000000 0.181905 96.268201 -5.750943 -0.499641 0.069911 
777 2.187015 0.000000 0.113691 96.161705 -7.271065 -11.738943 0.056226 
778 2.187015 0.000000 0.090953 93.516712 -8.087670 -17.093600 0.089702 
779 2.211438 0.000000 0.113691 91.696730 -6.780342 -10.062757 0.144448 
780 2.187015 0.000000 0.136429 96.656403 -6.515761 -7.936753 0.055209 
781 2.150380 0.000000 0.102322 101.676128 -8.561030 -15.045873 -0.063770 
782 2.150380 0.000000 0.090953 101.001163 -8.532577 -15.234933 -0.050614 
783 2.162591 0.000000 0.102322 99.372522 -8.460769 -15.724079 -0.019373 
784 2.150380 0.000000 0.113691 102.064314 -8.573336 -15.102801 -0.071872 
785 2.260285 0.000000 -0.045476 174.941421 -1.976163 0.614678 -2.060878 
786 2.309132 0.000000 -0.045476 130.190509 -3.863042 -14.074532 -0.716258 
787 2.260285 0.000000 0.000000 161.152937 -2.083187 -0.757953 -1.597518 
788 2.187015 0.000000 -0.068215 123.998556 0.302161 15.633168 -0.562013 
789 2.211438 0.000000 -0.068215 142.902525 -0.060357 18.665451 -1.076953 
790 2.187015 0.000000 -0.045476 126.360147 0.173911 10.116574 -0.606926 
791 2.174803 0.000000 -0.102322 95.455224 -8.189463 16.419604 0.055163 
792 2.174803 0.000000 -0.113691 97.042812 -7.460336 11.509166 0.039458 
793 2.187015 0.000000 -0.102322 92.619758 -8.007897 16.906634 0.107162 
794 2.174803 0.000000 -0.090953 95.053266 -8.166237 16.542101 0.062455 
795 2.260285 0.000000 0.045476 173.286328 -2.092175 -1.916536 -2.003620 
796 2.309132 0.000000 0.045476 129.903636 -3.974980 11.398944 -0.702069 
797 2.187015 0.000000 0.068215 123.510872 0.269644 -15.677667 -0.550080 
798 2.187015 0.000000 0.045476 125.906629 0.171225 -10.274449 -0.595807 
799 2.211438 0.000000 0.068215 142.030057 -0.114187 -18.731078 -1.052340 
800 2.174803 0.000000 0.102322 96.316266 -8.295294 -16.592048 0.037907 
801 2.174803 0.000000 0.090953 95.921798 -8.273820 -16.717500 0.045108 
802 2.187015 0.000000 0.102322 93.540011 -8.098647 -17.097871 0.089234 
803 2.174803 0.000000 0.113691 97.825256 -7.529103 -11.958146 0.023053 
804 2.235862 0.000000 -0.068215 76.426764 -6.918888 12.620698 0.395180 
805 2.235862 0.000000 -0.090953 77.521459 -6.996378 12.801059 0.377761 
806 2.260285 0.000000 -0.068215 71.674746 -6.589841 11.836273 0.467921 
807 2.235862 0.000000 -0.045476 160.016402 -0.866737 9.548789 -1.569718 
808 2.235862 0.000000 -0.113691 87.260632 -6.216241 4.788992 0.232401 
809 2.235862 0.000000 -0.136429 91.578122 -5.933147 2.574114 0.157162 
810 2.260285 0.000000 -0.113691 84.557763 -5.661601 -2.754528 0.281034 
811 2.223650 0.000000 -0.079584 82.796328 -7.328455 14.236112 0.288839 
812 2.211438 0.000000 -0.079584 88.366595 -7.676904 15.937828 0.187840 
813 2.223650 0.000000 -0.090953 82.820308 -7.327062 14.144519 0.288704 
814 2.235862 0.000000 -0.079584 77.388326 -6.988103 12.779123 0.379891 
815 2.223650 0.000000 -0.068215 153.028284 -0.326323 17.141199 -1.371158 
816 2.235862 0.000000 0.068215 78.025193 -7.092744 -12.906519 0.369518 
817 2.235862 0.000000 0.045476 158.951967 -0.939178 -10.139919 -1.536943 
818 2.260285 0.000000 0.068215 73.502501 -6.930165 -12.159408 0.440150 
819 2.235862 0.000000 0.090953 79.058138 -7.159466 -13.076593 0.352756 
820 2.235862 0.000000 0.113691 88.331939 -6.186765 -5.671364 0.212703 
821 2.260285 0.000000 0.113691 85.794586 -5.600036 1.428023 0.260589 
822 2.235862 0.000000 0.136429 92.443976 -5.847912 -3.538576 0.140739 
823 2.223650 0.000000 0.079584 84.070462 -7.437437 -14.475433 0.266730 
824 2.211438 0.000000 0.079584 89.404256 -7.728021 -16.147145 0.168643 
825 2.223650 0.000000 0.068215 151.915260 -0.396005 -17.304731 -1.337786 
826 2.235862 0.000000 0.079584 78.932483 -7.152386 -13.055887 0.354805 
827 2.223650 0.000000 0.090953 84.087633 -7.437142 -14.381566 0.266713 
828 2.357979 0.000000 -0.045476 110.040199 -3.894501 -4.612637 -0.214529 
829 2.357979 0.000000 -0.090953 104.883423 -4.390728 -5.456535 -0.104958 
830 2.406827 0.000000 -0.045476 104.274349 -3.917200 -2.348022 -0.089400 
831 2.357979 0.000000 0.000000 112.051049 -3.846426 -1.330045 -0.257200 
832 2.284709 0.000000 -0.068215 154.716635 -3.919709 -49.165758 -1.636987 
833 2.284709 0.000000 -0.090953 89.633844 -4.884207 -33.910643 0.079199 
834 2.309132 0.000000 -0.068215 119.776080 -4.171153 -19.684379 -0.475118 
835 2.284709 0.000000 -0.045476 158.714485 -3.284194 -17.346083 -1.550196 
836 2.248074 0.000000 -0.079584 74.777662 -6.782777 12.348734 0.420980 
837 2.248074 0.000000 -0.090953 75.064759 -6.807391 12.396056 0.416528 
838 2.260285 0.000000 -0.079584 72.200421 -6.607989 11.923033 0.460127 
839 2.248074 0.000000 -0.068215 74.173132 -6.735794 12.248957 0.430294 
840 2.357979 0.000000 0.045476 110.079561 -4.041542 2.049821 -0.213805 
841 2.406827 0.000000 0.045476 104.327089 -4.050401 -0.194636 -0.090059 
842 2.357979 0.000000 0.090953 105.077224 -4.400786 3.266892 -0.107126 
843 2.284709 0.000000 0.068215 153.379228 -3.989892 45.460516 -1.560777 
844 2.284709 0.000000 0.045476 157.584384 -3.371180 14.875243 -1.506548 
845 2.309132 0.000000 0.068215 119.695125 -4.268475 17.000219 -0.463415 
846 2.284709 0.000000 0.090953 90.819667 -4.902690 30.976288 0.076822 
847 2.248074 0.000000 0.079584 76.460792 -6.994631 -12.648875 0.394483 
848 2.248074 0.000000 0.068215 75.884738 -6.966875 -12.553865 0.403537 
849 2.260285 0.000000 0.079584 73.997792 -6.926515 -12.241710 0.432649 
850 2.248074 0.000000 0.090953 76.732332 -7.014300 -12.693552 0.390182 
851 5.044566 0.000000 -0.727622 99.717273 -7.497316 -0.265753 0.000019 
852 5.044566 0.000000 -1.455243 99.741482 -7.159141 -0.067620 0.000038 
853 5.826119 0.000000 -0.727622 99.720845 -7.473961 -0.323177 -0.000021 
854 5.044566 0.000000 0.000000 100.036935 -2.923092 -2.768438 -0.002360 
855 3.872238 0.000000 -0.363811 99.701459 -7.655551 0.640418 0.000060 
856 3.872238 0.000000 -0.727622 99.711788 -7.523302 -0.178645 0.000093 
857 4.263014 0.000000 -0.363811 99.681077 -7.975399 0.798483 -0.000056 
858 3.872238 0.000000 0.000000 100.032566 -2.913679 -1.846236 -0.001841 
859 5.044566 0.000000 0.727622 99.721748 -7.433129 0.066599 0.000032 
860 5.826119 0.000000 0.727622 99.724186 -7.426516 0.130092 -0.000008 
861 5.044566 0.000000 1.455243 99.746200 -7.091053 0.002730 0.000041 
862 4.653790 0.000000 -0.363811 99.649029 -8.457299 0.862424 -0.000220 
863 4.653790 0.000000 -0.727622 99.715616 -7.508950 -0.236513 0.000036 
864 5.044566 0.000000 -0.363811 99.605191 -9.097734 0.663989 -0.000440 
865 4.653790 0.000000 0.000000 100.012948 -3.251637 -2.367438 -0.001877 
866 3.872238 0.000000 0.363811 99.696369 -7.727312 -1.069507 -0.000022 
867 4.263014 0.000000 0.363811 99.674378 -8.076563 -1.174803 -0.000159 
868 3.872238 0.000000 0.727622 99.718387 -7.430012 -0.025844 0.000104 
869 4.067626 0.000000 -0.181905 99.905102 -4.760125 1.395595 -0.000564 
870 3.872238 0.000000 -0.181905 99.901088 -4.795953 1.157101 -0.000457 
871 4.067626 0.000000 -0.363811 99.692736 -7.799683 0.726071 -0.000000 
872 4.263014 0.000000 -0.181905 99.908070 -4.731253 1.631669 -0.000667 
873 4.067626 0.000000 0.000000 100.026798 -3.019001 -2.025287 -0.001858 
874 3.676849 0.000000 -0.181905 99.896295 -4.837125 0.922423 -0.000352 
875 3.481461 0.000000 -0.181905 99.891141 -4.881651 0.693954 -0.000255 
876 3.676849 0.000000 -0.363811 99.707884 -7.541515 0.548117 0.000116 
877 3.676849 0.000000 0.000000 100.029476 -2.927054 -1.616898 -0.001708 
878 4.653790 0.000000 0.363811 99.641874 -8.559545 -1.165188 -0.000313 
879 5.044566 0.000000 0.363811 99.601519 -9.150363 -0.897112 -0.000500 
880 4.653790 0.000000 0.727622 99.720779 -7.435257 0.034876 0.000048 
881 4.067626 0.000000 0.181905 99.864313 -5.343602 -2.276595 -0.000662 
882 3.872238 0.000000 0.181905 99.864122 -5.323867 -2.107614 -0.000563 
883 4.263014 0.000000 0.181905 99.864431 -5.355134 -2.440933 -0.000754 
884 4.067626 0.000000 0.363811 99.686662 -7.887037 -1.130036 -0.000091 
885 3.969932 0.000000 -0.090953 100.136043 -1.448337 -0.974375 -0.003027 
886 3.872238 0.000000 -0.090953 100.066602 -2.427619 -0.458062 -0.001943 
887 3.969932 0.000000 -0.181905 99.903276 -4.777818 1.275874 -0.000512 
888 4.067626 0.000000 -0.090953 100.146584 -1.306307 -1.020788 -0.003209 
889 3.969932 0.000000 0.000000 100.030338 -2.959573 -1.946872 -0.001862 
890 4.458402 0.000000 -0.181905 99.910335 -4.709717 1.872732 -0.000776 
891 4.458402 0.000000 -0.363811 99.666725 -8.194930 0.850430 -0.000134 
892 4.653790 0.000000 -0.181905 99.911507 -4.702630 2.099001 -0.000883 
893 4.458402 0.000000 0.000000 100.014586 -3.218385 -2.244869 -0.001831 
894 4.165320 0.000000 -0.090953 100.164364 -1.060688 -1.010009 -0.003505 
895 4.165320 0.000000 -0.181905 99.906561 -4.745635 1.511329 -0.000613 
896 4.263014 0.000000 -0.090953 100.180370 -0.838944 -1.088631 -0.003800 
897 4.165320 0.000000 0.000000 100.023209 -3.081171 -2.091576 -0.001851 
898 3.676849 0.000000 0.181905 99.863810 -5.299675 -1.935075 -0.000461 
899 3.481461 0.000000 0.181905 99.863267 -5.270904 -1.760147 -0.000355 
900 3.676849 0.000000 0.363811 99.703956 -7.595053 -0.999195 0.000044 
901 3.969932 0.000000 0.090953 100.040109 -2.820158 -2.369266 -0.002159 
902 3.872238 0.000000 0.090953 99.954127 -4.035625 -2.201106 -0.001196 
903 4.067626 0.000000 0.090953 99.997777 -3.434252 -1.305485 -0.001305 
904 3.969932 0.000000 0.181905 99.864322 -5.334891 -2.192793 -0.000615 
905 4.018779 0.000000 -0.045476 100.085648 -2.173305 -2.256592 -0.002695 
906 3.969932 0.000000 -0.045476 100.072997 -2.349691 -2.188122 -0.002491 
907 4.018779 0.000000 -0.090953 100.141032 -1.381478 -1.043204 -0.003122 
908 4.067626 0.000000 -0.045476 100.091096 -2.099643 -2.270242 -0.002779 
909 4.018779 0.000000 0.000000 100.028629 -2.988552 -1.988656 -0.001861 
910 4.458402 0.000000 0.181905 99.864847 -5.360079 -2.597386 -0.000846 
911 4.653790 0.000000 0.181905 99.865694 -5.357711 -2.758066 -0.000947 
912 4.458402 0.000000 0.363811 99.659347 -8.300138 -1.190463 -0.000229 
913 4.360708 0.000000 -0.090953 100.192158 -0.669931 -1.159180 -0.004026 
914 4.360708 0.000000 -0.181905 99.909614 -4.709510 1.752735 -0.000718 
915 4.458402 0.000000 -0.090953 100.201773 -0.541840 -1.199737 -0.004213 
916 4.360708 0.000000 0.000000 100.017240 -3.172223 -2.194311 -0.001833 
917 8.952329 0.000000 -1.455243 99.745854 -7.122525 -0.113819 0.000002 
918 8.952329 0.000000 -2.910487 99.752150 -7.032683 -0.022569 0.000005 
919 10.515434 0.000000 -1.455243 99.747288 -7.103473 -0.124685 0.000000 
920 8.952329 0.000000 0.000000 99.888104 -5.088524 0.258008 -0.000359 
921 6.607671 0.000000 -0.727622 99.724668 -7.419654 -0.374788 -0.000020 
922 6.607671 0.000000 -1.455243 99.743722 -7.147391 -0.089746 0.000010 
923 7.389224 0.000000 -0.727622 99.728764 -7.363977 -0.416058 -0.000023 
924 6.607671 0.000000 0.000000 99.991226 -3.608029 1.307412 -0.001297 
925 5.435343 0.000000 -0.363811 99.566157 -9.664128 -0.010432 -0.000682 
926 5.435343 0.000000 -0.727622 99.718850 -7.482228 -0.294650 0.000008 
927 5.826119 0.000000 -0.363811 99.564670 -9.706906 -0.982368 -0.000831 
928 5.435343 0.000000 0.000000 100.141854 -1.430613 -5.927232 -0.006557 
929 4.849178 0.000000 -0.181905 99.911630 -4.708717 2.308895 -0.000984 
930 4.849178 0.000000 -0.363811 99.628151 -8.763431 0.811041 -0.000322 
931 5.044566 0.000000 -0.181905 99.911181 -4.721576 2.508262 -0.001083 
932 4.849178 0.000000 0.000000 100.018227 -3.184116 -2.533645 -0.002020 
933 8.952329 0.000000 1.455243 99.749472 -7.071760 0.045180 0.000003 
934 10.515434 0.000000 1.455243 99.750401 -7.059555 0.057342 0.000002 
935 8.952329 0.000000 2.910487 99.754969 -6.994136 0.001599 0.000003 
936 6.607671 0.000000 0.727622 99.726898 -7.389231 0.190060 -0.000009 
937 7.389224 0.000000 0.727622 99.729974 -7.347724 0.241737 -0.000012 
938 6.607671 0.000000 1.455243 99.748254 -7.085470 0.021335 0.000008 
939 5.435343 0.000000 0.363811 99.569485 -9.616371 -0.224986 -0.000661 
940 5.826119 0.000000 0.363811 99.570926 -9.617614 0.647809 -0.000729 
941 5.435343 0.000000 0.727622 99.722674 -7.427300 0.098556 0.000021 
942 5.239954 0.000000 -0.181905 99.859997 -5.458456 2.985301 -0.001073 
943 5.239954 0.000000 -0.363811 99.582981 -9.420534 0.391231 -0.000567 
944 5.435343 0.000000 -0.181905 100.205241 -0.524418 -0.609658 -0.004174 
945 5.239954 0.000000 0.000000 100.074553 -2.390091 -3.120523 -0.003037 
946 4.849178 0.000000 0.181905 99.864847 -5.377778 -2.944818 -0.001058 
947 5.044566 0.000000 0.181905 99.855763 -5.514142 -3.120048 -0.001131 
948 4.849178 0.000000 0.363811 99.622148 -8.849387 -1.075788 -0.000404 
949 4.946872 0.000000 -0.090953 100.228872 -0.175447 -1.132068 -0.004714 
950 4.849178 0.000000 -0.090953 100.227012 -0.198642 -1.182316 -0.004689 
951 4.946872 0.000000 -0.181905 99.911266 -4.717301 2.409657 -0.001032 
952 5.044566 0.000000 -0.090953 100.228766 -0.180036 -1.067910 -0.004698 
953 4.946872 0.000000 0.000000 100.025387 -3.085147 -2.641492 -0.002157 
954 3.286073 0.000000 -0.181905 99.886624 -4.926690 0.476121 -0.000184 
955 3.090685 0.000000 -0.181905 99.889687 -4.982101 0.279325 -0.000285 
956 3.286073 0.000000 -0.363811 99.721524 -7.383614 0.357396 0.000097 
957 3.286073 0.000000 0.000000 99.996544 -3.192658 -1.367828 -0.001137 
958 2.895297 0.000000 -0.181905 99.891554 -5.091234 0.108236 -0.000425 
959 2.895297 0.000000 -0.363811 99.737901 -7.336573 0.124727 -0.000149 
960 2.895297 0.000000 0.000000 99.973449 -3.371557 -1.291513 -0.000773 
961 3.286073 0.000000 0.181905 99.861901 -5.234628 -1.589266 -0.000233 
962 3.090685 0.000000 0.181905 99.864898 -5.186900 -1.448693 -0.000200 
963 3.286073 0.000000 0.363811 99.718217 -7.395299 -0.844577 0.000087 
964 3.188379 0.000000 -0.090953 99.970696 -3.488925 -0.268480 -0.000638 
965 3.090685 0.000000 -0.090953 99.958846 -3.557431 -0.306464 -0.000452 
966 3.188379 0.000000 -0.181905 99.889354 -4.945540 0.368490 -0.000248 
967 3.286073 0.000000 -0.090953 99.984681 -3.411730 -0.179842 -0.000861 
968 3.188379 0.000000 0.000000 99.980371 -3.238828 -1.348250 -0.000838 
969 3.774543 0.000000 -0.090953 99.982097 -3.620413 0.986001 -0.001050 
970 3.676849 0.000000 -0.090953 100.010009 -3.207136 1.537845 -0.001465 
971 3.774543 0.000000 -0.181905 99.899040 -4.815642 1.042166 -0.000409 
972 3.774543 0.000000 0.000000 100.032374 -2.900367 -1.729908 -0.001788 
973 3.774543 0.000000 0.090953 99.931934 -4.336977 -2.159846 -0.000987 
974 3.676849 0.000000 0.090953 99.933244 -4.303853 -2.207243 -0.001005 
975 3.774543 0.000000 0.181905 99.864240 -5.311967 -2.024538 -0.000518 
976 3.823390 0.000000 -0.045476 100.035491 -2.866345 -1.823759 -0.001864 
977 3.774543 0.000000 -0.045476 100.026136 -2.989965 -1.561547 -0.001661 
978 3.823390 0.000000 -0.090953 99.999715 -3.378441 0.091719 -0.001137 
979 3.872238 0.000000 -0.045476 100.057346 -2.559585 -1.984161 -0.002196 
980 3.823390 0.000000 0.000000 100.032969 -2.902113 -1.789091 -0.001822 
981 4.556096 0.000000 -0.090953 100.210535 -0.421587 -1.224136 -0.004383 
982 4.556096 0.000000 -0.181905 99.911071 -4.704209 1.987688 -0.000830 
983 4.653790 0.000000 -0.090953 100.217743 -0.323250 -1.229580 -0.004521 
984 4.556096 0.000000 0.000000 100.013180 -3.243646 -2.302395 -0.001846 
985 4.751484 0.000000 -0.090953 100.223269 -0.248405 -1.215504 -0.004624 
986 4.751484 0.000000 -0.181905 99.911679 -4.704294 2.205853 -0.000934 
987 4.751484 0.000000 0.000000 100.014393 -3.235172 -2.443334 -0.001932 
988 5.239954 0.000000 0.181905 99.853578 -5.550303 -4.392017 -0.002083 
989 5.435343 0.000000 0.181905 100.028427 -3.052713 1.225495 -0.001651 
990 5.239954 0.000000 0.363811 99.582700 -9.424538 -0.610886 -0.000591 
991 5.142260 0.000000 -0.090953 100.226628 -0.212968 -0.993787 -0.004641 
992 5.142260 0.000000 -0.181905 99.911502 -4.719369 2.706099 -0.001190 
993 5.239954 0.000000 -0.090953 100.222467 -0.275074 -0.914088 -0.004545 
994 5.142260 0.000000 0.000000 100.053602 -2.687030 -2.917003 -0.002645 
995 6.216895 0.000000 -0.363811 99.599020 -9.216062 -1.717137 -0.000785 
996 6.216895 0.000000 -0.727622 99.722564 -7.449111 -0.350376 -0.000020 
997 6.607671 0.000000 -0.363811 99.643766 -8.576617 -2.050128 -0.000664 
998 6.216895 0.000000 0.000000 100.005469 -3.404037 1.960345 -0.001652 
999 5.630731 0.000000 -0.181905 100.220587 -0.309078 -3.017858 -0.005337 
1000 5.630731 0.000000 -0.363811 99.559454 -9.763943 -0.495092 -0.000766 
1001 5.826119 0.000000 -0.181905 100.181534 -0.885380 -3.107027 -0.004678 
1002 5.630731 0.000000 0.000000 100.078411 -2.342043 5.275713 -0.004901 
1003 5.337648 0.000000 -0.090953 100.216333 -0.365141 -0.833645 -0.004414 
1004 5.337648 0.000000 -0.181905 99.902945 -4.846617 -0.055155 -0.000409 
1005 5.435343 0.000000 -0.090953 100.208276 -0.480918 -0.756795 -0.004250 
1006 5.337648 0.000000 0.000000 100.097041 -2.070877 -3.608562 -0.003673 
1007 5.826119 0.000000 -4.365730 99.753851 -7.004846 -0.005709 0.000010 
1008 5.826119 0.000000 -5.820974 99.754838 -6.993321 -0.002795 0.000007 
1009 7.389224 0.000000 -4.365730 99.753944 -7.005968 -0.007133 0.000007 
1010 5.044566 0.000000 -2.182865 99.748307 -7.068894 -0.025599 0.000031 
1011 4.263014 0.000000 -2.182865 99.747855 -7.067944 -0.020357 0.000041 
1012 5.044566 0.000000 -2.910487 99.751096 -7.039830 -0.013290 0.000016 
1013 5.826119 0.000000 -2.182865 99.748494 -7.069525 -0.031598 0.000026 
1014 5.435343 0.000000 -1.091433 99.734845 -7.256104 -0.139144 0.000029 
1015 5.044566 0.000000 -1.091433 99.733832 -7.261697 -0.128161 0.000041 
1016 5.435343 0.000000 -1.455243 99.742043 -7.156164 -0.073514 0.000031 
1017 5.826119 0.000000 -1.091433 99.735973 -7.258374 -0.149961 0.000003 
1018 5.630731 0.000000 -0.545716 99.697631 -7.788492 -0.448680 -0.000048 
1019 5.435343 0.000000 -0.545716 99.696770 -7.797036 -0.407805 -0.000041 
1020 5.630731 0.000000 -0.727622 99.719686 -7.473872 -0.308898 0.000003 
1021 5.826119 0.000000 -0.545716 99.699091 -7.784752 -0.490134 -0.000075 
1022 5.533037 0.000000 -0.272858 100.017948 -3.204676 3.394377 -0.002538 
1023 5.435343 0.000000 -0.272858 99.987583 -3.636819 3.905501 -0.002600 
1024 5.533037 0.000000 -0.363811 99.561360 -9.734801 -0.247054 -0.000729 
1025 5.630731 0.000000 -0.272858 100.031043 -3.019324 3.120838 -0.002507 
1026 5.533037 0.000000 -0.181905 100.274869 0.469083 -2.693165 -0.006252 
1027 6.216895 0.000000 0.363811 99.601285 -9.184820 1.300378 -0.000647 
1028 6.607671 0.000000 0.363811 99.639886 -8.632846 1.616552 -0.000525 
1029 6.216895 0.000000 0.727622 99.725460 -7.409971 0.160481 -0.000010 
1030 6.021507 0.000000 -0.181905 100.143687 -1.427935 -3.191584 -0.004098 
1031 6.021507 0.000000 -0.363811 99.578972 -9.503718 -1.400623 -0.000825 
1032 6.216895 0.000000 -0.181905 100.105661 -1.971031 -3.193088 -0.003522 
1033 6.021507 0.000000 0.000000 100.009477 -3.347147 2.450902 -0.001911 
1034 6.607671 0.000000 -2.182865 99.749305 -7.068181 -0.034676 0.000012 
1035 6.607671 0.000000 -2.910487 99.751757 -7.034019 -0.017337 0.000011 
1036 7.389224 0.000000 -2.182865 99.749583 -7.066612 -0.038306 0.000008 
1037 6.216895 0.000000 -1.091433 99.736713 -7.242027 -0.160892 0.000012 
1038 6.216895 0.000000 -1.455243 99.743030 -7.151139 -0.085701 0.000018 
1039 6.607671 0.000000 -1.091433 99.737719 -7.233086 -0.169023 0.000004 
1040 6.021507 0.000000 -0.545716 99.700483 -7.766154 -0.530558 -0.000078 
1041 6.021507 0.000000 -0.727622 99.721695 -7.463025 -0.336754 -0.000023 
1042 6.216895 0.000000 -0.545716 99.702173 -7.740780 -0.570034 -0.000077 
1043 5.923813 0.000000 -0.272858 100.239729 -0.053658 -4.349971 -0.006693 
1044 5.826119 0.000000 -0.272858 100.297094 0.767597 2.198765 -0.006493 
1045 5.923813 0.000000 -0.363811 99.570862 -9.619054 -1.203070 -0.000833 
1046 6.021507 0.000000 -0.272858 99.839420 -5.778964 -6.300886 -0.004101 
1047 5.923813 0.000000 -0.181905 100.162698 -1.155421 -3.159032 -0.004388 
1048 2.895297 0.000000 0.181905 99.881642 -5.191840 -1.314159 -0.000502 
1049 2.895297 0.000000 0.363811 99.750933 -7.272736 -0.673797 -0.000360 
1050 3.188379 0.000000 0.090953 99.927927 -4.082734 -1.824050 -0.000559 
1051 3.090685 0.000000 0.090953 99.921237 -4.055955 -1.762934 -0.000381 
1052 3.286073 0.000000 0.090953 99.933652 -4.122322 -1.896599 -0.000733 
1053 3.188379 0.000000 0.181905 99.864281 -5.206046 -1.517422 -0.000228 
1054 5.630731 0.000000 0.181905 100.106016 -1.947317 1.760426 -0.002811 
1055 5.826119 0.000000 0.181905 100.069744 -2.483923 2.284120 -0.002534 
1056 5.630731 0.000000 0.363811 99.565246 -9.681011 0.216087 -0.000701 
1057 5.337648 0.000000 0.090953 99.949160 -4.185665 -0.032815 -0.000736 
1058 5.239954 0.000000 0.090953 99.954262 -4.110332 -0.232497 -0.000780 
1059 5.435343 0.000000 0.090953 99.945063 -4.244776 0.171594 -0.000706 
1060 5.337648 0.000000 0.181905 99.601176 -9.161176 5.134910 -0.003069 
1061 6.021507 0.000000 0.181905 100.035510 -2.974906 2.552792 -0.002247 
1062 6.216895 0.000000 0.181905 100.002552 -3.446026 2.688894 -0.001962 
1063 6.021507 0.000000 0.363811 99.583763 -9.435354 1.017716 -0.000699 
1064 5.826119 0.000000 4.365730 99.756085 -6.980202 -0.002351 0.000000 
1065 7.389224 0.000000 4.365730 99.756027 -6.979947 -0.001705 0.000002 
1066 5.826119 0.000000 5.820974 99.756470 -6.976112 -0.001563 -0.000002 
1067 6.607671 0.000000 2.182865 99.753064 -7.018478 0.001574 0.000007 
1068 5.826119 0.000000 2.182865 99.753377 -7.019298 -0.002154 -0.000001 
1069 7.389224 0.000000 2.182865 99.753189 -7.017667 0.004334 0.000005 
1070 6.607671 0.000000 2.910487 99.754815 -6.995108 -0.001749 0.000005 
1071 6.216895 0.000000 1.091433 99.742042 -7.180260 0.048891 -0.000003 
1072 5.826119 0.000000 1.091433 99.740925 -7.188094 0.041099 0.000008 
1073 6.607671 0.000000 1.091433 99.742152 -7.171875 0.060597 0.000006 
1074 6.216895 0.000000 1.455243 99.748321 -7.087352 0.015951 0.000004 
1075 6.021507 0.000000 0.545716 99.700721 -7.763002 0.272317 -0.000057 
1076 5.826119 0.000000 0.545716 99.699731 -7.775873 0.228368 -0.000055 
1077 6.216895 0.000000 0.545716 99.702117 -7.743291 0.314497 -0.000057 
1078 6.021507 0.000000 0.727622 99.724736 -7.419873 0.145673 -0.000010 
1079 5.923813 0.000000 0.272858 100.002972 -3.439682 11.715122 -0.014967 
1080 5.826119 0.000000 0.272858 101.242142 14.282290 -4.768044 -0.047669 
1081 5.923813 0.000000 0.181905 100.052613 -2.729668 2.435976 -0.002391 
1082 6.021507 0.000000 0.272858 99.704023 -7.715400 7.990153 -0.006426 
1083 5.923813 0.000000 0.363811 99.576577 -9.537489 0.842769 -0.000717 
1084 5.044566 0.000000 2.182865 99.751923 -7.019174 -0.004326 0.000029 
1085 4.263014 0.000000 2.182865 99.751146 -7.020384 -0.007627 0.000042 
1086 5.044566 0.000000 2.910487 99.754901 -6.997665 -0.004676 -0.000001 
1087 5.435343 0.000000 1.091433 99.739895 -7.183575 0.030899 0.000035 
1088 5.044566 0.000000 1.091433 99.739148 -7.185564 0.020327 0.000047 
1089 5.435343 0.000000 1.455243 99.746709 -7.089272 0.007628 0.000034 
1090 5.630731 0.000000 0.545716 99.698583 -7.774731 0.184061 -0.000029 
1091 5.435343 0.000000 0.545716 99.698110 -7.777651 0.139786 -0.000022 
1092 5.630731 0.000000 0.727622 99.723223 -7.423151 0.114473 0.000016 
1093 5.533037 0.000000 0.272858 100.016663 -3.222908 -3.566150 -0.002644 
1094 5.435343 0.000000 0.272858 100.004832 -3.389977 -4.442761 -0.003220 
1095 5.533037 0.000000 0.181905 100.100799 -2.019976 1.171788 -0.002562 
1096 5.630731 0.000000 0.272858 99.980604 -3.740556 -3.660362 -0.002351 
1097 5.533037 0.000000 0.363811 99.566147 -9.666213 -0.007488 -0.000685 
1098 -8.241827 0.000000 -8.731461 99.756286 -6.976611 0.000026 0.000001 
1099 -11.368037 0.000000 -8.731461 99.756333 -6.976272 0.000039 0.000001 
1100 -8.241827 0.000000 -11.641948 99.756292 -6.976667 0.000017 0.000001 
1101 10.515434 0.000000 -8.731461 99.755542 -6.986401 -0.001801 0.000002 
1102 10.515434 0.000000 -11.641948 99.755839 -6.982564 -0.000894 0.000002 
1103 13.641644 0.000000 -8.731461 99.755550 -6.986819 -0.002252 0.000001 
1104 -8.241827 0.000000 8.731461 99.756520 -6.975226 0.000040 -0.000002 
1105 -11.368037 0.000000 8.731461 99.756475 -6.975342 0.000043 -0.000001 
1106 -8.241827 0.000000 11.641948 99.756521 -6.975121 0.000019 -0.000002 
1107 -3.552511 0.000000 -4.365730 99.755951 -6.977865 -0.000147 0.000006 
1108 -5.115617 0.000000 -4.365730 99.756126 -6.977083 -0.000012 0.000004 
1109 -3.552511 0.000000 -5.820974 99.756048 -6.977915 -0.000122 0.000004 
1110 10.515434 0.000000 8.731461 99.756576 -6.973397 -0.000718 -0.000000 
1111 13.641644 0.000000 8.731461 99.756576 -6.973143 -0.000676 0.000000 
1112 10.515434 0.000000 11.641948 99.756598 -6.973325 -0.000469 -0.000001 
1113 -3.552511 0.000000 4.365730 99.756690 -6.975597 0.000153 -0.000006 
1114 -5.115617 0.000000 4.365730 99.756556 -6.975508 0.000126 -0.000003 
1115 -3.552511 0.000000 5.820974 99.756733 -6.975297 0.000053 -0.000006 
1116 -1.207854 0.000000 -2.182865 99.757234 -6.972980 -0.005551 -0.000013 
1117 -1.989406 0.000000 -2.182865 99.754341 -6.976842 -0.000331 0.000040 
1118 -1.207854 0.000000 -2.910487 99.758951 -6.978253 -0.006089 -0.000054 
1119 3.481461 0.000000 -2.182865 99.744065 -7.059536 -0.018788 0.000128 
1120 3.481461 0.000000 -2.910487 99.752224 -7.025906 -0.006684 0.000013 
1121 -1.207854 0.000000 2.182865 99.763845 -6.975538 0.008968 -0.000148 
1122 -1.989406 0.000000 2.182865 99.756494 -6.970039 0.001411 0.000006 
1123 -1.207854 0.000000 2.910487 99.760804 -6.972368 0.004998 -0.000083 
1124 -0.817078 0.000000 -1.091433 99.744170 -6.990612 -0.007719 0.000223 
1125 -1.207854 0.000000 -1.091433 99.746781 -6.988033 0.005644 0.000175 
1126 -0.817078 0.000000 -1.455243 99.755066 -6.987744 -0.013063 0.000010 
1127 3.481461 0.000000 2.182865 99.752940 -7.024363 -0.013595 0.000001 
1128 3.481461 0.000000 2.910487 99.754587 -6.994694 -0.007466 0.000010 
1129 -0.230913 0.000000 -0.545716 99.642787 -7.024495 0.041143 0.002197 
1130 -0.426301 0.000000 -0.545716 99.718830 -7.006317 0.036874 0.000707 
1131 -0.230913 0.000000 -0.727622 99.669165 -7.028684 -0.004970 0.001666 
1132 0.941416 0.000000 -0.545716 99.739608 -7.248260 -0.019817 -0.000053 
1133 0.941416 0.000000 -0.727622 99.736695 -7.141294 -0.016521 0.000159 
1134 -0.817078 0.000000 1.091433 99.747694 -6.986225 0.007303 0.000159 
1135 -1.207854 0.000000 1.091433 99.751936 -6.987189 0.001544 0.000073 
1136 -0.817078 0.000000 1.455243 99.758397 -6.983119 0.013413 -0.000050 
1137 -0.230913 0.000000 0.545716 99.657409 -7.031458 -0.034253 0.001896 
1138 -0.426301 0.000000 0.545716 99.733107 -7.011561 -0.020775 0.000415 
1139 -0.230913 0.000000 0.727622 99.692901 -7.023306 0.017719 0.001200 
1140 -0.133219 0.000000 -0.272858 99.678396 -7.178490 0.556295 0.001238 
1141 -0.230913 0.000000 -0.272858 99.816586 -7.002334 0.425644 -0.001256 
1142 -0.133219 0.000000 -0.363811 99.447861 -7.097365 0.243103 0.005969 
1143 0.941416 0.000000 0.545716 99.864615 -7.252778 -0.032934 -0.002555 
1144 0.941416 0.000000 0.727622 99.809601 -7.134519 -0.031654 -0.001286 
1145 -0.133219 0.000000 0.272858 99.669085 -7.218939 -0.577279 0.001363 
1146 -0.230913 0.000000 0.272858 99.815955 -6.964994 -0.424134 -0.001192 
1147 -0.133219 0.000000 0.363811 99.458532 -7.093942 -0.239556 0.005762 
1148 0.037745 0.000000 -0.113691 88.570670 -8.850109 -1.834756 0.207355 
1149 0.013322 0.000000 -0.113691 87.756867 -8.438617 4.362760 0.220849 
1150 0.037745 0.000000 -0.136429 92.686254 -8.285315 -0.834015 0.133992 
1151 0.648333 0.000000 -0.272858 101.477178 -11.207635 0.002858 -0.042323 
1152 0.648333 0.000000 -0.363811 99.798978 -7.546953 0.107444 -0.001680 
1153 0.746027 0.000000 -0.272858 102.532898 -10.306497 0.007594 -0.061922 
1154 0.648333 0.000000 0.272858 101.420762 -11.195087 0.007862 -0.041150 
1155 0.746027 0.000000 0.272858 102.402285 -10.316935 0.032056 -0.059267 
1156 0.648333 0.000000 0.363811 99.850829 -7.558295 -0.120827 -0.002733 
1157 0.037745 0.000000 0.113691 88.510965 -8.866827 1.831033 0.208384 
1158 0.013322 0.000000 0.113691 87.705041 -8.459249 -4.382282 0.221706 
1159 0.037745 0.000000 0.136429 92.641725 -8.301028 0.835902 0.134791 
1160 0.098804 0.000000 -0.079584 92.492887 -12.459224 -15.408559 0.105241 
1161 0.098804 0.000000 -0.090953 92.608431 -12.550915 -15.489272 0.102624 
1162 0.098804 0.000000 -0.068215 92.485064 -12.448868 -15.400303 0.105437 
1163 0.098804 0.000000 0.079584 92.432071 -12.419227 15.399030 0.106494 
1164 0.098804 0.000000 0.068215 92.425691 -12.405522 15.390956 0.106671 
1165 0.098804 0.000000 0.090953 92.528821 -12.561502 15.477563 0.104107 
1166 0.233134 0.000000 -0.068215 86.984525 -0.094552 -6.399687 0.239273 
1167 0.233134 0.000000 -0.045476 88.443874 -0.077276 -4.812443 0.215452 
1168 0.184287 0.000000 -0.113691 99.780500 -11.184129 -9.828788 -0.017784 
1169 0.184287 0.000000 -0.136429 99.304132 -9.897765 -7.668579 -0.001808 
1170 0.233134 0.000000 0.068215 87.024488 -0.076574 6.415247 0.238558 
1171 0.233134 0.000000 0.045476 88.460082 -0.070470 4.847160 0.215131 
1172 0.184287 0.000000 0.113691 99.744172 -11.153736 9.843235 -0.017019 
1173 0.184287 0.000000 0.136429 99.306234 -9.842691 7.671315 -0.001746 
1174 0.501792 0.000000 -0.045476 100.394462 -8.052761 -0.006994 -0.014390 
1175 0.550639 0.000000 -0.045476 101.435870 -6.768018 -0.011352 -0.033504 
1176 0.501792 0.000000 0.000000 101.428299 -6.545966 -0.011067 -0.033055 
1177 0.501792 0.000000 0.045476 100.380984 -8.047832 -0.007560 -0.014111 
1178 0.550639 0.000000 0.045476 101.423107 -6.766689 -0.008615 -0.033243 
1179 0.428522 0.000000 -0.068215 99.161015 -10.867110 0.002758 0.004900 
1180 0.452945 0.000000 -0.068215 99.300887 -9.366742 -0.001701 0.005160 
1181 0.428522 0.000000 -0.045476 99.330386 -11.622884 0.001532 -0.000162 
1182 0.367463 0.000000 -0.102322 105.120536 -12.628758 -3.268078 -0.122049 
1183 0.367463 0.000000 -0.113691 105.150981 -12.637954 -2.769119 -0.122411 
1184 0.367463 0.000000 -0.090953 105.431193 -12.632421 -3.014069 -0.128440 
1185 0.428522 0.000000 0.068215 99.124238 -10.854893 0.001651 0.005656 
1186 0.428522 0.000000 0.045476 99.294409 -11.608907 0.001339 0.000585 
1187 0.452945 0.000000 0.068215 99.261134 -9.357054 -0.000089 0.005967 
1188 0.367463 0.000000 0.102322 105.207294 -12.625452 3.269754 -0.123867 
1189 0.367463 0.000000 0.090953 105.520914 -12.626260 3.015185 -0.130318 
1190 0.367463 0.000000 0.113691 105.234482 -12.624394 2.770120 -0.124135 
1191 1.722968 0.000000 -0.545716 99.772617 -7.431070 -0.038250 -0.000980 
1192 1.722968 0.000000 -0.727622 99.698279 -7.304045 -0.031106 0.000690 
1193 1.722968 0.000000 0.545716 99.814845 -7.395869 -0.209920 -0.001775 
1194 1.722968 0.000000 0.727622 99.742144 -7.268950 -0.119424 -0.000135 
1195 1.429886 0.000000 -0.272858 100.923297 -11.697705 -0.294993 -0.032244 
1196 1.429886 0.000000 -0.363811 99.778263 -7.692549 -0.099719 -0.001489 
1197 1.527580 0.000000 -0.272858 101.366671 -12.520996 -0.299262 -0.043207 
1198 1.429886 0.000000 0.272858 100.861587 -11.966093 -0.240310 -0.031630 
1199 1.527580 0.000000 0.272858 101.409895 -12.968077 -0.203672 -0.045218 
1200 1.429886 0.000000 0.363811 99.912714 -7.704652 -0.430172 -0.004210 
1201 8.952329 0.000000 -4.365730 99.754018 -7.006404 -0.008451 0.000005 
1202 8.952329 0.000000 -5.820974 99.754833 -6.995287 -0.004196 0.000004 
1203 10.515434 0.000000 -4.365730 99.754092 -7.006351 -0.009670 0.000003 
1204 3.090685 0.000000 -1.091433 99.725607 -7.273018 -0.060875 0.000190 
1205 3.090685 0.000000 -1.455243 99.737326 -7.153925 -0.030364 0.000129 
1206 3.481461 0.000000 -1.091433 99.729746 -7.274744 -0.073977 0.000105 
1207 3.872238 0.000000 -1.091433 99.730111 -7.275430 -0.091340 0.000096 
1208 3.872238 0.000000 -1.455243 99.737956 -7.158996 -0.050917 0.000109 
1209 4.263014 0.000000 -1.091433 99.731569 -7.272879 -0.104130 0.000071 
1210 2.504521 0.000000 -0.545716 99.605054 -7.669980 -0.122806 0.001999 
1211 2.504521 0.000000 -0.727622 99.638860 -7.503368 -0.085555 0.001579 
1212 2.699909 0.000000 -0.545716 99.667264 -7.679899 -0.133890 0.000744 
1213 8.952329 0.000000 4.365730 99.756055 -6.979583 -0.001130 0.000001 
1214 10.515434 0.000000 4.365730 99.756086 -6.979308 -0.000586 0.000001 
1215 8.952329 0.000000 5.820974 99.756397 -6.975453 -0.001170 0.000000 
1216 3.090685 0.000000 1.091433 99.731463 -7.184783 -0.038634 0.000201 
1217 3.481461 0.000000 1.091433 99.735896 -7.186773 -0.028475 0.000110 
1218 3.090685 0.000000 1.455243 99.742337 -7.086177 -0.026728 0.000125 
1219 2.504521 0.000000 0.545716 99.657839 -7.543914 -0.201038 0.001136 
1220 2.699909 0.000000 0.545716 99.710625 -7.565239 -0.208330 0.000052 
1221 2.504521 0.000000 0.727622 99.693364 -7.391146 -0.124861 0.000659 
1222 2.895297 0.000000 -0.545716 99.686566 -7.667454 -0.123235 0.000378 
1223 2.895297 0.000000 -0.727622 99.691840 -7.514449 -0.121185 0.000506 
1224 3.090685 0.000000 -0.545716 99.694650 -7.682654 -0.117118 0.000194 
1225 3.286073 0.000000 -0.545716 99.697265 -7.704043 -0.112637 0.000109 
1226 3.286073 0.000000 -0.727622 99.708230 -7.527239 -0.135575 0.000159 
1227 3.481461 0.000000 -0.545716 99.695523 -7.717212 -0.124989 0.000123 
1228 2.406827 0.000000 -0.272858 99.534517 -6.629809 -0.582364 0.004859 
1229 2.406827 0.000000 -0.363811 99.378355 -7.356686 -0.306384 0.006973 
1230 2.504521 0.000000 -0.272858 99.755474 -6.565100 -0.376685 0.000560 
1231 2.895297 0.000000 0.545716 99.710603 -7.542010 -0.208940 0.000087 
1232 3.090685 0.000000 0.545716 99.703690 -7.587887 -0.200766 0.000156 
1233 2.895297 0.000000 0.727622 99.715613 -7.392673 -0.095512 0.000214 
1234 2.406827 0.000000 0.272858 99.658067 -6.497144 -0.204445 0.002602 
1235 2.504521 0.000000 0.272858 99.827619 -6.455161 -0.421027 -0.000740 
1236 2.406827 0.000000 0.363811 99.483090 -7.230252 -0.243404 0.005078 
1237 2.357979 0.000000 -0.136429 100.890443 -5.018606 -4.010515 -0.022015 
1238 2.357979 0.000000 -0.181905 99.442143 -5.599065 -2.357046 0.007435 
1239 2.406827 0.000000 -0.136429 100.998035 -4.826416 -2.356952 -0.022945 
1240 2.284709 0.000000 -0.113691 91.057537 -5.150461 -11.991201 0.153821 
1241 2.284709 0.000000 -0.136429 93.955099 -5.372711 -5.658619 0.111155 
1242 2.309132 0.000000 -0.113691 99.651625 -4.915928 -10.778834 -0.007080 
1243 2.357979 0.000000 0.136429 101.112277 -4.961308 2.349745 -0.025383 
1244 2.406827 0.000000 0.136429 101.108611 -4.784659 0.728061 -0.024637 
1245 2.357979 0.000000 0.181905 99.640050 -5.475672 1.120196 0.004062 
1246 2.284709 0.000000 0.113691 91.994403 -5.091280 10.091824 0.140926 
1247 2.309132 0.000000 0.113691 100.196032 -4.822415 8.838426 -0.014062 
1248 2.284709 0.000000 0.136429 94.684015 -5.238403 4.197814 0.098987 
1249 4.653790 0.000000 -1.091433 99.732852 -7.267589 -0.116481 0.000053 
1250 4.653790 0.000000 -1.455243 99.740676 -7.160079 -0.061704 0.000053 
1251 3.676849 0.000000 -0.545716 99.695394 -7.729317 -0.139826 0.000107 
1252 3.676849 0.000000 -0.727622 99.711400 -7.523882 -0.160995 0.000100 
1253 3.872238 0.000000 -0.545716 99.695956 -7.744712 -0.157503 0.000071 
1254 4.067626 0.000000 -0.545716 99.695510 -7.754508 -0.179894 0.000064 
1255 4.067626 0.000000 -0.727622 99.712392 -7.520918 -0.194004 0.000084 
1256 4.263014 0.000000 -0.545716 99.696109 -7.765780 -0.201752 0.000034 
1257 4.653790 0.000000 1.091433 99.738490 -7.187270 0.009209 0.000058 
1258 4.263014 0.000000 1.091433 99.737529 -7.189179 -0.002243 0.000074 
1259 4.653790 0.000000 1.455243 99.745498 -7.090061 -0.002217 0.000057 
1260 4.458402 0.000000 -0.545716 99.695853 -7.780670 -0.228967 0.000015 
1261 4.458402 0.000000 -0.727622 99.714730 -7.513722 -0.221840 0.000047 
1262 4.653790 0.000000 -0.545716 99.695790 -7.790257 -0.259465 -0.000001 
1263 4.849178 0.000000 -0.545716 99.695798 -7.797321 -0.292999 -0.000014 
1264 4.849178 0.000000 -0.727622 99.716457 -7.503578 -0.251171 0.000026 
1265 5.044566 0.000000 -0.545716 99.695931 -7.801066 -0.329225 -0.000024 
1266 4.165320 0.000000 0.090953 99.997397 -3.452649 -1.504394 -0.001366 
1267 4.263014 0.000000 0.090953 100.000933 -3.408867 -1.456438 -0.001393 
1268 4.165320 0.000000 0.181905 99.864683 -5.353269 -2.363385 -0.000720 
1269 3.921085 0.000000 -0.045476 100.061291 -2.513022 -2.031180 -0.002270 
1270 3.921085 0.000000 -0.090953 100.116858 -1.718733 -0.745435 -0.002689 
1271 3.921085 0.000000 0.000000 100.031693 -2.936074 -1.899193 -0.001857 
1272 4.360708 0.000000 0.090953 100.000198 -3.417207 -1.383543 -0.001363 
1273 4.458402 0.000000 0.090953 99.997783 -3.458732 -1.305577 -0.001322 
1274 4.360708 0.000000 0.181905 99.865075 -5.351060 -2.521380 -0.000802 
1275 4.556096 0.000000 0.090953 99.994631 -3.508888 -1.216317 -0.001272 
1276 4.653790 0.000000 0.090953 99.990274 -3.575942 -1.118226 -0.001209 
1277 4.556096 0.000000 0.181905 99.865278 -5.359028 -2.676165 -0.000895 
1278 5.239954 0.000000 -0.545716 99.696206 -7.801066 -0.367823 -0.000033 
1279 5.239954 0.000000 -0.727622 99.718013 -7.489591 -0.280301 0.000015 
1280 5.239954 0.000000 0.545716 99.697962 -7.775865 0.096368 -0.000016 
1281 5.044566 0.000000 0.545716 99.698088 -7.770060 0.054317 -0.000009 
1282 5.239954 0.000000 0.727622 99.722159 -7.430052 0.082648 0.000028 
1283 5.337648 0.000000 -0.272858 99.939743 -4.319614 4.197918 -0.002423 
1284 5.239954 0.000000 -0.272858 99.892854 -4.988562 4.179891 -0.002094 
1285 5.337648 0.000000 -0.363811 99.573543 -9.556457 0.204861 -0.000626 
1286 4.751484 0.000000 0.090953 99.985072 -3.654550 -1.009875 -0.001139 
1287 4.849178 0.000000 0.090953 99.979258 -3.741469 -0.888121 -0.001064 
1288 4.751484 0.000000 0.181905 99.865788 -5.360577 -2.846699 -0.001002 
1289 4.946872 0.000000 0.090953 99.973013 -3.834182 -0.750153 -0.000987 
1290 5.044566 0.000000 0.090953 99.966561 -3.929539 -0.594473 -0.000911 
1291 4.946872 0.000000 0.181905 99.861649 -5.426899 -3.047191 -0.001109 
1292 5.142260 0.000000 0.090953 99.960179 -4.023104 -0.421063 -0.000840 
1293 5.142260 0.000000 0.181905 99.856651 -5.503724 -3.193345 -0.001184 
1294 5.337648 0.000000 0.272858 99.942723 -4.276926 -5.032419 -0.003217 
1295 5.239954 0.000000 0.272858 99.877561 -5.207237 -5.044542 -0.002809 
1296 5.337648 0.000000 0.363811 99.575124 -9.533782 -0.428424 -0.000628 
1297 5.142260 0.000000 0.272858 99.830626 -5.875903 -4.755023 -0.002329 
1298 5.044566 0.000000 0.272858 99.801015 -6.296982 -4.385625 -0.001913 
1299 5.142260 0.000000 0.363811 99.591624 -9.294368 -0.767601 -0.000547 
1300 5.728425 0.000000 -0.272858 100.086663 -2.225691 3.387395 -0.003377 
1301 5.728425 0.000000 -0.363811 99.560507 -9.750614 -0.743476 -0.000792 
1302 5.728425 0.000000 -0.181905 100.199465 -0.612880 -3.040481 -0.004955 
1303 5.533037 0.000000 -0.090953 100.198683 -0.620314 -0.687617 -0.004063 
1304 5.630731 0.000000 -0.090953 100.187762 -0.778421 -0.628618 -0.003859 
1305 5.533037 0.000000 0.000000 101.621531 19.726222 20.059229 -0.111843 
1306 5.533037 0.000000 0.090953 99.942290 -4.286652 0.373091 -0.000698 
1307 5.630731 0.000000 0.090953 99.940711 -4.311197 0.564335 -0.000705 
1308 5.728425 0.000000 0.272858 100.035385 -2.958910 -6.357990 -0.005626 
1309 5.728425 0.000000 0.181905 100.087210 -2.218043 2.090243 -0.002674 
1310 5.728425 0.000000 0.363811 99.566774 -9.660925 0.437125 -0.000707 
1311 3.872238 0.000000 1.091433 99.736407 -7.188334 -0.013694 0.000098 
1312 3.872238 0.000000 1.455243 99.749372 -7.099109 -0.021468 -0.000034 
1313 3.286073 0.000000 0.545716 99.703300 -7.610434 -0.192529 0.000130 
1314 3.481461 0.000000 0.545716 99.701013 -7.631422 -0.176578 0.000144 
1315 3.286073 0.000000 0.727622 99.715072 -7.421605 -0.067463 0.000182 
1316 3.676849 0.000000 0.545716 99.700703 -7.651374 -0.159142 0.000120 
1317 3.872238 0.000000 0.545716 99.700817 -7.674361 -0.138371 0.000083 
1318 3.676849 0.000000 0.727622 99.718077 -7.426050 -0.042893 0.000116 
1319 4.849178 0.000000 0.545716 99.698394 -7.760355 0.014475 0.000001 
1320 4.653790 0.000000 0.545716 99.698803 -7.747274 -0.022598 0.000013 
1321 4.849178 0.000000 0.727622 99.721301 -7.434544 0.050604 0.000039 
1322 4.458402 0.000000 0.545716 99.699293 -7.731209 -0.056570 0.000028 
1323 4.263014 0.000000 0.545716 99.700662 -7.712594 -0.090794 0.000029 
1324 4.458402 0.000000 0.727622 99.720196 -7.435380 0.019400 0.000060 
1325 5.142260 0.000000 -0.272858 99.856503 -5.505906 3.970535 -0.001740 
1326 5.044566 0.000000 -0.272858 99.831232 -5.864737 3.686255 -0.001426 
1327 5.142260 0.000000 -0.363811 99.593716 -9.264525 0.544433 -0.000504 
1328 4.946872 0.000000 0.272858 99.783168 -6.549410 -4.027193 -0.001579 
1329 4.849178 0.000000 0.272858 99.772738 -6.695238 -3.706093 -0.001316 
1330 4.946872 0.000000 0.363811 99.611807 -9.000568 -0.999082 -0.000452 
1331 4.751484 0.000000 0.272858 99.766917 -6.774795 -3.425063 -0.001107 
1332 4.653790 0.000000 0.272858 99.763978 -6.812668 -3.179588 -0.000937 
1333 4.751484 0.000000 0.363811 99.632239 -8.701432 -1.130063 -0.000358 
1334 5.728425 0.000000 -0.090953 100.175823 -0.950933 -0.581203 -0.003644 
1335 5.826119 0.000000 -0.090953 100.163537 -1.142745 -0.545777 -0.003434 
1336 5.728425 0.000000 0.000000 100.030844 -3.024036 3.586364 -0.002818 
1337 5.923813 0.000000 -0.090953 100.150415 -1.331098 -0.521131 -0.003215 
1338 6.021507 0.000000 -0.090953 100.137087 -1.522349 -0.506330 -0.003001 
1339 5.923813 0.000000 0.000000 100.011118 -3.323020 2.737821 -0.002076 
1340 5.728425 0.000000 0.090953 99.940122 -4.321407 0.739251 -0.000725 
1341 5.826119 0.000000 0.090953 99.940608 -4.330613 0.893652 -0.000768 
1342 5.923813 0.000000 0.090953 99.941069 -4.324772 1.026248 -0.000797 
1343 6.021507 0.000000 0.090953 99.941626 -4.317456 1.136813 -0.000826 
1344 4.067626 0.000000 0.545716 99.700540 -7.692927 -0.114733 0.000061 
1345 4.067626 0.000000 0.727622 99.720358 -7.435950 -0.015655 0.000056 
1346 4.556096 0.000000 0.272858 99.762866 -6.824049 -2.963722 -0.000798 
1347 4.458402 0.000000 0.272858 99.762918 -6.818236 -2.772161 -0.000681 
1348 4.556096 0.000000 0.363811 99.650925 -8.425691 -1.184286 -0.000270 
1349 4.360708 0.000000 0.272858 99.764326 -6.793617 -2.602612 -0.000585 
1350 4.263014 0.000000 0.272858 99.765112 -6.776971 -2.445610 -0.000499 
1351 4.360708 0.000000 0.363811 99.667779 -8.176487 -1.188499 -0.000193 
1352 4.946872 0.000000 -0.272858 99.814481 -6.101511 3.390010 -0.001165 
1353 4.849178 0.000000 -0.272858 99.803654 -6.253028 3.107922 -0.000953 
1354 4.946872 0.000000 -0.363811 99.616799 -8.929046 0.751594 -0.000380 
1 11 62 60 61 
2 62 10 24 60 
3 60 24 14 63 
4 61 60 63 6 
5 24 66 64 65 
6 66 23 40 64 
7 64 40 27 67 
8 65 64 67 14 
9 40 70 68 69 
10 69 68 71 27 
11 6 63 92 93 
12 63 14 36 92 
13 92 36 19 94 
14 93 92 94 20 
15 14 67 95 96 
16 67 27 52 95 
17 95 52 35 97 
18 96 95 97 36 
19 27 71 98 99 
20 99 98 100 52 
21 68 112 110 111 
22 112 56 80 110 
23 110 80 43 113 
24 111 110 113 71 
25 80 116 114 115 
26 115 114 117 43 
27 71 113 133 134 
28 113 43 102 133 
29 133 102 76 135 
30 134 133 135 98 
31 43 117 136 137 
32 137 136 138 102 
33 114 141 139 140 
34 141 106 129 139 
35 139 129 83 142 
36 140 139 142 117 
37 129 149 147 148 
38 147 150 132 151 
39 148 147 151 83 
40 117 142 152 153 
41 142 83 144 152 
42 152 144 125 154 
43 153 152 154 136 
44 83 151 155 156 
45 151 132 157 155 
46 156 155 158 144 
47 12 161 159 160 
48 161 7 162 159 
49 159 162 13 25 
50 160 159 25 10 
51 25 165 163 164 
52 165 13 166 163 
53 163 166 26 41 
54 164 163 41 23 
55 41 169 167 168 
56 169 26 170 167 
57 167 170 42 57 
58 168 167 57 39 
59 39 173 171 172 
60 173 57 174 171 
61 171 174 55 81 
62 172 171 81 56 
63 81 177 175 176 
64 177 55 178 175 
65 175 178 82 107 
66 176 175 107 79 
67 79 181 179 180 
68 181 107 182 179 
69 179 182 105 130 
70 180 179 130 106 
71 106 185 183 184 
72 185 130 186 183 
73 184 183 149 129 
74 195 197 109 198 
75 150 195 198 132 
76 149 201 199 200 
77 201 128 202 199 
78 199 202 150 203 
79 200 199 203 147 
80 132 198 210 157 
81 198 109 211 210 
82 19 38 213 214 
83 38 21 215 213 
84 213 215 9 216 
85 214 213 216 22 
86 35 54 217 218 
87 54 37 219 217 
88 217 219 21 220 
89 218 217 220 38 
90 51 78 221 222 
91 78 53 223 221 
92 221 223 37 224 
93 222 221 224 54 
94 76 104 225 226 
95 104 75 227 225 
96 225 227 78 228 
97 226 225 228 51 
98 101 127 229 230 
99 127 103 231 229 
100 229 231 75 232 
101 230 229 232 104 
102 125 146 233 234 
103 146 124 235 233 
104 233 235 127 236 
105 234 233 236 101 
106 144 158 237 238 
107 237 239 146 240 
108 238 237 240 125 
109 155 243 241 242 
110 243 157 244 241 
111 241 244 143 245 
112 242 241 245 158 
113 130 247 246 186 
114 247 105 248 246 
115 249 251 195 252 
116 202 249 252 150 
117 186 255 253 254 
118 255 246 256 253 
119 253 256 196 250 
120 254 253 250 128 
121 128 259 257 258 
122 259 250 260 257 
123 257 260 249 261 
124 258 257 261 202 
125 262 263 124 264 
126 239 262 264 146 
127 157 266 265 244 
128 266 210 267 265 
129 143 268 269 270 
130 268 212 271 269 
131 269 271 262 272 
132 270 269 272 239 
133 244 275 273 274 
134 275 265 276 273 
135 273 276 268 277 
136 274 273 277 143 
137 278 280 194 281 
138 197 278 281 109 
139 283 131 284 282 
140 282 284 197 285 
141 251 282 285 195 
142 107 287 286 182 
143 287 82 288 286 
144 286 288 108 192 
145 182 286 192 105 
146 105 290 289 248 
147 290 192 291 289 
148 246 293 292 256 
149 293 248 294 292 
150 292 294 131 283 
151 256 292 283 196 
152 196 297 295 296 
153 297 283 298 295 
154 295 298 282 299 
155 296 295 299 251 
156 109 281 300 211 
157 281 194 301 300 
158 210 304 303 267 
159 304 211 305 303 
160 303 305 145 306 
161 124 209 307 235 
162 209 126 308 307 
163 307 308 103 309 
164 235 307 309 127 
165 310 311 209 312 
166 263 310 312 124 
167 212 306 313 271 
168 306 145 314 313 
169 313 314 263 315 
170 271 313 315 262 
171 267 318 316 317 
172 318 303 319 316 
173 316 319 306 320 
174 317 316 320 212 
175 131 322 321 284 
176 322 279 323 321 
177 321 323 278 324 
178 284 321 324 197 
179 211 326 325 305 
180 326 300 327 325 
181 325 327 302 328 
182 305 325 328 145 
183 192 334 333 291 
184 334 108 335 333 
185 289 339 337 338 
186 339 291 340 337 
187 337 340 191 341 
188 338 337 341 279 
189 345 347 126 348 
190 311 345 348 209 
191 302 351 349 350 
192 351 207 352 349 
193 349 352 311 353 
194 350 349 353 310 
195 354 355 59 356 
196 280 354 356 194 
197 291 358 357 340 
198 358 333 359 357 
199 357 359 336 360 
200 191 360 361 362 
201 360 336 363 361 
202 361 363 354 364 
203 362 361 364 280 
204 340 367 365 366 
205 367 357 368 365 
206 365 368 360 369 
207 366 365 369 191 
208 194 356 370 301 
209 356 59 371 370 
210 373 346 374 372 
211 372 374 345 375 
212 352 372 375 311 
213 301 378 376 377 
214 378 370 379 376 
215 376 379 346 373 
216 377 376 373 207 
217 207 382 380 381 
218 382 373 383 380 
219 380 383 372 384 
220 381 380 384 352 
221 57 386 385 174 
222 386 42 387 385 
223 385 387 58 89 
224 174 385 89 55 
225 55 389 388 178 
226 389 89 390 388 
227 388 390 88 188 
228 178 388 188 82 
229 82 392 391 288 
230 392 188 393 391 
231 391 393 187 330 
232 288 391 330 108 
233 108 395 394 335 
234 395 330 396 394 
235 333 399 398 359 
236 399 335 400 398 
237 359 398 401 336 
238 75 123 402 227 
239 123 77 403 402 
240 402 403 53 404 
241 227 402 404 78 
242 103 206 405 231 
243 206 121 406 405 
244 405 406 123 407 
245 231 405 407 75 
246 126 344 408 308 
247 344 204 409 408 
248 408 409 206 410 
249 308 408 410 103 
250 411 413 344 414 
251 347 411 414 126 
252 346 416 415 374 
253 415 417 347 418 
254 374 415 418 345 
255 419 420 332 421 
256 355 419 421 59 
257 335 423 422 400 
258 423 394 424 422 
259 336 401 426 363 
260 401 193 427 426 
261 426 427 355 428 
262 363 426 428 354 
263 398 431 429 430 
264 431 400 432 429 
265 429 432 193 433 
266 430 429 433 401 
267 59 421 434 371 
268 421 332 435 434 
269 370 437 436 379 
270 437 371 438 436 
271 436 438 208 416 
272 379 436 416 346 
273 439 441 411 442 
274 417 439 442 347 
275 416 445 443 444 
276 445 208 446 443 
277 443 446 417 447 
278 444 443 447 415 
279 88 453 452 189 
280 453 90 454 452 
281 452 454 5 455 
282 189 452 455 91 
283 187 457 456 331 
284 457 189 458 456 
285 456 458 91 459 
286 331 456 459 190 
287 330 461 460 396 
288 461 187 462 460 
289 460 462 331 463 
290 396 460 463 329 
291 394 465 464 424 
292 465 396 466 464 
293 464 466 329 467 
294 424 464 467 397 
295 193 425 468 427 
296 425 397 469 468 
297 468 469 419 470 
298 427 468 470 355 
299 422 473 471 472 
300 473 424 474 471 
301 471 474 397 475 
302 472 471 475 425 
303 371 477 476 438 
304 477 434 478 476 
305 476 478 412 440 
306 438 476 440 208 
307 91 455 482 205 
308 455 5 483 482 
309 482 483 122 484 
310 205 482 484 121 
311 190 459 485 343 
312 459 91 486 485 
313 485 486 205 487 
314 343 485 487 204 
315 342 489 488 413 
316 489 343 490 488 
317 488 490 204 491 
318 413 488 491 344 
319 412 493 492 441 
320 493 342 494 492 
321 492 494 413 495 
322 441 492 495 411 
323 440 498 496 497 
324 498 412 499 496 
325 496 499 441 500 
326 497 496 500 439 
327 454 510 508 509 
328 508 511 504 512 
329 509 508 512 5 
330 5 512 513 514 
331 512 504 515 513 
332 514 513 516 483 
333 7 518 517 162 
334 518 16 519 517 
335 517 519 15 32 
336 162 517 32 13 
337 13 521 520 166 
338 521 32 522 520 
339 520 522 31 48 
340 166 520 48 26 
341 26 524 523 170 
342 524 48 525 523 
343 523 525 47 85 
344 170 523 85 42 
345 42 527 526 387 
346 527 85 528 526 
347 526 528 84 449 
348 387 526 449 58 
349 58 531 529 530 
350 531 449 532 529 
351 529 532 448 502 
352 530 529 502 90 
353 90 535 533 534 
354 535 502 536 533 
355 533 536 501 510 
356 534 533 510 454 
357 538 17 539 537 
358 537 539 8 540 
359 448 554 553 503 
360 554 450 555 553 
361 553 555 87 556 
362 503 553 556 451 
363 501 558 557 511 
364 558 503 559 557 
365 557 559 451 560 
366 511 557 560 504 
367 510 563 561 562 
368 563 501 564 561 
369 561 564 511 565 
370 562 561 565 508 
371 540 8 567 566 
372 566 567 29 568 
373 451 556 578 506 
374 556 87 579 578 
375 578 579 480 580 
376 506 578 580 479 
377 504 560 581 515 
378 560 451 582 581 
379 581 582 506 583 
380 515 581 583 505 
381 21 46 584 215 
382 46 28 585 584 
383 584 585 30 586 
384 215 584 586 9 
385 37 74 587 219 
386 74 44 588 587 
387 587 588 46 589 
388 219 587 589 21 
389 53 120 590 223 
390 120 72 591 590 
391 590 591 74 592 
392 223 590 592 37 
393 77 481 593 403 
394 481 118 594 593 
395 593 594 120 595 
396 403 593 595 53 
397 122 507 596 597 
398 507 479 598 596 
399 596 598 481 599 
400 597 596 599 77 
401 483 516 600 601 
402 516 505 602 600 
403 600 602 507 603 
404 601 600 603 122 
405 513 606 604 605 
406 606 515 607 604 
407 604 607 505 608 
408 605 604 608 516 
409 555 618 616 617 
410 617 616 620 87 
411 87 620 621 622 
412 622 621 624 579 
413 85 626 625 528 
414 626 47 627 625 
415 625 627 86 550 
416 528 625 550 84 
417 84 630 628 629 
418 630 550 631 628 
419 628 631 549 610 
420 629 628 610 450 
421 450 634 632 633 
422 634 610 635 632 
423 632 635 609 618 
424 633 632 618 555 
425 641 551 642 640 
426 640 642 50 643 
427 618 650 648 649 
428 650 609 651 648 
429 649 648 652 616 
430 643 50 657 656 
431 656 657 576 658 
432 118 577 662 594 
433 577 119 663 662 
434 662 663 72 664 
435 594 662 664 120 
436 480 615 665 666 
437 615 575 667 665 
438 665 667 577 668 
439 666 665 668 118 
440 579 624 669 670 
441 624 613 671 669 
442 669 671 615 672 
443 670 669 672 480 
444 621 675 673 674 
445 673 676 613 677 
446 674 673 677 624 
447 610 679 678 635 
448 679 549 680 678 
449 678 680 611 645 
450 635 678 645 609 
451 609 682 681 651 
452 682 645 683 681 
453 616 652 685 686 
454 685 687 612 688 
455 686 685 688 620 
456 648 691 689 690 
457 691 651 692 689 
458 690 689 693 652 
459 620 688 694 695 
460 688 612 696 694 
461 695 694 675 621 
462 613 661 697 671 
463 661 614 698 697 
464 697 698 575 699 
465 671 697 699 615 
466 700 702 661 703 
467 676 700 703 613 
468 675 706 704 705 
469 704 707 676 708 
470 705 704 708 673 
471 709 710 647 711 
472 687 709 711 612 
473 651 713 712 692 
474 713 681 714 712 
475 652 693 716 717 
476 693 619 718 716 
477 716 718 687 719 
478 717 716 719 685 
479 689 722 720 721 
480 722 692 723 720 
481 720 723 619 724 
482 721 720 724 693 
483 612 711 725 696 
484 711 647 726 725 
485 694 729 727 728 
486 729 696 730 727 
487 727 730 623 706 
488 728 727 706 675 
489 731 733 700 734 
490 707 731 734 676 
491 706 737 735 736 
492 737 623 738 735 
493 735 738 707 739 
494 736 735 739 704 
495 619 715 740 718 
496 715 684 741 740 
497 740 741 709 742 
498 718 740 742 687 
499 692 744 743 723 
500 744 712 745 743 
501 743 745 715 746 
502 723 743 746 619 
503 696 748 747 730 
504 748 725 749 747 
505 747 749 701 732 
506 730 747 732 623 
507 623 751 750 738 
508 751 732 752 750 
509 750 752 731 753 
510 738 750 753 707 
511 755 640 756 754 
512 754 756 643 757 
513 645 759 758 683 
514 759 611 760 758 
515 681 763 762 714 
516 763 683 764 762 
517 762 764 644 765 
518 712 767 766 745 
519 767 714 768 766 
520 766 768 684 769 
521 745 766 769 715 
522 757 643 771 770 
523 770 771 656 772 
524 773 775 614 776 
525 702 773 776 661 
526 778 659 779 777 
527 777 779 702 780 
528 733 777 780 700 
529 732 782 781 752 
530 782 701 783 781 
531 781 783 733 784 
532 752 781 784 731 
533 785 786 552 787 
534 710 785 787 647 
535 684 765 788 741 
536 765 644 789 788 
537 788 789 710 790 
538 741 788 790 709 
539 714 792 791 768 
540 792 762 793 791 
541 791 793 765 794 
542 768 791 794 684 
543 647 787 795 726 
544 787 552 796 795 
545 725 798 797 749 
546 798 726 799 797 
547 797 799 659 778 
548 749 797 778 701 
549 701 801 800 783 
550 801 778 802 800 
551 800 802 777 803 
552 783 800 803 733 
553 804 806 785 807 
554 789 804 807 710 
555 683 809 808 764 
556 809 758 810 808 
557 808 810 761 805 
558 764 808 805 644 
559 644 813 811 812 
560 813 805 814 811 
561 811 814 804 815 
562 812 811 815 789 
563 726 817 816 799 
564 817 795 818 816 
565 659 819 820 779 
566 819 774 821 820 
567 820 821 773 822 
568 779 820 822 702 
569 799 825 823 824 
570 825 816 826 823 
571 823 826 819 827 
572 824 823 827 659 
573 646 829 828 786 
574 829 754 830 828 
575 828 830 757 831 
576 786 828 831 552 
577 761 833 832 806 
578 833 646 834 832 
579 832 834 786 835 
580 806 832 835 785 
581 805 837 836 814 
582 837 761 838 836 
583 836 838 806 839 
584 814 836 839 804 
585 552 831 840 796 
586 831 757 841 840 
587 840 841 770 842 
588 796 840 842 660 
589 795 844 843 818 
590 844 796 845 843 
591 843 845 660 846 
592 818 843 846 774 
593 816 848 847 826 
594 848 818 849 847 
595 847 849 774 850 
596 826 847 850 819 
597 855 871 869 870 
598 871 857 872 869 
599 638 876 874 875 
600 876 855 870 874 
601 875 874 877 548 
602 881 883 867 884 
603 882 881 884 866 
604 870 887 885 886 
605 887 869 888 885 
606 857 891 890 872 
607 891 862 892 890 
608 869 895 894 888 
609 895 872 896 894 
610 894 896 34 897 
611 888 894 897 873 
612 548 877 898 899 
613 898 882 866 900 
614 899 898 900 654 
615 858 889 901 902 
616 889 873 903 901 
617 901 903 881 904 
618 902 901 904 882 
619 885 907 905 906 
620 907 888 908 905 
621 905 908 873 909 
622 906 905 909 889 
623 872 914 913 896 
624 914 890 915 913 
625 913 915 893 916 
626 896 913 916 34 
627 33 918 917 543 
628 918 537 919 917 
629 917 919 540 920 
630 543 917 920 18 
631 922 543 923 921 
632 921 923 18 924 
633 862 930 929 892 
634 18 920 933 570 
635 920 540 934 933 
636 933 934 566 935 
637 570 933 935 45 
638 924 18 937 936 
639 936 937 570 938 
640 929 951 949 950 
641 951 931 952 949 
642 949 952 854 953 
643 950 949 953 932 
644 636 956 954 955 
645 956 638 875 954 
646 954 875 548 957 
647 551 959 958 642 
648 959 636 955 958 
649 958 955 639 960 
650 642 958 960 50 
651 957 548 899 961 
652 961 899 654 963 
653 962 961 963 653 
654 955 966 964 965 
655 966 954 967 964 
656 964 967 957 968 
657 965 964 968 639 
658 874 971 969 970 
659 971 870 886 969 
660 970 969 972 877 
661 877 972 973 974 
662 972 858 902 973 
663 973 902 882 975 
664 974 973 975 898 
665 969 978 976 977 
666 978 886 979 976 
667 976 979 858 980 
668 977 976 980 972 
669 890 982 981 915 
670 982 892 983 981 
671 981 983 865 984 
672 915 981 984 893 
673 892 986 985 983 
674 986 929 950 985 
675 985 950 932 987 
676 983 985 987 865 
677 931 992 991 952 
678 992 942 993 991 
679 991 993 945 994 
680 952 991 994 854 
681 996 921 997 995 
682 995 997 924 998 
683 942 1004 1003 993 
684 1004 944 1005 1003 
685 1003 1005 928 1006 
686 993 1003 1006 945 
687 32 1008 1007 522 
688 1008 15 1009 1007 
689 1007 1009 33 542 
690 522 1007 542 31 
691 31 1012 1010 1011 
692 1012 542 1013 1010 
693 1010 1013 541 852 
694 1011 1010 852 49 
695 852 1016 1014 1015 
696 1016 541 1017 1014 
697 1014 1017 853 926 
698 1015 1014 926 851 
699 926 1020 1018 1019 
700 1020 853 1021 1018 
701 1018 1021 927 1000 
702 1019 1018 1000 925 
703 925 1024 1022 1023 
704 1024 1000 1025 1022 
705 1022 1025 999 1026 
706 1023 1022 1026 944 
707 998 924 1028 1027 
708 1027 1028 936 1029 
709 1031 995 1032 1030 
710 1030 1032 998 1033 
711 542 1035 1034 1013 
712 1035 33 1036 1034 
713 1034 1036 543 922 
714 1013 1034 922 541 
715 541 1038 1037 1017 
716 1038 922 1039 1037 
717 1037 1039 921 996 
718 1017 1037 996 853 
719 853 1041 1040 1021 
720 1041 996 1042 1040 
721 1040 1042 995 1031 
722 1021 1040 1031 927 
723 927 1045 1043 1044 
724 1045 1031 1046 1043 
725 1043 1046 1030 1047 
726 1044 1043 1047 1001 
727 50 960 1048 657 
728 960 639 962 1048 
729 1048 962 653 1049 
730 657 1048 1049 576 
731 639 968 1050 1051 
732 968 957 1052 1050 
733 1050 1052 961 1053 
734 1051 1050 1053 962 
735 945 1006 1057 1058 
736 1006 928 1059 1057 
737 1057 1059 989 1060 
738 1058 1057 1060 988 
739 1033 998 1062 1061 
740 1061 1062 1027 1063 
741 44 571 1064 588 
742 571 45 1065 1064 
743 1064 1065 28 1066 
744 588 1064 1066 46 
745 569 938 1067 1068 
746 938 570 1069 1067 
747 1067 1069 45 1070 
748 1068 1067 1070 571 
749 860 1029 1071 1072 
750 1029 936 1073 1071 
751 1071 1073 938 1074 
752 1072 1071 1074 569 
753 940 1063 1075 1076 
754 1063 1027 1077 1075 
755 1075 1077 1029 1078 
756 1076 1075 1078 860 
757 1055 1081 1079 1080 
758 1081 1061 1082 1079 
759 1079 1082 1063 1083 
760 1080 1079 1083 940 
761 73 861 1084 1085 
762 861 569 1068 1084 
763 1084 1068 571 1086 
764 1085 1084 1086 44 
765 859 941 1087 1088 
766 941 860 1072 1087 
767 1087 1072 569 1089 
768 1088 1087 1089 861 
769 939 1056 1090 1091 
770 1056 940 1076 1090 
771 1090 1076 860 1092 
772 1091 1090 1092 941 
773 989 1095 1093 1094 
774 1095 1054 1096 1093 
775 1093 1096 1056 1097 
776 1094 1093 1097 939 
777 1 1100 1098 1099 
778 1100 12 160 1098 
779 1098 160 10 62 
780 1099 1098 62 11 
781 16 1102 1101 519 
782 1102 2 1103 1101 
783 1101 1103 17 538 
784 519 1101 538 15 
785 20 94 1104 1105 
786 94 19 214 1104 
787 1104 214 22 1106 
788 1105 1104 1106 4 
789 10 1109 1107 1108 
790 1109 25 164 1107 
791 1107 164 23 66 
792 1108 1107 66 24 
793 28 568 1110 585 
794 568 29 1111 1110 
795 1110 1111 3 1112 
796 585 1110 1112 30 
797 36 97 1113 1114 
798 97 35 218 1113 
799 1113 218 38 1115 
800 1114 1113 1115 19 
801 23 1118 1116 1117 
802 1118 41 168 1116 
803 1116 168 39 70 
804 1117 1116 70 40 
805 48 1120 1119 525 
806 1120 31 1011 1119 
807 1119 1011 49 546 
808 525 1119 546 47 
809 52 100 1121 1122 
810 100 51 222 1121 
811 1121 222 54 1123 
812 1122 1121 1123 35 
813 70 1126 1124 1125 
814 1126 39 172 1124 
815 1124 172 56 112 
816 1125 1124 112 68 
817 72 574 1127 591 
818 574 73 1085 1127 
819 1127 1085 44 1128 
820 591 1127 1128 74 
821 56 1131 1129 1130 
822 1131 81 176 1129 
823 1129 176 79 116 
824 1130 1129 116 80 
825 89 1133 1132 390 
826 1133 58 530 1132 
827 1132 530 90 453 
828 390 1132 453 88 
829 98 135 1134 1135 
830 135 76 226 1134 
831 1134 226 51 1136 
832 1135 1134 1136 100 
833 102 138 1137 1138 
834 138 101 230 1137 
835 1137 230 104 1139 
836 1138 1137 1139 76 
837 116 1142 1140 1141 
838 1142 79 180 1140 
839 1140 180 106 141 
840 1141 1140 141 114 
841 121 484 1143 406 
842 484 122 597 1143 
843 1143 597 77 1144 
844 406 1143 1144 123 
845 136 154 1145 1146 
846 154 125 234 1145 
847 1145 234 101 1147 
848 1146 1145 1147 138 
849 183 1150 1148 1149 
850 1150 186 254 1148 
851 1148 254 128 201 
852 1149 1148 201 149 
853 188 1152 1151 393 
854 1152 88 1153 1151 
855 1151 1153 189 457 
856 393 1151 457 187 
857 204 487 1154 409 
858 487 205 1155 1154 
859 1154 1155 121 1156 
860 409 1154 1156 206 
861 158 245 1157 1158 
862 245 143 270 1157 
863 1157 270 239 1159 
864 1158 1157 1159 237 
865 250 1161 1160 260 
866 1161 196 296 1160 
867 1160 296 251 1162 
868 260 1160 1162 249 
869 265 1164 1163 276 
870 1164 267 317 1163 
871 1163 317 212 1165 
872 276 1163 1165 268 
873 279 341 1166 323 
874 341 191 362 1166 
875 1166 362 280 1167 
876 323 1166 1167 278 
877 248 1169 1168 294 
878 1169 289 338 1168 
879 1168 338 279 322 
880 294 1168 322 131 
881 300 1171 1170 327 
882 1171 301 377 1170 
883 1170 377 207 351 
884 327 1170 351 302 
885 145 328 1172 314 
886 328 302 350 1172 
887 1172 350 310 1173 
888 314 1172 1173 263 
889 329 463 1174 420 
890 463 331 1175 1174 
891 1174 1175 190 1176 
892 420 1174 1176 332 
893 332 1176 1177 435 
894 1176 190 1178 1177 
895 1177 1178 343 489 
896 435 1177 489 342 
897 397 467 1179 469 
898 467 329 1180 1179 
899 1179 1180 420 1181 
900 469 1179 1181 419 
901 400 1183 1182 432 
902 1183 422 472 1182 
903 1182 472 425 1184 
904 432 1182 1184 193 
905 434 1186 1185 478 
906 1186 435 1187 1185 
907 1185 1187 342 493 
908 478 1185 493 412 
909 208 1189 1188 446 
910 1189 440 497 1188 
911 1188 497 439 1190 
912 446 1188 1190 417 
913 449 1192 1191 532 
914 1192 84 629 1191 
915 1191 629 450 554 
916 532 1191 554 448 
917 479 580 1193 598 
918 580 480 666 1193 
919 1193 666 118 1194 
920 598 1193 1194 481 
921 502 1196 1195 536 
922 1196 448 1197 1195 
923 1195 1197 503 558 
924 536 1195 558 501 
925 505 583 1198 602 
926 583 506 1199 1198 
927 1198 1199 479 1200 
928 602 1198 1200 507 
929 15 1202 1201 1009 
930 1202 538 1203 1201 
931 1201 1203 537 918 
932 1009 1201 918 33 
933 47 1205 1204 627 
934 1205 546 1206 1204 
935 1204 1206 545 637 
936 627 1204 637 86 
937 546 1208 1207 1206 
938 1208 49 1209 1207 
939 1207 1209 547 856 
940 1206 1207 856 545 
941 550 1211 1210 631 
942 1211 86 1212 1210 
943 1210 1212 551 641 
944 631 1210 641 549 
945 45 935 1213 1065 
946 935 566 1214 1213 
947 1213 1214 568 1215 
948 1065 1213 1215 28 
949 119 655 1216 663 
950 655 572 1217 1216 
951 1216 1217 574 1218 
952 663 1216 1218 72 
953 575 658 1219 667 
954 658 576 1220 1219 
955 1219 1220 119 1221 
956 667 1219 1221 577 
957 86 1223 1222 1212 
958 1223 637 1224 1222 
959 1222 1224 636 959 
960 1212 1222 959 551 
961 637 1226 1225 1224 
962 1226 545 1227 1225 
963 1225 1227 638 956 
964 1224 1225 956 636 
965 549 1229 1228 680 
966 1229 641 1230 1228 
967 1228 1230 640 755 
968 680 1228 755 611 
969 576 1049 1231 1220 
970 1049 653 1232 1231 
971 1231 1232 655 1233 
972 1220 1231 1233 119 
973 614 772 1234 698 
974 772 656 1235 1234 
975 1234 1235 658 1236 
976 698 1234 1236 575 
977 611 1238 1237 760 
978 1238 755 1239 1237 
979 1237 1239 754 829 
980 760 1237 829 646 
981 758 1241 1240 810 
982 1241 760 1242 1240 
983 1240 1242 646 833 
984 810 1240 833 761 
985 660 842 1243 775 
986 842 770 1244 1243 
987 1243 1244 772 1245 
988 775 1243 1245 614 
989 774 846 1246 821 
990 846 660 1247 1246 
991 1246 1247 775 1248 
992 821 1246 1248 773 
993 49 1250 1249 1209 
994 1250 852 1015 1249 
995 1249 1015 851 863 
996 1209 1249 863 547 
997 545 1252 1251 1227 
998 1252 856 1253 1251 
999 1251 1253 855 876 
1000 1227 1251 876 638 
1001 856 1255 1254 1253 
1002 1255 547 1256 1254 
1003 1254 1256 857 871 
1004 1253 1254 871 855 
1005 573 880 1257 1258 
1006 880 859 1088 1257 
1007 1257 1088 861 1259 
1008 1258 1257 1259 73 
1009 547 1261 1260 1256 
1010 1261 863 1262 1260 
1011 1260 1262 862 891 
1012 1256 1260 891 857 
1013 863 1264 1263 1262 
1014 1264 851 1265 1263 
1015 1263 1265 864 930 
1016 1262 1263 930 862 
1017 873 897 1266 903 
1018 897 34 1267 1266 
1019 1266 1267 883 1268 
1020 903 1266 1268 881 
1021 886 1270 1269 979 
1022 1270 885 906 1269 
1023 1269 906 889 1271 
1024 979 1269 1271 858 
1025 34 916 1272 1267 
1026 916 893 1273 1272 
1027 1272 1273 910 1274 
1028 1267 1272 1274 883 
1029 893 984 1275 1273 
1030 984 865 1276 1275 
1031 1275 1276 911 1277 
1032 1273 1275 1277 910 
1033 851 1279 1278 1265 
1034 1279 926 1019 1278 
1035 1278 1019 925 943 
1036 1265 1278 943 864 
1037 879 990 1280 1281 
1038 990 939 1091 1280 
1039 1280 1091 941 1282 
1040 1281 1280 1282 859 
1041 943 1285 1283 1284 
1042 1285 925 1023 1283 
1043 1283 1023 944 1004 
1044 1284 1283 1004 942 
1045 865 987 1286 1276 
1046 987 932 1287 1286 
1047 1286 1287 946 1288 
1048 1276 1286 1288 911 
1049 932 953 1289 1287 
1050 953 854 1290 1289 
1051 1289 1290 947 1291 
1052 1287 1289 1291 946 
1053 854 994 1292 1290 
1054 994 945 1058 1292 
1055 1292 1058 988 1293 
1056 1290 1292 1293 947 
1057 988 1060 1294 1295 
1058 1060 989 1094 1294 
1059 1294 1094 939 1296 
1060 1295 1294 1296 990 
1061 947 1293 1297 1298 
1062 1293 988 1295 1297 
1063 1297 1295 990 1299 
1064 1298 1297 1299 879 
1065 1000 1301 1300 1025 
1066 1301 927 1044 1300 
1067 1300 1044 1001 1302 
1068 1025 1300 1302 999 
1069 944 1026 1303 1005 
1070 1026 999 1304 1303 
1071 1303 1304 1002 1305 
1072 1005 1303 1305 928 
1073 928 1305 1306 1059 
1074 1305 1002 1307 1306 
1075 1306 1307 1054 1095 
1076 1059 1306 1095 989 
1077 1054 1309 1308 1096 
1078 1309 1055 1080 1308 
1079 1308 1080 940 1310 
1080 1096 1308 1310 1056 
1081 572 868 1311 1217 
1082 868 573 1258 1311 
1083 1311 1258 73 1312 
1084 1217 1311 1312 574 
1085 653 963 1313 1232 
1086 963 654 1314 1313 
1087 1313 1314 572 1315 
1088 1232 1313 1315 655 
1089 654 900 1316 1314 
1090 900 866 1317 1316 
1091 1316 1317 868 1318 
1092 1314 1316 1318 572 
1093 878 948 1319 1320 
1094 948 879 1281 1319 
1095 1319 1281 859 1321 
1096 1320 1319 1321 880 
1097 867 912 1322 1323 
1098 912 878 1320 1322 
1099 1322 1320 880 1324 
1100 1323 1322 1324 573 
1101 864 1327 1325 1326 
1102 1327 943 1284 1325 
1103 1325 1284 942 992 
1104 1326 1325 992 931 
1105 946 1291 1328 1329 
1106 1291 947 1298 1328 
1107 1328 1298 879 1330 
1108 1329 1328 1330 948 
1109 911 1288 1331 1332 
1110 1288 946 1329 1331 
1111 1331 1329 948 1333 
1112 1332 1331 1333 878 
1113 999 1302 1334 1304 
1114 1302 1001 1335 1334 
1115 1334 1335 544 1336 
1116 1304 1334 1336 1002 
1117 1001 1047 1337 1335 
1118 1047 1030 1338 1337 
1119 1337 1338 1033 1339 
1120 1335 1337 1339 544 
1121 1002 1336 1340 1307 
1122 1336 544 1341 1340 
1123 1340 1341 1055 1309 
1124 1307 1340 1309 1054 
1125 544 1339 1342 1341 
1126 1339 1033 1343 1342 
1127 1342 1343 1061 1081 
1128 1341 1342 1081 1055 
1129 866 884 1344 1317 
1130 884 867 1323 1344 
1131 1344 1323 573 1345 
1132 1317 1344 1345 868 
1133 910 1277 1346 1347 
1134 1277 911 1332 1346 
1135 1346 1332 878 1348 
1136 1347 1346 1348 912 
1137 883 1274 1349 1350 
1138 1274 910 1347 1349 
1139 1349 1347 912 1351 
1140 1350 1349 1351 867 
1141 930 1354 1352 1353 
1142 1354 864 1326 1352 
1143 1352 1326 931 951 
1144 1353 1352 951 929 
