2 0.000000 100.000000 262.180540
1349 1132 
1 -11.368037 0.000000 -11.572610 99.756196 -6.978196 0.000206 0.000001 
2 13.641644 0.000000 -11.572610 99.754759 -6.998516 -0.001880 0.000001 
3 13.641644 0.000000 11.572610 99.757858 -6.955108 -0.001571 -0.000000 
4 -11.368037 0.000000 11.572610 99.756607 -6.973241 0.000218 -0.000001 
5 1.136804 0.000000 0.000000 101.931685 -6.580155 0.010950 -0.043337 
6 -11.368037 0.000000 0.000000 99.756378 -6.975720 0.000320 0.000000 
7 1.136804 0.000000 -11.572610 99.755486 -6.987565 -0.000033 0.000002 
8 13.641644 0.000000 0.000000 99.775841 -6.696940 -0.302621 -0.000016 
9 1.136804 0.000000 11.572610 99.757328 -6.964926 -0.000051 -0.000003 
10 -5.115617 0.000000 -5.786305 99.755917 -6.980454 0.000354 0.000003 
11 -11.368037 0.000000 -5.786305 99.756252 -6.977297 0.000274 0.000001 
12 -5.115617 0.000000 -11.572610 99.755964 -6.981065 0.000204 0.000001 
13 1.136804 0.000000 -5.786305 99.754659 -6.998395 -0.000136 0.000003 
14 -5.115617 0.000000 0.000000 99.756136 -6.976031 0.000674 0.000005 
15 7.389224 0.000000 -5.786305 99.752877 -7.023036 -0.004105 0.000004 
16 7.389224 0.000000 -11.572610 99.754973 -6.994930 -0.000823 0.000002 
17 13.641644 0.000000 -5.786305 99.752761 -7.026855 -0.008616 0.000001 
18 7.389224 0.000000 0.000000 99.852033 -5.603575 -0.157192 -0.000185 
19 -5.115617 0.000000 5.786305 99.756804 -6.971452 0.000506 -0.000002 
20 -11.368037 0.000000 5.786305 99.756527 -6.974146 0.000292 -0.000000 
21 1.136804 0.000000 5.786305 99.758559 -6.957488 -0.000300 -0.000018 
22 -5.115617 0.000000 11.572610 99.756853 -6.970639 0.000233 -0.000002 
23 -1.989406 0.000000 -2.893153 99.755751 -6.980510 -0.000948 0.000006 
24 -5.115617 0.000000 -2.893153 99.755932 -6.978801 0.000489 0.000005 
25 -1.989406 0.000000 -5.786305 99.755480 -6.985768 0.000232 0.000004 
26 1.136804 0.000000 -2.893153 99.755984 -7.018487 -0.000087 -0.000052 
27 -1.989406 0.000000 0.000000 99.752780 -6.977895 0.001543 0.000069 
28 7.389224 0.000000 5.786305 99.759102 -6.937585 -0.003066 -0.000001 
29 13.641644 0.000000 5.786305 99.759325 -6.933738 -0.005981 0.000000 
30 7.389224 0.000000 11.572610 99.757683 -6.958422 -0.000743 -0.000001 
31 4.263014 0.000000 -2.893153 99.746756 -7.076609 -0.009470 0.000051 
32 4.263014 0.000000 -5.786305 99.753358 -7.014577 -0.001729 0.000006 
33 7.389224 0.000000 -2.893153 99.748300 -7.086854 -0.019762 0.000005 
34 4.263014 0.000000 0.000000 99.905310 -4.798401 -3.918158 -0.001945 
35 -1.989406 0.000000 2.893153 99.756148 -6.961936 0.001214 0.000024 
36 -5.115617 0.000000 2.893153 99.756543 -6.973208 0.000684 0.000001 
37 1.136804 0.000000 2.893153 99.764470 -6.952112 -0.001521 -0.000128 
38 -1.989406 0.000000 5.786305 99.757419 -6.967193 0.000586 -0.000008 
39 -0.426301 0.000000 -1.446576 99.745029 -6.993830 -0.012668 0.000202 
40 -1.989406 0.000000 -1.446576 99.752936 -6.983127 0.001540 0.000059 
41 -0.426301 0.000000 -2.893153 99.752541 -6.995072 -0.000318 0.000050 
42 1.136804 0.000000 -1.446576 99.735916 -7.056317 -0.003225 0.000296 
43 -0.426301 0.000000 0.000000 99.955020 -7.092750 0.015923 -0.004131 
44 4.263014 0.000000 2.893153 99.761758 -6.908586 -0.008002 -0.000014 
45 7.389224 0.000000 2.893153 99.761445 -6.901851 -0.010227 0.000002 
46 4.263014 0.000000 5.786305 99.758856 -6.944823 -0.001735 -0.000006 
47 2.699909 0.000000 -1.446576 99.732404 -7.190883 -0.010185 0.000174 
48 2.699909 0.000000 -2.893153 99.747204 -7.056545 -0.002783 0.000070 
49 4.263014 0.000000 -1.446576 99.734434 -7.229218 -0.046626 0.000078 
50 2.699909 0.000000 0.000000 99.989618 -6.118477 1.143467 -0.003667 
51 -0.426301 0.000000 1.446576 99.750454 -6.973188 0.015497 0.000122 
52 -1.989406 0.000000 1.446576 99.755249 -6.970650 0.003569 0.000030 
53 1.136804 0.000000 1.446576 99.763817 -6.971707 -0.002479 -0.000142 
54 -0.426301 0.000000 2.893153 99.757967 -6.966376 0.002980 -0.000018 
55 0.355251 0.000000 -0.723288 99.797384 -7.090242 -0.130043 -0.000981 
56 -0.426301 0.000000 -0.723288 99.708868 -7.030357 0.010579 0.000872 
57 0.355251 0.000000 -1.446576 99.763250 -7.021889 -0.016688 -0.000201 
58 1.136804 0.000000 -0.723288 99.780579 -7.154167 0.016810 -0.000735 
59 0.355251 0.000000 0.000000 67.459938 -0.029195 0.001390 0.544916 
60 -8.241827 0.000000 -2.893153 99.756213 -6.977204 0.000388 0.000002 
61 -11.368037 0.000000 -2.893153 99.756307 -6.976568 0.000303 0.000001 
62 -8.241827 0.000000 -5.786305 99.756145 -6.978301 0.000325 0.000001 
63 -8.241827 0.000000 0.000000 99.756333 -6.975790 0.000434 0.000001 
64 -3.552511 0.000000 -1.446576 99.755547 -6.978820 0.000687 0.000013 
65 -5.115617 0.000000 -1.446576 99.755997 -6.977515 0.000585 0.000006 
66 -3.552511 0.000000 -2.893153 99.755571 -6.980673 0.000462 0.000010 
67 -3.552511 0.000000 0.000000 99.755759 -6.976457 0.000940 0.000012 
68 -1.207854 0.000000 -0.723288 99.748436 -6.981917 0.004862 0.000150 
69 -1.989406 0.000000 -0.723288 99.754825 -6.981463 -0.005858 0.000023 
70 -1.207854 0.000000 -1.446576 99.749924 -6.986363 -0.001870 0.000114 
71 -1.207854 0.000000 0.000000 99.749220 -6.980817 0.002512 0.000136 
72 2.699909 0.000000 1.446576 99.756821 -6.902300 -0.025475 0.000093 
73 4.263014 0.000000 1.446576 99.762760 -6.864259 -0.018716 0.000027 
74 2.699909 0.000000 2.893153 99.760113 -6.929369 -0.005550 -0.000010 
75 0.355251 0.000000 0.723288 99.837486 -7.070493 0.133382 -0.001753 
76 -0.426301 0.000000 0.723288 99.724747 -7.000117 0.008613 0.000597 
77 1.136804 0.000000 0.723288 99.841511 -7.082992 -0.023420 -0.001850 
78 0.355251 0.000000 1.446576 99.775496 -6.980163 0.019200 -0.000387 
79 -0.035525 0.000000 -0.361644 99.140299 -7.192612 0.051417 0.011946 
80 -0.426301 0.000000 -0.361644 99.774854 -7.022937 0.055331 -0.000435 
81 -0.035525 0.000000 -0.723288 99.655871 -7.032572 -0.071203 0.001925 
82 0.355251 0.000000 -0.361644 100.483884 -7.464939 -0.639791 -0.015315 
83 -0.035525 0.000000 0.000000 164.767562 -7.431370 -0.016620 -1.720357 
84 1.918356 0.000000 -0.723288 99.708020 -7.344625 0.046512 0.000437 
85 1.918356 0.000000 -1.446576 99.745375 -7.120309 0.012102 0.000016 
86 2.699909 0.000000 -0.723288 99.671999 -7.577986 -0.088488 0.000806 
87 1.918356 0.000000 0.000000 101.829116 -8.566048 -0.561370 -0.044286 
88 0.746027 0.000000 -0.361644 99.732642 -7.556091 0.095453 -0.000370 
89 0.746027 0.000000 -0.723288 99.751467 -7.116189 0.023512 -0.000100 
90 1.136804 0.000000 -0.361644 99.842659 -7.617256 -0.051418 -0.002658 
91 0.746027 0.000000 0.000000 102.148165 -6.534115 0.004689 -0.047694 
92 -8.241827 0.000000 2.893153 99.756483 -6.974373 0.000431 0.000000 
93 -11.368037 0.000000 2.893153 99.756457 -6.974873 0.000316 0.000000 
94 -8.241827 0.000000 5.786305 99.756607 -6.973269 0.000376 -0.000001 
95 -3.552511 0.000000 1.446576 99.756190 -6.974006 0.001061 0.000007 
96 -5.115617 0.000000 1.446576 99.756336 -6.974532 0.000714 0.000003 
97 -3.552511 0.000000 2.893153 99.756633 -6.971960 0.000957 0.000001 
98 -1.207854 0.000000 0.723288 99.751515 -6.976571 0.002872 0.000096 
99 -1.989406 0.000000 0.723288 99.755696 -6.977135 0.009036 0.000012 
100 -1.207854 0.000000 1.446576 99.752765 -6.972877 0.004982 0.000076 
101 -0.035525 0.000000 0.361644 99.126391 -7.203159 -0.048853 0.012207 
102 -0.426301 0.000000 0.361644 99.751788 -7.023410 -0.081944 0.000025 
103 0.355251 0.000000 0.361644 100.529438 -7.444272 0.642489 -0.016200 
104 -0.035525 0.000000 0.723288 99.687610 -7.029352 0.087771 0.001296 
105 0.159863 0.000000 -0.180822 98.346158 -8.520473 -4.966164 0.023077 
106 -0.035525 0.000000 -0.180822 97.584301 -7.285353 2.909292 0.041576 
107 0.159863 0.000000 -0.361644 99.318240 -7.288650 -0.880462 0.008199 
108 0.355251 0.000000 -0.180822 101.894687 -8.997965 -1.489166 -0.046571 
109 0.159863 0.000000 0.000000 114.958314 0.029425 0.037142 -0.321542 
110 -0.817078 0.000000 -0.361644 99.749984 -7.005619 0.011747 0.000086 
111 -1.207854 0.000000 -0.361644 99.747954 -6.982522 0.002070 0.000159 
112 -0.817078 0.000000 -0.723288 99.741271 -6.985869 0.003660 0.000288 
113 -0.817078 0.000000 0.000000 99.760365 -7.004469 0.008252 -0.000119 
114 -0.230913 0.000000 -0.180822 100.311232 -7.130769 0.381808 -0.011334 
115 -0.426301 0.000000 -0.180822 99.883414 -7.090976 0.072890 -0.002698 
116 -0.230913 0.000000 -0.361644 99.572019 -7.061585 0.287559 0.003546 
117 -0.230913 0.000000 0.000000 101.153671 -7.199336 -0.024996 -0.028390 
118 1.918356 0.000000 0.723288 99.815914 -7.038010 -0.139671 -0.001277 
119 2.699909 0.000000 0.723288 99.742171 -6.894504 -0.038170 0.000396 
120 1.918356 0.000000 1.446576 99.769884 -6.944229 -0.032759 -0.000225 
121 0.746027 0.000000 0.361644 99.770289 -7.536877 -0.101147 -0.001093 
122 1.136804 0.000000 0.361644 99.922207 -7.571572 0.088180 -0.004178 
123 0.746027 0.000000 0.723288 99.808330 -7.076966 -0.027869 -0.001179 
124 0.159863 0.000000 0.180822 98.371454 -8.470780 4.974399 0.022656 
125 -0.035525 0.000000 0.180822 97.595616 -7.307148 -2.898570 0.041330 
126 0.355251 0.000000 0.180822 101.875091 -8.988457 1.516152 -0.046163 
127 0.159863 0.000000 0.361644 99.341276 -7.289210 0.898375 0.007737 
128 0.062169 0.000000 -0.090411 86.145027 -10.549480 -8.426366 0.239674 
129 -0.035525 0.000000 -0.090411 103.643296 -7.720664 18.321829 -0.113723 
130 0.062169 0.000000 -0.180822 95.946538 -7.882772 -1.874904 0.072861 
131 0.159863 0.000000 -0.090411 99.352282 -12.640583 -13.408566 -0.021045 
132 0.062169 0.000000 0.000000 194.150912 -0.767350 -0.006665 -2.769517 
133 -0.817078 0.000000 0.361644 99.753614 -6.988609 0.003181 0.000038 
134 -1.207854 0.000000 0.361644 99.749101 -6.978795 0.002750 0.000141 
135 -0.817078 0.000000 0.723288 99.745749 -6.980140 0.003341 0.000206 
136 -0.230913 0.000000 0.180822 100.289414 -7.134110 -0.412980 -0.010903 
137 -0.426301 0.000000 0.180822 99.868230 -7.021677 -0.075806 -0.002297 
138 -0.230913 0.000000 0.361644 99.573010 -7.042375 -0.283422 0.003554 
139 -0.133219 0.000000 -0.090411 103.294313 -7.324912 2.483854 -0.072954 
140 -0.230913 0.000000 -0.090411 100.808470 -7.181520 0.434307 -0.021411 
141 -0.133219 0.000000 -0.180822 100.056973 -7.385431 1.851646 -0.006937 
142 -0.133219 0.000000 0.000000 106.282608 -7.249941 -0.007558 -0.134855 
143 0.062169 0.000000 0.090411 86.036747 -10.536736 8.425612 0.241566 
144 -0.035525 0.000000 0.090411 103.638159 -7.742646 -18.329550 -0.113679 
145 0.159863 0.000000 0.090411 99.366499 -12.563267 13.412092 -0.021142 
146 0.062169 0.000000 0.180822 95.983208 -7.879548 1.904928 0.072151 
147 0.013322 0.000000 -0.045206 74.213291 -11.585983 -14.589798 0.414529 
148 -0.035525 0.000000 -0.045206 143.710011 -7.677902 28.604063 -1.152971 
149 0.013322 0.000000 -0.090411 76.182146 -9.109614 5.563165 0.408235 
150 0.062169 0.000000 -0.045206 190.892555 -0.631425 -19.010252 -2.680176 
151 0.013322 0.000000 0.000000 243.710271 -3.659470 0.010585 -4.940809 
152 -0.133219 0.000000 0.090411 103.306235 -7.355102 -2.472748 -0.073239 
153 -0.230913 0.000000 0.090411 100.794786 -7.188272 -0.478158 -0.021149 
154 -0.133219 0.000000 0.180822 100.024075 -7.330841 -1.856381 -0.006200 
155 0.013322 0.000000 0.045206 74.138467 -11.858464 14.576593 0.415039 
156 -0.035525 0.000000 0.045206 143.705085 -7.700416 -28.626246 -1.152991 
157 0.062169 0.000000 0.045206 190.897123 -0.655349 19.011802 -2.680359 
158 0.013322 0.000000 0.090411 76.193538 -9.158122 -5.584154 0.407949 
159 -1.989406 0.000000 -8.679458 99.755643 -6.984928 0.000192 0.000002 
160 -5.115617 0.000000 -8.679458 99.755936 -6.981051 0.000268 0.000002 
161 -1.989406 0.000000 -11.572610 99.755759 -6.983809 0.000138 0.000001 
162 1.136804 0.000000 -8.679458 99.755186 -6.991296 -0.000061 0.000002 
163 -0.426301 0.000000 -4.339729 99.754976 -6.992895 -0.000074 0.000004 
164 -1.989406 0.000000 -4.339729 99.755310 -6.985647 0.000200 0.000008 
165 -0.426301 0.000000 -5.786305 99.755168 -6.990971 0.000068 0.000003 
166 1.136804 0.000000 -4.339729 99.752882 -7.011395 0.000114 0.000020 
167 0.355251 0.000000 -2.169864 99.764599 -7.013183 -0.007623 -0.000216 
168 -0.426301 0.000000 -2.169864 99.753192 -6.995112 -0.005238 0.000037 
169 0.355251 0.000000 -2.893153 99.756258 -7.004290 -0.001991 -0.000037 
170 1.136804 0.000000 -2.169864 99.772269 -7.030731 -0.002855 -0.000394 
171 -0.035525 0.000000 -1.084932 99.733457 -7.026365 -0.036178 0.000387 
172 -0.426301 0.000000 -1.084932 99.741601 -7.001484 -0.020660 0.000259 
173 -0.035525 0.000000 -1.446576 99.732672 -7.005076 -0.008062 0.000432 
174 0.355251 0.000000 -1.084932 99.767486 -7.046028 -0.043322 -0.000320 
175 0.159863 0.000000 -0.542466 99.626850 -7.164494 -0.292585 0.002308 
176 -0.035525 0.000000 -0.542466 99.577426 -7.095683 -0.101072 0.003398 
177 0.159863 0.000000 -0.723288 99.707087 -7.057026 -0.140768 0.000868 
178 0.355251 0.000000 -0.542466 99.856144 -7.195296 -0.242638 -0.002308 
179 0.062169 0.000000 -0.271233 97.658058 -7.411246 -0.833320 0.040728 
180 -0.035525 0.000000 -0.271233 98.217689 -7.285003 0.740222 0.029967 
181 0.062169 0.000000 -0.361644 98.940503 -7.242525 -0.419155 0.015815 
182 0.159863 0.000000 -0.271233 98.852681 -7.566933 -2.150654 0.016626 
183 0.013322 0.000000 -0.135617 92.858626 -8.024181 2.442403 0.130692 
184 -0.035525 0.000000 -0.135617 98.414436 -7.459510 6.211124 0.022038 
185 0.013322 0.000000 -0.180822 95.924089 -7.533207 0.928017 0.074096 
186 0.062169 0.000000 -0.135617 93.690892 -8.548538 -3.688260 0.113534 
187 0.550639 0.000000 -0.180822 101.576815 -7.993452 0.001099 -0.038174 
188 0.550639 0.000000 -0.361644 100.061210 -7.507779 0.163332 -0.006864 
189 0.746027 0.000000 -0.180822 102.222492 -7.985494 0.006762 -0.051321 
190 0.550639 0.000000 0.000000 101.583981 -6.522744 0.003444 -0.036185 
191 0.257557 0.000000 -0.090411 102.787790 -12.581944 -10.275732 -0.082923 
192 0.257557 0.000000 -0.180822 100.713158 -8.805425 -3.834320 -0.023538 
193 0.355251 0.000000 -0.090411 105.376309 -12.581616 -4.443983 -0.128221 
194 0.257557 0.000000 0.000000 81.342092 -0.055735 0.014017 0.338346 
195 0.111016 0.000000 -0.045206 143.174303 -0.237422 -13.361238 -1.067746 
196 0.111016 0.000000 -0.090411 92.646694 -12.417459 -15.415543 0.102476 
197 0.159863 0.000000 -0.045206 113.819353 -0.033882 -8.255990 -0.302301 
198 0.111016 0.000000 0.000000 146.305123 -0.246691 -0.009216 -1.140525 
199 0.037745 0.000000 -0.067808 74.997620 -11.655403 -14.681576 0.402396 
200 0.013322 0.000000 -0.067808 74.169087 -11.369152 -14.437272 0.416125 
201 0.037745 0.000000 -0.090411 83.215330 -9.867919 -5.233911 0.295044 
202 0.062169 0.000000 -0.067808 79.858940 -11.988209 -15.400321 0.324166 
203 0.037745 0.000000 -0.045206 74.651924 -11.698950 -14.676115 0.407484 
204 0.550639 0.000000 0.180822 101.590252 -7.985310 0.005234 -0.038434 
205 0.746027 0.000000 0.180822 102.231969 -7.983698 0.001849 -0.051511 
206 0.550639 0.000000 0.361644 100.101009 -7.519141 -0.161881 -0.007678 
207 0.257557 0.000000 0.090411 102.771004 -12.585484 10.274691 -0.082584 
208 0.355251 0.000000 0.090411 105.476024 -12.596229 4.447301 -0.130364 
209 0.257557 0.000000 0.180822 100.703371 -8.779851 3.842085 -0.023302 
210 0.111016 0.000000 0.045206 143.166362 -0.231138 13.338382 -1.067457 
211 0.159863 0.000000 0.045206 113.825100 -0.007912 8.308291 -0.302518 
212 0.111016 0.000000 0.090411 92.573821 -12.468900 15.405353 0.103729 
213 -1.989406 0.000000 8.679458 99.757231 -6.967428 0.000269 -0.000005 
214 -5.115617 0.000000 8.679458 99.756868 -6.970748 0.000339 -0.000002 
215 1.136804 0.000000 8.679458 99.757688 -6.962095 -0.000105 -0.000007 
216 -1.989406 0.000000 11.572610 99.757076 -6.968209 0.000155 -0.000003 
217 -0.426301 0.000000 4.339729 99.758589 -6.962688 0.000813 -0.000026 
218 -1.989406 0.000000 4.339729 99.757415 -6.967819 0.000970 -0.000009 
219 1.136804 0.000000 4.339729 99.761432 -6.947150 -0.000193 -0.000061 
220 -0.426301 0.000000 5.786305 99.758018 -6.963156 0.000324 -0.000015 
221 0.355251 0.000000 2.169864 99.765712 -6.964286 0.007922 -0.000170 
222 -0.426301 0.000000 2.169864 99.758213 -6.967672 0.007321 -0.000025 
223 1.136804 0.000000 2.169864 99.784535 -6.955496 -0.000074 -0.000533 
224 0.355251 0.000000 2.893153 99.762590 -6.959881 0.002453 -0.000101 
225 -0.035525 0.000000 1.084932 99.751781 -6.990932 0.045165 0.000071 
226 -0.426301 0.000000 1.084932 99.748546 -6.983968 0.025524 0.000145 
227 0.355251 0.000000 1.084932 99.793115 -6.998262 0.048066 -0.000764 
228 -0.035525 0.000000 1.446576 99.744220 -6.975839 0.013288 0.000243 
229 0.159863 0.000000 0.542466 99.644629 -7.143643 0.305772 0.001982 
230 -0.035525 0.000000 0.542466 99.540992 -7.045128 0.104058 0.004195 
231 0.355251 0.000000 0.542466 99.894167 -7.180119 0.249044 -0.003046 
232 0.159863 0.000000 0.723288 99.746343 -7.052027 0.151086 0.000091 
233 0.062169 0.000000 0.271233 97.608236 -7.421224 0.855107 0.041683 
234 -0.035525 0.000000 0.271233 98.182764 -7.274727 -0.733120 0.030669 
235 0.159863 0.000000 0.271233 98.842378 -7.605147 2.170938 0.016763 
236 0.062169 0.000000 0.361644 98.929686 -7.241069 0.436288 0.016029 
237 0.013322 0.000000 0.135617 92.811761 -8.015687 -2.439087 0.131578 
238 -0.035525 0.000000 0.135617 98.397754 -7.472840 -6.209008 0.022349 
239 0.062169 0.000000 0.135617 93.655865 -8.589989 3.689704 0.114118 
240 0.013322 0.000000 0.180822 95.952615 -7.559091 -0.909108 0.073513 
241 0.037745 0.000000 0.067808 74.966870 -11.851401 14.680465 0.402400 
242 0.013322 0.000000 0.067808 74.107872 -11.645486 14.430304 0.416417 
243 0.037745 0.000000 0.045206 74.620396 -11.884880 14.674272 0.407521 
244 0.062169 0.000000 0.067808 79.823266 -12.154611 15.395325 0.324350 
245 0.037745 0.000000 0.090411 83.128435 -9.837351 5.240152 0.296543 
246 0.111016 0.000000 -0.135617 96.601307 -9.123676 -6.493121 0.054279 
247 0.111016 0.000000 -0.180822 97.145567 -8.214404 -3.817762 0.048069 
248 0.159863 0.000000 -0.135617 98.710778 -9.740564 -7.516786 0.010480 
249 0.086592 0.000000 -0.067808 91.999144 -12.429141 -15.322657 0.114689 
250 0.086592 0.000000 -0.090411 92.421474 -12.547948 -15.460382 0.106180 
251 0.111016 0.000000 -0.067808 92.661928 -12.393083 -15.398683 0.102306 
252 0.086592 0.000000 -0.045206 165.119721 -0.328729 -17.017912 -1.755424 
253 0.086592 0.000000 -0.113014 93.482251 -9.618582 -8.155910 0.110203 
254 0.062169 0.000000 -0.113014 90.773639 -9.216758 -5.716373 0.164252 
255 0.086592 0.000000 -0.135617 95.091633 -8.792813 -5.461160 0.085044 
256 0.111016 0.000000 -0.113014 95.987173 -10.028390 -9.039106 0.060419 
257 0.074381 0.000000 -0.079110 89.071474 -12.408461 -15.261571 0.167939 
258 0.062169 0.000000 -0.079110 80.799869 -12.088508 -15.405960 0.308791 
259 0.074381 0.000000 -0.090411 86.959549 -10.872623 -12.139438 0.217246 
260 0.086592 0.000000 -0.079110 92.127310 -12.453363 -15.357111 0.112163 
261 0.074381 0.000000 -0.067808 87.077938 -12.331239 -15.301851 0.203123 
262 0.111016 0.000000 0.135617 96.562464 -9.069848 6.536229 0.055071 
263 0.159863 0.000000 0.135617 98.682325 -9.714156 7.545513 0.011050 
264 0.111016 0.000000 0.180822 97.176132 -8.191215 3.834634 0.047500 
265 0.086592 0.000000 0.067808 91.951913 -12.331458 15.315218 0.115822 
266 0.086592 0.000000 0.045206 165.109553 -0.322475 16.990715 -1.754995 
267 0.111016 0.000000 0.067808 92.591907 -12.423744 15.389039 0.103557 
268 0.086592 0.000000 0.090411 92.381830 -12.428889 15.452833 0.107233 
269 0.086592 0.000000 0.113014 93.436751 -9.647093 8.177481 0.110964 
270 0.062169 0.000000 0.113014 90.722810 -9.257147 5.716176 0.165100 
271 0.111016 0.000000 0.113014 95.954043 -9.982073 9.076781 0.061079 
272 0.086592 0.000000 0.135617 95.068113 -8.800427 5.487068 0.085450 
273 0.074381 0.000000 0.079110 89.024238 -12.366749 15.253081 0.168909 
274 0.062169 0.000000 0.079110 80.762722 -12.234321 15.399789 0.309055 
275 0.074381 0.000000 0.067808 87.032825 -12.335047 15.293840 0.203923 
276 0.086592 0.000000 0.079110 92.078629 -12.361537 15.349374 0.113312 
277 0.074381 0.000000 0.090411 86.882175 -10.903512 12.145390 0.218509 
278 0.208710 0.000000 -0.045206 93.635292 -0.076772 -5.170347 0.120569 
279 0.208710 0.000000 -0.090411 100.549089 -12.685512 -12.723268 -0.043292 
280 0.257557 0.000000 -0.045206 80.504138 -0.046681 -3.966568 0.350335 
281 0.208710 0.000000 0.000000 94.756946 0.025895 0.026172 0.102112 
282 0.135439 0.000000 -0.067808 93.255057 -12.539937 -15.592684 0.090311 
283 0.135439 0.000000 -0.090411 94.424290 -12.567190 -15.189870 0.069539 
284 0.159863 0.000000 -0.067808 112.430341 -0.084549 -12.314700 -0.279224 
285 0.135439 0.000000 -0.045206 126.939748 -0.090640 -10.480187 -0.622354 
286 0.257557 0.000000 -0.271233 100.216808 -7.780915 -1.819854 -0.010726 
287 0.257557 0.000000 -0.361644 100.126180 -7.399778 -0.995826 -0.008100 
288 0.355251 0.000000 -0.271233 100.728923 -7.923959 -0.761965 -0.020969 
289 0.208710 0.000000 -0.135617 100.259822 -10.094694 -7.344108 -0.020787 
290 0.208710 0.000000 -0.180822 99.428404 -8.612845 -4.908272 0.001572 
291 0.257557 0.000000 -0.135617 101.333726 -10.157589 -6.365112 -0.041222 
292 0.135439 0.000000 -0.113014 97.220169 -10.410910 -9.328911 0.035282 
293 0.135439 0.000000 -0.135617 97.768598 -9.448794 -7.026143 0.030265 
294 0.159863 0.000000 -0.113014 98.456190 -10.873202 -9.817300 0.009177 
295 0.123228 0.000000 -0.079110 92.772748 -12.455136 -15.467766 0.099884 
296 0.111016 0.000000 -0.079110 92.661096 -12.449836 -15.438060 0.102059 
297 0.123228 0.000000 -0.090411 92.627087 -12.525207 -15.490237 0.102339 
298 0.135439 0.000000 -0.079110 94.375875 -12.573222 -15.390243 0.069825 
299 0.123228 0.000000 -0.067808 92.634743 -12.527288 -15.491708 0.102188 
300 0.208710 0.000000 0.045206 93.642777 -0.064630 5.212528 0.120386 
301 0.257557 0.000000 0.045206 80.526245 -0.052887 3.989274 0.349961 
302 0.208710 0.000000 0.090411 100.563845 -12.669912 12.725386 -0.043555 
303 0.135439 0.000000 0.067808 93.189210 -12.656452 15.585649 0.091267 
304 0.135439 0.000000 0.045206 126.775252 -0.203770 10.492131 -0.618209 
305 0.159863 0.000000 0.067808 112.425021 -0.054314 12.342272 -0.279172 
306 0.135439 0.000000 0.090411 94.379449 -12.631417 15.186674 0.070233 
307 0.257557 0.000000 0.271233 100.261933 -7.804897 1.837458 -0.011675 
308 0.355251 0.000000 0.271233 100.789005 -7.926122 0.775759 -0.022185 
309 0.257557 0.000000 0.361644 100.146429 -7.425956 1.000878 -0.008545 
310 0.208710 0.000000 0.135617 100.253964 -10.062577 7.339256 -0.020598 
311 0.257557 0.000000 0.135617 101.353170 -10.112396 6.362079 -0.041520 
312 0.208710 0.000000 0.180822 99.447894 -8.584279 4.899832 0.001242 
313 0.135439 0.000000 0.113014 97.189841 -10.372099 9.362811 0.035889 
314 0.159863 0.000000 0.113014 98.422128 -10.833115 9.843362 0.009884 
315 0.135439 0.000000 0.135617 97.736212 -9.416238 7.059029 0.030914 
316 0.123228 0.000000 0.079110 92.698682 -12.561462 15.459131 0.101018 
317 0.111016 0.000000 0.079110 92.587242 -12.491373 15.427650 0.103356 
318 0.123228 0.000000 0.067808 92.553611 -12.610973 15.479886 0.103517 
319 0.135439 0.000000 0.079110 94.333823 -12.639260 15.388591 0.070457 
320 0.123228 0.000000 0.090411 92.545473 -12.616816 15.478331 0.103657 
321 0.184287 0.000000 -0.067808 101.364268 -0.140348 -10.198277 -0.037874 
322 0.184287 0.000000 -0.090411 99.289764 -12.552315 -13.352883 -0.019432 
323 0.208710 0.000000 -0.067808 91.558892 -0.073174 -8.124493 0.155096 
324 0.184287 0.000000 -0.045206 102.655211 -0.127441 -6.684896 -0.058280 
325 0.184287 0.000000 0.067808 101.390647 -0.147855 10.214638 -0.038442 
326 0.184287 0.000000 0.045206 102.668021 -0.128988 6.721120 -0.058591 
327 0.208710 0.000000 0.067808 91.597663 -0.069959 8.147163 0.154349 
328 0.184287 0.000000 0.090411 99.310471 -12.544094 13.357685 -0.019835 
329 0.452945 0.000000 -0.090411 99.010400 -10.146862 0.003741 0.009398 
330 0.452945 0.000000 -0.180822 99.823268 -11.806787 0.001634 -0.010409 
331 0.550639 0.000000 -0.090411 101.105199 -7.478458 0.002781 -0.027819 
332 0.452945 0.000000 0.000000 101.583981 -6.522743 0.003444 -0.036185 
333 0.306404 0.000000 -0.135617 102.543477 -10.457282 -4.298066 -0.064299 
334 0.306404 0.000000 -0.180822 101.385487 -8.912342 -2.841560 -0.036652 
335 0.355251 0.000000 -0.135617 104.567421 -10.650702 -2.737384 -0.105528 
336 0.306404 0.000000 -0.090411 104.447284 -12.481492 -6.480893 -0.110702 
337 0.233134 0.000000 -0.113014 101.473042 -11.633482 -8.430076 -0.050318 
338 0.208710 0.000000 -0.113014 101.365218 -11.401200 -9.575664 -0.049659 
339 0.233134 0.000000 -0.135617 100.688587 -10.150033 -6.772965 -0.028709 
340 0.257557 0.000000 -0.113014 102.813253 -12.593949 -10.278451 -0.083482 
341 0.233134 0.000000 -0.090411 102.958158 -12.649072 -10.293424 -0.086634 
342 0.452945 0.000000 0.090411 99.029419 -10.132721 -0.002006 0.009050 
343 0.550639 0.000000 0.090411 101.114434 -7.470628 0.002880 -0.027994 
344 0.452945 0.000000 0.180822 99.841491 -11.789645 0.000385 -0.010732 
345 0.306404 0.000000 0.135617 102.566736 -10.439139 4.315065 -0.064753 
346 0.306404 0.000000 0.090411 104.516079 -12.535557 6.486889 -0.112283 
347 0.355251 0.000000 0.135617 104.612586 -10.725192 2.740720 -0.106633 
348 0.306404 0.000000 0.180822 101.359584 -8.893380 2.857236 -0.036102 
349 0.233134 0.000000 0.113014 101.472757 -11.599219 8.424644 -0.050224 
350 0.208710 0.000000 0.113014 101.369854 -11.347402 9.570883 -0.049621 
351 0.233134 0.000000 0.090411 102.955501 -12.596746 10.293115 -0.086446 
352 0.257557 0.000000 0.113014 102.796200 -12.596254 10.277431 -0.083135 
353 0.233134 0.000000 0.135617 100.707166 -10.104853 6.774748 -0.028994 
354 0.306404 0.000000 -0.045206 71.770418 0.103901 -2.113728 0.484453 
355 0.355251 0.000000 -0.045206 66.701251 -0.036970 -1.073528 0.554979 
356 0.306404 0.000000 0.000000 72.370307 0.020389 -0.020932 0.476254 
357 0.281981 0.000000 -0.113014 103.821034 -12.482469 -8.463925 -0.100626 
358 0.281981 0.000000 -0.135617 102.310191 -10.303144 -5.244845 -0.060104 
359 0.306404 0.000000 -0.113014 104.432337 -12.492530 -6.480701 -0.110418 
360 0.281981 0.000000 -0.090411 103.635601 -12.490730 -8.790300 -0.097363 
361 0.281981 0.000000 -0.067808 74.225773 0.097255 -4.539814 0.446992 
362 0.257557 0.000000 -0.067808 79.621698 -0.076564 -6.104979 0.362311 
363 0.306404 0.000000 -0.067808 71.152605 0.070759 -3.095559 0.492772 
364 0.281981 0.000000 -0.045206 75.321901 0.059861 -3.101651 0.431699 
365 0.269769 0.000000 -0.101712 102.943265 -12.535225 -10.042028 -0.085529 
366 0.257557 0.000000 -0.101712 102.786642 -12.581403 -10.275609 -0.082897 
367 0.269769 0.000000 -0.113014 102.932026 -12.522495 -10.290182 -0.085770 
368 0.281981 0.000000 -0.101712 103.638733 -12.490832 -9.440604 -0.098613 
369 0.269769 0.000000 -0.090411 102.862965 -12.542758 -10.283202 -0.084385 
370 0.306404 0.000000 0.045206 71.907858 0.022588 2.097455 0.482486 
371 0.355251 0.000000 0.045206 66.703977 -0.035367 1.077102 0.554942 
372 0.281981 0.000000 0.113014 103.845901 -12.467879 8.466745 -0.101110 
373 0.281981 0.000000 0.090411 103.654018 -12.478347 8.792444 -0.097717 
374 0.306404 0.000000 0.113014 104.510696 -12.558798 6.486764 -0.112229 
375 0.281981 0.000000 0.135617 102.314324 -10.353851 5.256273 -0.060305 
376 0.281981 0.000000 0.067808 74.257269 0.132787 4.543833 0.446519 
377 0.257557 0.000000 0.067808 79.667598 -0.056590 6.125147 0.361555 
378 0.281981 0.000000 0.045206 75.396148 0.050949 3.134028 0.430560 
379 0.306404 0.000000 0.067808 71.277716 -0.008071 3.079762 0.491000 
380 0.269769 0.000000 0.101712 102.936247 -12.530589 10.041601 -0.085372 
381 0.257557 0.000000 0.101712 102.769867 -12.584998 10.274567 -0.082559 
382 0.269769 0.000000 0.090411 102.853817 -12.537159 10.282320 -0.084181 
383 0.281981 0.000000 0.101712 103.661437 -12.450546 9.442047 -0.098986 
384 0.269769 0.000000 0.113014 102.928119 -12.509660 10.289426 -0.085656 
385 0.746027 0.000000 -1.084932 99.779520 -7.059950 -0.015215 -0.000580 
386 0.746027 0.000000 -1.446576 99.767537 -7.038029 -0.006666 -0.000310 
387 1.136804 0.000000 -1.084932 99.780554 -7.084851 0.006500 -0.000635 
388 0.550639 0.000000 -0.542466 99.834495 -7.210656 0.001278 -0.001892 
389 0.550639 0.000000 -0.723288 99.811925 -7.116154 -0.062758 -0.001306 
390 0.746027 0.000000 -0.542466 99.810652 -7.230234 0.029904 -0.001444 
391 0.452945 0.000000 -0.271233 100.431390 -7.927405 0.108785 -0.014932 
392 0.452945 0.000000 -0.361644 100.373670 -7.477384 -0.040881 -0.013079 
393 0.550639 0.000000 -0.271233 101.569730 -11.166067 0.003093 -0.044109 
394 0.404098 0.000000 -0.135617 98.079948 -12.469305 0.000185 0.022484 
395 0.404098 0.000000 -0.180822 101.936375 -9.109386 0.254359 -0.047407 
396 0.452945 0.000000 -0.135617 99.167358 -10.736659 0.002425 0.005056 
397 0.404098 0.000000 -0.090411 101.190567 -12.434591 -1.528945 -0.039649 
398 0.330828 0.000000 -0.113014 104.416786 -12.517787 -6.482621 -0.110158 
399 0.330828 0.000000 -0.135617 102.864177 -10.581613 -4.019576 -0.070917 
400 0.355251 0.000000 -0.113014 105.284640 -12.571372 -4.693141 -0.126492 
401 0.330828 0.000000 -0.090411 104.410502 -12.518459 -6.482211 -0.110028 
402 0.746027 0.000000 1.084932 99.809174 -6.999327 0.013969 -0.001086 
403 1.136804 0.000000 1.084932 99.811872 -7.002319 -0.012550 -0.001144 
404 0.746027 0.000000 1.446576 99.784072 -6.979148 0.006867 -0.000557 
405 0.550639 0.000000 0.542466 99.867811 -7.188108 0.005733 -0.002525 
406 0.746027 0.000000 0.542466 99.856215 -7.206831 -0.028781 -0.002320 
407 0.550639 0.000000 0.723288 99.849023 -7.076065 0.061772 -0.001990 
408 0.452945 0.000000 0.271233 100.504669 -7.920554 -0.122364 -0.016394 
409 0.550639 0.000000 0.271233 101.589711 -11.150187 0.002338 -0.044480 
410 0.452945 0.000000 0.361644 100.413679 -7.483746 0.044182 -0.013892 
411 0.404098 0.000000 0.135617 98.096455 -12.450790 -0.001592 0.022206 
412 0.404098 0.000000 0.090411 101.219515 -12.384725 1.528651 -0.040111 
413 0.452945 0.000000 0.135617 99.184889 -10.721652 -0.001316 0.004740 
414 0.404098 0.000000 0.180822 101.924597 -9.125013 -0.247655 -0.047195 
415 0.330828 0.000000 0.113014 104.527562 -12.604086 6.490566 -0.112700 
416 0.330828 0.000000 0.090411 104.520987 -12.604658 6.490134 -0.112564 
417 0.355251 0.000000 0.113014 105.386794 -12.595098 4.697101 -0.128708 
418 0.330828 0.000000 0.135617 102.887445 -10.561049 4.037350 -0.071366 
419 0.404098 0.000000 -0.045206 66.035484 -0.022239 0.864946 0.563857 
420 0.452945 0.000000 -0.045206 99.577777 -8.564092 0.004147 0.001092 
421 0.404098 0.000000 0.000000 67.118604 0.004869 -0.000380 0.549509 
422 0.379675 0.000000 -0.113014 104.667566 -12.622797 -2.230074 -0.111961 
423 0.379675 0.000000 -0.135617 104.284618 -10.784206 -0.997984 -0.099258 
424 0.404098 0.000000 -0.113014 100.803637 -12.571539 -1.854586 -0.032286 
425 0.379675 0.000000 -0.090411 104.340724 -12.628998 -2.223203 -0.105142 
426 0.330828 0.000000 -0.067808 68.344191 -0.019985 -2.948215 0.532038 
427 0.355251 0.000000 -0.067808 65.436490 -0.048238 -1.781260 0.571489 
428 0.330828 0.000000 -0.045206 68.873741 -0.054546 -1.889183 0.525284 
429 0.343039 0.000000 -0.101712 104.819042 -12.529368 -6.136544 -0.118167 
430 0.330828 0.000000 -0.101712 104.412860 -12.518207 -6.482365 -0.110077 
431 0.343039 0.000000 -0.113014 104.883208 -12.538101 -6.017817 -0.119391 
432 0.355251 0.000000 -0.101712 105.394829 -12.581465 -4.767689 -0.128909 
433 0.343039 0.000000 -0.090411 104.658137 -12.522339 -6.497568 -0.115235 
434 0.404098 0.000000 0.045206 66.109154 -0.002343 -0.878714 0.562881 
435 0.452945 0.000000 0.045206 99.595580 -8.552807 -0.000659 0.000757 
436 0.330828 0.000000 0.067808 68.487142 -0.086222 2.960962 0.530074 
437 0.330828 0.000000 0.045206 68.952319 -0.071687 1.885432 0.524202 
438 0.355251 0.000000 0.067808 65.500144 -0.046707 1.785121 0.570654 
439 0.379675 0.000000 0.113014 104.742221 -12.589380 2.230905 -0.113440 
440 0.379675 0.000000 0.090411 104.408315 -12.589115 2.224061 -0.106453 
441 0.404098 0.000000 0.113014 100.833072 -12.517658 1.854285 -0.032744 
442 0.379675 0.000000 0.135617 104.339254 -10.818746 1.003207 -0.100473 
443 0.343039 0.000000 0.101712 104.930221 -12.594973 6.143470 -0.120673 
444 0.330828 0.000000 0.101712 104.523455 -12.604443 6.490296 -0.112615 
445 0.343039 0.000000 0.090411 104.769959 -12.597011 6.505113 -0.117775 
446 0.355251 0.000000 0.101712 105.494749 -12.598047 4.771215 -0.131062 
447 0.343039 0.000000 0.113014 104.992150 -12.597020 6.024268 -0.121833 
448 1.527580 0.000000 -0.361644 99.661938 -7.708685 0.122902 0.000806 
449 1.527580 0.000000 -0.723288 99.740039 -7.246191 0.037011 -0.000058 
450 1.918356 0.000000 -0.361644 99.774005 -7.788999 0.112192 -0.001553 
451 1.527580 0.000000 0.000000 101.179382 -7.660708 -0.156449 -0.029598 
452 0.941416 0.000000 -0.180822 102.335767 -8.035293 0.015393 -0.053718 
453 0.941416 0.000000 -0.361644 99.733408 -7.567868 -0.036321 -0.000403 
454 1.136804 0.000000 -0.180822 101.937646 -8.697579 0.026009 -0.046693 
455 0.941416 0.000000 0.000000 102.280514 -6.561345 0.008265 -0.050435 
456 0.648333 0.000000 -0.090411 101.794725 -7.474668 0.004493 -0.041804 
457 0.648333 0.000000 -0.180822 101.878633 -8.485297 0.003413 -0.045126 
458 0.746027 0.000000 -0.090411 102.265744 -6.869346 0.004625 -0.050547 
459 0.648333 0.000000 0.000000 101.935876 -6.529836 0.004220 -0.043356 
460 0.501792 0.000000 -0.135617 99.707099 -9.639858 0.001848 -0.003443 
461 0.501792 0.000000 -0.180822 101.051752 -9.864236 0.001966 -0.030876 
462 0.550639 0.000000 -0.135617 101.576131 -7.206006 0.002282 -0.036964 
463 0.501792 0.000000 -0.090411 99.689753 -8.537761 0.004173 -0.001094 
464 0.428522 0.000000 -0.113014 97.992091 -12.314108 -1.226472 0.024441 
465 0.428522 0.000000 -0.135617 99.136103 -11.694875 0.001649 0.003526 
466 0.452945 0.000000 -0.113014 99.038980 -10.684070 0.001911 0.007713 
467 0.428522 0.000000 -0.090411 98.517945 -11.914188 -0.842361 0.015156 
468 0.379675 0.000000 -0.067808 64.713418 -0.028811 -0.256665 0.581211 
469 0.404098 0.000000 -0.067808 98.087196 -11.871012 0.001141 0.023798 
470 0.379675 0.000000 -0.045206 65.654822 -0.027162 -0.186042 0.568941 
471 0.391886 0.000000 -0.101712 102.945882 -12.640121 -2.042443 -0.076180 
472 0.379675 0.000000 -0.101712 104.674899 -12.622354 -2.230266 -0.112113 
473 0.391886 0.000000 -0.113014 102.836599 -12.637048 -2.005977 -0.073909 
474 0.404098 0.000000 -0.101712 100.869714 -12.578949 -1.877918 -0.033646 
475 0.391886 0.000000 -0.090411 102.615595 -12.629403 -1.921958 -0.069316 
476 0.379675 0.000000 0.067808 64.783108 -0.006382 0.266981 0.580308 
477 0.379675 0.000000 0.045206 65.739301 -0.022784 0.184701 0.567831 
478 0.404098 0.000000 0.067808 98.103454 -11.852647 -0.002916 0.023523 
479 1.527580 0.000000 0.361644 100.008957 -7.566044 -0.246542 -0.005910 
480 1.918356 0.000000 0.361644 99.876840 -7.380457 -0.410320 -0.003002 
481 1.527580 0.000000 0.723288 99.850406 -7.096553 -0.080676 -0.002047 
482 0.941416 0.000000 0.180822 102.338518 -8.039086 0.001283 -0.053780 
483 1.136804 0.000000 0.180822 101.935115 -8.702287 -0.000008 -0.046650 
484 0.941416 0.000000 0.361644 99.776084 -7.549371 0.034637 -0.001226 
485 0.648333 0.000000 0.090411 101.801482 -7.470897 0.002864 -0.041936 
486 0.746027 0.000000 0.090411 102.270926 -6.867915 0.004975 -0.050651 
487 0.648333 0.000000 0.180822 101.890849 -8.480309 0.004004 -0.045366 
488 0.501792 0.000000 0.135617 99.723076 -9.627072 0.000647 -0.003737 
489 0.501792 0.000000 0.090411 99.705826 -8.526341 -0.000722 -0.001395 
490 0.550639 0.000000 0.135617 101.588120 -7.198347 0.004348 -0.037196 
491 0.501792 0.000000 0.180822 101.067543 -9.853165 0.002764 -0.031173 
492 0.428522 0.000000 0.113014 98.030653 -12.284742 1.226353 0.023757 
493 0.428522 0.000000 0.090411 98.547610 -11.887538 0.842490 0.014635 
494 0.452945 0.000000 0.113014 99.055891 -10.669118 -0.000955 0.007410 
495 0.428522 0.000000 0.135617 99.153481 -11.677311 -0.001209 0.003223 
496 0.391886 0.000000 0.101712 102.989906 -12.585724 2.042945 -0.076949 
497 0.379675 0.000000 0.101712 104.749884 -12.589273 2.231099 -0.113601 
498 0.391886 0.000000 0.090411 102.659021 -12.579200 1.922282 -0.070081 
499 0.404098 0.000000 0.101712 100.899193 -12.524467 1.877639 -0.034103 
500 0.391886 0.000000 0.113014 102.880408 -12.583997 2.006418 -0.074676 
501 1.332192 0.000000 -0.180822 100.608139 -8.947397 0.359051 -0.020218 
502 1.332192 0.000000 -0.361644 99.814518 -7.647751 0.186374 -0.002146 
503 1.527580 0.000000 -0.180822 101.071206 -8.782705 0.043719 -0.029253 
504 1.332192 0.000000 0.000000 100.793248 -6.988919 0.177995 -0.020816 
505 1.332192 0.000000 0.180822 101.400002 -9.205563 -0.058942 -0.036671 
506 1.527580 0.000000 0.180822 101.637365 -9.418206 -0.409449 -0.041902 
507 1.332192 0.000000 0.361644 100.040126 -7.574889 -0.122011 -0.006542 
508 1.234498 0.000000 -0.090411 98.975820 -11.319592 0.026865 0.007565 
509 1.136804 0.000000 -0.090411 101.018996 -7.885972 0.015090 -0.026703 
510 1.234498 0.000000 -0.180822 100.788007 -12.363780 0.004928 -0.031109 
511 1.332192 0.000000 -0.090411 99.610393 -9.745771 0.131842 -0.001723 
512 1.234498 0.000000 0.000000 76.692743 -0.036020 0.002649 0.411822 
513 1.234498 0.000000 0.090411 98.969292 -11.330321 0.005788 0.007670 
514 1.136804 0.000000 0.090411 101.011804 -7.884292 0.005660 -0.026555 
515 1.332192 0.000000 0.090411 99.808648 -9.821392 0.057276 -0.005823 
516 1.234498 0.000000 0.180822 100.783396 -12.358620 0.001799 -0.031003 
517 4.263014 0.000000 -8.679458 99.754652 -6.998526 -0.000685 0.000003 
518 4.263014 0.000000 -11.572610 99.755196 -6.991614 -0.000361 0.000002 
519 7.389224 0.000000 -8.679458 99.754313 -7.003706 -0.001605 0.000003 
520 2.699909 0.000000 -4.339729 99.748826 -7.015839 -0.002154 0.000095 
521 2.699909 0.000000 -5.786305 99.753915 -7.007399 -0.000704 0.000005 
522 4.263014 0.000000 -4.339729 99.751761 -7.033954 -0.003448 0.000011 
523 1.918356 0.000000 -2.169864 99.762922 -7.063810 0.004791 -0.000254 
524 1.918356 0.000000 -2.893153 99.757589 -7.039905 0.003872 -0.000114 
525 2.699909 0.000000 -2.169864 99.745484 -7.094572 -0.003055 0.000051 
526 1.527580 0.000000 -1.084932 99.755921 -7.122288 0.016935 -0.000197 
527 1.527580 0.000000 -1.446576 99.756261 -7.082720 0.013118 -0.000148 
528 1.918356 0.000000 -1.084932 99.727073 -7.199384 0.025549 0.000268 
529 1.332192 0.000000 -0.542466 99.772098 -7.317063 0.062141 -0.000801 
530 1.136804 0.000000 -0.542466 99.791088 -7.276062 0.004397 -0.001120 
531 1.332192 0.000000 -0.723288 99.763004 -7.204415 0.038901 -0.000456 
532 1.527580 0.000000 -0.542466 99.708519 -7.351390 0.072305 0.000416 
533 1.234498 0.000000 -0.271233 100.146116 -8.113580 0.067257 -0.009508 
534 1.136804 0.000000 -0.271233 101.930989 -12.048938 0.006583 -0.053510 
535 1.234498 0.000000 -0.361644 99.909206 -7.637833 0.051172 -0.004019 
536 1.332192 0.000000 -0.271233 100.807356 -12.749100 0.017192 -0.032466 
537 10.515434 0.000000 -2.893153 99.748595 -7.085481 -0.029180 0.000001 
538 10.515434 0.000000 -5.786305 99.752770 -7.026004 -0.006417 0.000002 
539 13.641644 0.000000 -2.893153 99.748965 -7.081137 -0.037406 0.000000 
540 10.515434 0.000000 0.000000 99.794583 -6.428066 -0.358064 -0.000041 
541 5.826119 0.000000 -1.446576 99.737492 -7.235766 -0.070119 0.000007 
542 5.826119 0.000000 -2.893153 99.748158 -7.085182 -0.014675 0.000011 
543 7.389224 0.000000 -1.446576 99.739013 -7.219345 -0.090741 0.000000 
544 5.826119 0.000000 0.000000 99.866965 -5.386767 1.966176 -0.000629 
545 3.481461 0.000000 -0.723288 99.704465 -7.607356 -0.135271 0.000113 
546 3.481461 0.000000 -1.446576 99.734086 -7.222645 -0.030119 0.000094 
547 4.263014 0.000000 -0.723288 99.709923 -7.592324 -0.194104 0.000025 
548 3.481461 0.000000 0.000000 99.841040 -5.651799 0.661982 -0.000061 
549 2.309132 0.000000 -0.361644 99.130078 -8.170328 -0.174164 0.010644 
550 2.309132 0.000000 -0.723288 99.632441 -7.514490 -0.008949 0.001691 
551 2.699909 0.000000 -0.361644 99.683025 -8.185471 -0.066009 -0.000371 
552 2.309132 0.000000 0.000000 137.899021 -5.831823 1.552223 -0.905256 
553 1.722968 0.000000 -0.180822 101.622953 -9.141188 -0.257470 -0.041085 
554 1.722968 0.000000 -0.361644 99.568635 -7.795488 0.071733 0.002531 
555 1.918356 0.000000 -0.180822 101.865117 -8.907877 -0.223002 -0.045590 
556 1.722968 0.000000 0.000000 101.605992 -8.126209 -0.530784 -0.039009 
557 1.429886 0.000000 -0.090411 100.831764 -9.104991 0.124845 -0.024996 
558 1.429886 0.000000 -0.180822 100.734541 -9.187727 0.322073 -0.023197 
559 1.527580 0.000000 -0.090411 101.165372 -8.789505 -0.091554 -0.031170 
560 1.429886 0.000000 0.000000 100.793253 -6.988935 0.177993 -0.020816 
561 1.283345 0.000000 -0.135617 99.076421 -10.733700 0.149935 0.006863 
562 1.234498 0.000000 -0.135617 99.191215 -11.572293 0.020792 0.002718 
563 1.283345 0.000000 -0.180822 99.659604 -11.558208 0.090430 -0.006564 
564 1.332192 0.000000 -0.135617 99.586015 -9.364869 0.247610 -0.000514 
565 1.283345 0.000000 -0.090411 98.882621 -10.446920 0.156545 0.011306 
566 10.515434 0.000000 2.893153 99.761582 -6.900747 -0.014447 0.000001 
567 13.641644 0.000000 2.893153 99.761548 -6.901631 -0.018470 0.000000 
568 10.515434 0.000000 5.786305 99.759258 -6.934752 -0.004519 -0.000000 
569 5.826119 0.000000 1.446576 99.763927 -6.865897 -0.019764 0.000002 
570 7.389224 0.000000 1.446576 99.764214 -6.860683 -0.022664 0.000003 
571 5.826119 0.000000 2.893153 99.761706 -6.905254 -0.008819 -0.000008 
572 3.481461 0.000000 0.723288 99.756373 -6.873861 -0.020452 0.000142 
573 4.263014 0.000000 0.723288 99.760868 -6.862114 -0.013379 0.000068 
574 3.481461 0.000000 1.446576 99.759127 -6.880666 -0.016585 0.000077 
575 2.309132 0.000000 0.361644 99.206715 -7.039557 0.026127 0.010847 
576 2.699909 0.000000 0.361644 99.773385 -6.772180 0.007292 -0.000059 
577 2.309132 0.000000 0.723288 99.727908 -6.975889 -0.107221 0.000567 
578 1.722968 0.000000 0.180822 101.898225 -10.569555 -0.633719 -0.049537 
579 1.918356 0.000000 0.180822 102.045887 -11.632154 -0.774308 -0.054927 
580 1.722968 0.000000 0.361644 99.806383 -7.594057 -0.412790 -0.001915 
581 1.429886 0.000000 0.090411 101.171172 -9.324938 -0.021798 -0.032256 
582 1.527580 0.000000 0.090411 101.420784 -8.941717 -0.188220 -0.036617 
583 1.429886 0.000000 0.180822 101.446550 -9.441886 -0.103066 -0.038056 
584 4.263014 0.000000 8.679458 99.757986 -6.956012 -0.000708 -0.000004 
585 7.389224 0.000000 8.679458 99.758172 -6.951492 -0.001367 -0.000002 
586 4.263014 0.000000 11.572610 99.757535 -6.961380 -0.000368 -0.000003 
587 2.699909 0.000000 4.339729 99.760887 -6.940047 -0.002508 -0.000040 
588 4.263014 0.000000 4.339729 99.759591 -6.933828 -0.003088 -0.000005 
589 2.699909 0.000000 5.786305 99.758752 -6.951051 -0.001085 -0.000013 
590 1.918356 0.000000 2.169864 99.777649 -6.939640 -0.014262 -0.000374 
591 2.699909 0.000000 2.169864 99.760229 -6.922520 -0.012142 -0.000002 
592 1.918356 0.000000 2.893153 99.771324 -6.944021 -0.008805 -0.000254 
593 1.527580 0.000000 1.084932 99.797677 -6.987150 -0.043268 -0.000840 
594 1.918356 0.000000 1.084932 99.775579 -6.963653 -0.067812 -0.000366 
595 1.527580 0.000000 1.446576 99.783774 -6.962956 -0.027196 -0.000529 
596 1.332192 0.000000 0.542466 99.909005 -7.222570 -0.068968 -0.003398 
597 1.136804 0.000000 0.542466 99.861902 -7.214652 -0.004905 -0.002445 
598 1.527580 0.000000 0.542466 99.884552 -7.207686 -0.146957 -0.002890 
599 1.332192 0.000000 0.723288 99.848004 -7.090990 -0.050559 -0.001991 
600 1.234498 0.000000 0.271233 100.266512 -8.067161 0.045469 -0.011845 
601 1.136804 0.000000 0.271233 101.935656 -12.052096 0.002360 -0.053613 
602 1.332192 0.000000 0.271233 101.263035 -12.802154 -0.004593 -0.041810 
603 1.234498 0.000000 0.361644 100.023050 -7.578416 0.003347 -0.006204 
604 1.283345 0.000000 0.135617 99.312331 -10.840441 -0.004491 0.001955 
605 1.234498 0.000000 0.135617 99.189966 -11.576705 0.006197 0.002733 
606 1.283345 0.000000 0.090411 99.054176 -10.530344 -0.013348 0.007738 
607 1.332192 0.000000 0.135617 100.023069 -9.498195 -0.059587 -0.009483 
608 1.283345 0.000000 0.180822 99.999609 -11.717202 -0.024626 -0.013722 
609 2.113744 0.000000 -0.180822 100.568794 -7.507685 3.387372 -0.018192 
610 2.113744 0.000000 -0.361644 99.523784 -7.975173 0.432844 0.003123 
611 2.309132 0.000000 -0.180822 97.831775 -7.251880 -2.349085 0.037084 
612 2.113744 0.000000 0.000000 101.026004 0.283922 0.376569 -0.020648 
613 2.113744 0.000000 0.180822 100.931377 -6.193352 -3.482132 -0.023763 
614 2.309132 0.000000 0.180822 97.675538 -5.249020 2.902391 0.042351 
615 2.113744 0.000000 0.361644 99.656808 -7.200381 -0.676081 0.001622 
616 2.016050 0.000000 -0.090411 101.773741 -8.713718 -0.173671 -0.043385 
617 1.918356 0.000000 -0.090411 101.885847 -8.899374 -0.434243 -0.046011 
618 2.016050 0.000000 -0.180822 102.030295 -9.918122 -0.117227 -0.050856 
619 2.113744 0.000000 -0.090411 105.685570 -9.641909 11.061974 -0.138477 
620 2.016050 0.000000 0.000000 101.829129 -8.565923 -0.561357 -0.044286 
621 2.016050 0.000000 0.090411 101.850861 -10.365316 -0.258420 -0.048110 
622 1.918356 0.000000 0.090411 101.916641 -9.899998 -0.576778 -0.048534 
623 2.113744 0.000000 0.090411 106.838035 -7.757802 -11.162058 -0.159914 
624 2.016050 0.000000 0.180822 102.053499 -11.414366 -0.230330 -0.054526 
625 2.309132 0.000000 -1.084932 99.707060 -7.266920 0.002859 0.000569 
626 2.309132 0.000000 -1.446576 99.734188 -7.159159 0.000890 0.000184 
627 2.699909 0.000000 -1.084932 99.714609 -7.310772 -0.026038 0.000355 
628 2.113744 0.000000 -0.542466 99.475094 -7.663810 0.065703 0.004597 
629 1.918356 0.000000 -0.542466 99.565540 -7.563675 0.042129 0.002949 
630 2.113744 0.000000 -0.723288 99.661498 -7.438207 0.040996 0.001226 
631 2.309132 0.000000 -0.542466 99.515458 -7.769116 -0.028029 0.003631 
632 2.016050 0.000000 -0.271233 100.037133 -7.684999 0.428928 -0.006667 
633 1.918356 0.000000 -0.271233 102.102522 -11.485126 -0.207093 -0.055688 
634 2.016050 0.000000 -0.361644 99.752299 -7.819776 0.224731 -0.001172 
635 2.113744 0.000000 -0.271233 99.410853 -7.872291 1.114250 0.005427 
636 3.090685 0.000000 -0.361644 99.665308 -8.259879 0.011079 -0.000140 
637 3.090685 0.000000 -0.723288 99.700274 -7.605222 -0.106460 0.000200 
638 3.481461 0.000000 -0.361644 99.650297 -8.394079 -0.028075 -0.000064 
639 3.090685 0.000000 0.000000 99.829204 -6.264819 0.892295 -0.000591 
640 2.504521 0.000000 -0.180822 100.204037 -6.824253 -0.125777 -0.008744 
641 2.504521 0.000000 -0.361644 99.564675 -8.120029 -0.254730 0.002088 
642 2.699909 0.000000 -0.180822 99.903105 -6.681997 0.544917 -0.002558 
643 2.504521 0.000000 0.000000 101.116604 -6.065928 1.288570 -0.026302 
644 2.211438 0.000000 -0.090411 88.811753 -9.469641 16.060043 0.176487 
645 2.211438 0.000000 -0.180822 96.245127 -7.564346 2.486452 0.067347 
646 2.309132 0.000000 -0.090411 107.810095 -6.049977 -17.639665 -0.197078 
647 2.211438 0.000000 0.000000 148.394754 -0.786081 0.749352 -1.202218 
648 2.064897 0.000000 -0.135617 102.055161 -9.317815 -0.081180 -0.050208 
649 2.016050 0.000000 -0.135617 101.783706 -9.434446 -0.196606 -0.044897 
650 2.064897 0.000000 -0.180822 101.209295 -7.116805 1.799276 -0.029721 
651 2.113744 0.000000 -0.135617 103.050266 -8.131186 6.392903 -0.072634 
652 2.064897 0.000000 -0.090411 102.186604 -9.013722 2.667021 -0.053046 
653 3.090685 0.000000 0.361644 99.767926 -6.752543 -0.110852 0.000075 
654 3.481461 0.000000 0.361644 99.760130 -6.815485 -0.157788 0.000144 
655 3.090685 0.000000 0.723288 99.751635 -6.888141 -0.023897 0.000216 
656 2.504521 0.000000 0.180822 100.261776 -4.629727 0.912808 -0.007469 
657 2.699909 0.000000 0.180822 99.998626 -4.331311 0.212275 -0.001853 
658 2.504521 0.000000 0.361644 99.635817 -6.799329 0.187709 0.002644 
659 2.211438 0.000000 0.090411 87.939290 -7.370796 -15.834279 0.196163 
660 2.309132 0.000000 0.090411 107.350038 -3.948330 21.095505 -0.198464 
661 2.211438 0.000000 0.180822 96.166594 -5.794501 -2.430511 0.071250 
662 2.309132 0.000000 1.084932 99.750122 -6.931096 -0.056359 0.000187 
663 2.699909 0.000000 1.084932 99.747451 -6.899641 -0.033885 0.000284 
664 2.309132 0.000000 1.446576 99.760171 -6.923188 -0.031825 -0.000002 
665 2.113744 0.000000 0.542466 99.612132 -7.080473 -0.236898 0.002723 
666 1.918356 0.000000 0.542466 99.698822 -7.183848 -0.209266 0.000849 
667 2.309132 0.000000 0.542466 99.627806 -7.006502 -0.135665 0.002519 
668 2.113744 0.000000 0.723288 99.766742 -7.008039 -0.148097 -0.000254 
669 2.016050 0.000000 0.271233 100.153840 -7.106878 -0.687755 -0.008177 
670 1.918356 0.000000 0.271233 102.158706 -14.323698 -0.422401 -0.064175 
671 2.113744 0.000000 0.271233 99.563810 -6.942637 -1.334610 0.003707 
672 2.016050 0.000000 0.361644 99.879802 -7.245907 -0.481315 -0.002871 
673 2.064897 0.000000 0.135617 101.966094 -9.876339 -0.093952 -0.049464 
674 2.016050 0.000000 0.135617 101.880941 -11.438081 -0.285771 -0.051064 
675 2.064897 0.000000 0.090411 102.447080 -9.465877 -2.820208 -0.059296 
676 2.113744 0.000000 0.135617 103.873846 -6.455909 -6.494290 -0.087363 
677 2.064897 0.000000 0.180822 101.588043 -6.239219 -1.852096 -0.036249 
678 2.211438 0.000000 -0.271233 98.127369 -8.024665 0.762937 0.030604 
679 2.211438 0.000000 -0.361644 99.163172 -8.074910 0.252908 0.010140 
680 2.309132 0.000000 -0.271233 98.537663 -7.985758 -0.507485 0.022630 
681 2.162591 0.000000 -0.135617 98.324178 -8.173995 8.054000 0.020067 
682 2.162591 0.000000 -0.180822 98.419697 -7.663852 3.898112 0.023963 
683 2.211438 0.000000 -0.135617 93.526777 -7.745835 5.771906 0.115943 
684 2.162591 0.000000 -0.090411 98.199147 -9.901953 15.600290 0.001551 
685 2.064897 0.000000 -0.045206 102.028489 -9.199742 -0.073222 -0.049445 
686 2.016050 0.000000 -0.045206 101.708661 -8.236778 -0.404637 -0.041266 
687 2.113744 0.000000 -0.045206 99.413411 0.487221 4.594679 0.009563 
688 2.064897 0.000000 0.000000 93.472608 0.276188 0.123133 0.126278 
689 2.089321 0.000000 -0.113014 105.080345 -8.875005 5.468554 -0.115055 
690 2.064897 0.000000 -0.113014 102.879854 -8.757438 4.112245 -0.067787 
691 2.089321 0.000000 -0.135617 101.960139 -8.243715 -0.018970 -0.046383 
692 2.113744 0.000000 -0.113014 105.744788 -9.637600 10.926630 -0.139423 
693 2.089321 0.000000 -0.090411 104.927966 -8.870054 5.197785 -0.111557 
694 2.064897 0.000000 0.045206 101.950403 -9.690114 -0.075520 -0.048779 
695 2.016050 0.000000 0.045206 101.758864 -9.839026 -0.376210 -0.045181 
696 2.113744 0.000000 0.045206 99.026527 0.465768 -3.915244 0.017820 
697 2.211438 0.000000 0.271233 98.169846 -6.776826 -0.905974 0.031594 
698 2.309132 0.000000 0.271233 98.533355 -6.583693 0.510000 0.024757 
699 2.211438 0.000000 0.361644 99.261462 -7.112265 -0.458583 0.009637 
700 2.162591 0.000000 0.135617 98.628419 -6.191847 -8.263958 0.016580 
701 2.162591 0.000000 0.090411 98.536602 -7.671347 -15.613029 -0.001208 
702 2.211438 0.000000 0.135617 93.262747 -5.641383 -5.724563 0.123746 
703 2.162591 0.000000 0.180822 98.572026 -6.074459 -3.989506 0.023074 
704 2.089321 0.000000 0.113014 106.066677 -7.695006 -5.549805 -0.134015 
705 2.064897 0.000000 0.113014 103.384954 -8.492359 -4.216582 -0.077835 
706 2.089321 0.000000 0.090411 105.862037 -7.774514 -5.283063 -0.129512 
707 2.113744 0.000000 0.113014 106.902850 -7.755263 -11.025947 -0.160994 
708 2.089321 0.000000 0.135617 101.942707 -8.266812 -0.019737 -0.046066 
709 2.162591 0.000000 -0.045206 118.275893 0.126173 8.818333 -0.406697 
710 2.211438 0.000000 -0.045206 148.750297 -0.652250 11.791638 -1.226612 
711 2.162591 0.000000 0.000000 120.012732 -0.023746 0.499192 -0.440331 
712 2.138168 0.000000 -0.113014 101.987515 -9.883328 15.064029 -0.072606 
713 2.138168 0.000000 -0.135617 100.813332 -8.215672 7.896210 -0.029318 
714 2.162591 0.000000 -0.113014 98.257706 -9.243728 11.834430 0.011992 
715 2.138168 0.000000 -0.090411 101.668229 -9.906841 15.016973 -0.066008 
716 2.089321 0.000000 -0.067808 101.960050 -8.244287 -0.019116 -0.046382 
717 2.064897 0.000000 -0.067808 101.791186 -10.295223 -0.217966 -0.046748 
718 2.113744 0.000000 -0.067808 97.113731 0.702916 6.696773 0.052358 
719 2.089321 0.000000 -0.045206 94.602926 0.549065 2.530347 0.104358 
720 2.101533 0.000000 -0.101712 106.421761 -9.354086 7.910359 -0.147566 
721 2.089321 0.000000 -0.101712 105.714181 -9.005657 5.890632 -0.129129 
722 2.101533 0.000000 -0.113014 106.651306 -9.346237 7.324975 -0.151551 
723 2.113744 0.000000 -0.101712 105.648577 -9.657236 11.466674 -0.138637 
724 2.101533 0.000000 -0.090411 106.633818 -9.408225 7.899557 -0.152169 
725 2.162591 0.000000 0.045206 118.147745 0.540016 -8.138002 -0.402541 
726 2.211438 0.000000 0.045206 149.037323 0.134419 -10.909239 -1.233115 
727 2.089321 0.000000 0.067808 101.942519 -8.268846 -0.019879 -0.046065 
728 2.064897 0.000000 0.067808 101.849381 -12.548476 -0.130866 -0.053078 
729 2.089321 0.000000 0.045206 94.089774 0.428482 -1.938691 0.114317 
730 2.113744 0.000000 0.067808 96.371211 0.703820 -6.232185 0.067325 
731 2.138168 0.000000 0.113014 102.777688 -7.815972 -15.156524 -0.085406 
732 2.138168 0.000000 0.090411 102.417716 -7.795410 -15.102402 -0.077824 
733 2.162591 0.000000 0.113014 98.705860 -6.790662 -12.251101 0.006095 
734 2.138168 0.000000 0.135617 101.369209 -6.340827 -8.090563 -0.038138 
735 2.101533 0.000000 0.101712 107.649021 -7.629622 -7.991182 -0.171038 
736 2.089321 0.000000 0.101712 106.814556 -7.631675 -5.967705 -0.150321 
737 2.101533 0.000000 0.090411 107.885733 -7.642034 -7.980906 -0.176143 
738 2.113744 0.000000 0.101712 106.795755 -7.766152 -11.570693 -0.159953 
739 2.101533 0.000000 0.113014 107.888253 -7.634928 -7.402286 -0.175296 
740 2.138168 0.000000 -0.067808 105.398485 0.512120 10.143354 -0.121199 
741 2.162591 0.000000 -0.067808 116.126456 0.295705 12.998606 -0.365440 
742 2.138168 0.000000 -0.045206 107.313188 0.346841 6.881055 -0.156359 
743 2.125956 0.000000 -0.101712 102.985894 -9.797934 14.931909 -0.092506 
744 2.125956 0.000000 -0.113014 103.709060 -9.778272 14.189789 -0.105253 
745 2.138168 0.000000 -0.101712 101.790056 -9.898910 15.034799 -0.068525 
746 2.125956 0.000000 -0.090411 103.620292 -9.782893 14.259310 -0.103620 
747 2.138168 0.000000 0.067808 104.837425 0.717053 -9.839817 -0.108822 
748 2.138168 0.000000 0.045206 107.105030 0.506743 -6.202908 -0.151022 
749 2.162591 0.000000 0.067808 115.753005 0.646493 -12.927160 -0.356629 
750 2.125956 0.000000 0.101712 103.889220 -7.839483 -15.040307 -0.108064 
751 2.125956 0.000000 0.090411 104.576401 -7.821098 -14.367536 -0.120382 
752 2.138168 0.000000 0.101712 102.555215 -7.804054 -15.122964 -0.080718 
753 2.125956 0.000000 0.113014 104.673786 -7.820538 -14.298489 -0.122221 
754 2.406827 0.000000 -0.090411 102.910860 -5.809318 -1.966448 -0.062826 
755 2.406827 0.000000 -0.180822 100.228123 -6.891812 -1.308630 -0.009489 
756 2.504521 0.000000 -0.090411 100.848231 -5.524721 -0.023249 -0.020089 
757 2.406827 0.000000 0.000000 105.439746 -6.375016 1.404924 -0.116015 
758 2.260285 0.000000 -0.135617 91.151781 -7.126101 -1.862680 0.163710 
759 2.260285 0.000000 -0.180822 95.752364 -7.427451 -0.457783 0.077611 
760 2.309132 0.000000 -0.135617 98.083112 -6.661884 -6.468684 0.029348 
761 2.260285 0.000000 -0.090411 72.546172 -8.578819 11.978485 0.451997 
762 2.187015 0.000000 -0.113014 95.367731 -8.798923 11.284667 0.070023 
763 2.187015 0.000000 -0.135617 96.087682 -7.985485 7.364110 0.064916 
764 2.211438 0.000000 -0.113014 90.585941 -8.342126 9.678579 0.163092 
765 2.187015 0.000000 -0.090411 92.550172 -9.694209 16.888565 0.105526 
766 2.150380 0.000000 -0.101712 100.736852 -9.948072 14.879934 -0.046829 
767 2.150380 0.000000 -0.113014 101.130995 -9.944789 14.937995 -0.054952 
768 2.162591 0.000000 -0.101712 98.392751 -9.906480 15.539086 -0.002073 
769 2.150380 0.000000 -0.090411 100.031261 -9.937108 15.066582 -0.033200 
770 2.406827 0.000000 0.090411 102.730113 -3.885054 5.462619 -0.059841 
771 2.504521 0.000000 0.090411 100.864661 -3.569928 3.808784 -0.020093 
772 2.406827 0.000000 0.180822 100.188167 -4.806978 2.060440 -0.006502 
773 2.260285 0.000000 0.135617 90.516542 -4.879907 2.623643 0.177606 
774 2.260285 0.000000 0.090411 70.629077 -7.301079 -11.571513 0.482433 
775 2.309132 0.000000 0.135617 97.730929 -4.279500 7.904343 0.036787 
776 2.260285 0.000000 0.180822 95.544119 -5.528536 0.784123 0.084014 
777 2.187015 0.000000 0.113014 95.294407 -6.317869 -11.729680 0.074148 
778 2.187015 0.000000 0.090411 92.107411 -7.521885 -16.753705 0.117896 
779 2.211438 0.000000 0.113014 90.077851 -5.942491 -9.874222 0.175317 
780 2.187015 0.000000 0.135617 96.080541 -5.941690 -7.503128 0.067693 
781 2.150380 0.000000 0.101712 101.371705 -7.736086 -14.945104 -0.055943 
782 2.150380 0.000000 0.090411 100.586992 -7.717071 -15.117927 -0.040585 
783 2.162591 0.000000 0.101712 98.752763 -7.675431 -15.555805 -0.005300 
784 2.150380 0.000000 0.113014 101.811793 -7.759574 -15.011472 -0.065120 
785 2.260285 0.000000 -0.045206 180.864183 -3.112399 1.207361 -2.272300 
786 2.309132 0.000000 -0.045206 132.996427 -5.736507 -13.345793 -0.789907 
787 2.260285 0.000000 0.000000 167.414722 -3.305555 1.194597 -1.804004 
788 2.187015 0.000000 -0.067808 129.580623 0.012298 16.172206 -0.705268 
789 2.211438 0.000000 -0.067808 148.809515 -0.400663 19.415342 -1.252139 
790 2.187015 0.000000 -0.045206 132.054931 -0.186707 10.708181 -0.755320 
791 2.174803 0.000000 -0.101712 95.294211 -9.809924 16.398883 0.055386 
792 2.174803 0.000000 -0.113014 96.876108 -9.022108 11.518261 0.040095 
793 2.187015 0.000000 -0.101712 92.577599 -9.696231 16.893499 0.104998 
794 2.174803 0.000000 -0.090411 94.944914 -9.796442 16.506939 0.061701 
795 2.260285 0.000000 0.045206 182.218279 -2.320522 0.733272 -2.320942 
796 2.309132 0.000000 0.045206 133.097727 -5.475956 17.250569 -0.804257 
797 2.187015 0.000000 0.067808 129.473255 0.611660 -16.324617 -0.703019 
798 2.187015 0.000000 0.045206 132.046097 0.426311 -10.006248 -0.753648 
799 2.211438 0.000000 0.067808 149.025507 0.470146 -19.670310 -1.259574 
800 2.174803 0.000000 0.101712 95.257204 -7.608063 -16.343014 0.060109 
801 2.174803 0.000000 0.090411 94.861710 -7.602553 -16.442606 0.067310 
802 2.187015 0.000000 0.101712 92.138514 -7.531880 -16.759774 0.117287 
803 2.174803 0.000000 0.113014 97.108918 -6.551515 -11.992628 0.038311 
804 2.235862 0.000000 -0.067808 76.066056 -8.775743 12.559306 0.397921 
805 2.235862 0.000000 -0.090411 77.200790 -8.841479 12.746217 0.379940 
806 2.260285 0.000000 -0.067808 71.103314 -8.521412 11.740169 0.473387 
807 2.235862 0.000000 -0.045206 166.174444 -1.518773 10.332155 -1.772301 
808 2.235862 0.000000 -0.113014 86.971077 -7.781979 4.886097 0.235160 
809 2.235862 0.000000 -0.135617 91.500577 -7.456911 2.622422 0.156516 
810 2.260285 0.000000 -0.113014 84.244571 -7.201425 -2.899692 0.284258 
811 2.223650 0.000000 -0.079110 82.669372 -9.141999 14.214316 0.288015 
812 2.211438 0.000000 -0.079110 88.360244 -9.447105 15.931596 0.184940 
813 2.223650 0.000000 -0.090411 82.656939 -9.137128 14.103971 0.288542 
814 2.235862 0.000000 -0.079110 77.061501 -8.833780 12.723274 0.382161 
815 2.223650 0.000000 -0.067808 159.117311 -0.732926 17.846963 -1.563737 
816 2.235862 0.000000 0.067808 74.355199 -7.234680 -12.190530 0.427035 
817 2.235862 0.000000 0.045206 166.820939 -0.670980 -9.196824 -1.791426 
818 2.260285 0.000000 0.067808 69.134646 -7.354791 -11.322214 0.503812 
819 2.235862 0.000000 0.090411 75.573905 -7.254604 -12.391797 0.408240 
820 2.235862 0.000000 0.113014 86.069724 -5.398213 -4.717646 0.254061 
821 2.260285 0.000000 0.113014 82.929002 -4.820209 3.829885 0.308488 
822 2.235862 0.000000 0.135617 91.014203 -5.284513 -2.290418 0.168324 
823 2.223650 0.000000 0.079110 81.399891 -7.319939 -13.917995 0.312677 
824 2.211438 0.000000 0.079110 87.459642 -7.371303 -15.700145 0.204998 
825 2.223650 0.000000 0.067808 159.474678 0.132224 -18.174304 -1.576250 
826 2.235862 0.000000 0.079110 75.424381 -7.252351 -12.367107 0.410562 
827 2.223650 0.000000 0.090411 81.394163 -7.321727 -13.809333 0.313068 
828 2.357979 0.000000 -0.045206 111.197672 -5.946900 -3.203920 -0.241055 
829 2.357979 0.000000 -0.090411 105.679794 -5.944926 -4.867202 -0.122725 
830 2.406827 0.000000 -0.045206 104.807209 -6.010189 -0.819533 -0.102134 
831 2.357979 0.000000 0.000000 113.252376 -6.269391 1.513302 -0.286770 
832 2.284709 0.000000 -0.067808 159.580310 -5.389954 -50.039901 -1.799892 
833 2.284709 0.000000 -0.090411 90.457344 -6.376983 -36.314559 0.045806 
834 2.309132 0.000000 -0.067808 122.048116 -5.799710 -19.740739 -0.531908 
835 2.284709 0.000000 -0.045206 163.283678 -4.880588 -16.897864 -1.697092 
836 2.248074 0.000000 -0.079110 74.310397 -8.668415 12.269806 0.425228 
837 2.248074 0.000000 -0.090411 74.641452 -8.688941 12.324389 0.420127 
838 2.260285 0.000000 -0.079110 71.642682 -8.539754 11.829244 0.465447 
839 2.248074 0.000000 -0.067808 73.708086 -8.634015 12.170433 0.434445 
840 2.357979 0.000000 0.045206 110.966582 -5.928331 6.951120 -0.239705 
841 2.406827 0.000000 0.045206 104.624483 -6.159396 4.358667 -0.100322 
842 2.357979 0.000000 0.090411 105.472034 -3.831414 8.226304 -0.120670 
843 2.284709 0.000000 0.067808 161.149927 -4.074254 55.197720 -1.903269 
844 2.284709 0.000000 0.045206 164.263378 -4.408109 20.499111 -1.742210 
845 2.309132 0.000000 0.067808 121.932697 -4.610463 23.945106 -0.546221 
846 2.284709 0.000000 0.090411 88.698363 -4.229122 40.132373 0.050411 
847 2.248074 0.000000 0.079110 72.484485 -7.238548 -11.880405 0.455246 
848 2.248074 0.000000 0.067808 71.845944 -7.247653 -11.774375 0.464700 
849 2.260285 0.000000 0.079110 69.688627 -7.338249 -11.414676 0.495935 
850 2.248074 0.000000 0.090411 72.837622 -7.238744 -11.938927 0.449974 
851 5.044566 0.000000 -0.723288 99.712680 -7.563440 -0.252197 0.000011 
852 5.044566 0.000000 -1.446576 99.735927 -7.231716 -0.059007 0.000044 
853 5.826119 0.000000 -0.723288 99.716830 -7.532021 -0.298866 -0.000027 
854 5.044566 0.000000 0.000000 99.902847 -4.848926 -4.367115 -0.002316 
855 3.872238 0.000000 -0.361644 99.643828 -8.518015 -0.158639 -0.000147 
856 3.872238 0.000000 -0.723288 99.707767 -7.604766 -0.165622 0.000050 
857 4.263014 0.000000 -0.361644 99.638967 -8.601838 -0.364253 -0.000205 
858 3.872238 0.000000 0.000000 99.998066 -3.452336 -3.783428 -0.002585 
859 5.044566 0.000000 0.723288 99.763188 -6.854456 -0.011863 0.000032 
860 5.826119 0.000000 0.723288 99.764406 -6.856077 -0.007487 0.000006 
861 5.044566 0.000000 1.446576 99.763370 -6.861527 -0.019086 0.000019 
862 3.872238 0.000000 0.361644 99.757405 -6.895923 -0.183634 0.000087 
863 4.263014 0.000000 0.361644 99.753383 -6.983009 -0.170732 0.000047 
864 3.872238 0.000000 0.723288 99.759559 -6.869905 -0.016912 0.000083 
865 3.676849 0.000000 -0.180822 99.800819 -6.244297 1.720751 -0.000216 
866 3.481461 0.000000 -0.180822 99.792065 -6.364168 1.474102 -0.000113 
867 3.676849 0.000000 -0.361644 99.646158 -8.456846 -0.084038 -0.000088 
868 3.872238 0.000000 -0.180822 99.815308 -6.065508 1.938136 -0.000364 
869 3.676849 0.000000 0.000000 99.929647 -4.400904 0.091116 -0.000531 
870 4.653790 0.000000 -0.361644 99.639210 -8.604937 -0.614499 -0.000239 
871 4.653790 0.000000 -0.723288 99.710860 -7.578756 -0.225559 0.000026 
872 5.044566 0.000000 -0.361644 99.646191 -8.516526 -0.864152 -0.000264 
873 4.653790 0.000000 0.000000 99.904376 -4.816484 -4.048014 -0.002047 
874 4.067626 0.000000 -0.180822 99.833490 -5.814075 2.072379 -0.000482 
875 4.067626 0.000000 -0.361644 99.640995 -8.567287 -0.251802 -0.000179 
876 4.263014 0.000000 -0.180822 99.854220 -5.525767 2.039608 -0.000556 
877 4.067626 0.000000 0.000000 99.918817 -4.594444 -3.733845 -0.001882 
878 3.676849 0.000000 0.180822 99.945740 -4.171326 -1.940988 -0.001032 
879 3.481461 0.000000 0.180822 99.948852 -4.107700 -1.424035 -0.000867 
880 3.872238 0.000000 0.180822 99.941573 -4.260785 -2.455989 -0.001250 
881 3.676849 0.000000 0.361644 99.758498 -6.851827 -0.175828 0.000126 
882 3.774543 0.000000 -0.090411 99.824161 -5.919537 1.006437 -0.000092 
883 3.676849 0.000000 -0.090411 99.887370 -5.005983 1.564794 -0.000500 
884 3.774543 0.000000 -0.180822 99.807972 -6.162440 1.842782 -0.000300 
885 3.872238 0.000000 -0.090411 99.968711 -3.871924 0.215258 -0.000878 
886 3.774543 0.000000 0.000000 100.043173 -2.784394 -0.298741 -0.001648 
887 4.653790 0.000000 0.361644 99.748790 -7.046604 -0.110939 0.000051 
888 5.044566 0.000000 0.361644 99.746992 -7.081429 -0.025927 0.000039 
889 4.653790 0.000000 0.723288 99.762508 -6.856849 -0.014319 0.000043 
890 4.067626 0.000000 0.180822 99.938128 -4.318979 -2.962949 -0.001506 
891 4.263014 0.000000 0.180822 99.942460 -4.270420 -3.443711 -0.001859 
892 4.067626 0.000000 0.361644 99.755004 -6.939161 -0.181022 0.000075 
893 3.969932 0.000000 -0.090411 100.021007 -3.128486 -0.570264 -0.001431 
894 3.969932 0.000000 -0.180822 99.823834 -5.947873 2.020262 -0.000426 
895 4.067626 0.000000 -0.090411 100.017967 -3.176276 -0.953158 -0.001459 
896 3.969932 0.000000 0.000000 99.929943 -4.430975 -3.606695 -0.001864 
897 4.458402 0.000000 -0.180822 99.869472 -5.306202 1.771661 -0.000521 
898 4.458402 0.000000 -0.361644 99.638127 -8.612970 -0.486025 -0.000218 
899 4.653790 0.000000 -0.180822 99.867976 -5.334793 1.268382 -0.000368 
900 4.458402 0.000000 0.000000 99.904261 -4.811305 -3.979944 -0.001985 
901 4.165320 0.000000 -0.090411 100.024698 -3.085725 -1.283008 -0.001611 
902 4.165320 0.000000 -0.180822 99.843913 -5.669259 2.080420 -0.000528 
903 4.263014 0.000000 -0.090411 100.030164 -3.011356 -1.598471 -0.001766 
904 4.165320 0.000000 0.000000 99.909854 -4.729768 -3.864506 -0.001928 
905 3.969932 0.000000 0.090411 100.044912 -2.787187 -5.467123 -0.004664 
906 3.872238 0.000000 0.090411 100.065280 -2.491345 -5.855207 -0.005355 
907 4.067626 0.000000 0.090411 100.031787 -2.979233 -5.223688 -0.004252 
908 3.969932 0.000000 0.180822 99.939323 -4.297550 -2.711028 -0.001369 
909 4.018779 0.000000 -0.045206 99.841204 -5.701995 -1.526883 -0.000311 
910 3.969932 0.000000 -0.045206 99.835544 -5.780730 -1.308762 -0.000227 
911 4.018779 0.000000 -0.090411 100.016869 -3.189851 -0.806658 -0.001420 
912 4.067626 0.000000 -0.045206 99.847213 -5.618195 -1.739679 -0.000406 
913 4.018779 0.000000 0.000000 99.923772 -4.521443 -3.648146 -0.001851 
914 8.952329 0.000000 -1.446576 99.740194 -7.204587 -0.108432 -0.000002 
915 8.952329 0.000000 -2.893153 99.748438 -7.086715 -0.024611 0.000003 
916 10.515434 0.000000 -1.446576 99.741447 -7.187746 -0.122503 -0.000003 
917 8.952329 0.000000 0.000000 99.815193 -6.132355 -0.351423 -0.000080 
918 6.607671 0.000000 -0.723288 99.720488 -7.480700 -0.337608 -0.000025 
919 6.607671 0.000000 -1.446576 99.738450 -7.225444 -0.080613 0.000003 
920 7.389224 0.000000 -0.723288 99.724235 -7.430807 -0.365412 -0.000027 
921 6.607671 0.000000 0.000000 99.873776 -5.290761 0.300196 -0.000285 
922 5.435343 0.000000 -0.361644 99.658386 -8.349487 -1.065940 -0.000264 
923 5.435343 0.000000 -0.723288 99.714559 -7.544990 -0.276623 0.000000 
924 5.826119 0.000000 -0.361644 99.673752 -8.148879 -1.195854 -0.000269 
925 5.435343 0.000000 0.000000 99.973207 -3.849311 -5.061900 -0.003508 
926 4.849178 0.000000 -0.180822 99.839521 -5.747882 0.823465 -0.000165 
927 4.849178 0.000000 -0.361644 99.641927 -8.572400 -0.742763 -0.000255 
928 5.044566 0.000000 -0.180822 100.275136 0.476413 -5.099289 -0.008133 
929 4.849178 0.000000 0.000000 99.902863 -4.843948 -4.154299 -0.002130 
930 8.952329 0.000000 1.446576 99.764301 -6.860743 -0.026501 0.000001 
931 10.515434 0.000000 1.446576 99.764303 -6.861430 -0.030560 0.000000 
932 8.952329 0.000000 2.893153 99.761546 -6.900908 -0.012352 0.000001 
933 6.607671 0.000000 0.723288 99.765270 -6.845090 -0.005635 0.000004 
934 7.389224 0.000000 0.723288 99.765762 -6.837844 -0.004762 0.000004 
935 6.607671 0.000000 1.446576 99.764114 -6.860974 -0.020848 0.000005 
936 5.435343 0.000000 0.361644 99.747843 -7.074970 0.062118 0.000031 
937 5.826119 0.000000 0.361644 99.751240 -7.042971 0.134212 0.000007 
938 5.435343 0.000000 0.723288 99.763680 -6.851885 -0.009753 0.000026 
939 4.849178 0.000000 0.180822 100.028685 -3.046498 -3.401666 -0.002659 
940 4.653790 0.000000 0.180822 99.989350 -3.603596 -3.825889 -0.002549 
941 5.044566 0.000000 0.180822 100.037528 -2.924576 -1.955820 -0.001989 
942 4.849178 0.000000 0.361644 99.747550 -7.069256 -0.070184 0.000045 
943 4.751484 0.000000 -0.090411 100.056844 -2.638263 -2.729846 -0.002578 
944 4.653790 0.000000 -0.090411 100.052198 -2.701541 -2.577715 -0.002439 
945 4.751484 0.000000 -0.180822 99.856955 -5.495648 0.998053 -0.000261 
946 4.849178 0.000000 -0.090411 100.060729 -2.585558 -2.834889 -0.002687 
947 4.751484 0.000000 0.000000 99.903727 -4.828810 -4.093261 -0.002083 
948 5.239954 0.000000 -0.180822 99.903581 -4.840734 -6.446530 -0.004572 
949 5.239954 0.000000 -0.361644 99.651760 -8.440760 -0.973367 -0.000267 
950 5.435343 0.000000 -0.180822 99.880283 -5.177140 -5.298808 -0.003095 
951 5.239954 0.000000 0.000000 99.914849 -4.681118 -4.796253 -0.002789 
952 6.216895 0.000000 -0.361644 99.688838 -7.930478 -1.258877 -0.000234 
953 6.216895 0.000000 -0.723288 99.718382 -7.504476 -0.321479 -0.000018 
954 6.607671 0.000000 -0.361644 99.702832 -7.734236 -1.263354 -0.000207 
955 6.216895 0.000000 0.000000 99.877602 -5.234774 0.899803 -0.000375 
956 5.630731 0.000000 -0.180822 99.863161 -5.424005 -4.540846 -0.002269 
957 5.630731 0.000000 -0.361644 99.665752 -8.246505 -1.139945 -0.000257 
958 5.826119 0.000000 -0.180822 99.851421 -5.608613 -3.942311 -0.001730 
959 5.630731 0.000000 0.000000 99.940090 -4.324511 -0.812390 -0.000738 
960 6.216895 0.000000 0.361644 99.755704 -6.981893 0.178346 0.000002 
961 6.607671 0.000000 0.361644 99.759976 -6.919409 0.201860 0.000003 
962 6.216895 0.000000 0.723288 99.765222 -6.849679 -0.008338 -0.000002 
963 6.021507 0.000000 -0.180822 99.842813 -5.732640 -3.456052 -0.001339 
964 6.021507 0.000000 -0.361644 99.681398 -8.040517 -1.234160 -0.000255 
965 6.216895 0.000000 -0.180822 99.836323 -5.823238 -3.057965 -0.001055 
966 6.021507 0.000000 0.000000 99.874342 -5.282164 1.425950 -0.000482 
967 5.630731 0.000000 0.180822 99.828933 -5.914953 2.344757 -0.000630 
968 5.435343 0.000000 0.180822 99.844972 -5.684370 3.253249 -0.001191 
969 5.826119 0.000000 0.180822 99.822816 -6.018699 1.808624 -0.000409 
970 5.630731 0.000000 0.361644 99.749142 -7.057108 0.101220 0.000030 
971 5.728425 0.000000 -0.090411 100.022090 -3.153025 -2.075937 -0.001867 
972 5.630731 0.000000 -0.090411 100.033586 -2.987191 -2.224362 -0.002059 
973 5.728425 0.000000 -0.180822 99.856556 -5.519911 -4.225492 -0.001966 
974 5.826119 0.000000 -0.090411 100.010052 -3.340377 -1.936069 -0.001692 
975 5.728425 0.000000 0.000000 99.872978 -5.285643 1.474023 -0.000472 
976 3.286073 0.000000 -0.180822 99.791971 -6.442271 1.226471 -0.000144 
977 3.090685 0.000000 -0.180822 99.814738 -6.525743 0.995750 -0.000656 
978 3.286073 0.000000 -0.361644 99.656500 -8.332690 0.009329 -0.000085 
979 3.286073 0.000000 0.000000 99.803200 -6.167151 0.797070 0.000065 
980 2.895297 0.000000 -0.180822 99.828139 -6.645272 0.782156 -0.001043 
981 2.895297 0.000000 -0.361644 99.681956 -8.229555 -0.004767 -0.000422 
982 2.895297 0.000000 0.000000 99.853419 -6.259829 1.002718 -0.001090 
983 3.286073 0.000000 0.180822 99.944097 -4.097041 -0.919047 -0.000645 
984 3.090685 0.000000 0.180822 99.920085 -4.127509 -0.501200 -0.000131 
985 3.286073 0.000000 0.361644 99.761372 -6.788168 -0.132653 0.000157 
986 3.188379 0.000000 -0.090411 99.882500 -5.061840 0.550177 -0.000244 
987 3.090685 0.000000 -0.090411 99.877598 -5.157335 0.501565 -0.000238 
988 3.188379 0.000000 -0.180822 99.806279 -6.470148 1.102168 -0.000437 
989 3.286073 0.000000 -0.090411 99.893174 -4.932837 0.700651 -0.000347 
990 3.188379 0.000000 0.000000 99.816547 -6.227004 0.854641 -0.000285 
991 2.895297 0.000000 0.180822 99.931686 -4.238810 -0.150951 -0.000433 
992 2.895297 0.000000 0.361644 99.781506 -6.770135 -0.078081 -0.000219 
993 2.992991 0.000000 -0.090411 99.886147 -5.269788 0.477253 -0.000524 
994 2.895297 0.000000 -0.090411 99.895372 -5.334767 0.451505 -0.000775 
995 2.992991 0.000000 -0.180822 99.817349 -6.588211 0.879905 -0.000768 
996 2.992991 0.000000 0.000000 99.837722 -6.288582 0.942946 -0.000801 
997 3.188379 0.000000 0.090411 100.425260 3.964437 7.631195 -0.015918 
998 3.090685 0.000000 0.090411 100.174697 0.820517 6.938052 -0.008378 
999 3.286073 0.000000 0.090411 100.948337 10.274838 4.587773 -0.031719 
1000 3.188379 0.000000 0.180822 99.932230 -4.100551 -0.693677 -0.000375 
1001 3.139532 0.000000 -0.045206 99.820314 -6.181960 0.299346 -0.000240 
1002 3.090685 0.000000 -0.045206 99.827739 -6.106076 0.313578 -0.000296 
1003 3.139532 0.000000 -0.090411 99.877101 -5.110763 0.523400 -0.000183 
1004 3.188379 0.000000 -0.045206 99.807905 -6.263799 0.288168 -0.000094 
1005 3.139532 0.000000 0.000000 99.827258 -6.251322 0.873390 -0.000532 
1006 3.774543 0.000000 0.090411 100.099020 -1.989264 -6.446427 -0.006533 
1007 3.676849 0.000000 0.090411 100.162814 -1.066447 -7.300518 -0.008702 
1008 3.774543 0.000000 0.180822 99.944232 -4.214663 -2.206590 -0.001148 
1009 3.823390 0.000000 -0.045206 99.818931 -6.005940 -0.644349 -0.000031 
1010 3.774543 0.000000 -0.045206 99.812147 -6.087989 -0.420285 0.000029 
1011 3.823390 0.000000 -0.090411 99.902888 -4.805337 0.165589 -0.000371 
1012 3.872238 0.000000 -0.045206 99.824701 -5.931338 -0.867419 -0.000090 
1013 3.823390 0.000000 0.000000 100.108505 -1.865109 -2.581572 -0.003186 
1014 4.458402 0.000000 0.180822 99.959640 -4.022085 -3.798160 -0.002253 
1015 4.458402 0.000000 0.361644 99.750613 -7.014634 -0.144935 0.000059 
1016 4.360708 0.000000 -0.090411 100.035827 -2.930777 -1.882833 -0.001930 
1017 4.360708 0.000000 -0.180822 99.863363 -5.397114 1.941643 -0.000559 
1018 4.458402 0.000000 -0.090411 100.041382 -2.849173 -2.149807 -0.002102 
1019 4.360708 0.000000 0.000000 99.904148 -4.813693 -3.946559 -0.001959 
1020 4.556096 0.000000 -0.090411 100.046999 -2.772437 -2.382527 -0.002276 
1021 4.556096 0.000000 -0.180822 99.871730 -5.277560 1.543011 -0.000460 
1022 4.556096 0.000000 0.000000 99.904551 -4.810659 -4.011688 -0.002016 
1023 4.946872 0.000000 -0.090411 100.063588 -2.547154 -2.890665 -0.002757 
1024 4.946872 0.000000 -0.180822 99.875058 -5.242247 0.636010 -0.000291 
1025 5.044566 0.000000 -0.090411 100.065107 -2.527816 -2.897094 -0.002781 
1026 4.946872 0.000000 0.000000 99.902287 -4.854634 -4.241122 -0.002202 
1027 4.360708 0.000000 0.090411 100.007376 -3.337489 -5.035989 -0.003798 
1028 4.263014 0.000000 0.090411 100.014758 -3.234919 -5.047540 -0.003889 
1029 4.458402 0.000000 0.090411 100.040207 -2.868674 -5.241037 -0.004374 
1030 4.360708 0.000000 0.180822 99.948815 -4.174863 -3.643865 -0.002047 
1031 4.556096 0.000000 0.090411 100.078440 -2.325220 -2.669319 -0.002823 
1032 4.653790 0.000000 0.090411 100.048851 -2.751605 -2.840170 -0.002541 
1033 4.556096 0.000000 0.180822 99.973741 -3.823683 -3.864129 -0.002430 
1034 5.239954 0.000000 0.180822 100.018072 -3.206411 7.453212 -0.006945 
1035 5.239954 0.000000 0.361644 99.747115 -7.083180 0.019046 0.000034 
1036 4.946872 0.000000 0.090411 100.012835 -3.274679 -1.945658 -0.001708 
1037 4.849178 0.000000 0.090411 100.027301 -3.065409 -2.292936 -0.002012 
1038 5.044566 0.000000 0.090411 99.994873 -3.533774 -1.632546 -0.001413 
1039 4.946872 0.000000 0.180822 100.052400 -2.709724 -2.713441 -0.002519 
1040 5.142260 0.000000 0.090411 99.976193 -3.802771 -1.360473 -0.001155 
1041 5.142260 0.000000 0.000000 99.906058 -4.804947 -4.548705 -0.002500 
1042 5.239954 0.000000 0.090411 99.957927 -4.065878 -1.119523 -0.000937 
1043 5.142260 0.000000 0.180822 100.124467 -1.683273 -4.707349 -0.004990 
1044 5.826119 0.000000 4.339729 99.759796 -6.927516 -0.004090 -0.000001 
1045 7.389224 0.000000 4.339729 99.759955 -6.924482 -0.005210 0.000000 
1046 5.826119 0.000000 5.786305 99.758981 -6.940430 -0.002380 -0.000002 
1047 5.044566 0.000000 2.169864 99.762099 -6.885068 -0.012195 0.000012 
1048 4.263014 0.000000 2.169864 99.762231 -6.890418 -0.012050 0.000002 
1049 5.826119 0.000000 2.169864 99.763631 -6.888768 -0.014980 -0.000024 
1050 5.044566 0.000000 2.893153 99.761381 -6.909753 -0.007897 -0.000008 
1051 4.653790 0.000000 1.084932 99.763401 -6.851227 -0.021564 0.000032 
1052 4.263014 0.000000 1.084932 99.762787 -6.852989 -0.022000 0.000042 
1053 5.044566 0.000000 1.084932 99.763850 -6.849629 -0.021592 0.000026 
1054 4.653790 0.000000 1.446576 99.762991 -6.862698 -0.018754 0.000025 
1055 4.849178 0.000000 0.542466 99.760891 -6.881106 -0.002190 0.000041 
1056 4.653790 0.000000 0.542466 99.760552 -6.881478 -0.006100 0.000048 
1057 5.044566 0.000000 0.542466 99.761205 -6.880334 0.001834 0.000036 
1058 4.849178 0.000000 0.723288 99.762860 -6.855855 -0.013139 0.000037 
1059 4.946872 0.000000 0.271233 99.686901 -7.937691 -0.140122 -0.000050 
1060 4.849178 0.000000 0.271233 99.687404 -7.928206 -0.305630 -0.000053 
1061 5.044566 0.000000 0.271233 99.688590 -7.915620 0.015839 -0.000047 
1062 4.946872 0.000000 0.361644 99.747178 -7.076817 -0.048389 0.000042 
1063 4.995719 0.000000 0.135617 99.774715 -6.681293 -1.191392 -0.000105 
1064 4.946872 0.000000 0.135617 99.847079 -5.645480 -4.283034 -0.001966 
1065 4.995719 0.000000 0.090411 100.004072 -3.401135 -1.783367 -0.001556 
1066 5.044566 0.000000 0.135617 99.957138 -4.073694 0.445158 -0.000822 
1067 4.995719 0.000000 0.180822 100.051537 -2.723191 -2.239830 -0.002274 
1068 4.751484 0.000000 0.090411 100.037384 -2.918527 -2.603641 -0.002277 
1069 4.751484 0.000000 0.180822 100.006102 -3.366867 -3.689000 -0.002616 
1070 4.898025 0.000000 0.135617 99.927264 -4.497677 -4.328748 -0.002443 
1071 4.849178 0.000000 0.135617 99.951259 -4.153327 -4.167870 -0.002488 
1072 4.898025 0.000000 0.090411 100.020715 -3.160804 -2.117889 -0.001862 
1073 4.898025 0.000000 0.180822 100.042281 -2.853263 -3.124107 -0.002636 
1074 4.995719 0.000000 0.045206 99.888746 -5.049893 -3.229367 -0.001369 
1075 4.946872 0.000000 0.045206 99.896128 -4.943153 -3.308982 -0.001462 
1076 4.995719 0.000000 0.000000 99.902350 -4.854907 -4.298244 -0.002252 
1077 5.044566 0.000000 0.045206 99.880540 -5.168339 -3.147000 -0.001274 
1078 4.971296 0.000000 0.113014 100.066558 -2.507200 -0.969171 -0.002054 
1079 4.946872 0.000000 0.113014 100.058858 -2.616733 -1.097348 -0.001983 
1080 4.971296 0.000000 0.090411 100.008535 -3.336750 -1.863119 -0.001631 
1081 4.995719 0.000000 0.113014 100.068020 -2.486872 -0.829913 -0.002048 
1082 4.971296 0.000000 0.135617 99.772991 -6.705469 -3.302000 -0.001052 
1083 5.435343 0.000000 1.084932 99.764004 -6.847963 -0.021108 0.000025 
1084 5.826119 0.000000 1.084932 99.764574 -6.855152 -0.021265 0.000004 
1085 5.435343 0.000000 1.446576 99.763472 -6.859160 -0.019267 0.000020 
1086 5.239954 0.000000 0.542466 99.761496 -6.878978 0.006086 0.000032 
1087 5.435343 0.000000 0.542466 99.761786 -6.877205 0.010338 0.000029 
1088 5.239954 0.000000 0.723288 99.763467 -6.852693 -0.010899 0.000029 
1089 5.142260 0.000000 0.271233 99.692054 -7.867867 0.155791 -0.000043 
1090 5.239954 0.000000 0.271233 99.696813 -7.801571 0.275800 -0.000040 
1091 5.142260 0.000000 0.361644 99.746968 -7.083556 -0.003303 0.000037 
1092 5.093413 0.000000 0.135617 100.033651 -2.980553 0.671569 -0.001607 
1093 5.093413 0.000000 0.090411 99.985536 -3.668304 -1.492288 -0.001279 
1094 5.142260 0.000000 0.135617 100.048699 -2.766279 0.958752 -0.001831 
1095 5.093413 0.000000 0.180822 100.027471 -3.069372 -2.349645 -0.002044 
1096 -8.241827 0.000000 -8.679458 99.756114 -6.978974 0.000266 0.000001 
1097 -11.368037 0.000000 -8.679458 99.756217 -6.977840 0.000240 0.000001 
1098 -8.241827 0.000000 -11.572610 99.756105 -6.979298 0.000217 0.000001 
1099 10.515434 0.000000 -8.679458 99.754160 -7.006512 -0.002590 0.000002 
1100 10.515434 0.000000 -11.572610 99.754836 -6.997155 -0.001345 0.000001 
1101 13.641644 0.000000 -8.679458 99.754094 -7.007903 -0.003561 0.000001 
1102 -8.241827 0.000000 8.679458 99.756675 -6.972578 0.000303 -0.000001 
1103 -11.368037 0.000000 8.679458 99.756577 -6.973601 0.000257 -0.000001 
1104 -8.241827 0.000000 11.572610 99.756701 -6.972231 0.000238 -0.000001 
1105 -3.552511 0.000000 -4.339729 99.755661 -6.981863 0.000376 0.000006 
1106 -5.115617 0.000000 -4.339729 99.755915 -6.979785 0.000412 0.000004 
1107 -3.552511 0.000000 -5.786305 99.755726 -6.982492 0.000324 0.000004 
1108 10.515434 0.000000 8.679458 99.758298 -6.948925 -0.002070 -0.000001 
1109 13.641644 0.000000 8.679458 99.758374 -6.947590 -0.002790 -0.000000 
1110 10.515434 0.000000 11.572610 99.757787 -6.956385 -0.001149 -0.000001 
1111 5.826119 0.000000 -4.339729 99.751464 -7.040370 -0.005717 0.000008 
1112 5.826119 0.000000 -5.786305 99.753033 -7.019817 -0.002910 0.000005 
1113 7.389224 0.000000 -4.339729 99.751376 -7.043663 -0.007927 0.000005 
1114 -3.552511 0.000000 4.339729 99.756911 -6.970584 0.000772 -0.000003 
1115 -5.115617 0.000000 4.339729 99.756705 -6.972175 0.000604 -0.000001 
1116 -3.552511 0.000000 5.786305 99.757024 -6.969791 0.000578 -0.000004 
1117 -1.207854 0.000000 -2.169864 99.759094 -6.990192 -0.006431 -0.000074 
1118 -1.989406 0.000000 -2.169864 99.753698 -6.978479 0.001141 0.000050 
1119 -1.207854 0.000000 -2.893153 99.753384 -6.986228 0.000526 0.000046 
1120 3.481461 0.000000 -2.169864 99.740905 -7.117371 -0.013860 0.000109 
1121 3.481461 0.000000 -2.893153 99.746562 -7.068633 -0.006234 0.000066 
1122 4.263014 0.000000 -2.169864 99.742488 -7.125136 -0.018708 0.000067 
1123 -1.207854 0.000000 2.169864 99.763034 -6.971396 0.010218 -0.000126 
1124 -1.989406 0.000000 2.169864 99.756612 -6.959755 0.003117 0.000018 
1125 -1.207854 0.000000 2.893153 99.762150 -6.959349 0.007648 -0.000092 
1126 -0.817078 0.000000 -1.084932 99.742153 -6.987722 -0.004489 0.000267 
1127 -1.207854 0.000000 -1.084932 99.745936 -6.989872 0.007088 0.000189 
1128 -0.817078 0.000000 -1.446576 99.755319 -6.988399 -0.012001 0.000004 
1129 3.481461 0.000000 2.169864 99.759315 -6.902027 -0.009479 0.000044 
1130 3.481461 0.000000 2.893153 99.762458 -6.915112 -0.007873 -0.000037 
1131 -0.230913 0.000000 -0.542466 99.638295 -7.024562 0.038566 0.002286 
1132 -0.426301 0.000000 -0.542466 99.714492 -7.006310 0.036573 0.000793 
1133 -0.230913 0.000000 -0.723288 99.666392 -7.030405 -0.004881 0.001718 
1134 0.941416 0.000000 -0.542466 99.777888 -7.246466 0.007636 -0.000814 
1135 0.941416 0.000000 -0.723288 99.746042 -7.132158 0.009584 -0.000014 
1136 -0.817078 0.000000 1.084932 99.745930 -6.974959 0.008254 0.000210 
1137 -1.207854 0.000000 1.084932 99.751148 -6.977765 0.003066 0.000102 
1138 -0.817078 0.000000 1.446576 99.758916 -6.975782 0.016529 -0.000050 
1139 -0.230913 0.000000 0.542466 99.653650 -7.023684 -0.021974 0.001982 
1140 -0.426301 0.000000 0.542466 99.729535 -7.004648 -0.011993 0.000495 
1141 -0.230913 0.000000 0.723288 99.691374 -7.014385 0.027440 0.001243 
1142 -0.133219 0.000000 -0.271233 99.693216 -7.206167 0.520911 0.000906 
1143 -0.230913 0.000000 -0.271233 99.801520 -7.003300 0.412005 -0.000956 
1144 -0.133219 0.000000 -0.361644 99.439882 -7.097974 0.229968 0.006128 
1145 0.941416 0.000000 0.542466 99.834344 -7.204705 -0.014310 -0.001880 
1146 0.941416 0.000000 0.723288 99.800353 -7.085495 -0.011076 -0.001031 
1147 -0.133219 0.000000 0.271233 99.650891 -7.215231 -0.546508 0.001734 
1148 -0.230913 0.000000 0.271233 99.800855 -6.960764 -0.400856 -0.000882 
1149 -0.133219 0.000000 0.361644 99.450927 -7.088813 -0.215790 0.005922 
1150 0.037745 0.000000 -0.113014 88.569054 -8.867684 -2.031726 0.207276 
1151 0.013322 0.000000 -0.113014 87.685746 -8.447297 4.174940 0.222242 
1152 0.037745 0.000000 -0.135617 92.648701 -8.296112 -0.976639 0.134644 
1153 0.648333 0.000000 -0.271233 101.569681 -11.172769 0.003095 -0.044123 
1154 0.648333 0.000000 -0.361644 99.803200 -7.542296 0.125379 -0.001758 
1155 0.746027 0.000000 -0.271233 102.611755 -10.262035 0.006488 -0.063448 
1156 0.648333 0.000000 0.271233 101.589672 -11.156858 0.002332 -0.044494 
1157 0.746027 0.000000 0.271233 102.622570 -10.266068 0.001586 -0.063678 
1158 0.648333 0.000000 0.361644 99.844844 -7.529420 -0.126075 -0.002570 
1159 0.037745 0.000000 0.113014 88.513764 -8.880583 2.038476 0.208229 
1160 0.013322 0.000000 0.113014 87.638515 -8.464509 -4.182155 0.223035 
1161 0.037745 0.000000 0.135617 92.607512 -8.307607 0.990037 0.135385 
1162 0.098804 0.000000 -0.079110 92.591968 -12.455532 -15.425499 0.103364 
1163 0.098804 0.000000 -0.090411 92.706953 -12.546917 -15.505587 0.100757 
1164 0.098804 0.000000 -0.067808 92.584604 -12.443038 -15.415894 0.103561 
1165 0.098804 0.000000 0.079110 92.533921 -12.414499 15.416780 0.104568 
1166 0.098804 0.000000 0.067808 92.528009 -12.398919 15.407388 0.104745 
1167 0.098804 0.000000 0.090411 92.630373 -12.555865 15.494556 0.102188 
1168 0.233134 0.000000 -0.067808 85.161868 -0.066050 -6.293793 0.270784 
1169 0.233134 0.000000 -0.045206 86.616207 -0.049929 -4.738959 0.247517 
1170 0.184287 0.000000 -0.113014 99.776770 -11.238349 -9.985925 -0.018142 
1171 0.184287 0.000000 -0.135617 99.281155 -9.930510 -7.768199 -0.001571 
1172 0.233134 0.000000 0.067808 85.205515 -0.044646 6.308278 0.270022 
1173 0.233134 0.000000 0.045206 86.632549 -0.041308 4.773256 0.247202 
1174 0.184287 0.000000 0.113014 99.741196 -11.203923 10.001310 -0.017386 
1175 0.184287 0.000000 0.135617 99.282412 -9.871072 7.773077 -0.001486 
1176 0.501792 0.000000 -0.045206 100.476346 -8.025548 0.003278 -0.015991 
1177 0.550639 0.000000 -0.045206 101.582387 -6.741919 0.003179 -0.036443 
1178 0.501792 0.000000 0.000000 101.583981 -6.522744 0.003444 -0.036185 
1179 0.501792 0.000000 0.045206 100.483719 -8.019324 0.001167 -0.016129 
1180 0.550639 0.000000 0.045206 101.585256 -6.740063 0.003626 -0.036499 
1181 0.428522 0.000000 -0.067808 99.140776 -10.838539 0.002999 0.005363 
1182 0.452945 0.000000 -0.067808 99.294657 -9.335854 0.003945 0.005341 
1183 0.428522 0.000000 -0.045206 99.318786 -11.593318 0.001832 0.000137 
1184 0.367463 0.000000 -0.101712 105.187570 -12.599149 -3.284092 -0.123395 
1185 0.367463 0.000000 -0.113014 105.218871 -12.609189 -2.765153 -0.123765 
1186 0.367463 0.000000 -0.090411 105.506877 -12.603059 -3.020559 -0.129966 
1187 0.428522 0.000000 0.067808 99.159368 -10.823005 -0.001942 0.005028 
1188 0.428522 0.000000 0.045206 99.336319 -11.575943 -0.001046 -0.000171 
1189 0.452945 0.000000 0.067808 99.313371 -9.323203 -0.001283 0.004993 
1190 0.367463 0.000000 0.101712 105.278607 -12.592396 3.286066 -0.125295 
1191 0.367463 0.000000 0.090411 105.600959 -12.593378 3.021969 -0.131929 
1192 0.367463 0.000000 0.113014 105.306632 -12.591865 2.766382 -0.125569 
1193 1.722968 0.000000 -0.542466 99.712461 -7.436032 0.032428 0.000213 
1194 1.722968 0.000000 -0.723288 99.652074 -7.289337 0.012536 0.001633 
1195 1.722968 0.000000 0.542466 99.867256 -7.186788 -0.168774 -0.002515 
1196 1.722968 0.000000 0.723288 99.770700 -7.060899 -0.088910 -0.000406 
1197 1.429886 0.000000 -0.271233 100.758400 -11.541742 0.082325 -0.028547 
1198 1.429886 0.000000 -0.361644 99.683104 -7.634444 0.171176 0.000496 
1199 1.527580 0.000000 -0.271233 101.477660 -12.228501 -0.100095 -0.044726 
1200 1.429886 0.000000 0.271233 101.309857 -11.755612 -0.029346 -0.040188 
1201 1.527580 0.000000 0.271233 101.868931 -12.833515 -0.199935 -0.054202 
1202 1.429886 0.000000 0.361644 100.010729 -7.544701 -0.176655 -0.005910 
1203 8.952329 0.000000 -4.339729 99.751357 -7.045251 -0.010048 0.000003 
1204 8.952329 0.000000 -5.786305 99.752804 -7.024924 -0.005276 0.000003 
1205 10.515434 0.000000 -4.339729 99.751371 -7.045863 -0.012093 0.000002 
1206 5.044566 0.000000 -2.169864 99.743710 -7.126985 -0.023391 0.000040 
1207 5.044566 0.000000 -2.893153 99.747623 -7.087995 -0.012215 0.000017 
1208 5.826119 0.000000 -2.169864 99.743482 -7.130950 -0.030584 0.000039 
1209 6.607671 0.000000 -2.169864 99.745011 -7.131890 -0.032896 0.000007 
1210 6.607671 0.000000 -2.893153 99.748243 -7.086175 -0.017232 0.000007 
1211 7.389224 0.000000 -2.169864 99.745184 -7.131171 -0.037470 0.000004 
1212 3.090685 0.000000 -1.084932 99.720378 -7.332405 -0.045496 0.000208 
1213 3.090685 0.000000 -1.446576 99.731993 -7.210792 -0.021101 0.000153 
1214 3.481461 0.000000 -1.084932 99.727667 -7.343094 -0.052333 0.000047 
1215 3.872238 0.000000 -1.084932 99.726019 -7.347048 -0.072548 0.000074 
1216 3.872238 0.000000 -1.446576 99.733437 -7.229963 -0.040430 0.000097 
1217 4.263014 0.000000 -1.084932 99.726089 -7.344709 -0.087328 0.000075 
1218 2.504521 0.000000 -0.542466 99.600006 -7.845552 -0.129012 0.001827 
1219 2.504521 0.000000 -0.723288 99.632802 -7.565081 -0.071182 0.001607 
1220 2.699909 0.000000 -0.542466 99.660644 -7.862927 -0.144776 0.000591 
1221 8.952329 0.000000 4.339729 99.760063 -6.922835 -0.006378 0.000000 
1222 10.515434 0.000000 4.339729 99.760125 -6.922002 -0.007555 0.000000 
1223 8.952329 0.000000 5.786305 99.759194 -6.935826 -0.003786 -0.000000 
1224 6.607671 0.000000 2.169864 99.762529 -6.884847 -0.013871 0.000004 
1225 7.389224 0.000000 2.169864 99.762627 -6.884156 -0.015344 0.000003 
1226 6.607671 0.000000 2.893153 99.761348 -6.902904 -0.009173 0.000002 
1227 3.872238 0.000000 1.084932 99.760738 -6.861260 -0.019851 0.000072 
1228 3.481461 0.000000 1.084932 99.762027 -6.868030 -0.028020 0.000037 
1229 3.872238 0.000000 1.446576 99.762535 -6.872887 -0.018695 0.000020 
1230 3.090685 0.000000 1.084932 99.753877 -6.878413 -0.023363 0.000185 
1231 3.090685 0.000000 1.446576 99.756785 -6.887940 -0.019573 0.000114 
1232 2.504521 0.000000 0.542466 99.672778 -6.972652 -0.015044 0.001672 
1233 2.699909 0.000000 0.542466 99.744521 -6.941487 -0.017542 0.000285 
1234 2.504521 0.000000 0.723288 99.712142 -6.936174 -0.049044 0.000938 
1235 2.895297 0.000000 -0.542466 99.675026 -7.861306 -0.148097 0.000307 
1236 2.895297 0.000000 -0.723288 99.688103 -7.591280 -0.101934 0.000464 
1237 3.090685 0.000000 -0.542466 99.682646 -7.868381 -0.158072 0.000143 
1238 3.286073 0.000000 -0.542466 99.685142 -7.882255 -0.175418 0.000071 
1239 3.286073 0.000000 -0.723288 99.702904 -7.606793 -0.120804 0.000145 
1240 3.481461 0.000000 -0.542466 99.685577 -7.881714 -0.201052 0.000062 
1241 2.406827 0.000000 -0.271233 99.536605 -7.961718 -0.515603 0.002881 
1242 2.406827 0.000000 -0.361644 99.371297 -8.139847 -0.341916 0.005897 
1243 2.504521 0.000000 -0.271233 99.761660 -7.931099 -0.210048 -0.001534 
1244 2.895297 0.000000 0.542466 99.755223 -6.892608 -0.025753 0.000139 
1245 3.090685 0.000000 0.542466 99.752550 -6.901172 -0.022022 0.000180 
1246 2.895297 0.000000 0.723288 99.751391 -6.884650 -0.030829 0.000226 
1247 2.406827 0.000000 0.271233 99.600406 -6.366334 0.608384 0.003886 
1248 2.504521 0.000000 0.271233 99.828542 -6.283327 0.374617 -0.000536 
1249 2.406827 0.000000 0.361644 99.441714 -6.908239 0.242580 0.006356 
1250 2.357979 0.000000 -0.135617 101.313553 -6.477425 -3.709726 -0.032016 
1251 2.357979 0.000000 -0.180822 99.638375 -7.084107 -2.176971 0.001727 
1252 2.406827 0.000000 -0.135617 101.286800 -6.269888 -1.830660 -0.030168 
1253 2.284709 0.000000 -0.113014 91.261741 -6.641489 -12.631421 0.146763 
1254 2.284709 0.000000 -0.135617 94.101590 -6.863164 -5.882552 0.106318 
1255 2.309132 0.000000 -0.113014 100.413967 -6.344695 -11.046805 -0.024525 
1256 2.357979 0.000000 0.135617 101.156707 -4.065367 5.272638 -0.027701 
1257 2.406827 0.000000 0.135617 101.191445 -3.820414 3.507648 -0.026661 
1258 2.357979 0.000000 0.180822 99.525341 -5.021129 2.890779 0.006114 
1259 2.284709 0.000000 0.113014 90.200093 -4.290646 14.600887 0.163235 
1260 2.309132 0.000000 0.113014 99.953227 -3.888767 13.340649 -0.018374 
1261 2.284709 0.000000 0.135617 93.554899 -4.559515 7.051881 0.117696 
1262 4.653790 0.000000 -1.084932 99.727364 -7.342563 -0.098944 0.000053 
1263 4.653790 0.000000 -1.446576 99.735204 -7.231532 -0.052915 0.000059 
1264 5.044566 0.000000 -1.084932 99.728291 -7.339185 -0.110147 0.000039 
1265 5.435343 0.000000 -1.084932 99.729469 -7.335974 -0.119642 0.000020 
1266 5.435343 0.000000 -1.446576 99.736736 -7.228659 -0.064309 0.000033 
1267 5.826119 0.000000 -1.084932 99.730481 -7.336285 -0.130630 -0.000001 
1268 3.676849 0.000000 -0.542466 99.686525 -7.879461 -0.228521 0.000046 
1269 3.676849 0.000000 -0.723288 99.708592 -7.605007 -0.143336 0.000034 
1270 3.872238 0.000000 -0.542466 99.688673 -7.877005 -0.256573 0.000006 
1271 4.067626 0.000000 -0.542466 99.689971 -7.868175 -0.284247 -0.000008 
1272 4.067626 0.000000 -0.723288 99.708996 -7.600141 -0.178334 0.000032 
1273 4.263014 0.000000 -0.542466 99.690567 -7.863175 -0.317193 -0.000014 
1274 4.458402 0.000000 -0.542466 99.691668 -7.845909 -0.344229 -0.000011 
1275 4.458402 0.000000 -0.723288 99.709847 -7.585417 -0.211889 0.000036 
1276 4.653790 0.000000 -0.542466 99.693061 -7.833847 -0.371912 -0.000021 
1277 4.849178 0.000000 -0.542466 99.694547 -7.818733 -0.399098 -0.000029 
1278 4.849178 0.000000 -0.723288 99.711828 -7.570998 -0.239059 0.000017 
1279 5.044566 0.000000 -0.542466 99.696070 -7.802225 -0.425363 -0.000036 
1280 4.458402 0.000000 0.542466 99.760194 -6.881204 -0.009779 0.000055 
1281 4.263014 0.000000 0.542466 99.759195 -6.884381 -0.009132 0.000071 
1282 4.458402 0.000000 0.723288 99.762099 -6.858121 -0.015728 0.000049 
1283 4.165320 0.000000 0.090411 100.022771 -3.116814 -5.092872 -0.004021 
1284 4.165320 0.000000 0.180822 99.939207 -4.313611 -3.211582 -0.001677 
1285 3.921085 0.000000 -0.045206 99.830126 -5.855990 -1.088686 -0.000153 
1286 3.921085 0.000000 -0.090411 100.012362 -3.249913 -0.086864 -0.001304 
1287 3.921085 0.000000 0.000000 99.945860 -4.201135 -3.676490 -0.002034 
1288 6.216895 0.000000 -1.084932 99.730777 -7.324167 -0.142478 0.000011 
1289 6.216895 0.000000 -1.446576 99.737333 -7.227873 -0.077672 0.000022 
1290 6.607671 0.000000 -1.084932 99.732049 -7.316828 -0.149145 -0.000004 
1291 5.239954 0.000000 -0.542466 99.697643 -7.783518 -0.450716 -0.000041 
1292 5.239954 0.000000 -0.723288 99.713630 -7.554085 -0.264568 0.000006 
1293 5.435343 0.000000 -0.542466 99.699355 -7.762896 -0.474456 -0.000045 
1294 5.630731 0.000000 -0.542466 99.701207 -7.739090 -0.496374 -0.000047 
1295 5.630731 0.000000 -0.723288 99.715575 -7.533425 -0.287764 -0.000003 
1296 5.826119 0.000000 -0.542466 99.703393 -7.724541 -0.517082 -0.000070 
1297 6.216895 0.000000 1.084932 99.765341 -6.851681 -0.023780 -0.000007 
1298 6.607671 0.000000 1.084932 99.765061 -6.849388 -0.022582 0.000002 
1299 6.216895 0.000000 1.446576 99.764764 -6.863332 -0.022470 -0.000011 
1300 5.630731 0.000000 0.542466 99.762067 -6.873446 0.014921 0.000029 
1301 5.826119 0.000000 0.542466 99.762751 -6.879034 0.018968 0.000007 
1302 5.630731 0.000000 0.723288 99.763853 -6.849202 -0.008404 0.000026 
1303 4.751484 0.000000 0.271233 99.690351 -7.883593 -0.471732 -0.000054 
1304 4.653790 0.000000 0.271233 99.695734 -7.803908 -0.627765 -0.000053 
1305 4.751484 0.000000 0.361644 99.748092 -7.059123 -0.091189 0.000048 
1306 5.142260 0.000000 -0.090411 100.064964 -2.531905 -2.857101 -0.002757 
1307 5.142260 0.000000 -0.180822 99.947304 -4.213684 -7.573646 -0.006458 
1308 5.239954 0.000000 -0.090411 100.062865 -2.563791 -2.776142 -0.002686 
1309 6.021507 0.000000 -0.542466 99.705241 -7.699146 -0.535936 -0.000070 
1310 6.021507 0.000000 -0.723288 99.717705 -7.520577 -0.309366 -0.000028 
1311 6.216895 0.000000 -0.542466 99.707018 -7.668691 -0.555080 -0.000061 
1312 6.021507 0.000000 0.180822 99.818566 -6.080290 1.442346 -0.000280 
1313 6.216895 0.000000 0.180822 99.815517 -6.124540 1.175019 -0.000203 
1314 6.021507 0.000000 0.361644 99.753231 -7.015213 0.160670 0.000005 
1315 6.021507 0.000000 0.542466 99.763070 -6.875113 0.022653 0.000006 
1316 6.216895 0.000000 0.542466 99.763807 -6.867979 0.023819 0.000001 
1317 6.021507 0.000000 0.723288 99.764579 -6.854149 -0.006787 0.000005 
1318 2.992991 0.000000 0.090411 100.086895 -0.944968 5.987745 -0.005413 
1319 2.895297 0.000000 0.090411 100.046247 -1.932079 5.184761 -0.003987 
1320 2.992991 0.000000 0.180822 99.919567 -4.177095 -0.312270 -0.000147 
1321 4.556096 0.000000 0.271233 99.703251 -7.693369 -0.763771 -0.000051 
1322 4.458402 0.000000 0.271233 99.712362 -7.559943 -0.872486 -0.000047 
1323 4.556096 0.000000 0.361644 99.749637 -7.031669 -0.128980 0.000055 
1324 4.360708 0.000000 0.271233 99.722256 -7.415041 -0.946838 -0.000041 
1325 4.263014 0.000000 0.271233 99.733212 -7.264677 -0.997862 -0.000048 
1326 4.360708 0.000000 0.361644 99.751413 -6.998370 -0.154974 0.000065 
1327 4.898025 0.000000 0.045206 99.902697 -4.848048 -3.387510 -0.001553 
1328 4.849178 0.000000 0.045206 99.908470 -4.764233 -3.466036 -0.001641 
1329 4.898025 0.000000 0.000000 99.902494 -4.850483 -4.193792 -0.002162 
1330 5.093413 0.000000 0.045206 99.871512 -5.298471 -3.060047 -0.001176 
1331 5.093413 0.000000 0.000000 99.903988 -4.833672 -4.450009 -0.002397 
1332 5.142260 0.000000 0.045206 99.861650 -5.440377 -2.965398 -0.001074 
1333 3.286073 0.000000 0.542466 99.754394 -6.894263 -0.020630 0.000153 
1334 3.481461 0.000000 0.542466 99.755135 -6.889291 -0.018978 0.000145 
1335 3.286073 0.000000 0.723288 99.754633 -6.879922 -0.022177 0.000168 
1336 4.067626 0.000000 0.542466 99.758769 -6.884427 -0.012152 0.000079 
1337 3.872238 0.000000 0.542466 99.758062 -6.888588 -0.015072 0.000088 
1338 4.067626 0.000000 0.723288 99.761536 -6.864170 -0.020021 0.000052 
1339 3.676849 0.000000 0.542466 99.756284 -6.887078 -0.017522 0.000125 
1340 3.676849 0.000000 0.723288 99.760483 -6.870479 -0.025828 0.000064 
1341 4.165320 0.000000 0.271233 99.743473 -7.114755 -1.017055 -0.000041 
1342 4.067626 0.000000 0.271233 99.752606 -6.972641 -1.009043 -0.000022 
1343 4.165320 0.000000 0.361644 99.754463 -6.959692 -0.178366 0.000058 
1344 3.969932 0.000000 0.271233 99.761577 -6.840063 -0.983937 -0.000013 
1345 3.872238 0.000000 0.271233 99.769684 -6.719520 -0.942966 -0.000003 
1346 3.969932 0.000000 0.361644 99.756224 -6.917401 -0.183745 0.000081 
1347 3.774543 0.000000 0.271233 99.776935 -6.609123 -0.892894 0.000009 
1348 3.676849 0.000000 0.271233 99.782051 -6.513418 -0.827193 0.000043 
1349 3.774543 0.000000 0.361644 99.758375 -6.871534 -0.180816 0.000102 
1 11 62 60 61 
2 62 10 24 60 
3 60 24 14 63 
4 61 60 63 6 
5 24 66 64 65 
6 66 23 40 64 
7 64 40 27 67 
8 65 64 67 14 
9 40 70 68 69 
10 69 68 71 27 
11 6 63 92 93 
12 63 14 36 92 
13 92 36 19 94 
14 93 92 94 20 
15 14 67 95 96 
16 67 27 52 95 
17 95 52 35 97 
18 96 95 97 36 
19 27 71 98 99 
20 99 98 100 52 
21 68 112 110 111 
22 112 56 80 110 
23 110 80 43 113 
24 111 110 113 71 
25 80 116 114 115 
26 115 114 117 43 
27 71 113 133 134 
28 113 43 102 133 
29 133 102 76 135 
30 134 133 135 98 
31 43 117 136 137 
32 137 136 138 102 
33 114 141 139 140 
34 141 106 129 139 
35 139 129 83 142 
36 140 139 142 117 
37 129 149 147 148 
38 147 150 132 151 
39 148 147 151 83 
40 117 142 152 153 
41 142 83 144 152 
42 152 144 125 154 
43 153 152 154 136 
44 83 151 155 156 
45 151 132 157 155 
46 156 155 158 144 
47 12 161 159 160 
48 161 7 162 159 
49 159 162 13 25 
50 160 159 25 10 
51 25 165 163 164 
52 165 13 166 163 
53 163 166 26 41 
54 164 163 41 23 
55 41 169 167 168 
56 169 26 170 167 
57 167 170 42 57 
58 168 167 57 39 
59 39 173 171 172 
60 173 57 174 171 
61 171 174 55 81 
62 172 171 81 56 
63 81 177 175 176 
64 177 55 178 175 
65 175 178 82 107 
66 176 175 107 79 
67 79 181 179 180 
68 181 107 182 179 
69 179 182 105 130 
70 180 179 130 106 
71 106 185 183 184 
72 185 130 186 183 
73 184 183 149 129 
74 195 197 109 198 
75 150 195 198 132 
76 149 201 199 200 
77 201 128 202 199 
78 199 202 150 203 
79 200 199 203 147 
80 132 198 210 157 
81 198 109 211 210 
82 19 38 213 214 
83 38 21 215 213 
84 213 215 9 216 
85 214 213 216 22 
86 35 54 217 218 
87 54 37 219 217 
88 217 219 21 220 
89 218 217 220 38 
90 51 78 221 222 
91 78 53 223 221 
92 221 223 37 224 
93 222 221 224 54 
94 76 104 225 226 
95 104 75 227 225 
96 225 227 78 228 
97 226 225 228 51 
98 101 127 229 230 
99 127 103 231 229 
100 229 231 75 232 
101 230 229 232 104 
102 125 146 233 234 
103 146 124 235 233 
104 233 235 127 236 
105 234 233 236 101 
106 144 158 237 238 
107 237 239 146 240 
108 238 237 240 125 
109 155 243 241 242 
110 243 157 244 241 
111 241 244 143 245 
112 242 241 245 158 
113 130 247 246 186 
114 247 105 248 246 
115 249 251 195 252 
116 202 249 252 150 
117 186 255 253 254 
118 255 246 256 253 
119 253 256 196 250 
120 254 253 250 128 
121 128 259 257 258 
122 259 250 260 257 
123 257 260 249 261 
124 258 257 261 202 
125 262 263 124 264 
126 239 262 264 146 
127 157 266 265 244 
128 266 210 267 265 
129 143 268 269 270 
130 268 212 271 269 
131 269 271 262 272 
132 270 269 272 239 
133 244 275 273 274 
134 275 265 276 273 
135 273 276 268 277 
136 274 273 277 143 
137 278 280 194 281 
138 197 278 281 109 
139 283 131 284 282 
140 282 284 197 285 
141 251 282 285 195 
142 107 287 286 182 
143 287 82 288 286 
144 286 288 108 192 
145 182 286 192 105 
146 105 290 289 248 
147 290 192 291 289 
148 246 293 292 256 
149 293 248 294 292 
150 292 294 131 283 
151 256 292 283 196 
152 196 297 295 296 
153 297 283 298 295 
154 295 298 282 299 
155 296 295 299 251 
156 109 281 300 211 
157 281 194 301 300 
158 210 304 303 267 
159 304 211 305 303 
160 303 305 145 306 
161 124 209 307 235 
162 209 126 308 307 
163 307 308 103 309 
164 235 307 309 127 
165 310 311 209 312 
166 263 310 312 124 
167 212 306 313 271 
168 306 145 314 313 
169 313 314 263 315 
170 271 313 315 262 
171 267 318 316 317 
172 318 303 319 316 
173 316 319 306 320 
174 317 316 320 212 
175 131 322 321 284 
176 322 279 323 321 
177 321 323 278 324 
178 284 321 324 197 
179 211 326 325 305 
180 326 300 327 325 
181 325 327 302 328 
182 305 325 328 145 
183 192 334 333 291 
184 334 108 335 333 
185 289 339 337 338 
186 339 291 340 337 
187 337 340 191 341 
188 338 337 341 279 
189 345 347 126 348 
190 311 345 348 209 
191 302 351 349 350 
192 351 207 352 349 
193 349 352 311 353 
194 350 349 353 310 
195 354 355 59 356 
196 280 354 356 194 
197 291 358 357 340 
198 358 333 359 357 
199 357 359 336 360 
200 191 360 361 362 
201 360 336 363 361 
202 361 363 354 364 
203 362 361 364 280 
204 340 367 365 366 
205 367 357 368 365 
206 365 368 360 369 
207 366 365 369 191 
208 194 356 370 301 
209 356 59 371 370 
210 373 346 374 372 
211 372 374 345 375 
212 352 372 375 311 
213 301 378 376 377 
214 378 370 379 376 
215 376 379 346 373 
216 377 376 373 207 
217 207 382 380 381 
218 382 373 383 380 
219 380 383 372 384 
220 381 380 384 352 
221 57 386 385 174 
222 386 42 387 385 
223 385 387 58 89 
224 174 385 89 55 
225 55 389 388 178 
226 389 89 390 388 
227 388 390 88 188 
228 178 388 188 82 
229 82 392 391 288 
230 392 188 393 391 
231 391 393 187 330 
232 288 391 330 108 
233 108 395 394 335 
234 395 330 396 394 
235 333 399 398 359 
236 399 335 400 398 
237 359 398 401 336 
238 75 123 402 227 
239 123 77 403 402 
240 402 403 53 404 
241 227 402 404 78 
242 103 206 405 231 
243 206 121 406 405 
244 405 406 123 407 
245 231 405 407 75 
246 126 344 408 308 
247 344 204 409 408 
248 408 409 206 410 
249 308 408 410 103 
250 411 413 344 414 
251 347 411 414 126 
252 346 416 415 374 
253 415 417 347 418 
254 374 415 418 345 
255 419 420 332 421 
256 355 419 421 59 
257 335 423 422 400 
258 423 394 424 422 
259 336 401 426 363 
260 401 193 427 426 
261 426 427 355 428 
262 363 426 428 354 
263 398 431 429 430 
264 431 400 432 429 
265 429 432 193 433 
266 430 429 433 401 
267 59 421 434 371 
268 421 332 435 434 
269 370 437 436 379 
270 437 371 438 436 
271 436 438 208 416 
272 379 436 416 346 
273 439 441 411 442 
274 417 439 442 347 
275 416 445 443 444 
276 445 208 446 443 
277 443 446 417 447 
278 444 443 447 415 
279 88 453 452 189 
280 453 90 454 452 
281 452 454 5 455 
282 189 452 455 91 
283 187 457 456 331 
284 457 189 458 456 
285 456 458 91 459 
286 331 456 459 190 
287 330 461 460 396 
288 461 187 462 460 
289 460 462 331 463 
290 396 460 463 329 
291 394 465 464 424 
292 465 396 466 464 
293 464 466 329 467 
294 424 464 467 397 
295 193 425 468 427 
296 425 397 469 468 
297 468 469 419 470 
298 427 468 470 355 
299 422 473 471 472 
300 473 424 474 471 
301 471 474 397 475 
302 472 471 475 425 
303 371 477 476 438 
304 477 434 478 476 
305 476 478 412 440 
306 438 476 440 208 
307 91 455 482 205 
308 455 5 483 482 
309 482 483 122 484 
310 205 482 484 121 
311 190 459 485 343 
312 459 91 486 485 
313 485 486 205 487 
314 343 485 487 204 
315 342 489 488 413 
316 489 343 490 488 
317 488 490 204 491 
318 413 488 491 344 
319 412 493 492 441 
320 493 342 494 492 
321 492 494 413 495 
322 441 492 495 411 
323 440 498 496 497 
324 498 412 499 496 
325 496 499 441 500 
326 497 496 500 439 
327 454 510 508 509 
328 508 511 504 512 
329 509 508 512 5 
330 5 512 513 514 
331 512 504 515 513 
332 514 513 516 483 
333 7 518 517 162 
334 518 16 519 517 
335 517 519 15 32 
336 162 517 32 13 
337 13 521 520 166 
338 521 32 522 520 
339 520 522 31 48 
340 166 520 48 26 
341 26 524 523 170 
342 524 48 525 523 
343 523 525 47 85 
344 170 523 85 42 
345 42 527 526 387 
346 527 85 528 526 
347 526 528 84 449 
348 387 526 449 58 
349 58 531 529 530 
350 531 449 532 529 
351 529 532 448 502 
352 530 529 502 90 
353 90 535 533 534 
354 535 502 536 533 
355 533 536 501 510 
356 534 533 510 454 
357 538 17 539 537 
358 537 539 8 540 
359 448 554 553 503 
360 554 450 555 553 
361 553 555 87 556 
362 503 553 556 451 
363 501 558 557 511 
364 558 503 559 557 
365 557 559 451 560 
366 511 557 560 504 
367 510 563 561 562 
368 563 501 564 561 
369 561 564 511 565 
370 562 561 565 508 
371 540 8 567 566 
372 566 567 29 568 
373 451 556 578 506 
374 556 87 579 578 
375 578 579 480 580 
376 506 578 580 479 
377 504 560 581 515 
378 560 451 582 581 
379 581 582 506 583 
380 515 581 583 505 
381 21 46 584 215 
382 46 28 585 584 
383 584 585 30 586 
384 215 584 586 9 
385 37 74 587 219 
386 74 44 588 587 
387 587 588 46 589 
388 219 587 589 21 
389 53 120 590 223 
390 120 72 591 590 
391 590 591 74 592 
392 223 590 592 37 
393 77 481 593 403 
394 481 118 594 593 
395 593 594 120 595 
396 403 593 595 53 
397 122 507 596 597 
398 507 479 598 596 
399 596 598 481 599 
400 597 596 599 77 
401 483 516 600 601 
402 516 505 602 600 
403 600 602 507 603 
404 601 600 603 122 
405 513 606 604 605 
406 606 515 607 604 
407 604 607 505 608 
408 605 604 608 516 
409 555 618 616 617 
410 617 616 620 87 
411 87 620 621 622 
412 622 621 624 579 
413 85 626 625 528 
414 626 47 627 625 
415 625 627 86 550 
416 528 625 550 84 
417 84 630 628 629 
418 630 550 631 628 
419 628 631 549 610 
420 629 628 610 450 
421 450 634 632 633 
422 634 610 635 632 
423 632 635 609 618 
424 633 632 618 555 
425 641 551 642 640 
426 640 642 50 643 
427 618 650 648 649 
428 650 609 651 648 
429 649 648 652 616 
430 643 50 657 656 
431 656 657 576 658 
432 118 577 662 594 
433 577 119 663 662 
434 662 663 72 664 
435 594 662 664 120 
436 480 615 665 666 
437 615 575 667 665 
438 665 667 577 668 
439 666 665 668 118 
440 579 624 669 670 
441 624 613 671 669 
442 669 671 615 672 
443 670 669 672 480 
444 621 675 673 674 
445 673 676 613 677 
446 674 673 677 624 
447 610 679 678 635 
448 679 549 680 678 
449 678 680 611 645 
450 635 678 645 609 
451 609 682 681 651 
452 682 645 683 681 
453 616 652 685 686 
454 685 687 612 688 
455 686 685 688 620 
456 648 691 689 690 
457 691 651 692 689 
458 690 689 693 652 
459 620 688 694 695 
460 688 612 696 694 
461 695 694 675 621 
462 613 661 697 671 
463 661 614 698 697 
464 697 698 575 699 
465 671 697 699 615 
466 700 702 661 703 
467 676 700 703 613 
468 675 706 704 705 
469 704 707 676 708 
470 705 704 708 673 
471 709 710 647 711 
472 687 709 711 612 
473 651 713 712 692 
474 713 681 714 712 
475 652 693 716 717 
476 693 619 718 716 
477 716 718 687 719 
478 717 716 719 685 
479 689 722 720 721 
480 722 692 723 720 
481 720 723 619 724 
482 721 720 724 693 
483 612 711 725 696 
484 711 647 726 725 
485 694 729 727 728 
486 729 696 730 727 
487 727 730 623 706 
488 728 727 706 675 
489 731 733 700 734 
490 707 731 734 676 
491 706 737 735 736 
492 737 623 738 735 
493 735 738 707 739 
494 736 735 739 704 
495 619 715 740 718 
496 715 684 741 740 
497 740 741 709 742 
498 718 740 742 687 
499 692 744 743 723 
500 744 712 745 743 
501 743 745 715 746 
502 723 743 746 619 
503 696 748 747 730 
504 748 725 749 747 
505 747 749 701 732 
506 730 747 732 623 
507 623 751 750 738 
508 751 732 752 750 
509 750 752 731 753 
510 738 750 753 707 
511 755 640 756 754 
512 754 756 643 757 
513 645 759 758 683 
514 759 611 760 758 
515 681 763 762 714 
516 763 683 764 762 
517 762 764 644 765 
518 712 767 766 745 
519 767 714 768 766 
520 766 768 684 769 
521 745 766 769 715 
522 757 643 771 770 
523 770 771 656 772 
524 773 775 614 776 
525 702 773 776 661 
526 778 659 779 777 
527 777 779 702 780 
528 733 777 780 700 
529 732 782 781 752 
530 782 701 783 781 
531 781 783 733 784 
532 752 781 784 731 
533 785 786 552 787 
534 710 785 787 647 
535 684 765 788 741 
536 765 644 789 788 
537 788 789 710 790 
538 741 788 790 709 
539 714 792 791 768 
540 792 762 793 791 
541 791 793 765 794 
542 768 791 794 684 
543 647 787 795 726 
544 787 552 796 795 
545 725 798 797 749 
546 798 726 799 797 
547 797 799 659 778 
548 749 797 778 701 
549 701 801 800 783 
550 801 778 802 800 
551 800 802 777 803 
552 783 800 803 733 
553 804 806 785 807 
554 789 804 807 710 
555 683 809 808 764 
556 809 758 810 808 
557 808 810 761 805 
558 764 808 805 644 
559 644 813 811 812 
560 813 805 814 811 
561 811 814 804 815 
562 812 811 815 789 
563 726 817 816 799 
564 817 795 818 816 
565 659 819 820 779 
566 819 774 821 820 
567 820 821 773 822 
568 779 820 822 702 
569 799 825 823 824 
570 825 816 826 823 
571 823 826 819 827 
572 824 823 827 659 
573 646 829 828 786 
574 829 754 830 828 
575 828 830 757 831 
576 786 828 831 552 
577 761 833 832 806 
578 833 646 834 832 
579 832 834 786 835 
580 806 832 835 785 
581 805 837 836 814 
582 837 761 838 836 
583 836 838 806 839 
584 814 836 839 804 
585 552 831 840 796 
586 831 757 841 840 
587 840 841 770 842 
588 796 840 842 660 
589 795 844 843 818 
590 844 796 845 843 
591 843 845 660 846 
592 818 843 846 774 
593 816 848 847 826 
594 848 818 849 847 
595 847 849 774 850 
596 826 847 850 819 
597 638 867 865 866 
598 867 855 868 865 
599 866 865 869 548 
600 855 875 874 868 
601 875 857 876 874 
602 548 869 878 879 
603 879 878 881 654 
604 865 884 882 883 
605 884 868 885 882 
606 883 882 886 869 
607 868 894 893 885 
608 894 874 895 893 
609 857 898 897 876 
610 898 870 899 897 
611 874 902 901 895 
612 902 876 903 901 
613 901 903 34 904 
614 895 901 904 877 
615 858 896 905 906 
616 896 877 907 905 
617 905 907 890 908 
618 906 905 908 880 
619 893 911 909 910 
620 911 895 912 909 
621 909 912 877 913 
622 910 909 913 896 
623 33 915 914 543 
624 915 537 916 914 
625 914 916 540 917 
626 543 914 917 18 
627 919 543 920 918 
628 918 920 18 921 
629 870 927 926 899 
630 927 872 928 926 
631 18 917 930 570 
632 917 540 931 930 
633 930 931 566 932 
634 570 930 932 45 
635 921 18 934 933 
636 933 934 570 935 
637 899 945 943 944 
638 945 926 946 943 
639 943 946 929 947 
640 944 943 947 873 
641 872 949 948 928 
642 949 922 950 948 
643 948 950 925 951 
644 953 918 954 952 
645 952 954 921 955 
646 922 957 956 950 
647 957 924 958 956 
648 950 956 959 925 
649 955 921 961 960 
650 960 961 933 962 
651 924 964 963 958 
652 964 952 965 963 
653 963 965 955 966 
654 958 963 966 544 
655 925 959 967 968 
656 959 544 969 967 
657 967 969 937 970 
658 968 967 970 936 
659 956 973 971 972 
660 973 958 974 971 
661 971 974 544 975 
662 972 971 975 959 
663 636 978 976 977 
664 978 638 866 976 
665 976 866 548 979 
666 551 981 980 642 
667 981 636 977 980 
668 642 980 982 50 
669 979 548 879 983 
670 983 879 654 985 
671 984 983 985 653 
672 977 988 986 987 
673 988 976 989 986 
674 986 989 979 990 
675 50 982 991 657 
676 991 984 653 992 
677 657 991 992 576 
678 980 995 993 994 
679 995 977 987 993 
680 993 987 639 996 
681 994 993 996 982 
682 639 990 997 998 
683 990 979 999 997 
684 997 999 983 1000 
685 998 997 1000 984 
686 987 1003 1001 1002 
687 1003 986 1004 1001 
688 1001 1004 990 1005 
689 1002 1001 1005 639 
690 869 886 1006 1007 
691 886 858 906 1006 
692 1006 906 880 1008 
693 1007 1006 1008 878 
694 882 1011 1009 1010 
695 1011 885 1012 1009 
696 1009 1012 858 1013 
697 1010 1009 1013 886 
698 876 1017 1016 903 
699 1017 897 1018 1016 
700 1016 1018 900 1019 
701 903 1016 1019 34 
702 897 1021 1020 1018 
703 1021 899 944 1020 
704 1020 944 873 1022 
705 1018 1020 1022 900 
706 926 1024 1023 946 
707 1024 928 1025 1023 
708 1023 1025 854 1026 
709 946 1023 1026 929 
710 34 1019 1027 1028 
711 1019 900 1029 1027 
712 1027 1029 1014 1030 
713 1028 1027 1030 891 
714 900 1022 1031 1029 
715 1022 873 1032 1031 
716 1031 1032 940 1033 
717 1029 1031 1033 1014 
718 951 925 968 1034 
719 1034 968 936 1035 
720 1041 951 1042 1040 
721 1040 1042 1034 1043 
722 44 571 1044 588 
723 571 45 1045 1044 
724 1044 1045 28 1046 
725 588 1044 1046 46 
726 73 861 1047 1048 
727 861 569 1049 1047 
728 1047 1049 571 1050 
729 1048 1047 1050 44 
730 573 889 1051 1052 
731 889 859 1053 1051 
732 1051 1053 861 1054 
733 1052 1051 1054 73 
734 887 942 1055 1056 
735 942 888 1057 1055 
736 1055 1057 859 1058 
737 1056 1055 1058 889 
738 939 1039 1059 1060 
739 1039 941 1061 1059 
740 1059 1061 888 1062 
741 1060 1059 1062 942 
742 1065 1038 1066 1063 
743 1063 1066 941 1067 
744 1064 1063 1067 1039 
745 873 947 1068 1032 
746 947 929 1037 1068 
747 1068 1037 939 1069 
748 1032 1068 1069 940 
749 1037 1072 1070 1071 
750 1072 1036 1064 1070 
751 1070 1064 1039 1073 
752 1071 1070 1073 939 
753 1026 1076 1074 1075 
754 1076 854 1077 1074 
755 1074 1077 1038 1065 
756 1075 1074 1065 1036 
757 1036 1080 1078 1079 
758 1080 1065 1081 1078 
759 1078 1081 1063 1082 
760 1079 1078 1082 1064 
761 859 938 1083 1053 
762 938 860 1084 1083 
763 1083 1084 569 1085 
764 1053 1083 1085 861 
765 888 1035 1086 1057 
766 1035 936 1087 1086 
767 1086 1087 938 1088 
768 1057 1086 1088 859 
769 941 1043 1089 1061 
770 1043 1034 1090 1089 
771 1089 1090 1035 1091 
772 1061 1089 1091 888 
773 1038 1093 1092 1066 
774 1093 1040 1094 1092 
775 1092 1094 1043 1095 
776 1066 1092 1095 941 
777 1 1098 1096 1097 
778 1098 12 160 1096 
779 1096 160 10 62 
780 1097 1096 62 11 
781 16 1100 1099 519 
782 1100 2 1101 1099 
783 1099 1101 17 538 
784 519 1099 538 15 
785 20 94 1102 1103 
786 94 19 214 1102 
787 1102 214 22 1104 
788 1103 1102 1104 4 
789 10 1107 1105 1106 
790 1107 25 164 1105 
791 1105 164 23 66 
792 1106 1105 66 24 
793 28 568 1108 585 
794 568 29 1109 1108 
795 1108 1109 3 1110 
796 585 1108 1110 30 
797 32 1112 1111 522 
798 1112 15 1113 1111 
799 1111 1113 33 542 
800 522 1111 542 31 
801 36 97 1114 1115 
802 97 35 218 1114 
803 1114 218 38 1116 
804 1115 1114 1116 19 
805 23 1119 1117 1118 
806 1119 41 168 1117 
807 1117 168 39 70 
808 1118 1117 70 40 
809 48 1121 1120 525 
810 1121 31 1122 1120 
811 1120 1122 49 546 
812 525 1120 546 47 
813 52 100 1123 1124 
814 100 51 222 1123 
815 1123 222 54 1125 
816 1124 1123 1125 35 
817 70 1128 1126 1127 
818 1128 39 172 1126 
819 1126 172 56 112 
820 1127 1126 112 68 
821 72 574 1129 591 
822 574 73 1048 1129 
823 1129 1048 44 1130 
824 591 1129 1130 74 
825 56 1133 1131 1132 
826 1133 81 176 1131 
827 1131 176 79 116 
828 1132 1131 116 80 
829 89 1135 1134 390 
830 1135 58 530 1134 
831 1134 530 90 453 
832 390 1134 453 88 
833 98 135 1136 1137 
834 135 76 226 1136 
835 1136 226 51 1138 
836 1137 1136 1138 100 
837 102 138 1139 1140 
838 138 101 230 1139 
839 1139 230 104 1141 
840 1140 1139 1141 76 
841 116 1144 1142 1143 
842 1144 79 180 1142 
843 1142 180 106 141 
844 1143 1142 141 114 
845 121 484 1145 406 
846 484 122 597 1145 
847 1145 597 77 1146 
848 406 1145 1146 123 
849 136 154 1147 1148 
850 154 125 234 1147 
851 1147 234 101 1149 
852 1148 1147 1149 138 
853 183 1152 1150 1151 
854 1152 186 254 1150 
855 1150 254 128 201 
856 1151 1150 201 149 
857 188 1154 1153 393 
858 1154 88 1155 1153 
859 1153 1155 189 457 
860 393 1153 457 187 
861 204 487 1156 409 
862 487 205 1157 1156 
863 1156 1157 121 1158 
864 409 1156 1158 206 
865 158 245 1159 1160 
866 245 143 270 1159 
867 1159 270 239 1161 
868 1160 1159 1161 237 
869 250 1163 1162 260 
870 1163 196 296 1162 
871 1162 296 251 1164 
872 260 1162 1164 249 
873 265 1166 1165 276 
874 1166 267 317 1165 
875 1165 317 212 1167 
876 276 1165 1167 268 
877 279 341 1168 323 
878 341 191 362 1168 
879 1168 362 280 1169 
880 323 1168 1169 278 
881 248 1171 1170 294 
882 1171 289 338 1170 
883 1170 338 279 322 
884 294 1170 322 131 
885 300 1173 1172 327 
886 1173 301 377 1172 
887 1172 377 207 351 
888 327 1172 351 302 
889 145 328 1174 314 
890 328 302 350 1174 
891 1174 350 310 1175 
892 314 1174 1175 263 
893 329 463 1176 420 
894 463 331 1177 1176 
895 1176 1177 190 1178 
896 420 1176 1178 332 
897 332 1178 1179 435 
898 1178 190 1180 1179 
899 1179 1180 343 489 
900 435 1179 489 342 
901 397 467 1181 469 
902 467 329 1182 1181 
903 1181 1182 420 1183 
904 469 1181 1183 419 
905 400 1185 1184 432 
906 1185 422 472 1184 
907 1184 472 425 1186 
908 432 1184 1186 193 
909 434 1188 1187 478 
910 1188 435 1189 1187 
911 1187 1189 342 493 
912 478 1187 493 412 
913 208 1191 1190 446 
914 1191 440 497 1190 
915 1190 497 439 1192 
916 446 1190 1192 417 
917 449 1194 1193 532 
918 1194 84 629 1193 
919 1193 629 450 554 
920 532 1193 554 448 
921 479 580 1195 598 
922 580 480 666 1195 
923 1195 666 118 1196 
924 598 1195 1196 481 
925 502 1198 1197 536 
926 1198 448 1199 1197 
927 1197 1199 503 558 
928 536 1197 558 501 
929 505 583 1200 602 
930 583 506 1201 1200 
931 1200 1201 479 1202 
932 602 1200 1202 507 
933 15 1204 1203 1113 
934 1204 538 1205 1203 
935 1203 1205 537 915 
936 1113 1203 915 33 
937 31 1207 1206 1122 
938 1207 542 1208 1206 
939 1206 1208 541 852 
940 1122 1206 852 49 
941 542 1210 1209 1208 
942 1210 33 1211 1209 
943 1209 1211 543 919 
944 1208 1209 919 541 
945 47 1213 1212 627 
946 1213 546 1214 1212 
947 1212 1214 545 637 
948 627 1212 637 86 
949 546 1216 1215 1214 
950 1216 49 1217 1215 
951 1215 1217 547 856 
952 1214 1215 856 545 
953 550 1219 1218 631 
954 1219 86 1220 1218 
955 1218 1220 551 641 
956 631 1218 641 549 
957 45 932 1221 1045 
958 932 566 1222 1221 
959 1221 1222 568 1223 
960 1045 1221 1223 28 
961 569 935 1224 1049 
962 935 570 1225 1224 
963 1224 1225 45 1226 
964 1049 1224 1226 571 
965 572 864 1227 1228 
966 864 573 1052 1227 
967 1227 1052 73 1229 
968 1228 1227 1229 574 
969 119 655 1230 663 
970 655 572 1228 1230 
971 1230 1228 574 1231 
972 663 1230 1231 72 
973 575 658 1232 667 
974 658 576 1233 1232 
975 1232 1233 119 1234 
976 667 1232 1234 577 
977 86 1236 1235 1220 
978 1236 637 1237 1235 
979 1235 1237 636 981 
980 1220 1235 981 551 
981 637 1239 1238 1237 
982 1239 545 1240 1238 
983 1238 1240 638 978 
984 1237 1238 978 636 
985 549 1242 1241 680 
986 1242 641 1243 1241 
987 1241 1243 640 755 
988 680 1241 755 611 
989 576 992 1244 1233 
990 992 653 1245 1244 
991 1244 1245 655 1246 
992 1233 1244 1246 119 
993 614 772 1247 698 
994 772 656 1248 1247 
995 1247 1248 658 1249 
996 698 1247 1249 575 
997 611 1251 1250 760 
998 1251 755 1252 1250 
999 1250 1252 754 829 
1000 760 1250 829 646 
1001 758 1254 1253 810 
1002 1254 760 1255 1253 
1003 1253 1255 646 833 
1004 810 1253 833 761 
1005 660 842 1256 775 
1006 842 770 1257 1256 
1007 1256 1257 772 1258 
1008 775 1256 1258 614 
1009 774 846 1259 821 
1010 846 660 1260 1259 
1011 1259 1260 775 1261 
1012 821 1259 1261 773 
1013 49 1263 1262 1217 
1014 1263 852 1264 1262 
1015 1262 1264 851 871 
1016 1217 1262 871 547 
1017 852 1266 1265 1264 
1018 1266 541 1267 1265 
1019 1265 1267 853 923 
1020 1264 1265 923 851 
1021 545 1269 1268 1240 
1022 1269 856 1270 1268 
1023 1268 1270 855 867 
1024 1240 1268 867 638 
1025 856 1272 1271 1270 
1026 1272 547 1273 1271 
1027 1271 1273 857 875 
1028 1270 1271 875 855 
1029 547 1275 1274 1273 
1030 1275 871 1276 1274 
1031 1274 1276 870 898 
1032 1273 1274 898 857 
1033 871 1278 1277 1276 
1034 1278 851 1279 1277 
1035 1277 1279 872 927 
1036 1276 1277 927 870 
1037 863 1015 1280 1281 
1038 1015 887 1056 1280 
1039 1280 1056 889 1282 
1040 1281 1280 1282 573 
1041 877 904 1283 907 
1042 904 34 1028 1283 
1043 1283 1028 891 1284 
1044 907 1283 1284 890 
1045 885 1286 1285 1012 
1046 1286 893 910 1285 
1047 1285 910 896 1287 
1048 1012 1285 1287 858 
1049 541 1289 1288 1267 
1050 1289 919 1290 1288 
1051 1288 1290 918 953 
1052 1267 1288 953 853 
1053 851 1292 1291 1279 
1054 1292 923 1293 1291 
1055 1291 1293 922 949 
1056 1279 1291 949 872 
1057 923 1295 1294 1293 
1058 1295 853 1296 1294 
1059 1294 1296 924 957 
1060 1293 1294 957 922 
1061 860 962 1297 1084 
1062 962 933 1298 1297 
1063 1297 1298 935 1299 
1064 1084 1297 1299 569 
1065 936 970 1300 1087 
1066 970 937 1301 1300 
1067 1300 1301 860 1302 
1068 1087 1300 1302 938 
1069 940 1069 1303 1304 
1070 1069 939 1060 1303 
1071 1303 1060 942 1305 
1072 1304 1303 1305 887 
1073 928 1307 1306 1025 
1074 1307 948 1308 1306 
1075 1306 1308 951 1041 
1076 1025 1306 1041 854 
1077 853 1310 1309 1296 
1078 1310 953 1311 1309 
1079 1309 1311 952 964 
1080 1296 1309 964 924 
1081 544 966 1312 969 
1082 966 955 1313 1312 
1083 1312 1313 960 1314 
1084 969 1312 1314 937 
1085 937 1314 1315 1301 
1086 1314 960 1316 1315 
1087 1315 1316 962 1317 
1088 1301 1315 1317 860 
1089 982 996 1318 1319 
1090 996 639 998 1318 
1091 1318 998 984 1320 
1092 1319 1318 1320 991 
1093 1014 1033 1321 1322 
1094 1033 940 1304 1321 
1095 1321 1304 887 1323 
1096 1322 1321 1323 1015 
1097 891 1030 1324 1325 
1098 1030 1014 1322 1324 
1099 1324 1322 1015 1326 
1100 1325 1324 1326 863 
1101 929 1329 1327 1328 
1102 1329 1026 1075 1327 
1103 1327 1075 1036 1072 
1104 1328 1327 1072 1037 
1105 854 1331 1330 1077 
1106 1331 1041 1332 1330 
1107 1330 1332 1040 1093 
1108 1077 1330 1093 1038 
1109 653 985 1333 1245 
1110 985 654 1334 1333 
1111 1333 1334 572 1335 
1112 1245 1333 1335 655 
1113 862 892 1336 1337 
1114 892 863 1281 1336 
1115 1336 1281 573 1338 
1116 1337 1336 1338 864 
1117 654 881 1339 1334 
1118 881 862 1337 1339 
1119 1339 1337 864 1340 
1120 1334 1339 1340 572 
1121 890 1284 1341 1342 
1122 1284 891 1325 1341 
1123 1341 1325 863 1343 
1124 1342 1341 1343 892 
1125 880 908 1344 1345 
1126 908 890 1342 1344 
1127 1344 1342 892 1346 
1128 1345 1344 1346 862 
1129 878 1008 1347 1348 
1130 1008 880 1345 1347 
1131 1347 1345 862 1349 
1132 1348 1347 1349 881 
