2 0.000000 100.000000 262.180540
1313 1102 
1 -11.368037 0.000000 -11.572610 99.756198 -6.978042 0.000187 0.000001 
2 13.641644 0.000000 -11.572610 99.754842 -6.997123 -0.001969 0.000001 
3 13.641644 0.000000 11.572610 99.757773 -6.956517 -0.001658 -0.000001 
4 -11.368037 0.000000 11.572610 99.756605 -6.973394 0.000198 -0.000001 
5 1.136804 0.000000 0.000000 101.720670 -6.582863 0.011607 -0.039043 
6 -11.368037 0.000000 0.000000 99.756380 -6.975720 0.000297 0.000000 
7 1.136804 0.000000 -11.572610 99.755490 -6.986866 -0.000117 0.000003 
8 13.641644 0.000000 0.000000 99.775995 -6.694707 -0.229171 -0.000012 
9 1.136804 0.000000 11.572610 99.757323 -6.965631 -0.000131 -0.000004 
10 -5.115617 0.000000 -5.786305 99.755909 -6.980180 0.000313 0.000004 
11 -11.368037 0.000000 -5.786305 99.756253 -6.977199 0.000252 0.000001 
12 -5.115617 0.000000 -11.572610 99.755963 -6.980744 0.000168 0.000002 
13 1.136804 0.000000 -5.786305 99.754583 -6.997134 -0.000420 0.000006 
14 -5.115617 0.000000 0.000000 99.756169 -6.976029 0.000624 0.000004 
15 7.389224 0.000000 -5.786305 99.752999 -7.020294 -0.004652 0.000005 
16 7.389224 0.000000 -11.572610 99.755020 -6.993780 -0.000942 0.000002 
17 13.641644 0.000000 -5.786305 99.752966 -7.023722 -0.008955 0.000001 
18 7.389224 0.000000 0.000000 99.851501 -5.610619 0.374040 -0.000194 
19 -5.115617 0.000000 5.786305 99.756813 -6.971725 0.000451 -0.000003 
20 -11.368037 0.000000 5.786305 99.756528 -6.974243 0.000269 -0.000000 
21 1.136804 0.000000 5.786305 99.758607 -6.959212 -0.000538 -0.000021 
22 -5.115617 0.000000 11.572610 99.756851 -6.970961 0.000196 -0.000002 
23 -1.989406 0.000000 -2.893153 99.754832 -6.984222 0.000124 0.000019 
24 -5.115617 0.000000 -2.893153 99.755940 -6.978631 0.000453 0.000005 
25 -1.989406 0.000000 -5.786305 99.755435 -6.985209 0.000146 0.000006 
26 1.136804 0.000000 -2.893153 99.755412 -7.016287 -0.001172 -0.000037 
27 -1.989406 0.000000 0.000000 99.753556 -6.978312 0.001499 0.000053 
28 7.389224 0.000000 5.786305 99.758976 -6.940395 -0.003623 -0.000002 
29 13.641644 0.000000 5.786305 99.759113 -6.936943 -0.006306 -0.000000 
30 7.389224 0.000000 11.572610 99.757637 -6.959586 -0.000862 -0.000002 
31 4.263014 0.000000 -2.893153 99.747795 -7.071282 -0.010661 0.000037 
32 4.263014 0.000000 -5.786305 99.753363 -7.012422 -0.002239 0.000009 
33 7.389224 0.000000 -2.893153 99.748662 -7.080394 -0.022020 0.000007 
34 4.263014 0.000000 0.000000 99.844133 -5.655516 -3.736192 -0.001479 
35 -1.989406 0.000000 2.893153 99.757570 -6.969703 0.002198 -0.000015 
36 -5.115617 0.000000 2.893153 99.756566 -6.973376 0.000622 -0.000000 
37 1.136804 0.000000 2.893153 99.764715 -6.954326 -0.001418 -0.000136 
38 -1.989406 0.000000 5.786305 99.757431 -6.967754 0.000486 -0.000009 
39 -0.426301 0.000000 -1.446576 99.744344 -6.997345 -0.010301 0.000210 
40 -1.989406 0.000000 -1.446576 99.752744 -6.988358 0.002666 0.000055 
41 -0.426301 0.000000 -2.893153 99.747061 -6.997933 0.002316 0.000155 
42 1.136804 0.000000 -1.446576 99.741115 -7.052955 -0.008010 0.000197 
43 -0.426301 0.000000 0.000000 99.986153 -7.094559 0.015256 -0.004756 
44 4.263014 0.000000 2.893153 99.760588 -6.917268 -0.009820 -0.000002 
45 7.389224 0.000000 2.893153 99.761030 -6.908607 -0.012475 0.000001 
46 4.263014 0.000000 5.786305 99.758886 -6.947028 -0.002253 -0.000010 
47 2.699909 0.000000 -1.446576 99.735653 -7.182568 -0.014943 0.000121 
48 2.699909 0.000000 -2.893153 99.746499 -7.048760 -0.005074 0.000095 
49 4.263014 0.000000 -1.446576 99.735174 -7.218163 -0.054830 0.000079 
50 2.699909 0.000000 0.000000 99.896151 -6.301420 0.381361 -0.001909 
51 -0.426301 0.000000 1.446576 99.750674 -6.976859 0.013883 0.000113 
52 -1.989406 0.000000 1.446576 99.755154 -6.973481 0.002138 0.000028 
53 1.136804 0.000000 1.446576 99.763397 -6.973322 0.001358 -0.000136 
54 -0.426301 0.000000 2.893153 99.757699 -6.968142 0.002472 -0.000015 
55 0.355251 0.000000 -0.723288 99.791154 -7.087527 -0.128525 -0.000852 
56 -0.426301 0.000000 -0.723288 99.712944 -7.028362 0.015724 0.000793 
57 0.355251 0.000000 -1.446576 99.762037 -7.019706 -0.017520 -0.000174 
58 1.136804 0.000000 -0.723288 99.773236 -7.159447 0.009836 -0.000596 
59 0.355251 0.000000 0.000000 70.151039 -0.037414 0.000808 0.507883 
60 -8.241827 0.000000 -2.893153 99.756216 -6.977117 0.000359 0.000002 
61 -11.368037 0.000000 -2.893153 99.756308 -6.976515 0.000281 0.000001 
62 -8.241827 0.000000 -5.786305 99.756144 -6.978146 0.000297 0.000002 
63 -8.241827 0.000000 0.000000 99.756340 -6.975789 0.000403 0.000001 
64 -3.552511 0.000000 -1.446576 99.755613 -6.978674 0.000650 0.000012 
65 -5.115617 0.000000 -1.446576 99.756020 -6.977423 0.000546 0.000005 
66 -3.552511 0.000000 -2.893153 99.755581 -6.980406 0.000444 0.000010 
67 -3.552511 0.000000 0.000000 99.755867 -6.976455 0.000863 0.000010 
68 -1.207854 0.000000 -0.723288 99.750113 -6.983153 0.005383 0.000115 
69 -1.989406 0.000000 -0.723288 99.754969 -6.980456 -0.004285 0.000022 
70 -1.207854 0.000000 -1.446576 99.750301 -6.986404 -0.001108 0.000107 
71 -1.207854 0.000000 0.000000 99.752239 -6.982326 0.002501 0.000074 
72 2.699909 0.000000 1.446576 99.762010 -6.913051 -0.036389 -0.000025 
73 4.263014 0.000000 1.446576 99.760541 -6.882381 -0.028264 0.000047 
74 2.699909 0.000000 2.893153 99.762711 -6.932883 -0.008520 -0.000066 
75 0.355251 0.000000 0.723288 99.825650 -7.069645 0.127992 -0.001516 
76 -0.426301 0.000000 0.723288 99.727415 -6.998943 0.000702 0.000546 
77 1.136804 0.000000 0.723288 99.818940 -7.078906 -0.007285 -0.001393 
78 0.355251 0.000000 1.446576 99.771960 -6.980557 0.018170 -0.000317 
79 -0.035525 0.000000 -0.361644 99.143974 -7.185922 0.094183 0.011883 
80 -0.426301 0.000000 -0.361644 99.790693 -7.022528 0.063069 -0.000750 
81 -0.035525 0.000000 -0.723288 99.654160 -7.030869 -0.062228 0.001961 
82 0.355251 0.000000 -0.361644 100.440214 -7.461694 -0.643010 -0.014433 
83 -0.035525 0.000000 0.000000 167.731957 -7.436744 -0.021579 -1.818932 
84 1.918356 0.000000 -0.723288 99.713929 -7.339975 0.025546 0.000326 
85 1.918356 0.000000 -1.446576 99.752559 -7.115097 0.005738 -0.000120 
86 2.699909 0.000000 -0.723288 99.663012 -7.560853 -0.110065 0.001011 
87 1.918356 0.000000 0.000000 101.158426 -8.676253 -1.015586 -0.030934 
88 0.746027 0.000000 -0.361644 99.741516 -7.558444 0.086564 -0.000551 
89 0.746027 0.000000 -0.723288 99.752192 -7.126715 0.012440 -0.000129 
90 1.136804 0.000000 -0.361644 99.819874 -7.620516 -0.055118 -0.002208 
91 0.746027 0.000000 0.000000 101.870301 -6.535070 0.001277 -0.042027 
92 -8.241827 0.000000 2.893153 99.756490 -6.974459 0.000397 -0.000000 
93 -11.368037 0.000000 2.893153 99.756459 -6.974925 0.000293 -0.000000 
94 -8.241827 0.000000 5.786305 99.756610 -6.973422 0.000343 -0.000001 
95 -3.552511 0.000000 1.446576 99.756271 -6.974149 0.000947 0.000005 
96 -5.115617 0.000000 1.446576 99.756368 -6.974621 0.000654 0.000002 
97 -3.552511 0.000000 2.893153 99.756672 -6.972230 0.000866 -0.000001 
98 -1.207854 0.000000 0.723288 99.753141 -6.978110 0.001878 0.000062 
99 -1.989406 0.000000 0.723288 99.755979 -6.977266 0.007567 0.000006 
100 -1.207854 0.000000 1.446576 99.753305 -6.973818 0.004094 0.000064 
101 -0.035525 0.000000 0.361644 99.127268 -7.197801 -0.096421 0.012197 
102 -0.426301 0.000000 0.361644 99.764711 -7.023642 -0.096216 -0.000234 
103 0.355251 0.000000 0.361644 100.480654 -7.452807 0.643906 -0.015232 
104 -0.035525 0.000000 0.723288 99.682927 -7.028771 0.075115 0.001390 
105 0.159863 0.000000 -0.180822 98.302131 -8.518964 -4.923731 0.023988 
106 -0.035525 0.000000 -0.180822 97.591158 -7.278347 3.138718 0.041314 
107 0.159863 0.000000 -0.361644 99.300286 -7.287206 -0.857449 0.008561 
108 0.355251 0.000000 -0.180822 101.856669 -9.019144 -1.531449 -0.045847 
109 0.159863 0.000000 0.000000 118.675285 0.052657 0.038540 -0.408383 
110 -0.817078 0.000000 -0.361644 99.755279 -7.008226 0.013943 -0.000023 
111 -1.207854 0.000000 -0.361644 99.750575 -6.983855 0.002782 0.000105 
112 -0.817078 0.000000 -0.723288 99.744015 -6.988610 0.006040 0.000229 
113 -0.817078 0.000000 0.000000 99.767291 -7.006325 0.008006 -0.000260 
114 -0.230913 0.000000 -0.180822 100.378803 -7.126977 0.415446 -0.012687 
115 -0.426301 0.000000 -0.180822 99.909500 -7.093391 0.078487 -0.003223 
116 -0.230913 0.000000 -0.361644 99.587010 -7.060827 0.318038 0.003247 
117 -0.230913 0.000000 0.000000 101.271654 -7.196944 -0.028308 -0.030774 
118 1.918356 0.000000 0.723288 99.872433 -7.041095 -0.115543 -0.002409 
119 2.699909 0.000000 0.723288 99.744206 -6.909502 -0.096394 0.000334 
120 1.918356 0.000000 1.446576 99.778583 -6.944836 -0.030435 -0.000400 
121 0.746027 0.000000 0.361644 99.768966 -7.536549 -0.101931 -0.001066 
122 1.136804 0.000000 0.361644 99.864574 -7.578193 0.067707 -0.003037 
123 0.746027 0.000000 0.723288 99.796407 -7.083185 -0.024604 -0.000950 
124 0.159863 0.000000 0.180822 98.327811 -8.468856 4.927628 0.023564 
125 -0.035525 0.000000 0.180822 97.600833 -7.302069 -3.133616 0.041094 
126 0.355251 0.000000 0.180822 101.832933 -8.995933 1.552392 -0.045328 
127 0.159863 0.000000 0.361644 99.319373 -7.289375 0.869766 0.008177 
128 0.062169 0.000000 -0.090411 85.756471 -10.548069 -8.228763 0.246685 
129 -0.035525 0.000000 -0.090411 104.059831 -7.713327 19.169180 -0.125540 
130 0.062169 0.000000 -0.180822 95.872818 -7.879503 -1.747637 0.074326 
131 0.159863 0.000000 -0.090411 99.398988 -12.639001 -13.415097 -0.021987 
132 0.062169 0.000000 0.000000 199.860126 -0.768880 -0.006885 -2.994466 
133 -0.817078 0.000000 0.361644 99.758941 -6.991070 0.001112 -0.000072 
134 -1.207854 0.000000 0.361644 99.751778 -6.980369 0.002005 0.000086 
135 -0.817078 0.000000 0.723288 99.748471 -6.982644 0.000953 0.000149 
136 -0.230913 0.000000 0.180822 100.355299 -7.131001 -0.452291 -0.012224 
137 -0.426301 0.000000 0.180822 99.892730 -7.020794 -0.085796 -0.002786 
138 -0.230913 0.000000 0.361644 99.587496 -7.042018 -0.316544 0.003264 
139 -0.133219 0.000000 -0.090411 103.548304 -7.321558 2.618025 -0.078271 
140 -0.230913 0.000000 -0.090411 100.907816 -7.178894 0.462071 -0.023414 
141 -0.133219 0.000000 -0.180822 100.139797 -7.388407 1.969512 -0.008645 
142 -0.133219 0.000000 0.000000 106.679371 -7.240473 -0.010898 -0.143291 
143 0.062169 0.000000 0.090411 85.637487 -10.534963 8.224324 0.248760 
144 -0.035525 0.000000 0.090411 104.052009 -7.736914 -19.185520 -0.125476 
145 0.159863 0.000000 0.090411 99.406775 -12.556752 13.417572 -0.021941 
146 0.062169 0.000000 0.180822 95.907933 -7.877453 1.771976 0.073647 
147 0.013322 0.000000 -0.045206 73.454316 -11.582014 -14.441064 0.426178 
148 -0.035525 0.000000 -0.045206 145.802239 -7.679730 29.811139 -1.220598 
149 0.013322 0.000000 -0.090411 75.594663 -9.107858 6.135500 0.416485 
150 0.062169 0.000000 -0.045206 196.580259 -0.634486 -19.449567 -2.902249 
151 0.013322 0.000000 0.000000 250.405598 -3.656400 0.008121 -5.271633 
152 -0.133219 0.000000 0.090411 103.559969 -7.353364 -2.612168 -0.078556 
153 -0.230913 0.000000 0.090411 100.893127 -7.186096 -0.512259 -0.023133 
154 -0.133219 0.000000 0.180822 100.104037 -7.330852 -1.979514 -0.007848 
155 0.013322 0.000000 0.045206 73.368464 -11.858185 14.425406 0.426836 
156 -0.035525 0.000000 0.045206 145.796859 -7.704226 -29.843372 -1.220671 
157 0.062169 0.000000 0.045206 196.583469 -0.656496 19.449382 -2.902377 
158 0.013322 0.000000 0.090411 75.602444 -9.160838 -6.164611 0.416235 
159 -1.989406 0.000000 -8.679458 99.755626 -6.984395 0.000119 0.000003 
160 -5.115617 0.000000 -8.679458 99.755930 -6.980736 0.000227 0.000002 
161 -1.989406 0.000000 -11.572610 99.755757 -6.983329 0.000082 0.000002 
162 1.136804 0.000000 -8.679458 99.755170 -6.990404 -0.000201 0.000004 
163 -0.426301 0.000000 -4.339729 99.754862 -6.991937 -0.000286 0.000008 
164 -1.989406 0.000000 -4.339729 99.755253 -6.985111 0.000123 0.000010 
165 -0.426301 0.000000 -5.786305 99.755096 -6.990121 -0.000070 0.000006 
166 1.136804 0.000000 -4.339729 99.754325 -7.005092 -0.000701 0.000000 
167 0.355251 0.000000 -2.169864 99.762047 -7.014674 -0.007476 -0.000167 
168 -0.426301 0.000000 -2.169864 99.752544 -6.994553 -0.004840 0.000051 
169 0.355251 0.000000 -2.893153 99.755563 -7.002935 -0.002457 -0.000021 
170 1.136804 0.000000 -2.169864 99.768930 -7.032025 -0.004243 -0.000329 
171 -0.035525 0.000000 -1.084932 99.731978 -7.024340 -0.033384 0.000419 
172 -0.426301 0.000000 -1.084932 99.741334 -7.001129 -0.016459 0.000265 
173 -0.035525 0.000000 -1.446576 99.733999 -7.003676 -0.008437 0.000408 
174 0.355251 0.000000 -1.084932 99.764095 -7.043192 -0.043006 -0.000248 
175 0.159863 0.000000 -0.542466 99.614351 -7.160968 -0.280876 0.002562 
176 -0.035525 0.000000 -0.542466 99.578083 -7.093545 -0.082903 0.003388 
177 0.159863 0.000000 -0.723288 99.701046 -7.055044 -0.134281 0.000991 
178 0.355251 0.000000 -0.542466 99.844415 -7.191132 -0.243091 -0.002068 
179 0.062169 0.000000 -0.271233 97.577360 -7.413189 -0.754253 0.042313 
180 -0.035525 0.000000 -0.271233 98.201877 -7.282593 0.830893 0.030266 
181 0.062169 0.000000 -0.361644 98.930590 -7.239369 -0.384692 0.016018 
182 0.159863 0.000000 -0.271233 98.775232 -7.567349 -2.109249 0.018174 
183 0.013322 0.000000 -0.135617 92.769566 -8.019031 2.764801 0.132186 
184 -0.035525 0.000000 -0.135617 98.532776 -7.451743 6.575993 0.019252 
185 0.013322 0.000000 -0.180822 95.865897 -7.525305 1.127314 0.075183 
186 0.062169 0.000000 -0.135617 93.606125 -8.544698 -3.546960 0.115230 
187 0.550639 0.000000 -0.180822 101.345718 -7.994656 -0.003395 -0.033487 
188 0.550639 0.000000 -0.361644 100.056649 -7.509195 0.134467 -0.006774 
189 0.746027 0.000000 -0.180822 101.936115 -7.987489 0.001925 -0.045477 
190 0.550639 0.000000 0.000000 101.353014 -6.523335 -0.000843 -0.031499 
191 0.257557 0.000000 -0.090411 102.679119 -12.600773 -10.264923 -0.080715 
192 0.257557 0.000000 -0.180822 100.686146 -8.805042 -3.824392 -0.022985 
193 0.355251 0.000000 -0.090411 105.251834 -12.599784 -4.438630 -0.125640 
194 0.257557 0.000000 0.000000 84.374639 -0.049924 0.012037 0.288092 
195 0.111016 0.000000 -0.045206 147.531242 -0.234301 -13.691312 -1.195297 
196 0.111016 0.000000 -0.090411 92.477261 -12.410581 -15.387549 0.105716 
197 0.159863 0.000000 -0.045206 117.508071 -0.013873 -8.472532 -0.387993 
198 0.111016 0.000000 0.000000 150.780628 -0.243354 -0.010526 -1.273486 
199 0.037745 0.000000 -0.067808 74.320170 -11.655895 -14.548965 0.412898 
200 0.013322 0.000000 -0.067808 73.408117 -11.364712 -14.289017 0.427792 
201 0.037745 0.000000 -0.090411 82.844122 -9.867117 -4.979062 0.301470 
202 0.062169 0.000000 -0.067808 79.358116 -11.986855 -15.303289 0.332441 
203 0.037745 0.000000 -0.045206 73.961404 -11.699839 -14.540303 0.418140 
204 0.550639 0.000000 0.180822 101.358926 -7.985640 0.002720 -0.033740 
205 0.746027 0.000000 0.180822 101.948629 -7.984212 0.001465 -0.045727 
206 0.550639 0.000000 0.361644 100.088629 -7.518427 -0.144151 -0.007428 
207 0.257557 0.000000 0.090411 102.656233 -12.607351 10.263370 -0.080258 
208 0.355251 0.000000 0.090411 105.341948 -12.612211 4.441471 -0.127572 
209 0.257557 0.000000 0.180822 100.676610 -8.781180 3.826924 -0.022753 
210 0.111016 0.000000 0.045206 147.522846 -0.228578 13.666005 -1.194980 
211 0.159863 0.000000 0.045206 117.507393 0.016614 8.525885 -0.388068 
212 0.111016 0.000000 0.090411 92.396379 -12.463325 15.375806 0.107116 
213 -1.989406 0.000000 8.679458 99.757238 -6.967964 0.000197 -0.000006 
214 -5.115617 0.000000 8.679458 99.756870 -6.971064 0.000294 -0.000003 
215 1.136804 0.000000 8.679458 99.757702 -6.962997 -0.000232 -0.000008 
216 -1.989406 0.000000 11.572610 99.757075 -6.968692 0.000101 -0.000004 
217 -0.426301 0.000000 4.339729 99.758564 -6.963650 0.000630 -0.000026 
218 -1.989406 0.000000 4.339729 99.757422 -6.968354 0.000834 -0.000010 
219 1.136804 0.000000 4.339729 99.760228 -6.951308 -0.000737 -0.000042 
220 -0.426301 0.000000 5.786305 99.758043 -6.964017 0.000210 -0.000016 
221 0.355251 0.000000 2.169864 99.765111 -6.966404 0.008043 -0.000161 
222 -0.426301 0.000000 2.169864 99.757871 -6.968957 0.006663 -0.000020 
223 1.136804 0.000000 2.169864 99.781122 -6.956272 0.000372 -0.000466 
224 0.355251 0.000000 2.893153 99.762369 -6.961492 0.002400 -0.000099 
225 -0.035525 0.000000 1.084932 99.748399 -6.990426 0.039885 0.000139 
226 -0.426301 0.000000 1.084932 99.747659 -6.983060 0.020102 0.000164 
227 0.355251 0.000000 1.084932 99.786203 -6.997910 0.045337 -0.000626 
228 -0.035525 0.000000 1.446576 99.743856 -6.976014 0.011851 0.000250 
229 0.159863 0.000000 0.542466 99.629768 -7.141371 0.289959 0.002283 
230 -0.035525 0.000000 0.542466 99.537632 -7.045205 0.081679 0.004262 
231 0.355251 0.000000 0.542466 99.877356 -7.178615 0.244934 -0.002708 
232 0.159863 0.000000 0.723288 99.736079 -7.051034 0.140959 0.000298 
233 0.062169 0.000000 0.271233 97.523310 -7.424424 0.771386 0.043349 
234 -0.035525 0.000000 0.271233 98.162734 -7.274083 -0.830095 0.031048 
235 0.159863 0.000000 0.271233 98.761692 -7.605292 2.125402 0.018377 
236 0.062169 0.000000 0.361644 98.915487 -7.239612 0.396663 0.016316 
237 0.013322 0.000000 0.135617 92.717825 -8.013485 -2.768571 0.133152 
238 -0.035525 0.000000 0.135617 98.513274 -7.466744 -6.580511 0.019608 
239 0.062169 0.000000 0.135617 93.565802 -8.586999 3.543992 0.115914 
240 0.013322 0.000000 0.180822 95.893109 -7.554157 -1.114658 0.074620 
241 0.037745 0.000000 0.067808 74.281560 -11.851790 14.546191 0.413019 
242 0.013322 0.000000 0.067808 73.336800 -11.645432 14.279669 0.428219 
243 0.037745 0.000000 0.045206 73.921708 -11.885626 14.536759 0.418300 
244 0.062169 0.000000 0.067808 79.315264 -12.153413 15.296802 0.332739 
245 0.037745 0.000000 0.090411 82.747837 -9.835516 4.979665 0.303126 
246 0.111016 0.000000 -0.135617 96.595009 -9.121167 -6.420447 0.054499 
247 0.111016 0.000000 -0.180822 97.091153 -8.215685 -3.741800 0.049181 
248 0.159863 0.000000 -0.135617 98.750687 -9.744785 -7.472216 0.009751 
249 0.086592 0.000000 -0.067808 91.813046 -12.425643 -15.291919 0.118213 
250 0.086592 0.000000 -0.090411 92.245265 -12.544355 -15.431100 0.109533 
251 0.111016 0.000000 -0.067808 92.490123 -12.387102 -15.370304 0.105589 
252 0.086592 0.000000 -0.045206 170.110839 -0.329146 -17.508251 -1.924434 
253 0.086592 0.000000 -0.113014 93.388350 -9.614225 -8.104159 0.112051 
254 0.062169 0.000000 -0.113014 90.601467 -9.216588 -5.580438 0.167529 
255 0.086592 0.000000 -0.135617 95.044036 -8.791083 -5.373551 0.086047 
256 0.111016 0.000000 -0.113014 95.972466 -10.020948 -8.971034 0.060839 
257 0.074381 0.000000 -0.079110 88.820757 -12.405713 -15.218272 0.172538 
258 0.062169 0.000000 -0.079110 80.325061 -12.086993 -15.314339 0.316726 
259 0.074381 0.000000 -0.090411 86.552411 -10.871931 -12.156811 0.224269 
260 0.086592 0.000000 -0.079110 91.943845 -12.449703 -15.326768 0.115642 
261 0.074381 0.000000 -0.067808 86.774238 -12.328779 -15.247135 0.208576 
262 0.111016 0.000000 0.135617 96.550544 -9.069250 6.459622 0.055401 
263 0.159863 0.000000 0.135617 98.716213 -9.719054 7.498039 0.010443 
264 0.111016 0.000000 0.180822 97.120821 -8.191797 3.754543 0.048634 
265 0.086592 0.000000 0.067808 91.759584 -12.326307 15.283194 0.119466 
266 0.086592 0.000000 0.045206 170.100221 -0.323064 17.480232 -1.923975 
267 0.111016 0.000000 0.067808 92.412287 -12.418587 15.359117 0.106985 
268 0.086592 0.000000 0.090411 92.199533 -12.422843 15.422407 0.110707 
269 0.086592 0.000000 0.113014 93.335060 -9.642019 8.122033 0.112963 
270 0.062169 0.000000 0.113014 90.542525 -9.255170 5.576398 0.168530 
271 0.111016 0.000000 0.113014 95.932782 -9.973542 9.006654 0.061631 
272 0.086592 0.000000 0.135617 95.014806 -8.798240 5.395078 0.086567 
273 0.074381 0.000000 0.079110 88.767220 -12.363474 15.208618 0.173622 
274 0.062169 0.000000 0.079110 80.280866 -12.233000 15.306759 0.317104 
275 0.074381 0.000000 0.067808 86.722641 -12.332293 15.237903 0.209490 
276 0.086592 0.000000 0.079110 91.888784 -12.356303 15.317748 0.116914 
277 0.074381 0.000000 0.090411 86.464609 -10.902027 12.159144 0.225717 
278 0.208710 0.000000 -0.045206 96.895359 -0.064344 -5.261638 0.058360 
279 0.208710 0.000000 -0.090411 100.569463 -12.706993 -12.726310 -0.043764 
280 0.257557 0.000000 -0.045206 83.525942 -0.034468 -4.041609 0.300708 
281 0.208710 0.000000 0.000000 98.002697 0.042574 0.026253 0.039547 
282 0.135439 0.000000 -0.067808 93.114668 -12.529048 -15.569508 0.093027 
283 0.135439 0.000000 -0.090411 94.319071 -12.556744 -15.172561 0.071603 
284 0.159863 0.000000 -0.067808 116.042534 -0.063819 -12.676107 -0.362656 
285 0.135439 0.000000 -0.045206 130.958312 -0.073192 -10.716588 -0.726493 
286 0.257557 0.000000 -0.271233 100.162474 -7.776489 -1.807635 -0.009626 
287 0.257557 0.000000 -0.361644 100.084857 -7.398232 -0.979271 -0.007267 
288 0.355251 0.000000 -0.271233 100.697108 -7.914718 -0.786633 -0.020317 
289 0.208710 0.000000 -0.135617 100.288114 -10.096974 -7.316126 -0.021318 
290 0.208710 0.000000 -0.180822 99.390228 -8.602057 -4.904701 0.002353 
291 0.257557 0.000000 -0.135617 101.322767 -10.161037 -6.344458 -0.040980 
292 0.135439 0.000000 -0.113014 97.192815 -10.405237 -9.262430 0.035950 
293 0.135439 0.000000 -0.135617 97.779047 -9.448800 -6.962493 0.030150 
294 0.159863 0.000000 -0.113014 98.499460 -10.873197 -9.809708 0.008340 
295 0.123228 0.000000 -0.079110 92.615611 -12.445566 -15.441718 0.102901 
296 0.111016 0.000000 -0.079110 92.490692 -12.443340 -15.409857 0.105317 
297 0.123228 0.000000 -0.090411 92.462458 -12.516531 -15.462952 0.105493 
298 0.135439 0.000000 -0.079110 94.267938 -12.562686 -15.372478 0.071942 
299 0.123228 0.000000 -0.067808 92.469251 -12.518942 -15.464270 0.105357 
300 0.208710 0.000000 0.045206 96.902370 -0.052330 5.303856 0.058180 
301 0.257557 0.000000 0.045206 83.540863 -0.046696 4.062109 0.300442 
302 0.208710 0.000000 0.090411 100.575266 -12.690512 12.727137 -0.043841 
303 0.135439 0.000000 0.067808 93.041171 -12.648746 15.561139 0.094120 
304 0.135439 0.000000 0.045206 130.785943 -0.195755 10.727068 -0.722007 
305 0.159863 0.000000 0.067808 116.031282 -0.029894 12.703789 -0.362465 
306 0.135439 0.000000 0.090411 94.267889 -12.623205 15.168263 0.072414 
307 0.257557 0.000000 0.271233 100.202614 -7.800061 1.819447 -0.010472 
308 0.355251 0.000000 0.271233 100.749106 -7.921064 0.797220 -0.021376 
309 0.257557 0.000000 0.361644 100.101103 -7.424613 0.979636 -0.007632 
310 0.208710 0.000000 0.135617 100.278989 -10.066239 7.307705 -0.021061 
311 0.257557 0.000000 0.135617 101.339462 -10.115798 6.337154 -0.041218 
312 0.208710 0.000000 0.180822 99.410703 -8.574620 4.890868 0.002007 
313 0.135439 0.000000 0.113014 97.155983 -10.366118 9.294356 0.036687 
314 0.159863 0.000000 0.113014 98.459713 -10.835042 9.833214 0.009159 
315 0.135439 0.000000 0.135617 97.740437 -9.416211 6.992490 0.030925 
316 0.123228 0.000000 0.079110 92.533378 -12.554434 15.431586 0.104183 
317 0.111016 0.000000 0.079110 92.408768 -12.486027 15.397919 0.106762 
318 0.123228 0.000000 0.067808 92.379560 -12.604799 15.450910 0.106841 
319 0.135439 0.000000 0.079110 94.219713 -12.631127 15.369791 0.072687 
320 0.123228 0.000000 0.090411 92.372251 -12.610474 15.449499 0.106966 
321 0.184287 0.000000 -0.067808 104.672759 -0.121123 -10.391629 -0.106439 
322 0.184287 0.000000 -0.090411 99.340073 -12.561347 -13.359567 -0.020472 
323 0.208710 0.000000 -0.067808 94.813553 -0.057697 -8.230673 0.094264 
324 0.184287 0.000000 -0.045206 106.065776 -0.106558 -6.846077 -0.129683 
325 0.184287 0.000000 0.067808 104.691478 -0.125066 10.408029 -0.106865 
326 0.184287 0.000000 0.045206 106.076404 -0.105696 6.883555 -0.129960 
327 0.208710 0.000000 0.067808 94.846062 -0.054341 8.253058 0.093611 
328 0.184287 0.000000 0.090411 99.352775 -12.548493 13.363135 -0.020701 
329 0.452945 0.000000 -0.090411 99.015462 -10.148797 0.001274 0.009294 
330 0.452945 0.000000 -0.180822 99.753606 -11.808842 0.000406 -0.009023 
331 0.550639 0.000000 -0.090411 100.918054 -7.479517 -0.001211 -0.024040 
332 0.452945 0.000000 0.000000 101.353014 -6.523335 -0.000843 -0.031499 
333 0.306404 0.000000 -0.135617 102.510941 -10.470586 -4.308364 -0.063669 
334 0.306404 0.000000 -0.180822 101.355707 -8.911891 -2.856116 -0.036056 
335 0.355251 0.000000 -0.135617 104.448885 -10.677359 -2.743339 -0.103110 
336 0.306404 0.000000 -0.090411 104.358920 -12.490123 -6.475557 -0.108872 
337 0.233134 0.000000 -0.113014 101.472184 -11.653155 -8.410613 -0.050314 
338 0.208710 0.000000 -0.113014 101.349789 -11.417180 -9.479514 -0.049199 
339 0.233134 0.000000 -0.135617 100.707073 -10.156554 -6.764425 -0.029083 
340 0.257557 0.000000 -0.113014 102.706909 -12.613605 -10.267862 -0.081324 
341 0.233134 0.000000 -0.090411 102.917362 -12.672673 -10.289278 -0.085845 
342 0.452945 0.000000 0.090411 99.032125 -10.133833 -0.003665 0.008994 
343 0.550639 0.000000 0.090411 100.926542 -7.471118 -0.000491 -0.024198 
344 0.452945 0.000000 0.180822 99.769682 -11.790637 -0.000223 -0.009301 
345 0.306404 0.000000 0.135617 102.531030 -10.453741 4.325907 -0.064061 
346 0.306404 0.000000 0.090411 104.421205 -12.536479 6.480689 -0.110295 
347 0.355251 0.000000 0.135617 104.487820 -10.748452 2.743042 -0.104076 
348 0.306404 0.000000 0.180822 101.327804 -8.904049 2.869661 -0.035484 
349 0.233134 0.000000 0.113014 101.467084 -11.619171 8.403584 -0.050119 
350 0.208710 0.000000 0.113014 101.348517 -11.363356 9.471761 -0.049036 
351 0.233134 0.000000 0.090411 102.906169 -12.622742 10.288143 -0.085486 
352 0.257557 0.000000 0.113014 102.683325 -12.619310 10.266273 -0.080851 
353 0.233134 0.000000 0.135617 100.722396 -10.110590 6.762655 -0.029296 
354 0.306404 0.000000 -0.045206 74.615885 0.121096 -2.162809 0.442778 
355 0.355251 0.000000 -0.045206 69.399941 -0.045166 -1.118377 0.518240 
356 0.306404 0.000000 0.000000 75.204892 0.044690 -0.019732 0.434422 
357 0.281981 0.000000 -0.113014 103.714161 -12.493467 -8.455139 -0.098420 
358 0.281981 0.000000 -0.135617 102.272870 -10.305917 -5.229928 -0.059330 
359 0.306404 0.000000 -0.113014 104.345672 -12.501080 -6.475494 -0.108623 
360 0.281981 0.000000 -0.090411 103.526659 -12.502411 -8.780991 -0.095119 
361 0.281981 0.000000 -0.067808 77.181255 0.115703 -4.623055 0.402167 
362 0.257557 0.000000 -0.067808 82.607502 -0.063199 -6.210265 0.313743 
363 0.306404 0.000000 -0.067808 73.978283 0.072340 -3.195671 0.451700 
364 0.281981 0.000000 -0.045206 78.252037 0.075147 -3.168991 0.386657 
365 0.269769 0.000000 -0.101712 102.828796 -12.550478 -10.030941 -0.083190 
366 0.257557 0.000000 -0.101712 102.677866 -12.600195 -10.264791 -0.080687 
367 0.269769 0.000000 -0.113014 102.813911 -12.535942 -10.278554 -0.083350 
368 0.281981 0.000000 -0.101712 103.525666 -12.501125 -9.430397 -0.096277 
369 0.269769 0.000000 -0.090411 102.747915 -12.558134 -10.271833 -0.082035 
370 0.306404 0.000000 0.045206 74.745846 0.032672 2.148542 0.440844 
371 0.355251 0.000000 0.045206 69.402800 -0.043879 1.120463 0.518199 
372 0.281981 0.000000 0.113014 103.735455 -12.476729 8.457176 -0.098824 
373 0.281981 0.000000 0.090411 103.541396 -12.488584 8.782426 -0.095392 
374 0.306404 0.000000 0.113014 104.416495 -12.559450 6.480669 -0.110254 
375 0.281981 0.000000 0.135617 102.271566 -10.361326 5.236951 -0.059426 
376 0.281981 0.000000 0.067808 77.213642 0.150920 4.624814 0.401664 
377 0.257557 0.000000 0.067808 82.647513 -0.047081 6.229460 0.313058 
378 0.281981 0.000000 0.045206 78.317765 0.063932 3.200057 0.385608 
379 0.306404 0.000000 0.067808 74.095855 -0.002218 3.183766 0.449967 
380 0.269769 0.000000 0.101712 102.817241 -12.547461 10.030034 -0.082943 
381 0.257557 0.000000 0.101712 102.655011 -12.606811 10.263239 -0.080232 
382 0.269769 0.000000 0.090411 102.734012 -12.554800 10.270472 -0.081738 
383 0.281981 0.000000 0.101712 103.544944 -12.461281 9.430960 -0.096578 
384 0.269769 0.000000 0.113014 102.805931 -12.525050 10.277306 -0.083156 
385 0.746027 0.000000 -1.084932 99.778303 -7.048805 -0.019273 -0.000540 
386 0.746027 0.000000 -1.446576 99.766757 -7.035110 -0.009013 -0.000290 
387 1.136804 0.000000 -1.084932 99.778495 -7.084297 -0.000488 -0.000594 
388 0.550639 0.000000 -0.542466 99.833705 -7.217499 -0.014556 -0.001886 
389 0.550639 0.000000 -0.723288 99.808127 -7.107608 -0.066834 -0.001218 
390 0.746027 0.000000 -0.542466 99.810182 -7.233350 0.018910 -0.001439 
391 0.452945 0.000000 -0.271233 100.427196 -7.924096 0.063954 -0.014842 
392 0.452945 0.000000 -0.361644 100.348729 -7.484611 -0.069882 -0.012589 
393 0.550639 0.000000 -0.271233 101.338981 -11.167771 0.000957 -0.039431 
394 0.404098 0.000000 -0.135617 98.171083 -12.471721 -0.000112 0.020689 
395 0.404098 0.000000 -0.180822 101.900622 -9.114557 0.154129 -0.046684 
396 0.452945 0.000000 -0.135617 99.158002 -10.738619 0.000405 0.005237 
397 0.404098 0.000000 -0.090411 101.229349 -12.436800 -1.529378 -0.040439 
398 0.330828 0.000000 -0.113014 104.322995 -12.536829 -6.476948 -0.108241 
399 0.330828 0.000000 -0.135617 102.840326 -10.583240 -4.006474 -0.070419 
400 0.355251 0.000000 -0.113014 105.162977 -12.590138 -4.687699 -0.123974 
401 0.330828 0.000000 -0.090411 104.316942 -12.537378 -6.476551 -0.108116 
402 0.746027 0.000000 1.084932 99.801720 -7.006574 0.017358 -0.000948 
403 1.136804 0.000000 1.084932 99.800462 -6.999111 -0.004297 -0.000912 
404 0.746027 0.000000 1.446576 99.779851 -6.980497 0.007923 -0.000475 
405 0.550639 0.000000 0.542466 99.859697 -7.201244 0.017074 -0.002382 
406 0.746027 0.000000 0.542466 99.841099 -7.206268 -0.029342 -0.002018 
407 0.550639 0.000000 0.723288 99.838240 -7.079612 0.063379 -0.001780 
408 0.452945 0.000000 0.271233 100.493393 -7.922645 -0.078411 -0.016170 
409 0.550639 0.000000 0.271233 101.357686 -11.150855 0.001442 -0.039772 
410 0.452945 0.000000 0.361644 100.383669 -7.496155 0.068745 -0.013308 
411 0.404098 0.000000 0.135617 98.184565 -12.452108 -0.001900 0.020474 
412 0.404098 0.000000 0.090411 101.252929 -12.390486 1.528579 -0.040802 
413 0.452945 0.000000 0.135617 99.173295 -10.722711 -0.002618 0.004968 
414 0.404098 0.000000 0.180822 101.885845 -9.130696 -0.149171 -0.046412 
415 0.330828 0.000000 0.113014 104.423347 -12.614625 6.483890 -0.110540 
416 0.330828 0.000000 0.090411 104.417012 -12.615088 6.483472 -0.110409 
417 0.355251 0.000000 0.113014 105.255399 -12.610848 4.691115 -0.125974 
418 0.330828 0.000000 0.135617 102.860076 -10.564635 4.021649 -0.070798 
419 0.404098 0.000000 -0.045206 68.576778 -0.018065 0.766930 0.529664 
420 0.452945 0.000000 -0.045206 99.530708 -8.565709 0.000602 0.002027 
421 0.404098 0.000000 0.000000 69.616121 0.006822 0.003236 0.515360 
422 0.379675 0.000000 -0.113014 104.588460 -12.627898 -2.228313 -0.110318 
423 0.379675 0.000000 -0.135617 104.169448 -10.799592 -1.061381 -0.096903 
424 0.404098 0.000000 -0.113014 100.878984 -12.573776 -1.855945 -0.033811 
425 0.379675 0.000000 -0.090411 104.276284 -12.631941 -2.221769 -0.103805 
426 0.330828 0.000000 -0.067808 71.084790 -0.019939 -3.013700 0.493787 
427 0.355251 0.000000 -0.067808 68.174288 -0.056416 -1.825466 0.534893 
428 0.330828 0.000000 -0.045206 71.633191 -0.050634 -1.942135 0.486491 
429 0.343039 0.000000 -0.101712 104.709780 -12.550687 -6.130288 -0.115924 
430 0.330828 0.000000 -0.101712 104.319213 -12.537172 -6.476700 -0.108163 
431 0.343039 0.000000 -0.113014 104.771517 -12.559054 -6.011534 -0.117094 
432 0.355251 0.000000 -0.101712 105.267443 -12.600937 -4.761823 -0.126269 
433 0.343039 0.000000 -0.090411 104.553536 -12.543253 -6.491148 -0.113091 
434 0.404098 0.000000 0.045206 68.646786 -0.000525 -0.773355 0.528702 
435 0.452945 0.000000 0.045206 99.546667 -8.553725 -0.003130 0.001729 
436 0.330828 0.000000 0.067808 71.217394 -0.082396 3.023058 0.491894 
437 0.330828 0.000000 0.045206 71.706251 -0.067043 1.936197 0.485446 
438 0.355251 0.000000 0.067808 68.233355 -0.055470 1.827536 0.534087 
439 0.379675 0.000000 0.113014 104.653829 -12.597816 2.228983 -0.111610 
440 0.379675 0.000000 0.090411 104.334795 -12.596273 2.222482 -0.104935 
441 0.404098 0.000000 0.113014 100.903149 -12.523581 1.855357 -0.034173 
442 0.379675 0.000000 0.135617 104.216360 -10.833209 1.064649 -0.097954 
443 0.343039 0.000000 0.101712 104.810746 -12.609508 6.136354 -0.118195 
444 0.330828 0.000000 0.101712 104.419389 -12.614914 6.483629 -0.110458 
445 0.343039 0.000000 0.090411 104.655024 -12.610442 6.497766 -0.115392 
446 0.355251 0.000000 0.101712 105.357879 -12.615063 4.764850 -0.128213 
447 0.343039 0.000000 0.113014 104.870383 -12.611792 6.017172 -0.119306 
448 1.527580 0.000000 -0.361644 99.679852 -7.716462 0.133135 0.000437 
449 1.527580 0.000000 -0.723288 99.741430 -7.246982 0.021740 -0.000087 
450 1.918356 0.000000 -0.361644 99.759754 -7.791374 0.008159 -0.001271 
451 1.527580 0.000000 0.000000 101.566773 -7.675807 0.128574 -0.037474 
452 0.941416 0.000000 -0.180822 102.055773 -8.038741 0.005413 -0.048000 
453 0.941416 0.000000 -0.361644 99.727169 -7.571222 -0.027279 -0.000283 
454 1.136804 0.000000 -0.180822 101.714979 -8.702011 0.008796 -0.042166 
455 0.941416 0.000000 0.000000 102.015456 -6.563307 0.007205 -0.045023 
456 0.648333 0.000000 -0.090411 101.545408 -7.475880 0.000232 -0.036736 
457 0.648333 0.000000 -0.180822 101.621185 -8.487086 -0.001405 -0.039890 
458 0.746027 0.000000 -0.090411 101.977306 -6.870783 0.000723 -0.044658 
459 0.648333 0.000000 0.000000 101.675658 -6.530654 0.000479 -0.038059 
460 0.501792 0.000000 -0.135617 99.648133 -9.641577 -0.000998 -0.002271 
461 0.501792 0.000000 -0.180822 100.868857 -9.865824 -0.001286 -0.027186 
462 0.550639 0.000000 -0.135617 101.345394 -7.207087 -0.002323 -0.032283 
463 0.501792 0.000000 -0.090411 99.632566 -8.539325 0.000808 0.000043 
464 0.428522 0.000000 -0.113014 98.154205 -12.316208 -1.229886 0.021255 
465 0.428522 0.000000 -0.135617 99.129689 -11.696948 0.000499 0.003649 
466 0.452945 0.000000 -0.113014 99.041534 -10.686057 -0.000071 0.007658 
467 0.428522 0.000000 -0.090411 98.620809 -11.916309 -0.845021 0.013122 
468 0.379675 0.000000 -0.067808 67.384669 -0.023299 -0.339659 0.545919 
469 0.404098 0.000000 -0.067808 98.177443 -11.873224 0.000381 0.022022 
470 0.379675 0.000000 -0.045206 68.301841 -0.018081 -0.239027 0.533480 
471 0.391886 0.000000 -0.101712 102.935574 -12.642487 -2.042064 -0.075973 
472 0.379675 0.000000 -0.101712 104.595385 -12.627339 -2.228496 -0.110461 
473 0.391886 0.000000 -0.113014 102.828901 -12.639446 -2.005623 -0.073756 
474 0.404098 0.000000 -0.101712 100.943358 -12.581187 -1.879254 -0.035138 
475 0.391886 0.000000 -0.090411 102.612652 -12.631861 -1.921640 -0.069261 
476 0.379675 0.000000 0.067808 67.449500 -0.002574 0.352701 0.545044 
477 0.379675 0.000000 0.045206 68.380152 -0.017204 0.241266 0.532410 
478 0.404098 0.000000 0.067808 98.190772 -11.853910 -0.003631 0.021806 
479 1.527580 0.000000 0.361644 99.841349 -7.569295 -0.038337 -0.002559 
480 1.918356 0.000000 0.361644 100.043980 -7.374578 -0.346315 -0.006330 
481 1.527580 0.000000 0.723288 99.837327 -7.106141 -0.028869 -0.001799 
482 0.941416 0.000000 0.180822 102.069523 -8.041290 0.003698 -0.048285 
483 1.136804 0.000000 0.180822 101.731972 -8.706236 0.008019 -0.042519 
484 0.941416 0.000000 0.361644 99.759316 -7.547293 0.024246 -0.000888 
485 0.648333 0.000000 0.090411 101.553007 -7.471410 0.000465 -0.036884 
486 0.746027 0.000000 0.090411 101.983323 -6.868725 0.002573 -0.044778 
487 0.648333 0.000000 0.180822 101.634775 -8.480822 0.002122 -0.040155 
488 0.501792 0.000000 0.135617 99.662416 -9.627938 -0.001178 -0.002529 
489 0.501792 0.000000 0.090411 99.646808 -8.527221 -0.003301 -0.000220 
490 0.550639 0.000000 0.135617 101.357072 -7.198662 0.001345 -0.032508 
491 0.501792 0.000000 0.180822 100.883764 -9.853746 0.001182 -0.027463 
492 0.428522 0.000000 0.113014 98.188125 -12.287470 1.228948 0.020660 
493 0.428522 0.000000 0.090411 98.646649 -11.889936 0.843690 0.012676 
494 0.452945 0.000000 0.113014 99.056193 -10.670193 -0.002271 0.007402 
495 0.428522 0.000000 0.135617 99.144633 -11.678400 -0.001953 0.003396 
496 0.391886 0.000000 0.101712 102.972417 -12.593053 2.042411 -0.076608 
497 0.379675 0.000000 0.101712 104.661048 -12.597584 2.229168 -0.111760 
498 0.391886 0.000000 0.090411 102.649152 -12.585972 1.921782 -0.069895 
499 0.404098 0.000000 0.101712 100.967536 -12.530473 1.878700 -0.035499 
500 0.391886 0.000000 0.113014 102.865616 -12.591144 2.005902 -0.074390 
501 1.332192 0.000000 -0.180822 101.390988 -8.928930 -0.024222 -0.035986 
502 1.332192 0.000000 -0.361644 99.816986 -7.655677 0.147608 -0.002206 
503 1.527580 0.000000 -0.180822 101.601547 -8.787205 0.163852 -0.040012 
504 1.332192 0.000000 0.000000 101.363111 -6.988660 -0.049472 -0.032332 
505 1.332192 0.000000 0.180822 101.498131 -9.232936 -0.021643 -0.038712 
506 1.527580 0.000000 0.180822 101.692978 -9.452019 0.063742 -0.043081 
507 1.332192 0.000000 0.361644 99.900133 -7.586265 -0.088844 -0.003760 
508 1.234498 0.000000 -0.090411 99.210734 -11.320209 0.003317 0.002908 
509 1.136804 0.000000 -0.090411 100.930033 -7.888952 0.009408 -0.024911 
510 1.234498 0.000000 -0.180822 100.728949 -12.370558 0.001365 -0.029935 
511 1.332192 0.000000 -0.090411 100.149823 -9.738460 -0.020238 -0.012483 
512 1.234498 0.000000 0.000000 79.866484 -0.053865 0.000699 0.362134 
513 1.234498 0.000000 0.090411 99.235292 -11.342240 0.003819 0.002371 
514 1.136804 0.000000 0.090411 100.942467 -7.889056 0.009630 -0.025162 
515 1.332192 0.000000 0.090411 100.189859 -9.834916 -0.021552 -0.013473 
516 1.234498 0.000000 0.180822 100.749689 -12.367357 0.002006 -0.030345 
517 4.263014 0.000000 -8.679458 99.754672 -6.997208 -0.000892 0.000004 
518 4.263014 0.000000 -11.572610 99.755219 -6.990673 -0.000471 0.000003 
519 7.389224 0.000000 -8.679458 99.754381 -7.002055 -0.001831 0.000003 
520 2.699909 0.000000 -4.339729 99.752779 -7.023490 -0.001787 0.000005 
521 2.699909 0.000000 -5.786305 99.753870 -7.005649 -0.001119 0.000009 
522 4.263014 0.000000 -4.339729 99.751760 -7.030744 -0.004410 0.000015 
523 1.918356 0.000000 -2.169864 99.760894 -7.063652 0.001835 -0.000213 
524 1.918356 0.000000 -2.893153 99.755294 -7.031554 0.001538 -0.000056 
525 2.699909 0.000000 -2.169864 99.744881 -7.088381 -0.006350 0.000071 
526 1.527580 0.000000 -1.084932 99.759927 -7.128087 0.007446 -0.000285 
527 1.527580 0.000000 -1.446576 99.761867 -7.064462 0.006248 -0.000234 
528 1.918356 0.000000 -1.084932 99.734495 -7.203450 0.015475 0.000114 
529 1.332192 0.000000 -0.542466 99.769025 -7.320211 0.047993 -0.000745 
530 1.136804 0.000000 -0.542466 99.781547 -7.281512 -0.003822 -0.000938 
531 1.332192 0.000000 -0.723288 99.761726 -7.216933 0.027352 -0.000449 
532 1.527580 0.000000 -0.542466 99.695663 -7.353425 0.068916 0.000670 
533 1.234498 0.000000 -0.271233 100.083525 -8.117875 0.029505 -0.008261 
534 1.136804 0.000000 -0.271233 101.711193 -12.056701 0.001928 -0.049053 
535 1.234498 0.000000 -0.361644 99.880842 -7.641976 0.025718 -0.003458 
536 1.332192 0.000000 -0.271233 101.474170 -12.750929 -0.000805 -0.045959 
537 10.515434 0.000000 -2.893153 99.749052 -7.078584 -0.030857 0.000002 
538 10.515434 0.000000 -5.786305 99.752951 -7.022997 -0.006878 0.000003 
539 13.641644 0.000000 -2.893153 99.749453 -7.074020 -0.038434 0.000000 
540 10.515434 0.000000 0.000000 99.794821 -6.424569 -0.216397 -0.000033 
541 5.826119 0.000000 -1.446576 99.738369 -7.224619 -0.079133 0.000006 
542 5.826119 0.000000 -2.893153 99.748408 -7.079052 -0.017100 0.000014 
543 7.389224 0.000000 -1.446576 99.740061 -7.203228 -0.098730 0.000002 
544 5.826119 0.000000 0.000000 99.788835 -6.504441 -4.666503 -0.002190 
545 3.481461 0.000000 -0.723288 99.702598 -7.579874 -0.174854 0.000191 
546 3.481461 0.000000 -1.446576 99.732915 -7.209275 -0.039798 0.000137 
547 4.263014 0.000000 -0.723288 99.709652 -7.553082 -0.237156 0.000088 
548 3.481461 0.000000 0.000000 99.772844 -6.542265 -1.645338 -0.000013 
549 2.309132 0.000000 -0.361644 99.113948 -8.153073 -0.163113 0.010993 
550 2.309132 0.000000 -0.723288 99.639469 -7.515572 -0.017045 0.001549 
551 2.699909 0.000000 -0.361644 99.640984 -8.146111 -0.172710 0.000529 
552 2.309132 0.000000 0.000000 131.852413 -5.899066 0.752711 -0.742042 
553 1.722968 0.000000 -0.180822 101.602329 -9.164262 0.213655 -0.040706 
554 1.722968 0.000000 -0.361644 99.490240 -7.802304 0.104587 0.004081 
555 1.918356 0.000000 -0.180822 100.805379 -8.933324 -0.781124 -0.024214 
556 1.722968 0.000000 0.000000 101.558375 -8.392592 -0.049165 -0.038454 
557 1.429886 0.000000 -0.090411 101.436026 -9.104344 -0.030258 -0.037216 
558 1.429886 0.000000 -0.180822 101.449530 -9.176082 -0.032132 -0.037621 
559 1.527580 0.000000 -0.090411 101.600188 -8.801058 0.111493 -0.040007 
560 1.429886 0.000000 0.000000 101.363113 -6.988676 -0.049473 -0.032332 
561 1.283345 0.000000 -0.135617 99.536428 -10.724419 -0.006968 -0.002251 
562 1.234498 0.000000 -0.135617 99.399876 -11.574026 0.003137 -0.001429 
563 1.283345 0.000000 -0.180822 100.196811 -11.552600 -0.010960 -0.017286 
564 1.332192 0.000000 -0.135617 100.252993 -9.352198 -0.032511 -0.013813 
565 1.283345 0.000000 -0.090411 99.316242 -10.437388 -0.009028 0.002735 
566 10.515434 0.000000 2.893153 99.761096 -6.907928 -0.016046 0.000000 
567 13.641644 0.000000 2.893153 99.761038 -6.909010 -0.019377 0.000000 
568 10.515434 0.000000 5.786305 99.759070 -6.937831 -0.004975 -0.000001 
569 5.826119 0.000000 1.446576 99.762558 -6.886036 -0.028749 0.000001 
570 7.389224 0.000000 1.446576 99.763019 -6.878005 -0.030298 0.000003 
571 5.826119 0.000000 2.893153 99.761546 -6.911784 -0.011528 -0.000014 
572 3.481461 0.000000 0.723288 99.752472 -6.908505 -0.065113 0.000171 
573 4.263014 0.000000 0.723288 99.758285 -6.895471 -0.057140 0.000073 
574 3.481461 0.000000 1.446576 99.759525 -6.889814 -0.029259 0.000057 
575 2.309132 0.000000 0.361644 99.254913 -7.075515 -0.192866 0.009836 
576 2.699909 0.000000 0.361644 99.745380 -6.858717 -0.176577 0.000379 
577 2.309132 0.000000 0.723288 99.769385 -6.983278 -0.156689 -0.000272 
578 1.722968 0.000000 0.180822 101.933745 -10.622880 0.012286 -0.050333 
579 1.918356 0.000000 0.180822 102.064254 -11.733685 -1.104763 -0.055601 
580 1.722968 0.000000 0.361644 99.919208 -7.595186 -0.139523 -0.004155 
581 1.429886 0.000000 0.090411 101.510524 -9.343403 -0.052439 -0.039169 
582 1.527580 0.000000 0.090411 101.675434 -8.961431 0.097130 -0.041821 
583 1.429886 0.000000 0.180822 101.574942 -9.465959 -0.024871 -0.040707 
584 4.263014 0.000000 8.679458 99.757975 -6.957351 -0.000911 -0.000006 
585 7.389224 0.000000 8.679458 99.758106 -6.953170 -0.001596 -0.000003 
586 4.263014 0.000000 11.572610 99.757514 -6.962332 -0.000476 -0.000004 
587 2.699909 0.000000 4.339729 99.761158 -6.942978 -0.003195 -0.000049 
588 4.263014 0.000000 4.339729 99.759657 -6.937142 -0.004103 -0.000011 
589 2.699909 0.000000 5.786305 99.758839 -6.952855 -0.001463 -0.000017 
590 1.918356 0.000000 2.169864 99.777109 -6.942580 -0.013868 -0.000367 
591 2.699909 0.000000 2.169864 99.763004 -6.925059 -0.016073 -0.000061 
592 1.918356 0.000000 2.893153 99.770408 -6.942756 -0.008660 -0.000234 
593 1.527580 0.000000 1.084932 99.795479 -6.983607 -0.026411 -0.000791 
594 1.918356 0.000000 1.084932 99.789728 -6.962035 -0.059715 -0.000646 
595 1.527580 0.000000 1.446576 99.786120 -6.978044 -0.019199 -0.000596 
596 1.332192 0.000000 0.542466 99.848605 -7.231681 -0.023996 -0.002204 
597 1.136804 0.000000 0.542466 99.822503 -7.209783 0.005086 -0.001651 
598 1.527580 0.000000 0.542466 99.848680 -7.216894 -0.042384 -0.002184 
599 1.332192 0.000000 0.723288 99.817781 -7.083230 -0.019610 -0.001376 
600 1.234498 0.000000 0.271233 100.134711 -8.074950 0.012504 -0.009217 
601 1.136804 0.000000 0.271233 101.732146 -12.058995 0.002668 -0.049485 
602 1.332192 0.000000 0.271233 101.516936 -12.825958 0.002567 -0.047019 
603 1.234498 0.000000 0.361644 99.932668 -7.586462 0.001013 -0.004409 
604 1.283345 0.000000 0.135617 99.592078 -10.859382 -0.005720 -0.003651 
605 1.234498 0.000000 0.135617 99.423236 -11.588483 0.004049 -0.001927 
606 1.283345 0.000000 0.090411 99.366182 -10.546750 -0.005153 0.001513 
607 1.332192 0.000000 0.135617 100.320087 -9.518875 -0.025087 -0.015473 
608 1.283345 0.000000 0.180822 100.260181 -11.742652 -0.018258 -0.018999 
609 2.113744 0.000000 -0.180822 100.899282 -7.485021 3.180530 -0.024681 
610 2.113744 0.000000 -0.361644 99.625845 -7.969690 0.383361 0.001103 
611 2.309132 0.000000 -0.180822 97.728537 -7.212884 -1.935032 0.039336 
612 2.113744 0.000000 0.000000 93.435169 0.214809 0.095083 0.126981 
613 2.113744 0.000000 0.180822 101.248839 -6.189948 -3.491280 -0.030183 
614 2.309132 0.000000 0.180822 97.795768 -5.332918 1.857879 0.040410 
615 2.113744 0.000000 0.361644 99.817690 -7.210631 -0.759957 -0.001614 
616 2.016050 0.000000 -0.090411 100.867948 -9.003962 -0.425768 -0.025560 
617 1.918356 0.000000 -0.090411 101.081601 -8.969233 -0.846447 -0.029865 
618 2.016050 0.000000 -0.180822 101.206772 -9.938280 -0.228850 -0.034163 
619 2.113744 0.000000 -0.090411 106.326739 -9.573967 11.130413 -0.152092 
620 2.016050 0.000000 0.000000 101.321427 -9.283508 -1.105921 -0.035344 
621 2.016050 0.000000 0.090411 101.442666 -10.736050 -0.457921 -0.040609 
622 1.918356 0.000000 0.090411 101.458522 -10.000231 -0.987629 -0.039481 
623 2.113744 0.000000 0.090411 107.295037 -7.447599 -11.225767 -0.169371 
624 2.016050 0.000000 0.180822 101.694616 -11.459828 -0.418926 -0.047330 
625 2.309132 0.000000 -1.084932 99.713399 -7.264285 -0.003523 0.000447 
626 2.309132 0.000000 -1.446576 99.742113 -7.152483 -0.003035 0.000035 
627 2.699909 0.000000 -1.084932 99.715732 -7.302860 -0.033864 0.000344 
628 2.113744 0.000000 -0.542466 99.484352 -7.663275 0.041879 0.004414 
629 1.918356 0.000000 -0.542466 99.550129 -7.559282 0.013381 0.003263 
630 2.113744 0.000000 -0.723288 99.677335 -7.427829 0.024995 0.000926 
631 2.309132 0.000000 -0.542466 99.526742 -7.755554 -0.029679 0.003428 
632 2.016050 0.000000 -0.271233 100.093736 -7.698927 0.242820 -0.007809 
633 1.918356 0.000000 -0.271233 101.280448 -11.502023 -0.407646 -0.039019 
634 2.016050 0.000000 -0.361644 99.820800 -7.820323 0.118139 -0.002536 
635 2.113744 0.000000 -0.271233 99.543789 -7.883756 0.997695 0.002789 
636 3.090685 0.000000 -0.361644 99.655177 -8.190434 -0.114043 0.000175 
637 3.090685 0.000000 -0.723288 99.694869 -7.583653 -0.140005 0.000340 
638 3.481461 0.000000 -0.361644 99.651068 -8.312742 -0.143730 0.000054 
639 3.090685 0.000000 0.000000 99.802646 -6.538814 -0.191729 -0.000336 
640 2.504521 0.000000 -0.180822 100.002211 -6.764224 -0.380928 -0.004634 
641 2.504521 0.000000 -0.361644 99.503274 -8.084441 -0.302637 0.003365 
642 2.699909 0.000000 -0.180822 99.831226 -6.580553 0.211844 -0.000962 
643 2.504521 0.000000 0.000000 100.786009 -6.209782 0.537200 -0.019667 
644 2.211438 0.000000 -0.090411 89.540771 -9.380464 16.189903 0.163234 
645 2.211438 0.000000 -0.180822 96.521590 -7.507947 2.590401 0.062050 
646 2.309132 0.000000 -0.090411 105.874833 -5.922421 -15.632707 -0.148894 
647 2.211438 0.000000 0.000000 137.615068 -0.823777 0.553381 -0.893889 
648 2.064897 0.000000 -0.135617 101.237469 -9.338070 -0.138317 -0.033624 
649 2.016050 0.000000 -0.135617 100.897484 -9.434565 -0.445702 -0.026951 
650 2.064897 0.000000 -0.180822 101.478507 -7.129465 1.401165 -0.035068 
651 2.113744 0.000000 -0.135617 103.526922 -8.100560 6.209509 -0.082200 
652 2.064897 0.000000 -0.090411 101.474237 -9.009502 2.586139 -0.038488 
653 3.090685 0.000000 0.361644 99.751198 -6.852541 -0.254770 0.000268 
654 3.481461 0.000000 0.361644 99.748194 -6.937594 -0.281634 0.000209 
655 3.090685 0.000000 0.723288 99.745498 -6.917731 -0.072134 0.000298 
656 2.504521 0.000000 0.180822 100.099322 -4.824320 0.364714 -0.004328 
657 2.699909 0.000000 0.180822 99.928779 -4.585849 -0.282230 -0.000687 
658 2.504521 0.000000 0.361644 99.620726 -6.851058 -0.048567 0.002877 
659 2.211438 0.000000 0.090411 89.794656 -7.204691 -16.183905 0.162309 
660 2.309132 0.000000 0.090411 105.717169 -3.758019 17.374124 -0.149210 
661 2.211438 0.000000 0.180822 96.673273 -5.826774 -2.860860 0.061214 
662 2.309132 0.000000 1.084932 99.763804 -6.936070 -0.070012 -0.000093 
663 2.699909 0.000000 1.084932 99.751079 -6.911434 -0.056336 0.000195 
664 2.309132 0.000000 1.446576 99.769199 -6.932734 -0.037840 -0.000196 
665 2.113744 0.000000 0.542466 99.680327 -7.095485 -0.273447 0.001341 
666 1.918356 0.000000 0.542466 99.780054 -7.185171 -0.180430 -0.000772 
667 2.309132 0.000000 0.542466 99.682526 -7.024396 -0.240183 0.001399 
668 2.113744 0.000000 0.723288 99.829139 -7.021884 -0.166035 -0.001519 
669 2.016050 0.000000 0.271233 100.282915 -7.105248 -0.661548 -0.010759 
670 1.918356 0.000000 0.271233 101.996109 -14.419661 -0.767692 -0.061172 
671 2.113744 0.000000 0.271233 99.794027 -6.952066 -1.404304 -0.000915 
672 2.016050 0.000000 0.361644 100.046080 -7.242714 -0.496489 -0.006192 
673 2.064897 0.000000 0.135617 101.478665 -9.886676 -0.152744 -0.039569 
674 2.016050 0.000000 0.135617 101.480228 -11.477434 -0.567126 -0.043029 
675 2.064897 0.000000 0.090411 101.898719 -9.418158 -2.911345 -0.048053 
676 2.113744 0.000000 0.135617 104.306210 -6.391407 -6.518463 -0.096313 
677 2.064897 0.000000 0.180822 101.794810 -6.242011 -1.642251 -0.040384 
678 2.211438 0.000000 -0.271233 98.330394 -8.041663 0.818706 0.026580 
679 2.211438 0.000000 -0.361644 99.240965 -8.073444 0.264897 0.008598 
680 2.309132 0.000000 -0.271233 98.578597 -7.992569 -0.372634 0.021824 
681 2.162591 0.000000 -0.135617 98.613852 -8.151148 7.998359 0.014489 
682 2.162591 0.000000 -0.180822 98.722407 -7.639427 3.842498 0.018076 
683 2.211438 0.000000 -0.135617 93.881812 -7.695859 5.893640 0.109224 
684 2.162591 0.000000 -0.090411 98.725597 -9.813226 15.684807 -0.008906 
685 2.064897 0.000000 -0.045206 101.208677 -9.220267 -0.122903 -0.032822 
686 2.016050 0.000000 -0.045206 100.940625 -8.661099 -0.778840 -0.026463 
687 2.113744 0.000000 -0.045206 91.671507 0.455323 4.000698 0.158012 
688 2.064897 0.000000 0.000000 86.895085 0.240798 -0.248200 0.244912 
689 2.089321 0.000000 -0.113014 105.138880 -8.852355 5.472583 -0.116250 
690 2.064897 0.000000 -0.113014 102.388772 -8.749654 4.064481 -0.057654 
691 2.089321 0.000000 -0.135617 101.135819 -8.267270 -0.033106 -0.029680 
692 2.113744 0.000000 -0.113014 106.386775 -9.569949 10.994348 -0.153061 
693 2.089321 0.000000 -0.090411 104.943012 -8.849391 5.198858 -0.111838 
694 2.064897 0.000000 0.045206 101.444955 -9.698435 -0.132372 -0.038516 
695 2.016050 0.000000 0.045206 101.271400 -10.377631 -0.807025 -0.036424 
696 2.113744 0.000000 0.045206 91.665756 0.318631 -3.781918 0.158298 
697 2.211438 0.000000 0.271233 98.491206 -6.828182 -1.195605 0.025143 
698 2.309132 0.000000 0.271233 98.684746 -6.669600 0.046976 0.021684 
699 2.211438 0.000000 0.361644 99.399717 -7.138791 -0.627215 0.006834 
700 2.162591 0.000000 0.135617 99.057066 -6.258570 -8.328865 0.007916 
701 2.162591 0.000000 0.090411 99.136945 -7.735889 -15.718899 -0.013506 
702 2.211438 0.000000 0.135617 94.044641 -5.665630 -6.180556 0.108531 
703 2.162591 0.000000 0.180822 98.957986 -6.100372 -4.151397 0.015287 
704 2.089321 0.000000 0.113014 106.178860 -7.459530 -5.583796 -0.136077 
705 2.064897 0.000000 0.113014 102.994482 -8.381142 -4.265413 -0.069630 
706 2.089321 0.000000 0.090411 105.939697 -7.551019 -5.318799 -0.130853 
707 2.113744 0.000000 0.113014 107.363202 -7.443220 -11.089491 -0.170524 
708 2.089321 0.000000 0.135617 101.373541 -8.256741 -0.035368 -0.034477 
709 2.162591 0.000000 -0.045206 109.339018 0.123801 8.090258 -0.202049 
710 2.211438 0.000000 -0.045206 137.969752 -0.603086 10.797055 -0.915259 
711 2.162591 0.000000 0.000000 111.063487 -0.041069 0.378669 -0.233524 
712 2.138168 0.000000 -0.113014 102.429656 -9.789005 15.129620 -0.081656 
713 2.138168 0.000000 -0.135617 101.116756 -8.180680 7.809803 -0.035251 
714 2.162591 0.000000 -0.113014 98.772812 -9.187491 11.687643 0.002292 
715 2.138168 0.000000 -0.090411 102.100898 -9.810680 15.080992 -0.074828 
716 2.089321 0.000000 -0.067808 101.135728 -8.267842 -0.033352 -0.029679 
717 2.064897 0.000000 -0.067808 100.948105 -10.280189 -0.384832 -0.029635 
718 2.113744 0.000000 -0.067808 89.287429 0.658485 6.052773 0.199069 
719 2.089321 0.000000 -0.045206 87.267230 0.495719 1.904514 0.238056 
720 2.101533 0.000000 -0.101712 106.918867 -9.301892 7.952045 -0.158140 
721 2.089321 0.000000 -0.101712 105.922662 -8.974180 5.904216 -0.133501 
722 2.101533 0.000000 -0.113014 107.154456 -9.295013 7.364858 -0.162272 
723 2.113744 0.000000 -0.101712 106.302682 -9.588975 11.539066 -0.152536 
724 2.101533 0.000000 -0.090411 107.189178 -9.353444 7.944175 -0.164012 
725 2.162591 0.000000 0.045206 109.503536 0.699338 -7.489551 -0.204761 
726 2.211438 0.000000 0.045206 137.883552 0.214667 -10.233857 -0.911665 
727 2.089321 0.000000 0.067808 101.373371 -8.258842 -0.035623 -0.034477 
728 2.064897 0.000000 0.067808 101.343748 -12.574149 -0.391673 -0.042882 
729 2.089321 0.000000 0.045206 87.044725 0.245943 -1.865566 0.241967 
730 2.113744 0.000000 0.067808 89.133686 0.488001 -5.908635 0.202004 
731 2.138168 0.000000 0.113014 102.997487 -7.684402 -15.200667 -0.089859 
732 2.138168 0.000000 0.090411 102.650215 -7.689326 -15.147360 -0.082563 
733 2.162591 0.000000 0.113014 99.354490 -6.909043 -12.120317 -0.006595 
734 2.138168 0.000000 0.135617 101.700069 -6.346872 -8.142116 -0.044948 
735 2.101533 0.000000 0.101712 108.085636 -7.311593 -8.041735 -0.180063 
736 2.089321 0.000000 0.101712 107.047925 -7.361759 -6.004920 -0.154951 
737 2.101533 0.000000 0.090411 108.353325 -7.310646 -8.034209 -0.185844 
738 2.113744 0.000000 0.101712 107.257582 -7.453668 -11.637272 -0.169517 
739 2.101533 0.000000 0.113014 108.335121 -7.309868 -7.452835 -0.184548 
740 2.138168 0.000000 -0.067808 97.225934 0.514554 9.340678 0.045960 
741 2.162591 0.000000 -0.067808 107.229244 0.327643 12.039906 -0.164318 
742 2.138168 0.000000 -0.045206 99.065836 0.332526 6.222647 0.014713 
743 2.125956 0.000000 -0.101712 103.519210 -9.714620 15.009156 -0.103588 
744 2.125956 0.000000 -0.113014 104.284234 -9.698170 14.267815 -0.117283 
745 2.138168 0.000000 -0.101712 102.223950 -9.803205 15.099085 -0.077382 
746 2.125956 0.000000 -0.090411 104.189324 -9.702172 14.336963 -0.115510 
747 2.138168 0.000000 0.067808 97.304471 0.762163 -9.184456 0.044690 
748 2.138168 0.000000 0.045206 99.284183 0.511982 -5.808168 0.010865 
749 2.162591 0.000000 0.067808 107.290361 0.966467 -11.941170 -0.165475 
750 2.125956 0.000000 0.101712 104.155483 -7.638537 -15.092848 -0.113451 
751 2.125956 0.000000 0.090411 104.900787 -7.594311 -14.425841 -0.126995 
752 2.138168 0.000000 0.101712 102.780504 -7.688202 -15.167260 -0.085299 
753 2.125956 0.000000 0.113014 105.004304 -7.589112 -14.357470 -0.128964 
754 2.406827 0.000000 -0.090411 102.177877 -5.703151 -2.180430 -0.047760 
755 2.406827 0.000000 -0.180822 99.949181 -6.870416 -1.295468 -0.003872 
756 2.504521 0.000000 -0.090411 100.559814 -5.409074 -0.566134 -0.014185 
757 2.406827 0.000000 0.000000 104.331280 -6.475698 0.609994 -0.092732 
758 2.260285 0.000000 -0.135617 91.504985 -7.049557 -1.200607 0.157570 
759 2.260285 0.000000 -0.180822 95.911112 -7.371053 -0.133084 0.074671 
760 2.309132 0.000000 -0.135617 97.702883 -6.580090 -5.571423 0.037981 
761 2.260285 0.000000 -0.090411 74.606988 -8.458230 12.317570 0.421053 
762 2.187015 0.000000 -0.113014 95.686744 -8.751632 11.376653 0.063803 
763 2.187015 0.000000 -0.135617 96.352497 -7.964103 7.394573 0.059809 
764 2.211438 0.000000 -0.113014 91.139643 -8.280531 9.676186 0.153137 
765 2.187015 0.000000 -0.090411 93.158837 -9.610952 16.998504 0.094011 
766 2.150380 0.000000 -0.101712 101.174003 -9.850995 14.944173 -0.055655 
767 2.150380 0.000000 -0.113014 101.551436 -9.845917 14.999887 -0.063463 
768 2.162591 0.000000 -0.101712 98.912378 -9.817084 15.622000 -0.012408 
769 2.150380 0.000000 -0.090411 100.498210 -9.843127 15.137145 -0.042591 
770 2.406827 0.000000 0.090411 102.150989 -3.570977 4.024171 -0.046377 
771 2.504521 0.000000 0.090411 100.656433 -3.141419 2.612354 -0.014841 
772 2.406827 0.000000 0.180822 100.008362 -4.979868 1.285127 -0.002812 
773 2.260285 0.000000 0.135617 91.387479 -4.903967 1.220378 0.162279 
774 2.260285 0.000000 0.090411 73.795890 -6.547616 -12.125252 0.436427 
775 2.309132 0.000000 0.135617 97.661415 -4.362935 5.992645 0.040730 
776 2.260285 0.000000 0.180822 95.982955 -5.576481 -0.037333 0.075617 
777 2.187015 0.000000 0.113014 96.060962 -6.462965 -11.880261 0.058938 
778 2.187015 0.000000 0.090411 93.478784 -7.671021 -17.008000 0.091360 
779 2.211438 0.000000 0.113014 91.270521 -5.940821 -10.125280 0.153188 
780 2.187015 0.000000 0.135617 96.637467 -6.033176 -7.712399 0.056532 
781 2.150380 0.000000 0.101712 101.673823 -7.698296 -14.997781 -0.062176 
782 2.150380 0.000000 0.090411 100.971827 -7.709994 -15.184926 -0.048534 
783 2.162591 0.000000 0.101712 99.330045 -7.732795 -15.657465 -0.017141 
784 2.150380 0.000000 0.113014 102.069334 -7.696440 -15.058347 -0.070414 
785 2.260285 0.000000 -0.045206 168.749935 -3.090808 1.206466 -1.848755 
786 2.309132 0.000000 -0.045206 127.803661 -5.667671 -12.262373 -0.651626 
787 2.260285 0.000000 0.000000 156.411210 -3.384192 0.672371 -1.447637 
788 2.187015 0.000000 -0.067808 120.058101 0.066379 15.106295 -0.464215 
789 2.211438 0.000000 -0.067808 137.943920 -0.285155 17.962736 -0.935127 
790 2.187015 0.000000 -0.045206 122.309140 -0.174570 9.871002 -0.505699 
791 2.174803 0.000000 -0.101712 95.882026 -9.726153 16.500311 0.043978 
792 2.174803 0.000000 -0.113014 97.335179 -8.968257 11.635288 0.031005 
793 2.187015 0.000000 -0.101712 93.180621 -9.612778 17.002451 0.093588 
794 2.174803 0.000000 -0.090411 95.537173 -9.712841 16.610045 0.050242 
795 2.260285 0.000000 0.045206 169.216141 -2.230611 -0.218425 -1.863913 
796 2.309132 0.000000 0.045206 127.798550 -5.166446 14.530252 -0.657029 
797 2.187015 0.000000 0.067808 119.852644 1.024298 -15.133529 -0.459473 
798 2.187015 0.000000 0.045206 122.232952 0.637665 -9.214527 -0.502621 
799 2.211438 0.000000 0.067808 137.592420 0.510179 -18.186678 -0.926269 
800 2.174803 0.000000 0.101712 96.223193 -7.752965 -16.517858 0.040815 
801 2.174803 0.000000 0.090411 95.870617 -7.756349 -16.625813 0.047225 
802 2.187015 0.000000 0.101712 93.498242 -7.702002 -17.011127 0.090938 
803 2.174803 0.000000 0.113014 97.838608 -6.699873 -12.118797 0.023585 
804 2.235862 0.000000 -0.067808 77.742004 -8.659339 12.835009 0.371646 
805 2.235862 0.000000 -0.090411 78.775341 -8.728309 13.005096 0.354913 
806 2.260285 0.000000 -0.067808 73.313111 -8.399720 12.103669 0.440813 
807 2.235862 0.000000 -0.045206 154.505323 -1.486112 9.526854 -1.396486 
808 2.235862 0.000000 -0.113014 87.730961 -7.714143 5.278858 0.221590 
809 2.235862 0.000000 -0.135617 91.945298 -7.407815 2.973045 0.148235 
810 2.260285 0.000000 -0.113014 85.088974 -7.102398 -1.923382 0.270572 
811 2.223650 0.000000 -0.079110 83.811434 -9.040289 14.406666 0.268636 
812 2.211438 0.000000 -0.079110 89.116788 -9.356707 16.065816 0.171254 
813 2.223650 0.000000 -0.090411 83.790717 -9.036046 14.294017 0.269315 
814 2.235862 0.000000 -0.079110 78.648441 -8.720220 12.984204 0.356979 
815 2.223650 0.000000 -0.067808 147.555364 -0.631588 16.737622 -1.205313 
816 2.235862 0.000000 0.067808 77.113376 -6.536099 -12.676112 0.385012 
817 2.235862 0.000000 0.045206 154.619842 -0.654462 -8.932290 -1.398751 
818 2.260285 0.000000 0.067808 72.483052 -6.577823 -11.906044 0.456119 
819 2.235862 0.000000 0.090411 78.238875 -6.575087 -12.861430 0.367003 
820 2.235862 0.000000 0.113014 87.525674 -5.299803 -5.605203 0.227975 
821 2.260285 0.000000 0.113014 84.579005 -4.742623 2.022752 0.281981 
822 2.235862 0.000000 0.135617 91.954608 -5.299587 -3.164975 0.150625 
823 2.223650 0.000000 0.079110 83.681098 -6.813722 -14.332254 0.274563 
824 2.211438 0.000000 0.079110 89.345465 -7.170701 -16.055100 0.170820 
825 2.223650 0.000000 0.067808 147.316671 0.031916 -17.131628 -1.199570 
826 2.235862 0.000000 0.079110 78.100619 -6.570599 -12.838655 0.369229 
827 2.223650 0.000000 0.090411 83.667251 -6.798188 -14.220459 0.275135 
828 2.357979 0.000000 -0.045206 109.120963 -5.908485 -3.543884 -0.195485 
829 2.357979 0.000000 -0.090411 104.400945 -5.818916 -4.630696 -0.095486 
830 2.406827 0.000000 -0.045206 103.789188 -5.997678 -1.465723 -0.081032 
831 2.357979 0.000000 0.000000 110.923315 -6.334687 0.708182 -0.234461 
832 2.284709 0.000000 -0.067808 151.237342 -5.232903 -44.382526 -1.486993 
833 2.284709 0.000000 -0.090411 90.183902 -6.248350 -31.978741 0.080518 
834 2.309132 0.000000 -0.067808 118.300407 -5.641018 -17.696524 -0.433997 
835 2.284709 0.000000 -0.045206 154.086270 -4.828669 -15.267450 -1.399899 
836 2.248074 0.000000 -0.079110 76.165670 -8.548633 12.575202 0.396758 
837 2.248074 0.000000 -0.090411 76.463311 -8.569838 12.624247 0.392055 
838 2.260285 0.000000 -0.079110 73.803980 -8.418786 12.184775 0.433363 
839 2.248074 0.000000 -0.067808 75.628242 -8.513418 12.486527 0.405198 
840 2.357979 0.000000 0.045206 109.000201 -5.613535 5.796512 -0.194616 
841 2.406827 0.000000 0.045206 103.677831 -5.885140 3.626132 -0.079688 
842 2.357979 0.000000 0.090411 104.390450 -3.575536 6.383287 -0.095090 
843 2.284709 0.000000 0.067808 152.022576 -3.738868 47.122402 -1.534536 
844 2.284709 0.000000 0.045206 154.434009 -4.172266 17.274200 -1.416567 
845 2.309132 0.000000 0.067808 118.237752 -4.190963 20.084207 -0.440111 
846 2.284709 0.000000 0.090411 89.279465 -4.033998 33.775616 0.087211 
847 2.248074 0.000000 0.079110 75.426566 -6.509559 -12.397187 0.411477 
848 2.248074 0.000000 0.067808 74.856412 -6.509039 -12.302604 0.420280 
849 2.260285 0.000000 0.079110 72.972665 -6.571486 -11.987701 0.448810 
850 2.248074 0.000000 0.090411 75.745654 -6.515585 -12.449914 0.406514 
851 5.044566 0.000000 -0.723288 99.714961 -7.526590 -0.285540 0.000020 
852 5.044566 0.000000 -1.446576 99.736786 -7.219028 -0.067758 0.000045 
853 5.826119 0.000000 -0.723288 99.719551 -7.493888 -0.328461 -0.000026 
854 5.044566 0.000000 0.000000 99.868485 -5.332792 -3.939438 -0.001767 
855 3.872238 0.000000 -0.361644 99.647366 -8.426233 -0.266682 -0.000067 
856 3.872238 0.000000 -0.723288 99.707467 -7.571267 -0.205952 0.000105 
857 4.263014 0.000000 -0.361644 99.643763 -8.496888 -0.461661 -0.000129 
858 3.872238 0.000000 0.000000 99.795739 -6.306461 -3.159109 -0.000894 
859 3.286073 0.000000 -0.180822 99.795343 -6.245183 0.883988 0.000111 
860 3.090685 0.000000 -0.180822 99.807945 -6.357732 0.645206 -0.000246 
861 3.286073 0.000000 -0.361644 99.652673 -8.257998 -0.110957 0.000114 
862 3.481461 0.000000 -0.180822 99.802040 -6.139560 1.143560 0.000055 
863 3.286073 0.000000 0.000000 99.766870 -6.533813 -0.755908 0.000331 
864 5.044566 0.000000 0.723288 99.759284 -6.901656 -0.044057 0.000045 
865 5.826119 0.000000 0.723288 99.760790 -6.908224 -0.034758 0.000006 
866 5.044566 0.000000 1.446576 99.761620 -6.879235 -0.028272 0.000029 
867 3.872238 0.000000 0.361644 99.746500 -7.022477 -0.287180 0.000124 
868 4.263014 0.000000 0.361644 99.742631 -7.102882 -0.255716 0.000089 
869 3.872238 0.000000 0.723288 99.756088 -6.904158 -0.059369 0.000105 
870 3.676849 0.000000 -0.180822 99.815069 -5.988790 1.404853 -0.000089 
871 3.676849 0.000000 -0.361644 99.648693 -8.370422 -0.197209 0.000004 
872 3.872238 0.000000 -0.180822 99.832181 -5.782964 1.643255 -0.000261 
873 3.676849 0.000000 0.000000 99.777289 -6.530122 -2.499849 -0.000440 
874 3.286073 0.000000 0.180822 99.905023 -4.532712 -1.276740 -0.000319 
875 3.090685 0.000000 0.180822 99.884038 -4.508617 -0.912382 0.000202 
876 3.481461 0.000000 0.180822 99.911134 -4.572892 -1.718636 -0.000610 
877 3.286073 0.000000 0.361644 99.746210 -6.902903 -0.264297 0.000297 
878 3.383767 0.000000 -0.090411 99.920988 -4.403515 0.226865 -0.000365 
879 3.286073 0.000000 -0.090411 99.906491 -4.587879 -0.033202 -0.000236 
880 3.383767 0.000000 -0.180822 99.796973 -6.195277 1.011386 0.000116 
881 3.481461 0.000000 -0.090411 99.927807 -4.334140 0.554200 -0.000466 
882 3.383767 0.000000 0.000000 99.771069 -6.529712 -1.185817 0.000169 
883 3.676849 0.000000 0.180822 99.909965 -4.639192 -2.179215 -0.000827 
884 3.872238 0.000000 0.180822 99.907426 -4.714025 -2.649725 -0.001074 
885 3.676849 0.000000 0.361644 99.747238 -6.977376 -0.288603 0.000172 
886 3.579155 0.000000 -0.090411 99.925818 -4.387035 0.868838 -0.000517 
887 3.579155 0.000000 -0.180822 99.808314 -6.068725 1.274391 -0.000015 
888 3.676849 0.000000 -0.090411 99.921940 -4.460525 1.071576 -0.000544 
889 3.579155 0.000000 0.000000 99.774329 -6.553328 -2.091457 -0.000224 
890 3.383767 0.000000 0.090411 100.414743 2.680958 -2.770990 -0.009799 
891 3.286073 0.000000 0.090411 100.420590 2.872219 -0.518715 -0.009281 
892 3.481461 0.000000 0.090411 100.337185 1.527234 -4.408693 -0.008932 
893 3.383767 0.000000 0.180822 99.910159 -4.547662 -1.495257 -0.000496 
894 3.432614 0.000000 -0.045206 99.762978 -6.669201 -0.996178 0.000188 
895 3.383767 0.000000 -0.045206 99.757094 -6.737622 -0.877126 0.000236 
896 3.432614 0.000000 -0.090411 99.925390 -4.351716 0.387056 -0.000417 
897 3.481461 0.000000 -0.045206 99.775279 -6.512244 -1.114476 0.000124 
898 3.432614 0.000000 0.000000 99.772195 -6.533473 -1.414855 0.000082 
899 4.653790 0.000000 -0.361644 99.645259 -8.508053 -0.700293 -0.000205 
900 4.653790 0.000000 -0.723288 99.712719 -7.544816 -0.260649 0.000038 
901 5.044566 0.000000 -0.361644 99.652825 -8.415378 -0.943309 -0.000239 
902 4.653790 0.000000 0.000000 99.865814 -5.355584 -3.839102 -0.001660 
903 4.067626 0.000000 -0.180822 99.852938 -5.505554 1.805890 -0.000418 
904 4.067626 0.000000 -0.361644 99.645562 -8.470928 -0.354370 -0.000112 
905 4.263014 0.000000 -0.180822 99.875734 -5.186506 1.806013 -0.000532 
906 4.067626 0.000000 0.000000 99.821531 -5.957092 -3.550796 -0.001243 
907 4.653790 0.000000 0.361644 99.738516 -7.180497 -0.178939 0.000064 
908 5.044566 0.000000 0.361644 99.737244 -7.212672 -0.082583 0.000045 
909 4.653790 0.000000 0.723288 99.758424 -6.902653 -0.049061 0.000061 
910 4.458402 0.000000 -0.180822 99.894709 -4.930094 1.594504 -0.000580 
911 4.458402 0.000000 -0.361644 99.643802 -8.518064 -0.575789 -0.000178 
912 4.653790 0.000000 -0.180822 99.898792 -4.882601 1.141905 -0.000491 
913 4.458402 0.000000 0.000000 99.858135 -5.454754 -3.807365 -0.001590 
914 8.952329 0.000000 -1.446576 99.741346 -7.187605 -0.114627 -0.000001 
915 8.952329 0.000000 -2.893153 99.748862 -7.080009 -0.026594 0.000004 
916 10.515434 0.000000 -1.446576 99.742650 -7.170288 -0.126831 -0.000003 
917 8.952329 0.000000 0.000000 99.815405 -6.129101 -0.116391 -0.000069 
918 6.607671 0.000000 -0.723288 99.723489 -7.435804 -0.362760 -0.000020 
919 6.607671 0.000000 -1.446576 99.739408 -7.209914 -0.089420 0.000006 
920 7.389224 0.000000 -0.723288 99.727437 -7.384132 -0.384900 -0.000024 
921 6.607671 0.000000 0.000000 99.870351 -5.338767 1.396204 -0.000454 
922 5.435343 0.000000 -0.361644 99.665570 -8.242788 -1.138568 -0.000247 
923 5.435343 0.000000 -0.723288 99.717094 -7.505944 -0.308028 0.000007 
924 5.826119 0.000000 -0.361644 99.681486 -8.038831 -1.260848 -0.000261 
925 5.435343 0.000000 0.000000 99.889653 -5.039340 -4.480551 -0.002341 
926 4.849178 0.000000 -0.180822 99.877267 -5.199204 0.640728 -0.000291 
927 4.849178 0.000000 -0.361644 99.648285 -8.473510 -0.825074 -0.000226 
928 5.044566 0.000000 -0.180822 99.979420 -3.745329 -2.356015 -0.001546 
929 4.849178 0.000000 0.000000 99.868195 -5.330120 -3.869249 -0.001704 
930 8.952329 0.000000 1.446576 99.763045 -6.878820 -0.032162 0.000002 
931 10.515434 0.000000 1.446576 99.763019 -6.879848 -0.034224 0.000001 
932 8.952329 0.000000 2.893153 99.761084 -6.907906 -0.014283 0.000001 
933 6.607671 0.000000 0.723288 99.761798 -6.894941 -0.027697 0.000004 
934 7.389224 0.000000 0.723288 99.762211 -6.888458 -0.020687 0.000005 
935 6.607671 0.000000 1.446576 99.762967 -6.877747 -0.029419 0.000005 
936 5.435343 0.000000 0.361644 99.738406 -7.204495 0.014732 0.000035 
937 5.826119 0.000000 0.361644 99.742056 -7.174701 0.094981 0.000004 
938 5.435343 0.000000 0.723288 99.759902 -6.900223 -0.039393 0.000035 
939 5.239954 0.000000 -0.180822 99.963281 -3.981381 -7.001368 -0.005753 
940 5.239954 0.000000 -0.361644 99.658659 -8.336987 -1.049376 -0.000245 
941 5.435343 0.000000 -0.180822 99.915494 -4.669162 -5.686053 -0.003724 
942 5.239954 0.000000 0.000000 99.872023 -5.287355 -4.111843 -0.001928 
943 5.239954 0.000000 0.180822 99.842878 -5.705322 5.377091 -0.003006 
944 5.044566 0.000000 0.180822 99.968577 -3.902688 -2.116015 -0.001342 
945 5.435343 0.000000 0.180822 99.814613 -6.113338 2.890203 -0.000868 
946 5.239954 0.000000 0.361644 99.737539 -7.213488 -0.032782 0.000039 
947 5.142260 0.000000 -0.090411 100.110446 -1.874989 -2.965956 -0.003441 
948 5.044566 0.000000 -0.090411 100.111455 -1.857759 -2.995000 -0.003472 
949 5.142260 0.000000 -0.180822 100.059605 -2.601622 -7.094220 -0.006902 
950 5.239954 0.000000 -0.090411 100.108160 -1.910092 -2.899395 -0.003370 
951 5.142260 0.000000 0.000000 99.869361 -5.322945 -4.007429 -0.001828 
952 6.216895 0.000000 -0.361644 99.697060 -7.818275 -1.311376 -0.000235 
953 6.216895 0.000000 -0.723288 99.721482 -7.468530 -0.346381 -0.000027 
954 6.607671 0.000000 -0.361644 99.711352 -7.610888 -1.306883 -0.000199 
955 6.216895 0.000000 0.000000 99.868992 -5.360184 2.831254 -0.001056 
956 5.630731 0.000000 -0.180822 99.894117 -4.978949 -4.807595 -0.002674 
957 5.630731 0.000000 -0.361644 99.673159 -8.138356 -1.209221 -0.000243 
958 5.826119 0.000000 -0.180822 99.880544 -5.192628 -4.132641 -0.002017 
959 5.630731 0.000000 0.000000 99.938821 -4.340163 -4.986528 -0.003147 
960 6.216895 0.000000 0.361644 99.746275 -7.116019 0.150400 0.000002 
961 6.607671 0.000000 0.361644 99.751066 -7.046440 0.180788 0.000004 
962 6.216895 0.000000 0.723288 99.761119 -6.904785 -0.030553 0.000004 
963 6.021507 0.000000 -0.180822 99.870573 -5.336358 -3.588905 -0.001549 
964 6.021507 0.000000 -0.361644 99.689373 -7.927219 -1.294271 -0.000249 
965 6.216895 0.000000 -0.180822 99.862796 -5.448513 -3.141767 -0.001214 
966 6.021507 0.000000 0.000000 99.811397 -6.182871 4.376447 -0.001970 
967 6.021507 0.000000 0.180822 99.795204 -6.414983 1.331614 -0.000201 
968 5.826119 0.000000 0.180822 99.798958 -6.360293 1.644761 -0.000299 
969 6.216895 0.000000 0.180822 99.792496 -6.454544 1.109780 -0.000143 
970 6.021507 0.000000 0.361644 99.744084 -7.146599 0.125893 0.000003 
971 5.923813 0.000000 -0.090411 100.050307 -2.765757 -1.809269 -0.002099 
972 5.826119 0.000000 -0.090411 100.063014 -2.583468 -1.983869 -0.002322 
973 5.923813 0.000000 -0.180822 99.875191 -5.269781 -3.846935 -0.001762 
974 6.021507 0.000000 -0.090411 100.036721 -2.960560 -1.645637 -0.001882 
975 5.923813 0.000000 0.000000 99.530949 -10.192789 2.656495 -0.001736 
976 2.895297 0.000000 -0.180822 99.801062 -6.516581 0.435811 -0.000291 
977 2.895297 0.000000 -0.361644 99.656252 -8.171147 -0.134335 0.000185 
978 2.895297 0.000000 0.000000 99.811584 -6.501294 0.157573 -0.000464 
979 3.188379 0.000000 -0.090411 99.883882 -4.792943 -0.189038 0.000020 
980 3.090685 0.000000 -0.090411 99.867341 -4.930977 -0.202478 0.000216 
981 3.188379 0.000000 -0.180822 99.805897 -6.284887 0.753514 -0.000128 
982 3.188379 0.000000 0.000000 99.787937 -6.520188 -0.413048 -0.000032 
983 3.774543 0.000000 -0.090411 100.136862 -1.405373 1.492614 -0.003159 
984 3.774543 0.000000 -0.180822 99.823578 -5.893629 1.535441 -0.000184 
985 3.872238 0.000000 -0.090411 100.013653 -3.188799 -1.006286 -0.001391 
986 3.774543 0.000000 0.000000 99.784336 -6.445233 -2.859880 -0.000663 
987 4.067626 0.000000 0.180822 99.906878 -4.740387 -3.129146 -0.001365 
988 4.263014 0.000000 0.180822 99.915294 -4.630842 -3.589953 -0.001740 
989 4.067626 0.000000 0.361644 99.744582 -7.066717 -0.275330 0.000100 
990 3.969932 0.000000 -0.090411 100.049826 -2.681601 -1.044139 -0.001825 
991 3.969932 0.000000 -0.180822 99.842061 -5.651593 1.738393 -0.000340 
992 4.067626 0.000000 -0.090411 100.062971 -2.503096 -1.389919 -0.002080 
993 3.969932 0.000000 0.000000 99.808540 -6.133530 -3.387971 -0.001084 
994 4.165320 0.000000 -0.090411 100.072931 -2.373619 -1.665050 -0.002300 
995 4.165320 0.000000 -0.180822 99.864509 -5.351628 1.831522 -0.000491 
996 4.263014 0.000000 -0.090411 100.081609 -2.257041 -1.927427 -0.002514 
997 4.165320 0.000000 0.000000 99.833695 -5.797439 -3.664149 -0.001380 
998 4.458402 0.000000 0.180822 99.940171 -4.283833 -3.904707 -0.002164 
999 4.653790 0.000000 0.180822 99.977782 -3.756155 -3.791855 -0.002404 
1000 4.458402 0.000000 0.361644 99.740008 -7.149611 -0.219861 0.000077 
1001 4.360708 0.000000 -0.090411 100.088457 -2.150019 -2.165683 -0.002701 
1002 4.360708 0.000000 -0.180822 99.886450 -5.036683 1.732166 -0.000567 
1003 4.458402 0.000000 -0.090411 100.094670 -2.071420 -2.377177 -0.002888 
1004 4.360708 0.000000 0.000000 99.852013 -5.533389 -3.781837 -0.001535 
1005 4.556096 0.000000 -0.090411 100.100118 -1.999144 -2.565709 -0.003061 
1006 4.556096 0.000000 -0.180822 99.899407 -4.868563 1.393063 -0.000554 
1007 4.653790 0.000000 -0.090411 100.104481 -1.941922 -2.723730 -0.003210 
1008 4.556096 0.000000 0.000000 99.862789 -5.393803 -3.825822 -0.001631 
1009 4.849178 0.000000 0.180822 100.021970 -3.132437 -3.100027 -0.002382 
1010 4.849178 0.000000 0.361644 99.737556 -7.201850 -0.132103 0.000054 
1011 4.751484 0.000000 -0.090411 100.107794 -1.899165 -2.847892 -0.003329 
1012 4.751484 0.000000 -0.180822 99.891640 -4.989528 0.870095 -0.000399 
1013 4.849178 0.000000 -0.090411 100.110070 -1.870697 -2.935565 -0.003414 
1014 4.751484 0.000000 0.000000 99.867497 -5.336052 -3.851994 -0.001683 
1015 4.946872 0.000000 -0.090411 100.111308 -1.856626 -2.984992 -0.003463 
1016 4.946872 0.000000 -0.180822 99.855937 -5.507869 0.264671 -0.000161 
1017 4.946872 0.000000 0.000000 99.868343 -5.331607 -3.896291 -0.001729 
1018 5.826119 0.000000 -4.339729 99.751577 -7.036710 -0.006757 0.000011 
1019 5.826119 0.000000 -5.786305 99.753103 -7.017315 -0.003462 0.000008 
1020 7.389224 0.000000 -4.339729 99.751567 -7.039755 -0.008927 0.000007 
1021 5.044566 0.000000 -2.169864 99.744169 -7.121420 -0.027158 0.000039 
1022 4.263014 0.000000 -2.169864 99.743436 -7.118167 -0.021478 0.000058 
1023 5.044566 0.000000 -2.893153 99.748050 -7.085189 -0.014162 0.000013 
1024 5.826119 0.000000 -2.169864 99.744781 -7.128966 -0.032870 0.000016 
1025 5.435343 0.000000 -1.084932 99.730556 -7.314470 -0.136308 0.000030 
1026 5.044566 0.000000 -1.084932 99.729457 -7.319923 -0.126135 0.000044 
1027 5.435343 0.000000 -1.446576 99.737489 -7.217170 -0.073465 0.000034 
1028 5.826119 0.000000 -1.084932 99.731847 -7.317808 -0.146045 -0.000001 
1029 5.239954 0.000000 -0.542466 99.701573 -7.722963 -0.500043 -0.000030 
1030 5.044566 0.000000 -0.542466 99.699793 -7.743540 -0.476845 -0.000024 
1031 5.239954 0.000000 -0.723288 99.716031 -7.516107 -0.297015 0.000013 
1032 5.435343 0.000000 -0.542466 99.703474 -7.700587 -0.521459 -0.000035 
1033 5.142260 0.000000 -0.271233 99.561185 -9.728818 -2.432716 -0.001300 
1034 5.044566 0.000000 -0.271233 99.542297 -9.996251 -2.246251 -0.001364 
1035 5.142260 0.000000 -0.361644 99.655595 -8.378453 -0.998178 -0.000243 
1036 5.239954 0.000000 -0.271233 99.580293 -9.457973 -2.568346 -0.001228 
1037 4.653790 0.000000 -1.084932 99.728355 -7.324653 -0.115153 0.000059 
1038 4.263014 0.000000 -1.084932 99.726802 -7.327907 -0.103343 0.000086 
1039 4.653790 0.000000 -1.446576 99.736004 -7.219576 -0.061524 0.000060 
1040 4.849178 0.000000 -0.542466 99.698026 -7.762252 -0.452666 -0.000015 
1041 4.653790 0.000000 -0.542466 99.696233 -7.779512 -0.427431 -0.000004 
1042 4.849178 0.000000 -0.723288 99.713917 -7.535577 -0.273316 0.000028 
1043 4.946872 0.000000 -0.271233 99.524319 -10.250133 -2.004412 -0.001417 
1044 4.849178 0.000000 -0.271233 99.508176 -10.477387 -1.702830 -0.001455 
1045 4.946872 0.000000 -0.361644 99.650382 -8.447128 -0.885476 -0.000234 
1046 5.093413 0.000000 -0.226028 99.461368 -11.155157 -5.691373 -0.004939 
1047 5.044566 0.000000 -0.226028 99.447413 -11.353238 -5.463500 -0.004853 
1048 5.093413 0.000000 -0.271233 99.551685 -9.863481 -2.345983 -0.001333 
1049 5.142260 0.000000 -0.226028 99.492399 -10.712822 -5.949342 -0.004890 
1050 5.093413 0.000000 -0.180822 100.090725 -2.155196 -5.143155 -0.004925 
1051 4.995719 0.000000 -0.226028 99.440859 -11.445348 -5.525107 -0.005001 
1052 4.946872 0.000000 -0.226028 99.416609 -11.790571 -5.944785 -0.005802 
1053 4.995719 0.000000 -0.271233 99.533136 -10.125617 -2.132559 -0.001392 
1054 4.995719 0.000000 -0.180822 99.874562 -5.243142 -0.571247 -0.000275 
1055 5.093413 0.000000 -0.135617 100.115468 -1.801601 -3.985563 -0.004224 
1056 5.044566 0.000000 -0.135617 100.126111 -1.647920 -3.967952 -0.004370 
1057 5.142260 0.000000 -0.135617 100.104966 -1.953131 -3.989291 -0.004073 
1058 5.093413 0.000000 -0.090411 100.111102 -1.864276 -2.985188 -0.003462 
1059 5.068990 0.000000 -0.203425 99.960644 -4.014553 -4.216886 -0.002603 
1060 5.044566 0.000000 -0.203425 99.963237 -3.976671 -3.538953 -0.002099 
1061 5.068990 0.000000 -0.226028 99.452362 -11.283229 -5.555457 -0.004895 
1062 5.093413 0.000000 -0.203425 99.949657 -4.172422 -4.933812 -0.003169 
1063 5.068990 0.000000 -0.180822 100.048914 -2.752363 -3.670410 -0.003083 
1064 4.165320 0.000000 0.090411 100.012154 -3.248437 -5.081896 -0.003881 
1065 4.067626 0.000000 0.090411 100.027178 -3.018025 -5.097003 -0.004052 
1066 4.263014 0.000000 0.090411 100.000142 -3.427325 -5.105862 -0.003784 
1067 4.165320 0.000000 0.180822 99.909841 -4.714742 -3.369753 -0.001556 
1068 4.360708 0.000000 0.090411 100.001140 -3.403308 -5.263570 -0.003952 
1069 4.458402 0.000000 0.090411 100.208855 -0.440315 -0.429371 -0.004219 
1070 4.360708 0.000000 0.180822 99.925598 -4.486098 -3.785908 -0.001958 
1071 4.946872 0.000000 0.090411 99.989047 -3.606139 -1.836022 -0.001418 
1072 4.849178 0.000000 0.090411 100.010621 -3.294068 -2.220447 -0.001791 
1073 5.044566 0.000000 0.090411 99.965082 -3.952028 -1.558403 -0.001106 
1074 4.946872 0.000000 0.180822 100.030438 -3.014880 -2.190535 -0.001998 
1075 5.142260 0.000000 0.090411 99.942571 -4.276595 -1.338766 -0.000860 
1076 5.239954 0.000000 0.090411 99.921668 -4.577988 -1.146812 -0.000661 
1077 5.142260 0.000000 0.180822 96.463598 -54.027311 -46.343422 -0.437189 
1078 -8.241827 0.000000 -8.679458 99.756113 -6.978777 0.000239 0.000001 
1079 -11.368037 0.000000 -8.679458 99.756218 -6.977709 0.000219 0.000001 
1080 -8.241827 0.000000 -11.572610 99.756106 -6.979080 0.000191 0.000001 
1081 10.515434 0.000000 -8.679458 99.754262 -7.004663 -0.002792 0.000002 
1082 10.515434 0.000000 -11.572610 99.754905 -6.995858 -0.001455 0.000002 
1083 13.641644 0.000000 -8.679458 99.754216 -7.005944 -0.003718 0.000001 
1084 -8.241827 0.000000 8.679458 99.756676 -6.972775 0.000273 -0.000001 
1085 -11.368037 0.000000 8.679458 99.756576 -6.973732 0.000235 -0.000001 
1086 -8.241827 0.000000 11.572610 99.756699 -6.972449 0.000211 -0.000001 
1087 -3.552511 0.000000 -4.339729 99.755644 -6.981523 0.000330 0.000007 
1088 -5.115617 0.000000 -4.339729 99.755912 -6.979554 0.000374 0.000004 
1089 -3.552511 0.000000 -5.786305 99.755706 -6.982107 0.000269 0.000005 
1090 10.515434 0.000000 8.679458 99.758194 -6.950805 -0.002272 -0.000001 
1091 13.641644 0.000000 8.679458 99.758249 -6.949581 -0.002945 -0.000000 
1092 10.515434 0.000000 11.572610 99.757718 -6.957699 -0.001259 -0.000001 
1093 -3.552511 0.000000 4.339729 99.756929 -6.970923 0.000684 -0.000004 
1094 -5.115617 0.000000 4.339729 99.756719 -6.972404 0.000544 -0.000002 
1095 -3.552511 0.000000 5.786305 99.757035 -6.970175 0.000504 -0.000005 
1096 -1.207854 0.000000 -2.169864 99.759013 -6.984864 -0.006052 -0.000065 
1097 -1.989406 0.000000 -2.169864 99.754208 -6.975637 0.000129 0.000044 
1098 -1.207854 0.000000 -2.893153 99.754097 -6.981267 -0.000632 0.000038 
1099 5.826119 0.000000 4.339729 99.759680 -6.931296 -0.005171 -0.000004 
1100 7.389224 0.000000 4.339729 99.759746 -6.928517 -0.006222 -0.000001 
1101 5.826119 0.000000 5.786305 99.758920 -6.942994 -0.002949 -0.000005 
1102 3.481461 0.000000 -2.169864 99.737095 -7.106546 -0.021056 0.000201 
1103 3.481461 0.000000 -2.893153 99.748227 -7.063223 -0.006969 0.000040 
1104 -1.207854 0.000000 2.169864 99.763300 -6.967920 0.009728 -0.000127 
1105 -1.989406 0.000000 2.169864 99.756268 -6.961701 0.001887 0.000022 
1106 -1.207854 0.000000 2.893153 99.757450 -6.957896 0.002297 0.000004 
1107 -0.817078 0.000000 -1.084932 99.743313 -6.990435 -0.002192 0.000241 
1108 -1.207854 0.000000 -1.084932 99.747235 -6.990287 0.007070 0.000162 
1109 -0.817078 0.000000 -1.446576 99.754767 -6.989120 -0.009995 0.000014 
1110 3.481461 0.000000 2.169864 99.760000 -6.906785 -0.014453 0.000024 
1111 4.263014 0.000000 2.169864 99.760772 -6.902147 -0.015786 0.000015 
1112 3.481461 0.000000 2.893153 99.761135 -6.923632 -0.009423 -0.000022 
1113 -0.230913 0.000000 -0.542466 99.644969 -7.023270 0.052572 0.002155 
1114 -0.426301 0.000000 -0.542466 99.722214 -7.005251 0.043924 0.000640 
1115 -0.230913 0.000000 -0.723288 99.669349 -7.028677 0.002668 0.001662 
1116 0.941416 0.000000 -0.542466 99.770866 -7.249363 0.004749 -0.000678 
1117 0.941416 0.000000 -0.723288 99.750395 -7.135318 -0.002047 -0.000105 
1118 -0.817078 0.000000 1.084932 99.747495 -6.977852 0.006392 0.000175 
1119 -1.207854 0.000000 1.084932 99.752211 -6.978864 0.002219 0.000079 
1120 -0.817078 0.000000 1.446576 99.758459 -6.977400 0.014173 -0.000043 
1121 -0.230913 0.000000 0.542466 99.658819 -7.022901 -0.039201 0.001880 
1122 -0.426301 0.000000 0.542466 99.735960 -7.004269 -0.022497 0.000368 
1123 -0.230913 0.000000 0.723288 99.692238 -7.013652 0.016508 0.001227 
1124 -0.133219 0.000000 -0.271233 99.735645 -7.200811 0.579158 0.000061 
1125 -0.230913 0.000000 -0.271233 99.835292 -6.995852 0.448741 -0.001623 
1126 -0.133219 0.000000 -0.361644 99.451900 -7.092920 0.271075 0.005894 
1127 0.941416 0.000000 0.542466 99.814914 -7.201921 -0.011160 -0.001488 
1128 0.941416 0.000000 0.723288 99.783154 -7.082857 -0.008015 -0.000684 
1129 -0.133219 0.000000 0.271233 99.690057 -7.210997 -0.610557 0.000952 
1130 -0.230913 0.000000 0.271233 99.834454 -6.955748 -0.440708 -0.001549 
1131 -0.133219 0.000000 0.361644 99.461775 -7.084375 -0.260714 0.005710 
1132 0.037745 0.000000 -0.113014 88.349373 -8.864278 -1.780701 0.211264 
1133 0.013322 0.000000 -0.113014 87.458015 -8.447260 4.606176 0.225852 
1134 0.037745 0.000000 -0.135617 92.542983 -8.290899 -0.757158 0.136648 
1135 0.648333 0.000000 -0.271233 101.338936 -11.174475 0.000966 -0.039445 
1136 0.648333 0.000000 -0.361644 99.811771 -7.543135 0.107714 -0.001930 
1137 0.746027 0.000000 -0.271233 102.290283 -10.265655 0.001981 -0.056869 
1138 0.648333 0.000000 0.271233 101.357650 -11.157526 0.001439 -0.039786 
1139 0.746027 0.000000 0.271233 102.305410 -10.267245 0.000842 -0.057181 
1140 0.648333 0.000000 0.361644 99.843307 -7.528219 -0.120884 -0.002537 
1141 0.037745 0.000000 0.113014 88.288026 -8.880375 1.780549 0.212319 
1142 0.013322 0.000000 0.113014 87.405111 -8.467665 -4.621434 0.226729 
1143 0.037745 0.000000 0.135617 92.496547 -8.305541 0.763619 0.137482 
1144 0.098804 0.000000 -0.079110 92.416672 -12.451142 -15.396454 0.106708 
1145 0.098804 0.000000 -0.090411 92.533318 -12.541686 -15.476698 0.104076 
1146 0.098804 0.000000 -0.067808 92.409157 -12.438715 -15.386838 0.106907 
1147 0.098804 0.000000 0.079110 92.351505 -12.409389 15.386357 0.108047 
1148 0.098804 0.000000 0.067808 92.345530 -12.393781 15.376957 0.108225 
1149 0.098804 0.000000 0.090411 92.448501 -12.551263 15.464220 0.105660 
1150 0.233134 0.000000 -0.067808 88.293330 -0.048895 -6.437431 0.216285 
1151 0.233134 0.000000 -0.045206 89.745598 -0.037379 -4.829121 0.192241 
1152 0.184287 0.000000 -0.113014 99.870035 -11.246540 -9.928561 -0.019908 
1153 0.184287 0.000000 -0.135617 99.330440 -9.931274 -7.736118 -0.002501 
1154 0.233134 0.000000 0.067808 88.330628 -0.029588 6.451290 0.215608 
1155 0.233134 0.000000 0.045206 89.761511 -0.029761 4.861988 0.191923 
1156 0.184287 0.000000 0.113014 99.828725 -11.214489 9.941666 -0.019038 
1157 0.184287 0.000000 0.135617 99.328199 -9.872844 7.736974 -0.002342 
1158 0.501792 0.000000 -0.045206 100.347017 -8.026688 -0.000154 -0.013395 
1159 0.550639 0.000000 -0.045206 101.351437 -6.742627 -0.001165 -0.031758 
1160 0.501792 0.000000 0.000000 101.353014 -6.523335 -0.000843 -0.031499 
1161 0.501792 0.000000 0.045206 100.353386 -8.020131 -0.002050 -0.013512 
1162 0.550639 0.000000 0.045206 101.354220 -6.740593 -0.000356 -0.031811 
1163 0.428522 0.000000 -0.067808 99.133794 -10.840513 0.001079 0.005497 
1164 0.452945 0.000000 -0.067808 99.273554 -9.337627 0.000872 0.005757 
1165 0.428522 0.000000 -0.045206 99.295511 -11.595339 0.000557 0.000595 
1166 0.367463 0.000000 -0.101712 105.078282 -12.610816 -3.280420 -0.121124 
1167 0.367463 0.000000 -0.113014 105.111447 -12.619326 -2.762076 -0.121529 
1168 0.367463 0.000000 -0.090411 105.385039 -12.616214 -3.016835 -0.127428 
1169 0.428522 0.000000 0.067808 99.150008 -10.824110 -0.003223 0.005211 
1170 0.428522 0.000000 0.045206 99.310709 -11.576993 -0.001841 0.000336 
1171 0.452945 0.000000 0.067808 99.290178 -9.324220 -0.003365 0.005452 
1172 0.367463 0.000000 0.101712 105.159628 -12.604404 3.282082 -0.122819 
1173 0.367463 0.000000 0.090411 105.469453 -12.606839 3.017973 -0.129185 
1174 0.367463 0.000000 0.113014 105.189614 -12.603351 2.763072 -0.123133 
1175 1.722968 0.000000 -0.542466 99.690496 -7.438027 0.012113 0.000648 
1176 1.722968 0.000000 -0.723288 99.654769 -7.284526 0.002161 0.001586 
1177 1.722968 0.000000 0.542466 99.939400 -7.192957 -0.050815 -0.003962 
1178 1.722968 0.000000 0.723288 99.799008 -7.062713 -0.038399 -0.000973 
1179 1.429886 0.000000 -0.271233 101.447723 -11.538555 -0.013314 -0.042478 
1180 1.429886 0.000000 -0.361644 99.720802 -7.635443 0.155928 -0.000256 
1181 1.527580 0.000000 -0.271233 101.736794 -12.250824 -0.033135 -0.050046 
1182 1.429886 0.000000 0.271233 101.521642 -11.787163 -0.017417 -0.044558 
1183 1.527580 0.000000 0.271233 101.980764 -12.860904 -0.083688 -0.056549 
1184 1.429886 0.000000 0.361644 99.835119 -7.550097 -0.075619 -0.002406 
1185 8.952329 0.000000 -4.339729 99.751595 -7.041151 -0.010960 0.000004 
1186 8.952329 0.000000 -5.786305 99.752961 -7.022023 -0.005788 0.000004 
1187 10.515434 0.000000 -4.339729 99.751637 -7.041639 -0.012897 0.000003 
1188 6.607671 0.000000 -2.169864 99.745506 -7.122884 -0.037064 0.000010 
1189 6.607671 0.000000 -2.893153 99.748552 -7.079893 -0.019602 0.000010 
1190 7.389224 0.000000 -2.169864 99.745745 -7.121893 -0.041376 0.000006 
1191 3.090685 0.000000 -1.084932 99.720532 -7.319865 -0.057717 0.000223 
1192 3.090685 0.000000 -1.446576 99.731507 -7.200860 -0.028916 0.000177 
1193 3.481461 0.000000 -1.084932 99.725585 -7.328023 -0.070932 0.000110 
1194 3.872238 0.000000 -1.084932 99.725366 -7.328096 -0.090990 0.000114 
1195 3.872238 0.000000 -1.446576 99.732821 -7.217462 -0.051185 0.000127 
1196 2.504521 0.000000 -0.542466 99.581564 -7.834606 -0.149977 0.002211 
1197 2.504521 0.000000 -0.723288 99.623035 -7.555229 -0.085903 0.001816 
1198 2.699909 0.000000 -0.542466 99.640110 -7.843367 -0.189637 0.001029 
1199 8.952329 0.000000 4.339729 99.759807 -6.927063 -0.007284 -0.000000 
1200 10.515434 0.000000 4.339729 99.759844 -6.926355 -0.008340 -0.000000 
1201 8.952329 0.000000 5.786305 99.759029 -6.938797 -0.004299 -0.000001 
1202 5.044566 0.000000 2.169864 99.761108 -6.897286 -0.016364 0.000015 
1203 5.826119 0.000000 2.169864 99.762862 -6.899510 -0.019222 -0.000023 
1204 5.044566 0.000000 2.893153 99.760725 -6.919680 -0.010086 -0.000008 
1205 3.090685 0.000000 1.084932 99.755736 -6.895874 -0.047806 0.000124 
1206 3.481461 0.000000 1.084932 99.759953 -6.886604 -0.047840 0.000052 
1207 3.090685 0.000000 1.446576 99.758173 -6.899698 -0.031493 0.000070 
1208 2.504521 0.000000 0.542466 99.689201 -7.003959 -0.132566 0.001299 
1209 2.699909 0.000000 0.542466 99.737947 -6.979673 -0.115317 0.000361 
1210 2.504521 0.000000 0.723288 99.722345 -6.947931 -0.105412 0.000717 
1211 2.895297 0.000000 -0.542466 99.660072 -7.828787 -0.205412 0.000654 
1212 2.895297 0.000000 -0.723288 99.679392 -7.569899 -0.132419 0.000670 
1213 3.090685 0.000000 -0.542466 99.673961 -7.832713 -0.220944 0.000370 
1214 3.286073 0.000000 -0.542466 99.681383 -7.843706 -0.237910 0.000204 
1215 3.286073 0.000000 -0.723288 99.699883 -7.583072 -0.157351 0.000241 
1216 3.481461 0.000000 -0.542466 99.683881 -7.840028 -0.267456 0.000159 
1217 2.406827 0.000000 -0.271233 99.413132 -7.938190 -0.534036 0.005373 
1218 2.406827 0.000000 -0.361644 99.309077 -8.107907 -0.368478 0.007183 
1219 2.504521 0.000000 -0.271233 99.640010 -7.875319 -0.335085 0.000974 
1220 2.895297 0.000000 0.180822 99.888670 -4.567715 -0.599818 0.000103 
1221 2.895297 0.000000 0.361644 99.755832 -6.859372 -0.227703 0.000167 
1222 2.895297 0.000000 0.542466 99.744883 -6.928718 -0.112677 0.000294 
1223 3.090685 0.000000 0.542466 99.741578 -6.949414 -0.099902 0.000331 
1224 2.895297 0.000000 0.723288 99.747079 -6.907507 -0.083476 0.000280 
1225 2.406827 0.000000 0.271233 99.556251 -6.470620 0.212514 0.004664 
1226 2.504521 0.000000 0.271233 99.744225 -6.386909 0.066607 0.001029 
1227 2.406827 0.000000 0.361644 99.430154 -6.954465 0.020296 0.006528 
1228 2.357979 0.000000 -0.135617 100.712656 -6.410065 -3.398079 -0.019568 
1229 2.357979 0.000000 -0.180822 99.369302 -7.059848 -1.949134 0.007210 
1230 2.406827 0.000000 -0.135617 100.815839 -6.218831 -1.860385 -0.020597 
1231 2.284709 0.000000 -0.113014 91.306731 -6.538392 -10.927515 0.150092 
1232 2.284709 0.000000 -0.135617 94.115088 -6.774101 -4.952709 0.107193 
1233 2.309132 0.000000 -0.113014 99.551340 -6.244320 -9.684547 -0.004325 
1234 2.357979 0.000000 0.135617 100.737377 -4.161511 3.870464 -0.018032 
1235 2.406827 0.000000 0.135617 100.846610 -3.961229 2.367453 -0.019133 
1236 2.357979 0.000000 0.180822 99.409980 -5.154957 1.944688 0.008730 
1237 2.284709 0.000000 0.113014 90.874052 -4.265991 11.617191 0.158875 
1238 2.309132 0.000000 0.113014 99.442779 -3.894626 10.636692 -0.001717 
1239 2.284709 0.000000 0.135617 93.995610 -4.619208 5.176550 0.111669 
1240 3.676849 0.000000 -0.542466 99.686448 -7.834856 -0.294276 0.000114 
1241 3.676849 0.000000 -0.723288 99.707140 -7.577035 -0.184860 0.000104 
1242 3.872238 0.000000 -0.542466 99.689310 -7.828626 -0.321581 0.000065 
1243 4.067626 0.000000 -0.542466 99.691453 -7.816496 -0.348068 0.000040 
1244 4.067626 0.000000 -0.723288 99.709059 -7.569070 -0.219658 0.000076 
1245 4.263014 0.000000 -0.542466 99.692380 -7.800281 -0.378323 0.000044 
1246 3.188379 0.000000 0.090411 100.296077 1.947097 1.381849 -0.006500 
1247 3.090685 0.000000 0.090411 100.174749 0.830265 2.255230 -0.004076 
1248 3.188379 0.000000 0.180822 99.895115 -4.511059 -1.081427 -0.000055 
1249 3.579155 0.000000 0.090411 100.244896 0.173537 -5.179560 -0.007590 
1250 3.676849 0.000000 0.090411 100.168171 -0.942876 -5.392505 -0.006363 
1251 3.579155 0.000000 0.180822 99.911329 -4.601585 -1.948053 -0.000724 
1252 3.774543 0.000000 0.090411 100.112856 -1.751973 -5.364203 -0.005443 
1253 3.872238 0.000000 0.090411 100.074491 -2.322300 -5.260729 -0.004797 
1254 3.774543 0.000000 0.180822 99.909105 -4.677622 -2.418548 -0.000956 
1255 4.458402 0.000000 -0.542466 99.694463 -7.793966 -0.401577 0.000011 
1256 4.458402 0.000000 -0.723288 99.711442 -7.552802 -0.247633 0.000052 
1257 6.216895 0.000000 -1.084932 99.732568 -7.306546 -0.155491 0.000001 
1258 6.216895 0.000000 -1.446576 99.738209 -7.217076 -0.086576 0.000020 
1259 6.607671 0.000000 -1.084932 99.733596 -7.293101 -0.163398 -0.000001 
1260 5.630731 0.000000 -0.542466 99.705414 -7.676915 -0.541444 -0.000040 
1261 5.630731 0.000000 -0.723288 99.718136 -7.495045 -0.318489 0.000002 
1262 5.826119 0.000000 -0.542466 99.707799 -7.662191 -0.559749 -0.000067 
1263 4.751484 0.000000 -0.271233 99.495159 -10.659409 -1.339427 -0.001470 
1264 4.653790 0.000000 -0.271233 99.487041 -10.770816 -0.918193 -0.001452 
1265 4.751484 0.000000 -0.361644 99.646570 -8.493969 -0.763070 -0.000217 
1266 5.630731 0.000000 0.180822 99.804056 -6.268178 2.110668 -0.000459 
1267 5.630731 0.000000 0.361644 99.739828 -7.187761 0.057699 0.000030 
1268 6.021507 0.000000 -0.542466 99.709765 -7.635286 -0.576090 -0.000067 
1269 6.021507 0.000000 -0.723288 99.720516 -7.481313 -0.337728 -0.000027 
1270 6.216895 0.000000 -0.542466 99.711767 -7.607676 -0.590462 -0.000066 
1271 3.969932 0.000000 0.090411 100.047118 -2.723777 -5.162088 -0.004349 
1272 3.969932 0.000000 0.180822 99.906524 -4.736703 -2.888939 -0.001210 
1273 4.556096 0.000000 0.090411 100.036255 -2.914156 -3.074830 -0.002520 
1274 4.653790 0.000000 0.090411 100.026351 -3.060713 -2.905341 -0.002308 
1275 4.556096 0.000000 0.180822 99.958763 -4.023312 -3.914002 -0.002326 
1276 4.751484 0.000000 0.090411 100.021016 -3.141460 -2.639974 -0.002104 
1277 4.751484 0.000000 0.180822 99.997148 -3.483534 -3.555002 -0.002420 
1278 4.995719 0.000000 -0.135617 100.136876 -1.492424 -3.935243 -0.004511 
1279 4.946872 0.000000 -0.135617 100.147749 -1.335242 -3.886162 -0.004646 
1280 4.995719 0.000000 -0.090411 100.111521 -1.855256 -2.994870 -0.003473 
1281 6.607671 0.000000 2.169864 99.761926 -6.894389 -0.018020 0.000003 
1282 7.389224 0.000000 2.169864 99.761981 -6.893966 -0.019178 0.000002 
1283 6.607671 0.000000 2.893153 99.760978 -6.909480 -0.011566 0.000001 
1284 3.872238 0.000000 1.084932 99.759137 -6.880214 -0.040448 0.000078 
1285 4.263014 0.000000 1.084932 99.759862 -6.878571 -0.039418 0.000065 
1286 3.872238 0.000000 1.446576 99.762334 -6.887443 -0.031348 0.000004 
1287 3.286073 0.000000 0.542466 99.746609 -6.948844 -0.097002 0.000232 
1288 3.481461 0.000000 0.542466 99.748698 -6.945218 -0.090786 0.000195 
1289 3.286073 0.000000 0.723288 99.749525 -6.914474 -0.068264 0.000222 
1290 4.653790 0.000000 1.084932 99.760811 -6.876822 -0.038405 0.000049 
1291 5.044566 0.000000 1.084932 99.761498 -6.875430 -0.037787 0.000037 
1292 4.653790 0.000000 1.446576 99.761043 -6.880487 -0.028140 0.000039 
1293 3.676849 0.000000 0.542466 99.750354 -6.945785 -0.086251 0.000162 
1294 3.872238 0.000000 0.542466 99.752343 -6.947546 -0.081401 0.000120 
1295 3.676849 0.000000 0.723288 99.756209 -6.905317 -0.067274 0.000101 
1296 4.556096 0.000000 -0.271233 99.485918 -10.781606 -0.458532 -0.001390 
1297 4.458402 0.000000 -0.271233 99.493206 -10.671757 -0.001163 -0.001278 
1298 4.556096 0.000000 -0.361644 99.644350 -8.515829 -0.637610 -0.000192 
1299 5.435343 0.000000 1.084932 99.761892 -6.875494 -0.036966 0.000029 
1300 5.826119 0.000000 1.084932 99.762580 -6.884158 -0.036284 0.000003 
1301 5.435343 0.000000 1.446576 99.761984 -6.878178 -0.028583 0.000024 
1302 4.067626 0.000000 0.542466 99.753264 -6.947434 -0.075889 0.000101 
1303 4.263014 0.000000 0.542466 99.754374 -6.942902 -0.073947 0.000086 
1304 4.067626 0.000000 0.723288 99.757834 -6.905269 -0.059892 0.000069 
1305 4.458402 0.000000 0.542466 99.754068 -6.952644 -0.064953 0.000078 
1306 4.653790 0.000000 0.542466 99.754581 -6.953939 -0.058538 0.000066 
1307 4.458402 0.000000 0.723288 99.757849 -6.903444 -0.051632 0.000071 
1308 4.360708 0.000000 -0.271233 99.508583 -10.439105 0.398361 -0.001109 
1309 4.263014 0.000000 -0.271233 99.529179 -10.138898 0.701177 -0.000935 
1310 4.360708 0.000000 -0.361644 99.643618 -8.514133 -0.515866 -0.000161 
1311 6.216895 0.000000 1.084932 99.762919 -6.880013 -0.036295 0.000002 
1312 6.607671 0.000000 1.084932 99.763292 -6.875459 -0.036339 0.000001 
1313 6.216895 0.000000 1.446576 99.763457 -6.882000 -0.031276 -0.000011 
1 11 62 60 61 
2 62 10 24 60 
3 60 24 14 63 
4 61 60 63 6 
5 24 66 64 65 
6 66 23 40 64 
7 64 40 27 67 
8 65 64 67 14 
9 40 70 68 69 
10 69 68 71 27 
11 6 63 92 93 
12 63 14 36 92 
13 92 36 19 94 
14 93 92 94 20 
15 14 67 95 96 
16 67 27 52 95 
17 95 52 35 97 
18 96 95 97 36 
19 27 71 98 99 
20 99 98 100 52 
21 68 112 110 111 
22 112 56 80 110 
23 110 80 43 113 
24 111 110 113 71 
25 80 116 114 115 
26 115 114 117 43 
27 71 113 133 134 
28 113 43 102 133 
29 133 102 76 135 
30 134 133 135 98 
31 43 117 136 137 
32 137 136 138 102 
33 114 141 139 140 
34 141 106 129 139 
35 139 129 83 142 
36 140 139 142 117 
37 129 149 147 148 
38 147 150 132 151 
39 148 147 151 83 
40 117 142 152 153 
41 142 83 144 152 
42 152 144 125 154 
43 153 152 154 136 
44 83 151 155 156 
45 151 132 157 155 
46 156 155 158 144 
47 12 161 159 160 
48 161 7 162 159 
49 159 162 13 25 
50 160 159 25 10 
51 25 165 163 164 
52 165 13 166 163 
53 163 166 26 41 
54 164 163 41 23 
55 41 169 167 168 
56 169 26 170 167 
57 167 170 42 57 
58 168 167 57 39 
59 39 173 171 172 
60 173 57 174 171 
61 171 174 55 81 
62 172 171 81 56 
63 81 177 175 176 
64 177 55 178 175 
65 175 178 82 107 
66 176 175 107 79 
67 79 181 179 180 
68 181 107 182 179 
69 179 182 105 130 
70 180 179 130 106 
71 106 185 183 184 
72 185 130 186 183 
73 184 183 149 129 
74 195 197 109 198 
75 150 195 198 132 
76 149 201 199 200 
77 201 128 202 199 
78 199 202 150 203 
79 200 199 203 147 
80 132 198 210 157 
81 198 109 211 210 
82 19 38 213 214 
83 38 21 215 213 
84 213 215 9 216 
85 214 213 216 22 
86 35 54 217 218 
87 54 37 219 217 
88 217 219 21 220 
89 218 217 220 38 
90 51 78 221 222 
91 78 53 223 221 
92 221 223 37 224 
93 222 221 224 54 
94 76 104 225 226 
95 104 75 227 225 
96 225 227 78 228 
97 226 225 228 51 
98 101 127 229 230 
99 127 103 231 229 
100 229 231 75 232 
101 230 229 232 104 
102 125 146 233 234 
103 146 124 235 233 
104 233 235 127 236 
105 234 233 236 101 
106 144 158 237 238 
107 237 239 146 240 
108 238 237 240 125 
109 155 243 241 242 
110 243 157 244 241 
111 241 244 143 245 
112 242 241 245 158 
113 130 247 246 186 
114 247 105 248 246 
115 249 251 195 252 
116 202 249 252 150 
117 186 255 253 254 
118 255 246 256 253 
119 253 256 196 250 
120 254 253 250 128 
121 128 259 257 258 
122 259 250 260 257 
123 257 260 249 261 
124 258 257 261 202 
125 262 263 124 264 
126 239 262 264 146 
127 157 266 265 244 
128 266 210 267 265 
129 143 268 269 270 
130 268 212 271 269 
131 269 271 262 272 
132 270 269 272 239 
133 244 275 273 274 
134 275 265 276 273 
135 273 276 268 277 
136 274 273 277 143 
137 278 280 194 281 
138 197 278 281 109 
139 283 131 284 282 
140 282 284 197 285 
141 251 282 285 195 
142 107 287 286 182 
143 287 82 288 286 
144 286 288 108 192 
145 182 286 192 105 
146 105 290 289 248 
147 290 192 291 289 
148 246 293 292 256 
149 293 248 294 292 
150 292 294 131 283 
151 256 292 283 196 
152 196 297 295 296 
153 297 283 298 295 
154 295 298 282 299 
155 296 295 299 251 
156 109 281 300 211 
157 281 194 301 300 
158 210 304 303 267 
159 304 211 305 303 
160 303 305 145 306 
161 124 209 307 235 
162 209 126 308 307 
163 307 308 103 309 
164 235 307 309 127 
165 310 311 209 312 
166 263 310 312 124 
167 212 306 313 271 
168 306 145 314 313 
169 313 314 263 315 
170 271 313 315 262 
171 267 318 316 317 
172 318 303 319 316 
173 316 319 306 320 
174 317 316 320 212 
175 131 322 321 284 
176 322 279 323 321 
177 321 323 278 324 
178 284 321 324 197 
179 211 326 325 305 
180 326 300 327 325 
181 325 327 302 328 
182 305 325 328 145 
183 192 334 333 291 
184 334 108 335 333 
185 289 339 337 338 
186 339 291 340 337 
187 337 340 191 341 
188 338 337 341 279 
189 345 347 126 348 
190 311 345 348 209 
191 302 351 349 350 
192 351 207 352 349 
193 349 352 311 353 
194 350 349 353 310 
195 354 355 59 356 
196 280 354 356 194 
197 291 358 357 340 
198 358 333 359 357 
199 357 359 336 360 
200 191 360 361 362 
201 360 336 363 361 
202 361 363 354 364 
203 362 361 364 280 
204 340 367 365 366 
205 367 357 368 365 
206 365 368 360 369 
207 366 365 369 191 
208 194 356 370 301 
209 356 59 371 370 
210 373 346 374 372 
211 372 374 345 375 
212 352 372 375 311 
213 301 378 376 377 
214 378 370 379 376 
215 376 379 346 373 
216 377 376 373 207 
217 207 382 380 381 
218 382 373 383 380 
219 380 383 372 384 
220 381 380 384 352 
221 57 386 385 174 
222 386 42 387 385 
223 385 387 58 89 
224 174 385 89 55 
225 55 389 388 178 
226 389 89 390 388 
227 388 390 88 188 
228 178 388 188 82 
229 82 392 391 288 
230 392 188 393 391 
231 391 393 187 330 
232 288 391 330 108 
233 108 395 394 335 
234 395 330 396 394 
235 333 399 398 359 
236 399 335 400 398 
237 359 398 401 336 
238 75 123 402 227 
239 123 77 403 402 
240 402 403 53 404 
241 227 402 404 78 
242 103 206 405 231 
243 206 121 406 405 
244 405 406 123 407 
245 231 405 407 75 
246 126 344 408 308 
247 344 204 409 408 
248 408 409 206 410 
249 308 408 410 103 
250 411 413 344 414 
251 347 411 414 126 
252 346 416 415 374 
253 415 417 347 418 
254 374 415 418 345 
255 419 420 332 421 
256 355 419 421 59 
257 335 423 422 400 
258 423 394 424 422 
259 336 401 426 363 
260 401 193 427 426 
261 426 427 355 428 
262 363 426 428 354 
263 398 431 429 430 
264 431 400 432 429 
265 429 432 193 433 
266 430 429 433 401 
267 59 421 434 371 
268 421 332 435 434 
269 370 437 436 379 
270 437 371 438 436 
271 436 438 208 416 
272 379 436 416 346 
273 439 441 411 442 
274 417 439 442 347 
275 416 445 443 444 
276 445 208 446 443 
277 443 446 417 447 
278 444 443 447 415 
279 88 453 452 189 
280 453 90 454 452 
281 452 454 5 455 
282 189 452 455 91 
283 187 457 456 331 
284 457 189 458 456 
285 456 458 91 459 
286 331 456 459 190 
287 330 461 460 396 
288 461 187 462 460 
289 460 462 331 463 
290 396 460 463 329 
291 394 465 464 424 
292 465 396 466 464 
293 464 466 329 467 
294 424 464 467 397 
295 193 425 468 427 
296 425 397 469 468 
297 468 469 419 470 
298 427 468 470 355 
299 422 473 471 472 
300 473 424 474 471 
301 471 474 397 475 
302 472 471 475 425 
303 371 477 476 438 
304 477 434 478 476 
305 476 478 412 440 
306 438 476 440 208 
307 91 455 482 205 
308 455 5 483 482 
309 482 483 122 484 
310 205 482 484 121 
311 190 459 485 343 
312 459 91 486 485 
313 485 486 205 487 
314 343 485 487 204 
315 342 489 488 413 
316 489 343 490 488 
317 488 490 204 491 
318 413 488 491 344 
319 412 493 492 441 
320 493 342 494 492 
321 492 494 413 495 
322 441 492 495 411 
323 440 498 496 497 
324 498 412 499 496 
325 496 499 441 500 
326 497 496 500 439 
327 454 510 508 509 
328 508 511 504 512 
329 509 508 512 5 
330 5 512 513 514 
331 512 504 515 513 
332 514 513 516 483 
333 7 518 517 162 
334 518 16 519 517 
335 517 519 15 32 
336 162 517 32 13 
337 13 521 520 166 
338 521 32 522 520 
339 520 522 31 48 
340 166 520 48 26 
341 26 524 523 170 
342 524 48 525 523 
343 523 525 47 85 
344 170 523 85 42 
345 42 527 526 387 
346 527 85 528 526 
347 526 528 84 449 
348 387 526 449 58 
349 58 531 529 530 
350 531 449 532 529 
351 529 532 448 502 
352 530 529 502 90 
353 90 535 533 534 
354 535 502 536 533 
355 533 536 501 510 
356 534 533 510 454 
357 538 17 539 537 
358 537 539 8 540 
359 448 554 553 503 
360 554 450 555 553 
361 553 555 87 556 
362 503 553 556 451 
363 501 558 557 511 
364 558 503 559 557 
365 557 559 451 560 
366 511 557 560 504 
367 510 563 561 562 
368 563 501 564 561 
369 561 564 511 565 
370 562 561 565 508 
371 540 8 567 566 
372 566 567 29 568 
373 451 556 578 506 
374 556 87 579 578 
375 578 579 480 580 
376 506 578 580 479 
377 504 560 581 515 
378 560 451 582 581 
379 581 582 506 583 
380 515 581 583 505 
381 21 46 584 215 
382 46 28 585 584 
383 584 585 30 586 
384 215 584 586 9 
385 37 74 587 219 
386 74 44 588 587 
387 587 588 46 589 
388 219 587 589 21 
389 53 120 590 223 
390 120 72 591 590 
391 590 591 74 592 
392 223 590 592 37 
393 77 481 593 403 
394 481 118 594 593 
395 593 594 120 595 
396 403 593 595 53 
397 122 507 596 597 
398 507 479 598 596 
399 596 598 481 599 
400 597 596 599 77 
401 483 516 600 601 
402 516 505 602 600 
403 600 602 507 603 
404 601 600 603 122 
405 513 606 604 605 
406 606 515 607 604 
407 604 607 505 608 
408 605 604 608 516 
409 555 618 616 617 
410 617 616 620 87 
411 87 620 621 622 
412 622 621 624 579 
413 85 626 625 528 
414 626 47 627 625 
415 625 627 86 550 
416 528 625 550 84 
417 84 630 628 629 
418 630 550 631 628 
419 628 631 549 610 
420 629 628 610 450 
421 450 634 632 633 
422 634 610 635 632 
423 632 635 609 618 
424 633 632 618 555 
425 641 551 642 640 
426 640 642 50 643 
427 618 650 648 649 
428 650 609 651 648 
429 649 648 652 616 
430 643 50 657 656 
431 656 657 576 658 
432 118 577 662 594 
433 577 119 663 662 
434 662 663 72 664 
435 594 662 664 120 
436 480 615 665 666 
437 615 575 667 665 
438 665 667 577 668 
439 666 665 668 118 
440 579 624 669 670 
441 624 613 671 669 
442 669 671 615 672 
443 670 669 672 480 
444 621 675 673 674 
445 673 676 613 677 
446 674 673 677 624 
447 610 679 678 635 
448 679 549 680 678 
449 678 680 611 645 
450 635 678 645 609 
451 609 682 681 651 
452 682 645 683 681 
453 616 652 685 686 
454 685 687 612 688 
455 686 685 688 620 
456 648 691 689 690 
457 691 651 692 689 
458 690 689 693 652 
459 620 688 694 695 
460 688 612 696 694 
461 695 694 675 621 
462 613 661 697 671 
463 661 614 698 697 
464 697 698 575 699 
465 671 697 699 615 
466 700 702 661 703 
467 676 700 703 613 
468 675 706 704 705 
469 704 707 676 708 
470 705 704 708 673 
471 709 710 647 711 
472 687 709 711 612 
473 651 713 712 692 
474 713 681 714 712 
475 652 693 716 717 
476 693 619 718 716 
477 716 718 687 719 
478 717 716 719 685 
479 689 722 720 721 
480 722 692 723 720 
481 720 723 619 724 
482 721 720 724 693 
483 612 711 725 696 
484 711 647 726 725 
485 694 729 727 728 
486 729 696 730 727 
487 727 730 623 706 
488 728 727 706 675 
489 731 733 700 734 
490 707 731 734 676 
491 706 737 735 736 
492 737 623 738 735 
493 735 738 707 739 
494 736 735 739 704 
495 619 715 740 718 
496 715 684 741 740 
497 740 741 709 742 
498 718 740 742 687 
499 692 744 743 723 
500 744 712 745 743 
501 743 745 715 746 
502 723 743 746 619 
503 696 748 747 730 
504 748 725 749 747 
505 747 749 701 732 
506 730 747 732 623 
507 623 751 750 738 
508 751 732 752 750 
509 750 752 731 753 
510 738 750 753 707 
511 755 640 756 754 
512 754 756 643 757 
513 645 759 758 683 
514 759 611 760 758 
515 681 763 762 714 
516 763 683 764 762 
517 762 764 644 765 
518 712 767 766 745 
519 767 714 768 766 
520 766 768 684 769 
521 745 766 769 715 
522 757 643 771 770 
523 770 771 656 772 
524 773 775 614 776 
525 702 773 776 661 
526 778 659 779 777 
527 777 779 702 780 
528 733 777 780 700 
529 732 782 781 752 
530 782 701 783 781 
531 781 783 733 784 
532 752 781 784 731 
533 785 786 552 787 
534 710 785 787 647 
535 684 765 788 741 
536 765 644 789 788 
537 788 789 710 790 
538 741 788 790 709 
539 714 792 791 768 
540 792 762 793 791 
541 791 793 765 794 
542 768 791 794 684 
543 647 787 795 726 
544 787 552 796 795 
545 725 798 797 749 
546 798 726 799 797 
547 797 799 659 778 
548 749 797 778 701 
549 701 801 800 783 
550 801 778 802 800 
551 800 802 777 803 
552 783 800 803 733 
553 804 806 785 807 
554 789 804 807 710 
555 683 809 808 764 
556 809 758 810 808 
557 808 810 761 805 
558 764 808 805 644 
559 644 813 811 812 
560 813 805 814 811 
561 811 814 804 815 
562 812 811 815 789 
563 726 817 816 799 
564 817 795 818 816 
565 659 819 820 779 
566 819 774 821 820 
567 820 821 773 822 
568 779 820 822 702 
569 799 825 823 824 
570 825 816 826 823 
571 823 826 819 827 
572 824 823 827 659 
573 646 829 828 786 
574 829 754 830 828 
575 828 830 757 831 
576 786 828 831 552 
577 761 833 832 806 
578 833 646 834 832 
579 832 834 786 835 
580 806 832 835 785 
581 805 837 836 814 
582 837 761 838 836 
583 836 838 806 839 
584 814 836 839 804 
585 552 831 840 796 
586 831 757 841 840 
587 840 841 770 842 
588 796 840 842 660 
589 795 844 843 818 
590 844 796 845 843 
591 843 845 660 846 
592 818 843 846 774 
593 816 848 847 826 
594 848 818 849 847 
595 847 849 774 850 
596 826 847 850 819 
597 636 861 859 860 
598 861 638 862 859 
599 638 871 870 862 
600 871 855 872 870 
601 874 876 654 877 
602 875 874 877 653 
603 859 880 878 879 
604 880 862 881 878 
605 879 878 882 863 
606 883 884 867 885 
607 876 883 885 654 
608 862 887 886 881 
609 887 870 888 886 
610 886 888 873 889 
611 881 886 889 548 
612 863 882 890 891 
613 882 548 892 890 
614 890 892 876 893 
615 891 890 893 874 
616 878 896 894 895 
617 896 881 897 894 
618 894 897 548 898 
619 895 894 898 882 
620 855 904 903 872 
621 904 857 905 903 
622 907 908 864 909 
623 33 915 914 543 
624 915 537 916 914 
625 914 916 540 917 
626 543 914 917 18 
627 919 543 920 918 
628 918 920 18 921 
629 18 917 930 570 
630 917 540 931 930 
631 930 931 566 932 
632 570 930 932 45 
633 921 18 934 933 
634 933 934 570 935 
635 936 937 865 938 
636 908 936 938 864 
637 940 922 941 939 
638 939 941 925 942 
639 942 925 945 943 
640 943 945 936 946 
641 944 943 946 908 
642 949 939 950 947 
643 947 950 942 951 
644 948 947 951 854 
645 953 918 954 952 
646 952 954 921 955 
647 922 957 956 941 
648 957 924 958 956 
649 956 958 544 959 
650 941 956 959 925 
651 955 921 961 960 
652 960 961 933 962 
653 937 960 962 865 
654 924 964 963 958 
655 964 952 965 963 
656 963 965 955 966 
657 544 966 967 968 
658 966 955 969 967 
659 967 969 960 970 
660 968 967 970 937 
661 958 973 971 972 
662 973 963 974 971 
663 971 974 966 975 
664 972 971 975 544 
665 551 977 976 642 
666 977 636 860 976 
667 976 860 639 978 
668 642 976 978 50 
669 860 981 979 980 
670 981 859 879 979 
671 979 879 863 982 
672 980 979 982 639 
673 870 984 983 888 
674 984 872 985 983 
675 983 985 858 986 
676 888 983 986 873 
677 987 988 868 989 
678 884 987 989 867 
679 872 991 990 985 
680 991 903 992 990 
681 990 992 906 993 
682 985 990 993 858 
683 903 995 994 992 
684 995 905 996 994 
685 994 996 34 997 
686 992 994 997 906 
687 998 999 907 1000 
688 988 998 1000 868 
689 905 1002 1001 996 
690 1002 910 1003 1001 
691 1001 1003 913 1004 
692 996 1001 1004 34 
693 910 1006 1005 1003 
694 1006 912 1007 1005 
695 1005 1007 902 1008 
696 1003 1005 1008 913 
697 1009 944 908 1010 
698 999 1009 1010 907 
699 912 1012 1011 1007 
700 1012 926 1013 1011 
701 1011 1013 929 1014 
702 1007 1011 1014 902 
703 926 1016 1015 1013 
704 1015 948 854 1017 
705 1013 1015 1017 929 
706 32 1019 1018 522 
707 1019 15 1020 1018 
708 1018 1020 33 542 
709 522 1018 542 31 
710 31 1023 1021 1022 
711 1023 542 1024 1021 
712 1021 1024 541 852 
713 1022 1021 852 49 
714 852 1027 1025 1026 
715 1027 541 1028 1025 
716 1025 1028 853 923 
717 1026 1025 923 851 
718 851 1031 1029 1030 
719 1031 923 1032 1029 
720 1029 1032 922 940 
721 1030 1029 940 901 
722 901 1035 1033 1034 
723 1035 940 1036 1033 
724 1033 1036 939 949 
725 49 1039 1037 1038 
726 1039 852 1026 1037 
727 1037 1026 851 900 
728 1038 1037 900 547 
729 900 1042 1040 1041 
730 1042 851 1030 1040 
731 1040 1030 901 927 
732 1041 1040 927 899 
733 927 1045 1043 1044 
734 1045 901 1034 1043 
735 1044 1043 1016 926 
736 1034 1048 1046 1047 
737 1048 1033 1049 1046 
738 1046 1049 949 1050 
739 1043 1053 1051 1052 
740 1053 1034 1047 1051 
741 1051 1047 928 1054 
742 1052 1051 1054 1016 
743 928 1050 1055 1056 
744 1050 949 1057 1055 
745 1055 1057 947 1058 
746 1056 1055 1058 948 
747 1047 1061 1059 1060 
748 1061 1046 1062 1059 
749 1059 1062 1050 1063 
750 1060 1059 1063 928 
751 906 997 1064 1065 
752 997 34 1066 1064 
753 1064 1066 988 1067 
754 1065 1064 1067 987 
755 34 1004 1068 1066 
756 1004 913 1069 1068 
757 1068 1069 998 1070 
758 1066 1068 1070 988 
759 929 1017 1071 1072 
760 1017 854 1073 1071 
761 1071 1073 944 1074 
762 1072 1071 1074 1009 
763 854 951 1075 1073 
764 951 942 1076 1075 
765 1075 1076 943 1077 
766 1073 1075 1077 944 
767 1 1080 1078 1079 
768 1080 12 160 1078 
769 1078 160 10 62 
770 1079 1078 62 11 
771 16 1082 1081 519 
772 1082 2 1083 1081 
773 1081 1083 17 538 
774 519 1081 538 15 
775 20 94 1084 1085 
776 94 19 214 1084 
777 1084 214 22 1086 
778 1085 1084 1086 4 
779 10 1089 1087 1088 
780 1089 25 164 1087 
781 1087 164 23 66 
782 1088 1087 66 24 
783 28 568 1090 585 
784 568 29 1091 1090 
785 1090 1091 3 1092 
786 585 1090 1092 30 
787 36 97 1093 1094 
788 97 35 218 1093 
789 1093 218 38 1095 
790 1094 1093 1095 19 
791 23 1098 1096 1097 
792 1098 41 168 1096 
793 1096 168 39 70 
794 1097 1096 70 40 
795 44 571 1099 588 
796 571 45 1100 1099 
797 1099 1100 28 1101 
798 588 1099 1101 46 
799 48 1103 1102 525 
800 1103 31 1022 1102 
801 1102 1022 49 546 
802 525 1102 546 47 
803 52 100 1104 1105 
804 100 51 222 1104 
805 1104 222 54 1106 
806 1105 1104 1106 35 
807 70 1109 1107 1108 
808 1109 39 172 1107 
809 1107 172 56 112 
810 1108 1107 112 68 
811 72 574 1110 591 
812 574 73 1111 1110 
813 1110 1111 44 1112 
814 591 1110 1112 74 
815 56 1115 1113 1114 
816 1115 81 176 1113 
817 1113 176 79 116 
818 1114 1113 116 80 
819 89 1117 1116 390 
820 1117 58 530 1116 
821 1116 530 90 453 
822 390 1116 453 88 
823 98 135 1118 1119 
824 135 76 226 1118 
825 1118 226 51 1120 
826 1119 1118 1120 100 
827 102 138 1121 1122 
828 138 101 230 1121 
829 1121 230 104 1123 
830 1122 1121 1123 76 
831 116 1126 1124 1125 
832 1126 79 180 1124 
833 1124 180 106 141 
834 1125 1124 141 114 
835 121 484 1127 406 
836 484 122 597 1127 
837 1127 597 77 1128 
838 406 1127 1128 123 
839 136 154 1129 1130 
840 154 125 234 1129 
841 1129 234 101 1131 
842 1130 1129 1131 138 
843 183 1134 1132 1133 
844 1134 186 254 1132 
845 1132 254 128 201 
846 1133 1132 201 149 
847 188 1136 1135 393 
848 1136 88 1137 1135 
849 1135 1137 189 457 
850 393 1135 457 187 
851 204 487 1138 409 
852 487 205 1139 1138 
853 1138 1139 121 1140 
854 409 1138 1140 206 
855 158 245 1141 1142 
856 245 143 270 1141 
857 1141 270 239 1143 
858 1142 1141 1143 237 
859 250 1145 1144 260 
860 1145 196 296 1144 
861 1144 296 251 1146 
862 260 1144 1146 249 
863 265 1148 1147 276 
864 1148 267 317 1147 
865 1147 317 212 1149 
866 276 1147 1149 268 
867 279 341 1150 323 
868 341 191 362 1150 
869 1150 362 280 1151 
870 323 1150 1151 278 
871 248 1153 1152 294 
872 1153 289 338 1152 
873 1152 338 279 322 
874 294 1152 322 131 
875 300 1155 1154 327 
876 1155 301 377 1154 
877 1154 377 207 351 
878 327 1154 351 302 
879 145 328 1156 314 
880 328 302 350 1156 
881 1156 350 310 1157 
882 314 1156 1157 263 
883 329 463 1158 420 
884 463 331 1159 1158 
885 1158 1159 190 1160 
886 420 1158 1160 332 
887 332 1160 1161 435 
888 1160 190 1162 1161 
889 1161 1162 343 489 
890 435 1161 489 342 
891 397 467 1163 469 
892 467 329 1164 1163 
893 1163 1164 420 1165 
894 469 1163 1165 419 
895 400 1167 1166 432 
896 1167 422 472 1166 
897 1166 472 425 1168 
898 432 1166 1168 193 
899 434 1170 1169 478 
900 1170 435 1171 1169 
901 1169 1171 342 493 
902 478 1169 493 412 
903 208 1173 1172 446 
904 1173 440 497 1172 
905 1172 497 439 1174 
906 446 1172 1174 417 
907 449 1176 1175 532 
908 1176 84 629 1175 
909 1175 629 450 554 
910 532 1175 554 448 
911 479 580 1177 598 
912 580 480 666 1177 
913 1177 666 118 1178 
914 598 1177 1178 481 
915 502 1180 1179 536 
916 1180 448 1181 1179 
917 1179 1181 503 558 
918 536 1179 558 501 
919 505 583 1182 602 
920 583 506 1183 1182 
921 1182 1183 479 1184 
922 602 1182 1184 507 
923 15 1186 1185 1020 
924 1186 538 1187 1185 
925 1185 1187 537 915 
926 1020 1185 915 33 
927 542 1189 1188 1024 
928 1189 33 1190 1188 
929 1188 1190 543 919 
930 1024 1188 919 541 
931 47 1192 1191 627 
932 1192 546 1193 1191 
933 1191 1193 545 637 
934 627 1191 637 86 
935 546 1195 1194 1193 
936 1195 49 1038 1194 
937 1194 1038 547 856 
938 1193 1194 856 545 
939 550 1197 1196 631 
940 1197 86 1198 1196 
941 1196 1198 551 641 
942 631 1196 641 549 
943 45 932 1199 1100 
944 932 566 1200 1199 
945 1199 1200 568 1201 
946 1100 1199 1201 28 
947 73 866 1202 1111 
948 866 569 1203 1202 
949 1202 1203 571 1204 
950 1111 1202 1204 44 
951 119 655 1205 663 
952 655 572 1206 1205 
953 1205 1206 574 1207 
954 663 1205 1207 72 
955 575 658 1208 667 
956 658 576 1209 1208 
957 1208 1209 119 1210 
958 667 1208 1210 577 
959 86 1212 1211 1198 
960 1212 637 1213 1211 
961 1211 1213 636 977 
962 1198 1211 977 551 
963 637 1215 1214 1213 
964 1215 545 1216 1214 
965 1214 1216 638 861 
966 1213 1214 861 636 
967 549 1218 1217 680 
968 1218 641 1219 1217 
969 1217 1219 640 755 
970 680 1217 755 611 
971 50 978 1220 657 
972 978 639 875 1220 
973 1220 875 653 1221 
974 657 1220 1221 576 
975 576 1221 1222 1209 
976 1221 653 1223 1222 
977 1222 1223 655 1224 
978 1209 1222 1224 119 
979 614 772 1225 698 
980 772 656 1226 1225 
981 1225 1226 658 1227 
982 698 1225 1227 575 
983 611 1229 1228 760 
984 1229 755 1230 1228 
985 1228 1230 754 829 
986 760 1228 829 646 
987 758 1232 1231 810 
988 1232 760 1233 1231 
989 1231 1233 646 833 
990 810 1231 833 761 
991 660 842 1234 775 
992 842 770 1235 1234 
993 1234 1235 772 1236 
994 775 1234 1236 614 
995 774 846 1237 821 
996 846 660 1238 1237 
997 1237 1238 775 1239 
998 821 1237 1239 773 
999 545 1241 1240 1216 
1000 1241 856 1242 1240 
1001 1240 1242 855 871 
1002 1216 1240 871 638 
1003 856 1244 1243 1242 
1004 1244 547 1245 1243 
1005 1243 1245 857 904 
1006 1242 1243 904 855 
1007 639 982 1246 1247 
1008 982 863 891 1246 
1009 1246 891 874 1248 
1010 1247 1246 1248 875 
1011 548 889 1249 892 
1012 889 873 1250 1249 
1013 1249 1250 883 1251 
1014 892 1249 1251 876 
1015 873 986 1252 1250 
1016 986 858 1253 1252 
1017 1252 1253 884 1254 
1018 1250 1252 1254 883 
1019 547 1256 1255 1245 
1020 1256 900 1041 1255 
1021 1255 1041 899 911 
1022 1245 1255 911 857 
1023 541 1258 1257 1028 
1024 1258 919 1259 1257 
1025 1257 1259 918 953 
1026 1028 1257 953 853 
1027 923 1261 1260 1032 
1028 1261 853 1262 1260 
1029 1260 1262 924 957 
1030 1032 1260 957 922 
1031 899 1265 1263 1264 
1032 1265 927 1044 1263 
1033 1263 1044 926 1012 
1034 1264 1263 1012 912 
1035 925 959 1266 945 
1036 959 544 968 1266 
1037 1266 968 937 1267 
1038 945 1266 1267 936 
1039 853 1269 1268 1262 
1040 1269 953 1270 1268 
1041 1268 1270 952 964 
1042 1262 1268 964 924 
1043 858 993 1271 1253 
1044 993 906 1065 1271 
1045 1271 1065 987 1272 
1046 1253 1271 1272 884 
1047 913 1008 1273 1069 
1048 1008 902 1274 1273 
1049 1273 1274 999 1275 
1050 1069 1273 1275 998 
1051 902 1014 1276 1274 
1052 1014 929 1072 1276 
1053 1276 1072 1009 1277 
1054 1274 1276 1277 999 
1055 1016 1054 1278 1279 
1056 1054 928 1056 1278 
1057 1278 1056 948 1280 
1058 1279 1278 1280 1015 
1059 569 935 1281 1203 
1060 935 570 1282 1281 
1061 1281 1282 45 1283 
1062 1203 1281 1283 571 
1063 572 869 1284 1206 
1064 869 573 1285 1284 
1065 1284 1285 73 1286 
1066 1206 1284 1286 574 
1067 653 877 1287 1223 
1068 877 654 1288 1287 
1069 1287 1288 572 1289 
1070 1223 1287 1289 655 
1071 573 909 1290 1285 
1072 909 864 1291 1290 
1073 1290 1291 866 1292 
1074 1285 1290 1292 73 
1075 654 885 1293 1288 
1076 885 867 1294 1293 
1077 1293 1294 869 1295 
1078 1288 1293 1295 572 
1079 911 1298 1296 1297 
1080 1298 899 1264 1296 
1081 1296 1264 912 1006 
1082 1297 1296 1006 910 
1083 864 938 1299 1291 
1084 938 865 1300 1299 
1085 1299 1300 569 1301 
1086 1291 1299 1301 866 
1087 867 989 1302 1294 
1088 989 868 1303 1302 
1089 1302 1303 573 1304 
1090 1294 1302 1304 869 
1091 868 1000 1305 1303 
1092 1000 907 1306 1305 
1093 1305 1306 909 1307 
1094 1303 1305 1307 573 
1095 857 1310 1308 1309 
1096 1310 911 1297 1308 
1097 1308 1297 910 1002 
1098 1309 1308 1002 905 
1099 865 962 1311 1300 
1100 962 933 1312 1311 
1101 1311 1312 935 1313 
1102 1300 1311 1313 569 
