2 0.000000 100.000000 262.180540
1393 1177 
1 -11.368037 0.000000 -11.611899 99.756406 -6.975213 -0.000059 0.000001 
2 13.641644 0.000000 -11.611899 99.756592 -6.972222 -0.000296 0.000001 
3 13.641644 0.000000 11.611899 99.755957 -6.982245 0.000144 -0.000000 
4 -11.368037 0.000000 11.611899 99.756400 -6.976294 -0.000053 -0.000001 
5 1.136804 0.000000 0.000000 101.305383 -6.560115 0.686908 -0.030629 
6 -11.368037 0.000000 0.000000 99.756387 -6.975761 -0.000053 0.000000 
7 1.136804 0.000000 -11.611899 99.756426 -6.974007 -0.000235 0.000002 
8 13.641644 0.000000 0.000000 99.783321 -6.589782 0.174385 -0.000017 
9 1.136804 0.000000 11.611899 99.756355 -6.978927 -0.000245 -0.000004 
10 -5.115617 0.000000 -5.805950 99.756286 -6.975150 -0.000189 0.000003 
11 -11.368037 0.000000 -5.805950 99.756388 -6.975422 -0.000063 0.000001 
12 -5.115617 0.000000 -11.611899 99.756397 -6.974815 -0.000119 0.000001 
13 1.136804 0.000000 -5.805950 99.756218 -6.975426 -0.000967 0.000004 
14 -5.115617 0.000000 0.000000 99.756207 -6.976180 -0.000069 0.000003 
15 7.389224 0.000000 -5.805950 99.756422 -6.972122 -0.001849 0.000005 
16 7.389224 0.000000 -11.611899 99.756505 -6.972927 -0.000320 0.000002 
17 13.641644 0.000000 -5.805950 99.756671 -6.970799 -0.001997 0.000001 
18 7.389224 0.000000 0.000000 99.879695 -5.206381 0.859076 -0.000380 
19 -5.115617 0.000000 5.805950 99.756447 -6.977015 -0.000076 -0.000003 
20 -11.368037 0.000000 5.805950 99.756401 -6.976100 -0.000051 -0.000001 
21 1.136804 0.000000 5.805950 99.756822 -6.982944 -0.001011 -0.000019 
22 -5.115617 0.000000 11.611899 99.756413 -6.977061 -0.000101 -0.000002 
23 -1.989406 0.000000 -2.902975 99.755370 -6.976122 -0.000867 0.000020 
24 -5.115617 0.000000 -2.902975 99.756185 -6.975581 -0.000171 0.000004 
25 -1.989406 0.000000 -5.805950 99.756188 -6.974907 -0.000498 0.000005 
26 1.136804 0.000000 -2.902975 99.758472 -6.981405 -0.003973 -0.000049 
27 -1.989406 0.000000 0.000000 99.754060 -6.979008 -0.000034 0.000042 
28 7.389224 0.000000 5.805950 99.755288 -6.991836 -0.000308 -0.000000 
29 13.641644 0.000000 5.805950 99.755158 -6.993209 0.001694 0.000000 
30 7.389224 0.000000 11.611899 99.756092 -6.981159 -0.000182 -0.000001 
31 4.263014 0.000000 -2.902975 99.754961 -6.981609 -0.006648 0.000020 
32 4.263014 0.000000 -5.805950 99.756240 -6.973504 -0.001446 0.000006 
33 7.389224 0.000000 -2.902975 99.755860 -6.977917 -0.010628 0.000008 
34 4.263014 0.000000 0.000000 99.806051 -6.185067 -1.977087 -0.000341 
35 -1.989406 0.000000 2.902975 99.756508 -6.979047 0.000205 -0.000007 
36 -5.115617 0.000000 2.902975 99.756364 -6.976717 -0.000032 -0.000001 
37 1.136804 0.000000 2.902975 99.760868 -6.994286 -0.003644 -0.000115 
38 -1.989406 0.000000 5.805950 99.756647 -6.978675 -0.000203 -0.000009 
39 -0.426301 0.000000 -1.451487 99.745828 -6.985701 -0.013037 0.000197 
40 -1.989406 0.000000 -1.451487 99.753897 -6.984187 0.000027 0.000038 
41 -0.426301 0.000000 -2.902975 99.750089 -6.967291 -0.001080 0.000138 
42 1.136804 0.000000 -1.451487 99.750346 -7.014236 -0.020126 0.000067 
43 -0.426301 0.000000 0.000000 100.007876 -7.098519 0.012254 -0.005196 
44 4.263014 0.000000 2.902975 99.752438 -7.019497 -0.003949 0.000018 
45 7.389224 0.000000 2.902975 99.752825 -7.024213 0.002963 0.000003 
46 4.263014 0.000000 5.805950 99.755794 -6.988771 -0.001231 -0.000006 
47 2.699909 0.000000 -1.451487 99.748969 -7.035559 -0.015898 0.000064 
48 2.699909 0.000000 -2.902975 99.755024 -6.980660 -0.004517 0.000021 
49 4.263014 0.000000 -1.451487 99.749352 -7.025373 -0.040723 0.000071 
50 2.699909 0.000000 0.000000 99.847776 -5.962217 -1.055784 -0.000624 
51 -0.426301 0.000000 1.451487 99.748809 -6.987585 0.008410 0.000135 
52 -1.989406 0.000000 1.451487 99.755569 -6.984512 0.001186 0.000004 
53 1.136804 0.000000 1.451487 99.758257 -7.024748 -0.008481 -0.000106 
54 -0.426301 0.000000 2.902975 99.758045 -6.993683 0.001298 -0.000058 
55 0.355251 0.000000 -0.725744 99.783745 -7.076960 -0.133211 -0.000690 
56 -0.426301 0.000000 -0.725744 99.715420 -7.023157 0.016288 0.000751 
57 0.355251 0.000000 -1.451487 99.761636 -7.001358 -0.023057 -0.000140 
58 1.136804 0.000000 -0.725744 99.751156 -7.125289 -0.044183 -0.000106 
59 0.355251 0.000000 0.000000 71.842148 -0.038895 -0.002959 0.483870 
60 -8.241827 0.000000 -2.902975 99.756342 -6.975562 -0.000084 0.000001 
61 -11.368037 0.000000 -2.902975 99.756384 -6.975580 -0.000059 0.000001 
62 -8.241827 0.000000 -5.805950 99.756358 -6.975318 -0.000095 0.000001 
63 -8.241827 0.000000 0.000000 99.756352 -6.975860 -0.000063 0.000001 
64 -3.552511 0.000000 -1.451487 99.755853 -6.976194 -0.000180 0.000010 
65 -5.115617 0.000000 -1.451487 99.756170 -6.975871 -0.000123 0.000004 
66 -3.552511 0.000000 -2.902975 99.755937 -6.975694 -0.000313 0.000009 
67 -3.552511 0.000000 0.000000 99.755962 -6.976709 -0.000025 0.000007 
68 -1.207854 0.000000 -0.725744 99.750938 -6.981580 0.003380 0.000101 
69 -1.989406 0.000000 -0.725744 99.754904 -6.973730 -0.003508 0.000033 
70 -1.207854 0.000000 -1.451487 99.751039 -6.979797 -0.002501 0.000101 
71 -1.207854 0.000000 0.000000 99.754181 -6.983438 -0.000465 0.000033 
72 2.699909 0.000000 1.451487 99.744289 -7.102194 -0.030791 0.000063 
73 4.263014 0.000000 1.451487 99.742323 -7.122225 -0.000104 0.000074 
74 2.699909 0.000000 2.902975 99.755543 -7.013854 -0.007695 -0.000036 
75 0.355251 0.000000 0.725744 99.819657 -7.087656 0.118884 -0.001421 
76 -0.426301 0.000000 0.725744 99.729234 -7.006801 -0.006952 0.000498 
77 1.136804 0.000000 0.725744 99.831145 -7.140987 -0.049444 -0.001725 
78 0.355251 0.000000 1.451487 99.769323 -7.005427 0.012239 -0.000299 
79 -0.035525 0.000000 -0.362872 99.147618 -7.180219 0.117136 0.011818 
80 -0.426301 0.000000 -0.362872 99.800694 -7.021525 0.065650 -0.000948 
81 -0.035525 0.000000 -0.725744 99.652709 -7.024682 -0.059931 0.001999 
82 0.355251 0.000000 -0.362872 100.399390 -7.459340 -0.644144 -0.013609 
83 -0.035525 0.000000 0.000000 169.925156 -7.442925 -0.028094 -1.892996 
84 1.918356 0.000000 -0.725744 99.765092 -7.201802 -0.028718 -0.000494 
85 1.918356 0.000000 -1.451487 99.768627 -7.025029 -0.007243 -0.000313 
86 2.699909 0.000000 -0.725744 99.689186 -7.203160 -0.115368 0.001017 
87 1.918356 0.000000 0.000000 101.090971 -9.926081 -2.179503 -0.032266 
88 0.746027 0.000000 -0.362872 99.731140 -7.550632 0.078264 -0.000332 
89 0.746027 0.000000 -0.725744 99.743812 -7.100600 -0.006721 0.000075 
90 1.136804 0.000000 -0.362872 99.671273 -7.608802 -0.139267 0.000772 
91 0.746027 0.000000 0.000000 101.652320 -6.557358 -0.033776 -0.037619 
92 -8.241827 0.000000 2.902975 99.756383 -6.976155 -0.000053 -0.000000 
93 -11.368037 0.000000 2.902975 99.756394 -6.975943 -0.000050 -0.000000 
94 -8.241827 0.000000 5.805950 99.756408 -6.976384 -0.000059 -0.000001 
95 -3.552511 0.000000 1.451487 99.756172 -6.977129 0.000050 0.000003 
96 -5.115617 0.000000 1.451487 99.756283 -6.976472 -0.000035 0.000001 
97 -3.552511 0.000000 2.902975 99.756379 -6.977419 0.000035 -0.000002 
98 -1.207854 0.000000 0.725744 99.753235 -6.983266 -0.001203 0.000053 
99 -1.989406 0.000000 0.725744 99.756294 -6.979488 0.006506 -0.000003 
100 -1.207854 0.000000 1.451487 99.753159 -6.982354 0.001642 0.000055 
101 -0.035525 0.000000 0.362872 99.130438 -7.201449 -0.128978 0.012128 
102 -0.426301 0.000000 0.362872 99.772884 -7.029489 -0.108463 -0.000405 
103 0.355251 0.000000 0.362872 100.447273 -7.459757 0.643348 -0.014572 
104 -0.035525 0.000000 0.725744 99.680987 -7.039951 0.063209 0.001414 
105 0.159863 0.000000 -0.181436 98.252981 -8.506260 -4.881179 0.025017 
106 -0.035525 0.000000 -0.181436 97.595844 -7.273173 3.268596 0.041147 
107 0.159863 0.000000 -0.362872 99.287491 -7.282464 -0.841839 0.008825 
108 0.355251 0.000000 -0.181436 101.812657 -8.994126 -1.557907 -0.044914 
109 0.159863 0.000000 0.000000 121.383735 0.029515 0.040917 -0.473401 
110 -0.817078 0.000000 -0.362872 99.759243 -7.006458 0.011880 -0.000100 
111 -1.207854 0.000000 -0.362872 99.752492 -6.982981 0.000334 0.000068 
112 -0.817078 0.000000 -0.725744 99.746899 -6.985352 0.003172 0.000176 
113 -0.817078 0.000000 0.000000 99.771994 -7.006682 0.004755 -0.000354 
114 -0.230913 0.000000 -0.181436 100.422372 -7.125495 0.436308 -0.013562 
115 -0.426301 0.000000 -0.181436 99.927003 -7.096064 0.080074 -0.003577 
116 -0.230913 0.000000 -0.362872 99.595117 -7.059299 0.334151 0.003087 
117 -0.230913 0.000000 0.000000 101.356120 -7.198913 -0.033443 -0.032489 
118 1.918356 0.000000 0.725744 99.816542 -7.268298 -0.116098 -0.001618 
119 2.699909 0.000000 0.725744 99.706889 -7.375787 -0.074675 0.000413 
120 1.918356 0.000000 1.451487 99.763817 -7.064815 -0.035095 -0.000273 
121 0.746027 0.000000 0.362872 99.781672 -7.561740 -0.095233 -0.001357 
122 1.136804 0.000000 0.362872 100.009805 -7.619541 -0.006588 -0.006002 
123 0.746027 0.000000 0.725744 99.804057 -7.129845 -0.030235 -0.001169 
124 0.159863 0.000000 0.181436 98.282755 -8.462041 4.884798 0.024503 
125 -0.035525 0.000000 0.181436 97.604928 -7.302175 -3.273369 0.040924 
126 0.355251 0.000000 0.181436 101.792982 -8.996507 1.579269 -0.044524 
127 0.159863 0.000000 0.362872 99.310726 -7.305503 0.841903 0.008330 
128 0.062169 0.000000 -0.090718 85.509305 -10.523271 -8.072689 0.251225 
129 -0.035525 0.000000 -0.090718 104.242449 -7.708362 19.653495 -0.131217 
130 0.062169 0.000000 -0.181436 95.837062 -7.871218 -1.650918 0.075058 
131 0.159863 0.000000 -0.090718 99.376080 -12.624194 -13.412173 -0.021486 
132 0.062169 0.000000 0.000000 204.086213 -0.775262 -0.008270 -3.165178 
133 -0.817078 0.000000 0.362872 99.762698 -6.994525 -0.002841 -0.000152 
134 -1.207854 0.000000 0.362872 99.753243 -6.983472 -0.001426 0.000052 
135 -0.817078 0.000000 0.725744 99.749800 -6.985956 -0.003982 0.000117 
136 -0.230913 0.000000 0.181436 100.397981 -7.133691 -0.482675 -0.013088 
137 -0.426301 0.000000 0.181436 99.909258 -7.024347 -0.095566 -0.003121 
138 -0.230913 0.000000 0.362872 99.595869 -7.048320 -0.340328 0.003087 
139 -0.133219 0.000000 -0.090718 103.716317 -7.321682 2.715394 -0.081805 
140 -0.230913 0.000000 -0.090718 100.976397 -7.179375 0.480260 -0.024801 
141 -0.133219 0.000000 -0.181436 100.185718 -7.391438 2.043181 -0.009599 
142 -0.133219 0.000000 0.000000 106.969077 -7.237040 -0.016116 -0.149476 
143 0.062169 0.000000 0.090718 85.383493 -10.512901 8.062898 0.253413 
144 -0.035525 0.000000 0.090718 104.232491 -7.735187 -19.682030 -0.131163 
145 0.159863 0.000000 0.090718 99.383928 -12.540742 13.414559 -0.021439 
146 0.062169 0.000000 0.181436 95.872270 -7.875201 1.665420 0.074372 
147 0.013322 0.000000 -0.045359 72.836676 -11.588773 -14.320100 0.435545 
148 -0.035525 0.000000 -0.045359 147.172184 -7.683969 30.766839 -1.266529 
149 0.013322 0.000000 -0.090718 75.395668 -9.096384 6.562212 0.418969 
150 0.062169 0.000000 -0.045359 200.763266 -0.639272 -19.830624 -3.069955 
151 0.013322 0.000000 0.000000 255.364475 -3.657302 0.005016 -5.522439 
152 -0.133219 0.000000 0.090718 103.728021 -7.356557 -2.718907 -0.082101 
153 -0.230913 0.000000 0.090718 100.961124 -7.188769 -0.540480 -0.024512 
154 -0.133219 0.000000 0.181436 100.148491 -7.335786 -2.062554 -0.008779 
155 0.013322 0.000000 0.045359 72.740490 -11.868850 14.302124 0.436340 
156 -0.035525 0.000000 0.045359 147.166910 -7.711009 -30.812685 -1.266698 
157 0.062169 0.000000 0.045359 200.765458 -0.662100 19.828125 -3.070036 
158 0.013322 0.000000 0.090718 75.399233 -9.154508 -6.601320 0.418757 
159 -1.989406 0.000000 -8.708925 99.756351 -6.974543 -0.000273 0.000003 
160 -5.115617 0.000000 -8.708925 99.756359 -6.974916 -0.000154 0.000002 
161 -1.989406 0.000000 -11.611899 99.756404 -6.974471 -0.000174 0.000002 
162 1.136804 0.000000 -8.708925 99.756383 -6.973973 -0.000418 0.000003 
163 -0.426301 0.000000 -4.354462 99.755979 -6.975533 -0.001314 0.000009 
164 -1.989406 0.000000 -4.354462 99.755927 -6.975357 -0.000687 0.000010 
165 -0.426301 0.000000 -5.805950 99.756227 -6.974760 -0.000760 0.000005 
166 1.136804 0.000000 -4.354462 99.755977 -6.979241 -0.001656 0.000004 
167 0.355251 0.000000 -2.177231 99.762625 -6.994158 -0.010820 -0.000150 
168 -0.426301 0.000000 -2.177231 99.753302 -6.980535 -0.006857 0.000055 
169 0.355251 0.000000 -2.902975 99.757239 -6.979559 -0.004802 -0.000022 
170 1.136804 0.000000 -2.177231 99.771854 -6.990271 -0.009841 -0.000329 
171 -0.035525 0.000000 -1.088616 99.730829 -7.013877 -0.035188 0.000457 
172 -0.426301 0.000000 -1.088616 99.742195 -6.992293 -0.017737 0.000260 
173 -0.035525 0.000000 -1.451487 99.737061 -6.991546 -0.013380 0.000364 
174 0.355251 0.000000 -1.088616 99.760526 -7.028902 -0.048792 -0.000157 
175 0.159863 0.000000 -0.544308 99.604867 -7.153346 -0.276042 0.002762 
176 -0.035525 0.000000 -0.544308 99.578538 -7.088944 -0.074687 0.003386 
177 0.159863 0.000000 -0.725744 99.695669 -7.047844 -0.134154 0.001108 
178 0.355251 0.000000 -0.544308 99.828333 -7.183237 -0.243638 -0.001735 
179 0.062169 0.000000 -0.272154 97.531735 -7.411000 -0.701228 0.043215 
180 -0.035525 0.000000 -0.272154 98.194298 -7.280041 0.880845 0.030410 
181 0.062169 0.000000 -0.362872 98.926149 -7.235263 -0.363968 0.016114 
182 0.159863 0.000000 -0.272154 98.721374 -7.562091 -2.076615 0.019259 
183 0.013322 0.000000 -0.136077 92.759370 -8.010876 2.965815 0.132273 
184 -0.035525 0.000000 -0.136077 98.602987 -7.445357 6.773823 0.017613 
185 0.013322 0.000000 -0.181436 95.846677 -7.517114 1.249807 0.075535 
186 0.062169 0.000000 -0.136077 93.568414 -8.531489 -3.420090 0.116047 
187 0.550639 0.000000 -0.181436 101.219342 -8.009134 -0.011655 -0.030950 
188 0.550639 0.000000 -0.362872 100.043734 -7.499418 0.112172 -0.006500 
189 0.746027 0.000000 -0.181436 101.780426 -8.009851 -0.042267 -0.042341 
190 0.550639 0.000000 0.000000 101.177393 -6.540010 -0.012513 -0.027964 
191 0.257557 0.000000 -0.090718 102.684820 -12.588697 -10.265555 -0.080803 
192 0.257557 0.000000 -0.181436 100.662239 -8.788172 -3.817757 -0.022469 
193 0.355251 0.000000 -0.090718 105.208637 -12.603408 -4.437798 -0.124740 
194 0.257557 0.000000 0.000000 86.358113 -0.103421 0.011987 0.254227 
195 0.111016 0.000000 -0.045359 150.725673 -0.245093 -13.987911 -1.291395 
196 0.111016 0.000000 -0.090718 92.368011 -12.529135 -15.448198 0.107252 
197 0.159863 0.000000 -0.045359 120.197405 -0.037694 -8.679992 -0.452276 
198 0.111016 0.000000 0.000000 154.083635 -0.256051 -0.013795 -1.374183 
199 0.037745 0.000000 -0.068038 73.801435 -11.667178 -14.446661 0.420852 
200 0.013322 0.000000 -0.068038 72.788436 -11.368594 -14.167264 0.437189 
201 0.037745 0.000000 -0.090718 82.964860 -9.851636 -4.784397 0.299689 
202 0.062169 0.000000 -0.068038 78.992182 -11.998902 -15.233611 0.338420 
203 0.037745 0.000000 -0.045359 73.419915 -11.712096 -14.433998 0.426400 
204 0.550639 0.000000 0.181436 101.152157 -8.004857 0.006842 -0.029584 
205 0.746027 0.000000 0.181436 101.677625 -8.012752 -0.012009 -0.040254 
206 0.550639 0.000000 0.362872 100.088108 -7.532954 -0.127788 -0.007439 
207 0.257557 0.000000 0.090718 102.663022 -12.597965 10.264079 -0.080376 
208 0.355251 0.000000 0.090718 105.294487 -12.620567 4.440291 -0.126592 
209 0.257557 0.000000 0.181436 100.657581 -8.770845 3.820391 -0.022347 
210 0.111016 0.000000 0.045359 150.713456 -0.241220 13.956621 -1.290939 
211 0.159863 0.000000 0.045359 120.190506 -0.005456 8.735960 -0.452207 
212 0.111016 0.000000 0.090718 92.278492 -12.585486 15.434794 0.108805 
213 -1.989406 0.000000 8.708925 99.756490 -6.978226 -0.000212 -0.000005 
214 -5.115617 0.000000 8.708925 99.756440 -6.977098 -0.000103 -0.000003 
215 1.136804 0.000000 8.708925 99.756432 -6.980190 -0.000440 -0.000007 
216 -1.989406 0.000000 11.611899 99.756412 -6.977830 -0.000164 -0.000003 
217 -0.426301 0.000000 4.354462 99.757294 -6.981476 -0.000450 -0.000026 
218 -1.989406 0.000000 4.354462 99.756720 -6.978866 -0.000064 -0.000011 
219 1.136804 0.000000 4.354462 99.758485 -6.980803 -0.001593 -0.000049 
220 -0.426301 0.000000 5.805950 99.756826 -6.980397 -0.000502 -0.000015 
221 0.355251 0.000000 2.177231 99.762225 -6.992368 0.003945 -0.000139 
222 -0.426301 0.000000 2.177231 99.756553 -6.985594 0.003803 -0.000017 
223 1.136804 0.000000 2.177231 99.775660 -7.002347 -0.003876 -0.000422 
224 0.355251 0.000000 2.902975 99.759923 -6.988106 0.000063 -0.000088 
225 -0.035525 0.000000 1.088616 99.746646 -7.005310 0.032665 0.000153 
226 -0.426301 0.000000 1.088616 99.747485 -6.994004 0.014612 0.000152 
227 0.355251 0.000000 1.088616 99.782891 -7.018904 0.037564 -0.000589 
228 -0.035525 0.000000 1.451487 99.742699 -6.993569 0.006964 0.000248 
229 0.159863 0.000000 0.544308 99.621711 -7.152153 0.274084 0.002429 
230 -0.035525 0.000000 0.544308 99.537094 -7.054879 0.063803 0.004259 
231 0.355251 0.000000 0.544308 99.870617 -7.191667 0.241761 -0.002592 
232 0.159863 0.000000 0.725744 99.730638 -7.064203 0.129176 0.000388 
233 0.062169 0.000000 0.272154 97.476981 -7.430929 0.708583 0.044252 
234 -0.035525 0.000000 0.272154 98.153540 -7.278963 -0.890601 0.031211 
235 0.159863 0.000000 0.272154 98.708231 -7.609105 2.082183 0.019445 
236 0.062169 0.000000 0.362872 98.910235 -7.245635 0.365018 0.016413 
237 0.013322 0.000000 0.136077 92.704546 -8.010526 -2.979985 0.133282 
238 -0.035525 0.000000 0.136077 98.581799 -7.464671 -6.788821 0.017982 
239 0.062169 0.000000 0.136077 93.525554 -8.578883 3.408672 0.116775 
240 0.013322 0.000000 0.181436 95.873672 -7.552201 -1.247497 0.074965 
241 0.037745 0.000000 0.068038 73.755325 -11.864167 14.442212 0.421082 
242 0.013322 0.000000 0.068038 72.707646 -11.653829 14.155561 0.437741 
243 0.037745 0.000000 0.045359 73.372340 -11.898645 14.428786 0.426673 
244 0.062169 0.000000 0.068038 78.943219 -12.166328 15.225694 0.338813 
245 0.037745 0.000000 0.090718 82.861684 -9.821875 4.778109 0.301464 
246 0.111016 0.000000 -0.136077 96.575145 -9.102600 -6.338453 0.055021 
247 0.111016 0.000000 -0.181436 96.976872 -8.211251 -3.728274 0.051416 
248 0.159863 0.000000 -0.136077 98.745564 -9.722459 -7.421596 0.009971 
249 0.086592 0.000000 -0.068038 91.683408 -12.433002 -15.271291 0.120636 
250 0.086592 0.000000 -0.090718 92.120823 -12.550827 -15.410529 0.111875 
251 0.111016 0.000000 -0.068038 92.361880 -12.389513 -15.349776 0.108017 
252 0.086592 0.000000 -0.045359 173.780196 -0.336308 -17.941928 -2.052158 
253 0.086592 0.000000 -0.113397 93.318903 -9.591963 -8.010223 0.113541 
254 0.062169 0.000000 -0.113397 90.696643 -9.205213 -5.418914 0.166002 
255 0.086592 0.000000 -0.136077 95.012106 -8.776712 -5.276883 0.086782 
256 0.111016 0.000000 -0.113397 95.934071 -9.992576 -8.880361 0.061794 
257 0.074381 0.000000 -0.079378 88.644088 -12.414692 -15.189325 0.175739 
258 0.062169 0.000000 -0.079378 79.983667 -12.098566 -15.246540 0.322378 
259 0.074381 0.000000 -0.090718 86.340536 -10.843321 -12.065640 0.228215 
260 0.086592 0.000000 -0.079378 91.810083 -12.454263 -15.303925 0.118159 
261 0.074381 0.000000 -0.068038 85.842459 -12.312816 -15.296985 0.224547 
262 0.111016 0.000000 0.136077 96.529313 -9.056897 6.368906 0.055950 
263 0.159863 0.000000 0.136077 98.710836 -9.701713 7.447975 0.010658 
264 0.111016 0.000000 0.181436 97.007213 -8.190284 3.732873 0.050859 
265 0.086592 0.000000 0.068038 91.627751 -12.332457 15.261857 0.121934 
266 0.086592 0.000000 0.045359 173.767307 -0.331809 17.910939 -2.051599 
267 0.111016 0.000000 0.068038 92.282198 -12.422539 15.337964 0.109442 
268 0.086592 0.000000 0.090718 92.073136 -12.427552 15.401330 0.113089 
269 0.086592 0.000000 0.113397 93.262060 -9.623300 8.021130 0.114524 
270 0.062169 0.000000 0.113397 90.632931 -9.246365 5.407758 0.167093 
271 0.111016 0.000000 0.113397 95.892491 -9.948049 8.908941 0.062630 
272 0.086592 0.000000 0.136077 94.980648 -8.788415 5.289856 0.087346 
273 0.074381 0.000000 0.079378 88.587018 -12.372148 15.178895 0.176887 
274 0.062169 0.000000 0.079378 79.933600 -12.245226 15.237677 0.322849 
275 0.074381 0.000000 0.068038 85.787119 -12.334342 15.286745 0.225475 
276 0.086592 0.000000 0.079378 91.752627 -12.360350 15.294225 0.119476 
277 0.074381 0.000000 0.090718 86.246709 -10.875911 12.062984 0.229770 
278 0.208710 0.000000 -0.045359 99.171477 -0.130183 -5.399211 0.013585 
279 0.208710 0.000000 -0.090718 100.544319 -12.689515 -12.745871 -0.043264 
280 0.257557 0.000000 -0.045359 85.477713 -0.084083 -4.139706 0.267642 
281 0.208710 0.000000 0.000000 100.269686 -0.014892 0.027537 -0.005401 
282 0.135439 0.000000 -0.068038 92.994780 -12.524303 -15.549606 0.095332 
283 0.135439 0.000000 -0.090718 94.223088 -12.550143 -15.154939 0.073483 
284 0.159863 0.000000 -0.068038 118.709500 -0.154925 -12.999603 -0.426096 
285 0.135439 0.000000 -0.045359 133.904929 -0.084269 -10.933832 -0.805009 
286 0.257557 0.000000 -0.272154 100.171130 -7.778430 -1.830495 -0.009811 
287 0.257557 0.000000 -0.362872 99.999397 -7.382705 -0.938503 -0.005526 
288 0.355251 0.000000 -0.272154 100.667014 -7.903837 -0.806156 -0.019697 
289 0.208710 0.000000 -0.136077 100.270452 -10.061768 -7.316159 -0.020893 
290 0.208710 0.000000 -0.181436 99.332892 -8.591124 -4.898563 0.003517 
291 0.257557 0.000000 -0.136077 101.331203 -10.127607 -6.340204 -0.041078 
292 0.135439 0.000000 -0.113397 97.141538 -10.372274 -9.187490 0.037153 
293 0.135439 0.000000 -0.136077 97.762830 -9.428403 -6.895525 0.030599 
294 0.159863 0.000000 -0.113397 98.483297 -10.836002 -9.776565 0.008804 
295 0.123228 0.000000 -0.079378 92.486809 -12.443803 -15.420907 0.105354 
296 0.111016 0.000000 -0.079378 92.362166 -12.443940 -15.388329 0.107758 
297 0.123228 0.000000 -0.090718 92.334192 -12.515682 -15.441662 0.107931 
298 0.135439 0.000000 -0.079378 94.168178 -12.556212 -15.359331 0.073879 
299 0.123228 0.000000 -0.068038 92.340663 -12.518256 -15.442913 0.107801 
300 0.208710 0.000000 0.045359 99.178240 -0.118855 5.443284 0.013403 
301 0.257557 0.000000 0.045359 85.488541 -0.101601 4.161260 0.267438 
302 0.208710 0.000000 0.090718 100.547338 -12.674075 12.746264 -0.043287 
303 0.135439 0.000000 0.068038 92.921922 -12.648385 15.541357 0.096400 
304 0.135439 0.000000 0.045359 133.723805 -0.214859 10.946384 -0.800193 
305 0.159863 0.000000 0.068038 118.691908 -0.120879 13.027840 -0.425751 
306 0.135439 0.000000 0.090718 94.173390 -12.620120 15.150884 0.074256 
307 0.257557 0.000000 0.272154 100.214848 -7.808149 1.843180 -0.010738 
308 0.355251 0.000000 0.272154 100.721649 -7.925862 0.817662 -0.020834 
309 0.257557 0.000000 0.362872 100.021089 -7.422299 0.937945 -0.006019 
310 0.208710 0.000000 0.136077 100.262503 -10.035745 7.308211 -0.020670 
311 0.257557 0.000000 0.136077 101.349879 -10.085792 6.333541 -0.041363 
312 0.208710 0.000000 0.181436 99.358491 -8.570870 4.884009 0.003058 
313 0.135439 0.000000 0.113397 97.103504 -10.336625 9.210836 0.037922 
314 0.159863 0.000000 0.113397 98.443705 -10.802723 9.800473 0.009609 
315 0.135439 0.000000 0.136077 97.722368 -9.400331 6.916222 0.031414 
316 0.123228 0.000000 0.079378 92.404033 -12.556835 15.410573 0.106633 
317 0.111016 0.000000 0.079378 92.278474 -12.488754 15.375866 0.109230 
318 0.123228 0.000000 0.068038 92.249666 -12.607237 15.429249 0.109299 
319 0.135439 0.000000 0.079378 94.121643 -12.628395 15.356991 0.074580 
320 0.123228 0.000000 0.090718 92.242846 -12.612384 15.427937 0.109416 
321 0.184287 0.000000 -0.068038 107.058099 -0.163827 -10.614853 -0.157414 
322 0.184287 0.000000 -0.090718 99.316512 -12.545832 -13.356098 -0.019955 
323 0.208710 0.000000 -0.068038 97.092712 -0.128098 -8.430489 0.050192 
324 0.184287 0.000000 -0.045359 108.516242 -0.149063 -7.021365 -0.182510 
325 0.184287 0.000000 0.068038 107.071437 -0.168314 10.631669 -0.157735 
326 0.184287 0.000000 0.045359 108.525095 -0.148366 7.060847 -0.182757 
327 0.208710 0.000000 0.068038 97.121674 -0.126456 8.454158 0.049589 
328 0.184287 0.000000 0.090718 99.327000 -12.531593 13.359312 -0.020136 
329 0.452945 0.000000 -0.090718 99.028992 -10.171464 0.001444 0.008980 
330 0.452945 0.000000 -0.181436 99.731475 -11.828522 0.001250 -0.008628 
331 0.550639 0.000000 -0.090718 100.791317 -7.499368 -0.011421 -0.021513 
332 0.452945 0.000000 0.000000 101.177392 -6.540010 -0.012514 -0.027964 
333 0.306404 0.000000 -0.136077 102.420983 -10.457456 -4.300423 -0.061791 
334 0.306404 0.000000 -0.181436 101.331815 -8.896714 -2.862004 -0.035548 
335 0.355251 0.000000 -0.136077 104.347781 -10.648275 -2.737243 -0.100934 
336 0.306404 0.000000 -0.090718 104.344502 -12.501536 -6.474585 -0.108598 
337 0.233134 0.000000 -0.113397 101.494298 -11.592336 -8.476096 -0.050732 
338 0.208710 0.000000 -0.113397 101.249332 -11.362617 -9.454703 -0.046993 
339 0.233134 0.000000 -0.136077 100.716147 -10.122406 -6.789730 -0.029231 
340 0.257557 0.000000 -0.113397 102.713942 -12.601116 -10.268632 -0.081439 
341 0.233134 0.000000 -0.090718 102.948769 -12.657813 -10.292409 -0.086460 
342 0.452945 0.000000 0.090718 98.991400 -10.161487 0.000827 0.009745 
343 0.550639 0.000000 0.090718 100.763441 -7.493863 -0.007407 -0.020943 
344 0.452945 0.000000 0.181436 99.691562 -11.815869 0.003345 -0.007802 
345 0.306404 0.000000 0.136077 102.443353 -10.440497 4.321766 -0.062232 
346 0.306404 0.000000 0.090718 104.406637 -12.550647 6.479777 -0.110025 
347 0.355251 0.000000 0.136077 104.386107 -10.725750 2.730515 -0.101896 
348 0.306404 0.000000 0.181436 101.307965 -8.895284 2.876261 -0.035070 
349 0.233134 0.000000 0.113397 101.489016 -11.560936 8.471285 -0.050544 
350 0.208710 0.000000 0.113397 101.246977 -11.311152 9.447607 -0.046815 
351 0.233134 0.000000 0.090718 102.936662 -12.608874 10.291154 -0.086085 
352 0.257557 0.000000 0.113397 102.691131 -12.609661 10.267078 -0.080988 
353 0.233134 0.000000 0.136077 100.732820 -10.079624 6.788895 -0.029479 
354 0.306404 0.000000 -0.045359 76.407696 0.099153 -2.207873 0.415698 
355 0.355251 0.000000 -0.045359 71.087841 -0.044756 -1.155972 0.494518 
356 0.306404 0.000000 0.000000 77.001486 0.023180 -0.018200 0.407077 
357 0.281981 0.000000 -0.113397 103.705086 -12.492618 -8.451734 -0.098224 
358 0.281981 0.000000 -0.136077 102.260932 -10.303327 -5.224040 -0.059075 
359 0.306404 0.000000 -0.113397 104.328831 -12.514172 -6.474408 -0.108303 
360 0.281981 0.000000 -0.090718 103.517602 -12.499862 -8.782070 -0.094927 
361 0.281981 0.000000 -0.068038 79.026175 0.091412 -4.714244 0.373263 
362 0.257557 0.000000 -0.068038 84.503099 -0.112202 -6.349844 0.281889 
363 0.306404 0.000000 -0.068038 75.747172 0.050780 -3.276398 0.425163 
364 0.281981 0.000000 -0.045359 80.107258 0.046437 -3.240403 0.357232 
365 0.269769 0.000000 -0.102058 102.842764 -12.541034 -10.017311 -0.083426 
366 0.257557 0.000000 -0.102058 102.682952 -12.587900 -10.265358 -0.080762 
367 0.269769 0.000000 -0.113397 102.811071 -12.526065 -10.278355 -0.083266 
368 0.281981 0.000000 -0.102058 103.532175 -12.496548 -9.304251 -0.096164 
369 0.269769 0.000000 -0.090718 102.750420 -12.556810 -10.272209 -0.082084 
370 0.306404 0.000000 0.045359 76.534952 0.011158 2.195534 0.413758 
371 0.355251 0.000000 0.045359 71.091698 -0.046209 1.150837 0.494464 
372 0.281981 0.000000 0.113397 103.728727 -12.477189 8.453904 -0.098680 
373 0.281981 0.000000 0.090718 103.534682 -12.487355 8.783649 -0.095252 
374 0.306404 0.000000 0.113397 104.398898 -12.575600 6.479622 -0.109926 
375 0.281981 0.000000 0.136077 102.259834 -10.365299 5.230851 -0.059187 
376 0.281981 0.000000 0.068038 79.060562 0.125127 4.716867 0.372716 
377 0.257557 0.000000 0.068038 84.540406 -0.100594 6.370866 0.281232 
378 0.281981 0.000000 0.045359 80.168273 0.032773 3.273271 0.356233 
379 0.306404 0.000000 0.068038 75.863200 -0.024966 3.265781 0.423411 
380 0.269769 0.000000 0.102058 102.833843 -12.539147 10.016598 -0.083236 
381 0.257557 0.000000 0.102058 102.661219 -12.597215 10.263887 -0.080336 
382 0.269769 0.000000 0.090718 102.737014 -12.556438 10.270943 -0.081805 
383 0.281981 0.000000 0.102058 103.553834 -12.460374 9.305107 -0.096524 
384 0.269769 0.000000 0.113397 102.805649 -12.516610 10.277291 -0.083129 
385 0.746027 0.000000 -1.088616 99.775086 -7.039071 -0.033357 -0.000462 
386 0.746027 0.000000 -1.451487 99.767281 -7.008437 -0.018644 -0.000263 
387 1.136804 0.000000 -1.088616 99.777511 -7.046627 -0.026149 -0.000521 
388 0.550639 0.000000 -0.544308 99.825888 -7.200632 -0.029498 -0.001706 
389 0.550639 0.000000 -0.725744 99.794200 -7.102375 -0.074637 -0.000933 
390 0.746027 0.000000 -0.544308 99.788470 -7.221261 0.006705 -0.000989 
391 0.452945 0.000000 -0.272154 100.416059 -7.916257 0.027871 -0.014605 
392 0.452945 0.000000 -0.362872 100.324030 -7.473529 -0.094884 -0.012077 
393 0.550639 0.000000 -0.272154 101.216930 -11.995488 0.002627 -0.038876 
394 0.404098 0.000000 -0.136077 98.234177 -12.490712 0.000082 0.019403 
395 0.404098 0.000000 -0.181436 101.862540 -9.106076 0.082937 -0.045890 
396 0.452945 0.000000 -0.136077 99.170423 -10.750875 0.001679 0.004965 
397 0.404098 0.000000 -0.090718 101.202362 -12.505436 -1.656871 -0.040105 
398 0.330828 0.000000 -0.113397 104.296897 -12.547316 -6.475337 -0.107721 
399 0.330828 0.000000 -0.136077 102.835895 -10.566116 -3.972870 -0.070265 
400 0.355251 0.000000 -0.113397 105.120815 -12.593819 -4.685200 -0.123094 
401 0.330828 0.000000 -0.090718 104.291046 -12.548058 -6.474951 -0.107600 
402 0.746027 0.000000 1.088616 99.799623 -7.032634 0.006771 -0.000942 
403 1.136804 0.000000 1.088616 99.794079 -7.059622 -0.023470 -0.000870 
404 0.746027 0.000000 1.451487 99.776493 -7.014816 0.000352 -0.000456 
405 0.550639 0.000000 0.544308 99.861105 -7.227190 0.020151 -0.002447 
406 0.746027 0.000000 0.544308 99.853975 -7.236678 -0.029029 -0.002319 
407 0.550639 0.000000 0.725744 99.840349 -7.099154 0.060548 -0.001850 
408 0.452945 0.000000 0.272154 100.487225 -7.926243 -0.046447 -0.016051 
409 0.550639 0.000000 0.272154 101.166594 -11.980246 0.004588 -0.037821 
410 0.452945 0.000000 0.362872 100.365916 -7.498926 0.085012 -0.012956 
411 0.404098 0.000000 0.136077 98.211313 -12.476227 -0.001536 0.019888 
412 0.404098 0.000000 0.090718 101.213906 -12.461049 1.656412 -0.040228 
413 0.452945 0.000000 0.136077 99.131225 -10.740189 0.002500 0.005765 
414 0.404098 0.000000 0.181436 101.850975 -9.128150 -0.083837 -0.045695 
415 0.330828 0.000000 0.113397 104.393997 -12.628296 6.482163 -0.109960 
416 0.330828 0.000000 0.090718 104.387898 -12.628950 6.481759 -0.109834 
417 0.355251 0.000000 0.113397 105.208975 -12.619087 4.688284 -0.125015 
418 0.330828 0.000000 0.136077 102.856129 -10.553479 3.991234 -0.070669 
419 0.404098 0.000000 -0.045359 70.164616 -0.019054 0.705926 0.507643 
420 0.452945 0.000000 -0.045359 99.506255 -8.582528 -0.008054 0.002485 
421 0.404098 0.000000 0.000000 71.183734 0.003460 0.003176 0.493288 
422 0.379675 0.000000 -0.113397 104.568070 -12.641440 -2.227796 -0.109925 
423 0.379675 0.000000 -0.136077 104.087068 -10.771152 -1.105397 -0.095136 
424 0.404098 0.000000 -0.113397 100.931023 -12.587863 -1.852806 -0.034896 
425 0.379675 0.000000 -0.090718 104.264521 -12.646997 -2.221442 -0.103597 
426 0.330828 0.000000 -0.068038 72.798686 -0.037939 -3.071287 0.469092 
427 0.355251 0.000000 -0.068038 69.873603 -0.054743 -1.865814 0.511420 
428 0.330828 0.000000 -0.045359 73.366280 -0.069522 -1.984739 0.461344 
429 0.343039 0.000000 -0.102058 104.669504 -12.554538 -6.137286 -0.115099 
430 0.330828 0.000000 -0.102058 104.293454 -12.547753 -6.475110 -0.107650 
431 0.343039 0.000000 -0.113397 104.737197 -12.563902 -6.004763 -0.116379 
432 0.355251 0.000000 -0.102058 105.222771 -12.603479 -4.777789 -0.125351 
433 0.343039 0.000000 -0.090718 104.520766 -12.549225 -6.489174 -0.112418 
434 0.404098 0.000000 0.045359 70.230827 -0.004469 -0.711864 0.506712 
435 0.452945 0.000000 0.045359 99.465034 -8.575065 -0.005505 0.003318 
436 0.330828 0.000000 0.068038 72.930336 -0.102290 3.083774 0.467165 
437 0.330828 0.000000 0.045359 73.437686 -0.087311 1.982541 0.460297 
438 0.355251 0.000000 0.068038 69.931769 -0.057961 1.861403 0.510608 
439 0.379675 0.000000 0.113397 104.631265 -12.614913 2.228387 -0.111180 
440 0.379675 0.000000 0.090718 104.321193 -12.615226 2.222095 -0.104699 
441 0.404098 0.000000 0.113397 100.947368 -12.541989 1.852373 -0.035110 
442 0.379675 0.000000 0.136077 104.135126 -10.807502 1.104270 -0.096215 
443 0.343039 0.000000 0.102058 104.766331 -12.618093 6.143094 -0.117294 
444 0.330828 0.000000 0.102058 104.390408 -12.628681 6.481925 -0.109886 
445 0.343039 0.000000 0.090718 104.618040 -12.620654 6.495514 -0.114641 
446 0.355251 0.000000 0.102058 105.308584 -12.622758 4.780411 -0.127208 
447 0.343039 0.000000 0.113397 104.831642 -12.620897 6.010070 -0.118508 
448 1.527580 0.000000 -0.362872 99.708304 -7.693706 -0.192934 -0.000098 
449 1.527580 0.000000 -0.725744 99.756687 -7.179714 -0.064822 -0.000295 
450 1.918356 0.000000 -0.362872 99.863053 -7.376816 -0.174537 -0.002708 
451 1.527580 0.000000 0.000000 101.327343 -8.085440 -1.284574 -0.033425 
452 0.941416 0.000000 -0.181436 101.890860 -8.072168 0.033761 -0.044691 
453 0.941416 0.000000 -0.362872 99.673428 -7.558766 -0.035001 0.000807 
454 1.136804 0.000000 -0.181436 101.593744 -8.748836 0.275860 -0.039791 
455 0.941416 0.000000 0.000000 101.741894 -6.799474 0.240465 -0.039770 
456 0.648333 0.000000 -0.090718 101.383278 -7.499820 -0.025762 -0.033482 
457 0.648333 0.000000 -0.181436 101.500093 -8.505382 -0.005502 -0.037461 
458 0.746027 0.000000 -0.090718 101.779900 -6.895275 -0.039936 -0.040669 
459 0.648333 0.000000 0.000000 101.473616 -6.550831 -0.025776 -0.033981 
460 0.501792 0.000000 -0.136077 99.626182 -9.654005 -0.004970 -0.001858 
461 0.501792 0.000000 -0.181436 100.781420 -9.883839 0.000861 -0.025458 
462 0.550639 0.000000 -0.136077 101.204684 -7.221848 -0.019663 -0.029454 
463 0.501792 0.000000 -0.090718 99.623555 -9.542922 -0.006069 -0.001592 
464 0.428522 0.000000 -0.113397 98.564560 -12.213823 -0.974107 0.013490 
465 0.428522 0.000000 -0.136077 99.141302 -11.715690 0.001253 0.003374 
466 0.452945 0.000000 -0.113397 99.057321 -10.699750 -0.000106 0.007316 
467 0.428522 0.000000 -0.090718 98.691921 -11.939713 -0.849711 0.011663 
468 0.379675 0.000000 -0.068038 69.048517 -0.029521 -0.392090 0.523215 
469 0.404098 0.000000 -0.068038 98.240783 -11.890945 0.000836 0.020735 
470 0.379675 0.000000 -0.045359 69.956145 -0.023295 -0.275568 0.510606 
471 0.391886 0.000000 -0.102058 102.967925 -12.657773 -2.047919 -0.076681 
472 0.379675 0.000000 -0.102058 104.575467 -12.640945 -2.227997 -0.110079 
473 0.391886 0.000000 -0.113397 102.832158 -12.653963 -2.000873 -0.073858 
474 0.404098 0.000000 -0.102058 101.008678 -12.597625 -1.882779 -0.036500 
475 0.391886 0.000000 -0.090718 102.638729 -12.647302 -1.924637 -0.069837 
476 0.379675 0.000000 0.068038 69.109833 -0.012140 0.402830 0.522367 
477 0.379675 0.000000 0.045359 70.030207 -0.025656 0.274480 0.509569 
478 0.404098 0.000000 0.068038 98.215345 -11.876843 -0.002736 0.021269 
479 1.527580 0.000000 0.362872 99.769055 -7.703635 -0.335643 -0.001332 
480 1.918356 0.000000 0.362872 99.825541 -7.533025 -0.166261 -0.002191 
481 1.527580 0.000000 0.725744 99.804685 -7.210892 -0.091104 -0.001298 
482 0.941416 0.000000 0.181436 101.781782 -8.078865 0.075980 -0.042481 
483 1.136804 0.000000 0.181436 101.423679 -8.751586 0.335561 -0.036347 
484 0.941416 0.000000 0.362872 99.800755 -7.585869 0.026931 -0.001774 
485 0.648333 0.000000 0.090718 101.337002 -7.498456 -0.013069 -0.032541 
486 0.746027 0.000000 0.090718 101.736591 -6.895986 -0.027774 -0.039789 
487 0.648333 0.000000 0.181436 101.413270 -8.504981 0.017414 -0.035699 
488 0.501792 0.000000 0.136077 99.580875 -9.645282 0.001327 -0.000938 
489 0.501792 0.000000 0.090718 99.589446 -9.533243 -0.006361 -0.000894 
490 0.550639 0.000000 0.136077 101.149570 -7.217546 -0.006766 -0.028333 
491 0.501792 0.000000 0.181436 100.719536 -9.877085 0.012157 -0.024198 
492 0.428522 0.000000 0.113397 98.563276 -12.189777 0.974255 0.013574 
493 0.428522 0.000000 0.090718 98.684760 -11.917585 0.850827 0.011857 
494 0.452945 0.000000 0.113397 99.019647 -10.688975 0.001708 0.008086 
495 0.428522 0.000000 0.136077 99.106526 -11.702576 0.000691 0.004095 
496 0.391886 0.000000 0.102058 103.001053 -12.612596 2.048299 -0.077249 
497 0.379675 0.000000 0.102058 104.638992 -12.614790 2.228591 -0.111342 
498 0.391886 0.000000 0.090718 102.669530 -12.605771 1.924832 -0.070364 
499 0.404098 0.000000 0.102058 101.025577 -12.551073 1.882374 -0.036724 
500 0.391886 0.000000 0.113397 102.864403 -12.610281 2.001174 -0.074411 
501 1.332192 0.000000 -0.181436 101.296295 -9.097615 -0.676926 -0.034416 
502 1.332192 0.000000 -0.362872 99.728551 -7.647726 -0.114988 -0.000428 
503 1.527580 0.000000 -0.181436 101.564634 -9.133811 -0.831562 -0.039949 
504 1.332192 0.000000 0.000000 100.959549 -7.284089 -1.024046 -0.024694 
505 1.332192 0.000000 0.181436 101.213835 -9.769237 -0.975525 -0.034063 
506 1.527580 0.000000 0.181436 101.468629 -10.539753 -1.376207 -0.040886 
507 1.332192 0.000000 0.362872 99.952994 -7.665301 -0.324139 -0.004946 
508 1.234498 0.000000 -0.090718 98.948940 -11.379586 -0.108123 0.007960 
509 1.136804 0.000000 -0.090718 100.589512 -8.316028 0.401618 -0.018757 
510 1.234498 0.000000 -0.181436 100.518625 -12.416504 0.016293 -0.025816 
511 1.332192 0.000000 -0.090718 99.900003 -9.846610 -0.512988 -0.007723 
512 1.234498 0.000000 0.000000 80.789657 -0.014825 0.170813 0.347300 
513 1.234498 0.000000 0.090718 99.401654 -11.477665 -0.109858 -0.001244 
514 1.136804 0.000000 0.090718 100.695824 -8.328420 0.413782 -0.020918 
515 1.332192 0.000000 0.090718 100.082675 -10.111135 -0.574801 -0.011911 
516 1.234498 0.000000 0.181436 100.674784 -12.431263 0.022778 -0.028995 
517 4.263014 0.000000 -8.708925 99.756420 -6.973176 -0.000558 0.000003 
518 4.263014 0.000000 -11.611899 99.756460 -6.973457 -0.000288 0.000002 
519 7.389224 0.000000 -8.708925 99.756495 -6.972377 -0.000658 0.000003 
520 2.699909 0.000000 -4.354462 99.755822 -6.980470 -0.002047 0.000005 
521 2.699909 0.000000 -5.805950 99.756234 -6.973984 -0.001169 0.000006 
522 4.263014 0.000000 -4.354462 99.755850 -6.975538 -0.002952 0.000011 
523 1.918356 0.000000 -2.177231 99.768080 -6.996255 -0.002555 -0.000262 
524 1.918356 0.000000 -2.902975 99.755882 -6.972803 -0.002597 0.000014 
525 2.699909 0.000000 -2.177231 99.754464 -6.995409 -0.006651 0.000011 
526 1.527580 0.000000 -1.088616 99.773944 -7.063190 -0.026600 -0.000473 
527 1.527580 0.000000 -1.451487 99.773828 -7.022899 -0.010744 -0.000414 
528 1.918356 0.000000 -1.088616 99.762122 -7.086417 -0.008876 -0.000270 
529 1.332192 0.000000 -0.544308 99.731838 -7.277422 -0.088880 0.000059 
530 1.136804 0.000000 -0.544308 99.718962 -7.243806 -0.078639 0.000365 
531 1.332192 0.000000 -0.725744 99.751042 -7.160024 -0.050399 -0.000154 
532 1.527580 0.000000 -0.544308 99.722455 -7.311661 -0.091051 0.000196 
533 1.234498 0.000000 -0.272154 99.869999 -8.109884 -0.213310 -0.003983 
534 1.136804 0.000000 -0.272154 101.534624 -12.103642 0.028045 -0.045578 
535 1.234498 0.000000 -0.362872 99.734300 -7.624742 -0.150699 -0.000509 
536 1.332192 0.000000 -0.272154 101.371588 -12.775914 -0.053993 -0.043943 
537 10.515434 0.000000 -2.902975 99.756280 -6.975213 -0.012006 0.000003 
538 10.515434 0.000000 -5.805950 99.756580 -6.971293 -0.001969 0.000003 
539 13.641644 0.000000 -2.902975 99.756537 -6.972657 -0.012713 0.000002 
540 10.515434 0.000000 0.000000 99.809149 -6.219331 0.301981 -0.000064 
541 5.826119 0.000000 -1.451487 99.752343 -7.025925 -0.051550 0.000010 
542 5.826119 0.000000 -2.902975 99.755424 -6.980041 -0.009636 0.000013 
543 7.389224 0.000000 -1.451487 99.753801 -7.006433 -0.057916 0.000009 
544 5.826119 0.000000 0.000000 99.915792 -4.685987 2.777936 -0.001284 
545 3.481461 0.000000 -0.725744 99.729985 -7.183197 -0.154687 0.000231 
546 3.481461 0.000000 -1.451487 99.747358 -7.031246 -0.032568 0.000103 
547 4.263014 0.000000 -0.725744 99.738356 -7.157533 -0.180040 0.000100 
548 3.481461 0.000000 0.000000 99.780692 -6.373556 -1.508205 0.000092 
549 2.309132 0.000000 -0.362872 99.180858 -7.165837 -0.239605 0.011175 
550 2.309132 0.000000 -0.725744 99.681055 -7.229011 -0.033971 0.001143 
551 2.699909 0.000000 -0.362872 99.682625 -7.002432 -0.285473 0.001426 
552 2.309132 0.000000 0.000000 127.088356 -5.732436 -1.068038 -0.618545 
553 1.722968 0.000000 -0.181436 101.629122 -8.865357 -0.920271 -0.040792 
554 1.722968 0.000000 -0.362872 99.640242 -7.684637 -0.166498 0.001274 
555 1.918356 0.000000 -0.181436 101.089248 -8.669249 -0.758360 -0.029477 
556 1.722968 0.000000 0.000000 101.496964 -9.347252 -1.806331 -0.039227 
557 1.429886 0.000000 -0.090718 101.209910 -9.356198 -0.674579 -0.033144 
558 1.429886 0.000000 -0.181436 101.322474 -9.322255 -0.580903 -0.035349 
559 1.527580 0.000000 -0.090718 101.449553 -9.023010 -0.962992 -0.037435 
560 1.429886 0.000000 0.000000 100.959180 -7.282669 -1.024066 -0.024684 
561 1.283345 0.000000 -0.136077 99.397839 -10.812985 -0.380748 0.000300 
562 1.234498 0.000000 -0.136077 99.152261 -11.622329 -0.074962 0.003374 
563 1.283345 0.000000 -0.181436 100.084969 -11.666298 -0.260289 -0.015317 
564 1.332192 0.000000 -0.136077 100.000639 -9.455367 -0.507635 -0.008979 
565 1.283345 0.000000 -0.090718 99.124928 -10.535427 -0.404256 0.006309 
566 10.515434 0.000000 2.902975 99.752965 -7.023640 0.008604 0.000001 
567 13.641644 0.000000 2.902975 99.753154 -7.021500 0.013555 0.000001 
568 10.515434 0.000000 5.805950 99.755179 -6.992905 0.000724 0.000000 
569 5.826119 0.000000 1.451487 99.745052 -7.130896 0.019577 0.000007 
570 7.389224 0.000000 1.451487 99.746181 -7.117244 0.036409 0.000004 
571 5.826119 0.000000 2.902975 99.752817 -7.023606 -0.000139 0.000004 
572 3.481461 0.000000 0.725744 99.712714 -7.426014 0.003621 0.000223 
573 4.263014 0.000000 0.725744 99.719773 -7.423116 0.055261 0.000086 
574 3.481461 0.000000 1.451487 99.740936 -7.119646 -0.012101 0.000106 
575 2.309132 0.000000 0.362872 99.296746 -7.573433 -0.221180 0.008275 
576 2.699909 0.000000 0.362872 99.687858 -7.523999 -0.218396 0.000567 
577 2.309132 0.000000 0.725744 99.741884 -7.379025 -0.146117 -0.000291 
578 1.722968 0.000000 0.181436 101.439512 -11.720491 -1.824995 -0.043068 
579 1.918356 0.000000 0.181436 100.995553 -14.265685 -2.845150 -0.041171 
580 1.722968 0.000000 0.362872 99.618316 -7.792772 -0.304285 0.001537 
581 1.429886 0.000000 0.090718 101.140793 -9.894440 -0.840552 -0.032807 
582 1.527580 0.000000 0.090718 101.362801 -9.414213 -1.069161 -0.036419 
583 1.429886 0.000000 0.181436 101.198049 -9.992973 -0.871381 -0.034166 
584 4.263014 0.000000 8.708925 99.756137 -6.982520 -0.000512 -0.000004 
585 7.389224 0.000000 8.708925 99.755880 -6.984211 -0.000278 -0.000001 
586 4.263014 0.000000 11.611899 99.756225 -6.980147 -0.000267 -0.000003 
587 2.699909 0.000000 4.354462 99.757249 -6.988875 -0.002960 -0.000035 
588 4.263014 0.000000 4.354462 99.755154 -6.997884 -0.002079 -0.000006 
589 2.699909 0.000000 5.805950 99.756368 -6.985936 -0.001383 -0.000014 
590 1.918356 0.000000 2.177231 99.768840 -7.019721 -0.016296 -0.000310 
591 2.699909 0.000000 2.177231 99.752846 -7.033345 -0.014036 -0.000010 
592 1.918356 0.000000 2.902975 99.764420 -7.004043 -0.009801 -0.000200 
593 1.527580 0.000000 1.088616 99.776962 -7.083249 -0.048375 -0.000562 
594 1.918356 0.000000 1.088616 99.763366 -7.122768 -0.066938 -0.000347 
595 1.527580 0.000000 1.451487 99.773182 -7.043686 -0.027111 -0.000430 
596 1.332192 0.000000 0.544308 99.865354 -7.311784 -0.141504 -0.002657 
597 1.136804 0.000000 0.544308 99.873464 -7.274359 -0.056002 -0.002763 
598 1.527580 0.000000 0.544308 99.787837 -7.352788 -0.171512 -0.001171 
599 1.332192 0.000000 0.725744 99.816508 -7.173252 -0.080690 -0.001480 
600 1.234498 0.000000 0.272154 100.307417 -8.130944 -0.227854 -0.012774 
601 1.136804 0.000000 0.272154 101.552674 -12.111363 0.037154 -0.045963 
602 1.332192 0.000000 0.272154 101.219687 -13.057489 -0.069219 -0.041593 
603 1.234498 0.000000 0.362872 100.049650 -7.640055 -0.164140 -0.006833 
604 1.283345 0.000000 0.136077 99.719377 -11.155260 -0.496492 -0.006864 
605 1.234498 0.000000 0.136077 99.556003 -11.702592 -0.071549 -0.004835 
606 1.283345 0.000000 0.090718 99.507344 -10.820627 -0.518482 -0.001907 
607 1.332192 0.000000 0.136077 100.147603 -9.851267 -0.700589 -0.012708 
608 1.283345 0.000000 0.181436 100.236432 -12.135863 -0.371345 -0.019476 
609 2.113744 0.000000 -0.181436 101.291973 -6.238603 2.545521 -0.030546 
610 2.113744 0.000000 -0.362872 99.756157 -7.180998 0.244423 -0.000292 
611 2.309132 0.000000 -0.181436 97.629217 -5.426838 -2.347071 0.043358 
612 2.113744 0.000000 0.000000 86.822163 0.317108 0.121526 0.246180 
613 2.113744 0.000000 0.181436 101.736446 -6.640774 -2.860879 -0.040259 
614 2.309132 0.000000 0.181436 97.961763 -6.072977 1.335774 0.036483 
615 2.113744 0.000000 0.362872 99.853978 -7.460541 -0.565576 -0.002680 
616 2.016050 0.000000 -0.090718 99.631790 -9.260627 -0.982182 -0.001322 
617 1.918356 0.000000 -0.090718 101.129382 -9.530930 -1.565899 -0.032044 
618 2.016050 0.000000 -0.181436 100.416533 -9.485800 -0.149488 -0.017348 
619 2.113744 0.000000 -0.090718 107.284960 -8.763927 11.200513 -0.171232 
620 2.016050 0.000000 0.000000 101.090988 -9.925835 -2.179448 -0.032266 
621 2.016050 0.000000 0.090718 99.630586 -10.891410 -1.705915 -0.004779 
622 1.918356 0.000000 0.090718 101.014979 -11.633810 -2.277571 -0.034456 
623 2.113744 0.000000 0.090718 108.375272 -9.365947 -11.333619 -0.196137 
624 2.016050 0.000000 0.181436 100.096820 -12.908661 -1.039912 -0.018709 
625 2.309132 0.000000 -1.088616 99.738806 -7.094142 -0.014089 0.000184 
626 2.309132 0.000000 -1.451487 99.761664 -7.035202 -0.008595 -0.000188 
627 2.699909 0.000000 -1.088616 99.736677 -7.090527 -0.034569 0.000232 
628 2.113744 0.000000 -0.544308 99.571218 -7.318505 -0.011028 0.003201 
629 1.918356 0.000000 -0.544308 99.644455 -7.343707 -0.075961 0.001705 
630 2.113744 0.000000 -0.725744 99.729993 -7.203776 -0.008104 0.000203 
631 2.309132 0.000000 -0.544308 99.583113 -7.325385 -0.054099 0.002954 
632 2.016050 0.000000 -0.272154 100.165291 -6.711452 -0.087907 -0.007814 
633 1.918356 0.000000 -0.272154 101.130433 -10.889604 -0.208882 -0.034599 
634 2.016050 0.000000 -0.362872 99.925799 -7.208135 -0.046395 -0.003712 
635 2.113744 0.000000 -0.272154 99.747573 -6.713604 0.687257 0.000488 
636 3.090685 0.000000 -0.362872 99.725798 -6.947440 -0.137302 0.000648 
637 3.090685 0.000000 -0.725744 99.720781 -7.199646 -0.135291 0.000391 
638 3.481461 0.000000 -0.362872 99.737462 -7.028313 0.007814 0.000304 
639 3.090685 0.000000 0.000000 99.793631 -6.187120 -1.159014 0.000161 
640 2.504521 0.000000 -0.181436 99.914903 -4.855742 -1.425587 -0.000860 
641 2.504521 0.000000 -0.362872 99.528668 -7.007091 -0.409507 0.004478 
642 2.699909 0.000000 -0.181436 99.856602 -4.560957 -0.921035 0.000701 
643 2.504521 0.000000 0.000000 100.545128 -5.947107 -1.057568 -0.014581 
644 2.211438 0.000000 -0.090718 89.569404 -8.405536 16.148518 0.164589 
645 2.211438 0.000000 -0.181436 96.769728 -5.857332 2.136383 0.059675 
646 2.309132 0.000000 -0.090718 104.020659 -5.037802 -16.306064 -0.111156 
647 2.211438 0.000000 0.000000 128.809157 -0.951689 -0.215865 -0.659275 
648 2.064897 0.000000 -0.136077 100.042861 -8.920373 -0.147554 -0.008817 
649 2.016050 0.000000 -0.136077 99.572970 -10.080699 -0.955284 -0.001731 
650 2.064897 0.000000 -0.181436 101.730609 -6.088224 0.601956 -0.038655 
651 2.113744 0.000000 -0.136077 104.289570 -6.986326 5.607930 -0.095657 
652 2.064897 0.000000 -0.090718 100.180823 -9.152385 2.264061 -0.012509 
653 3.090685 0.000000 0.362872 99.696850 -7.569582 -0.331595 0.000313 
654 3.481461 0.000000 0.362872 99.689764 -7.719548 -0.398394 0.000220 
655 3.090685 0.000000 0.725744 99.703714 -7.422141 -0.024603 0.000408 
656 2.504521 0.000000 0.181436 99.963108 -5.668282 0.308620 -0.002485 
657 2.699909 0.000000 0.181436 99.858138 -5.468320 -0.211114 -0.000159 
658 2.504521 0.000000 0.362872 99.577169 -7.454008 -0.096969 0.002882 
659 2.211438 0.000000 0.090718 90.632890 -9.091878 -16.369508 0.143506 
660 2.309132 0.000000 0.090718 104.370898 -5.552367 13.878398 -0.111672 
661 2.211438 0.000000 0.181436 97.218215 -6.451634 -2.766846 0.049934 
662 2.309132 0.000000 1.088616 99.738366 -7.169959 -0.066484 0.000085 
663 2.699909 0.000000 1.088616 99.725327 -7.195621 -0.045017 0.000308 
664 2.309132 0.000000 1.451487 99.758059 -7.088219 -0.037706 -0.000191 
665 2.113744 0.000000 0.544308 99.663027 -7.465927 -0.223301 0.001149 
666 1.918356 0.000000 0.544308 99.698401 -7.446896 -0.149984 0.000475 
667 2.309132 0.000000 0.544308 99.665114 -7.525722 -0.219348 0.001018 
668 2.113744 0.000000 0.725744 99.798129 -7.309611 -0.150762 -0.001312 
669 2.016050 0.000000 0.272154 100.225468 -6.948001 -0.192454 -0.009346 
670 1.918356 0.000000 0.272154 100.655171 -16.862184 -1.962454 -0.041965 
671 2.113744 0.000000 0.272154 99.978534 -7.047252 -1.027216 -0.004643 
672 2.016050 0.000000 0.362872 99.951751 -7.425057 -0.260473 -0.004555 
673 2.064897 0.000000 0.136077 99.769844 -10.333509 -0.287677 -0.006089 
674 2.016050 0.000000 0.136077 99.582586 -12.199423 -1.892644 -0.006910 
675 2.064897 0.000000 0.090718 100.299707 -9.924326 -3.458928 -0.017049 
676 2.113744 0.000000 0.136077 105.000900 -7.528398 -5.919031 -0.111690 
677 2.064897 0.000000 0.181436 102.074522 -6.372429 -0.752107 -0.046038 
678 2.211438 0.000000 -0.272154 98.557277 -6.719698 0.608852 0.024094 
679 2.211438 0.000000 -0.362872 99.353848 -7.176753 0.164252 0.007728 
680 2.309132 0.000000 -0.272154 98.660877 -6.537084 -0.556926 0.022299 
681 2.162591 0.000000 -0.136077 99.035107 -6.730164 7.423935 0.009164 
682 2.162591 0.000000 -0.181436 99.053070 -6.133766 3.319868 0.013984 
683 2.211438 0.000000 -0.136077 94.061608 -6.117200 5.287485 0.108704 
684 2.162591 0.000000 -0.090718 99.222055 -8.770822 15.499562 -0.016218 
685 2.064897 0.000000 -0.045359 99.939061 -8.854142 -0.158546 -0.006624 
686 2.016050 0.000000 -0.045359 100.009641 -9.349119 -1.804866 -0.009259 
687 2.113744 0.000000 -0.045359 85.045849 0.436125 3.605660 0.275401 
688 2.064897 0.000000 0.000000 81.591645 0.231342 0.276650 0.334267 
689 2.089321 0.000000 -0.113397 105.332208 -8.409857 5.450123 -0.119530 
690 2.064897 0.000000 -0.113397 101.550071 -8.642926 3.849649 -0.040194 
691 2.089321 0.000000 -0.136077 99.657725 -7.958728 -0.083023 0.000499 
692 2.113744 0.000000 -0.113397 107.350299 -8.762424 11.060814 -0.172321 
693 2.089321 0.000000 -0.090718 105.085319 -8.424700 5.205995 -0.114100 
694 2.064897 0.000000 0.045359 99.678656 -10.116855 -0.224076 -0.003824 
695 2.016050 0.000000 0.045359 99.984999 -10.576125 -2.387356 -0.011455 
696 2.113744 0.000000 0.045359 84.628306 0.466227 -3.413217 0.282618 
697 2.211438 0.000000 0.272154 98.813655 -7.108352 -1.092162 0.018414 
698 2.309132 0.000000 0.272154 98.837635 -7.065740 -0.072618 0.018119 
699 2.211438 0.000000 0.362872 99.501445 -7.538903 -0.571899 0.004230 
700 2.162591 0.000000 0.136077 99.697037 -7.444401 -7.902190 -0.005736 
701 2.162591 0.000000 0.090718 100.150970 -9.533083 -15.670584 -0.036666 
702 2.211438 0.000000 0.136077 94.790157 -6.858205 -5.966521 0.093219 
703 2.162591 0.000000 0.181436 99.492665 -6.664329 -3.778913 0.004252 
704 2.089321 0.000000 0.113397 106.071455 -8.941748 -5.574706 -0.136219 
705 2.064897 0.000000 0.113397 101.871239 -9.231133 -4.517979 -0.048338 
706 2.089321 0.000000 0.090718 105.783643 -8.994191 -5.344615 -0.129964 
707 2.113744 0.000000 0.113397 108.441567 -9.361498 -11.192516 -0.197248 
708 2.089321 0.000000 0.136077 99.503783 -8.564181 -0.020482 0.002565 
709 2.162591 0.000000 -0.045359 101.745874 0.014504 7.473711 -0.040808 
710 2.211438 0.000000 -0.045359 129.317842 -0.745563 10.018489 -0.682403 
711 2.162591 0.000000 0.000000 103.309047 -0.101137 -0.041825 -0.067277 
712 2.138168 0.000000 -0.113397 102.980479 -8.833858 15.182508 -0.091352 
713 2.138168 0.000000 -0.136077 101.664733 -6.919311 7.263289 -0.043635 
714 2.162591 0.000000 -0.113397 99.350618 -7.775841 11.212802 -0.005674 
715 2.138168 0.000000 -0.090718 102.617631 -8.840095 15.128182 -0.083739 
716 2.089321 0.000000 -0.068038 99.657400 -7.960695 -0.083530 0.000502 
717 2.064897 0.000000 -0.068038 99.277857 -11.242252 -1.145985 0.001621 
718 2.113744 0.000000 -0.068038 82.425769 0.604887 5.498992 0.317539 
719 2.089321 0.000000 -0.045359 81.142752 0.479140 1.551997 0.341322 
720 2.101533 0.000000 -0.102058 107.835851 -8.620071 7.924993 -0.176568 
721 2.089321 0.000000 -0.102058 106.390447 -8.460544 5.922056 -0.142558 
722 2.101533 0.000000 -0.113397 108.034277 -8.616975 7.409533 -0.180056 
723 2.113744 0.000000 -0.102058 107.266982 -8.772265 11.654933 -0.171900 
724 2.101533 0.000000 -0.090718 108.135095 -8.653701 7.985167 -0.183185 
725 2.162591 0.000000 0.045359 101.472516 0.149784 -7.505060 -0.035302 
726 2.211438 0.000000 0.045359 128.739057 -0.786044 -10.252133 -0.667947 
727 2.089321 0.000000 0.068038 99.503369 -8.568174 -0.020719 0.002567 
728 2.064897 0.000000 0.068038 99.233635 -12.702913 -1.867615 -0.001217 
729 2.089321 0.000000 0.045359 80.629366 0.472647 -1.183096 0.349728 
730 2.113744 0.000000 0.068038 81.885037 0.649032 -5.367882 0.326561 
731 2.138168 0.000000 0.113397 103.935230 -9.570120 -15.345774 -0.112961 
732 2.138168 0.000000 0.090718 103.553279 -9.579629 -15.289143 -0.104881 
733 2.162591 0.000000 0.113397 100.145307 -8.607141 -11.567177 -0.023696 
734 2.138168 0.000000 0.136077 102.301351 -7.583382 -7.651243 -0.058162 
735 2.101533 0.000000 0.102058 108.884632 -9.118115 -8.021666 -0.200335 
736 2.089321 0.000000 0.102058 107.249766 -8.953595 -6.026743 -0.161900 
737 2.101533 0.000000 0.090718 109.205873 -9.161834 -8.083227 -0.207520 
738 2.113744 0.000000 0.102058 108.361412 -9.378535 -11.793235 -0.196923 
739 2.101533 0.000000 0.113397 109.075952 -9.109311 -7.501500 -0.203682 
740 2.138168 0.000000 -0.068038 90.099812 0.405864 8.676771 0.180657 
741 2.162591 0.000000 -0.068038 99.609568 0.158518 11.252402 -0.004871 
742 2.138168 0.000000 -0.045359 91.963143 0.260657 5.713808 0.151006 
743 2.125956 0.000000 -0.102058 104.204054 -8.805901 15.079616 -0.116342 
744 2.125956 0.000000 -0.113397 105.060944 -8.806227 14.334100 -0.132082 
745 2.138168 0.000000 -0.102058 102.762182 -8.837891 15.149797 -0.086769 
746 2.125956 0.000000 -0.090718 104.942118 -8.807296 14.415472 -0.129822 
747 2.138168 0.000000 0.068038 89.678544 0.487154 -8.624204 0.188314 
748 2.138168 0.000000 0.045359 91.717358 0.342036 -5.641475 0.155598 
749 2.162591 0.000000 0.068038 99.179403 0.185286 -11.288521 0.003598 
750 2.125956 0.000000 0.102058 105.220604 -9.533163 -15.247534 -0.139474 
751 2.125956 0.000000 0.090718 105.976405 -9.502349 -14.577823 -0.153381 
752 2.138168 0.000000 0.102058 103.705318 -9.575853 -15.311660 -0.108094 
753 2.125956 0.000000 0.113397 106.099277 -9.497946 -14.495948 -0.155740 
754 2.406827 0.000000 -0.090718 101.533151 -4.990995 -4.635679 -0.035538 
755 2.406827 0.000000 -0.181436 99.756819 -5.013278 -2.123825 0.001893 
756 2.504521 0.000000 -0.090718 100.315434 -4.799491 -3.429431 -0.009798 
757 2.406827 0.000000 0.000000 103.486748 -6.214596 -1.125953 -0.074940 
758 2.260285 0.000000 -0.136077 91.609571 -5.359639 -1.651858 0.157623 
759 2.260285 0.000000 -0.181436 96.023274 -5.638544 -0.499426 0.074749 
760 2.309132 0.000000 -0.136077 97.256255 -4.843305 -6.150074 0.047994 
761 2.260285 0.000000 -0.090718 75.295402 -7.853486 12.374564 0.411580 
762 2.187015 0.000000 -0.113397 95.940921 -7.298512 10.989454 0.062130 
763 2.187015 0.000000 -0.136077 96.564115 -6.468752 6.809188 0.058716 
764 2.211438 0.000000 -0.113397 91.369932 -6.814080 9.010062 0.152392 
765 2.187015 0.000000 -0.090718 93.282873 -8.582510 16.980914 0.093629 
766 2.150380 0.000000 -0.102058 101.625054 -8.842383 14.979822 -0.063023 
767 2.150380 0.000000 -0.113397 102.015573 -8.849462 15.038140 -0.071164 
768 2.162591 0.000000 -0.102058 99.294509 -8.774084 15.648401 -0.018126 
769 2.150380 0.000000 -0.090718 100.940206 -8.822210 15.168563 -0.049684 
770 2.406827 0.000000 0.090718 101.660094 -5.404766 2.445993 -0.036997 
771 2.504521 0.000000 0.090718 100.390585 -5.111829 1.278671 -0.010604 
772 2.406827 0.000000 0.181436 99.868518 -5.784315 1.007895 -0.000820 
773 2.260285 0.000000 0.136077 92.398014 -6.080121 0.546672 0.142534 
774 2.260285 0.000000 0.090718 76.999548 -8.587719 -12.687405 0.383635 
775 2.309132 0.000000 0.136077 97.697790 -5.585117 4.676228 0.040208 
776 2.260285 0.000000 0.181436 96.461072 -6.258306 -0.332992 0.065598 
777 2.187015 0.000000 0.113397 96.705845 -8.133233 -11.463991 0.045041 
778 2.187015 0.000000 0.090718 94.285646 -9.328144 -17.191457 0.072766 
779 2.211438 0.000000 0.113397 92.217603 -7.646034 -9.612952 0.134504 
780 2.187015 0.000000 0.136077 97.243889 -7.223441 -7.373001 0.043709 
781 2.150380 0.000000 0.102058 102.525281 -9.591630 -15.136592 -0.083255 
782 2.150380 0.000000 0.090718 101.850026 -9.575257 -15.329992 -0.070012 
783 2.162591 0.000000 0.102058 100.222465 -9.538099 -15.820856 -0.038582 
784 2.150380 0.000000 0.113397 102.919953 -9.595363 -15.195328 -0.091549 
785 2.260285 0.000000 -0.045359 159.766673 -3.235413 0.736613 -1.553640 
786 2.309132 0.000000 -0.045359 123.727777 -5.790185 -12.808784 -0.550615 
787 2.260285 0.000000 0.000000 147.638169 -3.373060 -0.651387 -1.180883 
788 2.187015 0.000000 -0.068038 112.118575 -0.118866 14.253676 -0.277376 
789 2.211438 0.000000 -0.068038 129.206858 -0.472337 16.717428 -0.697411 
790 2.187015 0.000000 -0.045359 114.227939 -0.303042 9.144224 -0.313173 
791 2.174803 0.000000 -0.102058 96.160800 -8.672339 16.503144 0.040554 
792 2.174803 0.000000 -0.113397 97.783180 -7.537131 11.326779 0.025335 
793 2.187015 0.000000 -0.102058 93.302065 -8.584285 16.984289 0.093257 
794 2.174803 0.000000 -0.090718 95.774220 -8.658647 16.619309 0.047613 
795 2.260285 0.000000 0.045359 158.361770 -3.257030 -1.924312 -1.509276 
796 2.309132 0.000000 0.045359 123.502002 -5.874554 10.466367 -0.539680 
797 2.187015 0.000000 0.068038 111.600684 -0.112342 -14.325479 -0.265994 
798 2.187015 0.000000 0.045359 113.770720 -0.269788 -9.301649 -0.303037 
799 2.211438 0.000000 0.068038 128.475441 -0.509761 -16.863275 -0.679057 
800 2.174803 0.000000 0.102058 97.132278 -9.445385 -16.697486 0.019730 
801 2.174803 0.000000 0.090718 96.751094 -9.434040 -16.816503 0.026743 
802 2.187015 0.000000 0.102058 94.305165 -9.338093 -17.194862 0.072367 
803 2.174803 0.000000 0.113397 98.588841 -8.372137 -11.758926 0.007188 
804 2.235862 0.000000 -0.068038 78.188453 -7.896906 12.855944 0.365893 
805 2.235862 0.000000 -0.090718 79.169377 -7.931061 13.017698 0.349985 
806 2.260285 0.000000 -0.068038 74.085555 -7.825788 12.172832 0.430191 
807 2.235862 0.000000 -0.045359 145.375831 -1.667661 8.700880 -1.121262 
808 2.235862 0.000000 -0.113397 88.064366 -6.201948 4.696445 0.218415 
809 2.235862 0.000000 -0.136077 92.139444 -5.755064 2.419566 0.147135 
810 2.260285 0.000000 -0.113397 85.355569 -5.568277 -2.368478 0.267781 
811 2.223650 0.000000 -0.079378 83.999211 -8.137657 14.386712 0.267093 
812 2.211438 0.000000 -0.079378 89.173922 -8.386246 16.031249 0.172068 
813 2.223650 0.000000 -0.090718 83.994080 -8.132020 14.283859 0.267484 
814 2.235862 0.000000 -0.079378 79.049052 -7.926760 12.997863 0.351947 
815 2.223650 0.000000 -0.068038 138.417083 -0.823612 15.714966 -0.940693 
816 2.235862 0.000000 0.068038 79.740968 -8.639541 -13.141562 0.339404 
817 2.235862 0.000000 0.045359 144.498258 -1.684407 -9.271227 -1.096854 
818 2.260285 0.000000 0.068038 75.852006 -8.596131 -12.496207 0.401642 
819 2.235862 0.000000 0.090718 80.665289 -8.683609 -13.293966 0.324098 
820 2.235862 0.000000 0.113397 89.054153 -7.007094 -5.540512 0.198956 
821 2.260285 0.000000 0.113397 86.484066 -6.334483 1.095561 0.247918 
822 2.235862 0.000000 0.136077 92.916735 -6.496477 -3.274912 0.131355 
823 2.223650 0.000000 0.079378 85.269994 -8.875874 -14.633324 0.243611 
824 2.211438 0.000000 0.079378 90.250965 -9.078546 -16.254252 0.150814 
825 2.223650 0.000000 0.068038 137.505386 -0.861756 -15.938977 -0.916252 
826 2.235862 0.000000 0.079378 80.551759 -8.678840 -13.275247 0.325986 
827 2.223650 0.000000 0.090718 85.257506 -8.872548 -14.527962 0.244137 
828 2.357979 0.000000 -0.045359 107.439945 -6.012185 -5.077713 -0.160527 
829 2.357979 0.000000 -0.090718 103.269339 -4.946515 -6.703939 -0.073397 
830 2.406827 0.000000 -0.045359 102.939084 -6.109384 -3.183370 -0.064391 
831 2.357979 0.000000 0.000000 109.104355 -6.088998 -1.113912 -0.194208 
832 2.284709 0.000000 -0.068038 144.958240 -5.103332 -43.067629 -1.289376 
833 2.284709 0.000000 -0.090718 89.178890 -5.206853 -30.550924 0.108666 
834 2.309132 0.000000 -0.068038 115.168205 -5.550071 -18.230747 -0.362688 
835 2.284709 0.000000 -0.045359 147.244324 -4.945525 -15.271396 -1.193856 
836 2.248074 0.000000 -0.079378 76.737029 -7.864453 12.615280 0.389043 
837 2.248074 0.000000 -0.090718 77.000835 -7.871188 12.658956 0.384867 
838 2.260285 0.000000 -0.079378 74.551680 -7.842566 12.250374 0.423047 
839 2.248074 0.000000 -0.068038 76.227074 -7.856446 12.530455 0.397070 
840 2.357979 0.000000 0.045359 107.497223 -6.124154 2.876351 -0.160143 
841 2.406827 0.000000 0.045359 103.003858 -6.224636 0.996560 -0.064953 
842 2.357979 0.000000 0.090718 103.488766 -5.379587 4.499650 -0.075911 
843 2.284709 0.000000 0.068038 143.776405 -5.310847 39.529992 -1.226248 
844 2.284709 0.000000 0.045359 146.274387 -5.006333 13.087992 -1.159256 
845 2.309132 0.000000 0.068038 115.134257 -5.778406 15.658810 -0.353449 
846 2.284709 0.000000 0.090718 90.273697 -5.821265 27.638723 0.105287 
847 2.248074 0.000000 0.079378 78.370929 -8.588057 -12.915042 0.361744 
848 2.248074 0.000000 0.068038 77.887878 -8.578077 -12.835032 0.369516 
849 2.260285 0.000000 0.079378 76.292585 -8.593942 -12.569741 0.394759 
850 2.248074 0.000000 0.090718 78.619527 -8.599412 -12.956109 0.357716 
851 5.044566 0.000000 -0.725744 99.742172 -7.138047 -0.200492 0.000051 
852 5.044566 0.000000 -1.451487 99.750946 -7.021524 -0.046778 0.000044 
853 5.826119 0.000000 -0.725744 99.745501 -7.121902 -0.218134 0.000007 
854 5.044566 0.000000 0.000000 99.952398 -4.127381 -2.688986 -0.001475 
855 3.872238 0.000000 -0.362872 99.734296 -7.165264 0.117209 0.000172 
856 3.872238 0.000000 -0.725744 99.735295 -7.172088 -0.168846 0.000140 
857 4.263014 0.000000 -0.362872 99.723407 -7.361937 0.164499 0.000102 
858 3.872238 0.000000 0.000000 99.777914 -6.533503 -1.726263 -0.000130 
859 5.044566 0.000000 0.725744 99.722975 -7.411451 0.104450 0.000039 
860 5.826119 0.000000 0.725744 99.726119 -7.399424 0.150308 -0.000007 
861 5.044566 0.000000 1.451487 99.743669 -7.124369 0.010445 0.000044 
862 3.872238 0.000000 0.362872 99.682917 -7.899694 -0.429576 0.000073 
863 4.263014 0.000000 0.362872 99.670096 -8.124085 -0.383994 -0.000028 
864 3.872238 0.000000 0.725744 99.717530 -7.426353 0.029653 0.000126 
865 3.676849 0.000000 -0.181436 99.956651 -3.930844 0.650512 -0.000721 
866 3.481461 0.000000 -0.181436 99.948186 -3.985406 0.257955 -0.000559 
867 3.676849 0.000000 -0.362872 99.736612 -7.088469 0.067763 0.000236 
868 3.872238 0.000000 -0.181436 99.961854 -3.905135 1.032165 -0.000869 
869 3.676849 0.000000 0.000000 99.779194 -6.465118 -1.761754 -0.000079 
870 4.653790 0.000000 -0.362872 99.708599 -7.597911 0.105001 0.000046 
871 4.653790 0.000000 -0.725744 99.740306 -7.149867 -0.190616 0.000071 
872 5.044566 0.000000 -0.362872 99.695982 -7.795393 -0.087118 -0.000006 
873 4.653790 0.000000 0.000000 99.845545 -5.637190 -2.176710 -0.000565 
874 4.067626 0.000000 -0.181436 99.964838 -3.891745 1.396548 -0.001006 
875 4.067626 0.000000 -0.362872 99.729648 -7.258621 0.151045 0.000129 
876 4.263014 0.000000 -0.181436 99.967022 -3.879867 1.738645 -0.001148 
877 4.067626 0.000000 0.000000 99.794365 -6.328431 -1.855052 -0.000241 
878 3.676849 0.000000 0.181436 99.858873 -5.330676 -1.443476 -0.000229 
879 3.481461 0.000000 0.181436 99.854428 -5.340316 -1.165398 -0.000078 
880 3.872238 0.000000 0.181436 99.862443 -5.326741 -1.718013 -0.000383 
881 3.676849 0.000000 0.362872 99.686674 -7.803792 -0.420615 0.000149 
882 3.774543 0.000000 -0.090718 100.111773 -1.734913 1.961903 -0.002923 
883 3.676849 0.000000 -0.090718 100.023636 -2.970073 -0.342047 -0.001367 
884 3.774543 0.000000 -0.181436 99.960053 -3.915286 0.848957 -0.000806 
885 3.872238 0.000000 -0.090718 100.010933 -3.201753 1.800731 -0.001568 
886 3.774543 0.000000 0.000000 99.773243 -6.572854 -1.803893 -0.000116 
887 4.653790 0.000000 0.362872 99.655458 -8.356992 -0.221095 -0.000110 
888 5.044566 0.000000 0.362872 99.645573 -8.515870 0.067224 -0.000176 
889 4.653790 0.000000 0.725744 99.721425 -7.418568 0.079986 0.000060 
890 4.067626 0.000000 0.181436 99.864540 -5.326187 -1.981010 -0.000522 
891 4.263014 0.000000 0.181436 99.865826 -5.322378 -2.221991 -0.000645 
892 4.067626 0.000000 0.362872 99.677211 -8.008794 -0.419481 0.000014 
893 3.969932 0.000000 -0.090718 100.014968 -3.161650 0.745398 -0.001355 
894 3.969932 0.000000 -0.181436 99.963542 -3.898157 1.216473 -0.000939 
895 4.067626 0.000000 -0.090718 100.135912 -1.444525 0.372379 -0.002943 
896 3.969932 0.000000 0.000000 99.787876 -6.408818 -1.775417 -0.000185 
897 3.774543 0.000000 0.090718 99.975348 -3.685985 -2.142989 -0.001325 
898 3.676849 0.000000 0.090718 99.976615 -3.643449 -2.157176 -0.001325 
899 3.872238 0.000000 0.090718 99.967178 -3.827455 -2.153536 -0.001272 
900 3.774543 0.000000 0.181436 99.861307 -5.327785 -1.587216 -0.000319 
901 3.823390 0.000000 -0.045359 99.829792 -5.783374 -2.598663 -0.000619 
902 3.774543 0.000000 -0.045359 99.817171 -5.944950 -2.764848 -0.000645 
903 3.823390 0.000000 -0.090718 100.045987 -2.692034 2.214047 -0.002135 
904 3.872238 0.000000 -0.045359 99.857711 -5.392600 -2.443605 -0.000661 
905 3.823390 0.000000 0.000000 99.773691 -6.585420 -1.758294 -0.000125 
906 3.286073 0.000000 -0.181436 99.929430 -4.086077 -0.129666 -0.000260 
907 3.090685 0.000000 -0.181436 99.885119 -4.211625 -0.456061 0.000502 
908 3.286073 0.000000 -0.362872 99.733791 -6.988636 -0.057547 0.000433 
909 3.286073 0.000000 0.000000 99.776103 -6.307546 -1.293890 0.000327 
910 3.579155 0.000000 -0.090718 99.860227 -5.278684 0.496512 -0.000018 
911 3.481461 0.000000 -0.090718 99.720438 -7.235252 1.461970 0.000135 
912 3.579155 0.000000 -0.181436 99.953212 -3.953202 0.454829 -0.000648 
913 3.579155 0.000000 0.000000 99.781399 -6.405443 -1.635586 -0.000003 
914 3.725696 0.000000 -0.045359 99.833449 -5.701454 -3.233896 -0.000968 
915 3.676849 0.000000 -0.045359 99.940977 -4.151918 -4.486573 -0.002557 
916 3.725696 0.000000 -0.090718 100.122182 -1.572846 0.482122 -0.002716 
917 3.725696 0.000000 0.000000 99.776389 -6.517199 -1.804426 -0.000106 
918 3.969932 0.000000 0.090718 99.981714 -3.637291 -1.889664 -0.001314 
919 4.067626 0.000000 0.090718 99.996013 -3.445173 -3.165958 -0.002110 
920 3.969932 0.000000 0.181436 99.863659 -5.326752 -1.851598 -0.000455 
921 3.823390 0.000000 0.045359 99.731854 -7.183870 -2.235949 -0.000305 
922 3.774543 0.000000 0.045359 99.724916 -7.264149 -2.156785 -0.000248 
923 3.872238 0.000000 0.045359 99.738134 -7.102497 -2.303850 -0.000345 
924 3.823390 0.000000 0.090718 99.972626 -3.741209 -2.173543 -0.001325 
925 3.798967 0.000000 -0.022679 99.821479 -5.897554 -1.868087 -0.000260 
926 3.774543 0.000000 -0.022679 99.821885 -5.877335 -1.857400 -0.000240 
927 3.798967 0.000000 -0.045359 99.821063 -5.903670 -2.673744 -0.000625 
928 3.823390 0.000000 -0.022679 99.819970 -5.923678 -1.872526 -0.000262 
929 3.798967 0.000000 0.000000 99.773192 -6.588021 -1.784112 -0.000128 
930 3.921085 0.000000 -0.045359 99.888226 -4.967571 -2.149794 -0.000696 
931 3.921085 0.000000 -0.090718 100.003247 -3.322983 1.277311 -0.001332 
932 3.969932 0.000000 -0.045359 99.901895 -4.778437 -1.712917 -0.000616 
933 3.921085 0.000000 0.000000 99.783375 -6.466757 -1.738969 -0.000156 
934 4.458402 0.000000 -0.181436 99.968884 -3.861507 2.067881 -0.001297 
935 4.458402 0.000000 -0.362872 99.715960 -7.480577 0.150636 0.000075 
936 4.653790 0.000000 -0.181436 99.970680 -3.848415 2.360685 -0.001452 
937 4.458402 0.000000 0.000000 99.821162 -5.973079 -2.063422 -0.000420 
938 4.458402 0.000000 0.181436 99.866544 -5.324458 -2.425286 -0.000756 
939 4.653790 0.000000 0.181436 99.866962 -5.331138 -2.568146 -0.000843 
940 4.458402 0.000000 0.362872 99.662445 -8.244812 -0.319053 -0.000068 
941 4.360708 0.000000 -0.090718 99.961811 -3.955767 1.864438 -0.001149 
942 4.263014 0.000000 -0.090718 100.008361 -3.290182 1.350334 -0.001432 
943 4.360708 0.000000 -0.181436 99.968291 -3.863612 1.908637 -0.001223 
944 4.458402 0.000000 -0.090718 100.035397 -2.909826 1.867128 -0.001903 
945 4.360708 0.000000 0.000000 99.813021 -6.083270 -2.018135 -0.000372 
946 8.952329 0.000000 -1.451487 99.754730 -6.995995 -0.061502 0.000005 
947 8.952329 0.000000 -2.902975 99.756105 -6.976526 -0.011411 0.000005 
948 10.515434 0.000000 -1.451487 99.755549 -6.985653 -0.062843 0.000003 
949 8.952329 0.000000 0.000000 99.836272 -5.830135 0.458073 -0.000148 
950 6.607671 0.000000 -0.725744 99.748261 -7.082661 -0.231416 0.000007 
951 6.607671 0.000000 -1.451487 99.753260 -7.011501 -0.055216 0.000012 
952 7.389224 0.000000 -0.725744 99.750655 -7.051390 -0.239208 0.000003 
953 6.607671 0.000000 0.000000 99.904012 -4.855631 1.377024 -0.000628 
954 5.435343 0.000000 -0.362872 99.691409 -7.871010 -0.375274 -0.000047 
955 5.435343 0.000000 -0.725744 99.743718 -7.124994 -0.209559 0.000038 
956 5.826119 0.000000 -0.362872 99.697926 -7.801722 -0.659989 -0.000098 
957 5.435343 0.000000 0.000000 100.000557 -3.449229 3.969744 -0.002777 
958 4.849178 0.000000 -0.181436 99.970616 -3.859285 2.605330 -0.001581 
959 4.849178 0.000000 -0.362872 99.701644 -7.706901 0.025139 0.000019 
960 5.044566 0.000000 -0.181436 99.966032 -3.932782 2.780260 -0.001640 
961 4.849178 0.000000 0.000000 99.885434 -5.076914 -2.356168 -0.000843 
962 8.952329 0.000000 1.451487 99.746951 -7.108157 0.050929 0.000002 
963 10.515434 0.000000 1.451487 99.747798 -7.097048 0.062714 0.000000 
964 8.952329 0.000000 2.902975 99.752888 -7.024193 0.005864 0.000002 
965 6.607671 0.000000 0.725744 99.728897 -7.360972 0.191317 -0.000007 
966 7.389224 0.000000 0.725744 99.731567 -7.325332 0.225282 -0.000010 
967 6.607671 0.000000 1.451487 99.745816 -7.120629 0.028244 0.000007 
968 5.435343 0.000000 0.362872 99.645512 -8.527134 0.417603 -0.000211 
969 5.826119 0.000000 0.362872 99.656183 -8.398847 0.726421 -0.000242 
970 5.435343 0.000000 0.725744 99.724340 -7.401580 0.127867 0.000026 
971 5.239954 0.000000 0.181436 99.912333 -4.706824 -2.828128 -0.001263 
972 5.044566 0.000000 0.181436 99.858713 -5.467278 -2.664202 -0.000875 
973 5.239954 0.000000 0.000000 100.224400 -0.244063 -3.648184 -0.005830 
974 5.435343 0.000000 0.181436 100.027037 -3.070587 3.129551 -0.002463 
975 5.239954 0.000000 0.362872 99.644151 -8.542508 0.241189 -0.000199 
976 2.895297 0.000000 -0.181436 99.862144 -4.419993 -0.699922 0.000753 
977 2.895297 0.000000 -0.362872 99.712598 -6.970255 -0.215233 0.000877 
978 2.895297 0.000000 0.000000 99.798700 -6.122276 -1.082479 0.000157 
979 3.286073 0.000000 0.181436 99.845359 -5.367932 -0.888617 0.000130 
980 3.090685 0.000000 0.181436 99.837581 -5.372581 -0.653907 0.000317 
981 3.286073 0.000000 0.362872 99.689511 -7.653776 -0.363970 0.000329 
982 3.188379 0.000000 -0.090718 99.596890 -8.875445 -4.971874 -0.002303 
983 3.090685 0.000000 -0.090718 99.683529 -7.152280 -5.294334 -0.001599 
984 3.188379 0.000000 -0.181436 99.907799 -4.136880 -0.316484 0.000122 
985 3.286073 0.000000 -0.090718 99.416634 -11.411496 -2.711250 -0.002124 
986 3.188379 0.000000 0.000000 99.787793 -6.238904 -1.221574 0.000198 
987 4.165320 0.000000 -0.090718 100.069861 -2.401469 2.169841 -0.002445 
988 4.165320 0.000000 -0.181436 99.965836 -3.887433 1.567389 -0.001074 
989 4.165320 0.000000 0.000000 99.800037 -6.261999 -1.925029 -0.000297 
990 4.165320 0.000000 0.090718 99.883452 -5.071711 -3.116156 -0.001214 
991 4.263014 0.000000 0.090718 99.846911 -5.603098 -3.248705 -0.001135 
992 4.165320 0.000000 0.181436 99.865703 -5.328510 -2.109868 -0.000600 
993 4.116473 0.000000 -0.045359 99.968971 -3.834563 -1.462584 -0.001064 
994 4.067626 0.000000 -0.045359 99.919369 -4.540976 -1.866462 -0.000798 
995 4.116473 0.000000 -0.090718 100.146296 -1.298253 1.909971 -0.003461 
996 4.165320 0.000000 -0.045359 99.946993 -4.159453 -1.043984 -0.000779 
997 4.116473 0.000000 0.000000 99.797047 -6.293744 -1.891753 -0.000264 
998 4.556096 0.000000 -0.090718 100.062343 -2.531185 1.535667 -0.002124 
999 4.556096 0.000000 -0.181436 99.969903 -3.853538 2.219030 -0.001376 
1000 4.653790 0.000000 -0.090718 100.079718 -2.288780 1.320195 -0.002293 
1001 4.556096 0.000000 0.000000 99.831936 -5.825726 -2.114426 -0.000483 
1002 4.849178 0.000000 0.181436 99.865866 -5.356967 -2.638447 -0.000885 
1003 4.849178 0.000000 0.362872 99.649545 -8.451414 -0.090406 -0.000147 
1004 4.751484 0.000000 -0.090718 100.092835 -2.106537 1.152707 -0.002434 
1005 4.751484 0.000000 -0.181436 99.971013 -3.848902 2.490264 -0.001522 
1006 4.849178 0.000000 -0.090718 100.102041 -1.979636 1.013589 -0.002537 
1007 4.751484 0.000000 0.000000 99.862979 -5.393264 -2.255715 -0.000679 
1008 5.239954 0.000000 -0.181436 99.951946 -4.140515 2.877406 -0.001581 
1009 5.239954 0.000000 -0.362872 99.692392 -7.853014 -0.224705 -0.000029 
1010 5.435343 0.000000 -0.181436 99.989314 -3.610210 2.064821 -0.001516 
1011 4.946872 0.000000 -0.090718 100.107634 -1.903896 0.898445 -0.002597 
1012 4.946872 0.000000 -0.181436 99.969102 -3.885125 2.703008 -0.001622 
1013 5.044566 0.000000 -0.090718 100.110008 -1.873738 0.803470 -0.002617 
1014 4.946872 0.000000 0.000000 99.914325 -4.668023 -2.486646 -0.001085 
1015 5.142260 0.000000 -0.090718 100.109506 -1.884144 0.724376 -0.002599 
1016 5.142260 0.000000 -0.181436 99.960939 -4.008845 2.836640 -0.001631 
1017 5.239954 0.000000 -0.090718 100.106463 -1.930773 0.657247 -0.002546 
1018 5.142260 0.000000 0.000000 100.015074 -3.234308 -3.135210 -0.002331 
1019 6.216895 0.000000 -0.362872 99.711253 -7.611579 -0.858370 -0.000101 
1020 6.216895 0.000000 -0.725744 99.746763 -7.103575 -0.225781 0.000007 
1021 6.607671 0.000000 -0.362872 99.726972 -7.387105 -0.950511 -0.000094 
1022 6.216895 0.000000 0.000000 99.913339 -4.722129 1.881740 -0.000851 
1023 5.630731 0.000000 -0.181436 100.180965 -0.874138 -3.743733 -0.005101 
1024 5.630731 0.000000 -0.362872 99.693259 -7.849013 -0.524420 -0.000063 
1025 5.826119 0.000000 -0.181436 100.089121 -2.207344 -3.102608 -0.003233 
1026 5.630731 0.000000 0.000000 99.911386 -4.729021 3.332343 -0.001575 
1027 5.337648 0.000000 -0.090718 100.101207 -2.008716 0.598243 -0.002464 
1028 5.337648 0.000000 -0.181436 99.934687 -4.389708 2.736360 -0.001370 
1029 5.435343 0.000000 -0.090718 100.094029 -2.112665 0.544481 -0.002357 
1030 5.337648 0.000000 0.000000 100.313020 1.020359 3.668981 -0.007720 
1031 5.826119 0.000000 -4.354462 99.756073 -6.973861 -0.003489 0.000009 
1032 5.826119 0.000000 -5.805950 99.756316 -6.972746 -0.001686 0.000006 
1033 7.389224 0.000000 -4.354462 99.756284 -6.973010 -0.003814 0.000006 
1034 5.044566 0.000000 -2.177231 99.753778 -6.990563 -0.017012 0.000032 
1035 4.263014 0.000000 -2.177231 99.753122 -6.993708 -0.014403 0.000040 
1036 5.044566 0.000000 -2.902975 99.755118 -6.989921 -0.008419 0.000006 
1037 5.826119 0.000000 -2.177231 99.755130 -6.995563 -0.018143 -0.000002 
1038 5.435343 0.000000 -1.088616 99.748927 -7.053491 -0.095051 0.000039 
1039 5.044566 0.000000 -1.088616 99.747950 -7.058010 -0.090837 0.000052 
1040 5.435343 0.000000 -1.451487 99.751602 -7.018728 -0.049071 0.000035 
1041 5.826119 0.000000 -1.088616 99.750023 -7.058069 -0.099120 0.000011 
1042 5.630731 0.000000 -0.544308 99.737968 -7.210333 -0.321445 0.000025 
1043 5.435343 0.000000 -0.544308 99.737070 -7.218930 -0.308600 0.000031 
1044 5.630731 0.000000 -0.725744 99.744452 -7.118495 -0.213798 0.000033 
1045 5.826119 0.000000 -0.544308 99.739295 -7.210341 -0.334464 -0.000003 
1046 6.216895 0.000000 0.362872 99.672126 -8.172374 0.932413 -0.000219 
1047 6.607671 0.000000 0.362872 99.689137 -7.928891 1.035830 -0.000186 
1048 6.216895 0.000000 0.725744 99.727487 -7.381688 0.171177 -0.000009 
1049 6.021507 0.000000 -0.181436 100.032726 -3.015266 -2.908898 -0.002410 
1050 6.021507 0.000000 -0.362872 99.704000 -7.716301 -0.772336 -0.000103 
1051 6.216895 0.000000 -0.181436 99.989088 -3.638591 -2.615909 -0.001790 
1052 6.021507 0.000000 0.000000 99.916162 -4.682195 2.265562 -0.001030 
1053 5.728425 0.000000 -0.272154 99.562935 -9.714412 -2.912003 -0.001563 
1054 5.630731 0.000000 -0.272154 99.523960 -10.269838 -2.741461 -0.001800 
1055 5.728425 0.000000 -0.362872 99.695128 -7.824204 -0.594452 -0.000069 
1056 5.826119 0.000000 -0.272154 99.599745 -9.205682 -2.997847 -0.001384 
1057 5.728425 0.000000 -0.181436 100.117569 -1.782684 -3.205539 -0.003698 
1058 5.533037 0.000000 -0.272154 99.479804 -10.899184 -2.522084 -0.002138 
1059 5.435343 0.000000 -0.272154 99.416093 -11.807940 -2.185647 -0.002776 
1060 5.533037 0.000000 -0.362872 99.692003 -7.864869 -0.450835 -0.000055 
1061 5.533037 0.000000 -0.181436 100.353841 1.600044 0.656804 -0.007388 
1062 5.630731 0.000000 0.181436 100.000526 -3.454316 2.790617 -0.001983 
1063 5.826119 0.000000 0.181436 99.945754 -4.257521 2.896942 -0.001567 
1064 5.630731 0.000000 0.362872 99.649578 -8.473458 0.582697 -0.000218 
1065 5.533037 0.000000 -0.090718 100.085392 -2.238611 0.493673 -0.002234 
1066 5.630731 0.000000 -0.090718 100.075605 -2.380754 0.444659 -0.002099 
1067 5.533037 0.000000 0.000000 99.925447 -4.525747 3.536968 -0.001809 
1068 5.581884 0.000000 -0.226795 100.048180 -2.771910 0.876155 -0.001809 
1069 5.533037 0.000000 -0.226795 100.072743 -2.419531 1.335258 -0.002219 
1070 5.581884 0.000000 -0.272154 99.503095 -10.567194 -2.635925 -0.001948 
1071 5.630731 0.000000 -0.226795 99.993801 -3.550610 0.847547 -0.001209 
1072 5.581884 0.000000 -0.181436 100.318600 1.095089 -3.490107 -0.007720 
1073 2.895297 0.000000 0.181436 99.838295 -5.452174 -0.436710 0.000240 
1074 2.895297 0.000000 0.362872 99.699427 -7.547474 -0.280095 0.000298 
1075 3.188379 0.000000 0.090718 100.096832 -1.761794 0.481638 -0.002271 
1076 3.090685 0.000000 0.090718 99.876188 -4.927996 0.113337 0.000045 
1077 3.286073 0.000000 0.090718 100.169142 -0.702658 -2.817611 -0.004229 
1078 3.188379 0.000000 0.181436 99.842259 -5.364547 -0.765519 0.000216 
1079 4.751484 0.000000 0.090718 99.861183 -5.419004 -1.781355 -0.000479 
1080 4.653790 0.000000 0.090718 99.863744 -5.376971 -2.072249 -0.000597 
1081 4.849178 0.000000 0.090718 99.857729 -5.473170 -1.489066 -0.000374 
1082 4.751484 0.000000 0.181436 99.866695 -5.340350 -2.611891 -0.000870 
1083 5.142260 0.000000 0.090718 99.847384 -5.632428 -0.594611 -0.000158 
1084 5.044566 0.000000 0.090718 99.850312 -5.587315 -0.894215 -0.000210 
1085 5.239954 0.000000 0.090718 99.845504 -5.662416 -0.300549 -0.000128 
1086 5.142260 0.000000 0.181436 99.854504 -5.530683 -2.545957 -0.000799 
1087 5.826119 0.000000 4.354462 99.754718 -6.999904 -0.001017 -0.000000 
1088 7.389224 0.000000 4.354462 99.754559 -7.001186 0.000116 0.000001 
1089 5.826119 0.000000 5.805950 99.755457 -6.990679 -0.000807 -0.000002 
1090 5.044566 0.000000 2.177231 99.749638 -7.050785 -0.000456 0.000030 
1091 4.263014 0.000000 2.177231 99.749078 -7.049396 -0.004320 0.000043 
1092 5.826119 0.000000 2.177231 99.751509 -7.056072 0.000976 -0.000015 
1093 5.044566 0.000000 2.902975 99.753089 -7.024920 -0.002377 -0.000003 
1094 5.435343 0.000000 1.088616 99.738000 -7.209020 0.042224 0.000036 
1095 5.044566 0.000000 1.088616 99.737167 -7.211251 0.032924 0.000049 
1096 5.826119 0.000000 1.088616 99.739110 -7.214655 0.051073 0.000006 
1097 5.435343 0.000000 1.451487 99.744217 -7.123523 0.015084 0.000035 
1098 5.239954 0.000000 0.544308 99.707433 -7.637687 0.197014 0.000005 
1099 5.044566 0.000000 0.544308 99.706666 -7.643289 0.170428 0.000013 
1100 5.435343 0.000000 0.544308 99.708316 -7.629690 0.223310 -0.000001 
1101 5.239954 0.000000 0.725744 99.723665 -7.406135 0.116206 0.000033 
1102 5.337648 0.000000 0.272154 99.379207 -12.333105 2.245339 -0.003337 
1103 5.239954 0.000000 0.272154 99.300297 -13.459701 1.481859 -0.004391 
1104 5.337648 0.000000 0.181436 100.779811 7.695838 0.486016 -0.021603 
1105 5.435343 0.000000 0.272154 99.433257 -11.562318 2.582858 -0.002733 
1106 5.337648 0.000000 0.362872 99.644475 -8.539607 0.329946 -0.000206 
1107 -8.241827 0.000000 -8.708925 99.756382 -6.975152 -0.000091 0.000001 
1108 -11.368037 0.000000 -8.708925 99.756397 -6.975299 -0.000063 0.000001 
1109 -8.241827 0.000000 -11.611899 99.756401 -6.975053 -0.000081 0.000001 
1110 10.515434 0.000000 -8.708925 99.756577 -6.971814 -0.000680 0.000002 
1111 10.515434 0.000000 -11.611899 99.756553 -6.972511 -0.000321 0.000001 
1112 13.641644 0.000000 -8.708925 99.756634 -6.971465 -0.000654 0.000001 
1113 -8.241827 0.000000 8.708925 99.756412 -6.976522 -0.000067 -0.000001 
1114 -11.368037 0.000000 8.708925 99.756403 -6.976218 -0.000052 -0.000001 
1115 -8.241827 0.000000 11.611899 99.756405 -6.976583 -0.000069 -0.000001 
1116 -3.552511 0.000000 -4.354462 99.756107 -6.975306 -0.000345 0.000006 
1117 -5.115617 0.000000 -4.354462 99.756234 -6.975339 -0.000192 0.000004 
1118 -3.552511 0.000000 -5.805950 99.756230 -6.975037 -0.000301 0.000004 
1119 10.515434 0.000000 8.708925 99.755761 -6.985117 0.000071 -0.000000 
1120 13.641644 0.000000 8.708925 99.755713 -6.985561 0.000433 -0.000000 
1121 10.515434 0.000000 11.611899 99.756005 -6.981835 -0.000030 -0.000001 
1122 -3.552511 0.000000 4.354462 99.756486 -6.977577 -0.000047 -0.000004 
1123 -5.115617 0.000000 4.354462 99.756421 -6.976897 -0.000052 -0.000002 
1124 -3.552511 0.000000 5.805950 99.756511 -6.977636 -0.000105 -0.000005 
1125 -1.207854 0.000000 -2.177231 99.756497 -6.969422 -0.004718 0.000007 
1126 -1.989406 0.000000 -2.177231 99.754541 -6.972969 -0.000495 0.000041 
1127 -1.207854 0.000000 -2.902975 99.759298 -6.972400 -0.006628 -0.000053 
1128 3.481461 0.000000 -2.177231 99.749474 -6.991292 -0.014987 0.000116 
1129 3.481461 0.000000 -2.902975 99.755480 -6.982905 -0.004901 0.000008 
1130 -1.207854 0.000000 2.177231 99.762096 -6.978688 0.007040 -0.000118 
1131 -1.989406 0.000000 2.177231 99.756275 -6.971765 0.000954 0.000008 
1132 -1.207854 0.000000 2.902975 99.760421 -6.975210 0.004891 -0.000080 
1133 -0.817078 0.000000 -1.088616 99.744959 -6.984638 -0.004201 0.000216 
1134 -1.207854 0.000000 -1.088616 99.748265 -6.984503 0.005275 0.000150 
1135 -0.817078 0.000000 -1.451487 99.754688 -6.983185 -0.011297 0.000024 
1136 3.481461 0.000000 2.177231 99.749418 -7.047064 -0.009105 0.000039 
1137 3.481461 0.000000 2.902975 99.753133 -7.015586 -0.006045 0.000009 
1138 -0.230913 0.000000 -0.544308 99.648785 -7.019756 0.058154 0.002084 
1139 -0.426301 0.000000 -0.544308 99.726846 -7.002294 0.045967 0.000552 
1140 -0.230913 0.000000 -0.725744 99.671029 -7.023007 0.004265 0.001636 
1141 0.941416 0.000000 -0.544308 99.727717 -7.229584 -0.025303 0.000211 
1142 0.941416 0.000000 -0.725744 99.729795 -7.110367 -0.030196 0.000341 
1143 -0.817078 0.000000 1.088616 99.747439 -6.986489 0.001682 0.000164 
1144 -1.207854 0.000000 1.088616 99.752649 -6.987616 0.000216 0.000058 
1145 -0.817078 0.000000 1.451487 99.757347 -6.985190 0.010639 -0.000032 
1146 -0.230913 0.000000 0.544308 99.662393 -7.030714 -0.052900 0.001797 
1147 -0.426301 0.000000 0.544308 99.740071 -7.011197 -0.031900 0.000276 
1148 -0.230913 0.000000 0.725744 99.693239 -7.023174 0.006533 0.001193 
1149 -0.133219 0.000000 -0.272154 99.724247 -7.169190 0.628416 0.000328 
1150 -0.230913 0.000000 -0.272154 99.855137 -6.991115 0.470048 -0.002014 
1151 -0.133219 0.000000 -0.362872 99.458806 -7.088642 0.292728 0.005761 
1152 0.941416 0.000000 0.544308 99.848641 -7.247565 -0.030350 -0.002228 
1153 0.941416 0.000000 0.725744 99.797843 -7.131030 -0.027326 -0.001046 
1154 -0.133219 0.000000 0.272154 99.713425 -7.214116 -0.652731 0.000476 
1155 -0.230913 0.000000 0.272154 99.854666 -6.958029 -0.469891 -0.001959 
1156 -0.133219 0.000000 0.362872 99.468839 -7.088382 -0.291001 0.005562 
1157 0.037745 0.000000 -0.113397 88.248416 -8.850766 -1.570433 0.213141 
1158 0.013322 0.000000 -0.113397 87.397867 -8.440449 4.883554 0.226652 
1159 0.037745 0.000000 -0.136077 92.506000 -8.281230 -0.589978 0.137371 
1160 0.648333 0.000000 -0.272154 101.222561 -11.198353 0.002419 -0.037141 
1161 0.648333 0.000000 -0.362872 99.804779 -7.535099 0.094025 -0.001778 
1162 0.746027 0.000000 -0.272154 102.182131 -10.296210 0.008149 -0.054720 
1163 0.648333 0.000000 0.272154 101.165885 -11.187376 0.008070 -0.035969 
1164 0.746027 0.000000 0.272154 102.052688 -10.306820 0.032912 -0.052098 
1165 0.648333 0.000000 0.362872 99.853674 -7.546260 -0.112977 -0.002772 
1166 0.037745 0.000000 0.113397 88.182958 -8.872199 1.561271 0.214261 
1167 0.013322 0.000000 0.113397 87.340709 -8.465723 -4.909454 0.227583 
1168 0.037745 0.000000 0.136077 92.456508 -8.301802 0.586637 0.138253 
1169 0.098804 0.000000 -0.079378 92.290276 -12.454704 -15.375251 0.109099 
1170 0.098804 0.000000 -0.090718 92.406316 -12.544373 -15.455601 0.106484 
1171 0.098804 0.000000 -0.068038 92.282534 -12.443536 -15.366404 0.109297 
1172 0.098804 0.000000 0.079378 92.222934 -12.412954 15.364520 0.110478 
1173 0.098804 0.000000 0.068038 92.216755 -12.398404 15.355870 0.110655 
1174 0.098804 0.000000 0.090718 92.318865 -12.555021 15.442561 0.108113 
1175 0.233134 0.000000 -0.068038 90.351737 -0.119089 -6.651167 0.179231 
1176 0.233134 0.000000 -0.045359 91.838574 -0.103216 -4.961640 0.154105 
1177 0.184287 0.000000 -0.113397 99.828836 -11.197351 -9.855118 -0.018830 
1178 0.184287 0.000000 -0.136077 99.323612 -9.900889 -7.708362 -0.002263 
1179 0.233134 0.000000 0.068038 90.386151 -0.103737 6.667247 0.178588 
1180 0.233134 0.000000 0.045359 91.855128 -0.097798 4.996157 0.153766 
1181 0.184287 0.000000 0.113397 99.787073 -11.170313 9.868583 -0.017962 
1182 0.184287 0.000000 0.136077 99.322724 -9.847766 7.708894 -0.002141 
1183 0.501792 0.000000 -0.045359 100.250021 -8.045200 -0.008018 -0.011479 
1184 0.550639 0.000000 -0.045359 101.184743 -6.760715 -0.012803 -0.028406 
1185 0.501792 0.000000 0.000000 101.177393 -6.540010 -0.012514 -0.027964 
1186 0.501792 0.000000 0.045359 100.236161 -8.040693 -0.008699 -0.011194 
1187 0.550639 0.000000 0.045359 101.172000 -6.759653 -0.009929 -0.028147 
1188 0.428522 0.000000 -0.068038 99.142666 -10.859538 0.002527 0.005280 
1189 0.452945 0.000000 -0.068038 99.269368 -9.357378 -0.002381 0.005803 
1190 0.428522 0.000000 -0.045359 99.294467 -11.615556 0.001397 0.000569 
1191 0.367463 0.000000 -0.102058 105.042871 -12.619647 -3.271260 -0.120396 
1192 0.367463 0.000000 -0.113397 105.075891 -12.629002 -2.764350 -0.120808 
1193 0.367463 0.000000 -0.090718 105.342620 -12.623409 -3.013118 -0.126550 
1194 0.428522 0.000000 0.068038 99.104966 -10.848449 0.001296 0.006052 
1195 0.428522 0.000000 0.045359 99.257783 -11.602688 0.001185 0.001327 
1196 0.452945 0.000000 0.068038 99.228638 -9.348770 -0.000876 0.006628 
1197 0.367463 0.000000 0.102058 105.120868 -12.617128 3.272695 -0.122030 
1198 0.367463 0.000000 0.090718 105.423540 -12.617795 3.014024 -0.128242 
1199 0.367463 0.000000 0.113397 105.150979 -12.616743 2.765166 -0.122356 
1200 1.722968 0.000000 -0.544308 99.765250 -7.361550 -0.125898 -0.000731 
1201 1.722968 0.000000 -0.725744 99.701342 -7.196275 -0.072312 0.000785 
1202 1.722968 0.000000 0.544308 99.801376 -7.402699 -0.121729 -0.001513 
1203 1.722968 0.000000 0.725744 99.743364 -7.237645 -0.076082 -0.000113 
1204 1.429886 0.000000 -0.272154 101.353744 -11.668380 -0.255030 -0.040880 
1205 1.429886 0.000000 -0.362872 99.697890 -7.631461 -0.162434 0.000207 
1206 1.527580 0.000000 -0.272154 101.770595 -12.537553 -0.215435 -0.051449 
1207 1.429886 0.000000 0.272154 101.234544 -12.274099 -0.370601 -0.039922 
1208 1.527580 0.000000 0.272154 101.562408 -13.947420 -0.520516 -0.050972 
1209 1.429886 0.000000 0.362872 99.834382 -7.664696 -0.361526 -0.002578 
1210 8.952329 0.000000 -4.354462 99.756426 -6.972356 -0.004034 0.000004 
1211 8.952329 0.000000 -5.805950 99.756510 -6.971644 -0.001923 0.000003 
1212 10.515434 0.000000 -4.354462 99.756526 -6.971845 -0.004188 0.000003 
1213 6.607671 0.000000 -2.177231 99.754983 -6.987611 -0.020785 0.000012 
1214 6.607671 0.000000 -2.902975 99.755673 -6.978705 -0.010173 0.000010 
1215 7.389224 0.000000 -2.177231 99.755258 -6.986024 -0.021821 0.000008 
1216 3.090685 0.000000 -1.088616 99.739143 -7.087240 -0.053042 0.000187 
1217 3.090685 0.000000 -1.451487 99.746263 -7.032037 -0.025472 0.000123 
1218 3.481461 0.000000 -1.088616 99.743954 -7.078260 -0.060839 0.000104 
1219 3.872238 0.000000 -1.088616 99.743743 -7.073357 -0.074709 0.000115 
1220 3.872238 0.000000 -1.451487 99.746227 -7.026739 -0.041945 0.000131 
1221 4.263014 0.000000 -1.088616 99.745347 -7.068591 -0.080508 0.000089 
1222 2.504521 0.000000 -0.544308 99.614542 -7.322395 -0.169797 0.002330 
1223 2.504521 0.000000 -0.725744 99.650604 -7.225085 -0.097210 0.001755 
1224 2.699909 0.000000 -0.544308 99.668560 -7.297197 -0.208882 0.001289 
1225 8.952329 0.000000 4.354462 99.754516 -7.001815 0.001184 0.000001 
1226 10.515434 0.000000 4.354462 99.754509 -7.002063 0.002208 0.000001 
1227 8.952329 0.000000 5.805950 99.755215 -6.992519 0.000219 0.000000 
1228 6.607671 0.000000 2.177231 99.750721 -7.052245 0.006320 0.000006 
1229 7.389224 0.000000 2.177231 99.750810 -7.051987 0.009452 0.000005 
1230 6.607671 0.000000 2.902975 99.752821 -7.023865 0.001414 0.000004 
1231 3.090685 0.000000 1.088616 99.729023 -7.206045 -0.025457 0.000219 
1232 3.481461 0.000000 1.088616 99.734215 -7.212574 -0.015436 0.000106 
1233 3.090685 0.000000 1.451487 99.740052 -7.114068 -0.020509 0.000131 
1234 2.504521 0.000000 0.544308 99.652263 -7.592818 -0.126036 0.001176 
1235 2.699909 0.000000 0.544308 99.688274 -7.603426 -0.093702 0.000443 
1236 2.504521 0.000000 0.725744 99.689958 -7.389993 -0.093459 0.000729 
1237 2.895297 0.000000 -0.544308 99.692972 -7.254603 -0.212386 0.000864 
1238 2.895297 0.000000 -0.725744 99.704717 -7.193306 -0.133802 0.000721 
1239 3.090685 0.000000 -0.544308 99.710491 -7.248373 -0.211095 0.000523 
1240 3.286073 0.000000 -0.544308 99.720402 -7.256416 -0.208101 0.000314 
1241 3.286073 0.000000 -0.725744 99.727582 -7.190028 -0.144236 0.000269 
1242 3.481461 0.000000 -0.544308 99.723796 -7.249135 -0.216792 0.000257 
1243 2.406827 0.000000 -0.272154 99.422678 -6.378582 -0.805616 0.007380 
1244 2.406827 0.000000 -0.362872 99.339589 -7.076320 -0.460742 0.008136 
1245 2.504521 0.000000 -0.272154 99.630649 -6.277885 -0.720593 0.003380 
1246 2.895297 0.000000 0.544308 99.692092 -7.568070 -0.074249 0.000421 
1247 3.090685 0.000000 0.544308 99.688059 -7.610557 -0.046388 0.000437 
1248 2.895297 0.000000 0.725744 99.705393 -7.398361 -0.047533 0.000410 
1249 2.406827 0.000000 0.272154 99.517576 -6.955593 0.115034 0.004786 
1250 2.504521 0.000000 0.272154 99.674763 -6.901927 0.018317 0.001730 
1251 2.406827 0.000000 0.362872 99.412083 -7.519489 -0.029883 0.006069 
1252 2.357979 0.000000 -0.136077 100.184018 -4.638497 -4.545906 -0.007902 
1253 2.357979 0.000000 -0.181436 99.160055 -5.238586 -2.570885 0.013323 
1254 2.406827 0.000000 -0.136077 100.432007 -4.427777 -3.349657 -0.011741 
1255 2.284709 0.000000 -0.113397 90.945985 -5.033661 -11.079615 0.158073 
1256 2.284709 0.000000 -0.136077 93.923811 -5.057176 -5.348672 0.112413 
1257 2.309132 0.000000 -0.113397 98.607339 -4.745575 -10.368688 0.014656 
1258 2.357979 0.000000 0.136077 100.396923 -5.427967 3.009227 -0.011806 
1259 2.406827 0.000000 0.136077 100.547892 -5.255046 1.780542 -0.014066 
1260 2.357979 0.000000 0.181436 99.336062 -5.943681 1.506751 0.009475 
1261 2.284709 0.000000 0.113397 91.818303 -5.765683 9.278411 0.145007 
1262 2.309132 0.000000 0.113397 99.111327 -5.439429 8.456886 0.007584 
1263 2.284709 0.000000 0.136077 94.572058 -5.779650 4.003653 0.100669 
1264 4.653790 0.000000 -1.088616 99.746861 -7.063420 -0.086018 0.000066 
1265 4.653790 0.000000 -1.451487 99.750112 -7.023813 -0.044112 0.000058 
1266 3.676849 0.000000 -0.544308 99.726623 -7.246209 -0.222190 0.000204 
1267 3.676849 0.000000 -0.725744 99.734725 -7.177120 -0.156534 0.000145 
1268 3.872238 0.000000 -0.544308 99.729485 -7.246371 -0.228089 0.000147 
1269 4.067626 0.000000 -0.544308 99.730479 -7.241637 -0.236790 0.000133 
1270 4.067626 0.000000 -0.725744 99.736474 -7.167473 -0.175932 0.000123 
1271 4.263014 0.000000 -0.544308 99.732299 -7.238872 -0.241868 0.000101 
1272 4.653790 0.000000 1.088616 99.736272 -7.213158 0.023083 0.000065 
1273 4.263014 0.000000 1.088616 99.734911 -7.214572 0.012935 0.000090 
1274 4.653790 0.000000 1.451487 99.742963 -7.123803 0.005480 0.000059 
1275 4.458402 0.000000 -0.544308 99.732970 -7.240528 -0.250544 0.000085 
1276 4.458402 0.000000 -0.725744 99.739193 -7.155813 -0.185369 0.000085 
1277 4.653790 0.000000 -0.544308 99.733879 -7.238751 -0.260550 0.000069 
1278 4.849178 0.000000 -0.544308 99.734713 -7.235754 -0.271491 0.000056 
1279 4.849178 0.000000 -0.725744 99.741293 -7.143953 -0.195637 0.000060 
1280 5.044566 0.000000 -0.544308 99.735489 -7.231462 -0.283299 0.000046 
1281 3.579155 0.000000 0.090718 99.987552 -3.460186 -2.275274 -0.001466 
1282 3.481461 0.000000 0.090718 100.006884 -3.148292 -2.385697 -0.001698 
1283 3.579155 0.000000 0.181436 99.856838 -5.334968 -1.303703 -0.000155 
1284 4.849178 0.000000 0.544308 99.705932 -7.646582 0.144290 0.000024 
1285 4.653790 0.000000 0.544308 99.705202 -7.647776 0.118767 0.000037 
1286 4.849178 0.000000 0.725744 99.722251 -7.415300 0.092219 0.000048 
1287 4.458402 0.000000 0.544308 99.704450 -7.646782 0.094148 0.000054 
1288 4.263014 0.000000 0.544308 99.703947 -7.644235 0.070843 0.000068 
1289 4.458402 0.000000 0.725744 99.720478 -7.421481 0.067677 0.000074 
1290 4.018779 0.000000 -0.045359 99.896654 -4.859838 -1.650260 -0.000568 
1291 4.018779 0.000000 -0.090718 100.053237 -2.620825 0.250465 -0.001758 
1292 4.018779 0.000000 0.000000 99.791377 -6.365195 -1.816415 -0.000213 
1293 3.725696 0.000000 0.045359 99.718635 -7.343462 -2.065769 -0.000200 
1294 3.676849 0.000000 0.045359 99.712495 -7.419457 -1.960397 -0.000147 
1295 3.725696 0.000000 0.090718 99.975661 -3.668654 -2.126352 -0.001311 
1296 3.383767 0.000000 -0.090718 99.514689 -10.114997 1.008636 -0.000650 
1297 3.383767 0.000000 -0.181436 99.941099 -4.028521 0.061507 -0.000446 
1298 3.383767 0.000000 0.000000 99.778499 -6.346980 -1.393531 0.000203 
1299 3.921085 0.000000 0.045359 99.744482 -7.023017 -2.361069 -0.000386 
1300 3.969932 0.000000 0.045359 99.750689 -6.940716 -2.408075 -0.000417 
1301 3.921085 0.000000 0.090718 99.966043 -3.854916 -2.033054 -0.001220 
1302 4.018779 0.000000 0.045359 99.756612 -6.862445 -2.445080 -0.000445 
1303 4.067626 0.000000 0.045359 99.762228 -6.788079 -2.473224 -0.000470 
1304 4.018779 0.000000 0.090718 100.017656 -3.129722 -2.221531 -0.001826 
1305 4.360708 0.000000 0.090718 99.861978 -5.383349 -3.008971 -0.001045 
1306 4.458402 0.000000 0.090718 99.864786 -5.349293 -2.668338 -0.000871 
1307 4.360708 0.000000 0.181436 99.866562 -5.318273 -2.329783 -0.000704 
1308 4.556096 0.000000 0.090718 99.865000 -5.352950 -2.364992 -0.000727 
1309 4.556096 0.000000 0.181436 99.866877 -5.326345 -2.505521 -0.000804 
1310 6.216895 0.000000 -1.088616 99.750613 -7.048604 -0.102778 0.000012 
1311 6.216895 0.000000 -1.451487 99.752533 -7.014407 -0.054738 0.000023 
1312 6.607671 0.000000 -1.088616 99.751468 -7.036917 -0.105199 0.000012 
1313 5.239954 0.000000 -0.544308 99.736249 -7.226150 -0.295850 0.000038 
1314 5.239954 0.000000 -0.725744 99.742948 -7.131008 -0.205088 0.000045 
1315 6.216895 0.000000 1.088616 99.739785 -7.207015 0.059216 0.000003 
1316 6.607671 0.000000 1.088616 99.740357 -7.197836 0.067779 0.000005 
1317 6.216895 0.000000 1.451487 99.745983 -7.122422 0.022799 0.000001 
1318 5.630731 0.000000 0.544308 99.709314 -7.619770 0.249550 -0.000007 
1319 5.826119 0.000000 0.544308 99.710866 -7.617150 0.274860 -0.000035 
1320 5.630731 0.000000 0.725744 99.725015 -7.396079 0.139313 0.000020 
1321 5.337648 0.000000 0.090718 99.844839 -5.674729 -0.019267 -0.000119 
1322 5.435343 0.000000 0.090718 99.845268 -5.669939 0.241693 -0.000128 
1323 5.142260 0.000000 0.272154 99.237445 -14.355483 -0.488422 -0.005439 
1324 5.044566 0.000000 0.272154 99.299535 -13.464321 -2.868584 -0.004991 
1325 5.142260 0.000000 0.362872 99.644497 -8.534535 0.153166 -0.000189 
1326 3.383767 0.000000 0.090718 100.042411 -2.586523 -2.692731 -0.002242 
1327 3.383767 0.000000 0.181436 99.850480 -5.352680 -1.024927 0.000018 
1328 4.116473 0.000000 0.045359 99.767452 -6.718887 -2.493698 -0.000491 
1329 4.165320 0.000000 0.045359 99.772385 -6.658629 -2.512515 -0.000518 
1330 4.116473 0.000000 0.090718 99.930722 -4.384349 -3.312063 -0.001634 
1331 4.946872 0.000000 0.090718 99.853923 -5.531864 -1.193337 -0.000283 
1332 4.946872 0.000000 0.181436 99.863962 -5.388434 -2.655841 -0.000890 
1333 4.946872 0.000000 0.272154 99.428706 -11.613259 -3.820276 -0.003553 
1334 4.849178 0.000000 0.272154 99.527532 -10.195736 -3.765075 -0.002386 
1335 4.946872 0.000000 0.362872 99.647266 -8.488131 -0.014370 -0.000163 
1336 4.751484 0.000000 0.272154 99.589781 -9.300821 -3.435490 -0.001643 
1337 4.653790 0.000000 0.272154 99.629566 -8.726519 -3.087397 -0.001173 
1338 4.751484 0.000000 0.362872 99.652311 -8.407248 -0.159603 -0.000129 
1339 5.337648 0.000000 -0.272154 99.323412 -13.131106 -1.117171 -0.003881 
1340 5.239954 0.000000 -0.272154 99.289194 -13.618696 1.408783 -0.004580 
1341 5.337648 0.000000 -0.362872 99.691543 -7.866746 -0.299189 -0.000038 
1342 6.021507 0.000000 -0.544308 99.740282 -7.197616 -0.346593 -0.000005 
1343 6.021507 0.000000 -0.725744 99.746146 -7.113991 -0.221836 0.000005 
1344 6.216895 0.000000 -0.544308 99.741354 -7.180982 -0.358455 -0.000003 
1345 5.728425 0.000000 -0.090718 100.064990 -2.534554 0.396731 -0.001958 
1346 5.826119 0.000000 -0.090718 100.054251 -2.706021 0.349509 -0.001830 
1347 5.728425 0.000000 0.000000 99.912987 -4.708148 3.069953 -0.001420 
1348 6.021507 0.000000 0.181436 99.904102 -4.854701 2.791899 -0.001219 
1349 6.216895 0.000000 0.181436 99.874147 -5.282894 2.625517 -0.000965 
1350 6.021507 0.000000 0.362872 99.663718 -8.292543 0.843710 -0.000233 
1351 6.021507 0.000000 0.544308 99.712027 -7.601924 0.299446 -0.000037 
1352 6.216895 0.000000 0.544308 99.713428 -7.582197 0.322270 -0.000036 
1353 6.021507 0.000000 0.725744 99.726724 -7.392062 0.161176 -0.000009 
1354 5.533037 0.000000 0.090718 99.846666 -5.652374 0.476246 -0.000153 
1355 5.630731 0.000000 0.090718 99.848647 -5.626236 0.681096 -0.000187 
1356 5.533037 0.000000 0.181436 100.019953 -3.174302 2.620907 -0.002094 
1357 5.728425 0.000000 0.090718 99.850872 -5.596424 0.855208 -0.000225 
1358 5.826119 0.000000 0.090718 99.853481 -5.577075 0.999402 -0.000282 
1359 5.728425 0.000000 0.181436 99.971807 -3.867023 2.892126 -0.001768 
1360 5.533037 0.000000 0.272154 99.476220 -10.950254 2.836409 -0.002347 
1361 5.630731 0.000000 0.272154 99.516359 -10.378389 3.005624 -0.002025 
1362 5.533037 0.000000 0.362872 99.647245 -8.504676 0.502204 -0.000216 
1363 3.872238 0.000000 1.088616 99.733909 -7.214511 0.001921 0.000110 
1364 3.872238 0.000000 1.451487 99.744481 -7.127604 -0.010158 0.000024 
1365 3.286073 0.000000 0.544308 99.695383 -7.618385 -0.032506 0.000279 
1366 3.481461 0.000000 0.544308 99.697459 -7.624914 -0.011325 0.000228 
1367 3.286073 0.000000 0.725744 99.711774 -7.425702 -0.013355 0.000242 
1368 4.067626 0.000000 0.544308 99.703285 -7.641483 0.048117 0.000086 
1369 3.872238 0.000000 0.544308 99.702014 -7.638187 0.027242 0.000117 
1370 4.067626 0.000000 0.725744 99.720207 -7.429483 0.037591 0.000068 
1371 3.676849 0.000000 0.544308 99.699663 -7.631186 0.007182 0.000174 
1372 3.676849 0.000000 0.725744 99.717130 -7.425879 0.011486 0.000135 
1373 4.556096 0.000000 0.272154 99.656513 -8.335254 -2.778242 -0.000862 
1374 4.458402 0.000000 0.272154 99.675824 -8.052537 -2.513158 -0.000643 
1375 4.556096 0.000000 0.362872 99.658874 -8.302346 -0.274287 -0.000090 
1376 4.360708 0.000000 0.272154 99.690842 -7.832047 -2.285297 -0.000483 
1377 4.263014 0.000000 0.272154 99.702014 -7.666067 -2.086792 -0.000361 
1378 4.360708 0.000000 0.362872 99.666589 -8.180206 -0.355583 -0.000047 
1379 5.142260 0.000000 -0.272154 99.402096 -12.001031 3.495408 -0.003702 
1380 5.044566 0.000000 -0.272154 99.534020 -10.111177 3.910389 -0.002455 
1381 5.142260 0.000000 -0.362872 99.693863 -7.829008 -0.153561 -0.000018 
1382 5.728425 0.000000 0.272154 99.553231 -9.853083 3.070746 -0.001736 
1383 5.826119 0.000000 0.272154 99.585680 -9.406979 3.053349 -0.001512 
1384 5.728425 0.000000 0.362872 99.652442 -8.434484 0.657790 -0.000218 
1385 4.165320 0.000000 0.272154 99.711760 -7.533494 -1.916406 -0.000286 
1386 4.067626 0.000000 0.272154 99.718526 -7.415841 -1.754359 -0.000186 
1387 4.165320 0.000000 0.362872 99.674520 -8.070005 -0.410018 -0.000030 
1388 3.969932 0.000000 0.272154 99.724452 -7.319448 -1.611243 -0.000114 
1389 3.872238 0.000000 0.272154 99.729054 -7.236709 -1.479271 -0.000044 
1390 3.969932 0.000000 0.362872 99.680316 -7.953239 -0.427400 0.000040 
1391 4.946872 0.000000 -0.272154 99.620625 -8.868943 3.627390 -0.001609 
1392 4.849178 0.000000 -0.272154 99.673811 -8.104216 3.224128 -0.001094 
1393 4.946872 0.000000 -0.362872 99.698592 -7.754585 -0.027296 0.000006 
1 11 62 60 61 
2 62 10 24 60 
3 60 24 14 63 
4 61 60 63 6 
5 24 66 64 65 
6 66 23 40 64 
7 64 40 27 67 
8 65 64 67 14 
9 40 70 68 69 
10 69 68 71 27 
11 6 63 92 93 
12 63 14 36 92 
13 92 36 19 94 
14 93 92 94 20 
15 14 67 95 96 
16 67 27 52 95 
17 95 52 35 97 
18 96 95 97 36 
19 27 71 98 99 
20 99 98 100 52 
21 68 112 110 111 
22 112 56 80 110 
23 110 80 43 113 
24 111 110 113 71 
25 80 116 114 115 
26 115 114 117 43 
27 71 113 133 134 
28 113 43 102 133 
29 133 102 76 135 
30 134 133 135 98 
31 43 117 136 137 
32 137 136 138 102 
33 114 141 139 140 
34 141 106 129 139 
35 139 129 83 142 
36 140 139 142 117 
37 129 149 147 148 
38 147 150 132 151 
39 148 147 151 83 
40 117 142 152 153 
41 142 83 144 152 
42 152 144 125 154 
43 153 152 154 136 
44 83 151 155 156 
45 151 132 157 155 
46 156 155 158 144 
47 12 161 159 160 
48 161 7 162 159 
49 159 162 13 25 
50 160 159 25 10 
51 25 165 163 164 
52 165 13 166 163 
53 163 166 26 41 
54 164 163 41 23 
55 41 169 167 168 
56 169 26 170 167 
57 167 170 42 57 
58 168 167 57 39 
59 39 173 171 172 
60 173 57 174 171 
61 171 174 55 81 
62 172 171 81 56 
63 81 177 175 176 
64 177 55 178 175 
65 175 178 82 107 
66 176 175 107 79 
67 79 181 179 180 
68 181 107 182 179 
69 179 182 105 130 
70 180 179 130 106 
71 106 185 183 184 
72 185 130 186 183 
73 184 183 149 129 
74 195 197 109 198 
75 150 195 198 132 
76 149 201 199 200 
77 201 128 202 199 
78 199 202 150 203 
79 200 199 203 147 
80 132 198 210 157 
81 198 109 211 210 
82 19 38 213 214 
83 38 21 215 213 
84 213 215 9 216 
85 214 213 216 22 
86 35 54 217 218 
87 54 37 219 217 
88 217 219 21 220 
89 218 217 220 38 
90 51 78 221 222 
91 78 53 223 221 
92 221 223 37 224 
93 222 221 224 54 
94 76 104 225 226 
95 104 75 227 225 
96 225 227 78 228 
97 226 225 228 51 
98 101 127 229 230 
99 127 103 231 229 
100 229 231 75 232 
101 230 229 232 104 
102 125 146 233 234 
103 146 124 235 233 
104 233 235 127 236 
105 234 233 236 101 
106 144 158 237 238 
107 237 239 146 240 
108 238 237 240 125 
109 155 243 241 242 
110 243 157 244 241 
111 241 244 143 245 
112 242 241 245 158 
113 130 247 246 186 
114 247 105 248 246 
115 249 251 195 252 
116 202 249 252 150 
117 186 255 253 254 
118 255 246 256 253 
119 253 256 196 250 
120 254 253 250 128 
121 128 259 257 258 
122 259 250 260 257 
123 257 260 249 261 
124 258 257 261 202 
125 262 263 124 264 
126 239 262 264 146 
127 157 266 265 244 
128 266 210 267 265 
129 143 268 269 270 
130 268 212 271 269 
131 269 271 262 272 
132 270 269 272 239 
133 244 275 273 274 
134 275 265 276 273 
135 273 276 268 277 
136 274 273 277 143 
137 278 280 194 281 
138 197 278 281 109 
139 283 131 284 282 
140 282 284 197 285 
141 251 282 285 195 
142 107 287 286 182 
143 287 82 288 286 
144 286 288 108 192 
145 182 286 192 105 
146 105 290 289 248 
147 290 192 291 289 
148 246 293 292 256 
149 293 248 294 292 
150 292 294 131 283 
151 256 292 283 196 
152 196 297 295 296 
153 297 283 298 295 
154 295 298 282 299 
155 296 295 299 251 
156 109 281 300 211 
157 281 194 301 300 
158 210 304 303 267 
159 304 211 305 303 
160 303 305 145 306 
161 124 209 307 235 
162 209 126 308 307 
163 307 308 103 309 
164 235 307 309 127 
165 310 311 209 312 
166 263 310 312 124 
167 212 306 313 271 
168 306 145 314 313 
169 313 314 263 315 
170 271 313 315 262 
171 267 318 316 317 
172 318 303 319 316 
173 316 319 306 320 
174 317 316 320 212 
175 131 322 321 284 
176 322 279 323 321 
177 321 323 278 324 
178 284 321 324 197 
179 211 326 325 305 
180 326 300 327 325 
181 325 327 302 328 
182 305 325 328 145 
183 192 334 333 291 
184 334 108 335 333 
185 289 339 337 338 
186 339 291 340 337 
187 337 340 191 341 
188 338 337 341 279 
189 345 347 126 348 
190 311 345 348 209 
191 302 351 349 350 
192 351 207 352 349 
193 349 352 311 353 
194 350 349 353 310 
195 354 355 59 356 
196 280 354 356 194 
197 291 358 357 340 
198 358 333 359 357 
199 357 359 336 360 
200 191 360 361 362 
201 360 336 363 361 
202 361 363 354 364 
203 362 361 364 280 
204 340 367 365 366 
205 367 357 368 365 
206 365 368 360 369 
207 366 365 369 191 
208 194 356 370 301 
209 356 59 371 370 
210 373 346 374 372 
211 372 374 345 375 
212 352 372 375 311 
213 301 378 376 377 
214 378 370 379 376 
215 376 379 346 373 
216 377 376 373 207 
217 207 382 380 381 
218 382 373 383 380 
219 380 383 372 384 
220 381 380 384 352 
221 57 386 385 174 
222 386 42 387 385 
223 385 387 58 89 
224 174 385 89 55 
225 55 389 388 178 
226 389 89 390 388 
227 388 390 88 188 
228 178 388 188 82 
229 82 392 391 288 
230 392 188 393 391 
231 391 393 187 330 
232 288 391 330 108 
233 108 395 394 335 
234 395 330 396 394 
235 333 399 398 359 
236 399 335 400 398 
237 359 398 401 336 
238 75 123 402 227 
239 123 77 403 402 
240 402 403 53 404 
241 227 402 404 78 
242 103 206 405 231 
243 206 121 406 405 
244 405 406 123 407 
245 231 405 407 75 
246 126 344 408 308 
247 344 204 409 408 
248 408 409 206 410 
249 308 408 410 103 
250 411 413 344 414 
251 347 411 414 126 
252 346 416 415 374 
253 415 417 347 418 
254 374 415 418 345 
255 419 420 332 421 
256 355 419 421 59 
257 335 423 422 400 
258 423 394 424 422 
259 336 401 426 363 
260 401 193 427 426 
261 426 427 355 428 
262 363 426 428 354 
263 398 431 429 430 
264 431 400 432 429 
265 429 432 193 433 
266 430 429 433 401 
267 59 421 434 371 
268 421 332 435 434 
269 370 437 436 379 
270 437 371 438 436 
271 436 438 208 416 
272 379 436 416 346 
273 439 441 411 442 
274 417 439 442 347 
275 416 445 443 444 
276 445 208 446 443 
277 443 446 417 447 
278 444 443 447 415 
279 88 453 452 189 
280 453 90 454 452 
281 452 454 5 455 
282 189 452 455 91 
283 187 457 456 331 
284 457 189 458 456 
285 456 458 91 459 
286 331 456 459 190 
287 330 461 460 396 
288 461 187 462 460 
289 460 462 331 463 
290 396 460 463 329 
291 394 465 464 424 
292 465 396 466 464 
293 464 466 329 467 
294 424 464 467 397 
295 193 425 468 427 
296 425 397 469 468 
297 468 469 419 470 
298 427 468 470 355 
299 422 473 471 472 
300 473 424 474 471 
301 471 474 397 475 
302 472 471 475 425 
303 371 477 476 438 
304 477 434 478 476 
305 476 478 412 440 
306 438 476 440 208 
307 91 455 482 205 
308 455 5 483 482 
309 482 483 122 484 
310 205 482 484 121 
311 190 459 485 343 
312 459 91 486 485 
313 485 486 205 487 
314 343 485 487 204 
315 342 489 488 413 
316 489 343 490 488 
317 488 490 204 491 
318 413 488 491 344 
319 412 493 492 441 
320 493 342 494 492 
321 492 494 413 495 
322 441 492 495 411 
323 440 498 496 497 
324 498 412 499 496 
325 496 499 441 500 
326 497 496 500 439 
327 454 510 508 509 
328 508 511 504 512 
329 509 508 512 5 
330 5 512 513 514 
331 512 504 515 513 
332 514 513 516 483 
333 7 518 517 162 
334 518 16 519 517 
335 517 519 15 32 
336 162 517 32 13 
337 13 521 520 166 
338 521 32 522 520 
339 520 522 31 48 
340 166 520 48 26 
341 26 524 523 170 
342 524 48 525 523 
343 523 525 47 85 
344 170 523 85 42 
345 42 527 526 387 
346 527 85 528 526 
347 526 528 84 449 
348 387 526 449 58 
349 58 531 529 530 
350 531 449 532 529 
351 529 532 448 502 
352 530 529 502 90 
353 90 535 533 534 
354 535 502 536 533 
355 533 536 501 510 
356 534 533 510 454 
357 538 17 539 537 
358 537 539 8 540 
359 448 554 553 503 
360 554 450 555 553 
361 553 555 87 556 
362 503 553 556 451 
363 501 558 557 511 
364 558 503 559 557 
365 557 559 451 560 
366 511 557 560 504 
367 510 563 561 562 
368 563 501 564 561 
369 561 564 511 565 
370 562 561 565 508 
371 540 8 567 566 
372 566 567 29 568 
373 451 556 578 506 
374 556 87 579 578 
375 578 579 480 580 
376 506 578 580 479 
377 504 560 581 515 
378 560 451 582 581 
379 581 582 506 583 
380 515 581 583 505 
381 21 46 584 215 
382 46 28 585 584 
383 584 585 30 586 
384 215 584 586 9 
385 37 74 587 219 
386 74 44 588 587 
387 587 588 46 589 
388 219 587 589 21 
389 53 120 590 223 
390 120 72 591 590 
391 590 591 74 592 
392 223 590 592 37 
393 77 481 593 403 
394 481 118 594 593 
395 593 594 120 595 
396 403 593 595 53 
397 122 507 596 597 
398 507 479 598 596 
399 596 598 481 599 
400 597 596 599 77 
401 483 516 600 601 
402 516 505 602 600 
403 600 602 507 603 
404 601 600 603 122 
405 513 606 604 605 
406 606 515 607 604 
407 604 607 505 608 
408 605 604 608 516 
409 555 618 616 617 
410 617 616 620 87 
411 87 620 621 622 
412 622 621 624 579 
413 85 626 625 528 
414 626 47 627 625 
415 625 627 86 550 
416 528 625 550 84 
417 84 630 628 629 
418 630 550 631 628 
419 628 631 549 610 
420 629 628 610 450 
421 450 634 632 633 
422 634 610 635 632 
423 632 635 609 618 
424 633 632 618 555 
425 641 551 642 640 
426 640 642 50 643 
427 618 650 648 649 
428 650 609 651 648 
429 649 648 652 616 
430 643 50 657 656 
431 656 657 576 658 
432 118 577 662 594 
433 577 119 663 662 
434 662 663 72 664 
435 594 662 664 120 
436 480 615 665 666 
437 615 575 667 665 
438 665 667 577 668 
439 666 665 668 118 
440 579 624 669 670 
441 624 613 671 669 
442 669 671 615 672 
443 670 669 672 480 
444 621 675 673 674 
445 673 676 613 677 
446 674 673 677 624 
447 610 679 678 635 
448 679 549 680 678 
449 678 680 611 645 
450 635 678 645 609 
451 609 682 681 651 
452 682 645 683 681 
453 616 652 685 686 
454 685 687 612 688 
455 686 685 688 620 
456 648 691 689 690 
457 691 651 692 689 
458 690 689 693 652 
459 620 688 694 695 
460 688 612 696 694 
461 695 694 675 621 
462 613 661 697 671 
463 661 614 698 697 
464 697 698 575 699 
465 671 697 699 615 
466 700 702 661 703 
467 676 700 703 613 
468 675 706 704 705 
469 704 707 676 708 
470 705 704 708 673 
471 709 710 647 711 
472 687 709 711 612 
473 651 713 712 692 
474 713 681 714 712 
475 652 693 716 717 
476 693 619 718 716 
477 716 718 687 719 
478 717 716 719 685 
479 689 722 720 721 
480 722 692 723 720 
481 720 723 619 724 
482 721 720 724 693 
483 612 711 725 696 
484 711 647 726 725 
485 694 729 727 728 
486 729 696 730 727 
487 727 730 623 706 
488 728 727 706 675 
489 731 733 700 734 
490 707 731 734 676 
491 706 737 735 736 
492 737 623 738 735 
493 735 738 707 739 
494 736 735 739 704 
495 619 715 740 718 
496 715 684 741 740 
497 740 741 709 742 
498 718 740 742 687 
499 692 744 743 723 
500 744 712 745 743 
501 743 745 715 746 
502 723 743 746 619 
503 696 748 747 730 
504 748 725 749 747 
505 747 749 701 732 
506 730 747 732 623 
507 623 751 750 738 
508 751 732 752 750 
509 750 752 731 753 
510 738 750 753 707 
511 755 640 756 754 
512 754 756 643 757 
513 645 759 758 683 
514 759 611 760 758 
515 681 763 762 714 
516 763 683 764 762 
517 762 764 644 765 
518 712 767 766 745 
519 767 714 768 766 
520 766 768 684 769 
521 745 766 769 715 
522 757 643 771 770 
523 770 771 656 772 
524 773 775 614 776 
525 702 773 776 661 
526 778 659 779 777 
527 777 779 702 780 
528 733 777 780 700 
529 732 782 781 752 
530 782 701 783 781 
531 781 783 733 784 
532 752 781 784 731 
533 785 786 552 787 
534 710 785 787 647 
535 684 765 788 741 
536 765 644 789 788 
537 788 789 710 790 
538 741 788 790 709 
539 714 792 791 768 
540 792 762 793 791 
541 791 793 765 794 
542 768 791 794 684 
543 647 787 795 726 
544 787 552 796 795 
545 725 798 797 749 
546 798 726 799 797 
547 797 799 659 778 
548 749 797 778 701 
549 701 801 800 783 
550 801 778 802 800 
551 800 802 777 803 
552 783 800 803 733 
553 804 806 785 807 
554 789 804 807 710 
555 683 809 808 764 
556 809 758 810 808 
557 808 810 761 805 
558 764 808 805 644 
559 644 813 811 812 
560 813 805 814 811 
561 811 814 804 815 
562 812 811 815 789 
563 726 817 816 799 
564 817 795 818 816 
565 659 819 820 779 
566 819 774 821 820 
567 820 821 773 822 
568 779 820 822 702 
569 799 825 823 824 
570 825 816 826 823 
571 823 826 819 827 
572 824 823 827 659 
573 646 829 828 786 
574 829 754 830 828 
575 828 830 757 831 
576 786 828 831 552 
577 761 833 832 806 
578 833 646 834 832 
579 832 834 786 835 
580 806 832 835 785 
581 805 837 836 814 
582 837 761 838 836 
583 836 838 806 839 
584 814 836 839 804 
585 552 831 840 796 
586 831 757 841 840 
587 840 841 770 842 
588 796 840 842 660 
589 795 844 843 818 
590 844 796 845 843 
591 843 845 660 846 
592 818 843 846 774 
593 816 848 847 826 
594 848 818 849 847 
595 847 849 774 850 
596 826 847 850 819 
597 638 867 865 866 
598 867 855 868 865 
599 855 875 874 868 
600 875 857 876 874 
601 878 880 862 881 
602 879 878 881 654 
603 865 884 882 883 
604 884 868 885 882 
605 868 894 893 885 
606 894 874 895 893 
607 897 899 880 900 
608 898 897 900 878 
609 882 903 901 902 
610 903 885 904 901 
611 901 904 858 905 
612 636 908 906 907 
613 908 638 866 906 
614 866 912 910 911 
615 912 865 883 910 
616 910 883 869 913 
617 911 910 913 548 
618 883 916 914 915 
619 916 882 902 914 
620 914 902 886 917 
621 915 914 917 869 
622 918 919 890 920 
623 899 918 920 880 
624 886 905 921 922 
625 905 858 923 921 
626 921 923 899 924 
627 922 921 924 897 
628 902 927 925 926 
629 927 901 928 925 
630 925 928 905 929 
631 926 925 929 886 
632 885 931 930 904 
633 931 893 932 930 
634 930 932 896 933 
635 904 930 933 858 
636 857 935 934 876 
637 935 870 936 934 
638 876 943 941 942 
639 943 934 944 941 
640 941 944 937 945 
641 942 941 945 34 
642 33 947 946 543 
643 947 537 948 946 
644 946 948 540 949 
645 543 946 949 18 
646 951 543 952 950 
647 950 952 18 953 
648 870 959 958 936 
649 18 949 962 570 
650 949 540 963 962 
651 962 963 566 964 
652 570 962 964 45 
653 953 18 966 965 
654 965 966 570 967 
655 551 977 976 642 
656 977 636 907 976 
657 976 907 639 978 
658 642 976 978 50 
659 979 879 654 981 
660 980 979 981 653 
661 907 984 982 983 
662 984 906 985 982 
663 982 985 909 986 
664 983 982 986 639 
665 874 988 987 895 
666 988 876 942 987 
667 987 942 34 989 
668 989 34 991 990 
669 990 991 891 992 
670 919 990 992 890 
671 895 995 993 994 
672 995 987 996 993 
673 993 996 989 997 
674 994 993 997 877 
675 934 999 998 944 
676 999 936 1000 998 
677 998 1000 873 1001 
678 944 998 1001 937 
679 936 1005 1004 1000 
680 1005 958 1006 1004 
681 1004 1006 961 1007 
682 1000 1004 1007 873 
683 958 1012 1011 1006 
684 1012 960 1013 1011 
685 1011 1013 854 1014 
686 1006 1011 1014 961 
687 960 1016 1015 1013 
688 1016 1008 1017 1015 
689 1015 1017 973 1018 
690 1013 1015 1018 854 
691 1020 950 1021 1019 
692 1019 1021 953 1022 
693 1008 1028 1027 1017 
694 1028 1010 1029 1027 
695 1027 1029 957 1030 
696 1017 1027 1030 973 
697 32 1032 1031 522 
698 1032 15 1033 1031 
699 1031 1033 33 542 
700 522 1031 542 31 
701 31 1036 1034 1035 
702 1036 542 1037 1034 
703 1034 1037 541 852 
704 1035 1034 852 49 
705 852 1040 1038 1039 
706 1040 541 1041 1038 
707 1038 1041 853 955 
708 1039 1038 955 851 
709 955 1044 1042 1043 
710 1044 853 1045 1042 
711 1042 1045 956 1024 
712 1043 1042 1024 954 
713 1022 953 1047 1046 
714 1046 1047 965 1048 
715 956 1050 1049 1025 
716 1050 1019 1051 1049 
717 1049 1051 1022 1052 
718 1025 1049 1052 544 
719 1024 1055 1053 1054 
720 1055 956 1056 1053 
721 1053 1056 1025 1057 
722 1054 1053 1057 1023 
723 954 1060 1058 1059 
724 1060 1024 1054 1058 
725 1059 1058 1061 1010 
726 1010 1061 1065 1029 
727 1061 1023 1066 1065 
728 1065 1066 1026 1067 
729 1029 1065 1067 957 
730 1058 1070 1068 1069 
731 1070 1054 1071 1068 
732 1068 1071 1023 1072 
733 1069 1068 1072 1061 
734 50 978 1073 657 
735 978 639 980 1073 
736 1073 980 653 1074 
737 657 1073 1074 576 
738 639 986 1075 1076 
739 986 909 1077 1075 
740 1075 1077 979 1078 
741 1076 1075 1078 980 
742 873 1007 1079 1080 
743 1007 961 1081 1079 
744 1079 1081 1002 1082 
745 1080 1079 1082 939 
746 854 1018 1083 1084 
747 1018 973 1085 1083 
748 1083 1085 971 1086 
749 1084 1083 1086 972 
750 44 571 1087 588 
751 571 45 1088 1087 
752 1087 1088 28 1089 
753 588 1087 1089 46 
754 73 861 1090 1091 
755 861 569 1092 1090 
756 1090 1092 571 1093 
757 1091 1090 1093 44 
758 859 970 1094 1095 
759 970 860 1096 1094 
760 1094 1096 569 1097 
761 1095 1094 1097 861 
762 888 975 1098 1099 
763 975 968 1100 1098 
764 1098 1100 970 1101 
765 1099 1098 1101 859 
766 971 1104 1102 1103 
767 1104 974 1105 1102 
768 1102 1105 968 1106 
769 1103 1102 1106 975 
770 1 1109 1107 1108 
771 1109 12 160 1107 
772 1107 160 10 62 
773 1108 1107 62 11 
774 16 1111 1110 519 
775 1111 2 1112 1110 
776 1110 1112 17 538 
777 519 1110 538 15 
778 20 94 1113 1114 
779 94 19 214 1113 
780 1113 214 22 1115 
781 1114 1113 1115 4 
782 10 1118 1116 1117 
783 1118 25 164 1116 
784 1116 164 23 66 
785 1117 1116 66 24 
786 28 568 1119 585 
787 568 29 1120 1119 
788 1119 1120 3 1121 
789 585 1119 1121 30 
790 36 97 1122 1123 
791 97 35 218 1122 
792 1122 218 38 1124 
793 1123 1122 1124 19 
794 23 1127 1125 1126 
795 1127 41 168 1125 
796 1125 168 39 70 
797 1126 1125 70 40 
798 48 1129 1128 525 
799 1129 31 1035 1128 
800 1128 1035 49 546 
801 525 1128 546 47 
802 52 100 1130 1131 
803 100 51 222 1130 
804 1130 222 54 1132 
805 1131 1130 1132 35 
806 70 1135 1133 1134 
807 1135 39 172 1133 
808 1133 172 56 112 
809 1134 1133 112 68 
810 72 574 1136 591 
811 574 73 1091 1136 
812 1136 1091 44 1137 
813 591 1136 1137 74 
814 56 1140 1138 1139 
815 1140 81 176 1138 
816 1138 176 79 116 
817 1139 1138 116 80 
818 89 1142 1141 390 
819 1142 58 530 1141 
820 1141 530 90 453 
821 390 1141 453 88 
822 98 135 1143 1144 
823 135 76 226 1143 
824 1143 226 51 1145 
825 1144 1143 1145 100 
826 102 138 1146 1147 
827 138 101 230 1146 
828 1146 230 104 1148 
829 1147 1146 1148 76 
830 116 1151 1149 1150 
831 1151 79 180 1149 
832 1149 180 106 141 
833 1150 1149 141 114 
834 121 484 1152 406 
835 484 122 597 1152 
836 1152 597 77 1153 
837 406 1152 1153 123 
838 136 154 1154 1155 
839 154 125 234 1154 
840 1154 234 101 1156 
841 1155 1154 1156 138 
842 183 1159 1157 1158 
843 1159 186 254 1157 
844 1157 254 128 201 
845 1158 1157 201 149 
846 188 1161 1160 393 
847 1161 88 1162 1160 
848 1160 1162 189 457 
849 393 1160 457 187 
850 204 487 1163 409 
851 487 205 1164 1163 
852 1163 1164 121 1165 
853 409 1163 1165 206 
854 158 245 1166 1167 
855 245 143 270 1166 
856 1166 270 239 1168 
857 1167 1166 1168 237 
858 250 1170 1169 260 
859 1170 196 296 1169 
860 1169 296 251 1171 
861 260 1169 1171 249 
862 265 1173 1172 276 
863 1173 267 317 1172 
864 1172 317 212 1174 
865 276 1172 1174 268 
866 279 341 1175 323 
867 341 191 362 1175 
868 1175 362 280 1176 
869 323 1175 1176 278 
870 248 1178 1177 294 
871 1178 289 338 1177 
872 1177 338 279 322 
873 294 1177 322 131 
874 300 1180 1179 327 
875 1180 301 377 1179 
876 1179 377 207 351 
877 327 1179 351 302 
878 145 328 1181 314 
879 328 302 350 1181 
880 1181 350 310 1182 
881 314 1181 1182 263 
882 329 463 1183 420 
883 463 331 1184 1183 
884 1183 1184 190 1185 
885 420 1183 1185 332 
886 332 1185 1186 435 
887 1185 190 1187 1186 
888 1186 1187 343 489 
889 435 1186 489 342 
890 397 467 1188 469 
891 467 329 1189 1188 
892 1188 1189 420 1190 
893 469 1188 1190 419 
894 400 1192 1191 432 
895 1192 422 472 1191 
896 1191 472 425 1193 
897 432 1191 1193 193 
898 434 1195 1194 478 
899 1195 435 1196 1194 
900 1194 1196 342 493 
901 478 1194 493 412 
902 208 1198 1197 446 
903 1198 440 497 1197 
904 1197 497 439 1199 
905 446 1197 1199 417 
906 449 1201 1200 532 
907 1201 84 629 1200 
908 1200 629 450 554 
909 532 1200 554 448 
910 479 580 1202 598 
911 580 480 666 1202 
912 1202 666 118 1203 
913 598 1202 1203 481 
914 502 1205 1204 536 
915 1205 448 1206 1204 
916 1204 1206 503 558 
917 536 1204 558 501 
918 505 583 1207 602 
919 583 506 1208 1207 
920 1207 1208 479 1209 
921 602 1207 1209 507 
922 15 1211 1210 1033 
923 1211 538 1212 1210 
924 1210 1212 537 947 
925 1033 1210 947 33 
926 542 1214 1213 1037 
927 1214 33 1215 1213 
928 1213 1215 543 951 
929 1037 1213 951 541 
930 47 1217 1216 627 
931 1217 546 1218 1216 
932 1216 1218 545 637 
933 627 1216 637 86 
934 546 1220 1219 1218 
935 1220 49 1221 1219 
936 1219 1221 547 856 
937 1218 1219 856 545 
938 550 1223 1222 631 
939 1223 86 1224 1222 
940 1222 1224 551 641 
941 631 1222 641 549 
942 45 964 1225 1088 
943 964 566 1226 1225 
944 1225 1226 568 1227 
945 1088 1225 1227 28 
946 569 967 1228 1092 
947 967 570 1229 1228 
948 1228 1229 45 1230 
949 1092 1228 1230 571 
950 119 655 1231 663 
951 655 572 1232 1231 
952 1231 1232 574 1233 
953 663 1231 1233 72 
954 575 658 1234 667 
955 658 576 1235 1234 
956 1234 1235 119 1236 
957 667 1234 1236 577 
958 86 1238 1237 1224 
959 1238 637 1239 1237 
960 1237 1239 636 977 
961 1224 1237 977 551 
962 637 1241 1240 1239 
963 1241 545 1242 1240 
964 1240 1242 638 908 
965 1239 1240 908 636 
966 549 1244 1243 680 
967 1244 641 1245 1243 
968 1243 1245 640 755 
969 680 1243 755 611 
970 576 1074 1246 1235 
971 1074 653 1247 1246 
972 1246 1247 655 1248 
973 1235 1246 1248 119 
974 614 772 1249 698 
975 772 656 1250 1249 
976 1249 1250 658 1251 
977 698 1249 1251 575 
978 611 1253 1252 760 
979 1253 755 1254 1252 
980 1252 1254 754 829 
981 760 1252 829 646 
982 758 1256 1255 810 
983 1256 760 1257 1255 
984 1255 1257 646 833 
985 810 1255 833 761 
986 660 842 1258 775 
987 842 770 1259 1258 
988 1258 1259 772 1260 
989 775 1258 1260 614 
990 774 846 1261 821 
991 846 660 1262 1261 
992 1261 1262 775 1263 
993 821 1261 1263 773 
994 49 1265 1264 1221 
995 1265 852 1039 1264 
996 1264 1039 851 871 
997 1221 1264 871 547 
998 545 1267 1266 1242 
999 1267 856 1268 1266 
1000 1266 1268 855 867 
1001 1242 1266 867 638 
1002 856 1270 1269 1268 
1003 1270 547 1271 1269 
1004 1269 1271 857 875 
1005 1268 1269 875 855 
1006 573 889 1272 1273 
1007 889 859 1095 1272 
1008 1272 1095 861 1274 
1009 1273 1272 1274 73 
1010 547 1276 1275 1271 
1011 1276 871 1277 1275 
1012 1275 1277 870 935 
1013 1271 1275 935 857 
1014 871 1279 1278 1277 
1015 1279 851 1280 1278 
1016 1278 1280 872 959 
1017 1277 1278 959 870 
1018 548 913 1281 1282 
1019 913 869 898 1281 
1020 1281 898 878 1283 
1021 1282 1281 1283 879 
1022 887 1003 1284 1285 
1023 1003 888 1099 1284 
1024 1284 1099 859 1286 
1025 1285 1284 1286 889 
1026 863 940 1287 1288 
1027 940 887 1285 1287 
1028 1287 1285 889 1289 
1029 1288 1287 1289 573 
1030 893 1291 1290 932 
1031 1291 895 994 1290 
1032 1290 994 877 1292 
1033 932 1290 1292 896 
1034 869 917 1293 1294 
1035 917 886 922 1293 
1036 1293 922 897 1295 
1037 1294 1293 1295 898 
1038 906 1297 1296 985 
1039 1297 866 911 1296 
1040 1296 911 548 1298 
1041 985 1296 1298 909 
1042 858 933 1299 923 
1043 933 896 1300 1299 
1044 1299 1300 918 1301 
1045 923 1299 1301 899 
1046 896 1292 1302 1300 
1047 1292 877 1303 1302 
1048 1302 1303 919 1304 
1049 1300 1302 1304 918 
1050 34 945 1305 991 
1051 945 937 1306 1305 
1052 1305 1306 938 1307 
1053 991 1305 1307 891 
1054 937 1001 1308 1306 
1055 1001 873 1080 1308 
1056 1308 1080 939 1309 
1057 1306 1308 1309 938 
1058 541 1311 1310 1041 
1059 1311 951 1312 1310 
1060 1310 1312 950 1020 
1061 1041 1310 1020 853 
1062 851 1314 1313 1280 
1063 1314 955 1043 1313 
1064 1313 1043 954 1009 
1065 1280 1313 1009 872 
1066 860 1048 1315 1096 
1067 1048 965 1316 1315 
1068 1315 1316 967 1317 
1069 1096 1315 1317 569 
1070 968 1064 1318 1100 
1071 1064 969 1319 1318 
1072 1318 1319 860 1320 
1073 1100 1318 1320 970 
1074 973 1030 1321 1085 
1075 1030 957 1322 1321 
1076 1321 1322 974 1104 
1077 1085 1321 1104 971 
1078 972 1086 1323 1324 
1079 1086 971 1103 1323 
1080 1323 1103 975 1325 
1081 1324 1323 1325 888 
1082 909 1298 1326 1077 
1083 1298 548 1282 1326 
1084 1326 1282 879 1327 
1085 1077 1326 1327 979 
1086 877 997 1328 1303 
1087 997 989 1329 1328 
1088 1328 1329 990 1330 
1089 1303 1328 1330 919 
1090 961 1014 1331 1081 
1091 1014 854 1084 1331 
1092 1331 1084 972 1332 
1093 1081 1331 1332 1002 
1094 1002 1332 1333 1334 
1095 1332 972 1324 1333 
1096 1333 1324 888 1335 
1097 1334 1333 1335 1003 
1098 939 1082 1336 1337 
1099 1082 1002 1334 1336 
1100 1336 1334 1003 1338 
1101 1337 1336 1338 887 
1102 1009 1341 1339 1340 
1103 1341 954 1059 1339 
1104 1339 1059 1010 1028 
1105 1340 1339 1028 1008 
1106 853 1343 1342 1045 
1107 1343 1020 1344 1342 
1108 1342 1344 1019 1050 
1109 1045 1342 1050 956 
1110 1023 1057 1345 1066 
1111 1057 1025 1346 1345 
1112 1345 1346 544 1347 
1113 1066 1345 1347 1026 
1114 544 1052 1348 1063 
1115 1052 1022 1349 1348 
1116 1348 1349 1046 1350 
1117 1063 1348 1350 969 
1118 969 1350 1351 1319 
1119 1350 1046 1352 1351 
1120 1351 1352 1048 1353 
1121 1319 1351 1353 860 
1122 957 1067 1354 1322 
1123 1067 1026 1355 1354 
1124 1354 1355 1062 1356 
1125 1322 1354 1356 974 
1126 1026 1347 1357 1355 
1127 1347 544 1358 1357 
1128 1357 1358 1063 1359 
1129 1355 1357 1359 1062 
1130 974 1356 1360 1105 
1131 1356 1062 1361 1360 
1132 1360 1361 1064 1362 
1133 1105 1360 1362 968 
1134 572 864 1363 1232 
1135 864 573 1273 1363 
1136 1363 1273 73 1364 
1137 1232 1363 1364 574 
1138 653 981 1365 1247 
1139 981 654 1366 1365 
1140 1365 1366 572 1367 
1141 1247 1365 1367 655 
1142 862 892 1368 1369 
1143 892 863 1288 1368 
1144 1368 1288 573 1370 
1145 1369 1368 1370 864 
1146 654 881 1371 1366 
1147 881 862 1369 1371 
1148 1371 1369 864 1372 
1149 1366 1371 1372 572 
1150 938 1309 1373 1374 
1151 1309 939 1337 1373 
1152 1373 1337 887 1375 
1153 1374 1373 1375 940 
1154 891 1307 1376 1377 
1155 1307 938 1374 1376 
1156 1376 1374 940 1378 
1157 1377 1376 1378 863 
1158 872 1381 1379 1380 
1159 1381 1009 1340 1379 
1160 1379 1340 1008 1016 
1161 1380 1379 1016 960 
1162 1062 1359 1382 1361 
1163 1359 1063 1383 1382 
1164 1382 1383 969 1384 
1165 1361 1382 1384 1064 
1166 890 992 1385 1386 
1167 992 891 1377 1385 
1168 1385 1377 863 1387 
1169 1386 1385 1387 892 
1170 880 920 1388 1389 
1171 920 890 1386 1388 
1172 1388 1386 892 1390 
1173 1389 1388 1390 862 
1174 959 1393 1391 1392 
1175 1393 872 1380 1391 
1176 1391 1380 960 1012 
1177 1392 1391 1012 958 
