2 0.000000 100.000000 262.180540
1339 1126 
1 -11.368037 0.000000 -11.667797 99.756405 -6.975560 -0.000022 0.000000 
2 13.641644 0.000000 -11.667797 99.756335 -6.975892 -0.000438 0.000001 
3 13.641644 0.000000 11.667797 99.756009 -6.981188 0.000353 0.000000 
4 -11.368037 0.000000 11.667797 99.756411 -6.976129 -0.000027 -0.000001 
5 1.136804 0.000000 0.000000 101.971305 -6.649154 -0.000928 -0.044236 
6 -11.368037 0.000000 0.000000 99.756397 -6.975862 -0.000018 -0.000000 
7 1.136804 0.000000 -11.667797 99.756353 -6.975818 -0.000105 0.000001 
8 13.641644 0.000000 0.000000 99.810905 -6.194989 0.105728 -0.000061 
9 1.136804 0.000000 11.667797 99.756356 -6.978389 -0.000147 -0.000003 
10 -5.115617 0.000000 -5.833899 99.756326 -6.975931 -0.000097 0.000001 
11 -11.368037 0.000000 -5.833899 99.756396 -6.975682 -0.000024 0.000000 
12 -5.115617 0.000000 -11.667797 99.756391 -6.975582 -0.000047 0.000000 
13 1.136804 0.000000 -5.833899 99.756158 -6.981200 -0.000313 -0.000003 
14 -5.115617 0.000000 0.000000 99.756197 -6.976555 0.000002 0.000003 
15 7.389224 0.000000 -5.833899 99.755728 -6.981970 -0.001931 0.000005 
16 7.389224 0.000000 -11.667797 99.756305 -6.976000 -0.000269 0.000002 
17 13.641644 0.000000 -5.833899 99.755918 -6.981413 -0.003329 0.000002 
18 7.389224 0.000000 0.000000 99.977473 -3.807316 0.850023 -0.001071 
19 -5.115617 0.000000 5.833899 99.756448 -6.976902 -0.000006 -0.000003 
20 -11.368037 0.000000 5.833899 99.756411 -6.976038 -0.000019 -0.000001 
21 1.136804 0.000000 5.833899 99.756580 -6.985555 -0.000706 -0.000017 
22 -5.115617 0.000000 11.667797 99.756423 -6.976758 -0.000057 -0.000002 
23 -1.989406 0.000000 -2.916949 99.756592 -6.973753 -0.001867 -0.000001 
24 -5.115617 0.000000 -2.916949 99.756226 -6.976222 -0.000098 0.000003 
25 -1.989406 0.000000 -5.833899 99.756297 -6.976638 -0.000264 0.000001 
26 1.136804 0.000000 -2.916949 99.759320 -6.992032 -0.000659 -0.000081 
27 -1.989406 0.000000 0.000000 99.752809 -6.980014 -0.000003 0.000066 
28 7.389224 0.000000 5.833899 99.755179 -6.992327 0.000777 0.000001 
29 13.641644 0.000000 5.833899 99.755128 -6.993253 0.003178 0.000001 
30 7.389224 0.000000 11.667797 99.756112 -6.980328 -0.000005 -0.000001 
31 4.263014 0.000000 -2.916949 99.751796 -7.010634 -0.006756 0.000043 
32 4.263014 0.000000 -5.833899 99.755681 -6.982539 -0.001034 0.000005 
33 7.389224 0.000000 -2.916949 99.753571 -7.010233 -0.013409 0.000008 
34 4.263014 0.000000 0.000000 100.127589 -1.604262 -2.171587 -0.003282 
35 -1.989406 0.000000 2.916949 99.755109 -6.972005 -0.000487 0.000031 
36 -5.115617 0.000000 2.916949 99.756351 -6.976810 0.000052 -0.000001 
37 1.136804 0.000000 2.916949 99.760380 -6.998424 -0.003131 -0.000111 
38 -1.989406 0.000000 5.833899 99.756625 -6.978578 -0.000060 -0.000008 
39 -0.426301 0.000000 -1.458475 99.746920 -6.988211 -0.015280 0.000172 
40 -1.989406 0.000000 -1.458475 99.753730 -6.979978 -0.000159 0.000047 
41 -0.426301 0.000000 -2.916949 99.752944 -6.979705 -0.000850 0.000063 
42 1.136804 0.000000 -1.458475 99.740863 -7.044100 -0.002889 0.000214 
43 -0.426301 0.000000 0.000000 99.946498 -7.098795 0.012510 -0.003970 
44 4.263014 0.000000 2.916949 99.752661 -7.027092 -0.000593 0.000003 
45 7.389224 0.000000 2.916949 99.752021 -7.034453 0.009404 0.000005 
46 4.263014 0.000000 5.833899 99.755553 -6.990607 -0.000420 -0.000004 
47 2.699909 0.000000 -1.458475 99.737976 -7.116180 -0.008654 0.000170 
48 2.699909 0.000000 -2.916949 99.752041 -7.007578 -0.001762 0.000042 
49 4.263014 0.000000 -1.458475 99.741766 -7.127976 -0.041913 0.000077 
50 2.699909 0.000000 0.000000 100.151643 -3.210509 0.084776 -0.004067 
51 -0.426301 0.000000 1.458475 99.749463 -6.989971 0.013607 0.000118 
52 -1.989406 0.000000 1.458475 99.754757 -6.977113 0.001825 0.000031 
53 1.136804 0.000000 1.458475 99.757765 -7.045687 -0.008153 -0.000125 
54 -0.426301 0.000000 2.916949 99.756072 -6.986761 0.001049 -0.000009 
55 0.355251 0.000000 -0.729237 99.800972 -7.095908 -0.130606 -0.001060 
56 -0.426301 0.000000 -0.729237 99.709786 -7.030007 0.005524 0.000854 
57 0.355251 0.000000 -1.458475 99.767294 -7.012659 -0.018961 -0.000269 
58 1.136804 0.000000 -0.729237 99.794903 -7.163032 0.013985 -0.001033 
59 0.355251 0.000000 0.000000 66.808400 -0.032602 0.002200 0.553664 
60 -8.241827 0.000000 -2.916949 99.756360 -6.975877 -0.000033 0.000001 
61 -11.368037 0.000000 -2.916949 99.756394 -6.975766 -0.000021 0.000000 
62 -8.241827 0.000000 -5.833899 99.756375 -6.975740 -0.000040 0.000000 
63 -8.241827 0.000000 0.000000 99.756364 -6.976035 -0.000015 0.000000 
64 -3.552511 0.000000 -1.458475 99.755853 -6.977049 -0.000148 0.000009 
65 -5.115617 0.000000 -1.458475 99.756186 -6.976390 -0.000058 0.000003 
66 -3.552511 0.000000 -2.916949 99.756033 -6.976725 -0.000259 0.000006 
67 -3.552511 0.000000 0.000000 99.755848 -6.977344 0.000046 0.000009 
68 -1.207854 0.000000 -0.729237 99.748791 -6.981206 0.002709 0.000144 
69 -1.989406 0.000000 -0.729237 99.755360 -6.981010 -0.008045 0.000013 
70 -1.207854 0.000000 -1.458475 99.750958 -6.982110 -0.003754 0.000100 
71 -1.207854 0.000000 0.000000 99.748807 -6.984237 0.000398 0.000140 
72 2.699909 0.000000 1.458475 99.736047 -7.153285 -0.017158 0.000155 
73 4.263014 0.000000 1.458475 99.739970 -7.175376 0.018147 0.000045 
74 2.699909 0.000000 2.916949 99.752386 -7.018892 -0.003770 0.000020 
75 0.355251 0.000000 0.729237 99.836402 -7.103969 0.125461 -0.001779 
76 -0.426301 0.000000 0.729237 99.723876 -7.013303 0.007784 0.000596 
77 1.136804 0.000000 0.729237 99.837942 -7.168087 -0.035378 -0.001900 
78 0.355251 0.000000 1.458475 99.773207 -7.014794 0.015134 -0.000390 
79 -0.035525 0.000000 -0.364619 99.154292 -7.198397 0.029426 0.011661 
80 -0.426301 0.000000 -0.364619 99.770494 -7.025891 0.049128 -0.000352 
81 -0.035525 0.000000 -0.729237 99.661756 -7.032266 -0.076324 0.001808 
82 0.355251 0.000000 -0.364619 100.433259 -7.475297 -0.622784 -0.014311 
83 -0.035525 0.000000 0.000000 163.798854 -7.441716 -0.018984 -1.688544 
84 1.918356 0.000000 -0.729237 99.726928 -7.308235 0.064342 0.000113 
85 1.918356 0.000000 -1.458475 99.754258 -7.077718 0.014640 -0.000101 
86 2.699909 0.000000 -0.729237 99.689590 -7.457657 -0.059043 0.000637 
87 1.918356 0.000000 0.000000 101.845057 -8.410704 -0.415108 -0.044333 
88 0.746027 0.000000 -0.364619 99.738312 -7.568284 0.087805 -0.000502 
89 0.746027 0.000000 -0.729237 99.758496 -7.126693 0.019167 -0.000255 
90 1.136804 0.000000 -0.364619 99.863759 -7.655999 -0.056602 -0.003139 
91 0.746027 0.000000 0.000000 102.199343 -6.567787 -0.004349 -0.048784 
92 -8.241827 0.000000 2.916949 99.756392 -6.976187 -0.000007 -0.000000 
93 -11.368037 0.000000 2.916949 99.756404 -6.975957 -0.000017 -0.000000 
94 -8.241827 0.000000 5.833899 99.756417 -6.976299 -0.000017 -0.000001 
95 -3.552511 0.000000 1.458475 99.756057 -6.977530 0.000186 0.000004 
96 -5.115617 0.000000 1.458475 99.756264 -6.976700 0.000047 0.000001 
97 -3.552511 0.000000 2.916949 99.756317 -6.977595 0.000158 -0.000001 
98 -1.207854 0.000000 0.729237 99.750973 -6.983858 0.001046 0.000097 
99 -1.989406 0.000000 0.729237 99.755586 -6.981928 0.007804 0.000008 
100 -1.207854 0.000000 1.458475 99.752147 -6.983386 0.003254 0.000074 
101 -0.035525 0.000000 0.364619 99.139607 -7.218331 -0.031951 0.011923 
102 -0.426301 0.000000 0.364619 99.747086 -7.033291 -0.080544 0.000105 
103 0.355251 0.000000 0.364619 100.471322 -7.474410 0.618904 -0.015074 
104 -0.035525 0.000000 0.729237 99.690391 -7.047491 0.085457 0.001215 
105 0.159863 0.000000 -0.182309 98.383426 -8.516160 -4.890439 0.022426 
106 -0.035525 0.000000 -0.182309 97.604564 -7.295183 2.756169 0.041253 
107 0.159863 0.000000 -0.364619 99.336096 -7.296169 -0.868712 0.007835 
108 0.355251 0.000000 -0.182309 101.849558 -8.982112 -1.460947 -0.045615 
109 0.159863 0.000000 0.000000 113.791064 0.016968 0.037180 -0.294841 
110 -0.817078 0.000000 -0.364619 99.749160 -7.008188 0.008099 0.000099 
111 -1.207854 0.000000 -0.364619 99.747867 -6.983889 -0.000181 0.000159 
112 -0.817078 0.000000 -0.729237 99.741137 -6.985521 0.000613 0.000291 
113 -0.817078 0.000000 0.000000 99.758366 -7.009284 0.005950 -0.000086 
114 -0.230913 0.000000 -0.182309 100.283791 -7.137562 0.366359 -0.010792 
115 -0.426301 0.000000 -0.182309 99.875794 -7.094825 0.067916 -0.002552 
116 -0.230913 0.000000 -0.364619 99.568170 -7.065212 0.268828 0.003619 
117 -0.230913 0.000000 0.000000 101.118041 -7.208058 -0.028196 -0.027682 
118 1.918356 0.000000 0.729237 99.769941 -7.370047 -0.144401 -0.000838 
119 2.699909 0.000000 0.729237 99.701594 -7.544014 -0.034483 0.000268 
120 1.918356 0.000000 1.458475 99.749068 -7.099374 -0.034326 -0.000028 
121 0.746027 0.000000 0.364619 99.768921 -7.574761 -0.111525 -0.001123 
122 1.136804 0.000000 0.364619 99.926108 -7.659878 0.074386 -0.004391 
123 0.746027 0.000000 0.729237 99.804567 -7.129002 -0.037447 -0.001178 
124 0.159863 0.000000 0.182309 98.405202 -8.473105 4.893566 0.022068 
125 -0.035525 0.000000 0.182309 97.614432 -7.321086 -2.750675 0.041026 
126 0.355251 0.000000 0.182309 101.826517 -8.982331 1.484279 -0.045153 
127 0.159863 0.000000 0.364619 99.361600 -7.315096 0.879662 0.007299 
128 0.062169 0.000000 -0.091155 86.422920 -10.508719 -8.441165 0.234939 
129 -0.035525 0.000000 -0.091155 103.253580 -7.732951 17.726547 -0.103533 
130 0.062169 0.000000 -0.182309 96.048652 -7.881310 -1.879493 0.070901 
131 0.159863 0.000000 -0.091155 99.371484 -12.668483 -13.411471 -0.021505 
132 0.062169 0.000000 0.000000 192.287717 -0.767717 -0.006871 -2.697516 
133 -0.817078 0.000000 0.364619 99.752175 -6.995912 0.002176 0.000056 
134 -1.207854 0.000000 0.364619 99.748534 -6.984226 0.000816 0.000145 
135 -0.817078 0.000000 0.729237 99.744418 -6.989419 0.001903 0.000220 
136 -0.230913 0.000000 0.182309 100.261506 -7.144869 -0.403883 -0.010358 
137 -0.426301 0.000000 0.182309 99.860491 -7.030324 -0.076628 -0.002155 
138 -0.230913 0.000000 0.364619 99.567661 -7.054160 -0.271906 0.003645 
139 -0.133219 0.000000 -0.091155 103.180869 -7.333538 2.438193 -0.070602 
140 -0.230913 0.000000 -0.091155 100.774128 -7.189140 0.423754 -0.020729 
141 -0.133219 0.000000 -0.182309 100.010325 -7.388618 1.787853 -0.005985 
142 -0.133219 0.000000 0.000000 106.156733 -7.262153 -0.011232 -0.132199 
143 0.062169 0.000000 0.091155 86.315699 -10.498914 8.438098 0.236817 
144 -0.035525 0.000000 0.091155 103.247291 -7.756889 -17.739399 -0.103486 
145 0.159863 0.000000 0.091155 99.382280 -12.595214 13.414360 -0.021542 
146 0.062169 0.000000 0.182309 96.082554 -7.883284 1.904629 0.070237 
147 0.013322 0.000000 -0.045577 74.477269 -11.607737 -14.641652 0.410402 
148 -0.035525 0.000000 -0.045577 142.635465 -7.692645 28.342922 -1.120737 
149 0.013322 0.000000 -0.091155 76.943751 -9.094150 5.396471 0.396783 
150 0.062169 0.000000 -0.045577 188.972184 -0.629084 -18.990541 -2.607152 
151 0.013322 0.000000 0.000000 241.517322 -3.666165 0.009401 -4.834406 
152 -0.133219 0.000000 0.091155 103.192082 -7.365428 -2.434763 -0.070878 
153 -0.230913 0.000000 0.091155 100.760180 -7.197907 -0.473977 -0.020465 
154 -0.133219 0.000000 0.182309 99.977312 -7.340177 -1.799856 -0.005258 
155 0.013322 0.000000 0.045577 74.401001 -11.880324 14.628110 0.410937 
156 -0.035525 0.000000 0.045577 142.630564 -7.716021 -28.370501 -1.120790 
157 0.062169 0.000000 0.045577 188.978070 -0.654932 18.992264 -2.607385 
158 0.013322 0.000000 0.091155 76.951195 -9.143352 -5.420140 0.396553 
159 -1.989406 0.000000 -8.750848 99.756358 -6.975986 -0.000116 0.000000 
160 -5.115617 0.000000 -8.750848 99.756373 -6.975720 -0.000066 0.000001 
161 -1.989406 0.000000 -11.667797 99.756380 -6.975666 -0.000069 0.000000 
162 1.136804 0.000000 -8.750848 99.756303 -6.976550 -0.000177 0.000001 
163 -0.426301 0.000000 -4.375424 99.756340 -6.978946 -0.000697 -0.000003 
164 -1.989406 0.000000 -4.375424 99.756159 -6.977189 -0.000457 0.000003 
165 -0.426301 0.000000 -5.833899 99.756325 -6.977523 -0.000356 -0.000001 
166 1.136804 0.000000 -4.375424 99.757087 -6.985526 -0.000213 -0.000027 
167 0.355251 0.000000 -2.187712 99.767366 -7.000718 -0.008994 -0.000254 
168 -0.426301 0.000000 -2.187712 99.755282 -6.984726 -0.006808 0.000010 
169 0.355251 0.000000 -2.916949 99.758830 -6.986136 -0.002961 -0.000063 
170 1.136804 0.000000 -2.187712 99.770947 -7.003135 -0.002633 -0.000329 
171 -0.035525 0.000000 -1.093856 99.737308 -7.021756 -0.039246 0.000316 
172 -0.426301 0.000000 -1.093856 99.741257 -6.997901 -0.020002 0.000271 
173 -0.035525 0.000000 -1.458475 99.735609 -6.997023 -0.010328 0.000385 
174 0.355251 0.000000 -1.093856 99.771298 -7.040571 -0.044655 -0.000388 
175 0.159863 0.000000 -0.546928 99.636457 -7.171094 -0.291384 0.002107 
176 -0.035525 0.000000 -0.546928 99.584877 -7.097195 -0.109684 0.003247 
177 0.159863 0.000000 -0.729237 99.712946 -7.057643 -0.141674 0.000750 
178 0.355251 0.000000 -0.546928 99.859627 -7.204878 -0.242346 -0.002391 
179 0.062169 0.000000 -0.273464 97.733408 -7.413318 -0.844943 0.039251 
180 -0.035525 0.000000 -0.273464 98.250007 -7.289770 0.683744 0.029333 
181 0.062169 0.000000 -0.364619 98.966025 -7.246641 -0.424447 0.015303 
182 0.159863 0.000000 -0.273464 98.933503 -7.573760 -2.103677 0.015037 
183 0.013322 0.000000 -0.136732 93.047102 -8.023780 2.274111 0.127268 
184 -0.035525 0.000000 -0.136732 98.362926 -7.469288 5.938744 0.023368 
185 0.013322 0.000000 -0.182309 96.023927 -7.538550 0.828106 0.072189 
186 0.062169 0.000000 -0.136732 93.822659 -8.537987 -3.656203 0.111104 
187 0.550639 0.000000 -0.182309 101.615458 -8.018064 -0.005368 -0.038999 
188 0.550639 0.000000 -0.364619 100.064916 -7.520160 0.156454 -0.006956 
189 0.746027 0.000000 -0.182309 102.277483 -8.021655 -0.000547 -0.052503 
190 0.550639 0.000000 0.000000 101.621048 -6.550800 -0.005120 -0.036975 
191 0.257557 0.000000 -0.091155 102.767859 -12.610359 -10.273887 -0.082581 
192 0.257557 0.000000 -0.182309 100.734268 -8.786872 -3.767903 -0.023880 
193 0.355251 0.000000 -0.091155 105.400189 -12.619103 -4.447588 -0.128822 
194 0.257557 0.000000 0.000000 80.558380 -0.066625 0.013644 0.351034 
195 0.111016 0.000000 -0.045577 141.708515 -0.240171 -13.350123 -1.025959 
196 0.111016 0.000000 -0.091155 92.746666 -12.564846 -15.511232 0.099958 
197 0.159863 0.000000 -0.045577 112.629458 -0.044678 -8.240566 -0.275330 
198 0.111016 0.000000 0.000000 144.858301 -0.250626 -0.008832 -1.098399 
199 0.037745 0.000000 -0.068366 75.254712 -11.674748 -14.729373 0.398347 
200 0.013322 0.000000 -0.068366 74.432658 -11.385501 -14.485415 0.412032 
201 0.037745 0.000000 -0.091155 83.813341 -9.831072 -5.220948 0.285142 
202 0.062169 0.000000 -0.068366 80.061174 -12.012523 -15.441713 0.320746 
203 0.037745 0.000000 -0.045577 74.895415 -11.719680 -14.724100 0.403653 
204 0.550639 0.000000 0.182309 101.625738 -8.013307 -0.001574 -0.039200 
205 0.746027 0.000000 0.182309 102.282340 -8.025905 -0.005104 -0.052609 
206 0.550639 0.000000 0.364619 100.099682 -7.549218 -0.168446 -0.007697 
207 0.257557 0.000000 0.091155 102.750975 -12.614476 10.272593 -0.082241 
208 0.355251 0.000000 0.091155 105.496251 -12.635391 4.450440 -0.130892 
209 0.257557 0.000000 0.182309 100.728373 -8.784694 3.761343 -0.023752 
210 0.111016 0.000000 0.045577 141.701734 -0.235246 13.327961 -1.025707 
211 0.159863 0.000000 0.045577 112.637934 -0.021548 8.293322 -0.275608 
212 0.111016 0.000000 0.091155 92.665212 -12.618689 15.499228 0.101370 
213 -1.989406 0.000000 8.750848 99.756484 -6.977901 -0.000122 -0.000005 
214 -5.115617 0.000000 8.750848 99.756446 -6.976860 -0.000048 -0.000003 
215 1.136804 0.000000 8.750848 99.756400 -6.979779 -0.000276 -0.000006 
216 -1.989406 0.000000 11.667797 99.756417 -6.977421 -0.000099 -0.000003 
217 -0.426301 0.000000 4.375424 99.757214 -6.981812 -0.000144 -0.000025 
218 -1.989406 0.000000 4.375424 99.756669 -6.978989 0.000130 -0.000010 
219 1.136804 0.000000 4.375424 99.761512 -6.994141 -0.000860 -0.000128 
220 -0.426301 0.000000 5.833899 99.756773 -6.980364 -0.000303 -0.000014 
221 0.355251 0.000000 2.187712 99.763305 -6.996790 0.005507 -0.000167 
222 -0.426301 0.000000 2.187712 99.756906 -6.987306 0.005190 -0.000026 
223 1.136804 0.000000 2.187712 99.773128 -7.008464 -0.003769 -0.000380 
224 0.355251 0.000000 2.916949 99.760038 -6.990414 0.000557 -0.000093 
225 -0.035525 0.000000 1.093856 99.751740 -7.012413 0.041698 0.000041 
226 -0.426301 0.000000 1.093856 99.745614 -6.999155 0.019460 0.000182 
227 0.355251 0.000000 1.093856 99.792634 -7.031087 0.043875 -0.000801 
228 -0.035525 0.000000 1.458475 99.742873 -6.999381 0.009974 0.000237 
229 0.159863 0.000000 0.546928 99.651712 -7.164099 0.298395 0.001812 
230 -0.035525 0.000000 0.546928 99.547670 -7.062577 0.106450 0.004037 
231 0.355251 0.000000 0.546928 99.892898 -7.210207 0.238131 -0.003063 
232 0.159863 0.000000 0.729237 99.749381 -7.075545 0.146272 -0.000002 
233 0.062169 0.000000 0.273464 97.683964 -7.431050 0.860986 0.040188 
234 -0.035525 0.000000 0.273464 98.215260 -7.287144 -0.681541 0.030020 
235 0.159863 0.000000 0.273464 98.924235 -7.639641 2.118941 0.015114 
236 0.062169 0.000000 0.364619 98.950070 -7.270592 0.429557 0.015584 
237 0.013322 0.000000 0.136732 92.999523 -8.018319 -2.274997 0.128162 
238 -0.035525 0.000000 0.136732 98.345374 -7.485816 -5.941630 0.023685 
239 0.062169 0.000000 0.136732 93.786332 -8.582730 3.653327 0.111711 
240 0.013322 0.000000 0.182309 96.050477 -7.569212 -0.814373 0.071635 
241 0.037745 0.000000 0.068366 75.221691 -11.872759 14.727608 0.398383 
242 0.013322 0.000000 0.068366 74.370065 -11.661856 14.477980 0.412348 
243 0.037745 0.000000 0.045577 74.861634 -11.907132 14.721695 0.403723 
244 0.062169 0.000000 0.068366 80.023127 -12.179996 15.436026 0.320968 
245 0.037745 0.000000 0.091155 83.726734 -9.803827 5.225006 0.286642 
246 0.111016 0.000000 -0.136732 96.638121 -9.128178 -6.414238 0.053661 
247 0.111016 0.000000 -0.182309 97.144380 -8.213652 -3.817314 0.048093 
248 0.159863 0.000000 -0.136732 98.728250 -9.714469 -7.411010 0.010344 
249 0.086592 0.000000 -0.068366 92.088466 -12.458404 -15.339094 0.112921 
250 0.086592 0.000000 -0.091155 92.501135 -12.575481 -15.473757 0.104596 
251 0.111016 0.000000 -0.068366 92.744536 -12.423843 -15.414014 0.100651 
252 0.086592 0.000000 -0.045577 163.443044 -0.326568 -17.005409 -1.700292 
253 0.086592 0.000000 -0.113943 93.585464 -9.592663 -8.023706 0.108536 
254 0.062169 0.000000 -0.113943 91.129132 -9.198910 -5.631258 0.157915 
255 0.086592 0.000000 -0.136732 95.200636 -8.779256 -5.400988 0.083059 
256 0.111016 0.000000 -0.113943 96.021516 -10.002105 -8.929955 0.060008 
257 0.074381 0.000000 -0.079760 89.182473 -12.433541 -15.284170 0.165829 
258 0.062169 0.000000 -0.079760 81.002379 -12.112179 -15.440207 0.305351 
259 0.074381 0.000000 -0.091155 87.348148 -10.825002 -11.887997 0.211180 
260 0.086592 0.000000 -0.079760 92.203006 -12.476980 -15.367763 0.110676 
261 0.074381 0.000000 -0.068366 86.564035 -12.331383 -15.414533 0.211700 
262 0.111016 0.000000 0.136732 96.597968 -9.076959 6.454174 0.054478 
263 0.159863 0.000000 0.136732 98.697966 -9.692384 7.435651 0.010948 
264 0.111016 0.000000 0.182309 97.171122 -8.190585 3.830267 0.047602 
265 0.086592 0.000000 0.068366 92.038948 -12.361261 15.331058 0.114099 
266 0.086592 0.000000 0.045577 163.433886 -0.321914 16.978444 -1.699901 
267 0.111016 0.000000 0.068366 92.672054 -12.455812 15.403662 0.101947 
268 0.086592 0.000000 0.091155 92.459092 -12.456990 15.465707 0.105695 
269 0.086592 0.000000 0.113943 93.539034 -9.624882 8.041602 0.109314 
270 0.062169 0.000000 0.113943 91.077657 -9.242863 5.627328 0.158776 
271 0.111016 0.000000 0.113943 95.986342 -9.960000 8.963306 0.060708 
272 0.086592 0.000000 0.136732 95.175706 -8.791641 5.422487 0.083489 
273 0.074381 0.000000 0.079760 89.132909 -12.392883 15.275149 0.166841 
274 0.062169 0.000000 0.079760 80.962799 -12.258743 15.433433 0.305656 
275 0.074381 0.000000 0.068366 86.517127 -12.352847 15.405910 0.212485 
276 0.086592 0.000000 0.079760 92.151579 -12.387051 15.359441 0.111874 
277 0.074381 0.000000 0.091155 87.271375 -10.858455 11.891934 0.212438 
278 0.208710 0.000000 -0.045577 92.666810 -0.091383 -5.152545 0.138631 
279 0.208710 0.000000 -0.091155 100.531741 -12.708569 -12.780350 -0.043148 
280 0.257557 0.000000 -0.045577 79.726158 -0.058525 -3.956483 0.362808 
281 0.208710 0.000000 0.000000 93.818313 0.009562 0.025465 0.119812 
282 0.135439 0.000000 -0.068366 93.333558 -12.571462 -15.605866 0.088726 
283 0.135439 0.000000 -0.091155 94.501820 -12.598687 -15.198050 0.067970 
284 0.159863 0.000000 -0.068366 111.249706 -0.155807 -12.269168 -0.252705 
285 0.135439 0.000000 -0.045577 125.644579 -0.103378 -10.517562 -0.589719 
286 0.257557 0.000000 -0.273464 100.285263 -7.797969 -1.830693 -0.012129 
287 0.257557 0.000000 -0.364619 100.073356 -7.398637 -0.953656 -0.007033 
288 0.355251 0.000000 -0.273464 100.713511 -7.923915 -0.749712 -0.020656 
289 0.208710 0.000000 -0.136732 100.236936 -10.065612 -7.217953 -0.020086 
290 0.208710 0.000000 -0.182309 99.419446 -8.622420 -4.819012 0.001820 
291 0.257557 0.000000 -0.136732 101.302381 -10.128710 -6.263815 -0.040400 
292 0.135439 0.000000 -0.113943 97.272187 -10.378812 -9.231208 0.034519 
293 0.135439 0.000000 -0.136732 97.800829 -9.428078 -6.938343 0.029797 
294 0.159863 0.000000 -0.113943 98.484145 -10.832408 -9.679391 0.008984 
295 0.123228 0.000000 -0.079760 92.849456 -12.487497 -15.482044 0.098335 
296 0.111016 0.000000 -0.079760 92.742431 -12.477411 -15.450892 0.100443 
297 0.123228 0.000000 -0.091155 92.710395 -12.555718 -15.504246 0.100675 
298 0.135439 0.000000 -0.079760 94.450786 -12.605133 -15.410611 0.068267 
299 0.123228 0.000000 -0.068366 92.716739 -12.557315 -15.505468 0.100550 
300 0.208710 0.000000 0.045577 92.674821 -0.081218 5.193700 0.138440 
301 0.257557 0.000000 0.045577 79.749223 -0.065223 3.978326 0.362423 
302 0.208710 0.000000 0.091155 100.544362 -12.694222 12.781996 -0.043369 
303 0.135439 0.000000 0.068366 93.265109 -12.688563 15.598227 0.089732 
304 0.135439 0.000000 0.045577 125.484407 -0.214665 10.530152 -0.585727 
305 0.159863 0.000000 0.068366 111.247692 -0.129653 12.297173 -0.252729 
306 0.135439 0.000000 0.091155 94.454072 -12.663405 15.194219 0.068720 
307 0.257557 0.000000 0.273464 100.327407 -7.827869 1.840047 -0.013025 
308 0.355251 0.000000 0.273464 100.772330 -7.936698 0.759780 -0.021863 
309 0.257557 0.000000 0.364619 100.107600 -7.427138 0.959321 -0.007761 
310 0.208710 0.000000 0.136732 100.228390 -10.038082 7.207706 -0.019844 
311 0.257557 0.000000 0.136732 101.319932 -10.088322 6.255520 -0.040663 
312 0.208710 0.000000 0.182309 99.435502 -8.600141 4.803151 0.001555 
313 0.135439 0.000000 0.113943 97.239560 -10.343693 9.261530 0.035170 
314 0.159863 0.000000 0.113943 98.447434 -10.795459 9.703164 0.009741 
315 0.135439 0.000000 0.136732 97.766822 -9.399935 6.966532 0.030476 
316 0.123228 0.000000 0.079760 92.772723 -12.595897 15.472669 0.099516 
317 0.111016 0.000000 0.079760 92.666307 -12.520846 15.439872 0.101779 
318 0.123228 0.000000 0.068366 92.633380 -12.642269 15.493134 0.101919 
319 0.135439 0.000000 0.079760 94.405919 -12.671733 15.408377 0.068953 
320 0.123228 0.000000 0.091155 92.626632 -12.647267 15.491842 0.102036 
321 0.184287 0.000000 -0.068366 100.283828 -0.151918 -10.190848 -0.016072 
322 0.184287 0.000000 -0.091155 99.325481 -12.576249 -13.357532 -0.020214 
323 0.208710 0.000000 -0.068366 90.536530 -0.089263 -8.098566 0.173754 
324 0.184287 0.000000 -0.045577 101.567588 -0.131174 -6.668071 -0.036046 
325 0.184287 0.000000 0.068366 100.313596 -0.165065 10.207264 -0.016703 
326 0.184287 0.000000 0.045577 101.600784 -0.144165 6.704666 -0.036769 
327 0.208710 0.000000 0.068366 90.577703 -0.089391 8.120789 0.172972 
328 0.184287 0.000000 0.091155 99.342622 -12.571387 13.361535 -0.020553 
329 0.452945 0.000000 -0.091155 98.987750 -10.199887 0.000375 0.009739 
330 0.452945 0.000000 -0.182309 99.836811 -11.847630 0.000151 -0.010776 
331 0.550639 0.000000 -0.091155 101.131858 -7.517540 -0.004445 -0.028417 
332 0.452945 0.000000 0.000000 101.621048 -6.550800 -0.005120 -0.036975 
333 0.306404 0.000000 -0.136732 102.426873 -10.431327 -4.237674 -0.061803 
334 0.306404 0.000000 -0.182309 101.363053 -8.903599 -2.791202 -0.036153 
335 0.355251 0.000000 -0.136732 104.493094 -10.618435 -2.690297 -0.103880 
336 0.306404 0.000000 -0.091155 104.450464 -12.518142 -6.481231 -0.110861 
337 0.233134 0.000000 -0.113943 101.413859 -11.562444 -8.280681 -0.048703 
338 0.208710 0.000000 -0.113943 101.399619 -11.333633 -9.360693 -0.049796 
339 0.233134 0.000000 -0.136732 100.653864 -10.119403 -6.663941 -0.027801 
340 0.257557 0.000000 -0.113943 102.791962 -12.621711 -10.276468 -0.083110 
341 0.233134 0.000000 -0.091155 102.935665 -12.673599 -10.291405 -0.086228 
342 0.452945 0.000000 0.091155 99.004111 -10.189427 -0.005492 0.009436 
343 0.550639 0.000000 0.091155 101.139302 -7.511732 -0.004437 -0.028558 
344 0.452945 0.000000 0.182309 99.851788 -11.834412 -0.001143 -0.011043 
345 0.306404 0.000000 0.136732 102.447979 -10.416894 4.253632 -0.062219 
346 0.306404 0.000000 0.091155 104.518497 -12.574026 6.487055 -0.112430 
347 0.355251 0.000000 0.136732 104.534745 -10.695775 2.692953 -0.104916 
348 0.306404 0.000000 0.182309 101.334921 -8.891396 2.801293 -0.035567 
349 0.233134 0.000000 0.113943 101.411666 -11.531297 8.272948 -0.048574 
350 0.208710 0.000000 0.113943 101.401473 -11.283389 9.353351 -0.049706 
351 0.233134 0.000000 0.091155 102.932797 -12.621945 10.290849 -0.086038 
352 0.257557 0.000000 0.113943 102.774874 -12.624567 10.275203 -0.082763 
353 0.233134 0.000000 0.136732 100.669975 -10.079252 6.660629 -0.028040 
354 0.306404 0.000000 -0.045577 71.067864 0.096642 -2.112612 0.494489 
355 0.355251 0.000000 -0.045577 66.034793 -0.039265 -1.070595 0.563826 
356 0.306404 0.000000 0.000000 71.675518 0.010302 -0.019002 0.486262 
357 0.281981 0.000000 -0.113943 103.816220 -12.517111 -8.457260 -0.100601 
358 0.281981 0.000000 -0.136732 102.274709 -10.305201 -5.181623 -0.059316 
359 0.306404 0.000000 -0.113943 104.434057 -12.529671 -6.480966 -0.110547 
360 0.281981 0.000000 -0.091155 103.626025 -12.524738 -8.793880 -0.097255 
361 0.281981 0.000000 -0.068366 73.461620 0.086471 -4.548165 0.458270 
362 0.257557 0.000000 -0.068366 78.868174 -0.088286 -6.099707 0.374260 
363 0.306404 0.000000 -0.068366 70.455109 0.065192 -3.078357 0.502660 
364 0.281981 0.000000 -0.045577 74.586148 0.049541 -3.099114 0.442730 
365 0.269769 0.000000 -0.102549 102.962054 -12.566070 -10.010236 -0.085930 
366 0.257557 0.000000 -0.102549 102.765650 -12.609318 -10.273650 -0.082532 
367 0.269769 0.000000 -0.113943 102.920771 -12.553635 -10.289194 -0.085615 
368 0.281981 0.000000 -0.102549 103.664957 -12.523462 -9.178192 -0.098750 
369 0.269769 0.000000 -0.091155 102.844325 -12.581194 -10.281535 -0.084095 
370 0.306404 0.000000 0.045577 71.207168 0.011788 2.100439 0.492513 
371 0.355251 0.000000 0.045577 66.039421 -0.039855 1.075811 0.563764 
372 0.281981 0.000000 0.113943 103.840465 -12.504071 8.459881 -0.101076 
373 0.281981 0.000000 0.091155 103.643782 -12.513559 8.795798 -0.097599 
374 0.306404 0.000000 0.113943 104.511848 -12.597810 6.486868 -0.112351 
375 0.281981 0.000000 0.136732 102.259462 -10.349266 5.181548 -0.059095 
376 0.281981 0.000000 0.068366 73.490981 0.118044 4.550568 0.457835 
377 0.257557 0.000000 0.068366 78.913927 -0.071195 6.119043 0.373514 
378 0.281981 0.000000 0.045577 74.661402 0.039137 3.129544 0.441588 
379 0.306404 0.000000 0.068366 70.581406 -0.018296 3.066014 0.500886 
380 0.269769 0.000000 0.102549 102.955824 -12.560601 10.009642 -0.085786 
381 0.257557 0.000000 0.102549 102.748785 -12.613551 10.272353 -0.082194 
382 0.269769 0.000000 0.091155 102.833871 -12.577105 10.280375 -0.083867 
383 0.281981 0.000000 0.102549 103.686573 -12.491227 9.179792 -0.099120 
384 0.269769 0.000000 0.113943 102.916573 -12.541444 10.288167 -0.085496 
385 0.746027 0.000000 -1.093856 99.786120 -7.061019 -0.017776 -0.000713 
386 0.746027 0.000000 -1.458475 99.771702 -7.024266 -0.007701 -0.000373 
387 1.136804 0.000000 -1.093856 99.791477 -7.082760 0.004832 -0.000850 
388 0.550639 0.000000 -0.546928 99.837529 -7.222796 -0.002117 -0.001970 
389 0.550639 0.000000 -0.729237 99.817103 -7.125780 -0.066101 -0.001424 
390 0.746027 0.000000 -0.546928 99.818472 -7.239587 0.023748 -0.001614 
391 0.452945 0.000000 -0.273464 100.487230 -7.928173 0.142942 -0.016056 
392 0.452945 0.000000 -0.364619 100.375472 -7.481260 -0.043219 -0.013121 
393 0.550639 0.000000 -0.273464 101.603743 -12.015819 0.002165 -0.046770 
394 0.404098 0.000000 -0.136732 98.042865 -12.514884 -0.000374 0.023097 
395 0.404098 0.000000 -0.182309 101.902413 -9.100506 0.258954 -0.046699 
396 0.452945 0.000000 -0.136732 99.166131 -10.763608 -0.000285 0.005022 
397 0.404098 0.000000 -0.091155 101.103060 -12.531559 -1.663376 -0.038164 
398 0.330828 0.000000 -0.113943 104.427762 -12.554773 -6.483466 -0.110482 
399 0.330828 0.000000 -0.136732 102.846204 -10.551153 -3.939341 -0.070419 
400 0.355251 0.000000 -0.113943 105.306471 -12.608834 -4.692733 -0.127046 
401 0.330828 0.000000 -0.091155 104.421411 -12.555411 -6.483051 -0.110350 
402 0.746027 0.000000 1.093856 99.806327 -7.053003 0.007814 -0.001105 
403 1.136804 0.000000 1.093856 99.799391 -7.085658 -0.024619 -0.001013 
404 0.746027 0.000000 1.458475 99.781598 -7.029337 0.002925 -0.000578 
405 0.550639 0.000000 0.546928 99.864641 -7.226233 -0.004263 -0.002517 
406 0.746027 0.000000 0.546928 99.854761 -7.252864 -0.039543 -0.002358 
407 0.550639 0.000000 0.729237 99.849393 -7.118217 0.056421 -0.002057 
408 0.452945 0.000000 0.273464 100.554575 -7.941627 -0.169033 -0.017432 
409 0.550639 0.000000 0.273464 101.621501 -11.999823 0.000257 -0.047093 
410 0.452945 0.000000 0.364619 100.405526 -7.510356 0.033445 -0.013768 
411 0.404098 0.000000 0.136732 98.056679 -12.500139 -0.002098 0.022863 
412 0.404098 0.000000 0.091155 101.126707 -12.481328 1.662171 -0.038516 
413 0.452945 0.000000 0.136732 99.180829 -10.752463 -0.004121 0.004755 
414 0.404098 0.000000 0.182309 101.887511 -9.123554 -0.261196 -0.046437 
415 0.330828 0.000000 0.113943 104.537066 -12.641981 6.491174 -0.112995 
416 0.330828 0.000000 0.091155 104.530441 -12.642546 6.490739 -0.112858 
417 0.355251 0.000000 0.113943 105.405198 -12.634075 4.696253 -0.129193 
418 0.330828 0.000000 0.136732 102.866223 -10.534016 3.958240 -0.070809 
419 0.404098 0.000000 -0.045577 65.403803 -0.023128 0.896000 0.572154 
420 0.452945 0.000000 -0.045577 99.569880 -8.602219 -0.001271 0.001184 
421 0.404098 0.000000 0.000000 66.516644 0.003336 -0.001082 0.557554 
422 0.379675 0.000000 -0.113943 104.683231 -12.662217 -2.230606 -0.112389 
423 0.379675 0.000000 -0.136732 104.267014 -10.747521 -0.980696 -0.098808 
424 0.404098 0.000000 -0.113943 100.758396 -12.609028 -1.844583 -0.031464 
425 0.379675 0.000000 -0.091155 104.356224 -12.668716 -2.223735 -0.105566 
426 0.330828 0.000000 -0.068366 67.672091 -0.022769 -2.958919 0.541173 
427 0.355251 0.000000 -0.068366 64.733157 -0.050092 -1.787083 0.580642 
428 0.330828 0.000000 -0.045577 68.196422 -0.058552 -1.887025 0.534568 
429 0.343039 0.000000 -0.102549 104.823762 -12.564997 -6.159338 -0.118384 
430 0.330828 0.000000 -0.102549 104.424368 -12.555114 -6.483244 -0.110411 
431 0.343039 0.000000 -0.113943 104.906754 -12.576225 -6.007839 -0.119968 
432 0.355251 0.000000 -0.102549 105.419077 -12.619320 -4.816898 -0.129563 
433 0.343039 0.000000 -0.091155 104.673948 -12.559732 -6.498738 -0.115662 
434 0.404098 0.000000 0.045577 65.480057 -0.005136 -0.910871 0.571153 
435 0.452945 0.000000 0.045577 99.585247 -8.594285 -0.006302 0.000892 
436 0.330828 0.000000 0.068366 67.818791 -0.093448 2.975466 0.539175 
437 0.330828 0.000000 0.045577 68.277185 -0.078237 1.887445 0.533466 
438 0.355251 0.000000 0.068366 64.800753 -0.051963 1.792635 0.579765 
439 0.379675 0.000000 0.113943 104.754418 -12.630886 2.231042 -0.113801 
440 0.379675 0.000000 0.091155 104.420602 -12.630814 2.224215 -0.106815 
441 0.404098 0.000000 0.113943 100.784777 -12.557934 1.843619 -0.031867 
442 0.379675 0.000000 0.136732 104.318684 -10.795200 0.976285 -0.099988 
443 0.343039 0.000000 0.102549 104.933010 -12.632596 6.166023 -0.120854 
444 0.330828 0.000000 0.102549 104.533525 -12.642283 6.490941 -0.112922 
445 0.343039 0.000000 0.091155 104.783652 -12.634933 6.505973 -0.118158 
446 0.355251 0.000000 0.102549 105.515057 -12.637214 4.819942 -0.131636 
447 0.343039 0.000000 0.113943 105.012872 -12.635374 6.013884 -0.122352 
448 1.527580 0.000000 -0.364619 99.722204 -7.845803 0.149409 -0.000610 
449 1.527580 0.000000 -0.729237 99.734337 -7.263399 0.034963 0.000030 
450 1.918356 0.000000 -0.364619 99.809575 -6.983735 0.190695 -0.001076 
451 1.527580 0.000000 0.000000 100.773045 -8.225163 -0.059496 -0.022286 
452 0.941416 0.000000 -0.182309 102.393268 -8.093346 0.006933 -0.054988 
453 0.941416 0.000000 -0.364619 99.743756 -7.592278 -0.043199 -0.000646 
454 1.136804 0.000000 -0.182309 101.983676 -8.778098 0.017052 -0.047773 
455 0.941416 0.000000 0.000000 102.332008 -6.614600 -0.002357 -0.051559 
456 0.648333 0.000000 -0.091155 101.838189 -7.518443 -0.003035 -0.042754 
457 0.648333 0.000000 -0.182309 101.927032 -8.515371 -0.002682 -0.046163 
458 0.746027 0.000000 -0.091155 102.320723 -6.908643 -0.004042 -0.051726 
459 0.648333 0.000000 0.000000 101.981744 -6.561396 -0.004639 -0.044333 
460 0.501792 0.000000 -0.136732 99.713785 -9.665840 -0.002331 -0.003627 
461 0.501792 0.000000 -0.182309 101.084266 -9.897939 -0.002043 -0.031600 
462 0.550639 0.000000 -0.136732 101.614558 -7.231960 -0.005255 -0.037782 
463 0.501792 0.000000 -0.091155 99.713381 -9.575779 -0.000888 -0.003445 
464 0.428522 0.000000 -0.113943 98.317433 -12.229918 -0.964860 0.018318 
465 0.428522 0.000000 -0.136732 99.129066 -11.736700 0.000099 0.003568 
466 0.452945 0.000000 -0.113943 99.029354 -10.714510 -0.000880 0.007839 
467 0.428522 0.000000 -0.091155 98.472936 -11.970080 -0.853110 0.015907 
468 0.379675 0.000000 -0.068366 64.045601 -0.028904 -0.235784 0.589810 
469 0.404098 0.000000 -0.068366 98.050255 -11.914702 -0.000109 0.024419 
470 0.379675 0.000000 -0.045577 65.001849 -0.028151 -0.172950 0.577473 
471 0.391886 0.000000 -0.102549 102.989802 -12.681809 -2.057365 -0.077196 
472 0.379675 0.000000 -0.102549 104.692596 -12.661628 -2.230859 -0.112583 
473 0.391886 0.000000 -0.113943 102.801544 -12.676535 -1.994672 -0.073283 
474 0.404098 0.000000 -0.102549 100.860365 -12.622150 -1.883935 -0.033568 
475 0.391886 0.000000 -0.091155 102.630175 -12.670686 -1.929222 -0.069722 
476 0.379675 0.000000 0.068366 64.119285 -0.011480 0.246493 0.588866 
477 0.379675 0.000000 0.045577 65.089652 -0.027212 0.171951 0.576331 
478 0.404098 0.000000 0.068366 98.063873 -11.900213 -0.004118 0.024186 
479 1.527580 0.000000 0.364619 100.006035 -7.867480 -0.293018 -0.006319 
480 1.918356 0.000000 0.364619 99.800436 -7.064286 -0.371325 -0.001017 
481 1.527580 0.000000 0.729237 99.800235 -7.279024 -0.089783 -0.001308 
482 0.941416 0.000000 0.182309 102.386811 -8.106425 -0.004701 -0.054877 
483 1.136804 0.000000 0.182309 101.966799 -8.794296 -0.004746 -0.047457 
484 0.941416 0.000000 0.364619 99.777159 -7.604345 0.025505 -0.001331 
485 0.648333 0.000000 0.091155 101.842732 -7.517363 -0.004601 -0.042845 
486 0.746027 0.000000 0.091155 102.323925 -6.909715 -0.003648 -0.051793 
487 0.648333 0.000000 0.182309 101.935087 -8.515505 -0.001985 -0.046328 
488 0.501792 0.000000 0.136732 99.726971 -9.656680 -0.003683 -0.003872 
489 0.501792 0.000000 0.091155 99.727518 -9.565686 -0.004993 -0.003708 
490 0.550639 0.000000 0.136732 101.623823 -7.227223 -0.003466 -0.037963 
491 0.501792 0.000000 0.182309 101.096666 -9.890652 -0.001510 -0.031836 
492 0.428522 0.000000 0.113943 98.346504 -12.204816 0.963080 0.017808 
493 0.428522 0.000000 0.091155 98.500111 -11.946815 0.850860 0.015428 
494 0.452945 0.000000 0.113943 99.043506 -10.703328 -0.003836 0.007582 
495 0.428522 0.000000 0.136732 99.143452 -11.723062 -0.002769 0.003315 
496 0.391886 0.000000 0.102549 103.030540 -12.628474 2.057470 -0.077900 
497 0.379675 0.000000 0.102549 104.764252 -12.630769 2.231300 -0.114006 
498 0.391886 0.000000 0.091155 102.670481 -12.622404 1.929089 -0.070427 
499 0.404098 0.000000 0.102549 100.886682 -12.569995 1.883035 -0.033967 
500 0.391886 0.000000 0.113943 102.842094 -12.625887 1.994650 -0.073989 
501 1.332192 0.000000 -0.182309 100.293491 -9.304722 0.339965 -0.014548 
502 1.332192 0.000000 -0.364619 99.852519 -7.727471 0.187037 -0.003027 
503 1.527580 0.000000 -0.182309 100.596321 -9.482679 0.024539 -0.020954 
504 1.332192 0.000000 0.000000 100.473231 -7.301504 0.286608 -0.014826 
505 1.332192 0.000000 0.182309 101.015799 -9.624566 0.230623 -0.029688 
506 1.527580 0.000000 0.182309 101.248872 -9.939467 -0.177627 -0.035016 
507 1.332192 0.000000 0.364619 100.034503 -7.737473 -0.148748 -0.006679 
508 1.234498 0.000000 -0.091155 98.886805 -11.541160 0.017592 0.008820 
509 1.136804 0.000000 -0.091155 101.033277 -7.989349 0.004033 -0.027155 
510 1.234498 0.000000 -0.182309 100.814667 -12.501453 0.002864 -0.031988 
511 1.332192 0.000000 -0.091155 99.402587 -10.068031 0.131820 0.001774 
512 1.234498 0.000000 0.000000 76.077132 -0.033963 0.004726 0.421227 
513 1.234498 0.000000 0.091155 98.828974 -11.561853 0.023290 0.009916 
514 1.136804 0.000000 0.091155 101.010458 -7.995148 -0.001431 -0.026704 
515 1.332192 0.000000 0.091155 99.531510 -10.153551 0.149098 -0.000964 
516 1.234498 0.000000 0.182309 100.785548 -12.507360 0.001725 -0.031416 
517 4.263014 0.000000 -8.750848 99.756189 -6.977127 -0.000350 0.000002 
518 4.263014 0.000000 -11.667797 99.756318 -6.975959 -0.000174 0.000001 
519 7.389224 0.000000 -8.750848 99.756161 -6.977321 -0.000607 0.000003 
520 2.699909 0.000000 -4.375424 99.754539 -6.985001 -0.001028 0.000024 
521 2.699909 0.000000 -5.833899 99.755906 -6.980957 -0.000514 0.000003 
522 4.263014 0.000000 -4.375424 99.754929 -6.989893 -0.002168 0.000010 
523 1.918356 0.000000 -2.187712 99.762311 -7.019706 0.004448 -0.000180 
524 1.918356 0.000000 -2.916949 99.762505 -7.002468 0.004117 -0.000159 
525 2.699909 0.000000 -2.187712 99.750651 -7.040531 -0.001113 0.000024 
526 1.527580 0.000000 -1.093856 99.771940 -7.102722 0.018302 -0.000489 
527 1.527580 0.000000 -1.458475 99.762786 -7.059931 0.014201 -0.000246 
528 1.918356 0.000000 -1.093856 99.754155 -7.154282 0.028693 -0.000208 
529 1.332192 0.000000 -0.546928 99.797351 -7.363010 0.064210 -0.001373 
530 1.136804 0.000000 -0.546928 99.806251 -7.298931 0.002940 -0.001456 
531 1.332192 0.000000 -0.729237 99.781392 -7.217545 0.040280 -0.000842 
532 1.527580 0.000000 -0.546928 99.742676 -7.407711 0.084315 -0.000348 
533 1.234498 0.000000 -0.273464 100.177756 -8.191618 0.061300 -0.010269 
534 1.136804 0.000000 -0.273464 101.980944 -12.165978 0.003847 -0.054812 
535 1.234498 0.000000 -0.364619 99.934203 -7.704050 0.049160 -0.004620 
536 1.332192 0.000000 -0.273464 100.631496 -13.164126 0.004548 -0.029999 
537 10.515434 0.000000 -2.916949 99.754031 -7.007024 -0.018720 0.000003 
538 10.515434 0.000000 -5.833899 99.755838 -6.981761 -0.002683 0.000003 
539 13.641644 0.000000 -2.916949 99.754409 -7.002848 -0.022945 0.000002 
540 10.515434 0.000000 0.000000 99.862210 -5.459987 0.209579 -0.000232 
541 5.826119 0.000000 -1.458475 99.744163 -7.122174 -0.066578 0.000037 
542 5.826119 0.000000 -2.916949 99.753243 -7.011459 -0.010296 0.000013 
543 7.389224 0.000000 -1.458475 99.746558 -7.109512 -0.082977 0.000007 
544 5.826119 0.000000 0.000000 99.878684 -5.213666 -5.315155 -0.003118 
545 3.481461 0.000000 -0.729237 99.714094 -7.479483 -0.085568 0.000115 
546 3.481461 0.000000 -1.458475 99.741178 -7.129156 -0.025944 0.000087 
547 4.263014 0.000000 -0.729237 99.716988 -7.486335 -0.136740 0.000046 
548 3.481461 0.000000 0.000000 100.044314 -2.703022 0.435942 -0.001636 
549 2.309132 0.000000 -0.364619 99.170694 -7.037293 -0.101857 0.011564 
550 2.309132 0.000000 -0.729237 99.645030 -7.432560 0.008761 0.001562 
551 2.699909 0.000000 -0.364619 99.776741 -6.966158 0.133356 -0.000394 
552 2.309132 0.000000 0.000000 139.321409 -3.534394 0.091177 -0.942296 
553 1.722968 0.000000 -0.182309 101.432707 -9.633948 -0.203920 -0.038145 
554 1.722968 0.000000 -0.364619 99.633476 -7.756100 0.132121 0.001300 
555 1.918356 0.000000 -0.182309 102.027135 -8.938569 -0.195648 -0.048947 
556 1.722968 0.000000 0.000000 101.331876 -8.494754 -0.385596 -0.034046 
557 1.429886 0.000000 -0.091155 100.519156 -9.573238 0.164345 -0.019577 
558 1.429886 0.000000 -0.182309 100.477513 -9.590800 0.297719 -0.018780 
559 1.527580 0.000000 -0.091155 100.813776 -9.296472 -0.035734 -0.024984 
560 1.429886 0.000000 0.000000 100.473231 -7.301520 0.286613 -0.014826 
561 1.283345 0.000000 -0.136732 98.883448 -11.009607 0.137366 0.010083 
562 1.234498 0.000000 -0.136732 99.126469 -11.773115 0.012972 0.003534 
563 1.283345 0.000000 -0.182309 99.436286 -11.900887 0.069620 -0.002921 
564 1.332192 0.000000 -0.136732 99.363265 -9.651944 0.229468 0.003373 
565 1.283345 0.000000 -0.091155 98.690231 -10.746505 0.140878 0.014473 
566 10.515434 0.000000 2.916949 99.752304 -7.032441 0.016967 0.000002 
567 13.641644 0.000000 2.916949 99.752637 -7.028504 0.023403 0.000001 
568 10.515434 0.000000 5.833899 99.755116 -6.993162 0.002023 0.000001 
569 5.826119 0.000000 1.458475 99.742429 -7.179700 0.044632 -0.000010 
570 7.389224 0.000000 1.458475 99.742677 -7.166211 0.071857 0.000004 
571 5.826119 0.000000 2.916949 99.751970 -7.034091 0.005126 0.000007 
572 3.481461 0.000000 0.729237 99.706056 -7.596297 0.016629 0.000100 
573 4.263014 0.000000 0.729237 99.707945 -7.611426 0.082204 0.000039 
574 3.481461 0.000000 1.458475 99.737007 -7.175319 0.004310 0.000104 
575 2.309132 0.000000 0.364619 99.211836 -7.229498 -0.085344 0.010474 
576 2.699909 0.000000 0.364619 99.774268 -7.172809 -0.290876 -0.000644 
577 2.309132 0.000000 0.729237 99.680970 -7.514699 -0.098541 0.000722 
578 1.722968 0.000000 0.182309 101.440371 -10.425449 -0.382604 -0.039899 
579 1.918356 0.000000 0.182309 101.782851 -10.398175 -0.503392 -0.046812 
580 1.722968 0.000000 0.364619 99.746614 -7.823437 -0.439814 -0.001079 
581 1.429886 0.000000 0.091155 100.806531 -9.721745 0.142608 -0.025649 
582 1.527580 0.000000 0.091155 101.073792 -9.444586 -0.069550 -0.030512 
583 1.429886 0.000000 0.182309 101.075148 -9.877562 0.121138 -0.031377 
584 4.263014 0.000000 8.750848 99.756099 -6.982003 -0.000233 -0.000003 
585 7.389224 0.000000 8.750848 99.755872 -6.983537 0.000096 -0.000000 
586 4.263014 0.000000 11.667797 99.756230 -6.979463 -0.000126 -0.000002 
587 2.699909 0.000000 4.375424 99.757053 -6.993378 -0.001874 -0.000038 
588 4.263014 0.000000 4.375424 99.754687 -7.001322 -0.000537 -0.000002 
589 2.699909 0.000000 5.833899 99.756096 -6.987070 -0.000846 -0.000010 
590 1.918356 0.000000 2.187712 99.762800 -7.031346 -0.014119 -0.000206 
591 2.699909 0.000000 2.187712 99.748958 -7.059518 -0.009043 0.000031 
592 1.918356 0.000000 2.916949 99.765889 -7.011540 -0.009341 -0.000239 
593 1.527580 0.000000 1.093856 99.784821 -7.118781 -0.051894 -0.000769 
594 1.918356 0.000000 1.093856 99.754399 -7.178996 -0.072083 -0.000248 
595 1.527580 0.000000 1.458475 99.770639 -7.069973 -0.032636 -0.000417 
596 1.332192 0.000000 0.546928 99.901882 -7.372906 -0.090498 -0.003475 
597 1.136804 0.000000 0.546928 99.863398 -7.307197 -0.016161 -0.002609 
598 1.527580 0.000000 0.546928 99.870013 -7.430361 -0.172638 -0.002926 
599 1.332192 0.000000 0.729237 99.840403 -7.220267 -0.065585 -0.002024 
600 1.234498 0.000000 0.273464 100.273382 -8.198881 0.028263 -0.012197 
601 1.136804 0.000000 0.273464 101.968409 -12.181200 0.002052 -0.054594 
602 1.332192 0.000000 0.273464 100.943053 -13.173854 0.017351 -0.036305 
603 1.234498 0.000000 0.364619 100.023531 -7.711848 -0.017558 -0.006418 
604 1.283345 0.000000 0.136732 99.053690 -11.147149 0.120096 0.006409 
605 1.234498 0.000000 0.136732 99.075150 -11.785229 0.016703 0.004522 
606 1.283345 0.000000 0.091155 98.793592 -10.854007 0.085079 0.012201 
607 1.332192 0.000000 0.136732 99.732725 -9.818002 0.087313 -0.004302 
608 1.283345 0.000000 0.182309 99.699298 -12.093602 0.142753 -0.008623 
609 2.113744 0.000000 -0.182309 100.468965 -5.665882 3.344203 -0.013730 
610 2.113744 0.000000 -0.364619 99.556373 -6.891637 0.493373 0.004079 
611 2.309132 0.000000 -0.182309 97.871984 -5.316010 -2.621709 0.038594 
612 2.113744 0.000000 0.000000 102.243467 1.019058 0.184604 -0.045480 
613 2.113744 0.000000 0.182309 100.770909 -5.883859 -3.519638 -0.020178 
614 2.309132 0.000000 0.182309 97.896695 -5.616402 2.363466 0.037911 
615 2.113744 0.000000 0.364619 99.625223 -7.011777 -0.652719 0.002522 
616 2.016050 0.000000 -0.091155 101.885693 -9.088489 -0.164056 -0.046332 
617 1.918356 0.000000 -0.091155 101.969604 -8.670162 -0.328067 -0.047308 
618 2.016050 0.000000 -0.182309 102.116419 -8.526834 -0.090952 -0.050048 
619 2.113744 0.000000 -0.091155 105.552964 -8.032032 11.052942 -0.132811 
620 2.016050 0.000000 0.000000 101.845069 -8.410513 -0.415093 -0.044333 
621 2.016050 0.000000 0.091155 101.720947 -8.941166 -0.023471 -0.042710 
622 1.918356 0.000000 0.091155 101.784172 -9.220213 -0.400620 -0.044519 
623 2.113744 0.000000 0.091155 106.416951 -8.264145 -11.155595 -0.151731 
624 2.016050 0.000000 0.182309 101.665654 -9.395766 -0.131431 -0.042420 
625 2.309132 0.000000 -1.093856 99.719145 -7.209288 0.009746 0.000412 
626 2.309132 0.000000 -1.458475 99.742158 -7.100484 0.003344 0.000109 
627 2.699909 0.000000 -1.093856 99.726742 -7.229207 -0.018677 0.000232 
628 2.113744 0.000000 -0.546928 99.510087 -7.400023 0.103643 0.004297 
629 1.918356 0.000000 -0.546928 99.604425 -7.398795 0.073497 0.002421 
630 2.113744 0.000000 -0.729237 99.678271 -7.372838 0.058471 0.000988 
631 2.309132 0.000000 -0.546928 99.541928 -7.479291 0.018300 0.003546 
632 2.016050 0.000000 -0.273464 100.096696 -5.903072 0.510391 -0.005446 
633 1.918356 0.000000 -0.273464 102.266109 -10.885503 -0.163641 -0.057688 
634 2.016050 0.000000 -0.364619 99.779071 -6.801587 0.296537 -0.000221 
635 2.113744 0.000000 -0.273464 99.463872 -6.172053 1.153139 0.006751 
636 3.090685 0.000000 -0.364619 99.765827 -6.946565 0.412518 -0.000165 
637 3.090685 0.000000 -0.729237 99.715984 -7.476097 -0.062237 0.000083 
638 3.481461 0.000000 -0.364619 99.744554 -7.037276 0.654846 0.000107 
639 3.090685 0.000000 0.000000 99.992153 -3.077472 0.165407 -0.000793 
640 2.504521 0.000000 -0.182309 100.330738 -4.868599 -0.368244 -0.009010 
641 2.504521 0.000000 -0.364619 99.649883 -6.937529 -0.132920 0.002175 
642 2.699909 0.000000 -0.182309 100.006561 -4.747987 0.222693 -0.002391 
643 2.504521 0.000000 0.000000 101.325043 -3.333703 0.071738 -0.027788 
644 2.211438 0.000000 -0.091155 88.348541 -7.492614 15.973775 0.188323 
645 2.211438 0.000000 -0.182309 96.249385 -5.657103 2.310013 0.069872 
646 2.309132 0.000000 -0.091155 107.805402 -4.356522 -18.470247 -0.198213 
647 2.211438 0.000000 0.000000 150.627812 -0.280557 0.069899 -1.268882 
648 2.064897 0.000000 -0.136732 102.083122 -7.930538 -0.062921 -0.048386 
649 2.016050 0.000000 -0.136732 101.905442 -10.168303 -0.174140 -0.048814 
650 2.064897 0.000000 -0.182309 101.161236 -5.045074 1.883891 -0.026260 
651 2.113744 0.000000 -0.136732 102.912096 -6.331992 6.284847 -0.067049 
652 2.064897 0.000000 -0.091155 102.256350 -8.098321 2.712044 -0.052930 
653 3.090685 0.000000 0.364619 99.753505 -7.197743 -0.560926 -0.000288 
654 3.481461 0.000000 0.364619 99.725891 -7.312056 -0.782620 0.000067 
655 3.090685 0.000000 0.729237 99.703488 -7.584032 -0.003583 0.000170 
656 2.504521 0.000000 0.182309 100.307631 -5.192413 0.187027 -0.008862 
657 2.699909 0.000000 0.182309 99.992985 -5.056562 -0.396458 -0.002432 
658 2.504521 0.000000 0.364619 99.631459 -7.131126 0.000801 0.002272 
659 2.211438 0.000000 0.091155 88.499183 -7.684925 -16.016374 0.185231 
660 2.309132 0.000000 0.091155 107.813732 -4.522435 18.227766 -0.197650 
661 2.211438 0.000000 0.182309 96.388243 -5.935109 -2.584560 0.066740 
662 2.309132 0.000000 1.093856 99.723631 -7.245062 -0.052018 0.000270 
663 2.699909 0.000000 1.093856 99.714545 -7.284787 -0.017002 0.000394 
664 2.309132 0.000000 1.458475 99.739657 -7.131205 -0.028356 0.000115 
665 2.113744 0.000000 0.546928 99.578470 -7.484392 -0.234072 0.002806 
666 1.918356 0.000000 0.546928 99.661153 -7.470221 -0.207093 0.001181 
667 2.309132 0.000000 0.546928 99.590604 -7.591941 -0.152995 0.002405 
668 2.113744 0.000000 0.729237 99.721653 -7.440533 -0.143111 0.000021 
669 2.016050 0.000000 0.273464 100.146720 -6.014175 -0.644341 -0.006595 
670 1.918356 0.000000 0.273464 101.516933 -12.454617 -0.247901 -0.046087 
671 2.113744 0.000000 0.273464 99.583557 -6.335947 -1.313548 0.004125 
672 2.016050 0.000000 0.364619 99.817307 -6.895441 -0.442601 -0.001124 
673 2.064897 0.000000 0.136732 101.809052 -8.035217 0.035700 -0.042965 
674 2.016050 0.000000 0.136732 101.715883 -10.089318 -0.021733 -0.044792 
675 2.064897 0.000000 0.091155 102.233004 -7.976759 -2.733046 -0.052269 
676 2.113744 0.000000 0.136732 103.471726 -6.608279 -6.436587 -0.079150 
677 2.064897 0.000000 0.182309 101.439352 -5.223347 -1.936013 -0.032097 
678 2.211438 0.000000 -0.273464 98.130701 -6.312049 0.740151 0.032998 
679 2.211438 0.000000 -0.364619 99.208993 -6.974784 0.308420 0.010883 
680 2.309132 0.000000 -0.273464 98.597985 -6.235781 -0.550539 0.023925 
681 2.162591 0.000000 -0.136732 98.288571 -6.361907 7.867842 0.023698 
682 2.162591 0.000000 -0.182309 98.393971 -5.790759 3.779300 0.027081 
683 2.211438 0.000000 -0.136732 93.447451 -5.884663 5.472896 0.120299 
684 2.162591 0.000000 -0.091155 98.147113 -8.209620 15.351957 0.006406 
685 2.064897 0.000000 -0.045577 102.062520 -7.802024 -0.058106 -0.047763 
686 2.016050 0.000000 -0.045577 101.899850 -9.421188 -0.333577 -0.047245 
687 2.113744 0.000000 -0.045577 100.645843 1.116657 4.623355 -0.015221 
688 2.064897 0.000000 0.000000 94.550875 1.074747 0.237316 0.105892 
689 2.089321 0.000000 -0.113943 105.008772 -7.225404 5.424021 -0.110847 
690 2.064897 0.000000 -0.113943 102.903181 -7.363243 4.075088 -0.065989 
691 2.089321 0.000000 -0.136732 101.958965 -5.934864 -0.010322 -0.043085 
692 2.113744 0.000000 -0.113943 105.613708 -8.026885 10.911088 -0.133774 
693 2.089321 0.000000 -0.091155 104.906901 -7.251893 5.229651 -0.108540 
694 2.064897 0.000000 0.045577 101.830958 -7.807805 0.022930 -0.043051 
695 2.016050 0.000000 0.045577 101.667871 -9.150863 -0.112043 -0.042011 
696 2.113744 0.000000 0.045577 100.258127 1.162789 -4.331824 -0.007181 
697 2.211438 0.000000 0.273464 98.221669 -6.479504 -0.935148 0.030965 
698 2.309132 0.000000 0.273464 98.628605 -6.481985 0.329411 0.023027 
699 2.211438 0.000000 0.364619 99.276859 -7.131582 -0.491176 0.009300 
700 2.162591 0.000000 0.136732 98.632322 -6.725897 -8.139624 0.016017 
701 2.162591 0.000000 0.091155 98.640230 -8.455839 -15.443540 -0.003990 
702 2.211438 0.000000 0.136732 93.682214 -6.216743 -5.768059 0.115172 
703 2.162591 0.000000 0.182309 98.617978 -6.045146 -4.035578 0.022166 
704 2.089321 0.000000 0.113943 105.602083 -7.387285 -5.477070 -0.123637 
705 2.064897 0.000000 0.113943 103.099248 -7.377791 -4.103336 -0.070072 
706 2.089321 0.000000 0.091155 105.473590 -7.406733 -5.282416 -0.120744 
707 2.113744 0.000000 0.113943 106.479103 -8.258009 -11.012675 -0.152727 
708 2.089321 0.000000 0.136732 101.833793 -6.024722 0.000080 -0.040642 
709 2.162591 0.000000 -0.045577 119.954813 0.566207 8.807704 -0.446705 
710 2.211438 0.000000 -0.045577 151.200435 -0.181782 11.742257 -1.299949 
711 2.162591 0.000000 0.000000 121.671134 0.437881 0.075358 -0.480406 
712 2.138168 0.000000 -0.113943 101.874902 -8.284194 15.051454 -0.067367 
713 2.138168 0.000000 -0.136732 100.712380 -6.447723 7.717565 -0.024412 
714 2.162591 0.000000 -0.113943 98.177531 -7.409050 11.615390 0.017136 
715 2.138168 0.000000 -0.091155 101.552747 -8.299148 15.004154 -0.060696 
716 2.089321 0.000000 -0.068366 101.958943 -5.940014 -0.010417 -0.043091 
717 2.064897 0.000000 -0.068366 101.936285 -11.652681 -0.201144 -0.052683 
718 2.113744 0.000000 -0.068366 98.305784 1.306276 6.774102 0.028838 
719 2.089321 0.000000 -0.045577 95.733617 1.226907 2.616465 0.082672 
720 2.101533 0.000000 -0.102549 106.411088 -7.684137 7.722721 -0.144201 
721 2.089321 0.000000 -0.102549 105.650627 -7.330355 5.913112 -0.125075 
722 2.101533 0.000000 -0.113943 106.529384 -7.667479 7.331437 -0.146105 
723 2.113744 0.000000 -0.102549 105.507065 -8.051205 11.542586 -0.132979 
724 2.101533 0.000000 -0.091155 106.521002 -7.760939 7.885582 -0.146914 
725 2.162591 0.000000 0.045577 119.701609 0.653000 -8.694888 -0.440450 
726 2.211438 0.000000 0.045577 150.999152 -0.161533 -11.689499 -1.293741 
727 2.089321 0.000000 0.068366 101.833744 -6.029629 0.000079 -0.040647 
728 2.064897 0.000000 0.068366 101.585676 -11.118281 0.168153 -0.044329 
729 2.089321 0.000000 0.045577 95.272226 1.299684 -2.215423 0.091661 
730 2.113744 0.000000 0.068366 97.738217 1.315356 -6.558364 0.040250 
731 2.138168 0.000000 0.113943 102.555760 -8.536043 -15.165496 -0.082054 
732 2.138168 0.000000 0.091155 102.200922 -8.545790 -15.113363 -0.074647 
733 2.162591 0.000000 0.113943 98.627274 -7.775414 -11.847077 0.007185 
734 2.138168 0.000000 0.136732 101.125839 -6.761589 -7.945237 -0.033528 
735 2.101533 0.000000 0.102549 107.250211 -7.896224 -7.796415 -0.162574 
736 2.089321 0.000000 0.102549 106.344362 -7.511042 -5.969762 -0.140118 
737 2.101533 0.000000 0.091155 107.380481 -7.971432 -7.961826 -0.165750 
738 2.113744 0.000000 0.102549 106.375178 -8.282873 -11.649905 -0.152000 
739 2.101533 0.000000 0.113943 107.363607 -7.874801 -7.402585 -0.164375 
740 2.138168 0.000000 -0.068366 106.759952 1.016354 10.251547 -0.150381 
741 2.162591 0.000000 -0.068366 117.754230 0.697303 13.149857 -0.403946 
742 2.138168 0.000000 -0.045577 108.719251 0.872536 6.888041 -0.186808 
743 2.125956 0.000000 -0.102549 102.910294 -8.206403 14.851712 -0.087845 
744 2.125956 0.000000 -0.113943 103.596402 -8.180787 14.157405 -0.099957 
745 2.138168 0.000000 -0.102549 101.692191 -8.292482 15.024642 -0.063581 
746 2.125956 0.000000 -0.091155 103.481662 -8.186532 14.258148 -0.097877 
747 2.138168 0.000000 0.068366 106.305651 1.043707 -10.146196 -0.140493 
748 2.138168 0.000000 0.045577 108.470462 0.921103 -6.714591 -0.181178 
749 2.162591 0.000000 0.068366 117.381889 0.640704 -13.131621 -0.395136 
750 2.125956 0.000000 0.102549 103.678951 -8.481788 -14.976093 -0.104555 
751 2.125956 0.000000 0.091155 104.269586 -8.445807 -14.379339 -0.115024 
752 2.138168 0.000000 0.102549 102.354534 -8.541496 -15.135949 -0.077850 
753 2.125956 0.000000 0.113943 104.390195 -8.439049 -14.278444 -0.117240 
754 2.406827 0.000000 -0.091155 103.083385 -4.047781 -2.413056 -0.064839 
755 2.406827 0.000000 -0.182309 100.310787 -4.932296 -1.589582 -0.008911 
756 2.504521 0.000000 -0.091155 100.968835 -3.738611 -0.370956 -0.020882 
757 2.406827 0.000000 0.000000 105.825758 -3.723931 0.067308 -0.121296 
758 2.260285 0.000000 -0.136732 91.170177 -5.257793 -2.224462 0.165541 
759 2.260285 0.000000 -0.182309 95.779292 -5.514425 -0.672424 0.079547 
760 2.309132 0.000000 -0.136732 98.032248 -4.846681 -6.870043 0.031899 
761 2.260285 0.000000 -0.091155 71.740370 -6.452162 11.845529 0.467137 
762 2.187015 0.000000 -0.113943 95.235332 -6.922178 11.006061 0.076118 
763 2.187015 0.000000 -0.136732 95.862811 -6.140861 7.157259 0.072138 
764 2.211438 0.000000 -0.113943 90.605800 -6.420423 9.301958 0.166284 
765 2.187015 0.000000 -0.091155 92.228264 -7.833546 16.831862 0.114927 
766 2.150380 0.000000 -0.102549 100.615269 -8.312221 14.866481 -0.041354 
767 2.150380 0.000000 -0.113943 101.013437 -8.320822 14.925220 -0.049571 
768 2.162591 0.000000 -0.102549 98.220684 -8.210556 15.516109 0.004453 
769 2.150380 0.000000 -0.091155 99.914234 -8.284781 15.045067 -0.027785 
770 2.406827 0.000000 0.091155 103.060664 -4.233999 2.172694 -0.064415 
771 2.504521 0.000000 0.091155 100.955203 -3.933093 0.132784 -0.020744 
772 2.406827 0.000000 0.182309 100.292140 -5.262581 1.357417 -0.008805 
773 2.260285 0.000000 0.136732 91.313342 -5.533116 1.944389 0.162748 
774 2.260285 0.000000 0.091155 71.852374 -6.810230 -11.875913 0.464982 
775 2.309132 0.000000 0.136732 98.078835 -5.124852 6.592611 0.031082 
776 2.260285 0.000000 0.182309 95.868565 -5.774219 0.409243 0.077571 
777 2.187015 0.000000 0.113943 95.510106 -7.269983 -11.294448 0.069740 
778 2.187015 0.000000 0.091155 92.527866 -8.050217 -16.903617 0.108806 
779 2.211438 0.000000 0.113943 90.773389 -6.778666 -9.546912 0.162310 
780 2.187015 0.000000 0.136732 96.132380 -6.509643 -7.455697 0.066060 
781 2.150380 0.000000 0.102549 101.186199 -8.553730 -14.964506 -0.053575 
782 2.150380 0.000000 0.091155 100.464464 -8.527469 -15.141756 -0.039510 
783 2.162591 0.000000 0.102549 98.718510 -8.456605 -15.609092 -0.006050 
784 2.150380 0.000000 0.113943 101.607250 -8.560810 -15.026444 -0.062311 
785 2.260285 0.000000 -0.045577 184.236094 -1.919286 0.698655 -2.394711 
786 2.309132 0.000000 -0.045577 134.166248 -3.820301 -14.576372 -0.822765 
787 2.260285 0.000000 0.000000 169.818072 -1.975437 0.071403 -1.884208 
788 2.187015 0.000000 -0.068366 131.514078 0.363359 16.384992 -0.756455 
789 2.211438 0.000000 -0.068366 151.336821 0.016978 19.755041 -1.329310 
790 2.187015 0.000000 -0.045577 134.080165 0.228848 10.693416 -0.809189 
791 2.174803 0.000000 -0.102549 95.079418 -8.036381 16.347242 0.062809 
792 2.174803 0.000000 -0.113943 96.758789 -7.167728 11.275261 0.045923 
793 2.187015 0.000000 -0.102549 92.253437 -7.839932 16.836471 0.114437 
794 2.174803 0.000000 -0.091155 94.659414 -8.010793 16.474020 0.070403 
795 2.260285 0.000000 0.045577 184.071616 -1.961305 -0.662766 -2.388665 
796 2.309132 0.000000 0.045577 134.154747 -3.769756 14.553113 -0.822350 
797 2.187015 0.000000 0.068366 131.183963 0.386308 -16.379285 -0.747766 
798 2.187015 0.000000 0.045577 133.777221 0.282957 -10.634110 -0.800951 
799 2.211438 0.000000 0.068366 151.062734 -0.024928 -19.752514 -1.321011 
800 2.174803 0.000000 0.102549 95.486763 -8.281463 -16.432985 0.054365 
801 2.174803 0.000000 0.091155 95.055813 -8.257103 -16.559004 0.062201 
802 2.187015 0.000000 0.102549 92.559134 -8.061514 -16.909399 0.108189 
803 2.174803 0.000000 0.113943 97.153400 -7.536034 -11.553304 0.037095 
804 2.235862 0.000000 -0.068366 75.372109 -6.711169 12.444948 0.411913 
805 2.235862 0.000000 -0.091155 76.540674 -6.784748 12.637371 0.393579 
806 2.260285 0.000000 -0.068366 70.246063 -6.387843 11.598727 0.489016 
807 2.235862 0.000000 -0.045577 169.038781 -0.802899 10.166842 -1.867812 
808 2.235862 0.000000 -0.113943 86.969054 -5.891217 4.433235 0.238202 
809 2.235862 0.000000 -0.136732 91.452057 -5.569483 2.272040 0.160034 
810 2.260285 0.000000 -0.113943 84.274278 -5.356746 -3.443021 0.285730 
811 2.223650 0.000000 -0.079760 82.104805 -7.110059 14.116408 0.300898 
812 2.211438 0.000000 -0.079760 86.409141 -7.374671 15.376855 0.224263 
813 2.223650 0.000000 -0.091155 82.419646 -7.127988 14.214954 0.295413 
814 2.235862 0.000000 -0.079760 76.399562 -6.777059 12.614141 0.395806 
815 2.223650 0.000000 -0.068366 161.998093 -0.250856 17.946007 -1.656550 
816 2.235862 0.000000 0.068366 75.508975 -6.999351 -12.480190 0.409365 
817 2.235862 0.000000 0.045577 168.856424 -0.844615 -10.113218 -1.861548 
818 2.260285 0.000000 0.068366 70.363476 -6.803103 -11.629162 0.486746 
819 2.235862 0.000000 0.091155 76.675874 -7.071803 -12.672503 0.391021 
820 2.235862 0.000000 0.113943 87.113877 -6.197073 -4.686559 0.235080 
821 2.260285 0.000000 0.113943 84.396910 -5.630500 3.179903 0.283535 
822 2.235862 0.000000 0.136732 91.636309 -5.873193 -2.566469 0.156171 
823 2.223650 0.000000 0.079760 82.231883 -7.361790 -14.151765 0.298345 
824 2.211438 0.000000 0.079760 86.553866 -7.586313 -15.417436 0.221318 
825 2.223650 0.000000 0.068366 161.730076 -0.314569 -17.934874 -1.647838 
826 2.235862 0.000000 0.079760 76.535301 -7.064806 -12.649341 0.393243 
827 2.223650 0.000000 0.091155 82.546470 -7.376831 -14.250388 0.292859 
828 2.357979 0.000000 -0.045577 111.672533 -3.843818 -3.974997 -0.250133 
829 2.357979 0.000000 -0.091155 105.899419 -4.188898 -5.416980 -0.126158 
830 2.406827 0.000000 -0.045577 105.097817 -3.848449 -1.444764 -0.106245 
831 2.357979 0.000000 0.000000 113.902658 -3.690820 0.087485 -0.298745 
832 2.284709 0.000000 -0.068366 160.627089 -3.837828 -53.563126 -1.868480 
833 2.284709 0.000000 -0.091155 89.937576 -4.665386 -36.467783 0.055957 
834 2.309132 0.000000 -0.068366 122.577283 -4.067806 -20.962406 -0.548116 
835 2.284709 0.000000 -0.045577 165.730737 -3.258794 -18.403566 -1.781599 
836 2.248074 0.000000 -0.079760 73.611839 -6.580538 12.154656 0.439026 
837 2.248074 0.000000 -0.091155 73.906369 -6.603143 12.203192 0.434533 
838 2.260285 0.000000 -0.079760 70.805800 -6.403478 11.691145 0.480885 
839 2.248074 0.000000 -0.068366 72.945480 -6.533157 12.044666 0.449120 
840 2.357979 0.000000 0.045577 111.634240 -3.823369 3.964177 -0.249254 
841 2.406827 0.000000 0.045577 105.080160 -3.823779 1.404353 -0.105843 
842 2.357979 0.000000 0.091155 105.911404 -4.333120 5.169122 -0.126272 
843 2.284709 0.000000 0.068366 160.561284 -3.892925 53.290321 -1.863494 
844 2.284709 0.000000 0.045577 165.706155 -3.206791 18.364213 -1.780606 
845 2.309132 0.000000 0.068366 122.547243 -4.124303 20.801787 -0.546755 
846 2.284709 0.000000 0.091155 90.003284 -4.876073 36.157720 0.056825 
847 2.248074 0.000000 0.079760 73.739883 -6.882768 -12.188132 0.436651 
848 2.248074 0.000000 0.068366 73.068872 -6.848764 -12.077235 0.446817 
849 2.260285 0.000000 0.079760 70.916613 -6.796251 -11.720914 0.478727 
850 2.248074 0.000000 0.091155 74.035414 -6.905934 -12.236878 0.432132 
851 5.044566 0.000000 -0.729237 99.718334 -7.480202 -0.198535 0.000026 
852 5.044566 0.000000 -1.458475 99.743114 -7.126579 -0.053814 0.000052 
853 5.826119 0.000000 -0.729237 99.720942 -7.469085 -0.262557 -0.000012 
854 5.044566 0.000000 0.000000 100.041824 -2.855914 -2.468462 -0.002262 
855 3.872238 0.000000 -0.364619 99.734696 -7.204157 0.906886 0.000027 
856 3.872238 0.000000 -0.729237 99.715629 -7.486563 -0.109405 0.000073 
857 4.263014 0.000000 -0.364619 99.718800 -7.452795 1.172512 -0.000076 
858 3.872238 0.000000 0.000000 100.120201 -1.684172 0.570982 -0.002722 
859 5.044566 0.000000 0.729237 99.709982 -7.607324 0.151326 0.000003 
860 5.826119 0.000000 0.729237 99.712099 -7.598049 0.228063 -0.000029 
861 5.044566 0.000000 1.458475 99.740565 -7.177536 0.032949 0.000030 
862 4.653790 0.000000 -0.364619 99.692599 -7.836847 1.461318 -0.000217 
863 4.653790 0.000000 -0.729237 99.717370 -7.483481 -0.167846 0.000042 
864 5.044566 0.000000 -0.364619 99.648188 -8.483504 1.730305 -0.000473 
865 4.653790 0.000000 0.000000 100.069953 -2.441868 -2.249270 -0.002502 
866 3.872238 0.000000 0.364619 99.714810 -7.483914 -1.017732 -0.000009 
867 4.263014 0.000000 0.364619 99.699369 -7.747144 -1.278481 -0.000162 
868 3.872238 0.000000 0.729237 99.706582 -7.607927 0.048862 0.000071 
869 4.067626 0.000000 -0.182309 99.916662 -4.609209 1.490107 -0.000680 
870 3.872238 0.000000 -0.182309 99.914698 -4.625457 1.286800 -0.000600 
871 4.067626 0.000000 -0.364619 99.727680 -7.314530 1.038958 -0.000019 
872 4.263014 0.000000 -0.182309 99.918572 -4.592609 1.695336 -0.000769 
873 4.067626 0.000000 0.000000 100.227928 -0.156583 -7.168816 -0.009705 
874 4.653790 0.000000 0.364619 99.671120 -8.148609 -1.547505 -0.000313 
875 5.044566 0.000000 0.364619 99.623846 -8.835128 -1.785780 -0.000616 
876 4.653790 0.000000 0.729237 99.709224 -7.608935 0.114595 0.000016 
877 4.458402 0.000000 -0.182309 99.920065 -4.576528 1.904877 -0.000859 
878 4.458402 0.000000 -0.364619 99.707279 -7.618933 1.316099 -0.000132 
879 4.653790 0.000000 -0.182309 99.921110 -4.569408 2.118956 -0.000960 
880 4.458402 0.000000 0.000000 100.090611 -2.138773 -2.208693 -0.002758 
881 8.952329 0.000000 -1.458475 99.747901 -7.093084 -0.098370 0.000003 
882 8.952329 0.000000 -2.916949 99.753821 -7.008782 -0.016199 0.000005 
883 10.515434 0.000000 -1.458475 99.749289 -7.074719 -0.109652 0.000002 
884 8.952329 0.000000 0.000000 99.910930 -4.761798 0.362071 -0.000500 
885 6.607671 0.000000 -0.729237 99.724049 -7.428293 -0.325836 -0.000017 
886 6.607671 0.000000 -1.458475 99.745888 -7.116572 -0.073865 0.000011 
887 7.389224 0.000000 -0.729237 99.727818 -7.377330 -0.381565 -0.000021 
888 6.607671 0.000000 0.000000 100.010346 -3.334169 1.710759 -0.001611 
889 5.435343 0.000000 -0.364619 99.569903 -9.609542 1.739143 -0.000953 
890 5.435343 0.000000 -0.729237 99.719323 -7.472823 -0.230285 0.000016 
891 5.826119 0.000000 -0.364619 99.472980 -11.015178 0.613448 -0.001658 
892 5.435343 0.000000 0.000000 100.051078 -2.729358 -2.911764 -0.002615 
893 4.849178 0.000000 -0.182309 99.921056 -4.576723 2.333474 -0.001061 
894 4.849178 0.000000 -0.364619 99.673475 -8.116690 1.604250 -0.000326 
895 5.044566 0.000000 -0.182309 99.920578 -4.588989 2.524930 -0.001156 
896 4.849178 0.000000 0.000000 100.053762 -2.679852 -2.344161 -0.002343 
897 4.458402 0.000000 0.182309 99.892234 -4.977264 -1.974590 -0.000713 
898 4.263014 0.000000 0.182309 99.890511 -4.995995 -1.793593 -0.000629 
899 4.653790 0.000000 0.182309 99.894395 -4.953746 -2.151920 -0.000806 
900 4.458402 0.000000 0.364619 99.686684 -7.918905 -1.411072 -0.000214 
901 4.556096 0.000000 -0.091155 100.113739 -1.811427 -0.607274 -0.002641 
902 4.458402 0.000000 -0.091155 100.107264 -1.900032 -0.487025 -0.002531 
903 4.556096 0.000000 -0.182309 99.920675 -4.571821 2.011502 -0.000909 
904 4.653790 0.000000 -0.091155 100.120998 -1.711416 -0.720234 -0.002766 
905 4.556096 0.000000 0.000000 100.079354 -2.303732 -2.218001 -0.002610 
906 8.952329 0.000000 1.458475 99.743924 -7.150621 0.092596 0.000001 
907 10.515434 0.000000 1.458475 99.745306 -7.132059 0.109051 -0.000000 
908 8.952329 0.000000 2.916949 99.752155 -7.033779 0.013315 0.000003 
909 6.607671 0.000000 0.729237 99.714994 -7.558790 0.303103 -0.000031 
910 7.389224 0.000000 0.729237 99.718790 -7.507065 0.369209 -0.000033 
911 6.607671 0.000000 1.458475 99.742109 -7.172344 0.060058 0.000007 
912 5.435343 0.000000 0.364619 99.541650 -10.016681 -1.692586 -0.001174 
913 5.826119 0.000000 0.364619 99.453159 -11.299934 -0.359346 -0.001875 
914 5.435343 0.000000 0.729237 99.710746 -7.601529 0.189247 -0.000005 
915 5.239954 0.000000 -0.182309 99.894590 -4.964701 2.686482 -0.001079 
916 5.239954 0.000000 -0.364619 99.614319 -8.972118 1.802561 -0.000676 
917 5.435343 0.000000 -0.182309 100.133478 -1.550504 1.126039 -0.003039 
918 5.239954 0.000000 0.000000 100.038110 -2.913071 -2.645372 -0.002311 
919 5.239954 0.000000 0.182309 99.921014 -4.588502 -2.729196 -0.001271 
920 5.044566 0.000000 0.182309 99.905095 -4.812190 -2.553334 -0.001070 
921 5.435343 0.000000 0.182309 100.659856 5.975175 0.286042 -0.016819 
922 5.239954 0.000000 0.364619 99.587915 -9.353221 -1.823197 -0.000856 
923 5.142260 0.000000 -0.091155 100.155986 -1.224775 -1.035505 -0.003379 
924 5.044566 0.000000 -0.091155 100.149836 -1.310968 -1.014908 -0.003274 
925 5.142260 0.000000 -0.182309 99.919547 -4.605476 2.672114 -0.001227 
926 5.239954 0.000000 -0.091155 100.161241 -1.151960 -1.033429 -0.003467 
927 5.142260 0.000000 0.000000 100.038547 -2.904491 -2.547825 -0.002264 
928 6.216895 0.000000 -0.364619 99.479653 -10.920246 -1.421952 -0.001748 
929 6.216895 0.000000 -0.729237 99.722366 -7.448366 -0.295356 -0.000012 
930 6.607671 0.000000 -0.364619 99.559992 -9.774317 -2.469054 -0.001383 
931 6.216895 0.000000 0.000000 100.024363 -3.131704 2.840522 -0.002275 
932 5.630731 0.000000 -0.182309 100.217840 -0.346963 -1.980532 -0.004766 
933 5.630731 0.000000 -0.364619 99.517713 -10.358946 1.389905 -0.001301 
934 5.826119 0.000000 -0.182309 100.188177 -0.787688 -1.987906 -0.004224 
935 5.630731 0.000000 0.000000 100.085062 -2.246000 -3.238537 -0.003255 
936 6.216895 0.000000 0.364619 99.477268 -10.956922 1.572179 -0.001825 
937 6.607671 0.000000 0.364619 99.557122 -9.815866 2.452240 -0.001399 
938 6.216895 0.000000 0.729237 99.713591 -7.578832 0.265714 -0.000031 
939 6.021507 0.000000 -0.182309 100.166922 -1.093096 -2.171886 -0.003932 
940 6.021507 0.000000 -0.364619 99.458837 -11.218925 -0.455078 -0.001813 
941 6.216895 0.000000 -0.182309 100.143183 -1.431951 -2.318093 -0.003608 
942 6.021507 0.000000 0.000000 100.007925 -3.366990 4.379026 -0.003210 
943 6.021507 0.000000 0.182309 100.072837 -2.439051 1.800327 -0.002376 
944 5.826119 0.000000 0.182309 100.090945 -2.178712 1.556963 -0.002537 
945 6.216895 0.000000 0.182309 100.052479 -2.730265 2.039421 -0.002211 
946 6.021507 0.000000 0.364619 99.449928 -11.347483 0.701512 -0.001955 
947 5.923813 0.000000 -0.091155 100.154821 -1.265625 -0.640097 -0.003300 
948 5.826119 0.000000 -0.091155 100.160901 -1.177918 -0.706777 -0.003409 
949 5.923813 0.000000 -0.182309 100.177921 -0.935114 -2.084709 -0.004084 
950 6.021507 0.000000 -0.091155 100.147393 -1.372536 -0.580316 -0.003172 
951 5.923813 0.000000 0.000000 99.685816 -7.972351 6.574051 -0.004404 
952 3.286073 0.000000 -0.182309 99.906819 -4.673341 0.709282 -0.000372 
953 3.090685 0.000000 -0.182309 99.905300 -4.687441 0.542641 -0.000334 
954 3.286073 0.000000 -0.364619 99.753996 -6.988543 0.540649 0.000001 
955 3.481461 0.000000 -0.182309 99.909467 -4.652132 0.890653 -0.000434 
956 3.286073 0.000000 0.000000 100.018215 -2.956011 0.278448 -0.001246 
957 2.895297 0.000000 -0.182309 99.921529 -4.738800 0.396840 -0.000693 
958 2.895297 0.000000 -0.364619 99.781604 -6.959925 0.291239 -0.000489 
959 2.895297 0.000000 0.000000 100.010491 -3.180667 0.099228 -0.001222 
960 3.286073 0.000000 0.182309 99.882177 -5.033611 -0.877696 -0.000256 
961 3.090685 0.000000 0.182309 99.888681 -5.028385 -0.732200 -0.000357 
962 3.481461 0.000000 0.182309 99.883410 -5.023399 -1.057217 -0.000305 
963 3.286073 0.000000 0.364619 99.734065 -7.251752 -0.666137 0.000008 
964 3.188379 0.000000 -0.091155 99.965308 -3.598326 0.325938 -0.000612 
965 3.090685 0.000000 -0.091155 99.957499 -3.611565 0.297798 -0.000463 
966 3.188379 0.000000 -0.182309 99.906067 -4.672309 0.618412 -0.000344 
967 3.286073 0.000000 -0.091155 99.977120 -3.572021 0.359099 -0.000831 
968 3.188379 0.000000 0.000000 100.003530 -3.021402 0.211995 -0.000988 
969 2.895297 0.000000 0.182309 99.911857 -5.063394 -0.592586 -0.000837 
970 2.895297 0.000000 0.364619 99.776365 -7.194130 -0.452579 -0.000728 
971 2.992991 0.000000 -0.091155 99.966045 -3.644036 0.275697 -0.000657 
972 2.895297 0.000000 -0.091155 99.978728 -3.647982 0.230293 -0.000911 
973 2.992991 0.000000 -0.182309 99.908475 -4.709565 0.463822 -0.000410 
974 2.992991 0.000000 0.000000 99.996020 -3.142122 0.127800 -0.000909 
975 3.188379 0.000000 0.091155 99.961111 -3.735870 -0.801767 -0.000682 
976 3.090685 0.000000 0.091155 99.956466 -3.744393 -0.717942 -0.000583 
977 3.286073 0.000000 0.091155 99.965550 -3.750885 -0.914903 -0.000802 
978 3.188379 0.000000 0.182309 99.885905 -5.023813 -0.803139 -0.000308 
979 3.139532 0.000000 -0.045577 99.969861 -3.440425 0.295505 -0.000590 
980 3.090685 0.000000 -0.045577 99.968410 -3.427054 0.276891 -0.000550 
981 3.139532 0.000000 -0.091155 99.959812 -3.607957 0.315083 -0.000508 
982 3.188379 0.000000 -0.045577 99.973776 -3.453393 0.315977 -0.000678 
983 3.139532 0.000000 0.000000 99.996242 -3.052429 0.186423 -0.000860 
984 3.676849 0.000000 -0.182309 99.911979 -4.639296 1.086956 -0.000511 
985 3.676849 0.000000 -0.364619 99.739722 -7.112625 0.779465 0.000079 
986 3.676849 0.000000 0.000000 100.079647 -2.234768 0.595395 -0.002128 
987 3.676849 0.000000 0.182309 99.885100 -5.021961 -1.241921 -0.000380 
988 3.872238 0.000000 0.182309 99.887050 -5.018489 -1.424387 -0.000464 
989 3.676849 0.000000 0.364619 99.720148 -7.387482 -0.897212 0.000051 
990 3.774543 0.000000 -0.091155 100.039981 -2.814706 1.019368 -0.001696 
991 3.676849 0.000000 -0.091155 100.031040 -2.930679 0.615191 -0.001518 
992 3.774543 0.000000 -0.182309 99.913523 -4.630962 1.189357 -0.000557 
993 3.872238 0.000000 -0.091155 100.040389 -2.826445 1.311574 -0.001779 
994 3.774543 0.000000 0.000000 100.102925 -1.913431 0.588280 -0.002460 
995 4.067626 0.000000 0.182309 99.888586 -5.008975 -1.608684 -0.000541 
996 4.067626 0.000000 0.364619 99.707495 -7.599858 -1.143410 -0.000065 
997 3.969932 0.000000 -0.091155 100.063708 -2.499500 1.767113 -0.002212 
998 3.969932 0.000000 -0.182309 99.915700 -4.617225 1.388035 -0.000639 
999 4.067626 0.000000 -0.091155 100.261866 0.328136 -0.169921 -0.005258 
1000 3.969932 0.000000 0.000000 100.129274 -1.561148 1.350664 -0.003013 
1001 4.165320 0.000000 -0.091155 100.089986 -2.136447 -0.333223 -0.002268 
1002 4.165320 0.000000 -0.182309 99.917678 -4.600299 1.591315 -0.000724 
1003 4.263014 0.000000 -0.091155 100.095017 -2.069648 -0.215351 -0.002334 
1004 4.165320 0.000000 0.000000 100.134229 -1.504205 -2.253232 -0.003420 
1005 4.849178 0.000000 0.182309 99.897965 -4.908927 -2.327647 -0.000912 
1006 4.849178 0.000000 0.364619 99.650808 -8.445073 -1.678766 -0.000442 
1007 4.751484 0.000000 -0.091155 100.128432 -1.608513 -0.821956 -0.002897 
1008 4.751484 0.000000 -0.182309 99.921287 -4.570292 2.226935 -0.001011 
1009 4.849178 0.000000 -0.091155 100.135824 -1.505924 -0.906864 -0.003027 
1010 4.751484 0.000000 0.000000 100.061454 -2.566776 -2.293067 -0.002414 
1011 4.946872 0.000000 -0.091155 100.143024 -1.405765 -0.971816 -0.003155 
1012 4.946872 0.000000 -0.182309 99.920458 -4.588073 2.432312 -0.001106 
1013 4.946872 0.000000 0.000000 100.047090 -2.778025 -2.401926 -0.002291 
1014 5.337648 0.000000 -0.091155 100.165288 -1.096049 -1.010549 -0.003531 
1015 5.337648 0.000000 -0.182309 99.929673 -4.464944 1.356167 -0.000771 
1016 5.435343 0.000000 -0.091155 100.167761 -1.060537 -0.969254 -0.003564 
1017 5.337648 0.000000 0.000000 100.041815 -2.862054 -2.766308 -0.002421 
1018 8.170776 0.000000 -0.729237 99.732347 -7.314346 -0.423525 -0.000022 
1019 8.170776 0.000000 -1.458475 99.747227 -7.101609 -0.091163 0.000005 
1020 8.952329 0.000000 -0.729237 99.737236 -7.245580 -0.448981 -0.000022 
1021 8.170776 0.000000 0.000000 99.942703 -4.306284 0.524486 -0.000736 
1022 6.998448 0.000000 -0.364619 99.634288 -8.713725 -2.700503 -0.001021 
1023 6.998448 0.000000 -0.729237 99.725820 -7.404714 -0.355136 -0.000019 
1024 7.389224 0.000000 -0.364619 99.687226 -7.957874 -2.574408 -0.000750 
1025 6.998448 0.000000 0.000000 99.994606 -3.561117 1.160101 -0.001295 
1026 6.412283 0.000000 -0.182309 100.117078 -1.806807 -2.412265 -0.003251 
1027 6.412283 0.000000 -0.364619 99.517964 -10.374383 -2.082946 -0.001579 
1028 6.607671 0.000000 -0.182309 100.089965 -2.195491 -2.450523 -0.002883 
1029 6.412283 0.000000 0.000000 100.017441 -3.231767 2.163522 -0.001861 
1030 5.826119 0.000000 -4.375424 99.755013 -6.989204 -0.003341 0.000009 
1031 5.826119 0.000000 -5.833899 99.755687 -6.981887 -0.001485 0.000006 
1032 7.389224 0.000000 -4.375424 99.755139 -6.989154 -0.004354 0.000006 
1033 6.607671 0.000000 -2.187712 99.751273 -7.040408 -0.025945 0.000012 
1034 5.826119 0.000000 -2.187712 99.750931 -7.041739 -0.022482 0.000017 
1035 6.607671 0.000000 -2.916949 99.753415 -7.010813 -0.011912 0.000010 
1036 7.389224 0.000000 -2.187712 99.751543 -7.038646 -0.029217 0.000009 
1037 6.216895 0.000000 -1.093856 99.738683 -7.214447 -0.136139 0.000013 
1038 5.826119 0.000000 -1.093856 99.737907 -7.226754 -0.125418 0.000011 
1039 6.216895 0.000000 -1.458475 99.745516 -7.119738 -0.069010 0.000014 
1040 6.607671 0.000000 -1.093856 99.739584 -7.206368 -0.145124 0.000006 
1041 6.412283 0.000000 -0.546928 99.696249 -7.824734 -0.498789 -0.000082 
1042 6.216895 0.000000 -0.546928 99.694794 -7.843069 -0.445346 -0.000076 
1043 6.412283 0.000000 -0.729237 99.723241 -7.438740 -0.310453 -0.000016 
1044 6.607671 0.000000 -0.546928 99.698034 -7.800171 -0.550895 -0.000084 
1045 6.314589 0.000000 -0.273464 100.039885 -2.909279 0.787898 -0.001706 
1046 6.216895 0.000000 -0.273464 99.974832 -3.838889 1.042860 -0.001079 
1047 6.314589 0.000000 -0.364619 99.497665 -10.663291 -1.791654 -0.001670 
1048 6.412283 0.000000 -0.273464 100.341086 1.396678 0.392840 -0.007044 
1049 6.314589 0.000000 -0.182309 100.130313 -1.616598 -2.372531 -0.003432 
1050 6.021507 0.000000 -0.546928 99.693632 -7.854409 -0.392240 -0.000067 
1051 5.826119 0.000000 -0.546928 99.693343 -7.863747 -0.335053 -0.000071 
1052 6.021507 0.000000 -0.729237 99.721335 -7.456595 -0.281210 -0.000002 
1053 5.923813 0.000000 -0.273464 99.936011 -4.394112 2.623315 -0.001340 
1054 5.826119 0.000000 -0.273464 99.923016 -4.579190 2.908436 -0.001404 
1055 5.923813 0.000000 -0.364619 99.461023 -11.186940 0.091778 -0.001765 
1056 6.021507 0.000000 -0.273464 99.946965 -4.238168 2.219312 -0.001228 
1057 5.630731 0.000000 0.182309 100.108369 -1.913231 1.347988 -0.002716 
1058 5.630731 0.000000 0.364619 99.490400 -10.751314 -1.234555 -0.001545 
1059 8.170776 0.000000 0.729237 99.723425 -7.442375 0.420954 -0.000033 
1060 8.952329 0.000000 0.729237 99.728489 -7.371005 0.455665 -0.000031 
1061 8.170776 0.000000 1.458475 99.743283 -7.158879 0.082738 0.000002 
1062 6.998448 0.000000 0.364619 99.626015 -8.832419 2.619218 -0.001021 
1063 7.389224 0.000000 0.364619 99.674363 -8.142140 2.492904 -0.000749 
1064 6.998448 0.000000 0.729237 99.716765 -7.534952 0.337680 -0.000032 
1065 6.412283 0.000000 0.182309 100.030038 -3.051755 2.226581 -0.002028 
1066 6.607671 0.000000 0.182309 100.007273 -3.378222 2.347774 -0.001838 
1067 6.412283 0.000000 0.364619 99.516620 -10.394201 2.136961 -0.001616 
1068 5.826119 0.000000 4.375424 99.754367 -7.002759 0.000944 0.000003 
1069 7.389224 0.000000 4.375424 99.754279 -7.003941 0.002379 0.000003 
1070 5.826119 0.000000 5.833899 99.755309 -6.991252 0.000126 0.000000 
1071 6.607671 0.000000 2.187712 99.749093 -7.073994 0.018463 0.000008 
1072 5.826119 0.000000 2.187712 99.749304 -7.074618 0.013207 0.000003 
1073 7.389224 0.000000 2.187712 99.749261 -7.072970 0.022815 0.000006 
1074 6.607671 0.000000 2.916949 99.751967 -7.034389 0.007337 0.000006 
1075 6.216895 0.000000 1.093856 99.733615 -7.294112 0.112879 -0.000001 
1076 5.826119 0.000000 1.093856 99.732767 -7.303900 0.100289 0.000002 
1077 6.607671 0.000000 1.093856 99.734068 -7.286694 0.125868 0.000000 
1078 6.216895 0.000000 1.458475 99.741826 -7.174923 0.053796 0.000009 
1079 6.021507 0.000000 0.546928 99.682249 -8.029196 0.361923 -0.000115 
1080 5.826119 0.000000 0.546928 99.681288 -8.038043 0.305748 -0.000106 
1081 6.216895 0.000000 0.546928 99.683020 -8.015226 0.422450 -0.000113 
1082 6.021507 0.000000 0.729237 99.713221 -7.588410 0.244839 -0.000037 
1083 6.119201 0.000000 0.273464 99.955258 -4.122014 -1.424659 -0.001007 
1084 6.021507 0.000000 0.273464 99.939086 -4.351697 -1.980743 -0.001068 
1085 6.119201 0.000000 0.182309 100.063123 -2.578738 1.922736 -0.002298 
1086 6.216895 0.000000 0.273464 99.987817 -3.655130 -1.167081 -0.001229 
1087 6.119201 0.000000 0.364619 99.461196 -11.188706 1.172864 -0.001909 
1088 5.923813 0.000000 0.273464 99.925554 -4.544554 -2.453396 -0.001179 
1089 5.826119 0.000000 0.273464 99.911614 -4.743199 -2.794198 -0.001264 
1090 5.923813 0.000000 0.182309 100.082024 -2.306995 1.673407 -0.002453 
1091 5.923813 0.000000 0.364619 99.446800 -11.391570 0.174624 -0.001946 
1092 -8.241827 0.000000 -8.750848 99.756390 -6.975635 -0.000037 0.000000 
1093 -11.368037 0.000000 -8.750848 99.756401 -6.975613 -0.000024 0.000000 
1094 -8.241827 0.000000 -11.667797 99.756399 -6.975557 -0.000031 0.000000 
1095 10.515434 0.000000 -8.750848 99.756194 -6.977273 -0.000835 0.000002 
1096 10.515434 0.000000 -11.667797 99.756316 -6.975960 -0.000361 0.000001 
1097 13.641644 0.000000 -8.750848 99.756231 -6.977164 -0.001024 0.000001 
1098 -8.241827 0.000000 8.750848 99.756422 -6.976353 -0.000030 -0.000001 
1099 -11.368037 0.000000 8.750848 99.756413 -6.976096 -0.000024 -0.000001 
1100 -8.241827 0.000000 11.667797 99.756416 -6.976361 -0.000037 -0.000001 
1101 -3.552511 0.000000 -4.375424 99.756204 -6.976418 -0.000221 0.000003 
1102 -5.115617 0.000000 -4.375424 99.756282 -6.976067 -0.000107 0.000002 
1103 -3.552511 0.000000 -5.833899 99.756298 -6.976170 -0.000165 0.000001 
1104 10.515434 0.000000 8.750848 99.755782 -6.984290 0.000504 0.000000 
1105 13.641644 0.000000 8.750848 99.755754 -6.984615 0.000905 0.000000 
1106 10.515434 0.000000 11.667797 99.756043 -6.980877 0.000168 -0.000000 
1107 -3.552511 0.000000 4.375424 99.756466 -6.977589 0.000077 -0.000004 
1108 -5.115617 0.000000 4.375424 99.756417 -6.976877 0.000027 -0.000002 
1109 -3.552511 0.000000 5.833899 99.756504 -6.977518 -0.000006 -0.000005 
1110 -1.207854 0.000000 -2.187712 99.760837 -6.983417 -0.008310 -0.000099 
1111 -1.989406 0.000000 -2.187712 99.755705 -6.971985 -0.001723 0.000019 
1112 -1.207854 0.000000 -2.916949 99.754852 -6.978103 -0.000720 0.000028 
1113 3.481461 0.000000 -2.187712 99.746770 -7.043085 -0.011151 0.000098 
1114 3.481461 0.000000 -2.916949 99.751521 -7.009737 -0.004374 0.000050 
1115 4.263014 0.000000 -2.187712 99.748416 -7.042774 -0.014981 0.000065 
1116 -1.207854 0.000000 2.187712 99.761342 -6.983752 0.007791 -0.000110 
1117 -1.989406 0.000000 2.187712 99.754895 -6.969931 -0.000033 0.000038 
1118 -1.207854 0.000000 2.916949 99.760761 -6.973513 0.005786 -0.000084 
1119 -0.817078 0.000000 -1.093856 99.742436 -6.982820 -0.005625 0.000269 
1120 -1.207854 0.000000 -1.093856 99.746599 -6.987385 0.005153 0.000179 
1121 -0.817078 0.000000 -1.458475 99.756933 -6.983152 -0.014274 -0.000021 
1122 3.481461 0.000000 2.187712 99.746491 -7.066058 -0.000701 0.000071 
1123 4.263014 0.000000 2.187712 99.748764 -7.068380 0.002566 0.000022 
1124 3.481461 0.000000 2.916949 99.753924 -7.022093 -0.003447 -0.000016 
1125 -0.230913 0.000000 -0.546928 99.639587 -7.026259 0.028857 0.002258 
1126 -0.426301 0.000000 -0.546928 99.713626 -7.007681 0.030341 0.000808 
1127 -0.230913 0.000000 -0.729237 99.669235 -7.030002 -0.011050 0.001662 
1128 0.941416 0.000000 -0.546928 99.789887 -7.258432 0.001524 -0.001071 
1129 0.941416 0.000000 -0.729237 99.759857 -7.144232 0.007509 -0.000307 
1130 -0.817078 0.000000 1.093856 99.745891 -6.985136 0.008057 0.000196 
1131 -1.207854 0.000000 1.093856 99.750565 -6.986830 0.001266 0.000101 
1132 -0.817078 0.000000 1.458475 99.758364 -6.989067 0.014696 -0.000058 
1133 -0.230913 0.000000 0.546928 99.653093 -7.037439 -0.019159 0.001974 
1134 -0.426301 0.000000 0.546928 99.727342 -7.016337 -0.011798 0.000523 
1135 -0.230913 0.000000 0.729237 99.691915 -7.029738 0.026971 0.001210 
1136 -0.133219 0.000000 -0.273464 99.644026 -7.185720 0.500749 0.001918 
1137 -0.230913 0.000000 -0.273464 99.787591 -7.011030 0.391652 -0.000687 
1138 -0.133219 0.000000 -0.364619 99.440995 -7.103358 0.205282 0.006099 
1139 0.941416 0.000000 0.546928 99.833338 -7.267259 -0.026293 -0.001951 
1140 0.941416 0.000000 0.729237 99.795461 -7.150178 -0.024036 -0.001026 
1141 -0.133219 0.000000 0.273464 99.634452 -7.226895 -0.517558 0.002048 
1142 -0.230913 0.000000 0.273464 99.785714 -6.974196 -0.387773 -0.000598 
1143 -0.133219 0.000000 0.364619 99.450363 -7.103017 -0.198624 0.005913 
1144 0.037745 0.000000 -0.113943 88.824929 -8.853298 -2.037351 0.202760 
1145 0.013322 0.000000 -0.113943 88.040352 -8.440250 3.958716 0.216199 
1146 0.037745 0.000000 -0.136732 92.829154 -8.291826 -1.021498 0.131295 
1147 0.648333 0.000000 -0.273464 101.608631 -11.217270 0.000717 -0.045014 
1148 0.648333 0.000000 -0.364619 99.809268 -7.557251 0.118377 -0.001902 
1149 0.746027 0.000000 -0.273464 102.677878 -10.315271 0.002171 -0.064915 
1150 0.648333 0.000000 0.273464 101.624801 -11.205419 -0.000193 -0.045316 
1151 0.746027 0.000000 0.273464 102.681958 -10.328939 -0.001543 -0.065027 
1152 0.648333 0.000000 0.364619 99.843550 -7.569550 -0.133382 -0.002605 
1153 0.037745 0.000000 0.113943 88.768529 -8.868155 2.040954 0.203734 
1154 0.013322 0.000000 0.113943 87.991944 -8.459473 -3.969428 0.217010 
1155 0.037745 0.000000 0.136732 92.787025 -8.305964 1.031026 0.132052 
1156 0.098804 0.000000 -0.079760 92.673651 -12.482010 -15.438311 0.101745 
1157 0.098804 0.000000 -0.091155 92.788630 -12.575407 -15.519315 0.099128 
1158 0.098804 0.000000 -0.068366 92.665755 -12.472360 -15.430574 0.101940 
1159 0.098804 0.000000 0.079760 92.613228 -12.442339 15.428979 0.102992 
1160 0.098804 0.000000 0.068366 92.606720 -12.429319 15.421422 0.103169 
1161 0.098804 0.000000 0.091155 92.709847 -12.585626 15.507772 0.100600 
1162 0.233134 0.000000 -0.068366 84.318058 -0.082418 -6.232438 0.285162 
1163 0.233134 0.000000 -0.045577 85.759491 -0.064473 -4.711798 0.262310 
1164 0.184287 0.000000 -0.113943 99.734360 -11.181913 -9.810506 -0.016822 
1165 0.184287 0.000000 -0.136732 99.284411 -9.902616 -7.643081 -0.001387 
1166 0.233134 0.000000 0.068366 84.362754 -0.064169 6.246979 0.284390 
1167 0.233134 0.000000 0.045577 85.775636 -0.057732 4.745643 0.262002 
1168 0.184287 0.000000 0.113943 99.695898 -11.152166 9.823285 -0.016014 
1169 0.184287 0.000000 0.136732 99.282895 -9.849650 7.643709 -0.001254 
1170 0.501792 0.000000 -0.045577 100.487036 -8.062726 -0.003150 -0.016265 
1171 0.550639 0.000000 -0.045577 101.619760 -6.773947 -0.005063 -0.037246 
1172 0.501792 0.000000 0.000000 101.621048 -6.550800 -0.005120 -0.036975 
1173 0.501792 0.000000 0.045577 100.493362 -8.058014 -0.005291 -0.016385 
1174 0.550639 0.000000 0.045577 101.622005 -6.772768 -0.004676 -0.037290 
1175 0.428522 0.000000 -0.068366 99.123662 -10.882036 0.000448 0.005608 
1176 0.452945 0.000000 -0.068366 99.278801 -9.381485 -0.000450 0.005571 
1177 0.428522 0.000000 -0.045577 99.068730 -11.118441 0.001012 0.006177 
1178 0.367463 0.000000 -0.102549 105.209972 -12.637706 -3.266153 -0.123952 
1179 0.367463 0.000000 -0.113943 105.238519 -12.647757 -2.773785 -0.124281 
1180 0.367463 0.000000 -0.091155 105.530377 -12.641023 -3.015495 -0.130555 
1181 0.428522 0.000000 0.068366 99.139403 -10.870393 -0.004561 0.005321 
1182 0.428522 0.000000 0.045577 99.085414 -11.105648 -0.004491 0.005875 
1183 0.452945 0.000000 0.068366 99.294948 -9.372385 -0.005872 0.005267 
1184 0.367463 0.000000 0.102549 105.297420 -12.632758 3.267676 -0.125781 
1185 0.367463 0.000000 0.091155 105.620600 -12.633672 3.016438 -0.132442 
1186 0.367463 0.000000 0.113943 105.322511 -12.632689 2.774584 -0.126011 
1187 1.722968 0.000000 -0.546928 99.748279 -7.431134 0.059821 -0.000494 
1188 1.722968 0.000000 -0.729237 99.675201 -7.300613 0.024812 0.001155 
1189 1.722968 0.000000 0.546928 99.824423 -7.460762 -0.192356 -0.002062 
1190 1.722968 0.000000 0.729237 99.737842 -7.336077 -0.102715 -0.000147 
1191 1.429886 0.000000 -0.273464 100.494302 -11.996195 0.045449 -0.024302 
1192 1.429886 0.000000 -0.364619 99.745251 -7.747209 0.180282 -0.000917 
1193 1.527580 0.000000 -0.273464 101.198516 -13.077666 -0.144284 -0.041219 
1194 1.429886 0.000000 0.273464 100.933594 -12.236606 0.147908 -0.033735 
1195 1.527580 0.000000 0.273464 101.413634 -13.472052 -0.094403 -0.046623 
1196 1.429886 0.000000 0.364619 100.014573 -7.770308 -0.209849 -0.006334 
1197 8.952329 0.000000 -4.375424 99.755254 -6.988865 -0.005249 0.000004 
1198 8.952329 0.000000 -5.833899 99.755785 -6.981897 -0.002325 0.000004 
1199 10.515434 0.000000 -4.375424 99.755346 -6.988474 -0.006071 0.000003 
1200 5.044566 0.000000 -2.187712 99.749882 -7.040026 -0.018626 0.000040 
1201 5.044566 0.000000 -2.916949 99.752349 -7.011506 -0.009257 0.000031 
1202 3.090685 0.000000 -1.093856 99.728071 -7.237018 -0.040525 0.000194 
1203 3.090685 0.000000 -1.458475 99.739630 -7.125829 -0.017696 0.000123 
1204 3.481461 0.000000 -1.093856 99.733262 -7.242586 -0.049272 0.000082 
1205 3.872238 0.000000 -1.093856 99.733226 -7.243087 -0.065540 0.000082 
1206 3.872238 0.000000 -1.458475 99.742310 -7.134468 -0.033099 0.000057 
1207 4.263014 0.000000 -1.093856 99.733655 -7.238928 -0.080360 0.000079 
1208 2.504521 0.000000 -0.546928 99.630948 -7.550793 -0.058382 0.001666 
1209 2.504521 0.000000 -0.729237 99.651098 -7.455249 -0.048295 0.001408 
1210 2.699909 0.000000 -0.546928 99.693679 -7.551669 -0.044079 0.000414 
1211 8.952329 0.000000 4.375424 99.754274 -7.004371 0.003744 0.000002 
1212 10.515434 0.000000 4.375424 99.754299 -7.004400 0.005039 0.000002 
1213 8.952329 0.000000 5.833899 99.755130 -6.992891 0.001413 0.000001 
1214 5.044566 0.000000 2.187712 99.748579 -7.070172 0.008371 0.000023 
1215 5.044566 0.000000 2.916949 99.753982 -7.037009 0.000436 -0.000038 
1216 3.090685 0.000000 1.093856 99.722968 -7.301474 0.000546 0.000202 
1217 3.481461 0.000000 1.093856 99.727631 -7.309692 0.012756 0.000097 
1218 3.090685 0.000000 1.458475 99.736934 -7.166822 -0.006380 0.000118 
1219 2.504521 0.000000 0.546928 99.638292 -7.674442 -0.065168 0.001331 
1220 2.699909 0.000000 0.546928 99.705286 -7.696914 -0.088908 -0.000039 
1221 2.504521 0.000000 0.729237 99.675719 -7.535281 -0.047934 0.000797 
1222 2.895297 0.000000 -0.546928 99.708824 -7.548696 -0.012823 0.000117 
1223 2.895297 0.000000 -0.729237 99.705791 -7.464412 -0.064322 0.000303 
1224 3.090685 0.000000 -0.546928 99.712909 -7.561967 0.010008 0.000015 
1225 3.286073 0.000000 -0.546928 99.709615 -7.586935 0.021166 0.000043 
1226 3.286073 0.000000 -0.729237 99.715106 -7.476275 -0.073392 0.000100 
1227 3.481461 0.000000 -0.546928 99.705202 -7.609282 0.018915 0.000097 
1228 2.406827 0.000000 -0.273464 99.657756 -6.165457 -0.535108 0.003003 
1229 2.406827 0.000000 -0.364619 99.451450 -6.988322 -0.243235 0.006051 
1230 2.504521 0.000000 -0.273464 99.873713 -6.107986 -0.254455 -0.001213 
1231 2.895297 0.000000 0.546928 99.709163 -7.693623 -0.107858 -0.000112 
1232 3.090685 0.000000 0.546928 99.700497 -7.733513 -0.111647 -0.000001 
1233 2.895297 0.000000 0.729237 99.707930 -7.561690 -0.021334 0.000115 
1234 2.406827 0.000000 0.273464 99.668917 -6.393477 0.336202 0.002512 
1235 2.504521 0.000000 0.273464 99.877855 -6.363554 0.065170 -0.001608 
1236 2.406827 0.000000 0.364619 99.473611 -7.194428 0.061260 0.005324 
1237 2.357979 0.000000 -0.136732 101.390273 -4.651757 -4.112819 -0.031854 
1238 2.357979 0.000000 -0.182309 99.686047 -5.145461 -2.479642 0.003007 
1239 2.406827 0.000000 -0.136732 101.388885 -4.431054 -2.217092 -0.030426 
1240 2.284709 0.000000 -0.113943 91.252387 -4.853460 -13.008563 0.148022 
1241 2.284709 0.000000 -0.136732 94.126345 -5.032151 -6.216949 0.107626 
1242 2.309132 0.000000 -0.113943 100.376668 -4.601782 -11.569827 -0.023051 
1243 2.357979 0.000000 0.136732 101.380471 -4.974867 3.845422 -0.031754 
1244 2.406827 0.000000 0.136732 101.352745 -4.758884 1.987509 -0.029898 
1245 2.357979 0.000000 0.182309 99.664159 -5.463108 2.242422 0.003218 
1246 2.284709 0.000000 0.113943 91.319636 -5.114638 12.728686 0.147255 
1247 2.309132 0.000000 0.113943 100.446361 -4.810450 11.312445 -0.024058 
1248 2.284709 0.000000 0.136732 94.226947 -5.271794 5.957532 0.105800 
1249 4.653790 0.000000 -1.093856 99.734890 -7.234648 -0.092155 0.000060 
1250 4.653790 0.000000 -1.458475 99.742378 -7.127090 -0.047994 0.000066 
1251 5.044566 0.000000 -1.093856 99.735655 -7.230421 -0.103962 0.000051 
1252 5.435343 0.000000 -1.093856 99.736879 -7.226707 -0.113919 0.000032 
1253 5.435343 0.000000 -1.458475 99.744067 -7.122363 -0.058674 0.000039 
1254 3.676849 0.000000 -0.546928 99.703864 -7.633304 0.016556 0.000087 
1255 3.676849 0.000000 -0.729237 99.715997 -7.481568 -0.093286 0.000074 
1256 3.872238 0.000000 -0.546928 99.703131 -7.660599 0.008355 0.000060 
1257 4.067626 0.000000 -0.546928 99.702004 -7.685177 -0.003654 0.000045 
1258 4.067626 0.000000 -0.729237 99.716538 -7.486070 -0.120287 0.000056 
1259 4.263014 0.000000 -0.546928 99.700329 -7.717223 -0.025676 0.000029 
1260 5.435343 0.000000 1.093856 99.731558 -7.304233 0.087392 0.000026 
1261 5.044566 0.000000 1.093856 99.731216 -7.305596 0.072653 0.000031 
1262 5.435343 0.000000 1.458475 99.740858 -7.175317 0.040145 0.000027 
1263 4.653790 0.000000 1.093856 99.730665 -7.308051 0.058322 0.000038 
1264 4.263014 0.000000 1.093856 99.729932 -7.309797 0.043649 0.000051 
1265 4.653790 0.000000 1.458475 99.740175 -7.176118 0.025665 0.000040 
1266 4.458402 0.000000 -0.546928 99.699022 -7.737564 -0.045155 0.000023 
1267 4.458402 0.000000 -0.729237 99.716812 -7.484173 -0.153260 0.000052 
1268 4.653790 0.000000 -0.546928 99.697669 -7.764558 -0.072101 0.000008 
1269 4.849178 0.000000 -0.546928 99.696349 -7.789742 -0.104435 -0.000005 
1270 4.849178 0.000000 -0.729237 99.717877 -7.481789 -0.183014 0.000033 
1271 5.044566 0.000000 -0.546928 99.695116 -7.812209 -0.142052 -0.000017 
1272 4.360708 0.000000 -0.091155 100.102129 -1.975032 -0.348324 -0.002446 
1273 4.360708 0.000000 -0.182309 99.919604 -4.585635 1.801771 -0.000820 
1274 4.360708 0.000000 0.000000 100.106444 -1.912985 -2.215556 -0.002987 
1275 8.170776 0.000000 -2.187712 99.751761 -7.037064 -0.032390 0.000006 
1276 8.170776 0.000000 -2.916949 99.753701 -7.009555 -0.014840 0.000006 
1277 8.952329 0.000000 -2.187712 99.752009 -7.034466 -0.035182 0.000005 
1278 6.998448 0.000000 -1.093856 99.740249 -7.198445 -0.154450 0.000004 
1279 6.998448 0.000000 -1.458475 99.746223 -7.113183 -0.078535 0.000009 
1280 7.389224 0.000000 -1.093856 99.740943 -7.189687 -0.163083 0.000003 
1281 5.239954 0.000000 -0.546928 99.694007 -7.831000 -0.184878 -0.000025 
1282 5.239954 0.000000 -0.729237 99.718742 -7.476263 -0.214372 0.000023 
1283 5.435343 0.000000 -0.546928 99.693266 -7.845298 -0.231649 -0.000035 
1284 5.630731 0.000000 -0.546928 99.692988 -7.852519 -0.281691 -0.000043 
1285 5.630731 0.000000 -0.729237 99.720010 -7.466408 -0.246107 0.000011 
1286 8.170776 0.000000 2.187712 99.749439 -7.071342 0.026935 0.000004 
1287 8.952329 0.000000 2.187712 99.749615 -7.069651 0.030916 0.000003 
1288 8.170776 0.000000 2.916949 99.752085 -7.034217 0.011386 0.000004 
1289 6.998448 0.000000 1.093856 99.734672 -7.279310 0.137771 -0.000001 
1290 7.389224 0.000000 1.093856 99.735328 -7.270915 0.148945 -0.000002 
1291 6.998448 0.000000 1.458475 99.742389 -7.169466 0.066061 0.000005 
1292 5.630731 0.000000 0.546928 99.680837 -8.028890 0.248387 -0.000079 
1293 5.435343 0.000000 0.546928 99.681179 -8.022732 0.193019 -0.000074 
1294 5.630731 0.000000 0.729237 99.711195 -7.595883 0.208858 -0.000006 
1295 5.239954 0.000000 0.546928 99.681908 -8.009437 0.141265 -0.000065 
1296 5.044566 0.000000 0.546928 99.682963 -7.991382 0.093475 -0.000056 
1297 5.239954 0.000000 0.729237 99.710281 -7.604434 0.170258 0.000000 
1298 6.412283 0.000000 0.546928 99.684370 -7.995472 0.480509 -0.000113 
1299 6.607671 0.000000 0.546928 99.686238 -7.969621 0.535492 -0.000115 
1300 6.412283 0.000000 0.729237 99.714194 -7.569266 0.285023 -0.000030 
1301 6.119201 0.000000 -0.273464 99.956896 -4.092897 1.664835 -0.001090 
1302 6.119201 0.000000 -0.364619 99.465713 -11.116524 -0.974058 -0.001795 
1303 6.119201 0.000000 -0.182309 100.155361 -1.255960 -2.252540 -0.003775 
1304 6.119201 0.000000 -0.091155 100.138971 -1.491312 -0.531750 -0.003032 
1305 6.216895 0.000000 -0.091155 100.129699 -1.625124 -0.488788 -0.002884 
1306 6.119201 0.000000 0.000000 100.026327 -3.103033 3.366214 -0.002623 
1307 5.923813 0.000000 0.091155 99.962200 -4.020360 0.520300 -0.000888 
1308 5.826119 0.000000 0.091155 99.965163 -3.977252 0.364560 -0.000899 
1309 6.021507 0.000000 0.091155 99.960187 -4.049830 0.667960 -0.000889 
1310 6.119201 0.000000 0.091155 99.959150 -4.064635 0.800974 -0.000899 
1311 6.216895 0.000000 0.091155 99.958485 -4.074094 0.923134 -0.000915 
1312 2.992991 0.000000 0.091155 99.966124 -3.779501 -0.647809 -0.000793 
1313 2.895297 0.000000 0.091155 99.979198 -3.793213 -0.565720 -0.001055 
1314 2.992991 0.000000 0.182309 99.895125 -5.041021 -0.655784 -0.000488 
1315 6.314589 0.000000 -0.091155 100.119769 -1.767699 -0.457678 -0.002730 
1316 6.412283 0.000000 -0.091155 100.109524 -1.914926 -0.435284 -0.002577 
1317 6.314589 0.000000 0.000000 100.020876 -3.182142 2.463427 -0.002037 
1318 6.314589 0.000000 0.091155 99.958141 -4.079561 1.027003 -0.000933 
1319 6.412283 0.000000 0.091155 99.957917 -4.083031 1.115073 -0.000950 
1320 6.314589 0.000000 0.182309 100.041399 -2.889236 2.140509 -0.002121 
1321 6.314589 0.000000 0.273464 100.147289 -1.375188 -2.378126 -0.003703 
1322 6.412283 0.000000 0.273464 100.737208 7.060736 7.542848 -0.025473 
1323 6.314589 0.000000 0.364619 99.496343 -10.684591 1.890309 -0.001726 
1324 3.872238 0.000000 1.093856 99.727825 -7.313837 0.030801 0.000087 
1325 3.872238 0.000000 1.458475 99.741715 -7.180214 0.007220 0.000003 
1326 3.286073 0.000000 0.546928 99.695215 -7.753648 -0.110597 0.000073 
1327 3.481461 0.000000 0.546928 99.693409 -7.782070 -0.111794 0.000065 
1328 3.286073 0.000000 0.729237 99.705273 -7.585906 0.005265 0.000131 
1329 3.676849 0.000000 0.546928 99.691080 -7.808380 -0.099884 0.000071 
1330 3.872238 0.000000 0.546928 99.690271 -7.837901 -0.085926 0.000041 
1331 3.676849 0.000000 0.729237 99.706858 -7.600802 0.030155 0.000077 
1332 4.849178 0.000000 0.546928 99.684204 -7.969421 0.050439 -0.000045 
1333 4.653790 0.000000 0.546928 99.685585 -7.944196 0.012445 -0.000033 
1334 4.849178 0.000000 0.729237 99.709575 -7.608353 0.132891 0.000010 
1335 4.458402 0.000000 0.546928 99.687043 -7.916936 -0.020366 -0.000018 
1336 4.263014 0.000000 0.546928 99.688112 -7.892734 -0.045408 -0.000002 
1337 4.458402 0.000000 0.729237 99.708864 -7.608281 0.096761 0.000025 
1338 4.067626 0.000000 0.546928 99.689125 -7.862993 -0.067729 0.000025 
1339 4.067626 0.000000 0.729237 99.708122 -7.607756 0.061090 0.000041 
1 11 62 60 61 
2 62 10 24 60 
3 60 24 14 63 
4 61 60 63 6 
5 24 66 64 65 
6 66 23 40 64 
7 64 40 27 67 
8 65 64 67 14 
9 40 70 68 69 
10 69 68 71 27 
11 6 63 92 93 
12 63 14 36 92 
13 92 36 19 94 
14 93 92 94 20 
15 14 67 95 96 
16 67 27 52 95 
17 95 52 35 97 
18 96 95 97 36 
19 27 71 98 99 
20 99 98 100 52 
21 68 112 110 111 
22 112 56 80 110 
23 110 80 43 113 
24 111 110 113 71 
25 80 116 114 115 
26 115 114 117 43 
27 71 113 133 134 
28 113 43 102 133 
29 133 102 76 135 
30 134 133 135 98 
31 43 117 136 137 
32 137 136 138 102 
33 114 141 139 140 
34 141 106 129 139 
35 139 129 83 142 
36 140 139 142 117 
37 129 149 147 148 
38 147 150 132 151 
39 148 147 151 83 
40 117 142 152 153 
41 142 83 144 152 
42 152 144 125 154 
43 153 152 154 136 
44 83 151 155 156 
45 151 132 157 155 
46 156 155 158 144 
47 12 161 159 160 
48 161 7 162 159 
49 159 162 13 25 
50 160 159 25 10 
51 25 165 163 164 
52 165 13 166 163 
53 163 166 26 41 
54 164 163 41 23 
55 41 169 167 168 
56 169 26 170 167 
57 167 170 42 57 
58 168 167 57 39 
59 39 173 171 172 
60 173 57 174 171 
61 171 174 55 81 
62 172 171 81 56 
63 81 177 175 176 
64 177 55 178 175 
65 175 178 82 107 
66 176 175 107 79 
67 79 181 179 180 
68 181 107 182 179 
69 179 182 105 130 
70 180 179 130 106 
71 106 185 183 184 
72 185 130 186 183 
73 184 183 149 129 
74 195 197 109 198 
75 150 195 198 132 
76 149 201 199 200 
77 201 128 202 199 
78 199 202 150 203 
79 200 199 203 147 
80 132 198 210 157 
81 198 109 211 210 
82 19 38 213 214 
83 38 21 215 213 
84 213 215 9 216 
85 214 213 216 22 
86 35 54 217 218 
87 54 37 219 217 
88 217 219 21 220 
89 218 217 220 38 
90 51 78 221 222 
91 78 53 223 221 
92 221 223 37 224 
93 222 221 224 54 
94 76 104 225 226 
95 104 75 227 225 
96 225 227 78 228 
97 226 225 228 51 
98 101 127 229 230 
99 127 103 231 229 
100 229 231 75 232 
101 230 229 232 104 
102 125 146 233 234 
103 146 124 235 233 
104 233 235 127 236 
105 234 233 236 101 
106 144 158 237 238 
107 237 239 146 240 
108 238 237 240 125 
109 155 243 241 242 
110 243 157 244 241 
111 241 244 143 245 
112 242 241 245 158 
113 130 247 246 186 
114 247 105 248 246 
115 249 251 195 252 
116 202 249 252 150 
117 186 255 253 254 
118 255 246 256 253 
119 253 256 196 250 
120 254 253 250 128 
121 128 259 257 258 
122 259 250 260 257 
123 257 260 249 261 
124 258 257 261 202 
125 262 263 124 264 
126 239 262 264 146 
127 157 266 265 244 
128 266 210 267 265 
129 143 268 269 270 
130 268 212 271 269 
131 269 271 262 272 
132 270 269 272 239 
133 244 275 273 274 
134 275 265 276 273 
135 273 276 268 277 
136 274 273 277 143 
137 278 280 194 281 
138 197 278 281 109 
139 283 131 284 282 
140 282 284 197 285 
141 251 282 285 195 
142 107 287 286 182 
143 287 82 288 286 
144 286 288 108 192 
145 182 286 192 105 
146 105 290 289 248 
147 290 192 291 289 
148 246 293 292 256 
149 293 248 294 292 
150 292 294 131 283 
151 256 292 283 196 
152 196 297 295 296 
153 297 283 298 295 
154 295 298 282 299 
155 296 295 299 251 
156 109 281 300 211 
157 281 194 301 300 
158 210 304 303 267 
159 304 211 305 303 
160 303 305 145 306 
161 124 209 307 235 
162 209 126 308 307 
163 307 308 103 309 
164 235 307 309 127 
165 310 311 209 312 
166 263 310 312 124 
167 212 306 313 271 
168 306 145 314 313 
169 313 314 263 315 
170 271 313 315 262 
171 267 318 316 317 
172 318 303 319 316 
173 316 319 306 320 
174 317 316 320 212 
175 131 322 321 284 
176 322 279 323 321 
177 321 323 278 324 
178 284 321 324 197 
179 211 326 325 305 
180 326 300 327 325 
181 325 327 302 328 
182 305 325 328 145 
183 192 334 333 291 
184 334 108 335 333 
185 289 339 337 338 
186 339 291 340 337 
187 337 340 191 341 
188 338 337 341 279 
189 345 347 126 348 
190 311 345 348 209 
191 302 351 349 350 
192 351 207 352 349 
193 349 352 311 353 
194 350 349 353 310 
195 354 355 59 356 
196 280 354 356 194 
197 291 358 357 340 
198 358 333 359 357 
199 357 359 336 360 
200 191 360 361 362 
201 360 336 363 361 
202 361 363 354 364 
203 362 361 364 280 
204 340 367 365 366 
205 367 357 368 365 
206 365 368 360 369 
207 366 365 369 191 
208 194 356 370 301 
209 356 59 371 370 
210 373 346 374 372 
211 372 374 345 375 
212 352 372 375 311 
213 301 378 376 377 
214 378 370 379 376 
215 376 379 346 373 
216 377 376 373 207 
217 207 382 380 381 
218 382 373 383 380 
219 380 383 372 384 
220 381 380 384 352 
221 57 386 385 174 
222 386 42 387 385 
223 385 387 58 89 
224 174 385 89 55 
225 55 389 388 178 
226 389 89 390 388 
227 388 390 88 188 
228 178 388 188 82 
229 82 392 391 288 
230 392 188 393 391 
231 391 393 187 330 
232 288 391 330 108 
233 108 395 394 335 
234 395 330 396 394 
235 333 399 398 359 
236 399 335 400 398 
237 359 398 401 336 
238 75 123 402 227 
239 123 77 403 402 
240 402 403 53 404 
241 227 402 404 78 
242 103 206 405 231 
243 206 121 406 405 
244 405 406 123 407 
245 231 405 407 75 
246 126 344 408 308 
247 344 204 409 408 
248 408 409 206 410 
249 308 408 410 103 
250 411 413 344 414 
251 347 411 414 126 
252 346 416 415 374 
253 415 417 347 418 
254 374 415 418 345 
255 419 420 332 421 
256 355 419 421 59 
257 335 423 422 400 
258 423 394 424 422 
259 336 401 426 363 
260 401 193 427 426 
261 426 427 355 428 
262 363 426 428 354 
263 398 431 429 430 
264 431 400 432 429 
265 429 432 193 433 
266 430 429 433 401 
267 59 421 434 371 
268 421 332 435 434 
269 370 437 436 379 
270 437 371 438 436 
271 436 438 208 416 
272 379 436 416 346 
273 439 441 411 442 
274 417 439 442 347 
275 416 445 443 444 
276 445 208 446 443 
277 443 446 417 447 
278 444 443 447 415 
279 88 453 452 189 
280 453 90 454 452 
281 452 454 5 455 
282 189 452 455 91 
283 187 457 456 331 
284 457 189 458 456 
285 456 458 91 459 
286 331 456 459 190 
287 330 461 460 396 
288 461 187 462 460 
289 460 462 331 463 
290 396 460 463 329 
291 394 465 464 424 
292 465 396 466 464 
293 464 466 329 467 
294 424 464 467 397 
295 193 425 468 427 
296 425 397 469 468 
297 468 469 419 470 
298 427 468 470 355 
299 422 473 471 472 
300 473 424 474 471 
301 471 474 397 475 
302 472 471 475 425 
303 371 477 476 438 
304 477 434 478 476 
305 476 478 412 440 
306 438 476 440 208 
307 91 455 482 205 
308 455 5 483 482 
309 482 483 122 484 
310 205 482 484 121 
311 190 459 485 343 
312 459 91 486 485 
313 485 486 205 487 
314 343 485 487 204 
315 342 489 488 413 
316 489 343 490 488 
317 488 490 204 491 
318 413 488 491 344 
319 412 493 492 441 
320 493 342 494 492 
321 492 494 413 495 
322 441 492 495 411 
323 440 498 496 497 
324 498 412 499 496 
325 496 499 441 500 
326 497 496 500 439 
327 454 510 508 509 
328 508 511 504 512 
329 509 508 512 5 
330 5 512 513 514 
331 512 504 515 513 
332 514 513 516 483 
333 7 518 517 162 
334 518 16 519 517 
335 517 519 15 32 
336 162 517 32 13 
337 13 521 520 166 
338 521 32 522 520 
339 520 522 31 48 
340 166 520 48 26 
341 26 524 523 170 
342 524 48 525 523 
343 523 525 47 85 
344 170 523 85 42 
345 42 527 526 387 
346 527 85 528 526 
347 526 528 84 449 
348 387 526 449 58 
349 58 531 529 530 
350 531 449 532 529 
351 529 532 448 502 
352 530 529 502 90 
353 90 535 533 534 
354 535 502 536 533 
355 533 536 501 510 
356 534 533 510 454 
357 538 17 539 537 
358 537 539 8 540 
359 448 554 553 503 
360 554 450 555 553 
361 553 555 87 556 
362 503 553 556 451 
363 501 558 557 511 
364 558 503 559 557 
365 557 559 451 560 
366 511 557 560 504 
367 510 563 561 562 
368 563 501 564 561 
369 561 564 511 565 
370 562 561 565 508 
371 540 8 567 566 
372 566 567 29 568 
373 451 556 578 506 
374 556 87 579 578 
375 578 579 480 580 
376 506 578 580 479 
377 504 560 581 515 
378 560 451 582 581 
379 581 582 506 583 
380 515 581 583 505 
381 21 46 584 215 
382 46 28 585 584 
383 584 585 30 586 
384 215 584 586 9 
385 37 74 587 219 
386 74 44 588 587 
387 587 588 46 589 
388 219 587 589 21 
389 53 120 590 223 
390 120 72 591 590 
391 590 591 74 592 
392 223 590 592 37 
393 77 481 593 403 
394 481 118 594 593 
395 593 594 120 595 
396 403 593 595 53 
397 122 507 596 597 
398 507 479 598 596 
399 596 598 481 599 
400 597 596 599 77 
401 483 516 600 601 
402 516 505 602 600 
403 600 602 507 603 
404 601 600 603 122 
405 513 606 604 605 
406 606 515 607 604 
407 604 607 505 608 
408 605 604 608 516 
409 555 618 616 617 
410 617 616 620 87 
411 87 620 621 622 
412 622 621 624 579 
413 85 626 625 528 
414 626 47 627 625 
415 625 627 86 550 
416 528 625 550 84 
417 84 630 628 629 
418 630 550 631 628 
419 628 631 549 610 
420 629 628 610 450 
421 450 634 632 633 
422 634 610 635 632 
423 632 635 609 618 
424 633 632 618 555 
425 641 551 642 640 
426 640 642 50 643 
427 618 650 648 649 
428 650 609 651 648 
429 649 648 652 616 
430 643 50 657 656 
431 656 657 576 658 
432 118 577 662 594 
433 577 119 663 662 
434 662 663 72 664 
435 594 662 664 120 
436 480 615 665 666 
437 615 575 667 665 
438 665 667 577 668 
439 666 665 668 118 
440 579 624 669 670 
441 624 613 671 669 
442 669 671 615 672 
443 670 669 672 480 
444 621 675 673 674 
445 673 676 613 677 
446 674 673 677 624 
447 610 679 678 635 
448 679 549 680 678 
449 678 680 611 645 
450 635 678 645 609 
451 609 682 681 651 
452 682 645 683 681 
453 616 652 685 686 
454 685 687 612 688 
455 686 685 688 620 
456 648 691 689 690 
457 691 651 692 689 
458 690 689 693 652 
459 620 688 694 695 
460 688 612 696 694 
461 695 694 675 621 
462 613 661 697 671 
463 661 614 698 697 
464 697 698 575 699 
465 671 697 699 615 
466 700 702 661 703 
467 676 700 703 613 
468 675 706 704 705 
469 704 707 676 708 
470 705 704 708 673 
471 709 710 647 711 
472 687 709 711 612 
473 651 713 712 692 
474 713 681 714 712 
475 652 693 716 717 
476 693 619 718 716 
477 716 718 687 719 
478 717 716 719 685 
479 689 722 720 721 
480 722 692 723 720 
481 720 723 619 724 
482 721 720 724 693 
483 612 711 725 696 
484 711 647 726 725 
485 694 729 727 728 
486 729 696 730 727 
487 727 730 623 706 
488 728 727 706 675 
489 731 733 700 734 
490 707 731 734 676 
491 706 737 735 736 
492 737 623 738 735 
493 735 738 707 739 
494 736 735 739 704 
495 619 715 740 718 
496 715 684 741 740 
497 740 741 709 742 
498 718 740 742 687 
499 692 744 743 723 
500 744 712 745 743 
501 743 745 715 746 
502 723 743 746 619 
503 696 748 747 730 
504 748 725 749 747 
505 747 749 701 732 
506 730 747 732 623 
507 623 751 750 738 
508 751 732 752 750 
509 750 752 731 753 
510 738 750 753 707 
511 755 640 756 754 
512 754 756 643 757 
513 645 759 758 683 
514 759 611 760 758 
515 681 763 762 714 
516 763 683 764 762 
517 762 764 644 765 
518 712 767 766 745 
519 767 714 768 766 
520 766 768 684 769 
521 745 766 769 715 
522 757 643 771 770 
523 770 771 656 772 
524 773 775 614 776 
525 702 773 776 661 
526 778 659 779 777 
527 777 779 702 780 
528 733 777 780 700 
529 732 782 781 752 
530 782 701 783 781 
531 781 783 733 784 
532 752 781 784 731 
533 785 786 552 787 
534 710 785 787 647 
535 684 765 788 741 
536 765 644 789 788 
537 788 789 710 790 
538 741 788 790 709 
539 714 792 791 768 
540 792 762 793 791 
541 791 793 765 794 
542 768 791 794 684 
543 647 787 795 726 
544 787 552 796 795 
545 725 798 797 749 
546 798 726 799 797 
547 797 799 659 778 
548 749 797 778 701 
549 701 801 800 783 
550 801 778 802 800 
551 800 802 777 803 
552 783 800 803 733 
553 804 806 785 807 
554 789 804 807 710 
555 683 809 808 764 
556 809 758 810 808 
557 808 810 761 805 
558 764 808 805 644 
559 644 813 811 812 
560 813 805 814 811 
561 811 814 804 815 
562 812 811 815 789 
563 726 817 816 799 
564 817 795 818 816 
565 659 819 820 779 
566 819 774 821 820 
567 820 821 773 822 
568 779 820 822 702 
569 799 825 823 824 
570 825 816 826 823 
571 823 826 819 827 
572 824 823 827 659 
573 646 829 828 786 
574 829 754 830 828 
575 828 830 757 831 
576 786 828 831 552 
577 761 833 832 806 
578 833 646 834 832 
579 832 834 786 835 
580 806 832 835 785 
581 805 837 836 814 
582 837 761 838 836 
583 836 838 806 839 
584 814 836 839 804 
585 552 831 840 796 
586 831 757 841 840 
587 840 841 770 842 
588 796 840 842 660 
589 795 844 843 818 
590 844 796 845 843 
591 843 845 660 846 
592 818 843 846 774 
593 816 848 847 826 
594 848 818 849 847 
595 847 849 774 850 
596 826 847 850 819 
597 855 871 869 870 
598 871 857 872 869 
599 857 878 877 872 
600 878 862 879 877 
601 882 537 883 881 
602 881 883 540 884 
603 862 894 893 879 
604 894 864 895 893 
605 34 880 897 898 
606 880 865 899 897 
607 897 899 874 900 
608 898 897 900 867 
609 877 903 901 902 
610 903 879 904 901 
611 901 904 865 905 
612 902 901 905 880 
613 884 540 907 906 
614 906 907 566 908 
615 864 916 915 895 
616 916 889 917 915 
617 854 918 919 920 
618 918 892 921 919 
619 919 921 912 922 
620 920 919 922 875 
621 895 925 923 924 
622 925 915 926 923 
623 923 926 918 927 
624 924 923 927 854 
625 889 933 932 917 
626 933 891 934 932 
627 932 934 544 935 
628 917 932 935 892 
629 934 949 947 948 
630 949 939 950 947 
631 947 950 942 951 
632 948 947 951 544 
633 636 954 952 953 
634 954 638 955 952 
635 952 955 548 956 
636 551 958 957 642 
637 958 636 953 957 
638 642 957 959 50 
639 956 548 962 960 
640 960 962 654 963 
641 961 960 963 653 
642 953 966 964 965 
643 966 952 967 964 
644 964 967 956 968 
645 50 959 969 657 
646 969 961 653 970 
647 657 969 970 576 
648 957 973 971 972 
649 973 953 965 971 
650 971 965 639 974 
651 972 971 974 959 
652 639 968 975 976 
653 968 956 977 975 
654 975 977 960 978 
655 976 975 978 961 
656 965 981 979 980 
657 981 964 982 979 
658 979 982 968 983 
659 980 979 983 639 
660 638 985 984 955 
661 985 855 870 984 
662 955 984 986 548 
663 548 986 987 962 
664 986 858 988 987 
665 987 988 866 989 
666 962 987 989 654 
667 984 992 990 991 
668 992 870 993 990 
669 990 993 858 994 
670 991 990 994 986 
671 858 873 995 988 
672 873 34 898 995 
673 995 898 867 996 
674 988 995 996 866 
675 870 998 997 993 
676 998 869 999 997 
677 997 999 873 1000 
678 993 997 1000 858 
679 869 1002 1001 999 
680 1002 872 1003 1001 
681 1001 1003 34 1004 
682 999 1001 1004 873 
683 865 896 1005 899 
684 896 854 920 1005 
685 1005 920 875 1006 
686 899 1005 1006 874 
687 879 1008 1007 904 
688 1008 893 1009 1007 
689 1007 1009 896 1010 
690 904 1007 1010 865 
691 893 1012 1011 1009 
692 1012 895 924 1011 
693 1011 924 854 1013 
694 1009 1011 1013 896 
695 915 1015 1014 926 
696 1015 917 1016 1014 
697 1014 1016 892 1017 
698 926 1014 1017 918 
699 543 1019 1018 887 
700 1019 881 1020 1018 
701 1018 1020 884 1021 
702 887 1018 1021 18 
703 885 1023 1022 930 
704 1023 887 1024 1022 
705 1022 1024 18 1025 
706 930 1022 1025 888 
707 1027 930 1028 1026 
708 1026 1028 888 1029 
709 32 1031 1030 522 
710 1031 15 1032 1030 
711 1030 1032 33 542 
712 522 1030 542 31 
713 542 1035 1033 1034 
714 1035 33 1036 1033 
715 1033 1036 543 886 
716 1034 1033 886 541 
717 541 1039 1037 1038 
718 1039 886 1040 1037 
719 1037 1040 885 929 
720 1038 1037 929 853 
721 929 1043 1041 1042 
722 1043 885 1044 1041 
723 1041 1044 930 1027 
724 1042 1041 1027 928 
725 928 1047 1045 1046 
726 1047 1027 1048 1045 
727 1045 1048 1026 1049 
728 1046 1045 1049 941 
729 853 1052 1050 1051 
730 1052 929 1042 1050 
731 1050 1042 928 940 
732 1051 1050 940 891 
733 891 1055 1053 1054 
734 1055 940 1056 1053 
735 1053 1056 939 949 
736 1054 1053 949 934 
737 892 935 1057 921 
738 935 544 944 1057 
739 1057 944 913 1058 
740 921 1057 1058 912 
741 18 1021 1059 910 
742 1021 884 1060 1059 
743 1059 1060 906 1061 
744 910 1059 1061 570 
745 888 1025 1062 937 
746 1025 18 1063 1062 
747 1062 1063 910 1064 
748 937 1062 1064 909 
749 1029 888 1066 1065 
750 1065 1066 937 1067 
751 44 571 1068 588 
752 571 45 1069 1068 
753 1068 1069 28 1070 
754 588 1068 1070 46 
755 569 911 1071 1072 
756 911 570 1073 1071 
757 1071 1073 45 1074 
758 1072 1071 1074 571 
759 860 938 1075 1076 
760 938 909 1077 1075 
761 1075 1077 911 1078 
762 1076 1075 1078 569 
763 913 946 1079 1080 
764 946 936 1081 1079 
765 1079 1081 938 1082 
766 1080 1079 1082 860 
767 943 1085 1083 1084 
768 1085 945 1086 1083 
769 1083 1086 936 1087 
770 1084 1083 1087 946 
771 944 1090 1088 1089 
772 1090 943 1084 1088 
773 1088 1084 946 1091 
774 1089 1088 1091 913 
775 1 1094 1092 1093 
776 1094 12 160 1092 
777 1092 160 10 62 
778 1093 1092 62 11 
779 16 1096 1095 519 
780 1096 2 1097 1095 
781 1095 1097 17 538 
782 519 1095 538 15 
783 20 94 1098 1099 
784 94 19 214 1098 
785 1098 214 22 1100 
786 1099 1098 1100 4 
787 10 1103 1101 1102 
788 1103 25 164 1101 
789 1101 164 23 66 
790 1102 1101 66 24 
791 28 568 1104 585 
792 568 29 1105 1104 
793 1104 1105 3 1106 
794 585 1104 1106 30 
795 36 97 1107 1108 
796 97 35 218 1107 
797 1107 218 38 1109 
798 1108 1107 1109 19 
799 23 1112 1110 1111 
800 1112 41 168 1110 
801 1110 168 39 70 
802 1111 1110 70 40 
803 48 1114 1113 525 
804 1114 31 1115 1113 
805 1113 1115 49 546 
806 525 1113 546 47 
807 52 100 1116 1117 
808 100 51 222 1116 
809 1116 222 54 1118 
810 1117 1116 1118 35 
811 70 1121 1119 1120 
812 1121 39 172 1119 
813 1119 172 56 112 
814 1120 1119 112 68 
815 72 574 1122 591 
816 574 73 1123 1122 
817 1122 1123 44 1124 
818 591 1122 1124 74 
819 56 1127 1125 1126 
820 1127 81 176 1125 
821 1125 176 79 116 
822 1126 1125 116 80 
823 89 1129 1128 390 
824 1129 58 530 1128 
825 1128 530 90 453 
826 390 1128 453 88 
827 98 135 1130 1131 
828 135 76 226 1130 
829 1130 226 51 1132 
830 1131 1130 1132 100 
831 102 138 1133 1134 
832 138 101 230 1133 
833 1133 230 104 1135 
834 1134 1133 1135 76 
835 116 1138 1136 1137 
836 1138 79 180 1136 
837 1136 180 106 141 
838 1137 1136 141 114 
839 121 484 1139 406 
840 484 122 597 1139 
841 1139 597 77 1140 
842 406 1139 1140 123 
843 136 154 1141 1142 
844 154 125 234 1141 
845 1141 234 101 1143 
846 1142 1141 1143 138 
847 183 1146 1144 1145 
848 1146 186 254 1144 
849 1144 254 128 201 
850 1145 1144 201 149 
851 188 1148 1147 393 
852 1148 88 1149 1147 
853 1147 1149 189 457 
854 393 1147 457 187 
855 204 487 1150 409 
856 487 205 1151 1150 
857 1150 1151 121 1152 
858 409 1150 1152 206 
859 158 245 1153 1154 
860 245 143 270 1153 
861 1153 270 239 1155 
862 1154 1153 1155 237 
863 250 1157 1156 260 
864 1157 196 296 1156 
865 1156 296 251 1158 
866 260 1156 1158 249 
867 265 1160 1159 276 
868 1160 267 317 1159 
869 1159 317 212 1161 
870 276 1159 1161 268 
871 279 341 1162 323 
872 341 191 362 1162 
873 1162 362 280 1163 
874 323 1162 1163 278 
875 248 1165 1164 294 
876 1165 289 338 1164 
877 1164 338 279 322 
878 294 1164 322 131 
879 300 1167 1166 327 
880 1167 301 377 1166 
881 1166 377 207 351 
882 327 1166 351 302 
883 145 328 1168 314 
884 328 302 350 1168 
885 1168 350 310 1169 
886 314 1168 1169 263 
887 329 463 1170 420 
888 463 331 1171 1170 
889 1170 1171 190 1172 
890 420 1170 1172 332 
891 332 1172 1173 435 
892 1172 190 1174 1173 
893 1173 1174 343 489 
894 435 1173 489 342 
895 397 467 1175 469 
896 467 329 1176 1175 
897 1175 1176 420 1177 
898 469 1175 1177 419 
899 400 1179 1178 432 
900 1179 422 472 1178 
901 1178 472 425 1180 
902 432 1178 1180 193 
903 434 1182 1181 478 
904 1182 435 1183 1181 
905 1181 1183 342 493 
906 478 1181 493 412 
907 208 1185 1184 446 
908 1185 440 497 1184 
909 1184 497 439 1186 
910 446 1184 1186 417 
911 449 1188 1187 532 
912 1188 84 629 1187 
913 1187 629 450 554 
914 532 1187 554 448 
915 479 580 1189 598 
916 580 480 666 1189 
917 1189 666 118 1190 
918 598 1189 1190 481 
919 502 1192 1191 536 
920 1192 448 1193 1191 
921 1191 1193 503 558 
922 536 1191 558 501 
923 505 583 1194 602 
924 583 506 1195 1194 
925 1194 1195 479 1196 
926 602 1194 1196 507 
927 15 1198 1197 1032 
928 1198 538 1199 1197 
929 1197 1199 537 882 
930 1032 1197 882 33 
931 31 1201 1200 1115 
932 1201 542 1034 1200 
933 1200 1034 541 852 
934 1115 1200 852 49 
935 47 1203 1202 627 
936 1203 546 1204 1202 
937 1202 1204 545 637 
938 627 1202 637 86 
939 546 1206 1205 1204 
940 1206 49 1207 1205 
941 1205 1207 547 856 
942 1204 1205 856 545 
943 550 1209 1208 631 
944 1209 86 1210 1208 
945 1208 1210 551 641 
946 631 1208 641 549 
947 45 908 1211 1069 
948 908 566 1212 1211 
949 1211 1212 568 1213 
950 1069 1211 1213 28 
951 73 861 1214 1123 
952 861 569 1072 1214 
953 1214 1072 571 1215 
954 1123 1214 1215 44 
955 119 655 1216 663 
956 655 572 1217 1216 
957 1216 1217 574 1218 
958 663 1216 1218 72 
959 575 658 1219 667 
960 658 576 1220 1219 
961 1219 1220 119 1221 
962 667 1219 1221 577 
963 86 1223 1222 1210 
964 1223 637 1224 1222 
965 1222 1224 636 958 
966 1210 1222 958 551 
967 637 1226 1225 1224 
968 1226 545 1227 1225 
969 1225 1227 638 954 
970 1224 1225 954 636 
971 549 1229 1228 680 
972 1229 641 1230 1228 
973 1228 1230 640 755 
974 680 1228 755 611 
975 576 970 1231 1220 
976 970 653 1232 1231 
977 1231 1232 655 1233 
978 1220 1231 1233 119 
979 614 772 1234 698 
980 772 656 1235 1234 
981 1234 1235 658 1236 
982 698 1234 1236 575 
983 611 1238 1237 760 
984 1238 755 1239 1237 
985 1237 1239 754 829 
986 760 1237 829 646 
987 758 1241 1240 810 
988 1241 760 1242 1240 
989 1240 1242 646 833 
990 810 1240 833 761 
991 660 842 1243 775 
992 842 770 1244 1243 
993 1243 1244 772 1245 
994 775 1243 1245 614 
995 774 846 1246 821 
996 846 660 1247 1246 
997 1246 1247 775 1248 
998 821 1246 1248 773 
999 49 1250 1249 1207 
1000 1250 852 1251 1249 
1001 1249 1251 851 863 
1002 1207 1249 863 547 
1003 852 1253 1252 1251 
1004 1253 541 1038 1252 
1005 1252 1038 853 890 
1006 1251 1252 890 851 
1007 545 1255 1254 1227 
1008 1255 856 1256 1254 
1009 1254 1256 855 985 
1010 1227 1254 985 638 
1011 856 1258 1257 1256 
1012 1258 547 1259 1257 
1013 1257 1259 857 871 
1014 1256 1257 871 855 
1015 859 914 1260 1261 
1016 914 860 1076 1260 
1017 1260 1076 569 1262 
1018 1261 1260 1262 861 
1019 573 876 1263 1264 
1020 876 859 1261 1263 
1021 1263 1261 861 1265 
1022 1264 1263 1265 73 
1023 547 1267 1266 1259 
1024 1267 863 1268 1266 
1025 1266 1268 862 878 
1026 1259 1266 878 857 
1027 863 1270 1269 1268 
1028 1270 851 1271 1269 
1029 1269 1271 864 894 
1030 1268 1269 894 862 
1031 872 1273 1272 1003 
1032 1273 877 902 1272 
1033 1272 902 880 1274 
1034 1003 1272 1274 34 
1035 33 1276 1275 1036 
1036 1276 882 1277 1275 
1037 1275 1277 881 1019 
1038 1036 1275 1019 543 
1039 886 1279 1278 1040 
1040 1279 543 1280 1278 
1041 1278 1280 887 1023 
1042 1040 1278 1023 885 
1043 851 1282 1281 1271 
1044 1282 890 1283 1281 
1045 1281 1283 889 916 
1046 1271 1281 916 864 
1047 890 1285 1284 1283 
1048 1285 853 1051 1284 
1049 1284 1051 891 933 
1050 1283 1284 933 889 
1051 570 1061 1286 1073 
1052 1061 906 1287 1286 
1053 1286 1287 908 1288 
1054 1073 1286 1288 45 
1055 909 1064 1289 1077 
1056 1064 910 1290 1289 
1057 1289 1290 570 1291 
1058 1077 1289 1291 911 
1059 912 1058 1292 1293 
1060 1058 913 1080 1292 
1061 1292 1080 860 1294 
1062 1293 1292 1294 914 
1063 875 922 1295 1296 
1064 922 912 1293 1295 
1065 1295 1293 914 1297 
1066 1296 1295 1297 859 
1067 936 1067 1298 1081 
1068 1067 937 1299 1298 
1069 1298 1299 909 1300 
1070 1081 1298 1300 938 
1071 940 1302 1301 1056 
1072 1302 928 1046 1301 
1073 1301 1046 941 1303 
1074 1056 1301 1303 939 
1075 939 1303 1304 950 
1076 1303 941 1305 1304 
1077 1304 1305 931 1306 
1078 950 1304 1306 942 
1079 544 951 1307 1308 
1080 951 942 1309 1307 
1081 1307 1309 943 1090 
1082 1308 1307 1090 944 
1083 942 1306 1310 1309 
1084 1306 931 1311 1310 
1085 1310 1311 945 1085 
1086 1309 1310 1085 943 
1087 959 974 1312 1313 
1088 974 639 976 1312 
1089 1312 976 961 1314 
1090 1313 1312 1314 969 
1091 941 1049 1315 1305 
1092 1049 1026 1316 1315 
1093 1315 1316 1029 1317 
1094 1305 1315 1317 931 
1095 931 1317 1318 1311 
1096 1317 1029 1319 1318 
1097 1318 1319 1065 1320 
1098 1311 1318 1320 945 
1099 945 1320 1321 1086 
1100 1320 1065 1322 1321 
1101 1321 1322 1067 1323 
1102 1086 1321 1323 936 
1103 572 868 1324 1217 
1104 868 573 1264 1324 
1105 1324 1264 73 1325 
1106 1217 1324 1325 574 
1107 653 963 1326 1232 
1108 963 654 1327 1326 
1109 1326 1327 572 1328 
1110 1232 1326 1328 655 
1111 654 989 1329 1327 
1112 989 866 1330 1329 
1113 1329 1330 868 1331 
1114 1327 1329 1331 572 
1115 874 1006 1332 1333 
1116 1006 875 1296 1332 
1117 1332 1296 859 1334 
1118 1333 1332 1334 876 
1119 867 900 1335 1336 
1120 900 874 1333 1335 
1121 1335 1333 876 1337 
1122 1336 1335 1337 573 
1123 866 996 1338 1330 
1124 996 867 1336 1338 
1125 1338 1336 573 1339 
1126 1330 1338 1339 868 
