2 0.000000 100.000000 262.180540
1387 1174 
1 -11.368037 0.000000 -11.667797 99.756396 -6.975555 -0.000032 0.000000 
2 13.641644 0.000000 -11.667797 99.756327 -6.975804 -0.000632 0.000001 
3 13.641644 0.000000 11.667797 99.756018 -6.981273 0.000157 -0.000000 
4 -11.368037 0.000000 11.667797 99.756420 -6.976132 -0.000038 -0.000001 
5 1.136804 0.000000 0.000000 101.813531 -6.650271 -0.000975 -0.041022 
6 -11.368037 0.000000 0.000000 99.756399 -6.975860 -0.000026 -0.000000 
7 1.136804 0.000000 -11.667797 99.756310 -6.975797 -0.000193 0.000002 
8 13.641644 0.000000 0.000000 99.810918 -6.194773 0.169520 -0.000062 
9 1.136804 0.000000 11.667797 99.756399 -6.978408 -0.000231 -0.000004 
10 -5.115617 0.000000 -5.833899 99.756300 -6.975925 -0.000123 0.000002 
11 -11.368037 0.000000 -5.833899 99.756391 -6.975678 -0.000032 0.000000 
12 -5.115617 0.000000 -11.667797 99.756369 -6.975573 -0.000073 0.000001 
13 1.136804 0.000000 -5.833899 99.755997 -6.981203 -0.000596 0.000000 
14 -5.115617 0.000000 0.000000 99.756224 -6.976552 -0.000026 0.000002 
15 7.389224 0.000000 -5.833899 99.755668 -6.981773 -0.002699 0.000006 
16 7.389224 0.000000 -11.667797 99.756274 -6.975946 -0.000436 0.000002 
17 13.641644 0.000000 -5.833899 99.755928 -6.981059 -0.004117 0.000002 
18 7.389224 0.000000 0.000000 99.980435 -3.764517 1.579464 -0.001275 
19 -5.115617 0.000000 5.833899 99.756475 -6.976903 -0.000042 -0.000003 
20 -11.368037 0.000000 5.833899 99.756418 -6.976040 -0.000029 -0.000001 
21 1.136804 0.000000 5.833899 99.756735 -6.985548 -0.000940 -0.000020 
22 -5.115617 0.000000 11.667797 99.756444 -6.976765 -0.000085 -0.000002 
23 -1.989406 0.000000 -2.916949 99.755620 -6.977942 -0.000779 0.000012 
24 -5.115617 0.000000 -2.916949 99.756220 -6.976218 -0.000117 0.000003 
25 -1.989406 0.000000 -5.833899 99.756217 -6.976631 -0.000339 0.000002 
26 1.136804 0.000000 -2.916949 99.758892 -6.991793 -0.001740 -0.000072 
27 -1.989406 0.000000 0.000000 99.753444 -6.980399 -0.000113 0.000052 
28 7.389224 0.000000 5.833899 99.755241 -6.992515 -0.000009 -0.000000 
29 13.641644 0.000000 5.833899 99.755117 -6.993597 0.002381 0.000001 
30 7.389224 0.000000 11.667797 99.756145 -6.980381 -0.000172 -0.000001 
31 4.263014 0.000000 -2.916949 99.752510 -7.009927 -0.008479 0.000030 
32 4.263014 0.000000 -5.833899 99.755531 -6.982437 -0.001643 0.000008 
33 7.389224 0.000000 -2.916949 99.753552 -7.009223 -0.016594 0.000010 
34 4.263014 0.000000 0.000000 100.026451 -3.037177 -2.047808 -0.001871 
35 -1.989406 0.000000 2.916949 99.756449 -6.979474 0.000359 -0.000006 
36 -5.115617 0.000000 2.916949 99.756382 -6.976808 0.000012 -0.000001 
37 1.136804 0.000000 2.916949 99.760563 -6.998546 -0.003296 -0.000115 
38 -1.989406 0.000000 5.833899 99.756679 -6.978578 -0.000143 -0.000010 
39 -0.426301 0.000000 -1.458475 99.746487 -6.992049 -0.013678 0.000175 
40 -1.989406 0.000000 -1.458475 99.753496 -6.985930 0.000960 0.000044 
41 -0.426301 0.000000 -2.916949 99.749243 -6.986524 0.000961 0.000128 
42 1.136804 0.000000 -1.458475 99.746346 -7.043556 -0.007570 0.000105 
43 -0.426301 0.000000 0.000000 99.972755 -7.100109 0.011655 -0.004496 
44 4.263014 0.000000 2.916949 99.751929 -7.030327 -0.002902 0.000013 
45 7.389224 0.000000 2.916949 99.752019 -7.035433 0.006146 0.000004 
46 4.263014 0.000000 5.833899 99.755737 -6.990706 -0.001039 -0.000008 
47 2.699909 0.000000 -1.458475 99.741176 -7.116592 -0.014017 0.000105 
48 2.699909 0.000000 -2.916949 99.751167 -7.003175 -0.004257 0.000066 
49 4.263014 0.000000 -1.458475 99.741982 -7.126830 -0.051875 0.000074 
50 2.699909 0.000000 0.000000 100.073421 -3.228238 -1.021651 -0.002615 
51 -0.426301 0.000000 1.458475 99.749619 -6.993343 0.011976 0.000111 
52 -1.989406 0.000000 1.458475 99.754720 -6.980375 0.000551 0.000027 
53 1.136804 0.000000 1.458475 99.755037 -7.045404 -0.006752 -0.000071 
54 -0.426301 0.000000 2.916949 99.755856 -6.987858 0.000461 -0.000006 
55 0.355251 0.000000 -0.729237 99.796618 -7.093753 -0.130929 -0.000970 
56 -0.426301 0.000000 -0.729237 99.713030 -7.028477 0.009437 0.000791 
57 0.355251 0.000000 -1.458475 99.766518 -7.011588 -0.020045 -0.000252 
58 1.136804 0.000000 -0.729237 99.791873 -7.171079 0.007302 -0.000984 
59 0.355251 0.000000 0.000000 68.932119 -0.048589 0.001502 0.524836 
60 -8.241827 0.000000 -2.916949 99.756356 -6.975874 -0.000045 0.000001 
61 -11.368037 0.000000 -2.916949 99.756392 -6.975764 -0.000029 0.000000 
62 -8.241827 0.000000 -5.833899 99.756363 -6.975736 -0.000053 0.000001 
63 -8.241827 0.000000 0.000000 99.756370 -6.976033 -0.000029 0.000000 
64 -3.552511 0.000000 -1.458475 99.755896 -6.977045 -0.000170 0.000008 
65 -5.115617 0.000000 -1.458475 99.756198 -6.976386 -0.000079 0.000003 
66 -3.552511 0.000000 -2.916949 99.756022 -6.976713 -0.000263 0.000006 
67 -3.552511 0.000000 0.000000 99.755936 -6.977341 -0.000007 0.000007 
68 -1.207854 0.000000 -0.729237 99.750160 -6.982590 0.003050 0.000115 
69 -1.989406 0.000000 -0.729237 99.755513 -6.980179 -0.007002 0.000011 
70 -1.207854 0.000000 -1.458475 99.751257 -6.982518 -0.003247 0.000093 
71 -1.207854 0.000000 0.000000 99.751288 -6.985713 0.000271 0.000088 
72 2.699909 0.000000 1.458475 99.739210 -7.154126 -0.027200 0.000091 
73 4.263014 0.000000 1.458475 99.738678 -7.181389 0.006740 0.000062 
74 2.699909 0.000000 2.916949 99.755160 -7.018340 -0.006952 -0.000035 
75 0.355251 0.000000 0.729237 99.826575 -7.102010 0.120314 -0.001580 
76 -0.426301 0.000000 0.729237 99.725877 -7.011824 0.001055 0.000558 
77 1.136804 0.000000 0.729237 99.818949 -7.160319 -0.024303 -0.001509 
78 0.355251 0.000000 1.458475 99.770144 -7.013751 0.013916 -0.000327 
79 -0.035525 0.000000 -0.364619 99.155611 -7.192623 0.063942 0.011643 
80 -0.426301 0.000000 -0.364619 99.783554 -7.025450 0.055350 -0.000612 
81 -0.035525 0.000000 -0.729237 99.660171 -7.030928 -0.069708 0.001841 
82 0.355251 0.000000 -0.364619 100.402685 -7.471592 -0.631128 -0.013692 
83 -0.035525 0.000000 0.000000 166.385619 -7.444806 -0.023826 -1.773960 
84 1.918356 0.000000 -0.729237 99.733300 -7.313090 0.049278 -0.000021 
85 1.918356 0.000000 -1.458475 99.762227 -7.078361 0.008823 -0.000261 
86 2.699909 0.000000 -0.729237 99.682441 -7.461270 -0.081674 0.000773 
87 1.918356 0.000000 0.000000 101.208021 -8.504922 -0.834294 -0.031609 
88 0.746027 0.000000 -0.364619 99.746810 -7.571341 0.077162 -0.000676 
89 0.746027 0.000000 -0.729237 99.759924 -7.138989 0.007869 -0.000301 
90 1.136804 0.000000 -0.364619 99.851193 -7.658884 -0.066351 -0.002892 
91 0.746027 0.000000 0.000000 101.991843 -6.567835 -0.008968 -0.044547 
92 -8.241827 0.000000 2.916949 99.756404 -6.976187 -0.000024 -0.000001 
93 -11.368037 0.000000 2.916949 99.756410 -6.975957 -0.000026 -0.000001 
94 -8.241827 0.000000 5.833899 99.756430 -6.976300 -0.000034 -0.000001 
95 -3.552511 0.000000 1.458475 99.756134 -6.977526 0.000101 0.000003 
96 -5.115617 0.000000 1.458475 99.756296 -6.976698 0.000010 0.000001 
97 -3.552511 0.000000 2.916949 99.756368 -6.977598 0.000094 -0.000002 
98 -1.207854 0.000000 0.729237 99.752305 -6.985137 0.000111 0.000069 
99 -1.989406 0.000000 0.729237 99.755832 -6.981956 0.006584 0.000003 
100 -1.207854 0.000000 1.458475 99.752572 -6.983866 0.002430 0.000065 
101 -0.035525 0.000000 0.364619 99.138313 -7.213107 -0.071547 0.011956 
102 -0.426301 0.000000 0.364619 99.757591 -7.033026 -0.092861 -0.000105 
103 0.355251 0.000000 0.364619 100.435576 -7.480039 0.620802 -0.014364 
104 -0.035525 0.000000 0.729237 99.686230 -7.046126 0.075041 0.001300 
105 0.159863 0.000000 -0.182309 98.331740 -8.511816 -4.870252 0.023470 
106 -0.035525 0.000000 -0.182309 97.605671 -7.287989 2.950934 0.041131 
107 0.159863 0.000000 -0.364619 99.320149 -7.294185 -0.853525 0.008157 
108 0.355251 0.000000 -0.182309 101.826303 -9.002073 -1.499976 -0.045188 
109 0.159863 0.000000 0.000000 116.992495 0.019767 0.038573 -0.368725 
110 -0.817078 0.000000 -0.364619 99.753613 -7.010973 0.009612 0.000006 
111 -1.207854 0.000000 -0.364619 99.750015 -6.985301 0.000290 0.000114 
112 -0.817078 0.000000 -0.729237 99.743472 -6.988350 0.002255 0.000240 
113 -0.817078 0.000000 0.000000 99.764202 -7.011380 0.005376 -0.000206 
114 -0.230913 0.000000 -0.182309 100.340686 -7.134049 0.394742 -0.011930 
115 -0.426301 0.000000 -0.182309 99.897648 -7.096739 0.072438 -0.002991 
116 -0.230913 0.000000 -0.364619 99.579911 -7.064329 0.294117 0.003385 
117 -0.230913 0.000000 0.000000 101.218981 -7.205897 -0.031400 -0.029721 
118 1.918356 0.000000 0.729237 99.810122 -7.361281 -0.124516 -0.001626 
119 2.699909 0.000000 0.729237 99.704032 -7.536422 -0.087097 0.000230 
120 1.918356 0.000000 1.458475 99.753912 -7.105083 -0.032376 -0.000133 
121 0.746027 0.000000 0.364619 99.767278 -7.572987 -0.114531 -0.001087 
122 1.136804 0.000000 0.364619 99.880671 -7.662698 0.051964 -0.003487 
123 0.746027 0.000000 0.729237 99.792319 -7.133633 -0.037999 -0.000940 
124 0.159863 0.000000 0.182309 98.353097 -8.467849 4.868350 0.023126 
125 -0.035525 0.000000 0.182309 97.613863 -7.315148 -2.951277 0.040931 
126 0.355251 0.000000 0.182309 101.798292 -8.987716 1.513607 -0.044596 
127 0.159863 0.000000 0.364619 99.341815 -7.313852 0.858014 0.007698 
128 0.062169 0.000000 -0.091155 86.074646 -10.504578 -8.277287 0.241230 
129 -0.035525 0.000000 -0.091155 103.601717 -7.724831 18.455181 -0.113358 
130 0.062169 0.000000 -0.182309 95.978573 -7.876882 -1.776006 0.072291 
131 0.159863 0.000000 -0.091155 99.366980 -12.652087 -13.411014 -0.021373 
132 0.062169 0.000000 0.000000 197.269108 -0.771112 -0.007069 -2.891570 
133 -0.817078 0.000000 0.364619 99.756589 -6.998405 0.000039 -0.000035 
134 -1.207854 0.000000 0.364619 99.750726 -6.985651 0.000084 0.000099 
135 -0.817078 0.000000 0.729237 99.746617 -6.991830 -0.000442 0.000173 
136 -0.230913 0.000000 0.182309 100.316871 -7.141722 -0.437817 -0.011467 
137 -0.426301 0.000000 0.182309 99.880953 -7.029200 -0.085457 -0.002562 
138 -0.230913 0.000000 0.364619 99.578860 -7.053217 -0.300150 0.003421 
139 -0.133219 0.000000 -0.091155 103.398158 -7.330373 2.554807 -0.075144 
140 -0.230913 0.000000 -0.091155 100.858761 -7.186652 0.447290 -0.022434 
141 -0.133219 0.000000 -0.182309 100.078601 -7.391064 1.888769 -0.007392 
142 -0.133219 0.000000 0.000000 106.500154 -7.253500 -0.014505 -0.139490 
143 0.062169 0.000000 0.091155 85.957335 -10.494188 8.270462 0.243281 
144 -0.035525 0.000000 0.091155 103.592829 -7.750024 -18.476574 -0.113292 
145 0.159863 0.000000 0.091155 99.371224 -12.574648 13.412836 -0.021267 
146 0.062169 0.000000 0.182309 96.010743 -7.879469 1.795396 0.071663 
147 0.013322 0.000000 -0.045577 73.803841 -11.601808 -14.509653 0.420786 
148 -0.035525 0.000000 -0.045577 144.445293 -7.692468 29.402728 -1.178814 
149 0.013322 0.000000 -0.091155 76.437723 -9.090996 5.891093 0.403992 
150 0.062169 0.000000 -0.045577 193.933907 -0.633537 -19.377304 -2.798624 
151 0.013322 0.000000 0.000000 247.363567 -3.663971 0.007044 -5.120216 
152 -0.133219 0.000000 0.091155 103.409075 -7.363510 -2.556649 -0.075419 
153 -0.230913 0.000000 0.091155 100.843900 -7.195696 -0.503663 -0.022152 
154 -0.133219 0.000000 0.182309 100.042997 -7.339748 -1.906019 -0.006611 
155 0.013322 0.000000 0.045577 73.717086 -11.877598 14.493787 0.421464 
156 -0.035525 0.000000 0.045577 144.439950 -7.717462 -29.440229 -1.178919 
157 0.062169 0.000000 0.045577 193.939122 -0.657783 19.377597 -2.798831 
158 0.013322 0.000000 0.091155 76.441389 -9.143906 -5.922587 0.403803 
159 -1.989406 0.000000 -8.750848 99.756306 -6.975975 -0.000181 0.000002 
160 -5.115617 0.000000 -8.750848 99.756346 -6.975713 -0.000095 0.000001 
161 -1.989406 0.000000 -11.667797 99.756345 -6.975652 -0.000119 0.000001 
162 1.136804 0.000000 -8.750848 99.756226 -6.976528 -0.000321 0.000002 
163 -0.426301 0.000000 -4.375424 99.756168 -6.978831 -0.000890 0.000000 
164 -1.989406 0.000000 -4.375424 99.756072 -6.977185 -0.000523 0.000005 
165 -0.426301 0.000000 -5.833899 99.756202 -6.977496 -0.000487 0.000001 
166 1.136804 0.000000 -4.375424 99.760305 -6.986672 -0.001399 -0.000093 
167 0.355251 0.000000 -2.187712 99.765607 -7.002814 -0.009214 -0.000222 
168 -0.426301 0.000000 -2.187712 99.754781 -6.984949 -0.006651 0.000019 
169 0.355251 0.000000 -2.916949 99.758307 -6.986083 -0.003496 -0.000053 
170 1.136804 0.000000 -2.187712 99.769423 -7.005563 -0.004196 -0.000302 
171 -0.035525 0.000000 -1.093856 99.736203 -7.020430 -0.037480 0.000340 
172 -0.426301 0.000000 -1.093856 99.741553 -6.997787 -0.017677 0.000265 
173 -0.035525 0.000000 -1.458475 99.736682 -6.996433 -0.010923 0.000364 
174 0.355251 0.000000 -1.093856 99.768998 -7.038667 -0.045163 -0.000340 
175 0.159863 0.000000 -0.546928 99.626263 -7.167922 -0.283779 0.002315 
176 -0.035525 0.000000 -0.546928 99.584907 -7.095369 -0.095657 0.003249 
177 0.159863 0.000000 -0.729237 99.708112 -7.056025 -0.137523 0.000849 
178 0.355251 0.000000 -0.546928 99.850905 -7.201687 -0.244996 -0.002213 
179 0.062169 0.000000 -0.273464 97.661529 -7.413773 -0.782313 0.040665 
180 -0.035525 0.000000 -0.273464 98.233328 -7.287220 0.759262 0.029653 
181 0.062169 0.000000 -0.364619 98.955470 -7.243538 -0.397896 0.015519 
182 0.159863 0.000000 -0.273464 98.868602 -7.572001 -2.076255 0.016335 
183 0.013322 0.000000 -0.136732 92.965537 -8.017879 2.547257 0.128663 
184 -0.035525 0.000000 -0.136732 98.459181 -7.460977 6.250022 0.021106 
185 0.013322 0.000000 -0.182309 95.969217 -7.530571 0.995070 0.073221 
186 0.062169 0.000000 -0.136732 93.740426 -8.532582 -3.538979 0.112740 
187 0.550639 0.000000 -0.182309 101.445021 -8.018438 -0.010898 -0.035539 
188 0.550639 0.000000 -0.364619 100.062602 -7.521507 0.129863 -0.006911 
189 0.746027 0.000000 -0.182309 102.062162 -8.022504 -0.006292 -0.048105 
190 0.550639 0.000000 0.000000 101.451027 -6.550664 -0.010737 -0.033522 
191 0.257557 0.000000 -0.091155 102.733249 -12.607199 -10.270458 -0.081854 
192 0.257557 0.000000 -0.182309 100.713716 -8.782677 -3.777463 -0.023466 
193 0.355251 0.000000 -0.091155 105.313821 -12.633911 -4.443910 -0.127036 
194 0.257557 0.000000 0.000000 83.001533 -0.086600 0.012470 0.311074 
195 0.111016 0.000000 -0.045577 145.498980 -0.243638 -13.645914 -1.135622 
196 0.111016 0.000000 -0.091155 92.576123 -12.552125 -15.482875 0.103239 
197 0.159863 0.000000 -0.045577 115.814250 -0.044317 -8.446734 -0.348429 
198 0.111016 0.000000 0.000000 148.752362 -0.254380 -0.009988 -1.212733 
199 0.037745 0.000000 -0.068366 74.651105 -11.672055 -14.611244 0.407749 
200 0.013322 0.000000 -0.068366 73.757438 -11.379189 -14.353906 0.422432 
201 0.037745 0.000000 -0.091155 83.494036 -9.828306 -5.000645 0.290714 
202 0.062169 0.000000 -0.068366 79.610198 -12.007476 -15.354321 0.328228 
203 0.037745 0.000000 -0.045577 74.279870 -11.717476 -14.603032 0.413195 
204 0.550639 0.000000 0.182309 101.455634 -8.012684 -0.005156 -0.035745 
205 0.746027 0.000000 0.182309 102.071336 -8.025334 -0.006428 -0.048296 
206 0.550639 0.000000 0.364619 100.089222 -7.547384 -0.156746 -0.007484 
207 0.257557 0.000000 0.091155 102.709129 -12.613621 10.268507 -0.081371 
208 0.355251 0.000000 0.091155 105.401494 -12.648300 4.446271 -0.128922 
209 0.257557 0.000000 0.182309 100.706537 -8.780612 3.765210 -0.023308 
210 0.111016 0.000000 0.045577 145.492108 -0.239072 13.621593 -1.135356 
211 0.159863 0.000000 0.045577 115.817695 -0.017188 8.500776 -0.348600 
212 0.111016 0.000000 0.091155 92.486147 -12.607016 15.469335 0.104808 
213 -1.989406 0.000000 8.750848 99.756529 -6.977909 -0.000185 -0.000006 
214 -5.115617 0.000000 8.750848 99.756471 -6.976865 -0.000079 -0.000003 
215 1.136804 0.000000 8.750848 99.756476 -6.979796 -0.000410 -0.000007 
216 -1.989406 0.000000 11.667797 99.756449 -6.977432 -0.000148 -0.000003 
217 -0.426301 0.000000 4.375424 99.757274 -6.981928 -0.000311 -0.000026 
218 -1.989406 0.000000 4.375424 99.756716 -6.978984 0.000017 -0.000011 
219 1.136804 0.000000 4.375424 99.761454 -6.985548 -0.001178 -0.000115 
220 -0.426301 0.000000 5.833899 99.756860 -6.980381 -0.000413 -0.000016 
221 0.355251 0.000000 2.187712 99.762730 -6.998110 0.005212 -0.000158 
222 -0.426301 0.000000 2.187712 99.756618 -6.987689 0.004528 -0.000021 
223 1.136804 0.000000 2.187712 99.771328 -7.007991 -0.003698 -0.000343 
224 0.355251 0.000000 2.916949 99.759857 -6.990610 0.000346 -0.000090 
225 -0.035525 0.000000 1.093856 99.748833 -7.011084 0.037198 0.000101 
226 -0.426301 0.000000 1.093856 99.745195 -6.997165 0.015618 0.000194 
227 0.355251 0.000000 1.093856 99.786826 -7.029252 0.041211 -0.000682 
228 -0.035525 0.000000 1.458475 99.742358 -6.998556 0.008520 0.000248 
229 0.159863 0.000000 0.546928 99.639112 -7.161068 0.285884 0.002068 
230 -0.035525 0.000000 0.546928 99.544066 -7.061595 0.087972 0.004111 
231 0.355251 0.000000 0.546928 99.879185 -7.207946 0.234416 -0.002786 
232 0.159863 0.000000 0.729237 99.740766 -7.073418 0.137911 0.000173 
233 0.062169 0.000000 0.273464 97.608138 -7.432095 0.793469 0.041679 
234 -0.035525 0.000000 0.273464 98.194740 -7.285471 -0.763394 0.030413 
235 0.159863 0.000000 0.273464 98.855028 -7.636751 2.086129 0.016501 
236 0.062169 0.000000 0.364619 98.936128 -7.267315 0.398140 0.015867 
237 0.013322 0.000000 0.136732 92.913299 -8.014623 -2.555149 0.129636 
238 -0.035525 0.000000 0.136732 98.438933 -7.478730 -6.259643 0.021466 
239 0.062169 0.000000 0.136732 93.698995 -8.577888 3.531459 0.113445 
240 0.013322 0.000000 0.182309 95.994202 -7.563100 -0.987628 0.072694 
241 0.037745 0.000000 0.068366 74.610316 -11.869900 14.607817 0.407902 
242 0.013322 0.000000 0.068366 73.685191 -11.659350 14.344178 0.422880 
243 0.037745 0.000000 0.045577 74.238039 -11.904712 14.598948 0.413386 
244 0.062169 0.000000 0.068366 79.564968 -12.175041 15.347120 0.328565 
245 0.037745 0.000000 0.091155 83.398638 -9.799977 4.999150 0.292364 
246 0.111016 0.000000 -0.136732 96.616283 -9.121542 -6.360514 0.054164 
247 0.111016 0.000000 -0.182309 97.084695 -8.212577 -3.764395 0.049294 
248 0.159863 0.000000 -0.136732 98.739024 -9.712270 -7.393963 0.010161 
249 0.086592 0.000000 -0.068366 91.907811 -12.449875 -15.309235 0.116358 
250 0.086592 0.000000 -0.091155 92.328991 -12.566846 -15.445131 0.107888 
251 0.111016 0.000000 -0.068366 92.572141 -12.412202 -15.385529 0.103962 
252 0.086592 0.000000 -0.045577 167.792771 -0.330432 -17.440709 -1.845870 
253 0.086592 0.000000 -0.113943 93.488263 -9.585738 -7.981809 0.110435 
254 0.062169 0.000000 -0.113943 90.976675 -9.196339 -5.515723 0.160825 
255 0.086592 0.000000 -0.136732 95.143742 -8.775212 -5.329274 0.084226 
256 0.111016 0.000000 -0.113943 95.987065 -9.991510 -8.879356 0.060781 
257 0.074381 0.000000 -0.079760 88.947165 -12.426225 -15.243504 0.170163 
258 0.062169 0.000000 -0.079760 80.573987 -12.106883 -15.357557 0.312540 
259 0.074381 0.000000 -0.091155 86.988881 -10.820815 -11.900253 0.217423 
260 0.086592 0.000000 -0.079760 92.024088 -12.468225 -15.338160 0.114085 
261 0.074381 0.000000 -0.068366 86.271473 -12.324637 -15.361177 0.216937 
262 0.111016 0.000000 0.136732 96.570513 -9.071303 6.395999 0.055094 
263 0.159863 0.000000 0.136732 98.702703 -9.690348 7.415113 0.010889 
264 0.111016 0.000000 0.182309 97.110120 -8.188505 3.772601 0.048834 
265 0.086592 0.000000 0.068366 91.851858 -12.350994 15.299859 0.117660 
266 0.086592 0.000000 0.045577 167.783633 -0.325814 17.413300 -1.845468 
267 0.111016 0.000000 0.068366 92.491686 -12.444624 15.373570 0.105407 
268 0.086592 0.000000 0.091155 92.280645 -12.445910 15.435881 0.109112 
269 0.086592 0.000000 0.113943 93.434384 -9.617143 7.995908 0.111359 
270 0.062169 0.000000 0.113943 90.917553 -9.238624 5.507724 0.161831 
271 0.111016 0.000000 0.113943 95.945398 -9.948154 8.909857 0.061613 
272 0.086592 0.000000 0.136732 95.113276 -8.786962 5.346236 0.084767 
273 0.074381 0.000000 0.079760 88.891166 -12.384908 15.233275 0.171292 
274 0.062169 0.000000 0.079760 80.527338 -12.253556 15.349353 0.312960 
275 0.074381 0.000000 0.068366 86.217901 -12.345866 15.351276 0.217839 
276 0.086592 0.000000 0.079760 91.966074 -12.376666 15.328493 0.115410 
277 0.074381 0.000000 0.091155 86.902218 -10.853436 11.900612 0.218858 
278 0.208710 0.000000 -0.045577 95.396215 -0.113177 -5.271216 0.087176 
279 0.208710 0.000000 -0.091155 100.531759 -12.703450 -12.780400 -0.043135 
280 0.257557 0.000000 -0.045577 82.145883 -0.073659 -4.040069 0.323573 
281 0.208710 0.000000 0.000000 96.533475 -0.006310 0.025671 0.068129 
282 0.135439 0.000000 -0.068366 93.182467 -12.554328 -15.580833 0.091665 
283 0.135439 0.000000 -0.091155 94.379117 -12.580945 -15.177993 0.070393 
284 0.159863 0.000000 -0.068366 114.374638 -0.157126 -12.608415 -0.324055 
285 0.135439 0.000000 -0.045577 129.131519 -0.098970 -10.732012 -0.679014 
286 0.257557 0.000000 -0.273464 100.238565 -7.792903 -1.826131 -0.011183 
287 0.257557 0.000000 -0.364619 100.044450 -7.396559 -0.946135 -0.006450 
288 0.355251 0.000000 -0.273464 100.690670 -7.914149 -0.775140 -0.020185 
289 0.208710 0.000000 -0.136732 100.250174 -10.057973 -7.240270 -0.020368 
290 0.208710 0.000000 -0.182309 99.384483 -8.608829 -4.838154 0.002520 
291 0.257557 0.000000 -0.136732 101.313657 -10.122454 -6.276649 -0.040632 
292 0.135439 0.000000 -0.113943 97.223124 -10.368084 -9.188005 0.035575 
293 0.135439 0.000000 -0.136732 97.790025 -9.423692 -6.897671 0.030073 
294 0.159863 0.000000 -0.113943 98.486734 -10.824215 -9.693603 0.008923 
295 0.123228 0.000000 -0.079760 92.685931 -12.472083 -15.454911 0.101491 
296 0.111016 0.000000 -0.079760 92.570908 -12.465228 -15.422486 0.103739 
297 0.123228 0.000000 -0.091155 92.541827 -12.541429 -15.476253 0.103921 
298 0.135439 0.000000 -0.079760 94.325750 -12.587342 -15.390074 0.070736 
299 0.123228 0.000000 -0.068366 92.547825 -12.543300 -15.477411 0.103802 
300 0.208710 0.000000 0.045577 95.404374 -0.102931 5.312572 0.086977 
301 0.257557 0.000000 0.045577 82.163889 -0.085216 4.060951 0.323260 
302 0.208710 0.000000 0.091155 100.535744 -12.688766 12.780777 -0.043179 
303 0.135439 0.000000 0.068366 93.106087 -12.673819 15.571795 0.092815 
304 0.135439 0.000000 0.045577 128.964716 -0.218238 10.743493 -0.674737 
305 0.159863 0.000000 0.068366 114.368074 -0.127634 12.636812 -0.323976 
306 0.135439 0.000000 0.091155 94.324624 -12.647235 15.172983 0.071269 
307 0.257557 0.000000 0.273464 100.275994 -7.821865 1.828606 -0.011980 
308 0.355251 0.000000 0.273464 100.741708 -7.929256 0.776854 -0.021237 
309 0.257557 0.000000 0.364619 100.073741 -7.425561 0.944854 -0.007079 
310 0.208710 0.000000 0.136732 100.237680 -10.031169 7.225674 -0.020043 
311 0.257557 0.000000 0.136732 101.327398 -10.081621 6.263702 -0.040811 
312 0.208710 0.000000 0.182309 99.400413 -8.586969 4.816032 0.002263 
313 0.135439 0.000000 0.113943 97.183985 -10.332417 9.215714 0.036358 
314 0.159863 0.000000 0.113943 98.444127 -10.788441 9.714490 0.009799 
315 0.135439 0.000000 0.136732 97.749869 -9.395226 6.922194 0.030878 
316 0.123228 0.000000 0.079760 92.600822 -12.582381 15.443976 0.102825 
317 0.111016 0.000000 0.079760 92.486585 -12.509397 15.409882 0.105228 
318 0.123228 0.000000 0.068366 92.455793 -12.629835 15.463504 0.105329 
319 0.135439 0.000000 0.079760 94.274287 -12.655660 15.386719 0.071544 
320 0.123228 0.000000 0.091155 92.449359 -12.634672 15.462268 0.105440 
321 0.184287 0.000000 -0.068366 103.122884 -0.160461 -10.396858 -0.074245 
322 0.184287 0.000000 -0.091155 99.321465 -12.565580 -13.356907 -0.020105 
323 0.208710 0.000000 -0.068366 93.273733 -0.111622 -8.262896 0.123172 
324 0.184287 0.000000 -0.045577 104.485077 -0.139810 -6.835966 -0.096388 
325 0.184287 0.000000 0.068366 103.146885 -0.170635 10.413392 -0.074775 
326 0.184287 0.000000 0.045577 104.511791 -0.149336 6.873608 -0.096998 
327 0.208710 0.000000 0.068366 93.310595 -0.111344 8.284908 0.122448 
328 0.184287 0.000000 0.091155 99.330569 -12.557266 13.359633 -0.020273 
329 0.452945 0.000000 -0.091155 99.003392 -10.200194 -0.002758 0.009428 
330 0.452945 0.000000 -0.182309 99.792391 -11.848016 -0.001342 -0.009890 
331 0.550639 0.000000 -0.091155 100.996241 -7.517689 -0.009561 -0.025676 
332 0.452945 0.000000 0.000000 101.451027 -6.550664 -0.010737 -0.033522 
333 0.306404 0.000000 -0.136732 102.421449 -10.438458 -4.255959 -0.061723 
334 0.306404 0.000000 -0.182309 101.346757 -8.900069 -2.814304 -0.035830 
335 0.355251 0.000000 -0.136732 104.410354 -10.641277 -2.700154 -0.102205 
336 0.306404 0.000000 -0.091155 104.404481 -12.518005 -6.478544 -0.109897 
337 0.233134 0.000000 -0.113943 101.448960 -11.559453 -8.338223 -0.049504 
338 0.208710 0.000000 -0.113943 101.365497 -11.329160 -9.359895 -0.049092 
339 0.233134 0.000000 -0.136732 100.680359 -10.114491 -6.699770 -0.028372 
340 0.257557 0.000000 -0.113943 102.759392 -12.618935 -10.273231 -0.082427 
341 0.233134 0.000000 -0.091155 102.943768 -12.671918 -10.292127 -0.086392 
342 0.452945 0.000000 0.091155 99.017709 -10.188808 -0.007842 0.009168 
343 0.550639 0.000000 0.091155 101.003179 -7.511245 -0.008953 -0.025806 
344 0.452945 0.000000 0.182309 99.805568 -11.833619 -0.002044 -0.010119 
345 0.306404 0.000000 0.136732 102.438424 -10.423555 4.270589 -0.062052 
346 0.306404 0.000000 0.091155 104.465126 -12.567006 6.483400 -0.111293 
347 0.355251 0.000000 0.136732 104.446006 -10.716120 2.696617 -0.103108 
348 0.306404 0.000000 0.182309 101.315619 -8.898607 2.820102 -0.035199 
349 0.233134 0.000000 0.113943 101.441245 -11.528243 8.328264 -0.049259 
350 0.208710 0.000000 0.113943 101.361091 -11.278544 9.349048 -0.048868 
351 0.233134 0.000000 0.091155 102.932221 -12.621503 10.290715 -0.086024 
352 0.257557 0.000000 0.113943 102.734764 -12.624337 10.271268 -0.081930 
353 0.233134 0.000000 0.136732 100.692468 -10.073304 6.692163 -0.028523 
354 0.306404 0.000000 -0.045577 73.317820 0.101852 -2.156572 0.461984 
355 0.355251 0.000000 -0.045577 68.163417 -0.054923 -1.107238 0.535252 
356 0.306404 0.000000 0.000000 73.920685 0.020629 -0.018916 0.453573 
357 0.281981 0.000000 -0.113943 103.769494 -12.514405 -8.453562 -0.099618 
358 0.281981 0.000000 -0.136732 102.266449 -10.301696 -5.186244 -0.059145 
359 0.306404 0.000000 -0.113943 104.387488 -12.529939 -6.478264 -0.109571 
360 0.281981 0.000000 -0.091155 103.579745 -12.521636 -8.790067 -0.096282 
361 0.281981 0.000000 -0.068366 75.798873 0.086330 -4.626509 0.423312 
362 0.257557 0.000000 -0.068366 81.237973 -0.102621 -6.214531 0.336176 
363 0.306404 0.000000 -0.068366 72.684700 0.055718 -3.163945 0.470692 
364 0.281981 0.000000 -0.045577 76.911774 0.045834 -3.163752 0.407457 
365 0.269769 0.000000 -0.102549 102.919880 -12.562030 -10.006239 -0.085043 
366 0.257557 0.000000 -0.102549 102.730853 -12.606124 -10.270204 -0.081802 
367 0.269769 0.000000 -0.113943 102.875352 -12.548206 -10.284795 -0.084657 
368 0.281981 0.000000 -0.102549 103.616802 -12.519573 -9.174076 -0.097735 
369 0.269769 0.000000 -0.091155 102.804162 -12.576870 -10.277607 -0.083250 
370 0.306404 0.000000 0.045577 73.452320 0.008677 2.144855 0.460016 
371 0.355251 0.000000 0.045577 68.168130 -0.055579 1.110817 0.535187 
372 0.281981 0.000000 0.113943 103.788324 -12.499643 8.455244 -0.099975 
373 0.281981 0.000000 0.091155 103.592003 -12.509360 8.791109 -0.096507 
374 0.306404 0.000000 0.113943 104.457117 -12.591081 6.483176 -0.111186 
375 0.281981 0.000000 0.136732 102.245843 -10.350192 5.182179 -0.058819 
376 0.281981 0.000000 0.068366 75.830861 0.118026 4.628367 0.422824 
377 0.257557 0.000000 0.068366 81.280268 -0.088373 6.233715 0.335465 
378 0.281981 0.000000 0.045577 76.981154 0.033599 3.194456 0.406370 
379 0.306404 0.000000 0.068366 72.806326 -0.024147 3.154327 0.468929 
380 0.269769 0.000000 0.102549 102.907491 -12.557982 10.004957 -0.084775 
381 0.257557 0.000000 0.102549 102.706779 -12.612639 10.268254 -0.081320 
382 0.269769 0.000000 0.091155 102.787175 -12.574900 10.275768 -0.082892 
383 0.281981 0.000000 0.102549 103.633001 -12.487570 9.174654 -0.097991 
384 0.269769 0.000000 0.113943 102.865283 -12.537971 10.283064 -0.084421 
385 0.746027 0.000000 -1.093856 99.786780 -7.052128 -0.022601 -0.000713 
386 0.746027 0.000000 -1.458475 99.771578 -7.023058 -0.010146 -0.000369 
387 1.136804 0.000000 -1.093856 99.792545 -7.085319 -0.002253 -0.000875 
388 0.550639 0.000000 -0.546928 99.837376 -7.227616 -0.016559 -0.001974 
389 0.550639 0.000000 -0.729237 99.815151 -7.118105 -0.071566 -0.001374 
390 0.746027 0.000000 -0.546928 99.820285 -7.244054 0.011665 -0.001657 
391 0.452945 0.000000 -0.273464 100.482134 -7.925458 0.102714 -0.015948 
392 0.452945 0.000000 -0.364619 100.356059 -7.489139 -0.069094 -0.012743 
393 0.550639 0.000000 -0.273464 101.433916 -12.016557 0.000664 -0.043324 
394 0.404098 0.000000 -0.136732 98.125791 -12.515114 -0.000808 0.021470 
395 0.404098 0.000000 -0.182309 101.879260 -9.102395 0.177585 -0.046227 
396 0.452945 0.000000 -0.136732 99.169154 -10.763894 -0.002862 0.004962 
397 0.404098 0.000000 -0.091155 101.149167 -12.530625 -1.664165 -0.039094 
398 0.330828 0.000000 -0.113943 104.370418 -12.566965 -6.480072 -0.109310 
399 0.330828 0.000000 -0.136732 102.837674 -10.547405 -3.938453 -0.070235 
400 0.355251 0.000000 -0.113943 105.222775 -12.623913 -4.689044 -0.125318 
401 0.330828 0.000000 -0.091155 104.364299 -12.567450 -6.479671 -0.109183 
402 0.746027 0.000000 1.093856 99.798728 -7.057585 0.008266 -0.000960 
403 1.136804 0.000000 1.093856 99.788055 -7.079272 -0.020037 -0.000777 
404 0.746027 0.000000 1.458475 99.777784 -7.027885 0.003140 -0.000500 
405 0.550639 0.000000 0.546928 99.856899 -7.237091 0.002914 -0.002378 
406 0.746027 0.000000 0.546928 99.841343 -7.250524 -0.042766 -0.002087 
407 0.550639 0.000000 0.729237 99.839046 -7.118379 0.054688 -0.001851 
408 0.452945 0.000000 0.273464 100.543346 -7.941539 -0.132919 -0.017205 
409 0.550639 0.000000 0.273464 101.450662 -11.999154 -0.000489 -0.043622 
410 0.452945 0.000000 0.364619 100.381337 -7.521128 0.051885 -0.013298 
411 0.404098 0.000000 0.136732 98.136682 -12.499218 -0.002538 0.021296 
412 0.404098 0.000000 0.091155 101.167961 -12.482996 1.662352 -0.039354 
413 0.452945 0.000000 0.136732 99.181925 -10.751746 -0.005988 0.004735 
414 0.404098 0.000000 0.182309 101.860984 -9.125274 -0.183524 -0.045896 
415 0.330828 0.000000 0.113943 104.469891 -12.647055 6.486744 -0.111598 
416 0.330828 0.000000 0.091155 104.463493 -12.647467 6.486323 -0.111465 
417 0.355251 0.000000 0.113943 105.312954 -12.646609 4.692006 -0.127277 
418 0.330828 0.000000 0.136732 102.853650 -10.531260 3.952027 -0.070540 
419 0.404098 0.000000 -0.045577 67.408629 -0.020693 0.819065 0.545541 
420 0.452945 0.000000 -0.045577 99.544383 -8.602525 -0.005813 0.001691 
421 0.404098 0.000000 0.000000 68.486898 0.004011 0.002523 0.530954 
422 0.379675 0.000000 -0.113943 104.629581 -12.663824 -2.229432 -0.111269 
423 0.379675 0.000000 -0.136732 104.182956 -10.760883 -1.033366 -0.097095 
424 0.404098 0.000000 -0.113943 100.825249 -12.607957 -1.845862 -0.032810 
425 0.379675 0.000000 -0.091155 104.313570 -12.667946 -2.222810 -0.104674 
426 0.330828 0.000000 -0.068366 69.832506 -0.029362 -3.014915 0.511433 
427 0.355251 0.000000 -0.068366 66.892417 -0.065215 -1.823036 0.552208 
428 0.330828 0.000000 -0.045577 70.374174 -0.062697 -1.933071 0.504373 
429 0.343039 0.000000 -0.102549 104.752455 -12.581151 -6.155310 -0.116925 
430 0.330828 0.000000 -0.102549 104.367148 -12.567224 -6.479858 -0.109243 
431 0.343039 0.000000 -0.113943 104.832744 -12.592162 -6.003748 -0.118451 
432 0.355251 0.000000 -0.102549 105.330341 -12.635584 -4.812794 -0.127730 
433 0.343039 0.000000 -0.091155 104.606519 -12.574916 -6.494651 -0.114283 
434 0.404098 0.000000 0.045577 67.482311 -0.004444 -0.826730 0.544545 
435 0.452945 0.000000 0.045577 99.558269 -8.593786 -0.009790 0.001430 
436 0.330828 0.000000 0.068366 69.971131 -0.096757 3.026613 0.509487 
437 0.330828 0.000000 0.045577 70.450768 -0.081595 1.929237 0.503296 
438 0.355251 0.000000 0.068366 66.956131 -0.067275 1.826721 0.551354 
439 0.379675 0.000000 0.113943 104.692659 -12.634801 2.229655 -0.112516 
440 0.379675 0.000000 0.091155 104.369949 -12.633098 2.223084 -0.105762 
441 0.404098 0.000000 0.113943 100.846703 -12.559478 1.844455 -0.033120 
442 0.379675 0.000000 0.136732 104.227606 -10.805781 1.026352 -0.098121 
443 0.343039 0.000000 0.102549 104.852437 -12.643197 6.161112 -0.119184 
444 0.330828 0.000000 0.102549 104.466472 -12.647276 6.486519 -0.111527 
445 0.343039 0.000000 0.091155 104.706765 -12.644099 6.500939 -0.116564 
446 0.355251 0.000000 0.102549 105.418035 -12.651450 4.815325 -0.129621 
447 0.343039 0.000000 0.113943 104.929766 -12.646355 6.008969 -0.120629 
448 1.527580 0.000000 -0.364619 99.754991 -7.856606 0.171509 -0.001281 
449 1.527580 0.000000 -0.729237 99.745143 -7.267959 0.024093 -0.000192 
450 1.918356 0.000000 -0.364619 99.803966 -6.993020 0.128557 -0.000975 
451 1.527580 0.000000 0.000000 101.029901 -8.243106 0.244619 -0.027505 
452 0.941416 0.000000 -0.182309 102.179561 -8.094888 -0.004067 -0.050619 
453 0.941416 0.000000 -0.364619 99.742383 -7.596439 -0.042514 -0.000625 
454 1.136804 0.000000 -0.182309 101.811342 -8.779877 -0.001209 -0.044264 
455 0.941416 0.000000 0.000000 102.132941 -6.615246 -0.004327 -0.047490 
456 0.648333 0.000000 -0.091155 101.653114 -7.518760 -0.008366 -0.038989 
457 0.648333 0.000000 -0.182309 101.734939 -8.516087 -0.008443 -0.042252 
458 0.746027 0.000000 -0.091155 102.104413 -6.909082 -0.009072 -0.047305 
459 0.648333 0.000000 0.000000 101.788347 -6.561374 -0.009634 -0.040392 
460 0.501792 0.000000 -0.136732 99.678082 -9.666127 -0.005939 -0.002915 
461 0.501792 0.000000 -0.182309 100.951332 -9.898364 -0.005952 -0.028915 
462 0.550639 0.000000 -0.136732 101.444485 -7.232289 -0.011032 -0.034329 
463 0.501792 0.000000 -0.091155 99.677893 -9.576149 -0.004261 -0.002739 
464 0.428522 0.000000 -0.113943 98.424693 -12.229482 -0.967320 0.016208 
465 0.428522 0.000000 -0.136732 99.134779 -11.736972 -0.001372 0.003454 
466 0.452945 0.000000 -0.113943 99.042145 -10.714787 -0.003417 0.007585 
467 0.428522 0.000000 -0.091155 98.564484 -11.969725 -0.855688 0.014104 
468 0.379675 0.000000 -0.068366 66.152147 -0.026929 -0.302087 0.562380 
469 0.404098 0.000000 -0.068366 98.132479 -11.914847 -0.001178 0.022805 
470 0.379675 0.000000 -0.045577 67.089914 -0.023453 -0.215313 0.549890 
471 0.391886 0.000000 -0.102549 102.988523 -12.680732 -2.057244 -0.077167 
472 0.379675 0.000000 -0.102549 104.638518 -12.663013 -2.229676 -0.111454 
473 0.391886 0.000000 -0.113943 102.803808 -12.675533 -1.994584 -0.073327 
474 0.404098 0.000000 -0.102549 100.925205 -12.621055 -1.885184 -0.034874 
475 0.391886 0.000000 -0.091155 102.635389 -12.669752 -1.929155 -0.069827 
476 0.379675 0.000000 0.068366 66.221953 -0.009778 0.315037 0.561455 
477 0.379675 0.000000 0.045577 67.172875 -0.024496 0.217421 0.548776 
478 0.404098 0.000000 0.068366 98.143285 -11.899329 -0.005134 0.022630 
479 1.527580 0.000000 0.364619 99.855494 -7.863766 -0.129773 -0.003298 
480 1.918356 0.000000 0.364619 99.920715 -7.056667 -0.293660 -0.003403 
481 1.527580 0.000000 0.729237 99.787267 -7.281111 -0.052633 -0.001052 
482 0.941416 0.000000 0.182309 102.187716 -8.107303 -0.003144 -0.050806 
483 1.136804 0.000000 0.182309 101.820381 -8.796636 0.002669 -0.044477 
484 0.941416 0.000000 0.364619 99.764623 -7.600151 0.016712 -0.001074 
485 0.648333 0.000000 0.091155 101.659038 -7.516965 -0.008095 -0.039106 
486 0.746027 0.000000 0.091155 102.108933 -6.909529 -0.007175 -0.047398 
487 0.648333 0.000000 0.182309 101.745344 -8.514929 -0.004802 -0.042462 
488 0.501792 0.000000 0.136732 99.689931 -9.656011 -0.006276 -0.003132 
489 0.501792 0.000000 0.091155 99.690368 -9.565106 -0.007769 -0.002966 
490 0.550639 0.000000 0.136732 101.453909 -7.226681 -0.007682 -0.034512 
491 0.501792 0.000000 0.182309 100.963374 -9.889950 -0.003797 -0.029141 
492 0.428522 0.000000 0.113943 98.450018 -12.204457 0.964137 0.015772 
493 0.428522 0.000000 0.091155 98.588183 -11.946425 0.851498 0.013693 
494 0.452945 0.000000 0.113943 99.054323 -10.702601 -0.005711 0.007370 
495 0.428522 0.000000 0.136732 99.146989 -11.722244 -0.003847 0.003246 
496 0.391886 0.000000 0.102549 103.022712 -12.631140 2.057118 -0.077746 
497 0.379675 0.000000 0.102549 104.702021 -12.634459 2.229904 -0.112712 
498 0.391886 0.000000 0.091155 102.669393 -12.624624 1.928751 -0.070411 
499 0.404098 0.000000 0.102549 100.946555 -12.571615 1.883874 -0.035180 
500 0.391886 0.000000 0.113943 102.837940 -12.628312 1.994312 -0.073909 
501 1.332192 0.000000 -0.182309 100.921617 -9.275297 -0.045759 -0.027121 
502 1.332192 0.000000 -0.364619 99.868349 -7.734963 0.154058 -0.003354 
503 1.527580 0.000000 -0.182309 100.915745 -9.484916 0.135618 -0.027397 
504 1.332192 0.000000 0.000000 100.906222 -7.304913 0.062978 -0.023543 
505 1.332192 0.000000 0.182309 101.007704 -9.671056 0.280661 -0.029616 
506 1.527580 0.000000 0.182309 101.271316 -9.980742 0.353190 -0.035562 
507 1.332192 0.000000 0.364619 99.925185 -7.743497 -0.131803 -0.004502 
508 1.234498 0.000000 -0.091155 99.034423 -11.536601 -0.006129 0.005909 
509 1.136804 0.000000 -0.091155 100.961999 -7.989726 -0.002224 -0.025716 
510 1.234498 0.000000 -0.182309 100.762151 -12.504015 -0.000952 -0.030936 
511 1.332192 0.000000 -0.091155 99.796318 -10.054085 -0.019650 -0.006039 
512 1.234498 0.000000 0.000000 78.482338 -0.052696 0.003165 0.384052 
513 1.234498 0.000000 0.091155 99.018267 -11.572153 0.020288 0.006147 
514 1.136804 0.000000 0.091155 100.963792 -7.998176 0.001823 -0.025766 
515 1.332192 0.000000 0.091155 99.777788 -10.169074 0.072988 -0.005902 
516 1.234498 0.000000 0.182309 100.764764 -12.512982 0.001637 -0.031011 
517 4.263014 0.000000 -8.750848 99.756117 -6.977078 -0.000597 0.000004 
518 4.263014 0.000000 -11.667797 99.756276 -6.975923 -0.000306 0.000002 
519 7.389224 0.000000 -8.750848 99.756117 -6.977232 -0.000924 0.000004 
520 2.699909 0.000000 -4.375424 99.758352 -6.991574 -0.000808 -0.000061 
521 2.699909 0.000000 -5.833899 99.755736 -6.980894 -0.000972 0.000006 
522 4.263014 0.000000 -4.375424 99.754707 -6.989671 -0.003321 0.000014 
523 1.918356 0.000000 -2.187712 99.761685 -7.022172 0.001763 -0.000170 
524 1.918356 0.000000 -2.916949 99.760850 -6.996888 0.001952 -0.000118 
525 2.699909 0.000000 -2.187712 99.750223 -7.037518 -0.004503 0.000037 
526 1.527580 0.000000 -1.093856 99.777950 -7.113475 0.010065 -0.000624 
527 1.527580 0.000000 -1.458475 99.770968 -7.047736 0.007476 -0.000392 
528 1.918356 0.000000 -1.093856 99.764525 -7.164044 0.019589 -0.000428 
529 1.332192 0.000000 -0.546928 99.804143 -7.367487 0.051733 -0.001515 
530 1.136804 0.000000 -0.546928 99.805772 -7.306691 -0.008998 -0.001458 
531 1.332192 0.000000 -0.729237 99.785480 -7.233444 0.030268 -0.000947 
532 1.527580 0.000000 -0.546928 99.738996 -7.413321 0.086764 -0.000283 
533 1.234498 0.000000 -0.273464 100.139812 -8.194631 0.021439 -0.009513 
534 1.136804 0.000000 -0.273464 101.811035 -12.170014 -0.001157 -0.051360 
535 1.234498 0.000000 -0.364619 99.921559 -7.707787 0.024341 -0.004373 
536 1.332192 0.000000 -0.273464 101.159148 -13.153056 -0.013871 -0.040618 
537 10.515434 0.000000 -2.916949 99.754107 -7.005572 -0.021729 0.000004 
538 10.515434 0.000000 -5.833899 99.755827 -6.981477 -0.003482 0.000003 
539 13.641644 0.000000 -2.916949 99.754527 -7.001023 -0.025663 0.000002 
540 10.515434 0.000000 0.000000 99.862295 -5.458699 0.358549 -0.000240 
541 5.826119 0.000000 -1.458475 99.744995 -7.127106 -0.075765 0.000013 
542 5.826119 0.000000 -2.916949 99.753114 -7.010707 -0.013433 0.000017 
543 7.389224 0.000000 -1.458475 99.746878 -7.103854 -0.094282 0.000009 
544 5.826119 0.000000 0.000000 100.064899 -2.551245 -2.751553 -0.002706 
545 3.481461 0.000000 -0.729237 99.712122 -7.473772 -0.125220 0.000162 
546 3.481461 0.000000 -1.458475 99.739892 -7.125395 -0.036824 0.000118 
547 4.263014 0.000000 -0.729237 99.715629 -7.467871 -0.182180 0.000099 
548 3.481461 0.000000 0.000000 100.024703 -2.921145 -1.068653 -0.001462 
549 2.309132 0.000000 -0.364619 99.155231 -7.040557 -0.096602 0.011866 
550 2.309132 0.000000 -0.729237 99.649935 -7.450421 -0.000240 0.001438 
551 2.699909 0.000000 -0.364619 99.741514 -6.952654 0.027127 0.000329 
552 2.309132 0.000000 0.000000 134.251835 -3.540063 -0.993710 -0.803707 
553 1.722968 0.000000 -0.182309 101.318443 -9.646599 0.206468 -0.035853 
554 1.722968 0.000000 -0.364619 99.585383 -7.769731 0.179532 0.002235 
555 1.918356 0.000000 -0.182309 101.003388 -8.904549 -0.808598 -0.028163 
556 1.722968 0.000000 0.000000 101.223429 -8.770393 0.082095 -0.032311 
557 1.429886 0.000000 -0.091155 100.988445 -9.568248 -0.000065 -0.029022 
558 1.429886 0.000000 -0.182309 101.059847 -9.568793 -0.061379 -0.030466 
559 1.527580 0.000000 -0.091155 101.119928 -9.302870 0.148881 -0.031181 
560 1.429886 0.000000 0.000000 100.906220 -7.304930 0.062985 -0.023543 
561 1.283345 0.000000 -0.136732 99.198060 -10.992627 -0.022142 0.003891 
562 1.234498 0.000000 -0.136732 99.257643 -11.769610 -0.004982 0.000940 
563 1.283345 0.000000 -0.182309 99.832821 -11.886613 -0.031164 -0.010788 
564 1.332192 0.000000 -0.136732 99.877198 -9.630665 -0.052395 -0.006821 
565 1.283345 0.000000 -0.091155 98.976128 -10.730030 -0.022833 0.008859 
566 10.515434 0.000000 2.916949 99.752222 -7.033865 0.013903 0.000002 
567 13.641644 0.000000 2.916949 99.752518 -7.030309 0.020633 0.000001 
568 10.515434 0.000000 5.833899 99.755126 -6.993437 0.001213 0.000001 
569 5.826119 0.000000 1.458475 99.741011 -7.188218 0.034886 0.000006 
570 7.389224 0.000000 1.458475 99.742305 -7.171911 0.060247 0.000003 
571 5.826119 0.000000 2.916949 99.752069 -7.034827 0.001872 0.000004 
572 3.481461 0.000000 0.729237 99.704282 -7.605888 -0.029888 0.000121 
573 4.263014 0.000000 0.729237 99.707380 -7.618187 0.033738 0.000040 
574 3.481461 0.000000 1.458475 99.737963 -7.173359 -0.008979 0.000088 
575 2.309132 0.000000 0.364619 99.267369 -7.226453 -0.270396 0.009369 
576 2.699909 0.000000 0.364619 99.755687 -7.201898 -0.458551 -0.000327 
577 2.309132 0.000000 0.729237 99.714334 -7.501646 -0.139590 0.000076 
578 1.722968 0.000000 0.182309 101.489736 -10.466076 0.281020 -0.040978 
579 1.918356 0.000000 0.182309 101.821357 -10.519752 -0.775994 -0.047886 
580 1.722968 0.000000 0.364619 99.815877 -7.815779 -0.206391 -0.002434 
581 1.429886 0.000000 0.091155 101.030010 -9.740978 0.110620 -0.030196 
582 1.527580 0.000000 0.091155 101.236605 -9.462504 0.234941 -0.033844 
583 1.429886 0.000000 0.182309 101.099150 -9.914329 0.206200 -0.031937 
584 4.263014 0.000000 8.750848 99.756179 -6.982049 -0.000478 -0.000004 
585 7.389224 0.000000 8.750848 99.755919 -6.983622 -0.000225 -0.000001 
586 4.263014 0.000000 11.667797 99.756274 -6.979497 -0.000256 -0.000003 
587 2.699909 0.000000 4.375424 99.756365 -6.991230 -0.002459 -0.000021 
588 4.263014 0.000000 4.375424 99.754964 -7.001716 -0.001724 -0.000008 
589 2.699909 0.000000 5.833899 99.756302 -6.987147 -0.001278 -0.000014 
590 1.918356 0.000000 2.187712 99.763324 -7.030637 -0.014571 -0.000215 
591 2.699909 0.000000 2.187712 99.751219 -7.057186 -0.013043 -0.000011 
592 1.918356 0.000000 2.916949 99.765263 -7.007255 -0.009572 -0.000221 
593 1.527580 0.000000 1.093856 99.779931 -7.109385 -0.039977 -0.000658 
594 1.918356 0.000000 1.093856 99.762317 -7.168445 -0.066581 -0.000391 
595 1.527580 0.000000 1.458475 99.770059 -7.077961 -0.027657 -0.000416 
596 1.332192 0.000000 0.546928 99.847519 -7.376727 -0.060049 -0.002395 
597 1.136804 0.000000 0.546928 99.827922 -7.298839 -0.014623 -0.001889 
598 1.527580 0.000000 0.546928 99.835275 -7.432833 -0.090338 -0.002234 
599 1.332192 0.000000 0.729237 99.812297 -7.207311 -0.044085 -0.001444 
600 1.234498 0.000000 0.273464 100.173014 -8.203105 -0.010579 -0.010192 
601 1.136804 0.000000 0.273464 101.820226 -12.185560 0.002033 -0.051585 
602 1.332192 0.000000 0.273464 101.039189 -13.180861 0.017831 -0.038265 
603 1.234498 0.000000 0.364619 99.952978 -7.716060 -0.025621 -0.005014 
604 1.283345 0.000000 0.136732 99.211746 -11.173905 0.122602 0.003216 
605 1.234498 0.000000 0.136732 99.239187 -11.794312 0.012864 0.001248 
606 1.283345 0.000000 0.091155 98.987076 -10.876400 0.096078 0.008325 
607 1.332192 0.000000 0.136732 99.909126 -9.848077 0.126240 -0.007883 
608 1.283345 0.000000 0.182309 99.836351 -12.128490 0.158370 -0.011442 
609 2.113744 0.000000 -0.182309 100.702377 -5.648507 3.192339 -0.018307 
610 2.113744 0.000000 -0.364619 99.634727 -6.897098 0.463599 0.002514 
611 2.309132 0.000000 -0.182309 97.747511 -5.289067 -2.354040 0.041191 
612 2.113744 0.000000 0.000000 95.802150 1.101457 0.018977 0.082073 
613 2.113744 0.000000 0.182309 101.090791 -5.852588 -3.483656 -0.026574 
614 2.309132 0.000000 0.182309 98.024271 -5.605805 1.491450 0.035759 
615 2.113744 0.000000 0.364619 99.759260 -7.002718 -0.710022 -0.000145 
616 2.016050 0.000000 -0.091155 101.009654 -9.364347 -0.468571 -0.029086 
617 1.918356 0.000000 -0.091155 101.207797 -8.710843 -0.737341 -0.031944 
618 2.016050 0.000000 -0.182309 101.328249 -8.503632 -0.236292 -0.033978 
619 2.113744 0.000000 -0.091155 105.996666 -7.975791 11.100051 -0.142212 
620 2.016050 0.000000 0.000000 101.348687 -9.103417 -0.934877 -0.035530 
621 2.016050 0.000000 0.091155 101.281598 -9.278019 -0.185093 -0.034408 
622 1.918356 0.000000 0.091155 101.356118 -9.308322 -0.759021 -0.036028 
623 2.113744 0.000000 0.091155 107.031170 -8.323739 -11.223419 -0.165092 
624 2.016050 0.000000 0.182309 101.317767 -9.438244 -0.285187 -0.035445 
625 2.309132 0.000000 -1.093856 99.726283 -7.217898 0.003461 0.000257 
626 2.309132 0.000000 -1.458475 99.750716 -7.100183 -0.000608 -0.000062 
627 2.699909 0.000000 -1.093856 99.728563 -7.233359 -0.027534 0.000189 
628 2.113744 0.000000 -0.546928 99.521019 -7.418814 0.088512 0.004052 
629 1.918356 0.000000 -0.546928 99.596585 -7.403292 0.054572 0.002571 
630 2.113744 0.000000 -0.729237 99.691166 -7.375380 0.045544 0.000727 
631 2.309132 0.000000 -0.546928 99.549887 -7.490473 0.015207 0.003371 
632 2.016050 0.000000 -0.273464 100.150679 -5.918575 0.382302 -0.006533 
633 1.918356 0.000000 -0.273464 101.499673 -10.861683 -0.424716 -0.042034 
634 2.016050 0.000000 -0.364619 99.835320 -6.811152 0.224965 -0.001353 
635 2.113744 0.000000 -0.273464 99.562249 -6.186238 1.071033 0.004794 
636 3.090685 0.000000 -0.364619 99.758116 -6.904507 0.291341 0.000056 
637 3.090685 0.000000 -0.729237 99.711501 -7.474135 -0.096180 0.000174 
638 3.481461 0.000000 -0.364619 99.745160 -6.978735 0.542713 0.000191 
639 3.090685 0.000000 0.000000 99.973604 -3.137705 -1.040158 -0.000565 
640 2.504521 0.000000 -0.182309 100.161779 -4.821314 -0.676490 -0.005608 
641 2.504521 0.000000 -0.364619 99.596715 -6.930507 -0.188063 0.003243 
642 2.699909 0.000000 -0.182309 99.945663 -4.671194 -0.159645 -0.001098 
643 2.504521 0.000000 0.000000 101.040842 -3.364619 -1.026832 -0.022163 
644 2.211438 0.000000 -0.091155 88.827651 -7.352372 16.058133 0.179773 
645 2.211438 0.000000 -0.182309 96.413996 -5.619635 2.377825 0.066711 
646 2.309132 0.000000 -0.091155 106.174598 -4.274333 -17.101407 -0.158377 
647 2.211438 0.000000 0.000000 141.550879 -0.270787 -0.195140 -1.003676 
648 2.064897 0.000000 -0.136732 101.295183 -7.908865 -0.140545 -0.032328 
649 2.016050 0.000000 -0.136732 101.051162 -10.151089 -0.510979 -0.031464 
650 2.064897 0.000000 -0.182309 101.351946 -5.060636 1.596676 -0.030038 
651 2.113744 0.000000 -0.136732 103.254201 -6.312756 6.159305 -0.073922 
652 2.064897 0.000000 -0.091155 101.585222 -8.081125 2.598759 -0.039162 
653 3.090685 0.000000 0.364619 99.742634 -7.240742 -0.705126 -0.000152 
654 3.481461 0.000000 0.364619 99.717756 -7.379685 -0.916082 0.000107 
655 3.090685 0.000000 0.729237 99.699313 -7.588698 -0.050565 0.000246 
656 2.504521 0.000000 0.182309 100.180887 -5.238060 -0.256385 -0.006371 
657 2.699909 0.000000 0.182309 99.945434 -5.115571 -0.788601 -0.001588 
658 2.504521 0.000000 0.364619 99.623809 -7.132546 -0.200259 0.002418 
659 2.211438 0.000000 0.091155 89.733631 -7.783244 -16.239769 0.162357 
660 2.309132 0.000000 0.091155 106.461813 -4.559616 15.172829 -0.158512 
661 2.211438 0.000000 0.182309 96.837550 -5.904910 -2.945635 0.057894 
662 2.309132 0.000000 1.093856 99.732644 -7.238113 -0.064135 0.000101 
663 2.699909 0.000000 1.093856 99.716683 -7.282228 -0.037393 0.000355 
664 2.309132 0.000000 1.458475 99.744800 -7.132923 -0.033940 0.000010 
665 2.113744 0.000000 0.546928 99.636999 -7.480846 -0.260635 0.001644 
666 1.918356 0.000000 0.546928 99.724275 -7.458031 -0.175985 -0.000058 
667 2.309132 0.000000 0.546928 99.637801 -7.584560 -0.238399 0.001473 
668 2.113744 0.000000 0.729237 99.766969 -7.438094 -0.157195 -0.000880 
669 2.016050 0.000000 0.273464 100.250951 -6.004726 -0.593113 -0.008666 
670 1.918356 0.000000 0.273464 101.400403 -12.526243 -0.527020 -0.043923 
671 2.113744 0.000000 0.273464 99.780916 -6.321117 -1.360779 0.000196 
672 2.016050 0.000000 0.364619 99.949334 -6.884327 -0.438797 -0.003746 
673 2.064897 0.000000 0.136732 101.304159 -8.037982 -0.026211 -0.032714 
674 2.016050 0.000000 0.136732 101.297706 -10.143671 -0.268015 -0.036419 
675 2.064897 0.000000 0.091155 101.649759 -8.000980 -2.805388 -0.040456 
676 2.113744 0.000000 0.136732 103.943163 -6.617110 -6.414124 -0.088911 
677 2.064897 0.000000 0.182309 101.619698 -5.218261 -1.724118 -0.035677 
678 2.211438 0.000000 -0.273464 98.278409 -6.344418 0.784859 0.030049 
679 2.211438 0.000000 -0.364619 99.264368 -6.987355 0.321789 0.009766 
680 2.309132 0.000000 -0.273464 98.608544 -6.255497 -0.467342 0.023701 
681 2.162591 0.000000 -0.136732 98.498349 -6.338842 7.840566 0.019642 
682 2.162591 0.000000 -0.182309 98.595570 -5.783487 3.737724 0.023149 
683 2.211438 0.000000 -0.136732 93.641732 -5.842557 5.564805 0.116612 
684 2.162591 0.000000 -0.091155 98.510624 -8.095666 15.408973 -0.000732 
685 2.064897 0.000000 -0.045577 101.272357 -7.780637 -0.129977 -0.031665 
686 2.016050 0.000000 -0.045577 101.160967 -9.905747 -0.760921 -0.033224 
687 2.113744 0.000000 -0.045577 94.120762 1.198020 4.222140 0.112202 
688 2.064897 0.000000 0.000000 89.102386 1.143514 -0.030905 0.205946 
689 2.089321 0.000000 -0.113943 104.960883 -7.203248 5.416475 -0.109801 
690 2.064897 0.000000 -0.113943 102.418111 -7.345025 4.006852 -0.055947 
691 2.089321 0.000000 -0.136732 101.148310 -5.912070 -0.026857 -0.026593 
692 2.113744 0.000000 -0.113943 106.057491 -7.971110 10.957630 -0.143180 
693 2.089321 0.000000 -0.091155 104.832563 -7.229712 5.219317 -0.106938 
694 2.064897 0.000000 0.045577 101.296847 -7.810827 -0.037609 -0.032206 
695 2.016050 0.000000 0.045577 101.157041 -9.658458 -0.494976 -0.032628 
696 2.113744 0.000000 0.045577 93.884325 1.239378 -4.171382 0.116680 
697 2.211438 0.000000 0.273464 98.506887 -6.477978 -1.161680 0.025308 
698 2.309132 0.000000 0.273464 98.772193 -6.501463 -0.063554 0.020178 
699 2.211438 0.000000 0.364619 99.398078 -7.125883 -0.623713 0.006885 
700 2.162591 0.000000 0.136732 99.095285 -6.749434 -8.248004 0.006654 
701 2.162591 0.000000 0.091155 99.362563 -8.508863 -15.559766 -0.018743 
702 2.211438 0.000000 0.136732 94.319185 -6.217057 -6.158324 0.102731 
703 2.162591 0.000000 0.182309 98.993072 -6.019020 -4.165230 0.014679 
704 2.089321 0.000000 0.113943 105.593996 -7.429192 -5.494028 -0.123547 
705 2.064897 0.000000 0.113943 102.641468 -7.405796 -4.137744 -0.060724 
706 2.089321 0.000000 0.091155 105.445812 -7.447657 -5.301615 -0.120239 
707 2.113744 0.000000 0.113943 107.092204 -8.317749 -11.079542 -0.166068 
708 2.089321 0.000000 0.136732 101.234197 -6.033789 -0.013631 -0.028477 
709 2.162591 0.000000 -0.045577 112.367832 0.597783 8.285882 -0.269554 
710 2.211438 0.000000 -0.045577 142.181123 -0.195445 11.037594 -1.033734 
711 2.162591 0.000000 0.000000 114.024025 0.497270 -0.061966 -0.300173 
712 2.138168 0.000000 -0.113943 102.170428 -8.186884 15.094539 -0.073367 
713 2.138168 0.000000 -0.136732 100.921499 -6.421154 7.662043 -0.028509 
714 2.162591 0.000000 -0.113943 98.535747 -7.341894 11.539464 0.010364 
715 2.138168 0.000000 -0.091155 101.839582 -8.198104 15.045846 -0.066489 
716 2.089321 0.000000 -0.068366 101.148284 -5.917246 -0.027078 -0.026599 
717 2.064897 0.000000 -0.068366 101.136588 -11.638698 -0.457624 -0.036428 
718 2.113744 0.000000 -0.068366 91.731671 1.338258 6.331031 0.154343 
719 2.089321 0.000000 -0.045577 89.605688 1.286052 2.190624 0.196437 
720 2.101533 0.000000 -0.102549 106.724652 -7.644145 7.748614 -0.150863 
721 2.089321 0.000000 -0.102549 105.732320 -7.304273 5.915852 -0.126767 
722 2.101533 0.000000 -0.113943 106.847280 -7.627989 7.357275 -0.152866 
723 2.113744 0.000000 -0.102549 105.964704 -7.994860 11.593316 -0.142684 
724 2.101533 0.000000 -0.091155 106.885946 -7.719480 7.914843 -0.154684 
725 2.162591 0.000000 0.045577 112.143921 0.691350 -8.341274 -0.264631 
726 2.211438 0.000000 0.045577 141.634439 -0.153370 -11.289172 -1.018778 
727 2.089321 0.000000 0.068366 101.234137 -6.038698 -0.013741 -0.028482 
728 2.064897 0.000000 0.068366 101.067049 -11.146308 -0.060353 -0.033879 
729 2.089321 0.000000 0.045577 89.369995 1.354245 -2.071386 0.200688 
730 2.113744 0.000000 0.068366 91.381727 1.387614 -6.257796 0.160829 
731 2.138168 0.000000 0.113943 103.106702 -8.579304 -15.249074 -0.093713 
732 2.138168 0.000000 0.091155 102.754188 -8.589495 -15.197181 -0.086316 
733 2.162591 0.000000 0.113943 99.308911 -7.818187 -11.848038 -0.006376 
734 2.138168 0.000000 0.136732 101.495777 -6.783997 -7.982461 -0.041114 
735 2.101533 0.000000 0.102549 107.682567 -7.952938 -7.832603 -0.172013 
736 2.089321 0.000000 0.102549 106.478247 -7.558440 -5.987659 -0.143060 
737 2.101533 0.000000 0.091155 107.865019 -8.030479 -8.001686 -0.176338 
738 2.113744 0.000000 0.102549 107.005858 -8.343349 -11.722309 -0.165728 
739 2.101533 0.000000 0.113943 107.801109 -7.932120 -7.437913 -0.173932 
740 2.138168 0.000000 -0.068366 99.839094 1.056502 9.670026 -0.006247 
741 2.162591 0.000000 -0.068366 110.202789 0.698967 12.424982 -0.229952 
742 2.138168 0.000000 -0.045577 101.729319 0.942091 6.427982 -0.039106 
743 2.125956 0.000000 -0.102549 103.281171 -8.125675 14.904398 -0.095517 
744 2.125956 0.000000 -0.113943 103.997487 -8.105865 14.210991 -0.108313 
745 2.138168 0.000000 -0.102549 101.983034 -8.193087 15.066972 -0.069468 
746 2.125956 0.000000 -0.091155 103.876889 -8.110391 14.311399 -0.106100 
747 2.138168 0.000000 0.068366 99.536622 1.116551 -9.658085 -0.000206 
748 2.138168 0.000000 0.045577 101.578357 0.996255 -6.444900 -0.036069 
749 2.162591 0.000000 0.068366 109.855724 0.683383 -12.469927 -0.222425 
750 2.125956 0.000000 0.102549 104.269731 -8.529861 -15.063150 -0.117183 
751 2.125956 0.000000 0.091155 104.877985 -8.497383 -14.464817 -0.128083 
752 2.138168 0.000000 0.102549 102.906999 -8.585032 -15.219691 -0.089519 
753 2.125956 0.000000 0.113943 105.002139 -8.491230 -14.363712 -0.130387 
754 2.406827 0.000000 -0.091155 102.452607 -3.982725 -2.834780 -0.052043 
755 2.406827 0.000000 -0.182309 100.064046 -4.919374 -1.681135 -0.003984 
756 2.504521 0.000000 -0.091155 100.721398 -3.659645 -1.067886 -0.015933 
757 2.406827 0.000000 0.000000 104.888848 -3.731263 -1.054163 -0.101670 
758 2.260285 0.000000 -0.136732 91.334089 -5.195292 -1.766532 0.162797 
759 2.260285 0.000000 -0.182309 95.840692 -5.479808 -0.458532 0.078432 
760 2.309132 0.000000 -0.136732 97.659684 -4.784980 -6.287750 0.040015 
761 2.260285 0.000000 -0.091155 73.197716 -6.304780 12.083178 0.445634 
762 2.187015 0.000000 -0.113943 95.431254 -6.852032 11.108146 0.072253 
763 2.187015 0.000000 -0.136732 96.044666 -6.116975 7.190780 0.068630 
764 2.211438 0.000000 -0.113943 90.929803 -6.334474 9.326486 0.160466 
765 2.187015 0.000000 -0.091155 92.638416 -7.693809 16.905591 0.107313 
766 2.150380 0.000000 -0.102549 100.905273 -8.204688 14.908438 -0.047145 
767 2.150380 0.000000 -0.113943 101.290001 -8.214095 14.965194 -0.055109 
768 2.162591 0.000000 -0.102549 98.576594 -8.095640 15.572607 -0.002539 
769 2.150380 0.000000 -0.091155 100.227544 -8.175622 15.091865 -0.034017 
770 2.406827 0.000000 0.091155 102.521788 -4.292093 1.109240 -0.053037 
771 2.504521 0.000000 0.091155 100.739551 -4.024620 -0.644944 -0.016507 
772 2.406827 0.000000 0.182309 100.154706 -5.307929 0.711390 -0.005965 
773 2.260285 0.000000 0.136732 92.072836 -5.541027 0.810504 0.149123 
774 2.260285 0.000000 0.091155 74.703573 -6.917041 -12.349673 0.421902 
775 2.309132 0.000000 0.136732 98.061197 -5.132753 5.049843 0.033216 
776 2.260285 0.000000 0.182309 96.260996 -5.747494 -0.266454 0.070072 
777 2.187015 0.000000 0.113943 96.160472 -7.327223 -11.538650 0.056634 
778 2.187015 0.000000 0.091155 93.496508 -8.131768 -17.081544 0.090050 
779 2.211438 0.000000 0.113943 91.668001 -6.828143 -9.802952 0.145426 
780 2.187015 0.000000 0.136732 96.643128 -6.543405 -7.680480 0.055830 
781 2.150380 0.000000 0.102549 101.770948 -8.600138 -15.052594 -0.065787 
782 2.150380 0.000000 0.091155 101.090132 -8.575599 -15.238457 -0.052497 
783 2.162591 0.000000 0.102549 99.430903 -8.509319 -15.725336 -0.020620 
784 2.150380 0.000000 0.113943 102.167978 -8.605654 -15.111144 -0.074070 
785 2.260285 0.000000 -0.045577 174.318751 -1.934535 0.697059 -2.039126 
786 2.309132 0.000000 -0.045577 129.880894 -3.747234 -13.920745 -0.707688 
787 2.260285 0.000000 0.000000 160.595765 -1.991801 -0.611646 -1.579534 
788 2.187015 0.000000 -0.068366 123.463370 0.318844 15.574929 -0.548588 
789 2.211438 0.000000 -0.068366 142.254568 -0.037579 18.619220 -1.058304 
790 2.187015 0.000000 -0.045577 125.840569 0.225290 10.080596 -0.593752 
791 2.174803 0.000000 -0.102549 95.485515 -7.908725 16.417047 0.055045 
792 2.174803 0.000000 -0.113943 97.069817 -7.094948 11.390795 0.039736 
793 2.187015 0.000000 -0.102549 92.660519 -7.698691 16.909721 0.106882 
794 2.174803 0.000000 -0.091155 95.069255 -7.880922 16.545238 0.062598 
795 2.260285 0.000000 0.045577 172.897472 -1.989104 -1.742825 -1.990053 
796 2.309132 0.000000 0.045577 129.638247 -3.818836 11.790200 -0.695967 
797 2.187015 0.000000 0.068366 123.020248 0.393433 -15.625677 -0.537830 
798 2.187015 0.000000 0.045577 125.431060 0.287709 -10.213824 -0.583736 
799 2.211438 0.000000 0.068366 141.537020 -0.008923 -18.691641 -1.038211 
800 2.174803 0.000000 0.102549 96.340450 -8.344810 -16.583018 0.037389 
801 2.174803 0.000000 0.091155 95.924986 -8.321587 -16.713210 0.044982 
802 2.187015 0.000000 0.102549 93.518092 -8.142173 -17.085505 0.089616 
803 2.174803 0.000000 0.113943 97.849604 -7.580206 -11.778444 0.022926 
804 2.235862 0.000000 -0.068366 76.541283 -6.558725 12.635645 0.393876 
805 2.235862 0.000000 -0.091155 77.634209 -6.633962 12.815643 0.376468 
806 2.260285 0.000000 -0.068366 71.816350 -6.242853 11.854783 0.466290 
807 2.235862 0.000000 -0.045577 159.364192 -0.829686 9.575699 -1.548933 
808 2.235862 0.000000 -0.113943 87.408358 -5.819797 4.728777 0.230355 
809 2.235862 0.000000 -0.136732 91.699012 -5.530636 2.521887 0.155434 
810 2.260285 0.000000 -0.113943 84.752566 -5.268680 -2.743135 0.278172 
811 2.223650 0.000000 -0.079760 82.883160 -6.964742 14.246111 0.287892 
812 2.211438 0.000000 -0.079760 86.981147 -7.232763 15.475174 0.214249 
813 2.223650 0.000000 -0.091155 83.181627 -6.982921 14.342224 0.282636 
814 2.235862 0.000000 -0.079760 77.502202 -6.626104 12.793908 0.378582 
815 2.223650 0.000000 -0.068366 152.360039 -0.307977 17.096827 -1.350598 
816 2.235862 0.000000 0.068366 77.910234 -7.103279 -12.879111 0.371367 
817 2.235862 0.000000 0.045577 158.464240 -0.845873 -10.055459 -1.521274 
818 2.260285 0.000000 0.068366 73.378378 -6.904222 -12.129652 0.442082 
819 2.235862 0.000000 0.091155 78.950826 -7.174800 -13.050310 0.354498 
820 2.235862 0.000000 0.113943 88.295118 -6.227597 -5.416019 0.213586 
821 2.260285 0.000000 0.113943 85.783062 -5.657326 1.697412 0.260638 
822 2.235862 0.000000 0.136732 92.425064 -5.887101 -3.268389 0.141227 
823 2.223650 0.000000 0.079760 83.985662 -7.461210 -14.451225 0.268190 
824 2.211438 0.000000 0.079760 87.948366 -7.684751 -15.663916 0.196067 
825 2.223650 0.000000 0.068366 151.434257 -0.300783 -17.246154 -1.322985 
826 2.235862 0.000000 0.079760 78.824868 -7.167948 -13.029588 0.356549 
827 2.223650 0.000000 0.091155 84.273163 -7.476102 -14.546031 0.263055 
828 2.357979 0.000000 -0.045577 109.931399 -3.776292 -4.510009 -0.211951 
829 2.357979 0.000000 -0.091155 104.806712 -4.107366 -5.473421 -0.103128 
830 2.406827 0.000000 -0.045577 104.225686 -3.792525 -2.263855 -0.088250 
831 2.357979 0.000000 0.000000 111.935472 -3.693793 -1.051658 -0.254430 
832 2.284709 0.000000 -0.068366 153.983598 -3.760103 -49.192501 -1.614499 
833 2.284709 0.000000 -0.091155 89.554164 -4.575249 -33.356905 0.084644 
834 2.309132 0.000000 -0.068366 119.485410 -3.983537 -19.555178 -0.467504 
835 2.284709 0.000000 -0.045577 158.233306 -3.208111 -17.233463 -1.534506 
836 2.248074 0.000000 -0.079760 74.909447 -6.428029 12.366353 0.419433 
837 2.248074 0.000000 -0.091155 75.184138 -6.451015 12.411634 0.415168 
838 2.260285 0.000000 -0.079760 72.338273 -6.258230 11.941015 0.458542 
839 2.248074 0.000000 -0.068366 74.296277 -6.381648 12.265028 0.428891 
840 2.357979 0.000000 0.045577 109.959521 -3.871354 2.461042 -0.211214 
841 2.406827 0.000000 0.045577 104.267193 -3.876039 0.219572 -0.088672 
842 2.357979 0.000000 0.091155 104.964631 -4.371234 3.718831 -0.105051 
843 2.284709 0.000000 0.068366 152.829937 -3.933743 46.085993 -1.549638 
844 2.284709 0.000000 0.045577 157.247312 -3.249411 15.212043 -1.496868 
845 2.309132 0.000000 0.068366 119.409034 -4.169611 17.381855 -0.457803 
846 2.284709 0.000000 0.091155 90.532042 -4.918806 30.939691 0.082249 
847 2.248074 0.000000 0.079760 76.352991 -6.987779 -12.622399 0.396207 
848 2.248074 0.000000 0.068366 75.764710 -6.954313 -12.525260 0.405446 
849 2.260285 0.000000 0.079760 73.876973 -6.901201 -12.212606 0.434542 
850 2.248074 0.000000 0.091155 76.613991 -7.010809 -12.665367 0.392073 
851 5.044566 0.000000 -0.729237 99.719226 -7.464802 -0.236551 0.000030 
852 5.044566 0.000000 -1.458475 99.743313 -7.124343 -0.064759 0.000051 
853 5.826119 0.000000 -0.729237 99.722207 -7.451677 -0.298812 -0.000014 
854 5.044566 0.000000 0.000000 99.982180 -3.703021 -2.352031 -0.001568 
855 3.872238 0.000000 -0.364619 99.737716 -7.130277 0.805162 0.000090 
856 3.872238 0.000000 -0.729237 99.714518 -7.473819 -0.151475 0.000113 
857 4.263014 0.000000 -0.364619 99.723089 -7.360537 1.089206 -0.000006 
858 3.872238 0.000000 0.000000 100.055497 -2.580376 -1.593498 -0.002030 
859 5.044566 0.000000 0.729237 99.707995 -7.628542 0.111661 0.000011 
860 5.826119 0.000000 0.729237 99.710296 -7.624381 0.190952 -0.000031 
861 5.044566 0.000000 1.458475 99.739738 -7.183063 0.021252 0.000039 
862 4.653790 0.000000 -0.364619 99.697988 -7.752159 1.404340 -0.000176 
863 4.653790 0.000000 -0.729237 99.717925 -7.470690 -0.206666 0.000048 
864 5.044566 0.000000 -0.364619 99.653311 -8.405736 1.703669 -0.000434 
865 4.653790 0.000000 0.000000 100.001416 -3.412375 -2.212189 -0.001682 
866 4.653790 0.000000 0.364619 99.662171 -8.266139 -1.630548 -0.000354 
867 4.263014 0.000000 0.364619 99.691131 -7.834578 -1.384794 -0.000162 
868 5.044566 0.000000 0.364619 99.614272 -8.965397 -1.834784 -0.000675 
869 4.653790 0.000000 0.729237 99.707122 -7.628527 0.073583 0.000029 
870 4.458402 0.000000 -0.182309 99.942839 -4.239297 1.700552 -0.000943 
871 4.263014 0.000000 -0.182309 99.939939 -4.265072 1.451186 -0.000829 
872 4.458402 0.000000 -0.364619 99.712384 -7.535778 1.246570 -0.000090 
873 4.653790 0.000000 -0.182309 99.944906 -4.220413 1.949299 -0.001060 
874 4.458402 0.000000 0.000000 100.013082 -3.234865 -2.136648 -0.001765 
875 8.952329 0.000000 -1.458475 99.748352 -7.086159 -0.108543 0.000004 
876 8.952329 0.000000 -2.916949 99.753861 -7.007551 -0.019316 0.000006 
877 10.515434 0.000000 -1.458475 99.749824 -7.066818 -0.118520 0.000002 
878 8.952329 0.000000 0.000000 99.911282 -4.756582 0.641355 -0.000530 
879 6.607671 0.000000 -0.729237 99.725648 -7.404115 -0.359371 -0.000015 
880 6.607671 0.000000 -1.458475 99.746110 -7.111652 -0.085627 0.000013 
881 7.389224 0.000000 -0.729237 99.729650 -7.350338 -0.411435 -0.000020 
882 6.607671 0.000000 0.000000 100.023920 -3.139285 3.385120 -0.002610 
883 5.435343 0.000000 -0.364619 99.572549 -9.568854 1.742710 -0.000929 
884 5.435343 0.000000 -0.729237 99.720434 -7.455177 -0.267342 0.000018 
885 5.826119 0.000000 -0.364619 99.470978 -11.044349 0.583156 -0.001679 
886 5.435343 0.000000 0.000000 99.983186 -3.696478 -2.520903 -0.001666 
887 4.849178 0.000000 -0.182309 99.945580 -4.219336 2.201053 -0.001177 
888 4.849178 0.000000 -0.364619 99.678916 -8.033250 1.561647 -0.000286 
889 5.044566 0.000000 -0.182309 99.944399 -4.243155 2.427879 -0.001278 
890 4.849178 0.000000 0.000000 99.990862 -3.571876 -2.282992 -0.001614 
891 3.872238 0.000000 0.364619 99.707543 -7.566177 -1.140677 -0.000014 
892 3.872238 0.000000 0.729237 99.705202 -7.616637 0.003029 0.000086 
893 4.458402 0.000000 0.182309 99.871914 -5.254691 -2.248276 -0.000707 
894 4.263014 0.000000 0.182309 99.871714 -5.245058 -2.078181 -0.000619 
895 4.653790 0.000000 0.182309 99.872547 -5.256042 -2.416409 -0.000799 
896 4.458402 0.000000 0.364619 99.678026 -8.029390 -1.505791 -0.000245 
897 4.556096 0.000000 -0.091155 100.177183 -0.893691 -0.956691 -0.003718 
898 4.458402 0.000000 -0.091155 100.169358 -1.000013 -0.864906 -0.003565 
899 4.556096 0.000000 -0.182309 99.944004 -4.228211 1.824413 -0.001001 
900 4.653790 0.000000 -0.091155 100.185115 -0.785403 -1.034246 -0.003874 
901 4.556096 0.000000 0.000000 100.007112 -3.325871 -2.175517 -0.001722 
902 8.952329 0.000000 1.458475 99.743447 -7.157615 0.082172 0.000001 
903 10.515434 0.000000 1.458475 99.744755 -7.140048 0.099976 -0.000001 
904 8.952329 0.000000 2.916949 99.752103 -7.034981 0.010138 0.000003 
905 6.607671 0.000000 0.729237 99.713180 -7.584626 0.269240 -0.000032 
906 7.389224 0.000000 0.729237 99.716806 -7.535420 0.339332 -0.000034 
907 6.607671 0.000000 1.458475 99.741807 -7.177287 0.047955 0.000006 
908 5.435343 0.000000 0.364619 99.532859 -10.138109 -1.678852 -0.001239 
909 5.826119 0.000000 0.364619 99.451480 -11.324446 -0.307624 -0.001893 
910 5.435343 0.000000 0.729237 99.708835 -7.624187 0.150946 -0.000000 
911 5.239954 0.000000 -0.182309 99.933798 -4.399582 2.876262 -0.001439 
912 5.239954 0.000000 -0.364619 99.618593 -8.907208 1.792738 -0.000642 
913 5.435343 0.000000 -0.182309 100.077401 -2.349064 0.202599 -0.002105 
914 5.239954 0.000000 0.000000 99.977977 -3.768121 -2.425704 -0.001568 
915 6.216895 0.000000 -0.364619 99.479564 -10.924732 -1.517105 -0.001783 
916 6.216895 0.000000 -0.729237 99.724106 -7.429628 -0.327896 -0.000020 
917 6.607671 0.000000 -0.364619 99.562427 -9.738434 -2.576561 -0.001415 
918 6.216895 0.000000 0.000000 100.202238 -0.590227 4.123656 -0.005784 
919 5.630731 0.000000 -0.182309 100.275844 0.484024 -2.050535 -0.005968 
920 5.630731 0.000000 -0.364619 99.517819 -10.356035 1.390915 -0.001298 
921 5.826119 0.000000 -0.182309 100.227512 -0.225718 -2.195351 -0.005042 
922 5.630731 0.000000 0.000000 100.006921 -3.361702 -2.641521 -0.001966 
923 6.216895 0.000000 0.364619 99.479057 -10.928606 1.536133 -0.001788 
924 6.607671 0.000000 0.364619 99.556767 -9.820500 2.360099 -0.001356 
925 6.216895 0.000000 0.729237 99.711653 -7.605338 0.230734 -0.000031 
926 5.630731 0.000000 0.182309 100.065675 -2.521993 0.925138 -0.002036 
927 5.435343 0.000000 0.182309 100.035507 -2.948897 1.290021 -0.001746 
928 5.826119 0.000000 0.182309 100.051373 -2.745053 1.245013 -0.001936 
929 5.630731 0.000000 0.364619 99.484289 -10.836932 -1.186182 -0.001597 
930 5.533037 0.000000 -0.091155 100.226641 -0.217542 -1.026364 -0.004648 
931 5.435343 0.000000 -0.091155 100.226177 -0.221687 -1.092419 -0.004653 
932 5.533037 0.000000 -0.182309 100.280335 0.550384 -0.451072 -0.005665 
933 5.630731 0.000000 -0.091155 100.225599 -0.234595 -0.948421 -0.004613 
934 5.533037 0.000000 0.000000 99.991949 -3.573677 -2.579360 -0.001781 
935 6.021507 0.000000 0.182309 100.035901 -2.967832 1.579658 -0.001848 
936 6.021507 0.000000 0.000000 100.230055 -0.191111 -2.656423 -0.005316 
937 6.216895 0.000000 0.182309 100.016403 -3.245529 1.880167 -0.001735 
938 6.021507 0.000000 0.364619 99.451476 -11.325951 0.712319 -0.001938 
939 6.021507 0.000000 -0.182309 100.204232 -0.560237 -2.334781 -0.004665 
940 6.021507 0.000000 -0.364619 99.456974 -11.246261 -0.528954 -0.001845 
941 6.216895 0.000000 -0.182309 100.178747 -0.926854 -2.439501 -0.004259 
942 8.170776 0.000000 0.729237 99.721310 -7.472620 0.395216 -0.000034 
943 8.170776 0.000000 0.000000 99.943602 -4.293168 0.947295 -0.000805 
944 8.952329 0.000000 0.729237 99.726288 -7.402485 0.434137 -0.000032 
945 8.170776 0.000000 1.458475 99.742854 -7.165255 0.071691 0.000002 
946 6.998448 0.000000 0.364619 99.622740 -8.878935 2.517717 -0.000986 
947 6.998448 0.000000 0.000000 100.000811 -3.471802 2.210169 -0.001710 
948 7.389224 0.000000 0.364619 99.669060 -8.217733 2.402986 -0.000723 
949 6.998448 0.000000 0.729237 99.714862 -7.562125 0.305785 -0.000033 
950 6.412283 0.000000 0.182309 99.995265 -3.548293 2.110199 -0.001610 
951 6.412283 0.000000 0.000000 100.039757 -2.911710 4.233776 -0.003436 
952 6.607671 0.000000 0.182309 99.973837 -3.855729 2.269009 -0.001478 
953 6.412283 0.000000 0.364619 99.517748 -10.377591 2.064303 -0.001574 
954 6.119201 0.000000 0.091155 99.889160 -5.066805 0.692148 -0.000400 
955 6.021507 0.000000 0.091155 99.891643 -5.030602 0.477438 -0.000388 
956 6.119201 0.000000 0.000000 100.387878 2.064991 0.416134 -0.008216 
957 6.216895 0.000000 0.091155 99.888590 -5.074978 0.897415 -0.000429 
958 6.119201 0.000000 0.182309 100.026481 -3.103213 1.736813 -0.001794 
959 3.286073 0.000000 -0.182309 99.912191 -4.492742 0.338579 -0.000275 
960 3.090685 0.000000 -0.182309 99.902865 -4.542541 0.156610 -0.000124 
961 3.286073 0.000000 -0.364619 99.751238 -6.938079 0.424068 0.000137 
962 3.481461 0.000000 -0.182309 99.920250 -4.437238 0.538265 -0.000404 
963 3.286073 0.000000 0.000000 100.002480 -3.071677 -1.040840 -0.001101 
964 2.895297 0.000000 -0.182309 99.900976 -4.634572 0.006033 -0.000168 
965 2.895297 0.000000 -0.364619 99.760989 -6.929364 0.166573 -0.000030 
966 2.895297 0.000000 0.000000 99.978317 -3.216221 -1.031633 -0.000707 
967 3.286073 0.000000 0.182309 99.865844 -5.173865 -1.223586 -0.000145 
968 3.090685 0.000000 0.182309 99.871815 -5.135738 -1.089116 -0.000194 
969 3.481461 0.000000 0.182309 99.867673 -5.190145 -1.392840 -0.000243 
970 3.286073 0.000000 0.364619 99.724133 -7.310561 -0.804063 0.000101 
971 3.188379 0.000000 -0.091155 99.975707 -3.309289 -0.434213 -0.000628 
972 3.090685 0.000000 -0.091155 99.961123 -3.360061 -0.467695 -0.000373 
973 3.188379 0.000000 -0.182309 99.908672 -4.507544 0.238334 -0.000212 
974 3.286073 0.000000 -0.091155 99.991902 -3.250266 -0.386590 -0.000909 
975 3.188379 0.000000 0.000000 99.987809 -3.104110 -1.044763 -0.000829 
976 3.676849 0.000000 -0.182309 99.926685 -4.390165 0.755743 -0.000519 
977 3.676849 0.000000 -0.364619 99.741677 -7.046629 0.670579 0.000149 
978 3.872238 0.000000 -0.182309 99.932129 -4.345535 0.982701 -0.000628 
979 3.676849 0.000000 0.000000 100.045049 -2.692783 -1.197713 -0.001770 
980 4.067626 0.000000 -0.182309 99.936488 -4.302769 1.216367 -0.000729 
981 4.067626 0.000000 -0.364619 99.731700 -7.233570 0.945781 0.000037 
982 4.067626 0.000000 0.000000 100.041316 -2.803640 -1.910695 -0.001978 
983 3.676849 0.000000 0.182309 99.869616 -5.210960 -1.568130 -0.000355 
984 3.872238 0.000000 0.182309 99.870611 -5.227638 -1.738268 -0.000449 
985 3.676849 0.000000 0.364619 99.712984 -7.463828 -1.026468 0.000056 
986 3.774543 0.000000 -0.091155 100.094345 -2.005985 -0.154398 -0.002293 
987 3.676849 0.000000 -0.091155 100.051626 -2.598344 -0.312650 -0.001718 
988 3.774543 0.000000 -0.182309 99.929740 -4.366361 0.871158 -0.000578 
989 3.872238 0.000000 -0.091155 100.110528 -1.793422 0.579575 -0.002567 
990 3.774543 0.000000 0.000000 100.053579 -2.588642 -1.365861 -0.001929 
991 4.067626 0.000000 0.182309 99.871222 -5.238251 -1.909304 -0.000535 
992 4.067626 0.000000 0.364619 99.700153 -7.688915 -1.258976 -0.000082 
993 3.969932 0.000000 -0.091155 100.127113 -1.566739 0.623747 -0.002828 
994 3.969932 0.000000 -0.182309 99.934429 -4.322621 1.098633 -0.000678 
995 4.067626 0.000000 -0.091155 100.167346 -1.001209 0.027199 -0.003450 
996 3.969932 0.000000 0.000000 100.049743 -2.673347 -1.787689 -0.002029 
997 3.774543 0.000000 0.091155 99.922971 -4.457856 -1.825231 -0.000780 
998 3.676849 0.000000 0.091155 99.935703 -4.259924 -1.737270 -0.000831 
999 3.872238 0.000000 0.091155 99.947968 -4.119218 -1.332293 -0.000834 
1000 3.774543 0.000000 0.182309 99.870279 -5.219104 -1.654989 -0.000405 
1001 3.823390 0.000000 -0.045577 100.025828 -2.995945 -1.130469 -0.001542 
1002 3.774543 0.000000 -0.045577 100.021843 -3.042403 -1.048528 -0.001472 
1003 3.823390 0.000000 -0.091155 100.112873 -1.751463 0.254881 -0.002572 
1004 3.872238 0.000000 -0.045577 100.030860 -2.932552 -1.217807 -0.001626 
1005 3.823390 0.000000 0.000000 100.055726 -2.568473 -1.477754 -0.001993 
1006 4.360708 0.000000 -0.091155 100.161747 -1.098671 -0.759802 -0.003416 
1007 4.263014 0.000000 -0.091155 100.154713 -1.202024 -0.654766 -0.003284 
1008 4.360708 0.000000 -0.182309 99.941534 -4.246168 1.573884 -0.000882 
1009 4.360708 0.000000 0.000000 100.019647 -3.132441 -2.097856 -0.001814 
1010 4.849178 0.000000 0.182309 99.874231 -5.240379 -2.590736 -0.000904 
1011 5.044566 0.000000 0.182309 99.875977 -5.222333 -2.805328 -0.001035 
1012 4.849178 0.000000 0.364619 99.641519 -8.569520 -1.747104 -0.000492 
1013 4.751484 0.000000 -0.091155 100.192764 -0.680558 -1.099449 -0.004026 
1014 4.751484 0.000000 -0.182309 99.945480 -4.216707 2.075131 -0.001119 
1015 4.849178 0.000000 -0.091155 100.199897 -0.582630 -1.149906 -0.004168 
1016 4.751484 0.000000 0.000000 99.995989 -3.494507 -2.247851 -0.001646 
1017 4.946872 0.000000 -0.091155 100.206422 -0.492999 -1.183909 -0.004297 
1018 4.946872 0.000000 -0.182309 99.944998 -4.231299 2.322421 -0.001230 
1019 5.044566 0.000000 -0.091155 100.212257 -0.412864 -1.200360 -0.004411 
1020 4.946872 0.000000 0.000000 99.986174 -3.642604 -2.317699 -0.001588 
1021 5.239954 0.000000 0.182309 99.927747 -4.487170 -3.679165 -0.001923 
1022 5.239954 0.000000 0.364619 99.578312 -9.485309 -1.845365 -0.000922 
1023 5.142260 0.000000 -0.091155 100.217275 -0.343451 -1.199196 -0.004506 
1024 5.142260 0.000000 -0.182309 99.946271 -4.218711 2.559028 -0.001360 
1025 5.239954 0.000000 -0.091155 100.221378 -0.287370 -1.180424 -0.004580 
1026 5.142260 0.000000 0.000000 99.979280 -3.746811 -2.387232 -0.001559 
1027 5.337648 0.000000 -0.091155 100.224444 -0.246131 -1.144419 -0.004631 
1028 5.337648 0.000000 -0.182309 99.866707 -5.361559 1.783453 -0.000529 
1029 5.337648 0.000000 0.000000 99.979028 -3.755679 -2.469614 -0.001601 
1030 8.170776 0.000000 -0.729237 99.734351 -7.285175 -0.449428 -0.000022 
1031 8.170776 0.000000 -1.458475 99.747620 -7.095284 -0.101933 0.000006 
1032 8.952329 0.000000 -0.729237 99.739356 -7.214929 -0.470740 -0.000022 
1033 6.998448 0.000000 -0.364619 99.638787 -8.648567 -2.803730 -0.001055 
1034 6.998448 0.000000 -0.729237 99.727541 -7.379053 -0.386883 -0.000018 
1035 7.389224 0.000000 -0.364619 99.693217 -7.871579 -2.662621 -0.000779 
1036 6.412283 0.000000 -0.182309 100.151086 -1.319394 -2.502652 -0.003824 
1037 6.412283 0.000000 -0.364619 99.519242 -10.354808 -2.187945 -0.001609 
1038 6.607671 0.000000 -0.182309 100.122272 -1.732583 -2.510920 -0.003378 
1039 5.826119 0.000000 -4.375424 99.754886 -6.988893 -0.004685 0.000012 
1040 5.826119 0.000000 -5.833899 99.755586 -6.981746 -0.002197 0.000008 
1041 7.389224 0.000000 -4.375424 99.755079 -6.988782 -0.005762 0.000008 
1042 6.607671 0.000000 -2.187712 99.751264 -7.038630 -0.031543 0.000014 
1043 5.826119 0.000000 -2.187712 99.750812 -7.040232 -0.028129 0.000021 
1044 6.607671 0.000000 -2.916949 99.753345 -7.009930 -0.015102 0.000013 
1045 7.389224 0.000000 -2.187712 99.751600 -7.036599 -0.034731 0.000010 
1046 6.216895 0.000000 -1.093856 99.739294 -7.208150 -0.154845 0.000009 
1047 5.826119 0.000000 -1.093856 99.738331 -7.221584 -0.144881 0.000009 
1048 6.216895 0.000000 -1.458475 99.745667 -7.115210 -0.080995 0.000017 
1049 6.607671 0.000000 -1.093856 99.740174 -7.196384 -0.164094 0.000008 
1050 6.412283 0.000000 -0.546928 99.698766 -7.787255 -0.546527 -0.000078 
1051 6.216895 0.000000 -0.546928 99.697396 -7.810545 -0.491433 -0.000082 
1052 6.412283 0.000000 -0.729237 99.724763 -7.415347 -0.344870 -0.000013 
1053 6.607671 0.000000 -0.546928 99.700659 -7.761431 -0.597461 -0.000082 
1054 6.314589 0.000000 -0.273464 100.045532 -2.829237 0.382006 -0.001726 
1055 6.216895 0.000000 -0.273464 99.982745 -3.728178 1.082441 -0.001162 
1056 6.314589 0.000000 -0.364619 99.498256 -10.655744 -1.893293 -0.001703 
1057 6.412283 0.000000 -0.273464 100.262188 0.269651 -1.136462 -0.005387 
1058 6.314589 0.000000 -0.182309 100.165083 -1.119947 -2.478620 -0.004044 
1059 6.021507 0.000000 -0.546928 99.696062 -7.827076 -0.439142 -0.000076 
1060 5.826119 0.000000 -0.546928 99.695514 -7.833292 -0.385394 -0.000070 
1061 6.021507 0.000000 -0.729237 99.722937 -7.442806 -0.314320 -0.000016 
1062 5.923813 0.000000 -0.273464 99.950347 -4.189692 2.635360 -0.001457 
1063 5.826119 0.000000 -0.273464 99.937853 -4.367525 2.891682 -0.001501 
1064 5.923813 0.000000 -0.364619 99.458770 -11.219793 0.038658 -0.001793 
1065 6.021507 0.000000 -0.273464 99.960426 -4.046335 2.272893 -0.001363 
1066 5.923813 0.000000 -0.182309 100.216230 -0.387885 -2.267462 -0.004858 
1067 2.895297 0.000000 0.182309 99.888504 -5.151832 -0.959087 -0.000517 
1068 2.895297 0.000000 0.364619 99.758797 -7.225527 -0.596787 -0.000438 
1069 3.188379 0.000000 0.091155 99.934536 -4.001049 -1.408474 -0.000490 
1070 3.090685 0.000000 0.091155 99.929709 -3.973721 -1.344412 -0.000354 
1071 3.286073 0.000000 0.091155 99.937133 -4.056476 -1.487091 -0.000610 
1072 3.188379 0.000000 0.182309 99.869472 -5.148139 -1.154181 -0.000175 
1073 5.826119 0.000000 4.375424 99.754502 -7.003059 -0.000449 -0.000000 
1074 7.389224 0.000000 4.375424 99.754334 -7.004298 0.000937 0.000001 
1075 5.826119 0.000000 5.833899 99.755423 -6.991386 -0.000607 -0.000002 
1076 6.607671 0.000000 2.187712 99.749051 -7.075733 0.012713 0.000006 
1077 5.826119 0.000000 2.187712 99.748855 -7.077350 0.008094 0.000008 
1078 7.389224 0.000000 2.187712 99.749170 -7.074981 0.017169 0.000005 
1079 6.607671 0.000000 2.916949 99.752009 -7.035244 0.004058 0.000004 
1080 6.216895 0.000000 1.093856 99.732696 -7.305501 0.093514 0.000001 
1081 5.826119 0.000000 1.093856 99.731956 -7.316102 0.080110 0.000001 
1082 6.607671 0.000000 1.093856 99.733367 -7.296946 0.106344 -0.000000 
1083 6.216895 0.000000 1.458475 99.741571 -7.179468 0.041445 0.000007 
1084 6.021507 0.000000 0.546928 99.678827 -8.075091 0.316814 -0.000118 
1085 5.826119 0.000000 0.546928 99.678325 -8.080933 0.256823 -0.000114 
1086 6.216895 0.000000 0.546928 99.679699 -8.058579 0.378492 -0.000113 
1087 6.021507 0.000000 0.729237 99.710855 -7.617614 0.210961 -0.000033 
1088 6.119201 0.000000 0.273464 99.950824 -4.185115 -1.569239 -0.001014 
1089 6.021507 0.000000 0.273464 99.933858 -4.427062 -2.035453 -0.001052 
1090 6.216895 0.000000 0.273464 99.986228 -3.675837 -1.848007 -0.001417 
1091 6.119201 0.000000 0.364619 99.462942 -11.162609 1.160103 -0.001883 
1092 5.923813 0.000000 0.273464 99.918650 -4.643831 -2.506980 -0.001159 
1093 5.826119 0.000000 0.273464 99.903421 -4.860839 -2.857708 -0.001249 
1094 5.923813 0.000000 0.182309 100.044264 -2.847500 1.411861 -0.001896 
1095 5.923813 0.000000 0.364619 99.447076 -11.388180 0.209746 -0.001946 
1096 -8.241827 0.000000 -8.750848 99.756375 -6.975629 -0.000052 0.000001 
1097 -11.368037 0.000000 -8.750848 99.756393 -6.975609 -0.000033 0.000000 
1098 -8.241827 0.000000 -11.667797 99.756385 -6.975551 -0.000046 0.000001 
1099 10.515434 0.000000 -8.750848 99.756174 -6.977150 -0.001180 0.000003 
1100 10.515434 0.000000 -11.667797 99.756298 -6.975887 -0.000547 0.000002 
1101 13.641644 0.000000 -8.750848 99.756226 -6.977013 -0.001377 0.000002 
1102 -8.241827 0.000000 8.750848 99.756436 -6.976357 -0.000047 -0.000002 
1103 -11.368037 0.000000 8.750848 99.756422 -6.976099 -0.000034 -0.000001 
1104 -8.241827 0.000000 11.667797 99.756430 -6.976366 -0.000053 -0.000001 
1105 -3.552511 0.000000 -4.375424 99.756165 -6.976413 -0.000252 0.000004 
1106 -5.115617 0.000000 -4.375424 99.756261 -6.976062 -0.000129 0.000002 
1107 -3.552511 0.000000 -5.833899 99.756253 -6.976164 -0.000206 0.000002 
1108 10.515434 0.000000 8.750848 99.755802 -6.984410 0.000154 -0.000000 
1109 13.641644 0.000000 8.750848 99.755759 -6.984762 0.000549 0.000000 
1110 10.515434 0.000000 11.667797 99.756062 -6.980948 -0.000020 -0.000001 
1111 -3.552511 0.000000 4.375424 99.756506 -6.977588 0.000012 -0.000005 
1112 -5.115617 0.000000 4.375424 99.756445 -6.976876 -0.000012 -0.000003 
1113 -3.552511 0.000000 5.833899 99.756542 -6.977519 -0.000062 -0.000005 
1114 -1.207854 0.000000 -2.187712 99.761225 -6.978465 -0.008518 -0.000100 
1115 -1.989406 0.000000 -2.187712 99.756780 -6.974176 -0.003737 -0.000005 
1116 -1.207854 0.000000 -2.916949 99.755416 -6.973955 -0.001757 0.000022 
1117 3.481461 0.000000 -2.187712 99.742667 -7.038479 -0.018958 0.000186 
1118 3.481461 0.000000 -2.916949 99.752852 -7.008430 -0.005550 0.000025 
1119 4.263014 0.000000 -2.187712 99.748955 -7.042300 -0.018669 0.000055 
1120 -1.207854 0.000000 2.187712 99.762094 -6.981993 0.007679 -0.000122 
1121 -1.989406 0.000000 2.187712 99.756289 -6.975194 0.001075 0.000003 
1122 -1.207854 0.000000 2.916949 99.756480 -6.972208 0.000844 0.000003 
1123 -0.817078 0.000000 -1.093856 99.743517 -6.986095 -0.004199 0.000243 
1124 -1.207854 0.000000 -1.093856 99.747638 -6.988176 0.005068 0.000157 
1125 -0.817078 0.000000 -1.458475 99.756520 -6.984307 -0.012844 -0.000014 
1126 3.481461 0.000000 2.187712 99.747348 -7.064153 -0.005988 0.000056 
1127 4.263014 0.000000 2.187712 99.747862 -7.072701 -0.002033 0.000034 
1128 3.481461 0.000000 2.916949 99.752894 -7.025759 -0.005299 -0.000000 
1129 -0.230913 0.000000 -0.546928 99.644709 -7.025125 0.040005 0.002158 
1130 -0.426301 0.000000 -0.546928 99.719844 -7.006798 0.036155 0.000686 
1131 -0.230913 0.000000 -0.729237 99.671428 -7.028652 -0.005285 0.001620 
1132 0.941416 0.000000 -0.546928 99.786282 -7.262990 -0.002915 -0.001005 
1133 0.941416 0.000000 -0.729237 99.766614 -7.149203 -0.004785 -0.000449 
1134 -0.817078 0.000000 1.093856 99.747031 -6.988028 0.006112 0.000170 
1135 -1.207854 0.000000 1.093856 99.751423 -6.987651 0.000456 0.000083 
1136 -0.817078 0.000000 1.458475 99.758023 -6.990124 0.012719 -0.000053 
1137 -0.230913 0.000000 0.546928 99.656862 -7.036129 -0.033655 0.001900 
1138 -0.426301 0.000000 0.546928 99.732422 -7.015479 -0.020772 0.000423 
1139 -0.230913 0.000000 0.729237 99.692280 -7.028429 0.017785 0.001205 
1140 -0.133219 0.000000 -0.273464 99.677156 -7.180303 0.549987 0.001261 
1141 -0.230913 0.000000 -0.273464 99.815272 -7.004430 0.422567 -0.001233 
1142 -0.133219 0.000000 -0.364619 99.449970 -7.098870 0.238974 0.005925 
1143 0.941416 0.000000 0.546928 99.817639 -7.262157 -0.025290 -0.001630 
1144 0.941416 0.000000 0.729237 99.779436 -7.145072 -0.024569 -0.000699 
1145 -0.133219 0.000000 0.273464 99.665883 -7.222927 -0.571891 0.001421 
1146 -0.230913 0.000000 0.273464 99.813136 -6.969226 -0.422035 -0.001141 
1147 -0.133219 0.000000 0.364619 99.458220 -7.098560 -0.236271 0.005762 
1148 0.037745 0.000000 -0.113943 88.627469 -8.848558 -1.823142 0.206355 
1149 0.013322 0.000000 -0.113943 87.840512 -8.438520 4.326849 0.219411 
1150 0.037745 0.000000 -0.136732 92.728071 -8.285839 -0.834436 0.133215 
1151 0.648333 0.000000 -0.273464 101.438437 -11.217817 -0.001786 -0.041560 
1152 0.648333 0.000000 -0.364619 99.817539 -7.558673 0.099917 -0.002068 
1153 0.746027 0.000000 -0.273464 102.433585 -10.317093 -0.002954 -0.059908 
1154 0.648333 0.000000 0.273464 101.453904 -11.204752 -0.001528 -0.041844 
1155 0.746027 0.000000 0.273464 102.443789 -10.328583 -0.002783 -0.060141 
1156 0.648333 0.000000 0.364619 99.841504 -7.566745 -0.131690 -0.002560 
1157 0.037745 0.000000 0.113943 88.565260 -8.865917 1.819994 0.207428 
1158 0.013322 0.000000 0.113943 87.786703 -8.460294 -4.345367 0.220304 
1159 0.037745 0.000000 0.136732 92.680933 -8.302383 0.837134 0.134061 
1160 0.098804 0.000000 -0.079760 92.500427 -12.472179 -15.409607 0.105066 
1161 0.098804 0.000000 -0.091155 92.615802 -12.564500 -15.490537 0.102449 
1162 0.098804 0.000000 -0.068366 92.492481 -12.462609 -15.401875 0.105261 
1163 0.098804 0.000000 0.079760 92.432720 -12.431618 15.398835 0.106452 
1164 0.098804 0.000000 0.068366 92.426240 -12.418592 15.391284 0.106628 
1165 0.098804 0.000000 0.091155 92.528709 -12.575019 15.477511 0.104075 
1166 0.233134 0.000000 -0.068366 86.844165 -0.104135 -6.416147 0.241691 
1167 0.233134 0.000000 -0.045577 88.311695 -0.086590 -4.825713 0.217775 
1168 0.184287 0.000000 -0.113943 99.774827 -11.176885 -9.804150 -0.017606 
1169 0.184287 0.000000 -0.136732 99.302349 -9.895627 -7.648761 -0.001738 
1170 0.233134 0.000000 0.068366 86.884659 -0.087296 6.430406 0.240970 
1171 0.233134 0.000000 0.045577 88.328210 -0.080490 4.858721 0.217451 
1172 0.184287 0.000000 0.113943 99.730338 -11.148879 9.814146 -0.016676 
1173 0.184287 0.000000 0.136732 99.296827 -9.843191 7.644786 -0.001519 
1174 0.501792 0.000000 -0.045577 100.397023 -8.062754 -0.007640 -0.014457 
1175 0.550639 0.000000 -0.045577 101.449698 -6.773917 -0.010689 -0.033793 
1176 0.501792 0.000000 0.000000 101.451027 -6.550664 -0.010737 -0.033522 
1177 0.501792 0.000000 0.045577 100.402450 -8.057666 -0.009567 -0.014558 
1178 0.550639 0.000000 0.045577 101.451966 -6.772532 -0.009947 -0.033837 
1179 0.428522 0.000000 -0.068366 99.129641 -10.882334 -0.002001 0.005489 
1180 0.452945 0.000000 -0.068366 99.273830 -9.381795 -0.004366 0.005669 
1181 0.428522 0.000000 -0.045577 99.078600 -11.118762 -0.001139 0.005980 
1182 0.367463 0.000000 -0.102549 105.134143 -12.645785 -3.263647 -0.122376 
1183 0.367463 0.000000 -0.113943 105.163647 -12.654705 -2.771645 -0.122722 
1184 0.367463 0.000000 -0.091155 105.444723 -12.651092 -3.012895 -0.128772 
1185 0.428522 0.000000 0.068366 99.143309 -10.869708 -0.006389 0.005245 
1186 0.428522 0.000000 0.045577 99.093037 -11.104985 -0.006171 0.005725 
1187 0.452945 0.000000 0.068366 99.288237 -9.371832 -0.008818 0.005401 
1188 0.367463 0.000000 0.102549 105.213156 -12.640872 3.264828 -0.124026 
1189 0.367463 0.000000 0.091155 105.526611 -12.643653 3.013542 -0.130481 
1190 0.367463 0.000000 0.113943 105.239343 -12.640376 2.772175 -0.124278 
1191 1.722968 0.000000 -0.546928 99.733812 -7.439813 0.050350 -0.000219 
1192 1.722968 0.000000 -0.729237 99.680865 -7.301780 0.018073 0.001041 
1193 1.722968 0.000000 0.546928 99.866093 -7.457759 -0.097418 -0.002886 
1194 1.722968 0.000000 0.729237 99.752916 -7.328137 -0.061806 -0.000435 
1195 1.429886 0.000000 -0.273464 101.045104 -11.982231 -0.050744 -0.035369 
1196 1.429886 0.000000 -0.364619 99.785980 -7.750448 0.172887 -0.001734 
1197 1.527580 0.000000 -0.273464 101.342048 -13.096867 -0.082867 -0.044175 
1198 1.429886 0.000000 0.273464 101.016976 -12.276370 0.162182 -0.035516 
1199 1.527580 0.000000 0.273464 101.484855 -13.494574 0.073070 -0.048128 
1200 1.429886 0.000000 0.364619 99.859648 -7.770842 -0.138167 -0.003235 
1201 8.952329 0.000000 -4.375424 99.755237 -6.988400 -0.006670 0.000005 
1202 8.952329 0.000000 -5.833899 99.755755 -6.981653 -0.003118 0.000005 
1203 10.515434 0.000000 -4.375424 99.755354 -6.987929 -0.007481 0.000004 
1204 5.044566 0.000000 -2.187712 99.749923 -7.041068 -0.023431 0.000038 
1205 5.044566 0.000000 -2.916949 99.754502 -7.018890 -0.009232 -0.000023 
1206 3.090685 0.000000 -1.093856 99.728189 -7.236214 -0.054377 0.000192 
1207 3.090685 0.000000 -1.458475 99.738822 -7.125389 -0.026658 0.000140 
1208 3.481461 0.000000 -1.093856 99.731496 -7.240729 -0.068598 0.000120 
1209 3.872238 0.000000 -1.093856 99.732129 -7.238173 -0.085982 0.000110 
1210 3.872238 0.000000 -1.458475 99.741499 -7.131306 -0.045010 0.000078 
1211 4.263014 0.000000 -1.093856 99.733618 -7.236157 -0.099033 0.000083 
1212 2.504521 0.000000 -0.546928 99.614445 -7.562426 -0.081784 0.001977 
1213 2.504521 0.000000 -0.729237 99.643521 -7.464418 -0.064042 0.001545 
1214 2.699909 0.000000 -0.546928 99.676230 -7.555498 -0.088251 0.000756 
1215 8.952329 0.000000 4.375424 99.754287 -7.004819 0.002297 0.000001 
1216 10.515434 0.000000 4.375424 99.754287 -7.004928 0.003608 0.000001 
1217 8.952329 0.000000 5.833899 99.755160 -6.993125 0.000607 0.000000 
1218 5.044566 0.000000 2.187712 99.748156 -7.074417 0.003140 0.000026 
1219 5.044566 0.000000 2.916949 99.751935 -7.038521 -0.000385 0.000001 
1220 3.090685 0.000000 1.093856 99.722894 -7.303815 -0.021624 0.000200 
1221 3.481461 0.000000 1.093856 99.727265 -7.312944 -0.009516 0.000099 
1222 3.090685 0.000000 1.458475 99.738452 -7.168143 -0.018527 0.000086 
1223 2.504521 0.000000 0.546928 99.654190 -7.674344 -0.165695 0.001012 
1224 2.699909 0.000000 0.546928 99.702151 -7.702186 -0.176867 0.000013 
1225 2.504521 0.000000 0.729237 99.684357 -7.524356 -0.096746 0.000640 
1226 2.895297 0.000000 -0.546928 99.696468 -7.542147 -0.067421 0.000373 
1227 2.895297 0.000000 -0.729237 99.698601 -7.463869 -0.095200 0.000447 
1228 3.090685 0.000000 -0.546928 99.705759 -7.551879 -0.049056 0.000173 
1229 3.286073 0.000000 -0.546928 99.706277 -7.575080 -0.037934 0.000128 
1230 3.286073 0.000000 -0.729237 99.712284 -7.471809 -0.110445 0.000162 
1231 3.481461 0.000000 -0.546928 99.703450 -7.593547 -0.042238 0.000156 
1232 2.406827 0.000000 -0.273464 99.553173 -6.156884 -0.579524 0.005092 
1233 2.406827 0.000000 -0.364619 99.396484 -6.979790 -0.275884 0.007155 
1234 2.504521 0.000000 -0.273464 99.769479 -6.074579 -0.394869 0.000899 
1235 2.895297 0.000000 0.546928 99.702331 -7.697482 -0.188482 0.000016 
1236 3.090685 0.000000 0.546928 99.692925 -7.748172 -0.186270 0.000125 
1237 2.895297 0.000000 0.729237 99.704997 -7.560951 -0.070638 0.000174 
1238 2.406827 0.000000 0.273464 99.644508 -6.419440 -0.007033 0.002976 
1239 2.504521 0.000000 0.273464 99.818663 -6.380404 -0.212345 -0.000452 
1240 2.406827 0.000000 0.364619 99.475135 -7.195833 -0.132516 0.005290 
1241 2.357979 0.000000 -0.136732 100.861973 -4.601627 -4.020678 -0.021048 
1242 2.357979 0.000000 -0.182309 99.437770 -5.137612 -2.383139 0.008006 
1243 2.406827 0.000000 -0.136732 100.980079 -4.393060 -2.408687 -0.022208 
1244 2.284709 0.000000 -0.113943 91.131760 -4.771196 -11.831029 0.153226 
1245 2.284709 0.000000 -0.136732 94.014723 -4.964694 -5.597798 0.110525 
1246 2.309132 0.000000 -0.113943 99.593056 -4.528097 -10.670050 -0.005313 
1247 2.357979 0.000000 0.136732 101.034507 -4.989590 2.728275 -0.024031 
1248 2.406827 0.000000 0.136732 101.056221 -4.795795 1.135308 -0.023665 
1249 2.357979 0.000000 0.182309 99.584906 -5.481382 1.453216 0.005069 
1250 2.284709 0.000000 0.113943 91.912272 -5.137936 10.315690 0.141932 
1251 2.309132 0.000000 0.113943 100.049654 -4.832490 9.143950 -0.011690 
1252 2.284709 0.000000 0.136732 94.629593 -5.274188 4.454849 0.099758 
1253 4.653790 0.000000 -1.093856 99.735047 -7.230528 -0.111375 0.000063 
1254 4.653790 0.000000 -1.458475 99.742567 -7.125476 -0.058595 0.000064 
1255 5.044566 0.000000 -1.093856 99.735939 -7.225173 -0.123298 0.000052 
1256 5.435343 0.000000 -1.093856 99.737082 -7.219326 -0.134145 0.000038 
1257 5.435343 0.000000 -1.458475 99.744153 -7.121145 -0.070177 0.000039 
1258 3.676849 0.000000 -0.546928 99.702692 -7.615099 -0.046627 0.000138 
1259 3.676849 0.000000 -0.729237 99.714219 -7.474170 -0.135149 0.000119 
1260 3.872238 0.000000 -0.546928 99.702582 -7.639148 -0.054342 0.000104 
1261 4.067626 0.000000 -0.546928 99.702095 -7.661071 -0.065574 0.000080 
1262 4.067626 0.000000 -0.729237 99.715689 -7.475348 -0.163344 0.000087 
1263 4.263014 0.000000 -0.546928 99.700612 -7.681752 -0.085401 0.000077 
1264 5.435343 0.000000 1.093856 99.730896 -7.312144 0.066329 0.000028 
1265 5.044566 0.000000 1.093856 99.730109 -7.314862 0.052271 0.000040 
1266 5.435343 0.000000 1.458475 99.740266 -7.181970 0.028091 0.000030 
1267 4.653790 0.000000 1.093856 99.729346 -7.316954 0.037806 0.000052 
1268 4.263014 0.000000 1.093856 99.728330 -7.318594 0.023143 0.000070 
1269 4.653790 0.000000 1.458475 99.739099 -7.181999 0.014157 0.000053 
1270 4.458402 0.000000 -0.546928 99.700051 -7.714386 -0.102229 0.000038 
1271 4.458402 0.000000 -0.729237 99.717155 -7.472723 -0.192277 0.000061 
1272 4.653790 0.000000 -0.546928 99.698969 -7.739661 -0.128136 0.000020 
1273 4.849178 0.000000 -0.546928 99.697862 -7.763415 -0.159426 0.000004 
1274 4.849178 0.000000 -0.729237 99.718605 -7.467711 -0.221550 0.000038 
1275 5.044566 0.000000 -0.546928 99.696802 -7.784359 -0.195936 -0.000009 
1276 8.170776 0.000000 -2.187712 99.751867 -7.034641 -0.037765 0.000008 
1277 8.170776 0.000000 -2.916949 99.753715 -7.008443 -0.017998 0.000008 
1278 8.952329 0.000000 -2.187712 99.752145 -7.031935 -0.040440 0.000006 
1279 6.998448 0.000000 -1.093856 99.740910 -7.187776 -0.172827 0.000006 
1280 6.998448 0.000000 -1.458475 99.746498 -7.107888 -0.090083 0.000011 
1281 7.389224 0.000000 -1.093856 99.741669 -7.178348 -0.180826 0.000004 
1282 5.239954 0.000000 -0.546928 99.695828 -7.801943 -0.237780 -0.000018 
1283 5.239954 0.000000 -0.729237 99.719734 -7.459753 -0.251971 0.000026 
1284 5.435343 0.000000 -0.546928 99.695228 -7.814911 -0.283482 -0.000029 
1285 5.630731 0.000000 -0.546928 99.695011 -7.822391 -0.332924 -0.000040 
1286 5.630731 0.000000 -0.729237 99.721148 -7.449165 -0.282938 0.000012 
1287 8.170776 0.000000 2.187712 99.749309 -7.073739 0.021440 0.000004 
1288 8.952329 0.000000 2.187712 99.749463 -7.072153 0.025544 0.000003 
1289 8.170776 0.000000 2.916949 99.752056 -7.035298 0.008164 0.000003 
1290 6.998448 0.000000 1.093856 99.733920 -7.290290 0.118884 -0.000002 
1291 7.389224 0.000000 1.093856 99.734525 -7.282576 0.130739 -0.000003 
1292 6.998448 0.000000 1.458475 99.742050 -7.174793 0.054191 0.000004 
1293 5.630731 0.000000 0.546928 99.677814 -8.070333 0.198038 -0.000084 
1294 5.435343 0.000000 0.546928 99.678094 -8.062355 0.141446 -0.000074 
1295 5.630731 0.000000 0.729237 99.709347 -7.620549 0.170987 -0.000006 
1296 5.239954 0.000000 0.546928 99.678796 -8.048426 0.087958 -0.000065 
1297 5.044566 0.000000 0.546928 99.679800 -8.029732 0.038456 -0.000054 
1298 5.239954 0.000000 0.729237 99.708362 -7.626327 0.131206 0.000006 
1299 6.412283 0.000000 0.546928 99.681470 -8.036687 0.435167 -0.000117 
1300 6.607671 0.000000 0.546928 99.683285 -8.011580 0.491450 -0.000118 
1301 6.412283 0.000000 0.729237 99.712436 -7.594379 0.250169 -0.000031 
1302 5.923813 0.000000 0.091155 99.896099 -4.966135 0.260811 -0.000396 
1303 5.826119 0.000000 0.091155 99.902342 -4.876045 0.051366 -0.000426 
1304 5.923813 0.000000 0.000000 100.118804 -1.781228 -2.808887 -0.003484 
1305 6.119201 0.000000 -0.273464 99.968229 -3.935469 1.760935 -0.001224 
1306 6.119201 0.000000 -0.364619 99.464677 -11.136825 -1.060426 -0.001838 
1307 6.119201 0.000000 -0.182309 100.191711 -0.739981 -2.393177 -0.004465 
1308 6.119201 0.000000 -0.091155 100.196558 -0.670817 -0.496250 -0.004005 
1309 6.021507 0.000000 -0.091155 100.205508 -0.542137 -0.583440 -0.004178 
1310 6.216895 0.000000 -0.091155 100.186465 -0.816242 -0.414984 -0.003817 
1311 5.923813 0.000000 -0.091155 100.213041 -0.433650 -0.675658 -0.004330 
1312 5.826119 0.000000 -0.091155 100.219016 -0.347370 -0.769655 -0.004456 
1313 4.165320 0.000000 -0.091155 100.156773 -1.164348 -0.550112 -0.003304 
1314 4.165320 0.000000 -0.182309 99.938382 -4.286604 1.333601 -0.000783 
1315 4.165320 0.000000 0.000000 100.033455 -2.928948 -1.990349 -0.001923 
1316 3.969932 0.000000 0.091155 99.976207 -3.725929 -1.465229 -0.001127 
1317 4.067626 0.000000 0.091155 99.991419 -3.517991 -1.336148 -0.001245 
1318 3.969932 0.000000 0.182309 99.870979 -5.232507 -1.823990 -0.000492 
1319 4.165320 0.000000 0.091155 99.988841 -3.568573 -1.262780 -0.001210 
1320 4.263014 0.000000 0.091155 99.988115 -3.586841 -1.283480 -0.001214 
1321 4.165320 0.000000 0.182309 99.871710 -5.245662 -1.996343 -0.000586 
1322 6.314589 0.000000 -0.091155 100.175372 -0.972957 -0.347008 -0.003617 
1323 6.412283 0.000000 -0.091155 100.163540 -1.141491 -0.288058 -0.003412 
1324 6.314589 0.000000 0.000000 100.072070 -2.450233 4.493378 -0.004061 
1325 3.872238 0.000000 1.093856 99.727430 -7.316367 0.008086 0.000091 
1326 3.872238 0.000000 1.458475 99.742250 -7.182256 -0.006556 -0.000010 
1327 3.286073 0.000000 0.546928 99.690280 -7.775580 -0.184806 0.000135 
1328 3.481461 0.000000 0.546928 99.688987 -7.804381 -0.181990 0.000116 
1329 3.286073 0.000000 0.729237 99.701957 -7.596432 -0.040671 0.000181 
1330 4.849178 0.000000 0.546928 99.680983 -8.006983 -0.006402 -0.000041 
1331 4.653790 0.000000 0.546928 99.682287 -7.980803 -0.046308 -0.000025 
1332 4.849178 0.000000 0.729237 99.707555 -7.628760 0.092492 0.000020 
1333 4.458402 0.000000 0.546928 99.683628 -7.952525 -0.081002 -0.000007 
1334 4.263014 0.000000 0.546928 99.685990 -7.915667 -0.114424 0.000003 
1335 4.458402 0.000000 0.729237 99.706640 -7.627195 0.055180 0.000041 
1336 4.067626 0.000000 0.546928 99.686349 -7.891012 -0.134784 0.000035 
1337 3.872238 0.000000 0.546928 99.687493 -7.861282 -0.154997 0.000058 
1338 4.067626 0.000000 0.729237 99.706522 -7.621985 0.016798 0.000051 
1339 3.676849 0.000000 0.546928 99.688033 -7.832948 -0.170344 0.000091 
1340 3.676849 0.000000 0.729237 99.705103 -7.611144 -0.015296 0.000096 
1341 4.360708 0.000000 0.091155 99.988391 -3.581475 -1.288352 -0.001217 
1342 4.458402 0.000000 0.091155 99.987606 -3.599569 -1.269980 -0.001209 
1343 4.360708 0.000000 0.182309 99.872213 -5.245260 -2.167725 -0.000667 
1344 4.556096 0.000000 0.091155 99.986293 -3.623849 -1.244128 -0.001194 
1345 4.653790 0.000000 0.091155 99.984026 -3.661336 -1.209686 -0.001167 
1346 4.556096 0.000000 0.182309 99.872195 -5.256117 -2.332425 -0.000752 
1347 5.728425 0.000000 -0.091155 100.222946 -0.274494 -0.861646 -0.004546 
1348 5.728425 0.000000 -0.182309 100.239762 -0.033906 -2.163580 -0.005269 
1349 5.728425 0.000000 0.000000 100.030159 -3.031338 -2.700384 -0.002251 
1350 5.728425 0.000000 0.091155 99.909564 -4.756094 -0.143485 -0.000456 
1351 5.630731 0.000000 0.091155 99.918070 -4.632526 -0.319701 -0.000518 
1352 5.728425 0.000000 0.182309 100.057799 -2.636530 1.093009 -0.001971 
1353 5.728425 0.000000 0.273464 99.887200 -5.076260 -3.101790 -0.001284 
1354 5.630731 0.000000 0.273464 99.870834 -5.308444 -3.257666 -0.001298 
1355 5.728425 0.000000 0.364619 99.464267 -11.125113 -0.787572 -0.001753 
1356 6.314589 0.000000 0.091155 99.889772 -5.057248 1.080047 -0.000471 
1357 6.412283 0.000000 0.091155 99.892078 -5.023718 1.240364 -0.000520 
1358 6.314589 0.000000 0.182309 100.005948 -3.396025 2.003596 -0.001674 
1359 6.314589 0.000000 0.273464 100.342432 1.415716 -6.213826 -0.010922 
1360 6.412283 0.000000 0.273464 100.244424 0.014487 13.037892 -0.021893 
1361 6.314589 0.000000 0.364619 99.497924 -10.661501 1.833364 -0.001687 
1362 4.751484 0.000000 0.091155 99.980833 -3.711485 -1.167310 -0.001130 
1363 4.849178 0.000000 0.091155 99.976775 -3.773555 -1.117787 -0.001084 
1364 4.751484 0.000000 0.182309 99.873146 -5.251899 -2.500696 -0.000848 
1365 4.946872 0.000000 0.091155 99.971898 -3.846967 -1.060647 -0.001030 
1366 5.044566 0.000000 0.091155 99.966213 -3.931573 -0.994589 -0.000969 
1367 4.946872 0.000000 0.182309 99.875447 -5.226641 -2.697421 -0.000970 
1368 5.142260 0.000000 0.091155 99.959706 -4.026983 -0.918372 -0.000900 
1369 5.239954 0.000000 0.091155 99.952438 -4.133637 -0.830697 -0.000827 
1370 5.142260 0.000000 0.182309 99.885022 -5.095361 -2.898247 -0.001138 
1371 5.337648 0.000000 0.091155 99.944483 -4.249965 -0.728968 -0.000749 
1372 5.435343 0.000000 0.091155 99.935848 -4.373710 -0.611284 -0.000668 
1373 5.337648 0.000000 0.182309 102.469931 31.863641 -6.759209 -0.156107 
1374 5.728425 0.000000 -0.273464 99.923338 -4.558539 3.063133 -0.001484 
1375 5.630731 0.000000 -0.273464 99.908505 -4.768703 3.157540 -0.001442 
1376 5.728425 0.000000 -0.364619 99.491572 -10.733347 1.045515 -0.001487 
1377 5.533037 0.000000 0.091155 99.926971 -4.503115 -0.475480 -0.000590 
1378 5.533037 0.000000 0.182309 100.063807 -2.546612 0.723576 -0.001977 
1379 5.533037 0.000000 0.273464 99.854639 -5.538007 -3.335376 -0.001274 
1380 5.435343 0.000000 0.273464 99.839571 -5.751195 -3.346130 -0.001221 
1381 5.533037 0.000000 0.364619 99.508112 -10.494228 -1.482353 -0.001419 
1382 5.337648 0.000000 0.273464 99.826446 -5.937731 -3.304428 -0.001150 
1383 5.239954 0.000000 0.273464 99.815514 -6.092465 -3.225842 -0.001066 
1384 5.337648 0.000000 0.364619 99.556603 -9.796523 -1.792881 -0.001070 
1385 5.142260 0.000000 0.273464 99.806726 -6.215367 -3.122514 -0.000976 
1386 5.044566 0.000000 0.273464 99.799961 -6.309475 -3.005308 -0.000887 
1387 5.142260 0.000000 0.364619 99.597473 -9.208482 -1.854252 -0.000789 
1 11 62 60 61 
2 62 10 24 60 
3 60 24 14 63 
4 61 60 63 6 
5 24 66 64 65 
6 66 23 40 64 
7 64 40 27 67 
8 65 64 67 14 
9 40 70 68 69 
10 69 68 71 27 
11 6 63 92 93 
12 63 14 36 92 
13 92 36 19 94 
14 93 92 94 20 
15 14 67 95 96 
16 67 27 52 95 
17 95 52 35 97 
18 96 95 97 36 
19 27 71 98 99 
20 99 98 100 52 
21 68 112 110 111 
22 112 56 80 110 
23 110 80 43 113 
24 111 110 113 71 
25 80 116 114 115 
26 115 114 117 43 
27 71 113 133 134 
28 113 43 102 133 
29 133 102 76 135 
30 134 133 135 98 
31 43 117 136 137 
32 137 136 138 102 
33 114 141 139 140 
34 141 106 129 139 
35 139 129 83 142 
36 140 139 142 117 
37 129 149 147 148 
38 147 150 132 151 
39 148 147 151 83 
40 117 142 152 153 
41 142 83 144 152 
42 152 144 125 154 
43 153 152 154 136 
44 83 151 155 156 
45 151 132 157 155 
46 156 155 158 144 
47 12 161 159 160 
48 161 7 162 159 
49 159 162 13 25 
50 160 159 25 10 
51 25 165 163 164 
52 165 13 166 163 
53 163 166 26 41 
54 164 163 41 23 
55 41 169 167 168 
56 169 26 170 167 
57 167 170 42 57 
58 168 167 57 39 
59 39 173 171 172 
60 173 57 174 171 
61 171 174 55 81 
62 172 171 81 56 
63 81 177 175 176 
64 177 55 178 175 
65 175 178 82 107 
66 176 175 107 79 
67 79 181 179 180 
68 181 107 182 179 
69 179 182 105 130 
70 180 179 130 106 
71 106 185 183 184 
72 185 130 186 183 
73 184 183 149 129 
74 195 197 109 198 
75 150 195 198 132 
76 149 201 199 200 
77 201 128 202 199 
78 199 202 150 203 
79 200 199 203 147 
80 132 198 210 157 
81 198 109 211 210 
82 19 38 213 214 
83 38 21 215 213 
84 213 215 9 216 
85 214 213 216 22 
86 35 54 217 218 
87 54 37 219 217 
88 217 219 21 220 
89 218 217 220 38 
90 51 78 221 222 
91 78 53 223 221 
92 221 223 37 224 
93 222 221 224 54 
94 76 104 225 226 
95 104 75 227 225 
96 225 227 78 228 
97 226 225 228 51 
98 101 127 229 230 
99 127 103 231 229 
100 229 231 75 232 
101 230 229 232 104 
102 125 146 233 234 
103 146 124 235 233 
104 233 235 127 236 
105 234 233 236 101 
106 144 158 237 238 
107 237 239 146 240 
108 238 237 240 125 
109 155 243 241 242 
110 243 157 244 241 
111 241 244 143 245 
112 242 241 245 158 
113 130 247 246 186 
114 247 105 248 246 
115 249 251 195 252 
116 202 249 252 150 
117 186 255 253 254 
118 255 246 256 253 
119 253 256 196 250 
120 254 253 250 128 
121 128 259 257 258 
122 259 250 260 257 
123 257 260 249 261 
124 258 257 261 202 
125 262 263 124 264 
126 239 262 264 146 
127 157 266 265 244 
128 266 210 267 265 
129 143 268 269 270 
130 268 212 271 269 
131 269 271 262 272 
132 270 269 272 239 
133 244 275 273 274 
134 275 265 276 273 
135 273 276 268 277 
136 274 273 277 143 
137 278 280 194 281 
138 197 278 281 109 
139 283 131 284 282 
140 282 284 197 285 
141 251 282 285 195 
142 107 287 286 182 
143 287 82 288 286 
144 286 288 108 192 
145 182 286 192 105 
146 105 290 289 248 
147 290 192 291 289 
148 246 293 292 256 
149 293 248 294 292 
150 292 294 131 283 
151 256 292 283 196 
152 196 297 295 296 
153 297 283 298 295 
154 295 298 282 299 
155 296 295 299 251 
156 109 281 300 211 
157 281 194 301 300 
158 210 304 303 267 
159 304 211 305 303 
160 303 305 145 306 
161 124 209 307 235 
162 209 126 308 307 
163 307 308 103 309 
164 235 307 309 127 
165 310 311 209 312 
166 263 310 312 124 
167 212 306 313 271 
168 306 145 314 313 
169 313 314 263 315 
170 271 313 315 262 
171 267 318 316 317 
172 318 303 319 316 
173 316 319 306 320 
174 317 316 320 212 
175 131 322 321 284 
176 322 279 323 321 
177 321 323 278 324 
178 284 321 324 197 
179 211 326 325 305 
180 326 300 327 325 
181 325 327 302 328 
182 305 325 328 145 
183 192 334 333 291 
184 334 108 335 333 
185 289 339 337 338 
186 339 291 340 337 
187 337 340 191 341 
188 338 337 341 279 
189 345 347 126 348 
190 311 345 348 209 
191 302 351 349 350 
192 351 207 352 349 
193 349 352 311 353 
194 350 349 353 310 
195 354 355 59 356 
196 280 354 356 194 
197 291 358 357 340 
198 358 333 359 357 
199 357 359 336 360 
200 191 360 361 362 
201 360 336 363 361 
202 361 363 354 364 
203 362 361 364 280 
204 340 367 365 366 
205 367 357 368 365 
206 365 368 360 369 
207 366 365 369 191 
208 194 356 370 301 
209 356 59 371 370 
210 373 346 374 372 
211 372 374 345 375 
212 352 372 375 311 
213 301 378 376 377 
214 378 370 379 376 
215 376 379 346 373 
216 377 376 373 207 
217 207 382 380 381 
218 382 373 383 380 
219 380 383 372 384 
220 381 380 384 352 
221 57 386 385 174 
222 386 42 387 385 
223 385 387 58 89 
224 174 385 89 55 
225 55 389 388 178 
226 389 89 390 388 
227 388 390 88 188 
228 178 388 188 82 
229 82 392 391 288 
230 392 188 393 391 
231 391 393 187 330 
232 288 391 330 108 
233 108 395 394 335 
234 395 330 396 394 
235 333 399 398 359 
236 399 335 400 398 
237 359 398 401 336 
238 75 123 402 227 
239 123 77 403 402 
240 402 403 53 404 
241 227 402 404 78 
242 103 206 405 231 
243 206 121 406 405 
244 405 406 123 407 
245 231 405 407 75 
246 126 344 408 308 
247 344 204 409 408 
248 408 409 206 410 
249 308 408 410 103 
250 411 413 344 414 
251 347 411 414 126 
252 346 416 415 374 
253 415 417 347 418 
254 374 415 418 345 
255 419 420 332 421 
256 355 419 421 59 
257 335 423 422 400 
258 423 394 424 422 
259 336 401 426 363 
260 401 193 427 426 
261 426 427 355 428 
262 363 426 428 354 
263 398 431 429 430 
264 431 400 432 429 
265 429 432 193 433 
266 430 429 433 401 
267 59 421 434 371 
268 421 332 435 434 
269 370 437 436 379 
270 437 371 438 436 
271 436 438 208 416 
272 379 436 416 346 
273 439 441 411 442 
274 417 439 442 347 
275 416 445 443 444 
276 445 208 446 443 
277 443 446 417 447 
278 444 443 447 415 
279 88 453 452 189 
280 453 90 454 452 
281 452 454 5 455 
282 189 452 455 91 
283 187 457 456 331 
284 457 189 458 456 
285 456 458 91 459 
286 331 456 459 190 
287 330 461 460 396 
288 461 187 462 460 
289 460 462 331 463 
290 396 460 463 329 
291 394 465 464 424 
292 465 396 466 464 
293 464 466 329 467 
294 424 464 467 397 
295 193 425 468 427 
296 425 397 469 468 
297 468 469 419 470 
298 427 468 470 355 
299 422 473 471 472 
300 473 424 474 471 
301 471 474 397 475 
302 472 471 475 425 
303 371 477 476 438 
304 477 434 478 476 
305 476 478 412 440 
306 438 476 440 208 
307 91 455 482 205 
308 455 5 483 482 
309 482 483 122 484 
310 205 482 484 121 
311 190 459 485 343 
312 459 91 486 485 
313 485 486 205 487 
314 343 485 487 204 
315 342 489 488 413 
316 489 343 490 488 
317 488 490 204 491 
318 413 488 491 344 
319 412 493 492 441 
320 493 342 494 492 
321 492 494 413 495 
322 441 492 495 411 
323 440 498 496 497 
324 498 412 499 496 
325 496 499 441 500 
326 497 496 500 439 
327 454 510 508 509 
328 508 511 504 512 
329 509 508 512 5 
330 5 512 513 514 
331 512 504 515 513 
332 514 513 516 483 
333 7 518 517 162 
334 518 16 519 517 
335 517 519 15 32 
336 162 517 32 13 
337 13 521 520 166 
338 521 32 522 520 
339 520 522 31 48 
340 166 520 48 26 
341 26 524 523 170 
342 524 48 525 523 
343 523 525 47 85 
344 170 523 85 42 
345 42 527 526 387 
346 527 85 528 526 
347 526 528 84 449 
348 387 526 449 58 
349 58 531 529 530 
350 531 449 532 529 
351 529 532 448 502 
352 530 529 502 90 
353 90 535 533 534 
354 535 502 536 533 
355 533 536 501 510 
356 534 533 510 454 
357 538 17 539 537 
358 537 539 8 540 
359 448 554 553 503 
360 554 450 555 553 
361 553 555 87 556 
362 503 553 556 451 
363 501 558 557 511 
364 558 503 559 557 
365 557 559 451 560 
366 511 557 560 504 
367 510 563 561 562 
368 563 501 564 561 
369 561 564 511 565 
370 562 561 565 508 
371 540 8 567 566 
372 566 567 29 568 
373 451 556 578 506 
374 556 87 579 578 
375 578 579 480 580 
376 506 578 580 479 
377 504 560 581 515 
378 560 451 582 581 
379 581 582 506 583 
380 515 581 583 505 
381 21 46 584 215 
382 46 28 585 584 
383 584 585 30 586 
384 215 584 586 9 
385 37 74 587 219 
386 74 44 588 587 
387 587 588 46 589 
388 219 587 589 21 
389 53 120 590 223 
390 120 72 591 590 
391 590 591 74 592 
392 223 590 592 37 
393 77 481 593 403 
394 481 118 594 593 
395 593 594 120 595 
396 403 593 595 53 
397 122 507 596 597 
398 507 479 598 596 
399 596 598 481 599 
400 597 596 599 77 
401 483 516 600 601 
402 516 505 602 600 
403 600 602 507 603 
404 601 600 603 122 
405 513 606 604 605 
406 606 515 607 604 
407 604 607 505 608 
408 605 604 608 516 
409 555 618 616 617 
410 617 616 620 87 
411 87 620 621 622 
412 622 621 624 579 
413 85 626 625 528 
414 626 47 627 625 
415 625 627 86 550 
416 528 625 550 84 
417 84 630 628 629 
418 630 550 631 628 
419 628 631 549 610 
420 629 628 610 450 
421 450 634 632 633 
422 634 610 635 632 
423 632 635 609 618 
424 633 632 618 555 
425 641 551 642 640 
426 640 642 50 643 
427 618 650 648 649 
428 650 609 651 648 
429 649 648 652 616 
430 643 50 657 656 
431 656 657 576 658 
432 118 577 662 594 
433 577 119 663 662 
434 662 663 72 664 
435 594 662 664 120 
436 480 615 665 666 
437 615 575 667 665 
438 665 667 577 668 
439 666 665 668 118 
440 579 624 669 670 
441 624 613 671 669 
442 669 671 615 672 
443 670 669 672 480 
444 621 675 673 674 
445 673 676 613 677 
446 674 673 677 624 
447 610 679 678 635 
448 679 549 680 678 
449 678 680 611 645 
450 635 678 645 609 
451 609 682 681 651 
452 682 645 683 681 
453 616 652 685 686 
454 685 687 612 688 
455 686 685 688 620 
456 648 691 689 690 
457 691 651 692 689 
458 690 689 693 652 
459 620 688 694 695 
460 688 612 696 694 
461 695 694 675 621 
462 613 661 697 671 
463 661 614 698 697 
464 697 698 575 699 
465 671 697 699 615 
466 700 702 661 703 
467 676 700 703 613 
468 675 706 704 705 
469 704 707 676 708 
470 705 704 708 673 
471 709 710 647 711 
472 687 709 711 612 
473 651 713 712 692 
474 713 681 714 712 
475 652 693 716 717 
476 693 619 718 716 
477 716 718 687 719 
478 717 716 719 685 
479 689 722 720 721 
480 722 692 723 720 
481 720 723 619 724 
482 721 720 724 693 
483 612 711 725 696 
484 711 647 726 725 
485 694 729 727 728 
486 729 696 730 727 
487 727 730 623 706 
488 728 727 706 675 
489 731 733 700 734 
490 707 731 734 676 
491 706 737 735 736 
492 737 623 738 735 
493 735 738 707 739 
494 736 735 739 704 
495 619 715 740 718 
496 715 684 741 740 
497 740 741 709 742 
498 718 740 742 687 
499 692 744 743 723 
500 744 712 745 743 
501 743 745 715 746 
502 723 743 746 619 
503 696 748 747 730 
504 748 725 749 747 
505 747 749 701 732 
506 730 747 732 623 
507 623 751 750 738 
508 751 732 752 750 
509 750 752 731 753 
510 738 750 753 707 
511 755 640 756 754 
512 754 756 643 757 
513 645 759 758 683 
514 759 611 760 758 
515 681 763 762 714 
516 763 683 764 762 
517 762 764 644 765 
518 712 767 766 745 
519 767 714 768 766 
520 766 768 684 769 
521 745 766 769 715 
522 757 643 771 770 
523 770 771 656 772 
524 773 775 614 776 
525 702 773 776 661 
526 778 659 779 777 
527 777 779 702 780 
528 733 777 780 700 
529 732 782 781 752 
530 782 701 783 781 
531 781 783 733 784 
532 752 781 784 731 
533 785 786 552 787 
534 710 785 787 647 
535 684 765 788 741 
536 765 644 789 788 
537 788 789 710 790 
538 741 788 790 709 
539 714 792 791 768 
540 792 762 793 791 
541 791 793 765 794 
542 768 791 794 684 
543 647 787 795 726 
544 787 552 796 795 
545 725 798 797 749 
546 798 726 799 797 
547 797 799 659 778 
548 749 797 778 701 
549 701 801 800 783 
550 801 778 802 800 
551 800 802 777 803 
552 783 800 803 733 
553 804 806 785 807 
554 789 804 807 710 
555 683 809 808 764 
556 809 758 810 808 
557 808 810 761 805 
558 764 808 805 644 
559 644 813 811 812 
560 813 805 814 811 
561 811 814 804 815 
562 812 811 815 789 
563 726 817 816 799 
564 817 795 818 816 
565 659 819 820 779 
566 819 774 821 820 
567 820 821 773 822 
568 779 820 822 702 
569 799 825 823 824 
570 825 816 826 823 
571 823 826 819 827 
572 824 823 827 659 
573 646 829 828 786 
574 829 754 830 828 
575 828 830 757 831 
576 786 828 831 552 
577 761 833 832 806 
578 833 646 834 832 
579 832 834 786 835 
580 806 832 835 785 
581 805 837 836 814 
582 837 761 838 836 
583 836 838 806 839 
584 814 836 839 804 
585 552 831 840 796 
586 831 757 841 840 
587 840 841 770 842 
588 796 840 842 660 
589 795 844 843 818 
590 844 796 845 843 
591 843 845 660 846 
592 818 843 846 774 
593 816 848 847 826 
594 848 818 849 847 
595 847 849 774 850 
596 826 847 850 819 
597 857 872 870 871 
598 872 862 873 870 
599 876 537 877 875 
600 875 877 540 878 
601 862 888 887 873 
602 888 864 889 887 
603 893 895 866 896 
604 894 893 896 867 
605 870 899 897 898 
606 899 873 900 897 
607 897 900 865 901 
608 898 897 901 874 
609 878 540 903 902 
610 902 903 566 904 
611 864 912 911 889 
612 912 883 913 911 
613 883 920 919 913 
614 913 932 930 931 
615 932 919 933 930 
616 930 933 922 934 
617 931 930 934 886 
618 18 943 942 906 
619 943 878 944 942 
620 942 944 902 945 
621 906 942 945 570 
622 882 947 946 924 
623 947 18 948 946 
624 946 948 906 949 
625 924 946 949 905 
626 951 882 952 950 
627 950 952 924 953 
628 936 956 954 955 
629 956 918 957 954 
630 954 957 937 958 
631 955 954 958 935 
632 636 961 959 960 
633 961 638 962 959 
634 959 962 548 963 
635 551 965 964 642 
636 965 636 960 964 
637 964 960 639 966 
638 642 964 966 50 
639 963 548 969 967 
640 967 969 654 970 
641 968 967 970 653 
642 960 973 971 972 
643 973 959 974 971 
644 971 974 963 975 
645 972 971 975 639 
646 638 977 976 962 
647 977 855 978 976 
648 962 976 979 548 
649 855 981 980 978 
650 981 857 871 980 
651 548 979 983 969 
652 983 984 891 985 
653 969 983 985 654 
654 976 988 986 987 
655 988 978 989 986 
656 987 986 990 979 
657 991 894 867 992 
658 984 991 992 891 
659 978 994 993 989 
660 994 980 995 993 
661 993 995 982 996 
662 989 993 996 858 
663 979 990 997 998 
664 990 858 999 997 
665 997 999 984 1000 
666 998 997 1000 983 
667 986 1003 1001 1002 
668 1003 989 1004 1001 
669 1001 1004 858 1005 
670 1002 1001 1005 990 
671 871 1008 1006 1007 
672 1008 870 898 1006 
673 1006 898 874 1009 
674 1007 1006 1009 34 
675 1010 1011 868 1012 
676 895 1010 1012 866 
677 873 1014 1013 900 
678 1014 887 1015 1013 
679 1013 1015 890 1016 
680 900 1013 1016 865 
681 887 1018 1017 1015 
682 1018 889 1019 1017 
683 1017 1019 854 1020 
684 1015 1017 1020 890 
685 889 1024 1023 1019 
686 1024 911 1025 1023 
687 1023 1025 914 1026 
688 1019 1023 1026 854 
689 911 1028 1027 1025 
690 1028 913 931 1027 
691 1027 931 886 1029 
692 1025 1027 1029 914 
693 543 1031 1030 881 
694 1031 875 1032 1030 
695 1030 1032 878 943 
696 881 1030 943 18 
697 879 1034 1033 917 
698 1034 881 1035 1033 
699 1033 1035 18 947 
700 917 1033 947 882 
701 1037 917 1038 1036 
702 1036 1038 882 951 
703 32 1040 1039 522 
704 1040 15 1041 1039 
705 1039 1041 33 542 
706 522 1039 542 31 
707 542 1044 1042 1043 
708 1044 33 1045 1042 
709 1042 1045 543 880 
710 1043 1042 880 541 
711 541 1048 1046 1047 
712 1048 880 1049 1046 
713 1046 1049 879 916 
714 1047 1046 916 853 
715 916 1052 1050 1051 
716 1052 879 1053 1050 
717 1050 1053 917 1037 
718 1051 1050 1037 915 
719 915 1056 1054 1055 
720 1056 1037 1057 1054 
721 1054 1057 1036 1058 
722 1055 1054 1058 941 
723 853 1061 1059 1060 
724 1061 916 1051 1059 
725 1059 1051 915 940 
726 1060 1059 940 885 
727 885 1064 1062 1063 
728 1064 940 1065 1062 
729 1062 1065 939 1066 
730 1063 1062 1066 921 
731 50 966 1067 657 
732 966 639 968 1067 
733 1067 968 653 1068 
734 657 1067 1068 576 
735 639 975 1069 1070 
736 975 963 1071 1069 
737 1069 1071 967 1072 
738 1070 1069 1072 968 
739 44 571 1073 588 
740 571 45 1074 1073 
741 1073 1074 28 1075 
742 588 1073 1075 46 
743 569 907 1076 1077 
744 907 570 1078 1076 
745 1076 1078 45 1079 
746 1077 1076 1079 571 
747 860 925 1080 1081 
748 925 905 1082 1080 
749 1080 1082 907 1083 
750 1081 1080 1083 569 
751 909 938 1084 1085 
752 938 923 1086 1084 
753 1084 1086 925 1087 
754 1085 1084 1087 860 
755 935 958 1088 1089 
756 958 937 1090 1088 
757 1088 1090 923 1091 
758 1089 1088 1091 938 
759 928 1094 1092 1093 
760 1094 935 1089 1092 
761 1092 1089 938 1095 
762 1093 1092 1095 909 
763 1 1098 1096 1097 
764 1098 12 160 1096 
765 1096 160 10 62 
766 1097 1096 62 11 
767 16 1100 1099 519 
768 1100 2 1101 1099 
769 1099 1101 17 538 
770 519 1099 538 15 
771 20 94 1102 1103 
772 94 19 214 1102 
773 1102 214 22 1104 
774 1103 1102 1104 4 
775 10 1107 1105 1106 
776 1107 25 164 1105 
777 1105 164 23 66 
778 1106 1105 66 24 
779 28 568 1108 585 
780 568 29 1109 1108 
781 1108 1109 3 1110 
782 585 1108 1110 30 
783 36 97 1111 1112 
784 97 35 218 1111 
785 1111 218 38 1113 
786 1112 1111 1113 19 
787 23 1116 1114 1115 
788 1116 41 168 1114 
789 1114 168 39 70 
790 1115 1114 70 40 
791 48 1118 1117 525 
792 1118 31 1119 1117 
793 1117 1119 49 546 
794 525 1117 546 47 
795 52 100 1120 1121 
796 100 51 222 1120 
797 1120 222 54 1122 
798 1121 1120 1122 35 
799 70 1125 1123 1124 
800 1125 39 172 1123 
801 1123 172 56 112 
802 1124 1123 112 68 
803 72 574 1126 591 
804 574 73 1127 1126 
805 1126 1127 44 1128 
806 591 1126 1128 74 
807 56 1131 1129 1130 
808 1131 81 176 1129 
809 1129 176 79 116 
810 1130 1129 116 80 
811 89 1133 1132 390 
812 1133 58 530 1132 
813 1132 530 90 453 
814 390 1132 453 88 
815 98 135 1134 1135 
816 135 76 226 1134 
817 1134 226 51 1136 
818 1135 1134 1136 100 
819 102 138 1137 1138 
820 138 101 230 1137 
821 1137 230 104 1139 
822 1138 1137 1139 76 
823 116 1142 1140 1141 
824 1142 79 180 1140 
825 1140 180 106 141 
826 1141 1140 141 114 
827 121 484 1143 406 
828 484 122 597 1143 
829 1143 597 77 1144 
830 406 1143 1144 123 
831 136 154 1145 1146 
832 154 125 234 1145 
833 1145 234 101 1147 
834 1146 1145 1147 138 
835 183 1150 1148 1149 
836 1150 186 254 1148 
837 1148 254 128 201 
838 1149 1148 201 149 
839 188 1152 1151 393 
840 1152 88 1153 1151 
841 1151 1153 189 457 
842 393 1151 457 187 
843 204 487 1154 409 
844 487 205 1155 1154 
845 1154 1155 121 1156 
846 409 1154 1156 206 
847 158 245 1157 1158 
848 245 143 270 1157 
849 1157 270 239 1159 
850 1158 1157 1159 237 
851 250 1161 1160 260 
852 1161 196 296 1160 
853 1160 296 251 1162 
854 260 1160 1162 249 
855 265 1164 1163 276 
856 1164 267 317 1163 
857 1163 317 212 1165 
858 276 1163 1165 268 
859 279 341 1166 323 
860 341 191 362 1166 
861 1166 362 280 1167 
862 323 1166 1167 278 
863 248 1169 1168 294 
864 1169 289 338 1168 
865 1168 338 279 322 
866 294 1168 322 131 
867 300 1171 1170 327 
868 1171 301 377 1170 
869 1170 377 207 351 
870 327 1170 351 302 
871 145 328 1172 314 
872 328 302 350 1172 
873 1172 350 310 1173 
874 314 1172 1173 263 
875 329 463 1174 420 
876 463 331 1175 1174 
877 1174 1175 190 1176 
878 420 1174 1176 332 
879 332 1176 1177 435 
880 1176 190 1178 1177 
881 1177 1178 343 489 
882 435 1177 489 342 
883 397 467 1179 469 
884 467 329 1180 1179 
885 1179 1180 420 1181 
886 469 1179 1181 419 
887 400 1183 1182 432 
888 1183 422 472 1182 
889 1182 472 425 1184 
890 432 1182 1184 193 
891 434 1186 1185 478 
892 1186 435 1187 1185 
893 1185 1187 342 493 
894 478 1185 493 412 
895 208 1189 1188 446 
896 1189 440 497 1188 
897 1188 497 439 1190 
898 446 1188 1190 417 
899 449 1192 1191 532 
900 1192 84 629 1191 
901 1191 629 450 554 
902 532 1191 554 448 
903 479 580 1193 598 
904 580 480 666 1193 
905 1193 666 118 1194 
906 598 1193 1194 481 
907 502 1196 1195 536 
908 1196 448 1197 1195 
909 1195 1197 503 558 
910 536 1195 558 501 
911 505 583 1198 602 
912 583 506 1199 1198 
913 1198 1199 479 1200 
914 602 1198 1200 507 
915 15 1202 1201 1041 
916 1202 538 1203 1201 
917 1201 1203 537 876 
918 1041 1201 876 33 
919 31 1205 1204 1119 
920 1205 542 1043 1204 
921 1204 1043 541 852 
922 1119 1204 852 49 
923 47 1207 1206 627 
924 1207 546 1208 1206 
925 1206 1208 545 637 
926 627 1206 637 86 
927 546 1210 1209 1208 
928 1210 49 1211 1209 
929 1209 1211 547 856 
930 1208 1209 856 545 
931 550 1213 1212 631 
932 1213 86 1214 1212 
933 1212 1214 551 641 
934 631 1212 641 549 
935 45 904 1215 1074 
936 904 566 1216 1215 
937 1215 1216 568 1217 
938 1074 1215 1217 28 
939 73 861 1218 1127 
940 861 569 1077 1218 
941 1218 1077 571 1219 
942 1127 1218 1219 44 
943 119 655 1220 663 
944 655 572 1221 1220 
945 1220 1221 574 1222 
946 663 1220 1222 72 
947 575 658 1223 667 
948 658 576 1224 1223 
949 1223 1224 119 1225 
950 667 1223 1225 577 
951 86 1227 1226 1214 
952 1227 637 1228 1226 
953 1226 1228 636 965 
954 1214 1226 965 551 
955 637 1230 1229 1228 
956 1230 545 1231 1229 
957 1229 1231 638 961 
958 1228 1229 961 636 
959 549 1233 1232 680 
960 1233 641 1234 1232 
961 1232 1234 640 755 
962 680 1232 755 611 
963 576 1068 1235 1224 
964 1068 653 1236 1235 
965 1235 1236 655 1237 
966 1224 1235 1237 119 
967 614 772 1238 698 
968 772 656 1239 1238 
969 1238 1239 658 1240 
970 698 1238 1240 575 
971 611 1242 1241 760 
972 1242 755 1243 1241 
973 1241 1243 754 829 
974 760 1241 829 646 
975 758 1245 1244 810 
976 1245 760 1246 1244 
977 1244 1246 646 833 
978 810 1244 833 761 
979 660 842 1247 775 
980 842 770 1248 1247 
981 1247 1248 772 1249 
982 775 1247 1249 614 
983 774 846 1250 821 
984 846 660 1251 1250 
985 1250 1251 775 1252 
986 821 1250 1252 773 
987 49 1254 1253 1211 
988 1254 852 1255 1253 
989 1253 1255 851 863 
990 1211 1253 863 547 
991 852 1257 1256 1255 
992 1257 541 1047 1256 
993 1256 1047 853 884 
994 1255 1256 884 851 
995 545 1259 1258 1231 
996 1259 856 1260 1258 
997 1258 1260 855 977 
998 1231 1258 977 638 
999 856 1262 1261 1260 
1000 1262 547 1263 1261 
1001 1261 1263 857 981 
1002 1260 1261 981 855 
1003 859 910 1264 1265 
1004 910 860 1081 1264 
1005 1264 1081 569 1266 
1006 1265 1264 1266 861 
1007 573 869 1267 1268 
1008 869 859 1265 1267 
1009 1267 1265 861 1269 
1010 1268 1267 1269 73 
1011 547 1271 1270 1263 
1012 1271 863 1272 1270 
1013 1270 1272 862 872 
1014 1263 1270 872 857 
1015 863 1274 1273 1272 
1016 1274 851 1275 1273 
1017 1273 1275 864 888 
1018 1272 1273 888 862 
1019 33 1277 1276 1045 
1020 1277 876 1278 1276 
1021 1276 1278 875 1031 
1022 1045 1276 1031 543 
1023 880 1280 1279 1049 
1024 1280 543 1281 1279 
1025 1279 1281 881 1034 
1026 1049 1279 1034 879 
1027 851 1283 1282 1275 
1028 1283 884 1284 1282 
1029 1282 1284 883 912 
1030 1275 1282 912 864 
1031 884 1286 1285 1284 
1032 1286 853 1060 1285 
1033 1285 1060 885 920 
1034 1284 1285 920 883 
1035 570 945 1287 1078 
1036 945 902 1288 1287 
1037 1287 1288 904 1289 
1038 1078 1287 1289 45 
1039 905 949 1290 1082 
1040 949 906 1291 1290 
1041 1290 1291 570 1292 
1042 1082 1290 1292 907 
1043 908 929 1293 1294 
1044 929 909 1085 1293 
1045 1293 1085 860 1295 
1046 1294 1293 1295 910 
1047 868 1022 1296 1297 
1048 1022 908 1294 1296 
1049 1296 1294 910 1298 
1050 1297 1296 1298 859 
1051 923 953 1299 1086 
1052 953 924 1300 1299 
1053 1299 1300 905 1301 
1054 1086 1299 1301 925 
1055 544 1304 1302 1303 
1056 1304 936 955 1302 
1057 1302 955 935 1094 
1058 1303 1302 1094 928 
1059 940 1306 1305 1065 
1060 1306 915 1055 1305 
1061 1305 1055 941 1307 
1062 1065 1305 1307 939 
1063 939 1307 1308 1309 
1064 1307 941 1310 1308 
1065 1308 1310 918 956 
1066 1309 1308 956 936 
1067 921 1066 1311 1312 
1068 1066 939 1309 1311 
1069 1311 1309 936 1304 
1070 1312 1311 1304 544 
1071 980 1314 1313 995 
1072 1314 871 1007 1313 
1073 1313 1007 34 1315 
1074 995 1313 1315 982 
1075 858 996 1316 999 
1076 996 982 1317 1316 
1077 1316 1317 991 1318 
1078 999 1316 1318 984 
1079 982 1315 1319 1317 
1080 1315 34 1320 1319 
1081 1319 1320 894 1321 
1082 1317 1319 1321 991 
1083 941 1058 1322 1310 
1084 1058 1036 1323 1322 
1085 1322 1323 951 1324 
1086 1310 1322 1324 918 
1087 572 892 1325 1221 
1088 892 573 1268 1325 
1089 1325 1268 73 1326 
1090 1221 1325 1326 574 
1091 653 970 1327 1236 
1092 970 654 1328 1327 
1093 1327 1328 572 1329 
1094 1236 1327 1329 655 
1095 866 1012 1330 1331 
1096 1012 868 1297 1330 
1097 1330 1297 859 1332 
1098 1331 1330 1332 869 
1099 867 896 1333 1334 
1100 896 866 1331 1333 
1101 1333 1331 869 1335 
1102 1334 1333 1335 573 
1103 891 992 1336 1337 
1104 992 867 1334 1336 
1105 1336 1334 573 1338 
1106 1337 1336 1338 892 
1107 654 985 1339 1328 
1108 985 891 1337 1339 
1109 1339 1337 892 1340 
1110 1328 1339 1340 572 
1111 34 1009 1341 1320 
1112 1009 874 1342 1341 
1113 1341 1342 893 1343 
1114 1320 1341 1343 894 
1115 874 901 1344 1342 
1116 901 865 1345 1344 
1117 1344 1345 895 1346 
1118 1342 1344 1346 893 
1119 919 1348 1347 933 
1120 1348 921 1312 1347 
1121 1347 1312 544 1349 
1122 933 1347 1349 922 
1123 922 1349 1350 1351 
1124 1349 544 1303 1350 
1125 1350 1303 928 1352 
1126 1351 1350 1352 926 
1127 926 1352 1353 1354 
1128 1352 928 1093 1353 
1129 1353 1093 909 1355 
1130 1354 1353 1355 929 
1131 918 1324 1356 957 
1132 1324 951 1357 1356 
1133 1356 1357 950 1358 
1134 957 1356 1358 937 
1135 937 1358 1359 1090 
1136 1358 950 1360 1359 
1137 1359 1360 953 1361 
1138 1090 1359 1361 923 
1139 865 1016 1362 1345 
1140 1016 890 1363 1362 
1141 1362 1363 1010 1364 
1142 1345 1362 1364 895 
1143 890 1020 1365 1363 
1144 1020 854 1366 1365 
1145 1365 1366 1011 1367 
1146 1363 1365 1367 1010 
1147 854 1026 1368 1366 
1148 1026 914 1369 1368 
1149 1368 1369 1021 1370 
1150 1366 1368 1370 1011 
1151 914 1029 1371 1369 
1152 1029 886 1372 1371 
1153 1371 1372 927 1373 
1154 1369 1371 1373 1021 
1155 920 1376 1374 1375 
1156 1376 885 1063 1374 
1157 1374 1063 921 1348 
1158 1375 1374 1348 919 
1159 886 934 1377 1372 
1160 934 922 1351 1377 
1161 1377 1351 926 1378 
1162 1372 1377 1378 927 
1163 927 1378 1379 1380 
1164 1378 926 1354 1379 
1165 1379 1354 929 1381 
1166 1380 1379 1381 908 
1167 1021 1373 1382 1383 
1168 1373 927 1380 1382 
1169 1382 1380 908 1384 
1170 1383 1382 1384 1022 
1171 1011 1370 1385 1386 
1172 1370 1021 1383 1385 
1173 1385 1383 1022 1387 
1174 1386 1385 1387 868 
