2 0.000000 100.000000 262.180540
1202 1006 
1 -11.368037 0.000000 -11.616288 99.756394 -6.975643 -0.000012 0.000000 
2 13.641644 0.000000 -11.616288 99.756403 -6.975625 0.000010 0.000000 
3 13.641644 0.000000 11.616288 99.756394 -6.975713 -0.000011 0.000000 
4 -11.368037 0.000000 11.616288 99.756402 -6.975697 0.000010 -0.000000 
5 1.136804 0.000000 0.000000 101.386264 -6.705598 0.870665 -0.032490 
6 -11.368037 0.000000 0.000000 99.756369 -6.975693 0.000005 0.000001 
7 1.136804 0.000000 -11.616288 99.756440 -6.975605 -0.000022 -0.000001 
8 13.641644 0.000000 0.000000 99.756370 -6.975693 0.000006 0.000001 
9 1.136804 0.000000 11.616288 99.756439 -6.975877 -0.000020 -0.000001 
10 -5.115617 0.000000 -5.808144 99.756313 -6.975727 -0.000090 0.000002 
11 -11.368037 0.000000 -5.808144 99.756377 -6.975663 -0.000011 0.000001 
12 -5.115617 0.000000 -11.616288 99.756399 -6.975634 -0.000033 0.000000 
13 1.136804 0.000000 -5.808144 99.756796 -6.974956 -0.000230 -0.000007 
14 -5.115617 0.000000 0.000000 99.756131 -6.975983 0.000032 0.000005 
15 7.389224 0.000000 -5.808144 99.756422 -6.975163 0.000128 0.000000 
16 7.389224 0.000000 -11.616288 99.756419 -6.975600 0.000017 -0.000000 
17 13.641644 0.000000 -5.808144 99.756388 -6.975643 0.000015 0.000000 
18 7.389224 0.000000 0.000000 99.756145 -6.976105 0.000031 0.000005 
19 -5.115617 0.000000 5.808144 99.756378 -6.975901 0.000083 0.000000 
20 -11.368037 0.000000 5.808144 99.756387 -6.975706 0.000015 0.000000 
21 1.136804 0.000000 5.808144 99.756752 -6.976001 -0.000142 -0.000007 
22 -5.115617 0.000000 11.616288 99.756417 -6.975771 0.000018 -0.000000 
23 -1.989406 0.000000 -2.904072 99.755549 -6.978022 -0.000622 0.000014 
24 -5.115617 0.000000 -2.904072 99.756191 -6.975741 -0.000100 0.000004 
25 -1.989406 0.000000 -5.808144 99.756355 -6.975759 -0.000269 0.000001 
26 1.136804 0.000000 -2.904072 99.758670 -6.981645 -0.000740 -0.000054 
27 -1.989406 0.000000 0.000000 99.753379 -6.978246 0.000883 0.000057 
28 7.389224 0.000000 5.808144 99.756305 -6.976257 -0.000044 0.000001 
29 13.641644 0.000000 5.808144 99.756377 -6.975725 -0.000010 0.000000 
30 7.389224 0.000000 11.616288 99.756398 -6.975811 -0.000032 -0.000000 
31 4.263014 0.000000 -2.904072 99.758986 -6.977031 0.003243 -0.000053 
32 4.263014 0.000000 -5.808144 99.756597 -6.975056 0.000143 -0.000003 
33 7.389224 0.000000 -2.904072 99.756240 -6.976627 0.000051 0.000002 
34 4.263014 0.000000 0.000000 99.751687 -6.978758 -0.002181 0.000090 
35 -1.989406 0.000000 2.904072 99.756086 -6.977879 0.000703 0.000003 
36 -5.115617 0.000000 2.904072 99.756254 -6.976109 0.000094 0.000002 
37 1.136804 0.000000 2.904072 99.761204 -6.979869 -0.000446 -0.000102 
38 -1.989406 0.000000 5.808144 99.756492 -6.976352 0.000150 -0.000003 
39 -0.426301 0.000000 -1.452036 99.746266 -6.993175 -0.011062 0.000178 
40 -1.989406 0.000000 -1.452036 99.754739 -6.979787 -0.001059 0.000027 
41 -0.426301 0.000000 -2.904072 99.759977 -6.972464 -0.005257 -0.000067 
42 1.136804 0.000000 -1.452036 99.743048 -7.011054 -0.008619 0.000217 
43 -0.426301 0.000000 0.000000 99.978327 -7.090248 -0.006757 -0.004594 
44 4.263014 0.000000 2.904072 99.758154 -6.975469 -0.002848 -0.000035 
45 7.389224 0.000000 2.904072 99.756160 -6.976754 0.000007 0.000003 
46 4.263014 0.000000 5.808144 99.756423 -6.975607 -0.000268 -0.000000 
47 2.699909 0.000000 -1.452036 99.751318 -6.992399 0.012360 0.000078 
48 2.699909 0.000000 -2.904072 99.757200 -6.975380 0.002165 -0.000015 
49 4.263014 0.000000 -1.452036 99.752732 -6.978078 0.000885 0.000070 
50 2.699909 0.000000 0.000000 99.806670 -7.697625 0.186887 -0.002066 
51 -0.426301 0.000000 1.452036 99.749746 -6.990861 0.012499 0.000112 
52 -1.989406 0.000000 1.452036 99.754604 -6.980330 -0.000184 0.000029 
53 1.136804 0.000000 1.452036 99.752779 -7.006865 0.000529 0.000029 
54 -0.426301 0.000000 2.904072 99.762199 -6.983312 0.005825 -0.000126 
55 0.355251 0.000000 -0.726018 99.751453 -7.092022 -0.129575 -0.000067 
56 -0.426301 0.000000 -0.726018 99.714212 -7.028472 0.010101 0.000768 
57 0.355251 0.000000 -1.452036 99.763251 -6.999650 -0.017332 -0.000170 
58 1.136804 0.000000 -0.726018 99.748864 -7.118511 -0.002351 -0.000051 
59 0.355251 0.000000 0.000000 69.609705 -0.011689 -0.003372 0.515449 
60 -8.241827 0.000000 -2.904072 99.756326 -6.975718 -0.000016 0.000001 
61 -11.368037 0.000000 -2.904072 99.756370 -6.975679 -0.000004 0.000001 
62 -8.241827 0.000000 -5.808144 99.756354 -6.975681 -0.000029 0.000001 
63 -8.241827 0.000000 0.000000 99.756320 -6.975752 0.000012 0.000002 
64 -3.552511 0.000000 -1.452036 99.755806 -6.976437 -0.000055 0.000011 
65 -5.115617 0.000000 -1.452036 99.756135 -6.975916 -0.000036 0.000005 
66 -3.552511 0.000000 -2.904072 99.755998 -6.976135 -0.000235 0.000007 
67 -3.552511 0.000000 0.000000 99.755801 -6.976484 0.000136 0.000011 
68 -1.207854 0.000000 -0.726018 99.749010 -6.978897 0.007258 0.000143 
69 -1.989406 0.000000 -0.726018 99.756466 -6.973709 -0.010458 0.000001 
70 -1.207854 0.000000 -1.452036 99.751016 -6.979949 -0.001817 0.000102 
71 -1.207854 0.000000 0.000000 99.752256 -6.987139 0.001218 0.000067 
72 2.699909 0.000000 1.452036 99.753612 -6.994806 -0.008777 0.000029 
73 4.263014 0.000000 1.452036 99.754855 -6.978709 -0.002816 0.000027 
74 2.699909 0.000000 2.904072 99.757763 -6.979790 -0.002684 -0.000033 
75 0.355251 0.000000 0.726018 99.779049 -7.088625 0.133133 -0.000612 
76 -0.426301 0.000000 0.726018 99.723590 -6.999140 0.001433 0.000622 
77 1.136804 0.000000 0.726018 99.829164 -7.137194 -0.028868 -0.001680 
78 0.355251 0.000000 1.452036 99.770939 -6.997187 0.016920 -0.000320 
79 -0.035525 0.000000 -0.363009 99.061569 -7.147676 0.076440 0.013571 
80 -0.426301 0.000000 -0.363009 99.813449 -7.002187 0.034420 -0.001176 
81 -0.035525 0.000000 -0.726018 99.640286 -7.033299 -0.053174 0.002234 
82 0.355251 0.000000 -0.363009 100.169080 -7.438441 -0.556188 -0.008948 
83 -0.035525 0.000000 0.000000 168.664858 -7.232028 -0.003712 -1.850014 
84 1.918356 0.000000 -0.726018 99.795344 -7.152605 0.031460 -0.001027 
85 1.918356 0.000000 -1.452036 99.765871 -7.013019 0.011139 -0.000241 
86 2.699909 0.000000 -0.726018 99.717084 -7.024898 0.032157 0.000715 
87 1.918356 0.000000 0.000000 101.284347 -11.176942 -1.055431 -0.038456 
88 0.746027 0.000000 -0.363009 99.740421 -7.542515 0.174319 -0.000507 
89 0.746027 0.000000 -0.726018 99.732304 -7.099699 0.018623 0.000306 
90 1.136804 0.000000 -0.363009 99.658784 -7.572711 -0.083311 0.001077 
91 0.746027 0.000000 0.000000 101.675285 -6.683559 0.038360 -0.038253 
92 -8.241827 0.000000 2.904072 99.756345 -6.975767 0.000033 0.000001 
93 -11.368037 0.000000 2.904072 99.756376 -6.975703 0.000012 0.000001 
94 -8.241827 0.000000 5.808144 99.756377 -6.975761 0.000034 0.000000 
95 -3.552511 0.000000 1.452036 99.755960 -6.976349 0.000273 0.000008 
96 -5.115617 0.000000 1.452036 99.756181 -6.976014 0.000087 0.000004 
97 -3.552511 0.000000 2.904072 99.756187 -6.976033 0.000283 0.000004 
98 -1.207854 0.000000 0.726018 99.751254 -6.978774 -0.001292 0.000098 
99 -1.989406 0.000000 0.726018 99.756986 -6.973961 0.011239 -0.000009 
100 -1.207854 0.000000 1.452036 99.752582 -6.979993 0.003397 0.000070 
101 -0.035525 0.000000 0.363009 99.054241 -7.142796 -0.075854 0.013723 
102 -0.426301 0.000000 0.363009 99.801541 -7.004287 -0.048427 -0.000941 
103 0.355251 0.000000 0.363009 100.196216 -7.447992 0.564704 -0.009507 
104 -0.035525 0.000000 0.726018 99.641808 -7.034775 0.060190 0.002202 
105 0.159863 0.000000 -0.181504 97.881733 -8.336872 -5.286749 0.032171 
106 -0.035525 0.000000 -0.181504 97.292144 -7.487217 3.269101 0.046749 
107 0.159863 0.000000 -0.363009 99.348082 -7.389765 -0.850403 0.007463 
108 0.355251 0.000000 -0.181504 102.203306 -9.076481 -1.352299 -0.052973 
109 0.159863 0.000000 0.000000 116.960570 0.031198 0.010558 -0.367978 
110 -0.817078 0.000000 -0.363009 99.755769 -6.989987 0.004487 -0.000007 
111 -1.207854 0.000000 -0.363009 99.750740 -6.982144 0.001181 0.000104 
112 -0.817078 0.000000 -0.726018 99.741233 -6.987075 0.012905 0.000287 
113 -0.817078 0.000000 0.000000 99.764244 -6.991251 0.001508 -0.000178 
114 -0.230913 0.000000 -0.181504 100.312249 -7.025868 0.630721 -0.011231 
115 -0.426301 0.000000 -0.181504 99.892990 -7.034322 0.075549 -0.002810 
116 -0.230913 0.000000 -0.363009 99.634691 -7.114589 0.273256 0.002224 
117 -0.230913 0.000000 0.000000 101.274329 -7.113315 -0.013167 -0.030709 
118 1.918356 0.000000 0.726018 99.784833 -7.152297 -0.044860 -0.000817 
119 2.699909 0.000000 0.726018 99.747581 -7.024289 0.023507 0.000108 
120 1.918356 0.000000 1.452036 99.768434 -7.008026 -0.016961 -0.000285 
121 0.746027 0.000000 0.363009 99.813104 -7.550502 -0.114431 -0.001968 
122 1.136804 0.000000 0.363009 99.980603 -7.597900 -0.005346 -0.005385 
123 0.746027 0.000000 0.726018 99.783905 -7.127140 -0.009523 -0.000762 
124 0.159863 0.000000 0.181504 97.919016 -8.350334 5.291009 0.031414 
125 -0.035525 0.000000 0.181504 97.329595 -7.514338 -3.253983 0.045990 
126 0.355251 0.000000 0.181504 102.198769 -9.067218 1.381816 -0.052871 
127 0.159863 0.000000 0.363009 99.352742 -7.384003 0.865203 0.007376 
128 0.062169 0.000000 -0.090752 87.372290 -10.540913 -8.573958 0.218146 
129 -0.035525 0.000000 -0.090752 103.942045 -7.748571 19.350202 -0.123842 
130 0.062169 0.000000 -0.181504 95.476387 -7.891037 -1.637963 0.081931 
131 0.159863 0.000000 -0.090752 100.497027 -13.016470 -13.617302 -0.045451 
132 0.062169 0.000000 0.000000 197.644789 -0.756739 0.000773 -2.906404 
133 -0.817078 0.000000 0.363009 99.756847 -6.989717 -0.001873 -0.000028 
134 -1.207854 0.000000 0.363009 99.751262 -6.981944 0.000512 0.000094 
135 -0.817078 0.000000 0.726018 99.743085 -6.986205 -0.010695 0.000251 
136 -0.230913 0.000000 0.181504 100.301882 -7.027832 -0.645534 -0.011027 
137 -0.426301 0.000000 0.181504 99.884641 -7.040333 -0.097585 -0.002652 
138 -0.230913 0.000000 0.363009 99.630487 -7.098476 -0.271103 0.002330 
139 -0.133219 0.000000 -0.090752 103.147276 -7.207413 2.702201 -0.069861 
140 -0.230913 0.000000 -0.090752 101.007931 -7.060256 0.329893 -0.025256 
141 -0.133219 0.000000 -0.181504 100.200757 -7.199686 1.702907 -0.009493 
142 -0.133219 0.000000 0.000000 106.425381 -7.363630 -0.006718 -0.138058 
143 0.062169 0.000000 0.090752 87.385897 -10.536484 8.574315 0.217917 
144 -0.035525 0.000000 0.090752 103.942480 -7.757015 -19.346526 -0.123850 
145 0.159863 0.000000 0.090752 100.476464 -12.877418 13.614114 -0.044669 
146 0.062169 0.000000 0.181504 95.567330 -7.885963 1.656363 0.080195 
147 0.013322 0.000000 -0.045376 73.662281 -11.555130 -14.486791 0.423048 
148 -0.035525 0.000000 -0.045376 146.209285 -7.524685 29.284111 -1.229134 
149 0.013322 0.000000 -0.090752 76.564156 -9.031653 5.925745 0.402124 
150 0.062169 0.000000 -0.045376 194.686286 -0.671695 -19.429508 -2.828071 
151 0.013322 0.000000 0.000000 248.018718 -3.743955 -0.022529 -5.152730 
152 -0.133219 0.000000 0.090752 103.147250 -7.208717 -2.704755 -0.069864 
153 -0.230913 0.000000 0.090752 101.000763 -7.062537 -0.353292 -0.025116 
154 -0.133219 0.000000 0.181504 100.177565 -7.177778 -1.717921 -0.009002 
155 0.013322 0.000000 0.045376 73.663887 -11.969132 14.483330 0.422060 
156 -0.035525 0.000000 0.045376 146.207322 -7.533567 -29.286139 -1.229101 
157 0.062169 0.000000 0.045376 194.500136 -0.655700 19.421106 -2.820791 
158 0.013322 0.000000 0.090752 76.576840 -9.048788 -5.929464 0.401895 
159 -1.989406 0.000000 -8.712216 99.756417 -6.975661 -0.000092 -0.000000 
160 -5.115617 0.000000 -8.712216 99.756377 -6.975660 -0.000057 0.000001 
161 -1.989406 0.000000 -11.616288 99.756419 -6.975623 -0.000039 -0.000000 
162 1.136804 0.000000 -8.712216 99.756472 -6.976060 -0.000039 -0.000002 
163 -0.426301 0.000000 -4.356108 99.756493 -6.976569 -0.000741 -0.000003 
164 -1.989406 0.000000 -4.356108 99.756155 -6.975779 -0.000400 0.000005 
165 -0.426301 0.000000 -5.808144 99.756480 -6.976197 -0.000295 -0.000002 
166 1.136804 0.000000 -4.356108 99.756975 -6.977625 -0.000344 -0.000014 
167 0.355251 0.000000 -2.178054 99.758039 -6.984449 -0.007970 -0.000045 
168 -0.426301 0.000000 -2.178054 99.753795 -6.980881 -0.005247 0.000045 
169 0.355251 0.000000 -2.904072 99.757579 -6.979752 -0.002637 -0.000029 
170 1.136804 0.000000 -2.178054 99.771247 -6.986886 -0.004274 -0.000312 
171 -0.035525 0.000000 -1.089027 99.737601 -7.003755 -0.035128 0.000336 
172 -0.426301 0.000000 -1.089027 99.742313 -6.992761 -0.015876 0.000257 
173 -0.035525 0.000000 -1.452036 99.733676 -6.996616 -0.007138 0.000424 
174 0.355251 0.000000 -1.089027 99.769747 -7.020476 -0.041585 -0.000329 
175 0.159863 0.000000 -0.544513 99.674981 -7.108376 -0.299710 0.001428 
176 -0.035525 0.000000 -0.544513 99.563369 -7.059528 -0.082683 0.003729 
177 0.159863 0.000000 -0.726018 99.704359 -7.058063 -0.125394 0.000921 
178 0.355251 0.000000 -0.544513 99.931362 -7.152749 -0.240284 -0.003750 
179 0.062169 0.000000 -0.272257 97.757911 -7.455345 -0.647325 0.038739 
180 -0.035525 0.000000 -0.272257 98.998210 -7.277579 0.394374 0.014624 
181 0.062169 0.000000 -0.363009 99.094174 -7.270589 -0.512915 0.012722 
182 0.159863 0.000000 -0.272257 99.144134 -7.556474 -1.719263 0.011038 
183 0.013322 0.000000 -0.136128 92.764546 -8.044549 2.986357 0.132111 
184 -0.035525 0.000000 -0.136128 97.895878 -7.674227 7.376136 0.030310 
185 0.013322 0.000000 -0.181504 95.025152 -7.688817 1.594650 0.090856 
186 0.062169 0.000000 -0.136128 93.815989 -8.524339 -3.507635 0.111359 
187 0.550639 0.000000 -0.181504 101.178323 -8.517905 0.029836 -0.030961 
188 0.550639 0.000000 -0.363009 99.961553 -7.489975 0.152924 -0.004844 
189 0.746027 0.000000 -0.181504 101.796418 -8.120068 0.018513 -0.042845 
190 0.550639 0.000000 0.000000 101.147425 -6.652035 0.031304 -0.027505 
191 0.257557 0.000000 -0.090752 101.375577 -12.816142 -10.168062 -0.054465 
192 0.257557 0.000000 -0.181504 100.671123 -8.771025 -4.075786 -0.022822 
193 0.355251 0.000000 -0.090752 62.802599 0.029421 -2.615197 0.604899 
194 0.257557 0.000000 0.000000 82.970069 0.046935 -0.035044 0.311596 
195 0.111016 0.000000 -0.045376 145.956541 -0.118345 -13.640040 -1.148938 
196 0.111016 0.000000 -0.090752 93.461234 -12.671129 -15.639433 0.085985 
197 0.159863 0.000000 -0.045376 116.478351 -0.190290 -7.767184 -0.362757 
198 0.111016 0.000000 0.000000 148.806746 -0.200955 -0.010416 -1.214349 
199 0.037745 0.000000 -0.068064 74.683438 -11.734058 -14.642660 0.407029 
200 0.013322 0.000000 -0.068064 73.665732 -11.569999 -14.497063 0.422933 
201 0.037745 0.000000 -0.090752 84.176708 -9.812562 -5.329413 0.278959 
202 0.062169 0.000000 -0.068064 78.646068 -12.119685 -15.524152 0.342691 
203 0.037745 0.000000 -0.045376 74.547532 -11.787993 -14.661618 0.408875 
204 0.550639 0.000000 0.181504 101.137937 -8.518031 0.029376 -0.030144 
205 0.746027 0.000000 0.181504 101.753544 -8.121199 0.032615 -0.041974 
206 0.550639 0.000000 0.363009 100.003592 -7.496640 -0.121104 -0.005693 
207 0.257557 0.000000 0.090752 101.409257 -12.900522 10.171348 -0.055372 
208 0.355251 0.000000 0.090752 62.825722 -0.032885 2.670144 0.604580 
209 0.257557 0.000000 0.181504 100.630816 -8.774830 4.076155 -0.022017 
210 0.111016 0.000000 0.045376 145.838832 -0.182740 13.624409 -1.145462 
211 0.159863 0.000000 0.045376 116.456432 -0.150177 7.782376 -0.362269 
212 0.111016 0.000000 0.090752 93.438496 -12.651826 15.638947 0.086460 
213 -1.989406 0.000000 8.712216 99.756463 -6.975965 0.000033 -0.000002 
214 -5.115617 0.000000 8.712216 99.756413 -6.975825 0.000040 -0.000000 
215 1.136804 0.000000 8.712216 99.756488 -6.976103 -0.000047 -0.000002 
216 -1.989406 0.000000 11.616288 99.756435 -6.975831 0.000008 -0.000001 
217 -0.426301 0.000000 4.356108 99.756891 -6.977093 0.000338 -0.000012 
218 -1.989406 0.000000 4.356108 99.756492 -6.975534 0.000365 -0.000002 
219 1.136804 0.000000 4.356108 99.757177 -6.977454 -0.000331 -0.000018 
220 -0.426301 0.000000 5.808144 99.756720 -6.975176 0.000077 -0.000006 
221 0.355251 0.000000 2.178054 99.762162 -6.983241 0.006945 -0.000125 
222 -0.426301 0.000000 2.178054 99.756526 -6.980649 0.006035 -0.000009 
223 1.136804 0.000000 2.178054 99.775770 -6.985105 0.001130 -0.000400 
224 0.355251 0.000000 2.904072 99.760073 -6.979365 0.002320 -0.000078 
225 -0.035525 0.000000 1.089027 99.744361 -7.001660 0.037782 0.000204 
226 -0.426301 0.000000 1.089027 99.745882 -6.992048 0.017546 0.000187 
227 0.355251 0.000000 1.089027 99.781079 -7.016547 0.042975 -0.000550 
228 -0.035525 0.000000 1.452036 99.739436 -6.994423 0.008562 0.000312 
229 0.159863 0.000000 0.544513 99.660852 -7.116270 0.308650 0.001698 
230 -0.035525 0.000000 0.544513 99.551657 -7.065933 0.086159 0.003953 
231 0.355251 0.000000 0.544513 99.928111 -7.164530 0.254207 -0.003702 
232 0.159863 0.000000 0.726018 99.706876 -7.048555 0.134229 0.000884 
233 0.062169 0.000000 0.272257 97.732887 -7.449543 0.661610 0.039235 
234 -0.035525 0.000000 0.272257 98.964918 -7.239358 -0.397326 0.015338 
235 0.159863 0.000000 0.272257 99.135984 -7.565223 1.745317 0.011178 
236 0.062169 0.000000 0.363009 99.094534 -7.271131 0.522906 0.012713 
237 0.013322 0.000000 0.136128 92.845480 -8.119151 -2.976404 0.130494 
238 -0.035525 0.000000 0.136128 97.904726 -7.686995 -7.366146 0.030131 
239 0.062169 0.000000 0.136128 93.811941 -8.521529 3.523095 0.111429 
240 0.013322 0.000000 0.181504 95.063505 -7.701684 -1.575485 0.090113 
241 0.037745 0.000000 0.068064 74.642213 -12.056230 14.634524 0.406902 
242 0.013322 0.000000 0.068064 73.667199 -11.984168 14.493754 0.421945 
243 0.037745 0.000000 0.045376 74.502676 -12.097517 14.652013 0.408832 
244 0.062169 0.000000 0.068064 78.576318 -12.483301 15.510899 0.342934 
245 0.037745 0.000000 0.090752 84.196735 -9.829639 5.322752 0.278596 
246 0.111016 0.000000 -0.136128 97.007151 -9.122186 -6.590755 0.046296 
247 0.111016 0.000000 -0.181504 96.337636 -8.152556 -4.146155 0.063541 
248 0.159863 0.000000 -0.136128 98.681256 -9.467129 -8.119949 0.010645 
249 0.086592 0.000000 -0.068064 93.079222 -12.686246 -15.585077 0.093242 
250 0.086592 0.000000 -0.090752 93.097956 -12.796086 -15.661483 0.092375 
251 0.111016 0.000000 -0.068064 93.461377 -12.672916 -15.640532 0.085974 
252 0.086592 0.000000 -0.045376 168.266946 -0.283398 -17.560063 -1.862220 
253 0.086592 0.000000 -0.113440 94.240592 -9.639843 -8.247713 0.095776 
254 0.062169 0.000000 -0.113440 91.511675 -9.214256 -5.737447 0.150779 
255 0.086592 0.000000 -0.136128 95.476040 -8.844554 -5.478163 0.077609 
256 0.111016 0.000000 -0.113440 96.638349 -10.064088 -9.153021 0.047597 
257 0.074381 0.000000 -0.079408 90.525839 -12.616118 -15.536797 0.140451 
258 0.062169 0.000000 -0.079408 76.305739 -11.960981 -15.009753 0.380908 
259 0.074381 0.000000 -0.090752 88.193189 -10.826013 -12.316255 0.195307 
260 0.086592 0.000000 -0.079408 93.126136 -12.714251 -15.610674 0.092218 
261 0.074381 0.000000 -0.068064 89.179727 -12.563263 -15.620192 0.164515 
262 0.111016 0.000000 0.136128 97.006380 -9.123647 6.608555 0.046285 
263 0.159863 0.000000 0.136128 98.683955 -9.458361 8.117984 0.010611 
264 0.111016 0.000000 0.181504 96.383594 -8.128262 4.165209 0.062679 
265 0.086592 0.000000 0.068064 93.018552 -12.493082 15.576760 0.094884 
266 0.086592 0.000000 0.045376 168.104288 -0.318524 17.562512 -1.856759 
267 0.111016 0.000000 0.068064 93.438698 -12.653568 15.640048 0.086449 
268 0.086592 0.000000 0.090752 93.025690 -12.608032 15.649670 0.094235 
269 0.086592 0.000000 0.113440 94.239015 -9.632739 8.269055 0.095784 
270 0.062169 0.000000 0.113440 91.491102 -9.228116 5.744707 0.151122 
271 0.111016 0.000000 0.113440 96.618159 -10.040713 9.169285 0.048004 
272 0.086592 0.000000 0.136128 95.469238 -8.828076 5.499998 0.077744 
273 0.074381 0.000000 0.079408 90.448392 -12.538643 15.524326 0.142087 
274 0.062169 0.000000 0.079408 76.252584 -12.390430 14.999994 0.380702 
275 0.074381 0.000000 0.068064 89.100164 -12.541496 15.606910 0.166030 
276 0.086592 0.000000 0.079408 93.068719 -12.541051 15.602804 0.093749 
277 0.074381 0.000000 0.090752 88.205694 -10.824856 12.318943 0.195082 
278 0.208710 0.000000 -0.045376 95.622598 -0.244933 -6.073827 0.081937 
279 0.208710 0.000000 -0.090752 100.006368 -12.907836 -13.172647 -0.034140 
280 0.257557 0.000000 -0.045376 82.254047 -0.041507 -3.389885 0.322278 
281 0.208710 0.000000 0.000000 96.930730 -0.272891 0.007094 0.060436 
282 0.135439 0.000000 -0.068064 93.616942 -12.661797 -15.745000 0.082764 
283 0.135439 0.000000 -0.090752 94.223698 -12.653756 -15.806860 0.071192 
284 0.159863 0.000000 -0.068064 114.232810 -0.252622 -12.387937 -0.320266 
285 0.135439 0.000000 -0.045376 129.857818 -0.018140 -10.146303 -0.696600 
286 0.257557 0.000000 -0.272257 100.687891 -7.785377 -1.812818 -0.020195 
287 0.257557 0.000000 -0.363009 99.755880 -7.398721 -0.932014 -0.000685 
288 0.355251 0.000000 -0.272257 101.219097 -7.894708 -0.984190 -0.030860 
289 0.208710 0.000000 -0.136128 100.037070 -9.884731 -8.013470 -0.016934 
290 0.208710 0.000000 -0.181504 99.585780 -8.591384 -5.222247 -0.001841 
291 0.257557 0.000000 -0.136128 101.083918 -10.319511 -6.276184 -0.036384 
292 0.135439 0.000000 -0.113440 98.029502 -10.443430 -9.432820 0.019217 
293 0.135439 0.000000 -0.136128 97.856142 -9.362639 -7.343658 0.028259 
294 0.159863 0.000000 -0.113440 99.224984 -10.776749 -10.042710 -0.006259 
295 0.123228 0.000000 -0.079408 93.557382 -12.644331 -15.692623 0.084088 
296 0.111016 0.000000 -0.079408 93.504871 -12.713832 -15.694307 0.084889 
297 0.123228 0.000000 -0.090752 93.572070 -12.594986 -15.675195 0.083992 
298 0.135439 0.000000 -0.079408 95.295212 -12.759838 -15.671486 0.051041 
299 0.123228 0.000000 -0.068064 93.565342 -12.597708 -15.671906 0.084122 
300 0.208710 0.000000 0.045376 95.633756 -0.257465 6.087499 0.081706 
301 0.257557 0.000000 0.045376 82.254651 -0.036386 3.373513 0.322279 
302 0.208710 0.000000 0.090752 100.012077 -12.930883 13.174858 -0.034320 
303 0.135439 0.000000 0.068064 93.613573 -12.799562 15.746068 0.082473 
304 0.135439 0.000000 0.045376 129.866229 -0.004489 10.160256 -0.696847 
305 0.159863 0.000000 0.068064 114.230749 -0.255373 12.398065 -0.320244 
306 0.135439 0.000000 0.090752 94.220315 -12.772627 15.808488 0.070948 
307 0.257557 0.000000 0.272257 100.711142 -7.772637 1.836347 -0.020652 
308 0.355251 0.000000 0.272257 101.276674 -7.909020 0.997820 -0.032051 
309 0.257557 0.000000 0.363009 99.774769 -7.389630 0.947095 -0.001051 
310 0.208710 0.000000 0.136128 100.025627 -9.846707 8.002742 -0.016613 
311 0.257557 0.000000 0.136128 101.088729 -10.301969 6.278794 -0.036448 
312 0.208710 0.000000 0.181504 99.601587 -8.567166 5.222468 -0.002115 
313 0.135439 0.000000 0.113440 98.012324 -10.438762 9.442936 0.019545 
314 0.159863 0.000000 0.113440 99.230747 -10.700624 10.048954 -0.006223 
315 0.135439 0.000000 0.136128 97.967152 -9.254814 7.356877 0.026266 
316 0.123228 0.000000 0.079408 93.548005 -12.728323 15.693772 0.084047 
317 0.111016 0.000000 0.079408 93.488596 -12.733767 15.694293 0.085142 
318 0.123228 0.000000 0.068064 93.558545 -12.700345 15.674072 0.083982 
319 0.135439 0.000000 0.079408 95.291100 -12.838286 15.672236 0.050917 
320 0.123228 0.000000 0.090752 93.565903 -12.704318 15.677369 0.083824 
321 0.184287 0.000000 -0.068064 103.099102 -0.222373 -10.857215 -0.074735 
322 0.184287 0.000000 -0.090752 99.775239 -12.988197 -13.525500 -0.030673 
323 0.208710 0.000000 -0.068064 93.661017 -0.094960 -8.935604 0.114776 
324 0.184287 0.000000 -0.045376 105.225973 -0.242518 -7.339648 -0.112643 
325 0.184287 0.000000 0.068064 103.125471 -0.179342 10.867472 -0.075300 
326 0.184287 0.000000 0.045376 105.222169 -0.253945 7.353714 -0.112585 
327 0.208710 0.000000 0.068064 93.648068 -0.149240 8.933490 0.115021 
328 0.184287 0.000000 0.090752 99.771985 -12.960722 13.527324 -0.030542 
329 0.452945 0.000000 -0.090752 98.805982 -10.287411 0.011694 0.013155 
330 0.452945 0.000000 -0.181504 99.877032 -11.910370 0.010984 -0.011728 
331 0.550639 0.000000 -0.090752 100.841909 -7.438442 0.029234 -0.022442 
332 0.452945 0.000000 0.000000 101.147426 -6.652035 0.031304 -0.027505 
333 0.306404 0.000000 -0.136128 102.017045 -10.595383 -4.286378 -0.053811 
334 0.306404 0.000000 -0.181504 101.536610 -8.956718 -2.770267 -0.039758 
335 0.355251 0.000000 -0.136128 103.671208 -10.724859 -2.489917 -0.086894 
336 0.306404 0.000000 -0.090752 103.273491 -12.792061 -6.443504 -0.087057 
337 0.233134 0.000000 -0.113440 100.563521 -11.510289 -8.620142 -0.031982 
338 0.208710 0.000000 -0.113440 101.157811 -11.255517 -10.018858 -0.045997 
339 0.233134 0.000000 -0.136128 100.425931 -10.143577 -7.103653 -0.023872 
340 0.257557 0.000000 -0.113440 101.579652 -12.879642 -10.215873 -0.058867 
341 0.233134 0.000000 -0.090752 101.670186 -12.854914 -10.202573 -0.060617 
342 0.452945 0.000000 0.090752 98.798410 -10.285593 0.017966 0.013308 
343 0.550639 0.000000 0.090752 100.833055 -7.438469 0.027036 -0.022264 
344 0.452945 0.000000 0.181504 99.873002 -11.910824 0.003841 -0.011648 
345 0.306404 0.000000 0.136128 102.017803 -10.589849 4.293284 -0.053821 
346 0.306404 0.000000 0.090752 103.238257 -12.805977 6.440837 -0.086362 
347 0.355251 0.000000 0.136128 103.680917 -10.699974 2.535381 -0.087065 
348 0.306404 0.000000 0.181504 101.509575 -8.978523 2.794419 -0.039262 
349 0.233134 0.000000 0.113440 100.576556 -11.484714 8.618098 -0.032181 
350 0.208710 0.000000 0.113440 101.176579 -11.198274 10.019413 -0.046249 
351 0.233134 0.000000 0.090752 101.707758 -12.864740 10.206018 -0.061413 
352 0.257557 0.000000 0.113440 101.626809 -12.955735 10.219098 -0.060029 
353 0.233134 0.000000 0.136128 100.384656 -10.126160 7.097799 -0.023000 
354 0.306404 0.000000 -0.045376 73.959976 0.046094 -2.558375 0.452337 
355 0.355251 0.000000 -0.045376 68.865383 -0.028411 -1.068972 0.525642 
356 0.306404 0.000000 0.000000 74.885534 -0.001473 -0.001399 0.439216 
357 0.281981 0.000000 -0.113440 104.291397 -12.083787 -7.548215 -0.107969 
358 0.281981 0.000000 -0.136128 102.021064 -10.425554 -5.398002 -0.054613 
359 0.306404 0.000000 -0.113440 103.269405 -12.791787 -6.443300 -0.086972 
360 0.281981 0.000000 -0.090752 101.812370 -12.867741 -9.425745 -0.062018 
361 0.281981 0.000000 -0.068064 75.678261 -0.063826 -4.238330 0.425483 
362 0.257557 0.000000 -0.068064 81.493891 -0.106694 -5.603705 0.332733 
363 0.306404 0.000000 -0.068064 72.487160 0.014404 -3.048681 0.473632 
364 0.281981 0.000000 -0.045376 77.087704 -0.034855 -2.447658 0.405149 
365 0.269769 0.000000 -0.102096 101.195021 -12.823370 -10.155414 -0.050800 
366 0.257557 0.000000 -0.102096 101.362072 -12.822374 -10.169469 -0.054210 
367 0.269769 0.000000 -0.113440 100.987012 -12.851111 -10.145313 -0.046646 
368 0.281981 0.000000 -0.102096 102.175961 -12.871749 -9.177381 -0.068983 
369 0.269769 0.000000 -0.090752 101.090982 -12.758217 -10.122516 -0.048462 
370 0.306404 0.000000 0.045376 73.960484 0.063158 2.559342 0.452329 
371 0.355251 0.000000 0.045376 68.863593 -0.017904 1.066714 0.525667 
372 0.281981 0.000000 0.113440 104.305377 -12.082466 7.545672 -0.108253 
373 0.281981 0.000000 0.090752 101.828649 -12.928152 9.428081 -0.062510 
374 0.306404 0.000000 0.113440 103.234169 -12.806178 6.440660 -0.086277 
375 0.281981 0.000000 0.136128 102.042403 -10.465892 5.376463 -0.055109 
376 0.281981 0.000000 0.068064 75.687062 -0.044138 4.234179 0.425354 
377 0.257557 0.000000 0.068064 81.528691 -0.164341 5.562485 0.332210 
378 0.281981 0.000000 0.045376 77.097295 -0.009742 2.440774 0.405005 
379 0.306404 0.000000 0.068064 72.498388 0.044033 3.052218 0.473467 
380 0.269769 0.000000 0.102096 101.216829 -12.922699 10.158804 -0.051504 
381 0.257557 0.000000 0.102096 101.395442 -12.908223 10.172773 -0.055114 
382 0.269769 0.000000 0.090752 101.113922 -12.860426 10.126062 -0.049195 
383 0.281981 0.000000 0.102096 102.189786 -12.911391 9.178987 -0.069371 
384 0.269769 0.000000 0.113440 101.003733 -12.965023 10.148927 -0.047285 
385 0.746027 0.000000 -1.089027 99.780334 -7.031704 -0.018165 -0.000556 
386 0.746027 0.000000 -1.452036 99.767500 -7.007570 -0.009363 -0.000266 
387 1.136804 0.000000 -1.089027 99.774138 -7.037824 -0.004421 -0.000441 
388 0.550639 0.000000 -0.544513 99.889637 -7.220370 0.009604 -0.003007 
389 0.550639 0.000000 -0.726018 99.808922 -7.089869 -0.053776 -0.001209 
390 0.746027 0.000000 -0.544513 99.785996 -7.205043 0.050937 -0.000916 
391 0.452945 0.000000 -0.272257 100.701950 -7.906148 0.270957 -0.020346 
392 0.452945 0.000000 -0.363009 100.185335 -7.484066 -0.052578 -0.009312 
393 0.550639 0.000000 -0.272257 101.180550 -11.837893 0.014442 -0.037764 
394 0.404098 0.000000 -0.136128 97.881999 -12.676535 -0.000191 0.025842 
395 0.404098 0.000000 -0.181504 101.968321 -9.161797 0.193928 -0.048151 
396 0.452945 0.000000 -0.136128 98.912003 -11.345275 0.009183 0.008770 
397 0.404098 0.000000 -0.090752 99.683746 -12.650647 -1.149727 -0.009821 
398 0.330828 0.000000 -0.113440 103.237640 -12.728958 -6.429685 -0.086138 
399 0.330828 0.000000 -0.136128 102.486860 -10.601842 -3.779076 -0.063024 
400 0.355251 0.000000 -0.113440 103.982284 -12.805164 -4.630589 -0.099773 
401 0.330828 0.000000 -0.090752 103.184550 -12.686668 -6.415180 -0.084916 
402 0.746027 0.000000 1.089027 99.798099 -7.027800 0.013569 -0.000905 
403 1.136804 0.000000 1.089027 99.796391 -7.040403 -0.009979 -0.000889 
404 0.746027 0.000000 1.452036 99.777451 -7.003864 0.005804 -0.000459 
405 0.550639 0.000000 0.544513 99.925251 -7.241736 0.004581 -0.003750 
406 0.746027 0.000000 0.544513 99.866774 -7.212119 -0.022661 -0.002539 
407 0.550639 0.000000 0.726018 99.843409 -7.096092 0.052546 -0.001906 
408 0.452945 0.000000 0.272257 100.742367 -7.919644 -0.252426 -0.021181 
409 0.550639 0.000000 0.272257 101.175425 -11.837845 0.001657 -0.037660 
410 0.452945 0.000000 0.363009 100.215968 -7.503527 0.072856 -0.009955 
411 0.404098 0.000000 0.136128 97.890776 -12.676596 0.004223 0.025670 
412 0.404098 0.000000 0.090752 99.731778 -12.624670 1.154344 -0.010714 
413 0.452945 0.000000 0.136128 98.912405 -11.344227 0.010738 0.008764 
414 0.404098 0.000000 0.181504 101.972213 -9.155288 -0.169925 -0.048218 
415 0.330828 0.000000 0.113440 103.225465 -12.797091 6.430573 -0.086061 
416 0.330828 0.000000 0.090752 103.166979 -12.748518 6.415997 -0.084712 
417 0.355251 0.000000 0.113440 104.014491 -12.887804 4.632666 -0.100657 
418 0.330828 0.000000 0.136128 102.461969 -10.647434 3.821726 -0.062643 
419 0.404098 0.000000 -0.045376 68.216723 -0.031239 0.757266 0.534590 
420 0.452945 0.000000 -0.045376 99.347795 -8.619642 0.014802 0.005572 
421 0.404098 0.000000 0.000000 69.301372 -0.040471 -0.009762 0.519732 
422 0.379675 0.000000 -0.113440 103.230235 -12.864684 -2.210697 -0.082687 
423 0.379675 0.000000 -0.136128 103.608162 -10.767170 -0.686060 -0.085105 
424 0.404098 0.000000 -0.113440 100.917112 -12.814640 -1.796976 -0.035171 
425 0.379675 0.000000 -0.090752 103.397809 -12.904835 -2.216910 -0.086256 
426 0.330828 0.000000 -0.068064 69.770190 0.014918 -2.682748 0.512492 
427 0.355251 0.000000 -0.068064 67.107980 0.009073 -1.784983 0.549333 
428 0.330828 0.000000 -0.045376 71.081041 0.071110 -1.835894 0.494411 
429 0.343039 0.000000 -0.102096 103.526759 -12.744233 -6.450737 -0.092182 
430 0.330828 0.000000 -0.102096 103.300624 -12.711067 -6.429265 -0.087393 
431 0.343039 0.000000 -0.113440 103.595182 -12.718162 -6.448071 -0.093529 
432 0.355251 0.000000 -0.102096 104.012410 -12.800869 -4.730390 -0.100482 
433 0.343039 0.000000 -0.090752 103.539133 -12.782491 -6.460907 -0.092549 
434 0.404098 0.000000 0.045376 68.200147 -0.039765 -0.774780 0.534814 
435 0.452945 0.000000 0.045376 99.334105 -8.617667 0.021022 0.005847 
436 0.330828 0.000000 0.068064 69.841710 -0.003386 2.698182 0.511486 
437 0.330828 0.000000 0.045376 71.137974 0.034711 1.842350 0.493599 
438 0.355251 0.000000 0.068064 67.181670 -0.015622 1.798220 0.548339 
439 0.379675 0.000000 0.113440 103.298739 -12.854659 2.212111 -0.084077 
440 0.379675 0.000000 0.090752 103.467051 -12.906497 2.218514 -0.087693 
441 0.404098 0.000000 0.113440 100.982542 -12.774326 1.799639 -0.036390 
442 0.379675 0.000000 0.136128 103.623903 -10.769954 0.709456 -0.085441 
443 0.343039 0.000000 0.102096 103.537690 -12.842136 6.453398 -0.092662 
444 0.330828 0.000000 0.102096 103.290622 -12.785357 6.430672 -0.087377 
445 0.343039 0.000000 0.090752 103.560414 -12.889623 6.463746 -0.093268 
446 0.355251 0.000000 0.102096 104.042587 -12.883623 4.732459 -0.101324 
447 0.343039 0.000000 0.113440 103.608136 -12.820611 6.451251 -0.094063 
448 1.527580 0.000000 -0.363009 99.691271 -7.691263 -0.034883 0.000249 
449 1.527580 0.000000 -0.726018 99.718332 -7.156042 -0.030557 0.000504 
450 1.918356 0.000000 -0.363009 99.780332 -7.311224 0.018555 -0.000957 
451 1.527580 0.000000 0.000000 101.229751 -8.650666 -0.341374 -0.032241 
452 0.941416 0.000000 -0.181504 101.905827 -8.265418 0.109527 -0.045313 
453 0.941416 0.000000 -0.363009 99.658914 -7.561151 0.043218 0.001093 
454 1.136804 0.000000 -0.181504 101.607661 -8.537309 0.415658 -0.039718 
455 0.941416 0.000000 0.000000 101.820673 -6.866092 0.381483 -0.041474 
456 0.648333 0.000000 -0.090752 101.367276 -7.566534 0.023712 -0.033258 
457 0.648333 0.000000 -0.181504 101.453695 -8.718577 0.030067 -0.036887 
458 0.746027 0.000000 -0.090752 101.792762 -6.934422 0.035901 -0.040985 
459 0.648333 0.000000 0.000000 101.476663 -6.671697 0.035705 -0.034203 
460 0.501792 0.000000 -0.136128 99.510524 -9.850785 0.015513 0.000062 
461 0.501792 0.000000 -0.181504 100.347030 -10.290467 0.020633 -0.017542 
462 0.550639 0.000000 -0.136128 101.168479 -7.552924 0.025166 -0.029211 
463 0.501792 0.000000 -0.090752 99.392627 -8.801381 0.016846 0.004364 
464 0.428522 0.000000 -0.113440 97.868694 -12.351011 -0.877193 0.026840 
465 0.428522 0.000000 -0.136128 98.694306 -11.874919 0.005236 0.011842 
466 0.452945 0.000000 -0.113440 98.757521 -10.929992 0.010113 0.012749 
467 0.428522 0.000000 -0.090752 98.739594 -11.169303 0.008344 0.012574 
468 0.379675 0.000000 -0.068064 66.375216 -0.017500 -0.421976 0.559415 
469 0.404098 0.000000 -0.068064 97.881839 -12.264156 0.000706 0.026874 
470 0.379675 0.000000 -0.045376 67.944503 0.008026 -0.168499 0.538352 
471 0.391886 0.000000 -0.102096 102.118892 -12.877250 -2.012011 -0.059814 
472 0.379675 0.000000 -0.102096 103.431982 -12.829887 -2.212673 -0.086768 
473 0.391886 0.000000 -0.113440 101.712101 -12.804244 -1.773985 -0.051245 
474 0.404098 0.000000 -0.102096 100.837026 -12.826617 -1.887699 -0.033619 
475 0.391886 0.000000 -0.090752 101.334986 -12.768465 -1.595803 -0.043436 
476 0.379675 0.000000 0.068064 66.361078 0.006699 0.433119 0.559602 
477 0.379675 0.000000 0.045376 67.931019 0.005158 0.183119 0.538534 
478 0.404098 0.000000 0.068064 97.894380 -12.263158 0.007134 0.026631 
479 1.527580 0.000000 0.363009 99.749202 -7.762017 -0.196154 -0.001019 
480 1.918356 0.000000 0.363009 99.559675 -7.360433 -0.108955 0.003368 
481 1.527580 0.000000 0.726018 99.749269 -7.175696 -0.044021 -0.000141 
482 0.941416 0.000000 0.181504 101.915187 -8.261688 0.143434 -0.045498 
483 1.136804 0.000000 0.181504 101.594107 -8.524379 0.479964 -0.039426 
484 0.941416 0.000000 0.363009 99.826915 -7.589816 0.023767 -0.002302 
485 0.648333 0.000000 0.090752 101.347843 -7.566529 0.027942 -0.032864 
486 0.746027 0.000000 0.090752 101.771177 -6.935001 0.040217 -0.040547 
487 0.648333 0.000000 0.181504 101.412719 -8.719141 0.035356 -0.036056 
488 0.501792 0.000000 0.136128 99.494951 -9.849943 0.019503 0.000373 
489 0.501792 0.000000 0.090752 99.385749 -8.799838 0.020494 0.004504 
490 0.550639 0.000000 0.136128 101.135139 -7.552944 0.024337 -0.028536 
491 0.501792 0.000000 0.181504 100.323723 -10.291045 0.017761 -0.017076 
492 0.428522 0.000000 0.113440 97.902852 -12.340829 0.884605 0.026195 
493 0.428522 0.000000 0.090752 98.743308 -11.167161 0.010547 0.012505 
494 0.452945 0.000000 0.113440 98.753871 -10.928693 0.014591 0.012824 
495 0.428522 0.000000 0.136128 98.702802 -11.873465 0.006867 0.011678 
496 0.391886 0.000000 0.102096 102.188526 -12.839694 2.013812 -0.061141 
497 0.379675 0.000000 0.102096 103.496883 -12.830083 2.214858 -0.088112 
498 0.391886 0.000000 0.090752 101.389507 -12.730298 1.597776 -0.044445 
499 0.404098 0.000000 0.102096 100.903318 -12.784991 1.890251 -0.034851 
500 0.391886 0.000000 0.113440 101.773421 -12.761313 1.775851 -0.052383 
501 1.332192 0.000000 -0.181504 101.105999 -9.614921 -0.156743 -0.031489 
502 1.332192 0.000000 -0.363009 99.745754 -7.601590 -0.013462 -0.000700 
503 1.527580 0.000000 -0.181504 101.335232 -9.878417 -0.210713 -0.036646 
504 1.332192 0.000000 0.000000 100.907218 -7.637165 -0.061114 -0.024060 
505 1.332192 0.000000 0.181504 101.090282 -10.486169 -0.492290 -0.032945 
506 1.527580 0.000000 0.181504 101.390000 -11.097633 -0.787679 -0.040371 
507 1.332192 0.000000 0.363009 99.917736 -7.665641 -0.265339 -0.004239 
508 1.234498 0.000000 -0.090752 98.915048 -11.301111 -0.128898 0.008808 
509 1.136804 0.000000 -0.090752 100.526370 -8.425679 0.512090 -0.017681 
510 1.234498 0.000000 -0.181504 99.952966 -12.853889 0.010577 -0.015582 
511 1.332192 0.000000 -0.090752 99.673945 -8.939444 -0.047915 -0.001481 
512 1.234498 0.000000 0.000000 81.418481 -0.051962 0.523164 0.337075 
513 1.234498 0.000000 0.090752 99.790268 -11.469443 -0.143228 -0.008967 
514 1.136804 0.000000 0.090752 100.841382 -8.444126 0.519268 -0.024056 
515 1.332192 0.000000 0.090752 100.190111 -9.383535 -0.166587 -0.012614 
516 1.234498 0.000000 0.181504 100.463561 -12.899574 0.010697 -0.025933 
517 4.263014 0.000000 -8.712216 99.756466 -6.975592 0.000027 -0.000001 
518 4.263014 0.000000 -11.616288 99.756437 -6.975594 0.000006 -0.000001 
519 7.389224 0.000000 -8.712216 99.756417 -6.975597 0.000038 -0.000000 
520 2.699909 0.000000 -4.356108 99.756814 -6.976527 0.000249 -0.000009 
521 2.699909 0.000000 -5.808144 99.756497 -6.978538 0.000080 -0.000006 
522 4.263014 0.000000 -4.356108 99.756474 -6.976166 0.000285 -0.000002 
523 1.918356 0.000000 -2.178054 99.767731 -6.986314 0.005188 -0.000241 
524 1.918356 0.000000 -2.904072 99.763040 -6.975018 0.004258 -0.000131 
525 2.699909 0.000000 -2.178054 99.754915 -6.990010 0.004388 0.000010 
526 1.527580 0.000000 -1.089027 99.767316 -7.044599 0.002645 -0.000314 
527 1.527580 0.000000 -1.452036 99.769252 -7.003549 0.004384 -0.000295 
528 1.918356 0.000000 -1.089027 99.771494 -7.032893 0.021196 -0.000381 
529 1.332192 0.000000 -0.544513 99.726574 -7.266115 -0.025302 0.000181 
530 1.136804 0.000000 -0.544513 99.711015 -7.238060 -0.008090 0.000532 
531 1.332192 0.000000 -0.726018 99.751025 -7.131471 -0.011497 -0.000112 
532 1.527580 0.000000 -0.544513 99.728365 -7.297757 -0.032731 0.000099 
533 1.234498 0.000000 -0.272257 99.872073 -8.055870 -0.131614 -0.003935 
534 1.136804 0.000000 -0.272257 101.524642 -12.484949 0.032607 -0.046313 
535 1.234498 0.000000 -0.363009 99.757608 -7.602037 -0.070088 -0.000938 
536 1.332192 0.000000 -0.272257 101.045127 -12.870458 -0.007412 -0.037577 
537 10.515434 0.000000 -2.904072 99.756346 -6.975761 0.000029 0.000001 
538 10.515434 0.000000 -5.808144 99.756381 -6.975636 0.000033 0.000001 
539 13.641644 0.000000 -2.904072 99.756378 -6.975665 0.000013 0.000001 
540 10.515434 0.000000 0.000000 99.756325 -6.975745 0.000009 0.000001 
541 5.826119 0.000000 -1.452036 99.755928 -6.976877 0.000111 0.000008 
542 5.826119 0.000000 -2.904072 99.756143 -6.976918 0.000187 0.000003 
543 7.389224 0.000000 -1.452036 99.756193 -6.976053 0.000063 0.000004 
544 5.826119 0.000000 0.000000 99.755743 -6.979630 0.000551 0.000008 
545 3.481461 0.000000 -0.726018 99.742313 -6.989337 0.001973 0.000262 
546 3.481461 0.000000 -1.452036 99.750240 -6.983087 0.003721 0.000113 
547 4.263014 0.000000 -0.726018 99.751481 -6.976424 0.000147 0.000097 
548 3.481461 0.000000 0.000000 99.745733 -6.999661 -0.007506 0.000179 
549 2.309132 0.000000 -0.363009 99.249419 -7.032908 0.211054 0.010005 
550 2.309132 0.000000 -0.726018 99.695795 -7.070996 0.076761 0.001074 
551 2.699909 0.000000 -0.363009 99.681660 -6.847445 0.028986 0.001668 
552 2.309132 0.000000 0.000000 129.998742 -8.168319 1.434181 -0.696845 
553 1.722968 0.000000 -0.181504 101.410029 -10.516657 -0.323842 -0.039470 
554 1.722968 0.000000 -0.363009 99.733049 -7.689860 -0.131948 -0.000583 
555 1.918356 0.000000 -0.181504 101.331915 -11.895600 -0.248365 -0.040972 
556 1.722968 0.000000 0.000000 101.474049 -10.335495 -0.813298 -0.040447 
557 1.429886 0.000000 -0.090752 101.032485 -9.845911 -0.068530 -0.030451 
558 1.429886 0.000000 -0.181504 101.141432 -9.406355 -0.016577 -0.031807 
559 1.527580 0.000000 -0.090752 101.253970 -8.448963 -0.265012 -0.032382 
560 1.429886 0.000000 0.000000 100.906967 -7.636198 -0.060860 -0.024053 
561 1.283345 0.000000 -0.136128 99.075627 -11.137787 -0.184067 0.005994 
562 1.234498 0.000000 -0.136128 99.077641 -12.076715 -0.039789 0.003777 
563 1.283345 0.000000 -0.181504 99.678956 -12.147413 -0.090925 -0.008346 
564 1.332192 0.000000 -0.136128 99.706561 -9.807333 -0.002313 -0.003758 
565 1.283345 0.000000 -0.090752 98.861977 -10.892580 -0.160771 0.010764 
566 10.515434 0.000000 2.904072 99.756329 -6.975818 -0.000014 0.000001 
567 13.641644 0.000000 2.904072 99.756370 -6.975716 -0.000003 0.000001 
568 10.515434 0.000000 5.808144 99.756354 -6.975817 -0.000027 0.000001 
569 5.826119 0.000000 1.452036 99.755900 -6.976411 -0.000241 0.000009 
570 7.389224 0.000000 1.452036 99.756151 -6.976084 -0.000059 0.000004 
571 5.826119 0.000000 2.904072 99.756049 -6.977013 -0.000209 0.000005 
572 3.481461 0.000000 0.726018 99.755754 -6.988982 -0.005569 -0.000006 
573 4.263014 0.000000 0.726018 99.753511 -6.977039 -0.002684 0.000056 
574 3.481461 0.000000 1.452036 99.754831 -6.982017 -0.003827 0.000023 
575 2.309132 0.000000 0.363009 99.145955 -6.970724 0.254561 0.012142 
576 2.699909 0.000000 0.363009 99.868506 -6.865551 0.110317 -0.002087 
577 2.309132 0.000000 0.726018 99.698706 -7.074910 -0.022104 0.001011 
578 1.722968 0.000000 0.181504 101.519699 -12.107559 -1.108158 -0.045407 
579 1.918356 0.000000 0.181504 101.189526 -14.304187 -2.071632 -0.044822 
580 1.722968 0.000000 0.363009 99.688415 -7.749777 -0.055118 0.000216 
581 1.429886 0.000000 0.090752 101.058657 -10.362131 -0.245450 -0.032029 
582 1.527580 0.000000 0.090752 101.266035 -8.857142 -0.429422 -0.033344 
583 1.429886 0.000000 0.181504 101.094290 -10.196962 -0.303121 -0.032413 
584 4.263014 0.000000 8.712216 99.756416 -6.976067 -0.000089 -0.000001 
585 7.389224 0.000000 8.712216 99.756377 -6.975907 -0.000055 0.000000 
586 4.263014 0.000000 11.616288 99.756418 -6.975867 -0.000038 -0.000001 
587 2.699909 0.000000 4.356108 99.756604 -6.976227 -0.000731 -0.000005 
588 4.263014 0.000000 4.356108 99.756193 -6.977017 -0.000427 0.000002 
589 2.699909 0.000000 5.808144 99.756393 -6.977077 -0.000430 -0.000002 
590 1.918356 0.000000 2.178054 99.769405 -6.990665 -0.007845 -0.000280 
591 2.699909 0.000000 2.178054 99.756728 -6.987788 -0.004823 -0.000023 
592 1.918356 0.000000 2.904072 99.762015 -6.980996 -0.005322 -0.000119 
593 1.527580 0.000000 1.089027 99.777922 -7.043064 -0.025018 -0.000524 
594 1.918356 0.000000 1.089027 99.765830 -7.031260 -0.032665 -0.000266 
595 1.527580 0.000000 1.452036 99.777017 -7.003910 -0.015183 -0.000451 
596 1.332192 0.000000 0.544513 99.855044 -7.309316 -0.104854 -0.002447 
597 1.136804 0.000000 0.544513 99.883263 -7.267911 -0.034736 -0.002949 
598 1.527580 0.000000 0.544513 99.795081 -7.317184 -0.107068 -0.001261 
599 1.332192 0.000000 0.726018 99.815761 -7.152312 -0.050595 -0.001434 
600 1.234498 0.000000 0.272257 100.261479 -8.132949 -0.203910 -0.011855 
601 1.136804 0.000000 0.272257 101.742133 -12.492976 0.034033 -0.050754 
602 1.332192 0.000000 0.272257 101.102446 -13.326317 -0.031521 -0.039930 
603 1.234498 0.000000 0.363009 100.021971 -7.640559 -0.146903 -0.006279 
604 1.283345 0.000000 0.136128 99.871366 -11.653592 -0.316246 -0.011020 
605 1.234498 0.000000 0.136128 99.863852 -12.230049 -0.044279 -0.012236 
606 1.283345 0.000000 0.090752 99.708141 -11.341458 -0.279325 -0.007042 
607 1.332192 0.000000 0.136128 100.192457 -10.389246 -0.200713 -0.014651 
608 1.283345 0.000000 0.181504 100.250874 -12.732596 -0.223281 -0.021241 
609 2.113744 0.000000 -0.181504 101.324311 -7.065373 3.829451 -0.033120 
610 2.113744 0.000000 -0.363009 99.635653 -7.100666 0.525252 0.002204 
611 2.309132 0.000000 -0.181504 97.626314 -6.331252 -1.232891 0.042750 
612 2.113744 0.000000 0.000000 90.974753 1.388254 0.144417 0.172165 
613 2.113744 0.000000 0.181504 100.337616 -7.067423 -2.709833 -0.012493 
614 2.309132 0.000000 0.181504 97.737634 -6.013554 2.425954 0.040531 
615 2.113744 0.000000 0.363009 99.284831 -7.141949 -0.244999 0.009145 
616 2.016050 0.000000 -0.090752 99.838486 -11.299815 -1.081171 -0.009658 
617 1.918356 0.000000 -0.090752 101.281409 -11.259435 -0.765608 -0.038528 
618 2.016050 0.000000 -0.181504 100.121688 -10.305362 -0.292322 -0.013064 
619 2.113744 0.000000 -0.090752 78.889135 0.736293 8.421964 0.370503 
620 2.016050 0.000000 0.000000 101.284345 -11.176433 -1.055337 -0.038454 
621 2.016050 0.000000 0.090752 100.883851 -11.443033 -0.384168 -0.030864 
622 1.918356 0.000000 0.090752 101.246880 -12.060663 -1.311171 -0.039811 
623 2.113744 0.000000 0.090752 78.680274 0.182523 -8.245618 0.374139 
624 2.016050 0.000000 0.181504 100.645887 -11.491615 -0.835022 -0.026235 
625 2.309132 0.000000 -1.089027 99.751618 -7.025693 0.030512 0.000025 
626 2.309132 0.000000 -1.452036 99.759923 -7.000999 0.014528 -0.000106 
627 2.699909 0.000000 -1.089027 99.739814 -7.007961 0.019979 0.000286 
628 2.113744 0.000000 -0.544513 99.782713 -7.142878 0.170666 -0.000764 
629 1.918356 0.000000 -0.544513 99.778175 -7.225877 0.003764 -0.000790 
630 2.113744 0.000000 -0.726018 99.743972 -7.107942 0.081439 0.000061 
631 2.309132 0.000000 -0.544513 99.647525 -7.102218 0.139734 0.001991 
632 2.016050 0.000000 -0.272257 100.511514 -6.479035 0.186487 -0.014458 
633 1.918356 0.000000 -0.272257 101.222701 -10.305505 -0.268011 -0.035231 
634 2.016050 0.000000 -0.363009 99.847940 -7.082856 0.206130 -0.001982 
635 2.113744 0.000000 -0.272257 100.339224 -6.874161 1.245588 -0.011677 
636 3.090685 0.000000 -0.363009 99.705960 -6.974315 0.005628 0.001008 
637 3.090685 0.000000 -0.726018 99.729862 -7.002115 0.009279 0.000492 
638 3.481461 0.000000 -0.363009 99.740259 -6.994514 -0.002685 0.000296 
639 3.090685 0.000000 0.000000 99.788718 -7.165661 -0.001159 -0.000913 
640 2.504521 0.000000 -0.181504 99.626497 -5.728600 -0.702890 0.004125 
641 2.504521 0.000000 -0.363009 99.613953 -6.877226 0.060622 0.002976 
642 2.699909 0.000000 -0.181504 99.685388 -6.572407 -0.560441 0.001931 
643 2.504521 0.000000 0.000000 100.580784 -7.966766 0.544703 -0.018026 
644 2.211438 0.000000 -0.090752 93.407544 -12.859851 17.223424 0.081301 
645 2.211438 0.000000 -0.181504 97.053748 -7.359510 3.641510 0.051315 
646 2.309132 0.000000 -0.090752 106.890855 -10.903292 -9.598187 -0.163666 
647 2.211438 0.000000 0.000000 132.910816 -1.457296 0.346280 -0.766753 
648 2.064897 0.000000 -0.136128 99.718110 -9.197053 -0.314751 -0.002839 
649 2.016050 0.000000 -0.136128 99.898694 -12.692089 -1.283408 -0.014249 
650 2.064897 0.000000 -0.181504 102.506969 -6.192561 1.133887 -0.054731 
651 2.113744 0.000000 -0.136128 103.948245 -8.087362 7.046420 -0.092030 
652 2.064897 0.000000 -0.090752 99.652905 -14.173372 -1.846443 -0.013500 
653 3.090685 0.000000 0.363009 99.792983 -7.031108 -0.030267 -0.000808 
654 3.481461 0.000000 0.363009 99.753349 -6.994274 -0.009470 0.000035 
655 3.090685 0.000000 0.726018 99.765112 -7.002063 0.001147 -0.000211 
656 2.504521 0.000000 0.181504 100.301411 -6.721206 -0.666959 -0.010599 
657 2.699909 0.000000 0.181504 99.898909 -7.188326 -0.423831 -0.003164 
658 2.504521 0.000000 0.363009 99.723385 -6.805060 0.310367 0.000884 
659 2.211438 0.000000 0.090752 88.418289 -15.050116 -16.063740 0.169766 
660 2.309132 0.000000 0.090752 104.159897 -11.121315 15.573119 -0.121549 
661 2.211438 0.000000 0.181504 96.531490 -7.299039 -2.408545 0.062259 
662 2.309132 0.000000 1.089027 99.751760 -7.025469 -0.022173 0.000023 
663 2.699909 0.000000 1.089027 99.751048 -7.007688 -0.007533 0.000062 
664 2.309132 0.000000 1.452036 99.761208 -7.004042 -0.014680 -0.000136 
665 2.113744 0.000000 0.544513 99.706525 -7.150763 -0.095179 0.000747 
666 1.918356 0.000000 0.544513 99.713642 -7.248254 -0.022609 0.000465 
667 2.309132 0.000000 0.544513 99.620307 -7.094125 0.012716 0.002547 
668 2.113744 0.000000 0.726018 99.732045 -7.111033 -0.056785 0.000295 
669 2.016050 0.000000 0.272257 99.912059 -6.583604 -0.189121 -0.002580 
670 1.918356 0.000000 0.272257 101.185957 -10.576819 -0.323030 -0.035057 
671 2.113744 0.000000 0.272257 99.744393 -6.976387 -0.751753 0.000182 
672 2.016050 0.000000 0.363009 99.487486 -7.126839 -0.150280 0.005143 
673 2.064897 0.000000 0.136128 100.283892 -9.120924 -0.092909 -0.014006 
674 2.016050 0.000000 0.136128 100.948217 -12.955552 -0.541892 -0.035868 
675 2.064897 0.000000 0.090752 101.096176 -13.807149 -0.091789 -0.041108 
676 2.113744 0.000000 0.136128 103.768459 -7.794559 -5.581192 -0.085980 
677 2.064897 0.000000 0.181504 100.297812 -6.298117 -0.774101 -0.009992 
678 2.211438 0.000000 -0.272257 98.955203 -7.080769 1.101064 0.015652 
679 2.211438 0.000000 -0.363009 99.259415 -7.093225 0.480582 0.009702 
680 2.309132 0.000000 -0.272257 98.859988 -6.827617 0.070256 0.018008 
681 2.162591 0.000000 -0.136128 99.446420 -8.541429 8.892160 -0.004162 
682 2.162591 0.000000 -0.181504 99.157874 -7.536654 4.536854 0.009033 
683 2.211438 0.000000 -0.136128 94.543535 -8.014296 7.428057 0.094212 
684 2.162591 0.000000 -0.090752 100.257441 -11.535298 15.978051 -0.043992 
685 2.064897 0.000000 -0.045376 99.705995 -7.794072 -0.065832 -0.000204 
686 2.016050 0.000000 -0.045376 100.355135 -12.212698 -1.586560 -0.022282 
687 2.113744 0.000000 -0.045376 88.699649 1.806045 4.121008 0.211213 
688 2.064897 0.000000 0.000000 84.308351 0.445595 -0.044020 0.289190 
689 2.089321 0.000000 -0.113440 102.591302 -7.627840 4.771059 -0.060592 
690 2.064897 0.000000 -0.113440 94.347245 -7.319532 3.056486 0.103568 
691 2.089321 0.000000 -0.136128 99.213910 -6.881326 -0.010371 0.010925 
692 2.113744 0.000000 -0.113440 105.697438 -9.888363 11.009004 -0.139093 
693 2.089321 0.000000 -0.090752 100.822195 -7.347537 2.657770 -0.022617 
694 2.064897 0.000000 0.045376 100.335854 -7.826444 -0.031135 -0.012854 
695 2.016050 0.000000 0.045376 101.298713 -12.086673 -0.465195 -0.040773 
696 2.113744 0.000000 0.045376 88.559528 1.362749 -3.652627 0.214201 
697 2.211438 0.000000 0.272257 98.640723 -7.170194 -0.444748 0.021840 
698 2.309132 0.000000 0.272257 98.749766 -6.821080 0.637002 0.020155 
699 2.211438 0.000000 0.363009 99.034375 -7.092584 -0.068291 0.014188 
700 2.162591 0.000000 0.136128 98.471571 -8.412176 -7.437662 0.017727 
701 2.162591 0.000000 0.090752 97.173133 -12.427526 -15.407912 0.016554 
702 2.211438 0.000000 0.136128 93.397759 -7.549077 -4.531208 0.119934 
703 2.162591 0.000000 0.181504 98.549469 -7.543306 -3.505366 0.021881 
704 2.089321 0.000000 0.113440 106.231593 -7.004648 -4.985493 -0.135907 
705 2.064897 0.000000 0.113440 107.640116 -6.996887 -3.997253 -0.165133 
706 2.089321 0.000000 0.090752 103.501644 -7.001138 -2.842100 -0.076968 
707 2.113744 0.000000 0.113440 106.602501 -9.476199 -11.032011 -0.157560 
708 2.089321 0.000000 0.136128 100.127625 -7.024204 -0.012212 -0.007488 
709 2.162591 0.000000 -0.045376 105.299384 -0.239399 7.431115 -0.114324 
710 2.211438 0.000000 -0.045376 133.224512 -1.055211 10.589449 -0.786202 
711 2.162591 0.000000 0.000000 106.802033 -0.506004 0.114244 -0.140694 
712 2.138168 0.000000 -0.113440 102.786220 -10.955140 15.286123 -0.091869 
713 2.138168 0.000000 -0.136128 101.649863 -8.503797 8.489829 -0.047709 
714 2.162591 0.000000 -0.113440 99.879447 -9.794804 12.537609 -0.022903 
715 2.138168 0.000000 -0.090752 103.059648 -10.899056 15.301933 -0.097423 
716 2.089321 0.000000 -0.068064 99.128876 -6.652435 -0.000203 0.012921 
717 2.064897 0.000000 -0.068064 99.671578 -13.916923 -1.972252 -0.013199 
718 2.113744 0.000000 -0.068064 85.082976 0.610966 6.196112 0.272212 
719 2.089321 0.000000 -0.045376 84.283067 1.555162 2.403871 0.288817 
720 2.101533 0.000000 -0.102096 105.352681 -8.882710 7.034913 -0.122758 
721 2.089321 0.000000 -0.102096 102.598758 -7.443544 5.668335 -0.061404 
722 2.101533 0.000000 -0.113440 105.227263 -8.721168 6.273888 -0.118820 
723 2.113744 0.000000 -0.102096 105.671263 -9.935915 11.581279 -0.139926 
724 2.101533 0.000000 -0.090752 79.252900 0.937091 4.959030 0.369351 
725 2.162591 0.000000 0.045376 105.498851 -0.438377 -7.236469 -0.118257 
726 2.211438 0.000000 0.045376 133.790745 -1.211882 -10.000671 -0.800145 
727 2.089321 0.000000 0.068064 100.170340 -6.874147 -0.005283 -0.008135 
728 2.064897 0.000000 0.068064 101.181856 -12.937639 0.289460 -0.040523 
729 2.089321 0.000000 0.045376 84.098473 0.888368 -1.929390 0.292294 
730 2.113744 0.000000 0.068064 84.983089 0.136318 -6.044598 0.274132 
731 2.138168 0.000000 0.113440 101.279904 -11.159499 -15.025444 -0.060792 
732 2.138168 0.000000 0.090752 101.619605 -11.119024 -14.992490 -0.067495 
733 2.162591 0.000000 0.113440 98.102065 -9.933300 -11.224014 0.015134 
734 2.138168 0.000000 0.136128 101.136215 -8.373207 -7.350648 -0.035268 
735 2.101533 0.000000 0.102096 108.236264 -8.165735 -7.185657 -0.183340 
736 2.089321 0.000000 0.102096 107.528704 -6.672241 -5.939919 -0.164222 
737 2.101533 0.000000 0.090752 79.125766 0.173196 -4.747266 0.371655 
738 2.113744 0.000000 0.102096 106.444341 -9.545053 -11.599006 -0.155604 
739 2.101533 0.000000 0.113440 108.327500 -7.984162 -6.436231 -0.184002 
740 2.138168 0.000000 -0.068064 93.108088 0.311885 8.776068 0.125377 
741 2.162591 0.000000 -0.068064 102.749476 -0.049578 11.300966 -0.068517 
742 2.138168 0.000000 -0.045376 95.682863 0.153536 5.615203 0.081324 
743 2.125956 0.000000 -0.102096 103.809652 -10.566833 15.433804 -0.112630 
744 2.125956 0.000000 -0.113440 103.844741 -10.550759 15.438843 -0.113341 
745 2.138168 0.000000 -0.102096 103.008179 -10.916742 15.307310 -0.096417 
746 2.125956 0.000000 -0.090752 103.512979 -10.677500 15.390977 -0.106583 
747 2.138168 0.000000 0.068064 93.188450 -0.011441 -8.740408 0.123952 
748 2.138168 0.000000 0.045376 95.794399 -0.096379 -5.528596 0.079286 
749 2.162591 0.000000 0.068064 103.109397 -0.269863 -11.241473 -0.075799 
750 2.125956 0.000000 0.102096 103.029065 -10.597888 -15.287831 -0.096102 
751 2.125956 0.000000 0.090752 102.521546 -10.762110 -15.211873 -0.085789 
752 2.138168 0.000000 0.102096 101.545644 -11.129819 -15.025425 -0.066115 
753 2.125956 0.000000 0.113440 103.088351 -10.580704 -15.296977 -0.097316 
754 2.406827 0.000000 -0.090752 102.481472 -10.187396 -1.692979 -0.060910 
755 2.406827 0.000000 -0.181504 99.741542 -5.622007 -0.698799 0.001953 
756 2.504521 0.000000 -0.090752 100.661351 -8.409642 -0.423258 -0.020361 
757 2.406827 0.000000 0.000000 103.772373 -8.405078 0.944670 -0.084024 
758 2.260285 0.000000 -0.136128 92.052999 -6.832044 1.477669 0.147739 
759 2.260285 0.000000 -0.181504 96.365026 -6.857128 1.028957 0.066570 
760 2.309132 0.000000 -0.136128 97.534364 -5.191518 -2.907972 0.045164 
761 2.260285 0.000000 -0.090752 77.860287 -13.520961 13.004775 0.358584 
762 2.187015 0.000000 -0.113440 96.622664 -9.642902 12.848135 0.040600 
763 2.187015 0.000000 -0.136128 97.067400 -8.365010 8.689658 0.043244 
764 2.211438 0.000000 -0.113440 92.727254 -9.275187 11.642826 0.118007 
765 2.187015 0.000000 -0.090752 95.490219 -12.316077 17.582092 0.042080 
766 2.150380 0.000000 -0.102096 102.669191 -11.158623 15.270122 -0.089865 
767 2.150380 0.000000 -0.113440 100.953150 -9.877490 12.293587 -0.044024 
768 2.162591 0.000000 -0.102096 101.097174 -11.450590 15.682930 -0.059771 
769 2.150380 0.000000 -0.090752 102.669762 -11.157630 15.270200 -0.089875 
770 2.406827 0.000000 0.090752 101.338640 -8.673716 1.779847 -0.034792 
771 2.504521 0.000000 0.090752 100.274875 -7.749664 0.203896 -0.011515 
772 2.406827 0.000000 0.181504 100.504080 -5.738506 0.251100 -0.013406 
773 2.260285 0.000000 0.136128 91.564364 -4.918655 3.098940 0.158217 
774 2.260285 0.000000 0.090752 72.056013 -15.165205 -11.932545 0.443556 
775 2.309132 0.000000 0.136128 100.058782 0.247004 4.224766 -0.002967 
776 2.260285 0.000000 0.181504 96.084201 -6.651645 0.385077 0.072343 
777 2.187015 0.000000 0.113440 94.349822 -9.993063 -10.060808 0.089703 
778 2.187015 0.000000 0.090752 90.966670 -14.172425 -16.537522 0.125072 
779 2.211438 0.000000 0.113440 90.040756 -9.646226 -6.815340 0.175316 
780 2.187015 0.000000 0.136128 95.913113 -8.173702 -6.592491 0.069040 
781 2.150380 0.000000 0.102096 100.719775 -11.495896 -14.935001 -0.049968 
782 2.150380 0.000000 0.090752 100.722509 -11.494254 -14.935442 -0.050021 
783 2.162591 0.000000 0.102096 98.275934 -12.186496 -15.175793 -0.003697 
784 2.150380 0.000000 0.113440 99.692925 -9.864647 -11.416519 -0.016633 
785 2.260285 0.000000 -0.045376 163.322246 -4.400145 3.186521 -1.670367 
786 2.309132 0.000000 -0.045376 126.598950 -8.504406 -8.991492 -0.618047 
787 2.260285 0.000000 0.000000 151.741772 -4.677373 0.957609 -1.304836 
788 2.187015 0.000000 -0.068064 115.850265 -0.329359 14.575854 -0.363385 
789 2.211438 0.000000 -0.068064 133.617797 -0.763789 17.504863 -0.816072 
790 2.187015 0.000000 -0.045376 117.574797 -0.585733 9.393485 -0.391241 
791 2.174803 0.000000 -0.102096 97.776871 -11.794523 17.359415 -0.000078 
792 2.174803 0.000000 -0.113440 98.394672 -9.746166 12.827299 0.005896 
793 2.187015 0.000000 -0.102096 95.589306 -12.216603 17.589323 0.040405 
794 2.174803 0.000000 -0.090752 96.940551 -11.944351 17.504121 0.015347 
795 2.260285 0.000000 0.045376 165.121060 -4.663051 -1.085934 -1.728789 
796 2.309132 0.000000 0.045376 126.360569 -8.911383 12.559687 -0.620415 
797 2.187015 0.000000 0.068064 116.204042 -0.469826 -14.397129 -0.371088 
798 2.187015 0.000000 0.045376 117.937007 -0.762926 -9.033965 -0.399133 
799 2.211438 0.000000 0.068064 134.400345 -0.813126 -17.332378 -0.836453 
800 2.174803 0.000000 0.102096 93.965214 -13.119419 -16.590742 0.072317 
801 2.174803 0.000000 0.090752 92.877983 -13.456494 -16.607265 0.091680 
802 2.187015 0.000000 0.102096 91.163419 -13.996744 -16.667377 0.121552 
803 2.174803 0.000000 0.113440 96.292810 -10.021257 -10.812187 0.051037 
804 2.235862 0.000000 -0.068064 150.896472 -1.710948 17.154534 -1.306695 
805 2.235862 0.000000 -0.090752 81.811667 -13.255799 13.659032 0.294457 
806 2.260285 0.000000 -0.068064 77.860287 -13.520961 13.004775 0.358584 
807 2.235862 0.000000 -0.045376 149.324202 -2.207367 10.166457 -1.240595 
808 2.235862 0.000000 -0.113440 89.344389 -8.625686 8.401363 0.187259 
809 2.235862 0.000000 -0.136128 92.545173 -7.482978 5.119985 0.135318 
810 2.260285 0.000000 -0.113440 86.796964 -7.630762 2.665377 0.240095 
811 2.223650 0.000000 -0.079408 85.968131 -13.079377 14.646729 0.222388 
812 2.211438 0.000000 -0.079408 92.817124 -12.889439 17.097454 0.092652 
813 2.223650 0.000000 -0.090752 87.406218 -13.039289 15.087862 0.196249 
814 2.235862 0.000000 -0.079408 81.774873 -13.276350 13.708823 0.294868 
815 2.223650 0.000000 -0.068064 142.719907 -1.159602 16.621480 -1.064659 
816 2.235862 0.000000 0.068064 152.344530 -1.839774 -16.537722 -1.348574 
817 2.235862 0.000000 0.045376 150.380594 -2.381635 -9.103230 -1.270286 
818 2.260285 0.000000 0.068064 72.056013 -15.165205 -11.932545 0.443556 
819 2.235862 0.000000 0.090752 75.771448 -15.406746 -12.526817 0.386440 
820 2.235862 0.000000 0.113440 86.272783 -9.120214 -0.468159 0.247361 
821 2.260285 0.000000 0.113440 82.620880 -9.773835 10.324498 0.297167 
822 2.235862 0.000000 0.136128 91.554174 -6.547082 -1.328946 0.157320 
823 2.223650 0.000000 0.079408 80.182645 -15.441084 -13.528192 0.314930 
824 2.211438 0.000000 0.079408 87.742015 -15.145018 -16.025282 0.181516 
825 2.223650 0.000000 0.068064 143.899956 -1.239557 -16.156891 -1.096978 
826 2.235862 0.000000 0.079408 75.812149 -15.268012 -12.435530 0.386476 
827 2.223650 0.000000 0.090752 81.768457 -15.401240 -13.981687 0.288123 
828 2.357979 0.000000 -0.045376 108.950809 -8.755115 -2.070433 -0.195122 
829 2.357979 0.000000 -0.090752 105.018003 -11.641247 -2.693371 -0.117155 
830 2.406827 0.000000 -0.045376 103.467303 -8.359686 -0.283421 -0.077545 
831 2.357979 0.000000 0.000000 110.692754 -8.717087 1.235058 -0.233040 
832 2.284709 0.000000 -0.068064 147.726265 -8.559679 -37.150093 -1.327645 
833 2.284709 0.000000 -0.090752 92.816128 -10.237449 -23.406070 0.073252 
834 2.309132 0.000000 -0.068064 118.144773 -9.434776 -13.328827 -0.422486 
835 2.284709 0.000000 -0.045376 150.595844 -7.180349 -11.479998 -1.286246 
836 2.248074 0.000000 -0.079408 80.091472 -13.398982 13.402714 0.322619 
837 2.248074 0.000000 -0.090752 80.275813 -13.395487 13.498285 0.319415 
838 2.260285 0.000000 -0.079408 77.925879 -13.481970 13.032555 0.357595 
839 2.248074 0.000000 -0.068064 80.320383 -13.399464 13.414871 0.318913 
840 2.357979 0.000000 0.045376 108.334991 -9.016263 4.629261 -0.183919 
841 2.406827 0.000000 0.045376 102.978204 -8.534870 2.104981 -0.068179 
842 2.357979 0.000000 0.090752 103.073554 -9.649839 4.770692 -0.074004 
843 2.284709 0.000000 0.068064 148.659629 -8.989373 43.752136 -1.409474 
844 2.284709 0.000000 0.045376 151.635966 -7.580013 15.116961 -1.327945 
845 2.309132 0.000000 0.068064 117.033651 -9.618857 17.671982 -0.410170 
846 2.284709 0.000000 0.090752 88.424443 -12.108669 31.546865 0.103929 
847 2.248074 0.000000 0.079408 74.169660 -15.253705 -12.230654 0.411660 
848 2.248074 0.000000 0.068064 74.335712 -15.359963 -12.298846 0.408701 
849 2.260285 0.000000 0.079408 72.125470 -15.124761 -11.918467 0.442711 
850 2.248074 0.000000 0.090752 74.425406 -15.090462 -12.172997 0.408496 
851 1.625274 0.000000 -0.090752 101.578780 -10.707267 -0.413432 -0.043307 
852 1.625274 0.000000 -0.181504 101.562631 -9.378116 -0.243446 -0.040298 
853 1.722968 0.000000 -0.090752 101.532343 -10.290296 -0.429389 -0.041489 
854 1.625274 0.000000 0.000000 101.595040 -9.799282 -0.658949 -0.041801 
855 2.895297 0.000000 -0.181504 99.730809 -6.956764 -0.234655 0.000531 
856 2.895297 0.000000 -0.363009 99.698037 -6.876300 0.020138 0.001302 
857 3.090685 0.000000 -0.181504 99.740914 -7.052577 -0.063353 0.000201 
858 2.895297 0.000000 0.000000 99.852131 -7.499072 0.066885 -0.002669 
859 5.044566 0.000000 -0.726018 99.754068 -6.977800 -0.000006 0.000044 
860 5.044566 0.000000 -1.452036 99.757212 -6.976432 0.006119 -0.000017 
861 5.826119 0.000000 -0.726018 99.755863 -6.977194 0.000048 0.000009 
862 5.044566 0.000000 0.000000 99.753961 -6.977618 -0.001208 0.000046 
863 3.872238 0.000000 -0.363009 99.748499 -6.984176 -0.001480 0.000146 
864 3.872238 0.000000 -0.726018 99.748883 -6.984218 0.000377 0.000138 
865 4.263014 0.000000 -0.363009 99.751202 -6.978476 -0.001249 0.000100 
866 3.872238 0.000000 0.000000 99.749739 -6.984700 -0.003215 0.000120 
867 3.286073 0.000000 -0.181504 99.734169 -7.012877 -0.018109 0.000391 
868 3.286073 0.000000 -0.363009 99.727698 -7.000475 -0.001357 0.000538 
869 3.481461 0.000000 -0.181504 99.742425 -6.997796 -0.005922 0.000248 
870 3.286073 0.000000 0.000000 99.747169 -7.026441 -0.015053 0.000113 
871 2.895297 0.000000 0.181504 99.787845 -7.181390 -0.161608 -0.000921 
872 3.090685 0.000000 0.181504 99.741847 -7.118000 -0.061089 0.000089 
873 2.895297 0.000000 0.363009 99.852517 -6.962451 -0.020575 -0.001900 
874 2.992991 0.000000 -0.090752 99.798694 -6.949450 -2.353889 -0.001361 
875 2.895297 0.000000 -0.090752 99.877577 -7.272065 0.315742 -0.002851 
876 2.992991 0.000000 -0.181504 99.737612 -7.036884 -0.119894 0.000288 
877 3.090685 0.000000 -0.090752 99.229820 -11.820630 3.198856 0.000348 
878 2.992991 0.000000 0.000000 99.818579 -7.295373 0.017550 -0.001697 
879 3.481461 0.000000 -2.178054 99.754304 -6.978155 0.002950 0.000038 
880 3.481461 0.000000 -2.904072 99.755554 -6.979033 0.001503 0.000012 
881 4.263014 0.000000 -2.178054 99.754569 -6.978296 0.001093 0.000033 
882 3.090685 0.000000 -1.089027 99.743282 -6.992251 0.009690 0.000239 
883 3.090685 0.000000 -1.452036 99.748705 -6.987503 0.007414 0.000137 
884 3.481461 0.000000 -1.089027 99.749618 -6.985502 0.008946 0.000122 
885 2.895297 0.000000 -0.544513 99.711904 -6.999257 0.020298 0.000855 
886 2.699909 0.000000 -0.544513 99.679360 -6.988290 0.012849 0.001519 
887 2.895297 0.000000 -0.726018 99.723295 -7.011124 0.017617 0.000611 
888 3.090685 0.000000 -0.544513 99.721767 -6.999299 0.010661 0.000658 
889 2.992991 0.000000 -0.272257 99.696673 -6.886364 -0.054716 0.001315 
890 2.895297 0.000000 -0.272257 99.687913 -6.769639 -0.062141 0.001649 
891 2.992991 0.000000 -0.363009 99.700865 -6.940796 0.015647 0.001156 
892 3.090685 0.000000 -0.272257 99.704796 -6.966236 -0.035734 0.001042 
893 5.044566 0.000000 0.726018 99.754442 -6.977612 -0.001151 0.000036 
894 5.826119 0.000000 0.726018 99.755838 -6.976827 -0.000137 0.000010 
895 5.044566 0.000000 1.452036 99.757538 -6.976713 -0.006836 -0.000024 
896 3.872238 0.000000 0.363009 99.751838 -6.984037 -0.003930 0.000079 
897 4.263014 0.000000 0.363009 99.752541 -6.979600 -0.002666 0.000072 
898 3.872238 0.000000 0.726018 99.753523 -6.983993 -0.003616 0.000046 
899 3.286073 0.000000 0.181504 99.752895 -7.026173 -0.020308 -0.000001 
900 3.481461 0.000000 0.181504 99.748977 -6.998616 -0.008824 0.000116 
901 3.286073 0.000000 0.363009 99.766113 -7.011203 -0.020036 -0.000243 
902 3.188379 0.000000 -0.090752 99.720187 -7.013568 -0.023409 0.000669 
903 3.188379 0.000000 -0.181504 99.738516 -7.015628 -0.043057 0.000301 
904 3.286073 0.000000 -0.090752 99.742517 -7.023130 -0.017109 0.000211 
905 3.188379 0.000000 0.000000 99.762324 -7.062708 -0.017204 -0.000240 
906 3.041838 0.000000 -0.136128 99.752925 -7.117852 -0.025478 -0.000131 
907 2.992991 0.000000 -0.136128 99.752903 -7.171041 0.005640 -0.000207 
908 3.041838 0.000000 -0.181504 99.739714 -7.059930 -0.085711 0.000214 
909 3.090685 0.000000 -0.136128 99.747779 -7.089202 -0.031470 0.000012 
910 3.041838 0.000000 -0.090752 99.158798 -12.826103 -3.444403 -0.000884 
911 3.286073 0.000000 -0.544513 99.733630 -6.996749 0.004393 0.000425 
912 3.286073 0.000000 -0.726018 99.738097 -6.994017 0.005344 0.000340 
913 3.481461 0.000000 -0.544513 99.740573 -6.991408 -0.000146 0.000294 
914 3.188379 0.000000 -0.272257 99.716252 -6.995008 -0.019770 0.000774 
915 3.188379 0.000000 -0.363009 99.715773 -6.993095 -0.001944 0.000786 
916 3.286073 0.000000 -0.272257 99.726907 -7.004168 -0.012218 0.000549 
917 3.139532 0.000000 -0.136128 99.740102 -7.041348 -0.036116 0.000233 
918 3.139532 0.000000 -0.181504 99.741199 -7.036355 -0.046453 0.000218 
919 3.188379 0.000000 -0.136128 99.743099 -7.030022 -0.037457 0.000189 
920 3.139532 0.000000 -0.090752 99.706342 -7.440660 0.650153 0.000286 
921 2.992991 0.000000 0.090752 99.104106 -12.633287 2.561833 0.001221 
922 2.895297 0.000000 0.090752 99.712325 -6.138973 -0.130766 0.001975 
923 3.090685 0.000000 0.090752 99.676703 -6.731237 0.019712 0.001925 
924 2.992991 0.000000 0.181504 99.760251 -7.145303 -0.110035 -0.000318 
925 3.041838 0.000000 -0.045376 99.744574 -7.735529 -0.900964 -0.000963 
926 2.992991 0.000000 -0.045376 99.762252 -7.721858 -1.250528 -0.001370 
927 3.090685 0.000000 -0.045376 99.747593 -7.621501 -0.526327 -0.000795 
928 3.041838 0.000000 0.000000 99.800977 -7.221353 0.005194 -0.001238 
929 3.066261 0.000000 -0.113440 99.728681 -7.202895 0.111671 0.000230 
930 3.041838 0.000000 -0.113440 99.728868 -7.228427 0.134490 0.000188 
931 3.066261 0.000000 -0.136128 99.749484 -7.110509 -0.027477 -0.000052 
932 3.090685 0.000000 -0.113440 99.729788 -7.179686 0.093845 0.000241 
933 3.066261 0.000000 -0.090752 99.003325 -14.140168 0.960252 -0.000252 
934 3.188379 0.000000 0.090752 99.691416 -7.132884 -0.035357 0.001074 
935 3.286073 0.000000 0.090752 99.748380 -7.027447 -0.015813 0.000088 
936 3.188379 0.000000 0.181504 99.751407 -7.065807 -0.032234 -0.000027 
937 3.139532 0.000000 -0.045376 99.760873 -7.201464 -0.104920 -0.000410 
938 3.188379 0.000000 -0.045376 99.775230 -6.948775 0.014426 -0.000338 
939 3.139532 0.000000 0.000000 99.778634 -7.105274 -0.010996 -0.000626 
940 3.115108 0.000000 -0.113440 99.732370 -7.165625 0.064588 0.000210 
941 3.115108 0.000000 -0.136128 99.746533 -7.069095 -0.033275 0.000066 
942 3.139532 0.000000 -0.113440 99.733751 -7.087851 -0.001625 0.000294 
943 3.115108 0.000000 -0.090752 99.429892 -9.709329 3.490497 0.000724 
944 3.066261 0.000000 -0.068064 99.660830 -6.570794 0.378476 0.002440 
945 3.041838 0.000000 -0.068064 99.682536 -6.475895 0.361143 0.002132 
946 3.090685 0.000000 -0.068064 99.642405 -6.666981 0.366446 0.002681 
947 3.066261 0.000000 -0.045376 99.743741 -7.703897 -0.710221 -0.000867 
948 3.078473 0.000000 -0.102096 99.924605 -4.771170 0.365386 -0.000782 
949 3.066261 0.000000 -0.102096 99.941384 -4.706338 0.081424 -0.001044 
950 3.078473 0.000000 -0.113440 99.729194 -7.189194 0.103022 0.000239 
951 3.090685 0.000000 -0.102096 99.901349 -4.903048 0.608533 -0.000469 
952 3.078473 0.000000 -0.090752 99.114071 -12.994244 2.432581 0.000163 
953 2.797603 0.000000 0.090752 99.799479 -6.413477 -0.117144 -0.000108 
954 2.699909 0.000000 0.090752 99.847160 -6.788936 0.067984 -0.001555 
955 2.797603 0.000000 0.000000 99.802326 -7.713147 0.128001 -0.002001 
956 2.797603 0.000000 0.181504 99.837914 -7.215374 -0.293614 -0.001976 
957 2.944144 0.000000 0.045376 99.809652 -7.481728 0.097551 -0.001795 
958 2.895297 0.000000 0.045376 99.814679 -7.660672 0.171556 -0.002169 
959 2.944144 0.000000 0.000000 99.836595 -7.373778 0.036789 -0.002172 
960 2.992991 0.000000 0.045376 99.800347 -7.345045 0.048057 -0.001406 
961 2.944144 0.000000 0.090752 99.312936 -10.411790 -3.749376 0.001448 
962 3.041838 0.000000 0.045376 99.786466 -7.270256 0.020601 -0.001020 
963 3.090685 0.000000 0.045376 99.779387 -7.200135 0.001683 -0.000777 
964 3.041838 0.000000 0.090752 99.539461 -8.426805 3.036504 0.001166 
965 3.481461 0.000000 2.178054 99.756204 -6.985137 -0.003971 -0.000009 
966 4.263014 0.000000 2.178054 99.755323 -6.978767 -0.002047 0.000017 
967 3.481461 0.000000 2.904072 99.756749 -6.975569 -0.002595 -0.000007 
968 3.090685 0.000000 1.089027 99.755250 -6.992504 -0.003717 -0.000001 
969 3.481461 0.000000 1.089027 99.757651 -6.985739 -0.009101 -0.000039 
970 3.090685 0.000000 1.452036 99.754299 -6.987399 -0.005352 0.000026 
971 2.895297 0.000000 0.544513 99.788614 -7.003577 0.035738 -0.000682 
972 2.699909 0.000000 0.544513 99.757601 -6.990776 0.093783 -0.000046 
973 3.090685 0.000000 0.544513 99.781678 -7.003674 0.000938 -0.000543 
974 2.895297 0.000000 0.726018 99.762821 -7.010982 0.013921 -0.000177 
975 2.992991 0.000000 0.272257 99.808665 -7.053435 -0.099664 -0.001153 
976 2.895297 0.000000 0.272257 99.858198 -7.007435 -0.139907 -0.002078 
977 3.090685 0.000000 0.272257 99.770428 -7.073226 -0.058426 -0.000417 
978 2.992991 0.000000 0.363009 99.820945 -7.015565 -0.035144 -0.001344 
979 2.944144 0.000000 0.136128 99.737040 -7.121145 -0.199206 0.000177 
980 2.895297 0.000000 0.136128 99.746256 -7.150323 -0.219391 -0.000049 
981 2.992991 0.000000 0.136128 99.731258 -7.106510 -0.151876 0.000315 
982 2.944144 0.000000 0.181504 99.775201 -7.154739 -0.147289 -0.000630 
983 2.968567 0.000000 0.068064 99.754184 -7.418826 0.524694 -0.000621 
984 2.944144 0.000000 0.068064 99.748943 -7.438207 0.632523 -0.000558 
985 2.968567 0.000000 0.045376 99.804094 -7.394267 0.065695 -0.001554 
986 2.992991 0.000000 0.068064 99.758181 -7.390489 0.432625 -0.000650 
987 2.968567 0.000000 0.090752 99.015092 -13.402052 -1.721317 0.001343 
988 3.041838 0.000000 0.136128 99.724515 -7.109052 -0.119325 0.000447 
989 3.090685 0.000000 0.136128 99.719811 -7.093082 -0.089702 0.000564 
990 3.041838 0.000000 0.181504 99.746995 -7.139834 -0.080744 -0.000045 
991 3.017414 0.000000 0.068064 99.761633 -7.350610 0.351049 -0.000654 
992 3.017414 0.000000 0.045376 99.797267 -7.291372 0.032470 -0.001266 
993 3.041838 0.000000 0.068064 99.754455 -7.368296 0.313666 -0.000534 
994 3.017414 0.000000 0.090752 99.371810 -9.927220 3.519180 0.001431 
995 2.968567 0.000000 0.113440 99.719541 -6.989733 -0.210781 0.000711 
996 2.944144 0.000000 0.113440 99.717508 -6.982300 -0.242362 0.000761 
997 2.992991 0.000000 0.113440 99.711501 -6.991348 -0.192606 0.000870 
998 2.968567 0.000000 0.136128 99.734373 -7.114581 -0.171387 0.000241 
999 2.980779 0.000000 0.079408 99.737287 -6.611455 0.682680 0.000830 
1000 2.968567 0.000000 0.079408 99.730921 -6.617148 0.622081 0.000957 
1001 2.980779 0.000000 0.068064 99.755800 -7.408053 0.477447 -0.000633 
1002 2.992991 0.000000 0.079408 99.738898 -6.648187 0.751518 0.000739 
1003 2.980779 0.000000 0.090752 98.991953 -13.703659 0.646153 0.001239 
1004 -8.241827 0.000000 -8.712216 99.756378 -6.975654 -0.000027 0.000001 
1005 -11.368037 0.000000 -8.712216 99.756386 -6.975651 -0.000013 0.000000 
1006 -8.241827 0.000000 -11.616288 99.756393 -6.975640 -0.000020 0.000000 
1007 10.515434 0.000000 -8.712216 99.756400 -6.975617 0.000024 0.000000 
1008 10.515434 0.000000 -11.616288 99.756407 -6.975614 0.000015 0.000000 
1009 13.641644 0.000000 -8.712216 99.756397 -6.975630 0.000014 0.000000 
1010 -8.241827 0.000000 8.712216 99.756397 -6.975744 0.000025 0.000000 
1011 -11.368037 0.000000 8.712216 99.756396 -6.975703 0.000013 0.000000 
1012 -8.241827 0.000000 11.616288 99.756406 -6.975726 0.000015 -0.000000 
1013 -3.552511 0.000000 -4.356108 99.756189 -6.975840 -0.000217 0.000004 
1014 -5.115617 0.000000 -4.356108 99.756247 -6.975979 -0.000075 0.000003 
1015 -3.552511 0.000000 -5.808144 99.756310 -6.975785 -0.000137 0.000002 
1016 10.515434 0.000000 8.712216 99.756378 -6.975786 -0.000026 0.000000 
1017 13.641644 0.000000 8.712216 99.756386 -6.975722 -0.000012 0.000000 
1018 10.515434 0.000000 11.616288 99.756392 -6.975753 -0.000020 0.000000 
1019 5.826119 0.000000 -4.356108 99.756202 -6.978178 0.000010 0.000001 
1020 5.826119 0.000000 -5.808144 99.756382 -6.976047 0.000109 -0.000000 
1021 7.389224 0.000000 -4.356108 99.756327 -6.975418 0.000140 0.000002 
1022 -3.552511 0.000000 4.356108 99.756330 -6.976214 0.000190 0.000001 
1023 -5.115617 0.000000 4.356108 99.756321 -6.976121 0.000122 0.000001 
1024 -3.552511 0.000000 5.808144 99.756400 -6.976071 0.000149 -0.000000 
1025 -1.207854 0.000000 -2.178054 99.760701 -6.971495 -0.008407 -0.000080 
1026 -1.989406 0.000000 -2.178054 99.755152 -6.977142 -0.000643 0.000023 
1027 -1.207854 0.000000 -2.904072 99.756216 -6.980091 -0.002238 -0.000002 
1028 5.826119 0.000000 4.356108 99.756163 -6.977855 -0.000098 0.000002 
1029 7.389224 0.000000 4.356108 99.756308 -6.975212 -0.000172 0.000003 
1030 5.826119 0.000000 5.808144 99.756347 -6.975858 -0.000160 0.000001 
1031 -1.207854 0.000000 2.178054 99.764355 -6.975288 0.011249 -0.000158 
1032 -1.989406 0.000000 2.178054 99.755725 -6.977385 0.000768 0.000011 
1033 -1.207854 0.000000 2.904072 99.756391 -6.978011 0.001436 -0.000003 
1034 -0.817078 0.000000 -1.089027 99.744621 -6.990241 -0.003307 0.000215 
1035 -1.207854 0.000000 -1.089027 99.750040 -6.981491 -0.000569 0.000119 
1036 -0.817078 0.000000 -1.452036 99.746248 -6.984892 -0.001685 0.000190 
1037 -0.230913 0.000000 -0.544513 99.717522 -7.020026 0.013751 0.000713 
1038 -0.426301 0.000000 -0.544513 99.724638 -6.982522 0.046279 0.000624 
1039 -0.230913 0.000000 -0.726018 99.629010 -7.020278 0.020251 0.002478 
1040 0.941416 0.000000 -0.544513 99.707627 -7.223898 0.014700 0.000620 
1041 0.941416 0.000000 -0.726018 99.719416 -7.102097 0.021415 0.000560 
1042 -0.817078 0.000000 1.089027 99.746898 -6.988232 0.005350 0.000172 
1043 -1.207854 0.000000 1.089027 99.751508 -6.981460 0.002543 0.000090 
1044 -0.817078 0.000000 1.452036 99.751401 -6.981756 0.007186 0.000091 
1045 -0.230913 0.000000 0.544513 99.696496 -7.023645 -0.021440 0.001128 
1046 -0.426301 0.000000 0.544513 99.723991 -6.986117 -0.044540 0.000632 
1047 -0.230913 0.000000 0.726018 99.655386 -7.026126 -0.004502 0.001944 
1048 -0.133219 0.000000 -0.272257 99.754587 -7.072315 0.590144 -0.000134 
1049 -0.230913 0.000000 -0.272257 99.738092 -7.065668 0.565455 0.000207 
1050 -0.133219 0.000000 -0.363009 99.275468 -7.113258 0.397032 0.009363 
1051 0.941416 0.000000 0.544513 99.838326 -7.241128 0.004374 -0.002013 
1052 0.941416 0.000000 0.726018 99.790063 -7.121812 -0.024683 -0.000878 
1053 -0.133219 0.000000 0.272257 99.732901 -7.074800 -0.604539 0.000293 
1054 -0.230913 0.000000 0.272257 99.751736 -7.081250 -0.552395 -0.000086 
1055 -0.133219 0.000000 0.363009 99.299549 -7.108586 -0.380424 0.008892 
1056 0.037745 0.000000 -0.113440 89.088571 -8.748741 -1.812853 0.198340 
1057 0.013322 0.000000 -0.113440 88.224621 -8.333318 4.556375 0.212621 
1058 0.037745 0.000000 -0.136128 92.767745 -8.239329 -0.727409 0.132573 
1059 0.648333 0.000000 -0.272257 101.175135 -11.267105 0.018232 -0.036336 
1060 0.648333 0.000000 -0.363009 99.821046 -7.519583 0.182948 -0.002082 
1061 0.746027 0.000000 -0.272257 102.192294 -10.053714 0.035947 -0.054434 
1062 0.648333 0.000000 0.272257 101.165363 -11.266954 0.004767 -0.036137 
1063 0.746027 0.000000 0.272257 102.148704 -10.056034 0.054624 -0.053548 
1064 0.648333 0.000000 0.363009 99.878680 -7.524531 -0.137095 -0.003239 
1065 0.037745 0.000000 0.113440 89.063456 -8.759065 1.815907 0.198768 
1066 0.013322 0.000000 0.113440 88.198030 -8.333864 -4.555492 0.213090 
1067 0.037745 0.000000 0.136128 92.761930 -8.242020 0.737719 0.132675 
1068 0.098804 0.000000 -0.079408 93.290588 -12.725391 -15.644880 0.089017 
1069 0.098804 0.000000 -0.090752 93.461024 -12.668514 -15.637825 0.086000 
1070 0.098804 0.000000 -0.068064 93.274488 -12.713853 -15.634980 0.089378 
1071 0.098804 0.000000 0.079408 93.249518 -12.626040 15.640280 0.090049 
1072 0.098804 0.000000 0.068064 93.232154 -12.607790 15.630203 0.090451 
1073 0.098804 0.000000 0.090752 93.438200 -12.649278 15.637335 0.086477 
1074 0.233134 0.000000 -0.068064 87.176304 -0.160618 -6.737078 0.235488 
1075 0.233134 0.000000 -0.045376 88.243083 -0.179523 -4.653303 0.219147 
1076 0.184287 0.000000 -0.113440 99.952682 -10.881538 -10.699230 -0.022342 
1077 0.184287 0.000000 -0.136128 99.188525 -9.702169 -8.566055 -0.000587 
1078 0.233134 0.000000 0.068064 87.187284 -0.175951 6.723303 0.235314 
1079 0.233134 0.000000 0.045376 88.247214 -0.171144 4.646377 0.219081 
1080 0.184287 0.000000 0.113440 99.937354 -10.864918 10.695506 -0.021992 
1081 0.184287 0.000000 0.136128 99.209125 -9.669578 8.559788 -0.000922 
1082 0.501792 0.000000 -0.045376 100.084377 -8.191098 0.022315 -0.008398 
1083 0.550639 0.000000 -0.045376 101.151813 -6.878254 0.030856 -0.027900 
1084 0.501792 0.000000 0.000000 101.147426 -6.652035 0.031304 -0.027505 
1085 0.501792 0.000000 0.045376 100.085157 -8.190001 0.024572 -0.008412 
1086 0.550639 0.000000 0.045376 101.145352 -6.878275 0.030217 -0.027769 
1087 0.428522 0.000000 -0.068064 98.823417 -11.054942 0.009098 0.011172 
1088 0.452945 0.000000 -0.068064 99.051758 -9.552757 0.013737 0.009749 
1089 0.428522 0.000000 -0.045376 98.953288 -11.563238 0.007910 0.007454 
1090 0.367463 0.000000 -0.102096 104.187010 -12.806207 -2.709786 -0.102627 
1091 0.367463 0.000000 -0.113440 104.194839 -12.800049 -2.228126 -0.102537 
1092 0.367463 0.000000 -0.090752 104.060977 -12.876810 -2.231646 -0.099948 
1093 0.428522 0.000000 0.068064 98.826415 -11.052673 0.010983 0.011118 
1094 0.428522 0.000000 0.045376 98.959139 -11.561651 0.007966 0.007342 
1095 0.452945 0.000000 0.068064 99.039125 -9.550663 0.020738 0.010004 
1096 0.367463 0.000000 0.102096 104.235950 -12.861976 2.712062 -0.103792 
1097 0.367463 0.000000 0.090752 104.120453 -12.925510 2.233003 -0.101312 
1098 0.367463 0.000000 0.113440 104.248721 -12.848028 2.230674 -0.103784 
1099 1.722968 0.000000 -0.544513 99.745048 -7.306309 -0.026792 -0.000246 
1100 1.722968 0.000000 -0.726018 99.740768 -7.162248 -0.027912 0.000048 
1101 1.722968 0.000000 0.544513 99.741743 -7.336412 -0.074099 -0.000224 
1102 1.722968 0.000000 0.726018 99.726955 -7.170144 -0.016981 0.000312 
1103 1.429886 0.000000 -0.272257 101.069762 -11.910109 -0.086527 -0.035696 
1104 1.429886 0.000000 -0.363009 99.700384 -7.645216 -0.008579 0.000138 
1105 1.527580 0.000000 -0.272257 101.469401 -13.072344 -0.125101 -0.046694 
1106 1.429886 0.000000 0.272257 101.101102 -12.618473 -0.241142 -0.038072 
1107 1.527580 0.000000 0.272257 101.479902 -14.105389 -0.398900 -0.049729 
1108 1.429886 0.000000 0.363009 99.796595 -7.720460 -0.244641 -0.001903 
1109 5.044566 0.000000 -2.178054 99.757286 -6.977095 0.002614 -0.000020 
1110 5.044566 0.000000 -2.904072 99.756138 -6.976804 0.000354 0.000004 
1111 5.826119 0.000000 -2.178054 99.756073 -6.976616 0.000219 0.000005 
1112 3.872238 0.000000 -1.089027 99.750552 -6.982176 0.002810 0.000108 
1113 3.872238 0.000000 -1.452036 99.751274 -6.978125 0.001775 0.000099 
1114 4.263014 0.000000 -1.089027 99.751990 -6.980818 0.001257 0.000081 
1115 2.504521 0.000000 -0.544513 99.659596 -7.042408 0.046663 0.001837 
1116 2.504521 0.000000 -0.726018 99.706377 -7.026652 0.049070 0.000926 
1117 1.625274 0.000000 -0.272257 101.574417 -12.533438 -0.335079 -0.047456 
1118 1.625274 0.000000 -0.363009 99.642951 -7.714390 -0.032849 0.001177 
1119 1.722968 0.000000 -0.272257 101.577907 -13.284966 -0.315305 -0.049466 
1120 1.820662 0.000000 -0.272257 101.388429 -10.902895 -0.192314 -0.039852 
1121 1.820662 0.000000 -0.363009 99.840379 -7.581373 -0.146467 -0.002560 
1122 1.820662 0.000000 -0.181504 101.423182 -11.778062 -0.281110 -0.042546 
1123 1.820662 0.000000 -0.090752 101.370904 -10.217472 -0.661506 -0.038089 
1124 1.820662 0.000000 0.000000 101.406883 -10.633452 -0.899035 -0.039723 
1125 5.044566 0.000000 2.178054 99.756629 -6.975629 -0.001956 -0.000004 
1126 5.826119 0.000000 2.178054 99.755988 -6.976908 -0.000194 0.000007 
1127 5.044566 0.000000 2.904072 99.755968 -6.977227 -0.000353 0.000007 
1128 3.872238 0.000000 1.089027 99.755333 -6.981587 -0.006345 0.000013 
1129 4.263014 0.000000 1.089027 99.753900 -6.981161 -0.001989 0.000042 
1130 3.872238 0.000000 1.452036 99.754978 -6.983418 -0.003644 0.000018 
1131 2.504521 0.000000 0.544513 99.697854 -7.046137 0.112572 0.001068 
1132 2.504521 0.000000 0.726018 99.732499 -7.026131 0.010932 0.000406 
1133 1.625274 0.000000 0.090752 101.593576 -11.319541 -0.642366 -0.044980 
1134 1.722968 0.000000 0.090752 101.512586 -11.267720 -1.096090 -0.043297 
1135 1.625274 0.000000 0.181504 101.644890 -10.665665 -0.853087 -0.044617 
1136 1.820662 0.000000 0.090752 101.370397 -11.084015 -1.193018 -0.040024 
1137 1.820662 0.000000 0.181504 101.386117 -13.953023 -1.759605 -0.047693 
1138 1.820662 0.000000 0.272257 101.323983 -11.297611 -0.235606 -0.039424 
1139 1.722968 0.000000 0.272257 101.703154 -15.147816 -1.200120 -0.057443 
1140 1.820662 0.000000 0.363009 99.732527 -7.636527 0.004581 -0.000489 
1141 1.625274 0.000000 0.272257 101.704080 -14.344895 -1.213527 -0.055097 
1142 1.625274 0.000000 0.363009 99.666653 -7.787385 -0.191333 0.000588 
1143 2.406827 0.000000 -0.272257 99.398004 -6.653400 -0.151187 0.007575 
1144 2.406827 0.000000 -0.363009 99.409374 -6.899202 0.034568 0.007018 
1145 2.504521 0.000000 -0.272257 99.561771 -6.533009 -0.086849 0.004477 
1146 3.286073 0.000000 0.544513 99.766960 -7.000027 -0.012158 -0.000245 
1147 3.481461 0.000000 0.544513 99.755680 -6.991226 -0.007405 -0.000007 
1148 3.286073 0.000000 0.726018 99.760658 -6.995979 -0.004991 -0.000113 
1149 2.602215 0.000000 0.090752 99.895776 -7.181503 0.159798 -0.003077 
1150 2.602215 0.000000 0.000000 99.948832 -7.778746 0.321281 -0.005038 
1151 2.602215 0.000000 0.181504 100.027218 -7.056893 -0.633148 -0.005564 
1152 2.406827 0.000000 0.272257 99.515196 -6.593940 0.702129 0.005275 
1153 2.504521 0.000000 0.272257 99.843140 -6.494635 0.358805 -0.001096 
1154 2.406827 0.000000 0.363009 99.417060 -6.843006 0.407854 0.006926 
1155 2.357979 0.000000 -0.136128 99.761280 -3.332164 -1.910439 0.003293 
1156 2.357979 0.000000 -0.181504 99.063583 -5.962028 -1.277477 0.014923 
1157 2.406827 0.000000 -0.136128 99.385109 -2.890359 -2.981234 0.010536 
1158 2.284709 0.000000 -0.113440 92.283599 -6.389529 -4.529307 0.142240 
1159 2.284709 0.000000 -0.136128 94.264731 -6.026047 -2.094974 0.107346 
1160 2.309132 0.000000 -0.113440 99.554179 -5.156524 -2.263357 0.005725 
1161 2.357979 0.000000 0.136128 101.681365 -6.409342 -2.151176 -0.038481 
1162 2.406827 0.000000 0.136128 100.794542 -7.876161 -1.086343 -0.022275 
1163 2.357979 0.000000 0.181504 99.616536 -5.681462 1.725637 0.004129 
1164 2.284709 0.000000 0.113440 85.436007 -18.825233 20.620819 0.192108 
1165 2.309132 0.000000 0.113440 95.896313 -18.433160 7.405457 0.040927 
1166 2.284709 0.000000 0.136128 94.935732 -2.363611 6.672493 0.093710 
1167 2.797603 0.000000 -0.090752 99.888908 -7.392709 0.239400 -0.003250 
1168 2.699909 0.000000 -0.090752 99.977334 -7.445307 0.131996 -0.005092 
1169 2.797603 0.000000 -0.181504 99.726494 -6.827561 -0.359853 0.000788 
1170 2.797603 0.000000 0.272257 99.910652 -6.955594 -0.160134 -0.003054 
1171 2.699909 0.000000 0.272257 99.952814 -6.795418 -0.120471 -0.003676 
1172 2.797603 0.000000 0.363009 99.856644 -6.913175 0.049664 -0.001914 
1173 2.944144 0.000000 -0.045376 99.778764 -7.609600 -1.600112 -0.001627 
1174 2.895297 0.000000 -0.045376 99.787523 -7.479962 -2.067545 -0.001777 
1175 2.944144 0.000000 -0.090752 99.861970 -6.861608 0.024470 -0.001950 
1176 3.188379 0.000000 0.272257 99.767311 -7.053428 -0.032316 -0.000327 
1177 3.286073 0.000000 0.272257 99.760476 -7.020593 -0.021066 -0.000144 
1178 3.188379 0.000000 0.363009 99.777978 -7.025125 -0.021236 -0.000500 
1179 3.139532 0.000000 0.045376 99.769195 -7.107615 -0.009640 -0.000441 
1180 3.188379 0.000000 0.045376 99.765306 -7.050420 -0.016470 -0.000282 
1181 3.139532 0.000000 0.090752 99.705688 -6.974838 -0.007021 0.001013 
1182 3.139532 0.000000 0.136128 99.724376 -7.083757 -0.053857 0.000487 
1183 3.188379 0.000000 0.136128 99.734158 -7.064105 -0.022828 0.000320 
1184 3.139532 0.000000 0.181504 99.744391 -7.093187 -0.044976 0.000074 
1185 3.115108 0.000000 -0.068064 99.625835 -6.778474 0.313999 0.002865 
1186 3.139532 0.000000 -0.068064 99.686478 -6.970691 0.093052 0.001401 
1187 3.115108 0.000000 -0.045376 99.754364 -7.500331 -0.351570 -0.000731 
1188 3.017414 0.000000 0.113440 99.703461 -6.994889 -0.172441 0.001026 
1189 3.041838 0.000000 0.113440 99.712560 -7.017721 -0.167465 0.000813 
1190 3.017414 0.000000 0.136128 99.728705 -7.103180 -0.134875 0.000371 
1191 2.602215 0.000000 -0.090752 100.079509 -7.758359 -0.125494 -0.007612 
1192 2.602215 0.000000 -0.181504 99.609808 -6.133713 -0.711670 0.003976 
1193 2.602215 0.000000 0.272257 99.972832 -6.622286 -0.001277 -0.003842 
1194 2.602215 0.000000 0.363009 99.827128 -6.806685 0.217359 -0.001183 
1195 2.797603 0.000000 -0.272257 99.680782 -6.680639 -0.054066 0.001911 
1196 2.699909 0.000000 -0.272257 99.662123 -6.579388 -0.031379 0.002417 
1197 2.797603 0.000000 -0.363009 99.678988 -6.851714 0.002074 0.001715 
1198 2.944144 0.000000 -0.136128 99.770860 -7.112389 -0.013313 -0.000481 
1199 2.895297 0.000000 -0.136128 99.787575 -7.092037 -0.083236 -0.000786 
1200 2.944144 0.000000 -0.181504 99.735342 -6.995974 -0.159324 0.000389 
1201 2.602215 0.000000 -0.272257 99.650896 -6.517040 0.010939 0.002723 
1202 2.602215 0.000000 -0.363009 99.651552 -6.851268 0.036497 0.002263 
1 11 62 60 61 
2 62 10 24 60 
3 60 24 14 63 
4 61 60 63 6 
5 24 66 64 65 
6 66 23 40 64 
7 64 40 27 67 
8 65 64 67 14 
9 40 70 68 69 
10 69 68 71 27 
11 6 63 92 93 
12 63 14 36 92 
13 92 36 19 94 
14 93 92 94 20 
15 14 67 95 96 
16 67 27 52 95 
17 95 52 35 97 
18 96 95 97 36 
19 27 71 98 99 
20 99 98 100 52 
21 68 112 110 111 
22 112 56 80 110 
23 110 80 43 113 
24 111 110 113 71 
25 80 116 114 115 
26 115 114 117 43 
27 71 113 133 134 
28 113 43 102 133 
29 133 102 76 135 
30 134 133 135 98 
31 43 117 136 137 
32 137 136 138 102 
33 114 141 139 140 
34 141 106 129 139 
35 139 129 83 142 
36 140 139 142 117 
37 129 149 147 148 
38 147 150 132 151 
39 148 147 151 83 
40 117 142 152 153 
41 142 83 144 152 
42 152 144 125 154 
43 153 152 154 136 
44 83 151 155 156 
45 151 132 157 155 
46 156 155 158 144 
47 12 161 159 160 
48 161 7 162 159 
49 159 162 13 25 
50 160 159 25 10 
51 25 165 163 164 
52 165 13 166 163 
53 163 166 26 41 
54 164 163 41 23 
55 41 169 167 168 
56 169 26 170 167 
57 167 170 42 57 
58 168 167 57 39 
59 39 173 171 172 
60 173 57 174 171 
61 171 174 55 81 
62 172 171 81 56 
63 81 177 175 176 
64 177 55 178 175 
65 175 178 82 107 
66 176 175 107 79 
67 79 181 179 180 
68 181 107 182 179 
69 179 182 105 130 
70 180 179 130 106 
71 106 185 183 184 
72 185 130 186 183 
73 184 183 149 129 
74 195 197 109 198 
75 150 195 198 132 
76 149 201 199 200 
77 201 128 202 199 
78 199 202 150 203 
79 200 199 203 147 
80 132 198 210 157 
81 198 109 211 210 
82 19 38 213 214 
83 38 21 215 213 
84 213 215 9 216 
85 214 213 216 22 
86 35 54 217 218 
87 54 37 219 217 
88 217 219 21 220 
89 218 217 220 38 
90 51 78 221 222 
91 78 53 223 221 
92 221 223 37 224 
93 222 221 224 54 
94 76 104 225 226 
95 104 75 227 225 
96 225 227 78 228 
97 226 225 228 51 
98 101 127 229 230 
99 127 103 231 229 
100 229 231 75 232 
101 230 229 232 104 
102 125 146 233 234 
103 146 124 235 233 
104 233 235 127 236 
105 234 233 236 101 
106 144 158 237 238 
107 237 239 146 240 
108 238 237 240 125 
109 155 243 241 242 
110 243 157 244 241 
111 241 244 143 245 
112 242 241 245 158 
113 130 247 246 186 
114 247 105 248 246 
115 249 251 195 252 
116 202 249 252 150 
117 186 255 253 254 
118 255 246 256 253 
119 253 256 196 250 
120 254 253 250 128 
121 128 259 257 258 
122 259 250 260 257 
123 257 260 249 261 
124 258 257 261 202 
125 262 263 124 264 
126 239 262 264 146 
127 157 266 265 244 
128 266 210 267 265 
129 143 268 269 270 
130 268 212 271 269 
131 269 271 262 272 
132 270 269 272 239 
133 244 275 273 274 
134 275 265 276 273 
135 273 276 268 277 
136 274 273 277 143 
137 278 280 194 281 
138 197 278 281 109 
139 283 131 284 282 
140 282 284 197 285 
141 251 282 285 195 
142 107 287 286 182 
143 287 82 288 286 
144 286 288 108 192 
145 182 286 192 105 
146 105 290 289 248 
147 290 192 291 289 
148 246 293 292 256 
149 293 248 294 292 
150 292 294 131 283 
151 256 292 283 196 
152 196 297 295 296 
153 297 283 298 295 
154 295 298 282 299 
155 296 295 299 251 
156 109 281 300 211 
157 281 194 301 300 
158 210 304 303 267 
159 304 211 305 303 
160 303 305 145 306 
161 124 209 307 235 
162 209 126 308 307 
163 307 308 103 309 
164 235 307 309 127 
165 310 311 209 312 
166 263 310 312 124 
167 212 306 313 271 
168 306 145 314 313 
169 313 314 263 315 
170 271 313 315 262 
171 267 318 316 317 
172 318 303 319 316 
173 316 319 306 320 
174 317 316 320 212 
175 131 322 321 284 
176 322 279 323 321 
177 321 323 278 324 
178 284 321 324 197 
179 211 326 325 305 
180 326 300 327 325 
181 325 327 302 328 
182 305 325 328 145 
183 192 334 333 291 
184 334 108 335 333 
185 289 339 337 338 
186 339 291 340 337 
187 337 340 191 341 
188 338 337 341 279 
189 345 347 126 348 
190 311 345 348 209 
191 302 351 349 350 
192 351 207 352 349 
193 349 352 311 353 
194 350 349 353 310 
195 354 355 59 356 
196 280 354 356 194 
197 291 358 357 340 
198 358 333 359 357 
199 357 359 336 360 
200 191 360 361 362 
201 360 336 363 361 
202 361 363 354 364 
203 362 361 364 280 
204 340 367 365 366 
205 367 357 368 365 
206 365 368 360 369 
207 366 365 369 191 
208 194 356 370 301 
209 356 59 371 370 
210 373 346 374 372 
211 372 374 345 375 
212 352 372 375 311 
213 301 378 376 377 
214 378 370 379 376 
215 376 379 346 373 
216 377 376 373 207 
217 207 382 380 381 
218 382 373 383 380 
219 380 383 372 384 
220 381 380 384 352 
221 57 386 385 174 
222 386 42 387 385 
223 385 387 58 89 
224 174 385 89 55 
225 55 389 388 178 
226 389 89 390 388 
227 388 390 88 188 
228 178 388 188 82 
229 82 392 391 288 
230 392 188 393 391 
231 391 393 187 330 
232 288 391 330 108 
233 108 395 394 335 
234 395 330 396 394 
235 333 399 398 359 
236 399 335 400 398 
237 359 398 401 336 
238 75 123 402 227 
239 123 77 403 402 
240 402 403 53 404 
241 227 402 404 78 
242 103 206 405 231 
243 206 121 406 405 
244 405 406 123 407 
245 231 405 407 75 
246 126 344 408 308 
247 344 204 409 408 
248 408 409 206 410 
249 308 408 410 103 
250 411 413 344 414 
251 347 411 414 126 
252 346 416 415 374 
253 415 417 347 418 
254 374 415 418 345 
255 419 420 332 421 
256 355 419 421 59 
257 335 423 422 400 
258 423 394 424 422 
259 336 401 426 363 
260 401 193 427 426 
261 426 427 355 428 
262 363 426 428 354 
263 398 431 429 430 
264 431 400 432 429 
265 429 432 193 433 
266 430 429 433 401 
267 59 421 434 371 
268 421 332 435 434 
269 370 437 436 379 
270 437 371 438 436 
271 436 438 208 416 
272 379 436 416 346 
273 439 441 411 442 
274 417 439 442 347 
275 416 445 443 444 
276 445 208 446 443 
277 443 446 417 447 
278 444 443 447 415 
279 88 453 452 189 
280 453 90 454 452 
281 452 454 5 455 
282 189 452 455 91 
283 187 457 456 331 
284 457 189 458 456 
285 456 458 91 459 
286 331 456 459 190 
287 330 461 460 396 
288 461 187 462 460 
289 460 462 331 463 
290 396 460 463 329 
291 394 465 464 424 
292 465 396 466 464 
293 464 466 329 467 
294 424 464 467 397 
295 193 425 468 427 
296 425 397 469 468 
297 468 469 419 470 
298 427 468 470 355 
299 422 473 471 472 
300 473 424 474 471 
301 471 474 397 475 
302 472 471 475 425 
303 371 477 476 438 
304 477 434 478 476 
305 476 478 412 440 
306 438 476 440 208 
307 91 455 482 205 
308 455 5 483 482 
309 482 483 122 484 
310 205 482 484 121 
311 190 459 485 343 
312 459 91 486 485 
313 485 486 205 487 
314 343 485 487 204 
315 342 489 488 413 
316 489 343 490 488 
317 488 490 204 491 
318 413 488 491 344 
319 412 493 492 441 
320 493 342 494 492 
321 492 494 413 495 
322 441 492 495 411 
323 440 498 496 497 
324 498 412 499 496 
325 496 499 441 500 
326 497 496 500 439 
327 454 510 508 509 
328 508 511 504 512 
329 509 508 512 5 
330 5 512 513 514 
331 512 504 515 513 
332 514 513 516 483 
333 7 518 517 162 
334 518 16 519 517 
335 517 519 15 32 
336 162 517 32 13 
337 13 521 520 166 
338 521 32 522 520 
339 520 522 31 48 
340 166 520 48 26 
341 26 524 523 170 
342 524 48 525 523 
343 523 525 47 85 
344 170 523 85 42 
345 42 527 526 387 
346 527 85 528 526 
347 526 528 84 449 
348 387 526 449 58 
349 58 531 529 530 
350 531 449 532 529 
351 529 532 448 502 
352 530 529 502 90 
353 90 535 533 534 
354 535 502 536 533 
355 533 536 501 510 
356 534 533 510 454 
357 15 538 537 33 
358 538 17 539 537 
359 537 539 8 540 
360 33 537 540 18 
361 542 33 543 541 
362 541 543 18 544 
363 501 558 557 511 
364 558 503 559 557 
365 557 559 451 560 
366 511 557 560 504 
367 510 563 561 562 
368 563 501 564 561 
369 561 564 511 565 
370 562 561 565 508 
371 18 540 566 45 
372 540 8 567 566 
373 566 567 29 568 
374 45 566 568 28 
375 544 18 570 569 
376 569 570 45 571 
377 504 560 581 515 
378 560 451 582 581 
379 581 582 506 583 
380 515 581 583 505 
381 21 46 584 215 
382 46 28 585 584 
383 584 585 30 586 
384 215 584 586 9 
385 37 74 587 219 
386 74 44 588 587 
387 587 588 46 589 
388 219 587 589 21 
389 53 120 590 223 
390 120 72 591 590 
391 590 591 74 592 
392 223 590 592 37 
393 77 481 593 403 
394 481 118 594 593 
395 593 594 120 595 
396 403 593 595 53 
397 122 507 596 597 
398 507 479 598 596 
399 596 598 481 599 
400 597 596 599 77 
401 483 516 600 601 
402 516 505 602 600 
403 600 602 507 603 
404 601 600 603 122 
405 513 606 604 605 
406 606 515 607 604 
407 604 607 505 608 
408 605 604 608 516 
409 555 618 616 617 
410 617 616 620 87 
411 87 620 621 622 
412 622 621 624 579 
413 85 626 625 528 
414 626 47 627 625 
415 625 627 86 550 
416 528 625 550 84 
417 84 630 628 629 
418 630 550 631 628 
419 628 631 549 610 
420 629 628 610 450 
421 450 634 632 633 
422 634 610 635 632 
423 632 635 609 618 
424 633 632 618 555 
425 618 650 648 649 
426 650 609 651 648 
427 649 648 652 616 
428 118 577 662 594 
429 577 119 663 662 
430 662 663 72 664 
431 594 662 664 120 
432 480 615 665 666 
433 615 575 667 665 
434 665 667 577 668 
435 666 665 668 118 
436 579 624 669 670 
437 624 613 671 669 
438 669 671 615 672 
439 670 669 672 480 
440 621 675 673 674 
441 673 676 613 677 
442 674 673 677 624 
443 610 679 678 635 
444 679 549 680 678 
445 678 680 611 645 
446 635 678 645 609 
447 609 682 681 651 
448 682 645 683 681 
449 616 652 685 686 
450 685 687 612 688 
451 686 685 688 620 
452 648 691 689 690 
453 691 651 692 689 
454 690 689 693 652 
455 620 688 694 695 
456 688 612 696 694 
457 695 694 675 621 
458 613 661 697 671 
459 661 614 698 697 
460 697 698 575 699 
461 671 697 699 615 
462 700 702 661 703 
463 676 700 703 613 
464 675 706 704 705 
465 704 707 676 708 
466 705 704 708 673 
467 709 710 647 711 
468 687 709 711 612 
469 651 713 712 692 
470 713 681 714 712 
471 652 693 716 717 
472 693 619 718 716 
473 716 718 687 719 
474 717 716 719 685 
475 689 722 720 721 
476 722 692 723 720 
477 720 723 619 724 
478 721 720 724 693 
479 612 711 725 696 
480 711 647 726 725 
481 694 729 727 728 
482 729 696 730 727 
483 727 730 623 706 
484 728 727 706 675 
485 731 733 700 734 
486 707 731 734 676 
487 706 737 735 736 
488 737 623 738 735 
489 735 738 707 739 
490 736 735 739 704 
491 619 715 740 718 
492 715 684 741 740 
493 740 741 709 742 
494 718 740 742 687 
495 692 744 743 723 
496 744 712 745 743 
497 743 745 715 746 
498 723 743 746 619 
499 696 748 747 730 
500 748 725 749 747 
501 747 749 701 732 
502 730 747 732 623 
503 623 751 750 738 
504 751 732 752 750 
505 750 752 731 753 
506 738 750 753 707 
507 755 640 756 754 
508 754 756 643 757 
509 645 759 758 683 
510 759 611 760 758 
511 681 763 762 714 
512 763 683 764 762 
513 762 764 644 765 
514 712 767 766 745 
515 767 714 768 766 
516 766 768 684 769 
517 745 766 769 715 
518 757 643 771 770 
519 770 771 656 772 
520 773 775 614 776 
521 702 773 776 661 
522 778 659 779 777 
523 777 779 702 780 
524 733 777 780 700 
525 732 782 781 752 
526 782 701 783 781 
527 781 783 733 784 
528 752 781 784 731 
529 785 786 552 787 
530 710 785 787 647 
531 684 765 788 741 
532 765 644 789 788 
533 788 789 710 790 
534 741 788 790 709 
535 714 792 791 768 
536 792 762 793 791 
537 791 793 765 794 
538 768 791 794 684 
539 647 787 795 726 
540 787 552 796 795 
541 725 798 797 749 
542 798 726 799 797 
543 797 799 659 778 
544 749 797 778 701 
545 701 801 800 783 
546 801 778 802 800 
547 800 802 777 803 
548 783 800 803 733 
549 804 806 785 807 
550 789 804 807 710 
551 683 809 808 764 
552 809 758 810 808 
553 808 810 761 805 
554 764 808 805 644 
555 644 813 811 812 
556 813 805 814 811 
557 811 814 804 815 
558 812 811 815 789 
559 726 817 816 799 
560 817 795 818 816 
561 659 819 820 779 
562 819 774 821 820 
563 820 821 773 822 
564 779 820 822 702 
565 799 825 823 824 
566 825 816 826 823 
567 823 826 819 827 
568 824 823 827 659 
569 646 829 828 786 
570 829 754 830 828 
571 828 830 757 831 
572 786 828 831 552 
573 761 833 832 806 
574 833 646 834 832 
575 832 834 786 835 
576 806 832 835 785 
577 805 837 836 814 
578 837 761 838 836 
579 836 838 806 839 
580 814 836 839 804 
581 552 831 840 796 
582 831 757 841 840 
583 840 841 770 842 
584 796 840 842 660 
585 795 844 843 818 
586 844 796 845 843 
587 843 845 660 846 
588 818 843 846 774 
589 816 848 847 826 
590 848 818 849 847 
591 847 849 774 850 
592 826 847 850 819 
593 503 852 851 559 
594 852 553 853 851 
595 851 853 556 854 
596 559 851 854 451 
597 49 860 859 547 
598 860 541 861 859 
599 859 861 544 862 
600 547 859 862 34 
601 545 864 863 638 
602 864 547 865 863 
603 863 865 34 866 
604 638 863 866 548 
605 868 638 869 867 
606 867 869 548 870 
607 48 880 879 525 
608 880 31 881 879 
609 879 881 49 546 
610 525 879 546 47 
611 47 883 882 627 
612 883 546 884 882 
613 882 884 545 637 
614 627 882 637 86 
615 86 887 885 886 
616 887 637 888 885 
617 885 888 636 856 
618 886 885 856 551 
619 856 891 889 890 
620 891 636 892 889 
621 889 892 857 876 
622 890 889 876 855 
623 34 862 893 573 
624 862 544 894 893 
625 893 894 569 895 
626 573 893 895 73 
627 548 866 896 654 
628 866 34 897 896 
629 896 897 573 898 
630 654 896 898 572 
631 870 548 900 899 
632 899 900 654 901 
633 903 867 904 902 
634 902 904 870 905 
635 876 908 906 907 
636 908 857 909 906 
637 907 906 910 874 
638 637 912 911 888 
639 912 545 913 911 
640 911 913 638 868 
641 888 911 868 636 
642 636 915 914 892 
643 915 868 916 914 
644 914 916 867 903 
645 892 914 903 857 
646 857 918 917 909 
647 918 903 919 917 
648 917 919 902 920 
649 874 910 925 926 
650 925 927 639 928 
651 926 925 928 878 
652 906 931 929 930 
653 931 909 932 929 
654 930 929 933 910 
655 905 870 935 934 
656 934 935 899 936 
657 920 902 938 937 
658 937 938 905 939 
659 927 937 939 639 
660 909 941 940 932 
661 941 917 942 940 
662 940 942 920 943 
663 932 940 943 877 
664 910 933 944 945 
665 933 877 946 944 
666 944 946 927 947 
667 945 944 947 925 
668 929 950 948 949 
669 950 932 951 948 
670 948 951 877 952 
671 949 948 952 933 
672 50 955 953 954 
673 955 858 922 953 
674 953 922 871 956 
675 954 953 956 657 
676 858 959 957 958 
677 959 878 960 957 
678 958 957 961 922 
679 878 928 962 960 
680 928 639 963 962 
681 962 963 923 964 
682 72 574 965 591 
683 574 73 966 965 
684 965 966 44 967 
685 591 965 967 74 
686 119 655 968 663 
687 655 572 969 968 
688 968 969 574 970 
689 663 968 970 72 
690 576 873 971 972 
691 873 653 973 971 
692 971 973 655 974 
693 972 971 974 119 
694 871 924 975 976 
695 924 872 977 975 
696 975 977 653 978 
697 976 975 978 873 
698 922 961 979 980 
699 979 981 924 982 
700 980 979 982 871 
701 957 985 983 984 
702 985 960 986 983 
703 984 983 987 961 
704 964 923 989 988 
705 988 989 872 990 
706 981 988 990 924 
707 960 992 991 986 
708 992 962 993 991 
709 991 993 964 994 
710 986 991 994 921 
711 961 987 995 996 
712 987 921 997 995 
713 995 997 981 998 
714 996 995 998 979 
715 983 1001 999 1000 
716 1001 986 1002 999 
717 999 1002 921 1003 
718 1000 999 1003 987 
719 1 1006 1004 1005 
720 1006 12 160 1004 
721 1004 160 10 62 
722 1005 1004 62 11 
723 16 1008 1007 519 
724 1008 2 1009 1007 
725 1007 1009 17 538 
726 519 1007 538 15 
727 20 94 1010 1011 
728 94 19 214 1010 
729 1010 214 22 1012 
730 1011 1010 1012 4 
731 10 1015 1013 1014 
732 1015 25 164 1013 
733 1013 164 23 66 
734 1014 1013 66 24 
735 28 568 1016 585 
736 568 29 1017 1016 
737 1016 1017 3 1018 
738 585 1016 1018 30 
739 32 1020 1019 522 
740 1020 15 1021 1019 
741 1019 1021 33 542 
742 522 1019 542 31 
743 36 97 1022 1023 
744 97 35 218 1022 
745 1022 218 38 1024 
746 1023 1022 1024 19 
747 23 1027 1025 1026 
748 1027 41 168 1025 
749 1025 168 39 70 
750 1026 1025 70 40 
751 44 571 1028 588 
752 571 45 1029 1028 
753 1028 1029 28 1030 
754 588 1028 1030 46 
755 52 100 1031 1032 
756 100 51 222 1031 
757 1031 222 54 1033 
758 1032 1031 1033 35 
759 70 1036 1034 1035 
760 1036 39 172 1034 
761 1034 172 56 112 
762 1035 1034 112 68 
763 56 1039 1037 1038 
764 1039 81 176 1037 
765 1037 176 79 116 
766 1038 1037 116 80 
767 89 1041 1040 390 
768 1041 58 530 1040 
769 1040 530 90 453 
770 390 1040 453 88 
771 98 135 1042 1043 
772 135 76 226 1042 
773 1042 226 51 1044 
774 1043 1042 1044 100 
775 102 138 1045 1046 
776 138 101 230 1045 
777 1045 230 104 1047 
778 1046 1045 1047 76 
779 116 1050 1048 1049 
780 1050 79 180 1048 
781 1048 180 106 141 
782 1049 1048 141 114 
783 121 484 1051 406 
784 484 122 597 1051 
785 1051 597 77 1052 
786 406 1051 1052 123 
787 136 154 1053 1054 
788 154 125 234 1053 
789 1053 234 101 1055 
790 1054 1053 1055 138 
791 183 1058 1056 1057 
792 1058 186 254 1056 
793 1056 254 128 201 
794 1057 1056 201 149 
795 188 1060 1059 393 
796 1060 88 1061 1059 
797 1059 1061 189 457 
798 393 1059 457 187 
799 204 487 1062 409 
800 487 205 1063 1062 
801 1062 1063 121 1064 
802 409 1062 1064 206 
803 158 245 1065 1066 
804 245 143 270 1065 
805 1065 270 239 1067 
806 1066 1065 1067 237 
807 250 1069 1068 260 
808 1069 196 296 1068 
809 1068 296 251 1070 
810 260 1068 1070 249 
811 265 1072 1071 276 
812 1072 267 317 1071 
813 1071 317 212 1073 
814 276 1071 1073 268 
815 279 341 1074 323 
816 341 191 362 1074 
817 1074 362 280 1075 
818 323 1074 1075 278 
819 248 1077 1076 294 
820 1077 289 338 1076 
821 1076 338 279 322 
822 294 1076 322 131 
823 300 1079 1078 327 
824 1079 301 377 1078 
825 1078 377 207 351 
826 327 1078 351 302 
827 145 328 1080 314 
828 328 302 350 1080 
829 1080 350 310 1081 
830 314 1080 1081 263 
831 329 463 1082 420 
832 463 331 1083 1082 
833 1082 1083 190 1084 
834 420 1082 1084 332 
835 332 1084 1085 435 
836 1084 190 1086 1085 
837 1085 1086 343 489 
838 435 1085 489 342 
839 397 467 1087 469 
840 467 329 1088 1087 
841 1087 1088 420 1089 
842 469 1087 1089 419 
843 400 1091 1090 432 
844 1091 422 472 1090 
845 1090 472 425 1092 
846 432 1090 1092 193 
847 434 1094 1093 478 
848 1094 435 1095 1093 
849 1093 1095 342 493 
850 478 1093 493 412 
851 208 1097 1096 446 
852 1097 440 497 1096 
853 1096 497 439 1098 
854 446 1096 1098 417 
855 449 1100 1099 532 
856 1100 84 629 1099 
857 1099 629 450 554 
858 532 1099 554 448 
859 479 580 1101 598 
860 580 480 666 1101 
861 1101 666 118 1102 
862 598 1101 1102 481 
863 502 1104 1103 536 
864 1104 448 1105 1103 
865 1103 1105 503 558 
866 536 1103 558 501 
867 505 583 1106 602 
868 583 506 1107 1106 
869 1106 1107 479 1108 
870 602 1106 1108 507 
871 31 1110 1109 881 
872 1110 542 1111 1109 
873 1109 1111 541 860 
874 881 1109 860 49 
875 546 1113 1112 884 
876 1113 49 1114 1112 
877 1112 1114 547 864 
878 884 1112 864 545 
879 550 1116 1115 631 
880 1116 86 886 1115 
881 1115 886 551 641 
882 631 1115 641 549 
883 448 1118 1117 1105 
884 1118 554 1119 1117 
885 1117 1119 553 852 
886 1105 1117 852 503 
887 554 1121 1120 1119 
888 1121 450 633 1120 
889 1120 633 555 1122 
890 1119 1120 1122 553 
891 553 1122 1123 853 
892 1122 555 617 1123 
893 1123 617 87 1124 
894 853 1123 1124 556 
895 73 895 1125 966 
896 895 569 1126 1125 
897 1125 1126 571 1127 
898 966 1125 1127 44 
899 572 898 1128 969 
900 898 573 1129 1128 
901 1128 1129 73 1130 
902 969 1128 1130 574 
903 575 658 1131 667 
904 658 576 972 1131 
905 1131 972 119 1132 
906 667 1131 1132 577 
907 451 854 1133 582 
908 854 556 1134 1133 
909 1133 1134 578 1135 
910 582 1133 1135 506 
911 556 1124 1136 1134 
912 1124 87 622 1136 
913 1136 622 579 1137 
914 1134 1136 1137 578 
915 578 1137 1138 1139 
916 1137 579 670 1138 
917 1138 670 480 1140 
918 1139 1138 1140 580 
919 506 1135 1141 1107 
920 1135 578 1139 1141 
921 1141 1139 580 1142 
922 1107 1141 1142 479 
923 549 1144 1143 680 
924 1144 641 1145 1143 
925 1143 1145 640 755 
926 680 1143 755 611 
927 653 901 1146 973 
928 901 654 1147 1146 
929 1146 1147 572 1148 
930 973 1146 1148 655 
931 643 1150 1149 771 
932 1150 50 954 1149 
933 1149 954 657 1151 
934 771 1149 1151 656 
935 614 772 1152 698 
936 772 656 1153 1152 
937 1152 1153 658 1154 
938 698 1152 1154 575 
939 611 1156 1155 760 
940 1156 755 1157 1155 
941 1155 1157 754 829 
942 760 1155 829 646 
943 758 1159 1158 810 
944 1159 760 1160 1158 
945 1158 1160 646 833 
946 810 1158 833 761 
947 660 842 1161 775 
948 842 770 1162 1161 
949 1161 1162 772 1163 
950 775 1161 1163 614 
951 774 846 1164 821 
952 846 660 1165 1164 
953 1164 1165 775 1166 
954 821 1164 1166 773 
955 642 1169 1167 1168 
956 1169 855 875 1167 
957 1167 875 858 955 
958 1168 1167 955 50 
959 657 956 1170 1171 
960 956 871 976 1170 
961 1170 976 873 1172 
962 1171 1170 1172 576 
963 875 1175 1173 1174 
964 1175 874 926 1173 
965 1173 926 878 959 
966 1174 1173 959 858 
967 872 936 1176 977 
968 936 899 1177 1176 
969 1176 1177 901 1178 
970 977 1176 1178 653 
971 639 939 1179 963 
972 939 905 1180 1179 
973 1179 1180 934 1181 
974 963 1179 1181 923 
975 923 1181 1182 989 
976 1181 934 1183 1182 
977 1182 1183 936 1184 
978 989 1182 1184 872 
979 877 943 1185 946 
980 943 920 1186 1185 
981 1185 1186 937 1187 
982 946 1185 1187 927 
983 921 994 1188 997 
984 994 964 1189 1188 
985 1188 1189 988 1190 
986 997 1188 1190 981 
987 640 1192 1191 756 
988 1192 642 1168 1191 
989 1191 1168 50 1150 
990 756 1191 1150 643 
991 656 1151 1193 1153 
992 1151 657 1171 1193 
993 1193 1171 576 1194 
994 1153 1193 1194 658 
995 551 1197 1195 1196 
996 1197 856 890 1195 
997 1195 890 855 1169 
998 1196 1195 1169 642 
999 855 1200 1198 1199 
1000 1200 876 907 1198 
1001 1198 907 874 1175 
1002 1199 1198 1175 875 
1003 641 1202 1201 1145 
1004 1202 551 1196 1201 
1005 1201 1196 642 1192 
1006 1145 1201 1192 640 
