2 0.000000 100.000000 262.180540
1486 1255 
1 -11.368037 0.000000 -11.616017 99.756306 -6.976621 0.000043 0.000001 
2 13.641644 0.000000 -11.616017 99.755676 -6.984867 -0.001405 0.000002 
3 13.641644 0.000000 11.616017 99.756819 -6.970241 -0.000906 -0.000001 
4 -11.368037 0.000000 11.616017 99.756496 -6.974903 0.000054 -0.000001 
5 1.136804 0.000000 0.000000 101.095099 -7.149125 0.696988 -0.027181 
6 -11.368037 0.000000 0.000000 99.756376 -6.975761 0.000082 0.000000 
7 1.136804 0.000000 -11.616017 99.755929 -6.980495 -0.000248 0.000003 
8 13.641644 0.000000 0.000000 99.790572 -6.485731 0.030583 -0.000022 
9 1.136804 0.000000 11.616017 99.756868 -6.972713 -0.000261 -0.000005 
10 -5.115617 0.000000 -5.808009 99.756556 -6.977428 -0.000830 -0.000005 
11 -11.368037 0.000000 -5.808009 99.756326 -6.976313 0.000062 0.000001 
12 -5.115617 0.000000 -11.616017 99.756189 -6.977779 -0.000008 0.000001 
13 1.136804 0.000000 -5.808009 99.759675 -6.986638 -0.001123 -0.000081 
14 -5.115617 0.000000 0.000000 99.755338 -6.976559 -0.002148 0.000020 
15 7.389224 0.000000 -5.808009 99.755083 -6.996971 -0.003441 -0.000003 
16 7.389224 0.000000 -11.616017 99.755703 -6.983515 -0.000823 0.000003 
17 13.641644 0.000000 -5.808009 99.754692 -6.998492 -0.006869 0.000002 
18 7.389224 0.000000 0.000000 99.919324 -4.623549 1.036831 -0.000632 
19 -5.115617 0.000000 5.808009 99.755899 -6.975211 -0.000317 0.000011 
20 -11.368037 0.000000 5.808009 99.756451 -6.975216 0.000081 -0.000000 
21 1.136804 0.000000 5.808009 99.754142 -6.974088 -0.001088 0.000047 
22 -5.115617 0.000000 11.616017 99.756623 -6.974167 0.000023 -0.000002 
23 -1.989406 0.000000 -2.904004 99.760309 -6.976916 -0.006565 -0.000080 
24 -5.115617 0.000000 -2.904004 99.756419 -6.977276 -0.002026 -0.000003 
25 -1.989406 0.000000 -5.808009 99.758213 -6.979953 -0.002028 -0.000042 
26 1.136804 0.000000 -2.904004 99.780286 -6.999856 -0.003184 -0.000510 
27 -1.989406 0.000000 0.000000 99.746608 -6.978510 -0.013944 0.000191 
28 7.389224 0.000000 5.808009 99.756144 -6.968937 -0.002204 0.000015 
29 13.641644 0.000000 5.808009 99.756925 -6.968114 -0.002617 0.000000 
30 7.389224 0.000000 11.616017 99.756863 -6.971119 -0.000689 -0.000003 
31 4.263014 0.000000 -2.904004 99.750308 -7.037000 -0.005944 0.000036 
32 4.263014 0.000000 -5.808009 99.757257 -6.994134 -0.000756 -0.000043 
33 7.389224 0.000000 -2.904004 99.752090 -7.034510 -0.019205 0.000004 
34 4.263014 0.000000 0.000000 99.921525 -4.360086 -2.606780 -0.001012 
35 -1.989406 0.000000 2.904004 99.749418 -6.964391 -0.001926 0.000155 
36 -5.115617 0.000000 2.904004 99.755007 -6.975705 -0.001364 0.000028 
37 1.136804 0.000000 2.904004 99.760853 -7.003504 0.002248 -0.000128 
38 -1.989406 0.000000 5.808009 99.754438 -6.974536 -0.000778 0.000041 
39 -0.426301 0.000000 -1.452002 99.778852 -6.988490 -0.060224 -0.000466 
40 -1.989406 0.000000 -1.452002 99.756060 -6.981147 -0.012757 -0.000001 
41 -0.426301 0.000000 -2.904004 99.770337 -6.991199 -0.009202 -0.000300 
42 1.136804 0.000000 -1.452002 99.772033 -6.996685 0.009306 -0.000341 
43 -0.426301 0.000000 0.000000 100.041493 -7.114617 -0.027548 -0.005892 
44 4.263014 0.000000 2.904004 99.753974 -6.973335 -0.007160 0.000052 
45 7.389224 0.000000 2.904004 99.754536 -6.977019 -0.004798 0.000035 
46 4.263014 0.000000 5.808009 99.754541 -6.970476 -0.001563 0.000044 
47 2.699909 0.000000 -1.452002 99.756335 -7.063060 0.030697 -0.000121 
48 2.699909 0.000000 -2.904004 99.766187 -7.011367 0.003781 -0.000245 
49 4.263014 0.000000 -1.452002 99.736475 -7.126280 -0.056678 0.000185 
50 2.699909 0.000000 0.000000 100.031803 -4.300926 -2.169216 -0.002957 
51 -0.426301 0.000000 1.452002 99.699141 -6.987398 -0.005501 0.001126 
52 -1.989406 0.000000 1.452002 99.744234 -6.975537 -0.006418 0.000243 
53 1.136804 0.000000 1.452002 99.698739 -7.076941 0.004424 0.001008 
54 -0.426301 0.000000 2.904004 99.742947 -6.973071 0.002202 0.000272 
55 0.355251 0.000000 -0.726001 99.773210 -7.078432 -0.144212 -0.000482 
56 -0.426301 0.000000 -0.726001 99.714712 -7.018314 -0.016384 0.000772 
57 0.355251 0.000000 -1.452002 99.837183 -7.027281 -0.057537 -0.001685 
58 1.136804 0.000000 -0.726001 99.667030 -7.223081 -0.125784 0.001429 
59 0.355251 0.000000 0.000000 78.584151 -0.026540 -0.022621 0.382453 
60 -8.241827 0.000000 -2.904004 99.756288 -6.976390 -0.000507 0.000001 
61 -11.368037 0.000000 -2.904004 99.756346 -6.976058 0.000073 0.000001 
62 -8.241827 0.000000 -5.808009 99.756268 -6.976739 0.000048 0.000001 
63 -8.241827 0.000000 0.000000 99.756146 -6.976039 -0.000483 0.000005 
64 -3.552511 0.000000 -1.452002 99.756337 -6.979460 -0.007290 -0.000004 
65 -5.115617 0.000000 -1.452002 99.755885 -6.976947 -0.002234 0.000009 
66 -3.552511 0.000000 -2.904004 99.758209 -6.981777 -0.005813 -0.000045 
67 -3.552511 0.000000 0.000000 99.753599 -6.975508 -0.003133 0.000056 
68 -1.207854 0.000000 -0.726001 99.750415 -6.987886 -0.043688 0.000102 
69 -1.989406 0.000000 -0.726001 99.751530 -6.979864 -0.014355 0.000091 
70 -1.207854 0.000000 -1.452002 99.764135 -6.966052 -0.033440 -0.000141 
71 -1.207854 0.000000 0.000000 99.733742 -6.987500 -0.038551 0.000435 
72 2.699909 0.000000 1.452002 99.730380 -7.064503 -0.043770 0.000394 
73 4.263014 0.000000 1.452002 99.742359 -7.047315 -0.023850 0.000180 
74 2.699909 0.000000 2.904004 99.762682 -7.000862 -0.012065 -0.000161 
75 0.355251 0.000000 0.726001 99.869672 -7.136189 0.208378 -0.002492 
76 -0.426301 0.000000 0.726001 99.690575 -7.008645 -0.032701 0.001267 
77 1.136804 0.000000 0.726001 100.020998 -7.230189 0.053688 -0.005648 
78 0.355251 0.000000 1.452002 99.696815 -7.013542 0.011612 0.001136 
79 -0.035525 0.000000 -0.363001 98.959195 -7.135741 0.407130 0.015599 
80 -0.426301 0.000000 -0.363001 99.804590 -7.030461 0.036680 -0.001038 
81 -0.035525 0.000000 -0.726001 99.636088 -7.043307 -0.125820 0.002303 
82 0.355251 0.000000 -0.363001 100.027213 -7.437154 -0.636015 -0.006116 
83 -0.035525 0.000000 0.000000 182.338028 -7.499921 0.074001 -2.330341 
84 1.918356 0.000000 -0.726001 99.632248 -7.561868 0.015541 0.001623 
85 1.918356 0.000000 -1.452002 99.757914 -7.229759 0.011940 -0.000391 
86 2.699909 0.000000 -0.726001 99.345928 -7.261043 -0.325443 0.007756 
87 1.918356 0.000000 0.000000 104.239406 -5.649259 -2.195579 -0.090259 
88 0.746027 0.000000 -0.363001 99.386315 -7.659323 -0.203091 0.006365 
89 0.746027 0.000000 -0.726001 99.648084 -7.253976 0.002028 0.001764 
90 1.136804 0.000000 -0.363001 99.521593 -7.751947 -0.246505 0.003530 
91 0.746027 0.000000 0.000000 102.312601 -6.596701 -0.005471 -0.051138 
92 -8.241827 0.000000 2.904004 99.756105 -6.975664 -0.000360 0.000006 
93 -11.368037 0.000000 2.904004 99.756414 -6.975467 0.000086 0.000000 
94 -8.241827 0.000000 5.808009 99.756475 -6.974981 0.000102 -0.000000 
95 -3.552511 0.000000 1.452002 99.752105 -6.972111 -0.005894 0.000091 
96 -5.115617 0.000000 1.452002 99.755020 -6.976135 -0.001796 0.000027 
97 -3.552511 0.000000 2.904004 99.752073 -6.970335 -0.004059 0.000094 
98 -1.207854 0.000000 0.726001 99.721845 -6.985766 -0.032470 0.000675 
99 -1.989406 0.000000 0.726001 99.743979 -6.976795 -0.010188 0.000246 
100 -1.207854 0.000000 1.452002 99.730900 -6.975892 -0.006953 0.000508 
101 -0.035525 0.000000 0.363001 98.991775 -7.166540 -0.317289 0.014917 
102 -0.426301 0.000000 0.363001 99.743468 -7.035650 -0.176453 0.000171 
103 0.355251 0.000000 0.363001 100.299318 -7.523257 0.876042 -0.011732 
104 -0.035525 0.000000 0.726001 99.587935 -7.044806 0.047594 0.003261 
105 0.159863 0.000000 -0.181500 97.881224 -8.471025 -4.915939 0.032334 
106 -0.035525 0.000000 -0.181500 97.408337 -7.253523 4.310792 0.044042 
107 0.159863 0.000000 -0.363001 99.088927 -7.266958 -0.790148 0.012795 
108 0.355251 0.000000 -0.181500 101.559373 -9.018964 -1.872512 -0.039915 
109 0.159863 0.000000 0.000000 134.970590 0.104154 0.083066 -0.821708 
110 -0.817078 0.000000 -0.363001 99.733393 -7.005438 -0.048391 0.000417 
111 -1.207854 0.000000 -0.363001 99.740791 -6.987860 -0.039511 0.000294 
112 -0.817078 0.000000 -0.726001 99.742992 -6.989717 -0.059663 0.000248 
113 -0.817078 0.000000 0.000000 99.765986 -7.001782 -0.020245 -0.000228 
114 -0.230913 0.000000 -0.181500 100.593202 -7.104758 0.538880 -0.016976 
115 -0.426301 0.000000 -0.181500 99.952121 -7.117251 0.050428 -0.004108 
116 -0.230913 0.000000 -0.363001 99.591495 -7.074667 0.400277 0.003132 
117 -0.230913 0.000000 0.000000 101.729382 -7.176204 -0.015067 -0.040037 
118 1.918356 0.000000 0.726001 99.951453 -7.248398 -0.273154 -0.004291 
119 2.699909 0.000000 0.726001 99.740738 -7.149770 -0.180740 0.000063 
120 1.918356 0.000000 1.452002 99.696027 -6.896685 -0.011528 0.001314 
121 0.746027 0.000000 0.363001 99.660500 -7.558740 0.250188 0.001059 
122 1.136804 0.000000 0.363001 100.736713 -7.830544 0.546341 -0.020950 
123 0.746027 0.000000 0.726001 99.894041 -7.062354 0.142589 -0.002872 
124 0.159863 0.000000 0.181500 97.969518 -8.435100 5.061316 0.030521 
125 -0.035525 0.000000 0.181500 97.491520 -7.320372 -4.083791 0.042514 
126 0.355251 0.000000 0.181500 101.691681 -9.043672 1.947424 -0.042678 
127 0.159863 0.000000 0.363001 99.212306 -7.373668 0.935132 0.010167 
128 0.062169 0.000000 -0.090750 83.494155 -10.555810 -7.514557 0.286083 
129 -0.035525 0.000000 -0.090750 105.715133 -7.700588 23.294116 -0.177760 
130 0.062169 0.000000 -0.181500 95.315301 -7.876596 -1.235692 0.085143 
131 0.159863 0.000000 -0.090750 99.154947 -12.561670 -13.380034 -0.016852 
132 0.062169 0.000000 0.000000 227.298184 -0.792941 0.010653 -4.166509 
133 -0.817078 0.000000 0.363001 99.707278 -6.995547 -0.050101 0.000952 
134 -1.207854 0.000000 0.363001 99.727024 -6.986757 -0.034289 0.000570 
135 -0.817078 0.000000 0.726001 99.696022 -6.995098 -0.039359 0.001177 
136 -0.230913 0.000000 0.181500 100.570733 -7.115347 -0.616807 -0.016548 
137 -0.426301 0.000000 0.181500 99.916130 -7.028175 -0.157017 -0.003265 
138 -0.230913 0.000000 0.363001 99.596131 -7.060048 -0.427100 0.003058 
139 -0.133219 0.000000 -0.090750 104.605302 -7.302966 3.464313 -0.100760 
140 -0.230913 0.000000 -0.090750 101.269746 -7.159759 0.579608 -0.030716 
141 -0.133219 0.000000 -0.181500 100.372631 -7.376604 2.485741 -0.013526 
142 -0.133219 0.000000 0.000000 108.440899 -7.161687 0.014967 -0.181072 
143 0.062169 0.000000 0.090750 83.430361 -10.554642 7.596674 0.287026 
144 -0.035525 0.000000 0.090750 105.742608 -7.751268 -23.108573 -0.177559 
145 0.159863 0.000000 0.090750 99.233979 -12.464549 13.395814 -0.018220 
146 0.062169 0.000000 0.181500 95.407267 -7.927914 1.320264 0.083286 
147 0.013322 0.000000 -0.045375 69.354030 -11.622037 -13.634631 0.486904 
148 -0.035525 0.000000 -0.045375 155.800732 -7.723931 36.052957 -1.563334 
149 0.013322 0.000000 -0.090750 72.548677 -9.119756 8.842554 0.457533 
150 0.062169 0.000000 -0.045375 223.883037 -0.683537 -21.957477 -4.060621 
151 0.013322 0.000000 0.000000 283.435678 -3.675131 0.057404 -7.034929 
152 -0.133219 0.000000 0.090750 104.620403 -7.317624 -3.195768 -0.100919 
153 -0.230913 0.000000 0.090750 101.256774 -7.170533 -0.670981 -0.030480 
154 -0.133219 0.000000 0.181500 100.344342 -7.317471 -2.451130 -0.012854 
155 0.013322 0.000000 0.045375 69.307004 -11.925313 13.628099 0.486860 
156 -0.035525 0.000000 0.045375 155.806355 -7.760198 -35.881253 -1.562331 
157 0.062169 0.000000 0.045375 223.811414 -0.686023 21.907797 -4.057197 
158 0.013322 0.000000 0.090750 72.622342 -9.217628 -8.831328 0.456304 
159 -1.989406 0.000000 -8.712013 99.756862 -6.979016 -0.000612 -0.000014 
160 -5.115617 0.000000 -8.712013 99.756171 -6.977837 -0.000008 0.000002 
161 -1.989406 0.000000 -11.616017 99.756079 -6.978919 -0.000088 0.000002 
162 1.136804 0.000000 -8.712013 99.756960 -6.981617 -0.000533 -0.000019 
163 -0.426301 0.000000 -4.356007 99.757765 -6.996668 0.000428 -0.000056 
164 -1.989406 0.000000 -4.356007 99.761502 -6.988108 -0.005438 -0.000119 
165 -0.426301 0.000000 -5.808009 99.759274 -6.982245 -0.001917 -0.000066 
166 1.136804 0.000000 -4.356007 99.761615 -7.001290 0.001087 -0.000140 
167 0.355251 0.000000 -2.178003 99.812770 -6.984783 -0.026569 -0.001138 
168 -0.426301 0.000000 -2.178003 99.785058 -6.992216 -0.030387 -0.000595 
169 0.355251 0.000000 -2.904004 99.771966 -6.993857 -0.007115 -0.000336 
170 1.136804 0.000000 -2.178003 99.826546 -6.974706 -0.007346 -0.001399 
171 -0.035525 0.000000 -1.089002 99.741357 -7.021071 -0.078497 0.000236 
172 -0.426301 0.000000 -1.089002 99.762087 -6.992036 -0.077696 -0.000137 
173 -0.035525 0.000000 -1.452002 99.807231 -6.991534 -0.070982 -0.001037 
174 0.355251 0.000000 -1.089002 99.702792 -7.032773 -0.022340 0.000989 
175 0.159863 0.000000 -0.544501 99.376684 -7.129178 -0.187970 0.007341 
176 -0.035525 0.000000 -0.544501 99.530798 -7.088301 -0.061441 0.004337 
177 0.159863 0.000000 -0.726001 99.634977 -7.044049 -0.094800 0.002324 
178 0.355251 0.000000 -0.544501 99.507654 -7.165316 -0.176587 0.004685 
179 0.062169 0.000000 -0.272250 97.005279 -7.415926 -0.388293 0.053483 
180 -0.035525 0.000000 -0.272250 97.889103 -7.275551 1.423840 0.036276 
181 0.062169 0.000000 -0.363001 98.614626 -7.229902 -0.082801 0.022288 
182 0.159863 0.000000 -0.272250 98.264996 -7.585899 -1.968347 0.028257 
183 0.013322 0.000000 -0.136125 92.120422 -8.015198 4.280038 0.143127 
184 -0.035525 0.000000 -0.136125 98.880058 -7.430402 8.344052 0.009790 
185 0.013322 0.000000 -0.181500 95.403590 -7.506836 2.071340 0.083751 
186 0.062169 0.000000 -0.136125 92.912356 -8.550592 -2.989023 0.128525 
187 0.550639 0.000000 -0.181500 101.803419 -8.037375 -0.075266 -0.042854 
188 0.550639 0.000000 -0.363001 99.833915 -7.550673 -0.125056 -0.002384 
189 0.746027 0.000000 -0.181500 102.482173 -8.047584 -0.275955 -0.056744 
190 0.550639 0.000000 0.000000 101.746075 -6.565399 0.041667 -0.039537 
191 0.257557 0.000000 -0.090750 102.514828 -12.704896 -10.246244 -0.077569 
192 0.257557 0.000000 -0.181500 100.400230 -8.769328 -3.962940 -0.017281 
193 0.355251 0.000000 -0.090750 104.967650 -12.651845 -4.423092 -0.119784 
194 0.257557 0.000000 0.000000 95.504230 -0.197811 0.006607 0.087890 
195 0.111016 0.000000 -0.045375 167.657076 -0.235676 -15.587820 -1.835193 
196 0.111016 0.000000 -0.090750 91.288167 -12.449966 -15.265396 0.127844 
197 0.159863 0.000000 -0.045375 133.727543 0.044975 -9.800099 -0.797910 
198 0.111016 0.000000 0.000000 171.501204 -0.242107 0.000413 -1.941272 
199 0.037745 0.000000 -0.068063 70.599125 -11.721898 -13.817917 0.468743 
200 0.013322 0.000000 -0.068063 69.297704 -11.398619 -13.482156 0.488613 
201 0.037745 0.000000 -0.090750 81.074674 -9.898780 -3.933958 0.331344 
202 0.062169 0.000000 -0.068063 76.506728 -12.011276 -14.749769 0.378489 
203 0.037745 0.000000 -0.045375 70.165602 -11.775522 -13.792550 0.474789 
204 0.550639 0.000000 0.181500 101.768893 -8.038908 0.160382 -0.042156 
205 0.746027 0.000000 0.181500 102.397792 -8.074419 0.255863 -0.055057 
206 0.550639 0.000000 0.363001 99.970320 -7.522378 0.085298 -0.005066 
207 0.257557 0.000000 0.090750 102.517539 -12.735950 10.258388 -0.077728 
208 0.355251 0.000000 0.090750 105.007690 -12.667078 4.439325 -0.120678 
209 0.257557 0.000000 0.181500 100.554383 -8.792848 4.149024 -0.020571 
210 0.111016 0.000000 0.045375 167.607332 -0.231628 15.557132 -1.833430 
211 0.159863 0.000000 0.045375 133.711102 0.092930 9.873249 -0.797615 
212 0.111016 0.000000 0.090750 91.317916 -12.519648 15.277162 0.127090 
213 -1.989406 0.000000 8.712013 99.756123 -6.974212 -0.000280 0.000008 
214 -5.115617 0.000000 8.712013 99.756623 -6.974248 0.000070 -0.000002 
215 1.136804 0.000000 8.712013 99.756205 -6.973105 -0.000553 0.000008 
216 -1.989406 0.000000 11.616017 99.756747 -6.973528 -0.000066 -0.000004 
217 -0.426301 0.000000 4.356007 99.753256 -6.966860 0.001578 0.000075 
218 -1.989406 0.000000 4.356007 99.750376 -6.966056 -0.002806 0.000134 
219 1.136804 0.000000 4.356007 99.755100 -6.965658 0.001363 0.000040 
220 -0.426301 0.000000 5.808009 99.754154 -6.974060 -0.000795 0.000047 
221 0.355251 0.000000 2.178003 99.725623 -7.011959 0.002148 0.000563 
222 -0.426301 0.000000 2.178003 99.733898 -6.984426 0.001301 0.000437 
223 1.136804 0.000000 2.178003 99.740216 -7.000371 0.007036 0.000288 
224 0.355251 0.000000 2.904004 99.747412 -7.046616 0.004847 0.000080 
225 -0.035525 0.000000 1.089002 99.688514 -7.012761 0.022862 0.001302 
226 -0.426301 0.000000 1.089002 99.676086 -7.006390 -0.006828 0.001559 
227 0.355251 0.000000 1.089002 99.742286 -7.048167 0.068579 0.000179 
228 -0.035525 0.000000 1.452002 99.689590 -7.015602 0.009858 0.001277 
229 0.159863 0.000000 0.544501 99.506534 -7.155228 0.299677 0.004716 
230 -0.035525 0.000000 0.544501 99.524497 -7.075264 0.092053 0.004481 
231 0.355251 0.000000 0.544501 99.730247 -7.230162 0.391307 0.000145 
232 0.159863 0.000000 0.726001 99.659372 -7.068581 0.195111 0.001801 
233 0.062169 0.000000 0.272250 97.019803 -7.501817 0.493089 0.053064 
234 -0.035525 0.000000 0.272250 97.890888 -7.261996 -1.295306 0.036296 
235 0.159863 0.000000 0.272250 98.308607 -7.661277 2.145667 0.027212 
236 0.062169 0.000000 0.363001 98.686761 -7.262039 0.293549 0.020810 
237 0.013322 0.000000 0.136125 92.112451 -8.063665 -4.122966 0.143327 
238 -0.035525 0.000000 0.136125 98.901532 -7.479991 -8.156006 0.009602 
239 0.062169 0.000000 0.136125 92.925077 -8.618272 3.042127 0.128140 
240 0.013322 0.000000 0.181500 95.505446 -7.585978 -1.837331 0.081779 
241 0.037745 0.000000 0.068063 70.600358 -11.914337 13.824718 0.468252 
242 0.013322 0.000000 0.068063 69.268420 -11.711617 13.485416 0.488287 
243 0.037745 0.000000 0.045375 70.162593 -11.958009 13.796942 0.474386 
244 0.062169 0.000000 0.068063 76.519645 -12.173373 14.757163 0.377878 
245 0.037745 0.000000 0.090750 81.019776 -9.882908 3.978538 0.332230 
246 0.111016 0.000000 -0.136125 96.253785 -9.097677 -6.258239 0.061328 
247 0.111016 0.000000 -0.181500 96.504076 -8.226524 -3.594493 0.060637 
248 0.159863 0.000000 -0.136125 98.557672 -9.685654 -7.538537 0.013574 
249 0.086592 0.000000 -0.068063 90.569107 -12.381810 -15.082768 0.141644 
250 0.086592 0.000000 -0.090750 91.056526 -12.495236 -15.229983 0.132063 
251 0.111016 0.000000 -0.068063 91.274927 -12.317980 -15.165572 0.128716 
252 0.086592 0.000000 -0.045375 193.655288 -0.347099 -20.246258 -2.791240 
253 0.086592 0.000000 -0.113438 92.592100 -9.600274 -8.060056 0.126957 
254 0.062169 0.000000 -0.113438 89.658062 -9.247500 -5.037041 0.185054 
255 0.086592 0.000000 -0.136125 94.497447 -8.791576 -5.097959 0.096695 
256 0.111016 0.000000 -0.113438 95.520356 -9.927094 -8.877774 0.069850 
257 0.074381 0.000000 -0.079406 87.244211 -12.386383 -14.944602 0.201168 
258 0.062169 0.000000 -0.079406 77.611525 -12.107540 -14.786926 0.361121 
259 0.074381 0.000000 -0.090750 84.305800 -10.867235 -12.436860 0.261976 
260 0.086592 0.000000 -0.079406 90.704438 -12.400969 -15.116673 0.139041 
261 0.074381 0.000000 -0.068063 84.148789 -12.295750 -14.984618 0.254326 
262 0.111016 0.000000 0.136125 96.236100 -9.076696 6.398610 0.061528 
263 0.159863 0.000000 0.136125 98.595800 -9.683229 7.734860 0.012528 
264 0.111016 0.000000 0.181500 96.590374 -8.244509 3.700779 0.058863 
265 0.086592 0.000000 0.068063 90.622690 -12.282109 15.097053 0.140876 
266 0.086592 0.000000 0.045375 193.579148 -0.350748 20.154863 -2.787923 
267 0.111016 0.000000 0.068063 91.317792 -12.361385 15.183069 0.127773 
268 0.086592 0.000000 0.090750 91.119194 -12.367589 15.242423 0.131200 
269 0.086592 0.000000 0.113438 92.569904 -9.617743 8.087638 0.127290 
270 0.062169 0.000000 0.113438 89.650458 -9.287282 5.088465 0.185065 
271 0.111016 0.000000 0.113438 95.551676 -9.887242 9.008659 0.069096 
272 0.086592 0.000000 0.136125 94.522270 -8.807348 5.168204 0.096126 
273 0.074381 0.000000 0.079406 87.276177 -12.345724 14.952751 0.200687 
274 0.062169 0.000000 0.079406 77.625994 -12.249817 14.792810 0.360532 
275 0.074381 0.000000 0.068063 84.173730 -12.317950 14.991896 0.253829 
276 0.086592 0.000000 0.079406 90.757869 -12.308174 15.130719 0.138258 
277 0.074381 0.000000 0.090750 84.262403 -10.881920 12.447837 0.262648 
278 0.208710 0.000000 -0.045375 110.124253 -0.188556 -6.123722 -0.216489 
279 0.208710 0.000000 -0.090750 100.334630 -12.778385 -12.716336 -0.039203 
280 0.257557 0.000000 -0.045375 94.490663 -0.142117 -4.706657 0.104934 
281 0.208710 0.000000 0.000000 111.161439 -0.060287 0.022054 -0.235687 
282 0.135439 0.000000 -0.068063 92.015582 -12.414975 -15.383859 0.114234 
283 0.135439 0.000000 -0.090750 93.392154 -12.441034 -15.016374 0.089763 
284 0.159863 0.000000 -0.068063 131.988303 -0.065620 -14.813915 -0.764037 
285 0.135439 0.000000 -0.045375 149.127689 0.012156 -12.166147 -1.238708 
286 0.257557 0.000000 -0.272250 99.838289 -7.730884 -1.810900 -0.003073 
287 0.257557 0.000000 -0.363001 99.659355 -7.361804 -0.861235 0.001308 
288 0.355251 0.000000 -0.272250 100.512055 -7.871525 -0.924994 -0.016549 
289 0.208710 0.000000 -0.136125 100.071600 -10.006918 -7.602456 -0.017226 
290 0.208710 0.000000 -0.181500 99.023935 -8.475887 -5.096356 0.009645 
291 0.257557 0.000000 -0.136125 101.174224 -10.186877 -6.636631 -0.038404 
292 0.135439 0.000000 -0.113438 96.646139 -10.295846 -9.224173 0.046843 
293 0.135439 0.000000 -0.136125 97.479883 -9.388905 -6.883048 0.036214 
294 0.159863 0.000000 -0.113438 98.235094 -10.763145 -10.105301 0.013190 
295 0.123228 0.000000 -0.079406 91.439687 -12.345186 -15.242433 0.125405 
296 0.111016 0.000000 -0.079406 91.278451 -12.368483 -15.204663 0.128408 
297 0.123228 0.000000 -0.090750 91.261669 -12.424294 -15.259864 0.128408 
298 0.135439 0.000000 -0.079406 93.328937 -12.447049 -15.219410 0.090315 
299 0.123228 0.000000 -0.068063 91.266707 -12.429175 -15.260916 0.128301 
300 0.208710 0.000000 0.045375 110.101207 -0.186019 6.131488 -0.215991 
301 0.257557 0.000000 0.045375 94.499755 -0.195561 4.720905 0.104747 
302 0.208710 0.000000 0.090750 100.397022 -12.774772 12.728216 -0.040476 
303 0.135439 0.000000 0.068063 92.047515 -12.559915 15.397950 0.113241 
304 0.135439 0.000000 0.045375 148.883693 -0.162044 12.164669 -1.231436 
305 0.159863 0.000000 0.068063 131.953063 -0.020986 14.855206 -0.763229 
306 0.135439 0.000000 0.090750 93.443978 -12.529001 15.032811 0.088526 
307 0.257557 0.000000 0.272250 99.909728 -7.788302 1.990837 -0.004657 
308 0.355251 0.000000 0.272250 100.584640 -7.919917 1.123772 -0.018126 
309 0.257557 0.000000 0.363001 99.897279 -7.492476 1.103910 -0.003682 
310 0.208710 0.000000 0.136125 100.193667 -10.015861 7.784341 -0.019968 
311 0.257557 0.000000 0.136125 101.296379 -10.164452 6.751088 -0.040985 
312 0.208710 0.000000 0.181500 99.150650 -8.486394 5.307524 0.006896 
313 0.135439 0.000000 0.113438 96.692185 -10.274845 9.397700 0.045673 
314 0.159863 0.000000 0.113438 98.282316 -10.758509 10.227827 0.012023 
315 0.135439 0.000000 0.136125 97.512926 -9.373199 7.080364 0.035324 
316 0.123228 0.000000 0.079406 91.466878 -12.475831 15.258746 0.124533 
317 0.111016 0.000000 0.079406 91.315666 -12.425060 15.219836 0.127542 
318 0.123228 0.000000 0.068063 91.290590 -12.533881 15.271923 0.127570 
319 0.135439 0.000000 0.079406 93.384502 -12.538395 15.237518 0.088994 
320 0.123228 0.000000 0.090750 91.284175 -12.537223 15.270693 0.127682 
321 0.184287 0.000000 -0.068063 118.745345 -0.110628 -11.808110 -0.423990 
322 0.184287 0.000000 -0.090750 99.064972 -12.552475 -13.316223 -0.014876 
323 0.208710 0.000000 -0.068063 107.975841 -0.180491 -9.406079 -0.174729 
324 0.184287 0.000000 -0.045375 120.566031 -0.087406 -7.946844 -0.459933 
325 0.184287 0.000000 0.068063 118.743023 -0.092926 11.893432 -0.424137 
326 0.184287 0.000000 0.045375 120.528253 -0.068854 8.036553 -0.459165 
327 0.208710 0.000000 0.068063 108.030288 -0.183538 9.450791 -0.175989 
328 0.184287 0.000000 0.090750 99.142976 -12.529554 13.337063 -0.016420 
329 0.452945 0.000000 -0.090750 100.033701 -10.203941 -0.017803 -0.011086 
330 0.452945 0.000000 -0.181500 100.642681 -11.866309 -0.009531 -0.026976 
331 0.550639 0.000000 -0.090750 101.437774 -7.525658 0.007262 -0.034626 
332 0.452945 0.000000 0.000000 101.746074 -6.565399 0.041666 -0.039537 
333 0.306404 0.000000 -0.136125 102.308348 -10.518451 -4.600896 -0.059880 
334 0.306404 0.000000 -0.181500 101.084656 -8.886180 -3.047847 -0.030636 
335 0.355251 0.000000 -0.136125 103.988578 -10.698917 -3.081836 -0.093759 
336 0.306404 0.000000 -0.090750 104.211259 -12.576481 -6.464207 -0.105994 
337 0.233134 0.000000 -0.113438 101.452425 -11.699925 -9.106565 -0.051241 
338 0.208710 0.000000 -0.113438 100.814219 -11.420015 -9.773006 -0.038944 
339 0.233134 0.000000 -0.136125 100.608503 -10.120372 -7.184173 -0.027611 
340 0.257557 0.000000 -0.113438 102.553195 -12.719360 -10.250235 -0.078401 
341 0.233134 0.000000 -0.090750 102.903278 -12.782297 -10.283890 -0.085823 
342 0.452945 0.000000 0.090750 100.018501 -10.195121 0.071132 -0.010765 
343 0.550639 0.000000 0.090750 101.428267 -7.522880 0.067578 -0.034429 
344 0.452945 0.000000 0.181500 100.635588 -11.857966 0.037722 -0.026813 
345 0.306404 0.000000 0.136125 102.363545 -10.525012 4.763111 -0.061176 
346 0.306404 0.000000 0.090750 104.195798 -12.582752 6.479721 -0.105708 
347 0.355251 0.000000 0.136125 104.069647 -10.764033 3.106070 -0.095600 
348 0.306404 0.000000 0.181500 101.237287 -8.917002 3.272324 -0.033921 
349 0.233134 0.000000 0.113438 101.503401 -11.689845 9.159054 -0.052348 
350 0.208710 0.000000 0.113438 100.908410 -11.382515 9.845640 -0.040901 
351 0.233134 0.000000 0.090750 102.930052 -12.744906 10.291762 -0.086295 
352 0.257557 0.000000 0.113438 102.554042 -12.749246 10.260149 -0.078515 
353 0.233134 0.000000 0.136125 100.736208 -10.127055 7.305199 -0.030371 
354 0.306404 0.000000 -0.045375 84.210280 0.063338 -2.537713 0.290218 
355 0.355251 0.000000 -0.045375 77.813922 -0.032816 -1.486629 0.394278 
356 0.306404 0.000000 0.000000 84.725235 0.068637 0.023222 0.282163 
357 0.281981 0.000000 -0.113438 103.529754 -12.573386 -8.434368 -0.094764 
358 0.281981 0.000000 -0.136125 102.206126 -10.372589 -5.512949 -0.058408 
359 0.306404 0.000000 -0.113438 104.197067 -12.591517 -6.464297 -0.105736 
360 0.281981 0.000000 -0.090750 103.336225 -12.584951 -8.764093 -0.091357 
361 0.281981 0.000000 -0.068063 87.369423 0.078105 -5.318503 0.233829 
362 0.257557 0.000000 -0.068063 93.271896 -0.155871 -7.161497 0.124904 
363 0.306404 0.000000 -0.068063 83.429858 0.017805 -3.868247 0.302450 
364 0.281981 0.000000 -0.045375 88.446729 0.006910 -3.695952 0.216352 
365 0.269769 0.000000 -0.102094 102.651151 -12.644678 -9.994863 -0.079704 
366 0.257557 0.000000 -0.102094 102.512290 -12.703939 -10.245980 -0.077514 
367 0.269769 0.000000 -0.113438 102.606254 -12.627107 -10.255832 -0.079267 
368 0.281981 0.000000 -0.102094 103.346235 -12.579684 -9.273526 -0.092469 
369 0.269769 0.000000 -0.090750 102.562529 -12.665247 -10.251246 -0.078457 
370 0.306404 0.000000 0.045375 84.267135 0.052375 2.584137 0.289237 
371 0.355251 0.000000 0.045375 77.850484 -0.037443 1.445288 0.393721 
372 0.281981 0.000000 0.113438 103.548446 -12.548400 8.453812 -0.095121 
373 0.281981 0.000000 0.090750 103.354113 -12.568448 8.783788 -0.091719 
374 0.306404 0.000000 0.113438 104.172593 -12.606387 6.478138 -0.105282 
375 0.281981 0.000000 0.136125 102.141589 -10.477168 5.604274 -0.057408 
376 0.281981 0.000000 0.068063 87.460367 0.085445 5.327935 0.232229 
377 0.257557 0.000000 0.068063 93.321834 -0.176361 7.177878 0.123948 
378 0.281981 0.000000 0.045375 88.484293 -0.007985 3.748790 0.215648 
379 0.306404 0.000000 0.068063 83.516773 0.001232 3.910666 0.300966 
380 0.269769 0.000000 0.102094 102.663783 -12.659198 10.013043 -0.080037 
381 0.257557 0.000000 0.102094 102.515125 -12.735070 10.258271 -0.077676 
382 0.269769 0.000000 0.090750 102.572920 -12.684164 10.267447 -0.078751 
383 0.281981 0.000000 0.102094 103.372274 -12.540483 9.292279 -0.092944 
384 0.269769 0.000000 0.113438 102.623995 -12.634564 10.275966 -0.079691 
385 0.746027 0.000000 -1.089002 99.683924 -7.010858 -0.004091 0.001396 
386 0.746027 0.000000 -1.452002 99.853707 -7.044074 -0.033788 -0.002038 
387 1.136804 0.000000 -1.089002 99.682774 -7.031663 0.007769 0.001390 
388 0.550639 0.000000 -0.544501 99.553693 -7.204267 -0.158717 0.003714 
389 0.550639 0.000000 -0.726001 99.722903 -7.103176 -0.021921 0.000489 
390 0.746027 0.000000 -0.544501 99.769091 -7.476381 -0.091091 -0.000978 
391 0.452945 0.000000 -0.272250 100.323591 -7.937186 -0.181386 -0.012785 
392 0.452945 0.000000 -0.363001 100.040274 -7.438537 -0.272788 -0.006346 
393 0.550639 0.000000 -0.272250 101.885078 -12.041324 -0.010815 -0.052556 
394 0.404098 0.000000 -0.136125 99.403907 -12.525307 0.000198 -0.003802 
395 0.404098 0.000000 -0.181500 101.733894 -9.148341 -0.367457 -0.043361 
396 0.452945 0.000000 -0.136125 100.160283 -10.783724 -0.014853 -0.014837 
397 0.404098 0.000000 -0.090750 101.650507 -12.538393 -1.658790 -0.049279 
398 0.330828 0.000000 -0.113438 104.122221 -12.621012 -6.462705 -0.104249 
399 0.330828 0.000000 -0.136125 102.816423 -10.631031 -4.246843 -0.070227 
400 0.355251 0.000000 -0.113438 104.885589 -12.644150 -4.670488 -0.118267 
401 0.330828 0.000000 -0.090750 104.116977 -12.622081 -6.462348 -0.104142 
402 0.746027 0.000000 1.089002 99.843062 -7.122521 0.091157 -0.001938 
403 1.136804 0.000000 1.089002 99.975050 -7.129267 0.054394 -0.004584 
404 0.746027 0.000000 1.452002 99.700937 -7.025595 0.012250 0.001036 
405 0.550639 0.000000 0.544501 99.806275 -7.248030 0.192010 -0.001386 
406 0.746027 0.000000 0.544501 99.881196 -7.065941 0.056662 -0.002618 
407 0.550639 0.000000 0.726001 99.961037 -7.169690 0.211437 -0.004366 
408 0.452945 0.000000 0.272250 100.449857 -7.965629 0.237786 -0.015368 
409 0.550639 0.000000 0.272250 101.871381 -12.033035 0.036601 -0.052257 
410 0.452945 0.000000 0.363001 100.263813 -7.531622 0.331492 -0.010967 
411 0.404098 0.000000 0.136125 99.407904 -12.511879 0.008906 -0.003848 
412 0.404098 0.000000 0.090750 101.666472 -12.505482 1.672731 -0.049526 
413 0.452945 0.000000 0.136125 100.147509 -10.774812 0.061768 -0.014562 
414 0.404098 0.000000 0.181500 101.763353 -9.190962 0.457976 -0.044046 
415 0.330828 0.000000 0.113438 104.064930 -12.658606 6.470266 -0.103161 
416 0.330828 0.000000 0.090750 104.059870 -12.659449 6.469954 -0.103058 
417 0.355251 0.000000 0.113438 104.913246 -12.662931 4.685502 -0.118909 
418 0.330828 0.000000 0.136125 102.791391 -10.640183 4.347320 -0.069818 
419 0.404098 0.000000 -0.045375 76.036225 -0.008557 0.304644 0.421840 
420 0.452945 0.000000 -0.045375 100.400622 -8.610708 -0.034592 -0.015443 
421 0.404098 0.000000 0.000000 76.932506 -0.003712 0.002711 0.408139 
422 0.379675 0.000000 -0.113438 104.459727 -12.677106 -2.221719 -0.107748 
423 0.379675 0.000000 -0.136125 103.785133 -10.809705 -1.613094 -0.089081 
424 0.404098 0.000000 -0.113438 101.411087 -12.621743 -1.856454 -0.044696 
425 0.379675 0.000000 -0.090750 104.192733 -12.679933 -2.216343 -0.102182 
426 0.330828 0.000000 -0.068063 79.983085 -0.090752 -3.553439 0.359007 
427 0.355251 0.000000 -0.068063 76.725793 -0.048758 -2.283973 0.410793 
428 0.330828 0.000000 -0.045375 80.590878 -0.074655 -2.320742 0.349972 
429 0.343039 0.000000 -0.102094 104.455596 -12.615144 -6.123201 -0.110761 
430 0.330828 0.000000 -0.102094 104.119156 -12.621637 -6.462496 -0.104187 
431 0.343039 0.000000 -0.113438 104.517521 -12.623552 -5.988822 -0.111913 
432 0.355251 0.000000 -0.102094 104.970683 -12.652160 -4.763580 -0.120161 
433 0.343039 0.000000 -0.090750 104.315422 -12.613020 -6.474032 -0.108271 
434 0.404098 0.000000 0.045375 76.057411 -0.009708 -0.298813 0.421518 
435 0.452945 0.000000 0.045375 100.378922 -8.604687 0.093605 -0.014998 
436 0.330828 0.000000 0.068063 80.064162 -0.097948 3.601415 0.357675 
437 0.330828 0.000000 0.045375 80.640814 -0.079401 2.368235 0.349144 
438 0.355251 0.000000 0.068063 76.780298 -0.052478 2.251824 0.409971 
439 0.379675 0.000000 0.113438 104.447380 -12.666167 2.233451 -0.107468 
440 0.379675 0.000000 0.090750 104.167327 -12.665456 2.227200 -0.101621 
441 0.404098 0.000000 0.113438 101.440246 -12.586188 1.870177 -0.045203 
442 0.379675 0.000000 0.136125 103.850347 -10.847991 1.651243 -0.090530 
443 0.343039 0.000000 0.102094 104.433931 -12.650499 6.133755 -0.110410 
444 0.330828 0.000000 0.102094 104.061972 -12.659099 6.470084 -0.103101 
445 0.343039 0.000000 0.090750 104.281203 -12.651232 6.483723 -0.107666 
446 0.355251 0.000000 0.102094 105.021593 -12.669116 4.780961 -0.121290 
447 0.343039 0.000000 0.113438 104.509192 -12.655892 6.000756 -0.111835 
448 1.527580 0.000000 -0.363001 99.557127 -7.774248 -0.265091 0.002787 
449 1.527580 0.000000 -0.726001 99.428136 -7.290208 0.087630 0.006089 
450 1.918356 0.000000 -0.363001 100.220618 -8.125746 0.131604 -0.011022 
451 1.527580 0.000000 0.000000 104.103131 -7.032595 -2.135435 -0.089148 
452 0.941416 0.000000 -0.181500 102.257169 -8.146051 -0.313172 -0.052298 
453 0.941416 0.000000 -0.363001 99.330660 -7.694937 -0.207985 0.007416 
454 1.136804 0.000000 -0.181500 101.377957 -8.861076 -0.154206 -0.035603 
455 0.941416 0.000000 0.000000 101.985232 -6.870618 0.305041 -0.044829 
456 0.648333 0.000000 -0.090750 102.002741 -7.530654 -0.093209 -0.046128 
457 0.648333 0.000000 -0.181500 102.148976 -8.541911 -0.122812 -0.050739 
458 0.746027 0.000000 -0.090750 102.462717 -6.936444 -0.101938 -0.054673 
459 0.648333 0.000000 0.000000 102.099430 -6.584923 0.012265 -0.046765 
460 0.501792 0.000000 -0.136125 100.515589 -9.684118 -0.036762 -0.019717 
461 0.501792 0.000000 -0.181500 101.478130 -9.917561 -0.041029 -0.039617 
462 0.550639 0.000000 -0.136125 101.774337 -7.247691 -0.051716 -0.041055 
463 0.501792 0.000000 -0.090750 100.509948 -9.575173 -0.008598 -0.019393 
464 0.428522 0.000000 -0.113438 99.600727 -12.250104 -0.983580 -0.007134 
465 0.428522 0.000000 -0.136125 100.151667 -11.751816 -0.005489 -0.016846 
466 0.452945 0.000000 -0.113438 100.062516 -10.731814 -0.018861 -0.012768 
467 0.428522 0.000000 -0.090750 99.711149 -11.976486 -0.861595 -0.008649 
468 0.379675 0.000000 -0.068063 75.453450 -0.034653 -0.889825 0.430598 
469 0.404098 0.000000 -0.068063 99.405097 -11.924934 0.000553 -0.002358 
470 0.379675 0.000000 -0.045375 76.337513 -0.014305 -0.585328 0.417224 
471 0.391886 0.000000 -0.102094 103.104522 -12.687737 -2.046801 -0.079571 
472 0.379675 0.000000 -0.102094 104.465745 -12.676633 -2.221882 -0.107873 
473 0.391886 0.000000 -0.113438 102.993683 -12.684520 -1.998716 -0.077259 
474 0.404098 0.000000 -0.102094 101.471738 -12.631701 -1.887030 -0.045963 
475 0.391886 0.000000 -0.090750 102.842881 -12.678714 -1.923356 -0.074111 
476 0.379675 0.000000 0.068063 75.488728 -0.030079 0.917452 0.430061 
477 0.379675 0.000000 0.045375 76.359648 -0.037759 0.598274 0.416884 
478 0.404098 0.000000 0.068063 99.403274 -11.910670 0.018586 -0.002288 
479 1.527580 0.000000 0.363001 99.917216 -7.505840 -0.582397 -0.004013 
480 1.918356 0.000000 0.363001 100.283575 -7.128477 -0.762928 -0.010819 
481 1.527580 0.000000 0.726001 100.116464 -7.431292 -0.066780 -0.007853 
482 0.941416 0.000000 0.181500 102.214667 -8.181824 0.469329 -0.051500 
483 1.136804 0.000000 0.181500 101.375542 -8.885249 0.869431 -0.035670 
484 0.941416 0.000000 0.363001 99.906075 -7.664532 0.323519 -0.004007 
485 0.648333 0.000000 0.090750 101.969433 -7.538270 0.125389 -0.045461 
486 0.746027 0.000000 0.090750 102.431349 -6.945646 0.080546 -0.054043 
487 0.648333 0.000000 0.181500 102.090288 -8.557457 0.215172 -0.049570 
488 0.501792 0.000000 0.136125 100.495912 -9.677882 0.092984 -0.019310 
489 0.501792 0.000000 0.090750 100.499183 -9.567237 0.053073 -0.019162 
490 0.550639 0.000000 0.136125 101.748348 -7.248275 0.119970 -0.040528 
491 0.501792 0.000000 0.181500 101.453960 -9.916586 0.116585 -0.039126 
492 0.428522 0.000000 0.113438 99.632352 -12.227678 1.002905 -0.007713 
493 0.428522 0.000000 0.090750 99.736264 -11.956003 0.886678 -0.009105 
494 0.452945 0.000000 0.113438 100.050427 -10.722739 0.063525 -0.012507 
495 0.428522 0.000000 0.136125 100.145350 -11.740992 0.032431 -0.016694 
496 0.391886 0.000000 0.102094 103.093849 -12.660628 2.057934 -0.079287 
497 0.379675 0.000000 0.102094 104.452134 -12.666006 2.233536 -0.107566 
498 0.391886 0.000000 0.090750 102.836838 -12.653030 1.934505 -0.073926 
499 0.404098 0.000000 0.102094 101.500955 -12.595746 1.900664 -0.046471 
500 0.391886 0.000000 0.113438 102.985314 -12.657952 2.009872 -0.077024 
501 1.332192 0.000000 -0.181500 104.187879 -8.862070 -0.981817 -0.093461 
502 1.332192 0.000000 -0.363001 99.470282 -7.959682 -0.055836 0.004230 
503 1.527580 0.000000 -0.181500 104.584422 -8.559165 -1.540854 -0.101353 
504 1.332192 0.000000 0.000000 103.518187 -6.850278 -1.925378 -0.076665 
505 1.332192 0.000000 0.181500 103.680708 -8.940401 -1.349846 -0.083144 
506 1.527580 0.000000 0.181500 104.210087 -8.678086 -1.514871 -0.093735 
507 1.332192 0.000000 0.363001 100.588816 -7.707221 -0.406163 -0.017768 
508 1.234498 0.000000 -0.090750 97.221325 -11.478889 -0.220627 0.041620 
509 1.136804 0.000000 -0.090750 99.447971 -8.431818 0.380342 0.003886 
510 1.234498 0.000000 -0.181500 99.373081 -12.610917 -0.020751 -0.003404 
511 1.332192 0.000000 -0.090750 100.979516 -9.741897 -0.956998 -0.029268 
512 1.234498 0.000000 0.000000 58.591138 -0.167690 0.296152 0.656696 
513 1.234498 0.000000 0.090750 97.548456 -11.553970 -0.059205 0.035080 
514 1.136804 0.000000 0.090750 99.583031 -8.459153 0.629085 0.001127 
515 1.332192 0.000000 0.090750 100.894568 -9.837125 -1.041316 -0.027757 
516 1.234498 0.000000 0.181500 99.585893 -12.657765 0.087972 -0.007758 
517 4.263014 0.000000 -8.712013 99.756443 -6.984823 -0.000617 -0.000014 
518 4.263014 0.000000 -11.616017 99.755785 -6.982179 -0.000509 0.000003 
519 7.389224 0.000000 -8.712013 99.755876 -6.987164 -0.001186 -0.000006 
520 2.699909 0.000000 -4.356007 99.753723 -7.009073 0.001646 0.000007 
521 2.699909 0.000000 -5.808009 99.758836 -6.990086 -0.000400 -0.000069 
522 4.263014 0.000000 -4.356007 99.752035 -7.012224 -0.002301 0.000036 
523 1.918356 0.000000 -2.178003 99.810598 -6.972539 0.018151 -0.001077 
524 1.918356 0.000000 -2.904004 99.766835 -6.987172 0.002912 -0.000224 
525 2.699909 0.000000 -2.178003 99.759102 -6.999587 0.006751 -0.000087 
526 1.527580 0.000000 -1.089002 99.694386 -7.204904 -0.027064 0.000912 
527 1.527580 0.000000 -1.452002 99.755679 -6.984751 0.007939 0.000002 
528 1.918356 0.000000 -1.089002 99.401691 -7.178463 0.051666 0.006777 
529 1.332192 0.000000 -0.544501 99.520394 -7.459675 0.043361 0.004004 
530 1.136804 0.000000 -0.544501 99.512323 -7.398839 0.042955 0.004255 
531 1.332192 0.000000 -0.726001 99.516571 -7.200400 0.104162 0.004460 
532 1.527580 0.000000 -0.544501 99.732949 -7.476454 -0.083269 -0.000257 
533 1.234498 0.000000 -0.272250 100.095958 -8.315894 0.125716 -0.008837 
534 1.136804 0.000000 -0.272250 101.404168 -12.283786 -0.022683 -0.043370 
535 1.234498 0.000000 -0.363001 99.761883 -7.807135 -0.171088 -0.001341 
536 1.332192 0.000000 -0.272250 104.228517 -12.594237 -0.041210 -0.102220 
537 10.515434 0.000000 -2.904004 99.752263 -7.031812 -0.026911 0.000004 
538 10.515434 0.000000 -5.808009 99.754596 -6.998456 -0.005681 0.000004 
539 13.641644 0.000000 -2.904004 99.752657 -7.027594 -0.032292 0.000002 
540 10.515434 0.000000 0.000000 99.823998 -6.003065 0.165459 -0.000089 
541 5.826119 0.000000 -1.452002 99.740662 -7.140747 -0.085019 0.000080 
542 5.826119 0.000000 -2.904004 99.749188 -7.038587 -0.016427 0.000056 
543 7.389224 0.000000 -1.452002 99.745080 -7.124638 -0.099191 0.000015 
544 5.826119 0.000000 0.000000 99.904447 -4.798503 3.467186 -0.001595 
545 3.481461 0.000000 -0.726001 99.689795 -7.415140 -0.166517 0.000693 
546 3.481461 0.000000 -1.452002 99.735513 -7.088786 -0.027645 0.000258 
547 4.263014 0.000000 -0.726001 99.709992 -7.420006 -0.244399 0.000280 
548 3.481461 0.000000 0.000000 99.884486 -4.320623 -2.411142 -0.000139 
549 2.309132 0.000000 -0.363001 98.783360 -7.810919 -0.337492 0.018072 
550 2.309132 0.000000 -0.726001 99.532679 -7.370649 -0.035290 0.003892 
551 2.699909 0.000000 -0.363001 99.641887 -7.412807 -0.205904 0.001650 
552 2.309132 0.000000 0.000000 142.623169 -4.434682 -2.196124 -1.036586 
553 1.722968 0.000000 -0.181500 104.805679 -7.638508 -1.835552 -0.104595 
554 1.722968 0.000000 -0.363001 99.931540 -7.677531 -0.318602 -0.004536 
555 1.918356 0.000000 -0.181500 104.486131 -6.627857 -1.763620 -0.096439 
556 1.722968 0.000000 0.000000 104.566680 -6.639173 -2.305051 -0.098358 
557 1.429886 0.000000 -0.090750 103.989364 -8.955870 -1.211200 -0.089546 
558 1.429886 0.000000 -0.181500 104.205509 -9.002178 -0.956195 -0.094074 
559 1.527580 0.000000 -0.090750 104.318153 -8.197086 -1.660371 -0.095223 
560 1.429886 0.000000 0.000000 103.517639 -6.848937 -1.925931 -0.076652 
561 1.283345 0.000000 -0.136125 99.714632 -10.750525 -0.525907 -0.005886 
562 1.234498 0.000000 -0.136125 97.516229 -11.733451 -0.151539 0.035289 
563 1.283345 0.000000 -0.181500 101.287701 -11.526193 -0.320114 -0.039215 
564 1.332192 0.000000 -0.136125 101.276311 -9.355270 -0.986145 -0.034538 
565 1.283345 0.000000 -0.090750 99.046142 -10.507739 -0.606957 0.007908 
566 10.515434 0.000000 2.904004 99.755868 -6.976684 -0.003441 0.000009 
567 13.641644 0.000000 2.904004 99.756335 -6.975941 -0.001700 0.000001 
568 10.515434 0.000000 5.808009 99.756931 -6.968367 -0.002650 -0.000000 
569 5.826119 0.000000 1.452002 99.749563 -7.039875 -0.010097 0.000046 
570 7.389224 0.000000 1.452002 99.750142 -7.038742 0.006278 0.000037 
571 5.826119 0.000000 2.904004 99.757271 -6.978083 -0.010676 -0.000021 
572 3.481461 0.000000 0.726001 99.693249 -7.304665 -0.075617 0.000789 
573 4.263014 0.000000 0.726001 99.717910 -7.319117 -0.030572 0.000277 
574 3.481461 0.000000 1.452002 99.741414 -7.024828 -0.040240 0.000230 
575 2.309132 0.000000 0.363001 99.142841 -7.205405 -0.468584 0.011856 
576 2.699909 0.000000 0.363001 99.712489 -7.421624 -0.533073 0.000205 
577 2.309132 0.000000 0.726001 99.830057 -7.354678 -0.318743 -0.002023 
578 1.722968 0.000000 0.181500 104.468580 -7.978964 -1.815196 -0.098064 
579 1.918356 0.000000 0.181500 104.068868 -7.150086 -1.223639 -0.088295 
580 1.722968 0.000000 0.363001 100.078080 -7.482579 -0.618344 -0.007199 
581 1.429886 0.000000 0.090750 103.675268 -9.047710 -1.297038 -0.083210 
582 1.527580 0.000000 0.090750 104.068110 -8.340383 -1.711166 -0.090266 
583 1.429886 0.000000 0.181500 103.684536 -9.151919 -1.350356 -0.083606 
584 4.263014 0.000000 8.712013 99.756244 -6.971508 -0.000859 0.000009 
585 7.389224 0.000000 8.712013 99.756381 -6.970193 -0.001007 0.000008 
586 4.263014 0.000000 11.616017 99.756898 -6.971854 -0.000504 -0.000005 
587 2.699909 0.000000 4.356007 99.760711 -6.961363 -0.001745 -0.000066 
588 4.263014 0.000000 4.356007 99.758404 -6.966068 -0.004183 -0.000027 
589 2.699909 0.000000 5.808009 99.754185 -6.972241 -0.001492 0.000049 
590 1.918356 0.000000 2.178003 99.739966 -7.026284 -0.002707 0.000257 
591 2.699909 0.000000 2.178003 99.751660 -7.036083 -0.020073 0.000010 
592 1.918356 0.000000 2.904004 99.755862 -7.006080 -0.005136 -0.000032 
593 1.527580 0.000000 1.089002 99.912586 -6.966143 -0.017823 -0.003105 
594 1.918356 0.000000 1.089002 99.852151 -6.903735 -0.099148 -0.001812 
595 1.527580 0.000000 1.452002 99.711617 -7.061236 -0.001075 0.000773 
596 1.332192 0.000000 0.544501 100.197678 -7.503807 0.014255 -0.009588 
597 1.136804 0.000000 0.544501 99.996118 -7.321809 0.102876 -0.005284 
598 1.527580 0.000000 0.544501 100.019481 -7.284688 -0.171320 -0.005699 
599 1.332192 0.000000 0.726001 100.254785 -7.279813 0.062791 -0.010402 
600 1.234498 0.000000 0.272250 101.210632 -8.390133 0.368288 -0.031412 
601 1.136804 0.000000 0.272250 101.553591 -12.322092 0.132090 -0.046498 
602 1.332192 0.000000 0.272250 103.586957 -12.772582 -0.105160 -0.089341 
603 1.234498 0.000000 0.363001 100.784996 -7.861919 -0.003488 -0.021943 
604 1.283345 0.000000 0.136125 99.755398 -10.843080 -0.687686 -0.006918 
605 1.234498 0.000000 0.136125 97.801574 -11.806280 -0.018179 0.029546 
606 1.283345 0.000000 0.090750 99.170692 -10.595978 -0.778202 0.005229 
607 1.332192 0.000000 0.136125 101.086780 -9.433330 -1.250233 -0.030909 
608 1.283345 0.000000 0.181500 101.079500 -11.642641 -0.446450 -0.035282 
609 2.113744 0.000000 -0.181500 98.591534 -6.850055 4.061012 0.021629 
610 2.113744 0.000000 -0.363001 99.599858 -8.293102 0.792955 0.001046 
611 2.309132 0.000000 -0.181500 97.094416 -5.809336 -3.511752 0.052659 
612 2.113744 0.000000 0.000000 107.283850 0.422250 0.074946 -0.151001 
613 2.113744 0.000000 0.181500 99.380423 -5.673442 -4.662767 0.006960 
614 2.309132 0.000000 0.181500 97.676983 -6.003636 1.806898 0.041990 
615 2.113744 0.000000 0.363001 99.908706 -6.796932 -1.392871 -0.002989 
616 2.016050 0.000000 -0.090750 106.851422 -6.215463 -1.258913 -0.145744 
617 1.918356 0.000000 -0.090750 104.405811 -6.122580 -1.800447 -0.094130 
618 2.016050 0.000000 -0.181500 105.743495 -6.831620 0.061868 -0.122836 
619 2.113744 0.000000 -0.090750 102.663792 -7.874105 10.784140 -0.071815 
620 2.016050 0.000000 0.000000 104.239440 -5.649203 -2.195582 -0.090259 
621 2.016050 0.000000 0.090750 106.719280 -7.107936 -0.463347 -0.143974 
622 1.918356 0.000000 0.090750 104.160054 -6.450226 -1.832153 -0.089428 
623 2.113744 0.000000 0.090750 104.214625 -8.290260 -10.968963 -0.104973 
624 2.016050 0.000000 0.181500 105.382555 -8.011363 -0.583450 -0.117001 
625 2.309132 0.000000 -1.089002 99.417895 -7.163362 -0.051752 0.006477 
626 2.309132 0.000000 -1.452002 99.786778 -7.066495 0.047039 -0.000734 
627 2.699909 0.000000 -1.089002 99.751460 -7.399842 0.054821 -0.000511 
628 2.113744 0.000000 -0.544501 99.366494 -7.918875 0.114967 0.006358 
629 1.918356 0.000000 -0.544501 99.620478 -7.722126 0.059030 0.001613 
630 2.113744 0.000000 -0.726001 99.593585 -7.461516 0.022977 0.002544 
631 2.309132 0.000000 -0.544501 99.268056 -7.831147 -0.155133 0.008450 
632 2.016050 0.000000 -0.272250 99.960177 -7.030749 1.181740 -0.004287 
633 1.918356 0.000000 -0.272250 104.719964 -8.393455 -0.142587 -0.103674 
634 2.016050 0.000000 -0.363001 100.128893 -8.173132 0.603630 -0.009296 
635 2.113744 0.000000 -0.272250 98.435164 -7.475702 1.548472 0.025223 
636 3.090685 0.000000 -0.363001 99.601071 -7.349786 -0.121970 0.002559 
637 3.090685 0.000000 -0.726001 99.690169 -7.529003 -0.070053 0.000518 
638 3.481461 0.000000 -0.363001 99.669838 -7.510024 0.227635 0.000947 
639 3.090685 0.000000 0.000000 99.849560 -4.184635 -2.373358 0.000692 
640 2.504521 0.000000 -0.181500 100.273713 -5.367662 -0.970014 -0.008457 
641 2.504521 0.000000 -0.363001 99.370604 -7.434724 -0.572976 0.006988 
642 2.699909 0.000000 -0.181500 99.903190 -4.956654 -0.428115 -0.000540 
643 2.504521 0.000000 0.000000 101.258674 -4.356452 -2.135756 -0.027686 
644 2.211438 0.000000 -0.090750 86.233193 -7.739153 15.591649 0.226084 
645 2.211438 0.000000 -0.181500 94.508184 -6.429936 1.906001 0.102323 
646 2.309132 0.000000 -0.090750 108.389499 -4.511353 -22.274648 -0.226480 
647 2.211438 0.000000 0.000000 157.915747 -0.718887 -0.539352 -1.493819 
648 2.064897 0.000000 -0.136125 106.592010 -6.312937 0.351458 -0.140183 
649 2.016050 0.000000 -0.136125 106.892744 -6.826566 -1.106200 -0.147388 
650 2.064897 0.000000 -0.181500 99.617800 -6.101859 3.390443 0.002757 
651 2.113744 0.000000 -0.136125 100.891295 -7.093530 6.752704 -0.027497 
652 2.064897 0.000000 -0.090750 106.655848 -6.370307 2.514995 -0.142238 
653 3.090685 0.000000 0.363001 99.727236 -7.399681 -0.820562 -0.000095 
654 3.481461 0.000000 0.363001 99.655048 -7.700995 -0.676803 0.000911 
655 3.090685 0.000000 0.726001 99.675883 -7.255754 -0.115598 0.001206 
656 2.504521 0.000000 0.181500 100.299245 -5.681412 -0.637184 -0.009262 
657 2.699909 0.000000 0.181500 99.908891 -5.576862 -1.227931 -0.001440 
658 2.504521 0.000000 0.363001 99.516307 -7.510833 -0.244471 0.004003 
659 2.211438 0.000000 0.090750 87.952347 -7.377993 -15.926659 0.195629 
660 2.309132 0.000000 0.090750 108.946876 -4.600710 18.457226 -0.223126 
661 2.211438 0.000000 0.181500 95.539072 -6.053397 -3.100250 0.082603 
662 2.309132 0.000000 1.089002 99.738321 -6.971713 -0.093844 0.000365 
663 2.699909 0.000000 1.089002 99.715425 -7.003668 -0.091561 0.000777 
664 2.309132 0.000000 1.452002 99.713705 -6.899874 -0.030335 0.000957 
665 2.113744 0.000000 0.544501 99.567682 -6.805594 -0.627318 0.003957 
666 1.918356 0.000000 0.544501 99.960037 -6.654505 -0.518621 -0.003656 
667 2.309132 0.000000 0.544501 99.450268 -7.151746 -0.354139 0.005837 
668 2.113744 0.000000 0.726001 99.850206 -7.294701 -0.325751 -0.002338 
669 2.016050 0.000000 0.272250 100.220935 -6.587753 -1.747137 -0.009069 
670 1.918356 0.000000 0.272250 103.989155 -9.253592 -0.745285 -0.089993 
671 2.113744 0.000000 0.272250 98.953284 -6.232417 -2.312171 0.016406 
672 2.016050 0.000000 0.363001 100.294173 -6.649218 -1.083225 -0.010431 
673 2.064897 0.000000 0.136125 106.390816 -7.576716 -0.733388 -0.137695 
674 2.016050 0.000000 0.136125 106.708254 -7.706194 -0.237654 -0.144609 
675 2.064897 0.000000 0.090750 106.836546 -7.379239 -2.921305 -0.147703 
676 2.113744 0.000000 0.136125 102.010799 -6.473372 -7.164743 -0.049944 
677 2.064897 0.000000 0.181500 100.271717 -5.609043 -3.782286 -0.010018 
678 2.211438 0.000000 -0.272250 97.089346 -7.670553 0.675222 0.051437 
679 2.211438 0.000000 -0.363001 98.811401 -8.045387 0.331878 0.017147 
680 2.309132 0.000000 -0.272250 97.923383 -7.323453 -0.879370 0.035660 
681 2.162591 0.000000 -0.136125 96.464477 -7.089278 7.849978 0.058272 
682 2.162591 0.000000 -0.181500 96.439282 -6.444957 3.796522 0.064351 
683 2.211438 0.000000 -0.136125 91.369487 -6.384448 4.706228 0.158871 
684 2.162591 0.000000 -0.090750 96.028992 -8.292368 15.029949 0.048377 
685 2.064897 0.000000 -0.045375 106.704237 -6.225568 0.366564 -0.142469 
686 2.016050 0.000000 -0.045375 106.290195 -5.894830 -2.056527 -0.133658 
687 2.113744 0.000000 -0.045375 106.134904 0.443644 4.999054 -0.128981 
688 2.064897 0.000000 0.000000 95.627348 0.332141 0.042326 0.085530 
689 2.089321 0.000000 -0.113438 104.545372 -6.818550 5.507745 -0.100656 
690 2.064897 0.000000 -0.113438 105.824975 -6.315099 4.071743 -0.125538 
691 2.089321 0.000000 -0.136125 106.851010 -5.146407 0.288189 -0.144371 
692 2.113744 0.000000 -0.113438 102.718407 -7.869326 10.649511 -0.072641 
693 2.089321 0.000000 -0.090750 104.665355 -6.780391 5.291349 -0.102881 
694 2.064897 0.000000 0.045375 106.539168 -7.508890 -0.723267 -0.140750 
695 2.016050 0.000000 0.045375 106.092977 -6.453106 -1.242717 -0.129891 
696 2.113744 0.000000 0.045375 105.641569 0.761999 -4.862446 -0.118437 
697 2.211438 0.000000 0.272250 97.599075 -6.571613 -1.471159 0.042907 
698 2.309132 0.000000 0.272250 98.400420 -6.668465 -0.214182 0.027284 
699 2.211438 0.000000 0.363001 99.223431 -6.963494 -1.054142 0.010511 
700 2.162591 0.000000 0.136125 97.664010 -6.453933 -8.521855 0.034747 
701 2.162591 0.000000 0.090750 97.469502 -8.171016 -15.280922 0.019942 
702 2.211438 0.000000 0.136125 92.776138 -6.141228 -5.834800 0.132083 
703 2.162591 0.000000 0.181500 97.584808 -6.138217 -4.735918 0.041710 
704 2.089321 0.000000 0.113438 105.655216 -7.527898 -5.656113 -0.125169 
705 2.064897 0.000000 0.113438 106.329907 -7.251331 -4.329359 -0.137737 
706 2.089321 0.000000 0.090750 105.725324 -7.515019 -5.451103 -0.126403 
707 2.113744 0.000000 0.113438 104.269696 -8.286831 -10.832286 -0.105818 
708 2.089321 0.000000 0.136125 106.886457 -6.673984 -0.406192 -0.146942 
709 2.162591 0.000000 -0.045375 126.553856 0.107226 8.854437 -0.609429 
710 2.211438 0.000000 -0.045375 159.040555 -0.734164 11.672651 -1.543069 
711 2.162591 0.000000 0.000000 128.045973 0.107206 -0.187776 -0.639582 
712 2.138168 0.000000 -0.113438 99.510062 -8.099723 14.707666 -0.018417 
713 2.138168 0.000000 -0.136125 98.793239 -6.989342 7.881802 0.012892 
714 2.162591 0.000000 -0.113438 96.330505 -7.910881 11.541558 0.052464 
715 2.138168 0.000000 -0.090750 99.243239 -8.144351 14.667540 -0.013069 
716 2.089321 0.000000 -0.068063 106.851740 -5.148137 0.289840 -0.144388 
717 2.064897 0.000000 -0.068063 107.495264 -7.570802 -1.067198 -0.161369 
718 2.113744 0.000000 -0.068063 104.264315 0.376149 7.183645 -0.092279 
719 2.089321 0.000000 -0.045375 100.173245 0.209453 3.310707 -0.004568 
720 2.101533 0.000000 -0.102094 103.783192 -7.536097 7.681102 -0.088674 
721 2.089321 0.000000 -0.102094 104.374436 -7.044279 5.898698 -0.097844 
722 2.101533 0.000000 -0.113438 104.006300 -7.513605 7.186573 -0.092541 
723 2.113744 0.000000 -0.102094 102.606296 -7.892564 11.217175 -0.071617 
724 2.101533 0.000000 -0.090750 103.803086 -7.610704 7.732171 -0.089279 
725 2.162591 0.000000 0.045375 125.983209 0.400244 -8.863942 -0.595050 
726 2.211438 0.000000 0.045375 158.001874 -0.032842 -11.865924 -1.510539 
727 2.089321 0.000000 0.068063 106.886938 -6.674914 -0.408658 -0.146954 
728 2.064897 0.000000 0.068063 107.218168 -8.436410 0.116431 -0.156692 
729 2.089321 0.000000 0.045375 99.638101 1.099687 -3.161654 0.006104 
730 2.113744 0.000000 0.068063 103.505785 1.208964 -6.952675 -0.076325 
731 2.138168 0.000000 0.113438 100.950052 -8.490388 -14.945384 -0.048636 
732 2.138168 0.000000 0.090750 100.670254 -8.478308 -14.903276 -0.042849 
733 2.162591 0.000000 0.113438 97.732812 -7.441864 -12.001191 0.024889 
734 2.138168 0.000000 0.136125 99.880942 -6.715211 -8.426780 -0.009231 
735 2.101533 0.000000 0.102094 105.264417 -8.028931 -7.815105 -0.120614 
736 2.089321 0.000000 0.102094 105.627962 -7.674174 -6.030679 -0.125253 
737 2.101533 0.000000 0.090750 105.314823 -8.084829 -7.867942 -0.121848 
738 2.113744 0.000000 0.102094 104.163289 -8.306469 -11.409287 -0.104916 
739 2.101533 0.000000 0.113438 105.478245 -8.021582 -7.313664 -0.124350 
740 2.138168 0.000000 -0.068063 113.015682 0.342553 10.524045 -0.288342 
741 2.162591 0.000000 -0.068063 124.405730 0.264618 13.331742 -0.565459 
742 2.138168 0.000000 -0.045375 114.852019 0.179412 7.070158 -0.324101 
743 2.125956 0.000000 -0.102094 100.299835 -8.033910 14.558317 -0.033655 
744 2.125956 0.000000 -0.113438 100.921732 -8.012311 13.824295 -0.044050 
745 2.138168 0.000000 -0.102094 99.352535 -8.125287 14.683816 -0.015256 
746 2.125956 0.000000 -0.090750 100.837551 -8.016759 13.907076 -0.042589 
747 2.138168 0.000000 0.068063 112.313553 0.803390 -10.311970 -0.272132 
748 2.138168 0.000000 0.045375 114.386516 0.687400 -6.960051 -0.313319 
749 2.162591 0.000000 0.068063 123.802150 0.618799 -13.249909 -0.550292 
750 2.125956 0.000000 0.102094 101.793299 -8.396641 -14.796411 -0.065131 
751 2.125956 0.000000 0.090750 102.347338 -8.397699 -14.136921 -0.074535 
752 2.138168 0.000000 0.102094 100.784478 -8.485740 -14.920383 -0.045214 
753 2.125956 0.000000 0.113438 102.435112 -8.393808 -14.053124 -0.076090 
754 2.406827 0.000000 -0.090750 103.071266 -4.171894 -4.213381 -0.065884 
755 2.406827 0.000000 -0.181500 100.019779 -5.505219 -2.478341 -0.004041 
756 2.504521 0.000000 -0.090750 100.865361 -3.935390 -1.944608 -0.019309 
757 2.406827 0.000000 0.000000 106.129371 -4.716632 -2.223872 -0.129064 
758 2.260285 0.000000 -0.136125 89.261515 -5.675800 -3.792560 0.198578 
759 2.260285 0.000000 -0.181500 94.452381 -6.350805 -1.449292 0.103631 
760 2.309132 0.000000 -0.136125 97.333975 -5.291695 -8.801664 0.042063 
761 2.260285 0.000000 -0.090750 68.072631 -6.688084 11.233808 0.519519 
762 2.187015 0.000000 -0.113438 93.439039 -7.449503 10.628183 0.110069 
763 2.187015 0.000000 -0.136125 93.914910 -6.900289 6.779970 0.108641 
764 2.211438 0.000000 -0.113438 88.280859 -7.000664 8.815106 0.207977 
765 2.187015 0.000000 -0.090750 90.259517 -8.034441 16.469304 0.151743 
766 2.150380 0.000000 -0.102094 98.420305 -8.260608 14.543819 0.003368 
767 2.150380 0.000000 -0.113438 98.791808 -8.222938 14.600280 -0.004061 
768 2.162591 0.000000 -0.102094 96.109200 -8.277760 15.179316 0.046409 
769 2.150380 0.000000 -0.090750 97.734515 -8.270737 14.720758 0.016286 
770 2.406827 0.000000 0.090750 103.226559 -4.572532 1.053255 -0.067774 
771 2.504521 0.000000 0.090750 100.919794 -4.253626 -1.141225 -0.020420 
772 2.406827 0.000000 0.181500 100.224751 -5.743894 0.759627 -0.007857 
773 2.260285 0.000000 0.136125 90.747155 -5.684599 1.959375 0.172880 
774 2.260285 0.000000 0.090750 70.895405 -6.927900 -11.724406 0.478838 
775 2.309132 0.000000 0.136125 98.092686 -5.277037 6.418544 0.030878 
776 2.260285 0.000000 0.181500 95.249031 -6.018806 0.202674 0.089135 
777 2.187015 0.000000 0.113438 94.888611 -6.899849 -11.350818 0.081970 
778 2.187015 0.000000 0.090750 91.828380 -7.662028 -16.779486 0.122729 
779 2.211438 0.000000 0.113438 89.760998 -6.550183 -9.658353 0.180677 
780 2.187015 0.000000 0.136125 95.101966 -6.248333 -7.624658 0.085844 
781 2.150380 0.000000 0.102094 99.827195 -8.394723 -14.775763 -0.025426 
782 2.150380 0.000000 0.090750 99.150532 -8.333294 -14.958667 -0.012403 
783 2.162591 0.000000 0.102094 97.548332 -8.189763 -15.431966 0.017911 
784 2.150380 0.000000 0.113438 100.198392 -8.448100 -14.832593 -0.033109 
785 2.260285 0.000000 -0.045375 193.620380 -2.270173 -0.984253 -2.749497 
786 2.309132 0.000000 -0.045375 137.265660 -3.988867 -18.092913 -0.918513 
787 2.260285 0.000000 0.000000 176.943307 -2.693620 -1.471344 -2.131835 
788 2.187015 0.000000 -0.068063 138.559455 -0.485933 16.699952 -0.947785 
789 2.211438 0.000000 -0.068063 159.437984 -0.584074 20.309041 -1.583327 
790 2.187015 0.000000 -0.045375 141.206780 -0.281311 10.807752 -1.005624 
791 2.174803 0.000000 -0.102094 93.026934 -8.195743 15.998229 0.102288 
792 2.174803 0.000000 -0.113438 94.999398 -7.567832 10.841499 0.080030 
793 2.187015 0.000000 -0.102094 90.292648 -8.038167 16.475292 0.151119 
794 2.174803 0.000000 -0.090750 92.645094 -8.179897 16.111233 0.109040 
795 2.260285 0.000000 0.045375 190.858817 -2.249784 -1.266334 -2.643375 
796 2.309132 0.000000 0.045375 136.852161 -4.519927 13.438991 -0.892955 
797 2.187015 0.000000 0.068063 137.722404 1.167641 -16.784235 -0.925053 
798 2.187015 0.000000 0.045375 140.414888 0.316546 -10.979242 -0.983698 
799 2.211438 0.000000 0.068063 158.084735 0.544447 -20.353784 -1.540536 
800 2.174803 0.000000 0.102094 94.527469 -7.929637 -16.282036 0.073657 
801 2.174803 0.000000 0.090750 94.154125 -7.900354 -16.399248 0.080365 
802 2.187015 0.000000 0.102094 91.862110 -7.667302 -16.785531 0.122081 
803 2.174803 0.000000 0.113438 96.444991 -7.183290 -11.482174 0.051492 
804 2.235862 0.000000 -0.068063 72.294897 -6.864556 11.930099 0.458400 
805 2.235862 0.000000 -0.090750 73.573619 -6.943803 12.140750 0.439131 
806 2.260285 0.000000 -0.068063 66.364478 -6.628834 10.952220 0.543186 
807 2.235862 0.000000 -0.045375 177.736109 -1.181814 9.721438 -2.168603 
808 2.235862 0.000000 -0.113438 84.375866 -6.342277 3.264149 0.282983 
809 2.235862 0.000000 -0.136125 89.336892 -6.053599 1.187334 0.198086 
810 2.260285 0.000000 -0.113438 81.466628 -5.617350 -5.432822 0.330212 
811 2.223650 0.000000 -0.079406 79.573680 -7.314849 13.680612 0.342736 
812 2.211438 0.000000 -0.079406 85.769843 -7.708103 15.465233 0.234495 
813 2.223650 0.000000 -0.090750 79.592850 -7.324287 13.587099 0.342672 
814 2.235862 0.000000 -0.079406 73.419357 -6.933527 12.115268 0.441474 
815 2.223650 0.000000 -0.068063 170.654884 -0.778954 18.200416 -1.945495 
816 2.235862 0.000000 0.068063 74.909111 -6.940270 -12.386835 0.418702 
817 2.235862 0.000000 0.045375 175.965794 -0.928956 -10.840906 -2.108235 
818 2.260285 0.000000 0.068063 69.309537 -6.946041 -11.460608 0.501660 
819 2.235862 0.000000 0.090750 76.086788 -6.988421 -12.581186 0.400368 
820 2.235862 0.000000 0.113438 86.313578 -6.137125 -4.616291 0.249099 
821 2.260285 0.000000 0.113438 83.670896 -5.779571 3.395731 0.295425 
822 2.235862 0.000000 0.136125 90.937155 -5.892135 -2.660729 0.168864 
823 2.223650 0.000000 0.079406 81.677244 -7.184805 -14.065428 0.307937 
824 2.211438 0.000000 0.079406 87.513556 -7.368931 -15.803826 0.203732 
825 2.223650 0.000000 0.068063 168.939480 0.305821 -18.451842 -1.888111 
826 2.235862 0.000000 0.079406 75.944239 -6.983851 -12.557634 0.402600 
827 2.223650 0.000000 0.090750 81.689068 -7.176708 -13.968415 0.308027 
828 2.357979 0.000000 -0.045375 112.497221 -4.083605 -6.695259 -0.271713 
829 2.357979 0.000000 -0.090750 106.139475 -4.381107 -7.526422 -0.134143 
830 2.406827 0.000000 -0.045375 105.277028 -4.265349 -3.824387 -0.111607 
831 2.357979 0.000000 0.000000 114.915316 -4.564798 -2.466345 -0.323245 
832 2.284709 0.000000 -0.068063 167.505082 -4.085213 -60.610083 -2.174822 
833 2.284709 0.000000 -0.090750 88.499715 -4.749017 -43.100254 0.028762 
834 2.309132 0.000000 -0.068063 124.702457 -4.249244 -25.203549 -0.620398 
835 2.284709 0.000000 -0.045375 172.339834 -3.615351 -22.483613 -2.021960 
836 2.248074 0.000000 -0.079406 70.241767 -6.771376 11.592603 0.488585 
837 2.248074 0.000000 -0.090750 70.608042 -6.788631 11.652719 0.483263 
838 2.260285 0.000000 -0.079406 66.986466 -6.649568 11.054358 0.534640 
839 2.248074 0.000000 -0.068063 69.497226 -6.740047 11.469853 0.499315 
840 2.357979 0.000000 0.045375 112.537983 -5.049634 3.093689 -0.269987 
841 2.406827 0.000000 0.045375 105.376324 -5.045364 0.234074 -0.112968 
842 2.357979 0.000000 0.090750 106.404232 -4.501440 4.172845 -0.135954 
843 2.284709 0.000000 0.068063 165.460353 -3.864833 54.593089 -2.037247 
844 2.284709 0.000000 0.045375 170.555360 -3.613854 18.089261 -1.942941 
845 2.309132 0.000000 0.068063 124.587084 -4.063170 20.916347 -0.597594 
846 2.284709 0.000000 0.090750 90.477074 -5.071910 38.431823 0.031117 
847 2.248074 0.000000 0.079406 72.988720 -6.888425 -12.070277 0.447950 
848 2.248074 0.000000 0.068063 72.281853 -6.884932 -11.953625 0.458504 
849 2.260285 0.000000 0.079406 69.865929 -6.948623 -11.553624 0.493698 
850 2.248074 0.000000 0.090750 73.328627 -6.901607 -12.126274 0.442823 
851 5.044566 0.000000 -0.726001 99.719040 -7.406354 -0.297328 0.000117 
852 5.044566 0.000000 -1.452002 99.738621 -7.122890 -0.074288 0.000147 
853 5.826119 0.000000 -0.726001 99.724060 -7.374338 -0.338937 0.000062 
854 5.044566 0.000000 0.000000 100.026231 -3.009584 -2.758172 -0.002191 
855 3.872238 0.000000 -0.363001 99.673102 -7.758926 0.312013 0.000497 
856 3.872238 0.000000 -0.726001 99.703048 -7.414988 -0.210370 0.000428 
857 4.263014 0.000000 -0.363001 99.662259 -8.075123 0.316840 0.000213 
858 3.872238 0.000000 0.000000 99.908532 -4.360689 -2.569855 -0.000733 
859 5.044566 0.000000 0.726001 99.726491 -7.311586 0.019090 0.000117 
860 5.826119 0.000000 0.726001 99.730309 -7.300306 0.070105 0.000057 
861 5.044566 0.000000 1.452002 99.747676 -7.056824 -0.017482 0.000060 
862 4.653790 0.000000 -0.363001 99.642870 -8.440006 0.155444 0.000004 
863 4.653790 0.000000 -0.726001 99.715559 -7.414052 -0.269891 0.000177 
864 5.044566 0.000000 -0.363001 99.626309 -8.728229 -0.225810 -0.000163 
865 4.653790 0.000000 0.000000 99.947801 -4.075094 -2.711191 -0.001352 
866 3.872238 0.000000 0.363001 99.662289 -7.921423 -0.691898 0.000420 
867 4.263014 0.000000 0.363001 99.655347 -8.182087 -0.610707 0.000149 
868 3.872238 0.000000 0.726001 99.711614 -7.311583 -0.061927 0.000413 
869 4.067626 0.000000 -0.181500 99.934583 -4.106239 1.576180 -0.000627 
870 3.872238 0.000000 -0.181500 99.920963 -4.186213 1.233147 -0.000324 
871 4.067626 0.000000 -0.363001 99.669676 -7.904706 0.330256 0.000336 
872 4.263014 0.000000 -0.181500 99.943939 -4.040398 1.907283 -0.000875 
873 4.067626 0.000000 0.000000 99.915216 -4.381615 -2.591533 -0.000896 
874 4.653790 0.000000 0.363001 99.643169 -8.437746 -0.402172 -0.000012 
875 5.044566 0.000000 0.363001 99.635460 -8.603425 -0.063916 -0.000125 
876 4.653790 0.000000 0.726001 99.722538 -7.317604 -0.003517 0.000187 
877 4.458402 0.000000 -0.181500 99.950937 -3.991182 2.209149 -0.001100 
878 4.458402 0.000000 -0.363001 99.653028 -8.257173 0.263750 0.000102 
879 4.653790 0.000000 -0.181500 99.956116 -3.957010 2.453244 -0.001290 
880 4.458402 0.000000 0.000000 99.931473 -4.267564 -2.641832 -0.001149 
881 4.067626 0.000000 0.181500 99.807838 -5.924378 -2.314512 -0.000206 
882 3.872238 0.000000 0.181500 99.801425 -5.904182 -2.162852 0.000014 
883 4.263014 0.000000 0.181500 99.812788 -5.920042 -2.451547 -0.000365 
884 4.067626 0.000000 0.363001 99.660251 -8.050130 -0.663741 0.000259 
885 4.165320 0.000000 -0.090750 100.130990 -1.331940 -2.844758 -0.003608 
886 4.067626 0.000000 -0.090750 100.294977 1.048983 1.650210 -0.006291 
887 4.165320 0.000000 -0.181500 99.939525 -4.071481 1.744632 -0.000753 
888 4.263014 0.000000 -0.090750 100.337173 1.583788 -0.738246 -0.007060 
889 4.165320 0.000000 0.000000 99.917976 -4.378133 -2.597799 -0.000952 
890 3.676849 0.000000 -0.181500 99.904674 -4.277933 0.896563 -0.000005 
891 3.481461 0.000000 -0.181500 99.883350 -4.375585 0.594276 0.000382 
892 3.676849 0.000000 -0.363001 99.672915 -7.622561 0.267850 0.000713 
893 3.676849 0.000000 0.000000 99.900220 -4.335492 -2.518973 -0.000520 
894 3.969932 0.000000 -0.090750 100.231880 0.202273 -0.216440 -0.004652 
895 3.872238 0.000000 -0.090750 100.173777 -0.567661 -0.712575 -0.003562 
896 3.969932 0.000000 -0.181500 99.928764 -4.142982 1.410248 -0.000491 
897 3.969932 0.000000 0.000000 99.911672 -4.372250 -2.582832 -0.000813 
898 4.458402 0.000000 0.181500 99.817291 -5.902373 -2.568161 -0.000493 
899 4.653790 0.000000 0.181500 99.820265 -5.900790 -2.661824 -0.000599 
900 4.458402 0.000000 0.363001 99.649000 -8.314687 -0.522587 0.000067 
901 4.165320 0.000000 0.090750 99.926391 -4.259746 -2.065962 -0.000770 
902 4.067626 0.000000 0.090750 99.911137 -4.442482 -2.186457 -0.000675 
903 4.263014 0.000000 0.090750 99.922697 -4.345117 -1.867621 -0.000691 
904 4.165320 0.000000 0.181500 99.810216 -5.924831 -2.384727 -0.000287 
905 4.116473 0.000000 -0.045375 99.960470 -3.752997 -3.552507 -0.001880 
906 4.067626 0.000000 -0.045375 99.942529 -3.990733 -3.159485 -0.001442 
907 4.116473 0.000000 -0.090750 100.132786 -1.288985 4.119687 -0.004521 
908 4.165320 0.000000 -0.045375 100.035874 -2.692134 -4.635660 -0.003591 
909 4.116473 0.000000 0.000000 99.916538 -4.381436 -2.594718 -0.000924 
910 3.676849 0.000000 0.181500 99.794350 -5.871463 -1.997246 0.000262 
911 3.481461 0.000000 0.181500 99.781408 -5.827276 -1.806574 0.000645 
912 3.676849 0.000000 0.363001 99.662223 -7.804326 -0.699766 0.000604 
913 3.969932 0.000000 0.090750 99.806752 -5.878957 -3.006869 -0.000499 
914 3.872238 0.000000 0.090750 99.879212 -4.784056 -2.576768 -0.000538 
915 3.969932 0.000000 0.181500 99.805036 -5.915106 -2.244476 -0.000107 
916 4.018779 0.000000 -0.045375 99.934379 -4.086817 -2.977312 -0.001245 
917 3.969932 0.000000 -0.045375 99.927900 -4.143083 -2.871863 -0.001100 
918 4.018779 0.000000 -0.090750 100.271507 0.733791 0.354528 -0.005504 
919 4.018779 0.000000 0.000000 99.913956 -4.379260 -2.587752 -0.000867 
920 3.481461 0.000000 -2.178003 99.751638 -7.031822 -0.004756 0.000016 
921 3.481461 0.000000 -2.904004 99.752296 -7.013524 -0.003090 0.000029 
922 4.263014 0.000000 -2.178003 99.745541 -7.053974 -0.020039 0.000107 
923 3.872238 0.000000 -1.089002 99.721981 -7.210683 -0.096179 0.000352 
924 3.481461 0.000000 -1.089002 99.713218 -7.205676 -0.075664 0.000535 
925 3.872238 0.000000 -1.452002 99.733929 -7.115735 -0.046528 0.000251 
926 4.263014 0.000000 -1.089002 99.727410 -7.217857 -0.110714 0.000233 
927 4.067626 0.000000 -0.544501 99.690698 -7.621675 -0.293226 0.000359 
928 3.872238 0.000000 -0.544501 99.684851 -7.615983 -0.271515 0.000485 
929 4.067626 0.000000 -0.726001 99.706398 -7.420404 -0.229840 0.000352 
930 4.263014 0.000000 -0.544501 99.694354 -7.627901 -0.316593 0.000275 
931 4.165320 0.000000 -0.272250 99.750636 -6.775965 2.065295 -0.000037 
932 4.067626 0.000000 -0.272250 99.753899 -6.694100 1.839505 0.000096 
933 4.165320 0.000000 -0.363001 99.666245 -7.987911 0.328583 0.000272 
934 4.263014 0.000000 -0.272250 99.746156 -6.871271 2.320252 -0.000189 
935 4.116473 0.000000 -0.136125 100.030700 -2.749356 1.462675 -0.001584 
936 4.067626 0.000000 -0.136125 100.028299 -2.764928 1.336943 -0.001509 
937 4.116473 0.000000 -0.181500 99.937137 -4.088357 1.660900 -0.000690 
938 4.165320 0.000000 -0.136125 100.032644 -2.738839 1.588016 -0.001655 
939 4.092049 0.000000 -0.068063 100.215895 -0.091306 -1.328670 -0.004500 
940 4.067626 0.000000 -0.068063 100.200077 -0.307919 -1.458683 -0.004228 
941 4.092049 0.000000 -0.090750 100.268061 0.654542 2.778107 -0.006183 
942 4.116473 0.000000 -0.068063 100.226443 0.050351 -1.139114 -0.004664 
943 4.092049 0.000000 -0.045375 99.949358 -3.902682 -3.312788 -0.001608 
944 8.952329 0.000000 -1.452002 99.746592 -7.108283 -0.112645 0.000008 
945 8.952329 0.000000 -2.904004 99.752049 -7.033455 -0.023793 0.000006 
946 10.515434 0.000000 -1.452002 99.748028 -7.090770 -0.120943 0.000004 
947 8.952329 0.000000 0.000000 99.859667 -5.487573 0.382365 -0.000221 
948 6.607671 0.000000 -0.726001 99.728775 -7.326418 -0.375796 0.000035 
949 6.607671 0.000000 -1.452002 99.742164 -7.131188 -0.096221 0.000064 
950 7.389224 0.000000 -0.726001 99.734168 -7.275591 -0.395607 0.000001 
951 6.607671 0.000000 0.000000 99.955477 -4.092266 1.945703 -0.001163 
952 5.435343 0.000000 -0.363001 99.624273 -8.788364 -0.733504 -0.000277 
953 5.435343 0.000000 -0.726001 99.721248 -7.394475 -0.318644 0.000089 
954 5.826119 0.000000 -0.363001 99.639252 -8.588111 -1.198042 -0.000317 
955 5.435343 0.000000 0.000000 100.281281 0.608309 0.496679 -0.005695 
956 4.849178 0.000000 -0.181500 99.959573 -3.931479 2.635554 -0.001432 
957 4.849178 0.000000 -0.363001 99.632984 -8.602411 -0.009697 -0.000073 
958 5.044566 0.000000 -0.181500 99.961444 -3.935230 2.793949 -0.001558 
959 4.849178 0.000000 0.000000 99.975402 -3.706481 -2.772615 -0.001651 
960 8.952329 0.000000 1.452002 99.751605 -7.033089 0.016701 0.000015 
961 10.515434 0.000000 1.452002 99.752464 -7.025379 0.026090 0.000009 
962 8.952329 0.000000 2.904004 99.755569 -6.976963 -0.004543 0.000015 
963 6.607671 0.000000 0.726001 99.733577 -7.276454 0.113348 0.000025 
964 7.389224 0.000000 0.726001 99.735843 -7.244584 0.156354 0.000025 
965 6.607671 0.000000 1.452002 99.750938 -7.040399 -0.005148 0.000018 
966 5.435343 0.000000 0.363001 99.637286 -8.603068 0.340695 -0.000172 
967 5.826119 0.000000 0.363001 99.650496 -8.435278 0.679321 -0.000184 
968 5.435343 0.000000 0.726001 99.728103 -7.308748 0.048687 0.000089 
969 4.849178 0.000000 0.181500 99.818719 -5.950475 -2.691956 -0.000643 
970 5.044566 0.000000 0.181500 99.804887 -6.177153 -2.623799 -0.000606 
971 4.849178 0.000000 0.363001 99.638070 -8.539115 -0.247477 -0.000072 
972 4.751484 0.000000 -0.090750 100.354556 1.729204 -0.545191 -0.007432 
973 4.653790 0.000000 -0.090750 100.356774 1.772948 -0.625645 -0.007502 
974 4.751484 0.000000 -0.181500 99.957855 -3.942953 2.549628 -0.001362 
975 4.849178 0.000000 -0.090750 100.348021 1.622718 -0.460326 -0.007257 
976 4.751484 0.000000 0.000000 99.959544 -3.920346 -2.748399 -0.001483 
977 4.556096 0.000000 -0.090750 100.354282 1.758580 -0.676599 -0.007453 
978 4.458402 0.000000 -0.090750 100.349579 1.710677 -0.690153 -0.007344 
979 4.556096 0.000000 -0.181500 99.953619 -3.972091 2.339790 -0.001198 
980 4.556096 0.000000 0.000000 99.938490 -4.186655 -2.673426 -0.001238 
981 4.751484 0.000000 0.090750 99.879503 -5.066642 -1.223548 -0.000308 
982 4.653790 0.000000 0.090750 99.889895 -4.903802 -1.373212 -0.000392 
983 4.849178 0.000000 0.090750 99.868558 -5.235845 -1.039728 -0.000222 
984 4.751484 0.000000 0.181500 99.820037 -5.919251 -2.688594 -0.000631 
985 4.702637 0.000000 -0.045375 99.999932 -3.337244 -2.984481 -0.002003 
986 4.653790 0.000000 -0.045375 100.004989 -3.257362 -2.533523 -0.001803 
987 4.702637 0.000000 -0.090750 100.356346 1.759303 -0.586385 -0.007484 
988 4.751484 0.000000 -0.045375 99.976351 -3.679564 -3.620234 -0.002192 
989 4.702637 0.000000 0.000000 99.953297 -4.004057 -2.729455 -0.001414 
990 4.556096 0.000000 0.090750 99.899319 -4.747143 -1.501683 -0.000466 
991 4.458402 0.000000 0.090750 99.908335 -4.598952 -1.621909 -0.000546 
992 4.556096 0.000000 0.181500 99.819023 -5.896549 -2.619190 -0.000547 
993 4.604943 0.000000 -0.045375 100.004935 -3.250103 -2.149693 -0.001617 
994 4.556096 0.000000 -0.045375 99.999409 -3.315689 -1.729805 -0.001387 
995 4.604943 0.000000 -0.090750 100.356104 1.771382 -0.657066 -0.007492 
996 4.604943 0.000000 0.000000 99.943012 -4.135628 -2.692743 -0.001296 
997 5.826119 0.000000 -4.356007 99.755091 -7.006886 -0.004253 -0.000017 
998 5.826119 0.000000 -5.808009 99.756112 -6.995625 -0.001756 -0.000022 
999 7.389224 0.000000 -4.356007 99.754420 -7.008364 -0.006579 -0.000006 
1000 5.044566 0.000000 -2.178003 99.744240 -7.070993 -0.028001 0.000109 
1001 5.044566 0.000000 -2.904004 99.748074 -7.038587 -0.013113 0.000078 
1002 5.826119 0.000000 -2.178003 99.746277 -7.069356 -0.033304 0.000070 
1003 4.653790 0.000000 -1.089002 99.729602 -7.218959 -0.127324 0.000188 
1004 4.653790 0.000000 -1.452002 99.737796 -7.135246 -0.066480 0.000146 
1005 5.044566 0.000000 -1.089002 99.732250 -7.224084 -0.140153 0.000127 
1006 4.849178 0.000000 -0.544501 99.702436 -7.632723 -0.389140 0.000101 
1007 4.653790 0.000000 -0.544501 99.699722 -7.632622 -0.365956 0.000157 
1008 4.849178 0.000000 -0.726001 99.718521 -7.411376 -0.278671 0.000121 
1009 5.044566 0.000000 -0.544501 99.703334 -7.628280 -0.423640 0.000088 
1010 4.751484 0.000000 -0.272250 99.688914 -7.788877 4.703917 -0.002067 
1011 4.653790 0.000000 -0.272250 99.708504 -7.499239 3.951385 -0.001364 
1012 4.751484 0.000000 -0.363001 99.637527 -8.524540 0.078506 -0.000031 
1013 4.849178 0.000000 -0.272250 99.658894 -8.231221 5.829939 -0.003364 
1014 4.702637 0.000000 -0.136125 100.047251 -2.660927 3.642052 -0.002980 
1015 4.653790 0.000000 -0.136125 100.045240 -2.682169 3.203438 -0.002651 
1016 4.702637 0.000000 -0.181500 99.957132 -3.949930 2.504400 -0.001330 
1017 4.751484 0.000000 -0.136125 100.111076 -1.752196 4.928725 -0.004959 
1018 4.678214 0.000000 -0.068063 100.514280 4.021430 -0.788687 -0.011991 
1019 4.653790 0.000000 -0.068063 100.486062 3.621650 -1.818962 -0.011387 
1020 4.678214 0.000000 -0.090750 100.356707 1.768180 -0.606687 -0.007496 
1021 4.702637 0.000000 -0.068063 100.487335 3.632494 0.111518 -0.011091 
1022 4.678214 0.000000 -0.045375 100.003453 -3.283143 -2.742467 -0.001899 
1023 4.360708 0.000000 -0.090750 100.345476 1.675933 -0.688788 -0.007250 
1024 4.360708 0.000000 -0.181500 99.947635 -4.013991 2.062746 -0.000990 
1025 4.360708 0.000000 0.000000 99.925883 -4.324274 -2.620818 -0.001075 
1026 4.360708 0.000000 0.090750 99.916035 -4.466486 -1.744110 -0.000621 
1027 4.360708 0.000000 0.181500 99.815136 -5.911934 -2.512995 -0.000433 
1028 4.409555 0.000000 -0.045375 99.814470 -5.928975 -1.720975 -0.000104 
1029 4.360708 0.000000 -0.045375 99.910759 -4.540407 -2.904374 -0.001121 
1030 4.409555 0.000000 -0.090750 100.347113 1.687603 -0.692271 -0.007287 
1031 4.458402 0.000000 -0.045375 99.923609 -4.380100 -0.641999 -0.000433 
1032 4.409555 0.000000 0.000000 99.928488 -4.298697 -2.631035 -0.001110 
1033 4.311861 0.000000 -0.045375 99.967637 -3.714331 -2.191684 -0.001213 
1034 4.263014 0.000000 -0.045375 100.001169 -3.220884 -1.159143 -0.001195 
1035 4.311861 0.000000 -0.090750 100.343829 1.665033 -0.681341 -0.007212 
1036 4.311861 0.000000 0.000000 99.923576 -4.344622 -2.612917 -0.001042 
1037 4.458402 0.000000 -0.544501 99.697468 -7.630867 -0.338721 0.000207 
1038 4.458402 0.000000 -0.726001 99.713276 -7.416913 -0.255567 0.000219 
1039 4.360708 0.000000 -0.272250 99.740070 -6.984334 2.615849 -0.000371 
1040 4.360708 0.000000 -0.363001 99.657716 -8.165433 0.295387 0.000158 
1041 4.458402 0.000000 -0.272250 99.732352 -7.119388 2.968701 -0.000604 
1042 4.409555 0.000000 -0.136125 100.037650 -2.737935 2.205142 -0.001989 
1043 4.360708 0.000000 -0.136125 100.037086 -2.734265 2.081200 -0.001923 
1044 4.409555 0.000000 -0.181500 99.949282 -4.002135 2.136641 -0.001044 
1045 4.458402 0.000000 -0.136125 100.038412 -2.739514 2.332960 -0.002063 
1046 4.385131 0.000000 -0.068063 100.498209 3.853890 -1.206020 -0.011620 
1047 4.360708 0.000000 -0.068063 100.406070 2.542205 -2.840414 -0.009591 
1048 4.385131 0.000000 -0.090750 100.346188 1.680126 -0.691319 -0.007266 
1049 4.409555 0.000000 -0.068063 100.412622 2.624464 0.334850 -0.008969 
1050 4.385131 0.000000 -0.045375 99.851413 -5.395029 -2.777507 -0.000713 
1051 5.239954 0.000000 -0.181500 99.957311 -4.010003 2.927123 -0.001611 
1052 5.239954 0.000000 -0.363001 99.623007 -8.791047 -0.475888 -0.000225 
1053 5.435343 0.000000 -0.181500 100.104610 -1.918375 5.646880 -0.005650 
1054 5.239954 0.000000 0.000000 100.128702 -1.559817 -2.553742 -0.003471 
1055 5.239954 0.000000 0.181500 99.995715 -3.463398 -1.130283 -0.001242 
1056 5.435343 0.000000 0.181500 99.998283 -3.439156 2.732255 -0.001895 
1057 5.239954 0.000000 0.363001 99.635090 -8.629902 0.137403 -0.000165 
1058 5.142260 0.000000 -0.090750 100.314261 1.101574 -0.279798 -0.006424 
1059 5.044566 0.000000 -0.090750 100.327268 1.295651 -0.331720 -0.006735 
1060 5.142260 0.000000 -0.181500 99.959774 -3.967217 2.874486 -0.001596 
1061 5.239954 0.000000 -0.090750 100.299941 0.889229 -0.233922 -0.006092 
1062 5.142260 0.000000 0.000000 100.066595 -2.440369 -2.704977 -0.002660 
1063 6.216895 0.000000 0.363001 99.668945 -8.183571 0.901384 -0.000168 
1064 6.216895 0.000000 0.000000 99.966140 -3.930037 2.881021 -0.001697 
1065 6.607671 0.000000 0.363001 99.687846 -7.922034 1.010114 -0.000145 
1066 6.216895 0.000000 0.726001 99.731767 -7.289601 0.093785 0.000043 
1067 5.630731 0.000000 0.181500 99.957490 -4.033822 2.836332 -0.001582 
1068 5.630731 0.000000 0.000000 100.046703 -2.755392 2.653211 -0.002397 
1069 5.826119 0.000000 0.181500 99.916830 -4.623779 2.900190 -0.001316 
1070 5.630731 0.000000 0.363001 99.642957 -8.535181 0.521299 -0.000184 
1071 5.337648 0.000000 0.090750 99.825230 -5.909002 0.358081 -0.000012 
1072 5.239954 0.000000 0.090750 99.829779 -5.835318 0.038230 -0.000004 
1073 5.337648 0.000000 0.000000 100.226386 -0.170266 -1.817477 -0.004866 
1074 5.435343 0.000000 0.090750 99.823467 -5.938746 0.668962 -0.000044 
1075 5.337648 0.000000 0.181500 100.090816 -2.112705 2.494562 -0.002886 
1076 3.286073 0.000000 -0.181500 99.860105 -4.469466 0.371391 0.000785 
1077 3.090685 0.000000 -0.181500 99.807301 -4.564226 -0.150018 0.001765 
1078 3.286073 0.000000 -0.363001 99.667191 -7.480875 0.194628 0.001045 
1079 3.286073 0.000000 0.000000 99.853457 -4.343114 -2.239152 0.000541 
1080 2.895297 0.000000 -0.181500 99.858899 -4.772597 -0.192124 0.000539 
1081 2.895297 0.000000 -0.363001 99.657582 -7.357605 -0.102247 0.001422 
1082 2.895297 0.000000 0.000000 99.905076 -4.281357 -2.098179 -0.000376 
1083 3.286073 0.000000 0.181500 99.763266 -5.856744 -1.629203 0.001033 
1084 3.090685 0.000000 0.181500 99.807127 -5.616598 -1.691994 0.000413 
1085 3.286073 0.000000 0.363001 99.640660 -7.592508 -0.631654 0.001369 
1086 3.188379 0.000000 -0.090750 99.918138 -3.092958 -1.570513 0.000433 
1087 3.090685 0.000000 -0.090750 99.878010 -3.181187 -1.593701 0.001172 
1088 3.188379 0.000000 -0.181500 99.833285 -4.508844 -0.003695 0.001299 
1089 3.286073 0.000000 -0.090750 99.953597 -2.935598 -1.358876 -0.000119 
1090 3.188379 0.000000 0.000000 99.862990 -4.230818 -2.380852 0.000382 
1091 4.946872 0.000000 -0.090750 100.338866 1.472228 -0.388656 -0.007021 
1092 4.946872 0.000000 -0.181500 99.961350 -3.926194 2.715654 -0.001506 
1093 4.946872 0.000000 0.000000 99.997289 -3.412417 -2.777048 -0.001881 
1094 6.216895 0.000000 -0.363001 99.664384 -8.243137 -1.490420 -0.000316 
1095 6.216895 0.000000 -0.726001 99.726624 -7.352158 -0.357247 0.000042 
1096 6.607671 0.000000 -0.363001 99.690866 -7.874703 -1.610892 -0.000287 
1097 5.630731 0.000000 -0.181500 100.245910 0.095328 -5.294679 -0.007729 
1098 5.630731 0.000000 -0.363001 99.629714 -8.715103 -0.984267 -0.000300 
1099 5.826119 0.000000 -0.181500 100.172058 -0.970013 -4.949162 -0.005988 
1100 5.337648 0.000000 -0.090750 100.284327 0.659997 -0.194749 -0.005742 
1101 5.337648 0.000000 -0.181500 99.976309 -3.742566 2.976039 -0.001813 
1102 5.435343 0.000000 -0.090750 100.267337 0.408812 -0.162141 -0.005373 
1103 5.435343 0.000000 -1.089002 99.733247 -7.224625 -0.149078 0.000106 
1104 5.435343 0.000000 -1.452002 99.739245 -7.143898 -0.079953 0.000104 
1105 5.826119 0.000000 -1.089002 99.735133 -7.217042 -0.157679 0.000079 
1106 5.630731 0.000000 -0.544501 99.707866 -7.596692 -0.506715 0.000037 
1107 5.435343 0.000000 -0.544501 99.706671 -7.611791 -0.475669 0.000041 
1108 5.630731 0.000000 -0.726001 99.722689 -7.384619 -0.329053 0.000074 
1109 5.826119 0.000000 -0.544501 99.709816 -7.578258 -0.533371 0.000024 
1110 5.533037 0.000000 -0.272250 99.364037 -12.509945 -4.456205 -0.004957 
1111 5.435343 0.000000 -0.272250 99.359274 -12.577471 -4.143545 -0.004763 
1112 5.533037 0.000000 -0.363001 99.626249 -8.759529 -0.863627 -0.000286 
1113 5.630731 0.000000 -0.272250 99.419120 -11.727370 -4.981724 -0.004651 
1114 5.533037 0.000000 -0.181500 100.289976 0.730686 -10.337821 -0.016548 
1115 6.021507 0.000000 -0.181500 100.105297 -1.932402 -4.496133 -0.004502 
1116 6.021507 0.000000 -0.363001 99.651202 -8.425073 -1.367619 -0.000321 
1117 6.216895 0.000000 -0.181500 100.054375 -2.667044 -4.025912 -0.003420 
1118 6.021507 0.000000 0.000000 99.952307 -4.121593 3.566650 -0.002017 
1119 5.728425 0.000000 -0.272250 99.484493 -10.797376 -5.121930 -0.003998 
1120 5.728425 0.000000 -0.363001 99.634108 -8.657206 -1.096205 -0.000310 
1121 5.826119 0.000000 -0.272250 99.538558 -10.028660 -5.045434 -0.003395 
1122 5.728425 0.000000 -0.181500 100.214396 -0.360156 -5.128076 -0.006935 
1123 5.239954 0.000000 -0.544501 99.704824 -7.613095 -0.451150 0.000079 
1124 5.239954 0.000000 -0.726001 99.720390 -7.389209 -0.307836 0.000115 
1125 5.337648 0.000000 -0.272250 99.359003 -12.568645 -5.764542 -0.006341 
1126 5.239954 0.000000 -0.272250 98.996234 -17.754757 -12.469101 -0.027096 
1127 5.337648 0.000000 -0.363001 99.622985 -8.792123 -0.606169 -0.000241 
1128 5.533037 0.000000 -0.090750 100.249295 0.147848 -0.146555 -0.004996 
1129 5.630731 0.000000 -0.090750 100.230702 -0.123177 -0.137789 -0.004623 
1130 5.533037 0.000000 0.000000 100.173883 -0.931624 2.382255 -0.004135 
1131 5.484190 0.000000 -0.226875 100.005281 -3.341678 1.208655 -0.001368 
1132 5.435343 0.000000 -0.226875 100.010969 -3.257354 1.562765 -0.001525 
1133 5.484190 0.000000 -0.272250 99.354991 -12.641678 -4.180314 -0.004870 
1134 5.533037 0.000000 -0.226875 99.997869 -3.445917 0.818268 -0.001212 
1135 5.484190 0.000000 -0.181500 101.280880 14.898732 23.179150 -0.101706 
1136 2.895297 0.000000 0.181500 99.830237 -5.749496 -1.343721 -0.000094 
1137 2.895297 0.000000 0.363001 99.701622 -7.569945 -0.571461 0.000196 
1138 3.188379 0.000000 0.090750 99.863560 -4.362376 -2.153417 0.000360 
1139 3.090685 0.000000 0.090750 99.849243 -4.287271 -2.124761 0.000723 
1140 3.286073 0.000000 0.090750 99.845151 -4.562546 -2.079845 0.000580 
1141 3.188379 0.000000 0.181500 99.801086 -5.686159 -1.705438 0.000450 
1142 2.992991 0.000000 0.090750 99.877601 -4.417000 -1.887749 0.000139 
1143 2.895297 0.000000 0.090750 99.893261 -4.352654 -1.781910 -0.000078 
1144 2.992991 0.000000 0.000000 99.889754 -4.322952 -2.144124 -0.000125 
1145 2.992991 0.000000 0.181500 99.813771 -5.743752 -1.437831 0.000215 
1146 3.139532 0.000000 0.045375 99.708222 -6.353905 3.009273 0.000884 
1147 3.090685 0.000000 0.045375 99.852776 -4.165285 -2.285155 0.000685 
1148 3.139532 0.000000 0.000000 99.857735 -4.208429 -2.378118 0.000507 
1149 3.188379 0.000000 0.045375 99.837711 -4.644341 -4.794750 -0.001213 
1150 3.139532 0.000000 0.090750 99.858202 -4.327491 -2.136407 0.000505 
1151 3.383767 0.000000 0.090750 99.856384 -4.569371 -2.162272 0.000315 
1152 3.383767 0.000000 0.000000 99.872315 -4.344220 -2.322636 0.000125 
1153 3.481461 0.000000 0.090750 99.864604 -4.613665 -2.288480 0.000054 
1154 3.383767 0.000000 0.181500 99.770938 -5.814600 -1.692387 0.000909 
1155 3.237226 0.000000 0.045375 99.867005 -4.335698 -3.338764 -0.000336 
1156 3.237226 0.000000 0.000000 99.865066 -4.271653 -2.391068 0.000300 
1157 3.286073 0.000000 0.045375 99.850284 -4.395185 -3.448913 -0.000129 
1158 3.237226 0.000000 0.090750 99.869269 -4.425552 -2.177714 0.000180 
1159 3.481461 0.000000 2.178003 99.753370 -7.016760 -0.022334 0.000003 
1160 4.263014 0.000000 2.178003 99.750675 -6.995653 -0.015391 0.000086 
1161 3.481461 0.000000 2.904004 99.752723 -7.033294 -0.006783 -0.000007 
1162 3.090685 0.000000 1.089002 99.707949 -7.121086 -0.058703 0.000761 
1163 3.481461 0.000000 1.089002 99.723442 -7.114871 -0.055154 0.000461 
1164 3.090685 0.000000 1.452002 99.725828 -7.051594 -0.033523 0.000503 
1165 3.286073 0.000000 0.544501 99.653508 -7.476187 -0.147008 0.001326 
1166 3.090685 0.000000 0.544501 99.742427 -7.379787 -0.345247 -0.000313 
1167 3.481461 0.000000 0.544501 99.673268 -7.513623 -0.149263 0.000876 
1168 3.286073 0.000000 0.726001 99.684016 -7.302573 -0.092084 0.000976 
1169 3.188379 0.000000 0.272250 99.737157 -6.902162 -1.350689 0.000304 
1170 3.090685 0.000000 0.272250 99.754472 -6.810514 -1.336858 0.000088 
1171 3.286073 0.000000 0.272250 99.684023 -7.094951 -1.279004 0.001112 
1172 3.188379 0.000000 0.363001 99.708003 -7.507365 -0.790509 0.000133 
1173 3.139532 0.000000 0.136125 99.830868 -5.003425 -1.899750 0.000515 
1174 3.090685 0.000000 0.136125 99.828650 -4.970753 -1.886093 0.000597 
1175 3.188379 0.000000 0.136125 99.833310 -5.036020 -1.903615 0.000433 
1176 3.139532 0.000000 0.181500 99.807014 -5.641052 -1.708882 0.000382 
1177 3.163956 0.000000 0.068063 99.883901 -3.828585 -2.266341 0.000341 
1178 3.139532 0.000000 0.068063 99.880469 -3.809579 -2.232822 0.000439 
1179 3.163956 0.000000 0.045375 99.591955 -8.090948 -8.894552 -0.006313 
1180 3.188379 0.000000 0.068063 99.886998 -3.849479 -2.292844 0.000251 
1181 3.163956 0.000000 0.090750 99.860844 -4.344933 -2.147985 0.000432 
1182 3.774543 0.000000 0.090750 99.872977 -4.809871 -2.515950 -0.000408 
1183 3.676849 0.000000 0.090750 99.871640 -4.751884 -2.472835 -0.000304 
1184 3.774543 0.000000 0.000000 99.904939 -4.347275 -2.548784 -0.000639 
1185 3.774543 0.000000 0.181500 99.798207 -5.889491 -2.081421 0.000130 
1186 4.946872 0.000000 0.090750 99.857811 -5.407738 -0.819157 -0.000150 
1187 5.044566 0.000000 0.090750 99.846971 -5.574057 -0.564295 -0.000081 
1188 4.946872 0.000000 0.181500 99.816319 -6.004572 -2.691248 -0.000660 
1189 5.826119 0.000000 4.356007 99.754389 -6.970234 -0.002833 0.000048 
1190 7.389224 0.000000 4.356007 99.755309 -6.969616 -0.002849 0.000030 
1191 5.826119 0.000000 5.808009 99.755106 -6.969499 -0.001599 0.000034 
1192 5.044566 0.000000 2.178003 99.754061 -6.987864 -0.013641 0.000030 
1193 5.826119 0.000000 2.178003 99.754076 -6.989393 -0.011237 0.000027 
1194 5.044566 0.000000 2.904004 99.756297 -6.973027 -0.009298 0.000006 
1195 5.435343 0.000000 1.089002 99.743179 -7.112994 -0.004734 0.000070 
1196 5.044566 0.000000 1.089002 99.741210 -7.111775 -0.013838 0.000111 
1197 5.826119 0.000000 1.089002 99.744000 -7.111837 0.003741 0.000056 
1198 5.435343 0.000000 1.452002 99.749097 -7.039579 -0.013948 0.000056 
1199 5.630731 0.000000 0.544501 99.711342 -7.560942 0.147176 0.000046 
1200 5.435343 0.000000 0.544501 99.709668 -7.569971 0.120049 0.000066 
1201 5.826119 0.000000 0.544501 99.712636 -7.549694 0.177090 0.000036 
1202 5.630731 0.000000 0.726001 99.729541 -7.304639 0.057768 0.000066 
1203 5.533037 0.000000 0.272250 99.475204 -10.927617 3.186012 -0.002488 
1204 5.435343 0.000000 0.272250 99.431939 -11.538976 3.037621 -0.002909 
1205 5.533037 0.000000 0.181500 99.977331 -3.745105 2.731592 -0.001695 
1206 5.630731 0.000000 0.272250 99.517209 -10.331783 3.284671 -0.002121 
1207 5.533037 0.000000 0.363001 99.639930 -8.573696 0.432059 -0.000181 
1208 5.239954 0.000000 0.544501 99.708915 -7.579426 0.085809 0.000068 
1209 5.044566 0.000000 0.544501 99.707630 -7.575700 0.053900 0.000099 
1210 5.239954 0.000000 0.726001 99.727675 -7.317478 0.032705 0.000084 
1211 5.337648 0.000000 0.272250 99.378818 -12.297258 2.984749 -0.003628 
1212 5.239954 0.000000 0.272250 99.269240 -13.859077 2.912557 -0.005494 
1213 5.337648 0.000000 0.363001 99.635940 -8.622272 0.238615 -0.000172 
1214 -8.241827 0.000000 -8.712013 99.756261 -6.976964 0.000038 0.000001 
1215 -11.368037 0.000000 -8.712013 99.756313 -6.976501 0.000052 0.000001 
1216 -8.241827 0.000000 -11.616017 99.756261 -6.977060 0.000028 0.000001 
1217 10.515434 0.000000 -8.712013 99.755331 -6.988704 -0.002218 0.000003 
1218 10.515434 0.000000 -11.616017 99.755677 -6.984372 -0.001128 0.000002 
1219 13.641644 0.000000 -8.712013 99.755358 -6.989168 -0.002727 0.000002 
1220 -8.241827 0.000000 8.712013 99.756524 -6.974738 0.000076 -0.000001 
1221 -11.368037 0.000000 8.712013 99.756479 -6.975028 0.000069 -0.000001 
1222 -8.241827 0.000000 11.616017 99.756542 -6.974610 0.000049 -0.000001 
1223 -3.552511 0.000000 -4.356007 99.757280 -6.978441 -0.002468 -0.000021 
1224 -5.115617 0.000000 -4.356007 99.756773 -6.977526 -0.001655 -0.000010 
1225 -3.552511 0.000000 -5.808009 99.757394 -6.978545 -0.001683 -0.000024 
1226 10.515434 0.000000 8.712013 99.756909 -6.969365 -0.001387 -0.000001 
1227 13.641644 0.000000 8.712013 99.756891 -6.969019 -0.001484 -0.000000 
1228 10.515434 0.000000 11.616017 99.756832 -6.970588 -0.000811 -0.000001 
1229 -3.552511 0.000000 4.356007 99.754367 -6.975297 -0.001153 0.000041 
1230 -5.115617 0.000000 4.356007 99.755179 -6.975312 -0.000998 0.000025 
1231 -3.552511 0.000000 5.808009 99.754938 -6.974807 -0.000800 0.000030 
1232 -1.207854 0.000000 -2.178003 99.763361 -6.986020 -0.014759 -0.000153 
1233 -1.989406 0.000000 -2.178003 99.758983 -6.981931 -0.010054 -0.000060 
1234 -1.207854 0.000000 -2.904004 99.763937 -6.985760 -0.009152 -0.000164 
1235 -1.207854 0.000000 2.178003 99.739857 -6.974446 -0.002041 0.000332 
1236 -1.989406 0.000000 2.178003 99.746299 -6.974591 -0.003683 0.000203 
1237 -1.207854 0.000000 2.904004 99.745412 -6.973918 -0.000766 0.000222 
1238 -0.817078 0.000000 -1.089002 99.755478 -6.988522 -0.051515 0.000000 
1239 -1.207854 0.000000 -1.089002 99.757885 -6.987466 -0.039850 -0.000046 
1240 -0.817078 0.000000 -1.452002 99.773057 -6.991312 -0.051400 -0.000354 
1241 -0.230913 0.000000 -0.544501 99.624596 -7.032033 0.024761 0.002549 
1242 -0.426301 0.000000 -0.544501 99.720142 -7.002525 0.013986 0.000686 
1243 -0.230913 0.000000 -0.726001 99.661877 -7.038688 -0.038630 0.001797 
1244 0.941416 0.000000 -0.544501 99.648520 -7.306585 -0.154112 0.001676 
1245 0.941416 0.000000 -0.726001 99.777135 -7.283571 -0.101513 -0.000854 
1246 -0.817078 0.000000 1.089002 99.704729 -6.992385 -0.020434 0.001007 
1247 -1.207854 0.000000 1.089002 99.722333 -6.984613 -0.024106 0.000667 
1248 -0.817078 0.000000 1.452002 99.718542 -6.993131 -0.006279 0.000731 
1249 -0.230913 0.000000 0.544501 99.588391 -7.034042 -0.104459 0.003266 
1250 -0.426301 0.000000 0.544501 99.702212 -7.013264 -0.069550 0.001028 
1251 -0.230913 0.000000 0.726001 99.628466 -7.024266 -0.024361 0.002483 
1252 -0.133219 0.000000 -0.272250 99.759679 -7.127063 0.840587 -0.000350 
1253 -0.230913 0.000000 -0.272250 99.904595 -6.956789 0.571168 -0.002965 
1254 -0.133219 0.000000 -0.363001 99.410338 -7.060443 0.416032 0.006756 
1255 0.941416 0.000000 0.544501 99.923895 -7.291658 0.229049 -0.003801 
1256 0.941416 0.000000 0.726001 99.921621 -7.002383 0.101143 -0.003337 
1257 -0.133219 0.000000 0.272250 99.775450 -7.177365 -0.810479 -0.000731 
1258 -0.230913 0.000000 0.272250 99.916989 -6.951539 -0.585695 -0.003207 
1259 -0.133219 0.000000 0.363001 99.447030 -7.061928 -0.365536 0.006028 
1260 0.037745 0.000000 -0.113438 86.995538 -8.862002 -0.668732 0.235279 
1261 0.013322 0.000000 -0.113438 86.132093 -8.466687 6.592772 0.246611 
1262 0.037745 0.000000 -0.136125 91.769436 -8.282763 0.216065 0.150972 
1263 0.648333 0.000000 -0.272250 101.876049 -11.239844 -0.018915 -0.050506 
1264 0.648333 0.000000 -0.363001 99.654106 -7.648664 -0.040150 0.001056 
1265 0.746027 0.000000 -0.272250 103.012922 -10.362018 -0.153536 -0.071906 
1266 0.648333 0.000000 0.272250 101.858073 -11.236362 0.065349 -0.050133 
1267 0.746027 0.000000 0.272250 102.906615 -10.413816 0.246440 -0.069828 
1268 0.648333 0.000000 0.363001 99.862048 -7.442046 0.126627 -0.002783 
1269 0.037745 0.000000 0.113438 86.984467 -8.925709 0.718410 0.235352 
1270 0.013322 0.000000 0.113438 86.119490 -8.531683 -6.561679 0.246759 
1271 0.037745 0.000000 0.136125 91.768906 -8.349478 -0.154601 0.150873 
1272 0.098804 0.000000 -0.079406 91.208224 -12.394371 -15.191842 0.129665 
1273 0.098804 0.000000 -0.090750 91.318228 -12.479089 -15.271671 0.127203 
1274 0.098804 0.000000 -0.068063 91.200665 -12.383721 -15.183069 0.129856 
1275 0.098804 0.000000 0.079406 91.261491 -12.356347 15.207915 0.128738 
1276 0.098804 0.000000 0.068063 91.255243 -12.341862 15.199544 0.128913 
1277 0.098804 0.000000 0.090750 91.356194 -12.499710 15.284501 0.126419 
1278 0.233134 0.000000 -0.068063 100.042294 -0.164560 -7.720517 -0.006809 
1279 0.233134 0.000000 -0.045375 101.721780 -0.166341 -5.675585 -0.037956 
1280 0.184287 0.000000 -0.113438 99.788923 -11.171005 -10.123699 -0.018511 
1281 0.184287 0.000000 -0.136125 99.179874 -9.824912 -7.935107 0.000386 
1282 0.233134 0.000000 0.068063 100.105424 -0.167258 7.752487 -0.008123 
1283 0.233134 0.000000 0.045375 101.744959 -0.173582 5.695073 -0.038450 
1284 0.184287 0.000000 0.113438 99.802912 -11.172284 10.270264 -0.019092 
1285 0.184287 0.000000 0.136125 99.268380 -9.801498 8.032163 -0.001480 
1286 0.501792 0.000000 -0.045375 101.005326 -8.073284 0.020243 -0.026725 
1287 0.550639 0.000000 -0.045375 101.754899 -6.786592 0.022186 -0.040012 
1288 0.501792 0.000000 0.000000 101.746074 -6.565399 0.041666 -0.039537 
1289 0.501792 0.000000 0.045375 101.000307 -8.069083 0.046793 -0.026617 
1290 0.550639 0.000000 0.045375 101.749011 -6.786701 0.060297 -0.039892 
1291 0.428522 0.000000 -0.068063 100.142346 -10.894015 -0.008822 -0.014717 
1292 0.452945 0.000000 -0.068063 100.218982 -9.387795 -0.029133 -0.013198 
1293 0.428522 0.000000 -0.045375 100.277733 -11.652089 -0.006579 -0.019139 
1294 0.367463 0.000000 -0.102094 104.848849 -12.662532 -3.259564 -0.116425 
1295 0.367463 0.000000 -0.113438 104.891036 -12.669888 -2.755025 -0.117025 
1296 0.367463 0.000000 -0.090750 105.119757 -12.667068 -3.001471 -0.121963 
1297 0.428522 0.000000 0.068063 100.129930 -10.884544 0.052789 -0.014448 
1298 0.428522 0.000000 0.045375 100.270015 -11.641789 0.036100 -0.018961 
1299 0.452945 0.000000 0.068063 100.198886 -9.380486 0.089082 -0.012782 
1300 0.367463 0.000000 0.102094 104.863023 -12.666630 3.273620 -0.116741 
1301 0.367463 0.000000 0.090750 105.155209 -12.670287 3.017125 -0.122726 
1302 0.367463 0.000000 0.113438 104.908259 -12.668689 2.769241 -0.117391 
1303 1.722968 0.000000 -0.544501 99.662969 -7.321532 -0.122493 0.001367 
1304 1.722968 0.000000 -0.726001 99.646188 -7.351628 -0.041518 0.001659 
1305 1.722968 0.000000 0.544501 100.096434 -7.019206 -0.332772 -0.006868 
1306 1.722968 0.000000 0.726001 100.062854 -7.323002 -0.177897 -0.006623 
1307 1.429886 0.000000 -0.272250 104.245468 -11.403864 -0.276387 -0.099724 
1308 1.429886 0.000000 -0.363001 99.538729 -7.794795 -0.326672 0.003118 
1309 1.527580 0.000000 -0.272250 104.816940 -11.698888 -0.232866 -0.112351 
1310 1.429886 0.000000 0.272250 103.656104 -11.552579 -0.453186 -0.087826 
1311 1.527580 0.000000 0.272250 104.374610 -12.086479 -0.493756 -0.104039 
1312 1.429886 0.000000 0.363001 100.105708 -7.565569 -0.483406 -0.007862 
1313 8.952329 0.000000 -4.356007 99.753976 -7.008764 -0.008952 0.000002 
1314 8.952329 0.000000 -5.808009 99.754897 -6.997665 -0.004351 -0.000001 
1315 10.515434 0.000000 -4.356007 99.753981 -7.008822 -0.010388 0.000002 
1316 6.607671 0.000000 -2.178003 99.748149 -7.076180 -0.037290 0.000023 
1317 6.607671 0.000000 -2.904004 99.752101 -7.034575 -0.016837 0.000003 
1318 7.389224 0.000000 -2.178003 99.749711 -7.063677 -0.038996 0.000010 
1319 3.090685 0.000000 -1.089002 99.713180 -7.177844 -0.026029 0.000576 
1320 3.090685 0.000000 -1.452002 99.740834 -7.091478 0.002382 0.000148 
1321 2.504521 0.000000 -0.544501 99.461408 -7.667260 -0.232705 0.004859 
1322 2.504521 0.000000 -0.726001 99.460237 -7.350051 -0.168602 0.005361 
1323 2.699909 0.000000 -0.544501 99.544634 -7.592278 -0.323018 0.003312 
1324 8.952329 0.000000 4.356007 99.756194 -6.969489 -0.003376 0.000013 
1325 10.515434 0.000000 4.356007 99.756418 -6.969289 -0.003260 0.000009 
1326 8.952329 0.000000 5.808009 99.756368 -6.968638 -0.002218 0.000011 
1327 6.607671 0.000000 2.178003 99.755125 -6.991869 -0.011157 0.000003 
1328 7.389224 0.000000 2.178003 99.753433 -6.991729 -0.004823 0.000037 
1329 6.607671 0.000000 2.904004 99.753907 -6.977121 -0.005215 0.000048 
1330 3.872238 0.000000 1.089002 99.729709 -7.124540 -0.039721 0.000322 
1331 4.263014 0.000000 1.089002 99.734454 -7.120627 -0.029293 0.000233 
1332 3.872238 0.000000 1.452002 99.739650 -7.055146 -0.030139 0.000223 
1333 2.504521 0.000000 0.544501 99.628469 -7.380504 -0.268154 0.001962 
1334 2.699909 0.000000 0.544501 99.718732 -7.529386 -0.258853 -0.000058 
1335 2.504521 0.000000 0.726001 99.772160 -7.422294 -0.260917 -0.000964 
1336 2.895297 0.000000 -0.544501 99.479382 -7.535352 -0.381900 0.004693 
1337 2.895297 0.000000 -0.726001 99.508373 -7.444905 -0.270825 0.004258 
1338 3.090685 0.000000 -0.544501 99.570398 -7.592434 -0.338860 0.002798 
1339 3.286073 0.000000 -0.544501 99.657777 -7.584649 -0.190701 0.001076 
1340 3.286073 0.000000 -0.726001 99.679852 -7.403401 -0.143393 0.000910 
1341 3.481461 0.000000 -0.544501 99.670462 -7.591834 -0.215643 0.000812 
1342 2.406827 0.000000 -0.272250 99.444619 -7.010905 -0.930564 0.006075 
1343 2.406827 0.000000 -0.363001 99.105878 -7.725945 -0.607327 0.011797 
1344 2.504521 0.000000 -0.272250 99.635236 -6.921442 -0.711054 0.002441 
1345 2.895297 0.000000 0.544501 99.725086 -7.279440 -0.294698 0.000183 
1346 2.895297 0.000000 0.726001 99.813197 -7.123325 -0.288722 -0.001350 
1347 2.406827 0.000000 0.272250 99.540760 -6.865446 -0.052030 0.004450 
1348 2.504521 0.000000 0.272250 99.766383 -6.777746 -0.336287 0.000062 
1349 2.406827 0.000000 0.363001 99.323445 -7.242482 -0.181022 0.008237 
1350 2.357979 0.000000 -0.136125 101.098288 -4.909150 -5.683507 -0.027727 
1351 2.357979 0.000000 -0.181500 99.175400 -5.739377 -3.502363 0.011903 
1352 2.406827 0.000000 -0.136125 101.203030 -4.925505 -3.481494 -0.027843 
1353 2.284709 0.000000 -0.113438 89.561897 -5.212561 -16.043587 0.169410 
1354 2.284709 0.000000 -0.136125 92.657068 -5.583530 -8.289950 0.131477 
1355 2.309132 0.000000 -0.113438 99.944062 -4.852448 -14.491836 -0.022238 
1356 2.357979 0.000000 0.136125 101.483818 -5.196384 3.205506 -0.033624 
1357 2.406827 0.000000 0.136125 101.380270 -5.056628 1.149608 -0.030485 
1358 2.357979 0.000000 0.181500 99.581368 -5.701769 1.694167 0.004817 
1359 2.284709 0.000000 0.113438 91.162806 -5.336094 13.252022 0.148525 
1360 2.309132 0.000000 0.113438 100.786305 -4.958876 11.538318 -0.031560 
1361 2.284709 0.000000 0.136125 93.912376 -5.393517 6.142852 0.111364 
1362 3.676849 0.000000 -0.544501 99.677289 -7.606098 -0.252043 0.000652 
1363 3.676849 0.000000 -0.726001 99.694078 -7.421859 -0.199866 0.000597 
1364 4.653790 0.000000 1.089002 99.738627 -7.119043 -0.021460 0.000153 
1365 4.653790 0.000000 1.452002 99.745322 -7.041221 -0.020242 0.000129 
1366 3.676849 0.000000 0.544501 99.685419 -7.527221 -0.139561 0.000614 
1367 3.872238 0.000000 0.544501 99.691170 -7.533665 -0.112368 0.000490 
1368 3.676849 0.000000 0.726001 99.704930 -7.307293 -0.073884 0.000552 
1369 3.969932 0.000000 -0.272250 99.755954 -6.621758 1.641149 0.000221 
1370 3.872238 0.000000 -0.272250 99.755230 -6.563389 1.451328 0.000371 
1371 3.969932 0.000000 -0.363001 99.672247 -7.821994 0.325051 0.000415 
1372 4.849178 0.000000 0.544501 99.705694 -7.578657 0.024664 0.000134 
1373 4.653790 0.000000 0.544501 99.703894 -7.576083 -0.003460 0.000174 
1374 4.849178 0.000000 0.726001 99.724920 -7.314219 0.008119 0.000144 
1375 4.458402 0.000000 0.544501 99.701545 -7.571861 -0.031127 0.000227 
1376 4.263014 0.000000 0.544501 99.699483 -7.565300 -0.061221 0.000278 
1377 4.458402 0.000000 0.726001 99.719998 -7.318785 -0.015206 0.000236 
1378 4.556096 0.000000 -0.272250 99.722053 -7.285641 3.399584 -0.000913 
1379 4.556096 0.000000 -0.363001 99.647885 -8.349243 0.217031 0.000054 
1380 4.214167 0.000000 -0.045375 100.235892 0.150337 -0.210520 -0.004730 
1381 4.214167 0.000000 -0.090750 100.310988 1.224113 -1.196197 -0.006522 
1382 4.214167 0.000000 0.000000 99.919726 -4.371171 -2.602271 -0.000983 
1383 3.774543 0.000000 -0.090750 100.130855 -1.116461 -1.021310 -0.002848 
1384 3.676849 0.000000 -0.090750 100.091120 -1.605311 -1.238605 -0.002234 
1385 3.774543 0.000000 -0.181500 99.913373 -4.230934 1.063297 -0.000171 
1386 4.018779 0.000000 -0.136125 100.025406 -2.785906 1.211417 -0.001431 
1387 3.969932 0.000000 -0.136125 100.021359 -2.810025 1.089249 -0.001336 
1388 4.018779 0.000000 -0.181500 99.931851 -4.125038 1.490834 -0.000561 
1389 3.579155 0.000000 0.090750 99.868476 -4.681358 -2.380650 -0.000130 
1390 3.579155 0.000000 0.000000 99.893079 -4.326438 -2.463473 -0.000341 
1391 3.579155 0.000000 0.181500 99.787628 -5.850355 -1.895527 0.000461 
1392 6.216895 0.000000 -1.089002 99.736665 -7.208981 -0.165538 0.000060 
1393 6.216895 0.000000 -1.452002 99.741788 -7.137307 -0.089637 0.000063 
1394 6.607671 0.000000 -1.089002 99.737573 -7.198238 -0.175019 0.000057 
1395 4.946872 0.000000 -0.272250 99.601954 -9.066034 7.761917 -0.006299 
1396 4.946872 0.000000 -0.363001 99.629580 -8.672064 -0.110788 -0.000127 
1397 5.044566 0.000000 -0.272250 99.428000 -11.563586 11.973895 -0.016302 
1398 6.216895 0.000000 1.089002 99.744684 -7.109929 0.011858 0.000045 
1399 6.607671 0.000000 1.089002 99.745801 -7.107753 0.017216 0.000025 
1400 6.216895 0.000000 1.452002 99.749961 -7.039818 -0.006423 0.000039 
1401 4.604943 0.000000 -0.136125 100.045231 -2.674268 2.864629 -0.002441 
1402 4.556096 0.000000 -0.136125 100.042137 -2.705595 2.630251 -0.002267 
1403 4.604943 0.000000 -0.181500 99.955023 -3.964621 2.397823 -0.001247 
1404 4.507249 0.000000 -0.045375 99.981501 -3.562393 -1.208442 -0.001045 
1405 4.507249 0.000000 -0.090750 100.352101 1.736623 -0.686818 -0.007403 
1406 4.507249 0.000000 0.000000 99.934774 -4.230451 -2.656674 -0.001191 
1407 4.311861 0.000000 -0.136125 100.036395 -2.731516 1.958138 -0.001858 
1408 4.263014 0.000000 -0.136125 100.035493 -2.730503 1.835314 -0.001792 
1409 4.311861 0.000000 -0.181500 99.945855 -4.026852 1.986166 -0.000933 
1410 5.142260 0.000000 -0.272250 97.932930 -32.952837 18.228944 -0.100904 
1411 5.142260 0.000000 -0.363001 99.624089 -8.768096 -0.347799 -0.000196 
1412 5.142260 0.000000 0.090750 99.837278 -5.720662 -0.274110 -0.000028 
1413 5.142260 0.000000 0.181500 99.813678 -6.059272 -1.928688 -0.000320 
1414 5.142260 0.000000 0.272250 99.075182 -16.622075 0.766240 -0.009277 
1415 5.044566 0.000000 0.272250 99.141431 -15.666863 -4.121657 -0.009146 
1416 5.142260 0.000000 0.363001 99.634806 -8.620448 0.035769 -0.000141 
1417 6.021507 0.000000 0.181500 99.884871 -5.087847 2.822804 -0.001084 
1418 6.216895 0.000000 0.181500 99.861328 -5.430453 2.684102 -0.000898 
1419 6.021507 0.000000 0.363001 99.659400 -8.314520 0.806097 -0.000178 
1420 6.021507 0.000000 0.544501 99.714025 -7.535872 0.205798 0.000028 
1421 6.216895 0.000000 0.544501 99.715514 -7.519708 0.233017 0.000022 
1422 6.021507 0.000000 0.726001 99.731043 -7.295275 0.082129 0.000049 
1423 5.533037 0.000000 0.090750 99.824699 -5.926349 0.945137 -0.000099 
1424 5.630731 0.000000 0.090750 99.827998 -5.884237 1.186019 -0.000166 
1425 3.383767 0.000000 -0.090750 99.986297 -2.708640 -1.409103 -0.000658 
1426 3.383767 0.000000 -0.181500 99.869679 -4.430036 0.447079 0.000622 
1427 3.481461 0.000000 -0.090750 100.019014 -2.407575 -1.396862 -0.001155 
1428 2.992991 0.000000 -0.090750 99.922408 -3.406637 -1.394079 0.000196 
1429 2.895297 0.000000 -0.090750 99.924689 -3.486656 -1.370692 0.000102 
1430 2.992991 0.000000 -0.181500 99.812310 -4.541353 -0.175495 0.001685 
1431 3.383767 0.000000 0.272250 99.685882 -7.059837 -1.332773 0.001111 
1432 3.481461 0.000000 0.272250 99.694107 -7.107630 -1.440257 0.000849 
1433 3.383767 0.000000 0.363001 99.651299 -7.649086 -0.667038 0.001067 
1434 6.021507 0.000000 -0.544501 99.711856 -7.556997 -0.558740 0.000013 
1435 6.021507 0.000000 -0.726001 99.725369 -7.363488 -0.348346 0.000051 
1436 6.216895 0.000000 -0.544501 99.713987 -7.533159 -0.582381 0.000003 
1437 5.728425 0.000000 -0.090750 100.211659 -0.400220 -0.137884 -0.004256 
1438 5.826119 0.000000 -0.090750 100.192446 -0.679324 -0.145361 -0.003901 
1439 5.728425 0.000000 0.000000 99.947411 -4.179852 2.787349 -0.001473 
1440 2.992991 0.000000 0.272250 99.748366 -6.716651 -1.188011 0.000374 
1441 2.895297 0.000000 0.272250 99.748939 -6.956831 -0.981604 0.000079 
1442 2.992991 0.000000 0.363001 99.716049 -7.307253 -0.723475 0.000279 
1443 3.237226 0.000000 0.136125 99.833819 -5.095126 -1.923218 0.000355 
1444 3.286073 0.000000 0.136125 99.802400 -5.232091 -1.814257 0.000881 
1445 3.237226 0.000000 0.181500 99.801770 -5.719518 -1.735950 0.000388 
1446 4.067626 0.000000 0.544501 99.696213 -7.556969 -0.087282 0.000355 
1447 4.067626 0.000000 0.726001 99.714632 -7.318528 -0.043540 0.000343 
1448 4.214167 0.000000 -0.136125 100.034300 -2.732834 1.711613 -0.001726 
1449 4.214167 0.000000 -0.181500 99.941858 -4.055485 1.826258 -0.000816 
1450 3.774543 0.000000 -0.272250 99.754589 -6.510901 1.281212 0.000499 
1451 3.676849 0.000000 -0.272250 99.752584 -6.465560 1.123214 0.000636 
1452 3.774543 0.000000 -0.363001 99.673372 -7.685779 0.291309 0.000606 
1453 3.579155 0.000000 -0.090750 100.053469 -2.041036 -1.345187 -0.001667 
1454 3.579155 0.000000 -0.181500 99.894957 -4.326159 0.749836 0.000172 
1455 3.579155 0.000000 0.272250 99.697139 -7.164256 -1.528512 0.000682 
1456 3.676849 0.000000 0.272250 99.700967 -7.226590 -1.636688 0.000481 
1457 3.579155 0.000000 0.363001 99.657812 -7.751004 -0.682772 0.000778 
1458 4.946872 0.000000 0.272250 99.382913 -12.204475 -5.275429 -0.005374 
1459 4.849178 0.000000 0.272250 99.515380 -10.290794 -4.697556 -0.003128 
1460 4.946872 0.000000 0.363001 99.636803 -8.575808 -0.159569 -0.000106 
1461 4.751484 0.000000 0.272250 99.582062 -9.325170 -4.054930 -0.001999 
1462 4.653790 0.000000 0.272250 99.619804 -8.769371 -3.548761 -0.001360 
1463 4.751484 0.000000 0.363001 99.640535 -8.492249 -0.330325 -0.000046 
1464 4.507249 0.000000 -0.136125 100.039670 -2.731599 2.466888 -0.002148 
1465 4.507249 0.000000 -0.181500 99.952348 -3.980975 2.276292 -0.001150 
1466 5.728425 0.000000 0.090750 99.832519 -5.824079 1.384116 -0.000237 
1467 5.826119 0.000000 0.090750 99.837555 -5.756276 1.540052 -0.000304 
1468 5.728425 0.000000 0.181500 99.936328 -4.340821 2.894337 -0.001449 
1469 5.728425 0.000000 0.272250 99.555386 -9.790014 3.286163 -0.001792 
1470 5.826119 0.000000 0.272250 99.587879 -9.329338 3.217313 -0.001513 
1471 5.728425 0.000000 0.363001 99.646500 -8.488539 0.604053 -0.000185 
1472 3.579155 0.000000 -0.272250 99.749974 -6.426047 0.991036 0.000767 
1473 3.481461 0.000000 -0.272250 99.745017 -6.392335 0.853583 0.000934 
1474 3.579155 0.000000 -0.363001 99.672653 -7.563807 0.256192 0.000809 
1475 4.556096 0.000000 0.272250 99.643537 -8.408011 -3.161796 -0.000953 
1476 4.458402 0.000000 0.272250 99.660258 -8.150414 -2.859983 -0.000678 
1477 4.556096 0.000000 0.363001 99.645808 -8.378189 -0.466283 0.000030 
1478 4.360708 0.000000 0.272250 99.672580 -7.954198 -2.618410 -0.000475 
1479 4.263014 0.000000 0.272250 99.681855 -7.796994 -2.416633 -0.000311 
1480 4.360708 0.000000 0.363001 99.652301 -8.248919 -0.571797 0.000105 
1481 3.774543 0.000000 0.272250 99.700944 -7.294958 -1.736509 0.000349 
1482 3.872238 0.000000 0.272250 99.699636 -7.370873 -1.844741 0.000225 
1483 3.774543 0.000000 0.363001 99.662662 -7.860376 -0.698139 0.000508 
1484 3.383767 0.000000 -0.272250 99.738553 -6.369857 0.725972 0.001112 
1485 3.286073 0.000000 -0.272250 99.741459 -6.328155 0.666818 0.001115 
1486 3.383767 0.000000 -0.363001 99.665812 -7.466442 0.198687 0.001094 
1 11 62 60 61 
2 62 10 24 60 
3 60 24 14 63 
4 61 60 63 6 
5 24 66 64 65 
6 66 23 40 64 
7 64 40 27 67 
8 65 64 67 14 
9 40 70 68 69 
10 69 68 71 27 
11 6 63 92 93 
12 63 14 36 92 
13 92 36 19 94 
14 93 92 94 20 
15 14 67 95 96 
16 67 27 52 95 
17 95 52 35 97 
18 96 95 97 36 
19 27 71 98 99 
20 99 98 100 52 
21 68 112 110 111 
22 112 56 80 110 
23 110 80 43 113 
24 111 110 113 71 
25 80 116 114 115 
26 115 114 117 43 
27 71 113 133 134 
28 113 43 102 133 
29 133 102 76 135 
30 134 133 135 98 
31 43 117 136 137 
32 137 136 138 102 
33 114 141 139 140 
34 141 106 129 139 
35 139 129 83 142 
36 140 139 142 117 
37 129 149 147 148 
38 147 150 132 151 
39 148 147 151 83 
40 117 142 152 153 
41 142 83 144 152 
42 152 144 125 154 
43 153 152 154 136 
44 83 151 155 156 
45 151 132 157 155 
46 156 155 158 144 
47 12 161 159 160 
48 161 7 162 159 
49 159 162 13 25 
50 160 159 25 10 
51 25 165 163 164 
52 165 13 166 163 
53 163 166 26 41 
54 164 163 41 23 
55 41 169 167 168 
56 169 26 170 167 
57 167 170 42 57 
58 168 167 57 39 
59 39 173 171 172 
60 173 57 174 171 
61 171 174 55 81 
62 172 171 81 56 
63 81 177 175 176 
64 177 55 178 175 
65 175 178 82 107 
66 176 175 107 79 
67 79 181 179 180 
68 181 107 182 179 
69 179 182 105 130 
70 180 179 130 106 
71 106 185 183 184 
72 185 130 186 183 
73 184 183 149 129 
74 195 197 109 198 
75 150 195 198 132 
76 149 201 199 200 
77 201 128 202 199 
78 199 202 150 203 
79 200 199 203 147 
80 132 198 210 157 
81 198 109 211 210 
82 19 38 213 214 
83 38 21 215 213 
84 213 215 9 216 
85 214 213 216 22 
86 35 54 217 218 
87 54 37 219 217 
88 217 219 21 220 
89 218 217 220 38 
90 51 78 221 222 
91 78 53 223 221 
92 221 223 37 224 
93 222 221 224 54 
94 76 104 225 226 
95 104 75 227 225 
96 225 227 78 228 
97 226 225 228 51 
98 101 127 229 230 
99 127 103 231 229 
100 229 231 75 232 
101 230 229 232 104 
102 125 146 233 234 
103 146 124 235 233 
104 233 235 127 236 
105 234 233 236 101 
106 144 158 237 238 
107 237 239 146 240 
108 238 237 240 125 
109 155 243 241 242 
110 243 157 244 241 
111 241 244 143 245 
112 242 241 245 158 
113 130 247 246 186 
114 247 105 248 246 
115 249 251 195 252 
116 202 249 252 150 
117 186 255 253 254 
118 255 246 256 253 
119 253 256 196 250 
120 254 253 250 128 
121 128 259 257 258 
122 259 250 260 257 
123 257 260 249 261 
124 258 257 261 202 
125 262 263 124 264 
126 239 262 264 146 
127 157 266 265 244 
128 266 210 267 265 
129 143 268 269 270 
130 268 212 271 269 
131 269 271 262 272 
132 270 269 272 239 
133 244 275 273 274 
134 275 265 276 273 
135 273 276 268 277 
136 274 273 277 143 
137 278 280 194 281 
138 197 278 281 109 
139 283 131 284 282 
140 282 284 197 285 
141 251 282 285 195 
142 107 287 286 182 
143 287 82 288 286 
144 286 288 108 192 
145 182 286 192 105 
146 105 290 289 248 
147 290 192 291 289 
148 246 293 292 256 
149 293 248 294 292 
150 292 294 131 283 
151 256 292 283 196 
152 196 297 295 296 
153 297 283 298 295 
154 295 298 282 299 
155 296 295 299 251 
156 109 281 300 211 
157 281 194 301 300 
158 210 304 303 267 
159 304 211 305 303 
160 303 305 145 306 
161 124 209 307 235 
162 209 126 308 307 
163 307 308 103 309 
164 235 307 309 127 
165 310 311 209 312 
166 263 310 312 124 
167 212 306 313 271 
168 306 145 314 313 
169 313 314 263 315 
170 271 313 315 262 
171 267 318 316 317 
172 318 303 319 316 
173 316 319 306 320 
174 317 316 320 212 
175 131 322 321 284 
176 322 279 323 321 
177 321 323 278 324 
178 284 321 324 197 
179 211 326 325 305 
180 326 300 327 325 
181 325 327 302 328 
182 305 325 328 145 
183 192 334 333 291 
184 334 108 335 333 
185 289 339 337 338 
186 339 291 340 337 
187 337 340 191 341 
188 338 337 341 279 
189 345 347 126 348 
190 311 345 348 209 
191 302 351 349 350 
192 351 207 352 349 
193 349 352 311 353 
194 350 349 353 310 
195 354 355 59 356 
196 280 354 356 194 
197 291 358 357 340 
198 358 333 359 357 
199 357 359 336 360 
200 191 360 361 362 
201 360 336 363 361 
202 361 363 354 364 
203 362 361 364 280 
204 340 367 365 366 
205 367 357 368 365 
206 365 368 360 369 
207 366 365 369 191 
208 194 356 370 301 
209 356 59 371 370 
210 373 346 374 372 
211 372 374 345 375 
212 352 372 375 311 
213 301 378 376 377 
214 378 370 379 376 
215 376 379 346 373 
216 377 376 373 207 
217 207 382 380 381 
218 382 373 383 380 
219 380 383 372 384 
220 381 380 384 352 
221 57 386 385 174 
222 386 42 387 385 
223 385 387 58 89 
224 174 385 89 55 
225 55 389 388 178 
226 389 89 390 388 
227 388 390 88 188 
228 178 388 188 82 
229 82 392 391 288 
230 392 188 393 391 
231 391 393 187 330 
232 288 391 330 108 
233 108 395 394 335 
234 395 330 396 394 
235 333 399 398 359 
236 399 335 400 398 
237 359 398 401 336 
238 75 123 402 227 
239 123 77 403 402 
240 402 403 53 404 
241 227 402 404 78 
242 103 206 405 231 
243 206 121 406 405 
244 405 406 123 407 
245 231 405 407 75 
246 126 344 408 308 
247 344 204 409 408 
248 408 409 206 410 
249 308 408 410 103 
250 411 413 344 414 
251 347 411 414 126 
252 346 416 415 374 
253 415 417 347 418 
254 374 415 418 345 
255 419 420 332 421 
256 355 419 421 59 
257 335 423 422 400 
258 423 394 424 422 
259 336 401 426 363 
260 401 193 427 426 
261 426 427 355 428 
262 363 426 428 354 
263 398 431 429 430 
264 431 400 432 429 
265 429 432 193 433 
266 430 429 433 401 
267 59 421 434 371 
268 421 332 435 434 
269 370 437 436 379 
270 437 371 438 436 
271 436 438 208 416 
272 379 436 416 346 
273 439 441 411 442 
274 417 439 442 347 
275 416 445 443 444 
276 445 208 446 443 
277 443 446 417 447 
278 444 443 447 415 
279 88 453 452 189 
280 453 90 454 452 
281 452 454 5 455 
282 189 452 455 91 
283 187 457 456 331 
284 457 189 458 456 
285 456 458 91 459 
286 331 456 459 190 
287 330 461 460 396 
288 461 187 462 460 
289 460 462 331 463 
290 396 460 463 329 
291 394 465 464 424 
292 465 396 466 464 
293 464 466 329 467 
294 424 464 467 397 
295 193 425 468 427 
296 425 397 469 468 
297 468 469 419 470 
298 427 468 470 355 
299 422 473 471 472 
300 473 424 474 471 
301 471 474 397 475 
302 472 471 475 425 
303 371 477 476 438 
304 477 434 478 476 
305 476 478 412 440 
306 438 476 440 208 
307 91 455 482 205 
308 455 5 483 482 
309 482 483 122 484 
310 205 482 484 121 
311 190 459 485 343 
312 459 91 486 485 
313 485 486 205 487 
314 343 485 487 204 
315 342 489 488 413 
316 489 343 490 488 
317 488 490 204 491 
318 413 488 491 344 
319 412 493 492 441 
320 493 342 494 492 
321 492 494 413 495 
322 441 492 495 411 
323 440 498 496 497 
324 498 412 499 496 
325 496 499 441 500 
326 497 496 500 439 
327 454 510 508 509 
328 508 511 504 512 
329 509 508 512 5 
330 5 512 513 514 
331 512 504 515 513 
332 514 513 516 483 
333 7 518 517 162 
334 518 16 519 517 
335 517 519 15 32 
336 162 517 32 13 
337 13 521 520 166 
338 521 32 522 520 
339 520 522 31 48 
340 166 520 48 26 
341 26 524 523 170 
342 524 48 525 523 
343 523 525 47 85 
344 170 523 85 42 
345 42 527 526 387 
346 527 85 528 526 
347 526 528 84 449 
348 387 526 449 58 
349 58 531 529 530 
350 531 449 532 529 
351 529 532 448 502 
352 530 529 502 90 
353 90 535 533 534 
354 535 502 536 533 
355 533 536 501 510 
356 534 533 510 454 
357 538 17 539 537 
358 537 539 8 540 
359 448 554 553 503 
360 554 450 555 553 
361 553 555 87 556 
362 503 553 556 451 
363 501 558 557 511 
364 558 503 559 557 
365 557 559 451 560 
366 511 557 560 504 
367 510 563 561 562 
368 563 501 564 561 
369 561 564 511 565 
370 562 561 565 508 
371 540 8 567 566 
372 566 567 29 568 
373 451 556 578 506 
374 556 87 579 578 
375 578 579 480 580 
376 506 578 580 479 
377 504 560 581 515 
378 560 451 582 581 
379 581 582 506 583 
380 515 581 583 505 
381 21 46 584 215 
382 46 28 585 584 
383 584 585 30 586 
384 215 584 586 9 
385 37 74 587 219 
386 74 44 588 587 
387 587 588 46 589 
388 219 587 589 21 
389 53 120 590 223 
390 120 72 591 590 
391 590 591 74 592 
392 223 590 592 37 
393 77 481 593 403 
394 481 118 594 593 
395 593 594 120 595 
396 403 593 595 53 
397 122 507 596 597 
398 507 479 598 596 
399 596 598 481 599 
400 597 596 599 77 
401 483 516 600 601 
402 516 505 602 600 
403 600 602 507 603 
404 601 600 603 122 
405 513 606 604 605 
406 606 515 607 604 
407 604 607 505 608 
408 605 604 608 516 
409 555 618 616 617 
410 617 616 620 87 
411 87 620 621 622 
412 622 621 624 579 
413 85 626 625 528 
414 626 47 627 625 
415 625 627 86 550 
416 528 625 550 84 
417 84 630 628 629 
418 630 550 631 628 
419 628 631 549 610 
420 629 628 610 450 
421 450 634 632 633 
422 634 610 635 632 
423 632 635 609 618 
424 633 632 618 555 
425 641 551 642 640 
426 640 642 50 643 
427 618 650 648 649 
428 650 609 651 648 
429 649 648 652 616 
430 643 50 657 656 
431 656 657 576 658 
432 118 577 662 594 
433 577 119 663 662 
434 662 663 72 664 
435 594 662 664 120 
436 480 615 665 666 
437 615 575 667 665 
438 665 667 577 668 
439 666 665 668 118 
440 579 624 669 670 
441 624 613 671 669 
442 669 671 615 672 
443 670 669 672 480 
444 621 675 673 674 
445 673 676 613 677 
446 674 673 677 624 
447 610 679 678 635 
448 679 549 680 678 
449 678 680 611 645 
450 635 678 645 609 
451 609 682 681 651 
452 682 645 683 681 
453 616 652 685 686 
454 685 687 612 688 
455 686 685 688 620 
456 648 691 689 690 
457 691 651 692 689 
458 690 689 693 652 
459 620 688 694 695 
460 688 612 696 694 
461 695 694 675 621 
462 613 661 697 671 
463 661 614 698 697 
464 697 698 575 699 
465 671 697 699 615 
466 700 702 661 703 
467 676 700 703 613 
468 675 706 704 705 
469 704 707 676 708 
470 705 704 708 673 
471 709 710 647 711 
472 687 709 711 612 
473 651 713 712 692 
474 713 681 714 712 
475 652 693 716 717 
476 693 619 718 716 
477 716 718 687 719 
478 717 716 719 685 
479 689 722 720 721 
480 722 692 723 720 
481 720 723 619 724 
482 721 720 724 693 
483 612 711 725 696 
484 711 647 726 725 
485 694 729 727 728 
486 729 696 730 727 
487 727 730 623 706 
488 728 727 706 675 
489 731 733 700 734 
490 707 731 734 676 
491 706 737 735 736 
492 737 623 738 735 
493 735 738 707 739 
494 736 735 739 704 
495 619 715 740 718 
496 715 684 741 740 
497 740 741 709 742 
498 718 740 742 687 
499 692 744 743 723 
500 744 712 745 743 
501 743 745 715 746 
502 723 743 746 619 
503 696 748 747 730 
504 748 725 749 747 
505 747 749 701 732 
506 730 747 732 623 
507 623 751 750 738 
508 751 732 752 750 
509 750 752 731 753 
510 738 750 753 707 
511 755 640 756 754 
512 754 756 643 757 
513 645 759 758 683 
514 759 611 760 758 
515 681 763 762 714 
516 763 683 764 762 
517 762 764 644 765 
518 712 767 766 745 
519 767 714 768 766 
520 766 768 684 769 
521 745 766 769 715 
522 757 643 771 770 
523 770 771 656 772 
524 773 775 614 776 
525 702 773 776 661 
526 778 659 779 777 
527 777 779 702 780 
528 733 777 780 700 
529 732 782 781 752 
530 782 701 783 781 
531 781 783 733 784 
532 752 781 784 731 
533 785 786 552 787 
534 710 785 787 647 
535 684 765 788 741 
536 765 644 789 788 
537 788 789 710 790 
538 741 788 790 709 
539 714 792 791 768 
540 792 762 793 791 
541 791 793 765 794 
542 768 791 794 684 
543 647 787 795 726 
544 787 552 796 795 
545 725 798 797 749 
546 798 726 799 797 
547 797 799 659 778 
548 749 797 778 701 
549 701 801 800 783 
550 801 778 802 800 
551 800 802 777 803 
552 783 800 803 733 
553 804 806 785 807 
554 789 804 807 710 
555 683 809 808 764 
556 809 758 810 808 
557 808 810 761 805 
558 764 808 805 644 
559 644 813 811 812 
560 813 805 814 811 
561 811 814 804 815 
562 812 811 815 789 
563 726 817 816 799 
564 817 795 818 816 
565 659 819 820 779 
566 819 774 821 820 
567 820 821 773 822 
568 779 820 822 702 
569 799 825 823 824 
570 825 816 826 823 
571 823 826 819 827 
572 824 823 827 659 
573 646 829 828 786 
574 829 754 830 828 
575 828 830 757 831 
576 786 828 831 552 
577 761 833 832 806 
578 833 646 834 832 
579 832 834 786 835 
580 806 832 835 785 
581 805 837 836 814 
582 837 761 838 836 
583 836 838 806 839 
584 814 836 839 804 
585 552 831 840 796 
586 831 757 841 840 
587 840 841 770 842 
588 796 840 842 660 
589 795 844 843 818 
590 844 796 845 843 
591 843 845 660 846 
592 818 843 846 774 
593 816 848 847 826 
594 848 818 849 847 
595 847 849 774 850 
596 826 847 850 819 
597 881 883 867 884 
598 882 881 884 866 
599 870 896 894 895 
600 895 894 897 858 
601 873 889 901 902 
602 889 34 903 901 
603 901 903 883 904 
604 902 901 904 881 
605 907 885 908 905 
606 905 908 889 909 
607 906 905 909 873 
608 858 897 913 914 
609 897 873 902 913 
610 913 902 881 915 
611 914 913 915 882 
612 894 918 916 917 
613 918 886 906 916 
614 916 906 873 919 
615 917 916 919 897 
616 48 921 920 525 
617 921 31 922 920 
618 920 922 49 546 
619 525 920 546 47 
620 546 925 923 924 
621 925 49 926 923 
622 923 926 547 856 
623 924 923 856 545 
624 856 929 927 928 
625 929 547 930 927 
626 927 930 857 871 
627 928 927 871 855 
628 871 933 931 932 
629 933 857 934 931 
630 931 934 872 887 
631 932 931 887 869 
632 869 937 935 936 
633 937 887 938 935 
634 935 938 885 907 
635 936 935 907 886 
636 886 941 939 940 
637 941 907 942 939 
638 939 942 905 943 
639 940 939 943 906 
640 33 945 944 543 
641 945 537 946 944 
642 944 946 540 947 
643 543 944 947 18 
644 949 543 950 948 
645 948 950 18 951 
646 18 947 960 570 
647 947 540 961 960 
648 960 961 566 962 
649 570 960 962 45 
650 951 18 964 963 
651 963 964 570 965 
652 974 956 975 972 
653 972 975 959 976 
654 865 976 981 982 
655 976 959 983 981 
656 981 983 969 984 
657 982 981 984 899 
658 987 972 988 985 
659 985 988 976 989 
660 986 985 989 865 
661 880 980 990 991 
662 980 865 982 990 
663 990 982 899 992 
664 991 990 992 898 
665 977 995 993 994 
666 995 973 986 993 
667 993 986 865 996 
668 994 993 996 980 
669 32 998 997 522 
670 998 15 999 997 
671 997 999 33 542 
672 522 997 542 31 
673 31 1001 1000 922 
674 1001 542 1002 1000 
675 1000 1002 541 852 
676 922 1000 852 49 
677 49 1004 1003 926 
678 1004 852 1005 1003 
679 1003 1005 851 863 
680 926 1003 863 547 
681 863 1008 1006 1007 
682 1008 851 1009 1006 
683 1006 1009 864 957 
684 1007 1006 957 862 
685 862 1012 1010 1011 
686 1012 957 1013 1010 
687 1010 1013 956 974 
688 1011 1010 974 879 
689 879 1016 1014 1015 
690 1016 974 1017 1014 
691 1014 1017 972 987 
692 1015 1014 987 973 
693 973 1020 1018 1019 
694 1020 987 1021 1018 
695 1018 1021 985 1022 
696 1019 1018 1022 986 
697 34 1025 1026 903 
698 1025 880 991 1026 
699 1026 991 898 1027 
700 903 1026 1027 883 
701 1030 978 1031 1028 
702 1028 1031 880 1032 
703 1029 1028 1032 1025 
704 888 1035 1033 1034 
705 1035 1023 1029 1033 
706 1033 1029 1025 1036 
707 1034 1033 1036 34 
708 547 1038 1037 930 
709 1038 863 1007 1037 
710 1037 1007 862 878 
711 930 1037 878 857 
712 857 1040 1039 934 
713 1040 878 1041 1039 
714 1039 1041 877 1024 
715 934 1039 1024 872 
716 1024 1044 1042 1043 
717 1044 877 1045 1042 
718 1042 1045 978 1030 
719 1043 1042 1030 1023 
720 1023 1048 1046 1047 
721 1048 1030 1049 1046 
722 1046 1049 1028 1050 
723 1047 1046 1050 1029 
724 958 1060 1058 1059 
725 1060 1051 1061 1058 
726 1058 1061 1054 1062 
727 1059 1058 1062 854 
728 1064 951 1065 1063 
729 1063 1065 963 1066 
730 1054 1073 1071 1072 
731 1073 955 1074 1071 
732 1071 1074 1056 1075 
733 1072 1071 1075 1055 
734 636 1078 1076 1077 
735 551 1081 1080 642 
736 1081 636 1077 1080 
737 642 1080 1082 50 
738 1077 1088 1086 1087 
739 1088 1076 1089 1086 
740 1086 1089 1079 1090 
741 1087 1086 1090 639 
742 956 1092 1091 975 
743 1092 958 1059 1091 
744 1091 1059 854 1093 
745 975 1091 1093 959 
746 1095 948 1096 1094 
747 1094 1096 951 1064 
748 1051 1101 1100 1061 
749 1101 1053 1102 1100 
750 1100 1102 955 1073 
751 1061 1100 1073 1054 
752 852 1104 1103 1005 
753 1104 541 1105 1103 
754 1103 1105 853 953 
755 1005 1103 953 851 
756 953 1108 1106 1107 
757 1108 853 1109 1106 
758 1106 1109 954 1098 
759 1107 1106 1098 952 
760 952 1112 1110 1111 
761 1112 1098 1113 1110 
762 1110 1113 1097 1114 
763 954 1116 1115 1099 
764 1116 1094 1117 1115 
765 1115 1117 1064 1118 
766 1099 1115 1118 544 
767 1098 1120 1119 1113 
768 1120 954 1121 1119 
769 1119 1121 1099 1122 
770 1113 1119 1122 1097 
771 851 1124 1123 1009 
772 1124 953 1107 1123 
773 1123 1107 952 1052 
774 1009 1123 1052 864 
775 1052 1127 1125 1126 
776 1127 952 1111 1125 
777 1125 1111 1053 1101 
778 1126 1125 1101 1051 
779 1053 1114 1128 1102 
780 1114 1097 1129 1128 
781 1128 1129 1068 1130 
782 1102 1128 1130 955 
783 1111 1133 1131 1132 
784 1133 1110 1134 1131 
785 1131 1134 1114 1135 
786 1132 1131 1135 1053 
787 50 1082 1136 657 
788 657 1136 1137 576 
789 1082 1144 1142 1143 
790 1144 639 1139 1142 
791 1142 1139 1084 1145 
792 1143 1142 1145 1136 
793 639 1148 1146 1147 
794 1148 1090 1149 1146 
795 1147 1146 1150 1139 
796 1079 1152 1151 1140 
797 1152 548 1153 1151 
798 1151 1153 911 1154 
799 1140 1151 1154 1083 
800 1090 1156 1155 1149 
801 1156 1079 1157 1155 
802 1155 1157 1140 1158 
803 1149 1155 1158 1138 
804 72 574 1159 591 
805 574 73 1160 1159 
806 1159 1160 44 1161 
807 591 1159 1161 74 
808 119 655 1162 663 
809 655 572 1163 1162 
810 1162 1163 574 1164 
811 663 1162 1164 72 
812 653 1085 1165 1166 
813 1085 654 1167 1165 
814 1165 1167 572 1168 
815 1166 1165 1168 655 
816 1084 1141 1169 1170 
817 1141 1083 1171 1169 
818 1169 1171 1085 1172 
819 1170 1169 1172 653 
820 1139 1150 1173 1174 
821 1150 1138 1175 1173 
822 1173 1175 1141 1176 
823 1174 1173 1176 1084 
824 1146 1179 1177 1178 
825 1179 1149 1180 1177 
826 1177 1180 1138 1181 
827 1178 1177 1181 1150 
828 893 1184 1182 1183 
829 1184 858 914 1182 
830 1182 914 882 1185 
831 1183 1182 1185 910 
832 959 1093 1186 983 
833 1093 854 1187 1186 
834 1186 1187 970 1188 
835 983 1186 1188 969 
836 44 571 1189 588 
837 571 45 1190 1189 
838 1189 1190 28 1191 
839 588 1189 1191 46 
840 73 861 1192 1160 
841 861 569 1193 1192 
842 1192 1193 571 1194 
843 1160 1192 1194 44 
844 859 968 1195 1196 
845 968 860 1197 1195 
846 1195 1197 569 1198 
847 1196 1195 1198 861 
848 966 1070 1199 1200 
849 1070 967 1201 1199 
850 1199 1201 860 1202 
851 1200 1199 1202 968 
852 1056 1205 1203 1204 
853 1205 1067 1206 1203 
854 1203 1206 1070 1207 
855 1204 1203 1207 966 
856 875 1057 1208 1209 
857 1057 966 1200 1208 
858 1208 1200 968 1210 
859 1209 1208 1210 859 
860 1055 1075 1211 1212 
861 1075 1056 1204 1211 
862 1211 1204 966 1213 
863 1212 1211 1213 1057 
864 1 1216 1214 1215 
865 1216 12 160 1214 
866 1214 160 10 62 
867 1215 1214 62 11 
868 16 1218 1217 519 
869 1218 2 1219 1217 
870 1217 1219 17 538 
871 519 1217 538 15 
872 20 94 1220 1221 
873 94 19 214 1220 
874 1220 214 22 1222 
875 1221 1220 1222 4 
876 10 1225 1223 1224 
877 1225 25 164 1223 
878 1223 164 23 66 
879 1224 1223 66 24 
880 28 568 1226 585 
881 568 29 1227 1226 
882 1226 1227 3 1228 
883 585 1226 1228 30 
884 36 97 1229 1230 
885 97 35 218 1229 
886 1229 218 38 1231 
887 1230 1229 1231 19 
888 23 1234 1232 1233 
889 1234 41 168 1232 
890 1232 168 39 70 
891 1233 1232 70 40 
892 52 100 1235 1236 
893 100 51 222 1235 
894 1235 222 54 1237 
895 1236 1235 1237 35 
896 70 1240 1238 1239 
897 1240 39 172 1238 
898 1238 172 56 112 
899 1239 1238 112 68 
900 56 1243 1241 1242 
901 1243 81 176 1241 
902 1241 176 79 116 
903 1242 1241 116 80 
904 89 1245 1244 390 
905 1245 58 530 1244 
906 1244 530 90 453 
907 390 1244 453 88 
908 98 135 1246 1247 
909 135 76 226 1246 
910 1246 226 51 1248 
911 1247 1246 1248 100 
912 102 138 1249 1250 
913 138 101 230 1249 
914 1249 230 104 1251 
915 1250 1249 1251 76 
916 116 1254 1252 1253 
917 1254 79 180 1252 
918 1252 180 106 141 
919 1253 1252 141 114 
920 121 484 1255 406 
921 484 122 597 1255 
922 1255 597 77 1256 
923 406 1255 1256 123 
924 136 154 1257 1258 
925 154 125 234 1257 
926 1257 234 101 1259 
927 1258 1257 1259 138 
928 183 1262 1260 1261 
929 1262 186 254 1260 
930 1260 254 128 201 
931 1261 1260 201 149 
932 188 1264 1263 393 
933 1264 88 1265 1263 
934 1263 1265 189 457 
935 393 1263 457 187 
936 204 487 1266 409 
937 487 205 1267 1266 
938 1266 1267 121 1268 
939 409 1266 1268 206 
940 158 245 1269 1270 
941 245 143 270 1269 
942 1269 270 239 1271 
943 1270 1269 1271 237 
944 250 1273 1272 260 
945 1273 196 296 1272 
946 1272 296 251 1274 
947 260 1272 1274 249 
948 265 1276 1275 276 
949 1276 267 317 1275 
950 1275 317 212 1277 
951 276 1275 1277 268 
952 279 341 1278 323 
953 341 191 362 1278 
954 1278 362 280 1279 
955 323 1278 1279 278 
956 248 1281 1280 294 
957 1281 289 338 1280 
958 1280 338 279 322 
959 294 1280 322 131 
960 300 1283 1282 327 
961 1283 301 377 1282 
962 1282 377 207 351 
963 327 1282 351 302 
964 145 328 1284 314 
965 328 302 350 1284 
966 1284 350 310 1285 
967 314 1284 1285 263 
968 329 463 1286 420 
969 463 331 1287 1286 
970 1286 1287 190 1288 
971 420 1286 1288 332 
972 332 1288 1289 435 
973 1288 190 1290 1289 
974 1289 1290 343 489 
975 435 1289 489 342 
976 397 467 1291 469 
977 467 329 1292 1291 
978 1291 1292 420 1293 
979 469 1291 1293 419 
980 400 1295 1294 432 
981 1295 422 472 1294 
982 1294 472 425 1296 
983 432 1294 1296 193 
984 434 1298 1297 478 
985 1298 435 1299 1297 
986 1297 1299 342 493 
987 478 1297 493 412 
988 208 1301 1300 446 
989 1301 440 497 1300 
990 1300 497 439 1302 
991 446 1300 1302 417 
992 449 1304 1303 532 
993 1304 84 629 1303 
994 1303 629 450 554 
995 532 1303 554 448 
996 479 580 1305 598 
997 580 480 666 1305 
998 1305 666 118 1306 
999 598 1305 1306 481 
1000 502 1308 1307 536 
1001 1308 448 1309 1307 
1002 1307 1309 503 558 
1003 536 1307 558 501 
1004 505 583 1310 602 
1005 583 506 1311 1310 
1006 1310 1311 479 1312 
1007 602 1310 1312 507 
1008 15 1314 1313 999 
1009 1314 538 1315 1313 
1010 1313 1315 537 945 
1011 999 1313 945 33 
1012 542 1317 1316 1002 
1013 1317 33 1318 1316 
1014 1316 1318 543 949 
1015 1002 1316 949 541 
1016 47 1320 1319 627 
1017 1320 546 924 1319 
1018 1319 924 545 637 
1019 627 1319 637 86 
1020 550 1322 1321 631 
1021 1322 86 1323 1321 
1022 1321 1323 551 641 
1023 631 1321 641 549 
1024 45 962 1324 1190 
1025 962 566 1325 1324 
1026 1324 1325 568 1326 
1027 1190 1324 1326 28 
1028 569 965 1327 1193 
1029 965 570 1328 1327 
1030 1327 1328 45 1329 
1031 1193 1327 1329 571 
1032 572 868 1330 1163 
1033 868 573 1331 1330 
1034 1330 1331 73 1332 
1035 1163 1330 1332 574 
1036 575 658 1333 667 
1037 658 576 1334 1333 
1038 1333 1334 119 1335 
1039 667 1333 1335 577 
1040 86 1337 1336 1323 
1041 1337 637 1338 1336 
1042 1336 1338 636 1081 
1043 1323 1336 1081 551 
1044 637 1340 1339 1338 
1045 1340 545 1341 1339 
1046 1339 1341 638 1078 
1047 1338 1339 1078 636 
1048 549 1343 1342 680 
1049 1343 641 1344 1342 
1050 1342 1344 640 755 
1051 680 1342 755 611 
1052 576 1137 1345 1334 
1053 1137 653 1166 1345 
1054 1345 1166 655 1346 
1055 1334 1345 1346 119 
1056 614 772 1347 698 
1057 772 656 1348 1347 
1058 1347 1348 658 1349 
1059 698 1347 1349 575 
1060 611 1351 1350 760 
1061 1351 755 1352 1350 
1062 1350 1352 754 829 
1063 760 1350 829 646 
1064 758 1354 1353 810 
1065 1354 760 1355 1353 
1066 1353 1355 646 833 
1067 810 1353 833 761 
1068 660 842 1356 775 
1069 842 770 1357 1356 
1070 1356 1357 772 1358 
1071 775 1356 1358 614 
1072 774 846 1359 821 
1073 846 660 1360 1359 
1074 1359 1360 775 1361 
1075 821 1359 1361 773 
1076 545 1363 1362 1341 
1077 1363 856 928 1362 
1078 1362 928 855 892 
1079 1341 1362 892 638 
1080 573 876 1364 1331 
1081 876 859 1196 1364 
1082 1364 1196 861 1365 
1083 1331 1364 1365 73 
1084 654 912 1366 1167 
1085 912 866 1367 1366 
1086 1366 1367 868 1368 
1087 1167 1366 1368 572 
1088 855 1371 1369 1370 
1089 1371 871 932 1369 
1090 1369 932 869 896 
1091 1370 1369 896 870 
1092 874 971 1372 1373 
1093 971 875 1209 1372 
1094 1372 1209 859 1374 
1095 1373 1372 1374 876 
1096 867 900 1375 1376 
1097 900 874 1373 1375 
1098 1375 1373 876 1377 
1099 1376 1375 1377 573 
1100 878 1379 1378 1041 
1101 1379 862 1011 1378 
1102 1378 1011 879 979 
1103 1041 1378 979 877 
1104 885 1381 1380 908 
1105 1381 888 1034 1380 
1106 1380 1034 34 1382 
1107 908 1380 1382 889 
1108 890 1385 1383 1384 
1109 1385 870 895 1383 
1110 1383 895 858 1184 
1111 1384 1383 1184 893 
1112 896 1388 1386 1387 
1113 1388 869 936 1386 
1114 1386 936 886 918 
1115 1387 1386 918 894 
1116 548 1390 1389 1153 
1117 1390 893 1183 1389 
1118 1389 1183 910 1391 
1119 1153 1389 1391 911 
1120 541 1393 1392 1105 
1121 1393 949 1394 1392 
1122 1392 1394 948 1095 
1123 1105 1392 1095 853 
1124 957 1396 1395 1013 
1125 1396 864 1397 1395 
1126 1395 1397 958 1092 
1127 1013 1395 1092 956 
1128 860 1066 1398 1197 
1129 1066 963 1399 1398 
1130 1398 1399 965 1400 
1131 1197 1398 1400 569 
1132 979 1403 1401 1402 
1133 1403 879 1015 1401 
1134 1401 1015 973 995 
1135 1402 1401 995 977 
1136 978 1405 1404 1031 
1137 1405 977 994 1404 
1138 1404 994 980 1406 
1139 1031 1404 1406 880 
1140 872 1409 1407 1408 
1141 1409 1024 1043 1407 
1142 1407 1043 1023 1035 
1143 1408 1407 1035 888 
1144 864 1411 1410 1397 
1145 1411 1052 1126 1410 
1146 1410 1126 1051 1060 
1147 1397 1410 1060 958 
1148 854 1062 1412 1187 
1149 1062 1054 1072 1412 
1150 1412 1072 1055 1413 
1151 1187 1412 1413 970 
1152 970 1413 1414 1415 
1153 1413 1055 1212 1414 
1154 1414 1212 1057 1416 
1155 1415 1414 1416 875 
1156 544 1118 1417 1069 
1157 1118 1064 1418 1417 
1158 1417 1418 1063 1419 
1159 1069 1417 1419 967 
1160 967 1419 1420 1201 
1161 1419 1063 1421 1420 
1162 1420 1421 1066 1422 
1163 1201 1420 1422 860 
1164 955 1130 1423 1074 
1165 1130 1068 1424 1423 
1166 1423 1424 1067 1205 
1167 1074 1423 1205 1056 
1168 1076 1426 1425 1089 
1169 1426 891 1427 1425 
1170 1425 1427 548 1152 
1171 1089 1425 1152 1079 
1172 1080 1430 1428 1429 
1173 1430 1077 1087 1428 
1174 1428 1087 639 1144 
1175 1429 1428 1144 1082 
1176 1083 1154 1431 1171 
1177 1154 911 1432 1431 
1178 1431 1432 654 1433 
1179 1171 1431 1433 1085 
1180 853 1435 1434 1109 
1181 1435 1095 1436 1434 
1182 1434 1436 1094 1116 
1183 1109 1434 1116 954 
1184 1097 1122 1437 1129 
1185 1122 1099 1438 1437 
1186 1437 1438 544 1439 
1187 1129 1437 1439 1068 
1188 1136 1145 1440 1441 
1189 1145 1084 1170 1440 
1190 1440 1170 653 1442 
1191 1441 1440 1442 1137 
1192 1138 1158 1443 1175 
1193 1158 1140 1444 1443 
1194 1443 1444 1083 1445 
1195 1175 1443 1445 1141 
1196 866 884 1446 1367 
1197 884 867 1376 1446 
1198 1446 1376 573 1447 
1199 1367 1446 1447 868 
1200 887 1449 1448 938 
1201 1449 872 1408 1448 
1202 1448 1408 888 1381 
1203 938 1448 1381 885 
1204 892 1452 1450 1451 
1205 1452 855 1370 1450 
1206 1450 1370 870 1385 
1207 1451 1450 1385 890 
1208 891 1454 1453 1427 
1209 1454 890 1384 1453 
1210 1453 1384 893 1390 
1211 1427 1453 1390 548 
1212 911 1391 1455 1432 
1213 1391 910 1456 1455 
1214 1455 1456 912 1457 
1215 1432 1455 1457 654 
1216 969 1188 1458 1459 
1217 1188 970 1415 1458 
1218 1458 1415 875 1460 
1219 1459 1458 1460 971 
1220 899 984 1461 1462 
1221 984 969 1459 1461 
1222 1461 1459 971 1463 
1223 1462 1461 1463 874 
1224 877 1465 1464 1045 
1225 1465 979 1402 1464 
1226 1464 1402 977 1405 
1227 1045 1464 1405 978 
1228 1068 1439 1466 1424 
1229 1439 544 1467 1466 
1230 1466 1467 1069 1468 
1231 1424 1466 1468 1067 
1232 1067 1468 1469 1206 
1233 1468 1069 1470 1469 
1234 1469 1470 967 1471 
1235 1206 1469 1471 1070 
1236 638 1474 1472 1473 
1237 1474 892 1451 1472 
1238 1472 1451 890 1454 
1239 1473 1472 1454 891 
1240 898 992 1475 1476 
1241 992 899 1462 1475 
1242 1475 1462 874 1477 
1243 1476 1475 1477 900 
1244 883 1027 1478 1479 
1245 1027 898 1476 1478 
1246 1478 1476 900 1480 
1247 1479 1478 1480 867 
1248 910 1185 1481 1456 
1249 1185 882 1482 1481 
1250 1481 1482 866 1483 
1251 1456 1481 1483 912 
1252 1078 1486 1484 1485 
1253 1486 638 1473 1484 
1254 1484 1473 891 1426 
1255 1485 1484 1426 1076 
