fuel_key,minimum_cycle_period_s,burn_duration_s,ignition_pressure_ratio_max,target_equivalence_ratio,feasible,completed_cycles,mean_net_thrust_n,peak_net_thrust_n,mean_fuel_mass_flow_kg_per_s,specific_impulse_s,peak_chamber_pressure_pa,peak_chamber_pressure_ratio,peak_chamber_temperature_k,relative_mass_balance_residual,relative_energy_balance_residual
jet_a_reference,0.01,0.002,1.01,0.7,True,20,125.10224070520965,1306.5904742830883,0.029103586496918875,438.3266754441932,133049.33819373258,1.289879228742924,1535.9837788693853,-1.6370243344323202e-15,-1.4541364554081805e-14
jet_a_reference,0.01,0.002,1.01,0.8,True,19,162.93138347223592,1680.2163525312992,0.03340407614769279,497.3757471841906,143357.49540283825,1.3898141705558729,1762.9238532441836,-6.125806451065102e-15,-9.218855534776928e-15
jet_a_reference,0.01,0.002,1.01,0.9,True,18,194.72407541532496,1999.751037654701,0.037774712584769235,525.6513767313332,154565.62979071896,1.4984741604224563,1993.3555556414635,-9.056103944157464e-16,-1.657562519305311e-14
jet_a_reference,0.01,0.002,1.01,1.0,True,17,236.8096411440195,2343.4585438127774,0.04180821199547778,577.5866006663033,166987.57391480383,1.6189017245410509,2222.099827155275,-6.7402004416297654e-15,-9.188050760867252e-15
jet_a_reference,0.01,0.002,1.01,1.1,True,18,225.31993049959547,2351.002713571524,0.04627009360984378,496.5678007373136,167257.8130250864,1.6215216234438163,2210.8204457116376,-5.750726751397802e-15,2.0302297829634537e-15
jet_a_reference,0.01,0.002,1.02,0.7,True,20,125.10326877773844,1306.5904742839716,0.02910341241771184,438.3328993804126,133049.33819375627,1.2898792287431535,1535.9837788693853,-1.7092006796922775e-15,-2.068218361154833e-14
jet_a_reference,0.01,0.002,1.02,0.8,True,19,162.93115702978855,1680.2163525317749,0.03340412038810592,497.374397206658,143357.49540285167,1.389814170556003,1762.9238532441836,-4.9088568090832565e-15,-7.843210711640639e-15
jet_a_reference,0.01,0.002,1.02,0.9,True,18,194.72382815190653,1999.7510376548814,0.03777476692046414,525.6499531491677,154565.6297907263,1.4984741604225273,1993.3555556414635,3.874884449481905e-16,-1.5493965452024232e-14
jet_a_reference,0.01,0.002,1.02,1.0,True,17,236.58569673322478,2343.458543812895,0.04180821199547774,577.0403927908801,166987.57391480805,1.6189017245410917,2222.099827155275,-6.348978078275074e-15,-2.401020933705996e-15
jet_a_reference,0.01,0.002,1.02,1.1,True,18,225.92725159181677,2351.002713571661,0.046251681914766044,498.10444045315614,167257.81302509125,1.6215216234438634,2210.8204457116376,-3.840285290665051e-15,5.406773772839015e-16
jet_a_reference,0.01,0.002,1.03,0.7,True,20,125.10395185024444,1306.5904742847224,0.029103296733465185,438.3370350707178,133049.33819377635,1.2898792287433483,1535.9837788693853,-2.0197456782680296e-15,-2.2267105195523334e-14
jet_a_reference,0.01,0.002,1.03,0.8,True,19,162.93100657254936,1680.216352532215,0.03340414978820812,497.37350015563544,143357.4954028642,1.3898141705561247,1762.9238532441836,-7.854165891045339e-15,-6.11417000539385e-15
jet_a_reference,0.01,0.002,1.03,0.9,True,18,194.72363094759547,1999.7510376550647,0.037774810262721815,525.6488176808822,154565.62979073415,1.4984741604226037,1993.3555556414635,-1.53113330515425e-15,-1.3162538221267584e-14
jet_a_reference,0.01,0.002,1.03,1.0,True,17,236.31823450441505,2343.4585438130316,0.04180821199547769,576.3880435081466,166987.5739148129,1.6189017245411388,2222.099827155275,-7.381734290836602e-15,-1.7260134820885013e-15
jet_a_reference,0.01,0.002,1.03,1.1,True,18,226.43985578978774,2351.0027135717805,0.04623695519615775,499.39359379014326,167257.81302509556,1.6215216234439052,2210.8204457116376,-4.818027512778179e-15,-6.829754461365607e-15
jet_a_reference,0.01,0.002,1.05,0.7,True,20,125.10395185024444,1306.5904742847224,0.029103296733465185,438.3370350707178,133049.33819377635,1.2898792287433483,1535.9837788693853,-2.0197456782680296e-15,-2.2267105195523334e-14
jet_a_reference,0.01,0.002,1.05,0.8,True,19,162.93089399348355,1680.2163525325266,0.033404171789356,497.3728289024178,143357.49540287303,1.3898141705562101,1762.9238532441836,-4.4237315401523215e-15,-3.1265181798356113e-15
jet_a_reference,0.01,0.002,1.05,0.9,True,18,194.72338519727555,1999.7510376553341,0.03777486428324257,525.6474025763561,154565.62979074573,1.4984741604227159,1993.3555556414635,-3.092959864244227e-15,-1.8280327537639233e-14
jet_a_reference,0.01,0.002,1.05,1.0,True,17,235.586682520624,2343.458543813362,0.04181958607524201,574.4474832814901,166987.57391482478,1.618901724541254,2222.099827155275,-7.22635451869506e-15,-1.0255971373805549e-15
jet_a_reference,0.01,0.002,1.05,1.1,True,18,227.3749519895549,2351.0027135720334,0.04621118906042537,501.7354664162648,167257.81302510464,1.6215216234439933,2210.8204457116376,-4.405402877498336e-15,-4.918651399079768e-15
jet_a_reference,0.01,0.002,1.08,0.7,True,20,125.10395185024444,1306.5904742847224,0.029103296733465185,438.3370350707178,133049.33819377635,1.2898792287433483,1535.9837788693853,-2.0197456782680296e-15,-2.2267105195523334e-14
jet_a_reference,0.01,0.002,1.08,0.8,True,19,162.93089399348355,1680.2163525325266,0.033404171789356,497.3728289024178,143357.49540287303,1.3898141705562101,1762.9238532441836,-4.4237315401523215e-15,-3.1265181798356113e-15
jet_a_reference,0.01,0.002,1.08,0.9,True,18,194.72338519727555,1999.7510376553341,0.03777486428324257,525.6474025763561,154565.62979074573,1.4984741604227159,1993.3555556414635,-3.092959864244227e-15,-1.8280327537639233e-14
jet_a_reference,0.01,0.002,1.08,1.0,True,17,235.586682520624,2343.458543813362,0.04181958607524201,574.4474832814901,166987.57391482478,1.618901724541254,2222.099827155275,-7.22635451869506e-15,-1.0255971373805549e-15
jet_a_reference,0.01,0.002,1.08,1.1,True,18,227.78959710193234,2351.002713572122,0.04620014861456506,502.77055870621524,167257.81302510775,1.6215216234440235,2210.8204457116376,-4.379889481092515e-15,2.4134711430475467e-15
jet_a_reference,0.01,0.003,1.01,0.7,True,19,95.1343039881651,758.6095138775487,0.027841229317168568,348.4400458110539,118951.3326347351,1.1532026786440845,1624.6591730199273,6.577469681575296e-15,4.076711451959729e-15
jet_a_reference,0.01,0.003,1.01,0.8,True,18,123.52683209478981,999.5908009016716,0.032322609275083014,389.70341890672114,125005.04751117661,1.211891892599316,1895.4077645254872,-3.5390949658910132e-15,4.349537837201849e-14
jet_a_reference,0.01,0.003,1.01,0.9,True,17,153.5801838828117,1238.4340944768535,0.03660975103037845,427.7772972765711,131230.77283056776,1.2722487037068504,2176.0308323444765,-1.096331856596929e-14,-1.8265295110905338e-15
jet_a_reference,0.01,0.003,1.01,1.0,True,17,185.07274649998763,1472.246361587244,0.04078388508627832,462.7359060745458,137548.3949476422,1.3334964307116666,2465.2691874008983,5.645397966454421e-16,-1.6356641761520714e-14
jet_a_reference,0.01,0.003,1.01,1.1,True,17,182.5931484756984,1475.3542295121106,0.04500826201458609,413.6867000530148,137633.8798544041,1.3343251849700506,2451.15105577013,8.933327807804464e-15,-4.438919266348179e-15
jet_a_reference,0.01,0.003,1.02,0.7,True,19,94.82183445211774,758.609513877872,0.027855637662374443,347.11595227898107,118951.33263474304,1.1532026786441616,1624.6591730199273,3.657873308214078e-15,4.4614833381962635e-15
jet_a_reference,0.01,0.003,1.02,0.8,True,18,123.52694447476615,999.590800901842,0.03232258722090223,389.70403934461825,125005.04751118105,1.2118918925993591,1895.4077645254872,-4.962239805288399e-16,4.4389129094067024e-14
jet_a_reference,0.01,0.003,1.02,0.9,True,17,153.25145998524408,1238.4340944768776,0.036622138681804396,426.71729187442406,131230.77283056837,1.2722487037068562,2176.0308323444765,-1.2079049611832905e-14,-4.377757281469052e-15
jet_a_reference,0.01,0.003,1.02,1.0,True,17,185.07180236592203,1472.2463615872769,0.04078411227273024,462.73096782288735,137548.3949476431,1.3334964307116755,2465.2691874008983,1.5108790700104628e-15,-1.8052752310532132e-14
jet_a_reference,0.01,0.003,1.02,1.1,True,17,183.05965356695432,1475.3542295121406,0.04498946363001997,414.9169197024795,137633.87985440498,1.334325184970059,2451.151055770128,8.159540382328745e-15,-1.0120115449205275e-14
jet_a_reference,0.01,0.003,1.03,0.7,True,19,94.61603938222817,758.609513878092,0.02786524091374106,346.2432270529509,118951.33263474848,1.1532026786442142,1624.6591730199273,6.715841442086245e-15,8.518488199962069e-15
jet_a_reference,0.01,0.003,1.03,0.8,True,19,123.5404860117494,999.5908009020245,0.03231888000927518,389.79146712138527,125005.04751118566,1.211891892599404,1895.4077645254872,3.943307058668437e-16,4.458877527562237e-14
jet_a_reference,0.01,0.003,1.03,0.9,True,17,152.84612947267678,1238.4340944768903,0.03663761952926352,425.4088511119629,131230.7728305687,1.2722487037068593,2176.0308323444765,-1.3137330503767992e-14,-1.0333814905158546e-14
jet_a_reference,0.01,0.003,1.03,1.0,True,17,185.070625875192,1472.2463615873114,0.0407843954298882,462.7248136492068,137548.39494764412,1.3334964307116852,2465.2691874008983,6.273776582037121e-16,-1.7384512874337808e-14
jet_a_reference,0.01,0.003,1.03,1.1,True,17,183.51656084493183,1475.35422951219,0.04497067019642162,416.12635886048685,137633.87985440635,1.3343251849700721,2451.15105577013,5.9647695629156656e-15,-4.233721990971031e-16
jet_a_reference,0.01,0.003,1.05,0.7,True,19,94.61603938222817,758.609513878092,0.02786524091374106,346.2432270529509,118951.33263474848,1.1532026786442142,1624.6591730199273,6.715841442086245e-15,8.518488199962069e-15
jet_a_reference,0.01,0.003,1.05,0.8,True,19,123.58157811125501,999.5908009022245,0.032310803053985246,390.01859104180267,125005.0475111908,1.2118918925994537,1895.4077645254872,-2.6149201887735527e-15,4.594878776448558e-14
jet_a_reference,0.01,0.003,1.05,0.9,True,17,152.44764850878508,1238.4340944769326,0.0366530962595046,424.12061920814574,131230.77283056985,1.2722487037068706,2176.0308323444765,-1.0873593029121356e-14,-1.0223991371042105e-14
jet_a_reference,0.01,0.003,1.05,1.0,True,17,185.06898564624646,1472.246361587399,0.04078479030838778,462.7162325854729,137548.3949476465,1.3334964307117083,2465.2691874008983,1.170611912947036e-15,-1.5680984147764403e-14
jet_a_reference,0.01,0.003,1.05,1.1,True,17,184.13879725581108,1475.3542295122606,0.044944367674893376,417.7816414244428,137633.8798544083,1.3343251849700912,2451.15105577013,6.05850406450742e-15,-6.9404257572130465e-15
jet_a_reference,0.01,0.003,1.08,0.7,True,19,94.61603938222817,758.609513878092,0.02786524091374106,346.2432270529509,118951.33263474848,1.1532026786442142,1624.6591730199273,6.715841442086245e-15,8.518488199962069e-15
jet_a_reference,0.01,0.003,1.08,0.8,True,19,123.58157811125501,999.5908009022245,0.032310803053985246,390.01859104180267,125005.0475111908,1.2118918925994537,1895.4077645254872,-2.6149201887735527e-15,4.594878776448558e-14
jet_a_reference,0.01,0.003,1.08,0.9,True,17,152.44764850878508,1238.4340944769326,0.0366530962595046,424.12061920814574,131230.77283056985,1.2722487037068706,2176.0308323444765,-1.0873593029121356e-14,-1.0223991371042105e-14
jet_a_reference,0.01,0.003,1.08,1.0,True,17,185.06898564624646,1472.246361587399,0.04078479030838778,462.7162325854729,137548.3949476465,1.3334964307117083,2465.2691874008983,1.170611912947036e-15,-1.5680984147764403e-14
jet_a_reference,0.01,0.003,1.08,1.1,True,17,184.31263867065368,1475.3542295122722,0.04493685443856027,418.24597706583455,137633.8798544086,1.334325184970094,2451.15105577013,6.224565224983811e-15,-3.860047191049096e-15
jet_a_reference,0.01,0.004,1.01,0.7,True,18,71.01850744093731,497.1187739708931,0.026386192798908425,274.45688739912987,112634.63211456175,1.0919638862849879,1695.6829239341134,1.820744214262973e-14,4.852338582877883e-14
jet_a_reference,0.01,0.004,1.01,0.8,True,17,96.59255485992128,663.77446943622,0.03064662483049424,321.3958952687491,116630.46372788704,1.1307024495093887,2009.2654699453772,-2.5140581295982217e-15,8.4572614140678e-14
jet_a_reference,0.01,0.004,1.01,0.9,True,16,110.87886854151694,830.9421246722368,0.03551561350705687,318.3528841645026,120744.7167125626,1.170589077573628,2345.312060863956,5.7837829352344965e-15,-4.475322465968457e-14
jet_a_reference,0.01,0.004,1.01,1.0,True,17,139.98504127214974,1002.1750842886104,0.03938870699382081,362.4008683046868,125071.19721675504,1.2125331970384923,2600.0000000000005,7.413666934744755e-15,-6.792901742541966e-14
jet_a_reference,0.01,0.004,1.01,1.1,True,16,138.68489360591565,1005.604985530747,0.04347176447184629,325.3128466792712,125159.03278084224,1.2133847403170919,2600.0,-7.48033866535855e-15,2.5972836245925465e-14
jet_a_reference,0.01,0.004,1.02,0.7,True,18,70.98532828204735,497.1187739708931,0.026386192798908456,274.3286637993442,112634.63211456175,1.0919638862849879,1695.6829239348103,1.4885188702073867e-14,4.82049590876242e-14
jet_a_reference,0.01,0.004,1.02,0.8,True,17,96.45725684175635,663.77446943622,0.030646624830494244,320.9457132879611,116630.46372788704,1.1307024495093887,2009.265469945429,-2.5732034894326065e-15,8.07037538481387e-14
jet_a_reference,0.01,0.004,1.02,0.9,True,16,110.88037858997724,830.9421246722903,0.035515283666941753,318.36017645151134,120744.71671256391,1.1705890775736407,2345.312060863956,5.3731723705965264e-15,-4.288617889223311e-14
jet_a_reference,0.01,0.004,1.02,1.0,True,17,140.3149481971597,1002.1750842886146,0.0393719131650031,363.4098932408092,125071.19721675511,1.212533197038493,2600.0,5.175940638390984e-15,-6.771273302615433e-14
jet_a_reference,0.01,0.004,1.02,1.1,True,16,138.68497994926733,1005.604985530747,0.043471741150799346,325.31322373358955,125159.03278084224,1.2133847403170919,2600.0,-7.327564344180965e-15,2.5336440567278977e-14
jet_a_reference,0.01,0.004,1.03,0.7,True,18,70.94552367138988,497.1187739708931,0.02638619279890834,274.1748355940108,112634.63211456175,1.0919638862849879,1695.6829239324402,1.5601846488002467e-14,5.826101548567453e-14
jet_a_reference,0.01,0.004,1.03,0.8,True,17,96.27890519144518,663.77446943634,0.030646992788091312,320.34843115057856,116630.46372788992,1.1307024495094167,2009.2654699453417,2.8065118298650395e-17,8.202604114048304e-14
jet_a_reference,0.01,0.004,1.03,0.9,True,16,110.88158286278116,830.9421246723238,0.03551502057066676,318.365992611083,120744.71671256477,1.170589077573649,2345.312060863956,6.927766427963564e-15,-4.5778457864826136e-14
jet_a_reference,0.01,0.004,1.03,1.0,True,17,140.58369946854594,1002.1750842886104,0.03935848053551037,364.23021335682245,125071.19721675504,1.2125331970384923,2600.0000000000005,7.655051493021823e-15,-6.493093198440162e-14
jet_a_reference,0.01,0.004,1.03,1.1,True,16,138.68503731345803,1005.604985530747,0.04347172565422944,325.3134742586948,125159.03278084224,1.2133847403170919,2600.0,-6.914915014100422e-15,3.0134666534450385e-14
jet_a_reference,0.01,0.004,1.05,0.7,True,18,70.94552367138988,497.1187739708931,0.02638619279890834,274.1748355940108,112634.63211456175,1.0919638862849879,1695.6829239324402,1.5601846488002467e-14,5.826101548567453e-14
jet_a_reference,0.01,0.004,1.05,0.8,True,17,96.19529508929965,663.7744694363236,0.030649996111782783,320.038872621734,116630.46372788952,1.130702449509413,2009.2654699453417,-4.2992807131310233e-16,7.290600586434584e-14
jet_a_reference,0.01,0.004,1.05,0.9,True,16,110.88338301914938,830.9421246723905,0.035514627214855835,318.37468750670405,120744.71671256646,1.1705890775736654,2345.312060863956,8.922655799779475e-15,-4.648674773396277e-14
jet_a_reference,0.01,0.004,1.05,1.0,True,16,141.13058748008993,1002.1750842886104,0.039331621742451146,365.8968072634039,125071.19721675504,1.2125331970384923,2600.0000000000005,8.40785685940595e-15,-6.58273903739779e-14
jet_a_reference,0.01,0.004,1.05,1.1,True,16,138.68513732141298,1005.604985530747,0.04347169863256862,325.31391105974626,125159.03278084224,1.2133847403170919,2600.0,-6.933103194387079e-15,2.4568981676563905e-14
jet_a_reference,0.01,0.004,1.08,0.7,True,18,70.94552367138988,497.1187739708931,0.02638619279890834,274.1748355940108,112634.63211456175,1.0919638862849879,1695.6829239324402,1.5601846488002467e-14,5.826101548567453e-14
jet_a_reference,0.01,0.004,1.08,0.8,True,17,96.19529508929965,663.7744694363236,0.030649996111782783,320.038872621734,116630.46372788952,1.130702449509413,2009.2654699453417,-4.2992807131310233e-16,7.290600586434584e-14
jet_a_reference,0.01,0.004,1.08,0.9,True,16,110.88338301914938,830.9421246723905,0.035514627214855835,318.37468750670405,120744.71671256646,1.1705890775736654,2345.312060863956,8.922655799779475e-15,-4.648674773396277e-14
jet_a_reference,0.01,0.004,1.08,1.0,True,16,141.13058748008993,1002.1750842886104,0.039331621742451146,365.8968072634039,125071.19721675504,1.2125331970384923,2600.0000000000005,8.40785685940595e-15,-6.58273903739779e-14
jet_a_reference,0.01,0.004,1.08,1.1,True,16,138.68518003474756,1005.604985530747,0.04347168708963857,325.31409763230045,125159.03278084224,1.2133847403170919,2600.0,-7.086450827770122e-15,2.2861772930642156e-14
jet_a_reference,0.01,0.005,1.01,0.7,True,17,50.59212863925849,349.00997553838016,0.025047485699145243,205.96723536317808,109170.67838866585,1.0583817428409232,1742.0231080088092,-6.2543162721016715e-15,5.3545146581165636e-14
jet_a_reference,0.01,0.005,1.01,0.8,True,16,66.59781022483756,472.0916704286558,0.0296084709922777,229.36296458133958,112043.57877187955,1.0862337756346458,2089.897684295275,2.6224189096125154e-15,3.638662640892222e-14
jet_a_reference,0.01,0.005,1.01,0.9,True,16,89.92452089817724,598.056782678006,0.03341641163731224,274.4085537950337,115042.26432818267,1.1153052634384764,2472.461956946865,-1.5547895983548444e-15,-3.470374908943533e-14
jet_a_reference,0.01,0.005,1.01,1.0,True,15,100.60984112616721,731.4003819700891,0.03847041085126379,266.6815454041764,118281.93213215258,1.1467130123615359,2600.0000000000005,5.662665492140172e-15,-4.9881828293848905e-14
jet_a_reference,0.01,0.005,1.01,1.1,True,15,101.5864867178961,734.0738872948028,0.04225981593128063,245.12503247565962,118347.58006647386,1.147349452256995,2600.0,1.0158846778874973e-14,-6.587207320455173e-15
jet_a_reference,0.01,0.005,1.02,0.7,True,17,50.537684937681156,349.00997553838016,0.025047485699145357,205.74558786586036,109170.67838866585,1.0583817428409232,1742.0231080107458,-7.278557380519194e-15,4.639000381963812e-14
jet_a_reference,0.01,0.005,1.02,0.8,True,16,66.46158179957025,472.0916704286558,0.029624922599821846,228.76668208270067,112043.57877187955,1.0862337756346458,2089.8976842916413,2.0863600178048177e-15,4.6380318386795913e-14
jet_a_reference,0.01,0.005,1.02,0.9,True,16,89.92374498741886,598.0567826780104,0.03341658006689754,274.4048029804177,115042.26432818282,1.115305263438478,2472.461956946865,-1.4452012001474735e-15,-3.5346425369274185e-14
jet_a_reference,0.01,0.005,1.02,1.0,True,15,100.61113854803551,731.4003819700891,0.038470096293191224,266.6871650169448,118281.93213215258,1.1467130123615359,2600.0000000000005,5.720561639679087e-15,-5.246949768748321e-14
jet_a_reference,0.01,0.005,1.02,1.1,True,15,101.58806142923724,734.0738872948028,0.04225939690998562,245.13126276989786,118347.58006647386,1.147349452256995,2600.0,1.0641448996564073e-14,-1.577278148651008e-15
jet_a_reference,0.01,0.005,1.03,0.7,True,17,50.500458027186106,349.00997553838016,0.025047485699145743,205.59403219816724,109170.67838866585,1.0583817428409232,1742.0231080170329,-5.0951588887581664e-15,4.661052313539829e-14
jet_a_reference,0.01,0.005,1.03,0.8,True,16,66.35054866969736,472.0916704286558,0.029638628559526002,228.27888302114323,112043.57877187955,1.0862337756346458,2089.897684287651,2.023876868800872e-15,4.2309399879767254e-14
jet_a_reference,0.01,0.005,1.03,0.9,True,16,89.92277813767618,598.056782678081,0.03341678998521996,274.4001288680392,115042.26432818451,1.1153052634384943,2472.461956946865,-5.734140738070636e-16,-2.7080369916356677e-14
jet_a_reference,0.01,0.005,1.03,1.0,True,15,100.61275518063289,731.4003819700891,0.03846970426965025,266.6941678857964,118281.93213215258,1.1467130123615359,2600.0000000000005,4.898883062254878e-15,-5.635982841752498e-14
jet_a_reference,0.01,0.005,1.03,1.1,True,15,101.58963049680328,734.0738872948028,0.042258979297791384,245.13747139520106,118347.58006647386,1.147349452256995,2600.0,9.476937674748998e-15,-1.0772912347155807e-14
jet_a_reference,0.01,0.005,1.05,0.7,True,17,50.500458027186106,349.00997553838016,0.025047485699145743,205.59403219816724,109170.67838866585,1.0583817428409232,1742.0231080170329,-5.0951588887581664e-15,4.661052313539829e-14
jet_a_reference,0.01,0.005,1.05,0.8,True,16,66.284994937816,472.0916704286558,0.0296468505199318,227.99009955478522,112043.57877187955,1.0862337756346458,2089.89768428531,1.4071009308121056e-15,3.550065539275225e-14
jet_a_reference,0.01,0.005,1.05,0.9,True,16,89.92162236243041,598.0567826781805,0.03341704098192541,274.3945410063225,115042.26432818691,1.1153052634385174,2472.461956946865,2.5236316716632947e-15,-3.330941646629775e-14
jet_a_reference,0.01,0.005,1.05,1.0,True,15,100.61532995150958,731.4003819700891,0.03846907973542377,266.7053226417605,118281.93213215258,1.1467130123615359,2600.0000000000005,6.214715749605009e-15,-5.896602528690112e-14
jet_a_reference,0.01,0.005,1.05,1.1,True,15,101.59181774342392,734.0738872948028,0.042258397000846645,245.14612718696506,118347.58006647386,1.147349452256995,2600.0,1.0380464864459723e-14,-1.3401854185435285e-14
jet_a_reference,0.01,0.005,1.08,0.7,True,17,50.500458027186106,349.00997553838016,0.025047485699145743,205.59403219816724,109170.67838866585,1.0583817428409232,1742.0231080170329,-5.0951588887581664e-15,4.661052313539829e-14
jet_a_reference,0.01,0.005,1.08,0.8,True,16,66.284994937816,472.0916704286558,0.0296468505199318,227.99009955478522,112043.57877187955,1.0862337756346458,2089.89768428531,1.4071009308121056e-15,3.550065539275225e-14
jet_a_reference,0.01,0.005,1.08,0.9,True,16,89.92162236243041,598.0567826781805,0.03341704098192541,274.3945410063225,115042.26432818691,1.1153052634385174,2472.461956946865,2.5236316716632947e-15,-3.330941646629775e-14
jet_a_reference,0.01,0.005,1.08,1.0,True,15,100.61532995150958,731.4003819700891,0.03846907973542377,266.7053226417605,118281.93213215258,1.1467130123615359,2600.0000000000005,6.214715749605009e-15,-5.896602528690112e-14
jet_a_reference,0.01,0.005,1.08,1.1,True,15,101.5927517713684,734.0738872948028,0.04225814828559347,245.1498238923642,118347.58006647386,1.147349452256995,2600.0,1.0180348082944046e-14,-9.702782300181312e-15
jet_a_reference,0.01,0.006,1.01,0.7,True,16,34.78636833249669,258.8668218039782,0.0239775403706484,147.93937672894685,107102.01326776628,1.0383265647626378,1771.3974779550463,-7.163400584663728e-15,-6.382279024100133e-14
jet_a_reference,0.01,0.006,1.01,0.8,True,15,47.441140625529854,352.9628759231352,0.028540492742644155,169.5012790922711,109262.07438857513,1.059267803632158,2142.7617845845534,-2.214279894502253e-15,-4.289174949859629e-15
jet_a_reference,0.01,0.006,1.01,0.9,True,15,66.62006183923617,449.6146499424884,0.032106203947249126,211.59012531869837,111514.74000431382,1.0811068193423585,2556.5498262931405,7.636602205742726e-16,9.923779041224692e-14
jet_a_reference,0.01,0.006,1.01,1.0,True,15,82.33395849521622,555.4686785298521,0.036387283403774964,230.7324551398463,114021.75756380912,1.1054117119482736,2600.0,6.066396597884682e-15,-9.61104846281512e-14
jet_a_reference,0.01,0.006,1.01,1.1,True,15,83.19673049519078,557.5899017250441,0.03995762966659078,212.31753650200855,114072.42516777772,1.1059029213809286,2600.0,1.0443280159984298e-15,3.69298302586794e-14
jet_a_reference,0.01,0.006,1.02,0.7,True,16,34.70336072059506,258.8668218039782,0.02398958265027314,147.51227683908567,107102.01326776628,1.0383265647626378,1771.397477950905,-9.63911970310516e-15,-6.225621072414421e-14
jet_a_reference,0.01,0.006,1.02,0.8,True,15,47.44299989765438,352.9628759231352,0.02854013195374577,169.5100648670929,109262.07438857513,1.059267803632158,2142.7617845829614,-1.6684168166308524e-15,-1.8400651068254172e-14
jet_a_reference,0.01,0.006,1.02,0.9,True,15,66.62006461256357,449.6146499425548,0.032106203335575886,211.59013815810837,111514.74000431536,1.0811068193423734,2556.5498262931405,1.5439749646207713e-15,9.354314274140895e-14
jet_a_reference,0.01,0.006,1.02,1.0,True,15,82.33356290451528,555.4686785298521,0.03638737961416498,230.73073647020573,114021.75756380912,1.1054117119482736,2600.0,6.023428134086179e-15,-9.982658517282977e-14
jet_a_reference,0.01,0.006,1.02,1.1,True,15,83.19604021465474,557.5899017250441,0.03995781395779184,212.31479567941662,114072.42516777772,1.1059029213809286,2600.0,2.3255272987033215e-18,2.8468167282746807e-14
jet_a_reference,0.01,0.006,1.03,0.7,True,16,34.62142648911501,258.8668218039782,0.024001621927719135,147.09018421210095,107102.01326776628,1.0383265647626378,1771.3974779361324,-8.63972249245298e-15,-3.9946127952162086e-14
jet_a_reference,0.01,0.006,1.03,0.8,True,15,47.444543489502465,352.9628759231352,0.02853983235869436,169.5173594768633,109262.07438857513,1.059267803632158,2142.761784581282,-2.933458006838457e-15,1.7029249860287754e-15
jet_a_reference,0.01,0.006,1.03,0.9,True,15,66.6200673766053,449.6146499426257,0.03210620272584882,211.59015095520104,111514.7400043171,1.0811068193423903,2556.5498262931405,1.2932965677451947e-15,9.999092676875184e-14
jet_a_reference,0.01,0.006,1.03,1.0,True,15,82.33306998313338,555.4686785298521,0.03638749951737267,230.72859481856895,114021.75756380912,1.1054117119482736,2600.0,6.3900577525505395e-15,-9.140328981773832e-14
jet_a_reference,0.01,0.006,1.03,1.1,True,15,83.19548978166267,557.5899017250441,0.03995796094043357,212.31261000396898,114072.42516777772,1.1059029213809286,2600.0,-3.4878439102098596e-16,3.240057814595343e-14
jet_a_reference,0.01,0.006,1.05,0.7,True,16,34.62142648911501,258.8668218039782,0.024001621927719135,147.09018421210095,107102.01326776628,1.0383265647626378,1771.3974779361324,-8.63972249245298e-15,-3.9946127952162086e-14
jet_a_reference,0.01,0.006,1.05,0.8,True,15,47.44546712164433,352.9628759231352,0.02853965306381414,169.52172455661295,109262.07438857513,1.059267803632158,2142.761784580062,-1.5550521956776403e-15,8.076086961495434e-16
jet_a_reference,0.01,0.006,1.05,0.9,True,15,66.62007013139858,449.6146499426628,0.03210620211806044,211.59016371014386,111514.7400043179,1.0811068193423978,2556.5498262931405,4.1898779354816997e-16,1.002077999652369e-13
jet_a_reference,0.01,0.006,1.05,1.0,True,15,82.33228491320854,555.4686785298521,0.03638769053464062,230.72518355511517,114021.75756380912,1.1054117119482736,2600.0,5.90440164640011e-15,-9.944108036022568e-14
jet_a_reference,0.01,0.006,1.05,1.1,True,15,83.19453033872419,557.5899017250441,0.039958217200730124,212.30879994298414,114072.42516777772,1.1059029213809286,2600.0,9.089833639765995e-16,3.0087093954853396e-14
jet_a_reference,0.01,0.006,1.08,0.7,True,16,34.62142648911501,258.8668218039782,0.024001621927719135,147.09018421210095,107102.01326776628,1.0383265647626378,1771.3974779361324,-8.63972249245298e-15,-3.9946127952162086e-14
jet_a_reference,0.01,0.006,1.08,0.8,True,15,47.44546712164433,352.9628759231352,0.02853965306381414,169.52172455661295,109262.07438857513,1.059267803632158,2142.761784580062,-1.5550521956776403e-15,8.076086961495434e-16
jet_a_reference,0.01,0.006,1.08,0.9,True,15,66.62007013139858,449.6146499426628,0.03210620211806044,211.59016371014386,111514.7400043179,1.0811068193423978,2556.5498262931405,4.1898779354816997e-16,1.002077999652369e-13
jet_a_reference,0.01,0.006,1.08,1.0,True,15,82.33228491320854,555.4686785298521,0.03638769053464062,230.72518355511517,114021.75756380912,1.1054117119482736,2600.0,5.90440164640011e-15,-9.944108036022568e-14
jet_a_reference,0.01,0.006,1.08,1.1,True,15,83.19412062942341,557.5899017250441,0.03995832665412379,212.30717283179695,114072.42516777772,1.1059029213809286,2600.0,2.580330338154947e-16,1.634374632905346e-14
jet_a_reference,0.014,0.002,1.01,0.7,True,20,125.10224070520965,1306.5904742830883,0.029103586496918875,438.3266754441932,133049.33819373258,1.289879228742924,1535.9837788693853,-1.6370243344323202e-15,-1.4541364554081805e-14
jet_a_reference,0.014,0.002,1.01,0.8,True,19,162.93138347223592,1680.2163525312992,0.03340407614769279,497.3757471841906,143357.49540283825,1.3898141705558729,1762.9238532441836,-6.125806451065102e-15,-9.218855534776928e-15
jet_a_reference,0.014,0.002,1.01,0.9,True,18,194.72407541532496,1999.751037654701,0.037774712584769235,525.6513767313332,154565.62979071896,1.4984741604224563,1993.3555556414635,-9.056103944157464e-16,-1.657562519305311e-14
jet_a_reference,0.014,0.002,1.01,1.0,True,17,236.8096411440195,2343.4585438127774,0.04180821199547778,577.5866006663033,166987.57391480383,1.6189017245410509,2222.099827155275,-6.7402004416297654e-15,-9.188050760867252e-15
jet_a_reference,0.014,0.002,1.01,1.1,True,18,225.31993049959547,2351.002713571524,0.04627009360984378,496.5678007373136,167257.8130250864,1.6215216234438163,2210.8204457116376,-5.750726751397802e-15,2.0302297829634537e-15
jet_a_reference,0.014,0.002,1.02,0.7,True,20,125.10326877773844,1306.5904742839716,0.02910341241771184,438.3328993804126,133049.33819375627,1.2898792287431535,1535.9837788693853,-1.7092006796922775e-15,-2.068218361154833e-14
jet_a_reference,0.014,0.002,1.02,0.8,True,19,162.93115702978855,1680.2163525317749,0.03340412038810592,497.374397206658,143357.49540285167,1.389814170556003,1762.9238532441836,-4.9088568090832565e-15,-7.843210711640639e-15
jet_a_reference,0.014,0.002,1.02,0.9,True,18,194.72382815190653,1999.7510376548814,0.03777476692046414,525.6499531491677,154565.6297907263,1.4984741604225273,1993.3555556414635,3.874884449481905e-16,-1.5493965452024232e-14
jet_a_reference,0.014,0.002,1.02,1.0,True,17,236.58569673322478,2343.458543812895,0.04180821199547774,577.0403927908801,166987.57391480805,1.6189017245410917,2222.099827155275,-6.348978078275074e-15,-2.401020933705996e-15
jet_a_reference,0.014,0.002,1.02,1.1,True,18,225.92725159181677,2351.002713571661,0.046251681914766044,498.10444045315614,167257.81302509125,1.6215216234438634,2210.8204457116376,-3.840285290665051e-15,5.406773772839015e-16
jet_a_reference,0.014,0.002,1.03,0.7,True,20,125.10395185024444,1306.5904742847224,0.029103296733465185,438.3370350707178,133049.33819377635,1.2898792287433483,1535.9837788693853,-2.0197456782680296e-15,-2.2267105195523334e-14
jet_a_reference,0.014,0.002,1.03,0.8,True,19,162.93100657254936,1680.216352532215,0.03340414978820812,497.37350015563544,143357.4954028642,1.3898141705561247,1762.9238532441836,-7.854165891045339e-15,-6.11417000539385e-15
jet_a_reference,0.014,0.002,1.03,0.9,True,18,194.72363094759547,1999.7510376550647,0.037774810262721815,525.6488176808822,154565.62979073415,1.4984741604226037,1993.3555556414635,-1.53113330515425e-15,-1.3162538221267584e-14
jet_a_reference,0.014,0.002,1.03,1.0,True,17,236.31823450441505,2343.4585438130316,0.04180821199547769,576.3880435081466,166987.5739148129,1.6189017245411388,2222.099827155275,-7.381734290836602e-15,-1.7260134820885013e-15
jet_a_reference,0.014,0.002,1.03,1.1,True,18,226.43985578978774,2351.0027135717805,0.04623695519615775,499.39359379014326,167257.81302509556,1.6215216234439052,2210.8204457116376,-4.818027512778179e-15,-6.829754461365607e-15
jet_a_reference,0.014,0.002,1.05,0.7,True,20,125.10395185024444,1306.5904742847224,0.029103296733465185,438.3370350707178,133049.33819377635,1.2898792287433483,1535.9837788693853,-2.0197456782680296e-15,-2.2267105195523334e-14
jet_a_reference,0.014,0.002,1.05,0.8,True,19,162.93089399348355,1680.2163525325266,0.033404171789356,497.3728289024178,143357.49540287303,1.3898141705562101,1762.9238532441836,-4.4237315401523215e-15,-3.1265181798356113e-15
jet_a_reference,0.014,0.002,1.05,0.9,True,18,194.72338519727555,1999.7510376553341,0.03777486428324257,525.6474025763561,154565.62979074573,1.4984741604227159,1993.3555556414635,-3.092959864244227e-15,-1.8280327537639233e-14
jet_a_reference,0.014,0.002,1.05,1.0,True,17,235.586682520624,2343.458543813362,0.04181958607524201,574.4474832814901,166987.57391482478,1.618901724541254,2222.099827155275,-7.22635451869506e-15,-1.0255971373805549e-15
jet_a_reference,0.014,0.002,1.05,1.1,True,18,227.3749519895549,2351.0027135720334,0.04621118906042537,501.7354664162648,167257.81302510464,1.6215216234439933,2210.8204457116376,-4.405402877498336e-15,-4.918651399079768e-15
jet_a_reference,0.014,0.002,1.08,0.7,True,20,125.10395185024444,1306.5904742847224,0.029103296733465185,438.3370350707178,133049.33819377635,1.2898792287433483,1535.9837788693853,-2.0197456782680296e-15,-2.2267105195523334e-14
jet_a_reference,0.014,0.002,1.08,0.8,True,19,162.93089399348355,1680.2163525325266,0.033404171789356,497.3728289024178,143357.49540287303,1.3898141705562101,1762.9238532441836,-4.4237315401523215e-15,-3.1265181798356113e-15
jet_a_reference,0.014,0.002,1.08,0.9,True,18,194.72338519727555,1999.7510376553341,0.03777486428324257,525.6474025763561,154565.62979074573,1.4984741604227159,1993.3555556414635,-3.092959864244227e-15,-1.8280327537639233e-14
jet_a_reference,0.014,0.002,1.08,1.0,True,17,235.586682520624,2343.458543813362,0.04181958607524201,574.4474832814901,166987.57391482478,1.618901724541254,2222.099827155275,-7.22635451869506e-15,-1.0255971373805549e-15
jet_a_reference,0.014,0.002,1.08,1.1,True,18,227.78959710193234,2351.002713572122,0.04620014861456506,502.77055870621524,167257.81302510775,1.6215216234440235,2210.8204457116376,-4.379889481092515e-15,2.4134711430475467e-15
jet_a_reference,0.014,0.003,1.01,0.7,True,19,95.1343039881651,758.6095138775487,0.027841229317168568,348.4400458110539,118951.3326347351,1.1532026786440845,1624.6591730199273,6.577469681575296e-15,4.076711451959729e-15
jet_a_reference,0.014,0.003,1.01,0.8,True,18,123.52683209478981,999.5908009016716,0.032322609275083014,389.70341890672114,125005.04751117661,1.211891892599316,1895.4077645254872,-3.5390949658910132e-15,4.349537837201849e-14
jet_a_reference,0.014,0.003,1.01,0.9,True,17,153.5801838828117,1238.4340944768535,0.03660975103037845,427.7772972765711,131230.77283056776,1.2722487037068504,2176.0308323444765,-1.096331856596929e-14,-1.8265295110905338e-15
jet_a_reference,0.014,0.003,1.01,1.0,True,17,185.07274649998763,1472.246361587244,0.04078388508627832,462.7359060745458,137548.3949476422,1.3334964307116666,2465.2691874008983,5.645397966454421e-16,-1.6356641761520714e-14
jet_a_reference,0.014,0.003,1.01,1.1,True,17,182.5931484756984,1475.3542295121106,0.04500826201458609,413.6867000530148,137633.8798544041,1.3343251849700506,2451.15105577013,8.933327807804464e-15,-4.438919266348179e-15
jet_a_reference,0.014,0.003,1.02,0.7,True,19,94.82183445211774,758.609513877872,0.027855637662374443,347.11595227898107,118951.33263474304,1.1532026786441616,1624.6591730199273,3.657873308214078e-15,4.4614833381962635e-15
jet_a_reference,0.014,0.003,1.02,0.8,True,18,123.52694447476615,999.590800901842,0.03232258722090223,389.70403934461825,125005.04751118105,1.2118918925993591,1895.4077645254872,-4.962239805288399e-16,4.4389129094067024e-14
jet_a_reference,0.014,0.003,1.02,0.9,True,17,153.25145998524408,1238.4340944768776,0.036622138681804396,426.71729187442406,131230.77283056837,1.2722487037068562,2176.0308323444765,-1.2079049611832905e-14,-4.377757281469052e-15
jet_a_reference,0.014,0.003,1.02,1.0,True,17,185.07180236592203,1472.2463615872769,0.04078411227273024,462.73096782288735,137548.3949476431,1.3334964307116755,2465.2691874008983,1.5108790700104628e-15,-1.8052752310532132e-14
jet_a_reference,0.014,0.003,1.02,1.1,True,17,183.05965356695432,1475.3542295121406,0.04498946363001997,414.9169197024795,137633.87985440498,1.334325184970059,2451.151055770128,8.159540382328745e-15,-1.0120115449205275e-14
jet_a_reference,0.014,0.003,1.03,0.7,True,19,94.61603938222817,758.609513878092,0.02786524091374106,346.2432270529509,118951.33263474848,1.1532026786442142,1624.6591730199273,6.715841442086245e-15,8.518488199962069e-15
jet_a_reference,0.014,0.003,1.03,0.8,True,19,123.5404860117494,999.5908009020245,0.03231888000927518,389.79146712138527,125005.04751118566,1.211891892599404,1895.4077645254872,3.943307058668437e-16,4.458877527562237e-14
jet_a_reference,0.014,0.003,1.03,0.9,True,17,152.84612947267678,1238.4340944768903,0.03663761952926352,425.4088511119629,131230.7728305687,1.2722487037068593,2176.0308323444765,-1.3137330503767992e-14,-1.0333814905158546e-14
jet_a_reference,0.014,0.003,1.03,1.0,True,17,185.070625875192,1472.2463615873114,0.0407843954298882,462.7248136492068,137548.39494764412,1.3334964307116852,2465.2691874008983,6.273776582037121e-16,-1.7384512874337808e-14
jet_a_reference,0.014,0.003,1.03,1.1,True,17,183.51656084493183,1475.35422951219,0.04497067019642162,416.12635886048685,137633.87985440635,1.3343251849700721,2451.15105577013,5.9647695629156656e-15,-4.233721990971031e-16
jet_a_reference,0.014,0.003,1.05,0.7,True,19,94.61603938222817,758.609513878092,0.02786524091374106,346.2432270529509,118951.33263474848,1.1532026786442142,1624.6591730199273,6.715841442086245e-15,8.518488199962069e-15
jet_a_reference,0.014,0.003,1.05,0.8,True,19,123.58157811125501,999.5908009022245,0.032310803053985246,390.01859104180267,125005.0475111908,1.2118918925994537,1895.4077645254872,-2.6149201887735527e-15,4.594878776448558e-14
jet_a_reference,0.014,0.003,1.05,0.9,True,17,152.44764850878508,1238.4340944769326,0.0366530962595046,424.12061920814574,131230.77283056985,1.2722487037068706,2176.0308323444765,-1.0873593029121356e-14,-1.0223991371042105e-14
jet_a_reference,0.014,0.003,1.05,1.0,True,17,185.06898564624646,1472.246361587399,0.04078479030838778,462.7162325854729,137548.3949476465,1.3334964307117083,2465.2691874008983,1.170611912947036e-15,-1.5680984147764403e-14
jet_a_reference,0.014,0.003,1.05,1.1,True,17,184.13879725581108,1475.3542295122606,0.044944367674893376,417.7816414244428,137633.8798544083,1.3343251849700912,2451.15105577013,6.05850406450742e-15,-6.9404257572130465e-15
jet_a_reference,0.014,0.003,1.08,0.7,True,19,94.61603938222817,758.609513878092,0.02786524091374106,346.2432270529509,118951.33263474848,1.1532026786442142,1624.6591730199273,6.715841442086245e-15,8.518488199962069e-15
jet_a_reference,0.014,0.003,1.08,0.8,True,19,123.58157811125501,999.5908009022245,0.032310803053985246,390.01859104180267,125005.0475111908,1.2118918925994537,1895.4077645254872,-2.6149201887735527e-15,4.594878776448558e-14
jet_a_reference,0.014,0.003,1.08,0.9,True,17,152.44764850878508,1238.4340944769326,0.0366530962595046,424.12061920814574,131230.77283056985,1.2722487037068706,2176.0308323444765,-1.0873593029121356e-14,-1.0223991371042105e-14
jet_a_reference,0.014,0.003,1.08,1.0,True,17,185.06898564624646,1472.246361587399,0.04078479030838778,462.7162325854729,137548.3949476465,1.3334964307117083,2465.2691874008983,1.170611912947036e-15,-1.5680984147764403e-14
jet_a_reference,0.014,0.003,1.08,1.1,True,17,184.31263867065368,1475.3542295122722,0.04493685443856027,418.24597706583455,137633.8798544086,1.334325184970094,2451.15105577013,6.224565224983811e-15,-3.860047191049096e-15
jet_a_reference,0.014,0.004,1.01,0.7,True,18,71.01850744093731,497.1187739708931,0.026386192798908425,274.45688739912987,112634.63211456175,1.0919638862849879,1695.6829239341134,1.820744214262973e-14,4.852338582877883e-14
jet_a_reference,0.014,0.004,1.01,0.8,True,17,96.59255485992128,663.77446943622,0.03064662483049424,321.3958952687491,116630.46372788704,1.1307024495093887,2009.2654699453772,-2.5140581295982217e-15,8.4572614140678e-14
jet_a_reference,0.014,0.004,1.01,0.9,True,16,110.87886854151694,830.9421246722368,0.03551561350705687,318.3528841645026,120744.7167125626,1.170589077573628,2345.312060863956,5.7837829352344965e-15,-4.475322465968457e-14
jet_a_reference,0.014,0.004,1.01,1.0,True,17,139.98504127214974,1002.1750842886104,0.03938870699382081,362.4008683046868,125071.19721675504,1.2125331970384923,2600.0000000000005,7.413666934744755e-15,-6.792901742541966e-14
jet_a_reference,0.014,0.004,1.01,1.1,True,16,138.68489360591565,1005.604985530747,0.04347176447184629,325.3128466792712,125159.03278084224,1.2133847403170919,2600.0,-7.48033866535855e-15,2.5972836245925465e-14
jet_a_reference,0.014,0.004,1.02,0.7,True,18,70.98532828204735,497.1187739708931,0.026386192798908456,274.3286637993442,112634.63211456175,1.0919638862849879,1695.6829239348103,1.4885188702073867e-14,4.82049590876242e-14
jet_a_reference,0.014,0.004,1.02,0.8,True,17,96.45725684175635,663.77446943622,0.030646624830494244,320.9457132879611,116630.46372788704,1.1307024495093887,2009.265469945429,-2.5732034894326065e-15,8.07037538481387e-14
jet_a_reference,0.014,0.004,1.02,0.9,True,16,110.88037858997724,830.9421246722903,0.035515283666941753,318.36017645151134,120744.71671256391,1.1705890775736407,2345.312060863956,5.3731723705965264e-15,-4.288617889223311e-14
jet_a_reference,0.014,0.004,1.02,1.0,True,17,140.3149481971597,1002.1750842886146,0.0393719131650031,363.4098932408092,125071.19721675511,1.212533197038493,2600.0,5.175940638390984e-15,-6.771273302615433e-14
jet_a_reference,0.014,0.004,1.02,1.1,True,16,138.68497994926733,1005.604985530747,0.043471741150799346,325.31322373358955,125159.03278084224,1.2133847403170919,2600.0,-7.327564344180965e-15,2.5336440567278977e-14
jet_a_reference,0.014,0.004,1.03,0.7,True,18,70.94552367138988,497.1187739708931,0.02638619279890834,274.1748355940108,112634.63211456175,1.0919638862849879,1695.6829239324402,1.5601846488002467e-14,5.826101548567453e-14
jet_a_reference,0.014,0.004,1.03,0.8,True,17,96.27890519144518,663.77446943634,0.030646992788091312,320.34843115057856,116630.46372788992,1.1307024495094167,2009.2654699453417,2.8065118298650395e-17,8.202604114048304e-14
jet_a_reference,0.014,0.004,1.03,0.9,True,16,110.88158286278116,830.9421246723238,0.03551502057066676,318.365992611083,120744.71671256477,1.170589077573649,2345.312060863956,6.927766427963564e-15,-4.5778457864826136e-14
jet_a_reference,0.014,0.004,1.03,1.0,True,17,140.58369946854594,1002.1750842886104,0.03935848053551037,364.23021335682245,125071.19721675504,1.2125331970384923,2600.0000000000005,7.655051493021823e-15,-6.493093198440162e-14
jet_a_reference,0.014,0.004,1.03,1.1,True,16,138.68503731345803,1005.604985530747,0.04347172565422944,325.3134742586948,125159.03278084224,1.2133847403170919,2600.0,-6.914915014100422e-15,3.0134666534450385e-14
jet_a_reference,0.014,0.004,1.05,0.7,True,18,70.94552367138988,497.1187739708931,0.02638619279890834,274.1748355940108,112634.63211456175,1.0919638862849879,1695.6829239324402,1.5601846488002467e-14,5.826101548567453e-14
jet_a_reference,0.014,0.004,1.05,0.8,True,17,96.19529508929965,663.7744694363236,0.030649996111782783,320.038872621734,116630.46372788952,1.130702449509413,2009.2654699453417,-4.2992807131310233e-16,7.290600586434584e-14
jet_a_reference,0.014,0.004,1.05,0.9,True,16,110.88338301914938,830.9421246723905,0.035514627214855835,318.37468750670405,120744.71671256646,1.1705890775736654,2345.312060863956,8.922655799779475e-15,-4.648674773396277e-14
jet_a_reference,0.014,0.004,1.05,1.0,True,16,141.13058748008993,1002.1750842886104,0.039331621742451146,365.8968072634039,125071.19721675504,1.2125331970384923,2600.0000000000005,8.40785685940595e-15,-6.58273903739779e-14
jet_a_reference,0.014,0.004,1.05,1.1,True,16,138.68513732141298,1005.604985530747,0.04347169863256862,325.31391105974626,125159.03278084224,1.2133847403170919,2600.0,-6.933103194387079e-15,2.4568981676563905e-14
jet_a_reference,0.014,0.004,1.08,0.7,True,18,70.94552367138988,497.1187739708931,0.02638619279890834,274.1748355940108,112634.63211456175,1.0919638862849879,1695.6829239324402,1.5601846488002467e-14,5.826101548567453e-14
jet_a_reference,0.014,0.004,1.08,0.8,True,17,96.19529508929965,663.7744694363236,0.030649996111782783,320.038872621734,116630.46372788952,1.130702449509413,2009.2654699453417,-4.2992807131310233e-16,7.290600586434584e-14
jet_a_reference,0.014,0.004,1.08,0.9,True,16,110.88338301914938,830.9421246723905,0.035514627214855835,318.37468750670405,120744.71671256646,1.1705890775736654,2345.312060863956,8.922655799779475e-15,-4.648674773396277e-14
jet_a_reference,0.014,0.004,1.08,1.0,True,16,141.13058748008993,1002.1750842886104,0.039331621742451146,365.8968072634039,125071.19721675504,1.2125331970384923,2600.0000000000005,8.40785685940595e-15,-6.58273903739779e-14
jet_a_reference,0.014,0.004,1.08,1.1,True,16,138.68518003474756,1005.604985530747,0.04347168708963857,325.31409763230045,125159.03278084224,1.2133847403170919,2600.0,-7.086450827770122e-15,2.2861772930642156e-14
jet_a_reference,0.014,0.005,1.01,0.7,True,17,50.59212863925849,349.00997553838016,0.025047485699145243,205.96723536317808,109170.67838866585,1.0583817428409232,1742.0231080088092,-6.2543162721016715e-15,5.3545146581165636e-14
jet_a_reference,0.014,0.005,1.01,0.8,True,16,66.59781022483756,472.0916704286558,0.0296084709922777,229.36296458133958,112043.57877187955,1.0862337756346458,2089.897684295275,2.6224189096125154e-15,3.638662640892222e-14
jet_a_reference,0.014,0.005,1.01,0.9,True,16,89.92452089817724,598.056782678006,0.03341641163731224,274.4085537950337,115042.26432818267,1.1153052634384764,2472.461956946865,-1.5547895983548444e-15,-3.470374908943533e-14
jet_a_reference,0.014,0.005,1.01,1.0,True,15,100.60984112616721,731.4003819700891,0.03847041085126379,266.6815454041764,118281.93213215258,1.1467130123615359,2600.0000000000005,5.662665492140172e-15,-4.9881828293848905e-14
jet_a_reference,0.014,0.005,1.01,1.1,True,15,101.5864867178961,734.0738872948028,0.04225981593128063,245.12503247565962,118347.58006647386,1.147349452256995,2600.0,1.0158846778874973e-14,-6.587207320455173e-15
jet_a_reference,0.014,0.005,1.02,0.7,True,17,50.537684937681156,349.00997553838016,0.025047485699145357,205.74558786586036,109170.67838866585,1.0583817428409232,1742.0231080107458,-7.278557380519194e-15,4.639000381963812e-14
jet_a_reference,0.014,0.005,1.02,0.8,True,16,66.46158179957025,472.0916704286558,0.029624922599821846,228.76668208270067,112043.57877187955,1.0862337756346458,2089.8976842916413,2.0863600178048177e-15,4.6380318386795913e-14
jet_a_reference,0.014,0.005,1.02,0.9,True,16,89.92374498741886,598.0567826780104,0.03341658006689754,274.4048029804177,115042.26432818282,1.115305263438478,2472.461956946865,-1.4452012001474735e-15,-3.5346425369274185e-14
jet_a_reference,0.014,0.005,1.02,1.0,True,15,100.61113854803551,731.4003819700891,0.038470096293191224,266.6871650169448,118281.93213215258,1.1467130123615359,2600.0000000000005,5.720561639679087e-15,-5.246949768748321e-14
jet_a_reference,0.014,0.005,1.02,1.1,True,15,101.58806142923724,734.0738872948028,0.04225939690998562,245.13126276989786,118347.58006647386,1.147349452256995,2600.0,1.0641448996564073e-14,-1.577278148651008e-15
jet_a_reference,0.014,0.005,1.03,0.7,True,17,50.500458027186106,349.00997553838016,0.025047485699145743,205.59403219816724,109170.67838866585,1.0583817428409232,1742.0231080170329,-5.0951588887581664e-15,4.661052313539829e-14
jet_a_reference,0.014,0.005,1.03,0.8,True,16,66.35054866969736,472.0916704286558,0.029638628559526002,228.27888302114323,112043.57877187955,1.0862337756346458,2089.897684287651,2.023876868800872e-15,4.2309399879767254e-14
jet_a_reference,0.014,0.005,1.03,0.9,True,16,89.92277813767618,598.056782678081,0.03341678998521996,274.4001288680392,115042.26432818451,1.1153052634384943,2472.461956946865,-5.734140738070636e-16,-2.7080369916356677e-14
jet_a_reference,0.014,0.005,1.03,1.0,True,15,100.61275518063289,731.4003819700891,0.03846970426965025,266.6941678857964,118281.93213215258,1.1467130123615359,2600.0000000000005,4.898883062254878e-15,-5.635982841752498e-14
jet_a_reference,0.014,0.005,1.03,1.1,True,15,101.58963049680328,734.0738872948028,0.042258979297791384,245.13747139520106,118347.58006647386,1.147349452256995,2600.0,9.476937674748998e-15,-1.0772912347155807e-14
jet_a_reference,0.014,0.005,1.05,0.7,True,17,50.500458027186106,349.00997553838016,0.025047485699145743,205.59403219816724,109170.67838866585,1.0583817428409232,1742.0231080170329,-5.0951588887581664e-15,4.661052313539829e-14
jet_a_reference,0.014,0.005,1.05,0.8,True,16,66.284994937816,472.0916704286558,0.0296468505199318,227.99009955478522,112043.57877187955,1.0862337756346458,2089.89768428531,1.4071009308121056e-15,3.550065539275225e-14
jet_a_reference,0.014,0.005,1.05,0.9,True,16,89.92162236243041,598.0567826781805,0.03341704098192541,274.3945410063225,115042.26432818691,1.1153052634385174,2472.461956946865,2.5236316716632947e-15,-3.330941646629775e-14
jet_a_reference,0.014,0.005,1.05,1.0,True,15,100.61532995150958,731.4003819700891,0.03846907973542377,266.7053226417605,118281.93213215258,1.1467130123615359,2600.0000000000005,6.214715749605009e-15,-5.896602528690112e-14
jet_a_reference,0.014,0.005,1.05,1.1,True,15,101.59181774342392,734.0738872948028,0.042258397000846645,245.14612718696506,118347.58006647386,1.147349452256995,2600.0,1.0380464864459723e-14,-1.3401854185435285e-14
jet_a_reference,0.014,0.005,1.08,0.7,True,17,50.500458027186106,349.00997553838016,0.025047485699145743,205.59403219816724,109170.67838866585,1.0583817428409232,1742.0231080170329,-5.0951588887581664e-15,4.661052313539829e-14
jet_a_reference,0.014,0.005,1.08,0.8,True,16,66.284994937816,472.0916704286558,0.0296468505199318,227.99009955478522,112043.57877187955,1.0862337756346458,2089.89768428531,1.4071009308121056e-15,3.550065539275225e-14
jet_a_reference,0.014,0.005,1.08,0.9,True,16,89.92162236243041,598.0567826781805,0.03341704098192541,274.3945410063225,115042.26432818691,1.1153052634385174,2472.461956946865,2.5236316716632947e-15,-3.330941646629775e-14
jet_a_reference,0.014,0.005,1.08,1.0,True,15,100.61532995150958,731.4003819700891,0.03846907973542377,266.7053226417605,118281.93213215258,1.1467130123615359,2600.0000000000005,6.214715749605009e-15,-5.896602528690112e-14
jet_a_reference,0.014,0.005,1.08,1.1,True,15,101.5927517713684,734.0738872948028,0.04225814828559347,245.1498238923642,118347.58006647386,1.147349452256995,2600.0,1.0180348082944046e-14,-9.702782300181312e-15
jet_a_reference,0.014,0.006,1.01,0.7,True,16,34.78636833249669,258.8668218039782,0.0239775403706484,147.93937672894685,107102.01326776628,1.0383265647626378,1771.3974779550463,-7.163400584663728e-15,-6.382279024100133e-14
jet_a_reference,0.014,0.006,1.01,0.8,True,15,47.441140625529854,352.9628759231352,0.028540492742644155,169.5012790922711,109262.07438857513,1.059267803632158,2142.7617845845534,-2.214279894502253e-15,-4.289174949859629e-15
jet_a_reference,0.014,0.006,1.01,0.9,True,15,66.62006183923617,449.6146499424884,0.032106203947249126,211.59012531869837,111514.74000431382,1.0811068193423585,2556.5498262931405,7.636602205742726e-16,9.923779041224692e-14
jet_a_reference,0.014,0.006,1.01,1.0,True,15,82.33395849521622,555.4686785298521,0.036387283403774964,230.7324551398463,114021.75756380912,1.1054117119482736,2600.0,6.066396597884682e-15,-9.61104846281512e-14
jet_a_reference,0.014,0.006,1.01,1.1,True,15,83.19673049519078,557.5899017250441,0.03995762966659078,212.31753650200855,114072.42516777772,1.1059029213809286,2600.0,1.0443280159984298e-15,3.69298302586794e-14
jet_a_reference,0.014,0.006,1.02,0.7,True,16,34.70336072059506,258.8668218039782,0.02398958265027314,147.51227683908567,107102.01326776628,1.0383265647626378,1771.397477950905,-9.63911970310516e-15,-6.225621072414421e-14
jet_a_reference,0.014,0.006,1.02,0.8,True,15,47.44299989765438,352.9628759231352,0.02854013195374577,169.5100648670929,109262.07438857513,1.059267803632158,2142.7617845829614,-1.6684168166308524e-15,-1.8400651068254172e-14
jet_a_reference,0.014,0.006,1.02,0.9,True,15,66.62006461256357,449.6146499425548,0.032106203335575886,211.59013815810837,111514.74000431536,1.0811068193423734,2556.5498262931405,1.5439749646207713e-15,9.354314274140895e-14
jet_a_reference,0.014,0.006,1.02,1.0,True,15,82.33356290451528,555.4686785298521,0.03638737961416498,230.73073647020573,114021.75756380912,1.1054117119482736,2600.0,6.023428134086179e-15,-9.982658517282977e-14
jet_a_reference,0.014,0.006,1.02,1.1,True,15,83.19604021465474,557.5899017250441,0.03995781395779184,212.31479567941662,114072.42516777772,1.1059029213809286,2600.0,2.3255272987033215e-18,2.8468167282746807e-14
jet_a_reference,0.014,0.006,1.03,0.7,True,16,34.62142648911501,258.8668218039782,0.024001621927719135,147.09018421210095,107102.01326776628,1.0383265647626378,1771.3974779361324,-8.63972249245298e-15,-3.9946127952162086e-14
jet_a_reference,0.014,0.006,1.03,0.8,True,15,47.444543489502465,352.9628759231352,0.02853983235869436,169.5173594768633,109262.07438857513,1.059267803632158,2142.761784581282,-2.933458006838457e-15,1.7029249860287754e-15
jet_a_reference,0.014,0.006,1.03,0.9,True,15,66.6200673766053,449.6146499426257,0.03210620272584882,211.59015095520104,111514.7400043171,1.0811068193423903,2556.5498262931405,1.2932965677451947e-15,9.999092676875184e-14
jet_a_reference,0.014,0.006,1.03,1.0,True,15,82.33306998313338,555.4686785298521,0.03638749951737267,230.72859481856895,114021.75756380912,1.1054117119482736,2600.0,6.3900577525505395e-15,-9.140328981773832e-14
jet_a_reference,0.014,0.006,1.03,1.1,True,15,83.19548978166267,557.5899017250441,0.03995796094043357,212.31261000396898,114072.42516777772,1.1059029213809286,2600.0,-3.4878439102098596e-16,3.240057814595343e-14
jet_a_reference,0.014,0.006,1.05,0.7,True,16,34.62142648911501,258.8668218039782,0.024001621927719135,147.09018421210095,107102.01326776628,1.0383265647626378,1771.3974779361324,-8.63972249245298e-15,-3.9946127952162086e-14
jet_a_reference,0.014,0.006,1.05,0.8,True,15,47.44546712164433,352.9628759231352,0.02853965306381414,169.52172455661295,109262.07438857513,1.059267803632158,2142.761784580062,-1.5550521956776403e-15,8.076086961495434e-16
jet_a_reference,0.014,0.006,1.05,0.9,True,15,66.62007013139858,449.6146499426628,0.03210620211806044,211.59016371014386,111514.7400043179,1.0811068193423978,2556.5498262931405,4.1898779354816997e-16,1.002077999652369e-13
jet_a_reference,0.014,0.006,1.05,1.0,True,15,82.33228491320854,555.4686785298521,0.03638769053464062,230.72518355511517,114021.75756380912,1.1054117119482736,2600.0,5.90440164640011e-15,-9.944108036022568e-14
jet_a_reference,0.014,0.006,1.05,1.1,True,15,83.19453033872419,557.5899017250441,0.039958217200730124,212.30879994298414,114072.42516777772,1.1059029213809286,2600.0,9.089833639765995e-16,3.0087093954853396e-14
jet_a_reference,0.014,0.006,1.08,0.7,True,16,34.62142648911501,258.8668218039782,0.024001621927719135,147.09018421210095,107102.01326776628,1.0383265647626378,1771.3974779361324,-8.63972249245298e-15,-3.9946127952162086e-14
jet_a_reference,0.014,0.006,1.08,0.8,True,15,47.44546712164433,352.9628759231352,0.02853965306381414,169.52172455661295,109262.07438857513,1.059267803632158,2142.761784580062,-1.5550521956776403e-15,8.076086961495434e-16
jet_a_reference,0.014,0.006,1.08,0.9,True,15,66.62007013139858,449.6146499426628,0.03210620211806044,211.59016371014386,111514.7400043179,1.0811068193423978,2556.5498262931405,4.1898779354816997e-16,1.002077999652369e-13
jet_a_reference,0.014,0.006,1.08,1.0,True,15,82.33228491320854,555.4686785298521,0.03638769053464062,230.72518355511517,114021.75756380912,1.1054117119482736,2600.0,5.90440164640011e-15,-9.944108036022568e-14
jet_a_reference,0.014,0.006,1.08,1.1,True,15,83.19412062942341,557.5899017250441,0.03995832665412379,212.30717283179695,114072.42516777772,1.1059029213809286,2600.0,2.580330338154947e-16,1.634374632905346e-14
jet_a_reference,0.018,0.002,1.01,0.7,True,17,151.53291942849418,1762.1971618147018,0.029624994975951408,521.5885263999144,145697.3715655007,1.4124986701634867,1573.6086614927779,7.588602445800961e-16,-3.887530997553923e-15
jet_a_reference,0.018,0.002,1.01,0.8,True,17,178.94280122196008,1973.5658310287029,0.03380291290490561,539.8081405441199,153453.12211449133,1.4876886836747736,1790.1266432908544,2.3336636795758025e-15,6.066876555635525e-15
jet_a_reference,0.018,0.002,1.01,0.9,True,17,205.75139192578627,2199.827753560304,0.03796303819360184,552.6639599273711,161842.58669841636,1.5690223923124094,2008.439149483691,-1.037443991491308e-15,-6.5523940761986245e-15
jet_a_reference,0.018,0.002,1.01,1.0,True,17,232.7899794127248,2434.814105131258,0.04211483194363751,563.6487319803153,170260.01427597762,1.6506271950054872,2227.832342856387,2.5725859121433696e-15,-9.726392531330505e-15
jet_a_reference,0.018,0.002,1.01,1.1,True,17,232.54282909627625,2430.868598321295,0.04627614281995051,512.4188806397196,170118.68258753011,1.6492570205140804,2215.806464598406,-4.55678739746458e-15,-1.1746887924998403e-14
jet_a_reference,0.018,0.002,1.02,0.7,True,17,151.53183154646172,1762.1971618156776,0.02962517999124835,521.5815244188029,145697.37156552874,1.4124986701637585,1573.6086614927779,2.235849937001088e-15,-4.370185484518234e-15
jet_a_reference,0.018,0.002,1.02,0.8,True,17,178.94164553266307,1973.565831029482,0.033803137224896,539.8010720502508,153453.12211452465,1.4876886836750967,1790.1266432908544,1.9711673813530713e-15,3.207696946378917e-15
jet_a_reference,0.018,0.002,1.02,0.9,True,17,205.75035941618876,2199.8277535605544,0.03796326320480406,552.6579108620294,161842.5866984253,1.569022392312496,2008.439149483691,-1.4385446005746158e-15,2.114473310116143e-15
jet_a_reference,0.018,0.002,1.02,1.0,True,17,232.78886621979004,2434.814105131267,0.042115100816606466,563.642438180912,170260.01427597794,1.6506271950054903,2227.832342856387,2.4683258809076124e-15,-1.1342851330259715e-14
jet_a_reference,0.018,0.002,1.02,1.1,True,17,232.54168602552042,2430.8685983213068,0.04627644663809848,512.4129976700168,170118.68258753055,1.6492570205140846,2215.806464598406,-2.1061599959459688e-15,-1.1013662290971902e-14
jet_a_reference,0.018,0.002,1.03,0.7,True,17,151.53092831242463,1762.1971618166535,0.02962533363413579,521.5757104241743,145697.37156555682,1.4124986701640307,1573.6086614927779,3.2652513536328442e-15,-8.943795940784292e-15
jet_a_reference,0.018,0.002,1.03,0.8,True,17,178.94068607767838,1973.5658310302476,0.03380332349493149,539.7952032206599,153453.12211455722,1.4876886836754124,1790.1266432908544,5.19579563097475e-15,3.567003123008629e-15
jet_a_reference,0.018,0.002,1.03,0.9,True,17,205.7495360028261,2199.827753560825,0.037963442681461027,552.6530863788704,161842.58669843499,1.5690223923125899,2008.439149483691,-5.612002759369039e-16,6.556763869979174e-15
jet_a_reference,0.018,0.002,1.03,1.0,True,17,232.78797850638213,2434.814105131287,0.04211531527120084,563.6374186937126,170260.01427597864,1.6506271950054971,2227.832342856387,1.8398377634721846e-15,-1.0564617516676538e-14
jet_a_reference,0.018,0.002,1.03,1.1,True,17,232.54077453602284,2430.8685983213177,0.04627668895321819,512.4083060750984,170118.68258753096,1.6492570205140886,2215.806464598406,-3.0990845467055187e-15,-7.695120786893109e-15
jet_a_reference,0.018,0.002,1.05,0.7,True,17,151.53092831242463,1762.1971618166535,0.02962533363413579,521.5757104241743,145697.37156555682,1.4124986701640307,1573.6086614927779,3.2652513536328442e-15,-8.943795940784292e-15
jet_a_reference,0.018,0.002,1.05,0.8,True,17,178.94011197835184,1973.565831030764,0.0338034349684726,539.7916913076841,153453.12211457916,1.4876886836756251,1790.1266432908544,1.811981169368681e-15,5.35248008365426e-15
jet_a_reference,0.018,0.002,1.05,0.9,True,17,205.74850996783613,2199.8277535612488,0.037963666363956296,552.6470741757647,161842.58669845018,1.569022392312737,2008.439149483691,-1.0566189325014365e-15,-6.959445610752637e-16
jet_a_reference,0.018,0.002,1.05,1.0,True,17,232.78621062864002,2434.814105131328,0.042115742468827586,563.6274210561892,170260.01427598012,1.6506271950055114,2227.832342856387,2.019012569070056e-15,-5.064203812999291e-15
jet_a_reference,0.018,0.002,1.05,1.1,True,17,232.53918575398103,2430.8685983213372,0.046277111427823446,512.4001272980344,170118.68258753166,1.6492570205140953,2215.806464598406,5.294549926703083e-16,-9.553826007489464e-15
jet_a_reference,0.018,0.002,1.08,0.7,True,17,151.53092831242463,1762.1971618166535,0.02962533363413579,521.5757104241743,145697.37156555682,1.4124986701640307,1573.6086614927779,3.2652513536328442e-15,-8.943795940784292e-15
jet_a_reference,0.018,0.002,1.08,0.8,True,17,178.94011197835184,1973.565831030764,0.0338034349684726,539.7916913076841,153453.12211457916,1.4876886836756251,1790.1266432908544,1.811981169368681e-15,5.35248008365426e-15
jet_a_reference,0.018,0.002,1.08,0.9,True,17,205.74850996783613,2199.8277535612488,0.037963666363956296,552.6470741757647,161842.58669845018,1.569022392312737,2008.439149483691,-1.0566189325014365e-15,-6.959445610752637e-16
jet_a_reference,0.018,0.002,1.08,1.0,True,17,232.78621062864002,2434.814105131328,0.042115742468827586,563.6274210561892,170260.01427598012,1.6506271950055114,2227.832342856387,2.019012569070056e-15,-5.064203812999291e-15
jet_a_reference,0.018,0.002,1.08,1.1,True,17,232.53850730397002,2430.8685983213677,0.046277291875628984,512.3966343510712,170118.68258753273,1.6492570205141057,2215.806464598406,-2.9940094754628697e-15,-9.564008180642297e-15
jet_a_reference,0.018,0.003,1.01,0.7,True,17,113.51990600274318,984.6529716314079,0.028536483810393976,405.6494465676411,124623.20035715825,1.2081899823214484,1669.7952206132172,7.048627855150244e-15,1.5075366702709523e-15
jet_a_reference,0.018,0.003,1.01,0.8,True,17,137.55762813720108,1148.118279416306,0.03262087819446034,429.9999000459568,128849.81204070436,1.2491658991699028,1924.5802409062474,-4.325511239855419e-15,-2.0085991625897797e-14
jet_a_reference,0.018,0.003,1.01,0.9,True,17,161.4028273876654,1310.5801274281632,0.03669896028118202,448.47341354265575,133156.37487501826,1.2909169219308672,2189.9918726323635,-1.1555150090745632e-15,-1.0571071817342465e-15
jet_a_reference,0.018,0.003,1.01,1.0,True,17,185.07463374818852,1472.246361582859,0.04078342939736713,462.74579512473116,137548.39494752165,1.333496430710498,2465.2715412158977,1.2663911428614498e-15,-5.597159653928528e-15
jet_a_reference,0.018,0.003,1.01,1.1,True,17,182.5931484756984,1475.3542295121106,0.04500826201458609,413.6867000530148,137633.8798544041,1.3343251849700506,2451.15105577013,8.933327807804464e-15,-4.438919266348179e-15
jet_a_reference,0.018,0.003,1.02,0.7,True,17,113.51876175187027,984.6529716314079,0.02853667787154414,405.6425991723092,124623.20035715825,1.2081899823214484,1669.7952206088767,8.046060760248722e-15,3.979259831610927e-15
jet_a_reference,0.018,0.003,1.02,0.8,True,17,137.55660917512387,1148.118279416306,0.03262107533693308,429.99411616370656,128849.81204070436,1.2491658991699028,1924.5802409053633,-2.1965673214620316e-15,-1.9559571358098106e-14
jet_a_reference,0.018,0.003,1.02,0.9,True,17,161.40194304869144,1310.5801274281632,0.03669915220757635,448.46861094222584,133156.37487501826,1.2909169219308672,2189.9918726321366,-2.3382648128390632e-15,-1.7116758629070047e-15
jet_a_reference,0.018,0.003,1.02,1.0,True,17,185.07368531202815,1472.246361582859,0.040783657535937,462.74083520330424,137548.39494752165,1.333496430710498,2465.2715412156995,-5.937888839034525e-16,-9.148099910244259e-15
jet_a_reference,0.018,0.003,1.02,1.1,True,17,183.05965356695432,1475.3542295121406,0.04498946363001997,414.9169197024795,137633.87985440498,1.334325184970059,2451.151055770128,8.159540382328745e-15,-1.0120115449205275e-14
jet_a_reference,0.018,0.003,1.03,0.7,True,17,113.51781174096644,984.6529716314079,0.02853683902377229,405.63691373669843,124623.20035715825,1.2081899823214484,1669.7952206042005,7.222123778652489e-15,2.336357878004669e-15
jet_a_reference,0.018,0.003,1.03,0.8,True,17,137.55579652401286,1148.118279416306,0.032621232592164755,429.9895030279132,128849.81204070436,1.2491658991699028,1924.5802409043956,-4.419310781425558e-15,-1.5512711015574938e-14
jet_a_reference,0.018,0.003,1.03,0.9,True,17,161.40084107654135,1310.5801274281632,0.03669939141328058,448.4626259346218,133156.37487501826,1.2909169219308672,2189.991872631669,-2.7048304944895022e-15,5.557859371145854e-15
jet_a_reference,0.018,0.003,1.03,1.0,True,17,185.07250229741138,1472.246361582859,0.0407839421579521,462.7346479606267,137548.39494752165,1.333496430710498,2465.2715412154053,-1.3217428446293785e-16,-5.459775294553049e-15
jet_a_reference,0.018,0.003,1.03,1.1,True,17,183.51656084493183,1475.35422951219,0.04497067019642162,416.12635886048685,137633.87985440635,1.3343251849700721,2451.15105577013,5.9647695629156656e-15,-4.233721990971031e-16
jet_a_reference,0.018,0.003,1.05,0.7,True,17,113.51781174096644,984.6529716314079,0.02853683902377229,405.63691373669843,124623.20035715825,1.2081899823214484,1669.7952206042005,7.222123778652489e-15,2.336357878004669e-15
jet_a_reference,0.018,0.003,1.05,0.8,True,17,137.5551885007662,1148.118279416306,0.03262135026664393,429.98605130362375,128849.81204070436,1.2491658991699028,1924.580240903383,-1.8617786013451194e-15,-2.091179579840669e-14
jet_a_reference,0.018,0.003,1.05,0.9,True,17,161.3997429304886,1310.5801274281632,0.03669962984013952,448.45666115324315,133156.37487501826,1.2909169219308672,2189.9918726311316,-2.3198152926884817e-15,3.361213762474392e-16
jet_a_reference,0.018,0.003,1.05,1.0,True,17,185.07085292768085,1472.246361582859,0.04078433909067954,462.7260205453177,137548.39494752165,1.333496430710498,2465.271541214876,1.8773728411588535e-15,-6.779381451891333e-15
jet_a_reference,0.018,0.003,1.05,1.1,True,17,184.13879725581108,1475.3542295122606,0.044944367674893376,417.7816414244428,137633.8798544083,1.3343251849700912,2451.15105577013,6.05850406450742e-15,-6.9404257572130465e-15
jet_a_reference,0.018,0.003,1.08,0.7,True,17,113.51781174096644,984.6529716314079,0.02853683902377229,405.63691373669843,124623.20035715825,1.2081899823214484,1669.7952206042005,7.222123778652489e-15,2.336357878004669e-15
jet_a_reference,0.018,0.003,1.08,0.8,True,17,137.5551885007662,1148.118279416306,0.03262135026664393,429.98605130362375,128849.81204070436,1.2491658991699028,1924.580240903383,-1.8617786013451194e-15,-2.091179579840669e-14
jet_a_reference,0.018,0.003,1.08,0.9,True,17,161.3997429304886,1310.5801274281632,0.03669962984013952,448.45666115324315,133156.37487501826,1.2909169219308672,2189.9918726311316,-2.3198152926884817e-15,3.361213762474392e-16
jet_a_reference,0.018,0.003,1.08,1.0,True,17,185.07085292768085,1472.246361582859,0.04078433909067954,462.7260205453177,137548.39494752165,1.333496430710498,2465.271541214876,1.8773728411588535e-15,-6.779381451891333e-15
jet_a_reference,0.018,0.003,1.08,1.1,True,17,184.31263867065368,1475.3542295122722,0.04493685443856027,418.24597706583455,137633.8798544086,1.334325184970094,2451.15105577013,6.224565224983811e-15,-3.860047191049096e-15
jet_a_reference,0.018,0.004,1.01,0.7,True,17,79.43117420248413,595.2668726014176,0.027085900935978735,299.0384419613563,114975.20240379528,1.11465511527178,1737.803747826361,7.470380121648299e-16,-5.767242377924418e-16
jet_a_reference,0.018,0.004,1.01,0.8,True,17,98.56685427764455,704.512354604701,0.0309843846854582,324.3899157252561,117623.21782028479,1.1403269459587346,2027.516441870289,3.251750411969307e-15,-3.2825808484184126e-14
jet_a_reference,0.018,0.004,1.01,0.9,True,16,110.87886854151694,830.9421246722368,0.03551561350705687,318.3528841645026,120744.7167125626,1.170589077573628,2345.312060863956,5.7837829352344965e-15,-4.475322465968457e-14
jet_a_reference,0.018,0.004,1.01,1.0,True,17,139.98504127214974,1002.1750842886104,0.03938870699382081,362.4008683046868,125071.19721675504,1.2125331970384923,2600.0000000000005,7.413666934744755e-15,-6.792901742541966e-14
jet_a_reference,0.018,0.004,1.01,1.1,True,16,138.68489360591565,1005.604985530747,0.04347176447184629,325.3128466792712,125159.03278084224,1.2133847403170919,2600.0,-7.48033866535855e-15,2.5972836245925465e-14
jet_a_reference,0.018,0.004,1.02,0.7,True,17,79.42998059922034,595.2668726014176,0.027086102878861533,299.0317188699671,114975.20240379528,1.11465511527178,1737.8037478247768,2.4962008352354285e-15,-6.2629211964736326e-15
jet_a_reference,0.018,0.004,1.02,0.8,True,17,98.56576665513126,704.512354604701,0.030984594281209,324.3841419727469,117623.21782028479,1.1403269459587346,2027.516441870315,1.4506084738273147e-15,-3.0995702854450276e-14
jet_a_reference,0.018,0.004,1.02,0.9,True,16,110.88037858997724,830.9421246722903,0.035515283666941753,318.36017645151134,120744.71671256391,1.1705890775736407,2345.312060863956,5.3731723705965264e-15,-4.288617889223311e-14
jet_a_reference,0.018,0.004,1.02,1.0,True,17,140.3149481971597,1002.1750842886146,0.0393719131650031,363.4098932408092,125071.19721675511,1.212533197038493,2600.0,5.175940638390984e-15,-6.771273302615433e-14
jet_a_reference,0.018,0.004,1.02,1.1,True,16,138.68497994926733,1005.604985530747,0.043471741150799346,325.31322373358955,125159.03278084224,1.2133847403170919,2600.0,-7.327564344180965e-15,2.5336440567278977e-14
jet_a_reference,0.018,0.004,1.03,0.7,True,17,79.42898962099973,595.2668726014176,0.027086270576340946,299.02613676072394,114975.20240379528,1.11465511527178,1737.8037478229166,9.425904055004205e-16,-6.529446772227706e-15
jet_a_reference,0.018,0.004,1.03,0.8,True,17,98.56468272135793,704.512354604701,0.030984803210687965,324.3783874132358,117623.21782028479,1.1403269459587346,2027.5164418696668,4.783969053158839e-15,-4.0188527774315885e-14
jet_a_reference,0.018,0.004,1.03,0.9,True,16,110.88158286278116,830.9421246723238,0.03551502057066676,318.365992611083,120744.71671256477,1.170589077573649,2345.312060863956,6.927766427963564e-15,-4.5778457864826136e-14
jet_a_reference,0.018,0.004,1.03,1.0,True,17,140.58369946854594,1002.1750842886104,0.03935848053551037,364.23021335682245,125071.19721675504,1.2125331970384923,2600.0000000000005,7.655051493021823e-15,-6.493093198440162e-14
jet_a_reference,0.018,0.004,1.03,1.1,True,16,138.68503731345803,1005.604985530747,0.04347172565422944,325.3134742586948,125159.03278084224,1.2133847403170919,2600.0,-6.914915014100422e-15,3.0134666534450385e-14
jet_a_reference,0.018,0.004,1.05,0.7,True,17,79.42898962099973,595.2668726014176,0.027086270576340946,299.02613676072394,114975.20240379528,1.11465511527178,1737.8037478229166,9.425904055004205e-16,-6.529446772227706e-15
jet_a_reference,0.018,0.004,1.05,0.8,True,17,98.56425018012217,704.512354604701,0.03098488659593985,324.3760909612412,117623.21782028479,1.1403269459587346,2027.5164418697682,3.3076396154132443e-15,-3.335159326545841e-14
jet_a_reference,0.018,0.004,1.05,0.9,True,16,110.88338301914938,830.9421246723905,0.035514627214855835,318.37468750670405,120744.71671256646,1.1705890775736654,2345.312060863956,8.922655799779475e-15,-4.648674773396277e-14
jet_a_reference,0.018,0.004,1.05,1.0,True,16,141.13058748008993,1002.1750842886104,0.039331621742451146,365.8968072634039,125071.19721675504,1.2125331970384923,2600.0000000000005,8.40785685940595e-15,-6.58273903739779e-14
jet_a_reference,0.018,0.004,1.05,1.1,True,16,138.68513732141298,1005.604985530747,0.04347169863256862,325.31391105974626,125159.03278084224,1.2133847403170919,2600.0,-6.933103194387079e-15,2.4568981676563905e-14
jet_a_reference,0.018,0.004,1.08,0.7,True,17,79.42898962099973,595.2668726014176,0.027086270576340946,299.02613676072394,114975.20240379528,1.11465511527178,1737.8037478229166,9.425904055004205e-16,-6.529446772227706e-15
jet_a_reference,0.018,0.004,1.08,0.8,True,17,98.56425018012217,704.512354604701,0.03098488659593985,324.3760909612412,117623.21782028479,1.1403269459587346,2027.5164418697682,3.3076396154132443e-15,-3.335159326545841e-14
jet_a_reference,0.018,0.004,1.08,0.9,True,16,110.88338301914938,830.9421246723905,0.035514627214855835,318.37468750670405,120744.71671256646,1.1705890775736654,2345.312060863956,8.922655799779475e-15,-4.648674773396277e-14
jet_a_reference,0.018,0.004,1.08,1.0,True,16,141.13058748008993,1002.1750842886104,0.039331621742451146,365.8968072634039,125071.19721675504,1.2125331970384923,2600.0000000000005,8.40785685940595e-15,-6.58273903739779e-14
jet_a_reference,0.018,0.004,1.08,1.1,True,16,138.68518003474756,1005.604985530747,0.04347168708963857,325.31409763230045,125159.03278084224,1.2133847403170919,2600.0,-7.086450827770122e-15,2.2861772930642156e-14
jet_a_reference,0.018,0.005,1.01,0.7,True,17,52.72927688912546,375.28150547610863,0.025432038061382556,211.42190182582868,109779.18890694364,1.0642810963337999,1762.3946166965175,-3.78561346307151e-15,-3.358920395193083e-14
jet_a_reference,0.018,0.005,1.01,0.8,True,16,66.59781022483756,472.0916704286558,0.0296084709922777,229.36296458133958,112043.57877187955,1.0862337756346458,2089.897684295275,2.6224189096125154e-15,3.638662640892222e-14
jet_a_reference,0.018,0.005,1.01,0.9,True,16,89.92452089817724,598.056782678006,0.03341641163731224,274.4085537950337,115042.26432818267,1.1153052634384764,2472.461956946865,-1.5547895983548444e-15,-3.470374908943533e-14
jet_a_reference,0.018,0.005,1.01,1.0,True,15,100.60984112616721,731.4003819700891,0.03847041085126379,266.6815454041764,118281.93213215258,1.1467130123615359,2600.0000000000005,5.662665492140172e-15,-4.9881828293848905e-14
jet_a_reference,0.018,0.005,1.01,1.1,True,15,101.5864867178961,734.0738872948028,0.04225981593128063,245.12503247565962,118347.58006647386,1.147349452256995,2600.0,1.0158846778874973e-14,-6.587207320455173e-15
jet_a_reference,0.018,0.005,1.02,0.7,True,17,52.83596275160263,375.28150547610863,0.025417701240440318,211.9691601394154,109779.18890694364,1.0642810963337999,1762.394616697543,-1.6643737598649227e-15,-2.5553049138851683e-14
jet_a_reference,0.018,0.005,1.02,0.8,True,16,66.46158179957025,472.0916704286558,0.029624922599821846,228.76668208270067,112043.57877187955,1.0862337756346458,2089.8976842916413,2.0863600178048177e-15,4.6380318386795913e-14
jet_a_reference,0.018,0.005,1.02,0.9,True,16,89.92374498741886,598.0567826780104,0.03341658006689754,274.4048029804177,115042.26432818282,1.115305263438478,2472.461956946865,-1.4452012001474735e-15,-3.5346425369274185e-14
jet_a_reference,0.018,0.005,1.02,1.0,True,15,100.61113854803551,731.4003819700891,0.038470096293191224,266.6871650169448,118281.93213215258,1.1467130123615359,2600.0000000000005,5.720561639679087e-15,-5.246949768748321e-14
jet_a_reference,0.018,0.005,1.02,1.1,True,15,101.58806142923724,734.0738872948028,0.04225939690998562,245.13126276989786,118347.58006647386,1.147349452256995,2600.0,1.0641448996564073e-14,-1.577278148651008e-15
jet_a_reference,0.018,0.005,1.03,0.7,True,17,52.904358229654996,375.28150547610863,0.025408145519685454,212.32337394389788,109779.18890694364,1.0642810963337999,1762.3946167008,-3.000727523864221e-15,-1.3355108203780352e-14
jet_a_reference,0.018,0.005,1.03,0.8,True,16,66.35054866969736,472.0916704286558,0.029638628559526002,228.27888302114323,112043.57877187955,1.0862337756346458,2089.897684287651,2.023876868800872e-15,4.2309399879767254e-14
jet_a_reference,0.018,0.005,1.03,0.9,True,16,89.92277813767618,598.056782678081,0.03341678998521996,274.4001288680392,115042.26432818451,1.1153052634384943,2472.461956946865,-5.734140738070636e-16,-2.7080369916356677e-14
jet_a_reference,0.018,0.005,1.03,1.0,True,15,100.61275518063289,731.4003819700891,0.03846970426965025,266.6941678857964,118281.93213215258,1.1467130123615359,2600.0000000000005,4.898883062254878e-15,-5.635982841752498e-14
jet_a_reference,0.018,0.005,1.03,1.1,True,15,101.58963049680328,734.0738872948028,0.042258979297791384,245.13747139520106,118347.58006647386,1.147349452256995,2600.0,9.476937674748998e-15,-1.0772912347155807e-14
jet_a_reference,0.018,0.005,1.05,0.7,True,17,52.904358229654996,375.28150547610863,0.025408145519685454,212.32337394389788,109779.18890694364,1.0642810963337999,1762.3946167008,-3.000727523864221e-15,-1.3355108203780352e-14
jet_a_reference,0.018,0.005,1.05,0.8,True,16,66.284994937816,472.0916704286558,0.0296468505199318,227.99009955478522,112043.57877187955,1.0862337756346458,2089.89768428531,1.4071009308121056e-15,3.550065539275225e-14
jet_a_reference,0.018,0.005,1.05,0.9,True,16,89.92162236243041,598.0567826781805,0.03341704098192541,274.3945410063225,115042.26432818691,1.1153052634385174,2472.461956946865,2.5236316716632947e-15,-3.330941646629775e-14
jet_a_reference,0.018,0.005,1.05,1.0,True,15,100.61532995150958,731.4003819700891,0.03846907973542377,266.7053226417605,118281.93213215258,1.1467130123615359,2600.0000000000005,6.214715749605009e-15,-5.896602528690112e-14
jet_a_reference,0.018,0.005,1.05,1.1,True,15,101.59181774342392,734.0738872948028,0.042258397000846645,245.14612718696506,118347.58006647386,1.147349452256995,2600.0,1.0380464864459723e-14,-1.3401854185435285e-14
jet_a_reference,0.018,0.005,1.08,0.7,True,17,52.904358229654996,375.28150547610863,0.025408145519685454,212.32337394389788,109779.18890694364,1.0642810963337999,1762.3946167008,-3.000727523864221e-15,-1.3355108203780352e-14
jet_a_reference,0.018,0.005,1.08,0.8,True,16,66.284994937816,472.0916704286558,0.0296468505199318,227.99009955478522,112043.57877187955,1.0862337756346458,2089.89768428531,1.4071009308121056e-15,3.550065539275225e-14
jet_a_reference,0.018,0.005,1.08,0.9,True,16,89.92162236243041,598.0567826781805,0.03341704098192541,274.3945410063225,115042.26432818691,1.1153052634385174,2472.461956946865,2.5236316716632947e-15,-3.330941646629775e-14
jet_a_reference,0.018,0.005,1.08,1.0,True,15,100.61532995150958,731.4003819700891,0.03846907973542377,266.7053226417605,118281.93213215258,1.1467130123615359,2600.0000000000005,6.214715749605009e-15,-5.896602528690112e-14
jet_a_reference,0.018,0.005,1.08,1.1,True,15,101.5927517713684,734.0738872948028,0.04225814828559347,245.1498238923642,118347.58006647386,1.147349452256995,2600.0,1.0180348082944046e-14,-9.702782300181312e-15
jet_a_reference,0.018,0.006,1.01,0.7,True,16,34.78636833249669,258.8668218039782,0.0239775403706484,147.93937672894685,107102.01326776628,1.0383265647626378,1771.3974779550463,-7.163400584663728e-15,-6.382279024100133e-14
jet_a_reference,0.018,0.006,1.01,0.8,True,15,47.441140625529854,352.9628759231352,0.028540492742644155,169.5012790922711,109262.07438857513,1.059267803632158,2142.7617845845534,-2.214279894502253e-15,-4.289174949859629e-15
jet_a_reference,0.018,0.006,1.01,0.9,True,15,66.62006183923617,449.6146499424884,0.032106203947249126,211.59012531869837,111514.74000431382,1.0811068193423585,2556.5498262931405,7.636602205742726e-16,9.923779041224692e-14
jet_a_reference,0.018,0.006,1.01,1.0,True,15,82.33395849521622,555.4686785298521,0.036387283403774964,230.7324551398463,114021.75756380912,1.1054117119482736,2600.0,6.066396597884682e-15,-9.61104846281512e-14
jet_a_reference,0.018,0.006,1.01,1.1,True,15,83.19673049519078,557.5899017250441,0.03995762966659078,212.31753650200855,114072.42516777772,1.1059029213809286,2600.0,1.0443280159984298e-15,3.69298302586794e-14
jet_a_reference,0.018,0.006,1.02,0.7,True,16,34.70336072059506,258.8668218039782,0.02398958265027314,147.51227683908567,107102.01326776628,1.0383265647626378,1771.397477950905,-9.63911970310516e-15,-6.225621072414421e-14
jet_a_reference,0.018,0.006,1.02,0.8,True,15,47.44299989765438,352.9628759231352,0.02854013195374577,169.5100648670929,109262.07438857513,1.059267803632158,2142.7617845829614,-1.6684168166308524e-15,-1.8400651068254172e-14
jet_a_reference,0.018,0.006,1.02,0.9,True,15,66.62006461256357,449.6146499425548,0.032106203335575886,211.59013815810837,111514.74000431536,1.0811068193423734,2556.5498262931405,1.5439749646207713e-15,9.354314274140895e-14
jet_a_reference,0.018,0.006,1.02,1.0,True,15,82.33356290451528,555.4686785298521,0.03638737961416498,230.73073647020573,114021.75756380912,1.1054117119482736,2600.0,6.023428134086179e-15,-9.982658517282977e-14
jet_a_reference,0.018,0.006,1.02,1.1,True,15,83.19604021465474,557.5899017250441,0.03995781395779184,212.31479567941662,114072.42516777772,1.1059029213809286,2600.0,2.3255272987033215e-18,2.8468167282746807e-14
jet_a_reference,0.018,0.006,1.03,0.7,True,16,34.62142648911501,258.8668218039782,0.024001621927719135,147.09018421210095,107102.01326776628,1.0383265647626378,1771.3974779361324,-8.63972249245298e-15,-3.9946127952162086e-14
jet_a_reference,0.018,0.006,1.03,0.8,True,15,47.444543489502465,352.9628759231352,0.02853983235869436,169.5173594768633,109262.07438857513,1.059267803632158,2142.761784581282,-2.933458006838457e-15,1.7029249860287754e-15
jet_a_reference,0.018,0.006,1.03,0.9,True,15,66.6200673766053,449.6146499426257,0.03210620272584882,211.59015095520104,111514.7400043171,1.0811068193423903,2556.5498262931405,1.2932965677451947e-15,9.999092676875184e-14
jet_a_reference,0.018,0.006,1.03,1.0,True,15,82.33306998313338,555.4686785298521,0.03638749951737267,230.72859481856895,114021.75756380912,1.1054117119482736,2600.0,6.3900577525505395e-15,-9.140328981773832e-14
jet_a_reference,0.018,0.006,1.03,1.1,True,15,83.19548978166267,557.5899017250441,0.03995796094043357,212.31261000396898,114072.42516777772,1.1059029213809286,2600.0,-3.4878439102098596e-16,3.240057814595343e-14
jet_a_reference,0.018,0.006,1.05,0.7,True,16,34.62142648911501,258.8668218039782,0.024001621927719135,147.09018421210095,107102.01326776628,1.0383265647626378,1771.3974779361324,-8.63972249245298e-15,-3.9946127952162086e-14
jet_a_reference,0.018,0.006,1.05,0.8,True,15,47.44546712164433,352.9628759231352,0.02853965306381414,169.52172455661295,109262.07438857513,1.059267803632158,2142.761784580062,-1.5550521956776403e-15,8.076086961495434e-16
jet_a_reference,0.018,0.006,1.05,0.9,True,15,66.62007013139858,449.6146499426628,0.03210620211806044,211.59016371014386,111514.7400043179,1.0811068193423978,2556.5498262931405,4.1898779354816997e-16,1.002077999652369e-13
jet_a_reference,0.018,0.006,1.05,1.0,True,15,82.33228491320854,555.4686785298521,0.03638769053464062,230.72518355511517,114021.75756380912,1.1054117119482736,2600.0,5.90440164640011e-15,-9.944108036022568e-14
jet_a_reference,0.018,0.006,1.05,1.1,True,15,83.19453033872419,557.5899017250441,0.039958217200730124,212.30879994298414,114072.42516777772,1.1059029213809286,2600.0,9.089833639765995e-16,3.0087093954853396e-14
jet_a_reference,0.018,0.006,1.08,0.7,True,16,34.62142648911501,258.8668218039782,0.024001621927719135,147.09018421210095,107102.01326776628,1.0383265647626378,1771.3974779361324,-8.63972249245298e-15,-3.9946127952162086e-14
jet_a_reference,0.018,0.006,1.08,0.8,True,15,47.44546712164433,352.9628759231352,0.02853965306381414,169.52172455661295,109262.07438857513,1.059267803632158,2142.761784580062,-1.5550521956776403e-15,8.076086961495434e-16
jet_a_reference,0.018,0.006,1.08,0.9,True,15,66.62007013139858,449.6146499426628,0.03210620211806044,211.59016371014386,111514.7400043179,1.0811068193423978,2556.5498262931405,4.1898779354816997e-16,1.002077999652369e-13
jet_a_reference,0.018,0.006,1.08,1.0,True,15,82.33228491320854,555.4686785298521,0.03638769053464062,230.72518355511517,114021.75756380912,1.1054117119482736,2600.0,5.90440164640011e-15,-9.944108036022568e-14
jet_a_reference,0.018,0.006,1.08,1.1,True,15,83.19412062942341,557.5899017250441,0.03995832665412379,212.30717283179695,114072.42516777772,1.1059029213809286,2600.0,2.580330338154947e-16,1.634374632905346e-14
jet_a_reference,0.022,0.002,1.01,0.7,True,14,168.01792549571257,2235.4177220538745,0.030198354498268958,567.3507896223842,163117.45215455696,1.581381886118558,1608.2673412386914,-3.00831025201806e-15,-1.419678079969913e-14
jet_a_reference,0.022,0.002,1.01,0.8,True,14,197.73446105521458,2543.2878958043675,0.03445534005892422,585.2011196454015,174145.64538157292,1.688297392555563,1825.5119413728246,4.389506263659714e-15,6.192200852201026e-15
jet_a_reference,0.022,0.002,1.01,0.9,True,14,226.96327778329416,2846.4864266398095,0.03870352871132545,597.9768300519708,185006.4960559564,1.7935905558403524,2044.0447293978655,-1.491185954130938e-15,-1.9225335022554137e-14
jet_a_reference,0.022,0.002,1.01,1.0,True,14,255.56671739920543,3143.2543153514252,0.042945413931943226,606.8296969788368,195636.99520569755,1.8966505201406207,2263.5892556850386,-1.2544570040507257e-14,-1.1042894818062306e-14
jet_a_reference,0.022,0.002,1.01,1.1,True,14,255.1127909455635,3136.034544835349,0.04718819270877316,551.2875872800158,195378.37637511693,1.894143276870895,2251.428642797048,-1.4014320821156225e-14,3.1150948114649824e-15
jet_a_reference,0.022,0.002,1.02,0.7,True,14,168.01651490937684,2235.417722054635,0.030198594737317563,567.3415130453781,163117.45215458417,1.5813818861188218,1608.2673412386914,-1.181999059593238e-15,-9.678842297956385e-15
jet_a_reference,0.022,0.002,1.02,0.8,True,14,197.73296473732935,2543.2878958048836,0.03445563094559755,585.1917508090517,174145.6453815914,1.6882973925557423,1825.5119413728246,6.1782829232503556e-15,-2.878983763981325e-15
jet_a_reference,0.022,0.002,1.02,0.9,True,14,226.96196459931846,2846.4864266399427,0.03870381564251552,597.9689371427711,185006.49605596118,1.7935905558403988,2044.0447293978655,-5.319445646101179e-16,-2.0539321517831178e-14
jet_a_reference,0.022,0.002,1.02,1.0,True,14,255.56534083454724,3143.2543153516963,0.04294574788904014,606.8217095614368,195636.99520570724,1.8966505201407147,2263.5892556850386,-1.2300033276115175e-14,-1.334641282792967e-14
jet_a_reference,0.022,0.002,1.02,1.1,True,14,255.1110998675189,3136.034544835394,0.04718864427124619,551.2786575308629,195378.37637511856,1.8941432768709108,2251.428642797048,-1.0767206857631081e-14,4.6541964273467985e-15
jet_a_reference,0.022,0.002,1.03,0.7,True,14,168.0153437196434,2235.4177220553997,0.0301987942431039,567.3338102202662,163117.45215461156,1.5813818861190874,1608.2673412386914,-2.3923165433825283e-15,-1.049478823531911e-14
jet_a_reference,0.022,0.002,1.03,0.8,True,14,197.73172246587413,2543.2878958053634,0.03445587249486646,585.1839719007103,174145.64538160857,1.6882973925559088,1825.5119413728246,2.1538061081348738e-15,4.767631830142472e-15
jet_a_reference,0.022,0.002,1.03,0.9,True,14,226.9606559667466,2846.486426640114,0.03870410163541125,597.9610708381662,185006.49605596732,1.7935905558404583,2044.0447293978655,-2.288767745827402e-15,-2.042207938803582e-14
jet_a_reference,0.022,0.002,1.03,1.0,True,14,255.56396913013714,3143.2543153520264,0.042946080735502434,606.8137495013788,195636.99520571905,1.8966505201408292,2263.5892556850386,-1.466796753354592e-14,-8.448737564301384e-15
jet_a_reference,0.022,0.002,1.03,1.1,True,14,255.10969619669217,3136.0345448354674,0.047189019175363285,551.2712445514355,195378.37637512115,1.8941432768709359,2251.428642797048,-1.099247644075232e-14,1.1070775922329062e-14
jet_a_reference,0.022,0.002,1.05,0.7,True,14,168.0153437196434,2235.4177220553997,0.0301987942431039,567.3338102202662,163117.45215461156,1.5813818861190874,1608.2673412386914,-2.3923165433825283e-15,-1.049478823531911e-14
jet_a_reference,0.022,0.002,1.05,0.8,True,14,197.73097912906235,2543.2878958057163,0.03445601705202445,585.1793169287934,174145.6453816212,1.6882973925560312,1825.5119413728246,6.327355790093981e-15,1.3376416052925432e-15
jet_a_reference,0.022,0.002,1.05,0.9,True,14,226.95909159055373,2846.4864266403324,0.03870444359301306,597.951666251078,185006.49605597515,1.793590555840534,2044.0447293978655,-2.176729920277689e-15,-1.5991813358901986e-14
jet_a_reference,0.022,0.002,1.05,1.0,True,14,255.56151225031732,3143.2543153527395,0.04294667707263804,606.7994900141838,195636.9952057446,1.896650520141077,2263.5892556850386,-1.321554392661909e-14,-1.0109907467954624e-14
jet_a_reference,0.022,0.002,1.05,1.1,True,14,255.10746078580186,3136.0345448355984,0.04718961639052002,551.259437377356,195378.37637512587,1.8941432768709816,2251.428642797048,-1.2605960369456085e-14,1.5100364980919888e-14
jet_a_reference,0.022,0.002,1.08,0.7,True,14,168.0153437196434,2235.4177220553997,0.0301987942431039,567.3338102202662,163117.45215461156,1.5813818861190874,1608.2673412386914,-2.3923165433825283e-15,-1.049478823531911e-14
jet_a_reference,0.022,0.002,1.08,0.8,True,14,197.73097912906235,2543.2878958057163,0.03445601705202445,585.1793169287934,174145.6453816212,1.6882973925560312,1825.5119413728246,6.327355790093981e-15,1.3376416052925432e-15
jet_a_reference,0.022,0.002,1.08,0.9,True,14,226.95909159055373,2846.4864266403324,0.03870444359301306,597.951666251078,185006.49605597515,1.793590555840534,2044.0447293978655,-2.176729920277689e-15,-1.5991813358901986e-14
jet_a_reference,0.022,0.002,1.08,1.0,True,14,255.56151225031732,3143.2543153527395,0.04294667707263804,606.7994900141838,195636.9952057446,1.896650520141077,2263.5892556850386,-1.321554392661909e-14,-1.0109907467954624e-14
jet_a_reference,0.022,0.002,1.08,1.1,True,14,255.10662581241587,3136.034544835651,0.04718983951443929,551.2550266237223,195378.3763751278,1.8941432768710003,2251.428642797048,-1.0658685949017249e-14,1.2491501708868425e-14
jet_a_reference,0.022,0.003,1.01,0.7,True,14,135.2949648877318,1361.4431724005874,0.02943508809225766,468.7007179930542,134526.63956839673,1.304201286887986,1726.537845717178,-5.324194615928434e-15,-5.183474943419694e-15
jet_a_reference,0.022,0.003,1.01,0.8,True,14,161.93064007377583,1575.5862031882907,0.03364261738182103,490.81585177242454,140412.34221094934,1.3612616653028826,1990.3172937170748,6.05115390433109e-15,-1.2984468106450423e-15
jet_a_reference,0.022,0.003,1.01,0.9,True,14,188.14535362610332,1786.2302484240204,0.03784812432162713,506.90720062810016,146388.72863201445,1.4192011997051386,2263.475572652677,-2.6334082194365094e-15,1.558063174320276e-14
jet_a_reference,0.022,0.003,1.01,1.0,True,14,213.19554572472674,1957.796520840775,0.04202516061869636,517.3066594145594,152780.48755346655,1.4811676640246259,2541.0246800159557,8.641838809766283e-15,-1.3180761990489946e-14
jet_a_reference,0.022,0.003,1.01,1.1,True,14,212.91972141807346,1954.368155709354,0.046178252037904134,470.1730412284517,152633.98404737987,1.4797473500869192,2525.3783831802975,2.5390403004009262e-15,-3.049589614663411e-15
jet_a_reference,0.022,0.003,1.02,0.7,True,14,135.29347574279336,1361.4431724005874,0.029435340967575063,468.6915326614881,134526.63956839673,1.304201286887986,1726.5378457082968,-6.519016538601873e-15,-2.070957583092218e-15
jet_a_reference,0.022,0.003,1.02,0.8,True,14,161.9290595311112,1575.5862031882907,0.033642923698442746,490.8065923051311,140412.34221094934,1.3612616653028826,1990.317293713504,5.939780502008315e-15,3.7365985845973436e-15
jet_a_reference,0.022,0.003,1.02,0.9,True,14,188.14396631206492,1786.2302484240502,0.037848426486909205,506.8994159869312,146388.72863201532,1.419201199705147,2263.4755726513927,-7.890248685228027e-16,1.5885094163727436e-14
jet_a_reference,0.022,0.003,1.02,1.0,True,14,213.1940918964078,1957.7965208408068,0.04202551217320972,517.2988044068603,152780.487553468,1.48116766402464,2541.0246800159557,6.1285858454323664e-15,-2.8834912868741028e-15
jet_a_reference,0.022,0.003,1.02,1.1,True,14,212.91793403914616,1954.3681557093907,0.046178727727785515,470.1642510667199,152633.98404738147,1.4797473500869347,2525.3783831802975,2.437204234752976e-17,-4.728398874447774e-15
jet_a_reference,0.022,0.003,1.03,0.7,True,14,135.29223936424782,1361.4431724005874,0.029435550962834713,468.68390587966877,134526.63956839673,1.304201286887986,1726.537845698659,-6.988441806663731e-15,2.9774184864517558e-15
jet_a_reference,0.022,0.003,1.03,0.8,True,14,161.92774736370188,1575.5862031882907,0.033643178057588326,490.7989044171687,140412.34221094934,1.3612616653028826,1990.3172937096429,3.268097057381753e-15,1.6835147625958428e-15
jet_a_reference,0.022,0.003,1.03,0.9,True,14,188.1425838212846,1786.2302484241168,0.03784872766379966,506.89165770192926,146388.7286320172,1.4192011997051655,2263.4755726498356,-5.053217915551899e-15,1.2322536967362867e-14
jet_a_reference,0.022,0.003,1.03,1.0,True,14,213.19264320051323,1957.7965208408402,0.042025862562278596,517.290976329208,152780.4875534695,1.4811676640246545,2541.0246800159557,4.885682392236246e-15,-5.611138111045376e-15
jet_a_reference,0.022,0.003,1.03,1.1,True,14,212.9164504390536,1954.3681557094096,0.046179122666700274,470.15695401891094,152633.98404738217,1.4797473500869414,2525.3783831802975,1.931318127785421e-15,-8.109012861142576e-15
jet_a_reference,0.022,0.003,1.05,0.7,True,14,135.29223936424782,1361.4431724005874,0.029435550962834713,468.68390587966877,134526.63956839673,1.304201286887986,1726.537845698659,-6.988441806663731e-15,2.9774184864517558e-15
jet_a_reference,0.022,0.003,1.05,0.8,True,14,161.92696221664497,1575.5862031882907,0.03364333027948452,490.7943040087982,140412.34221094934,1.3612616653028826,1990.3172937071347,5.808597048247343e-15,4.229071876978345e-15
jet_a_reference,0.022,0.003,1.05,0.9,True,14,188.14093117596468,1786.2302484241657,0.03784908777556092,506.8823824302924,146388.7286320186,1.419201199705179,2263.47557264756,-3.578699220630058e-15,1.4145414071699904e-14
jet_a_reference,0.022,0.003,1.05,1.0,True,14,213.1900484300339,1957.7965208408832,0.04202649033576374,517.2769533996935,152780.48755347132,1.4811676640246723,2541.0246800159557,5.371796667346902e-15,-1.2537078129217343e-14
jet_a_reference,0.022,0.003,1.05,1.1,True,14,212.9140877556945,1954.368155709452,0.046179751800586824,470.14533164539046,152633.98404738394,1.4797473500869587,2525.3783831802975,2.0599943321249516e-15,-1.1963212088639483e-14
jet_a_reference,0.022,0.003,1.08,0.7,True,14,135.29223936424782,1361.4431724005874,0.029435550962834713,468.68390587966877,134526.63956839673,1.304201286887986,1726.537845698659,-6.988441806663731e-15,2.9774184864517558e-15
jet_a_reference,0.022,0.003,1.08,0.8,True,14,161.92696221664497,1575.5862031882907,0.03364333027948452,490.7943040087982,140412.34221094934,1.3612616653028826,1990.3172937071347,5.808597048247343e-15,4.229071876978345e-15
jet_a_reference,0.022,0.003,1.08,0.9,True,14,188.14093117596468,1786.2302484241657,0.03784908777556092,506.8823824302924,146388.7286320186,1.419201199705179,2263.47557264756,-3.578699220630058e-15,1.4145414071699904e-14
jet_a_reference,0.022,0.003,1.08,1.0,True,14,213.1900484300339,1957.7965208408832,0.04202649033576374,517.2769533996935,152780.48755347132,1.4811676640246723,2541.0246800159557,5.371796667346902e-15,-1.2537078129217343e-14
jet_a_reference,0.022,0.003,1.08,1.1,True,14,212.9132052516064,1954.3681557094746,0.046179986850098914,470.14098998535206,152633.98404738508,1.4797473500869696,2525.3783831802975,2.694401735178254e-15,-6.755989027634813e-15
jet_a_reference,0.022,0.004,1.01,0.7,True,14,102.20783255371263,871.6304326344925,0.02834104735819918,367.74570336477683,121762.41655248395,1.1804554166507764,1833.0127805358013,-3.500461875861567e-15,8.125815520269909e-15
jet_a_reference,0.022,0.004,1.01,0.8,True,14,124.64624327205999,1024.2910326273168,0.032416803407739905,392.09231568145003,125638.37444634548,1.2180318348926646,2146.239385057424,-1.3731481138422742e-15,1.661223850711731e-14
jet_a_reference,0.022,0.004,1.01,0.9,True,14,146.9345187004104,1177.2799893430063,0.036496769901031845,410.5336208415556,129615.00968232048,1.2565842941593355,2480.1554704316345,-2.0160516235739093e-15,-1.1616042223889146e-14
jet_a_reference,0.022,0.004,1.01,1.0,True,14,166.68739646422756,1348.3865860173942,0.04079615617162811,416.64180311149465,134173.88474250727,1.3007814192739804,2600.0000000000005,-5.623205435501246e-15,-2.112933034051198e-14
jet_a_reference,0.022,0.004,1.01,1.1,True,14,166.70763324481854,1343.7266215324933,0.04480501079841138,379.4095200908804,134048.15325004552,1.2995624846837976,2600.0000000000005,-9.4428756548651e-16,-3.370981478435133e-14
jet_a_reference,0.022,0.004,1.02,0.7,True,14,102.2062718490276,871.6304326344925,0.028341311685078446,367.73665817081815,121762.41655248395,1.1804554166507764,1833.0127805328398,-2.3412787213755785e-15,1.3255534765147296e-14
jet_a_reference,0.022,0.004,1.02,0.8,True,14,124.64458517628864,1024.2910326273168,0.03241712385263661,392.08322410697815,125638.37444634548,1.2180318348926646,2146.2393850558988,-3.228249745548056e-15,1.456029544220239e-14
jet_a_reference,0.022,0.004,1.02,0.9,True,14,146.93306233456218,1177.2799893430063,0.036497086170577175,410.5259942801625,129615.00968232048,1.2565842941593355,2480.1554704302534,-1.9012694644295395e-15,-1.421089494659154e-15
jet_a_reference,0.022,0.004,1.02,1.0,True,14,166.68589176122424,1348.3865860173942,0.04079651924934997,416.6343340830791,134173.88474250727,1.3007814192739804,2600.0000000000005,-5.2693650953408e-15,-1.699264073188229e-14
jet_a_reference,0.022,0.004,1.02,1.1,True,14,166.70577996912087,1343.7266215324933,0.04480550290454496,379.40113515476264,134048.15325004552,1.2995624846837976,2600.0000000000005,-1.2164808991807374e-15,-3.221695379268818e-14
jet_a_reference,0.022,0.004,1.03,0.7,True,14,102.20497607107116,871.6304326344925,0.028341531189637646,367.72914790432304,121762.41655248395,1.1804554166507764,1833.0127805293687,-2.5857261906388316e-15,7.999412730726852e-15
jet_a_reference,0.022,0.004,1.03,0.8,True,14,124.6432086140815,1024.2910326273168,0.03241738994806538,392.07567563271465,125638.37444634548,1.2180318348926646,2146.239385054426,-1.2873270501777017e-15,1.3535203674376314e-14
jet_a_reference,0.022,0.004,1.03,0.9,True,14,146.93161099009137,1177.2799893430063,0.036497401417509505,410.5183933826105,129615.00968232048,1.2565842941593355,2480.1554704284986,-2.0761466272499365e-15,-6.074365341666476e-15
jet_a_reference,0.022,0.004,1.03,1.0,True,14,166.68439232415756,1348.3865860173942,0.040796881136887994,416.6268905042153,134173.88474250727,1.3007814192739804,2600.0000000000005,-5.609587565330742e-15,-2.2655960473625713e-14
jet_a_reference,0.022,0.004,1.03,1.1,True,14,166.70424162114966,1343.7266215324933,0.044805911489584495,379.39417434414224,134048.15325004552,1.2995624846837976,2600.0000000000005,-1.4010198035072407e-15,-3.1777976737474225e-14
jet_a_reference,0.022,0.004,1.05,0.7,True,14,102.20497607107116,871.6304326344925,0.028341531189637646,367.72914790432304,121762.41655248395,1.1804554166507764,1833.0127805293687,-2.5857261906388316e-15,7.999412730726852e-15
jet_a_reference,0.022,0.004,1.05,0.8,True,14,124.64238493286241,1024.2910326273168,0.032417549195223626,392.07115866427813,125638.37444634548,1.2180318348926646,2146.2393850530557,-7.868980382621981e-16,1.5675376701079324e-14
jet_a_reference,0.022,0.004,1.05,0.9,True,14,146.92987598898813,1177.2799893430063,0.036497778366526,410.50930610675607,129615.00968232048,1.2565842941593355,2480.15547042625,-2.2594255283157423e-15,-2.6032762049284036e-15
jet_a_reference,0.022,0.004,1.05,1.0,True,14,166.68170657179232,1348.3865860173942,0.04079752954133698,416.6135560386588,134173.88474250727,1.3007814192739804,2600.0000000000005,-5.8906629269856525e-15,-2.2711456974399515e-14
jet_a_reference,0.022,0.004,1.05,1.1,True,14,166.70179166907616,1343.7266215324933,0.04480656238901206,379.3830872843579,134048.15325004552,1.2995624846837976,2600.0000000000005,-7.384846821955166e-16,-2.9466141163233756e-14
jet_a_reference,0.022,0.004,1.08,0.7,True,14,102.20497607107116,871.6304326344925,0.028341531189637646,367.72914790432304,121762.41655248395,1.1804554166507764,1833.0127805293687,-2.5857261906388316e-15,7.999412730726852e-15
jet_a_reference,0.022,0.004,1.08,0.8,True,14,124.64238493286241,1024.2910326273168,0.032417549195223626,392.07115866427813,125638.37444634548,1.2180318348926646,2146.2393850530557,-7.868980382621981e-16,1.5675376701079324e-14
jet_a_reference,0.022,0.004,1.08,0.9,True,14,146.92987598898813,1177.2799893430063,0.036497778366526,410.50930610675607,129615.00968232048,1.2565842941593355,2480.15547042625,-2.2594255283157423e-15,-2.6032762049284036e-15
jet_a_reference,0.022,0.004,1.08,1.0,True,14,166.68170657179232,1348.3865860173942,0.04079752954133698,416.6135560386588,134173.88474250727,1.3007814192739804,2600.0000000000005,-5.8906629269856525e-15,-2.2711456974399515e-14
jet_a_reference,0.022,0.004,1.08,1.1,True,14,166.70087654660904,1343.7266215324933,0.04480680557801635,379.3789455403861,134048.15325004552,1.2995624846837976,2600.0000000000005,-1.4205690227961754e-15,-3.107807800574528e-14
jet_a_reference,0.022,0.005,1.01,0.7,True,14,74.27088318578768,581.9571520384237,0.02700772349638486,280.4206128179411,114655.67706877884,1.1115573990539458,1899.1345924472585,-3.3526800234007288e-15,-3.3414469619918476e-14
jet_a_reference,0.022,0.005,1.01,0.8,True,14,92.44245265399792,692.1623703962713,0.030906116477716267,305.00457023350896,117321.58879049527,1.137402729832647,2250.203807449969,-1.3344408231495523e-15,1.2900616854788665e-14
jet_a_reference,0.022,0.005,1.01,0.9,True,14,110.56410684704501,807.005143579659,0.03485616027139861,323.4550548525806,120148.99858777355,1.1648137430565015,2600.0000000000005,8.140521364572189e-16,-3.468805525053244e-14
jet_a_reference,0.022,0.005,1.01,1.0,True,14,126.86674789279917,949.4253324383702,0.03925046178034641,329.596325358007,123726.16947893737,1.19949349789645,2600.0000000000005,1.4874985623923907e-14,-2.4172002550822426e-14
jet_a_reference,0.022,0.005,1.01,1.1,True,14,126.96043552106443,946.2922957399576,0.04311334598812886,300.2866317618115,123646.62610486627,1.1987223452744877,2600.0000000000005,-1.4534281364497288e-14,1.2692622525146322e-15
jet_a_reference,0.022,0.005,1.02,0.7,True,14,74.26925908018264,581.9571520384237,0.027007997919501724,280.4116315309524,114655.67706877884,1.1115573990539458,1899.1345924496984,-5.67375648140088e-15,-3.606583359771721e-14
jet_a_reference,0.022,0.005,1.02,0.8,True,14,92.44072560435706,692.1623703962713,0.030906449413722486,304.99558644337134,117321.58879049527,1.137402729832647,2250.20380744728,-2.8860953862037664e-15,2.164785686020313e-14
jet_a_reference,0.022,0.005,1.02,0.9,True,14,110.5625929381515,807.005143579659,0.03485648822062114,323.44758271205734,120148.99858777355,1.1648137430565015,2600.0000000000005,9.670417442641384e-16,-2.8109283237820743e-14
jet_a_reference,0.022,0.005,1.02,1.0,True,14,126.86519931612992,949.4253324383702,0.039250834748465524,329.5891703561579,123726.16947893737,1.19949349789645,2600.0000000000005,1.451765139308677e-14,-2.4174595999907282e-14
jet_a_reference,0.022,0.005,1.02,1.1,True,14,126.9585276965197,946.2922957399576,0.043113851617168956,300.2785977404853,123646.62610486627,1.1987223452744877,2600.0000000000005,-1.490993419397952e-14,-1.6213853920375602e-15
jet_a_reference,0.022,0.005,1.03,0.7,True,14,74.2679106108122,581.9571520384237,0.027008225818852535,280.404174127489,114655.67706877884,1.1115573990539458,1899.134592449903,-4.23070809800622e-15,-2.768467448585133e-14
jet_a_reference,0.022,0.005,1.03,0.8,True,14,92.4392917088773,692.1623703962713,0.030906725900709423,304.9881270975219,117321.58879049527,1.137402729832647,2250.2038074444004,-1.9242525627660974e-15,1.3391298741356454e-14
jet_a_reference,0.022,0.005,1.03,0.9,True,14,110.56108411540524,807.005143579659,0.034856815140687315,323.4401351410218,120148.99858777355,1.1648137430565015,2600.0000000000005,1.1133712935195926e-15,-3.31068684677901e-14
jet_a_reference,0.022,0.005,1.03,1.0,True,14,126.86365605850315,949.4253324383702,0.03925120652013835,329.58203935499114,123726.16947893737,1.19949349789645,2600.0000000000005,1.502839470335811e-14,-2.561992060080111e-14
jet_a_reference,0.022,0.005,1.03,1.1,True,14,126.95694395724479,946.2922957399576,0.04311427146219066,300.27192786236355,123646.62610486627,1.1987223452744877,2600.0000000000005,-1.5733419093769576e-14,2.5346929267316633e-15
jet_a_reference,0.022,0.005,1.05,0.7,True,14,74.2679106108122,581.9571520384237,0.027008225818852535,280.404174127489,114655.67706877884,1.1115573990539458,1899.134592449903,-4.23070809800622e-15,-2.768467448585133e-14
jet_a_reference,0.022,0.005,1.05,0.8,True,14,92.43843369225435,692.1623703962713,0.030906891373419954,304.9836633500506,117321.58879049527,1.137402729832647,2250.2038074426987,-1.4378028210942985e-15,1.0292921549261814e-14
jet_a_reference,0.022,0.005,1.05,0.9,True,14,110.55928024315624,807.005143579659,0.034857206085057595,323.43123050084375,120148.99858777355,1.1648137430565015,2600.0000000000005,8.839661356213802e-18,-2.2523680709801964e-14
jet_a_reference,0.022,0.005,1.05,1.0,True,14,126.86089159212735,949.4253324383702,0.03925187269317038,329.56926402096457,123726.16947893737,1.19949349789645,2600.0000000000005,1.4233458493476958e-14,-3.097271129015913e-14
jet_a_reference,0.022,0.005,1.05,1.1,True,14,126.9544215291388,946.2922957399576,0.04311494035365781,300.26130357736656,123646.62610486627,1.1987223452744877,2600.0000000000005,-1.478549422369428e-14,-3.3663469398112198e-15
jet_a_reference,0.022,0.005,1.08,0.7,True,14,74.2679106108122,581.9571520384237,0.027008225818852535,280.404174127489,114655.67706877884,1.1115573990539458,1899.134592449903,-4.23070809800622e-15,-2.768467448585133e-14
jet_a_reference,0.022,0.005,1.08,0.8,True,14,92.43843369225435,692.1623703962713,0.030906891373419954,304.9836633500506,117321.58879049527,1.137402729832647,2250.2038074426987,-1.4378028210942985e-15,1.0292921549261814e-14
jet_a_reference,0.022,0.005,1.08,0.9,True,14,110.55928024315624,807.005143579659,0.034857206085057595,323.43123050084375,120148.99858777355,1.1648137430565015,2600.0000000000005,8.839661356213802e-18,-2.2523680709801964e-14
jet_a_reference,0.022,0.005,1.08,1.0,True,14,126.86089159212735,949.4253324383702,0.03925187269317038,329.56926402096457,123726.16947893737,1.19949349789645,2600.0000000000005,1.4233458493476958e-14,-3.097271129015913e-14
jet_a_reference,0.022,0.005,1.08,1.1,True,14,126.95347928184628,946.2922957399576,0.04311519028045595,300.25733453932736,123646.62610486627,1.1987223452744877,2600.0000000000005,-1.4589338633080475e-14,-4.760261934662408e-15
jet_a_reference,0.022,0.006,1.01,0.7,True,14,52.29652623378498,399.2488565361632,0.025613007183456316,208.2052111298392,110336.55049001555,1.0696845740110574,1921.361125250555,1.95927047745969e-15,1.1244847213622594e-14
jet_a_reference,0.022,0.006,1.01,0.8,True,14,66.67390498307144,479.1102504246489,0.029315300444045844,231.92142281999634,112209.09741222388,1.0878384364247586,2291.254719341065,3.972083827630484e-15,-2.4021489143382145e-14
jet_a_reference,0.022,0.006,1.01,0.9,True,14,81.45455774816052,569.1497569936455,0.033196670877712,250.20741827612736,114348.84180333432,1.1085827098077174,2600.0,-9.757957041492037e-15,-1.366496126293579e-14
jet_a_reference,0.022,0.006,1.01,1.0,True,14,95.49248788250463,677.7869984662439,0.03746210024131792,259.9300025469225,116971.22570678766,1.13400604954601,2600.0,5.222698592462525e-15,2.700010520362308e-14
jet_a_reference,0.022,0.006,1.01,1.1,True,14,95.50800707728654,675.3748265956991,0.041153731984722,236.65183833649758,116912.51232818748,1.133436838390706,2600.0,-3.4242836433935185e-15,-5.725081935854591e-14
jet_a_reference,0.022,0.006,1.02,0.7,True,14,52.397261914252844,399.2488565361632,0.025598709058148466,208.72278116933728,110336.55049001555,1.0696845740110574,1921.3611252430735,4.1260580015514323e-16,1.1312894249994567e-14
jet_a_reference,0.022,0.006,1.02,0.8,True,14,66.78489411606672,479.1102504246489,0.029298932890160136,232.4372685089804,112209.09741222388,1.0878384364247586,2291.254719339047,5.296919163555215e-16,-2.208978435972032e-14
jet_a_reference,0.022,0.006,1.02,0.9,True,14,81.55601712936753,569.1497569936454,0.03318131666971253,250.63499969135555,114348.84180333433,1.1085827098077174,2600.0,-9.378697131724827e-15,-1.4636007684595917e-14
jet_a_reference,0.022,0.006,1.02,1.0,True,14,95.5345687697827,677.7869984662439,0.03744789079918304,260.1432192718516,116971.22570678766,1.13400604954601,2600.0,5.5778635488408135e-15,2.8936847610954035e-14
jet_a_reference,0.022,0.006,1.02,1.1,True,14,95.58562793323662,675.3748265956991,0.041131243925352334,236.97366096705616,116912.51232818748,1.133436838390706,2600.0,-3.296640690396698e-15,-6.669836730433725e-14
jet_a_reference,0.022,0.006,1.03,0.7,True,14,52.479700237615106,399.2488565361632,0.02558679681013824,209.1484978819771,110336.55049001555,1.0696845740110574,1921.3611252358712,-5.567758182697113e-16,4.156596447867491e-15
jet_a_reference,0.022,0.006,1.03,0.8,True,14,66.87545482046663,479.1102504246489,0.02928529672524693,232.86083173578555,112209.09741222388,1.0878384364247586,2291.254719336883,1.0100512892647038e-15,-3.154176113450293e-14
jet_a_reference,0.022,0.006,1.03,0.9,True,14,81.65526691978597,569.1497569936454,0.033165966161884664,251.05615541764905,114348.84180333433,1.1085827098077174,2600.0,-9.057376484031961e-15,-1.0537183301236569e-14
jet_a_reference,0.022,0.006,1.03,1.0,True,14,95.56201632412713,677.7869984662439,0.037439627883063584,260.27538974193493,116971.22570678766,1.13400604954601,2600.0,4.832317851135371e-15,2.928704113221238e-14
jet_a_reference,0.022,0.006,1.03,1.1,True,14,95.61891540329712,675.3748265956991,0.04111910376851899,237.1261758354684,116912.51232818748,1.133436838390706,2600.0,-2.8715874693085384e-15,-5.649880987246362e-14
jet_a_reference,0.022,0.006,1.05,0.7,True,14,52.479700237615106,399.2488565361632,0.02558679681013824,209.1484978819771,110336.55049001555,1.0696845740110574,1921.3611252358712,-5.567758182697113e-16,4.156596447867491e-15
jet_a_reference,0.022,0.006,1.05,0.8,True,14,66.92896634668989,479.1102504246489,0.029277116533003227,233.1122739653656,112209.09741222388,1.0878384364247586,2291.254719335305,1.9449873706304038e-15,-2.0333520556342236e-14
jet_a_reference,0.022,0.006,1.05,0.9,True,14,81.77152756994757,569.1497569936454,0.033147550419564985,251.55328634429296,114348.84180333433,1.1085827098077174,2600.0,-8.309406636582791e-15,-1.5917226698777235e-14
jet_a_reference,0.022,0.006,1.05,1.0,True,14,95.60948026923488,677.7869984662439,0.03742550316358871,260.50294292311514,116971.22570678766,1.13400604954601,2600.0,4.097384558511998e-15,1.7746276321834444e-14
jet_a_reference,0.022,0.006,1.05,1.1,True,14,95.66163104107774,675.3748265956991,0.04110505870841901,237.3131658184938,116912.51232818748,1.133436838390706,2600.0,-2.800174809795453e-15,-6.516311656118278e-14
jet_a_reference,0.022,0.006,1.08,0.7,True,14,52.479700237615106,399.2488565361632,0.02558679681013824,209.1484978819771,110336.55049001555,1.0696845740110574,1921.3611252358712,-5.567758182697113e-16,4.156596447867491e-15
jet_a_reference,0.022,0.006,1.08,0.8,True,14,66.92896634668989,479.1102504246489,0.029277116533003227,233.1122739653656,112209.09741222388,1.0878384364247586,2291.254719335305,1.9449873706304038e-15,-2.0333520556342236e-14
jet_a_reference,0.022,0.006,1.08,0.9,True,14,81.77152756994757,569.1497569936454,0.033147550419564985,251.55328634429296,114348.84180333433,1.1085827098077174,2600.0,-8.309406636582791e-15,-1.5917226698777235e-14
jet_a_reference,0.022,0.006,1.08,1.0,True,14,95.60948026923488,677.7869984662439,0.03742550316358871,260.50294292311514,116971.22570678766,1.13400604954601,2600.0,4.097384558511998e-15,1.7746276321834444e-14
jet_a_reference,0.022,0.006,1.08,1.1,True,14,95.67744627384953,675.3748265956991,0.04109987594919198,237.382330064398,116912.51232818748,1.133436838390706,2600.0,-3.622410632104752e-15,-6.066176330548324e-14
jet_a_reference,0.026,0.002,1.01,0.7,True,12,172.6020827343769,2718.497100814898,0.03076645275251674,572.0683615162766,180421.80050393924,1.7491431076760775,1631.9207483061537,4.3737942074096164e-16,2.1422654269585768e-15
jet_a_reference,0.026,0.002,1.01,0.8,True,12,201.69033611943644,3087.825440355,0.03512340597619704,585.555130619555,193651.48184345773,1.8774014770479337,1849.7590340257395,7.336024692806866e-15,-4.614693311686695e-16
jet_a_reference,0.026,0.002,1.01,0.9,True,12,230.09296752564373,3447.934999268721,0.0394757223111899,594.3641198722135,206550.93796880008,2.0024583976162433,2068.7766278147114,-6.202083958785345e-15,-7.375292119106422e-15
jet_a_reference,0.026,0.002,1.01,1.0,True,12,257.36389749017275,3798.270688054378,0.04382949341985117,598.7706414764441,219100.28506267964,2.1241211008693073,2288.706609420302,-4.387571551810357e-15,1.9700146378990317e-15
jet_a_reference,0.026,0.002,1.01,1.1,True,12,256.0236156618373,3787.1888018506856,0.04816730388934232,542.0096428801178,218703.3216904721,2.1202726427308933,2276.4484125791387,-1.877205467318464e-15,2.08684557959227e-15
jet_a_reference,0.026,0.002,1.02,0.7,True,12,173.67389028772345,2718.4971008169196,0.030752303187904617,575.8855868948285,180421.80050401168,1.7491431076767798,1631.9207483061537,3.6260851685177397e-16,7.663759005155475e-15
jet_a_reference,0.026,0.002,1.02,0.8,True,12,202.89431947351233,3087.8254403591195,0.035107219160647005,589.3221737145728,193651.48184360532,1.8774014770493646,1849.7590340257395,1.245440260120154e-14,-3.2245837305258564e-15
jet_a_reference,0.026,0.002,1.02,0.9,True,12,231.20322882918694,3447.934999270182,0.03946053740476,597.4619111536193,206550.93796885238,2.0024583976167505,2068.7766278147114,-4.476110613705602e-15,-1.2832541952605408e-14
jet_a_reference,0.026,0.002,1.02,1.0,True,12,258.5736817137574,3798.270688054432,0.04381261405605187,601.8170364260467,219100.28506268165,2.124121100869327,2288.706609420302,-6.728802363898192e-15,-2.156385968940454e-16
jet_a_reference,0.026,0.002,1.02,1.1,True,12,257.4549281797137,3787.1888018507125,0.04814504501122988,545.2917622461181,218703.3216904731,2.120272642730903,2276.4484125791387,-1.978617535405096e-15,-2.8386476850656834e-15
jet_a_reference,0.026,0.002,1.03,0.7,True,12,174.5798888827365,2718.497100818966,0.030740514314639665,579.1117914667797,180421.800504085,1.7491431076774906,1631.9207483061537,1.337036992013495e-15,1.3419620482624964e-15
jet_a_reference,0.026,0.002,1.03,0.8,True,12,203.91431320677836,3087.825440363286,0.03509373308201753,592.5124316334405,193651.4818437546,1.8774014770508116,1849.7590340257395,7.735250876788775e-15,-1.75063253392039e-15
jet_a_reference,0.026,0.002,1.03,0.9,True,12,232.3322028032685,3447.934999271914,0.039445355647642,600.610414345526,206550.93796891446,2.0024583976173522,2068.7766278147114,-3.4366893216761006e-15,-5.916307552757299e-15
jet_a_reference,0.026,0.002,1.03,1.0,True,12,259.8063362809013,3798.270688054473,0.04379573834823298,604.9189791789864,219100.28506268305,2.12412110086934,2288.706609420302,-3.4727231297165003e-15,-1.6240350812014667e-15
jet_a_reference,0.026,0.002,1.03,1.1,True,12,258.67508872139206,3787.1888018507434,0.048126500467907694,548.0871854345639,218703.32169047417,2.1202726427309133,2276.4484125791387,-4.160276662967896e-15,3.658976217819575e-15
jet_a_reference,0.026,0.002,1.05,0.7,True,12,174.5798888827365,2718.497100818966,0.030740514314639665,579.1117914667797,180421.800504085,1.7491431076774906,1631.9207483061537,1.337036992013495e-15,1.3419620482624964e-15
jet_a_reference,0.026,0.002,1.05,0.8,True,12,204.53221543625853,3087.825440366125,0.035085642711520586,594.4449069139149,193651.48184385625,1.8774014770517973,1849.7590340257395,1.0315619077102655e-14,5.713973201299617e-15
jet_a_reference,0.026,0.002,1.05,0.9,True,12,233.70653279707344,3447.9349992743496,0.03942714168199731,604.4423470871326,206550.9379690017,2.002458397618198,2068.7766278147114,-2.268686746802809e-15,-6.729841923482748e-15
jet_a_reference,0.026,0.002,1.05,1.0,True,12,262.06909552370917,3798.2706880545807,0.043765371249193906,610.6108505383917,219100.28506268692,2.124121100869378,2288.706609420302,-2.9061272982249863e-15,-2.1889980760754452e-15
jet_a_reference,0.026,0.002,1.05,1.1,True,12,260.6677345324683,3787.1888018507716,0.048096837713053515,552.6498783325296,218703.32169047516,2.120272642730923,2276.4484125791387,-3.456531870283064e-15,4.800676380793041e-15
jet_a_reference,0.026,0.002,1.08,0.7,True,12,174.5798888827365,2718.497100818966,0.030740514314639665,579.1117914667797,180421.800504085,1.7491431076774906,1631.9207483061537,1.337036992013495e-15,1.3419620482624964e-15
jet_a_reference,0.026,0.002,1.08,0.8,True,12,204.53221543625853,3087.825440366125,0.035085642711520586,594.4449069139149,193651.48184385625,1.8774014770517973,1849.7590340257395,1.0315619077102655e-14,5.713973201299617e-15
jet_a_reference,0.026,0.002,1.08,0.9,True,12,233.70653279707344,3447.9349992743496,0.03942714168199731,604.4423470871326,206550.9379690017,2.002458397618198,2068.7766278147114,-2.268686746802809e-15,-6.729841923482748e-15
jet_a_reference,0.026,0.002,1.08,1.0,True,12,262.06909552370917,3798.2706880545807,0.043765371249193906,610.6108505383917,219100.28506268692,2.124121100869378,2288.706609420302,-2.9061272982249863e-15,-2.1889980760754452e-15
jet_a_reference,0.026,0.002,1.08,1.1,True,12,261.4248661376224,3787.188801850796,0.048085716872164314,554.3832801428704,218703.3216904761,2.120272642730932,2276.4484125791387,-3.465460978544905e-15,4.543780266343081e-15
jet_a_reference,0.026,0.003,1.01,0.7,True,12,142.27908277355772,1726.4457809284136,0.030261401168581403,479.4367804173516,144673.46154915355,1.4025721250177685,1767.4636980455027,-6.536674357918927e-15,-3.2758859924472876e-16
jet_a_reference,0.026,0.003,1.01,0.8,True,12,168.20050366539016,1952.024711777796,0.0345801326651569,495.99804107019196,152533.7868605968,1.4787759640449851,2033.6376323095963,-4.496025599841225e-15,1.3020669126178505e-15
jet_a_reference,0.026,0.003,1.01,0.9,True,12,193.13139344993309,2180.1178059923573,0.03886114078729519,506.7767161387631,161136.5582201597,1.562177627194689,2302.6102822049897,1.52864146215643e-15,8.917441333619683e-15
jet_a_reference,0.026,0.003,1.01,1.0,True,12,218.41719607972695,2422.2103895930413,0.043147968294754334,516.1855003558861,169808.53757513152,1.6462502441195321,2574.3287541418786,-6.999731282059483e-15,-7.070325856942109e-15
jet_a_reference,0.026,0.003,1.01,1.1,True,12,217.46063680316524,2415.2208735943086,0.04742056116086193,467.6202297152694,169558.16667346755,1.6438229624064302,2558.6170377388376,7.999927918589002e-15,-3.679107619082724e-15
jet_a_reference,0.026,0.003,1.02,0.7,True,12,142.97477974303803,1726.4457809286282,0.03024720515075935,482.00718123956665,144673.46154915963,1.4025721250178274,1767.4636980419673,-5.3574775718596134e-15,-2.418587271675881e-15
jet_a_reference,0.026,0.003,1.02,0.8,True,12,168.98324339746165,1952.0247117789938,0.03456389110376121,498.5403769983408,152533.78686064816,1.478775964045483,2033.6376323095963,-5.486948478637974e-15,-8.48521676637485e-15
jet_a_reference,0.026,0.003,1.02,0.9,True,12,193.84597626208773,2180.1178059928575,0.03884590366944714,508.85129741608796,161136.5582201776,1.5621776271948624,2302.6102822049897,4.3512376476314054e-16,7.742924425580475e-15
jet_a_reference,0.026,0.003,1.02,1.0,True,12,219.198875739542,2422.210389593065,0.04313103028699977,518.2362813287981,169808.53757513236,1.6462502441195404,2574.3287541418786,-7.902273931348918e-15,-1.9156204800240682e-15
jet_a_reference,0.026,0.003,1.02,1.1,True,12,218.38728302422479,2415.220873594336,0.04739822331926049,469.83417861046524,169558.16667346854,1.6438229624064398,2558.6170377388376,8.794548734857573e-15,-3.400904676540332e-15
jet_a_reference,0.026,0.003,1.03,0.7,True,12,143.55993556417533,1726.4457809288526,0.03023537769819042,484.1692248402695,144673.46154916607,1.4025721250178897,1767.4636980381213,-6.131510589096436e-15,6.99732087397938e-16
jet_a_reference,0.026,0.003,1.03,0.8,True,12,169.6411125930489,1952.02471178032,0.034550359562076804,500.6772580410971,152533.78686070477,1.4787759640460318,2033.6376323095963,-5.529475377538762e-15,1.6153843424411942e-15
jet_a_reference,0.026,0.003,1.03,0.9,True,12,194.56963570819087,2180.117805993467,0.03883066986905094,510.9512989447192,161136.55822019943,1.562177627195074,2302.6102822049897,7.687381045565793e-16,1.2172496652245763e-15
jet_a_reference,0.026,0.003,1.03,1.0,True,12,219.99285816209033,2422.2103895931227,0.04311409612760754,520.3177251896285,169808.53757513443,1.6462502441195606,2574.3287541418786,-6.587478204983126e-15,-7.165887048366162e-15
jet_a_reference,0.026,0.003,1.03,1.1,True,12,219.17420787275964,2415.220873594376,0.04737961321383283,471.712363344487,169558.16667347,1.6438229624064538,2558.6170377388376,1.013961923308323e-14,-8.266160016193051e-15
jet_a_reference,0.026,0.003,1.05,0.7,True,12,143.55993556417533,1726.4457809288526,0.03023537769819042,484.1692248402695,144673.46154916607,1.4025721250178897,1767.4636980381213,-6.131510589096436e-15,6.99732087397938e-16
jet_a_reference,0.026,0.003,1.05,0.8,True,12,170.0376895186738,1952.0247117812257,0.034542241982657255,501.96564805073575,152533.78686074342,1.4787759640464064,2033.6376323095963,-4.85897843188878e-15,6.426239427427363e-16
jet_a_reference,0.026,0.003,1.05,0.9,True,12,195.447278216753,2180.117805994348,0.038812393672498696,513.4977246230744,161136.558220231,1.5621776271953802,2302.6102822049897,1.0918904092417652e-15,1.3613071223835935e-14
jet_a_reference,0.026,0.003,1.05,1.0,True,12,221.4456245891598,2422.2103895932446,0.04308362429811547,524.1241825991582,169808.5375751388,1.6462502441196027,2574.3287541418786,-8.389632354350275e-15,-1.4169399569972149e-14
jet_a_reference,0.026,0.003,1.05,1.1,True,12,220.45494083960588,2415.220873594429,0.04734984601262502,474.7670717773754,169558.1666734719,1.6438229624064722,2558.6170377388376,8.363174039656263e-15,-7.054680573447472e-15
jet_a_reference,0.026,0.003,1.08,0.7,True,12,143.55993556417533,1726.4457809288526,0.03023537769819042,484.1692248402695,144673.46154916607,1.4025721250178897,1767.4636980381213,-6.131510589096436e-15,6.99732087397938e-16
jet_a_reference,0.026,0.003,1.08,0.8,True,12,170.0376895186738,1952.0247117812257,0.034542241982657255,501.96564805073575,152533.78686074342,1.4787759640464064,2033.6376323095963,-4.85897843188878e-15,6.426239427427363e-16
jet_a_reference,0.026,0.003,1.08,0.9,True,12,195.447278216753,2180.117805994348,0.038812393672498696,513.4977246230744,161136.558220231,1.5621776271953802,2302.6102822049897,1.0918904092417652e-15,1.3613071223835935e-14
jet_a_reference,0.026,0.003,1.08,1.0,True,12,221.4456245891598,2422.2103895932446,0.04308362429811547,524.1241825991582,169808.5375751388,1.6462502441196027,2574.3287541418786,-8.389632354350275e-15,-1.4169399569972149e-14
jet_a_reference,0.026,0.003,1.08,1.1,True,12,220.94049615600608,2415.2208735944378,0.04733868614748123,475.92492392325187,169558.16667347218,1.643822962406475,2558.6170377388376,7.859332650652045e-15,-2.364498051330838e-15
jet_a_reference,0.026,0.004,1.01,0.7,True,12,111.57952506904661,1150.2814314162538,0.029477473269305794,385.98780061573297,128906.45580530663,1.2497150459480093,1904.7197773174619,1.9248462723544118e-15,1.9817036035299962e-14
jet_a_reference,0.026,0.004,1.01,0.8,True,12,134.7260627101881,1342.9963597791084,0.033725091343564384,407.35946140728834,134028.45793431133,1.29937154364633,2231.8148621000123,-9.10067770377083e-16,1.2967980373022666e-16
jet_a_reference,0.026,0.004,1.01,0.9,True,12,157.53833694144083,1533.7550685461856,0.037968384901914516,423.10042094170456,139247.69195240972,1.3499706795855926,2578.7432392546752,-8.266157965873564e-16,2.0465574017900953e-15
jet_a_reference,0.026,0.004,1.01,1.0,True,12,175.32797711444397,1744.9943496682042,0.04240966611702808,421.56611268495004,145204.0098861815,1.4077156551477716,2600.0000000000005,-6.966696153719299e-15,6.6117654530514416e-15
jet_a_reference,0.026,0.004,1.01,1.1,True,12,174.93514377267667,1738.6268633150253,0.04659912091657126,382.8059388587897,145021.71481838013,1.4059483511938289,2600.0000000000005,6.321200220590139e-15,-1.8388601228700007e-14
jet_a_reference,0.026,0.004,1.02,0.7,True,12,112.05252586055116,1150.2814314162538,0.029463234104996364,387.81138865456774,128906.45580530663,1.2497150459480093,1904.7197773127025,1.4971520041481043e-15,9.470941180706402e-15
jet_a_reference,0.026,0.004,1.02,0.8,True,12,135.27245331303453,1342.9963597791084,0.033708797726275844,409.20923651061577,134028.45793431133,1.29937154364633,2231.8148620972675,-1.78593259528304e-15,-1.2185216660433733e-15
jet_a_reference,0.026,0.004,1.02,0.9,True,12,158.0534682008676,1533.7550685461856,0.037953096662026224,424.6548983263166,139247.69195240972,1.3499706795855926,2578.7432392514484,1.2156204273657514e-15,-7.222769635546842e-15
jet_a_reference,0.026,0.004,1.02,1.0,True,12,175.90629518449063,1744.9943496682042,0.04239269246253955,423.1259935259155,145204.0098861815,1.4077156551477716,2600.0000000000005,-8.169913280323193e-15,7.295070063659764e-15
jet_a_reference,0.026,0.004,1.02,1.1,True,12,175.62116959978277,1738.6268633150253,0.04657673332418392,384.49187223282524,145021.71481838013,1.4059483511938289,2600.0000000000005,5.366636066047415e-15,-1.672575656083637e-14
jet_a_reference,0.026,0.004,1.03,0.7,True,12,112.44932248619519,1150.2814314162538,0.02945137082059262,389.34146045718575,128906.45580530663,1.2497150459480093,1904.7197773079126,6.936563619366728e-16,-7.2421020306018645e-16
jet_a_reference,0.026,0.004,1.03,0.8,True,12,135.73181082064823,1342.9963597791084,0.03369522295689175,410.76424479440686,134028.45793431133,1.29937154364633,2231.814862094509,-2.761322222028198e-15,-9.886278374311846e-15
jet_a_reference,0.026,0.004,1.03,0.9,True,12,158.57372024842616,1533.7550685461856,0.037937811905852714,426.2243533992556,139247.69195240972,1.3499706795855926,2578.7432392475,-9.522541482973549e-16,4.543374512257073e-15
jet_a_reference,0.026,0.004,1.03,1.0,True,12,176.49190310013915,1744.9943496682042,0.042375722774286986,424.7046263001931,145204.0098861815,1.4077156551477716,2600.0000000000005,-8.013153471311737e-15,3.1643915465162232e-15
jet_a_reference,0.026,0.004,1.03,1.1,True,12,176.20190955369765,1738.6268633150253,0.046558081912767044,385.91783971303533,145021.71481838013,1.4059483511938289,2600.0000000000005,6.213796038218392e-15,-1.773332862808912e-14
jet_a_reference,0.026,0.004,1.05,0.7,True,12,112.44932248619519,1150.2814314162538,0.02945137082059262,389.34146045718575,128906.45580530663,1.2497150459480093,1904.7197773079126,6.936563619366728e-16,-7.2421020306018645e-16
jet_a_reference,0.026,0.004,1.05,0.8,True,12,136.00857598373437,1342.9963597791084,0.03368707950703629,411.70131713461814,134028.45793431133,1.29937154364633,2231.8148620919874,-4.729106190815073e-15,4.141468467002301e-17
jet_a_reference,0.026,0.004,1.05,0.9,True,12,159.20248966857082,1533.7550685461856,0.03791947478093352,428.12133026462817,139247.69195240972,1.3499706795855926,2578.7432392423884,-2.6092347336246967e-15,-4.151053620112319e-15
jet_a_reference,0.026,0.004,1.05,1.0,True,12,177.55822233559192,1744.9943496682042,0.04234518728841373,427.578692307929,145204.0098861815,1.4077156551477716,2600.0000000000005,-8.4330370853157e-15,4.3532315606453786e-15
jet_a_reference,0.026,0.004,1.05,1.1,True,12,177.14298590403422,1738.6268633150253,0.0465282489098186,388.22775190137406,145021.71481838013,1.4059483511938289,2600.0000000000005,5.67872899001922e-15,-1.8476904527087558e-14
jet_a_reference,0.026,0.004,1.08,0.7,True,12,112.44932248619519,1150.2814314162538,0.02945137082059262,389.34146045718575,128906.45580530663,1.2497150459480093,1904.7197773079126,6.936563619366728e-16,-7.2421020306018645e-16
jet_a_reference,0.026,0.004,1.08,0.8,True,12,136.00857598373437,1342.9963597791084,0.03368707950703629,411.70131713461814,134028.45793431133,1.29937154364633,2231.8148620919874,-4.729106190815073e-15,4.141468467002301e-17
jet_a_reference,0.026,0.004,1.08,0.9,True,12,159.20248966857082,1533.7550685461856,0.03791947478093352,428.12133026462817,139247.69195240972,1.3499706795855926,2578.7432392423884,-2.6092347336246967e-15,-4.151053620112319e-15
jet_a_reference,0.026,0.004,1.08,1.0,True,12,177.55822233559192,1744.9943496682042,0.04234518728841373,427.578692307929,145204.0098861815,1.4077156551477716,2600.0000000000005,-8.4330370853157e-15,4.3532315606453786e-15
jet_a_reference,0.026,0.004,1.08,1.1,True,12,177.49836733570461,1738.6268633150253,0.0465170644599664,389.1001400251744,145021.71481838013,1.4059483511938289,2600.0000000000005,6.4364593687658056e-15,-1.8974142314003864e-14
jet_a_reference,0.026,0.005,1.01,0.7,True,12,84.5819466758672,799.6437479974077,0.028499141472402404,302.63923014711696,119966.24110402071,1.163041956098442,2011.802591254701,5.3835846940845495e-15,2.2627108155932397e-14
jet_a_reference,0.026,0.005,1.01,0.8,True,12,103.97354393107014,944.8164020016152,0.03260959666273268,325.12977564194244,123609.1685741171,1.1983592041155064,2395.57883267876,2.066224787669294e-15,-2.1529742289826477e-14
jet_a_reference,0.026,0.005,1.01,0.9,True,12,122.31415452335163,1105.558936510538,0.0369206785948847,337.8207855080697,127739.16498608519,1.238398460671774,2600.0000000000005,-2.8300673187954086e-15,9.003515920934367e-15
jet_a_reference,0.026,0.005,1.01,1.0,True,12,137.79217043683892,1277.270108308061,0.04134761883127863,339.8234630855465,132264.69815518358,1.282272344698971,2600.0000000000005,-4.660039627738929e-15,-4.535119139122193e-14
jet_a_reference,0.026,0.005,1.01,1.1,True,12,137.53562377403327,1272.476155700924,0.04543291229084044,308.69098711219766,132136.73925386142,1.281031815950847,2600.0000000000005,-3.5777005987922205e-15,-6.446378494692013e-15
jet_a_reference,0.026,0.005,1.02,0.7,True,12,84.91835993693756,799.6437479974077,0.02848486348591298,303.99523750575275,119966.24110402071,1.163041956098442,2011.8025912563362,5.035896567567569e-15,1.7117949146177088e-14
jet_a_reference,0.026,0.005,1.02,0.8,True,12,104.36618424971537,944.8164020016152,0.032593255690600044,326.52120173674246,123609.1685741171,1.1983592041155064,2395.578832673899,1.2806159430810456e-15,-1.8345699797692607e-14
jet_a_reference,0.026,0.005,1.02,0.9,True,12,122.6922666215627,1105.558936510538,0.0369053587950121,339.00576384025686,127739.16498608519,1.238398460671774,2600.0000000000005,-1.8626299024628897e-15,1.6631259849828905e-14
jet_a_reference,0.026,0.005,1.02,1.0,True,12,138.22259414450753,1277.270108308061,0.041330613041178854,341.0252349961325,132264.69815518358,1.282272344698971,2600.0000000000005,-3.457521106286734e-15,-5.6680269311472736e-14
jet_a_reference,0.026,0.005,1.02,1.1,True,12,138.04666897395796,1272.476155700924,0.045410481449553376,309.99104613484906,132136.73925386142,1.281031815950847,2600.0000000000005,-3.2899253232052025e-15,-4.310694018535075e-15
jet_a_reference,0.026,0.005,1.03,0.7,True,12,85.19978299592692,799.6437479974077,0.028472967961797425,305.130115623055,119966.24110402071,1.163041956098442,2011.8025912561131,4.71055462919362e-15,2.4918061508785558e-14
jet_a_reference,0.026,0.005,1.03,0.8,True,12,104.69537540925978,944.8164020016152,0.03257964159842108,327.6879870090616,123609.1685741171,1.1983592041155064,2395.578832668548,1.693989571794907e-15,-2.551630770585868e-14
jet_a_reference,0.026,0.005,1.03,0.9,True,12,123.07334448468866,1105.558936510538,0.03689004258218467,340.19989127652144,127739.16498608519,1.238398460671774,2600.0000000000005,-1.2448647123945457e-15,7.709169629815557e-15
jet_a_reference,0.026,0.005,1.03,1.0,True,12,138.6576343202827,1277.270108308061,0.041313611324108455,342.23935704949736,132264.69815518358,1.282272344698971,2600.0000000000005,-3.789911031066437e-15,-5.3476181172313105e-14
jet_a_reference,0.026,0.005,1.03,1.1,True,12,138.4783710930761,1272.476155700924,0.045391794131102295,311.08847502819486,132136.73925386142,1.281031815950847,2600.0000000000005,-3.5935939467071425e-15,-9.705829412272106e-15
jet_a_reference,0.026,0.005,1.05,0.7,True,12,85.19978299592692,799.6437479974077,0.028472967961797425,305.130115623055,119966.24110402071,1.163041956098442,2011.8025912561131,4.71055462919362e-15,2.4918061508785558e-14
jet_a_reference,0.026,0.005,1.05,0.8,True,12,104.89334759109,944.8164020016152,0.032571474615581755,328.38994376077426,123609.1685741171,1.1983592041155064,2395.5788326654265,8.748364599428694e-16,-2.4077708480843594e-14
jet_a_reference,0.026,0.005,1.05,0.9,True,12,123.53294454567865,1105.558936510538,0.03687166784512613,341.64048916703115,127739.16498608519,1.238398460671774,2600.0000000000005,-1.610213477548334e-15,1.113821568977555e-14
jet_a_reference,0.026,0.005,1.05,1.0,True,12,139.44790481470682,1277.270108308061,0.04128301845416284,344.444991499939,132264.69815518358,1.282272344698971,2600.0000000000005,-3.412091408914364e-15,-5.711726051565853e-14
jet_a_reference,0.026,0.005,1.05,1.1,True,12,139.17633463899966,1272.476155700924,0.04536190392847642,312.86245197732444,132136.73925386142,1.281031815950847,2600.0000000000005,-3.1073811447255306e-15,-3.74538525370534e-15
jet_a_reference,0.026,0.005,1.08,0.7,True,12,85.19978299592692,799.6437479974077,0.028472967961797425,305.130115623055,119966.24110402071,1.163041956098442,2011.8025912561131,4.71055462919362e-15,2.4918061508785558e-14
jet_a_reference,0.026,0.005,1.08,0.8,True,12,104.89334759109,944.8164020016152,0.032571474615581755,328.38994376077426,123609.1685741171,1.1983592041155064,2395.5788326654265,8.748364599428694e-16,-2.4077708480843594e-14
jet_a_reference,0.026,0.005,1.08,0.9,True,12,123.53294454567865,1105.558936510538,0.03687166784512613,341.64048916703115,127739.16498608519,1.238398460671774,2600.0000000000005,-1.610213477548334e-15,1.113821568977555e-14
jet_a_reference,0.026,0.005,1.08,1.0,True,12,139.44790481470682,1277.270108308061,0.04128301845416284,344.444991499939,132264.69815518358,1.282272344698971,2600.0000000000005,-3.412091408914364e-15,-5.711726051565853e-14
jet_a_reference,0.026,0.005,1.08,1.1,True,12,139.43943868752334,1272.476155700924,0.04535069810823501,313.53135076081657,132136.73925386142,1.281031815950847,2600.0000000000005,-2.8688761077414187e-15,-3.4838699539213632e-15
jet_a_reference,0.026,0.006,1.01,0.7,True,12,62.733731727546605,571.0125778437697,0.027387821834841057,233.57316886663756,114393.43222469334,1.10901500251276,2072.1820766515,3.2904272633761553e-15,1.0135560631821881e-14
jet_a_reference,0.026,0.006,1.01,0.8,True,12,78.76595693263985,681.6250066145712,0.03135004554068388,256.200340158045,117064.69029591918,1.1349121647795049,2493.926896480084,-2.0635305630204673e-15,-8.977437463699621e-15
jet_a_reference,0.026,0.006,1.01,0.9,True,12,94.03055951121854,815.2399143503211,0.03568640814614052,268.6862899071152,120353.68687141025,1.1667981434978294,2600.0000000000005,-1.0198835101040809e-14,-9.949358662061576e-15
jet_a_reference,0.026,0.006,1.01,1.0,True,12,107.50521348426484,950.8864052213584,0.040021879129936946,273.91219890911447,123763.27720407152,1.1998532477796606,2600.0000000000005,-8.163031834680236e-15,9.013795225919144e-15
jet_a_reference,0.026,0.006,1.01,1.1,True,12,107.30780697236537,947.0953514000178,0.04397021595420406,248.85825137359777,123667.01088744595,1.1989199705162885,2600.0000000000005,5.9689233031194804e-15,-2.4778473506599115e-14
jet_a_reference,0.026,0.006,1.02,0.7,True,12,62.980236208835024,571.0125778437697,0.02737350869450964,234.6135772218699,114393.43222469334,1.10901500251276,2072.1820766420747,6.185438295805053e-15,7.967956814083478e-16
jet_a_reference,0.026,0.006,1.02,0.8,True,12,79.05602060981391,681.6250066145712,0.031333661518999904,257.2782816986195,117064.69029591918,1.1349121647795049,2493.92689647716,-3.2497875927111137e-15,4.807707460982527e-15
jet_a_reference,0.026,0.006,1.02,0.9,True,12,94.31521378891709,815.2399143503211,0.035671055520844736,269.61566240964623,120353.68687141025,1.1667981434978294,2600.0000000000005,-9.26702762240822e-15,-2.0021378213425754e-14
jet_a_reference,0.026,0.006,1.02,1.0,True,12,107.83210988082405,950.8864052213584,0.04000483188166135,274.86217427525236,123763.27720407152,1.1998532477796606,2600.0000000000005,-7.930532294778277e-15,1.2369897315782144e-14
jet_a_reference,0.026,0.006,1.02,1.1,True,12,107.69633632298186,947.0953514000178,0.043947729036978515,249.88708775933299,123667.01088744595,1.1989199705162885,2600.0000000000005,4.955162883494819e-15,-2.9383034582879364e-14
jet_a_reference,0.026,0.006,1.03,0.7,True,12,63.185885110166645,571.0125778438154,0.027361583977676848,235.4822422954923,114393.43222469442,1.1090150025127705,2072.1820766330393,2.6830373177095475e-15,-6.625651469844805e-15
jet_a_reference,0.026,0.006,1.03,0.8,True,12,79.29852729902365,681.6250066145712,0.03132001167980077,258.17996103825726,117064.69029591918,1.1349121647795049,2493.9268964740486,-5.037750662803344e-16,1.0024104518667442e-15
jet_a_reference,0.026,0.006,1.03,0.9,True,12,94.60144016603601,815.2399143503213,0.03565570659050828,270.5503032550985,120353.68687141026,1.1667981434978296,2600.0000000000005,-8.843935661108129e-15,-2.655192901139688e-14
jet_a_reference,0.026,0.006,1.03,1.0,True,12,108.16175671486222,950.8864052213584,0.039987788844805486,275.8199443694592,123763.27720407152,1.1998532477796606,2600.0000000000005,-8.465026619713132e-15,1.018120105414937e-14
jet_a_reference,0.026,0.006,1.03,1.1,True,12,108.0236870593907,947.0953514000178,0.04392899516278219,250.75352775981477,123667.01088744595,1.1989199705162885,2600.0000000000005,4.384437868475015e-15,-1.823039339876799e-14
jet_a_reference,0.026,0.006,1.05,0.7,True,12,63.185885110166645,571.0125778438154,0.027361583977676848,235.4822422954923,114393.43222469442,1.1090150025127705,2072.1820766330393,2.6830373177095475e-15,-6.625651469844805e-15
jet_a_reference,0.026,0.006,1.05,0.8,True,12,79.44409819615052,681.6250066145878,0.031311823304243314,258.72155118174453,117064.69029591959,1.1349121647795086,2493.926896471782,-1.6990955160659013e-15,-9.36401479945363e-15
jet_a_reference,0.026,0.006,1.05,0.9,True,12,94.94585637833895,815.2399143503213,0.03563729273432468,271.6756006856107,120353.68687141026,1.1667981434978296,2600.0000000000005,-9.997104099482445e-15,-1.504310293265546e-14
jet_a_reference,0.026,0.006,1.05,1.0,True,12,108.75884480218285,950.8864052213584,0.03995712194631809,277.55541927802807,123763.27720407152,1.1998532477796606,2600.0000000000005,-8.245709692570406e-15,1.2672504129801717e-14
jet_a_reference,0.026,0.006,1.05,1.1,True,12,108.55145848402631,947.0953514000178,0.043899030798750946,252.15062871436243,123667.01088744595,1.1989199705162885,2600.0000000000005,5.067225951020761e-15,-1.4656726788553612e-14
jet_a_reference,0.026,0.006,1.08,0.7,True,12,63.185885110166645,571.0125778438154,0.027361583977676848,235.4822422954923,114393.43222469442,1.1090150025127705,2072.1820766330393,2.6830373177095475e-15,-6.625651469844805e-15
jet_a_reference,0.026,0.006,1.08,0.8,True,12,79.44409819615052,681.6250066145878,0.031311823304243314,258.72155118174453,117064.69029591959,1.1349121647795086,2493.926896471782,-1.6990955160659013e-15,-9.36401479945363e-15
jet_a_reference,0.026,0.006,1.08,0.9,True,12,94.94585637833895,815.2399143503213,0.03563729273432468,271.6756006856107,120353.68687141026,1.1667981434978296,2600.0000000000005,-9.997104099482445e-15,-1.504310293265546e-14
jet_a_reference,0.026,0.006,1.08,1.0,True,12,108.75884480218285,950.8864052213584,0.03995712194631809,277.55541927802807,123763.27720407152,1.1998532477796606,2600.0000000000005,-8.245709692570406e-15,1.2672504129801717e-14
jet_a_reference,0.026,0.006,1.08,1.1,True,12,108.74997798377427,947.0953514000178,0.043887797271560516,252.6764217052817,123667.01088744595,1.1989199705162885,2600.0000000000005,5.5423022353490754e-15,-1.4519192278489175e-14
jet_a_reference,0.03,0.002,1.01,0.7,True,10,178.8143233887482,3168.0012974614706,0.031072837471807457,586.8143353101332,196523.45490125823,1.9052445196594803,1649.6044458227136,-3.973221246853967e-15,4.615187210063935e-15
jet_a_reference,0.03,0.002,1.01,0.8,True,10,208.79720537211443,3590.970766646328,0.03547319710872394,600.210617864115,211674.61091768777,2.052131093485042,1868.0738503486666,2.943429651828181e-15,-6.193658663732392e-16
jet_a_reference,0.03,0.002,1.01,0.9,True,10,237.7661752426918,4001.003429867064,0.039867488824638246,608.1497253543763,226362.35862737964,2.1945250425640044,2087.5836669352843,2.505279914641475e-15,1.1831126917647557e-16
jet_a_reference,0.03,0.002,1.01,1.0,True,10,265.7626814005354,4398.527240180628,0.044259728668433335,612.3004437257125,240602.0277030548,2.3325749841438834,2307.902281767186,6.433536222094909e-16,-1.128179388812614e-14
jet_a_reference,0.03,0.002,1.01,1.1,True,10,264.9655218072025,4383.438655731935,0.04862735684388871,555.6329934492779,240061.54070882846,2.3273351012799557,2295.571409804947,5.811046108691859e-16,1.7168390781330456e-15
jet_a_reference,0.03,0.002,1.02,0.7,True,10,178.81432513845223,3168.0012975044565,0.031072837165897236,586.8143468292827,196523.45490279805,1.9052445196744083,1649.6044458227136,-4.302063223599614e-15,1.4298618090388347e-15
jet_a_reference,0.03,0.002,1.02,0.8,True,10,208.79720720273363,3590.9707666622885,0.03547319674276095,600.2106293185683,211674.6109182595,2.0521310934905848,1868.0738503486666,1.277839907066241e-16,-2.728190492029419e-15
jet_a_reference,0.03,0.002,1.02,0.9,True,10,237.76617682969962,4001.0034298736678,0.03986748846752661,608.1497348610475,226362.3586276162,2.1945250425662977,2087.5836669352843,1.0599597273642666e-15,3.1806140983244274e-15
jet_a_reference,0.03,0.002,1.02,1.0,True,10,265.7626830449531,4398.527240182335,0.04425972825703005,612.3004532058059,240602.02770311592,2.332574984144476,2307.902281767186,-2.920414831318431e-16,-8.542951804232319e-15
jet_a_reference,0.03,0.002,1.02,1.1,True,10,264.96552381096717,4383.438655733627,0.04862735629175303,555.6330039600681,240061.54070888908,2.3273351012805437,2295.571409804947,2.5517953901051427e-15,9.79834908691762e-16
jet_a_reference,0.03,0.002,1.03,0.7,True,10,178.8143265922099,3168.001297548496,0.031072836911723634,586.814356400174,196523.4549043756,1.9052445196897023,1649.6044458227136,-3.3617391482141576e-15,-4.475980559410886e-15
jet_a_reference,0.03,0.002,1.03,0.8,True,10,208.79720872354568,3590.9707666783297,0.03547319643870861,600.2106388349116,211674.6109188341,2.0521310934961554,1868.0738503486625,2.9147520796919044e-15,-6.75931720311021e-15
jet_a_reference,0.03,0.002,1.03,0.9,True,10,237.76617841215864,4001.003429881688,0.039867488111408174,608.1497443409335,226362.35862790348,2.194525042569083,2087.5836669352843,1.5917407093318904e-15,-9.87106001511181e-16
jet_a_reference,0.03,0.002,1.03,1.0,True,10,265.76268468417055,4398.527240184383,0.044259727846887496,612.3004626564768,240602.02770318926,2.332574984145187,2307.902281767186,-2.1584904268022912e-15,-4.663815651975331e-15
jet_a_reference,0.03,0.002,1.03,1.1,True,10,264.9655254749877,4383.43865573538,0.04862735583318271,555.6330126893043,240061.54070895186,2.327335101281152,2295.571409804947,-6.712443916852167e-16,3.1354236260417556e-15
jet_a_reference,0.03,0.002,1.05,0.7,True,10,178.8143265922099,3168.001297548496,0.031072836911723634,586.814356400174,196523.4549043756,1.9052445196897023,1649.6044458227136,-3.3617391482141576e-15,-4.475980559410886e-15
jet_a_reference,0.03,0.002,1.05,0.8,True,10,208.79720963399106,3590.97076668936,0.03547319625667596,600.2106445321012,211674.61091922922,2.052131093499986,1868.0738503486625,2.95447972224013e-15,-9.648122592561913e-15
jet_a_reference,0.03,0.002,1.05,0.9,True,10,237.76618030512188,4001.0034298927476,0.03986748768537232,608.1497556815559,226362.35862829964,2.1945250425729235,2087.5836669352843,2.1233657242950455e-15,5.135260222050472e-15
jet_a_reference,0.03,0.002,1.05,1.0,True,10,265.7626876223435,4398.527240188829,0.044259727111636636,612.3004795974919,240602.02770334858,2.3325749841467314,2307.902281767186,-3.1838448780184662e-15,-5.6851782239227956e-15
jet_a_reference,0.03,0.002,1.05,1.1,True,10,264.9655281269608,4383.43865573873,0.04862735510225734,555.6330266023017,240061.54070907188,2.3273351012823156,2295.571409804947,1.2127360452277e-15,1.417739989500553e-15
jet_a_reference,0.03,0.002,1.08,0.7,True,10,178.8143265922099,3168.001297548496,0.031072836911723634,586.814356400174,196523.4549043756,1.9052445196897023,1649.6044458227136,-3.3617391482141576e-15,-4.475980559410886e-15
jet_a_reference,0.03,0.002,1.08,0.8,True,10,208.79720963399106,3590.97076668936,0.03547319625667596,600.2106445321012,211674.61091922922,2.052131093499986,1868.0738503486625,2.95447972224013e-15,-9.648122592561913e-15
jet_a_reference,0.03,0.002,1.08,0.9,True,10,237.76618030512188,4001.0034298927476,0.03986748768537232,608.1497556815559,226362.35862829964,2.1945250425729235,2087.5836669352843,2.1233657242950455e-15,5.135260222050472e-15
jet_a_reference,0.03,0.002,1.08,1.0,True,10,265.7626876223435,4398.527240188829,0.044259727111636636,612.3004795974919,240602.02770334858,2.3325749841467314,2307.902281767186,-3.1838448780184662e-15,-5.6851782239227956e-15
jet_a_reference,0.03,0.002,1.08,1.1,True,10,264.96552911818975,4383.438655740214,0.048627354829029155,555.63303180291,240061.54070912505,2.327335101282831,2295.571409804947,-3.296540461115733e-16,-1.580287913595167e-15
jet_a_reference,0.03,0.003,1.01,0.7,True,10,152.4635468849954,2020.0579665730634,0.03065004912367491,507.24078783502347,155403.06732853578,1.506592902688026,1795.3659045894658,-4.0915273902252325e-15,1.45200064755488e-14
jet_a_reference,0.03,0.003,1.01,0.8,True,10,180.0523257193857,2309.0506675094316,0.03498731034784642,524.7681913672502,165755.05208983456,1.6069527413850033,2058.6528955178965,3.978845651219595e-15,1.0847076992174492e-15
jet_a_reference,0.03,0.003,1.01,0.9,True,10,207.3479945330861,2596.3276879543682,0.039321477470093756,537.711513802237,176045.57959548288,1.7067167677420225,2325.132358880014,-4.381570108567422e-15,1.0649536580372367e-14
jet_a_reference,0.03,0.003,1.01,1.0,True,10,233.94751593846382,2878.3802525192987,0.04365459011390941,546.4719159334239,186148.96227885483,1.8046664730186197,2595.1242645916627,4.81117534830244e-15,-1.5593570053778734e-15
jet_a_reference,0.03,0.003,1.01,1.1,True,10,233.26075390275255,2868.435658385749,0.04796456973204025,495.9072372272349,185792.7377562484,1.8012129675843436,2579.4050477114515,1.474742233407006e-15,8.169963067279549e-15
jet_a_reference,0.03,0.003,1.02,0.7,True,10,152.4635487143408,2020.057966543202,0.030650048804202575,507.24079920827495,155403.0673274661,1.5065929026776557,1795.3659045893855,-3.3427048132271187e-15,1.8559457912804644e-14
jet_a_reference,0.03,0.003,1.02,0.8,True,10,180.0523276489094,2309.0506675160077,0.03498730996271502,524.7682027674226,165755.0520900701,1.6069527413872868,2058.6528955178987,-4.447266768647496e-16,9.659134598389124e-16
jet_a_reference,0.03,0.003,1.02,0.9,True,10,207.34799633867894,2596.327687957137,0.03932147706446604,537.7115240315051,176045.5795955821,1.7067167677429844,2325.132358880014,-5.570763802243295e-15,1.7984418138351147e-14
jet_a_reference,0.03,0.003,1.02,1.0,True,10,233.9475178068077,2878.380252521674,0.04365458964729799,546.4719261387219,186148.96227893993,1.8046664730194448,2595.1242645916627,2.6090792210164034e-15,-1.9728221596296855e-17
jet_a_reference,0.03,0.003,1.02,1.1,True,10,233.26075617871945,2868.4356583883755,0.047964569106006855,495.9072485384701,185792.73775634245,1.8012129675852555,2579.4050477114515,2.066723104321361e-15,8.235975830630788e-15
jet_a_reference,0.03,0.003,1.03,0.7,True,10,152.46355023402165,2020.0579665105274,0.030650048538768,507.24080865698977,155403.0673262957,1.5065929026663092,1795.3659045892994,-1.9964518797849573e-15,1.1757429371720973e-14
jet_a_reference,0.03,0.003,1.03,0.8,True,10,180.05232924807459,2309.0506675231472,0.03498730964349284,524.7682122161948,165755.05209032586,1.6069527413897664,2058.6528955178987,9.338210307854237e-16,9.20471587957383e-15
jet_a_reference,0.03,0.003,1.03,0.9,True,10,207.34799813881102,2596.327687960531,0.03932147666002175,537.7115342304288,176045.57959570363,1.7067167677441626,2325.132358880014,-1.0971455206450692e-15,8.248503451898571e-15
jet_a_reference,0.03,0.003,1.03,1.0,True,10,233.94751966940711,2878.380252524432,0.04365458918206867,546.4719363133003,186148.9622790387,1.8046664730204025,2595.1242645916627,2.9203852084669236e-15,-3.774277350692683e-16
jet_a_reference,0.03,0.003,1.03,1.1,True,10,233.2607580688681,2868.4356583908993,0.047964568586031486,495.90725793292717,185792.7377564329,1.8012129675861324,2579.4050477114515,2.3605649550495974e-15,1.4576280489314822e-14
jet_a_reference,0.03,0.003,1.05,0.7,True,10,152.46355023402165,2020.0579665105274,0.030650048538768,507.24080865698977,155403.0673262957,1.5065929026663092,1795.3659045892994,-1.9964518797849573e-15,1.1757429371720973e-14
jet_a_reference,0.03,0.003,1.05,0.8,True,10,180.05233020468262,2309.050667528258,0.03498730945252389,524.7682178685674,165755.05209050892,1.606952741391541,2058.6528955178987,2.817435001450766e-15,3.9586632941180557e-16
jet_a_reference,0.03,0.003,1.05,0.9,True,10,207.34800029179212,2596.327687965572,0.039321476176244874,537.7115464292428,176045.5795958842,1.7067167677459132,2325.132358880014,-4.717495977124167e-15,1.1238073872262719e-14
jet_a_reference,0.03,0.003,1.05,1.0,True,10,233.94752300767607,2878.3802525302162,0.043654588348123274,546.4719545504773,186148.9622792459,1.8046664730224111,2595.1242645916627,3.830482492282794e-15,-4.178190190226501e-15
jet_a_reference,0.03,0.003,1.05,1.1,True,10,233.26076108089154,2868.435658395562,0.04796456775730683,495.9072729046348,185792.7377565999,1.8012129675877515,2579.4050477114515,2.6064826104486177e-15,1.7110716358800413e-14
jet_a_reference,0.03,0.003,1.08,0.7,True,10,152.46355023402165,2020.0579665105274,0.030650048538768,507.24080865698977,155403.0673262957,1.5065929026663092,1795.3659045892994,-1.9964518797849573e-15,1.1757429371720973e-14
jet_a_reference,0.03,0.003,1.08,0.8,True,10,180.05233020468262,2309.050667528258,0.03498730945252389,524.7682178685674,165755.05209050892,1.606952741391541,2058.6528955178987,2.817435001450766e-15,3.9586632941180557e-16
jet_a_reference,0.03,0.003,1.08,0.9,True,10,207.34800029179212,2596.327687965572,0.039321476176244874,537.7115464292428,176045.5795958842,1.7067167677459132,2325.132358880014,-4.717495977124167e-15,1.1238073872262719e-14
jet_a_reference,0.03,0.003,1.08,1.0,True,10,233.94752300767607,2878.3802525302162,0.043654588348123274,546.4719545504773,186148.9622792459,1.8046664730224111,2595.1242645916627,3.830482492282794e-15,-4.178190190226501e-15
jet_a_reference,0.03,0.003,1.08,1.1,True,10,233.26076220654085,2868.4356583975427,0.047964567447557914,495.90727850024507,185792.7377566709,1.8012129675884396,2579.4050477114515,3.774373797944397e-15,1.4351519220369974e-14
jet_a_reference,0.03,0.004,1.01,0.7,True,10,125.88739595633393,1420.6557300966774,0.030014092822223778,427.6971468922604,136135.16792016014,1.3197955569381128,1958.0384158096977,1.81551646771225e-15,-5.434801784100688e-15
jet_a_reference,0.03,0.004,1.01,0.8,True,10,150.79689802543425,1648.4135677239613,0.03431839732931823,448.0688311512402,142457.4376129376,1.381088340998039,2292.7372299122862,4.2051989068792244e-15,-7.874884662559945e-15
jet_a_reference,0.03,0.004,1.01,0.9,True,10,174.5242620221148,1869.6084441632108,0.03864521901820579,460.51031424642474,148980.64860434577,1.444329199440139,2600.0,-5.47985573233616e-15,-9.566304239355351e-15
jet_a_reference,0.03,0.004,1.01,1.0,True,10,191.53625805803983,2062.0802535205953,0.04307476772054699,453.4270015848327,156908.3443570084,1.521186177625655,2600.0,-2.7832049398403837e-15,2.3534456476345988e-14
jet_a_reference,0.03,0.004,1.01,1.1,True,10,191.36728927721455,2053.793210106811,0.047318036219494874,412.4015768625997,156611.49482808338,1.518308297535301,2600.0000000000005,-4.7694093832513624e-15,8.990501543690161e-15
jet_a_reference,0.03,0.004,1.02,0.7,True,10,125.88739805882335,1420.6557300997683,0.030014092455700893,427.6971592582864,136135.16792024448,1.3197955569389304,1958.038415792905,3.70096361717666e-15,-3.34141142125522e-15
jet_a_reference,0.03,0.004,1.02,0.8,True,10,150.7969002235738,1648.4135677260367,0.03431839689132049,448.0688434012585,142457.4376129962,1.3810883409986072,2292.7372299004,1.283595786645237e-15,4.495889669604656e-15
jet_a_reference,0.03,0.004,1.02,0.9,True,10,174.52426391808956,1869.6084441632108,0.038645218592993684,460.5103243162392,148980.64860434577,1.444329199440139,2600.0,-5.609825759266849e-15,-4.184593208104079e-15
jet_a_reference,0.03,0.004,1.02,1.0,True,10,191.5362599844315,2062.0802535205953,0.04307476723992901,453.4270112044424,156908.3443570084,1.521186177625655,2600.0,-3.5311691796282504e-15,1.866666007971427e-14
jet_a_reference,0.03,0.004,1.02,1.1,True,10,191.36729162674047,2053.793210106811,0.04731803557392399,412.4015875523803,156611.49482808338,1.518308297535301,2600.0000000000005,-4.305923555197606e-15,3.936231258043578e-15
jet_a_reference,0.03,0.004,1.03,0.7,True,10,125.88739980523313,1420.6557301038345,0.030014092151221344,427.6971695304369,136135.16792035545,1.3197955569400062,1958.0384157707376,4.3096788794029952e-16,-8.729179206333982e-15
jet_a_reference,0.03,0.004,1.03,0.8,True,10,150.79690204930216,1648.4135677282732,0.034318396527485556,448.0688535764303,142457.43761305933,1.3810883409992192,2292.737229887685,2.4804939254769574e-15,5.917364560236002e-15
jet_a_reference,0.03,0.004,1.03,0.9,True,10,174.52426580826173,1869.6084441632108,0.03864521816903315,460.5103343558286,148980.64860434577,1.444329199440139,2600.0,-6.686921690081987e-15,-1.2695609067674107e-14
jet_a_reference,0.03,0.004,1.03,1.0,True,10,191.53626190485667,2062.0802535205953,0.04307476676074233,453.42702079486116,156908.3443570084,1.521186177625655,2600.0,-3.2112406169380466e-15,2.552599586588746e-14
jet_a_reference,0.03,0.004,1.03,1.1,True,10,191.3672935779288,2053.793210106811,0.04731803503773111,412.40159643044615,156611.49482808338,1.518308297535301,2600.0000000000005,-4.015708267481061e-15,5.670177823051149e-15
jet_a_reference,0.03,0.004,1.05,0.7,True,10,125.88739980523313,1420.6557301038345,0.030014092151221344,427.6971695304369,136135.16792035545,1.3197955569400062,1958.0384157707376,4.3096788794029952e-16,-8.729179206333982e-15
jet_a_reference,0.03,0.004,1.05,0.8,True,10,150.7969031421144,1648.4135677302686,0.034318396309690406,448.06885966713037,142457.4376131157,1.3810883409997656,2292.7372298762966,4.026937716941024e-15,3.843273544476705e-15
jet_a_reference,0.03,0.004,1.05,0.9,True,10,174.5242680688394,1869.6084441632108,0.03864521766192636,460.5103463635935,148980.64860434577,1.444329199440139,2600.0,-6.0287903863688565e-15,-8.570780908208372e-15
jet_a_reference,0.03,0.004,1.05,1.0,True,10,191.53626534665844,2062.0802535205953,0.04307476590179688,453.42703798439584,156908.3443570084,1.521186177625655,2600.0,-3.3682728880655633e-15,2.55421493025229e-14
jet_a_reference,0.03,0.004,1.05,1.1,True,10,191.36729668712854,2053.793210106811,0.047318034183178245,412.4016105787327,156611.49482808338,1.518308297535301,2600.0000000000005,-3.3310559027084787e-15,5.1847561449211614e-15
jet_a_reference,0.03,0.004,1.08,0.7,True,10,125.88739980523313,1420.6557301038345,0.030014092151221344,427.6971695304369,136135.16792035545,1.3197955569400062,1958.0384157707376,4.3096788794029952e-16,-8.729179206333982e-15
jet_a_reference,0.03,0.004,1.08,0.8,True,10,150.7969031421144,1648.4135677302686,0.034318396309690406,448.06885966713037,142457.4376131157,1.3810883409997656,2292.7372298762966,4.026937716941024e-15,3.843273544476705e-15
jet_a_reference,0.03,0.004,1.08,0.9,True,10,174.5242680688394,1869.6084441632108,0.03864521766192636,460.5103463635935,148980.64860434577,1.444329199440139,2600.0,-6.0287903863688565e-15,-8.570780908208372e-15
jet_a_reference,0.03,0.004,1.08,1.0,True,10,191.53626534665844,2062.0802535205953,0.04307476590179688,453.42703798439584,156908.3443570084,1.521186177625655,2600.0,-3.3682728880655633e-15,2.55421493025229e-14
jet_a_reference,0.03,0.004,1.08,1.1,True,10,191.3672978490646,2053.793210106811,0.04731803386378161,412.40161586644587,156611.49482808338,1.518308297535301,2600.0000000000005,-3.3267993922099197e-15,6.765333918942492e-15
jet_a_reference,0.03,0.005,1.01,0.7,True,10,99.75968707831194,1016.5960166335793,0.02916416787866278,348.8066957322142,125440.8120765097,1.2161165183590241,2102.5114772182583,3.599188228545868e-15,4.965140704725066e-16
jet_a_reference,0.03,0.005,1.01,0.8,True,10,121.34199980582332,1194.400671621263,0.03336919987428213,370.8042295989411,130065.84190438178,1.2609549969886735,2508.6017745005975,-3.3550745907104346e-15,-5.742469988329261e-15
jet_a_reference,0.03,0.005,1.01,0.9,True,10,139.8910990813355,1391.2893383177238,0.03780716505126351,377.30737438556577,135335.62356230934,1.31204417933901,2600.0000000000005,-8.10663415981254e-15,-1.9239517587471804e-14
jet_a_reference,0.03,0.005,1.01,1.0,True,10,155.72826643384604,1588.993855140918,0.04224617988198672,375.88875146850665,140787.1794276553,1.3648956160353907,2600.0000000000005,5.031886664714229e-15,-1.4864917172614092e-14
jet_a_reference,0.03,0.005,1.01,1.1,True,10,155.62530420491012,1582.2864327655072,0.04640950466682049,341.94212368059107,140599.56635466294,1.3630767553843057,2600.0000000000005,6.628513521394484e-15,1.485120491731542e-14
jet_a_reference,0.03,0.005,1.02,0.7,True,10,99.7596892796741,1016.5960166335793,0.029164167495476092,348.8067080121653,125440.8120765097,1.2161165183590241,2102.5114772272227,2.9478220967487006e-15,1.4741979668695762e-15
jet_a_reference,0.03,0.005,1.02,0.8,True,10,121.3420021022358,1194.4006716236033,0.03336919941744027,370.804241692962,130065.84190444351,1.260954996989272,2508.601774470298,-3.772292625627763e-15,-6.426522298552807e-15
jet_a_reference,0.03,0.005,1.02,0.9,True,10,139.8911010265407,1391.2893383177238,0.0378071646154426,377.30738398147633,135335.62356230934,1.31204417933901,2600.0000000000005,-7.751583062650613e-15,-1.7249929167228755e-14
jet_a_reference,0.03,0.005,1.02,1.0,True,10,155.72826840644518,1588.993855140918,0.04224617939029605,375.8887606047204,140787.1794276553,1.3648956160353907,2600.0000000000005,5.109496506221092e-15,-1.5131482029723357e-14
jet_a_reference,0.03,0.005,1.02,1.1,True,10,155.62530661143887,1582.2864327655072,0.04640950400620742,341.94213383560316,140599.56635466294,1.3630767553843057,2600.0000000000005,5.841057534026849e-15,1.6618573915458456e-14
jet_a_reference,0.03,0.005,1.03,0.7,True,10,99.75969110815167,1016.5960166335793,0.0291641671771615,348.80671821245954,125440.8120765097,1.2161165183590241,2102.5114772279317,3.087816668081563e-15,-5.889417703469049e-16
jet_a_reference,0.03,0.005,1.03,0.8,True,10,121.34200400953428,1194.4006716261085,0.033369199037961414,370.8042517382343,130065.8419045095,1.2609549969899116,2508.6017744375254,-2.8942725068585965e-15,-1.485967849713683e-14
jet_a_reference,0.03,0.005,1.03,0.9,True,10,139.89110296575873,1391.2893383177238,0.03780716418091084,377.3073935483734,135335.62356230934,1.31204417933901,2600.0000000000005,-7.683991919595856e-15,-2.0213140221437228e-14
jet_a_reference,0.03,0.005,1.03,1.0,True,10,155.7282703729021,1588.993855140918,0.04224617890007645,375.8887697130196,140787.1794276553,1.3648956160353907,2600.0000000000005,4.326682438929462e-15,-1.1415814041821304e-14
jet_a_reference,0.03,0.005,1.03,1.1,True,10,155.62530860992834,1582.2864327655072,0.04640950345752954,341.9421422693348,140599.56635466294,1.3630767553843057,2600.0000000000005,4.9147506532230485e-15,1.4928916080308333e-14
jet_a_reference,0.03,0.005,1.05,0.7,True,10,99.75969110815167,1016.5960166335793,0.0291641671771615,348.80671821245954,125440.8120765097,1.2161165183590241,2102.5114772279317,3.087816668081563e-15,-5.889417703469049e-16
jet_a_reference,0.03,0.005,1.05,0.8,True,10,121.3420051511325,1194.4006716276267,0.0333691988108061,370.8042577509881,130065.84190454955,1.2609549969903,2508.601774418066,-2.8687389917139872e-15,-1.2875522335516284e-14
jet_a_reference,0.03,0.005,1.05,0.9,True,10,139.891105284949,1391.2893383177238,0.03780716366116797,377.30740499050177,135335.62356230934,1.31204417933901,2600.0000000000005,-8.303337859087564e-15,-1.3090397043010666e-14
jet_a_reference,0.03,0.005,1.05,1.0,True,10,155.72827389712089,1588.993855140918,0.04224617802137143,375.8887860379438,140787.1794276553,1.3648956160353907,2600.0000000000005,5.07484055208129e-15,-1.3595971850517767e-14
jet_a_reference,0.03,0.005,1.05,1.1,True,10,155.62531179443184,1582.2864327655072,0.046409502583094966,341.94215570914736,140599.56635466294,1.3630767553843057,2600.0000000000005,6.187301388632105e-15,1.5695934860206626e-14
jet_a_reference,0.03,0.005,1.08,0.7,True,10,99.75969110815167,1016.5960166335793,0.0291641671771615,348.80671821245954,125440.8120765097,1.2161165183590241,2102.5114772279317,3.087816668081563e-15,-5.889417703469049e-16
jet_a_reference,0.03,0.005,1.08,0.8,True,10,121.3420051511325,1194.4006716276267,0.0333691988108061,370.8042577509881,130065.84190454955,1.2609549969903,2508.601774418066,-2.8687389917139872e-15,-1.2875522335516284e-14
jet_a_reference,0.03,0.005,1.08,0.9,True,10,139.891105284949,1391.2893383177238,0.03780716366116797,377.30740499050177,135335.62356230934,1.31204417933901,2600.0000000000005,-8.303337859087564e-15,-1.3090397043010666e-14
jet_a_reference,0.03,0.005,1.08,1.0,True,10,155.72827389712089,1588.993855140918,0.04224617802137143,375.8887860379438,140787.1794276553,1.3648956160353907,2600.0000000000005,5.07484055208129e-15,-1.3595971850517767e-14
jet_a_reference,0.03,0.005,1.08,1.1,True,10,155.62531298448744,1582.2864327655072,0.04640950225627247,341.94216073196117,140599.56635466294,1.3630767553843057,2600.0000000000005,5.826547507408862e-15,1.2716935809759277e-14
jet_a_reference,0.03,0.006,1.01,0.7,True,10,77.58135656311897,747.7963979423316,0.02819171988909193,280.6177396180926,118684.96765224222,1.15062033841717,2202.5050700776796,7.900804460073498e-15,1.2162692536174867e-14
jet_a_reference,0.03,0.006,1.01,0.8,True,10,95.71433272604715,891.4147389604683,0.032323921709187825,301.9480673577171,122259.5873650086,1.1852753602365085,2600.0000000000005,-3.0837384726331197e-16,2.6962130764016546e-14
jet_a_reference,0.03,0.006,1.01,0.9,True,10,111.24531790806763,1056.0886937927044,0.03675980452165813,308.59428053243505,126457.23160668583,1.2259704451613793,2600.0000000000005,4.020984875869473e-15,4.3330411193882957e-14
jet_a_reference,0.03,0.006,1.01,1.0,True,10,125.40351245669939,1216.5305279088043,0.0411184262257773,310.9943802671855,130650.32446412239,1.2666214055827103,2600.0000000000005,2.9961077791980394e-15,2.4758277401583526e-14
jet_a_reference,0.03,0.006,1.01,1.1,True,10,125.3116260223412,1211.1142853737617,0.04516509746159056,282.9226635418582,130507.09126291864,1.2652327964125538,2600.0000000000005,-4.975545722435745e-15,1.7154196625222174e-14
jet_a_reference,0.03,0.006,1.02,0.7,True,10,77.581358853828,747.7963979423316,0.028191719490931928,280.61775186701107,118684.96765224222,1.15062033841717,2202.5050700404536,4.886224022924113e-15,9.640562730651339e-15
jet_a_reference,0.03,0.006,1.02,0.8,True,10,95.714335090555,891.4147389604683,0.03232392123939299,301.9480792054858,122259.5873650086,1.1852753602365085,2600.0000000000005,4.907129282537943e-16,2.7948991051720165e-14
jet_a_reference,0.03,0.006,1.02,0.9,True,10,111.2453199080562,1056.0886937927046,0.03675980407405462,308.5942898379787,126457.23160668586,1.2259704451613795,2600.0000000000005,3.849557249682736e-15,3.493417879439889e-14
jet_a_reference,0.03,0.006,1.02,1.0,True,10,125.40351449189811,1216.5305279088043,0.04111842571911156,310.9943891464823,130650.32446412239,1.2666214055827103,2600.0000000000005,3.2319973466709594e-15,1.819359043083296e-14
jet_a_reference,0.03,0.006,1.02,1.1,True,10,125.311628506048,1211.1142853737617,0.04516509678065136,282.9226734149853,130507.09126291864,1.2652327964125538,2600.0000000000005,-5.3861861251303474e-15,2.4758203331590624e-14
jet_a_reference,0.03,0.006,1.03,0.7,True,10,77.5813607564562,747.7963979423316,0.028191719160186354,280.6177620411747,118684.96765224222,1.15062033841717,2202.505070004888,4.319828936401855e-15,2.471310784815864e-15
jet_a_reference,0.03,0.006,1.03,0.8,True,10,95.7143370543447,891.4147389604681,0.032323920849163155,301.9480890458752,122259.58736500863,1.1852753602365087,2600.0000000000005,-7.81564064772075e-17,1.9194461613768674e-14
jet_a_reference,0.03,0.006,1.03,0.9,True,10,111.24532190185033,1056.0886937927046,0.036759803627782334,308.59429911516366,126457.23160668585,1.2259704451613793,2600.0000000000005,4.588109365130529e-15,4.008568201517925e-14
jet_a_reference,0.03,0.006,1.03,1.0,True,10,125.40351652071472,1216.5305279088043,0.0411184252139711,310.99439799841593,130650.32446412239,1.2666214055827103,2600.0000000000005,3.3961130611061618e-15,2.523402474876227e-14
jet_a_reference,0.03,0.006,1.03,1.1,True,10,125.31163056857764,1211.1142853737617,0.045165096215103354,282.9226816143666,130507.09126291864,1.2652327964125538,2600.0000000000005,-4.495627545379358e-15,1.3244836136086074e-14
jet_a_reference,0.03,0.006,1.05,0.7,True,10,77.5813607564562,747.7963979423316,0.028191719160186354,280.6177620411747,118684.96765224222,1.15062033841717,2202.505070004888,4.319828936401855e-15,2.471310784815864e-15
jet_a_reference,0.03,0.006,1.05,0.8,True,10,95.71433822973395,891.4147389604681,0.03232392061557581,301.94809493586615,122259.58736500863,1.1852753602365087,2600.0000000000005,9.638557154286935e-16,2.1816518231128077e-14
jet_a_reference,0.03,0.006,1.05,0.9,True,10,111.24532428625938,1056.088693792671,0.03675980309400611,308.5943102104994,126457.23160668496,1.2259704451613709,2600.0000000000005,5.082911660491652e-15,2.3323991941048894e-14
jet_a_reference,0.03,0.006,1.05,1.0,True,10,125.40352015657999,1216.5305279088043,0.04111842430854427,310.99441386326873,130650.32446412239,1.2666214055827103,2600.0000000000005,3.4375354555353217e-15,2.991499577106167e-14
jet_a_reference,0.03,0.006,1.05,1.1,True,10,125.31163385502879,1211.1142853737617,0.04516509531380505,282.9226946802636,130507.09126291864,1.2652327964125538,2600.0000000000005,-3.814846112401498e-15,2.0021900660969578e-14
jet_a_reference,0.03,0.006,1.08,0.7,True,10,77.5813607564562,747.7963979423316,0.028191719160186354,280.6177620411747,118684.96765224222,1.15062033841717,2202.505070004888,4.319828936401855e-15,2.471310784815864e-15
jet_a_reference,0.03,0.006,1.08,0.8,True,10,95.71433822973395,891.4147389604681,0.03232392061557581,301.94809493586615,122259.58736500863,1.1852753602365087,2600.0000000000005,9.638557154286935e-16,2.1816518231128077e-14
jet_a_reference,0.03,0.006,1.08,0.9,True,10,111.24532428625938,1056.088693792671,0.03675980309400611,308.5943102104994,126457.23160668496,1.2259704451613709,2600.0000000000005,5.082911660491652e-15,2.3323991941048894e-14
jet_a_reference,0.03,0.006,1.08,1.0,True,10,125.40352015657999,1216.5305279088043,0.04111842430854427,310.99441386326873,130650.32446412239,1.2666214055827103,2600.0000000000005,3.4375354555353217e-15,2.991499577106167e-14
jet_a_reference,0.03,0.006,1.08,1.1,True,10,125.31163508315171,1211.1142853737617,0.04516509497694921,282.9226995631903,130507.09126291864,1.2652327964125538,2600.0000000000005,-4.620297442664839e-15,1.8166001152841018e-14
gasoline_reference,0.01,0.002,1.01,0.7,True,20,130.1829893731871,1345.0371638987738,0.0290692784380151,456.66666684154757,134083.5043148295,1.2999052041952048,1571.7203792780874,3.1659136450926864e-15,-2.1701218584211195e-14
gasoline_reference,0.01,0.002,1.01,0.8,True,19,168.64149655218267,1726.5223269000562,0.033394210273855036,514.9589309191058,144675.64800891076,1.4025933221846512,1805.276436083861,-1.1078288939498183e-14,-1.836492763827117e-14
gasoline_reference,0.01,0.002,1.01,0.9,True,18,200.45629088260137,2044.9274900237401,0.037769736871513526,541.1965947810882,156293.91656780033,1.515229457707906,2041.7844878976398,-7.840315941955256e-15,-1.1772552696688892e-14
gasoline_reference,0.01,0.002,1.01,1.0,True,17,243.19207854960007,2396.8525067913074,0.041806411298284225,593.1791265111691,168900.19485404613,1.6374440942775703,2276.161535343592,8.489879304660778e-15,1.4520847460785175e-16
gasoline_reference,0.01,0.002,1.01,1.1,True,18,231.45425267769778,2404.3855241875754,0.04626496975672801,510.1433228189153,169170.0344764314,1.640060120247574,2264.475939932542,-3.743995611031913e-15,-9.916235586478643e-15
gasoline_reference,0.01,0.002,1.02,0.7,True,20,130.08504854705663,1345.0371638993208,0.029081227950592342,456.13559817632347,134083.50431484423,1.2999052041953476,1571.7203792780874,1.0608390247374873e-15,-2.0955903051029218e-14
gasoline_reference,0.01,0.002,1.02,0.8,True,19,168.64112452672202,1726.5223269005007,0.033394282798725916,514.9566765401207,144675.64800892345,1.4025933221847742,1805.276436083861,-1.3182563159742418e-14,-8.942694538835902e-15
gasoline_reference,0.01,0.002,1.02,0.9,True,18,200.45604463223347,2044.927490023868,0.037769790919323996,541.1951555080892,156293.9165678049,1.5152294577079504,2041.7844878976398,-8.034158086460347e-15,-8.978212640180023e-15
gasoline_reference,0.01,0.002,1.02,1.0,True,17,242.9994592207804,2396.8525067913884,0.041806411298284184,592.7093013182609,168900.19485404904,1.6374440942775985,2276.161535343592,6.591797088867463e-15,-1.6593932016940344e-15
gasoline_reference,0.01,0.002,1.02,1.1,True,18,232.07496165463178,2404.3855241876545,0.04624655301129705,511.71511305426446,169170.03447643423,1.6400601202476015,2264.475939932542,-3.1383407265220893e-15,-1.1416608529623084e-14
gasoline_reference,0.01,0.002,1.03,0.7,True,20,130.02261882311518,1345.037163899989,0.029093174756724488,455.7294746154654,134083.50431486225,1.2999052041955221,1571.7203792780874,2.9994130390143856e-15,-2.1094853751776774e-14
gasoline_reference,0.01,0.002,1.03,0.8,True,19,168.64087734612804,1726.5223269009311,0.03339433099417198,514.9551785621358,144675.64800893574,1.4025933221848932,1805.276436083861,-9.967573466137992e-15,-1.571367821396396e-14
gasoline_reference,0.01,0.002,1.03,0.9,True,18,200.45573776763118,2044.9274900240384,0.03776985828198408,541.193361807255,156293.91656781101,1.5152294577080097,2041.7844878976398,-7.989861778078856e-15,-4.753212234561286e-15
gasoline_reference,0.01,0.002,1.03,1.0,True,17,242.64813792148053,2396.852506791488,0.041806411298284135,591.8523800620828,168900.19485405262,1.6374440942776334,2276.161535343592,6.835543736924985e-15,8.959928833728557e-16
gasoline_reference,0.01,0.002,1.03,1.1,True,18,232.72840045775635,2404.3855241877072,0.04622813994449943,513.3603113863373,169170.03447643612,1.6400601202476197,2264.475939932542,-1.2788907900141717e-15,-8.159626464051998e-15
gasoline_reference,0.01,0.002,1.05,0.7,True,20,130.02261882311518,1345.037163899989,0.029093174756724488,455.7294746154654,134083.50431486225,1.2999052041955221,1571.7203792780874,2.9994130390143856e-15,-2.1094853751776774e-14
gasoline_reference,0.01,0.002,1.05,0.8,True,19,168.64069239822192,1726.5223269012392,0.03339436705992724,514.9540576639552,144675.64800894458,1.402593322184979,1805.276436083861,-1.058705320613839e-14,-5.7862076640513145e-15
gasoline_reference,0.01,0.002,1.05,0.9,True,18,200.45543195265057,2044.9274900242785,0.03776992542643091,541.1915740732964,156293.9165678196,1.5152294577080927,2041.7844878976398,-8.16488207588484e-15,-8.455904756796013e-15
gasoline_reference,0.01,0.002,1.05,1.0,True,17,241.9814147946429,2396.852506791728,0.0418170013537543,590.0766767516706,168900.1948540612,1.6374440942777166,2276.161535343592,4.416644759413351e-15,-1.0378248054391004e-15
gasoline_reference,0.01,0.002,1.05,1.1,True,18,233.6866156313455,2404.385524187846,0.046202367808499664,515.7615118404957,169170.03447644107,1.6400601202476677,2264.475939932542,-3.3268120896645725e-15,-9.579992181613418e-15
gasoline_reference,0.01,0.002,1.08,0.7,True,20,130.02261882311518,1345.037163899989,0.029093174756724488,455.7294746154654,134083.50431486225,1.2999052041955221,1571.7203792780874,2.9994130390143856e-15,-2.1094853751776774e-14
gasoline_reference,0.01,0.002,1.08,0.8,True,19,168.64069239822192,1726.5223269012392,0.03339436705992724,514.9540576639552,144675.64800894458,1.402593322184979,1805.276436083861,-1.058705320613839e-14,-5.7862076640513145e-15
gasoline_reference,0.01,0.002,1.08,0.9,True,18,200.45543195265057,2044.9274900242785,0.03776992542643091,541.1915740732964,156293.9165678196,1.5152294577080927,2041.7844878976398,-8.16488207588484e-15,-8.455904756796013e-15
gasoline_reference,0.01,0.002,1.08,1.0,True,17,241.9814147946429,2396.852506791728,0.0418170013537543,590.0766767516706,168900.1948540612,1.6374440942777166,2276.161535343592,4.416644759413351e-15,-1.0378248054391004e-15
gasoline_reference,0.01,0.002,1.08,1.1,True,18,233.9697414123023,2404.3855241879155,0.0461950056565681,516.4686858966883,169170.03447644357,1.6400601202476919,2264.475939932542,-3.085689948622455e-15,-1.035487878925801e-14
gasoline_reference,0.01,0.003,1.01,0.7,True,19,102.58280296216456,785.555465492329,0.02770676412411734,377.5444396344565,119617.0616153376,1.159656750462172,1666.6240058198614,-3.968196926199139e-15,6.846208224019695e-14
gasoline_reference,0.01,0.003,1.01,0.8,True,18,128.0402944087877,1029.0065419495318,0.032328914138264005,403.8637473708823,125759.55630795566,1.2192066619779658,1945.6596838899547,8.196879891175244e-15,-4.314119180208367e-14
gasoline_reference,0.01,0.003,1.01,0.9,True,17,158.46436557150454,1271.0922017874457,0.03661443023566357,441.32513250235513,132099.81644590478,1.2806738587922717,2235.2782049860043,-4.545492757148382e-15,7.484536679102487e-15
gasoline_reference,0.01,0.003,1.01,1.0,True,17,190.55184019065746,1510.0884761900502,0.040793948427968164,476.3177097169032,138591.999302201,1.3436139074180218,2534.260535682307,-5.056044795692171e-15,5.28311039887609e-16
gasoline_reference,0.01,0.003,1.01,1.1,True,17,188.20820245455653,1513.2684163663464,0.045011505897031096,426.3775486591804,138679.96556485037,1.3444667177856793,2519.5751636515524,-2.58732116631412e-14,1.3139034072167413e-14
gasoline_reference,0.01,0.003,1.02,0.7,True,19,102.26815026833,785.5554654929225,0.027721259994222494,376.1895776801399,119617.06161535233,1.1596567504623148,1666.6240058198614,-2.451653445502816e-15,5.405326173153172e-14
gasoline_reference,0.01,0.003,1.02,0.8,True,18,128.04038804945912,1029.00654194996,0.03232889578248275,403.8642720385296,125759.55630796672,1.219206661978073,1945.6596838899547,9.642306479773203e-15,-5.187646809312182e-14
gasoline_reference,0.01,0.003,1.02,0.9,True,17,158.12660090362866,1271.0922017874677,0.03662682358688207,440.23544182594713,132099.81644590542,1.280673858792278,2235.2782049860043,-3.1125820310720997e-15,1.9280425705945392e-14
gasoline_reference,0.01,0.003,1.02,1.0,True,17,190.55089231986412,1510.0884761900634,0.04079417645321472,476.31267791083144,138591.99930220138,1.3436139074180256,2534.260535682307,-5.252695083973693e-15,4.399206724483007e-15
gasoline_reference,0.01,0.003,1.02,1.1,True,17,188.68176951793444,1513.2684163663669,0.044992702825701184,427.6290317924548,138679.96556485092,1.3444667177856846,2519.5751636515524,-2.7067078939653596e-14,9.847709755576749e-15
gasoline_reference,0.01,0.003,1.03,0.7,True,19,102.05398243217633,785.5554654934078,0.027730921415932464,375.27097972757934,119617.06161536436,1.1596567504624316,1666.6240058198614,-1.3949884371867811e-15,5.346911284743057e-14
gasoline_reference,0.01,0.003,1.03,0.8,True,18,128.0404413648129,1029.0065419501043,0.032328885329561664,403.8645707872903,125759.55630797037,1.2192066619781083,1945.6596838899547,6.776749615548573e-15,-4.901523053067025e-14
gasoline_reference,0.01,0.003,1.03,0.9,True,17,157.71005829800947,1271.092201787492,0.03664231153818244,438.89016998448784,132099.8164459061,1.2806738587922843,2235.2782049860043,-5.150646314323721e-15,1.4381293022436206e-14
gasoline_reference,0.01,0.003,1.03,1.0,True,17,190.5499470653081,1510.0884761901043,0.040794403891254286,476.3076595567981,138591.99930220252,1.3436139074180364,2534.260535682307,-4.411055874584461e-15,5.5388494076509085e-15
gasoline_reference,0.01,0.003,1.03,1.1,True,17,189.14506264270022,1513.2684163664,0.04497390472131419,428.8582193977914,138679.96556485182,1.3444667177856933,2519.5751636515524,-2.824695715065409e-14,1.1840659249432002e-14
gasoline_reference,0.01,0.003,1.05,0.7,True,19,102.05398243217633,785.5554654934078,0.027730921415932464,375.27097972757934,119617.06161536436,1.1596567504624316,1666.6240058198614,-1.3949884371867811e-15,5.346911284743057e-14
gasoline_reference,0.01,0.003,1.05,0.8,True,18,128.0404812592801,1029.0065419502578,0.03232887750703775,403.8647943441943,125759.5563079743,1.2192066619781465,1945.6596838899547,8.068776288015917e-15,-4.977132262126061e-14
gasoline_reference,0.01,0.003,1.05,0.9,True,17,157.3005045982392,1271.092201787521,0.036657795349083505,437.56552547954567,132099.81644590682,1.2806738587922915,2235.2782049860043,-3.536121973605336e-15,1.2174415627799399e-14
gasoline_reference,0.01,0.003,1.05,1.0,True,17,190.54806440107944,1510.0884761901746,0.040794857005346956,476.29766319777934,138591.99930220444,1.343613907418055,2534.260535682307,-5.6371661426263214e-15,2.425946135360516e-15
gasoline_reference,0.01,0.003,1.05,1.1,True,17,189.77511676757118,1513.2684163664408,0.044947595687412946,430.53863155101743,138679.9655648529,1.3444667177857037,2519.5751636515524,-2.7317323583481893e-14,1.3966084723285523e-14
gasoline_reference,0.01,0.003,1.08,0.7,True,19,102.05398243217633,785.5554654934078,0.027730921415932464,375.27097972757934,119617.06161536436,1.1596567504624316,1666.6240058198614,-1.3949884371867811e-15,5.346911284743057e-14
gasoline_reference,0.01,0.003,1.08,0.8,True,18,128.0404812592801,1029.0065419502578,0.03232887750703775,403.8647943441943,125759.5563079743,1.2192066619781465,1945.6596838899547,8.068776288015917e-15,-4.977132262126061e-14
gasoline_reference,0.01,0.003,1.08,0.9,True,17,157.3005045982392,1271.092201787521,0.036657795349083505,437.56552547954567,132099.81644590682,1.2806738587922915,2235.2782049860043,-3.536121973605336e-15,1.2174415627799399e-14
gasoline_reference,0.01,0.003,1.08,1.0,True,17,190.54806440107944,1510.0884761901746,0.040794857005346956,476.29766319777934,138591.99930220444,1.343613907418055,2534.260535682307,-5.6371661426263214e-15,2.425946135360516e-15
gasoline_reference,0.01,0.003,1.08,1.1,True,17,189.95095431197174,1513.2684163664753,0.044940080596110946,431.009613719539,138679.96556485392,1.3444667177857137,2519.5751636515524,-2.691271803449045e-14,6.634857103810519e-15
gasoline_reference,0.01,0.004,1.01,0.7,True,18,73.10661670268803,514.7774606749814,0.026474669209689126,281.5823749760436,113053.07741502913,1.096020606211336,1742.5560763571077,-9.629099965931157e-15,-4.4290856375048226e-14
gasoline_reference,0.01,0.004,1.01,0.8,True,17,100.0006642593746,684.8354340280887,0.030697421018781836,332.1852301255413,117142.91492796259,1.1356705325355467,2067.616077536661,3.030351930311417e-15,3.826272977002541e-14
gasoline_reference,0.01,0.004,1.01,0.9,True,16,115.04375069158772,856.8197940394847,0.035529266193979336,330.1840717495089,121391.22790062796,1.176856837819238,2417.1377637342525,-6.797267118102891e-16,-3.456261684007378e-14
gasoline_reference,0.01,0.004,1.01,1.0,True,16,147.44466275925151,1033.721989546337,0.039345234857044456,382.1344914548208,125880.82444283567,1.220382325460503,2600.0,6.079690905315193e-15,-3.029322871159826e-14
gasoline_reference,0.01,0.004,1.01,1.1,True,17,142.44758330825138,1036.9794565020372,0.04352876062491156,333.701461088276,125964.64872292493,1.2211949803689703,2600.0000000000005,-5.4390148818245776e-15,8.300133528497328e-15
gasoline_reference,0.01,0.004,1.02,0.7,True,18,73.19175209231827,514.7774606749814,0.02647466920968916,281.91028818401026,113053.07741502913,1.096020606211336,1742.556076357819,-1.2274954405851141e-14,-5.0512479349138685e-14
gasoline_reference,0.01,0.004,1.02,0.8,True,17,99.96836989137114,684.835434028562,0.030697421018782367,332.07795371745925,117142.91492797415,1.1356705325356589,2067.6160775368367,2.604423049344886e-15,4.1204416972235975e-14
gasoline_reference,0.01,0.004,1.02,0.9,True,16,115.04523774146782,856.8197940395091,0.03552894174678594,330.191354943713,121391.2279006286,1.1768568378192443,2417.1377637342525,6.862867599562785e-17,-2.788475796619549e-14
gasoline_reference,0.01,0.004,1.02,1.0,True,16,147.59742577875204,1033.721989546337,0.039345234857044456,382.5304096093169,125880.82444283567,1.220382325460503,2600.0,5.371595768896813e-15,-3.389433457416517e-14
gasoline_reference,0.01,0.004,1.02,1.1,True,17,142.7162738030498,1036.9794565020372,0.04350660221982382,334.50118103329186,125964.64872292493,1.2211949803689703,2600.0000000000005,-5.573336754658202e-15,4.740523597105902e-15
gasoline_reference,0.01,0.004,1.03,0.7,True,18,73.26701290068235,514.7774606749814,0.026474669209687857,282.2001677888752,113053.07741502913,1.096020606211336,1742.5560763316464,-1.1913970984336011e-14,-4.6227587789526755e-14
gasoline_reference,0.01,0.004,1.03,0.8,True,17,99.92440636383948,684.8354340195459,0.030697421018771966,331.93191434254965,117142.91492775443,1.1356705325335288,2067.616077533954,3.503742202890578e-15,4.8854467428941816e-14
gasoline_reference,0.01,0.004,1.03,0.9,True,16,115.04642366574922,856.8197940395343,0.035528682952876485,330.1971638315234,121391.22790062924,1.1768568378192505,2417.1377637342525,-5.600301357090452e-16,-2.9507109198669446e-14
gasoline_reference,0.01,0.004,1.03,1.0,True,16,147.69248921597864,1033.721989546337,0.039345234857044456,382.7767869115584,125880.82444283567,1.220382325460503,2600.0,6.990004615789811e-15,-3.641864557020313e-14
gasoline_reference,0.01,0.004,1.03,1.1,True,17,142.91607912949792,1036.9794565020372,0.04349183301906564,335.0832394663609,125964.64872292493,1.2211949803689703,2600.0000000000005,-4.620853703573732e-15,6.179129371300247e-15
gasoline_reference,0.01,0.004,1.05,0.7,True,18,73.26701290068235,514.7774606749814,0.026474669209687857,282.2001677888752,113053.07741502913,1.096020606211336,1742.5560763316464,-1.1913970984336011e-14,-4.6227587789526755e-14
gasoline_reference,0.01,0.004,1.05,0.8,True,17,99.90388801363034,684.8354340215415,0.030697421018774262,331.86375586641367,117142.91492780307,1.1356705325340002,2067.616077534577,2.609320808685297e-15,4.5472004985943344e-14
gasoline_reference,0.01,0.004,1.05,0.9,True,16,115.04819638205764,856.8197940396051,0.03552829603092478,330.2058478192632,121391.227900631,1.1768568378192676,2417.1377637342525,-6.971740715221727e-16,-2.938833365610326e-14
gasoline_reference,0.01,0.004,1.05,1.0,True,16,147.81933033910877,1033.721989546337,0.039345234857044456,383.1055229076659,125880.82444283567,1.220382325460503,2600.0,5.9539915434949805e-15,-3.285282026141042e-14
gasoline_reference,0.01,0.004,1.05,1.1,True,17,143.29902383554023,1036.9794565020372,0.04346599280433922,336.18083582442256,125964.64872292493,1.2211949803689703,2600.0000000000005,-5.413736163280221e-15,2.436909803766016e-15
gasoline_reference,0.01,0.004,1.08,0.7,True,18,73.26701290068235,514.7774606749814,0.026474669209687857,282.2001677888752,113053.07741502913,1.096020606211336,1742.5560763316464,-1.1913970984336011e-14,-4.6227587789526755e-14
gasoline_reference,0.01,0.004,1.08,0.8,True,17,99.90388801363034,684.8354340215415,0.030697421018774262,331.86375586641367,117142.91492780307,1.1356705325340002,2067.616077534577,2.609320808685297e-15,4.5472004985943344e-14
gasoline_reference,0.01,0.004,1.08,0.9,True,16,115.04819638205764,856.8197940396051,0.03552829603092478,330.2058478192632,121391.227900631,1.1768568378192676,2417.1377637342525,-6.971740715221727e-16,-2.938833365610326e-14
gasoline_reference,0.01,0.004,1.08,1.0,True,16,147.81933033910877,1033.721989546337,0.039345234857044456,383.1055229076659,125880.82444283567,1.220382325460503,2600.0,5.9539915434949805e-15,-3.285282026141042e-14
gasoline_reference,0.01,0.004,1.08,1.1,True,17,143.4742980905402,1036.9794565020372,0.04345492071311243,336.67779277389275,125964.64872292493,1.2211949803689703,2600.0000000000005,-4.704282019554885e-15,1.1396768057887716e-14
gasoline_reference,0.01,0.005,1.01,0.7,True,17,52.693965709969014,362.9880605157555,0.02516999370515349,213.47995470319387,109494.12716820251,1.0615174958476694,1793.3990896230134,7.840160763340071e-15,-4.609765630155535e-14
gasoline_reference,0.01,0.005,1.01,0.8,True,16,70.47065384931427,489.2048619536624,0.0295396682699382,243.26633465424345,112447.4801526767,1.09014949598789,2155.774118793516,-4.4878450403123485e-15,-2.396823334641004e-14
gasoline_reference,0.01,0.005,1.01,0.9,True,16,93.20193592329579,616.4015620901152,0.033429420663009815,284.2990493313498,115483.95618981976,1.119587352816485,2553.1128645851677,-1.0298950501449525e-14,4.5396135390571436e-14
gasoline_reference,0.01,0.005,1.01,1.0,True,15,103.15164704178626,755.4843233753008,0.03858257122879497,272.6241500602328,118874.30209551673,1.1524558873118949,2600.0,3.3771421773659644e-17,-5.327703144394822e-14
gasoline_reference,0.01,0.005,1.01,1.1,True,15,104.15319892105965,758.2865972309108,0.042383954375478324,250.58234215816069,118943.37155991944,1.1531254980644394,2600.0,7.605352681917505e-15,3.487488728782182e-14
gasoline_reference,0.01,0.005,1.02,0.7,True,17,52.70341144291463,362.9880605157555,0.02516999370515368,213.51822236086804,109494.12716820251,1.0615174958476694,1793.3990896280188,7.781927105811885e-15,-4.143842118210133e-14
gasoline_reference,0.01,0.005,1.02,0.8,True,16,70.34043452626572,489.2048619536624,0.029553425337367822,242.70378372571412,112447.4801526767,1.09014949598789,2155.774118792689,-4.3193893612164175e-15,-1.4342161406077928e-14
gasoline_reference,0.01,0.005,1.02,0.9,True,16,93.2009618771662,616.4015620901527,0.03342963204602734,284.2942804767671,115483.95618982064,1.1195873528164937,2553.1128645851677,-1.10482813353478e-14,4.670825752963138e-14
gasoline_reference,0.01,0.005,1.02,1.0,True,15,103.15298561928054,755.4843233753008,0.03858224612261312,272.62998509412677,118874.30209551673,1.1524558873118949,2600.0,3.7143633548733475e-16,-6.482490126258695e-14
gasoline_reference,0.01,0.005,1.02,1.1,True,15,104.15483288745281,758.2865972309108,0.042383518766069585,250.58884879650012,118943.37155991944,1.1531254980644394,2600.0,8.049330477076105e-15,3.1214193005187394e-14
gasoline_reference,0.01,0.005,1.03,0.7,True,17,52.70475311285754,362.9880605157555,0.02516999370515369,213.52365789100463,109494.12716820251,1.0615174958476694,1793.3990896282612,5.1068969834535044e-15,-4.386076576063811e-14
gasoline_reference,0.01,0.005,1.03,0.8,True,16,70.2128536606982,489.2048619536624,0.029567178875366737,242.15088473290328,112447.4801526767,1.09014949598789,2155.774118789798,-2.657968836862004e-15,-1.3381118691397968e-14
gasoline_reference,0.01,0.005,1.03,0.9,True,16,93.20018507939311,616.401562090157,0.03342980065614893,284.2904770971763,115483.95618982076,1.1195873528164948,2553.1128645851677,-1.122304843941335e-14,3.659601817904722e-14
gasoline_reference,0.01,0.005,1.03,1.0,True,15,103.15465354829479,755.4843233753008,0.03858184095163582,272.6372564730028,118874.30209551673,1.1524558873118949,2600.0,1.1997048686452413e-15,-6.823828602923344e-14
gasoline_reference,0.01,0.005,1.03,1.1,True,15,104.15646099549396,758.2865972309108,0.042383084624703846,250.59533279369128,118943.37155991944,1.1531254980644394,2600.0,6.8427315341922786e-15,3.2789269166778155e-14
gasoline_reference,0.01,0.005,1.05,0.7,True,17,52.70475311285754,362.9880605157555,0.02516999370515369,213.52365789100463,109494.12716820251,1.0615174958476694,1793.3990896282612,5.1068969834535044e-15,-4.386076576063811e-14
gasoline_reference,0.01,0.005,1.05,0.8,True,16,70.13755436322296,489.2048619536624,0.029575429308771765,241.82371311035234,112447.4801526767,1.09014949598789,2155.7741187876354,-2.0009780311378837e-15,-2.4935637020898562e-14
gasoline_reference,0.01,0.005,1.05,0.9,True,16,93.19902393719981,616.4015620902227,0.03343005274597194,284.2847914858042,115483.95618982232,1.11958735281651,2553.1128645851677,-9.04566312271891e-15,5.046989864757682e-14
gasoline_reference,0.01,0.005,1.05,1.0,True,15,103.15697880943375,755.4843233753008,0.0385812759658214,272.64739472843576,118874.30209551673,1.1524558873118949,2600.0,2.0252906447124274e-16,-6.234534304394001e-14
gasoline_reference,0.01,0.005,1.05,1.1,True,15,104.15873054454555,758.2865972309108,0.042382479284287594,250.60437249797332,118943.37155991944,1.1531254980644394,2600.0,7.266298343427423e-15,3.2282360364237717e-14
gasoline_reference,0.01,0.005,1.08,0.7,True,17,52.70475311285754,362.9880605157555,0.02516999370515369,213.52365789100463,109494.12716820251,1.0615174958476694,1793.3990896282612,5.1068969834535044e-15,-4.386076576063811e-14
gasoline_reference,0.01,0.005,1.08,0.8,True,16,70.13755436322296,489.2048619536624,0.029575429308771765,241.82371311035234,112447.4801526767,1.09014949598789,2155.7741187876354,-2.0009780311378837e-15,-2.4935637020898562e-14
gasoline_reference,0.01,0.005,1.08,0.9,True,16,93.19902393719981,616.4015620902227,0.03343005274597194,284.2847914858042,115483.95618982232,1.11958735281651,2553.1128645851677,-9.04566312271891e-15,5.046989864757682e-14
gasoline_reference,0.01,0.005,1.08,1.0,True,15,103.15697880943375,755.4843233753008,0.0385812759658214,272.64739472843576,118874.30209551673,1.1524558873118949,2600.0,2.0252906447124274e-16,-6.234534304394001e-14
gasoline_reference,0.01,0.005,1.08,1.1,True,15,104.15969972031367,758.2865972309108,0.04238222072754159,250.60823317050713,118943.37155991944,1.1531254980644394,2600.0,6.9840531086112015e-15,2.8173192720234823e-14
gasoline_reference,0.01,0.006,1.01,0.7,True,16,37.89027215477645,269.49659373743816,0.02387043691161994,161.8626628973152,107344.4067319881,1.0406765072646254,1825.4468000581974,-3.058002738298979e-15,-3.7393317444644215e-14
gasoline_reference,0.01,0.006,1.01,0.8,True,15,49.794512402117796,365.32931892432856,0.028549280799249458,177.85481872841052,109548.37356891083,1.0620434007973494,2211.781933736525,-3.619387780036161e-15,1.0202931808591878e-14
gasoline_reference,0.01,0.006,1.01,0.9,True,16,69.49312455282245,465.01745836240775,0.03212727132989415,220.57044642652218,111876.9339959418,1.0846181972486217,2600.0,-6.581714441532482e-15,-9.952170032112668e-14
gasoline_reference,0.01,0.006,1.01,1.0,True,15,84.44973734528766,573.8960048768417,0.03654004515251861,235.67230416184034,114462.47871802526,1.1096843905666616,2600.0,-3.1052914968808533e-16,-8.832535827320137e-14
gasoline_reference,0.01,0.006,1.01,1.1,True,15,85.32629874689201,576.0842799773071,0.04012641370015785,216.83624875068713,114514.90002574329,1.1101926017076336,2600.0,-2.6916728926957026e-16,-3.1611961389897826e-14
gasoline_reference,0.01,0.006,1.02,0.7,True,16,37.794658274397115,269.49659373743816,0.02388254175919664,161.37237901624232,107344.4067319881,1.0406765072646254,1825.4468000569614,-1.1449875882686344e-15,-2.909004707640573e-14
gasoline_reference,0.01,0.006,1.02,0.8,True,15,49.796044066422944,365.32931892432856,0.028548983915489486,177.8621390764976,109548.37356891083,1.0620434007973494,2211.7819337363885,-2.6023701569916396e-15,-5.29156492429031e-15
gasoline_reference,0.01,0.006,1.02,0.9,True,15,69.59546545083523,465.01745836240775,0.03211708775051869,220.96531609973206,111876.9339959418,1.0846181972486217,2600.0,-5.621617063229634e-15,-9.331650308859237e-14
gasoline_reference,0.01,0.006,1.02,1.0,True,15,84.44947316380234,573.8960048768417,0.03654010956162687,235.67115149815558,114462.47871802526,1.1096843905666616,2600.0,-1.0785331889017398e-15,-7.391783357158763e-14
gasoline_reference,0.01,0.006,1.02,1.1,True,15,85.32569055047895,576.0842799773072,0.04012657650340406,216.83382341496252,114514.90002574329,1.1101926017076336,2600.0,9.164276670382651e-16,-3.1002594403720395e-14
gasoline_reference,0.01,0.006,1.03,0.7,True,16,37.70023818764931,269.49659373743816,0.023894643410419334,160.88770798024214,107344.4067319881,1.0406765072646254,1825.4468000456686,-2.044376156519281e-15,-5.259069600450476e-14
gasoline_reference,0.01,0.006,1.03,0.8,True,15,49.79757050872123,365.32931892432856,0.028548687985955796,177.86943497941104,109548.37356891083,1.0620434007973494,2211.781933734947,-1.728130046476664e-15,-1.0193474836750396e-14
gasoline_reference,0.01,0.006,1.03,0.9,True,15,69.6879207923878,465.01745836240775,0.03211650974139177,221.26284348119842,111876.9339959418,1.0846181972486217,2600.0,-5.879596883002173e-15,-1.074180057979042e-13
gasoline_reference,0.01,0.006,1.03,1.0,True,15,84.4491439739955,573.8960048768417,0.03654018983388061,235.66971511063193,114462.47871802526,1.1096843905666616,2600.0,-9.500200729248166e-16,-8.392208270153251e-14
gasoline_reference,0.01,0.006,1.03,1.1,True,15,85.32528653650213,576.0842799773072,0.040126684672619255,216.832212200249,114514.90002574329,1.1101926017076336,2600.0,4.500356497403799e-16,-2.1951957233272416e-14
gasoline_reference,0.01,0.006,1.05,0.7,True,16,37.70023818764931,269.49659373743816,0.023894643410419334,160.88770798024214,107344.4067319881,1.0406765072646254,1825.4468000456686,-2.044376156519281e-15,-5.259069600450476e-14
gasoline_reference,0.01,0.006,1.05,0.8,True,15,49.798483875127744,365.32931892432856,0.028548510885025302,177.87380082168755,109548.37356891083,1.0620434007973494,2211.7819337339033,-3.981252478806091e-15,-1.5202878610996052e-14
gasoline_reference,0.01,0.006,1.05,0.9,True,15,69.76212567125032,465.01745836240775,0.03211650974139177,221.49844790604865,111876.9339959418,1.0846181972486217,2600.0,-6.35090536869807e-15,-1.0380009149715011e-13
gasoline_reference,0.01,0.006,1.05,1.0,True,15,84.44861965549185,573.8960048768417,0.0365403177192861,235.6674271084965,114462.47871802526,1.1096843905666616,2600.0,-2.200655722688522e-15,-9.31227132943857e-14
gasoline_reference,0.01,0.006,1.05,1.1,True,15,85.32448197137658,576.0842799773072,0.040126900136118394,216.82900332448182,114514.90002574329,1.1101926017076336,2600.0,1.1480718546004654e-15,-2.1372702485069016e-14
gasoline_reference,0.01,0.006,1.08,0.7,True,16,37.70023818764931,269.49659373743816,0.023894643410419334,160.88770798024214,107344.4067319881,1.0406765072646254,1825.4468000456686,-2.044376156519281e-15,-5.259069600450476e-14
gasoline_reference,0.01,0.006,1.08,0.8,True,15,49.798483875127744,365.32931892432856,0.028548510885025302,177.87380082168755,109548.37356891083,1.0620434007973494,2211.7819337339033,-3.981252478806091e-15,-1.5202878610996052e-14
gasoline_reference,0.01,0.006,1.08,0.9,True,15,69.76212567125032,465.01745836240775,0.03211650974139177,221.49844790604865,111876.9339959418,1.0846181972486217,2600.0,-6.35090536869807e-15,-1.0380009149715011e-13
gasoline_reference,0.01,0.006,1.08,1.0,True,15,84.44861965549185,573.8960048768417,0.0365403177192861,235.6674271084965,114462.47871802526,1.1096843905666616,2600.0,-2.200655722688522e-15,-9.31227132943857e-14
gasoline_reference,0.01,0.006,1.08,1.1,True,15,85.3242815486274,576.0842799773072,0.04012695382038637,216.82820391819885,114514.90002574329,1.1101926017076336,2600.0,3.2468178428782683e-16,-2.0127810769982392e-14
gasoline_reference,0.014,0.002,1.01,0.7,True,20,130.1829893731871,1345.0371638987738,0.0290692784380151,456.66666684154757,134083.5043148295,1.2999052041952048,1571.7203792780874,3.1659136450926864e-15,-2.1701218584211195e-14
gasoline_reference,0.014,0.002,1.01,0.8,True,19,168.64149655218267,1726.5223269000562,0.033394210273855036,514.9589309191058,144675.64800891076,1.4025933221846512,1805.276436083861,-1.1078288939498183e-14,-1.836492763827117e-14
gasoline_reference,0.014,0.002,1.01,0.9,True,18,200.45629088260137,2044.9274900237401,0.037769736871513526,541.1965947810882,156293.91656780033,1.515229457707906,2041.7844878976398,-7.840315941955256e-15,-1.1772552696688892e-14
gasoline_reference,0.014,0.002,1.01,1.0,True,17,243.19207854960007,2396.8525067913074,0.041806411298284225,593.1791265111691,168900.19485404613,1.6374440942775703,2276.161535343592,8.489879304660778e-15,1.4520847460785175e-16
gasoline_reference,0.014,0.002,1.01,1.1,True,18,231.45425267769778,2404.3855241875754,0.04626496975672801,510.1433228189153,169170.0344764314,1.640060120247574,2264.475939932542,-3.743995611031913e-15,-9.916235586478643e-15
gasoline_reference,0.014,0.002,1.02,0.7,True,20,130.08504854705663,1345.0371638993208,0.029081227950592342,456.13559817632347,134083.50431484423,1.2999052041953476,1571.7203792780874,1.0608390247374873e-15,-2.0955903051029218e-14
gasoline_reference,0.014,0.002,1.02,0.8,True,19,168.64112452672202,1726.5223269005007,0.033394282798725916,514.9566765401207,144675.64800892345,1.4025933221847742,1805.276436083861,-1.3182563159742418e-14,-8.942694538835902e-15
gasoline_reference,0.014,0.002,1.02,0.9,True,18,200.45604463223347,2044.927490023868,0.037769790919323996,541.1951555080892,156293.9165678049,1.5152294577079504,2041.7844878976398,-8.034158086460347e-15,-8.978212640180023e-15
gasoline_reference,0.014,0.002,1.02,1.0,True,17,242.9994592207804,2396.8525067913884,0.041806411298284184,592.7093013182609,168900.19485404904,1.6374440942775985,2276.161535343592,6.591797088867463e-15,-1.6593932016940344e-15
gasoline_reference,0.014,0.002,1.02,1.1,True,18,232.07496165463178,2404.3855241876545,0.04624655301129705,511.71511305426446,169170.03447643423,1.6400601202476015,2264.475939932542,-3.1383407265220893e-15,-1.1416608529623084e-14
gasoline_reference,0.014,0.002,1.03,0.7,True,20,130.02261882311518,1345.037163899989,0.029093174756724488,455.7294746154654,134083.50431486225,1.2999052041955221,1571.7203792780874,2.9994130390143856e-15,-2.1094853751776774e-14
gasoline_reference,0.014,0.002,1.03,0.8,True,19,168.64087734612804,1726.5223269009311,0.03339433099417198,514.9551785621358,144675.64800893574,1.4025933221848932,1805.276436083861,-9.967573466137992e-15,-1.571367821396396e-14
gasoline_reference,0.014,0.002,1.03,0.9,True,18,200.45573776763118,2044.9274900240384,0.03776985828198408,541.193361807255,156293.91656781101,1.5152294577080097,2041.7844878976398,-7.989861778078856e-15,-4.753212234561286e-15
gasoline_reference,0.014,0.002,1.03,1.0,True,17,242.64813792148053,2396.852506791488,0.041806411298284135,591.8523800620828,168900.19485405262,1.6374440942776334,2276.161535343592,6.835543736924985e-15,8.959928833728557e-16
gasoline_reference,0.014,0.002,1.03,1.1,True,18,232.72840045775635,2404.3855241877072,0.04622813994449943,513.3603113863373,169170.03447643612,1.6400601202476197,2264.475939932542,-1.2788907900141717e-15,-8.159626464051998e-15
gasoline_reference,0.014,0.002,1.05,0.7,True,20,130.02261882311518,1345.037163899989,0.029093174756724488,455.7294746154654,134083.50431486225,1.2999052041955221,1571.7203792780874,2.9994130390143856e-15,-2.1094853751776774e-14
gasoline_reference,0.014,0.002,1.05,0.8,True,19,168.64069239822192,1726.5223269012392,0.03339436705992724,514.9540576639552,144675.64800894458,1.402593322184979,1805.276436083861,-1.058705320613839e-14,-5.7862076640513145e-15
gasoline_reference,0.014,0.002,1.05,0.9,True,18,200.45543195265057,2044.9274900242785,0.03776992542643091,541.1915740732964,156293.9165678196,1.5152294577080927,2041.7844878976398,-8.16488207588484e-15,-8.455904756796013e-15
gasoline_reference,0.014,0.002,1.05,1.0,True,17,241.9814147946429,2396.852506791728,0.0418170013537543,590.0766767516706,168900.1948540612,1.6374440942777166,2276.161535343592,4.416644759413351e-15,-1.0378248054391004e-15
gasoline_reference,0.014,0.002,1.05,1.1,True,18,233.6866156313455,2404.385524187846,0.046202367808499664,515.7615118404957,169170.03447644107,1.6400601202476677,2264.475939932542,-3.3268120896645725e-15,-9.579992181613418e-15
gasoline_reference,0.014,0.002,1.08,0.7,True,20,130.02261882311518,1345.037163899989,0.029093174756724488,455.7294746154654,134083.50431486225,1.2999052041955221,1571.7203792780874,2.9994130390143856e-15,-2.1094853751776774e-14
gasoline_reference,0.014,0.002,1.08,0.8,True,19,168.64069239822192,1726.5223269012392,0.03339436705992724,514.9540576639552,144675.64800894458,1.402593322184979,1805.276436083861,-1.058705320613839e-14,-5.7862076640513145e-15
gasoline_reference,0.014,0.002,1.08,0.9,True,18,200.45543195265057,2044.9274900242785,0.03776992542643091,541.1915740732964,156293.9165678196,1.5152294577080927,2041.7844878976398,-8.16488207588484e-15,-8.455904756796013e-15
gasoline_reference,0.014,0.002,1.08,1.0,True,17,241.9814147946429,2396.852506791728,0.0418170013537543,590.0766767516706,168900.1948540612,1.6374440942777166,2276.161535343592,4.416644759413351e-15,-1.0378248054391004e-15
gasoline_reference,0.014,0.002,1.08,1.1,True,18,233.9697414123023,2404.3855241879155,0.0461950056565681,516.4686858966883,169170.03447644357,1.6400601202476919,2264.475939932542,-3.085689948622455e-15,-1.035487878925801e-14
gasoline_reference,0.014,0.003,1.01,0.7,True,19,102.58280296216456,785.555465492329,0.02770676412411734,377.5444396344565,119617.0616153376,1.159656750462172,1666.6240058198614,-3.968196926199139e-15,6.846208224019695e-14
gasoline_reference,0.014,0.003,1.01,0.8,True,18,128.0402944087877,1029.0065419495318,0.032328914138264005,403.8637473708823,125759.55630795566,1.2192066619779658,1945.6596838899547,8.196879891175244e-15,-4.314119180208367e-14
gasoline_reference,0.014,0.003,1.01,0.9,True,17,158.46436557150454,1271.0922017874457,0.03661443023566357,441.32513250235513,132099.81644590478,1.2806738587922717,2235.2782049860043,-4.545492757148382e-15,7.484536679102487e-15
gasoline_reference,0.014,0.003,1.01,1.0,True,17,190.55184019065746,1510.0884761900502,0.040793948427968164,476.3177097169032,138591.999302201,1.3436139074180218,2534.260535682307,-5.056044795692171e-15,5.28311039887609e-16
gasoline_reference,0.014,0.003,1.01,1.1,True,17,188.20820245455653,1513.2684163663464,0.045011505897031096,426.3775486591804,138679.96556485037,1.3444667177856793,2519.5751636515524,-2.58732116631412e-14,1.3139034072167413e-14
gasoline_reference,0.014,0.003,1.02,0.7,True,19,102.26815026833,785.5554654929225,0.027721259994222494,376.1895776801399,119617.06161535233,1.1596567504623148,1666.6240058198614,-2.451653445502816e-15,5.405326173153172e-14
gasoline_reference,0.014,0.003,1.02,0.8,True,18,128.04038804945912,1029.00654194996,0.03232889578248275,403.8642720385296,125759.55630796672,1.219206661978073,1945.6596838899547,9.642306479773203e-15,-5.187646809312182e-14
gasoline_reference,0.014,0.003,1.02,0.9,True,17,158.12660090362866,1271.0922017874677,0.03662682358688207,440.23544182594713,132099.81644590542,1.280673858792278,2235.2782049860043,-3.1125820310720997e-15,1.9280425705945392e-14
gasoline_reference,0.014,0.003,1.02,1.0,True,17,190.55089231986412,1510.0884761900634,0.04079417645321472,476.31267791083144,138591.99930220138,1.3436139074180256,2534.260535682307,-5.252695083973693e-15,4.399206724483007e-15
gasoline_reference,0.014,0.003,1.02,1.1,True,17,188.68176951793444,1513.2684163663669,0.044992702825701184,427.6290317924548,138679.96556485092,1.3444667177856846,2519.5751636515524,-2.7067078939653596e-14,9.847709755576749e-15
gasoline_reference,0.014,0.003,1.03,0.7,True,19,102.05398243217633,785.5554654934078,0.027730921415932464,375.27097972757934,119617.06161536436,1.1596567504624316,1666.6240058198614,-1.3949884371867811e-15,5.346911284743057e-14
gasoline_reference,0.014,0.003,1.03,0.8,True,18,128.0404413648129,1029.0065419501043,0.032328885329561664,403.8645707872903,125759.55630797037,1.2192066619781083,1945.6596838899547,6.776749615548573e-15,-4.901523053067025e-14
gasoline_reference,0.014,0.003,1.03,0.9,True,17,157.71005829800947,1271.092201787492,0.03664231153818244,438.89016998448784,132099.8164459061,1.2806738587922843,2235.2782049860043,-5.150646314323721e-15,1.4381293022436206e-14
gasoline_reference,0.014,0.003,1.03,1.0,True,17,190.5499470653081,1510.0884761901043,0.040794403891254286,476.3076595567981,138591.99930220252,1.3436139074180364,2534.260535682307,-4.411055874584461e-15,5.5388494076509085e-15
gasoline_reference,0.014,0.003,1.03,1.1,True,17,189.14506264270022,1513.2684163664,0.04497390472131419,428.8582193977914,138679.96556485182,1.3444667177856933,2519.5751636515524,-2.824695715065409e-14,1.1840659249432002e-14
gasoline_reference,0.014,0.003,1.05,0.7,True,19,102.05398243217633,785.5554654934078,0.027730921415932464,375.27097972757934,119617.06161536436,1.1596567504624316,1666.6240058198614,-1.3949884371867811e-15,5.346911284743057e-14
gasoline_reference,0.014,0.003,1.05,0.8,True,18,128.0404812592801,1029.0065419502578,0.03232887750703775,403.8647943441943,125759.5563079743,1.2192066619781465,1945.6596838899547,8.068776288015917e-15,-4.977132262126061e-14
gasoline_reference,0.014,0.003,1.05,0.9,True,17,157.3005045982392,1271.092201787521,0.036657795349083505,437.56552547954567,132099.81644590682,1.2806738587922915,2235.2782049860043,-3.536121973605336e-15,1.2174415627799399e-14
gasoline_reference,0.014,0.003,1.05,1.0,True,17,190.54806440107944,1510.0884761901746,0.040794857005346956,476.29766319777934,138591.99930220444,1.343613907418055,2534.260535682307,-5.6371661426263214e-15,2.425946135360516e-15
gasoline_reference,0.014,0.003,1.05,1.1,True,17,189.77511676757118,1513.2684163664408,0.044947595687412946,430.53863155101743,138679.9655648529,1.3444667177857037,2519.5751636515524,-2.7317323583481893e-14,1.3966084723285523e-14
gasoline_reference,0.014,0.003,1.08,0.7,True,19,102.05398243217633,785.5554654934078,0.027730921415932464,375.27097972757934,119617.06161536436,1.1596567504624316,1666.6240058198614,-1.3949884371867811e-15,5.346911284743057e-14
gasoline_reference,0.014,0.003,1.08,0.8,True,18,128.0404812592801,1029.0065419502578,0.03232887750703775,403.8647943441943,125759.5563079743,1.2192066619781465,1945.6596838899547,8.068776288015917e-15,-4.977132262126061e-14
gasoline_reference,0.014,0.003,1.08,0.9,True,17,157.3005045982392,1271.092201787521,0.036657795349083505,437.56552547954567,132099.81644590682,1.2806738587922915,2235.2782049860043,-3.536121973605336e-15,1.2174415627799399e-14
gasoline_reference,0.014,0.003,1.08,1.0,True,17,190.54806440107944,1510.0884761901746,0.040794857005346956,476.29766319777934,138591.99930220444,1.343613907418055,2534.260535682307,-5.6371661426263214e-15,2.425946135360516e-15
gasoline_reference,0.014,0.003,1.08,1.1,True,17,189.95095431197174,1513.2684163664753,0.044940080596110946,431.009613719539,138679.96556485392,1.3444667177857137,2519.5751636515524,-2.691271803449045e-14,6.634857103810519e-15
gasoline_reference,0.014,0.004,1.01,0.7,True,18,73.10661670268803,514.7774606749814,0.026474669209689126,281.5823749760436,113053.07741502913,1.096020606211336,1742.5560763571077,-9.629099965931157e-15,-4.4290856375048226e-14
gasoline_reference,0.014,0.004,1.01,0.8,True,17,100.0006642593746,684.8354340280887,0.030697421018781836,332.1852301255413,117142.91492796259,1.1356705325355467,2067.616077536661,3.030351930311417e-15,3.826272977002541e-14
gasoline_reference,0.014,0.004,1.01,0.9,True,16,115.04375069158772,856.8197940394847,0.035529266193979336,330.1840717495089,121391.22790062796,1.176856837819238,2417.1377637342525,-6.797267118102891e-16,-3.456261684007378e-14
gasoline_reference,0.014,0.004,1.01,1.0,True,16,147.44466275925151,1033.721989546337,0.039345234857044456,382.1344914548208,125880.82444283567,1.220382325460503,2600.0,6.079690905315193e-15,-3.029322871159826e-14
gasoline_reference,0.014,0.004,1.01,1.1,True,17,142.44758330825138,1036.9794565020372,0.04352876062491156,333.701461088276,125964.64872292493,1.2211949803689703,2600.0000000000005,-5.4390148818245776e-15,8.300133528497328e-15
gasoline_reference,0.014,0.004,1.02,0.7,True,18,73.19175209231827,514.7774606749814,0.02647466920968916,281.91028818401026,113053.07741502913,1.096020606211336,1742.556076357819,-1.2274954405851141e-14,-5.0512479349138685e-14
gasoline_reference,0.014,0.004,1.02,0.8,True,17,99.96836989137114,684.835434028562,0.030697421018782367,332.07795371745925,117142.91492797415,1.1356705325356589,2067.6160775368367,2.604423049344886e-15,4.1204416972235975e-14
gasoline_reference,0.014,0.004,1.02,0.9,True,16,115.04523774146782,856.8197940395091,0.03552894174678594,330.191354943713,121391.2279006286,1.1768568378192443,2417.1377637342525,6.862867599562785e-17,-2.788475796619549e-14
gasoline_reference,0.014,0.004,1.02,1.0,True,16,147.59742577875204,1033.721989546337,0.039345234857044456,382.5304096093169,125880.82444283567,1.220382325460503,2600.0,5.371595768896813e-15,-3.389433457416517e-14
gasoline_reference,0.014,0.004,1.02,1.1,True,17,142.7162738030498,1036.9794565020372,0.04350660221982382,334.50118103329186,125964.64872292493,1.2211949803689703,2600.0000000000005,-5.573336754658202e-15,4.740523597105902e-15
gasoline_reference,0.014,0.004,1.03,0.7,True,18,73.26701290068235,514.7774606749814,0.026474669209687857,282.2001677888752,113053.07741502913,1.096020606211336,1742.5560763316464,-1.1913970984336011e-14,-4.6227587789526755e-14
gasoline_reference,0.014,0.004,1.03,0.8,True,17,99.92440636383948,684.8354340195459,0.030697421018771966,331.93191434254965,117142.91492775443,1.1356705325335288,2067.616077533954,3.503742202890578e-15,4.8854467428941816e-14
gasoline_reference,0.014,0.004,1.03,0.9,True,16,115.04642366574922,856.8197940395343,0.035528682952876485,330.1971638315234,121391.22790062924,1.1768568378192505,2417.1377637342525,-5.600301357090452e-16,-2.9507109198669446e-14
gasoline_reference,0.014,0.004,1.03,1.0,True,16,147.69248921597864,1033.721989546337,0.039345234857044456,382.7767869115584,125880.82444283567,1.220382325460503,2600.0,6.990004615789811e-15,-3.641864557020313e-14
gasoline_reference,0.014,0.004,1.03,1.1,True,17,142.91607912949792,1036.9794565020372,0.04349183301906564,335.0832394663609,125964.64872292493,1.2211949803689703,2600.0000000000005,-4.620853703573732e-15,6.179129371300247e-15
gasoline_reference,0.014,0.004,1.05,0.7,True,18,73.26701290068235,514.7774606749814,0.026474669209687857,282.2001677888752,113053.07741502913,1.096020606211336,1742.5560763316464,-1.1913970984336011e-14,-4.6227587789526755e-14
gasoline_reference,0.014,0.004,1.05,0.8,True,17,99.90388801363034,684.8354340215415,0.030697421018774262,331.86375586641367,117142.91492780307,1.1356705325340002,2067.616077534577,2.609320808685297e-15,4.5472004985943344e-14
gasoline_reference,0.014,0.004,1.05,0.9,True,16,115.04819638205764,856.8197940396051,0.03552829603092478,330.2058478192632,121391.227900631,1.1768568378192676,2417.1377637342525,-6.971740715221727e-16,-2.938833365610326e-14
gasoline_reference,0.014,0.004,1.05,1.0,True,16,147.81933033910877,1033.721989546337,0.039345234857044456,383.1055229076659,125880.82444283567,1.220382325460503,2600.0,5.9539915434949805e-15,-3.285282026141042e-14
gasoline_reference,0.014,0.004,1.05,1.1,True,17,143.29902383554023,1036.9794565020372,0.04346599280433922,336.18083582442256,125964.64872292493,1.2211949803689703,2600.0000000000005,-5.413736163280221e-15,2.436909803766016e-15
gasoline_reference,0.014,0.004,1.08,0.7,True,18,73.26701290068235,514.7774606749814,0.026474669209687857,282.2001677888752,113053.07741502913,1.096020606211336,1742.5560763316464,-1.1913970984336011e-14,-4.6227587789526755e-14
gasoline_reference,0.014,0.004,1.08,0.8,True,17,99.90388801363034,684.8354340215415,0.030697421018774262,331.86375586641367,117142.91492780307,1.1356705325340002,2067.616077534577,2.609320808685297e-15,4.5472004985943344e-14
gasoline_reference,0.014,0.004,1.08,0.9,True,16,115.04819638205764,856.8197940396051,0.03552829603092478,330.2058478192632,121391.227900631,1.1768568378192676,2417.1377637342525,-6.971740715221727e-16,-2.938833365610326e-14
gasoline_reference,0.014,0.004,1.08,1.0,True,16,147.81933033910877,1033.721989546337,0.039345234857044456,383.1055229076659,125880.82444283567,1.220382325460503,2600.0,5.9539915434949805e-15,-3.285282026141042e-14
gasoline_reference,0.014,0.004,1.08,1.1,True,17,143.4742980905402,1036.9794565020372,0.04345492071311243,336.67779277389275,125964.64872292493,1.2211949803689703,2600.0000000000005,-4.704282019554885e-15,1.1396768057887716e-14
gasoline_reference,0.014,0.005,1.01,0.7,True,17,52.693965709969014,362.9880605157555,0.02516999370515349,213.47995470319387,109494.12716820251,1.0615174958476694,1793.3990896230134,7.840160763340071e-15,-4.609765630155535e-14
gasoline_reference,0.014,0.005,1.01,0.8,True,16,70.47065384931427,489.2048619536624,0.0295396682699382,243.26633465424345,112447.4801526767,1.09014949598789,2155.774118793516,-4.4878450403123485e-15,-2.396823334641004e-14
gasoline_reference,0.014,0.005,1.01,0.9,True,16,93.20193592329579,616.4015620901152,0.033429420663009815,284.2990493313498,115483.95618981976,1.119587352816485,2553.1128645851677,-1.0298950501449525e-14,4.5396135390571436e-14
gasoline_reference,0.014,0.005,1.01,1.0,True,15,103.15164704178626,755.4843233753008,0.03858257122879497,272.6241500602328,118874.30209551673,1.1524558873118949,2600.0,3.3771421773659644e-17,-5.327703144394822e-14
gasoline_reference,0.014,0.005,1.01,1.1,True,15,104.15319892105965,758.2865972309108,0.042383954375478324,250.58234215816069,118943.37155991944,1.1531254980644394,2600.0,7.605352681917505e-15,3.487488728782182e-14
gasoline_reference,0.014,0.005,1.02,0.7,True,17,52.70341144291463,362.9880605157555,0.02516999370515368,213.51822236086804,109494.12716820251,1.0615174958476694,1793.3990896280188,7.781927105811885e-15,-4.143842118210133e-14
gasoline_reference,0.014,0.005,1.02,0.8,True,16,70.34043452626572,489.2048619536624,0.029553425337367822,242.70378372571412,112447.4801526767,1.09014949598789,2155.774118792689,-4.3193893612164175e-15,-1.4342161406077928e-14
gasoline_reference,0.014,0.005,1.02,0.9,True,16,93.2009618771662,616.4015620901527,0.03342963204602734,284.2942804767671,115483.95618982064,1.1195873528164937,2553.1128645851677,-1.10482813353478e-14,4.670825752963138e-14
gasoline_reference,0.014,0.005,1.02,1.0,True,15,103.15298561928054,755.4843233753008,0.03858224612261312,272.62998509412677,118874.30209551673,1.1524558873118949,2600.0,3.7143633548733475e-16,-6.482490126258695e-14
gasoline_reference,0.014,0.005,1.02,1.1,True,15,104.15483288745281,758.2865972309108,0.042383518766069585,250.58884879650012,118943.37155991944,1.1531254980644394,2600.0,8.049330477076105e-15,3.1214193005187394e-14
gasoline_reference,0.014,0.005,1.03,0.7,True,17,52.70475311285754,362.9880605157555,0.02516999370515369,213.52365789100463,109494.12716820251,1.0615174958476694,1793.3990896282612,5.1068969834535044e-15,-4.386076576063811e-14
gasoline_reference,0.014,0.005,1.03,0.8,True,16,70.2128536606982,489.2048619536624,0.029567178875366737,242.15088473290328,112447.4801526767,1.09014949598789,2155.774118789798,-2.657968836862004e-15,-1.3381118691397968e-14
gasoline_reference,0.014,0.005,1.03,0.9,True,16,93.20018507939311,616.401562090157,0.03342980065614893,284.2904770971763,115483.95618982076,1.1195873528164948,2553.1128645851677,-1.122304843941335e-14,3.659601817904722e-14
gasoline_reference,0.014,0.005,1.03,1.0,True,15,103.15465354829479,755.4843233753008,0.03858184095163582,272.6372564730028,118874.30209551673,1.1524558873118949,2600.0,1.1997048686452413e-15,-6.823828602923344e-14
gasoline_reference,0.014,0.005,1.03,1.1,True,15,104.15646099549396,758.2865972309108,0.042383084624703846,250.59533279369128,118943.37155991944,1.1531254980644394,2600.0,6.8427315341922786e-15,3.2789269166778155e-14
gasoline_reference,0.014,0.005,1.05,0.7,True,17,52.70475311285754,362.9880605157555,0.02516999370515369,213.52365789100463,109494.12716820251,1.0615174958476694,1793.3990896282612,5.1068969834535044e-15,-4.386076576063811e-14
gasoline_reference,0.014,0.005,1.05,0.8,True,16,70.13755436322296,489.2048619536624,0.029575429308771765,241.82371311035234,112447.4801526767,1.09014949598789,2155.7741187876354,-2.0009780311378837e-15,-2.4935637020898562e-14
gasoline_reference,0.014,0.005,1.05,0.9,True,16,93.19902393719981,616.4015620902227,0.03343005274597194,284.2847914858042,115483.95618982232,1.11958735281651,2553.1128645851677,-9.04566312271891e-15,5.046989864757682e-14
gasoline_reference,0.014,0.005,1.05,1.0,True,15,103.15697880943375,755.4843233753008,0.0385812759658214,272.64739472843576,118874.30209551673,1.1524558873118949,2600.0,2.0252906447124274e-16,-6.234534304394001e-14
gasoline_reference,0.014,0.005,1.05,1.1,True,15,104.15873054454555,758.2865972309108,0.042382479284287594,250.60437249797332,118943.37155991944,1.1531254980644394,2600.0,7.266298343427423e-15,3.2282360364237717e-14
gasoline_reference,0.014,0.005,1.08,0.7,True,17,52.70475311285754,362.9880605157555,0.02516999370515369,213.52365789100463,109494.12716820251,1.0615174958476694,1793.3990896282612,5.1068969834535044e-15,-4.386076576063811e-14
gasoline_reference,0.014,0.005,1.08,0.8,True,16,70.13755436322296,489.2048619536624,0.029575429308771765,241.82371311035234,112447.4801526767,1.09014949598789,2155.7741187876354,-2.0009780311378837e-15,-2.4935637020898562e-14
gasoline_reference,0.014,0.005,1.08,0.9,True,16,93.19902393719981,616.4015620902227,0.03343005274597194,284.2847914858042,115483.95618982232,1.11958735281651,2553.1128645851677,-9.04566312271891e-15,5.046989864757682e-14
gasoline_reference,0.014,0.005,1.08,1.0,True,15,103.15697880943375,755.4843233753008,0.0385812759658214,272.64739472843576,118874.30209551673,1.1524558873118949,2600.0,2.0252906447124274e-16,-6.234534304394001e-14
gasoline_reference,0.014,0.005,1.08,1.1,True,15,104.15969972031367,758.2865972309108,0.04238222072754159,250.60823317050713,118943.37155991944,1.1531254980644394,2600.0,6.9840531086112015e-15,2.8173192720234823e-14
gasoline_reference,0.014,0.006,1.01,0.7,True,16,37.89027215477645,269.49659373743816,0.02387043691161994,161.8626628973152,107344.4067319881,1.0406765072646254,1825.4468000581974,-3.058002738298979e-15,-3.7393317444644215e-14
gasoline_reference,0.014,0.006,1.01,0.8,True,15,49.794512402117796,365.32931892432856,0.028549280799249458,177.85481872841052,109548.37356891083,1.0620434007973494,2211.781933736525,-3.619387780036161e-15,1.0202931808591878e-14
gasoline_reference,0.014,0.006,1.01,0.9,True,16,69.49312455282245,465.01745836240775,0.03212727132989415,220.57044642652218,111876.9339959418,1.0846181972486217,2600.0,-6.581714441532482e-15,-9.952170032112668e-14
gasoline_reference,0.014,0.006,1.01,1.0,True,15,84.44973734528766,573.8960048768417,0.03654004515251861,235.67230416184034,114462.47871802526,1.1096843905666616,2600.0,-3.1052914968808533e-16,-8.832535827320137e-14
gasoline_reference,0.014,0.006,1.01,1.1,True,15,85.32629874689201,576.0842799773071,0.04012641370015785,216.83624875068713,114514.90002574329,1.1101926017076336,2600.0,-2.6916728926957026e-16,-3.1611961389897826e-14
gasoline_reference,0.014,0.006,1.02,0.7,True,16,37.794658274397115,269.49659373743816,0.02388254175919664,161.37237901624232,107344.4067319881,1.0406765072646254,1825.4468000569614,-1.1449875882686344e-15,-2.909004707640573e-14
gasoline_reference,0.014,0.006,1.02,0.8,True,15,49.796044066422944,365.32931892432856,0.028548983915489486,177.8621390764976,109548.37356891083,1.0620434007973494,2211.7819337363885,-2.6023701569916396e-15,-5.29156492429031e-15
gasoline_reference,0.014,0.006,1.02,0.9,True,15,69.59546545083523,465.01745836240775,0.03211708775051869,220.96531609973206,111876.9339959418,1.0846181972486217,2600.0,-5.621617063229634e-15,-9.331650308859237e-14
gasoline_reference,0.014,0.006,1.02,1.0,True,15,84.44947316380234,573.8960048768417,0.03654010956162687,235.67115149815558,114462.47871802526,1.1096843905666616,2600.0,-1.0785331889017398e-15,-7.391783357158763e-14
gasoline_reference,0.014,0.006,1.02,1.1,True,15,85.32569055047895,576.0842799773072,0.04012657650340406,216.83382341496252,114514.90002574329,1.1101926017076336,2600.0,9.164276670382651e-16,-3.1002594403720395e-14
gasoline_reference,0.014,0.006,1.03,0.7,True,16,37.70023818764931,269.49659373743816,0.023894643410419334,160.88770798024214,107344.4067319881,1.0406765072646254,1825.4468000456686,-2.044376156519281e-15,-5.259069600450476e-14
gasoline_reference,0.014,0.006,1.03,0.8,True,15,49.79757050872123,365.32931892432856,0.028548687985955796,177.86943497941104,109548.37356891083,1.0620434007973494,2211.781933734947,-1.728130046476664e-15,-1.0193474836750396e-14
gasoline_reference,0.014,0.006,1.03,0.9,True,15,69.6879207923878,465.01745836240775,0.03211650974139177,221.26284348119842,111876.9339959418,1.0846181972486217,2600.0,-5.879596883002173e-15,-1.074180057979042e-13
gasoline_reference,0.014,0.006,1.03,1.0,True,15,84.4491439739955,573.8960048768417,0.03654018983388061,235.66971511063193,114462.47871802526,1.1096843905666616,2600.0,-9.500200729248166e-16,-8.392208270153251e-14
gasoline_reference,0.014,0.006,1.03,1.1,True,15,85.32528653650213,576.0842799773072,0.040126684672619255,216.832212200249,114514.90002574329,1.1101926017076336,2600.0,4.500356497403799e-16,-2.1951957233272416e-14
gasoline_reference,0.014,0.006,1.05,0.7,True,16,37.70023818764931,269.49659373743816,0.023894643410419334,160.88770798024214,107344.4067319881,1.0406765072646254,1825.4468000456686,-2.044376156519281e-15,-5.259069600450476e-14
gasoline_reference,0.014,0.006,1.05,0.8,True,15,49.798483875127744,365.32931892432856,0.028548510885025302,177.87380082168755,109548.37356891083,1.0620434007973494,2211.7819337339033,-3.981252478806091e-15,-1.5202878610996052e-14
gasoline_reference,0.014,0.006,1.05,0.9,True,15,69.76212567125032,465.01745836240775,0.03211650974139177,221.49844790604865,111876.9339959418,1.0846181972486217,2600.0,-6.35090536869807e-15,-1.0380009149715011e-13
gasoline_reference,0.014,0.006,1.05,1.0,True,15,84.44861965549185,573.8960048768417,0.0365403177192861,235.6674271084965,114462.47871802526,1.1096843905666616,2600.0,-2.200655722688522e-15,-9.31227132943857e-14
gasoline_reference,0.014,0.006,1.05,1.1,True,15,85.32448197137658,576.0842799773072,0.040126900136118394,216.82900332448182,114514.90002574329,1.1101926017076336,2600.0,1.1480718546004654e-15,-2.1372702485069016e-14
gasoline_reference,0.014,0.006,1.08,0.7,True,16,37.70023818764931,269.49659373743816,0.023894643410419334,160.88770798024214,107344.4067319881,1.0406765072646254,1825.4468000456686,-2.044376156519281e-15,-5.259069600450476e-14
gasoline_reference,0.014,0.006,1.08,0.8,True,15,49.798483875127744,365.32931892432856,0.028548510885025302,177.87380082168755,109548.37356891083,1.0620434007973494,2211.7819337339033,-3.981252478806091e-15,-1.5202878610996052e-14
gasoline_reference,0.014,0.006,1.08,0.9,True,15,69.76212567125032,465.01745836240775,0.03211650974139177,221.49844790604865,111876.9339959418,1.0846181972486217,2600.0,-6.35090536869807e-15,-1.0380009149715011e-13
gasoline_reference,0.014,0.006,1.08,1.0,True,15,84.44861965549185,573.8960048768417,0.0365403177192861,235.6674271084965,114462.47871802526,1.1096843905666616,2600.0,-2.200655722688522e-15,-9.31227132943857e-14
gasoline_reference,0.014,0.006,1.08,1.1,True,15,85.3242815486274,576.0842799773072,0.04012695382038637,216.82820391819885,114514.90002574329,1.1101926017076336,2600.0,3.2468178428782683e-16,-2.0127810769982392e-14
gasoline_reference,0.018,0.002,1.01,0.7,True,17,156.2054482090178,1804.2555125693068,0.029627271607367583,537.6304311957269,146908.87590379265,1.4242438941736904,1609.7783837043978,-7.100266223125021e-15,4.1083802161103097e-16
gasoline_reference,0.018,0.002,1.01,0.8,True,17,183.89282630819295,2010.7496760311035,0.033802246505845436,554.7515796157833,155031.30006401415,1.5029887143550125,1832.4129003564287,1.938141103189363e-15,-1.0739870388562547e-14
gasoline_reference,0.018,0.002,1.01,0.9,True,17,211.49054147181494,2250.077250573073,0.03796166407069961,568.1003172796795,163642.56997015182,1.5864727687352937,2056.579965481558,5.481276975125054e-15,-1.1137827767744765e-14
gasoline_reference,0.018,0.002,1.01,1.0,True,17,239.06264551309005,2489.794404178565,0.042106965862117665,578.9447198483871,172229.45923450164,1.669720459043025,2281.863052840194,2.7624277433088706e-15,6.174950382063131e-15
gasoline_reference,0.018,0.002,1.01,1.1,True,17,238.82803242243898,2485.932134936139,0.04626985377282706,526.3401478865305,172091.10919239995,1.668379190848644,2269.456650265751,1.1536345515131355e-15,-6.594015799004182e-15
gasoline_reference,0.018,0.002,1.02,0.7,True,17,156.20435325942526,1804.2555125700824,0.029627457759357666,537.6232846237327,146908.875903815,1.424243894173907,1609.7783837043978,-6.5359653662949795e-15,8.616045914450085e-16
gasoline_reference,0.018,0.002,1.02,0.8,True,17,183.891663882146,2010.7496760312788,0.033802472059804224,554.7443712411075,155031.30006402137,1.5029887143550824,1832.4129003564287,1.1196219934817635e-15,-9.408995443177846e-15
gasoline_reference,0.018,0.002,1.02,0.9,True,17,211.48971080765688,2250.0772505731115,0.03796184503462251,568.095377850819,163642.56997015318,1.586472768735307,2056.579965481558,4.452705662047013e-15,-7.144054500791392e-15
gasoline_reference,0.018,0.002,1.02,1.0,True,17,239.06175089792563,2489.7944041786413,0.04210718188027873,578.9395832440637,172229.45923450438,1.6697204590430514,2281.863052840194,1.4626766638022872e-15,4.7409903708857524e-15
gasoline_reference,0.018,0.002,1.02,1.1,True,17,238.82688366639985,2485.9321349362067,0.04627015900705002,526.3341440700794,172091.1091924024,1.6683791908486678,2269.456650265751,-1.0043659656935994e-15,-7.321008836271145e-15
gasoline_reference,0.018,0.002,1.03,0.7,True,17,156.2034441610029,1804.2555125708639,0.029627612345764515,537.6173505818732,146908.87590383764,1.4242438941741264,1609.7783837043978,-4.430951683350062e-15,2.2706110543794145e-17
gasoline_reference,0.018,0.002,1.03,0.8,True,17,183.8906988370444,2010.7496760314723,0.03380265935417343,554.7383862767709,155031.3000640297,1.5029887143551632,1832.4129003564287,1.0586470661398207e-15,-6.8247708463494914e-15
gasoline_reference,0.018,0.002,1.03,0.9,True,17,211.48867573909482,2250.0772505731843,0.037962070570710646,568.0892224007837,163642.5699701558,1.5864727687353324,2056.579965481558,4.9324122325551406e-15,-5.759120519626166e-15
gasoline_reference,0.018,0.002,1.03,1.0,True,17,239.06063619360188,2489.7944041787296,0.04210745109566906,578.9331822949198,172229.45923450755,1.6697204590430823,2281.863052840194,-2.8251412607693425e-16,9.393962575948041e-15
gasoline_reference,0.018,0.002,1.03,1.1,True,17,238.82573904820143,2485.932134936284,0.04627046321076345,526.3281611739643,172091.10919240516,1.6683791908486947,2269.456650265751,-1.3917907129899086e-15,-2.19990262927499e-15
gasoline_reference,0.018,0.002,1.05,0.7,True,17,156.2034441610029,1804.2555125708639,0.029627612345764515,537.6173505818732,146908.87590383764,1.4242438941741264,1609.7783837043978,-4.430951683350062e-15,2.2706110543794145e-17
gasoline_reference,0.018,0.002,1.05,0.8,True,17,183.8901213940533,2010.749676031591,0.03380277144057844,554.7348048713333,155031.30006403464,1.5029887143552112,1832.4129003564287,2.827035600924011e-16,-1.2129578735405092e-14
gasoline_reference,0.018,0.002,1.05,0.9,True,17,211.48764428225206,2250.0772505732657,0.03796229536592658,568.0830878121417,163642.56997015871,1.5864727687353606,2056.579965481558,4.123550695650393e-15,-8.714457639758947e-15
gasoline_reference,0.018,0.002,1.05,1.0,True,17,239.0590822400972,2489.794404178888,0.04210782649435013,578.9242578278399,172229.45923451323,1.6697204590431374,2281.863052840194,1.713149987184702e-16,4.794699304040232e-15
gasoline_reference,0.018,0.002,1.05,1.1,True,17,238.82414350978357,2485.93213493643,0.04627088736989021,526.3198201510342,172091.1091924104,1.6683791908487453,2269.456650265751,-5.274242195516247e-16,-1.5316514932183516e-15
gasoline_reference,0.018,0.002,1.08,0.7,True,17,156.2034441610029,1804.2555125708639,0.029627612345764515,537.6173505818732,146908.87590383764,1.4242438941741264,1609.7783837043978,-4.430951683350062e-15,2.2706110543794145e-17
gasoline_reference,0.018,0.002,1.08,0.8,True,17,183.8901213940533,2010.749676031591,0.03380277144057844,554.7348048713333,155031.30006403464,1.5029887143552112,1832.4129003564287,2.827035600924011e-16,-1.2129578735405092e-14
gasoline_reference,0.018,0.002,1.08,0.9,True,17,211.48764428225206,2250.0772505732657,0.03796229536592658,568.0830878121417,163642.56997015871,1.5864727687353606,2056.579965481558,4.123550695650393e-15,-8.714457639758947e-15
gasoline_reference,0.018,0.002,1.08,1.0,True,17,239.0590822400972,2489.794404178888,0.04210782649435013,578.9242578278399,172229.45923451323,1.6697204590431374,2281.863052840194,1.713149987184702e-16,4.794699304040232e-15
gasoline_reference,0.018,0.002,1.08,1.1,True,17,238.82368912161806,2485.932134936492,0.04627100818927991,526.3174444877044,172091.10919241258,1.6683791908487666,2269.456650265751,-1.0983948032114914e-15,2.5263669981249437e-18
gasoline_reference,0.018,0.003,1.01,0.7,True,17,117.45855114275813,1011.6362041847459,0.02854342471716665,419.62164715691125,125313.59736665888,1.2148832043564533,1712.0034920954358,-2.4896305523167765e-15,-1.2051450861686382e-14
gasoline_reference,0.018,0.003,1.01,0.8,True,17,142.03411535136496,1178.8649636580906,0.03262918430946344,443.8802050523763,129656.69676529567,1.2569884397429705,1975.2861388153003,1.9180091187741677e-15,-2.12140240142816e-15
gasoline_reference,0.018,0.003,1.01,0.9,True,17,166.39577085647693,1344.9841901098991,0.036708992115564366,462.22044119094215,134082.07524391334,1.2998913497189917,2249.6472746033664,-4.0158129292715134e-16,2.0343593711327615e-14
gasoline_reference,0.018,0.003,1.01,1.0,True,17,190.55373617573832,1510.0884761863003,0.040793490862592596,476.32779179509004,138591.99930209733,1.3436139074170168,2534.262687050118,-4.950559761429384e-16,-1.6701743356781473e-15
gasoline_reference,0.018,0.003,1.01,1.1,True,17,188.20820245455653,1513.2684163663464,0.045011505897031096,426.3775486591804,138679.96556485037,1.3444667177856793,2519.5751636515524,-2.58732116631412e-14,1.3139034072167413e-14
gasoline_reference,0.018,0.003,1.02,0.7,True,17,117.45739938200862,1011.6362041847459,0.028543619980033984,419.6146619378979,125313.59736665888,1.2148832043564533,1712.0034920919788,1.2232074754910106e-15,-1.572741941855353e-14
gasoline_reference,0.018,0.003,1.02,0.8,True,17,142.0328841722346,1178.8649636580906,0.0326294224140898,443.8731183421222,129656.69676529567,1.2569884397429705,1975.2861388141055,2.0338573933468295e-15,8.879410179676648e-16
gasoline_reference,0.018,0.003,1.02,0.9,True,17,166.39488190117902,1344.9841901098991,0.03670918498068311,462.21554338639106,134082.07524391334,1.2998913497189917,2249.6472746031704,-2.8392963127704843e-15,2.039303841018125e-14
gasoline_reference,0.018,0.003,1.02,1.0,True,17,190.55278325284547,1510.0884761863003,0.040793720018206275,476.322734048954,138591.99930209733,1.3436139074170168,2534.2626870499507,-1.4462077501980497e-15,4.071226140298341e-15
gasoline_reference,0.018,0.003,1.02,1.1,True,17,188.68176951793444,1513.2684163663669,0.044992702825701184,427.6290317924548,138679.96556485092,1.3444667177856846,2519.5751636515524,-2.7067078939653596e-14,9.847709755576749e-15
gasoline_reference,0.018,0.003,1.03,0.7,True,17,117.45644313818266,1011.6362041847459,0.028543782130030067,419.60886206707755,125313.59736665888,1.2148832043564533,1712.0034920880557,1.437673779585209e-16,-1.2120981273166876e-14
gasoline_reference,0.018,0.003,1.03,0.8,True,17,142.03206620333418,1178.8649636580906,0.032629580637763604,443.86840970513,129656.69676529567,1.2569884397429705,1975.2861388133012,4.566656239631629e-15,1.5919200755455887e-15
gasoline_reference,0.018,0.003,1.03,0.9,True,17,166.39377417092714,1344.9841901098991,0.03670942535781116,462.209439692519,134082.07524391334,1.2998913497189917,2249.6472746027835,5.642162959602904e-16,1.533145074803906e-14
gasoline_reference,0.018,0.003,1.03,1.0,True,17,190.5518327696305,1510.0884761863003,0.040793948629418555,476.3176888145742,138591.99930209733,1.3436139074170168,2534.262687049762,-9.542525827429436e-17,4.836000148639581e-16
gasoline_reference,0.018,0.003,1.03,1.1,True,17,189.14506264270022,1513.2684163664,0.04497390472131419,428.8582193977914,138679.96556485182,1.3444667177856933,2519.5751636515524,-2.824695715065409e-14,1.1840659249432002e-14
gasoline_reference,0.018,0.003,1.05,0.7,True,17,117.45644313818266,1011.6362041847459,0.028543782130030067,419.60886206707755,125313.59736665888,1.2148832043564533,1712.0034920880557,1.437673779585209e-16,-1.2120981273166876e-14
gasoline_reference,0.018,0.003,1.05,0.8,True,17,142.03145420135095,1178.8649636580906,0.032629699037024194,443.86488651829814,129656.69676529567,1.2569884397429705,1975.2861388124534,4.7974360412304684e-15,3.4169066307542733e-15
gasoline_reference,0.018,0.003,1.05,0.9,True,17,166.39267028102276,1344.9841901098991,0.03670966495376244,462.2033565818733,134082.07524391334,1.2998913497189917,2249.6472746023364,-7.057162177906904e-16,1.7030832655649403e-14
gasoline_reference,0.018,0.003,1.05,1.0,True,17,190.54993964937663,1510.0884761863003,0.040794404091470275,476.30763868190155,138591.99930209733,1.3436139074170168,2534.2626870492863,-2.067556424993152e-15,1.1036521291683334e-14
gasoline_reference,0.018,0.003,1.05,1.1,True,17,189.77511676757118,1513.2684163664408,0.044947595687412946,430.53863155101743,138679.9655648529,1.3444667177857037,2519.5751636515524,-2.7317323583481893e-14,1.3966084723285523e-14
gasoline_reference,0.018,0.003,1.08,0.7,True,17,117.45644313818266,1011.6362041847459,0.028543782130030067,419.60886206707755,125313.59736665888,1.2148832043564533,1712.0034920880557,1.437673779585209e-16,-1.2120981273166876e-14
gasoline_reference,0.018,0.003,1.08,0.8,True,17,142.03145420135095,1178.8649636580906,0.032629699037024194,443.86488651829814,129656.69676529567,1.2569884397429705,1975.2861388124534,4.7974360412304684e-15,3.4169066307542733e-15
gasoline_reference,0.018,0.003,1.08,0.9,True,17,166.39267028102276,1344.9841901098991,0.03670966495376244,462.2033565818733,134082.07524391334,1.2998913497189917,2249.6472746023364,-7.057162177906904e-16,1.7030832655649403e-14
gasoline_reference,0.018,0.003,1.08,1.0,True,17,190.54993964937663,1510.0884761863003,0.040794404091470275,476.30763868190155,138591.99930209733,1.3436139074170168,2534.2626870492863,-2.067556424993152e-15,1.1036521291683334e-14
gasoline_reference,0.018,0.003,1.08,1.1,True,17,189.95095431197174,1513.2684163664753,0.044940080596110946,431.009613719539,138679.96556485392,1.3444667177857137,2519.5751636515524,-2.691271803449045e-14,6.634857103810519e-15
gasoline_reference,0.018,0.004,1.01,0.7,True,17,82.53804712719639,613.0945845929689,0.02709534568954447,310.62672463195827,115404.23921450625,1.1188145171749775,1785.2202587046288,-1.4618679518532416e-16,2.185917925899827e-14
gasoline_reference,0.018,0.004,1.01,0.8,True,17,102.1228139583849,725.2032992541671,0.030994319230682268,335.9850827283405,118129.86802991916,1.1452387898695555,2086.0012760366617,-1.7923162966617337e-15,5.4970637290710835e-15
gasoline_reference,0.018,0.004,1.01,0.9,True,16,115.04375069158772,856.8197940394847,0.035529266193979336,330.1840717495089,121391.22790062796,1.176856837819238,2417.1377637342525,-6.797267118102891e-16,-3.456261684007378e-14
gasoline_reference,0.018,0.004,1.01,1.0,True,16,147.44466275925151,1033.721989546337,0.039345234857044456,382.1344914548208,125880.82444283567,1.220382325460503,2600.0,6.079690905315193e-15,-3.029322871159826e-14
gasoline_reference,0.018,0.004,1.01,1.1,True,17,142.44758330825138,1036.9794565020372,0.04352876062491156,333.701461088276,125964.64872292493,1.2211949803689703,2600.0000000000005,-5.4390148818245776e-15,8.300133528497328e-15
gasoline_reference,0.018,0.004,1.02,0.7,True,17,82.5368455528681,613.0945845929689,0.02709554890203227,310.61987296371836,115404.23921450625,1.1188145171749775,1785.2202587032477,-1.2221975313876159e-15,1.0585338065872638e-14
gasoline_reference,0.018,0.004,1.02,0.8,True,17,102.12171920845891,725.2032992541671,0.030994530112931844,335.97919502124273,118129.86802991916,1.1452387898695555,2086.0012760366876,6.45283042356096e-16,1.1185598879194391e-14
gasoline_reference,0.018,0.004,1.02,0.9,True,16,115.04523774146782,856.8197940395091,0.03552894174678594,330.191354943713,121391.2279006286,1.1768568378192443,2417.1377637342525,6.862867599562785e-17,-2.788475796619549e-14
gasoline_reference,0.018,0.004,1.02,1.0,True,16,147.59742577875204,1033.721989546337,0.039345234857044456,382.5304096093169,125880.82444283567,1.220382325460503,2600.0,5.371595768896813e-15,-3.389433457416517e-14
gasoline_reference,0.018,0.004,1.02,1.1,True,17,142.7162738030498,1036.9794565020372,0.04350660221982382,334.50118103329186,125964.64872292493,1.2211949803689703,2600.0000000000005,-5.573336754658202e-15,4.740523597105902e-15
gasoline_reference,0.018,0.004,1.03,0.7,True,17,82.5358479560327,613.0945845929689,0.02709571765415524,310.6141840821145,115404.23921450625,1.1188145171749775,1785.220258701361,-2.861268314001782e-15,1.1763905477060116e-14
gasoline_reference,0.018,0.004,1.03,0.8,True,17,102.12062815951145,725.2032992541671,0.030994740327371675,335.9733268092028,118129.86802991916,1.1452387898695555,2086.001276036127,-2.5296176780557934e-15,7.033574744510458e-15
gasoline_reference,0.018,0.004,1.03,0.9,True,16,115.04642366574922,856.8197940395343,0.035528682952876485,330.1971638315234,121391.22790062924,1.1768568378192505,2417.1377637342525,-5.600301357090452e-16,-2.9507109198669446e-14
gasoline_reference,0.018,0.004,1.03,1.0,True,16,147.69248921597864,1033.721989546337,0.039345234857044456,382.7767869115584,125880.82444283567,1.220382325460503,2600.0,6.990004615789811e-15,-3.641864557020313e-14
gasoline_reference,0.018,0.004,1.03,1.1,True,17,142.91607912949792,1036.9794565020372,0.04349183301906564,335.0832394663609,125964.64872292493,1.2211949803689703,2600.0000000000005,-4.620853703573732e-15,6.179129371300247e-15
gasoline_reference,0.018,0.004,1.05,0.7,True,17,82.5358479560327,613.0945845929689,0.02709571765415524,310.6141840821145,115404.23921450625,1.1188145171749775,1785.220258701361,-2.861268314001782e-15,1.1763905477060116e-14
gasoline_reference,0.018,0.004,1.05,0.8,True,17,102.12019277607126,725.2032992541671,0.030994824226092555,335.97098498312494,118129.86802991916,1.1452387898695555,2086.0012760362774,-2.7032754283016137e-15,9.278293746929591e-15
gasoline_reference,0.018,0.004,1.05,0.9,True,16,115.04819638205764,856.8197940396051,0.03552829603092478,330.2058478192632,121391.227900631,1.1768568378192676,2417.1377637342525,-6.971740715221727e-16,-2.938833365610326e-14
gasoline_reference,0.018,0.004,1.05,1.0,True,16,147.81933033910877,1033.721989546337,0.039345234857044456,383.1055229076659,125880.82444283567,1.220382325460503,2600.0,5.9539915434949805e-15,-3.285282026141042e-14
gasoline_reference,0.018,0.004,1.05,1.1,True,17,143.29902383554023,1036.9794565020372,0.04346599280433922,336.18083582442256,125964.64872292493,1.2211949803689703,2600.0000000000005,-5.413736163280221e-15,2.436909803766016e-15
gasoline_reference,0.018,0.004,1.08,0.7,True,17,82.5358479560327,613.0945845929689,0.02709571765415524,310.6141840821145,115404.23921450625,1.1188145171749775,1785.220258701361,-2.861268314001782e-15,1.1763905477060116e-14
gasoline_reference,0.018,0.004,1.08,0.8,True,17,102.12019277607126,725.2032992541671,0.030994824226092555,335.97098498312494,118129.86802991916,1.1452387898695555,2086.0012760362774,-2.7032754283016137e-15,9.278293746929591e-15
gasoline_reference,0.018,0.004,1.08,0.9,True,16,115.04819638205764,856.8197940396051,0.03552829603092478,330.2058478192632,121391.227900631,1.1768568378192676,2417.1377637342525,-6.971740715221727e-16,-2.938833365610326e-14
gasoline_reference,0.018,0.004,1.08,1.0,True,16,147.81933033910877,1033.721989546337,0.039345234857044456,383.1055229076659,125880.82444283567,1.220382325460503,2600.0,5.9539915434949805e-15,-3.285282026141042e-14
gasoline_reference,0.018,0.004,1.08,1.1,True,17,143.4742980905402,1036.9794565020372,0.04345492071311243,336.67779277389275,125964.64872292493,1.2211949803689703,2600.0000000000005,-4.704282019554885e-15,1.1396768057887716e-14
gasoline_reference,0.018,0.005,1.01,0.7,True,17,55.066010770910275,387.1738191645341,0.02544327011471581,220.69373832036456,110055.4798073418,1.0669596657904576,1812.391971529328,-1.469636016357118e-15,-1.592677701525807e-14
gasoline_reference,0.018,0.005,1.01,0.8,True,16,70.47065384931427,489.2048619536624,0.0295396682699382,243.26633465424345,112447.4801526767,1.09014949598789,2155.774118793516,-4.4878450403123485e-15,-2.396823334641004e-14
gasoline_reference,0.018,0.005,1.01,0.9,True,16,93.20193592329579,616.4015620901152,0.033429420663009815,284.2990493313498,115483.95618981976,1.119587352816485,2553.1128645851677,-1.0298950501449525e-14,4.5396135390571436e-14
gasoline_reference,0.018,0.005,1.01,1.0,True,15,103.15164704178626,755.4843233753008,0.03858257122879497,272.6241500602328,118874.30209551673,1.1524558873118949,2600.0,3.3771421773659644e-17,-5.327703144394822e-14
gasoline_reference,0.018,0.005,1.01,1.1,True,15,104.15319892105965,758.2865972309108,0.042383954375478324,250.58234215816069,118943.37155991944,1.1531254980644394,2600.0,7.605352681917505e-15,3.487488728782182e-14
gasoline_reference,0.018,0.005,1.02,0.7,True,17,55.15691827798874,387.1738191645341,0.02543131650861259,221.16198273461768,110055.4798073418,1.0669596657904576,1812.3919715322602,-3.3793863458021782e-15,-2.0938647229157004e-14
gasoline_reference,0.018,0.005,1.02,0.8,True,16,70.34043452626572,489.2048619536624,0.029553425337367822,242.70378372571412,112447.4801526767,1.09014949598789,2155.774118792689,-4.3193893612164175e-15,-1.4342161406077928e-14
gasoline_reference,0.018,0.005,1.02,0.9,True,16,93.2009618771662,616.4015620901527,0.03342963204602734,284.2942804767671,115483.95618982064,1.1195873528164937,2553.1128645851677,-1.10482813353478e-14,4.670825752963138e-14
gasoline_reference,0.018,0.005,1.02,1.0,True,15,103.15298561928054,755.4843233753008,0.03858224612261312,272.62998509412677,118874.30209551673,1.1524558873118949,2600.0,3.7143633548733475e-16,-6.482490126258695e-14
gasoline_reference,0.018,0.005,1.02,1.1,True,15,104.15483288745281,758.2865972309108,0.042383518766069585,250.58884879650012,118943.37155991944,1.1531254980644394,2600.0,8.049330477076105e-15,3.1214193005187394e-14
gasoline_reference,0.018,0.005,1.03,0.7,True,17,55.24628000435011,387.1738191645341,0.025419365622006078,221.62444281608387,110055.4798073418,1.0669596657904576,1812.3919715324419,-3.1527621590236115e-15,-2.102885351580931e-14
gasoline_reference,0.018,0.005,1.03,0.8,True,16,70.2128536606982,489.2048619536624,0.029567178875366737,242.15088473290328,112447.4801526767,1.09014949598789,2155.774118789798,-2.657968836862004e-15,-1.3381118691397968e-14
gasoline_reference,0.018,0.005,1.03,0.9,True,16,93.20018507939311,616.401562090157,0.03342980065614893,284.2904770971763,115483.95618982076,1.1195873528164948,2553.1128645851677,-1.122304843941335e-14,3.659601817904722e-14
gasoline_reference,0.018,0.005,1.03,1.0,True,15,103.15465354829479,755.4843233753008,0.03858184095163582,272.6372564730028,118874.30209551673,1.1524558873118949,2600.0,1.1997048686452413e-15,-6.823828602923344e-14
gasoline_reference,0.018,0.005,1.03,1.1,True,15,104.15646099549396,758.2865972309108,0.042383084624703846,250.59533279369128,118943.37155991944,1.1531254980644394,2600.0,6.8427315341922786e-15,3.2789269166778155e-14
gasoline_reference,0.018,0.005,1.05,0.7,True,17,55.24628000435011,387.1738191645341,0.025419365622006078,221.62444281608387,110055.4798073418,1.0669596657904576,1812.3919715324419,-3.1527621590236115e-15,-2.102885351580931e-14
gasoline_reference,0.018,0.005,1.05,0.8,True,16,70.13755436322296,489.2048619536624,0.029575429308771765,241.82371311035234,112447.4801526767,1.09014949598789,2155.7741187876354,-2.0009780311378837e-15,-2.4935637020898562e-14
gasoline_reference,0.018,0.005,1.05,0.9,True,16,93.19902393719981,616.4015620902227,0.03343005274597194,284.2847914858042,115483.95618982232,1.11958735281651,2553.1128645851677,-9.04566312271891e-15,5.046989864757682e-14
gasoline_reference,0.018,0.005,1.05,1.0,True,15,103.15697880943375,755.4843233753008,0.0385812759658214,272.64739472843576,118874.30209551673,1.1524558873118949,2600.0,2.0252906447124274e-16,-6.234534304394001e-14
gasoline_reference,0.018,0.005,1.05,1.1,True,15,104.15873054454555,758.2865972309108,0.042382479284287594,250.60437249797332,118943.37155991944,1.1531254980644394,2600.0,7.266298343427423e-15,3.2282360364237717e-14
gasoline_reference,0.018,0.005,1.08,0.7,True,17,55.24628000435011,387.1738191645341,0.025419365622006078,221.62444281608387,110055.4798073418,1.0669596657904576,1812.3919715324419,-3.1527621590236115e-15,-2.102885351580931e-14
gasoline_reference,0.018,0.005,1.08,0.8,True,16,70.13755436322296,489.2048619536624,0.029575429308771765,241.82371311035234,112447.4801526767,1.09014949598789,2155.7741187876354,-2.0009780311378837e-15,-2.4935637020898562e-14
gasoline_reference,0.018,0.005,1.08,0.9,True,16,93.19902393719981,616.4015620902227,0.03343005274597194,284.2847914858042,115483.95618982232,1.11958735281651,2553.1128645851677,-9.04566312271891e-15,5.046989864757682e-14
gasoline_reference,0.018,0.005,1.08,1.0,True,15,103.15697880943375,755.4843233753008,0.0385812759658214,272.64739472843576,118874.30209551673,1.1524558873118949,2600.0,2.0252906447124274e-16,-6.234534304394001e-14
gasoline_reference,0.018,0.005,1.08,1.1,True,15,104.15969972031367,758.2865972309108,0.04238222072754159,250.60823317050713,118943.37155991944,1.1531254980644394,2600.0,6.9840531086112015e-15,2.8173192720234823e-14
gasoline_reference,0.018,0.006,1.01,0.7,True,16,37.89027215477645,269.49659373743816,0.02387043691161994,161.8626628973152,107344.4067319881,1.0406765072646254,1825.4468000581974,-3.058002738298979e-15,-3.7393317444644215e-14
gasoline_reference,0.018,0.006,1.01,0.8,True,15,49.794512402117796,365.32931892432856,0.028549280799249458,177.85481872841052,109548.37356891083,1.0620434007973494,2211.781933736525,-3.619387780036161e-15,1.0202931808591878e-14
gasoline_reference,0.018,0.006,1.01,0.9,True,16,69.49312455282245,465.01745836240775,0.03212727132989415,220.57044642652218,111876.9339959418,1.0846181972486217,2600.0,-6.581714441532482e-15,-9.952170032112668e-14
gasoline_reference,0.018,0.006,1.01,1.0,True,15,84.44973734528766,573.8960048768417,0.03654004515251861,235.67230416184034,114462.47871802526,1.1096843905666616,2600.0,-3.1052914968808533e-16,-8.832535827320137e-14
gasoline_reference,0.018,0.006,1.01,1.1,True,15,85.32629874689201,576.0842799773071,0.04012641370015785,216.83624875068713,114514.90002574329,1.1101926017076336,2600.0,-2.6916728926957026e-16,-3.1611961389897826e-14
gasoline_reference,0.018,0.006,1.02,0.7,True,16,37.794658274397115,269.49659373743816,0.02388254175919664,161.37237901624232,107344.4067319881,1.0406765072646254,1825.4468000569614,-1.1449875882686344e-15,-2.909004707640573e-14
gasoline_reference,0.018,0.006,1.02,0.8,True,15,49.796044066422944,365.32931892432856,0.028548983915489486,177.8621390764976,109548.37356891083,1.0620434007973494,2211.7819337363885,-2.6023701569916396e-15,-5.29156492429031e-15
gasoline_reference,0.018,0.006,1.02,0.9,True,15,69.59546545083523,465.01745836240775,0.03211708775051869,220.96531609973206,111876.9339959418,1.0846181972486217,2600.0,-5.621617063229634e-15,-9.331650308859237e-14
gasoline_reference,0.018,0.006,1.02,1.0,True,15,84.44947316380234,573.8960048768417,0.03654010956162687,235.67115149815558,114462.47871802526,1.1096843905666616,2600.0,-1.0785331889017398e-15,-7.391783357158763e-14
gasoline_reference,0.018,0.006,1.02,1.1,True,15,85.32569055047895,576.0842799773072,0.04012657650340406,216.83382341496252,114514.90002574329,1.1101926017076336,2600.0,9.164276670382651e-16,-3.1002594403720395e-14
gasoline_reference,0.018,0.006,1.03,0.7,True,16,37.70023818764931,269.49659373743816,0.023894643410419334,160.88770798024214,107344.4067319881,1.0406765072646254,1825.4468000456686,-2.044376156519281e-15,-5.259069600450476e-14
gasoline_reference,0.018,0.006,1.03,0.8,True,15,49.79757050872123,365.32931892432856,0.028548687985955796,177.86943497941104,109548.37356891083,1.0620434007973494,2211.781933734947,-1.728130046476664e-15,-1.0193474836750396e-14
gasoline_reference,0.018,0.006,1.03,0.9,True,15,69.6879207923878,465.01745836240775,0.03211650974139177,221.26284348119842,111876.9339959418,1.0846181972486217,2600.0,-5.879596883002173e-15,-1.074180057979042e-13
gasoline_reference,0.018,0.006,1.03,1.0,True,15,84.4491439739955,573.8960048768417,0.03654018983388061,235.66971511063193,114462.47871802526,1.1096843905666616,2600.0,-9.500200729248166e-16,-8.392208270153251e-14
gasoline_reference,0.018,0.006,1.03,1.1,True,15,85.32528653650213,576.0842799773072,0.040126684672619255,216.832212200249,114514.90002574329,1.1101926017076336,2600.0,4.500356497403799e-16,-2.1951957233272416e-14
gasoline_reference,0.018,0.006,1.05,0.7,True,16,37.70023818764931,269.49659373743816,0.023894643410419334,160.88770798024214,107344.4067319881,1.0406765072646254,1825.4468000456686,-2.044376156519281e-15,-5.259069600450476e-14
gasoline_reference,0.018,0.006,1.05,0.8,True,15,49.798483875127744,365.32931892432856,0.028548510885025302,177.87380082168755,109548.37356891083,1.0620434007973494,2211.7819337339033,-3.981252478806091e-15,-1.5202878610996052e-14
gasoline_reference,0.018,0.006,1.05,0.9,True,15,69.76212567125032,465.01745836240775,0.03211650974139177,221.49844790604865,111876.9339959418,1.0846181972486217,2600.0,-6.35090536869807e-15,-1.0380009149715011e-13
gasoline_reference,0.018,0.006,1.05,1.0,True,15,84.44861965549185,573.8960048768417,0.0365403177192861,235.6674271084965,114462.47871802526,1.1096843905666616,2600.0,-2.200655722688522e-15,-9.31227132943857e-14
gasoline_reference,0.018,0.006,1.05,1.1,True,15,85.32448197137658,576.0842799773072,0.040126900136118394,216.82900332448182,114514.90002574329,1.1101926017076336,2600.0,1.1480718546004654e-15,-2.1372702485069016e-14
gasoline_reference,0.018,0.006,1.08,0.7,True,16,37.70023818764931,269.49659373743816,0.023894643410419334,160.88770798024214,107344.4067319881,1.0406765072646254,1825.4468000456686,-2.044376156519281e-15,-5.259069600450476e-14
gasoline_reference,0.018,0.006,1.08,0.8,True,15,49.798483875127744,365.32931892432856,0.028548510885025302,177.87380082168755,109548.37356891083,1.0620434007973494,2211.7819337339033,-3.981252478806091e-15,-1.5202878610996052e-14
gasoline_reference,0.018,0.006,1.08,0.9,True,15,69.76212567125032,465.01745836240775,0.03211650974139177,221.49844790604865,111876.9339959418,1.0846181972486217,2600.0,-6.35090536869807e-15,-1.0380009149715011e-13
gasoline_reference,0.018,0.006,1.08,1.0,True,15,84.44861965549185,573.8960048768417,0.0365403177192861,235.6674271084965,114462.47871802526,1.1096843905666616,2600.0,-2.200655722688522e-15,-9.31227132943857e-14
gasoline_reference,0.018,0.006,1.08,1.1,True,15,85.3242815486274,576.0842799773072,0.04012695382038637,216.82820391819885,114514.90002574329,1.1101926017076336,2600.0,3.2468178428782683e-16,-2.0127810769982392e-14
gasoline_reference,0.022,0.002,1.01,0.7,True,14,172.9377095621253,2286.714636103623,0.0301961719913355,584.0057684343844,164954.95486941465,1.5991960039250104,1644.8380760951968,-5.745043795365019e-15,-3.4671517881417407e-15
gasoline_reference,0.022,0.002,1.01,0.8,True,14,203.25899671888894,2601.015563443517,0.03444839406359096,601.672443729218,176213.50361387263,1.7083447480557057,1867.8360604003958,2.8099188375208574e-15,-5.724609762215133e-15
gasoline_reference,0.022,0.002,1.01,0.9,True,14,233.0668916377059,2910.3129694420973,0.03869725374200593,614.1575050669709,187292.8216147502,1.8157558960702904,2092.223005086023,5.958732327527985e-15,-5.091869580345088e-15
gasoline_reference,0.022,0.002,1.01,1.0,True,14,262.24177047540877,3213.0992625685417,0.04294534016022223,622.6803282408257,198138.9055546531,1.9209058996495039,2317.7078124973027,1.8302367887074425e-15,-2.1720102418327076e-15
gasoline_reference,0.022,0.002,1.01,1.1,True,14,261.7769438171101,3205.754065588838,0.047187604972271056,565.6955760966907,197875.79383260515,1.9183550989486824,2305.159036947127,-4.678588330335684e-15,-3.438025559951838e-15
gasoline_reference,0.022,0.002,1.02,0.7,True,14,172.93629002519745,2286.7146361086566,0.030196413673503307,583.9963005464015,164954.95486959498,1.5991960039267585,1644.8380760951968,-3.7973517596322005e-15,2.7157304455798695e-15
gasoline_reference,0.022,0.002,1.02,0.8,True,14,203.25749172068413,2601.015563445522,0.034448686544527866,601.6628803797817,176213.5036139444,1.7083447480564016,1867.8360604003958,4.1146200221242705e-15,-1.0408854023938403e-14
gasoline_reference,0.022,0.002,1.02,0.9,True,14,233.0655715058189,2910.3129694427344,0.03869754210489869,614.1494498725926,187292.821614773,1.8157558960705116,2092.223005086023,5.919931003363241e-15,6.841690625691009e-16
gasoline_reference,0.022,0.002,1.02,1.0,True,14,262.24038731063644,3213.0992625685653,0.042945675624849154,622.6721800216332,198138.90555465393,1.920905899649512,2317.7078124973027,-7.412467448904742e-16,-6.746925713188242e-16
gasoline_reference,0.022,0.002,1.02,1.1,True,14,261.77524448799176,3205.7540655888747,0.04718805860798119,565.6864656761228,197875.79383260652,1.9183550989486957,2305.159036947127,-2.661380585328149e-15,-1.680449973247618e-14
gasoline_reference,0.022,0.002,1.03,0.7,True,14,172.93511140876524,2286.714636113763,0.030196614377123277,583.9884388835976,164954.9548697779,1.599196003928532,1644.8380760951968,-4.439884068213086e-15,-3.169491583758713e-15
gasoline_reference,0.022,0.002,1.03,0.8,True,14,203.25624224669653,2601.015563447541,0.03444892941713451,601.6549399785852,176213.50361401672,1.7083447480571028,1867.8360604003958,4.084888305990674e-15,1.8442812169005105e-15
gasoline_reference,0.022,0.002,1.03,0.9,True,14,233.06425595222538,2910.312969443484,0.038697829524470165,614.1414218330783,187292.82161479985,1.8157558960707718,2092.223005086023,3.429141812394355e-15,-5.925248391050344e-15
gasoline_reference,0.022,0.002,1.03,1.0,True,14,262.23900903127986,3213.0992625686395,0.04294600997366995,622.6640597075472,198138.90555465652,1.9209058996495372,2317.7078124973027,-1.532440454031989e-16,1.5204183132957817e-15
gasoline_reference,0.022,0.002,1.03,1.1,True,14,261.77383397092876,3205.7540655889093,0.04718843523308339,565.6789027121686,197875.79383260777,1.9183550989487077,2305.159036947127,-6.085487741860396e-15,-2.7457283448094053e-15
gasoline_reference,0.022,0.002,1.05,0.7,True,14,172.93511140876524,2286.714636113763,0.030196614377123277,583.9884388835976,164954.9548697779,1.599196003928532,1644.8380760951968,-4.439884068213086e-15,-3.169491583758713e-15
gasoline_reference,0.022,0.002,1.05,0.8,True,14,203.2554946019131,2601.0155634489006,0.0344490747660184,601.6501883727483,176213.50361406544,1.708344748057575,1867.8360604003958,3.850657294008713e-15,-5.659493235802282e-15
gasoline_reference,0.022,0.002,1.05,0.9,True,14,233.0626833063443,2910.312969444534,0.03869817318742835,614.1318238888499,187292.82161483748,1.8157558960711366,2092.223005086023,2.6652750261337046e-15,3.677874517537361e-15
gasoline_reference,0.022,0.002,1.05,1.0,True,14,262.2365403802568,3213.09926256873,0.04294660900192808,622.649513140802,198138.90555465978,1.9209058996495687,2317.7078124973027,-8.982992796557622e-16,3.5681120652972546e-15
gasoline_reference,0.022,0.002,1.05,1.1,True,14,261.77158766234766,3205.754065588983,0.04718903518904582,565.6668566477348,197875.7938326104,1.9183550989487332,2305.159036947127,-4.2467194047838275e-15,-1.260143279344791e-14
gasoline_reference,0.022,0.002,1.08,0.7,True,14,172.93511140876524,2286.714636113763,0.030196614377123277,583.9884388835976,164954.9548697779,1.599196003928532,1644.8380760951968,-4.439884068213086e-15,-3.169491583758713e-15
gasoline_reference,0.022,0.002,1.08,0.8,True,14,203.2554946019131,2601.0155634489006,0.0344490747660184,601.6501883727483,176213.50361406544,1.708344748057575,1867.8360604003958,3.850657294008713e-15,-5.659493235802282e-15
gasoline_reference,0.022,0.002,1.08,0.9,True,14,233.0626833063443,2910.312969444534,0.03869817318742835,614.1318238888499,187292.82161483748,1.8157558960711366,2092.223005086023,2.6652750261337046e-15,3.677874517537361e-15
gasoline_reference,0.022,0.002,1.08,1.0,True,14,262.2365403802568,3213.09926256873,0.04294660900192808,622.649513140802,198138.90555465978,1.9209058996495687,2317.7078124973027,-8.982992796557622e-16,3.5681120652972546e-15
gasoline_reference,0.022,0.002,1.08,1.1,True,14,261.7707486202328,3205.7540655889998,0.04718925933669698,565.6623566537736,197875.793832611,1.918355098948739,2305.159036947127,-4.62802129709357e-15,-9.7108276932119e-15
gasoline_reference,0.022,0.003,1.01,0.7,True,14,139.70557201042843,1397.196683633447,0.02944234964816662,483.86096396780056,135496.1755223336,1.3136006894365477,1770.3880251108094,4.263626187451123e-15,7.705272684719127e-15
gasoline_reference,0.022,0.003,1.01,0.8,True,14,166.89639891001545,1615.8382768130234,0.03365061468556471,505.7469691012231,141539.92860393002,1.3721933263443011,2042.689229356336,4.66917565510209e-15,1.562765552623397e-15
gasoline_reference,0.022,0.003,1.01,0.9,True,14,193.60969525428416,1830.5041878125735,0.037852867891427,521.564035271481,147668.80625604893,1.4316112241429637,2324.6794018415367,5.424766433728323e-15,-6.075527426026902e-15
gasoline_reference,0.022,0.003,1.01,1.0,True,14,218.5852709860135,1996.617988666053,0.042031229628105064,530.3079322560874,154432.8057590727,1.4971864654829377,2600.0,3.8176771883600103e-16,3.881786030155409e-14
gasoline_reference,0.022,0.003,1.01,1.1,True,14,218.50863454777055,1992.229770969845,0.046174608084334726,482.55265516725393,154246.6389821517,1.4953816263015298,2592.853701586051,-1.2308320920122577e-15,3.640611909885149e-15
gasoline_reference,0.022,0.003,1.02,0.7,True,14,139.70407343131265,1397.196683633447,0.029442604036485298,483.8515931553943,135496.1755223336,1.3136006894365477,1770.3880251034066,6.730171345285178e-15,7.966651076333539e-15
gasoline_reference,0.022,0.003,1.02,0.8,True,14,166.8948094613177,1615.8382768130234,0.03365092262862536,505.7375244885518,141539.92860393002,1.3721933263443011,2042.6892293533024,3.527864495468971e-15,1.165728665352051e-15
gasoline_reference,0.022,0.003,1.02,0.9,True,14,193.6083008472399,1830.5041878125746,0.03785317150947192,521.5560954823495,147668.80625604902,1.4316112241429646,2324.6794018413016,4.8521538178065966e-15,-7.241703113653984e-15
gasoline_reference,0.022,0.003,1.02,1.0,True,14,218.58381150072535,1996.617988666053,0.042031582466544745,530.2999397160794,154432.8057590727,1.4971864654829377,2600.0,1.2625767078021062e-15,3.2139934199636513e-14
gasoline_reference,0.022,0.003,1.02,1.1,True,14,218.5068388840251,1992.229770969989,0.0461750858425463,482.54369686800214,154246.63898215772,1.4953816263015882,2592.853701586051,-1.078382201030565e-15,2.6859483929012924e-15
gasoline_reference,0.022,0.003,1.03,0.7,True,14,139.70282922308738,1397.196683633447,0.029442815287898036,483.8438123687972,135496.1755223336,1.3136006894365477,1770.3880250950835,3.026226306481773e-15,1.0286320518312343e-14
gasoline_reference,0.022,0.003,1.03,0.8,True,14,166.89348990124634,1615.8382768130234,0.033651178338391166,505.72968287001567,141539.92860393002,1.3721933263443011,2042.6892293500389,5.729309301150575e-15,-1.8727012452445e-15
gasoline_reference,0.022,0.003,1.03,0.9,True,14,193.60691128709857,1830.5041878125978,0.03785347413487562,521.5481825541099,147668.80625604963,1.4316112241429704,2324.6794018410214,6.008173251129364e-15,-7.295065882762726e-15
gasoline_reference,0.022,0.003,1.03,1.0,True,14,218.58235716515142,1996.617988666053,0.042031934136188734,530.2919745497297,154432.8057590727,1.4971864654829377,2600.0,1.4084096037723243e-16,3.372182322597774e-14
gasoline_reference,0.022,0.003,1.03,1.1,True,14,218.50534840409776,1992.2297709701318,0.04617548249989123,482.5362602124932,154246.6389821638,1.495381626301647,2592.853701586051,-5.84834067394815e-16,-1.7487815819768506e-15
gasoline_reference,0.022,0.003,1.05,0.7,True,14,139.70282922308738,1397.196683633447,0.029442815287898036,483.8438123687972,135496.1755223336,1.3136006894365477,1770.3880250950835,3.026226306481773e-15,1.0286320518312343e-14
gasoline_reference,0.022,0.003,1.05,0.8,True,14,166.89270033132763,1615.8382768130234,0.03365133136857307,505.7249904663668,141539.92860393002,1.3721933263443011,2042.6892293478895,3.1302663630939454e-15,4.339214370802418e-16
gasoline_reference,0.022,0.003,1.05,0.9,True,14,193.60525019015995,1830.5041878126108,0.03785383597914684,521.5387223775987,147668.80625605,1.4316112241429741,2324.679401840601,5.810391943660321e-15,-8.081713472988034e-15
gasoline_reference,0.022,0.003,1.05,1.0,True,14,218.57975228799887,1996.617988666053,0.04203256420596214,530.2777059819633,154432.8057590727,1.4971864654829377,2600.0,1.1061490870284765e-15,3.6257716867790423e-14
gasoline_reference,0.022,0.003,1.05,1.1,True,14,218.50297475987222,1992.229770970404,0.0461761143731498,482.5244154283096,154246.63898217535,1.4953816263017592,2592.853701586051,1.6496975612200365e-15,-3.6006685216858814e-15
gasoline_reference,0.022,0.003,1.08,0.7,True,14,139.70282922308738,1397.196683633447,0.029442815287898036,483.8438123687972,135496.1755223336,1.3136006894365477,1770.3880250950835,3.026226306481773e-15,1.0286320518312343e-14
gasoline_reference,0.022,0.003,1.08,0.8,True,14,166.89270033132763,1615.8382768130234,0.03365133136857307,505.7249904663668,141539.92860393002,1.3721933263443011,2042.6892293478895,3.1302663630939454e-15,4.339214370802418e-16
gasoline_reference,0.022,0.003,1.08,0.9,True,14,193.60525019015995,1830.5041878126108,0.03785383597914684,521.5387223775987,147668.80625605,1.4316112241429741,2324.679401840601,5.810391943660321e-15,-8.081713472988034e-15
gasoline_reference,0.022,0.003,1.08,1.0,True,14,218.57975228799887,1996.617988666053,0.04203256420596214,530.2777059819633,154432.8057590727,1.4971864654829377,2600.0,1.1061490870284765e-15,3.6257716867790423e-14
gasoline_reference,0.022,0.003,1.08,1.1,True,14,218.5020881606082,1992.2297709705138,0.04617635044663751,482.51999067009314,154246.63898218,1.4953816263018043,2592.853701586051,-1.3816155658672052e-15,9.134414362105846e-16
gasoline_reference,0.022,0.004,1.01,0.7,True,14,105.87526854638162,896.7311671169861,0.028348212506882273,380.8449222818781,122393.44662946486,1.186573091492755,1884.4735265737163,-7.372153399855752e-15,2.161525663592358e-14
gasoline_reference,0.022,0.004,1.01,0.8,True,14,128.83316439091692,1053.2226511055883,0.0324282417309179,405.1199185844668,126383.26085223941,1.2252533176582274,2209.4374067094313,4.517306218274057e-15,1.7679828416249818e-14
gasoline_reference,0.022,0.004,1.01,0.9,True,14,151.60194712612122,1209.831225611307,0.03650983187804439,423.42283010208416,130473.1778937356,1.2649040149914679,2556.27027898461,4.1998554208781714e-15,7.243053916648936e-15
gasoline_reference,0.022,0.004,1.01,1.0,True,14,170.72032045784402,1391.152752968417,0.04088029753482971,425.8439618922314,135331.913089135,1.3120082072527044,2600.0000000000005,-5.484987370547537e-15,1.5853231319559951e-15
gasoline_reference,0.022,0.004,1.01,1.1,True,14,170.77344876948567,1386.513862761296,0.04490103434810687,387.8317214394914,135205.93855521647,1.310786916437898,2600.0000000000005,-2.0873469168200626e-14,3.0586721935003316e-14
gasoline_reference,0.022,0.004,1.02,0.7,True,14,105.87369778744129,896.7311671169861,0.028348478438107522,380.8356995155417,122393.44662946486,1.186573091492755,1884.4735265712807,-5.52658529964511e-15,2.047243813352939e-14
gasoline_reference,0.022,0.004,1.02,0.8,True,14,128.83149690872904,1053.2226511055883,0.032428563880334944,405.11065067458037,126383.26085223941,1.2252533176582274,2209.4374067080958,3.959951656952362e-15,1.9193562992615398e-14
gasoline_reference,0.022,0.004,1.02,0.9,True,14,151.6004834647355,1209.831225611307,0.03651014963243538,423.4150570200535,130473.1778937356,1.2649040149914679,2556.2702789834475,1.6850808074475416e-15,1.671316641063684e-14
gasoline_reference,0.022,0.004,1.02,1.0,True,14,170.71881663062175,1391.152752968417,0.0408806604146545,425.83643075454523,135331.913089135,1.3120082072527044,2600.0000000000005,-6.513139815084715e-15,2.0851930321447977e-15
gasoline_reference,0.022,0.004,1.02,1.1,True,14,170.77159665484402,1386.513862761296,0.0449015261657159,387.8232672590837,135205.93855521647,1.310786916437898,2600.0000000000005,-2.0584781384793254e-14,3.3302292126087076e-14
gasoline_reference,0.022,0.004,1.03,0.7,True,14,105.87239366136895,896.7311671169861,0.0283486992753233,380.82804179045826,122393.44662946486,1.186573091492755,1884.4735265678396,-9.907951285061199e-15,1.7264758935470344e-14
gasoline_reference,0.022,0.004,1.03,0.8,True,14,128.83011254860313,1053.2226511055883,0.03242883139249823,405.1029557481117,126383.26085223941,1.2252533176582274,2209.437406706806,3.566288854076076e-15,2.0277478048812813e-14
gasoline_reference,0.022,0.004,1.03,0.9,True,14,151.59902483993588,1209.831225611307,0.03651046636186043,423.4073100266175,130473.1778937356,1.2649040149914679,2556.27027898197,7.157517889921328e-16,8.049202391048358e-15
gasoline_reference,0.022,0.004,1.03,1.0,True,14,170.7173180675498,1391.152752968417,0.04088102210459621,425.82892527537456,135331.913089135,1.3120082072527044,2600.0000000000005,-6.1703874426804564e-15,6.485877022651464e-16
gasoline_reference,0.022,0.004,1.03,1.1,True,14,170.77005927213213,1386.513862761296,0.04490193451074688,387.8162489620949,135205.93855521647,1.310786916437898,2600.0000000000005,-2.083075312730382e-14,3.119071002844682e-14
gasoline_reference,0.022,0.004,1.05,0.7,True,14,105.87239366136895,896.7311671169861,0.0283486992753233,380.82804179045826,122393.44662946486,1.186573091492755,1884.4735265678396,-9.907951285061199e-15,1.7264758935470344e-14
gasoline_reference,0.022,0.004,1.05,0.8,True,14,128.82928419939861,1053.2226511055883,0.03242899148803214,405.09835112494824,126383.26085223941,1.2252533176582274,2209.4374067056706,4.848497969353942e-15,1.8388993549730633e-14
gasoline_reference,0.022,0.004,1.05,0.9,True,14,151.59728112386196,1209.831225611307,0.03651084508646414,423.3980480026891,130473.1778937356,1.2649040149914679,2556.270278980098,2.1682196155388327e-15,1.0103450881946336e-14
gasoline_reference,0.022,0.004,1.05,1.0,True,14,170.71463388347874,1391.152752968417,0.04088167015422678,425.8154799127652,135331.913089135,1.3120082072527044,2600.0000000000005,-5.162980872476985e-15,1.4363317775433206e-15
gasoline_reference,0.022,0.004,1.05,1.1,True,14,170.76761085978717,1386.513862761296,0.04490258502706887,387.8050703322677,135205.93855521647,1.310786916437898,2600.0000000000005,-2.058219666039749e-14,3.263880977101807e-14
gasoline_reference,0.022,0.004,1.08,0.7,True,14,105.87239366136895,896.7311671169861,0.0283486992753233,380.82804179045826,122393.44662946486,1.186573091492755,1884.4735265678396,-9.907951285061199e-15,1.7264758935470344e-14
gasoline_reference,0.022,0.004,1.08,0.8,True,14,128.82928419939861,1053.2226511055883,0.03242899148803214,405.09835112494824,126383.26085223941,1.2252533176582274,2209.4374067056706,4.848497969353942e-15,1.8388993549730633e-14
gasoline_reference,0.022,0.004,1.08,0.9,True,14,151.59728112386196,1209.831225611307,0.03651084508646414,423.3980480026891,130473.1778937356,1.2649040149914679,2556.270278980098,2.1682196155388327e-15,1.0103450881946336e-14
gasoline_reference,0.022,0.004,1.08,1.0,True,14,170.71463388347874,1391.152752968417,0.04088167015422678,425.8154799127652,135331.913089135,1.3120082072527044,2600.0000000000005,-5.162980872476985e-15,1.4363317775433206e-15
gasoline_reference,0.022,0.004,1.08,1.1,True,14,170.76669631314368,1386.513862761296,0.044902828072720474,387.80089437836784,135205.93855521647,1.310786916437898,2600.0000000000005,-2.09256763067021e-14,3.2271666951300077e-14
gasoline_reference,0.022,0.005,1.01,0.7,True,14,77.23285277812056,599.9709657453491,0.027018535242384956,291.48727510897857,115088.2931424135,1.1157515009937025,1956.0436679553757,1.433043271547419e-15,-1.4424635844231784e-16
gasoline_reference,0.022,0.005,1.01,0.8,True,14,95.82649745087664,713.1761859702627,0.030918073910283703,316.04760816308686,117835.16606284257,1.1423817298408294,2322.07735186973,-1.651534499686489e-15,1.302144890366032e-14
gasoline_reference,0.022,0.005,1.01,0.9,True,14,114.20604909118875,837.8709715959847,0.03498940376354097,332.83722313607296,120917.56818925573,1.1722648283324884,2600.0000000000005,-3.775802914375719e-15,-6.629458334135936e-14
gasoline_reference,0.022,0.005,1.01,1.0,True,14,130.27630196213087,982.1005153059615,0.039343062825987096,337.65763958225875,124558.04121582901,1.207558281148753,2600.0000000000005,1.866405886197172e-14,-2.9734347437945963e-15
gasoline_reference,0.022,0.005,1.01,1.1,True,14,130.37532669755754,978.8850225971069,0.04321492378805029,307.6387107792506,124475.99253667341,1.206762840236191,2600.0000000000005,1.689722610319923e-14,1.1209517768386803e-14
gasoline_reference,0.022,0.005,1.02,0.7,True,14,77.23121809032796,599.9709657453491,0.02701881134609453,291.47812694626657,115088.2931424135,1.1157515009937025,1956.0436679556844,6.478294225078028e-16,-3.0494635156293025e-16
gasoline_reference,0.022,0.005,1.02,0.8,True,14,95.8247606198091,713.1761859702627,0.030918408612301555,316.03845862193117,117835.16606284257,1.1423817298408294,2322.07735186756,-1.6100726261508763e-15,7.357526030930582e-15
gasoline_reference,0.022,0.005,1.02,0.9,True,14,114.20453703094384,837.8709715959847,0.0349897313387776,332.82970045851215,120917.56818925573,1.1722648283324884,2600.0000000000005,-3.96819912248767e-15,-5.993820985734758e-14
gasoline_reference,0.022,0.005,1.02,1.0,True,14,130.27475341821207,982.1005153059615,0.039343435786741814,337.6504251492417,124558.04121582901,1.207558281148753,2600.0000000000005,1.767695884516503e-14,-9.831438208727098e-15
gasoline_reference,0.022,0.005,1.02,1.1,True,14,130.37341893658302,978.8850225971069,0.04321542940137084,307.63060988300685,124475.99253667341,1.206762840236191,2600.0000000000005,1.5753187522648395e-14,2.1977517748812906e-15
gasoline_reference,0.022,0.005,1.03,0.7,True,14,77.22986084233416,599.9709657453491,0.027019040640142218,291.47053100750975,115088.2931424135,1.1157515009937025,1956.043667955783,1.4934557680536853e-15,-1.2929444011615732e-16
gasoline_reference,0.022,0.005,1.03,0.8,True,14,95.82331859190609,713.1761859702627,0.030918686568371923,316.0308615744062,117835.16606284257,1.1423817298408294,2322.07735186539,-7.313729184396211e-16,2.1012531823635878e-14
gasoline_reference,0.022,0.005,1.03,0.9,True,14,114.20303005762739,837.8709715959847,0.03499005788444799,332.82220253979307,120917.56818925573,1.1722648283324884,2600.0000000000005,-3.4865186991445426e-15,-6.295682356654202e-14
gasoline_reference,0.022,0.005,1.03,1.0,True,14,130.27321019332976,982.1005153059615,0.039343807551046814,337.6432349066972,124558.04121582901,1.207558281148753,2600.0000000000005,1.720047983627248e-14,-1.8093944284064816e-15
gasoline_reference,0.022,0.005,1.03,1.1,True,14,130.37183525026634,978.8850225971069,0.0432158492332876,307.6238844751971,124475.99253667341,1.206762840236191,2600.0000000000005,1.662223641248325e-14,5.360401188149139e-15
gasoline_reference,0.022,0.005,1.05,0.7,True,14,77.22986084233416,599.9709657453491,0.027019040640142218,291.47053100750975,115088.2931424135,1.1157515009937025,1956.043667955783,1.4934557680536853e-15,-1.2929444011615732e-16
gasoline_reference,0.022,0.005,1.05,0.8,True,14,95.82245570136283,713.1761859702627,0.030918852921906936,316.02631537733185,117835.16606284257,1.1423817298408294,2322.077351863721,1.9063715485512794e-15,1.489050950745554e-14
gasoline_reference,0.022,0.005,1.05,0.9,True,14,114.20122840445441,837.8709715959847,0.03499044837927641,332.81323772629486,120917.56818925573,1.1722648283324884,2600.0000000000005,-3.395269246456473e-15,-7.173445254125873e-14
gasoline_reference,0.022,0.005,1.05,1.0,True,14,130.2704457858482,982.1005153059615,0.03934447371081545,337.6303534165089,124558.04121582901,1.207558281148753,2600.0000000000005,1.7716764353809112e-14,-3.2627123949457347e-15
gasoline_reference,0.022,0.005,1.05,1.1,True,14,130.3693129068195,978.8850225971069,0.043216518103787877,307.6131717196914,124475.99253667341,1.206762840236191,2600.0000000000005,1.6837891338791303e-14,5.431054364413112e-15
gasoline_reference,0.022,0.005,1.08,0.7,True,14,77.22986084233416,599.9709657453491,0.027019040640142218,291.47053100750975,115088.2931424135,1.1157515009937025,1956.043667955783,1.4934557680536853e-15,-1.2929444011615732e-16
gasoline_reference,0.022,0.005,1.08,0.8,True,14,95.82245570136283,713.1761859702627,0.030918852921906936,316.02631537733185,117835.16606284257,1.1423817298408294,2322.077351863721,1.9063715485512794e-15,1.489050950745554e-14
gasoline_reference,0.022,0.005,1.08,0.9,True,14,114.20122840445441,837.8709715959847,0.03499044837927641,332.81323772629486,120917.56818925573,1.1722648283324884,2600.0000000000005,-3.395269246456473e-15,-7.173445254125873e-14
gasoline_reference,0.022,0.005,1.08,1.0,True,14,130.2704457858482,982.1005153059615,0.03934447371081545,337.6303534165089,124558.04121582901,1.207558281148753,2600.0000000000005,1.7716764353809112e-14,-3.2627123949457347e-15
gasoline_reference,0.022,0.005,1.08,1.1,True,14,130.36837069124064,978.8850225971069,0.043216768022726434,307.6091696247763,124475.99253667341,1.206762840236191,2600.0000000000005,1.6458974925189577e-14,1.6471614897828511e-15
gasoline_reference,0.022,0.006,1.01,0.7,True,14,54.63687688337784,412.2145399668094,0.025622861015527607,217.439064086935,110638.95328351262,1.0726162915779478,1980.8758856516265,2.2086429856408925e-15,-1.1035822033535191e-14
gasoline_reference,0.022,0.006,1.01,0.8,True,14,69.35660806598818,494.41494559647447,0.02932515572165229,241.1719766924363,112570.66437471451,1.091343735444264,2367.5955723691527,-1.950427883973072e-15,-2.112301182442731e-14
gasoline_reference,0.022,0.006,1.01,0.9,True,14,84.54867784504344,592.7778509963614,0.0333373068881041,258.6161439909331,114915.39784064026,1.1140753253619244,2600.0,-2.8544198498718404e-15,1.3019823774169254e-14
gasoline_reference,0.022,0.006,1.01,1.0,True,14,98.54107204304758,703.5246819725166,0.03758401832540575,267.35813061957066,117599.07403583072,1.140092878157321,2600.0000000000005,-9.742901016358002e-16,-3.1581603313220994e-14
gasoline_reference,0.022,0.006,1.01,1.1,True,14,98.58912418986573,701.0515274896733,0.04128496838183804,243.50976226961745,117538.63380368603,1.1395069255995538,2600.0000000000005,1.3234953283072595e-15,-3.181621103417021e-14
gasoline_reference,0.022,0.006,1.02,0.7,True,14,54.739175560470024,412.2145399668094,0.02560855673423612,217.96786669134198,110638.95328351262,1.0726162915779478,1980.8758856460481,3.557651642021463e-15,7.57057406724835e-15
gasoline_reference,0.022,0.006,1.02,0.8,True,14,69.46917090843489,494.41494559647447,0.029308781685461388,241.69834364901382,112570.66437471451,1.091343735444264,2367.5955723670927,-2.382369241569692e-15,-1.4163016153118957e-14
gasoline_reference,0.022,0.006,1.02,0.9,True,14,84.65235642625923,592.7778509963614,0.03332195349814531,259.0525802139646,114915.39784064026,1.1140753253619244,2600.0,-2.2431003041946476e-15,3.083556872583421e-14
gasoline_reference,0.022,0.006,1.02,1.0,True,14,98.56848163719224,703.5246819725166,0.0375757731402366,267.49117959314265,117599.07403583072,1.140092878157321,2600.0000000000005,-1.1638445962016732e-15,-3.594176421442718e-14
gasoline_reference,0.022,0.006,1.02,1.1,True,14,98.63193343952535,701.0515274896733,0.04126921455811004,243.70849487339956,117538.63380368603,1.1395069255995538,2600.0000000000005,1.780588496735061e-15,-3.18921584838862e-14
gasoline_reference,0.022,0.006,1.03,0.7,True,14,54.822852656237544,412.2145399668094,0.025596639374143703,218.40270075350733,110638.95328351262,1.0726162915779478,1980.8758856401296,3.032692795639319e-15,7.893606175236253e-15
gasoline_reference,0.022,0.006,1.03,0.8,True,14,69.56096493671541,494.41494559647447,0.029295140137859232,242.1304127666185,112570.66437471451,1.091343735444264,2367.595572365472,-2.5226371779066444e-15,-2.520277913216171e-14
gasoline_reference,0.022,0.006,1.03,0.9,True,14,84.75355230748107,592.7778509963614,0.033306603805663984,259.4817889559618,114915.39784064026,1.1140753253619244,2600.0,-2.712161131974691e-15,3.06286591277689e-14
gasoline_reference,0.022,0.006,1.03,1.0,True,14,98.5949149486425,703.5246819725166,0.03756790487014909,267.6189519692842,117599.07403583072,1.140092878157321,2600.0000000000005,-8.516326229183353e-16,-2.655609365700194e-14
gasoline_reference,0.022,0.006,1.03,1.1,True,14,98.65877865377787,701.0515274896733,0.04126037741633525,243.82703805813534,117538.63380368603,1.1395069255995538,2600.0000000000005,1.7742495253977854e-15,-3.1477016882509956e-14
gasoline_reference,0.022,0.006,1.05,0.7,True,14,54.822852656237544,412.2145399668094,0.025596639374143703,218.40270075350733,110638.95328351262,1.0726162915779478,1980.8758856401296,3.032692795639319e-15,7.893606175236253e-15
gasoline_reference,0.022,0.006,1.05,0.8,True,14,69.61518351980826,494.41494559647447,0.029286956724366098,242.386848086275,112570.66437471451,1.091343735444264,2367.5955723643133,-1.6008458900019894e-15,-1.579546063743437e-14
gasoline_reference,0.022,0.006,1.05,0.9,True,14,84.84278143428409,592.7778509963614,0.03328818903821767,259.89866761257286,114915.39784064026,1.1140753253619244,2600.0,-3.2375849589610453e-15,2.5673961950247586e-14
gasoline_reference,0.022,0.006,1.05,1.0,True,14,98.64226244833624,703.5246819725166,0.03755382450753201,267.8478573686097,117599.07403583072,1.140092878157321,2600.0000000000005,-1.4535717388810339e-15,-3.2277595329461276e-14
gasoline_reference,0.022,0.006,1.05,1.1,True,14,98.70100653804593,701.0515274896733,0.04124653882293709,244.01324202290738,117538.63380368603,1.1395069255995538,2600.0000000000005,1.5482278211396635e-15,-3.3146504601930255e-14
gasoline_reference,0.022,0.006,1.08,0.7,True,14,54.822852656237544,412.2145399668094,0.025596639374143703,218.40270075350733,110638.95328351262,1.0726162915779478,1980.8758856401296,3.032692795639319e-15,7.893606175236253e-15
gasoline_reference,0.022,0.006,1.08,0.8,True,14,69.61518351980826,494.41494559647447,0.029286956724366098,242.386848086275,112570.66437471451,1.091343735444264,2367.5955723643133,-1.6008458900019894e-15,-1.579546063743437e-14
gasoline_reference,0.022,0.006,1.08,0.9,True,14,84.84278143428409,592.7778509963614,0.03328818903821767,259.89866761257286,114915.39784064026,1.1140753253619244,2600.0,-3.2375849589610453e-15,2.5673961950247586e-14
gasoline_reference,0.022,0.006,1.08,1.0,True,14,98.64226244833624,703.5246819725166,0.03755382450753201,267.8478573686097,117599.07403583072,1.140092878157321,2600.0000000000005,-1.4535717388810339e-15,-3.2277595329461276e-14
gasoline_reference,0.022,0.006,1.08,1.1,True,14,98.71681162763352,701.0515274896733,0.04124136031859111,244.08296072816066,117538.63380368603,1.1395069255995538,2600.0000000000005,6.996726702398623e-16,-3.0061083741426946e-14
gasoline_reference,0.026,0.002,1.01,0.7,True,12,177.5528916878085,2780.529651939647,0.030763824943350466,588.5274755287109,182643.8636282577,1.7706854400764127,1668.6033151926033,1.0641951362368934e-15,-1.538927216027038e-14
gasoline_reference,0.026,0.002,1.01,0.8,True,12,207.22607650250671,3157.4676161329216,0.035124214169578644,601.6128615467486,196146.1287326727,1.9015864391765023,1892.224345278379,3.551369557785645e-15,1.2401949942000066e-14
gasoline_reference,0.026,0.002,1.01,0.9,True,12,236.15049074021678,3524.3633524974066,0.0394778118532519,609.9793094045491,209288.67198557965,2.0290000271350985,2117.085642290379,-1.22351279258273e-15,4.648289466928838e-15
gasoline_reference,0.026,0.002,1.01,1.0,True,12,263.8789857263936,3880.777442174467,0.043830346021392394,613.9163945409955,222055.75299867938,2.152773604922434,2342.9089564063056,-1.4029030864746994e-15,9.117625798277317e-15
gasoline_reference,0.026,0.002,1.01,1.1,True,12,262.5193382723,3869.6353313508253,0.04816936586140198,555.7374913897405,221656.63232510764,2.148904232300284,2330.2711923110414,-1.6758410395942855e-15,-9.681063356818693e-15
gasoline_reference,0.026,0.002,1.02,0.7,True,12,178.64875389325474,2780.5296519489116,0.03074967033180283,592.4324677550944,182643.86362858955,1.7706854400796297,1668.6033151926033,8.359908950563435e-16,-1.4698697075387512e-14
gasoline_reference,0.026,0.002,1.02,0.8,True,12,208.4570707517447,3157.46761613351,0.035108022022047575,605.4657668322945,196146.1287326938,1.9015864391767068,1892.224345278379,3.427230399694743e-15,9.414526280595693e-15
gasoline_reference,0.026,0.002,1.02,0.9,True,12,237.28551841977676,3524.3633524976117,0.03946262224688325,613.1470147213278,209288.67198558705,2.02900002713517,2117.085642290379,1.416147537651664e-15,4.367935753156724e-15
gasoline_reference,0.026,0.002,1.02,1.0,True,12,265.11554037198044,3880.777442175046,0.04381346166249796,617.0309411116725,222055.7529987001,2.152773604922635,2342.9089564063056,-4.915767016843677e-15,3.3076078510105625e-15
gasoline_reference,0.026,0.002,1.02,1.1,True,12,263.9824136499845,3869.6353313514637,0.04814710027059712,559.0931657920106,221656.6323251305,2.148904232300505,2330.2711923110414,-2.957652572179937e-15,-1.2308003964907046e-14
gasoline_reference,0.026,0.002,1.03,0.7,True,12,179.57512972561062,2780.529651958339,0.030737877266997084,595.732976738212,182643.86362892727,1.770685440082904,1668.6033151926033,1.2625009273538838e-15,-8.361037456877997e-15
gasoline_reference,0.026,0.002,1.03,0.8,True,12,209.49993384355744,3157.4676161340767,0.035094531515459625,608.7286820283432,196146.12873271405,1.901586439176903,1892.224345278379,4.765156112756054e-16,8.21359710361545e-15
gasoline_reference,0.026,0.002,1.03,0.9,True,12,238.43961385817283,3524.363352497822,0.03944743580488756,616.3664002648565,209288.67198559456,2.029000027135243,2117.085642290379,-2.6319127765682915e-15,3.0191756830553927e-15
gasoline_reference,0.026,0.002,1.03,1.0,True,12,266.3753658469203,3880.777442175717,0.04379658097589074,620.2020186040502,222055.75299872414,2.152773604922868,2342.9089564063056,-3.0149965654506606e-15,7.118639883902526e-15
gasoline_reference,0.026,0.002,1.03,1.1,True,12,265.2295621307265,3869.6353313521013,0.04812855015373178,561.9510328107563,221656.63232515333,2.1489042323007266,2330.2711923110414,-7.799393506206428e-16,-1.2562982604138942e-14
gasoline_reference,0.026,0.002,1.05,0.7,True,12,179.57512972561062,2780.529651958339,0.030737877266997084,595.732976738212,182643.86362892727,1.770685440082904,1668.6033151926033,1.2625009273538838e-15,-8.361037456877997e-15
gasoline_reference,0.026,0.002,1.05,0.8,True,12,210.1316688129262,3157.4676161344805,0.0350864384948659,610.7051007186253,196146.12873272854,1.9015864391770436,1892.224345278379,2.255846631242086e-15,8.359506361537432e-15
gasoline_reference,0.026,0.002,1.05,0.9,True,12,239.84438979836497,3524.363352498127,0.03942921623718797,620.2842364351125,209288.6719856055,2.029000027135349,2117.085642290379,1.0327060846332334e-15,7.0539879719635675e-15
gasoline_reference,0.026,0.002,1.05,1.0,True,12,268.6876034342271,3880.7774421772006,0.04376620495592013,626.019792495178,222055.75299877732,2.1527736049233837,2342.9089564063056,-2.359820115337847e-15,2.8594378256583807e-15
gasoline_reference,0.026,0.002,1.05,1.1,True,12,267.2659996417258,3869.6353313533323,0.04809887851952482,566.6150259652944,221656.63232519745,2.1489042323011542,2330.2711923110414,-4.3889195914886485e-16,-1.6566829725840182e-14
gasoline_reference,0.026,0.002,1.08,0.7,True,12,179.57512972561062,2780.529651958339,0.030737877266997084,595.732976738212,182643.86362892727,1.770685440082904,1668.6033151926033,1.2625009273538838e-15,-8.361037456877997e-15
gasoline_reference,0.026,0.002,1.08,0.8,True,12,210.1316688129262,3157.4676161344805,0.0350864384948659,610.7051007186253,196146.12873272854,1.9015864391770436,1892.224345278379,2.255846631242086e-15,8.359506361537432e-15
gasoline_reference,0.026,0.002,1.08,0.9,True,12,239.84438979836497,3524.363352498127,0.03942921623718797,620.2842364351125,209288.6719856055,2.029000027135349,2117.085642290379,1.0327060846332334e-15,7.0539879719635675e-15
gasoline_reference,0.026,0.002,1.08,1.0,True,12,268.6876034342271,3880.7774421772006,0.04376620495592013,626.019792495178,222055.75299877732,2.1527736049233837,2342.9089564063056,-2.359820115337847e-15,2.8594378256583807e-15
gasoline_reference,0.026,0.002,1.08,1.1,True,12,268.0396537129174,3869.6353313538602,0.04808775436098414,568.3866594398768,221656.63232521634,2.1489042323013376,2330.2711923110414,1.3733879501843686e-15,-1.2532091119991985e-14
gasoline_reference,0.026,0.003,1.01,0.7,True,12,146.75382681848555,1769.938658968479,0.030267280090595372,494.41924109283644,145919.80170510113,1.4146550733505452,1812.1740927375672,-4.012188126009638e-15,2.183195735743132e-14
gasoline_reference,0.026,0.003,1.01,0.8,True,12,172.84582991920317,1990.040358146629,0.03457937348545163,509.70760123340904,154153.69772490545,1.494480584636515,2085.7315471782226,-3.8807518078604896e-15,1.08898540404455e-15
gasoline_reference,0.026,0.003,1.01,0.9,True,12,198.6554341464486,2232.309162025816,0.038863099001452905,521.2455316230175,163006.10067081434,1.5803023620268248,2362.1979851616848,6.925534863313745e-15,-1.4930301366398711e-15
gasoline_reference,0.026,0.003,1.01,1.0,True,12,223.3195055311352,2483.256135261932,0.043167073221677545,527.5375499628627,171995.2524189975,1.6674498840018404,2600.0,1.4091350566695136e-14,-1.1516385539024768e-14
gasoline_reference,0.026,0.003,1.01,1.1,True,12,222.78692022475346,2474.869418289232,0.04743527871688558,478.92505480679745,171694.83249137504,1.6645373898113287,2600.0,7.768746985804386e-15,-7.232210593923134e-15
gasoline_reference,0.026,0.003,1.02,0.7,True,12,147.4667244733804,1769.938658968479,0.03025307890084922,497.05423475438045,145919.80170510113,1.4146550733505452,1812.174092724227,-4.372704351637558e-15,1.2924137438989434e-14
gasoline_reference,0.026,0.003,1.02,0.8,True,12,173.64234988917514,1990.0403581467845,0.0345631265639558,512.2971705523639,154153.69772491205,1.494480584636579,2085.7315471782226,-1.2820772008179121e-15,-2.3925358339114828e-15
gasoline_reference,0.026,0.003,1.02,0.9,True,12,199.38606208951634,2232.309162025892,0.03884785727003366,523.367862328247,163006.10067081708,1.5803023620268513,2362.1979851616848,9.692840417035386e-15,-9.036545767667916e-15
gasoline_reference,0.026,0.003,1.02,1.0,True,12,224.11976020354,2483.256135261932,0.043150133425699816,529.6357971216835,171995.2524189975,1.6674498840018404,2600.0,1.4964232365741656e-14,-9.528511092768292e-15
gasoline_reference,0.026,0.003,1.02,1.1,True,12,223.73509853445404,2474.869418289232,0.04741293690542151,481.18999218061373,171694.83249137504,1.6645373898113287,2600.0,6.471930623342442e-15,-9.884431886053398e-15
gasoline_reference,0.026,0.003,1.03,0.7,True,12,148.06633709985036,1769.938658968479,0.030241247153095188,499.27056173514774,145919.80170510113,1.4146550733505452,1812.1740927093383,-2.315477819040649e-15,1.5566736137121542e-14
gasoline_reference,0.026,0.003,1.03,0.8,True,12,174.3121060313103,1990.040358146943,0.03454959057112893,514.4746368919034,154153.69772491883,1.494480584636645,2085.7315471782226,-5.50255187717862e-15,3.310355177902842e-16
gasoline_reference,0.026,0.003,1.03,0.9,True,12,200.12617455212913,2232.3091620259524,0.038832618871008015,525.5167196163911,163006.10067081923,1.5803023620268721,2362.1979851616848,1.0532301119153e-14,-3.631945119190664e-15
gasoline_reference,0.026,0.003,1.03,1.0,True,12,224.93281823022178,2483.256135261932,0.04313319748398166,531.7659134019789,171995.2524189975,1.6674498840018404,2600.0,1.3333475739377195e-14,-1.1084495247756595e-14
gasoline_reference,0.026,0.003,1.03,1.1,True,12,224.5405421839939,2474.869418289232,0.04739432350394898,483.11193072899334,171694.83249137504,1.6645373898113287,2600.0,6.51921777106958e-15,-8.194054671719712e-15
gasoline_reference,0.026,0.003,1.05,0.7,True,12,148.06633709985036,1769.938658968479,0.030241247153095188,499.27056173514774,145919.80170510113,1.4146550733505452,1812.1740927093383,-2.315477819040649e-15,1.5566736137121542e-14
gasoline_reference,0.026,0.003,1.05,0.8,True,12,174.71596332612893,1990.0403581470573,0.03454147032781027,515.7878306247687,154153.6977249237,1.494480584636692,2085.7315471782226,-5.464607959382625e-15,1.99862156351056e-15
gasoline_reference,0.026,0.003,1.05,0.9,True,12,201.0239940283098,2232.30916202606,0.03881433717574212,528.1229587410221,163006.10067082307,1.5803023620269094,2362.1979851616848,9.536548861633754e-15,2.5059228810912394e-15
gasoline_reference,0.026,0.003,1.05,1.0,True,12,226.4209055969702,2483.256135261932,0.043102722461089926,535.6623786416324,171995.2524189975,1.6674498840018404,2600.0,1.4181579623080912e-14,-9.471675660561826e-15
gasoline_reference,0.026,0.003,1.05,1.1,True,12,225.8517625044674,2474.869418289232,0.04736455105197235,486.2385451574034,171694.83249137504,1.6645373898113287,2600.0,6.986731831971268e-15,-1.2453894656658916e-14
gasoline_reference,0.026,0.003,1.08,0.7,True,12,148.06633709985036,1769.938658968479,0.030241247153095188,499.27056173514774,145919.80170510113,1.4146550733505452,1812.1740927093383,-2.315477819040649e-15,1.5566736137121542e-14
gasoline_reference,0.026,0.003,1.08,0.8,True,12,174.71596332612893,1990.0403581470573,0.03454147032781027,515.7878306247687,154153.6977249237,1.494480584636692,2085.7315471782226,-5.464607959382625e-15,1.99862156351056e-15
gasoline_reference,0.026,0.003,1.08,0.9,True,12,201.0239940283098,2232.30916202606,0.03881433717574212,528.1229587410221,163006.10067082307,1.5803023620269094,2362.1979851616848,9.536548861633754e-15,2.5059228810912394e-15
gasoline_reference,0.026,0.003,1.08,1.0,True,12,226.4209055969702,2483.256135261932,0.043102722461089926,535.6623786416324,171995.2524189975,1.6674498840018404,2600.0,1.4181579623080912e-14,-9.471675660561826e-15
gasoline_reference,0.026,0.003,1.08,1.1,True,12,226.34896368307147,2474.869418289232,0.04735338922502638,487.4238398471291,171694.83249137504,1.6645373898113287,2600.0,7.116964376063835e-15,-8.073096761377466e-15
gasoline_reference,0.026,0.004,1.01,0.7,True,12,115.4540020330325,1182.3828684773243,0.02948751850760141,399.2547480586437,129749.25869244765,1.2578858038999565,1958.556322551976,1.3541507173904984e-15,2.428295834221489e-15
gasoline_reference,0.026,0.004,1.01,0.8,True,12,139.08907386914575,1379.443172449563,0.03373612517714169,420.4139714555961,135014.0952598731,1.3089270448654693,2297.738979645731,-1.043209251120932e-15,-7.069351305436726e-16
gasoline_reference,0.026,0.004,1.01,0.9,True,12,161.72893154060063,1578.3770707833319,0.038014765935739096,433.8251454140948,140490.30447628695,1.3620174894809653,2600.0000000000005,3.830086408199501e-15,2.8108981348008734e-14
gasoline_reference,0.026,0.004,1.01,1.0,True,12,179.178839269371,1795.2742087902866,0.042464549370001624,430.26847131602307,146649.53290335633,1.4217296302628426,2600.0000000000005,-6.153515091638132e-15,-1.2998454513290278e-14
gasoline_reference,0.026,0.004,1.01,1.1,True,12,178.79314005646967,1788.7909607151933,0.04666012425950912,390.73677273300433,146462.53748671565,1.4199167576317608,2600.0000000000005,-1.7548050976938193e-15,-1.7290029775266777e-14
gasoline_reference,0.026,0.004,1.02,0.7,True,12,115.93972814305735,1182.3828684773243,0.029473273924677218,401.1282249059603,129749.25869244765,1.2578858038999565,1958.5563225478886,5.153596391273054e-15,2.155354751467062e-15
gasoline_reference,0.026,0.004,1.02,0.8,True,12,139.64983493297007,1379.443172449563,0.03371982590123343,422.3129776468748,135014.0952598731,1.3089270448654693,2297.7389796433067,-3.2116251978489737e-16,-2.378499640764027e-15
gasoline_reference,0.026,0.004,1.02,0.9,True,12,162.25846513072378,1578.3770707833319,0.037999476612605235,435.42070137836345,140490.30447628695,1.3620174894809653,2600.0000000000005,4.720039360679514e-15,2.461379475328344e-14
gasoline_reference,0.026,0.004,1.02,1.0,True,12,179.77314615675493,1795.2742087902866,0.042447576203414564,431.86822002653554,146649.53290335633,1.4217296302628426,2600.0000000000005,-6.8012754374410946e-15,-1.3070298654774456e-14
gasoline_reference,0.026,0.004,1.02,1.1,True,12,179.49811535701377,1788.7909607151933,0.04663773732899453,392.4657346417529,146462.53748671565,1.4199167576317608,2600.0000000000005,-4.008437965444104e-16,-1.394802189487137e-14
gasoline_reference,0.026,0.004,1.03,0.7,True,12,116.34721045857762,1182.3828684773243,0.02946140614035853,402.7001843501384,129749.25869244765,1.2578858038999565,1958.5563225419983,3.349068291711905e-15,8.98781074184052e-15
gasoline_reference,0.026,0.004,1.03,0.8,True,12,140.12128485152883,1379.443172449563,0.033706246432959684,423.90939682528204,135014.0952598731,1.3089270448654693,2297.7389796408834,4.1276828432001685e-16,-7.88967774169618e-15
gasoline_reference,0.026,0.004,1.03,0.9,True,12,162.7933133674628,1578.3770707833319,0.03798419077672489,437.0317692983944,140490.30447628695,1.3620174894809653,2600.0000000000005,5.545273231606531e-15,2.8179847028623318e-14
gasoline_reference,0.026,0.004,1.03,1.0,True,12,180.37501057827336,1795.2742087902866,0.04243060700144575,433.48737079453883,146649.53290335633,1.4217296302628426,2600.0000000000005,-6.835346868427274e-15,-1.0465534835951493e-14
gasoline_reference,0.026,0.004,1.03,1.1,True,12,180.09497188845157,1788.7909607151933,0.046619086467096844,393.928274077342,146462.53748671565,1.4199167576317608,2600.0000000000005,-1.2427314915828976e-15,-1.4212056652780887e-14
gasoline_reference,0.026,0.004,1.05,0.7,True,12,116.34721045857762,1182.3828684773243,0.02946140614035853,402.7001843501384,129749.25869244765,1.2578858038999565,1958.5563225419983,3.349068291711905e-15,8.98781074184052e-15
gasoline_reference,0.026,0.004,1.05,0.8,True,12,140.40533727419745,1379.443172449563,0.03369810017100022,424.87142622463074,135014.0952598731,1.3089270448654693,2297.738979638708,-1.0733826331066792e-15,-2.6873872877813198e-15
gasoline_reference,0.026,0.004,1.05,0.9,True,12,163.4397814086919,1578.3770707833319,0.03796585236080948,438.9791999508747,140490.30447628695,1.3620174894809653,2600.0000000000005,5.8858042866385354e-15,3.074512358020249e-14
gasoline_reference,0.026,0.004,1.05,1.0,True,12,181.4710817627582,1795.2742087902866,0.042400072386826734,436.4355857034352,146649.53290335633,1.4217296302628426,2600.0000000000005,-6.221874051857735e-15,-1.2329687739668458e-14
gasoline_reference,0.026,0.004,1.05,1.1,True,12,181.062294794234,1788.7909607151933,0.046589254339538366,396.2977304060003,146462.53748671565,1.4199167576317608,2600.0000000000005,-1.947296916073806e-15,-1.9716914764014766e-14
gasoline_reference,0.026,0.004,1.08,0.7,True,12,116.34721045857762,1182.3828684773243,0.02946140614035853,402.7001843501384,129749.25869244765,1.2578858038999565,1958.5563225419983,3.349068291711905e-15,8.98781074184052e-15
gasoline_reference,0.026,0.004,1.08,0.8,True,12,140.40533727419745,1379.443172449563,0.03369810017100022,424.87142622463074,135014.0952598731,1.3089270448654693,2297.738979638708,-1.0733826331066792e-15,-2.6873872877813198e-15
gasoline_reference,0.026,0.004,1.08,0.9,True,12,163.4397814086919,1578.3770707833319,0.03796585236080948,438.9791999508747,140490.30447628695,1.3620174894809653,2600.0000000000005,5.8858042866385354e-15,3.074512358020249e-14
gasoline_reference,0.026,0.004,1.08,1.0,True,12,181.4710817627582,1795.2742087902866,0.042400072386826734,436.4355857034352,146649.53290335633,1.4217296302628426,2600.0000000000005,-6.221874051857735e-15,-1.2329687739668458e-14
gasoline_reference,0.026,0.004,1.08,1.1,True,12,181.42762516088789,1788.7909607151933,0.04657807021674391,397.1926917490328,146462.53748671565,1.4199167576317608,2600.0000000000005,-1.3249966186626881e-15,-1.860005572193353e-14
gasoline_reference,0.026,0.005,1.01,0.7,True,12,87.80633564049187,823.6407671075415,0.028509741645138923,314.05947191407796,120562.77344759772,1.168825184258006,2074.042994747835,4.911552790293484e-15,4.8780793400013465e-15
gasoline_reference,0.026,0.005,1.01,0.8,True,12,107.6326666557407,972.5380748718181,0.03262246849989033,336.43920978964735,124314.15881662843,1.2051939038038109,2474.218694621638,-2.5609503797970966e-15,-1.9080050834260806e-14
gasoline_reference,0.026,0.005,1.01,0.9,True,12,125.79712299549618,1143.0579423613426,0.03700664843907829,346.63329773205743,128717.37640088296,1.247881969589568,2600.0000000000005,-1.3395519586908246e-14,-3.808814802537236e-14
gasoline_reference,0.026,0.005,1.01,1.0,True,12,141.16145302904843,1317.15776559474,0.04140752294607856,347.6291554283255,133332.98483551232,1.2926291102267509,2600.0000000000005,-2.967226408030325e-15,-1.0707938941358137e-14
gasoline_reference,0.026,0.005,1.01,1.1,True,12,140.90286009509444,1312.2604659238661,0.045499035643393936,315.7889587376118,133201.47532218022,1.2913541592053324,2600.0000000000005,1.4967925182426356e-14,-3.852427726310625e-15
gasoline_reference,0.026,0.005,1.02,0.7,True,12,88.15230650811672,823.6407671075415,0.028495457929856072,315.454962608423,120562.77344759772,1.168825184258006,2074.042994748196,5.513558522914484e-15,1.6117002987479353e-14
gasoline_reference,0.026,0.005,1.02,0.8,True,12,108.03628569188977,972.5380748718181,0.032606121567268484,337.87015080176053,124314.15881662843,1.2051939038038109,2474.2186946176334,-4.346194186069538e-15,-1.2165451964131404e-14
gasoline_reference,0.026,0.005,1.02,0.9,True,12,126.18732520497029,1143.0579423613426,0.036991329783840045,347.85248904471496,128717.37640088296,1.247881969589568,2600.0000000000005,-1.3084858447730396e-14,-3.6546467273021854e-14
gasoline_reference,0.026,0.005,1.02,1.0,True,12,141.60461931665768,1317.15776559474,0.0413905171770544,348.863788128292,133332.98483551232,1.2926291102267509,2600.0000000000005,-3.8276574520644214e-15,-8.075676823252246e-15
gasoline_reference,0.026,0.005,1.02,1.1,True,12,141.42900678481084,1312.2604659238661,0.045476604840897966,317.1244900721779,133201.47532218022,1.2913541592053324,2600.0000000000005,1.4871457401662862e-14,-5.088828676917509e-15
gasoline_reference,0.026,0.005,1.03,0.7,True,12,88.44174142521098,823.6407671075415,0.02848355764835495,316.62293997357426,120562.77344759772,1.168825184258006,2074.042994748259,4.688699306173708e-15,9.782426390256994e-15
gasoline_reference,0.026,0.005,1.03,0.8,True,12,108.37470158716178,972.5380748718181,0.03259250252564735,339.0701287761233,124314.15881662843,1.2051939038038109,2474.218694613422,-8.5731214448772e-16,-1.260317332132089e-14
gasoline_reference,0.026,0.005,1.03,0.9,True,12,126.58066384557532,1143.0579423613426,0.036976014711891415,349.0813062970021,128717.37640088296,1.247881969589568,2600.0000000000005,-1.4303159225201448e-14,-3.916900646146638e-14
gasoline_reference,0.026,0.005,1.03,1.0,True,12,142.0526076409512,1317.15776559474,0.04137351548098943,350.1112859839731,133332.98483551232,1.2926291102267509,2600.0000000000005,-3.8388062361455756e-15,-1.3033609264525208e-14
gasoline_reference,0.026,0.005,1.03,1.1,True,12,141.87354516860043,1312.2604659238661,0.045457917554652595,318.25204933143993,133201.47532218022,1.2913541592053324,2600.0000000000005,1.6046142235430235e-14,-4.146706135965769e-15
gasoline_reference,0.026,0.005,1.05,0.7,True,12,88.44174142521098,823.6407671075415,0.02848355764835495,316.62293997357426,120562.77344759772,1.168825184258006,2074.042994748259,4.688699306173708e-15,9.782426390256994e-15
gasoline_reference,0.026,0.005,1.05,0.8,True,12,108.57822690152257,972.5380748718181,0.032584332580810234,339.7920705397051,124314.15881662843,1.2051939038038109,2474.218694610309,-1.7853576951375027e-15,-1.945634738630948e-14
gasoline_reference,0.026,0.005,1.05,0.9,True,12,127.0551403553463,1143.0579423613426,0.036957641338949895,350.5640021079716,128717.37640088296,1.247881969589568,2600.0000000000005,-1.2109211457864981e-14,-4.0179574517394197e-14
gasoline_reference,0.026,0.005,1.05,1.0,True,12,142.86655062819807,1317.15776559474,0.04134292264867757,352.37793710374166,133332.98483551232,1.2926291102267509,2600.0000000000005,-3.340034555805819e-15,-9.043140133746046e-15
gasoline_reference,0.026,0.005,1.05,1.1,True,12,142.59239439566662,1312.2604659238661,0.045428027403329685,320.0750389658056,133201.47532218022,1.2913541592053324,2600.0000000000005,1.548882480462932e-14,-5.882824611588094e-15
gasoline_reference,0.026,0.005,1.08,0.7,True,12,88.44174142521098,823.6407671075415,0.02848355764835495,316.62293997357426,120562.77344759772,1.168825184258006,2074.042994748259,4.688699306173708e-15,9.782426390256994e-15
gasoline_reference,0.026,0.005,1.08,0.8,True,12,108.57822690152257,972.5380748718181,0.032584332580810234,339.7920705397051,124314.15881662843,1.2051939038038109,2474.218694610309,-1.7853576951375027e-15,-1.945634738630948e-14
gasoline_reference,0.026,0.005,1.08,0.9,True,12,127.0551403553463,1143.0579423613426,0.036957641338949895,350.5640021079716,128717.37640088296,1.247881969589568,2600.0000000000005,-1.2109211457864981e-14,-4.0179574517394197e-14
gasoline_reference,0.026,0.005,1.08,1.0,True,12,142.86655062819807,1317.15776559474,0.04134292264867757,352.37793710374166,133332.98483551232,1.2926291102267509,2600.0000000000005,-3.340034555805819e-15,-9.043140133746046e-15
gasoline_reference,0.026,0.005,1.08,1.1,True,12,142.8634083770619,1312.2604659238661,0.04541682160225542,320.762503019679,133201.47532218022,1.2913541592053324,2600.0000000000005,1.5214751115893e-14,-4.846382274953005e-15
gasoline_reference,0.026,0.006,1.01,0.7,True,12,65.37932258765375,589.144600835029,0.0273990367429041,243.3237192304237,114828.14250385141,1.1132294072382505,2139.914055675087,-2.283478561181474e-15,-2.450457033142984e-14
gasoline_reference,0.026,0.006,1.01,0.8,True,12,81.77834821507618,702.8350403733218,0.03136246136109126,265.89337675174806,117582.21786768919,1.1399294619279947,2581.4911522463763,-5.658722205468086e-15,-2.1914494814945995e-14
gasoline_reference,0.026,0.006,1.01,0.9,True,12,96.9732818044335,844.4238696207887,0.03577539291619802,276.4057068871104,121081.21212003316,1.1738513142939013,2600.0000000000005,7.097937796295275e-15,2.6692302666501804e-14
gasoline_reference,0.026,0.006,1.01,1.0,True,12,110.56048430035672,983.2603946193034,0.04010525147321162,281.111111922763,124587.64745529066,1.2078453060512533,2600.0000000000005,9.744684287518211e-15,3.833261121012576e-14
gasoline_reference,0.026,0.006,1.01,1.1,True,12,110.35996525569414,979.3728240469198,0.044062101011833006,255.40281387101885,124488.4369917102,1.206883486037838,2600.0000000000005,6.630395780871357e-16,-7.387259840675415e-15
gasoline_reference,0.026,0.006,1.02,0.7,True,12,65.63308794094054,589.144600835029,0.02738471757713244,244.39588866554755,114828.14250385141,1.1132294072382505,2139.914055667892,-3.253514141739449e-15,-9.155756860405957e-15
gasoline_reference,0.026,0.006,1.02,0.8,True,12,82.07686113250142,702.8350403733218,0.03134607106915377,267.00349725650364,117582.21786768919,1.1399294619279947,2581.4911522433226,-5.2917484579385585e-15,-1.45957461989298e-14
gasoline_reference,0.026,0.006,1.02,0.9,True,12,97.26743538293793,844.4238696207887,0.03576004029472361,277.3631686019089,121081.21212003316,1.1738513142939013,2600.0000000000005,6.171633172812192e-15,3.5750464335243264e-14
gasoline_reference,0.026,0.006,1.02,1.0,True,12,110.8977987370392,983.2603946193034,0.04008820422493652,282.08867307001736,124587.64745529066,1.2078453060512533,2600.0000000000005,9.466715356698459e-15,3.467048728016116e-14
gasoline_reference,0.026,0.006,1.02,1.1,True,12,110.76084396638838,979.3728240469198,0.04403961409460839,256.46143972336074,124488.4369917102,1.206883486037838,2600.0000000000005,3.034076798123258e-16,-1.8113124229750972e-15
gasoline_reference,0.026,0.006,1.03,0.7,True,12,65.84480912253854,589.144600835066,0.02737278785665953,245.2911254574835,114828.14250385229,1.113229407238259,2139.914055660132,-3.049412848847385e-15,-2.261203038983665e-14
gasoline_reference,0.026,0.006,1.03,0.8,True,12,82.32645245766385,702.8350403733218,0.031332416023372126,267.9321577544962,117582.21786768919,1.1399294619279947,2581.4911522408984,-5.3438076359226746e-15,-2.65230793912273e-14
gasoline_reference,0.026,0.006,1.03,0.9,True,12,97.5632760357207,844.4238696207887,0.03574469136819593,278.32623686711827,121081.21212003316,1.1738513142939013,2600.0000000000005,5.107695997716671e-15,2.72101276393854e-14
gasoline_reference,0.026,0.006,1.03,1.0,True,12,111.23801977465888,983.2603946193034,0.04007116118808115,283.07443283554824,124587.64745529066,1.2078453060512533,2600.0000000000005,8.968456302478183e-15,2.6068658584922004e-14
gasoline_reference,0.026,0.006,1.03,1.1,True,12,111.09867889318457,979.3728240469198,0.044020880220412846,257.3531550041018,124488.4369917102,1.206883486037838,2600.0000000000005,-3.4417692965232564e-17,-4.365660906863296e-15
gasoline_reference,0.026,0.006,1.05,0.7,True,12,65.84480912253854,589.144600835066,0.02737278785665953,245.2911254574835,114828.14250385229,1.113229407238259,2139.914055660132,-3.049412848847385e-15,-2.261203038983665e-14
gasoline_reference,0.026,0.006,1.05,0.8,True,12,82.47628196784517,702.8350403733218,0.03132422453196724,268.489972745924,117582.21786768919,1.1399294619279947,2581.491152239224,-4.2644178723616235e-15,-2.6924577943121368e-14
gasoline_reference,0.026,0.006,1.05,0.9,True,12,97.91933185976356,844.4238696207887,0.03572627751656632,279.4859616008597,121081.21212003316,1.1738513142939013,2600.0000000000005,5.357959787107746e-15,3.973598278772797e-14
gasoline_reference,0.026,0.006,1.05,1.0,True,12,111.85440817962944,983.2603946193034,0.04004049428959465,284.861002686123,124587.64745529066,1.2078453060512533,2600.0000000000005,8.989033172860516e-15,3.5841039006154324e-14
gasoline_reference,0.026,0.006,1.05,1.1,True,12,111.6434829788013,979.3728240469198,0.043990915856382845,258.7913150944113,124488.4369917102,1.206883486037838,2600.0000000000005,4.944888205037088e-17,-9.634942139602776e-15
gasoline_reference,0.026,0.006,1.08,0.7,True,12,65.84480912253854,589.144600835066,0.02737278785665953,245.2911254574835,114828.14250385229,1.113229407238259,2139.914055660132,-3.049412848847385e-15,-2.261203038983665e-14
gasoline_reference,0.026,0.006,1.08,0.8,True,12,82.47628196784517,702.8350403733218,0.03132422453196724,268.489972745924,117582.21786768919,1.1399294619279947,2581.491152239224,-4.2644178723616235e-15,-2.6924577943121368e-14
gasoline_reference,0.026,0.006,1.08,0.9,True,12,97.91933185976356,844.4238696207887,0.03572627751656632,279.4859616008597,121081.21212003316,1.1738513142939013,2600.0000000000005,5.357959787107746e-15,3.973598278772797e-14
gasoline_reference,0.026,0.006,1.08,1.0,True,12,111.85440817962944,983.2603946193034,0.04004049428959465,284.861002686123,124587.64745529066,1.2078453060512533,2600.0000000000005,8.989033172860516e-15,3.5841039006154324e-14
gasoline_reference,0.026,0.006,1.08,1.1,True,12,111.84844461194992,979.3728240469198,0.04397968232919288,259.3326425449473,124488.4369917102,1.206883486037838,2600.0000000000005,2.5149651106629513e-16,-6.229218426147747e-15
gasoline_reference,0.03,0.002,1.01,0.7,True,10,183.87567624858232,3239.862953959242,0.031074624931232923,603.3894492947002,199097.60563439532,1.9302002511753498,1686.426469343859,-4.502970957336502e-15,-5.396450198648566e-15
gasoline_reference,0.03,0.002,1.01,0.8,True,10,214.38731461714346,3670.6612276463034,0.03547351613771756,616.274461553749,214529.19663981732,2.079805570334221,1910.6458142685108,3.945556926329384e-15,-2.1861888290010046e-16
gasoline_reference,0.03,0.002,1.01,0.9,True,10,243.8672868833709,4088.2899210376936,0.039870535333900024,623.7072669512818,229489.04114751902,2.2248374281222767,2135.9961165562277,1.627610940452633e-15,7.619376247993054e-16
gasoline_reference,0.03,0.002,1.01,1.0,True,10,272.3046030845495,4492.484391863504,0.044260775260917984,627.3577834932747,243967.65942760938,2.3652039209881983,2362.1883842292345,-5.35549277905065e-15,3.86729632677283e-16
gasoline_reference,0.03,0.002,1.01,1.1,True,10,271.4979640977749,4477.218370639303,0.048628988536660665,569.3124288865001,243420.81648463354,2.359902418830389,2349.477603666298,2.5715069071180265e-15,-2.7106916217713177e-15
gasoline_reference,0.03,0.002,1.02,0.7,True,10,183.8756780070678,3239.86295399193,0.031074624623817246,603.3894610344073,199097.6056355663,1.9302002511867018,1686.426469343859,-4.096700783262452e-15,-2.4126080379748433e-15
gasoline_reference,0.03,0.002,1.02,0.8,True,10,214.38731645457932,3670.6612276529513,0.035473515770428045,616.2744732164629,214529.19664005548,2.07980557033653,1910.6458142685105,2.850948255636557e-15,1.395692051015125e-15
gasoline_reference,0.03,0.002,1.02,0.9,True,10,243.8672884769664,4088.289921041751,0.03987053497535204,623.7072766358898,229489.0411476643,2.224837428123685,2135.9961165562277,1.0280580467480804e-15,-3.873951501859291e-15
gasoline_reference,0.03,0.002,1.02,1.0,True,10,272.3046047379419,4492.484391866992,0.04426077484733197,627.3577931647163,243967.65942773438,2.3652039209894102,2362.1883842292345,-5.9152313177125316e-15,2.0313192758507105e-15
gasoline_reference,0.03,0.002,1.02,1.1,True,10,271.4979661123064,4477.2183706430205,0.04862898798164279,569.3124396085743,243420.8164847667,2.3599024188316795,2349.477603666298,3.0618301675612465e-16,-2.5655735775206375e-15
gasoline_reference,0.03,0.002,1.03,0.7,True,10,183.87567946810915,3239.8629540264947,0.031074624368393193,603.3894707885055,199097.6056368044,1.930200251198705,1686.426469343859,-4.417519381208809e-16,-9.376425030777274e-15
gasoline_reference,0.03,0.002,1.03,0.8,True,10,214.3873179810294,3670.6612276595665,0.03547351546527438,616.2744829057481,214529.19664029244,2.079805570338827,1910.6458142685105,3.8407692004390126e-15,5.114294891228868e-15
gasoline_reference,0.03,0.002,1.03,0.9,True,10,243.86729006597864,4088.2899210466844,0.03987053461780309,623.7072862931477,229489.04114784105,2.2248374281253986,2135.9961165562277,2.270198440309975e-15,-8.01859067676931e-15
gasoline_reference,0.03,0.002,1.03,1.0,True,10,272.30460638525113,4492.484391871123,0.04426077443522757,627.357802801143,243967.65942788235,2.3652039209908446,2362.1883842292345,-4.5019963406177144e-15,2.657497212974546e-16
gasoline_reference,0.03,0.002,1.03,1.1,True,10,271.4979677845208,4477.218370646749,0.04862898752088502,569.3124485093056,243420.81648490022,2.359902418832974,2349.477603666298,-2.74356653471198e-15,-1.9941784597135223e-15
gasoline_reference,0.03,0.002,1.05,0.7,True,10,183.87567946810915,3239.8629540264947,0.031074624368393193,603.3894707885055,199097.6056368044,1.930200251198705,1686.426469343859,-4.417519381208809e-16,-9.376425030777274e-15
gasoline_reference,0.03,0.002,1.05,0.8,True,10,214.38731889483725,3670.6612276640863,0.035473515282582704,616.274488706433,214529.19664045438,2.079805570340397,1910.6458142685105,5.652976942569039e-15,1.865107490148395e-15
gasoline_reference,0.03,0.002,1.05,0.9,True,10,243.86729196676595,4088.2899210534524,0.03987053419005751,623.7072978458999,229489.0411480835,2.2248374281277488,2135.9961165562277,1.5635327613101194e-15,-2.0391139423655168e-15
gasoline_reference,0.03,0.002,1.05,1.0,True,10,272.3046093371415,4492.484391879888,0.04426077369665724,627.3578200705408,243967.65942819623,2.3652039209938875,2362.1883842292345,-7.810882501827197e-15,3.5339516747466568e-15
gasoline_reference,0.03,0.002,1.05,1.1,True,10,271.49797044905176,4477.2183706541355,0.0486289867866133,569.3124626929564,243420.81648516483,2.3599024188355395,2349.477603666298,-3.111963413753438e-15,-2.840716886217166e-15
gasoline_reference,0.03,0.002,1.08,0.7,True,10,183.87567946810915,3239.8629540264947,0.031074624368393193,603.3894707885055,199097.6056368044,1.930200251198705,1686.426469343859,-4.417519381208809e-16,-9.376425030777274e-15
gasoline_reference,0.03,0.002,1.08,0.8,True,10,214.38731889483725,3670.6612276640863,0.035473515282582704,616.274488706433,214529.19664045438,2.079805570340397,1910.6458142685105,5.652976942569039e-15,1.865107490148395e-15
gasoline_reference,0.03,0.002,1.08,0.9,True,10,243.86729196676595,4088.2899210534524,0.03987053419005751,623.7072978458999,229489.0411480835,2.2248374281277488,2135.9961165562277,1.5635327613101194e-15,-2.0391139423655168e-15
gasoline_reference,0.03,0.002,1.08,1.0,True,10,272.3046093371415,4492.484391879888,0.04426077369665724,627.3578200705408,243967.65942819623,2.3652039209938875,2362.1883842292345,-7.810882501827197e-15,3.5339516747466568e-15
gasoline_reference,0.03,0.002,1.08,1.1,True,10,271.4979714449078,4477.218370657301,0.0486289865121527,569.3124679943809,243420.81648527825,2.359902418836639,2349.477603666298,-1.377334269833761e-15,2.4991318445293874e-16
gasoline_reference,0.03,0.003,1.01,0.7,True,10,156.9602515573043,2068.216266166947,0.03065091764768901,522.1863669655744,157128.1419823614,1.5233170592618872,1839.6892026181147,3.28185154429894e-15,2.2363957961960364e-15
gasoline_reference,0.03,0.003,1.01,0.8,True,10,185.29132358555327,2364.4566031714107,0.03498863278370404,540.0170048151446,167739.74374398327,1.6261938182283788,2110.23458647821,3.909699020066942e-15,-3.3025296385349324e-15
gasoline_reference,0.03,0.003,1.01,0.9,True,10,213.12065835217172,2657.91142448825,0.03932492415867457,552.633209832398,178251.56576771822,1.7281032382129782,2384.338464920774,-1.69207920615916e-15,6.420785649784565e-16
gasoline_reference,0.03,0.003,1.01,1.0,True,10,238.16474333157447,2949.943898184908,0.0436780114360409,556.0245124496148,188712.4379894628,1.8295187129274388,2600.0,9.106430743578161e-16,1.322731652227219e-14
gasoline_reference,0.03,0.003,1.01,1.1,True,10,237.9875833038221,2938.566618848883,0.04798367553892787,505.7549144718251,188304.8933631454,1.8255676722427632,2600.0,2.2648924666177198e-15,-6.824315918115013e-15
gasoline_reference,0.03,0.003,1.02,0.7,True,10,156.96025340556957,2068.2162661797065,0.030650917325051163,522.1863786111537,157128.1419828185,1.5233170592663183,1839.6892026181147,4.017348245836358e-15,5.884805579251337e-15
gasoline_reference,0.03,0.003,1.02,0.8,True,10,185.29132554323039,2364.456603176018,0.034988632393008645,540.0170165506607,167739.7437441483,1.6261938182299787,2110.23458647821,2.6316961774224053e-15,-1.0393597135423161e-14
gasoline_reference,0.03,0.003,1.02,0.9,True,10,213.12066016507336,2657.9114244902867,0.039324923751465395,552.6332202558597,178251.5657677912,1.7281032382136858,2384.338464920774,-1.0247710779444613e-15,-4.25319506835143e-16
gasoline_reference,0.03,0.003,1.02,1.0,True,10,238.16474520570563,2949.943898184908,0.043678010967978576,556.0245227834718,188712.4379894628,1.8295187129274388,2600.0,8.386507408106161e-16,1.251422523173241e-14
gasoline_reference,0.03,0.003,1.02,1.1,True,10,237.98758558982973,2938.566618848883,0.04798367491014918,505.7549259573109,188304.8933631454,1.8255676722427632,2600.0,2.2605942686908987e-15,-5.3098634841237775e-15
gasoline_reference,0.03,0.003,1.03,0.7,True,10,156.96025494108784,2068.216266194341,0.0306509170569892,522.186388286479,157128.1419833427,1.5233170592714005,1839.6892026181147,-1.5042997641350613e-16,2.3128923895100657e-15
gasoline_reference,0.03,0.003,1.03,0.8,True,10,185.29132715536372,2364.4566031808745,0.03498863207124109,540.01702621528,167739.74374432227,1.6261938182316653,2110.23458647821,1.1802895096346061e-15,-1.0139066865484195e-14
gasoline_reference,0.03,0.003,1.03,0.9,True,10,213.12066197248518,2657.911424492801,0.039324923345445205,552.6332306483773,178251.5657678813,1.7281032382145591,2384.338464920774,1.6957011139410579e-15,-1.268438155190165e-15
gasoline_reference,0.03,0.003,1.03,1.0,True,10,238.1647470740667,2949.943898184908,0.04367801050130295,556.0245330862052,188712.4379894628,1.8295187129274388,2600.0,1.0661613980007654e-15,1.4769352443487207e-14
gasoline_reference,0.03,0.003,1.03,1.1,True,10,237.98758748830838,2938.566618848883,0.047983674387894235,505.7549354964711,188304.8933631454,1.8255676722427632,2600.0,6.872368927036958e-16,-5.3440138088780204e-15
gasoline_reference,0.03,0.003,1.05,0.7,True,10,156.96025494108784,2068.216266194341,0.0306509170569892,522.186388286479,157128.1419833427,1.5233170592714005,1839.6892026181147,-1.5042997641350613e-16,2.3128923895100657e-15
gasoline_reference,0.03,0.003,1.05,0.8,True,10,185.29132811776347,2364.4566031843838,0.03498863187914109,540.0170319850035,167739.743744448,1.6261938182328841,2110.23458647821,4.159016691616977e-15,-5.8232298421516716e-15
gasoline_reference,0.03,0.003,1.05,0.9,True,10,213.12066413416161,2657.911424496485,0.03932492285978458,552.6332430787094,178251.56576801324,1.7281032382158386,2384.338464920774,-1.2173663952634316e-15,3.376788386628204e-17
gasoline_reference,0.03,0.003,1.05,1.0,True,10,238.16475042264486,2949.9438981849075,0.04367800966476558,556.0245515530551,188712.4379894628,1.8295187129274388,2600.0,7.066395422569093e-16,1.3309745211778459e-14
gasoline_reference,0.03,0.003,1.05,1.1,True,10,237.98759051359045,2938.566618848883,0.04798367355553761,505.75495069875416,188304.8933631454,1.8255676722427632,2600.0,1.9620451032085526e-15,-5.725168986625097e-15
gasoline_reference,0.03,0.003,1.08,0.7,True,10,156.96025494108784,2068.216266194341,0.0306509170569892,522.186388286479,157128.1419833427,1.5233170592714005,1839.6892026181147,-1.5042997641350613e-16,2.3128923895100657e-15
gasoline_reference,0.03,0.003,1.08,0.8,True,10,185.29132811776347,2364.4566031843838,0.03498863187914109,540.0170319850035,167739.743744448,1.6261938182328841,2110.23458647821,4.159016691616977e-15,-5.8232298421516716e-15
gasoline_reference,0.03,0.003,1.08,0.9,True,10,213.12066413416161,2657.911424496485,0.03932492285978458,552.6332430787094,178251.56576801324,1.7281032382158386,2384.338464920774,-1.2173663952634316e-15,3.376788386628204e-17
gasoline_reference,0.03,0.003,1.08,1.0,True,10,238.16475042264486,2949.9438981849075,0.04367800966476558,556.0245515530551,188712.4379894628,1.8295187129274388,2600.0,7.066395422569093e-16,1.3309745211778459e-14
gasoline_reference,0.03,0.003,1.08,1.1,True,10,237.98759164418922,2938.566618848883,0.0479836732444316,505.75495638052837,188304.8933631454,1.8255676722427632,2600.0,1.8705698231001796e-15,-9.425647908830752e-15
gasoline_reference,0.03,0.004,1.01,0.7,True,10,130.04592986795453,1458.9592429306053,0.030023142365238425,441.6924168193769,137183.37002334054,1.3299576076387958,2013.3306176274511,-3.368706335562277e-15,1.359444401680273e-14
gasoline_reference,0.03,0.004,1.01,0.8,True,10,155.45854084083035,1691.546102556681,0.03432872181302769,461.7812320676813,143679.17182336,1.392932740996285,2360.0278565002677,3.961047918448109e-15,-1.440938269874682e-14
gasoline_reference,0.03,0.004,1.01,0.9,True,10,178.3756602555854,1908.0683721321063,0.0386911214646454,470.11444971805787,150645.92548178622,1.4604736319001383,2600.0000000000005,1.4480198433669276e-15,-1.2151573415684085e-14
gasoline_reference,0.03,0.004,1.01,1.0,True,10,195.3732949418166,2116.6048259762238,0.04310860715651842,462.14742153868065,158861.46476921314,1.5401211793711607,2600.0000000000005,-4.782099578248961e-15,3.482881750360934e-14
gasoline_reference,0.03,0.004,1.01,1.1,True,10,195.20148982890407,2108.065112419945,0.04735494440932629,420.3365170391328,158555.5643630298,1.5371555533458332,2600.0000000000005,-9.515694873040237e-15,1.128130265777185e-14
gasoline_reference,0.03,0.004,1.02,0.7,True,10,130.0459319809278,1458.9592429331858,0.030023141996957933,441.69242941399517,137183.37002341135,1.3299576076394823,2013.330617612564,-5.095820505155797e-15,1.2204649100623849e-14
gasoline_reference,0.03,0.004,1.02,0.8,True,10,155.45854304876468,1691.5461025585407,0.034328721373154486,461.78124454329406,143679.17182341282,1.3929327409967973,2360.0278564893565,3.968707257785131e-15,-2.36862640210551e-14
gasoline_reference,0.03,0.004,1.02,0.9,True,10,178.37566215131073,1908.0683721321063,0.03869112103948487,470.11445988019034,150645.92548178622,1.4604736319001383,2600.0000000000005,1.0685469435901745e-15,-2.1118449668533952e-14
gasoline_reference,0.03,0.004,1.02,1.0,True,10,195.3732968676506,2116.6048259762238,0.043108606676035714,462.1474312451939,158861.46476921314,1.5401211793711607,2600.0000000000005,-4.138862599878726e-15,3.732213755658107e-14
gasoline_reference,0.03,0.004,1.02,1.1,True,10,195.20149217793463,2108.065112419945,0.04735494376388631,420.336527826527,158555.5643630298,1.5371555533458332,2600.0000000000005,-8.730157350631831e-15,1.7599588906093383e-14
gasoline_reference,0.03,0.004,1.03,0.7,True,10,130.04593373604658,1458.9592429371608,0.0300231416910191,441.6924398760306,137183.37002352046,1.3299576076405402,2013.3306175896043,-3.537664800771595e-15,1.9567335477040447e-15
gasoline_reference,0.03,0.004,1.03,0.8,True,10,155.45854488261986,1691.5461025605232,0.03432872100776271,461.7812549058198,143679.17182346914,1.392932740997343,2360.027856477768,4.1532727693774515e-15,-1.4461636609372126e-14
gasoline_reference,0.03,0.004,1.03,0.9,True,10,178.3756640412346,1908.0683721321063,0.0386911206155757,470.11447001182836,150645.92548178622,1.4604736319001383,2600.0000000000005,2.3733701938434835e-15,-1.679600891478312e-14
gasoline_reference,0.03,0.004,1.03,1.0,True,10,195.37329878752016,2116.6048259762238,0.04310860619698385,462.14744092225925,158861.46476921314,1.5401211793711607,2600.0000000000005,-3.76656313447101e-15,3.6369816619804336e-14
gasoline_reference,0.03,0.004,1.03,1.1,True,10,195.2014941287119,2108.065112419945,0.04735494322780208,420.3365367856699,158555.5643630298,1.5371555533458332,2600.0000000000005,-1.020878145508568e-14,1.5241120655781762e-14
gasoline_reference,0.03,0.004,1.05,0.7,True,10,130.04593373604658,1458.9592429371608,0.0300231416910191,441.6924398760306,137183.37002352046,1.3299576076405402,2013.3306175896043,-3.537664800771595e-15,1.9567335477040447e-15
gasoline_reference,0.03,0.004,1.05,0.8,True,10,155.4585459802921,1691.546102562241,0.034328720789036093,461.78126110865117,143679.17182351797,1.3929327409978167,2360.02785646761,4.17355692827513e-15,-1.234682781797716e-14
gasoline_reference,0.03,0.004,1.05,0.9,True,10,178.37566630151574,1908.0683721321063,0.038691120108530264,470.1144821296975,150645.92548178622,1.4604736319001383,2600.0000000000005,1.7695782381710404e-15,-1.95751392541786e-14
gasoline_reference,0.03,0.004,1.05,1.0,True,10,195.37330222832676,2116.6048259762238,0.04310860533827989,462.1474582671132,158861.46476921314,1.5401211793711607,2600.0000000000005,-3.636485059926072e-15,3.372104660354859e-14
gasoline_reference,0.03,0.004,1.05,1.1,True,10,195.2014972372572,2108.065112419945,0.047354942373422235,420.3365510631759,158555.5643630298,1.5371555533458332,2600.0000000000005,-8.824004641121742e-15,1.0498369414284811e-14
gasoline_reference,0.03,0.004,1.08,0.7,True,10,130.04593373604658,1458.9592429371608,0.0300231416910191,441.6924398760306,137183.37002352046,1.3299576076405402,2013.3306175896043,-3.537664800771595e-15,1.9567335477040447e-15
gasoline_reference,0.03,0.004,1.08,0.8,True,10,155.4585459802921,1691.546102562241,0.034328720789036093,461.78126110865117,143679.17182351797,1.3929327409978167,2360.02785646761,4.17355692827513e-15,-1.234682781797716e-14
gasoline_reference,0.03,0.004,1.08,0.9,True,10,178.37566630151574,1908.0683721321063,0.038691120108530264,470.1144821296975,150645.92548178622,1.4604736319001383,2600.0000000000005,1.7695782381710404e-15,-1.95751392541786e-14
gasoline_reference,0.03,0.004,1.08,1.0,True,10,195.37330222832676,2116.6048259762238,0.04310860533827989,462.1474582671132,158861.46476921314,1.5401211793711607,2600.0000000000005,-3.636485059926072e-15,3.372104660354859e-14
gasoline_reference,0.03,0.004,1.08,1.1,True,10,195.20149839894887,2108.065112419945,0.04735494205409023,420.336556399187,158555.5643630298,1.5371555533458332,2600.0000000000005,-1.038305703949064e-14,1.0746567716309339e-14
gasoline_reference,0.03,0.005,1.01,0.7,True,10,103.33829486492317,1046.2223002413803,0.029175434302603685,361.1796609514463,126202.72298659268,1.2235030493287433,2168.571066384585,4.635223432912426e-16,-1.5983621758165175e-14
gasoline_reference,0.03,0.005,1.01,0.8,True,10,125.38100974758314,1228.3047435749218,0.033382843842957324,382.9902839932163,130962.10277618107,1.2696440163987932,2591.9118919150415,-5.365558379907448e-15,1.4694971669946097e-14
gasoline_reference,0.03,0.005,1.01,0.9,True,10,143.38633299880652,1434.4936846892535,0.03787249789529623,386.0674014229594,136513.15577425386,1.3234600522924802,2600.0000000000005,-5.253042111592438e-15,1.2224363886544225e-14
gasoline_reference,0.03,0.005,1.01,1.0,True,10,159.1500568597044,1635.1761840485174,0.04229229061805171,383.72925870071,142084.05846664315,1.377468525884418,2600.0000000000005,5.0473078332773455e-15,2.2108499353523e-14
gasoline_reference,0.03,0.005,1.01,1.1,True,10,159.05370993855252,1628.3432808720484,0.04646041873671983,349.09208993083104,141891.61493894196,1.3756028352131395,2600.0000000000005,2.9588984066809986e-15,-2.913840948760048e-15
gasoline_reference,0.03,0.005,1.02,0.7,True,10,103.33829707743458,1046.2223002413803,0.029175433917558218,361.17967345113925,126202.72298659268,1.2235030493287433,2168.5710663880363,2.253488890171954e-15,-1.269426372481714e-14
gasoline_reference,0.03,0.005,1.02,0.8,True,10,125.38101205618764,1228.3047435771875,0.03338284338377252,382.9902963131813,130962.10277624112,1.2696440163993754,2591.9118918906156,-9.658187114904296e-16,2.012837884366138e-14
gasoline_reference,0.03,0.005,1.02,0.9,True,10,143.38633494244183,1434.4936846892535,0.03787249745981333,386.0674110954505,136513.15577425386,1.3234600522924802,2600.0000000000005,-5.414572250407054e-15,9.408396538550756e-15
gasoline_reference,0.03,0.005,1.02,1.0,True,10,159.15005883223088,1635.1761840485174,0.04229229012637832,383.72926791778445,142084.05846664315,1.377468525884418,2600.0000000000005,4.898626338169845e-15,2.3630477698894596e-14
gasoline_reference,0.03,0.005,1.02,1.1,True,10,159.05371234474234,1628.3432808720484,0.04646041807619812,349.0921001749485,141891.61493894196,1.3756028352131395,2600.0000000000005,3.719544714127409e-15,-1.2185164531392385e-14
gasoline_reference,0.03,0.005,1.03,0.7,True,10,103.33829891514415,1046.2223002413803,0.029175433597700817,361.1796838338544,126202.72298659268,1.2235030493287433,2168.5710663897758,1.3731800666595142e-15,-1.564050225236481e-14
gasoline_reference,0.03,0.005,1.03,0.8,True,10,125.38101397360074,1228.3047435795156,0.03338284300234881,382.9903065460816,130962.10277630285,1.2696440163999738,2591.911891865484,-3.2681906653113266e-15,1.6302787622094773e-14
gasoline_reference,0.03,0.005,1.03,0.9,True,10,143.38633688009585,1434.4936846892535,0.0378724970256184,386.0674207387078,136513.15577425386,1.3234600522924802,2600.0000000000005,-4.661297200049929e-15,4.348919900740783e-15
gasoline_reference,0.03,0.005,1.03,1.0,True,10,159.15006079861547,1635.1761840485174,0.04229228963617594,383.7292771067035,142084.05846664315,1.377468525884418,2600.0000000000005,4.141311800414852e-15,2.2381715965889394e-14
gasoline_reference,0.03,0.005,1.03,1.1,True,10,159.05371434295049,1628.3432808720484,0.0464604175275961,349.09210868268855,141891.61493894196,1.3756028352131395,2600.0000000000005,3.2772312908645375e-15,-1.2289426004222652e-14
gasoline_reference,0.03,0.005,1.05,0.7,True,10,103.33829891514415,1046.2223002413803,0.029175433597700817,361.1796838338544,126202.72298659268,1.2235030493287433,2168.5710663897758,1.3731800666595142e-15,-1.564050225236481e-14
gasoline_reference,0.03,0.005,1.05,0.8,True,10,125.38101512125911,1228.3047435812252,0.03338284277402963,382.9903126711627,130962.1027763482,1.2696440164004135,2591.911891847056,-1.028880773425517e-15,1.5652943022942863e-14
gasoline_reference,0.03,0.005,1.05,0.9,True,10,143.38633919741704,1434.4936846892535,0.03787249650627812,386.06743227217936,136513.15577425386,1.3234600522924802,2600.0000000000005,-4.627355663545288e-15,4.653484676425106e-15
gasoline_reference,0.03,0.005,1.05,1.0,True,10,159.15006432270468,1635.1761840485174,0.042292288757501774,383.7292935761383,142084.05846664315,1.377468525884418,2600.0000000000005,3.383886398654095e-15,2.4703047553554276e-14
gasoline_reference,0.03,0.005,1.05,1.1,True,10,159.05371752700586,1628.3432808720484,0.04646041665328238,349.0921222404514,141891.61493894196,1.3756028352131395,2600.0000000000005,2.797992741849113e-15,-5.262913269859175e-15
gasoline_reference,0.03,0.005,1.08,0.7,True,10,103.33829891514415,1046.2223002413803,0.029175433597700817,361.1796838338544,126202.72298659268,1.2235030493287433,2168.5710663897758,1.3731800666595142e-15,-1.564050225236481e-14
gasoline_reference,0.03,0.005,1.08,0.8,True,10,125.38101512125911,1228.3047435812252,0.03338284277402963,382.9903126711627,130962.1027763482,1.2696440164004135,2591.911891847056,-1.028880773425517e-15,1.5652943022942863e-14
gasoline_reference,0.03,0.005,1.08,0.9,True,10,143.38633919741704,1434.4936846892535,0.03787249650627812,386.06743227217936,136513.15577425386,1.3234600522924802,2600.0000000000005,-4.627355663545288e-15,4.653484676425106e-15
gasoline_reference,0.03,0.005,1.08,1.0,True,10,159.15006432270468,1635.1761840485174,0.042292288757501774,383.7292935761383,142084.05846664315,1.377468525884418,2600.0000000000005,3.383886398654095e-15,2.4703047553554276e-14
gasoline_reference,0.03,0.005,1.08,1.1,True,10,159.05371871689405,1628.3432808720484,0.04646041632650504,349.0921273073501,141891.61493894196,1.3756028352131395,2600.0000000000005,4.44212350386787e-15,-8.28245839590521e-15
gasoline_reference,0.03,0.006,1.01,0.7,True,10,80.59680708748944,770.9132824260726,0.028202988055836365,291.4083810504601,119254.96403700588,1.156146307258102,2277.1207839922854,2.911450967965111e-15,-4.631450142508778e-15
gasoline_reference,0.03,0.006,1.01,0.8,True,10,98.83116448400926,923.7122212217358,0.03242146154986279,310.8426824522942,123074.48648270586,1.1931755982963783,2600.0000000000005,-1.905845952261759e-15,-3.477054054405631e-18
gasoline_reference,0.03,0.006,1.01,0.9,True,10,114.3156952000606,1090.8866216575555,0.03683049678029688,316.5028386359042,127357.94359492713,1.2347026170044326,2600.0000000000005,-7.2557027647551e-15,-4.743410313352037e-14
gasoline_reference,0.03,0.006,1.01,1.0,True,10,128.57223841259702,1254.808169830551,0.04118289654807291,318.3535084647263,131665.95358198247,1.2764676695402708,2600.0000000000005,-1.35682994248765e-15,-2.261697820095043e-14
gasoline_reference,0.03,0.006,1.01,1.1,True,10,128.48104809612917,1249.2583568165026,0.04523588516903523,289.6245034543979,131518.332477456,1.2750365207721686,2600.0000000000005,8.364458146360551e-15,-1.6964272255062657e-14
gasoline_reference,0.03,0.006,1.02,0.7,True,10,80.59680938980442,770.9132824260726,0.02820298765573957,291.40839350879804,119254.96403700588,1.156146307258102,2277.120783963442,4.1297256537212645e-15,-6.436640346817022e-16
gasoline_reference,0.03,0.006,1.02,0.8,True,10,98.83116684455464,923.7122212217358,0.03242146108082912,310.84269437354357,123074.48648270586,1.1931755982963783,2600.0000000000005,-1.5201159431099816e-15,5.854100117645775e-15
gasoline_reference,0.03,0.006,1.02,0.9,True,10,114.31569720004663,1090.8866216575555,0.03683049633269392,316.5028480196883,127357.94359492713,1.2347026170044326,2600.0000000000005,-7.617319507386311e-15,-4.2501889935459076e-14
gasoline_reference,0.03,0.006,1.02,1.0,True,10,128.57224044779574,1254.808169830551,0.04118289604140717,318.353517420661,131665.95358198247,1.2764676695402708,2600.0000000000005,-1.474628913192876e-15,-2.150452555898164e-14
gasoline_reference,0.03,0.006,1.02,1.1,True,10,128.48105057983597,1249.2583568165026,0.04523588448809602,289.6245134129583,131518.332477456,1.2750365207721686,2600.0000000000005,8.405067640226733e-15,-1.7298502851425162e-14
gasoline_reference,0.03,0.006,1.03,0.7,True,10,80.59681130207218,770.9132824260726,0.028202987323386178,291.4084038569079,119254.96403700588,1.156146307258102,2277.1207839325284,5.829940997818382e-16,1.9887053836487167e-15
gasoline_reference,0.03,0.006,1.03,0.8,True,10,98.83116880505547,923.7122212217358,0.032421460691231196,310.8427042749826,123074.48648270586,1.1931755982963783,2600.0000000000005,-2.2950269989069685e-16,4.560339189592008e-15
gasoline_reference,0.03,0.006,1.03,0.9,True,10,114.31569919383824,1090.8866216575555,0.0368304958864222,316.5028573748823,127357.94359492713,1.2347026170044326,2600.0000000000005,-7.424420788223811e-15,-2.922598811093324e-14
gasoline_reference,0.03,0.006,1.03,1.0,True,10,128.57224247661233,1254.808169830551,0.04118289553626671,318.3535263490026,131665.95358198247,1.2764676695402708,2600.0000000000005,-1.5923930350182312e-15,-2.0390353611416302e-14
gasoline_reference,0.03,0.006,1.03,1.1,True,10,128.4810526423656,1249.2583568165026,0.04523588392254802,289.6245216832964,131518.332477456,1.2750365207721686,2600.0000000000005,8.244762245517833e-15,-1.5737713339277223e-14
gasoline_reference,0.03,0.006,1.05,0.7,True,10,80.59681130207218,770.9132824260726,0.028202987323386178,291.4084038569079,119254.96403700588,1.156146307258102,2277.1207839325284,5.829940997818382e-16,1.9887053836487167e-15
gasoline_reference,0.03,0.006,1.05,0.8,True,10,98.83116997847722,923.7122212217358,0.03242146045802195,310.8427102015235,123074.48648270586,1.1931755982963783,2600.0000000000005,-1.8618577431059976e-16,5.03747693224307e-15
gasoline_reference,0.03,0.006,1.05,0.9,True,10,114.31570157824468,1090.8866216575555,0.036830495352646646,316.5028685635257,127357.94359492713,1.2347026170044326,2600.0000000000005,-7.342287845874e-15,-3.826333589947428e-14
gasoline_reference,0.03,0.006,1.05,1.0,True,10,128.5722461124776,1254.808169830551,0.04118289463083988,318.3535423508137,131665.95358198247,1.2764676695402708,2600.0000000000005,-7.581142314782791e-16,-1.3343182459003798e-14
gasoline_reference,0.03,0.006,1.05,1.1,True,10,128.48105592881674,1249.2583568165026,0.04523588302124971,289.62453486227747,131518.332477456,1.2750365207721686,2600.0000000000005,8.104791730764932e-15,-1.3036067421853292e-14
gasoline_reference,0.03,0.006,1.08,0.7,True,10,80.59681130207218,770.9132824260726,0.028202987323386178,291.4084038569079,119254.96403700588,1.156146307258102,2277.1207839325284,5.829940997818382e-16,1.9887053836487167e-15
gasoline_reference,0.03,0.006,1.08,0.8,True,10,98.83116997847722,923.7122212217358,0.03242146045802195,310.8427102015235,123074.48648270586,1.1931755982963783,2600.0000000000005,-1.8618577431059976e-16,5.03747693224307e-15
gasoline_reference,0.03,0.006,1.08,0.9,True,10,114.31570157824468,1090.8866216575555,0.036830495352646646,316.5028685635257,127357.94359492713,1.2347026170044326,2600.0000000000005,-7.342287845874e-15,-3.826333589947428e-14
gasoline_reference,0.03,0.006,1.08,1.0,True,10,128.5722461124776,1254.808169830551,0.04118289463083988,318.3535423508137,131665.95358198247,1.2764676695402708,2600.0000000000005,-7.581142314782791e-16,-1.3343182459003798e-14
gasoline_reference,0.03,0.006,1.08,1.1,True,10,128.4810571569397,1249.2583568165026,0.04523588268439387,289.62453978746936,131518.332477456,1.2750365207721686,2600.0000000000005,8.464612276369183e-15,-1.9844641412754913e-14
propane_reference,0.01,0.002,1.01,0.7,True,20,126.95374338842385,1321.8773876285982,0.02726380657271709,474.8302115705397,133459.8154385399,1.29385870041213,1554.8922614878222,-8.554143765688298e-15,-2.3351606341932202e-14
propane_reference,0.01,0.002,1.01,0.8,True,19,165.1613935512018,1699.1892952491921,0.03129261941679169,538.2027899902025,143896.48515069444,1.3950395380000369,1786.0853301226111,4.1259453011278044e-15,-1.4376264220601435e-14
propane_reference,0.01,0.002,1.01,0.9,True,18,196.71794650417283,2015.1127417453783,0.0353923444763533,566.7792919682232,155215.76513574866,1.5047770559408418,2020.6110492276598,2.7391943937878495e-14,7.447077361698593e-15
propane_reference,0.01,0.002,1.01,1.0,True,17,237.52498368571975,2365.6921499882988,0.039200556035623495,617.8689828571304,167784.00216912292,1.6266228923151764,2253.7033238003896,-1.1209141172534012e-14,3.2796787376553945e-16
propane_reference,0.01,0.002,1.01,1.1,True,18,237.67817773887296,2369.8982812245245,0.04311865533680639,562.0868494581616,167934.66966460066,1.628083575062658,2242.688587903189,5.251102636208732e-15,7.98108523949218e-15
propane_reference,0.01,0.002,1.02,0.7,True,20,126.95459292182663,1321.8773876292835,0.027263671942092886,474.8357337535576,133459.81543855838,1.2938587004123092,1554.8922614878222,-6.840086090911186e-15,-2.3228063141891396e-14
propane_reference,0.01,0.002,1.02,0.8,True,19,165.1611322014755,1699.1892952496535,0.03129266720429902,538.2011164471726,143896.48515070757,1.3950395380001641,1786.0853301226111,4.333656135707984e-15,-2.0938587583074758e-14
propane_reference,0.01,0.002,1.02,0.9,True,18,196.71775827198658,2015.1127417455582,0.03539238321972686,566.7781291959174,155215.7651357564,1.5047770559409168,2020.6110492276598,2.839682736456079e-14,4.928309983873683e-15
propane_reference,0.01,0.002,1.02,1.0,True,17,236.9101553070462,2365.692149988413,0.03921676146017697,616.0149828563224,167784.002169127,1.626622892315216,2253.7033238003896,-1.3147712881753536e-14,-2.434966988300099e-15
propane_reference,0.01,0.002,1.02,1.1,True,17,238.3534476741607,2369.8982812246627,0.0431014220571683,563.9091784260636,167934.6696646056,1.628083575062706,2242.688587903189,2.476624943334883e-15,1.0501863274164376e-14
propane_reference,0.01,0.002,1.03,0.7,True,20,126.95510127568177,1321.8773876297935,0.02726359136782776,474.83903842482727,133459.8154385721,1.2938587004124424,1554.8922614878222,-8.83840331378823e-15,-2.698055371325977e-14
propane_reference,0.01,0.002,1.03,0.8,True,19,165.16102056595722,1699.189295249916,0.03129268762018883,538.2004015354414,143896.48515071507,1.395039538000237,1786.0853301226111,3.4964791146380743e-15,-1.6164896961206556e-14
propane_reference,0.01,0.002,1.03,0.9,True,18,196.7175706731039,2015.1127417457471,0.03539242183945064,566.7769702309502,155215.76513576417,1.504777055940992,2020.6110492276598,2.664332847094411e-14,1.0960123074769885e-14
propane_reference,0.01,0.002,1.03,1.0,True,17,236.3927245007503,2365.6921499885375,0.039229722448394365,614.4664778613694,167784.00216913148,1.6266228923152593,2253.7033238003896,-1.271438657512187e-14,-2.7771221649561445e-15
propane_reference,0.01,0.002,1.03,1.1,True,17,238.76116395184718,2369.8982812247905,0.04310142205716824,564.8737751349629,167934.6696646102,1.6280835750627507,2242.688587903189,2.0983519631255248e-15,6.757074732521718e-15
propane_reference,0.01,0.002,1.05,0.7,True,20,126.95510127568177,1321.8773876297935,0.02726359136782776,474.83903842482727,133459.8154385721,1.2938587004124424,1554.8922614878222,-8.83840331378823e-15,-2.698055371325977e-14
propane_reference,0.01,0.002,1.05,0.8,True,19,165.16094626571092,1699.1892952501018,0.03129270120935681,538.1999256988512,143896.4851507203,1.3950395380002878,1786.0853301226111,4.814558487550915e-15,-1.9116939684554217e-14
propane_reference,0.01,0.002,1.05,0.9,True,18,196.71745841667047,2015.11274174591,0.035392444952130564,566.7762766731795,155215.76513577113,1.5047770559410596,2020.6110492276598,2.5167108996621828e-14,9.920386711905647e-15
propane_reference,0.01,0.002,1.05,1.0,True,17,235.58642849823477,2365.692149988769,0.03924915836199466,612.0673938573768,167784.00216913977,1.6266228923153399,2253.7033238003896,-1.3671009260279982e-14,-2.8179476705806896e-15
propane_reference,0.01,0.002,1.05,1.1,True,17,239.14359563842595,2369.8982812249997,0.04310142205716815,565.7785522224663,167934.66966461772,1.6280835750628235,2242.688587903189,2.778019371321442e-15,1.054452713716945e-14
propane_reference,0.01,0.002,1.08,0.7,True,20,126.95510127568177,1321.8773876297935,0.02726359136782776,474.83903842482727,133459.8154385721,1.2938587004124424,1554.8922614878222,-8.83840331378823e-15,-2.698055371325977e-14
propane_reference,0.01,0.002,1.08,0.8,True,19,165.16094626571092,1699.1892952501018,0.03129270120935681,538.1999256988512,143896.4851507203,1.3950395380002878,1786.0853301226111,4.814558487550915e-15,-1.9116939684554217e-14
propane_reference,0.01,0.002,1.08,0.9,True,18,196.71745841667047,2015.11274174591,0.035392444952130564,566.7762766731795,155215.76513577113,1.5047770559410596,2020.6110492276598,2.5167108996621828e-14,9.920386711905647e-15
propane_reference,0.01,0.002,1.08,1.0,True,17,235.58642849823477,2365.692149988769,0.03924915836199466,612.0673938573768,167784.00216913977,1.6266228923153399,2253.7033238003896,-1.3671009260279982e-14,-2.8179476705806896e-15
propane_reference,0.01,0.002,1.08,1.1,True,17,239.16730382638306,2369.898281225034,0.04310142205716814,565.8346423060098,167934.6696646189,1.628083575062835,2242.688587903189,3.1033183037180577e-15,1.0654409887320106e-14
propane_reference,0.01,0.003,1.01,0.7,True,19,96.56570658255076,768.5176494329442,0.026086163953655435,377.4783321719405,119195.79916706837,1.1555727190100151,1646.4802059299507,8.201318813700122e-15,2.8139183537733637e-14
propane_reference,0.01,0.003,1.01,0.8,True,19,125.9790103704307,1010.2150930697103,0.030210247850384668,425.22934603466695,125277.16503538268,1.2145300022435692,1922.4862708407125,-8.256371457426502e-15,5.8013070423363174e-15
propane_reference,0.01,0.003,1.01,0.9,True,17,152.4353211006211,1249.1333294556493,0.0344006517208582,451.8541381660837,131515.00827199,1.275004293452282,2208.826232112293,-2.3314141504738492e-15,5.500075243699428e-14
propane_reference,0.01,0.003,1.01,1.0,True,17,186.688183950499,1485.0421585190159,0.03822346350673668,498.0421722175391,137900.61204804652,1.336911085214931,2504.725314544409,1.5752787797886e-14,-1.2936773866967096e-14
propane_reference,0.01,0.003,1.01,1.1,True,17,187.48657885770922,1488.4306994323777,0.04199651343917759,455.2356577263402,137993.99848393016,1.337816442772721,2491.2267899817853,1.99006294775873e-17,1.2116400675117637e-14
propane_reference,0.01,0.003,1.02,0.7,True,19,96.30311950278072,768.5176494331845,0.02609741141106968,376.28962800380407,119195.79916707432,1.1555727190100729,1646.4802059299507,5.009940931767622e-15,2.4135149961830707e-14
propane_reference,0.01,0.003,1.02,0.8,True,19,126.29681402993765,1010.2150930699838,0.030195117643844527,426.51567194685117,125277.16503538967,1.214530002243637,1922.4862708407125,-1.0811196802249778e-14,1.7575040643217582e-15
propane_reference,0.01,0.003,1.02,0.9,True,17,152.01152818635057,1249.1333294556866,0.03441799896970341,450.3708074011508,131515.008271991,1.2750042934522918,2208.826232112293,3.1715342540991556e-16,5.795201483420525e-14
propane_reference,0.01,0.003,1.02,1.0,True,17,186.68738600124502,1485.0421585190356,0.03822364361123526,498.0376967725349,137900.61204804698,1.3369110852149357,2504.725314544409,1.5862735459233216e-14,-1.8165327344068858e-14
propane_reference,0.01,0.003,1.02,1.1,True,17,187.4851445764298,1488.430699432424,0.04199686882507866,455.2283228861367,137993.9984839315,1.3378164427727341,2491.2267899817853,2.2412032719116687e-15,1.1773237567645746e-15
propane_reference,0.01,0.003,1.03,0.7,True,19,96.14715154297095,768.5176494333174,0.02610415859790743,375.583104478505,119195.79916707757,1.1555727190101042,1646.4802059299507,5.782224559557877e-15,2.4418062183125792e-14
propane_reference,0.01,0.003,1.03,0.8,True,19,126.46569879511569,1010.215093070121,0.030187553827792122,427.19302194083946,125277.1650353932,1.2145300022436711,1922.4862708407125,-1.0576591321562439e-14,5.644339748047148e-15
propane_reference,0.01,0.003,1.03,0.9,True,17,151.78449012911133,1249.133329455703,0.03442956087632659,449.54713776110424,131515.00827199145,1.275004293452296,2208.826232112293,-4.6051678561990286e-15,6.137175429977889e-14
propane_reference,0.01,0.003,1.03,1.0,True,17,186.68639170040078,1485.04215851909,0.03822386807875631,498.03211953069507,137900.61204804847,1.3369110852149502,2504.725314544409,1.6428156320527656e-14,-1.700126393583903e-14
propane_reference,0.01,0.003,1.03,1.1,True,17,187.4841916445661,1488.4306994324563,0.0419971049974487,455.22344911307385,137993.99848393232,1.337816442772742,2491.2267899817853,3.3331727348464833e-15,5.4727917607643155e-15
propane_reference,0.01,0.003,1.05,0.7,True,19,96.14715154297095,768.5176494333174,0.02610415859790743,375.583104478505,119195.79916707757,1.1555727190101042,1646.4802059299507,5.782224559557877e-15,2.4418062183125792e-14
propane_reference,0.01,0.003,1.05,0.8,True,19,126.58156298080326,1010.2150930702414,0.03018251175942181,427.6558328361088,125277.16503539629,1.2145300022437011,1922.4862708407125,-9.856781552208573e-15,6.348908860359721e-15
propane_reference,0.01,0.003,1.05,0.9,True,17,151.60647997034363,1249.1333294557319,0.03444112044933131,448.8692109936119,131515.00827199218,1.2750042934523032,2208.826232112293,-2.6520683868552443e-15,5.473985483419679e-14
propane_reference,0.01,0.003,1.05,1.0,True,17,186.68520312700562,1485.0421585191405,0.038224136469171395,498.02545181163157,137900.61204804992,1.3369110852149642,2504.725314544409,1.7493035541822776e-14,-2.0144071499466404e-14
propane_reference,0.01,0.003,1.05,1.1,True,17,187.48253039123554,1488.4306994325186,0.041997516824051444,455.2149516149114,137993.99848393403,1.3378164427727586,2491.2267899817853,7.580440660790238e-16,2.9312341926973057e-15
propane_reference,0.01,0.003,1.08,0.7,True,19,96.14715154297095,768.5176494333174,0.02610415859790743,375.583104478505,119195.79916707757,1.1555727190101042,1646.4802059299507,5.782224559557877e-15,2.4418062183125792e-14
propane_reference,0.01,0.003,1.08,0.8,True,19,126.58156298080326,1010.2150930702414,0.03018251175942181,427.6558328361088,125277.16503539629,1.2145300022437011,1922.4862708407125,-9.856781552208573e-15,6.348908860359721e-15
propane_reference,0.01,0.003,1.08,0.9,True,17,151.60647997034363,1249.1333294557319,0.03444112044933131,448.8692109936119,131515.00827199218,1.2750042934523032,2208.826232112293,-2.6520683868552443e-15,5.473985483419679e-14
propane_reference,0.01,0.003,1.08,1.0,True,17,186.68520312700562,1485.0421585191405,0.038224136469171395,498.02545181163157,137900.61204804992,1.3369110852149642,2504.725314544409,1.7493035541822776e-14,-2.0144071499466404e-14
propane_reference,0.01,0.003,1.08,1.1,True,17,187.48229373157346,1488.430699432531,0.04199757550317359,455.2137409692354,137993.9984839344,1.3378164427727623,2491.2267899817853,2.6499692515991694e-15,1.77914697811532e-15
propane_reference,0.01,0.004,1.01,0.7,True,18,72.23627894675975,503.99138522609735,0.024716127960340634,298.02606996290984,112797.34881854664,1.0935413830203267,1720.1071285655455,-3.733696835295632e-15,-4.604963309168539e-14
propane_reference,0.01,0.004,1.01,0.8,True,17,97.13249371506525,671.3735197870374,0.02873205082169332,344.7285376978579,116815.16753821686,1.132493105604703,2040.2502732112287,-5.22400644708872e-15,-3.6338719124710885e-14
propane_reference,0.01,0.004,1.01,0.9,True,16,112.24065309524127,840.4371842202473,0.033276415058221175,343.9481492107793,120981.63377115954,1.1728859277268704,2384.5819284041904,-4.515922198552037e-15,4.202859016657099e-14
propane_reference,0.01,0.004,1.01,1.0,True,16,146.07382791543446,1013.8795252317639,0.03676580200992415,405.1423944917874,125371.12450446725,1.2154409152113543,2600.0000000000005,7.0752296534294275e-16,3.7477963824036916e-14
propane_reference,0.01,0.004,1.01,1.1,True,17,141.76225379458032,1017.1928168447176,0.04061036470286768,355.96151288052226,125456.12600520188,1.216264982972217,2600.0000000000005,6.722614771073478e-15,5.441569305001825e-14
propane_reference,0.01,0.004,1.02,0.7,True,18,72.20734720965547,503.99138522609735,0.024716127960340666,297.9067059531334,112797.34881854664,1.0935413830203267,1720.1071285661749,-6.008409177022137e-15,-3.63388478745684e-14
propane_reference,0.01,0.004,1.02,0.8,True,17,96.84419021123017,671.3735197869007,0.028747621855577516,343.519166166957,116815.16753821354,1.1324931056046708,2040.2502732112287,-5.667131572495424e-15,-3.621101466476009e-14
propane_reference,0.01,0.004,1.02,0.9,True,16,112.24247666640812,840.4371842203011,0.03327604194629526,343.9575939537963,120981.63377116088,1.1728859277268833,2384.5819284041904,-2.714502557616878e-15,4.4728730049625546e-14
propane_reference,0.01,0.004,1.02,1.0,True,16,146.0894690725238,1013.8795252317639,0.03676580200992415,405.18577595119206,125371.12450446725,1.2154409152113543,2600.0000000000005,1.1579209942945942e-15,3.4627349846329596e-14
propane_reference,0.01,0.004,1.02,1.1,True,17,142.09510358711353,1017.1928168447176,0.04059307369578294,356.94927168723024,125456.12600520188,1.216264982972217,2600.0000000000005,5.465627524589513e-15,5.856937886061868e-14
propane_reference,0.01,0.004,1.03,0.7,True,18,72.17422924090474,503.99138522609735,0.0247161279603406,297.7700707579685,112797.34881854664,1.0935413830203267,1720.107128564804,-3.638204319144894e-15,-4.933636398597113e-14
propane_reference,0.01,0.004,1.03,0.8,True,17,96.6521175912248,671.3735197869174,0.028757999710328788,342.71413978428734,116815.16753821395,1.1324931056046745,2040.2502732112287,-6.656542735003676e-15,-4.846963394778023e-14
propane_reference,0.01,0.004,1.03,0.9,True,16,112.24399058473415,840.4371842203517,0.03327573212538461,343.96543576356373,120981.63377116216,1.1728859277268957,2384.5819284041904,-1.7272114101144865e-15,3.636474467685749e-14
propane_reference,0.01,0.004,1.03,1.0,True,16,146.08840844813304,1013.8795252317639,0.03676580200992415,405.18283426128454,125371.12450446725,1.2154409152113543,2600.0000000000005,8.704481403376445e-16,4.0712324610846316e-14
propane_reference,0.01,0.004,1.03,1.1,True,17,142.43503178476846,1017.1928168447176,0.04057578619141126,357.955630290902,125456.12600520188,1.216264982972217,2600.0000000000005,6.177790776981225e-15,5.876066367244973e-14
propane_reference,0.01,0.004,1.05,0.7,True,18,72.17422924090474,503.99138522609735,0.0247161279603406,297.7700707579685,112797.34881854664,1.0935413830203267,1720.107128564804,-3.638204319144894e-15,-4.933636398597113e-14
propane_reference,0.01,0.004,1.05,0.8,True,17,96.60416252645987,671.3735197869087,0.028760593820454646,342.5132018634681,116815.16753821369,1.132493105604672,2040.2502732112287,-5.5492608867975525e-15,-3.697350839632735e-14
propane_reference,0.01,0.004,1.05,0.9,True,16,112.24489644671048,840.4371842203847,0.03327554671376922,343.97012832061847,120981.63377116297,1.1728859277269035,2384.5819284041904,-3.791911507578799e-15,3.480366937744448e-14
propane_reference,0.01,0.004,1.05,1.0,True,16,146.05857657498922,1013.8795252317639,0.03676580200992415,405.1000942065455,125371.12450446725,1.2154409152113543,2600.0000000000005,3.69841874078965e-16,3.8708316858942936e-14
propane_reference,0.01,0.004,1.05,1.1,True,17,142.91968262620315,1017.1928168447176,0.040551589548388556,359.38792819378057,125456.12600520188,1.216264982972217,2600.0000000000005,6.318057664659595e-15,5.6413959310001986e-14
propane_reference,0.01,0.004,1.08,0.7,True,18,72.17422924090474,503.99138522609735,0.0247161279603406,297.7700707579685,112797.34881854664,1.0935413830203267,1720.107128564804,-3.638204319144894e-15,-4.933636398597113e-14
propane_reference,0.01,0.004,1.08,0.8,True,17,96.60416252645987,671.3735197869087,0.028760593820454646,342.5132018634681,116815.16753821369,1.132493105604672,2040.2502732112287,-5.5492608867975525e-15,-3.697350839632735e-14
propane_reference,0.01,0.004,1.08,0.9,True,16,112.24489644671048,840.4371842203847,0.03327554671376922,343.97012832061847,120981.63377116297,1.1728859277269035,2384.5819284041904,-3.791911507578799e-15,3.480366937744448e-14
propane_reference,0.01,0.004,1.08,1.0,True,16,146.05857657498922,1013.8795252317639,0.03676580200992415,405.1000942065455,125371.12450446725,1.2154409152113543,2600.0000000000005,3.69841874078965e-16,3.8708316858942936e-14
propane_reference,0.01,0.004,1.08,1.1,True,16,142.98954225908116,1017.1928168447176,0.04054813344193246,359.5942455321284,125456.12600520188,1.216264982972217,2600.0000000000005,6.074766868724612e-15,5.898175954546556e-14
propane_reference,0.01,0.005,1.01,0.7,True,17,51.542690419398596,354.0370340652568,0.023461438184586163,224.02257128334682,109286.9202056549,1.059508677459923,1768.1114425408946,-6.996582345932454e-15,-4.814913103742756e-14
propane_reference,0.01,0.005,1.01,0.8,True,16,67.61698887610801,478.9351549399096,0.027754494563635393,248.4287352869171,112204.96591402212,1.0877983826087352,2124.751569523941,1.4154421374791726e-14,-4.184878825191081e-14
propane_reference,0.01,0.005,1.01,0.9,True,16,90.76180436304323,603.9097288817162,0.031315493553351836,295.54470623446355,115183.04895719336,1.116670134328873,2515.256488573354,3.4501990263724828e-15,4.201693062038687e-14
propane_reference,0.01,0.005,1.01,1.0,True,15,101.05598080915564,740.0173817601689,0.03609712569738576,285.47542237399085,118493.6207425591,1.1487652791764766,2600.0000000000005,2.02409800726212e-14,-3.669584579979354e-14
propane_reference,0.01,0.005,1.01,1.1,True,15,102.0401432001445,742.9321897384006,0.03965771477297985,262.37514942911184,118565.29149666912,1.149460108765935,2600.0,-7.73473555494293e-15,6.417348383149884e-14
propane_reference,0.01,0.005,1.02,0.7,True,17,51.50556039104881,354.0370340652568,0.023461438184586764,223.86119118550258,109286.9202056549,1.059508677459923,1768.1114425485341,-8.054597457320326e-15,-4.470066738597597e-14
propane_reference,0.01,0.005,1.02,0.8,True,16,67.50506107622624,478.9351549399096,0.02776733502805368,247.90281518895242,112204.96591402212,1.0877983826087352,2124.7515695226593,1.276586863499118e-14,-5.1389846309762054e-14
propane_reference,0.01,0.005,1.02,0.9,True,16,90.76082690002423,603.9097288817704,0.03131569253882817,295.53964543011574,115183.04895719471,1.1166701343288863,2515.256488573354,4.809310796688998e-15,4.17032987273758e-14
propane_reference,0.01,0.005,1.02,1.0,True,15,101.05731870051255,740.0173817601689,0.03609682131986498,285.4816090476071,118493.6207425591,1.1487652791764766,2600.0000000000005,2.0009620587029732e-14,-3.5250374082740916e-14
propane_reference,0.01,0.005,1.02,1.1,True,15,102.042103911897,742.9321897384006,0.03965722509348625,262.38343081253777,118565.29149666912,1.149460108765935,2600.0000000000005,-9.425225140091611e-15,6.649084281250375e-14
propane_reference,0.01,0.005,1.03,0.7,True,17,51.46765702734576,354.0370340652568,0.023461438184586764,223.6964499015697,109286.9202056549,1.059508677459923,1768.1114425484789,-7.414651442746637e-15,-5.102131839758492e-14
propane_reference,0.01,0.005,1.03,0.8,True,16,67.41714890779441,478.9351549399096,0.02777760515304389,247.48843320098788,112204.96591402212,1.0877983826087352,2124.7515695197662,1.5017820316383754e-14,-4.592379992132765e-14
propane_reference,0.01,0.005,1.03,0.9,True,16,90.76017751544215,603.9097288817744,0.03131582476374938,295.53628302450113,115183.0489571948,1.116670134328887,2515.256488573354,3.1221883042744214e-15,3.4035210221591934e-14
propane_reference,0.01,0.005,1.03,1.0,True,15,101.05898583803892,740.0173817601689,0.03609644196998783,285.4893188969613,118493.6207425591,1.1487652791764766,2600.0000000000005,1.940544081163987e-14,-2.287235446004164e-14
propane_reference,0.01,0.005,1.03,1.1,True,15,102.04340642308296,742.9321897384006,0.03965689972867423,262.3889327432113,118565.29149666912,1.149460108765935,2600.0000000000005,-1.109960015203645e-14,7.174853565697373e-14
propane_reference,0.01,0.005,1.05,0.7,True,17,51.46765702734576,354.0370340652568,0.023461438184586764,223.6964499015697,109286.9202056549,1.059508677459923,1768.1114425484789,-7.414651442746637e-15,-5.102131839758492e-14
propane_reference,0.01,0.005,1.05,0.8,True,16,67.37372776651289,478.9351549399096,0.027782739468459307,247.28332715450645,112204.96591402212,1.0877983826087352,2124.7515695183515,1.6238419373175176e-14,-3.8296070736048226e-14
propane_reference,0.01,0.005,1.05,0.9,True,16,90.75952993114991,603.9097288818325,0.03131595664397028,295.5329297624026,115183.0489571962,1.1166701343289005,2515.256488573354,4.231543207918647e-15,2.221670728244306e-14
propane_reference,0.01,0.005,1.05,1.0,True,16,101.08162670726429,740.0173817601689,0.0360896170131406,285.60728020485686,118493.6207425591,1.1487652791764766,2600.0000000000005,2.1720526509758627e-14,-3.432145648411656e-14
propane_reference,0.01,0.005,1.05,1.1,True,15,102.04567694179305,742.9321897384006,0.039656332427287666,262.3985247063641,118565.29149666912,1.149460108765935,2600.0000000000005,-1.1095189233797745e-14,7.121988409501291e-14
propane_reference,0.01,0.005,1.08,0.7,True,17,51.46765702734576,354.0370340652568,0.023461438184586764,223.6964499015697,109286.9202056549,1.059508677459923,1768.1114425484789,-7.414651442746637e-15,-5.102131839758492e-14
propane_reference,0.01,0.005,1.08,0.8,True,16,67.37372776651289,478.9351549399096,0.027782739468459307,247.28332715450645,112204.96591402212,1.0877983826087352,2124.7515695183515,1.6238419373175176e-14,-3.8296070736048226e-14
propane_reference,0.01,0.005,1.08,0.9,True,16,90.75952993114991,603.9097288818325,0.03131595664397028,295.5329297624026,115183.0489571962,1.1166701343289005,2515.256488573354,4.231543207918647e-15,2.221670728244306e-14
propane_reference,0.01,0.005,1.08,1.0,True,16,101.08162670726429,740.0173817601689,0.0360896170131406,285.60728020485686,118493.6207425591,1.1487652791764766,2600.0000000000005,2.1720526509758627e-14,-3.432145648411656e-14
propane_reference,0.01,0.005,1.08,1.1,True,15,102.04600038216124,742.9321897384006,0.03965625160049595,262.39989121397525,118565.29149666912,1.149460108765935,2600.0000000000005,-1.0397842222004816e-14,5.783789895867123e-14
propane_reference,0.01,0.006,1.01,0.7,True,16,35.489584586868105,262.75217604227066,0.02246771670917194,161.0724634974035,107190.5642423633,1.0391850437627461,1798.5755589002774,2.2442344930471312e-15,8.945058637061748e-15
propane_reference,0.01,0.006,1.01,0.8,True,15,48.15897939105705,357.35869884666636,0.026738655506552664,183.6610373827364,109363.77885935189,1.0602538024060428,2178.476854006932,1.7427505394847268e-15,-2.204896538007775e-14
propane_reference,0.01,0.006,1.01,0.9,True,16,67.53257976620769,455.4924018379796,0.03008342048295746,228.9103612098874,111652.8499894855,1.0824457602463375,2600.0,1.620029322159225e-14,7.18300087071047e-14
propane_reference,0.01,0.006,1.01,1.0,True,15,82.79014590066527,562.6197155643953,0.034170380581777335,247.06325364938442,114192.63512001187,1.1070683260539622,2600.0,8.481676661286195e-15,-7.097808388497037e-14
propane_reference,0.01,0.006,1.01,1.1,True,15,83.65270775732188,564.9073307151519,0.03752835341886408,227.30019995166518,114247.33943956839,1.1075986704094956,2600.0,7.302599608579902e-15,-3.936409871893199e-14
propane_reference,0.01,0.006,1.02,0.7,True,16,35.40636064896424,262.75217604227066,0.022478996210441853,160.61411131659636,107190.5642423633,1.0391850437627461,1798.5755588872382,7.694673776984709e-16,-8.213143844090584e-15
propane_reference,0.01,0.006,1.02,0.8,True,15,48.16085067267894,357.35869884666636,0.026738315403793768,183.6705099782451,109363.77885935189,1.0602538024060428,2178.4768540053915,3.2039548863615723e-16,-2.531060982838556e-14
propane_reference,0.01,0.006,1.02,0.9,True,16,67.59017268779193,455.4924018379796,0.03006922910440223,229.21370776887952,111652.8499894855,1.0824457602463375,2600.0,1.653786266838279e-14,7.249066289491602e-14
propane_reference,0.01,0.006,1.02,1.0,True,15,82.78982093245241,562.6197155643953,0.0341704547370873,247.06174771134275,114192.63512001187,1.1070683260539622,2600.0,1.045645278110485e-14,-4.924914785093677e-14
propane_reference,0.01,0.006,1.02,1.1,True,15,83.65211046683646,564.9073307151519,0.037528503065699374,227.29767063589145,114247.33943956839,1.1075986704094956,2600.0,6.7207175243843175e-15,-3.4962052759241033e-14
propane_reference,0.01,0.006,1.03,0.7,True,16,35.34056730976483,262.75217604227066,0.022488017807659966,160.25133815631258,107190.5642423633,1.0391850437627461,1798.575558876948,3.2177897511175353e-15,-7.716537290258214e-15
propane_reference,0.01,0.006,1.03,0.8,True,15,48.16240429112613,357.3586988466663,0.02673803297744694,183.67837511863402,109363.77885935188,1.0602538024060426,2178.4768539971506,3.2135087068202633e-15,-3.617396021696288e-14
propane_reference,0.01,0.006,1.03,0.9,True,16,67.67034650803888,455.4924018379796,0.030055040528073385,229.59393253064087,111652.8499894855,1.0824457602463375,2600.0,1.6515492301900056e-14,6.288786362502371e-14
propane_reference,0.01,0.006,1.03,1.0,True,15,82.78956176631831,562.6197155643953,0.034170513886793305,247.06054664012802,114192.63512001187,1.1070683260539622,2600.0,9.371045176255545e-15,-5.635618611745761e-14
propane_reference,0.01,0.006,1.03,1.1,True,15,83.65161466085357,564.9073307151519,0.037528627313517006,227.29557092201713,114247.33943956839,1.1075986704094956,2600.0,7.449988378932155e-15,-4.6921318921572704e-14
propane_reference,0.01,0.006,1.05,0.7,True,16,35.34056730976483,262.75217604227066,0.022488017807659966,160.25133815631258,107190.5642423633,1.0391850437627461,1798.575558876948,3.2177897511175353e-15,-7.716537290258214e-15
propane_reference,0.01,0.006,1.05,0.8,True,15,48.1630242711608,357.3586988466663,0.02673792025884827,183.68151389448286,109363.77885935188,1.0602538024060426,2178.476853996374,3.2626248451055323e-15,-4.109216526796095e-14
propane_reference,0.01,0.006,1.05,0.9,True,15,67.7450372109266,455.4924018379796,0.03004425858121287,229.92983037355472,111652.8499894855,1.0824457602463375,2600.0,1.6428320299476914e-14,7.657673026363659e-14
propane_reference,0.01,0.006,1.05,1.0,True,15,82.78910994699233,562.6197155643953,0.034170617026997335,247.058452600552,114192.63512001187,1.1070683260539622,2600.0,8.991811881585942e-15,-5.303693043452902e-14
propane_reference,0.01,0.006,1.05,1.1,True,15,83.65092347442996,564.9073307151518,0.037528800564408854,227.29264355532925,114247.33943956839,1.1075986704094956,2600.0,7.625759656142637e-15,-3.587520665862711e-14
propane_reference,0.01,0.006,1.08,0.7,True,16,35.34056730976483,262.75217604227066,0.022488017807659966,160.25133815631258,107190.5642423633,1.0391850437627461,1798.575558876948,3.2177897511175353e-15,-7.716537290258214e-15
propane_reference,0.01,0.006,1.08,0.8,True,15,48.1630242711608,357.3586988466663,0.02673792025884827,183.68151389448286,109363.77885935188,1.0602538024060426,2178.476853996374,3.2626248451055323e-15,-4.109216526796095e-14
propane_reference,0.01,0.006,1.08,0.9,True,15,67.7450372109266,455.4924018379796,0.03004425858121287,229.92983037355472,111652.8499894855,1.0824457602463375,2600.0,1.6428320299476914e-14,7.657673026363659e-14
propane_reference,0.01,0.006,1.08,1.0,True,15,82.78910994699233,562.6197155643953,0.034170617026997335,247.058452600552,114192.63512001187,1.1070683260539622,2600.0,8.991811881585942e-15,-5.303693043452902e-14
propane_reference,0.01,0.006,1.08,1.1,True,15,83.65082501267037,564.9073307151518,0.03752882524846884,227.29222652094552,114247.33943956839,1.1075986704094956,2600.0,7.11720717808997e-15,-4.2908518969295595e-14
propane_reference,0.014,0.002,1.01,0.7,True,20,126.95374338842385,1321.8773876285982,0.02726380657271709,474.8302115705397,133459.8154385399,1.29385870041213,1554.8922614878222,-8.554143765688298e-15,-2.3351606341932202e-14
propane_reference,0.014,0.002,1.01,0.8,True,19,165.1613935512018,1699.1892952491921,0.03129261941679169,538.2027899902025,143896.48515069444,1.3950395380000369,1786.0853301226111,4.1259453011278044e-15,-1.4376264220601435e-14
propane_reference,0.014,0.002,1.01,0.9,True,18,196.71794650417283,2015.1127417453783,0.0353923444763533,566.7792919682232,155215.76513574866,1.5047770559408418,2020.6110492276598,2.7391943937878495e-14,7.447077361698593e-15
propane_reference,0.014,0.002,1.01,1.0,True,17,237.52498368571975,2365.6921499882988,0.039200556035623495,617.8689828571304,167784.00216912292,1.6266228923151764,2253.7033238003896,-1.1209141172534012e-14,3.2796787376553945e-16
propane_reference,0.014,0.002,1.01,1.1,True,18,237.67817773887296,2369.8982812245245,0.04311865533680639,562.0868494581616,167934.66966460066,1.628083575062658,2242.688587903189,5.251102636208732e-15,7.98108523949218e-15
propane_reference,0.014,0.002,1.02,0.7,True,20,126.95459292182663,1321.8773876292835,0.027263671942092886,474.8357337535576,133459.81543855838,1.2938587004123092,1554.8922614878222,-6.840086090911186e-15,-2.3228063141891396e-14
propane_reference,0.014,0.002,1.02,0.8,True,19,165.1611322014755,1699.1892952496535,0.03129266720429902,538.2011164471726,143896.48515070757,1.3950395380001641,1786.0853301226111,4.333656135707984e-15,-2.0938587583074758e-14
propane_reference,0.014,0.002,1.02,0.9,True,18,196.71775827198658,2015.1127417455582,0.03539238321972686,566.7781291959174,155215.7651357564,1.5047770559409168,2020.6110492276598,2.839682736456079e-14,4.928309983873683e-15
propane_reference,0.014,0.002,1.02,1.0,True,17,236.9101553070462,2365.692149988413,0.03921676146017697,616.0149828563224,167784.002169127,1.626622892315216,2253.7033238003896,-1.3147712881753536e-14,-2.434966988300099e-15
propane_reference,0.014,0.002,1.02,1.1,True,17,238.3534476741607,2369.8982812246627,0.0431014220571683,563.9091784260636,167934.6696646056,1.628083575062706,2242.688587903189,2.476624943334883e-15,1.0501863274164376e-14
propane_reference,0.014,0.002,1.03,0.7,True,20,126.95510127568177,1321.8773876297935,0.02726359136782776,474.83903842482727,133459.8154385721,1.2938587004124424,1554.8922614878222,-8.83840331378823e-15,-2.698055371325977e-14
propane_reference,0.014,0.002,1.03,0.8,True,19,165.16102056595722,1699.189295249916,0.03129268762018883,538.2004015354414,143896.48515071507,1.395039538000237,1786.0853301226111,3.4964791146380743e-15,-1.6164896961206556e-14
propane_reference,0.014,0.002,1.03,0.9,True,18,196.7175706731039,2015.1127417457471,0.03539242183945064,566.7769702309502,155215.76513576417,1.504777055940992,2020.6110492276598,2.664332847094411e-14,1.0960123074769885e-14
propane_reference,0.014,0.002,1.03,1.0,True,17,236.3927245007503,2365.6921499885375,0.039229722448394365,614.4664778613694,167784.00216913148,1.6266228923152593,2253.7033238003896,-1.271438657512187e-14,-2.7771221649561445e-15
propane_reference,0.014,0.002,1.03,1.1,True,17,238.76116395184718,2369.8982812247905,0.04310142205716824,564.8737751349629,167934.6696646102,1.6280835750627507,2242.688587903189,2.0983519631255248e-15,6.757074732521718e-15
propane_reference,0.014,0.002,1.05,0.7,True,20,126.95510127568177,1321.8773876297935,0.02726359136782776,474.83903842482727,133459.8154385721,1.2938587004124424,1554.8922614878222,-8.83840331378823e-15,-2.698055371325977e-14
propane_reference,0.014,0.002,1.05,0.8,True,19,165.16094626571092,1699.1892952501018,0.03129270120935681,538.1999256988512,143896.4851507203,1.3950395380002878,1786.0853301226111,4.814558487550915e-15,-1.9116939684554217e-14
propane_reference,0.014,0.002,1.05,0.9,True,18,196.71745841667047,2015.11274174591,0.035392444952130564,566.7762766731795,155215.76513577113,1.5047770559410596,2020.6110492276598,2.5167108996621828e-14,9.920386711905647e-15
propane_reference,0.014,0.002,1.05,1.0,True,17,235.58642849823477,2365.692149988769,0.03924915836199466,612.0673938573768,167784.00216913977,1.6266228923153399,2253.7033238003896,-1.3671009260279982e-14,-2.8179476705806896e-15
propane_reference,0.014,0.002,1.05,1.1,True,17,239.14359563842595,2369.8982812249997,0.04310142205716815,565.7785522224663,167934.66966461772,1.6280835750628235,2242.688587903189,2.778019371321442e-15,1.054452713716945e-14
propane_reference,0.014,0.002,1.08,0.7,True,20,126.95510127568177,1321.8773876297935,0.02726359136782776,474.83903842482727,133459.8154385721,1.2938587004124424,1554.8922614878222,-8.83840331378823e-15,-2.698055371325977e-14
propane_reference,0.014,0.002,1.08,0.8,True,19,165.16094626571092,1699.1892952501018,0.03129270120935681,538.1999256988512,143896.4851507203,1.3950395380002878,1786.0853301226111,4.814558487550915e-15,-1.9116939684554217e-14
propane_reference,0.014,0.002,1.08,0.9,True,18,196.71745841667047,2015.11274174591,0.035392444952130564,566.7762766731795,155215.76513577113,1.5047770559410596,2020.6110492276598,2.5167108996621828e-14,9.920386711905647e-15
propane_reference,0.014,0.002,1.08,1.0,True,17,235.58642849823477,2365.692149988769,0.03924915836199466,612.0673938573768,167784.00216913977,1.6266228923153399,2253.7033238003896,-1.3671009260279982e-14,-2.8179476705806896e-15
propane_reference,0.014,0.002,1.08,1.1,True,17,239.16730382638306,2369.898281225034,0.04310142205716814,565.8346423060098,167934.6696646189,1.628083575062835,2242.688587903189,3.1033183037180577e-15,1.0654409887320106e-14
propane_reference,0.014,0.003,1.01,0.7,True,19,96.56570658255076,768.5176494329442,0.026086163953655435,377.4783321719405,119195.79916706837,1.1555727190100151,1646.4802059299507,8.201318813700122e-15,2.8139183537733637e-14
propane_reference,0.014,0.003,1.01,0.8,True,19,125.9790103704307,1010.2150930697103,0.030210247850384668,425.22934603466695,125277.16503538268,1.2145300022435692,1922.4862708407125,-8.256371457426502e-15,5.8013070423363174e-15
propane_reference,0.014,0.003,1.01,0.9,True,17,152.4353211006211,1249.1333294556493,0.0344006517208582,451.8541381660837,131515.00827199,1.275004293452282,2208.826232112293,-2.3314141504738492e-15,5.500075243699428e-14
propane_reference,0.014,0.003,1.01,1.0,True,17,186.688183950499,1485.0421585190159,0.03822346350673668,498.0421722175391,137900.61204804652,1.336911085214931,2504.725314544409,1.5752787797886e-14,-1.2936773866967096e-14
propane_reference,0.014,0.003,1.01,1.1,True,17,187.48657885770922,1488.4306994323777,0.04199651343917759,455.2356577263402,137993.99848393016,1.337816442772721,2491.2267899817853,1.99006294775873e-17,1.2116400675117637e-14
propane_reference,0.014,0.003,1.02,0.7,True,19,96.30311950278072,768.5176494331845,0.02609741141106968,376.28962800380407,119195.79916707432,1.1555727190100729,1646.4802059299507,5.009940931767622e-15,2.4135149961830707e-14
propane_reference,0.014,0.003,1.02,0.8,True,19,126.29681402993765,1010.2150930699838,0.030195117643844527,426.51567194685117,125277.16503538967,1.214530002243637,1922.4862708407125,-1.0811196802249778e-14,1.7575040643217582e-15
propane_reference,0.014,0.003,1.02,0.9,True,17,152.01152818635057,1249.1333294556866,0.03441799896970341,450.3708074011508,131515.008271991,1.2750042934522918,2208.826232112293,3.1715342540991556e-16,5.795201483420525e-14
propane_reference,0.014,0.003,1.02,1.0,True,17,186.68738600124502,1485.0421585190356,0.03822364361123526,498.0376967725349,137900.61204804698,1.3369110852149357,2504.725314544409,1.5862735459233216e-14,-1.8165327344068858e-14
propane_reference,0.014,0.003,1.02,1.1,True,17,187.4851445764298,1488.430699432424,0.04199686882507866,455.2283228861367,137993.9984839315,1.3378164427727341,2491.2267899817853,2.2412032719116687e-15,1.1773237567645746e-15
propane_reference,0.014,0.003,1.03,0.7,True,19,96.14715154297095,768.5176494333174,0.02610415859790743,375.583104478505,119195.79916707757,1.1555727190101042,1646.4802059299507,5.782224559557877e-15,2.4418062183125792e-14
propane_reference,0.014,0.003,1.03,0.8,True,19,126.46569879511569,1010.215093070121,0.030187553827792122,427.19302194083946,125277.1650353932,1.2145300022436711,1922.4862708407125,-1.0576591321562439e-14,5.644339748047148e-15
propane_reference,0.014,0.003,1.03,0.9,True,17,151.78449012911133,1249.133329455703,0.03442956087632659,449.54713776110424,131515.00827199145,1.275004293452296,2208.826232112293,-4.6051678561990286e-15,6.137175429977889e-14
propane_reference,0.014,0.003,1.03,1.0,True,17,186.68639170040078,1485.04215851909,0.03822386807875631,498.03211953069507,137900.61204804847,1.3369110852149502,2504.725314544409,1.6428156320527656e-14,-1.700126393583903e-14
propane_reference,0.014,0.003,1.03,1.1,True,17,187.4841916445661,1488.4306994324563,0.0419971049974487,455.22344911307385,137993.99848393232,1.337816442772742,2491.2267899817853,3.3331727348464833e-15,5.4727917607643155e-15
propane_reference,0.014,0.003,1.05,0.7,True,19,96.14715154297095,768.5176494333174,0.02610415859790743,375.583104478505,119195.79916707757,1.1555727190101042,1646.4802059299507,5.782224559557877e-15,2.4418062183125792e-14
propane_reference,0.014,0.003,1.05,0.8,True,19,126.58156298080326,1010.2150930702414,0.03018251175942181,427.6558328361088,125277.16503539629,1.2145300022437011,1922.4862708407125,-9.856781552208573e-15,6.348908860359721e-15
propane_reference,0.014,0.003,1.05,0.9,True,17,151.60647997034363,1249.1333294557319,0.03444112044933131,448.8692109936119,131515.00827199218,1.2750042934523032,2208.826232112293,-2.6520683868552443e-15,5.473985483419679e-14
propane_reference,0.014,0.003,1.05,1.0,True,17,186.68520312700562,1485.0421585191405,0.038224136469171395,498.02545181163157,137900.61204804992,1.3369110852149642,2504.725314544409,1.7493035541822776e-14,-2.0144071499466404e-14
propane_reference,0.014,0.003,1.05,1.1,True,17,187.48253039123554,1488.4306994325186,0.041997516824051444,455.2149516149114,137993.99848393403,1.3378164427727586,2491.2267899817853,7.580440660790238e-16,2.9312341926973057e-15
propane_reference,0.014,0.003,1.08,0.7,True,19,96.14715154297095,768.5176494333174,0.02610415859790743,375.583104478505,119195.79916707757,1.1555727190101042,1646.4802059299507,5.782224559557877e-15,2.4418062183125792e-14
propane_reference,0.014,0.003,1.08,0.8,True,19,126.58156298080326,1010.2150930702414,0.03018251175942181,427.6558328361088,125277.16503539629,1.2145300022437011,1922.4862708407125,-9.856781552208573e-15,6.348908860359721e-15
propane_reference,0.014,0.003,1.08,0.9,True,17,151.60647997034363,1249.1333294557319,0.03444112044933131,448.8692109936119,131515.00827199218,1.2750042934523032,2208.826232112293,-2.6520683868552443e-15,5.473985483419679e-14
propane_reference,0.014,0.003,1.08,1.0,True,17,186.68520312700562,1485.0421585191405,0.038224136469171395,498.02545181163157,137900.61204804992,1.3369110852149642,2504.725314544409,1.7493035541822776e-14,-2.0144071499466404e-14
propane_reference,0.014,0.003,1.08,1.1,True,17,187.48229373157346,1488.430699432531,0.04199757550317359,455.2137409692354,137993.9984839344,1.3378164427727623,2491.2267899817853,2.6499692515991694e-15,1.77914697811532e-15
propane_reference,0.014,0.004,1.01,0.7,True,18,72.23627894675975,503.99138522609735,0.024716127960340634,298.02606996290984,112797.34881854664,1.0935413830203267,1720.1071285655455,-3.733696835295632e-15,-4.604963309168539e-14
propane_reference,0.014,0.004,1.01,0.8,True,17,97.13249371506525,671.3735197870374,0.02873205082169332,344.7285376978579,116815.16753821686,1.132493105604703,2040.2502732112287,-5.22400644708872e-15,-3.6338719124710885e-14
propane_reference,0.014,0.004,1.01,0.9,True,16,112.24065309524127,840.4371842202473,0.033276415058221175,343.9481492107793,120981.63377115954,1.1728859277268704,2384.5819284041904,-4.515922198552037e-15,4.202859016657099e-14
propane_reference,0.014,0.004,1.01,1.0,True,16,146.07382791543446,1013.8795252317639,0.03676580200992415,405.1423944917874,125371.12450446725,1.2154409152113543,2600.0000000000005,7.0752296534294275e-16,3.7477963824036916e-14
propane_reference,0.014,0.004,1.01,1.1,True,17,141.76225379458032,1017.1928168447176,0.04061036470286768,355.96151288052226,125456.12600520188,1.216264982972217,2600.0000000000005,6.722614771073478e-15,5.441569305001825e-14
propane_reference,0.014,0.004,1.02,0.7,True,18,72.20734720965547,503.99138522609735,0.024716127960340666,297.9067059531334,112797.34881854664,1.0935413830203267,1720.1071285661749,-6.008409177022137e-15,-3.63388478745684e-14
propane_reference,0.014,0.004,1.02,0.8,True,17,96.84419021123017,671.3735197869007,0.028747621855577516,343.519166166957,116815.16753821354,1.1324931056046708,2040.2502732112287,-5.667131572495424e-15,-3.621101466476009e-14
propane_reference,0.014,0.004,1.02,0.9,True,16,112.24247666640812,840.4371842203011,0.03327604194629526,343.9575939537963,120981.63377116088,1.1728859277268833,2384.5819284041904,-2.714502557616878e-15,4.4728730049625546e-14
propane_reference,0.014,0.004,1.02,1.0,True,16,146.0894690725238,1013.8795252317639,0.03676580200992415,405.18577595119206,125371.12450446725,1.2154409152113543,2600.0000000000005,1.1579209942945942e-15,3.4627349846329596e-14
propane_reference,0.014,0.004,1.02,1.1,True,17,142.09510358711353,1017.1928168447176,0.04059307369578294,356.94927168723024,125456.12600520188,1.216264982972217,2600.0000000000005,5.465627524589513e-15,5.856937886061868e-14
propane_reference,0.014,0.004,1.03,0.7,True,18,72.17422924090474,503.99138522609735,0.0247161279603406,297.7700707579685,112797.34881854664,1.0935413830203267,1720.107128564804,-3.638204319144894e-15,-4.933636398597113e-14
propane_reference,0.014,0.004,1.03,0.8,True,17,96.6521175912248,671.3735197869174,0.028757999710328788,342.71413978428734,116815.16753821395,1.1324931056046745,2040.2502732112287,-6.656542735003676e-15,-4.846963394778023e-14
propane_reference,0.014,0.004,1.03,0.9,True,16,112.24399058473415,840.4371842203517,0.03327573212538461,343.96543576356373,120981.63377116216,1.1728859277268957,2384.5819284041904,-1.7272114101144865e-15,3.636474467685749e-14
propane_reference,0.014,0.004,1.03,1.0,True,16,146.08840844813304,1013.8795252317639,0.03676580200992415,405.18283426128454,125371.12450446725,1.2154409152113543,2600.0000000000005,8.704481403376445e-16,4.0712324610846316e-14
propane_reference,0.014,0.004,1.03,1.1,True,17,142.43503178476846,1017.1928168447176,0.04057578619141126,357.955630290902,125456.12600520188,1.216264982972217,2600.0000000000005,6.177790776981225e-15,5.876066367244973e-14
propane_reference,0.014,0.004,1.05,0.7,True,18,72.17422924090474,503.99138522609735,0.0247161279603406,297.7700707579685,112797.34881854664,1.0935413830203267,1720.107128564804,-3.638204319144894e-15,-4.933636398597113e-14
propane_reference,0.014,0.004,1.05,0.8,True,17,96.60416252645987,671.3735197869087,0.028760593820454646,342.5132018634681,116815.16753821369,1.132493105604672,2040.2502732112287,-5.5492608867975525e-15,-3.697350839632735e-14
propane_reference,0.014,0.004,1.05,0.9,True,16,112.24489644671048,840.4371842203847,0.03327554671376922,343.97012832061847,120981.63377116297,1.1728859277269035,2384.5819284041904,-3.791911507578799e-15,3.480366937744448e-14
propane_reference,0.014,0.004,1.05,1.0,True,16,146.05857657498922,1013.8795252317639,0.03676580200992415,405.1000942065455,125371.12450446725,1.2154409152113543,2600.0000000000005,3.69841874078965e-16,3.8708316858942936e-14
propane_reference,0.014,0.004,1.05,1.1,True,17,142.91968262620315,1017.1928168447176,0.040551589548388556,359.38792819378057,125456.12600520188,1.216264982972217,2600.0000000000005,6.318057664659595e-15,5.6413959310001986e-14
propane_reference,0.014,0.004,1.08,0.7,True,18,72.17422924090474,503.99138522609735,0.0247161279603406,297.7700707579685,112797.34881854664,1.0935413830203267,1720.107128564804,-3.638204319144894e-15,-4.933636398597113e-14
propane_reference,0.014,0.004,1.08,0.8,True,17,96.60416252645987,671.3735197869087,0.028760593820454646,342.5132018634681,116815.16753821369,1.132493105604672,2040.2502732112287,-5.5492608867975525e-15,-3.697350839632735e-14
propane_reference,0.014,0.004,1.08,0.9,True,16,112.24489644671048,840.4371842203847,0.03327554671376922,343.97012832061847,120981.63377116297,1.1728859277269035,2384.5819284041904,-3.791911507578799e-15,3.480366937744448e-14
propane_reference,0.014,0.004,1.08,1.0,True,16,146.05857657498922,1013.8795252317639,0.03676580200992415,405.1000942065455,125371.12450446725,1.2154409152113543,2600.0000000000005,3.69841874078965e-16,3.8708316858942936e-14
propane_reference,0.014,0.004,1.08,1.1,True,16,142.98954225908116,1017.1928168447176,0.04054813344193246,359.5942455321284,125456.12600520188,1.216264982972217,2600.0000000000005,6.074766868724612e-15,5.898175954546556e-14
propane_reference,0.014,0.005,1.01,0.7,True,17,51.542690419398596,354.0370340652568,0.023461438184586163,224.02257128334682,109286.9202056549,1.059508677459923,1768.1114425408946,-6.996582345932454e-15,-4.814913103742756e-14
propane_reference,0.014,0.005,1.01,0.8,True,16,67.61698887610801,478.9351549399096,0.027754494563635393,248.4287352869171,112204.96591402212,1.0877983826087352,2124.751569523941,1.4154421374791726e-14,-4.184878825191081e-14
propane_reference,0.014,0.005,1.01,0.9,True,16,90.76180436304323,603.9097288817162,0.031315493553351836,295.54470623446355,115183.04895719336,1.116670134328873,2515.256488573354,3.4501990263724828e-15,4.201693062038687e-14
propane_reference,0.014,0.005,1.01,1.0,True,15,101.05598080915564,740.0173817601689,0.03609712569738576,285.47542237399085,118493.6207425591,1.1487652791764766,2600.0000000000005,2.02409800726212e-14,-3.669584579979354e-14
propane_reference,0.014,0.005,1.01,1.1,True,15,102.0401432001445,742.9321897384006,0.03965771477297985,262.37514942911184,118565.29149666912,1.149460108765935,2600.0,-7.73473555494293e-15,6.417348383149884e-14
propane_reference,0.014,0.005,1.02,0.7,True,17,51.50556039104881,354.0370340652568,0.023461438184586764,223.86119118550258,109286.9202056549,1.059508677459923,1768.1114425485341,-8.054597457320326e-15,-4.470066738597597e-14
propane_reference,0.014,0.005,1.02,0.8,True,16,67.50506107622624,478.9351549399096,0.02776733502805368,247.90281518895242,112204.96591402212,1.0877983826087352,2124.7515695226593,1.276586863499118e-14,-5.1389846309762054e-14
propane_reference,0.014,0.005,1.02,0.9,True,16,90.76082690002423,603.9097288817704,0.03131569253882817,295.53964543011574,115183.04895719471,1.1166701343288863,2515.256488573354,4.809310796688998e-15,4.17032987273758e-14
propane_reference,0.014,0.005,1.02,1.0,True,15,101.05731870051255,740.0173817601689,0.03609682131986498,285.4816090476071,118493.6207425591,1.1487652791764766,2600.0000000000005,2.0009620587029732e-14,-3.5250374082740916e-14
propane_reference,0.014,0.005,1.02,1.1,True,15,102.042103911897,742.9321897384006,0.03965722509348625,262.38343081253777,118565.29149666912,1.149460108765935,2600.0000000000005,-9.425225140091611e-15,6.649084281250375e-14
propane_reference,0.014,0.005,1.03,0.7,True,17,51.46765702734576,354.0370340652568,0.023461438184586764,223.6964499015697,109286.9202056549,1.059508677459923,1768.1114425484789,-7.414651442746637e-15,-5.102131839758492e-14
propane_reference,0.014,0.005,1.03,0.8,True,16,67.41714890779441,478.9351549399096,0.02777760515304389,247.48843320098788,112204.96591402212,1.0877983826087352,2124.7515695197662,1.5017820316383754e-14,-4.592379992132765e-14
propane_reference,0.014,0.005,1.03,0.9,True,16,90.76017751544215,603.9097288817744,0.03131582476374938,295.53628302450113,115183.0489571948,1.116670134328887,2515.256488573354,3.1221883042744214e-15,3.4035210221591934e-14
propane_reference,0.014,0.005,1.03,1.0,True,15,101.05898583803892,740.0173817601689,0.03609644196998783,285.4893188969613,118493.6207425591,1.1487652791764766,2600.0000000000005,1.940544081163987e-14,-2.287235446004164e-14
propane_reference,0.014,0.005,1.03,1.1,True,15,102.04340642308296,742.9321897384006,0.03965689972867423,262.3889327432113,118565.29149666912,1.149460108765935,2600.0000000000005,-1.109960015203645e-14,7.174853565697373e-14
propane_reference,0.014,0.005,1.05,0.7,True,17,51.46765702734576,354.0370340652568,0.023461438184586764,223.6964499015697,109286.9202056549,1.059508677459923,1768.1114425484789,-7.414651442746637e-15,-5.102131839758492e-14
propane_reference,0.014,0.005,1.05,0.8,True,16,67.37372776651289,478.9351549399096,0.027782739468459307,247.28332715450645,112204.96591402212,1.0877983826087352,2124.7515695183515,1.6238419373175176e-14,-3.8296070736048226e-14
propane_reference,0.014,0.005,1.05,0.9,True,16,90.75952993114991,603.9097288818325,0.03131595664397028,295.5329297624026,115183.0489571962,1.1166701343289005,2515.256488573354,4.231543207918647e-15,2.221670728244306e-14
propane_reference,0.014,0.005,1.05,1.0,True,16,101.08162670726429,740.0173817601689,0.0360896170131406,285.60728020485686,118493.6207425591,1.1487652791764766,2600.0000000000005,2.1720526509758627e-14,-3.432145648411656e-14
propane_reference,0.014,0.005,1.05,1.1,True,15,102.04567694179305,742.9321897384006,0.039656332427287666,262.3985247063641,118565.29149666912,1.149460108765935,2600.0000000000005,-1.1095189233797745e-14,7.121988409501291e-14
propane_reference,0.014,0.005,1.08,0.7,True,17,51.46765702734576,354.0370340652568,0.023461438184586764,223.6964499015697,109286.9202056549,1.059508677459923,1768.1114425484789,-7.414651442746637e-15,-5.102131839758492e-14
propane_reference,0.014,0.005,1.08,0.8,True,16,67.37372776651289,478.9351549399096,0.027782739468459307,247.28332715450645,112204.96591402212,1.0877983826087352,2124.7515695183515,1.6238419373175176e-14,-3.8296070736048226e-14
propane_reference,0.014,0.005,1.08,0.9,True,16,90.75952993114991,603.9097288818325,0.03131595664397028,295.5329297624026,115183.0489571962,1.1166701343289005,2515.256488573354,4.231543207918647e-15,2.221670728244306e-14
propane_reference,0.014,0.005,1.08,1.0,True,16,101.08162670726429,740.0173817601689,0.0360896170131406,285.60728020485686,118493.6207425591,1.1487652791764766,2600.0000000000005,2.1720526509758627e-14,-3.432145648411656e-14
propane_reference,0.014,0.005,1.08,1.1,True,15,102.04600038216124,742.9321897384006,0.03965625160049595,262.39989121397525,118565.29149666912,1.149460108765935,2600.0000000000005,-1.0397842222004816e-14,5.783789895867123e-14
propane_reference,0.014,0.006,1.01,0.7,True,16,35.489584586868105,262.75217604227066,0.02246771670917194,161.0724634974035,107190.5642423633,1.0391850437627461,1798.5755589002774,2.2442344930471312e-15,8.945058637061748e-15
propane_reference,0.014,0.006,1.01,0.8,True,15,48.15897939105705,357.35869884666636,0.026738655506552664,183.6610373827364,109363.77885935189,1.0602538024060428,2178.476854006932,1.7427505394847268e-15,-2.204896538007775e-14
propane_reference,0.014,0.006,1.01,0.9,True,16,67.53257976620769,455.4924018379796,0.03008342048295746,228.9103612098874,111652.8499894855,1.0824457602463375,2600.0,1.620029322159225e-14,7.18300087071047e-14
propane_reference,0.014,0.006,1.01,1.0,True,15,82.79014590066527,562.6197155643953,0.034170380581777335,247.06325364938442,114192.63512001187,1.1070683260539622,2600.0,8.481676661286195e-15,-7.097808388497037e-14
propane_reference,0.014,0.006,1.01,1.1,True,15,83.65270775732188,564.9073307151519,0.03752835341886408,227.30019995166518,114247.33943956839,1.1075986704094956,2600.0,7.302599608579902e-15,-3.936409871893199e-14
propane_reference,0.014,0.006,1.02,0.7,True,16,35.40636064896424,262.75217604227066,0.022478996210441853,160.61411131659636,107190.5642423633,1.0391850437627461,1798.5755588872382,7.694673776984709e-16,-8.213143844090584e-15
propane_reference,0.014,0.006,1.02,0.8,True,15,48.16085067267894,357.35869884666636,0.026738315403793768,183.6705099782451,109363.77885935189,1.0602538024060428,2178.4768540053915,3.2039548863615723e-16,-2.531060982838556e-14
propane_reference,0.014,0.006,1.02,0.9,True,16,67.59017268779193,455.4924018379796,0.03006922910440223,229.21370776887952,111652.8499894855,1.0824457602463375,2600.0,1.653786266838279e-14,7.249066289491602e-14
propane_reference,0.014,0.006,1.02,1.0,True,15,82.78982093245241,562.6197155643953,0.0341704547370873,247.06174771134275,114192.63512001187,1.1070683260539622,2600.0,1.045645278110485e-14,-4.924914785093677e-14
propane_reference,0.014,0.006,1.02,1.1,True,15,83.65211046683646,564.9073307151519,0.037528503065699374,227.29767063589145,114247.33943956839,1.1075986704094956,2600.0,6.7207175243843175e-15,-3.4962052759241033e-14
propane_reference,0.014,0.006,1.03,0.7,True,16,35.34056730976483,262.75217604227066,0.022488017807659966,160.25133815631258,107190.5642423633,1.0391850437627461,1798.575558876948,3.2177897511175353e-15,-7.716537290258214e-15
propane_reference,0.014,0.006,1.03,0.8,True,15,48.16240429112613,357.3586988466663,0.02673803297744694,183.67837511863402,109363.77885935188,1.0602538024060426,2178.4768539971506,3.2135087068202633e-15,-3.617396021696288e-14
propane_reference,0.014,0.006,1.03,0.9,True,16,67.67034650803888,455.4924018379796,0.030055040528073385,229.59393253064087,111652.8499894855,1.0824457602463375,2600.0,1.6515492301900056e-14,6.288786362502371e-14
propane_reference,0.014,0.006,1.03,1.0,True,15,82.78956176631831,562.6197155643953,0.034170513886793305,247.06054664012802,114192.63512001187,1.1070683260539622,2600.0,9.371045176255545e-15,-5.635618611745761e-14
propane_reference,0.014,0.006,1.03,1.1,True,15,83.65161466085357,564.9073307151519,0.037528627313517006,227.29557092201713,114247.33943956839,1.1075986704094956,2600.0,7.449988378932155e-15,-4.6921318921572704e-14
propane_reference,0.014,0.006,1.05,0.7,True,16,35.34056730976483,262.75217604227066,0.022488017807659966,160.25133815631258,107190.5642423633,1.0391850437627461,1798.575558876948,3.2177897511175353e-15,-7.716537290258214e-15
propane_reference,0.014,0.006,1.05,0.8,True,15,48.1630242711608,357.3586988466663,0.02673792025884827,183.68151389448286,109363.77885935188,1.0602538024060426,2178.476853996374,3.2626248451055323e-15,-4.109216526796095e-14
propane_reference,0.014,0.006,1.05,0.9,True,15,67.7450372109266,455.4924018379796,0.03004425858121287,229.92983037355472,111652.8499894855,1.0824457602463375,2600.0,1.6428320299476914e-14,7.657673026363659e-14
propane_reference,0.014,0.006,1.05,1.0,True,15,82.78910994699233,562.6197155643953,0.034170617026997335,247.058452600552,114192.63512001187,1.1070683260539622,2600.0,8.991811881585942e-15,-5.303693043452902e-14
propane_reference,0.014,0.006,1.05,1.1,True,15,83.65092347442996,564.9073307151518,0.037528800564408854,227.29264355532925,114247.33943956839,1.1075986704094956,2600.0,7.625759656142637e-15,-3.587520665862711e-14
propane_reference,0.014,0.006,1.08,0.7,True,16,35.34056730976483,262.75217604227066,0.022488017807659966,160.25133815631258,107190.5642423633,1.0391850437627461,1798.575558876948,3.2177897511175353e-15,-7.716537290258214e-15
propane_reference,0.014,0.006,1.08,0.8,True,15,48.1630242711608,357.3586988466663,0.02673792025884827,183.68151389448286,109363.77885935188,1.0602538024060426,2178.476853996374,3.2626248451055323e-15,-4.109216526796095e-14
propane_reference,0.014,0.006,1.08,0.9,True,15,67.7450372109266,455.4924018379796,0.03004425858121287,229.92983037355472,111652.8499894855,1.0824457602463375,2600.0,1.6428320299476914e-14,7.657673026363659e-14
propane_reference,0.014,0.006,1.08,1.0,True,15,82.78910994699233,562.6197155643953,0.034170617026997335,247.058452600552,114192.63512001187,1.1070683260539622,2600.0,8.991811881585942e-15,-5.303693043452902e-14
propane_reference,0.014,0.006,1.08,1.1,True,15,83.65082501267037,564.9073307151518,0.03752882524846884,227.29222652094552,114247.33943956839,1.1075986704094956,2600.0,7.11720717808997e-15,-4.2908518969295595e-14
propane_reference,0.018,0.002,1.01,0.7,True,17,153.69390540860348,1782.418508712332,0.027752459766789687,564.7217165542743,146278.9125111592,1.418136560563033,1593.0909953905823,3.81976959443151e-15,-2.380692060250219e-16
propane_reference,0.018,0.002,1.01,0.8,True,17,181.23839627253037,1991.4453605090196,0.03166672132632192,583.6149855514061,154213.344888966,1.4950588486024967,1813.6201491569539,-7.958653412343557e-16,-1.2246785453885083e-14
propane_reference,0.018,0.002,1.01,0.9,True,17,208.42413809151134,2224.2401846747202,0.0355657619418079,597.5788544488613,162717.06246913256,1.5775002107517868,2036.001900569873,3.1158069313861014e-15,5.148088916880846e-15
propane_reference,0.018,0.002,1.01,1.0,True,17,235.72628007701567,2461.6988180694807,0.03945485273120109,609.2378832513548,171223.04945903455,1.6599635742467354,2259.6791112030814,4.1456296524398317e-16,-5.81095562789045e-15
propane_reference,0.018,0.002,1.01,1.1,True,17,235.47828754767434,2457.8307768976256,0.04335408046496696,553.8602711472021,171084.49266110378,1.65862030160759,2248.139103009121,-1.2985088940147871e-14,-1.1062279799001839e-14
propane_reference,0.018,0.002,1.02,0.7,True,17,153.6930060034176,1782.4185087130782,0.02775260292156206,564.7154988883392,146278.91251118068,1.418136560563241,1593.0909953905823,3.610298143636287e-15,4.529709481885671e-16
propane_reference,0.018,0.002,1.02,0.8,True,17,181.2372521935751,1991.4453605097385,0.03166692915655029,583.6074712003773,154213.34488899674,1.4950588486027945,1813.6201491569539,1.1227818856844172e-15,-1.1808783732681187e-14
propane_reference,0.018,0.002,1.02,0.9,True,17,208.42311860846397,2224.2401846749976,0.03556596987881421,597.5724377224783,162717.0624691425,1.577500210751883,2036.001900569873,1.169189764549394e-15,-6.221777140052079e-15
propane_reference,0.018,0.002,1.02,1.0,True,17,235.72518386202702,2461.698818069487,0.039455100551589836,609.2312234181501,171223.0494590348,1.6599635742467378,2259.6791112030814,-1.1258767013531333e-16,2.2670227481089417e-15
propane_reference,0.018,0.002,1.02,1.1,True,17,235.47716331711888,2457.8307768977197,0.043354360132569006,553.8540540934724,171084.49266110713,1.6586203016076224,2248.139103009121,-1.2855235612689144e-14,-1.0954566622041084e-14
propane_reference,0.018,0.002,1.03,0.7,True,17,153.69228863094207,1782.4185087137962,0.02775271712132332,564.7105393015372,146278.9125112014,1.418136560563442,1593.0909953905823,5.638727118486702e-15,1.810280366671376e-15
propane_reference,0.018,0.002,1.03,0.8,True,17,181.23649206011038,1991.445360510311,0.0316670672664734,583.602478189075,154213.344889021,1.4950588486030298,1813.6201491569539,3.663020887742871e-16,-7.479189189975108e-15
propane_reference,0.018,0.002,1.03,0.9,True,17,208.42210264875385,2224.240184675258,0.035566177139035184,597.5660425438957,162717.06246915183,1.5775002107519736,2036.001900569873,3.148086115113431e-15,-1.8871521510970297e-15
propane_reference,0.018,0.002,1.03,1.0,True,17,235.72430965668752,2461.698818069496,0.039455298220905724,609.2259118259327,171223.0494590351,1.6599635742467407,2259.6791112030814,1.425623115396283e-15,-4.094638808250079e-15
propane_reference,0.018,0.002,1.03,1.1,True,17,235.4762668156971,2457.830776897825,0.04335458319399875,553.8490958822566,171084.4926611109,1.6586203016076593,2248.139103009121,-1.3672673451659837e-14,-1.0337457355435219e-15
propane_reference,0.018,0.002,1.05,0.7,True,17,153.69228863094207,1782.4185087137962,0.02775271712132332,564.7105393015372,146278.9125112014,1.418136560563442,1593.0909953905823,5.638727118486702e-15,1.810280366671376e-15
propane_reference,0.018,0.002,1.05,0.8,True,17,181.23611276675842,1991.4453605106162,0.031667136188736296,583.599986635655,154213.34488903385,1.4950588486031544,1813.6201491569539,-1.1650875113293014e-15,-3.588416216619156e-15
propane_reference,0.018,0.002,1.05,0.9,True,17,208.42149475882704,2224.240184675509,0.03556630117122187,597.5622157488715,162717.06246916082,1.5775002107520608,2036.001900569873,4.496912894135719e-16,9.302297491351447e-16
propane_reference,0.018,0.002,1.05,1.0,True,17,235.72300294586256,2461.6988180695075,0.03945559374906427,609.2179714858318,171223.04945903554,1.659963574246745,2259.6791112030814,-1.7498206190128249e-16,-8.307007155672239e-16
propane_reference,0.018,0.002,1.05,1.1,True,17,235.47470408426423,2457.8307768979985,0.04335497211683214,553.8404519182727,171084.4926611171,1.6586203016077192,2248.139103009121,-1.3140255695607767e-14,-6.311598284743833e-15
propane_reference,0.018,0.002,1.08,0.7,True,17,153.69228863094207,1782.4185087137962,0.02775271712132332,564.7105393015372,146278.9125112014,1.418136560563442,1593.0909953905823,5.638727118486702e-15,1.810280366671376e-15
propane_reference,0.018,0.002,1.08,0.8,True,17,181.23611276675842,1991.4453605106162,0.031667136188736296,583.599986635655,154213.34488903385,1.4950588486031544,1813.6201491569539,-1.1650875113293014e-15,-3.588416216619156e-15
propane_reference,0.018,0.002,1.08,0.9,True,17,208.42149475882704,2224.240184675509,0.03556630117122187,597.5622157488715,162717.06246916082,1.5775002107520608,2036.001900569873,4.496912894135719e-16,9.302297491351447e-16
propane_reference,0.018,0.002,1.08,1.0,True,17,235.72300294586256,2461.6988180695075,0.03945559374906427,609.2179714858318,171223.04945903554,1.659963574246745,2259.6791112030814,-1.7498206190128249e-16,-8.307007155672239e-16
propane_reference,0.018,0.002,1.08,1.1,True,17,235.4744814738492,2457.8307768980358,0.043355027528504175,553.8392204769967,171084.49266111845,1.6586203016077323,2248.139103009121,-1.3406778803247801e-14,-8.742740119716246e-15
propane_reference,0.018,0.003,1.01,0.7,True,17,115.30263875838783,997.4678597577467,0.026734251948717768,439.7952498038926,124950.72643150107,1.2113652636561918,1692.5175794203647,4.841728842113048e-16,-1.4330822229355083e-14
propane_reference,0.018,0.003,1.01,0.8,True,17,139.58648843342687,1162.7699378390262,0.0305624890494602,465.72975498779095,129233.84291070802,1.2528889800144878,1952.694624223786,5.313110835616839e-15,-1.3334286560476011e-14
propane_reference,0.018,0.003,1.01,0.9,True,17,163.66633189352686,1327.0340458099029,0.03438512854961971,485.36451422486164,133598.4942089398,1.295203155543098,2224.027677182987,-2.864008654958985e-15,-9.160475200293998e-15
propane_reference,0.018,0.003,1.01,1.0,True,17,187.5638190522912,1490.449791658518,0.03821440552724793,500.49677501670084,138049.6662248549,1.3383561272514617,2505.7569329862076,-1.1958622706390095e-15,1.838250621294356e-14
propane_reference,0.018,0.003,1.01,1.1,True,17,187.4880419687274,1488.4306994296305,0.0419961491117169,455.24315962021666,137993.99848385446,1.3378164427719872,2491.2290328993295,-2.9460361304547297e-15,-1.1370846489627063e-14
propane_reference,0.018,0.003,1.02,0.7,True,17,115.30169301364572,997.4678597577467,0.02673440206399512,439.78917302274,124950.72643150107,1.2113652636561918,1692.5175794170086,-7.294165798861385e-16,-1.3993944580957589e-14
propane_reference,0.018,0.003,1.02,0.8,True,17,139.58527885791838,1162.7699378390262,0.03056270807936481,465.722381586229,129233.84291070802,1.2528889800144878,1952.6946242223908,4.292515112709892e-15,-1.3242946341318274e-14
propane_reference,0.018,0.003,1.02,0.9,True,17,163.6650229233388,1327.0340458099029,0.034385394444538094,485.35687918753126,133598.4942089398,1.295203155543098,2224.0276771825443,-2.2455686762393235e-15,-1.058470783035669e-14
propane_reference,0.018,0.003,1.02,1.0,True,17,187.56288548813734,1490.449791658518,0.03821461573310784,500.49153083456054,138049.6662248549,1.3383561272514617,2505.7569329860135,7.48385611240542e-16,1.1000881296913592e-14
propane_reference,0.018,0.003,1.02,1.1,True,17,187.48681062066476,1488.4306994296305,0.04199645433774162,455.23686112139353,137993.99848385446,1.3378164427719872,2491.2290328990443,-2.358255066914817e-15,-2.7455524473619082e-14
propane_reference,0.018,0.003,1.03,0.7,True,17,115.30093869499193,997.4678597577467,0.026734521814984508,439.7843259457812,124950.72643150107,1.2113652636561918,1692.5175794135712,3.54999952716443e-17,-2.0629400224662193e-14
propane_reference,0.018,0.003,1.03,0.8,True,17,139.58467592275446,1162.7699378390262,0.03056281727843786,465.7187059195669,129233.84291070802,1.2528889800144878,1952.6946242217405,4.2515733144446774e-15,-9.838311445571322e-15
propane_reference,0.018,0.003,1.03,0.9,True,17,163.66415327172314,1327.0340458099029,0.0343855711372852,485.35180616359264,133598.4942089398,1.295203155543098,2224.027677182244,-2.2485183149451e-15,-9.77084074777347e-15
propane_reference,0.018,0.003,1.03,1.0,True,17,187.56172210582633,1490.449791658518,0.038214877739711946,500.4849950536921,138049.6662248549,1.3383561272514617,2505.7569329857256,5.904480368376997e-16,1.3903445586446157e-14
propane_reference,0.018,0.003,1.03,1.1,True,17,187.48585332438773,1488.4306994296305,0.041996691514563575,455.2319657670699,137993.99848385446,1.3378164427719872,2491.22903289882,-2.5339121992279846e-16,-2.4530795805622192e-14
propane_reference,0.018,0.003,1.05,0.7,True,17,115.30093869499193,997.4678597577467,0.026734521814984508,439.7843259457812,124950.72643150107,1.2113652636561918,1692.5175794135712,3.54999952716443e-17,-2.0629400224662193e-14
propane_reference,0.018,0.003,1.05,0.8,True,17,139.5842746504247,1162.7699378390262,0.030562889961083792,465.71625955216024,129233.84291070802,1.2528889800144878,1952.6946242211322,3.471825048260212e-15,-1.5395964422425605e-14
propane_reference,0.018,0.003,1.05,0.9,True,17,163.66328601093772,1327.0340458099029,0.034385747374412974,485.34674671280453,133598.4942089398,1.295203155543098,2224.0276771818344,-4.124642735964933e-15,-1.1659511117921953e-14
propane_reference,0.018,0.003,1.05,1.0,True,17,187.56033128916596,1490.449791658518,0.038215191045417846,500.4771806577337,138049.6662248549,1.3383561272514617,2505.75693298532,-6.419350114321346e-17,9.69066246170194e-15
propane_reference,0.018,0.003,1.05,1.1,True,17,187.48418396114369,1488.4306994296305,0.04199710521654427,455.2234280823748,137993.99848385446,1.3378164427719872,2491.2290328983704,-3.0999128150033233e-15,-2.216418581300943e-14
propane_reference,0.018,0.003,1.08,0.7,True,17,115.30093869499193,997.4678597577467,0.026734521814984508,439.7843259457812,124950.72643150107,1.2113652636561918,1692.5175794135712,3.54999952716443e-17,-2.0629400224662193e-14
propane_reference,0.018,0.003,1.08,0.8,True,17,139.5842746504247,1162.7699378390262,0.030562889961083792,465.71625955216024,129233.84291070802,1.2528889800144878,1952.6946242211322,3.471825048260212e-15,-1.5395964422425605e-14
propane_reference,0.018,0.003,1.08,0.9,True,17,163.66328601093772,1327.0340458099029,0.034385747374412974,485.34674671280453,133598.4942089398,1.295203155543098,2224.0276771818344,-4.124642735964933e-15,-1.1659511117921953e-14
propane_reference,0.018,0.003,1.08,1.0,True,17,187.56033128916596,1490.449791658518,0.038215191045417846,500.4771806577337,138049.6662248549,1.3383561272514617,2505.75693298532,-6.419350114321346e-17,9.69066246170194e-15
propane_reference,0.018,0.003,1.08,1.1,True,17,187.48394614306162,1488.4306994296305,0.04199716416369029,455.2222116950709,137993.99848385446,1.3378164427719872,2491.2290328983167,-2.2571096425123545e-15,-2.0644927423945602e-14
propane_reference,0.018,0.004,1.01,0.7,True,17,80.80249006960516,603.626359462314,0.0253757865065639,324.7016960504902,115176.22991029381,1.1166040254171343,1763.1930416691428,-6.201675701676746e-17,3.48554812842269e-15
propane_reference,0.018,0.004,1.01,0.8,True,17,100.1347879531735,714.2410660761817,0.02902939010772713,351.74375479482865,117861.23663366905,1.142634477342223,2059.7074606343444,-9.246172796746056e-16,-3.572379673375791e-14
propane_reference,0.018,0.004,1.01,0.9,True,16,112.24065309524127,840.4371842202473,0.033276415058221175,343.9481492107793,120981.63377115954,1.1728859277268704,2384.5819284041904,-4.515922198552037e-15,4.202859016657099e-14
propane_reference,0.018,0.004,1.01,1.0,True,16,146.07382791543446,1013.8795252317639,0.03676580200992415,405.1423944917874,125371.12450446725,1.2154409152113543,2600.0000000000005,7.0752296534294275e-16,3.7477963824036916e-14
propane_reference,0.018,0.004,1.01,1.1,True,17,141.76225379458032,1017.1928168447176,0.04061036470286768,355.96151288052226,125456.12600520188,1.216264982972217,2600.0000000000005,6.722614771073478e-15,5.441569305001825e-14
propane_reference,0.018,0.004,1.02,0.7,True,17,80.80150376845042,603.626359462314,0.02537594268436568,324.6957342650763,115176.22991029381,1.1166040254171343,1763.1930416677733,-2.3902257209850704e-16,-5.074290901014212e-15
propane_reference,0.018,0.004,1.02,0.8,True,17,100.13349756358444,714.2410660761817,0.02902962285878511,351.7364018970453,117861.23663366905,1.142634477342223,2059.707460633703,7.624142388856023e-16,-2.780715810061006e-14
propane_reference,0.018,0.004,1.02,0.9,True,16,112.24247666640812,840.4371842203011,0.03327604194629526,343.9575939537963,120981.63377116088,1.1728859277268833,2384.5819284041904,-2.714502557616878e-15,4.4728730049625546e-14
propane_reference,0.018,0.004,1.02,1.0,True,16,146.0894690725238,1013.8795252317639,0.03676580200992415,405.18577595119206,125371.12450446725,1.2154409152113543,2600.0000000000005,1.1579209942945942e-15,3.4627349846329596e-14
propane_reference,0.018,0.004,1.02,1.1,True,17,142.09510358711353,1017.1928168447176,0.04059307369578294,356.94927168723024,125456.12600520188,1.216264982972217,2600.0000000000005,5.465627524589513e-15,5.856937886061868e-14
propane_reference,0.018,0.004,1.03,0.7,True,17,80.80071710546443,603.626359462314,0.025376067271903415,324.69097898361963,115176.22991029381,1.1166040254171343,1763.1930416664263,-3.7992513198327553e-16,-8.003627162279478e-16
propane_reference,0.018,0.004,1.03,0.8,True,17,100.13264019469645,714.2410660761817,0.02902977753735389,351.73151610766547,117861.23663366905,1.142634477342223,2059.7074606332567,-1.4878189113822137e-15,-3.024360647153161e-14
propane_reference,0.018,0.004,1.03,0.9,True,16,112.24399058473415,840.4371842203517,0.03327573212538461,343.96543576356373,120981.63377116216,1.1728859277268957,2384.5819284041904,-1.7272114101144865e-15,3.636474467685749e-14
propane_reference,0.018,0.004,1.03,1.0,True,16,146.08840844813304,1013.8795252317639,0.03676580200992415,405.18283426128454,125371.12450446725,1.2154409152113543,2600.0000000000005,8.704481403376445e-16,4.0712324610846316e-14
propane_reference,0.018,0.004,1.03,1.1,True,17,142.43503178476846,1017.1928168447176,0.04057578619141126,357.955630290902,125456.12600520188,1.216264982972217,2600.0000000000005,6.177790776981225e-15,5.876066367244973e-14
propane_reference,0.018,0.004,1.05,0.7,True,17,80.80071710546443,603.626359462314,0.025376067271903415,324.69097898361963,115176.22991029381,1.1166040254171343,1763.1930416664263,-3.7992513198327553e-16,-8.003627162279478e-16
propane_reference,0.018,0.004,1.05,0.8,True,17,100.13242621337388,714.2410660761817,0.029029816145949447,351.73029667582125,117861.23663366905,1.142634477342223,2059.7074606336064,-2.3350023826410845e-15,-2.6696280286708148e-14
propane_reference,0.018,0.004,1.05,0.9,True,16,112.24489644671048,840.4371842203847,0.03327554671376922,343.97012832061847,120981.63377116297,1.1728859277269035,2384.5819284041904,-3.791911507578799e-15,3.480366937744448e-14
propane_reference,0.018,0.004,1.05,1.0,True,16,146.05857657498922,1013.8795252317639,0.03676580200992415,405.1000942065455,125371.12450446725,1.2154409152113543,2600.0000000000005,3.69841874078965e-16,3.8708316858942936e-14
propane_reference,0.018,0.004,1.05,1.1,True,17,142.91968262620315,1017.1928168447176,0.040551589548388556,359.38792819378057,125456.12600520188,1.216264982972217,2600.0000000000005,6.318057664659595e-15,5.6413959310001986e-14
propane_reference,0.018,0.004,1.08,0.7,True,17,80.80071710546443,603.626359462314,0.025376067271903415,324.69097898361963,115176.22991029381,1.1166040254171343,1763.1930416664263,-3.7992513198327553e-16,-8.003627162279478e-16
propane_reference,0.018,0.004,1.08,0.8,True,17,100.13242621337388,714.2410660761817,0.029029816145949447,351.73029667582125,117861.23663366905,1.142634477342223,2059.7074606336064,-2.3350023826410845e-15,-2.6696280286708148e-14
propane_reference,0.018,0.004,1.08,0.9,True,16,112.24489644671048,840.4371842203847,0.03327554671376922,343.97012832061847,120981.63377116297,1.1728859277269035,2384.5819284041904,-3.791911507578799e-15,3.480366937744448e-14
propane_reference,0.018,0.004,1.08,1.0,True,16,146.05857657498922,1013.8795252317639,0.03676580200992415,405.1000942065455,125371.12450446725,1.2154409152113543,2600.0000000000005,3.69841874078965e-16,3.8708316858942936e-14
propane_reference,0.018,0.004,1.08,1.1,True,16,142.98954225908116,1017.1928168447176,0.04054813344193246,359.5942455321284,125456.12600520188,1.216264982972217,2600.0000000000005,6.074766868724612e-15,5.898175954546556e-14
propane_reference,0.018,0.005,1.01,0.7,True,17,53.79810360428353,380.79962244244444,0.02381913953543938,230.31393888571165,109907.3248901173,1.0655233418450822,1789.0136094623244,-2.7933603737627443e-15,-1.611707181311235e-14
propane_reference,0.018,0.005,1.01,0.8,True,16,67.61698887610801,478.9351549399096,0.027754494563635393,248.4287352869171,112204.96591402212,1.0877983826087352,2124.751569523941,1.4154421374791726e-14,-4.184878825191081e-14
propane_reference,0.018,0.005,1.01,0.9,True,16,90.76180436304323,603.9097288817162,0.031315493553351836,295.54470623446355,115183.04895719336,1.116670134328873,2515.256488573354,3.4501990263724828e-15,4.201693062038687e-14
propane_reference,0.018,0.005,1.01,1.0,True,15,101.05598080915564,740.0173817601689,0.03609712569738576,285.47542237399085,118493.6207425591,1.1487652791764766,2600.0000000000005,2.02409800726212e-14,-3.669584579979354e-14
propane_reference,0.018,0.005,1.01,1.1,True,15,102.0401432001445,742.9321897384006,0.03965771477297985,262.37514942911184,118565.29149666912,1.149460108765935,2600.0,-7.73473555494293e-15,6.417348383149884e-14
propane_reference,0.018,0.005,1.02,0.7,True,17,53.86929928475622,380.79962244244444,0.023810185973150214,230.70545490224288,109907.3248901173,1.0655233418450822,1789.013609465891,-3.4318167749889698e-15,-3.1398387045463592e-15
propane_reference,0.018,0.005,1.02,0.8,True,16,67.50506107622624,478.9351549399096,0.02776733502805368,247.90281518895242,112204.96591402212,1.0877983826087352,2124.7515695226593,1.276586863499118e-14,-5.1389846309762054e-14
propane_reference,0.018,0.005,1.02,0.9,True,16,90.76082690002423,603.9097288817704,0.03131569253882817,295.53964543011574,115183.04895719471,1.1166701343288863,2515.256488573354,4.809310796688998e-15,4.17032987273758e-14
propane_reference,0.018,0.005,1.02,1.0,True,15,101.05731870051255,740.0173817601689,0.03609682131986498,285.4816090476071,118493.6207425591,1.1487652791764766,2600.0000000000005,2.0009620587029732e-14,-3.5250374082740916e-14
propane_reference,0.018,0.005,1.02,1.1,True,15,102.042103911897,742.9321897384006,0.03965722509348625,262.38343081253777,118565.29149666912,1.149460108765935,2600.0000000000005,-9.425225140091611e-15,6.649084281250375e-14
propane_reference,0.018,0.005,1.03,0.7,True,17,53.93492422186562,380.79962244244444,0.023801234014887446,231.07338317152556,109907.3248901173,1.0655233418450822,1789.0136094658797,-1.4889018927357423e-15,-6.62460368365635e-16
propane_reference,0.018,0.005,1.03,0.8,True,16,67.41714890779441,478.9351549399096,0.02777760515304389,247.48843320098788,112204.96591402212,1.0877983826087352,2124.7515695197662,1.5017820316383754e-14,-4.592379992132765e-14
propane_reference,0.018,0.005,1.03,0.9,True,16,90.76017751544215,603.9097288817744,0.03131582476374938,295.53628302450113,115183.0489571948,1.116670134328887,2515.256488573354,3.1221883042744214e-15,3.4035210221591934e-14
propane_reference,0.018,0.005,1.03,1.0,True,15,101.05898583803892,740.0173817601689,0.03609644196998783,285.4893188969613,118493.6207425591,1.1487652791764766,2600.0000000000005,1.940544081163987e-14,-2.287235446004164e-14
propane_reference,0.018,0.005,1.03,1.1,True,15,102.04340642308296,742.9321897384006,0.03965689972867423,262.3889327432113,118565.29149666912,1.149460108765935,2600.0000000000005,-1.109960015203645e-14,7.174853565697373e-14
propane_reference,0.018,0.005,1.05,0.7,True,17,53.93492422186562,380.79962244244444,0.023801234014887446,231.07338317152556,109907.3248901173,1.0655233418450822,1789.0136094658797,-1.4889018927357423e-15,-6.62460368365635e-16
propane_reference,0.018,0.005,1.05,0.8,True,16,67.37372776651289,478.9351549399096,0.027782739468459307,247.28332715450645,112204.96591402212,1.0877983826087352,2124.7515695183515,1.6238419373175176e-14,-3.8296070736048226e-14
propane_reference,0.018,0.005,1.05,0.9,True,16,90.75952993114991,603.9097288818325,0.03131595664397028,295.5329297624026,115183.0489571962,1.1166701343289005,2515.256488573354,4.231543207918647e-15,2.221670728244306e-14
propane_reference,0.018,0.005,1.05,1.0,True,16,101.08162670726429,740.0173817601689,0.0360896170131406,285.60728020485686,118493.6207425591,1.1487652791764766,2600.0000000000005,2.1720526509758627e-14,-3.432145648411656e-14
propane_reference,0.018,0.005,1.05,1.1,True,15,102.04567694179305,742.9321897384006,0.039656332427287666,262.3985247063641,118565.29149666912,1.149460108765935,2600.0000000000005,-1.1095189233797745e-14,7.121988409501291e-14
propane_reference,0.018,0.005,1.08,0.7,True,17,53.93492422186562,380.79962244244444,0.023801234014887446,231.07338317152556,109907.3248901173,1.0655233418450822,1789.0136094658797,-1.4889018927357423e-15,-6.62460368365635e-16
propane_reference,0.018,0.005,1.08,0.8,True,16,67.37372776651289,478.9351549399096,0.027782739468459307,247.28332715450645,112204.96591402212,1.0877983826087352,2124.7515695183515,1.6238419373175176e-14,-3.8296070736048226e-14
propane_reference,0.018,0.005,1.08,0.9,True,16,90.75952993114991,603.9097288818325,0.03131595664397028,295.5329297624026,115183.0489571962,1.1166701343289005,2515.256488573354,4.231543207918647e-15,2.221670728244306e-14
propane_reference,0.018,0.005,1.08,1.0,True,16,101.08162670726429,740.0173817601689,0.0360896170131406,285.60728020485686,118493.6207425591,1.1487652791764766,2600.0000000000005,2.1720526509758627e-14,-3.432145648411656e-14
propane_reference,0.018,0.005,1.08,1.1,True,15,102.04600038216124,742.9321897384006,0.03965625160049595,262.39989121397525,118565.29149666912,1.149460108765935,2600.0000000000005,-1.0397842222004816e-14,5.783789895867123e-14
propane_reference,0.018,0.006,1.01,0.7,True,16,35.489584586868105,262.75217604227066,0.02246771670917194,161.0724634974035,107190.5642423633,1.0391850437627461,1798.5755589002774,2.2442344930471312e-15,8.945058637061748e-15
propane_reference,0.018,0.006,1.01,0.8,True,15,48.15897939105705,357.35869884666636,0.026738655506552664,183.6610373827364,109363.77885935189,1.0602538024060428,2178.476854006932,1.7427505394847268e-15,-2.204896538007775e-14
propane_reference,0.018,0.006,1.01,0.9,True,16,67.53257976620769,455.4924018379796,0.03008342048295746,228.9103612098874,111652.8499894855,1.0824457602463375,2600.0,1.620029322159225e-14,7.18300087071047e-14
propane_reference,0.018,0.006,1.01,1.0,True,15,82.79014590066527,562.6197155643953,0.034170380581777335,247.06325364938442,114192.63512001187,1.1070683260539622,2600.0,8.481676661286195e-15,-7.097808388497037e-14
propane_reference,0.018,0.006,1.01,1.1,True,15,83.65270775732188,564.9073307151519,0.03752835341886408,227.30019995166518,114247.33943956839,1.1075986704094956,2600.0,7.302599608579902e-15,-3.936409871893199e-14
propane_reference,0.018,0.006,1.02,0.7,True,16,35.40636064896424,262.75217604227066,0.022478996210441853,160.61411131659636,107190.5642423633,1.0391850437627461,1798.5755588872382,7.694673776984709e-16,-8.213143844090584e-15
propane_reference,0.018,0.006,1.02,0.8,True,15,48.16085067267894,357.35869884666636,0.026738315403793768,183.6705099782451,109363.77885935189,1.0602538024060428,2178.4768540053915,3.2039548863615723e-16,-2.531060982838556e-14
propane_reference,0.018,0.006,1.02,0.9,True,16,67.59017268779193,455.4924018379796,0.03006922910440223,229.21370776887952,111652.8499894855,1.0824457602463375,2600.0,1.653786266838279e-14,7.249066289491602e-14
propane_reference,0.018,0.006,1.02,1.0,True,15,82.78982093245241,562.6197155643953,0.0341704547370873,247.06174771134275,114192.63512001187,1.1070683260539622,2600.0,1.045645278110485e-14,-4.924914785093677e-14
propane_reference,0.018,0.006,1.02,1.1,True,15,83.65211046683646,564.9073307151519,0.037528503065699374,227.29767063589145,114247.33943956839,1.1075986704094956,2600.0,6.7207175243843175e-15,-3.4962052759241033e-14
propane_reference,0.018,0.006,1.03,0.7,True,16,35.34056730976483,262.75217604227066,0.022488017807659966,160.25133815631258,107190.5642423633,1.0391850437627461,1798.575558876948,3.2177897511175353e-15,-7.716537290258214e-15
propane_reference,0.018,0.006,1.03,0.8,True,15,48.16240429112613,357.3586988466663,0.02673803297744694,183.67837511863402,109363.77885935188,1.0602538024060426,2178.4768539971506,3.2135087068202633e-15,-3.617396021696288e-14
propane_reference,0.018,0.006,1.03,0.9,True,16,67.67034650803888,455.4924018379796,0.030055040528073385,229.59393253064087,111652.8499894855,1.0824457602463375,2600.0,1.6515492301900056e-14,6.288786362502371e-14
propane_reference,0.018,0.006,1.03,1.0,True,15,82.78956176631831,562.6197155643953,0.034170513886793305,247.06054664012802,114192.63512001187,1.1070683260539622,2600.0,9.371045176255545e-15,-5.635618611745761e-14
propane_reference,0.018,0.006,1.03,1.1,True,15,83.65161466085357,564.9073307151519,0.037528627313517006,227.29557092201713,114247.33943956839,1.1075986704094956,2600.0,7.449988378932155e-15,-4.6921318921572704e-14
propane_reference,0.018,0.006,1.05,0.7,True,16,35.34056730976483,262.75217604227066,0.022488017807659966,160.25133815631258,107190.5642423633,1.0391850437627461,1798.575558876948,3.2177897511175353e-15,-7.716537290258214e-15
propane_reference,0.018,0.006,1.05,0.8,True,15,48.1630242711608,357.3586988466663,0.02673792025884827,183.68151389448286,109363.77885935188,1.0602538024060426,2178.476853996374,3.2626248451055323e-15,-4.109216526796095e-14
propane_reference,0.018,0.006,1.05,0.9,True,15,67.7450372109266,455.4924018379796,0.03004425858121287,229.92983037355472,111652.8499894855,1.0824457602463375,2600.0,1.6428320299476914e-14,7.657673026363659e-14
propane_reference,0.018,0.006,1.05,1.0,True,15,82.78910994699233,562.6197155643953,0.034170617026997335,247.058452600552,114192.63512001187,1.1070683260539622,2600.0,8.991811881585942e-15,-5.303693043452902e-14
propane_reference,0.018,0.006,1.05,1.1,True,15,83.65092347442996,564.9073307151518,0.037528800564408854,227.29264355532925,114247.33943956839,1.1075986704094956,2600.0,7.625759656142637e-15,-3.587520665862711e-14
propane_reference,0.018,0.006,1.08,0.7,True,16,35.34056730976483,262.75217604227066,0.022488017807659966,160.25133815631258,107190.5642423633,1.0391850437627461,1798.575558876948,3.2177897511175353e-15,-7.716537290258214e-15
propane_reference,0.018,0.006,1.08,0.8,True,15,48.1630242711608,357.3586988466663,0.02673792025884827,183.68151389448286,109363.77885935188,1.0602538024060426,2178.476853996374,3.2626248451055323e-15,-4.109216526796095e-14
propane_reference,0.018,0.006,1.08,0.9,True,15,67.7450372109266,455.4924018379796,0.03004425858121287,229.92983037355472,111652.8499894855,1.0824457602463375,2600.0,1.6428320299476914e-14,7.657673026363659e-14
propane_reference,0.018,0.006,1.08,1.0,True,15,82.78910994699233,562.6197155643953,0.034170617026997335,247.058452600552,114192.63512001187,1.1070683260539622,2600.0,8.991811881585942e-15,-5.303693043452902e-14
propane_reference,0.018,0.006,1.08,1.1,True,15,83.65082501267037,564.9073307151518,0.03752882524846884,227.29222652094552,114247.33943956839,1.1075986704094956,2600.0,7.11720717808997e-15,-4.2908518969295595e-14
propane_reference,0.022,0.002,1.01,0.7,True,14,170.34933659673527,2260.737180492195,0.028287178953709767,614.0873244447167,164024.41847954915,1.5901746921532132,1628.028256838262,-2.847954562904347e-15,2.3144051695844046e-15
propane_reference,0.022,0.002,1.01,0.8,True,14,200.4015903258504,2572.343842948431,0.03227755506664,633.1109972236908,175186.45617397653,1.6983877863929082,1849.11550741461,-7.670019086788904e-15,-7.44399004422205e-15
propane_reference,0.022,0.002,1.01,0.9,True,14,229.93258318163632,2878.9060042686388,0.036259634081945706,646.6308579737029,186167.79519082725,1.8048490532726802,2071.7180494070226,1.4452260567143541e-16,7.076365096311189e-15
propane_reference,0.022,0.002,1.01,1.0,True,14,258.82955882137117,3178.971900529515,0.04023815831264939,655.9263857886504,196916.43200903534,1.9090543319860556,2295.5663884391133,3.187580583433122e-15,1.3826241727725988e-14
propane_reference,0.022,0.002,1.01,1.1,True,14,258.40323191442377,3172.206027349622,0.04421677903394615,595.923020233429,196674.07219915712,1.9067047157543024,2283.9126614392935,5.0402395982158066e-15,1.6966193101773585e-15
propane_reference,0.022,0.002,1.02,0.7,True,14,170.34817023978678,2260.7371804971817,0.028287364860892564,614.0790840676199,164024.41847972778,1.5901746921549451,1628.028256838262,-2.7179827689569996e-15,-2.9594295225414706e-15
propane_reference,0.022,0.002,1.02,0.8,True,14,200.40010878156437,2572.343842948857,0.03227782461385015,633.1010297373518,175186.45617399178,1.698387786393056,1849.11550741461,-6.488688668583276e-15,2.7004009448576463e-16
propane_reference,0.022,0.002,1.02,0.9,True,14,229.93102501280094,2878.9060042687834,0.036259952699223816,646.6207940674055,186167.7951908324,1.8048490532727302,2071.7180494070226,3.3549977440891147e-16,2.4835953281937294e-15
propane_reference,0.022,0.002,1.02,1.0,True,14,258.8282003834788,3178.9719005295583,0.0402384667280271,655.9179157865343,196916.43200903683,1.90905433198607,2295.5663884391133,2.4897372912560857e-15,1.7853121792360836e-14
propane_reference,0.022,0.002,1.02,1.1,True,14,258.40156504454296,3172.206027349688,0.04421719555371929,595.9135626651641,196674.07219915945,1.9067047157543249,2283.9126614392935,4.585643196682357e-15,-7.136358041698721e-16
propane_reference,0.022,0.002,1.03,0.7,True,14,170.3472399290912,2260.737180501902,0.028287513167709704,614.072510941051,164024.41847989685,1.590174692156584,1628.028256838262,-5.196580853593079e-15,2.3835282895805092e-15
propane_reference,0.022,0.002,1.03,0.8,True,14,200.39912441590357,2572.343842949189,0.03227800373916248,633.0944065959767,175186.45617400363,1.698387786393171,1849.11550741461,-6.991099816936975e-15,-5.3218865103051014e-15
propane_reference,0.022,0.002,1.03,0.9,True,14,229.92973144452304,2878.9060042689152,0.03626021726696754,646.6124382912429,186167.79519083712,1.8048490532727757,2071.7180494070226,1.395432317558521e-15,-2.16021647342809e-15
propane_reference,0.022,0.002,1.03,1.0,True,14,258.82684669328495,3178.971900529643,0.040238774127843685,655.9094744997859,196916.43200903988,1.9090543319860995,2295.5663884391133,3.2563691958768006e-15,2.5330549471278985e-14
propane_reference,0.022,0.002,1.03,1.1,True,14,258.4001814074046,3172.2060273497455,0.04421754137787652,595.90571118774,196674.07219916154,1.9067047157543453,2283.9126614392935,2.7371470865263433e-15,6.5946664059690196e-15
propane_reference,0.022,0.002,1.05,0.7,True,14,170.3472399290912,2260.737180501902,0.028287513167709704,614.072510941051,164024.41847989685,1.590174692156584,1628.028256838262,-5.196580853593079e-15,2.3835282895805092e-15
propane_reference,0.022,0.002,1.05,0.8,True,14,200.39863322914223,2572.3438429493813,0.032278093130456105,633.0911015606398,175186.4561740106,1.6983877863932384,1849.11550741461,-4.244079772853422e-15,2.5052859681400996e-15
propane_reference,0.022,0.002,1.05,0.9,True,14,229.92869978865713,2878.906004269003,0.03626042830368436,646.6057737646887,186167.7951908403,1.8048490532728065,2071.7180494070226,9.750208208034494e-16,3.1781819761941015e-15
propane_reference,0.022,0.002,1.05,1.0,True,14,258.824959469116,3178.971900529735,0.0402392027879964,655.8977047446479,196916.43200904323,1.909054331986132,2295.5663884391133,2.8399465357449677e-15,2.3188152301064787e-14
propane_reference,0.022,0.002,1.05,1.1,True,14,258.3979777885851,3172.206027349842,0.044218092295027864,595.8932049661479,196674.07219916495,1.9067047157543784,2283.9126614392935,2.7657854478134676e-15,-1.1079082072541703e-15
propane_reference,0.022,0.002,1.08,0.7,True,14,170.3472399290912,2260.737180501902,0.028287513167709704,614.072510941051,164024.41847989685,1.590174692156584,1628.028256838262,-5.196580853593079e-15,2.3835282895805092e-15
propane_reference,0.022,0.002,1.08,0.8,True,14,200.39863322914223,2572.3438429493813,0.032278093130456105,633.0911015606398,175186.4561740106,1.6983877863932384,1849.11550741461,-4.244079772853422e-15,2.5052859681400996e-15
propane_reference,0.022,0.002,1.08,0.9,True,14,229.92869978865713,2878.906004269003,0.03626042830368436,646.6057737646887,186167.7951908403,1.8048490532728065,2071.7180494070226,9.750208208034494e-16,3.1781819761941015e-15
propane_reference,0.022,0.002,1.08,1.0,True,14,258.824959469116,3178.971900529735,0.0402392027879964,655.8977047446479,196916.43200904323,1.909054331986132,2295.5663884391133,2.8399465357449677e-15,2.3188152301064787e-14
propane_reference,0.022,0.002,1.08,1.1,True,14,258.39770321576657,3172.2060273498537,0.044218160952531775,595.8916465301108,196674.0721991654,1.9067047157543828,2283.9126614392935,2.0578045247518492e-15,-1.849921516171228e-15
propane_reference,0.022,0.003,1.01,0.7,True,14,137.35833131702773,1378.9281214407974,0.027576743534958294,507.9153644592174,135000.12880115974,1.308791643628319,1750.2579307338162,-1.531483113498063e-15,-8.452348040611712e-15
propane_reference,0.022,0.003,1.01,0.8,True,14,164.2684652241794,1595.4413299685891,0.031520353857865994,531.4255608469156,140967.69888649296,1.366645705915579,2019.523993983629,-4.1040518107353925e-15,-8.552778039075891e-15
propane_reference,0.022,0.003,1.01,0.9,True,14,190.74392338731838,1808.3431086532794,0.035462108050255056,548.4859245519935,147027.02293320326,1.4253892993387467,2298.6464251574494,6.353145925566392e-15,2.36284463660706e-14
propane_reference,0.022,0.003,1.01,1.0,True,14,215.87424760914612,1976.8945599210915,0.03937528146610967,559.0575154133807,153594.85090395296,1.489062707958722,2581.4600326551354,-1.4854161250666651e-15,-7.495870287960861e-15
propane_reference,0.022,0.003,1.01,1.1,True,14,215.61773825217492,1973.6360086760055,0.043269557347012745,508.1376306627582,153456.11102021975,1.487717660349653,2566.438322201286,6.7907485244714155e-15,-3.153943366566838e-15
propane_reference,0.022,0.003,1.02,0.7,True,14,137.35710041489912,1378.9281214407974,0.027576939159858826,507.9072098929307,135000.12880115974,1.308791643628319,1750.2579307268136,1.8279981285443239e-16,-2.865354811268747e-15
propane_reference,0.022,0.003,1.02,0.8,True,14,164.26690092610392,1595.4413299685891,0.03152063759612581,531.415716510047,140967.69888649296,1.366645705915579,2019.5239939801563,-3.5424144214863637e-15,-9.871482697848224e-15
propane_reference,0.022,0.003,1.02,0.9,True,14,190.74227807678585,1808.3431086533342,0.03546244343017555,548.4760062803156,147027.02293320486,1.425389299338762,2298.646425156023,4.9284175423473315e-15,2.679277121609699e-14
propane_reference,0.022,0.003,1.02,1.0,True,14,215.8728138135046,1976.8945599211117,0.0393756059479961,559.0491952746676,153594.85090395363,1.4890627079587284,2581.4600326551354,-5.869407251978921e-16,-4.4758942802763785e-15
propane_reference,0.022,0.003,1.02,1.1,True,14,215.61597763332824,1973.6360086760183,0.04326999585334368,508.12833196239137,153456.11102022056,1.487717660349661,2566.438322201286,6.594341089610318e-15,-4.81496232788912e-15
propane_reference,0.022,0.003,1.03,0.7,True,14,137.35611864423947,1378.9281214407974,0.027577095216585717,507.9007053977604,135000.12880115974,1.308791643628319,1750.257930719679,2.621687763921668e-16,-8.738385660216299e-15
propane_reference,0.022,0.003,1.03,0.8,True,14,164.26586159582186,1595.4413299685891,0.03152082615036276,531.4091753465042,140967.69888649296,1.366645705915579,2019.5239939771727,-5.767055477684335e-15,-1.3945407023433505e-14
propane_reference,0.022,0.003,1.03,0.9,True,14,190.7409121765759,1808.343108653367,0.0354627219175354,548.4677715290591,147027.02293320582,1.4253892993387713,2298.6464251545076,6.130362953838437e-15,2.0088907622279146e-14
propane_reference,0.022,0.003,1.03,1.0,True,14,215.87138502343805,1976.8945599211295,0.039375929365863996,559.0409033424231,153594.8509039547,1.4890627079587389,2581.4600326551354,7.589630017229788e-16,-1.120377097107902e-14
propane_reference,0.022,0.003,1.03,1.1,True,14,215.61451617570197,1973.6360086760449,0.04327035993672141,508.1206123990802,153456.11102022155,1.4877176603496705,2566.438322201286,9.279128901769846e-15,-4.73718190933683e-17
propane_reference,0.022,0.003,1.05,0.7,True,14,137.35611864423947,1378.9281214407974,0.027577095216585717,507.9007053977604,135000.12880115974,1.308791643628319,1750.257930719679,2.621687763921668e-16,-8.738385660216299e-15
propane_reference,0.022,0.003,1.05,0.8,True,14,164.2653429882258,1595.4413299685891,0.03152092024655734,531.4059112654511,140967.69888649296,1.366645705915579,2019.5239939756427,-5.9535370388960805e-15,-1.9232118183612116e-14
propane_reference,0.022,0.003,1.05,0.9,True,14,190.73982284354628,1808.3431086534176,0.03546294405744217,548.4612036131404,147027.02293320725,1.4253892993387853,2298.6464251531183,4.548515691613896e-15,1.8063973199224e-14
propane_reference,0.022,0.003,1.05,1.0,True,14,215.86939309791222,1976.8945599211772,0.039376380368561885,559.02934187266,153594.85090395669,1.489062707958758,2581.4600326551354,-1.129604804860252e-15,1.056900223726027e-15
propane_reference,0.022,0.003,1.05,1.1,True,14,215.6121886252859,1973.6360086760849,0.04327093994769827,508.10831639573524,153456.11102022315,1.487717660349686,2566.438322201286,6.733458518502402e-15,-4.3615374099025875e-15
propane_reference,0.022,0.003,1.08,0.7,True,14,137.35611864423947,1378.9281214407974,0.027577095216585717,507.9007053977604,135000.12880115974,1.308791643628319,1750.257930719679,2.621687763921668e-16,-8.738385660216299e-15
propane_reference,0.022,0.003,1.08,0.8,True,14,164.2653429882258,1595.4413299685891,0.03152092024655734,531.4059112654511,140967.69888649296,1.366645705915579,2019.5239939756427,-5.9535370388960805e-15,-1.9232118183612116e-14
propane_reference,0.022,0.003,1.08,0.9,True,14,190.73982284354628,1808.3431086534176,0.03546294405744217,548.4612036131404,147027.02293320725,1.4253892993387853,2298.6464251531183,4.548515691613896e-15,1.8063973199224e-14
propane_reference,0.022,0.003,1.08,1.0,True,14,215.86939309791222,1976.8945599211772,0.039376380368561885,559.02934187266,153594.85090395669,1.489062707958758,2581.4600326551354,-1.129604804860252e-15,1.056900223726027e-15
propane_reference,0.022,0.003,1.08,1.1,True,14,215.6118986117151,1973.6360086760797,0.043271012231350985,508.1067841672137,153456.11102022303,1.487717660349685,2566.438322201286,6.129097795437577e-15,-1.1263735042984892e-14
propane_reference,0.022,0.004,1.01,0.7,True,14,103.89087806033235,883.7879535305864,0.026551643168492577,398.99305691312645,122067.74921110229,1.183415538508994,1860.730728614313,6.462358634937541e-15,2.4336399937519785e-14
propane_reference,0.022,0.004,1.01,0.8,True,14,126.57366256418953,1038.3938907745005,0.03037299053031818,424.9473416977667,126001.05937440669,1.2215479723018046,2181.319673252484,-2.277278034259317e-15,-4.066463744273257e-15
propane_reference,0.022,0.004,1.01,0.9,True,14,149.09281332299017,1193.280994680719,0.03419807183748362,444.56412544670434,130036.32191117374,1.260668808221494,2523.628295915484,1.9654806045460335e-15,6.453189452303635e-15
propane_reference,0.022,0.004,1.01,1.0,True,14,168.44498498499433,1370.2109125689663,0.038267244681035525,448.85928844818613,134763.9120218093,1.306501582502866,2600.0000000000005,-9.852168082333644e-15,3.3718054756098884e-14
propane_reference,0.022,0.004,1.01,1.1,True,14,168.5131041418676,1366.0637285027008,0.04203836020570971,408.7589134110933,134651.64180558533,1.3054131515352283,2600.0000000000005,6.4176024108633494e-15,-2.49286627319383e-15
propane_reference,0.022,0.004,1.02,0.7,True,14,103.88958834078238,883.7879535305864,0.026551847603541196,398.9850317481097,122067.74921110229,1.183415538508994,1860.7307286119028,8.286502135247912e-15,1.92457319688031e-14
propane_reference,0.022,0.004,1.02,0.8,True,14,126.57202209559925,1038.3938907745005,0.030373287257854653,424.93768272285297,126001.05937440669,1.2215479723018046,2181.319673250962,-4.1166563524703365e-16,-1.0320212224169299e-14
propane_reference,0.022,0.004,1.02,0.9,True,14,149.09108692331856,1193.280994680719,0.034198422721090305,444.55441640134956,130036.32191117374,1.260668808221494,2523.628295913882,1.0938192051972872e-15,7.475112892077933e-15
propane_reference,0.022,0.004,1.02,1.0,True,14,168.4435059408036,1370.2109125689663,0.03826757875901738,448.85142867369615,134763.9120218093,1.306501582502866,2600.0000000000005,-9.661025129338285e-15,3.598790585873671e-14
propane_reference,0.022,0.004,1.02,1.1,True,14,168.51128514279358,1366.0637285027008,0.04203881232938015,408.75010498277544,134651.64180558533,1.3054131515352283,2600.0000000000005,6.8206488039230656e-15,-1.807961844406838e-15
propane_reference,0.022,0.004,1.03,0.7,True,14,103.88855966397347,883.7879535305864,0.026552010688503602,398.97863056430134,122067.74921110229,1.183415538508994,1860.730728609483,7.316840663227053e-15,2.3716965753335314e-14
propane_reference,0.022,0.004,1.03,0.8,True,14,126.57093214630328,1038.3938907745005,0.030373484447526508,424.93126471640414,126001.05937440669,1.2215479723018046,2181.3196732498723,4.180657326537424e-17,-8.8103537587281e-15
propane_reference,0.022,0.004,1.03,0.9,True,14,149.08965365218896,1193.280994680719,0.03419871409560706,444.54635513891947,130036.32191117374,1.260668808221494,2523.6282959123087,2.5853474306656485e-15,8.265099176374068e-15
propane_reference,0.022,0.004,1.03,1.0,True,14,168.4420320166757,1370.2109125689663,0.03826791175324832,448.8435953910436,134763.9120218093,1.306501582502866,2600.0000000000005,-1.0357935259021479e-14,3.7746062825174034e-14
propane_reference,0.022,0.004,1.03,1.1,True,14,168.5097751766383,1366.0637285027008,0.04203918773349791,408.74279227798553,134651.64180558533,1.3054131515352283,2600.0000000000005,6.370295715173674e-15,3.629924815497292e-16
propane_reference,0.022,0.004,1.05,0.7,True,14,103.88855966397347,883.7879535305864,0.026552010688503602,398.97863056430134,122067.74921110229,1.183415538508994,1860.730728609483,7.316840663227053e-15,2.3716965753335314e-14
propane_reference,0.022,0.004,1.05,0.8,True,14,126.57038827812627,1038.3938907745005,0.0303735828541104,424.9280620927822,126001.05937440669,1.2215479723018046,2181.3196732491406,-4.6317847900615844e-15,-3.955919619681202e-15
propane_reference,0.022,0.004,1.05,0.9,True,14,149.08851055940187,1193.280994680719,0.034198946523093875,444.5399254725337,130036.32191117374,1.260668808221494,2523.628295910892,1.5532225473146139e-15,1.0797825404573054e-14
propane_reference,0.022,0.004,1.05,1.0,True,14,168.43997710443293,1370.2109125689663,0.03826837612769317,448.83267320748763,134763.9120218093,1.306501582502866,2600.0000000000005,-9.647452767665139e-15,3.286021137317942e-14
propane_reference,0.022,0.004,1.05,1.1,True,14,168.50737029299088,1366.0637285027008,0.042039785803296384,408.7311441072204,134651.64180558533,1.3054131515352283,2600.0000000000005,5.711663631329115e-15,-2.8914330105757363e-15
propane_reference,0.022,0.004,1.08,0.7,True,14,103.88855966397347,883.7879535305864,0.026552010688503602,398.97863056430134,122067.74921110229,1.183415538508994,1860.730728609483,7.316840663227053e-15,2.3716965753335314e-14
propane_reference,0.022,0.004,1.08,0.8,True,14,126.57038827812627,1038.3938907745005,0.0303735828541104,424.9280620927822,126001.05937440669,1.2215479723018046,2181.3196732491406,-4.6317847900615844e-15,-3.955919619681202e-15
propane_reference,0.022,0.004,1.08,0.9,True,14,149.08851055940187,1193.280994680719,0.034198946523093875,444.5399254725337,130036.32191117374,1.260668808221494,2523.628295910892,1.5532225473146139e-15,1.0797825404573054e-14
propane_reference,0.022,0.004,1.08,1.0,True,14,168.43997710443293,1370.2109125689663,0.03826837612769317,448.83267320748763,134763.9120218093,1.306501582502866,2600.0000000000005,-9.647452767665139e-15,3.286021137317942e-14
propane_reference,0.022,0.004,1.08,1.1,True,14,168.50707063776545,1366.0637285027008,0.04203986033940809,408.72969259051956,134651.64180558533,1.3054131515352283,2600.0000000000005,5.9123375285684894e-15,-2.451922401506429e-15
propane_reference,0.022,0.005,1.01,0.7,True,14,75.59971114079134,590.582724091937,0.025303423590409515,304.6633230134587,114862.6741970353,1.1135641831520273,1929.6323971345018,8.00825411698586e-16,-2.677558325068124e-15
propane_reference,0.022,0.005,1.01,0.8,True,14,93.96208911492992,702.2762034363827,0.028957065175542942,330.88527823840303,117568.56014977777,1.1397970538537785,2289.772553401609,-4.892717662682628e-15,2.7720265749747308e-14
propane_reference,0.022,0.005,1.01,0.9,True,14,112.18064734743079,822.3802761245017,0.03272057172488329,349.60399177726356,120531.38402312674,1.1685208718339308,2600.0000000000005,1.3805618999231307e-14,-1.2018317997979398e-14
propane_reference,0.022,0.005,1.01,1.0,True,14,128.32898035904756,965.9811682257707,0.03682370676538794,355.366565079338,124147.13777568951,1.2035746776250498,2600.0000000000005,-1.1504236877469245e-14,-1.9300664758256422e-14
propane_reference,0.022,0.005,1.01,1.1,True,14,128.42251538832053,963.0178652395563,0.04045152686050046,323.7319607353328,124071.71031485224,1.2028434277268418,2600.0000000000005,4.174901735730863e-15,-1.0518810561891299e-14
propane_reference,0.022,0.005,1.02,0.7,True,14,75.59836934950033,590.582724091937,0.02530363578712967,304.65536079044153,114862.6741970353,1.1135641831520273,1929.6323971352524,3.5108664743845864e-15,4.56263029461331e-15
propane_reference,0.022,0.005,1.02,0.8,True,14,93.96038099771215,702.2762034363827,0.028957373374211896,330.8757415348897,117568.56014977777,1.1397970538537785,2289.7725533989933,-5.377534805452783e-15,3.111060400819118e-14
propane_reference,0.022,0.005,1.02,0.9,True,14,112.178859599707,822.3802761245017,0.0327209342671363,349.5945468833561,120531.38402312674,1.1685208718339308,2600.0000000000005,1.273715764310017e-14,-7.657990688066815e-15
propane_reference,0.022,0.005,1.02,1.0,True,14,128.32745816247564,965.9811682257707,0.03682404995370417,355.3590379739317,124147.13777568951,1.2035746776250498,2600.0000000000005,-1.1495483017928425e-14,-2.6000825073650082e-14
propane_reference,0.022,0.005,1.02,1.1,True,14,128.42064270298548,963.0178652395563,0.0404519914485605,323.72352202190524,124071.71031485224,1.2028434277268418,2600.0000000000005,5.045247974462635e-15,-5.3570715449289534e-15
propane_reference,0.022,0.005,1.03,0.7,True,14,75.59729912051374,590.582724091937,0.02530380506802334,304.6490097568232,114862.6741970353,1.1135641831520273,1929.6323971349898,3.645922831633603e-15,1.4331875929909504e-14
propane_reference,0.022,0.005,1.03,0.8,True,14,93.95924604207262,702.2762034363827,0.02895757819922362,330.8694045099824,117568.56014977777,1.1397970538537785,2289.772553396853,-4.934245328242561e-15,3.057909511561397e-14
propane_reference,0.022,0.005,1.03,0.9,True,14,112.17737526262782,822.3802761245017,0.032721235352296714,349.58670433138695,120531.38402312674,1.1685208718339308,2600.0000000000005,1.3968653174770036e-14,-1.444773164914351e-14
propane_reference,0.022,0.005,1.03,1.0,True,14,128.3259411363012,965.9811682257707,0.03682439205283049,355.35153583690845,124147.13777568951,1.2035746776250498,2600.0000000000005,-1.1422642013278595e-14,-2.2023624824599432e-14
propane_reference,0.022,0.005,1.03,1.1,True,14,128.41908806068963,963.0178652395563,0.04045237723178704,323.7165158452681,124071.71031485224,1.2028434277268418,2600.0000000000005,3.998692815191394e-15,-9.78376350676525e-15
propane_reference,0.022,0.005,1.05,0.7,True,14,75.59729912051374,590.582724091937,0.02530380506802334,304.6490097568232,114862.6741970353,1.1135641831520273,1929.6323971349898,3.645922831633603e-15,1.4331875929909504e-14
propane_reference,0.022,0.005,1.05,0.8,True,14,93.95867970005679,702.2762034363827,0.02895768041957558,330.8662422262906,117568.56014977777,1.1397970538537785,2289.772553395842,-4.260814144611117e-15,3.633534883771746e-14
propane_reference,0.022,0.005,1.05,0.9,True,14,112.17619136249813,822.3802761245017,0.0327214755434975,349.58044874961473,120531.38402312674,1.1685208718339308,2600.0000000000005,1.3332490297293983e-14,-6.633550107091976e-15
propane_reference,0.022,0.005,1.05,1.0,True,14,128.32382598279113,965.9811682257707,0.03682486916112332,355.341074786914,124147.13777568951,1.2035746776250498,2600.0000000000005,-1.1550561426712127e-14,-2.861026463523188e-14
propane_reference,0.022,0.005,1.05,1.1,True,14,128.4166118376414,963.0178652395563,0.0404529918871505,323.70535527220375,124071.71031485224,1.2028434277268418,2600.0000000000005,4.249726252163906e-15,-9.849649151359037e-15
propane_reference,0.022,0.005,1.08,0.7,True,14,75.59729912051374,590.582724091937,0.02530380506802334,304.6490097568232,114862.6741970353,1.1135641831520273,1929.6323971349898,3.645922831633603e-15,1.4331875929909504e-14
propane_reference,0.022,0.005,1.08,0.8,True,14,93.95867970005679,702.2762034363827,0.02895768041957558,330.8662422262906,117568.56014977777,1.1397970538537785,2289.772553395842,-4.260814144611117e-15,3.633534883771746e-14
propane_reference,0.022,0.005,1.08,0.9,True,14,112.17619136249813,822.3802761245017,0.0327214755434975,349.58044874961473,120531.38402312674,1.1685208718339308,2600.0000000000005,1.3332490297293983e-14,-6.633550107091976e-15
propane_reference,0.022,0.005,1.08,1.0,True,14,128.32382598279113,965.9811682257707,0.03682486916112332,355.341074786914,124147.13777568951,1.2035746776250498,2600.0000000000005,-1.1550561426712127e-14,-2.861026463523188e-14
propane_reference,0.022,0.005,1.08,1.1,True,14,128.41630327873872,963.0178652395563,0.04045306849428314,323.7039644657025,124071.71031485224,1.2028434277268418,2600.0000000000005,4.7420296605830995e-15,-1.0765366293504858e-14
propane_reference,0.022,0.006,1.01,0.7,True,14,53.359367726067106,405.3981846229574,0.023991647590302475,226.79314615522762,110479.89565960919,1.0710742686860526,1953.0875143507,9.041569024474276e-16,-3.5794456200280384e-14
propane_reference,0.022,0.006,1.01,0.8,True,14,67.8901122284596,486.40137713785236,0.02746026983197386,252.10476285868006,112381.23812548231,1.0895072965143122,2332.975200180935,1.340736773614726e-15,-4.550924197293993e-14
propane_reference,0.022,0.006,1.01,0.9,True,14,82.87463365935402,581.170138525034,0.031173358349262884,271.09240730570144,114636.80423240972,1.1113744317430936,2600.0,9.7163517057872e-15,1.338936841158846e-14
propane_reference,0.022,0.006,1.01,1.0,True,14,96.82632846383703,690.7776206072583,0.035158468110240176,280.8295761581928,117287.8047419899,1.1370752021423818,2600.0000000000005,5.060915646320483e-15,4.15209345463311e-14
propane_reference,0.022,0.006,1.01,1.1,True,14,96.86914381434109,688.4923114572371,0.03862431024989231,255.7431727471421,117232.0655441761,1.1365348249074188,2600.0000000000005,-2.7947807081144354e-15,-4.7533534862676736e-14
propane_reference,0.022,0.006,1.02,0.7,True,14,53.44349493491008,405.3981846229574,0.02398048533803408,227.2564441258272,110479.89565960919,1.0710742686860526,1953.087514344436,2.8318297733492302e-15,-4.559477666735094e-14
propane_reference,0.022,0.006,1.02,0.8,True,14,68.00094184138212,486.40137713785236,0.027444936535847897,252.65739930880935,112381.23812548231,1.0895072965143122,2332.9752001789975,2.771565353142759e-15,-3.0567996078374275e-14
propane_reference,0.022,0.006,1.02,0.9,True,14,82.99689626825328,581.170138525034,0.031156101067950852,271.64272117041105,114636.80423240972,1.1113744317430936,2600.0,1.09193314701616e-14,1.8336303753410762e-14
propane_reference,0.022,0.006,1.02,1.0,True,14,96.85376678763976,690.7776206072583,0.0351507413337425,280.9709056876501,117287.8047419899,1.1370752021423818,2600.0000000000005,3.897246242788334e-15,4.3219270265617396e-14
propane_reference,0.022,0.006,1.02,1.1,True,14,96.91190821011801,688.4923114572371,0.03860957684702415,255.9537091640074,117232.0655441761,1.1365348249074188,2600.0000000000005,-2.8210529375621246e-15,-4.6168223330898737e-14
propane_reference,0.022,0.006,1.03,0.7,True,14,53.50979397632172,405.3981846229574,0.02397155727299476,227.62311121202836,110479.89565960919,1.0710742686860526,1953.0875143396156,3.342188795166578e-15,-9.660235897648887e-15
propane_reference,0.022,0.006,1.03,0.8,True,14,68.07340855924595,486.40137713785236,0.02743471667286029,253.02086844294877,112381.23812548231,1.0895072965143122,2332.9752001773686,1.7563061438270146e-15,-3.4711693161185736e-14
propane_reference,0.022,0.006,1.03,0.9,True,14,83.09630755351226,581.170138525034,0.03114172375300881,272.0936474903062,114636.80423240972,1.1113744317430936,2600.0,1.144880412010668e-14,1.6692085444557643e-14
propane_reference,0.022,0.006,1.03,1.0,True,14,96.88016651053374,690.7776206072583,0.03514339001308644,281.1062804982837,117287.8047419899,1.1370752021423818,2600.0000000000005,4.499093351023722e-15,4.760140028453631e-14
propane_reference,0.022,0.006,1.03,1.1,True,14,96.93871579601326,688.4923114572371,0.038601322409358894,256.07925841029765,117232.0655441761,1.1365348249074188,2600.0000000000005,-2.6909440811574648e-15,-6.55009623482371e-14
propane_reference,0.022,0.006,1.05,0.7,True,14,53.50979397632172,405.3981846229574,0.02397155727299476,227.62311121202836,110479.89565960919,1.0710742686860526,1953.0875143396156,3.342188795166578e-15,-9.660235897648887e-15
propane_reference,0.022,0.006,1.05,0.8,True,14,68.1092236606767,486.40137713785236,0.02742960743989561,253.20114322568034,112381.23812548231,1.0895072965143122,2332.975200176392,9.268683523177121e-16,-4.22586147882302e-14
propane_reference,0.022,0.006,1.05,0.9,True,14,83.16438430844254,581.170138525034,0.031130224349428682,272.4171534060995,114636.80423240972,1.1113744317430936,2600.0,1.1626231797812782e-14,1.9046103860936926e-14
propane_reference,0.022,0.006,1.05,1.0,True,14,96.91694206008106,690.7776206072583,0.03513316001185752,281.2948709923974,117287.8047419899,1.1370752021423818,2600.0000000000005,4.088564399959197e-15,3.198101094906955e-14
propane_reference,0.022,0.006,1.05,1.1,True,14,96.98087399901937,688.4923114572371,0.038588400278836504,256.27641687910733,117232.0655441761,1.1365348249074188,2600.0000000000005,-1.9528645232236847e-15,-3.9687844407327574e-14
propane_reference,0.022,0.006,1.08,0.7,True,14,53.50979397632172,405.3981846229574,0.02397155727299476,227.62311121202836,110479.89565960919,1.0710742686860526,1953.0875143396156,3.342188795166578e-15,-9.660235897648887e-15
propane_reference,0.022,0.006,1.08,0.8,True,14,68.1092236606767,486.40137713785236,0.02742960743989561,253.20114322568034,112381.23812548231,1.0895072965143122,2332.975200176392,9.268683523177121e-16,-4.22586147882302e-14
propane_reference,0.022,0.006,1.08,0.9,True,14,83.16438430844254,581.170138525034,0.031130224349428682,272.4171534060995,114636.80423240972,1.1113744317430936,2600.0,1.1626231797812782e-14,1.9046103860936926e-14
propane_reference,0.022,0.006,1.08,1.0,True,14,96.91694206008106,690.7776206072583,0.03513316001185752,281.2948709923974,117287.8047419899,1.1370752021423818,2600.0000000000005,4.088564399959197e-15,3.198101094906955e-14
propane_reference,0.022,0.006,1.08,1.1,True,14,96.98613439811176,688.4923114572371,0.0385867882455633,256.3010247197296,117232.0655441761,1.1365348249074188,2600.0000000000005,-3.697953572329796e-15,-4.619342033464589e-14
propane_reference,0.026,0.002,1.01,0.7,True,12,175.37945802680724,2750.056299919853,0.02881613302655019,620.6151137921348,181552.28008752302,1.7601028174587703,1651.7854117208005,-1.5554745399911918e-15,1.446519788897767e-15
propane_reference,0.026,0.002,1.01,0.8,True,12,204.83312113872617,3123.793720060104,0.03290103288469074,634.8483201487016,194939.89875568752,1.8898923487471706,1873.4681735411343,8.178397118017931e-16,-8.061922364905347e-15
propane_reference,0.026,0.002,1.01,0.9,True,12,233.35000478185614,3487.944305620493,0.03698379554946605,643.3920035499742,207984.10817801888,2.0163526154246227,2096.560262265758,-8.035162755490848e-16,-1.3882965254692195e-15
propane_reference,0.026,0.002,1.01,1.0,True,12,261.1368229089061,3841.8727484804226,0.04105989669804829,648.5292792721883,220662.15103240538,2.1392629910867256,2320.778877982613,-6.155115392083759e-15,-8.198195876798827e-15
propane_reference,0.026,0.002,1.01,1.1,True,12,259.81857628591825,3831.4856656783004,0.0451275837745731,587.0937296245701,220290.0761580798,2.1356558205555136,2309.03583404267,1.7887914803804993e-15,-9.966663470427183e-15
propane_reference,0.026,0.002,1.02,0.7,True,12,176.28677036986616,2750.056299920952,0.02880508595490689,624.0650632359852,181552.2800875624,1.7601028174591522,1651.7854117208005,2.8914884930106086e-15,3.85780731857838e-15
propane_reference,0.026,0.002,1.02,0.8,True,12,206.0590144826696,3123.7937200638835,0.032885867383023924,638.942301417597,194939.89875582285,1.8898923487484827,1873.4681735411343,1.1648359767762334e-16,-1.1657866885038593e-14
propane_reference,0.026,0.002,1.02,0.9,True,12,234.70521235496886,3487.944305622032,0.03696672223989366,647.4274585548914,207984.108178074,2.0163526154251574,2096.560262265758,2.357273310162727e-16,1.1054679981688552e-15
propane_reference,0.026,0.002,1.02,1.0,True,12,262.37068700165815,3841.8727484799806,0.04104408079736062,651.8446464098981,220662.15103238958,2.1392629910865724,2320.778877982613,-4.9182066501271286e-15,-1.0896238123992403e-14
propane_reference,0.026,0.002,1.02,1.1,True,12,261.2799845654865,3831.4856656790957,0.045106725666608435,590.6689799594188,220290.07615810828,2.1356558205557894,2309.03583404267,3.3738378305037066e-15,-7.509389012287374e-15
propane_reference,0.026,0.002,1.03,0.7,True,12,177.02075141411527,2750.0562999220083,0.028796249776519584,626.8556900687018,181552.28008760023,1.760102817459519,1651.7854117208005,1.3766065095502435e-15,-2.5673270844174593e-15
propane_reference,0.026,0.002,1.03,0.8,True,12,206.88769028322815,3123.7937200668043,0.03287575902830674,641.7090837833341,194939.89875592748,1.889892348749497,1873.4681735411343,2.144148936392801e-15,-1.3655748004314133e-14
propane_reference,0.026,0.002,1.03,0.9,True,12,235.85394299325438,3487.9443056235637,0.03695249769068712,650.8466398621982,207984.10817812884,2.016352615425689,2096.560262265758,-1.7971021959296968e-17,-8.486359748177169e-17
propane_reference,0.026,0.002,1.03,1.0,True,12,263.6258358825198,3841.8727484794467,0.04102826827751537,655.2154168217397,220662.15103237046,2.1392629910863867,2320.778877982613,-6.90215780587184e-15,-6.015460555175577e-15
propane_reference,0.026,0.002,1.03,1.1,True,12,262.5235024610141,3831.485665679884,0.045089348086888976,593.7088982333024,220290.07615813654,2.1356558205560634,2309.03583404267,4.5761005618407314e-15,-6.115129466721093e-15
propane_reference,0.026,0.002,1.05,0.7,True,12,177.02075141411527,2750.0562999220083,0.028796249776519584,626.8556900687018,181552.28008760023,1.760102817459519,1651.7854117208005,1.3766065095502435e-15,-2.5673270844174593e-15
propane_reference,0.026,0.002,1.05,0.8,True,12,207.3048600880847,3123.7937200684282,0.03287070544338348,643.1018866481064,194939.89875598566,1.889892348750061,1873.4681735411343,2.5693119179737157e-15,-1.0813943166398812e-14
propane_reference,0.026,0.002,1.05,0.9,True,12,236.7829703966638,3487.944305624975,0.036941120144933615,653.611565981887,207984.10817817945,2.0163526154261797,2096.560262265758,1.904258625999601e-15,-1.3699001185039979e-15
propane_reference,0.026,0.002,1.05,1.0,True,12,265.41061193963594,3841.872748478573,0.041006136408737744,660.0073252294267,220662.1510323392,2.139262991086084,2320.778877982613,-5.347563851219653e-15,-5.934028245896828e-15
propane_reference,0.026,0.002,1.05,1.1,True,12,264.5502305524805,3831.485665681407,0.045061551824749,598.6614937065939,220290.0761581911,2.1356558205565923,2309.03583404267,4.0118489131637465e-15,-4.270662455569117e-15
propane_reference,0.026,0.002,1.08,0.7,True,12,177.02075141411527,2750.0562999220083,0.028796249776519584,626.8556900687018,181552.28008760023,1.760102817459519,1651.7854117208005,1.3766065095502435e-15,-2.5673270844174593e-15
propane_reference,0.026,0.002,1.08,0.8,True,12,207.3048600880847,3123.7937200684282,0.03287070544338348,643.1018866481064,194939.89875598566,1.889892348750061,1873.4681735411343,2.5693119179737157e-15,-1.0813943166398812e-14
propane_reference,0.026,0.002,1.08,0.9,True,12,236.7829703966638,3487.944305624975,0.036941120144933615,653.611565981887,207984.10817817945,2.0163526154261797,2096.560262265758,1.904258625999601e-15,-1.3699001185039979e-15
propane_reference,0.026,0.002,1.08,1.0,True,12,265.41061193963594,3841.872748478573,0.041006136408737744,660.0073252294267,220662.1510323392,2.139262991086084,2320.778877982613,-5.347563851219653e-15,-5.934028245896828e-15
propane_reference,0.026,0.002,1.08,1.1,True,12,264.8060798613488,3831.4856656816114,0.0450580779705614,599.2866653259534,220290.07615819838,2.135655820556663,2309.03583404267,3.90088650365004e-15,-6.411065758585248e-15
propane_reference,0.026,0.003,1.01,0.7,True,12,144.66193274528308,1748.2690947359001,0.028345855124474652,520.4080722677502,145297.829779178,1.4086252149611609,1791.7390738472404,6.345291618578541e-15,1.602363853973941e-14
propane_reference,0.026,0.003,1.01,0.8,True,12,170.72487029529353,1971.308201340451,0.032390950606601784,537.4677647255659,153356.94720241803,1.4867562925551057,2062.858029872419,5.328211000394825e-16,1.5260698283223607e-15
propane_reference,0.026,0.003,1.01,0.9,True,12,195.99261341025542,2206.9992866790644,0.036407014155494154,548.9514868337329,162099.47762098984,1.5715128839569272,2337.107012432644,-3.7770772717653848e-16,1.2839373927225303e-14
propane_reference,0.026,0.003,1.01,1.0,True,12,221.34488251746853,2453.5206686742386,0.040428627975121104,558.2899461778763,170930.10061416455,1.6571235102884176,2600.0,1.1835337776445366e-14,9.087696622677104e-15
propane_reference,0.026,0.003,1.01,1.1,True,12,220.77072346251927,2445.5217377984504,0.04442568025077725,506.7417871708537,170643.57154175357,1.6543456843784852,2599.449900892893,6.743910510192735e-15,7.874721427512498e-15
propane_reference,0.026,0.003,1.02,0.7,True,12,145.2506620207102,1748.2690947359001,0.028334772069062555,522.7303563525575,145297.829779178,1.4086252149611609,1791.7390738348279,6.800573031721996e-15,1.1895811052440853e-14
propane_reference,0.026,0.003,1.02,0.8,True,12,171.51742074440187,1971.3082013406752,0.03237573436774085,540.2166102384778,153356.94720242755,1.486756292555198,2062.858029872419,-1.0610266809749206e-16,6.6549557954796364e-15
propane_reference,0.026,0.003,1.02,0.9,True,12,196.86371587594726,2206.999286679583,0.036389882893087845,551.6509174145069,162099.4776210084,1.5715128839571073,2337.107012432644,-4.083658334801046e-15,5.343274718413062e-15
propane_reference,0.026,0.003,1.02,1.0,True,12,222.1415918204225,2453.5206686742386,0.04041275898445443,560.5194707026707,170930.10061416455,1.6571235102884176,2600.0,1.1170201205000581e-14,5.808531494550608e-15
propane_reference,0.026,0.003,1.02,1.1,True,12,221.7155541531507,2445.5217377990175,0.0444047493074267,509.150369646475,170643.5715417739,1.6543456843786826,2599.449900892893,7.513950592722177e-15,7.438710206377251e-17
propane_reference,0.026,0.003,1.03,0.7,True,12,145.7249674335218,1748.2690947359001,0.028325907183357812,524.6014221742136,145297.829779178,1.4086252149611609,1791.739073822239,8.185993699346346e-15,1.1596772599406595e-14
propane_reference,0.026,0.003,1.03,0.8,True,12,172.0496373735816,1971.308201340867,0.03236559229434301,542.0627037234196,153356.9472024359,1.486756292555279,2062.858029872419,2.2845501151323125e-15,1.2454892334363124e-14
propane_reference,0.026,0.003,1.03,0.9,True,12,197.59910531796965,2206.9992866801485,0.03637561021958427,553.928882969457,162099.4776210287,1.571512883957304,2337.107012432644,-9.677455160269971e-16,3.809194143353261e-15
propane_reference,0.026,0.003,1.03,1.0,True,12,222.949879859233,2453.5206686742386,0.04039689354725768,562.7799249167127,170930.10061416455,1.6571235102884176,2600.0,1.1510564659409101e-14,5.92748667428694e-15
propane_reference,0.026,0.003,1.03,1.1,True,12,222.5168309851774,2445.5217377995705,0.044387311251563706,511.1911801327261,170643.5715417937,1.6543456843788744,2599.449900892893,7.414378039927257e-15,1.2523265905623782e-14
propane_reference,0.026,0.003,1.05,0.7,True,12,145.7249674335218,1748.2690947359001,0.028325907183357812,524.6014221742136,145297.829779178,1.4086252149611609,1791.739073822239,8.185993699346346e-15,1.1596772599406595e-14
propane_reference,0.026,0.003,1.05,0.8,True,12,172.31664648579311,1971.308201340956,0.03236052188181791,542.9890124432022,153356.9472024397,1.486756292555316,2062.858029872419,1.888525439357891e-15,6.6859238061290245e-15
propane_reference,0.026,0.003,1.05,0.9,True,12,198.19220327778473,2206.999286680669,0.03636419428506348,555.7659311351399,162099.47762104732,1.5715128839574846,2337.107012432644,-2.8597061937698956e-15,9.258069265694898e-15
propane_reference,0.026,0.003,1.05,1.0,True,12,224.09647551257447,2453.5206686742386,0.04037468788292046,565.9853272774183,170930.10061416455,1.6571235102884176,2600.0,1.1735916780109338e-14,7.96515855976906e-15
propane_reference,0.026,0.003,1.05,1.1,True,12,223.8189696393398,2445.521737800588,0.0443594186415242,514.5059135189049,170643.57154183017,1.654345684379228,2599.449900892893,6.14719919801774e-15,8.500731712015591e-15
propane_reference,0.026,0.003,1.08,0.7,True,12,145.7249674335218,1748.2690947359001,0.028325907183357812,524.6014221742136,145297.829779178,1.4086252149611609,1791.739073822239,8.185993699346346e-15,1.1596772599406595e-14
propane_reference,0.026,0.003,1.08,0.8,True,12,172.31664648579311,1971.308201340956,0.03236052188181791,542.9890124432022,153356.9472024397,1.486756292555316,2062.858029872419,1.888525439357891e-15,6.6859238061290245e-15
propane_reference,0.026,0.003,1.08,0.9,True,12,198.19220327778473,2206.999286680669,0.03636419428506348,555.7659311351399,162099.47762104732,1.5715128839574846,2337.107012432644,-2.8597061937698956e-15,9.258069265694898e-15
propane_reference,0.026,0.003,1.08,1.0,True,12,224.09647551257447,2453.5206686742386,0.04037468788292046,565.9853272774183,170930.10061416455,1.6571235102884176,2600.0,1.1735916780109338e-14,7.96515855976906e-15
propane_reference,0.026,0.003,1.08,1.1,True,12,223.98309295648357,2445.521737800725,0.044355932779537185,514.9236573512812,170643.57154183506,1.6543456843792752,2599.449900892893,6.5500686286889256e-15,3.923086639824257e-15
propane_reference,0.026,0.004,1.01,0.7,True,12,113.56998189669692,1166.2556492518409,0.02761331579891645,419.39603592342223,129325.33258287622,1.2537759489342613,1933.9159862439537,1.1257216466259842e-14,2.8258747467412833e-15
propane_reference,0.026,0.004,1.01,0.8,True,12,136.99010794031773,1361.3418061007505,0.031594103483359476,442.14273767227894,134523.8982331428,1.304174710345396,2268.6702496361663,5.448661542426134e-15,1.3102878315712749e-14
propane_reference,0.026,0.004,1.01,0.9,True,12,159.6851838565827,1555.9687654035279,0.03558528424369404,457.5868211022481,139865.25100045218,1.3559577562550933,2600.0000000000005,1.3773007337616053e-14,4.3685496778440657e-16
propane_reference,0.026,0.004,1.01,1.0,True,12,177.30011383955818,1771.360036186808,0.039757206150611485,454.74976274772547,145960.66870651513,1.4150512684536594,2600.0000000000005,-6.448661896556555e-16,-1.585700522981667e-14
propane_reference,0.026,0.004,1.01,1.1,True,12,176.92481398776118,1765.4514519452323,0.04369086896032254,412.93090660491265,145790.8433551965,1.4134048552046063,2600.0000000000005,-1.276400140995878e-14,-1.2384131671643155e-14
propane_reference,0.026,0.004,1.02,0.7,True,12,113.97035566308139,1166.2556492518409,0.027602199313587285,421.0440557586166,129325.33258287622,1.2537759489342613,1933.9159862399554,9.942369299900874e-15,6.7603911152967955e-15
propane_reference,0.026,0.004,1.02,0.8,True,12,137.54582530032167,1361.3418061007505,0.0315788388960666,444.1509345792886,134523.8982331428,1.304174710345396,2268.670249633424,5.061372351562738e-15,1.1806276106903572e-14
propane_reference,0.026,0.004,1.02,0.9,True,12,160.3141313432083,1555.9687654035279,0.035568097797654886,459.6110813407653,139865.25100045218,1.3559577562550933,2600.0000000000005,1.3280726920187424e-14,2.0985224486294803e-16
propane_reference,0.026,0.004,1.02,1.0,True,12,177.89013411355245,1771.360036186808,0.039741306159226095,456.4456265167202,145960.66870651513,1.4150512684536594,2600.0000000000005,-5.070608065531516e-16,-1.8205786640697833e-14
propane_reference,0.026,0.004,1.02,1.1,True,12,177.62547262356216,1765.4514519452323,0.04366989626576634,414.7652954561809,145790.8433551965,1.4134048552046063,2600.0000000000005,-1.2641370439294225e-14,-1.3185828149710207e-14
propane_reference,0.026,0.004,1.03,0.7,True,12,114.29223301719038,1166.2556492518409,0.027593307758726683,422.36923548327223,129325.33258287622,1.2537759489342613,1933.9159862358947,8.968309538887288e-15,-4.284092937606615e-15
propane_reference,0.026,0.004,1.03,0.8,True,12,137.9188947368653,1361.3418061007505,0.0315686646924916,445.49915053146884,134523.8982331428,1.304174710345396,2268.6702496313487,4.075066248783742e-15,8.185318528706104e-15
propane_reference,0.026,0.004,1.03,0.9,True,12,160.84335421656297,1555.9687654035279,0.03555377930094285,461.31404106463475,139865.25100045218,1.3559577562550933,2600.0000000000005,1.3948040448080401e-14,-2.0358288475857212e-16
propane_reference,0.026,0.004,1.03,1.0,True,12,178.4867636289997,1771.360036186808,0.039725409822866244,458.15977100300745,145960.66870651513,1.4150512684536594,2600.0000000000005,-2.2162341522216635e-16,-1.3986830435533096e-14
propane_reference,0.026,0.004,1.03,1.1,True,12,178.21765231731982,1765.4514519452323,0.04365242354434287,416.3146390308172,145790.8433551965,1.4134048552046063,2600.0000000000005,-1.2282976233569788e-14,-1.2547619293217265e-14
propane_reference,0.026,0.004,1.05,0.7,True,12,114.29223301719038,1166.2556492518409,0.027593307758726683,422.36923548327223,129325.33258287622,1.2537759489342613,1933.9159862358947,8.968309538887288e-15,-4.284092937606615e-15
propane_reference,0.026,0.004,1.05,0.8,True,12,138.1059464835251,1361.3418061007505,0.03156357824541907,446.1752455406466,134523.8982331428,1.304174710345396,2268.6702496300177,4.427771073810961e-15,1.0569908691936565e-14
propane_reference,0.026,0.004,1.05,0.9,True,12,161.26889977709527,1555.9687654035279,0.0355423268142396,462.68358459281393,139865.25100045218,1.3559577562550933,2600.0000000000005,1.2835961159835289e-14,4.635266321345309e-17
propane_reference,0.026,0.004,1.05,1.0,True,12,179.32949803892828,1771.360036186808,0.03970316106956615,460.58095045651487,145960.66870651513,1.4150512684536594,2600.0000000000005,-3.3430557586659877e-16,-1.6590616166092125e-14
propane_reference,0.026,0.004,1.05,1.1,True,12,179.17566186052733,1765.4514519452323,0.04362447570856173,418.82068357871964,145790.8433551965,1.4134048552046063,2600.0000000000005,-1.1581408672282561e-14,-1.4196121545547475e-14
propane_reference,0.026,0.004,1.08,0.7,True,12,114.29223301719038,1166.2556492518409,0.027593307758726683,422.36923548327223,129325.33258287622,1.2537759489342613,1933.9159862358947,8.968309538887288e-15,-4.284092937606615e-15
propane_reference,0.026,0.004,1.08,0.8,True,12,138.1059464835251,1361.3418061007505,0.03156357824541907,446.1752455406466,134523.8982331428,1.304174710345396,2268.6702496300177,4.427771073810961e-15,1.0569908691936565e-14
propane_reference,0.026,0.004,1.08,0.9,True,12,161.26889977709527,1555.9687654035279,0.0355423268142396,462.68358459281393,139865.25100045218,1.3559577562550933,2600.0000000000005,1.2835961159835289e-14,4.635266321345309e-17
propane_reference,0.026,0.004,1.08,1.0,True,12,179.32949803892828,1771.360036186808,0.03970316106956615,460.58095045651487,145960.66870651513,1.4150512684536594,2600.0000000000005,-3.3430557586659877e-16,-1.6590616166092125e-14
propane_reference,0.026,0.004,1.08,1.1,True,12,179.29601541239822,1765.4514519452323,0.04362098296397683,419.1355659943493,145790.8433551965,1.4134048552046063,2600.0000000000005,-1.1974437831397107e-14,-1.2748968810307587e-14
propane_reference,0.026,0.005,1.01,0.7,True,12,86.19048221638802,811.4755932951969,0.026696629884855085,329.21695547158293,120260.08619796365,1.165890708961783,2045.3892478784605,7.273258158125194e-15,2.8065476836215775e-14
propane_reference,0.026,0.005,1.01,0.8,True,12,105.81258648970272,958.6139065461408,0.03054906959790861,353.1983507218364,123959.67628627787,1.2017572865379238,2439.249232853453,3.928479091147922e-15,-3.966409398313365e-15
propane_reference,0.026,0.005,1.01,0.9,True,12,123.98482833311411,1124.899985215765,0.03463221177577418,365.06285083126323,128243.00127434744,1.2432830243361952,2600.0000000000005,-9.053653917731965e-15,-7.726703319099172e-16
propane_reference,0.026,0.005,1.01,1.0,True,12,139.4666166150604,1298.091313750004,0.03876552464310747,366.8630089257418,132821.53359551958,1.287670721557272,2600.0000000000005,-2.242142522138532e-15,-1.2513177527010317e-14
propane_reference,0.026,0.005,1.01,1.1,True,12,139.2108120890702,1293.5674700836516,0.04259985654847564,333.2300472596974,132700.39982054435,1.2864963606595707,2600.0000000000005,1.2384938915842101e-14,-3.121877826466678e-14
propane_reference,0.026,0.005,1.02,0.7,True,12,86.47519225758997,811.4755932951969,0.026685483302499653,330.4424153231956,120260.08619796365,1.165890708961783,2045.389247879498,8.386124522713005e-15,2.72120657077851e-14
propane_reference,0.026,0.005,1.02,0.8,True,12,106.21179271325626,958.6139065461408,0.0305337610621258,354.7086348740098,123959.67628627787,1.2017572865379238,2439.2492328485564,2.029346891106159e-15,-1.1752955081462816e-14
propane_reference,0.026,0.005,1.02,0.9,True,12,124.44734444810278,1124.899985215765,0.034614992504829654,366.6069688678203,128243.00127434744,1.2432830243361952,2600.0000000000005,-1.010105028834365e-14,-5.675983159357689e-15
propane_reference,0.026,0.005,1.02,1.0,True,12,139.90584003642635,1298.091313750004,0.03874959479131925,368.1696651119572,132821.53359551958,1.287670721557272,2600.0000000000005,-1.517348743879277e-15,-4.773498329901604e-15
propane_reference,0.026,0.005,1.02,1.1,True,12,139.73282327681844,1293.5674700836516,0.04257884366030164,334.6446571384931,132700.39982054435,1.2864963606595707,2600.0000000000005,1.1824322852289454e-14,-2.3983228161901747e-14
propane_reference,0.026,0.005,1.03,0.7,True,12,86.70356961290572,811.4755932951969,0.026676567737881875,331.42582856260805,120260.08619796365,1.165890708961783,2045.3892478790442,5.55521064668806e-15,3.038053485520758e-14
propane_reference,0.026,0.005,1.03,0.8,True,12,106.47914373733899,958.6139065461408,0.030523557653094124,355.720360146044,123959.67628627787,1.2017572865379238,2439.249232844672,4.068410315333766e-15,-8.809327585016058e-15
propane_reference,0.026,0.005,1.03,0.9,True,12,124.8356870034915,1124.899985215765,0.034600646751679745,367.9034525258361,128243.00127434744,1.2432830243361952,2600.0000000000005,-1.0849941444070363e-14,3.706381801431363e-15
propane_reference,0.026,0.005,1.03,1.0,True,12,140.34919020806566,1298.091313750004,0.03873366869283459,369.4882244912758,132821.53359551958,1.287670721557272,2600.0000000000005,-1.9522669693145195e-15,-5.005816216724262e-15
propane_reference,0.026,0.005,1.03,1.1,True,12,140.17311935601327,1293.5674700836516,0.042561337567167574,335.8371954486705,132700.39982054435,1.2864963606595707,2600.0000000000005,1.2684756203390212e-14,-2.5830506905304473e-14
propane_reference,0.026,0.005,1.05,0.7,True,12,86.70356961290572,811.4755932951969,0.026676567737881875,331.42582856260805,120260.08619796365,1.165890708961783,2045.3892478790442,5.55521064668806e-15,3.038053485520758e-14
propane_reference,0.026,0.005,1.05,0.8,True,12,106.61300771865172,958.6139065461408,0.030518456631271344,356.2270982394738,123959.67628627787,1.2017572865379238,2439.249232842745,1.6115908559376804e-15,-2.0902770035630766e-14
propane_reference,0.026,0.005,1.05,0.9,True,12,125.14744525446079,1124.899985215765,0.03458917252350364,368.9445847599447,128243.00127434744,1.2432830243361952,2600.0000000000005,-9.101659035591045e-15,-6.431760752445011e-15
propane_reference,0.026,0.005,1.05,1.0,True,12,140.97418050960962,1298.091313750004,0.03871137843695206,371.3472970513122,132821.53359551958,1.287670721557272,2600.0000000000005,-9.251790714326059e-16,-1.0183557469777097e-14
propane_reference,0.026,0.005,1.05,1.1,True,12,140.883850051283,1293.5674700836516,0.04253333656802842,337.7622299023503,132700.39982054435,1.2864963606595707,2600.0000000000005,1.1861379990845471e-14,-2.6879362054575053e-14
propane_reference,0.026,0.005,1.08,0.7,True,12,86.70356961290572,811.4755932951969,0.026676567737881875,331.42582856260805,120260.08619796365,1.165890708961783,2045.3892478790442,5.55521064668806e-15,3.038053485520758e-14
propane_reference,0.026,0.005,1.08,0.8,True,12,106.61300771865172,958.6139065461408,0.030518456631271344,356.2270982394738,123959.67628627787,1.2017572865379238,2439.249232842745,1.6115908559376804e-15,-2.0902770035630766e-14
propane_reference,0.026,0.005,1.08,0.9,True,12,125.14744525446079,1124.899985215765,0.03458917252350364,368.9445847599447,128243.00127434744,1.2432830243361952,2600.0000000000005,-9.101659035591045e-15,-6.431760752445011e-15
propane_reference,0.026,0.005,1.08,1.0,True,12,140.97418050960962,1298.091313750004,0.03871137843695206,371.3472970513122,132821.53359551958,1.287670721557272,2600.0000000000005,-9.251790714326059e-16,-1.0183557469777097e-14
propane_reference,0.026,0.005,1.08,1.1,True,12,140.97301190201605,1293.5674700836516,0.04252983719797391,338.00379991970556,132700.39982054435,1.2864963606595707,2600.0000000000005,1.2385765607483944e-14,-2.7826142914740027e-14
propane_reference,0.026,0.006,1.01,0.7,True,12,64.02040003046413,579.8724235411408,0.025655496315650575,254.4586901348413,114605.6897122365,1.111072784445718,2108.5399858556143,-8.401973707228582e-16,4.366203381898128e-14
propane_reference,0.026,0.006,1.01,0.8,True,12,80.23982884689195,692.0795988451134,0.02936841878965663,278.6049020472526,117319.56918897867,1.1373831503136358,2542.194436277161,-1.1252667652581918e-15,-1.2471718972443994e-14
propane_reference,0.026,0.006,1.01,0.9,True,12,95.40799986610513,830.1746508538241,0.03347711304273089,290.6137222378811,120725.58225180888,1.17040357388143,2600.0000000000005,-2.288432716287087e-15,1.9107189579275502e-14
propane_reference,0.026,0.006,1.01,1.0,True,12,109.00293283643744,967.7301760830163,0.037537044748822926,296.1129695191173,124191.67293096603,1.204006434539589,2600.0000000000005,5.519529053052772e-15,-5.012615167908616e-14
propane_reference,0.026,0.006,1.01,1.1,True,12,108.8053882663422,964.1431259124623,0.04124456146192526,269.0066630408258,124100.34846881568,1.2031210672885897,2600.0000000000005,-1.2931177839162536e-15,-3.668395966206877e-14
propane_reference,0.026,0.006,1.02,0.7,True,12,64.22893878654479,579.8724235411408,0.025644322493721103,255.3987933939095,114605.6897122365,1.111072784445718,2108.5399858474348,-3.663181760602911e-15,4.2361758213738784e-14
propane_reference,0.026,0.006,1.02,0.8,True,12,80.53456126690966,692.0795988451134,0.029353070320711362,279.77447310166724,117319.56918897867,1.1373831503136358,2542.194436274336,-2.5595226047493104e-15,-3.1734984015607778e-15
propane_reference,0.026,0.006,1.02,0.9,True,12,95.75615209322962,830.1746508538241,0.03345985668630431,291.82462345038687,120725.58225180888,1.17040357388143,2600.0000000000005,-1.7475965112649725e-15,2.99939872338338e-14
propane_reference,0.026,0.006,1.02,1.0,True,12,109.33657422993872,967.7301760830163,0.03752107668491637,297.1457305183186,124191.67293096603,1.204006434539589,2600.0000000000005,6.12561732682725e-15,-4.463746201962649e-14
propane_reference,0.026,0.006,1.02,1.1,True,12,109.202311764974,964.1431259124623,0.04122349694795516,270.12596224430206,124100.34846881568,1.2031210672885897,2600.0000000000005,-1.0872434711476854e-15,-3.012112910983625e-14
propane_reference,0.026,0.006,1.03,0.7,True,12,64.39585264310958,579.8724235411988,0.025635385199235982,256.15177801452916,114605.68971223789,1.1110727844457315,2108.5399858412898,-2.478512248749268e-15,2.9777039774153594e-14
propane_reference,0.026,0.006,1.03,0.8,True,12,80.73145979878089,692.0795988451134,0.029342840375016863,280.55626995225884,117319.56918897868,1.137383150313636,2542.1944362719737,2.6778604434559326e-15,-5.212857361083345e-15
propane_reference,0.026,0.006,1.03,0.9,True,12,96.04775600145749,830.174650853824,0.03344548013933361,292.8391328418997,120725.58225180885,1.1704035738814298,2600.0000000000005,-2.6921476718551068e-15,1.7916304513460164e-14
propane_reference,0.026,0.006,1.03,1.0,True,12,109.67261150629349,967.7301760830163,0.03750511250061877,298.1858541838851,124191.67293096603,1.204006434539589,2600.0000000000005,5.706772154554804e-15,-4.56126029527897e-14
propane_reference,0.026,0.006,1.03,1.1,True,12,109.53626246917824,964.1431259124623,0.041205947991996374,271.0674264077653,124100.34846881568,1.2031210672885897,2600.0000000000005,-1.5773721058988278e-16,-3.182384704680789e-14
propane_reference,0.026,0.006,1.05,0.7,True,12,64.39585264310958,579.8724235411988,0.025635385199235982,256.15177801452916,114605.68971223789,1.1110727844457315,2108.5399858412898,-2.478512248749268e-15,2.9777039774153594e-14
propane_reference,0.026,0.006,1.05,0.8,True,12,80.8299143433534,692.0795988451134,0.029337726110423037,280.9473843995408,117319.56918897868,1.137383150313636,2542.194436270559,2.179287775263341e-15,-3.8187977818890916e-15
propane_reference,0.026,0.006,1.05,0.9,True,12,96.28142849103068,830.1746508538241,0.03343398134832618,293.6525345818386,120725.58225180888,1.17040357388143,2600.0000000000005,-2.3963366699279036e-15,1.98181965589964e-14
propane_reference,0.026,0.006,1.05,1.0,True,12,110.14518663901282,967.7301760830163,0.037482769135894455,299.6492393346782,124191.67293096603,1.204006434539589,2600.0000000000005,6.554648555773031e-15,-5.2975584506556565e-14
propane_reference,0.026,0.006,1.05,1.1,True,12,110.07388553948613,964.1431259124623,0.04117787871092347,272.58355511235976,124100.34846881568,1.2031210672885897,2600.0000000000005,-1.1014214182868822e-15,-3.009727376833174e-14
propane_reference,0.026,0.006,1.08,0.7,True,12,64.39585264310958,579.8724235411988,0.025635385199235982,256.15177801452916,114605.68971223789,1.1110727844457315,2108.5399858412898,-2.478512248749268e-15,2.9777039774153594e-14
propane_reference,0.026,0.006,1.08,0.8,True,12,80.8299143433534,692.0795988451134,0.029337726110423037,280.9473843995408,117319.56918897868,1.137383150313636,2542.194436270559,2.179287775263341e-15,-3.8187977818890916e-15
propane_reference,0.026,0.006,1.08,0.9,True,12,96.28142849103068,830.1746508538241,0.03343398134832618,293.6525345818386,120725.58225180888,1.17040357388143,2600.0000000000005,-2.3963366699279036e-15,1.98181965589964e-14
propane_reference,0.026,0.006,1.08,1.0,True,12,110.14518663901282,967.7301760830163,0.037482769135894455,299.6492393346782,124191.67293096603,1.204006434539589,2600.0000000000005,6.554648555773031e-15,-5.2975584506556565e-14
propane_reference,0.026,0.006,1.08,1.1,True,12,110.14121571974167,964.1431259124623,0.04117437083137409,272.77352663501983,124100.34846881568,1.2031210672885897,2600.0000000000005,-4.729321452640002e-16,-3.127640962033484e-14
propane_reference,0.03,0.002,1.01,0.7,True,10,181.34503277135326,3205.423629949957,0.02911008079546079,635.2454716951447,197863.9573236304,1.9182403470282696,1669.5653959120782,-3.3422233124037773e-16,1.1008094348152688e-15
propane_reference,0.03,0.002,1.01,0.8,True,10,211.63910438688944,3633.234553999659,0.03323438565486185,649.3630671697653,213188.53871316105,2.066808235391258,1891.8742817231891,8.008961264631506e-17,8.011579692629532e-16
propane_reference,0.03,0.002,1.01,0.9,True,10,240.91207040472304,4048.055277140426,0.03735495125803659,657.6422557663602,228047.7991398445,2.210864956296944,2115.4545154834173,-6.1446153047054726e-15,6.761872563555812e-15
propane_reference,0.03,0.002,1.01,1.0,True,10,269.19132241596634,4450.08890548613,0.04147297736303593,661.8737629027454,242449.0140517767,2.350481043349673,2340.0646099175046,1.928523593628079e-15,1.2139916889850448e-15
propane_reference,0.03,0.002,1.01,1.1,True,10,268.4395836857441,4435.856365222434,0.045569268618093156,600.6947313188037,241939.19134882616,2.3455384429293695,2328.258854132285,-4.94148869783199e-15,-9.492498220014602e-15
propane_reference,0.03,0.002,1.02,0.7,True,10,181.34503422205177,3205.4236299827644,0.029110080558127537,635.2454819560216,197863.9573248056,1.9182403470396632,1669.5653959120782,1.5662387359459862e-15,-2.3452153616457602e-15
propane_reference,0.03,0.002,1.02,0.8,True,10,211.639106205532,3633.2345540131223,0.03323438531468386,649.3630793965282,213188.5387136433,2.0668082353959334,1891.8742817231891,2.4704251906223965e-15,2.341087945773038e-15
propane_reference,0.03,0.002,1.02,0.9,True,10,240.9120722954176,4048.05527714736,0.03735495085999815,657.6422679351379,228047.79914009292,2.210864956299352,2115.4545154834173,-6.326939640505337e-15,1.86430667608673e-15
propane_reference,0.03,0.002,1.02,1.0,True,10,269.19132404630125,4450.088905486839,0.04147297698145953,661.8737730009666,242449.0140518021,2.3504810433499195,2340.0646099175046,2.518280649620406e-15,2.6342271987306032e-15
propane_reference,0.03,0.002,1.02,1.1,True,10,268.43958567041693,4435.856365222939,0.04556926810653187,600.6947425033695,241939.19134884427,2.345538442929545,2328.258854132285,-4.074000451331651e-15,-2.4086707195895624e-15
propane_reference,0.03,0.002,1.03,0.7,True,10,181.3450353798061,3205.423630014304,0.02911008036871666,635.2454901449543,197863.95732593536,1.9182403470506157,1669.5653959120782,-3.64751360304266e-15,7.249903204048675e-16
propane_reference,0.03,0.002,1.03,0.8,True,10,211.6391074145742,3633.23455402359,0.033234385088514964,649.3630875252696,213188.53871401827,2.0668082353995687,1891.8742817231891,2.1218994675749754e-15,-5.346231585020333e-16
propane_reference,0.03,0.002,1.03,0.9,True,10,240.91207386605802,4048.0552771544553,0.03735495052930799,657.6422780445496,228047.79914034708,2.210864956301816,2115.4545154834173,-5.991784018424452e-15,4.7439715738574834e-15
propane_reference,0.03,0.002,1.03,1.0,True,10,269.1913256712008,4450.088905487779,0.04147297660111782,661.8737830661195,242449.01405183578,2.350481043350246,2340.0646099175046,3.978897052361473e-15,-1.2264484690959582e-15
propane_reference,0.03,0.002,1.03,1.1,True,10,268.43958731832447,4435.856365223452,0.045569267681726526,600.6947517907283,241939.1913488626,2.3455384429297226,2328.258854132285,-2.5686152843013193e-15,-5.868552371307158e-15
propane_reference,0.03,0.002,1.05,0.7,True,10,181.3450353798061,3205.423630014304,0.02911008036871666,635.2454901449543,197863.95732593536,1.9182403470506157,1669.5653959120782,-3.64751360304266e-15,7.249903204048675e-16
propane_reference,0.03,0.002,1.05,0.8,True,10,211.63910801808672,3633.2345540294978,0.033234384975614845,649.3630915829443,213188.5387142299,2.0668082354016204,1891.8742817231891,1.5893497282693204e-15,7.267417948519544e-15
propane_reference,0.03,0.002,1.05,0.9,True,10,240.9120751193455,4048.0552771607868,0.03735495026541366,657.6422861116952,228047.79914057386,2.2108649563040146,2115.4545154834173,-2.9299489721979373e-15,-1.5177007344321032e-15
propane_reference,0.03,0.002,1.05,1.0,True,10,269.1913279376779,4450.088905489228,0.04147297607053835,661.8737971064186,242449.01405188767,2.350481043350749,2340.0646099175046,5.3637580901615995e-15,6.345387373706537e-15
propane_reference,0.03,0.002,1.05,1.1,True,10,268.4395899444933,4435.856365224363,0.045569267004651505,600.6947665925926,241939.19134889517,2.3455384429300383,2328.258854132285,-5.54992452738549e-15,-1.016934004948208e-14
propane_reference,0.03,0.002,1.08,0.7,True,10,181.3450353798061,3205.423630014304,0.02911008036871666,635.2454901449543,197863.95732593536,1.9182403470506157,1669.5653959120782,-3.64751360304266e-15,7.249903204048675e-16
propane_reference,0.03,0.002,1.08,0.8,True,10,211.63910801808672,3633.2345540294978,0.033234384975614845,649.3630915829443,213188.5387142299,2.0668082354016204,1891.8742817231891,1.5893497282693204e-15,7.267417948519544e-15
propane_reference,0.03,0.002,1.08,0.9,True,10,240.9120751193455,4048.0552771607868,0.03735495026541366,657.6422861116952,228047.79914057386,2.2108649563040146,2115.4545154834173,-2.9299489721979373e-15,-1.5177007344321032e-15
propane_reference,0.03,0.002,1.08,1.0,True,10,269.1913279376779,4450.088905489228,0.04147297607053835,661.8737971064186,242449.01405188767,2.350481043350749,2340.0646099175046,5.3637580901615995e-15,6.345387373706537e-15
propane_reference,0.03,0.002,1.08,1.1,True,10,268.4395902718818,4435.856365224541,0.04556926692023716,600.6947684379501,241939.1913489016,2.345538442930101,2328.258854132285,-3.434651934213475e-15,-9.970113310388587e-15
propane_reference,0.03,0.003,1.01,0.7,True,10,154.66167406997886,2044.8136776786923,0.028713028571729176,549.2663937608714,156289.83970475927,1.5151899335657608,1819.5323147553966,3.3795890861933974e-15,-2.3041691183600867e-15
propane_reference,0.03,0.003,1.01,0.8,True,10,182.67932355519287,2338.053184570004,0.032778769365473595,568.297930676079,166793.94896742888,1.6170245803088734,2087.6845524682003,-1.463634364825384e-15,4.377790371332849e-15
propane_reference,0.03,0.003,1.01,0.9,True,10,210.28365023911357,2629.0736027255884,0.03684259897479994,582.0155294138516,177218.56842740875,1.718088593790834,2359.472217198598,-2.741709754346654e-15,1.3223318252457958e-14
propane_reference,0.03,0.003,1.01,1.0,True,10,236.02490878166063,2917.071721188591,0.04091465459547204,588.2450396585566,187534.92632832393,1.8181030392087614,2600.0,2.3450120022576385e-15,7.672372557063078e-15
propane_reference,0.03,0.003,1.01,1.1,True,10,235.87036079387389,2906.6780182514726,0.04495415928271903,535.0357673242619,187162.61431466448,1.8144935696724942,2600.0,5.3213268926456626e-15,1.2996462790441238e-14
propane_reference,0.03,0.003,1.02,0.7,True,10,154.6616755947309,2044.813677691085,0.028713028322634743,549.2664039409415,156289.8397052032,1.5151899335700645,1819.5323147553966,2.747374395553794e-15,-1.882095373425219e-15
propane_reference,0.03,0.003,1.02,0.8,True,10,182.67932547777664,2338.0531845761006,0.03277876900641492,568.2979428821897,166793.9489676473,1.6170245803109908,2087.6845524682003,-3.676810615943265e-15,7.326057878029123e-15
propane_reference,0.03,0.003,1.02,0.9,True,10,210.2836523905961,2629.0736027286366,0.036842598522603645,582.015542512152,177218.56842751792,1.7180885937918924,2359.472217198598,-6.188114530790631e-15,1.4140323528691824e-14
propane_reference,0.03,0.003,1.02,1.0,True,10,236.02491063676447,2917.071721188591,0.040914654161999985,588.2450505142205,187534.92632832393,1.8181030392087614,2600.0,1.7956216346198798e-15,8.824328820437943e-15
propane_reference,0.03,0.003,1.02,1.1,True,10,235.87036305429044,2906.6780182514726,0.04495415870106994,535.0357793743464,187162.61431466448,1.8144935696724942,2600.0,4.8020904820283135e-15,1.1203778270284686e-14
propane_reference,0.03,0.003,1.03,0.7,True,10,154.66167681150392,2044.813677703583,0.02871302812384319,549.2664120649831,156289.83970565084,1.5151899335744043,1819.5323147553966,6.032265573919192e-16,-6.761647258883881e-15
propane_reference,0.03,0.003,1.03,0.8,True,10,182.67932675058628,2338.053184581104,0.03277876876868608,568.2979509633741,166793.94896782652,1.6170245803127286,2087.6845524682003,-2.2658824960728224e-15,-5.934995843569068e-15
propane_reference,0.03,0.003,1.03,0.9,True,10,210.28365417757212,2629.0736027318007,0.03684259814697498,582.015553392019,177218.5684276313,1.7180885937929915,2359.472217198598,-3.2771093931634464e-15,1.2222152274945845e-14
propane_reference,0.03,0.003,1.03,1.0,True,10,236.02491248620035,2917.071721188591,0.04091465372980255,588.2450613374326,187534.92632832393,1.8181030392087614,2600.0,2.0078228653460246e-15,5.965389225840283e-15
propane_reference,0.03,0.003,1.03,1.1,True,10,235.87036493156967,2906.6780182514726,0.04495415821794726,535.0357893827004,187162.61431466448,1.8144935696724942,2600.0,5.132520050118226e-15,1.0397139758348132e-14
propane_reference,0.03,0.003,1.05,0.7,True,10,154.66167681150392,2044.813677703583,0.02871302812384319,549.2664120649831,156289.83970565084,1.5151899335744043,1819.5323147553966,6.032265573919192e-16,-6.761647258883881e-15
propane_reference,0.03,0.003,1.05,0.8,True,10,182.67932738514833,2338.0531845840605,0.0327787686501601,568.297954992366,166793.94896793243,1.6170245803137553,2087.6845524682003,-4.531549575587142e-15,-1.7093977804477953e-15
propane_reference,0.03,0.003,1.05,0.9,True,10,210.2836556032891,2629.073602734844,0.03684259784725579,582.0155620728374,177218.5684277403,1.7180885937940482,2359.472217198598,-1.858068717711461e-15,2.2234780462854295e-14
propane_reference,0.03,0.003,1.05,1.0,True,10,236.02491506592852,2917.071721188591,0.04091465312685895,588.2450764356337,187534.92632832393,1.8181030392087614,2600.0,2.095662515531296e-15,9.58497602262153e-15
propane_reference,0.03,0.003,1.05,1.1,True,10,235.87036792316997,2906.6780182514726,0.044954157447934344,535.035805333234,187162.61431466448,1.8144935696724942,2600.0,5.1754565300409235e-15,8.080308594804262e-15
propane_reference,0.03,0.003,1.08,0.7,True,10,154.66167681150392,2044.813677703583,0.02871302812384319,549.2664120649831,156289.83970565084,1.5151899335744043,1819.5323147553966,6.032265573919192e-16,-6.761647258883881e-15
propane_reference,0.03,0.003,1.08,0.8,True,10,182.67932738514833,2338.0531845840605,0.0327787686501601,568.297954992366,166793.94896793243,1.6170245803137553,2087.6845524682003,-4.531549575587142e-15,-1.7093977804477953e-15
propane_reference,0.03,0.003,1.08,0.9,True,10,210.2836556032891,2629.073602734844,0.03684259784725579,582.0155620728374,177218.5684277403,1.7180885937940482,2359.472217198598,-1.858068717711461e-15,2.2234780462854295e-14
propane_reference,0.03,0.003,1.08,1.0,True,10,236.02491506592852,2917.071721188591,0.04091465312685895,588.2450764356337,187534.92632832393,1.8181030392087614,2600.0,2.095662515531296e-15,9.58497602262153e-15
propane_reference,0.03,0.003,1.08,1.1,True,10,235.87036829608118,2906.6780182514726,0.044954157351940055,535.0358073216316,187162.61431466448,1.8144935696724942,2600.0,5.294956996493155e-15,1.1461131121728493e-14
propane_reference,0.03,0.004,1.01,0.7,True,10,127.91181971689387,1440.223015191749,0.02812069571518714,463.8354531405963,136669.88491324845,1.3249795011200536,1988.1752209230704,-2.0563828301623097e-15,4.4835572238803046e-15
propane_reference,0.03,0.004,1.01,0.8,True,10,153.0936147188356,1670.7715297137333,0.032155389579736904,485.49261281713376,143089.7503056611,1.3872184504708642,2330.5700575162423,9.40571098482016e-16,-2.2337791461442397e-14
propane_reference,0.03,0.004,1.01,0.9,True,10,176.36930078115893,1889.8103837985125,0.03623147880436594,496.38226595503136,149856.9691614173,1.4528249026103504,2600.0000000000005,-1.7356599329820483e-15,-1.0362906689727971e-14
propane_reference,0.03,0.004,1.01,1.0,True,10,193.32478198128717,2091.419582523879,0.040375892067476334,488.25277773996106,157959.30614865446,1.5313749827986112,2600.0000000000005,-1.724474672653982e-15,9.96402026514677e-15
propane_reference,0.03,0.004,1.01,1.1,True,10,193.19486652244888,2083.781133391159,0.044361970549944466,444.0829278204697,157685.6898643481,1.5287223430593688,2600.0000000000005,-8.342136891924795e-15,2.56545503260907e-14
propane_reference,0.03,0.004,1.02,0.7,True,10,127.91182146017279,1440.223015194337,0.028120695430819232,463.8354641525891,136669.88491331926,1.3249795011207401,1988.1752209087913,3.530738175749762e-16,7.686376785041567e-15
propane_reference,0.03,0.004,1.02,0.8,True,10,153.09361690270694,1670.7715297158447,0.0321553891725767,485.49262589009544,143089.75030572093,1.3872184504714444,2330.5700575040505,3.8359943607132016e-16,-1.541542129703097e-14
propane_reference,0.03,0.004,1.02,0.9,True,10,176.3693030341633,1889.8103837985125,0.036231478331580864,496.38227877329484,149856.9691614173,1.4528249026103504,2600.0000000000005,-1.1951395263514217e-15,-9.169709075213368e-15
propane_reference,0.03,0.004,1.02,1.0,True,10,193.32478388680158,2091.419582523879,0.04037589162267773,488.25278793125415,157959.30614865446,1.5313749827986112,2600.0000000000005,-1.4808377395330403e-15,7.72223267068739e-15
propane_reference,0.03,0.004,1.02,1.1,True,10,193.19486884481734,2083.781133391159,0.04436196995297086,444.0829391346981,157685.6898643481,1.5287223430593688,2600.0000000000005,-8.647784578845404e-15,2.916765969388651e-14
propane_reference,0.03,0.004,1.03,0.7,True,10,127.91182285112004,1440.2230151971964,0.028120695203904998,463.83547293928564,136669.88491339755,1.324979501121499,1988.175220892956,-1.6405962563527755e-15,5.5942872805720155e-18
propane_reference,0.03,0.004,1.03,0.8,True,10,153.09361835426864,1670.7715297175428,0.03215538890191867,485.49263457979225,143089.75030576906,1.3872184504719112,2330.57005749432,1.6621019278920808e-15,-2.016295832404968e-14
propane_reference,0.03,0.004,1.03,0.9,True,10,176.36930490539143,1889.8103837985125,0.03623147793886002,496.38228942016474,149856.9691614173,1.4528249026103504,2600.0000000000005,-1.166351878017799e-15,-8.945512836114417e-15
propane_reference,0.03,0.004,1.03,1.0,True,10,193.32478578645973,2091.419582523879,0.04037589117919375,488.25279809186,157959.30614865446,1.5313749827986112,2600.0000000000005,-1.943121554810475e-15,1.1948078066087543e-14
propane_reference,0.03,0.004,1.03,1.1,True,10,193.19487077350834,2083.781133391159,0.044361969457127996,444.08294853164585,157685.6898643481,1.5287223430593688,2600.0000000000005,-8.424712631522524e-15,2.6691448080931328e-14
propane_reference,0.03,0.004,1.05,0.7,True,10,127.91182285112004,1440.2230151971964,0.028120695203904998,463.83547293928564,136669.88491339755,1.324979501121499,1988.175220892956,-1.6405962563527755e-15,5.5942872805720155e-18
propane_reference,0.03,0.004,1.05,0.8,True,10,153.093619078751,1670.771529718637,0.0321553887668236,485.4926389169907,143089.7503058,1.387218450472211,2330.5700574879966,9.815426713191069e-16,-1.810869909375742e-14
propane_reference,0.03,0.004,1.05,0.9,True,10,176.36930639828157,1889.8103837985125,0.03623147762550955,496.3822979148238,149856.9691614173,1.4528249026103504,2600.0000000000005,-1.60000320049003e-15,-9.220510144561636e-15
propane_reference,0.03,0.004,1.05,1.0,True,10,193.32478843618446,2091.419582523879,0.040375890560515874,488.252812265366,157959.30614865446,1.5313749827986112,2600.0000000000005,-2.421407035534384e-15,1.0654756801275662e-14
propane_reference,0.03,0.004,1.05,1.1,True,10,193.19487384696384,2083.781133391159,0.04436196866685725,444.0829635073339,157685.6898643481,1.5287223430593688,2600.0000000000005,-8.100280007317647e-15,2.3400485474881622e-14
propane_reference,0.03,0.004,1.08,0.7,True,10,127.91182285112004,1440.2230151971964,0.028120695203904998,463.83547293928564,136669.88491339755,1.324979501121499,1988.175220892956,-1.6405962563527755e-15,5.5942872805720155e-18
propane_reference,0.03,0.004,1.08,0.8,True,10,153.093619078751,1670.771529718637,0.0321553887668236,485.4926389169907,143089.7503058,1.387218450472211,2330.5700574879966,9.815426713191069e-16,-1.810869909375742e-14
propane_reference,0.03,0.004,1.08,0.9,True,10,176.36930639828157,1889.8103837985125,0.03623147762550955,496.3822979148238,149856.9691614173,1.4528249026103504,2600.0000000000005,-1.60000320049003e-15,-9.220510144561636e-15
propane_reference,0.03,0.004,1.08,1.0,True,10,193.32478843618446,2091.419582523879,0.040375890560515874,488.252812265366,157959.30614865446,1.5313749827986112,2600.0000000000005,-2.421407035534384e-15,1.0654756801275662e-14
propane_reference,0.03,0.004,1.08,1.1,True,10,193.19487423007217,2083.781133391159,0.04436196856833887,444.0829653741697,157685.6898643481,1.5287223430593688,2600.0000000000005,-8.051662320001806e-15,2.2271839622277182e-14
propane_reference,0.03,0.005,1.01,0.7,True,10,101.47256459879883,1031.5940235930734,0.02732494679075796,378.6767457817806,125826.08822431098,1.2198516718526502,2138.3956949668377,1.4539563783253417e-15,-1.0569521885579156e-14
propane_reference,0.03,0.005,1.01,0.8,True,10,123.29845296571659,1211.826767634324,0.031267565406030026,402.1081586991436,130525.92619683518,1.2654153962688441,2555.2352397570135,-4.755470333830374e-15,-9.348786621583162e-15
propane_reference,0.03,0.005,1.01,0.9,True,10,141.53133390723724,1414.1167030938923,0.03545481665256971,407.0583617561661,135956.8264886203,1.3180665824742748,2600.0000000000005,6.742841996381383e-15,-3.435384361414912e-14
propane_reference,0.03,0.005,1.01,1.0,True,10,157.316948728334,1613.8519548160234,0.039607652137923964,405.0193195897625,141484.12636134017,1.3716523379063945,2600.0000000000005,-1.7756489868055014e-15,7.03438054176671e-15
propane_reference,0.03,0.005,1.01,1.1,True,10,157.22837152592214,1607.5293657056038,0.043515323784021426,368.4410585587132,141306.6143969555,1.3699314049140054,2600.0000000000005,1.7013412344811308e-15,-1.7928676439327377e-14
propane_reference,0.03,0.005,1.02,0.7,True,10,101.47256642379055,1031.5940235930734,0.0273249464935036,378.6767567117445,125826.08822431098,1.2198516718526502,2138.3956949729345,-4.391160017946966e-16,-6.846435397435933e-16
propane_reference,0.03,0.005,1.02,0.8,True,10,123.29845524868838,1211.826767634324,0.03126756498107733,402.10817160949597,130525.92619683518,1.2654153962688441,2555.2352397252052,-4.758978910875632e-15,2.413608194983389e-16
propane_reference,0.03,0.005,1.02,0.9,True,10,141.53133621764334,1414.1167030938923,0.03545481616820907,407.05837396209324,135956.8264886203,1.3180665824742748,2600.0000000000005,5.7942357336125964e-15,-2.5794862396023695e-14
propane_reference,0.03,0.005,1.02,1.0,True,10,157.3169506795228,1613.8519548160234,0.03960765168288168,405.0193292663473,141484.12636134017,1.3716523379063945,2600.0000000000005,-9.496454705412426e-16,1.1392738120913755e-14
propane_reference,0.03,0.005,1.02,1.1,True,10,157.22837390435498,1607.5293657056038,0.04351532317320612,368.4410693039418,141306.6143969555,1.3699314049140054,2600.0000000000005,1.4709909782250023e-15,-1.381479564288077e-14
propane_reference,0.03,0.005,1.03,0.7,True,10,101.47256787990452,1031.5940235930734,0.027324946256311218,378.6767654327696,125826.08822431098,1.2198516718526502,2138.3956949724043,3.5381650963417284e-16,-1.3278111329041146e-14
propane_reference,0.03,0.005,1.03,0.8,True,10,123.29845676608642,1211.826767634324,0.03126756469859813,402.108180190872,130525.92619683518,1.2654153962688441,2555.235239698225,-3.1258150762184253e-15,-1.3014213415348426e-14
propane_reference,0.03,0.005,1.03,0.9,True,10,141.53133813651058,1414.1167030938923,0.03545481576587922,407.05838410011626,135956.8264886203,1.3180665824742748,2600.0000000000005,4.79175214466616e-15,-3.41743585031162e-14
propane_reference,0.03,0.005,1.03,1.0,True,10,157.31695262468327,1613.8519548160234,0.039607651229190494,405.0193389135962,141484.12636134017,1.3716523379063945,2600.0000000000005,-2.609145313567466e-15,9.257986037945411e-15
propane_reference,0.03,0.005,1.03,1.1,True,10,157.22837587957022,1607.5293657056038,0.04351532266587423,368.4410782281041,141306.6143969555,1.3699314049140054,2600.0000000000005,1.5611958533102558e-15,-1.2138333739648527e-14
propane_reference,0.03,0.005,1.05,0.7,True,10,101.47256787990452,1031.5940235930734,0.027324946256311218,378.6767654327696,125826.08822431098,1.2198516718526502,2138.3956949724043,3.5381650963417284e-16,-1.3278111329041146e-14
propane_reference,0.03,0.005,1.05,0.8,True,10,123.29845752341565,1211.826767634324,0.0312675645576046,402.1081844739284,130525.92619683518,1.2654153962688441,2555.235239682575,-4.428366889662739e-15,-6.1530680286332535e-15
propane_reference,0.03,0.005,1.05,0.9,True,10,141.53133966738451,1414.1167030938923,0.035454815444865874,407.0583921886331,135956.8264886203,1.3180665824742748,2600.0000000000005,5.48412102387181e-15,-3.546031817217381e-14
propane_reference,0.03,0.005,1.05,1.0,True,10,157.3169553378238,1613.8519548160234,0.03960765059628346,405.0193523706661,141484.12636134017,1.3716523379063945,2600.0000000000005,-1.3291205063687308e-15,1.527905357257958e-14
propane_reference,0.03,0.005,1.05,1.1,True,10,157.2283790270958,1607.5293657056038,0.043515321857307075,368.4410924499371,141306.6143969555,1.3699314049140054,2600.0000000000005,2.5590564869673083e-15,-1.579743113779504e-14
propane_reference,0.03,0.005,1.08,0.7,True,10,101.47256787990452,1031.5940235930734,0.027324946256311218,378.6767654327696,125826.08822431098,1.2198516718526502,2138.3956949724043,3.5381650963417284e-16,-1.3278111329041146e-14
propane_reference,0.03,0.005,1.08,0.8,True,10,123.29845752341565,1211.826767634324,0.0312675645576046,402.1081844739284,130525.92619683518,1.2654153962688441,2555.235239682575,-4.428366889662739e-15,-6.1530680286332535e-15
propane_reference,0.03,0.005,1.08,0.9,True,10,141.53133966738451,1414.1167030938923,0.035454815444865874,407.0583921886331,135956.8264886203,1.3180665824742748,2600.0000000000005,5.48412102387181e-15,-3.546031817217381e-14
propane_reference,0.03,0.005,1.08,1.0,True,10,157.3169553378238,1613.8519548160234,0.03960765059628346,405.0193523706661,141484.12636134017,1.3716523379063945,2600.0000000000005,-1.3291205063687308e-15,1.527905357257958e-14
propane_reference,0.03,0.005,1.08,1.1,True,10,157.22837941943112,1607.5293657056038,0.04351532175650906,368.44109422276557,141306.6143969555,1.3699314049140054,2600.0000000000005,1.7087344414734092e-15,-1.989767967072229e-14
propane_reference,0.03,0.006,1.01,0.7,True,10,79.0006850503281,759.4049268252363,0.02641366441174275,304.9871389536119,118970.94417804449,1.1533928075293671,2242.838466427911,-2.941276562240368e-15,-1.6963064621186262e-14
propane_reference,0.03,0.006,1.01,0.8,True,10,97.18536325849054,908.1384274069735,0.03033243245513765,326.7179139866399,122681.03528731165,1.18936118981188,2600.0,-5.688157928260864e-15,1.4782948148919625e-14
propane_reference,0.03,0.006,1.01,0.9,True,10,112.67105507936743,1074.3962237224703,0.03447736706761583,333.24035844279206,126930.50578647116,1.2305587170182188,2600.0000000000005,6.1791777279489916e-15,2.7966443470070863e-14
propane_reference,0.03,0.006,1.01,1.0,True,10,126.87600010519903,1237.0531706319227,0.038562122249293056,335.5041341051519,131194.12094654806,1.2718933730863968,2600.0000000000005,-3.388760962245252e-15,1.6023449393116347e-14
propane_reference,0.03,0.006,1.01,1.1,True,10,126.79220758580307,1231.920123225198,0.042361280311550634,305.2128472123928,131057.94929343557,1.2705732238148715,2600.0000000000005,-3.3307048870781126e-15,-9.778927659813521e-16
propane_reference,0.03,0.006,1.02,0.7,True,10,79.00068694908663,759.4049268252363,0.026413664102920047,304.98714984973134,118970.94417804449,1.1533928075293671,2242.83846639572,-2.9848526001669584e-15,-2.18760733102663e-14
propane_reference,0.03,0.006,1.02,0.8,True,10,97.18536559914463,908.1384274069735,0.03033243201993214,326.7179265431579,122681.03528731165,1.18936118981188,2600.0,-4.487185614501621e-15,1.9144268253905153e-14
propane_reference,0.03,0.006,1.02,0.9,True,10,112.67105745545425,1074.3962237224703,0.03447736657003484,333.24037027976027,126930.50578647116,1.2305587170182188,2600.0000000000005,5.758610404015031e-15,2.1471753563907883e-14
propane_reference,0.03,0.006,1.02,1.0,True,10,126.87600211785666,1237.0531706319227,0.03856212178049054,335.5041435060647,131194.12094654806,1.2718933730863968,2600.0000000000005,-2.05160313384379e-15,1.9681305806790943e-14
propane_reference,0.03,0.006,1.02,1.1,True,10,126.79221004007636,1231.920123225198,0.042361279682044194,305.21285765588465,131057.94929343557,1.2705732238148715,2600.0000000000005,-2.6650017290652627e-15,-4.168361991113701e-15
propane_reference,0.03,0.006,1.03,0.7,True,10,79.00068846399904,759.4049268252363,0.026413663856501412,304.98715854343595,118970.94417804449,1.1533928075293671,2242.838466371543,-1.6834670227996725e-15,-6.143986921364594e-15
propane_reference,0.03,0.006,1.03,0.8,True,10,97.18536715483572,908.1384274069576,0.03033243173064262,326.7179348890899,122681.03528731133,1.189361189811877,2600.0000000000005,-5.234506213101326e-15,2.015757485515725e-14
propane_reference,0.03,0.006,1.03,0.9,True,10,112.67105942882952,1074.3962237224703,0.03447736615673095,333.24038011107444,126930.50578647116,1.2305587170182188,2600.0000000000005,6.7681766783882145e-15,2.7766067870971287e-14
propane_reference,0.03,0.006,1.03,1.0,True,10,126.87600412425247,1237.0531706319227,0.03856212131308846,335.504152878235,131194.12094654806,1.2718933730863968,2600.0000000000005,-2.7957497094760616e-15,8.203573370420464e-15
propane_reference,0.03,0.006,1.03,1.1,True,10,126.79221207822445,1231.920123225198,0.0423612791591986,305.2128663291936,131057.94929343557,1.2705732238148715,2600.0000000000005,-3.2329525763161684e-15,-8.621948551614156e-15
propane_reference,0.03,0.006,1.05,0.7,True,10,79.00068846399904,759.4049268252363,0.026413663856501412,304.98715854343595,118970.94417804449,1.1533928075293671,2242.838466371543,-1.6834670227996725e-15,-6.143986921364594e-15
propane_reference,0.03,0.006,1.05,0.8,True,10,97.18536793126202,908.1384274069576,0.030332431586251395,326.71793905455394,122681.03528731132,1.1893611898118768,2600.0,-6.364562077112776e-15,1.80988950722283e-14
propane_reference,0.03,0.006,1.05,0.9,True,10,112.6710610031627,1074.3962237224703,0.034477365826966345,333.2403879547186,126930.50578647116,1.2305587170182188,2600.0000000000005,5.804397617439336e-15,2.5610986295266396e-14
propane_reference,0.03,0.006,1.05,1.0,True,10,126.87600692273224,1237.0531706319227,0.03856212066106872,335.5041659511895,131194.12094654806,1.2718933730863968,2600.0000000000005,-1.9072065665965222e-15,1.5960429090406152e-14
propane_reference,0.03,0.006,1.05,1.1,True,10,126.79221532593995,1231.920123225198,0.0423612783259265,305.21288015078267,131057.94929343557,1.2705732238148715,2600.0000000000005,-3.388044140214774e-15,8.016134099158281e-16
propane_reference,0.03,0.006,1.08,0.7,True,10,79.00068846399904,759.4049268252363,0.026413663856501412,304.98715854343595,118970.94417804449,1.1533928075293671,2242.838466371543,-1.6834670227996725e-15,-6.143986921364594e-15
propane_reference,0.03,0.006,1.08,0.8,True,10,97.18536793126202,908.1384274069576,0.030332431586251395,326.71793905455394,122681.03528731132,1.1893611898118768,2600.0,-6.364562077112776e-15,1.80988950722283e-14
propane_reference,0.03,0.006,1.08,0.9,True,10,112.6710610031627,1074.3962237224703,0.034477365826966345,333.2403879547186,126930.50578647116,1.2305587170182188,2600.0000000000005,5.804397617439336e-15,2.5610986295266396e-14
propane_reference,0.03,0.006,1.08,1.0,True,10,126.87600692273224,1237.0531706319227,0.03856212066106872,335.5041659511895,131194.12094654806,1.2718933730863968,2600.0000000000005,-1.9072065665965222e-15,1.5960429090406152e-14
propane_reference,0.03,0.006,1.08,1.1,True,10,126.79221573075573,1231.920123225198,0.04236127822205044,305.2128818736776,131057.94929343557,1.2705732238148715,2600.0000000000005,-4.297024569995801e-15,-4.319440238851099e-15
ethanol_reference,0.01,0.002,1.01,0.7,True,20,133.2966473460142,1363.2253481806997,0.047232253368567366,287.7795208576449,134574.84332846216,1.3046686099855662,1534.720946327155,2.519783499554876e-15,7.909778328899564e-15
ethanol_reference,0.01,0.002,1.01,0.8,True,18,160.80629348571247,1745.668033908151,0.0547980949573481,299.23811173344393,145223.30689769407,1.4079027347279094,1754.528621473025,-1.4726703772766321e-15,3.1954587826923747e-14
ethanol_reference,0.01,0.002,1.01,0.9,True,17,190.7434717591151,2066.7078319330867,0.06194010320024712,314.0198362983858,157074.10847856794,1.522793218293224,1975.4342852149575,-1.5134945795128914e-14,1.4501387110747593e-14
ethanol_reference,0.01,0.002,1.01,1.0,True,17,232.91480591271812,2426.3075538527255,0.06837647597120443,347.3519225118125,169955.30177313153,1.6476730853985146,2192.725813547246,-2.0463802648166923e-15,-1.1256156975508177e-14
ethanol_reference,0.01,0.002,1.01,1.1,True,17,234.27261032119168,2434.143535738198,0.07504115036585059,318.3474371548191,170235.99386260437,1.650394323255078,2175.184844329598,1.3545629494334957e-14,2.5979285729321603e-14
ethanol_reference,0.01,0.002,1.02,0.7,True,20,133.29659215905,1363.2253481816992,0.047232268867237956,287.7793072811123,134574.84332848917,1.304668609985828,1534.720946327155,3.1897621817275474e-15,1.2426957744222857e-14
ethanol_reference,0.01,0.002,1.02,0.8,True,18,160.80777303998946,1745.668033908421,0.05479762147242734,299.2434506017047,145223.30689770175,1.4079027347279838,1754.528621473025,-1.7233159871496013e-15,3.2659764788546504e-14
ethanol_reference,0.01,0.002,1.02,0.9,True,17,190.74477489717975,2066.707831933166,0.06193963363854333,314.0243622339479,157074.10847857076,1.5227932182932513,1975.4342852149575,-1.7884818192366757e-14,1.1958300538842355e-14
ethanol_reference,0.01,0.002,1.02,1.0,True,17,232.91397537248736,2426.307553852806,0.0683768071955035,347.34900130301173,169955.30177313444,1.6476730853985428,2192.725813547246,-1.2387689162376914e-15,-6.713439929068501e-15
ethanol_reference,0.01,0.002,1.02,1.1,True,17,234.27175408262033,2434.1435357382434,0.07504152450729104,318.3446864244016,170235.99386260597,1.6503943232550935,2175.184844329598,1.4007637361706129e-14,2.8729491174477886e-14
ethanol_reference,0.01,0.002,1.03,0.7,True,20,133.2965371630903,1363.225348182915,0.047232284314980645,287.7790944273829,134574.84332852205,1.3046686099861469,1534.720946327155,4.054756598808351e-15,1.5121564897662418e-14
ethanol_reference,0.01,0.002,1.03,0.8,True,19,160.82850924474707,1745.6680339087022,0.054789499476658884,299.32640369493674,145223.30689770982,1.407902734728062,1754.528621473025,-1.3784997798240748e-15,3.4835734618356046e-14
ethanol_reference,0.01,0.002,1.03,0.9,True,17,190.7463983941346,2066.707831933266,0.061939048533167305,314.0300014545603,157074.10847857437,1.5227932182932862,1975.4342852149575,-1.8391365268255667e-14,1.3535506641616696e-14
ethanol_reference,0.01,0.002,1.03,1.0,True,17,232.91342382561598,2426.307553852889,0.06837702720636867,347.3470611384798,169955.30177313738,1.6476730853985715,2192.725813547246,4.1353858762843594e-16,-1.0334696184561161e-14
ethanol_reference,0.01,0.002,1.03,1.1,True,17,234.27090060740633,2434.143535738305,0.07504189751813273,318.34194427264976,170235.9938626082,1.6503943232551148,2175.184844329598,1.5262171457728806e-14,2.735627657994453e-14
ethanol_reference,0.01,0.002,1.05,0.7,True,20,133.2964604880629,1363.2253481850803,0.04723230585665216,287.77879764069587,134574.8433285806,1.3046686099867146,1534.720946327155,9.357185414892793e-16,1.2165630042061666e-14
ethanol_reference,0.01,0.002,1.05,0.8,True,19,161.0116615460759,1745.6680339092425,0.054758360292692064,299.8376884907571,145223.3068977253,1.407902734728212,1754.528621473025,-1.1762561127222533e-15,3.097200386688595e-14
ethanol_reference,0.01,0.002,1.05,0.9,True,18,190.8378592415681,2066.7078319334514,0.06191390794631583,314.30815074273863,157074.10847858098,1.5227932182933503,1975.4342852149575,-1.7922402360231402e-14,1.7481759904128444e-14
ethanol_reference,0.01,0.002,1.05,1.0,True,17,232.91246272851626,2426.3075538530147,0.06837741068279483,347.3436798457864,169955.3017731419,1.6476730853986152,2192.725813547246,1.2621864394932625e-15,-9.536149977448026e-15
ethanol_reference,0.01,0.002,1.05,1.1,True,17,234.26920190599043,2434.143535738408,0.07504264016316385,318.33648558410016,170235.99386261188,1.6503943232551508,2175.184844329598,1.5653339427035588e-14,2.5709866759890658e-14
ethanol_reference,0.01,0.002,1.08,0.7,True,20,133.29642774088592,1363.225348186248,0.04723231505850238,287.77867087621024,134574.84332861225,1.3046686099870213,1534.720946327155,3.481153015923152e-15,1.1066212950720276e-14
ethanol_reference,0.01,0.002,1.08,0.8,True,19,161.28126214725228,1745.6680339098932,0.054731678894513025,300.4861557016556,145223.30689774395,1.407902734728393,1754.528621473025,-4.287525368501071e-15,3.571602329825952e-14
ethanol_reference,0.01,0.002,1.08,0.9,True,18,191.30143943710743,2066.7078319336892,0.0618638816207652,315.3264461416458,157074.10847858948,1.5227932182934327,1975.4342852149575,-1.9258244494545082e-14,1.481869624630646e-14
ethanol_reference,0.01,0.002,1.08,1.0,True,17,232.9113706982458,2426.3075538534445,0.06837784655086059,347.3398371960348,169955.3017731573,1.6476730853987644,2192.725813547246,5.716155751605315e-16,-6.905024742193373e-15
ethanol_reference,0.01,0.002,1.08,1.1,True,17,234.26730392784273,2434.143535738601,0.07504347028904458,318.33038512975537,170235.99386261878,1.6503943232552176,2175.184844329598,1.5859744034293563e-14,2.5727766318067246e-14
ethanol_reference,0.01,0.003,1.01,0.7,True,19,99.7610946081075,796.175432729496,0.04546219609506107,223.76394968602,119880.20754566703,1.1622078828035138,1624.7916864029646,-4.385809447004638e-15,-4.1254260894702143e-14
ethanol_reference,0.01,0.003,1.01,0.8,True,18,131.61872694981759,1043.1570498254025,0.052465255609245885,255.81453524566774,126123.73176869874,1.2227372497193822,1886.8908793239611,-1.7678853013122375e-14,-2.560139024410839e-14
ethanol_reference,0.01,0.003,1.01,0.9,True,17,158.94157153630422,1288.8482121592658,0.059690375836847526,271.5266827181037,132574.12203180804,1.2852721298670404,2156.27507136586,-9.520031869188807e-15,4.057600597140719e-14
ethanol_reference,0.01,0.003,1.01,1.0,True,16,181.15787408347015,1528.9294361105929,0.067130248151256,275.18090041213753,139113.80692128805,1.3486726985281297,2431.1339775171327,-5.6128750557472184e-15,2.3956575970093504e-14
ethanol_reference,0.01,0.003,1.01,1.1,True,16,184.79948070129547,1537.4813864334553,0.0734440391712425,256.5804233365189,139351.14326093046,1.3509736135036319,2410.078144163444,-1.877997495170234e-15,-2.1370765119931296e-14
ethanol_reference,0.01,0.003,1.02,0.7,True,19,99.76088922689418,796.1754327298031,0.0454622535677957,223.76320613771884,119880.20754567461,1.1622078828035873,1624.7916864029646,-2.889122146907877e-15,-3.7438854562519685e-14
ethanol_reference,0.01,0.003,1.02,0.8,True,18,131.61809313133176,1043.1570498253564,0.05246545668643266,255.81232293354805,126123.73176869747,1.22273724971937,1886.8908793239611,-1.6031937896983005e-14,-2.1222748158710557e-14
ethanol_reference,0.01,0.003,1.02,0.9,True,17,158.94145623402662,1288.848212159298,0.05969041746923164,271.5262963602205,132574.12203180886,1.2852721298670484,2156.27507136586,-9.776749227323422e-15,3.9492763996965326e-14
ethanol_reference,0.01,0.003,1.02,1.0,True,16,181.15940270324785,1528.9294361105929,0.0671296440814341,275.18569865468726,139113.80692128805,1.3486726985281297,2431.133977516988,-3.0892028446209118e-15,2.0194569883699172e-14
ethanol_reference,0.01,0.003,1.02,1.1,True,16,184.43388976941105,1537.4813864334646,0.07346854725479479,255.98740501593144,139351.14326093078,1.350973613503635,2410.078144163444,-6.329594616638173e-17,-2.5125125136877442e-14
ethanol_reference,0.01,0.003,1.03,0.7,True,19,99.76068456876447,796.175432730293,0.04546231084890388,223.76246515634142,119880.20754568675,1.162207882803705,1624.7916864029646,-2.208459670601698e-15,-4.531674546690264e-14
ethanol_reference,0.01,0.003,1.03,0.8,True,18,131.61714594972227,1043.157049825655,0.05246575724490828,255.80901654447987,126123.73176870518,1.2227372497194449,1886.8908793239611,-1.7638161336038228e-14,-1.779554177900744e-14
ethanol_reference,0.01,0.003,1.03,0.9,True,17,158.9413125823791,1288.8482121593397,0.059690469347017217,271.52581496721604,132574.12203180997,1.285272129867059,2156.27507136586,-8.375065053422676e-15,4.05097216283104e-14
ethanol_reference,0.01,0.003,1.03,1.0,True,16,181.16062128752873,1528.9294361105929,0.06712916241555587,275.18952424354893,139113.80692128805,1.3486726985281297,2431.1339775168517,-4.3897224194508576e-15,1.2192724033418242e-14
ethanol_reference,0.01,0.003,1.03,1.1,True,16,183.99090871815616,1537.4813864334803,0.07349917351174404,255.2661529322739,139351.1432609312,1.350973613503639,2410.078144163444,-6.630376677418854e-16,-2.9081605049666855e-14
ethanol_reference,0.01,0.003,1.05,0.7,True,19,99.76043992902243,796.1754327309607,0.045462379334381596,223.76157935161578,119880.20754570326,1.1622078828038651,1624.7916864029646,-3.75305186225551e-15,-3.816613201068593e-14
ethanol_reference,0.01,0.003,1.05,0.8,True,18,131.6162030040907,1043.157049825846,0.05246605653984393,255.80572458679552,126123.73176871015,1.2227372497194928,1886.8908793239611,-1.6600979089846837e-14,-2.0610104076502144e-14
ethanol_reference,0.01,0.003,1.05,0.9,True,17,158.9410838345325,1288.8482121594484,0.05969055197729555,271.5250483125121,132574.1220318129,1.2852721298670875,2156.27507136586,-8.437348553308714e-15,4.034465251113915e-14
ethanol_reference,0.01,0.003,1.05,1.0,True,16,181.16274461957195,1528.9294361105929,0.06712832289146019,275.19619129298803,139113.80692128805,1.3486726985281297,2431.1339775166107,-2.4734907391064357e-15,1.3932867248688366e-14
ethanol_reference,0.01,0.003,1.05,1.1,True,16,183.5024640545157,1537.4813864335265,0.07354203382308852,254.4401181070447,139351.14326093247,1.3509736135036514,2410.078144163444,-4.3490762529350633e-16,-2.919093908027408e-14
ethanol_reference,0.01,0.003,1.08,0.7,True,19,99.7602774091112,796.1754327315919,0.04546242483934839,223.7609908506246,119880.20754571896,1.1622078828040174,1624.7916864029646,-3.17985916874087e-15,-3.5687739418735744e-14
ethanol_reference,0.01,0.003,1.08,0.8,True,18,131.61510822561044,1043.1570498261822,0.05246640412815108,255.8019021137541,126123.73176871879,1.2227372497195768,1886.8908793239611,-1.592897264411121e-14,-2.3786291895661436e-14
ethanol_reference,0.01,0.003,1.08,0.9,True,17,158.9408564254189,1288.8482121595857,0.05969063414980702,271.52428602925266,132574.1220318166,1.2852721298671235,2156.27507136586,-8.75309007533892e-15,4.649653330540272e-14
ethanol_reference,0.01,0.003,1.08,1.0,True,16,181.16575775536307,1528.9294361105929,0.06712713102900894,275.2056546849013,139113.80692128805,1.3486726985281297,2431.133977516174,-4.799841444896511e-15,1.928482734253568e-14
ethanol_reference,0.01,0.003,1.08,1.1,True,16,183.08293042048894,1537.4813864335845,0.07360322973617289,253.64733740417773,139351.1432609341,1.3509736135036672,2410.078144163444,-1.9802704879440313e-15,-2.7873129166256144e-14
ethanol_reference,0.01,0.004,1.01,0.7,True,18,72.48570821367043,522.7577693958114,0.04340083042236151,170.3074599157527,113242.56408036675,1.0978576308599433,1697.9667006766404,6.3072153820461845e-15,2.5461074616978593e-15
ethanol_reference,0.01,0.004,1.01,0.8,True,17,97.68041754404987,695.9259836683544,0.05041604391518753,197.56866609304805,117413.44746830285,1.1382932761675058,2003.4871490440955,3.4162556335095077e-15,1.8497157188289616e-14
ethanol_reference,0.01,0.004,1.01,0.9,True,16,123.00862411189264,869.4218393357224,0.05720179206413695,219.28314449023404,121707.01005847918,1.1799182648939583,2327.717909424938,-6.755967012240765e-16,-4.8992670517971264e-14
ethanol_reference,0.01,0.004,1.01,1.0,True,16,147.23055508372127,1045.4204037491966,0.06413893623062336,234.07526361955595,126182.05459699163,1.2233026745895685,2600.0000000000005,-7.089991474160499e-15,-1.8769880876608076e-14
ethanol_reference,0.01,0.004,1.01,1.1,True,16,149.131977515559,1050.3638156197828,0.07034511961583895,216.18030671716235,126309.50852626454,1.2245383077631167,2600.0,-6.7810757417369425e-15,1.091596905759472e-14
ethanol_reference,0.01,0.004,1.02,0.7,True,18,72.48537887306745,522.7577693958114,0.04340092234996113,170.30632539260048,113242.56408036675,1.0978576308599433,1697.9667006771147,7.19215525186329e-15,-1.5351473708930665e-14
ethanol_reference,0.01,0.004,1.02,0.8,True,17,97.68003377749264,695.9259836684374,0.05041616651193246,197.56740946094396,117413.44746830488,1.1382932761675253,2003.4871490440955,2.2662863767134026e-15,2.9315356798056756e-14
ethanol_reference,0.01,0.004,1.02,0.9,True,16,122.72268768592042,869.4218393357474,0.05722707918298605,218.6767455550402,121707.0100584798,1.1799182648939646,2327.717909424938,-6.904692066119307e-16,-4.4218063984517836e-14
ethanol_reference,0.01,0.004,1.02,1.0,True,16,147.22973855752764,1045.4204037491966,0.06413926057628863,234.07278177309456,126182.05459699163,1.2233026745895685,2600.0000000000005,-6.912971421403965e-15,-2.043514416893934e-14
ethanol_reference,0.01,0.004,1.02,1.1,True,16,149.13067238199093,1050.3638156197828,0.07034568685014231,216.17667164750736,126309.50852626454,1.2245383077631167,2600.0,-7.392562914255822e-15,1.133168869974134e-14
ethanol_reference,0.01,0.004,1.03,0.7,True,18,72.48511624498225,522.7577693958114,0.043400995669237524,170.3054206357491,113242.56408036675,1.0978576308599433,1697.9667006774391,6.030364110343042e-15,2.6191255853117306e-15
ethanol_reference,0.01,0.004,1.03,0.8,True,17,97.67977886524892,695.9259836684374,0.05041624796178427,197.56657469729723,117413.44746830488,1.1382932761675253,2003.4871490440955,2.1896755360443222e-15,3.231864590970145e-14
ethanol_reference,0.01,0.004,1.03,0.9,True,16,122.44152088709501,869.4218393357638,0.05725235824587951,218.07940810758197,121707.01005848018,1.1799182648939681,2327.717909424938,-3.4477248484891967e-15,-4.9261639913415496e-14
ethanol_reference,0.01,0.004,1.03,1.0,True,16,147.2289252379595,1045.4204037491966,0.06413958372721652,234.07030940981426,126182.05459699163,1.2233026745895685,2600.0000000000005,-7.477012693328972e-15,-2.0803835721381006e-14
ethanol_reference,0.01,0.004,1.03,1.1,True,16,149.12963206850867,1050.3638156197828,0.07034613910155506,216.17377385297019,126309.50852626454,1.2245383077631167,2600.0,-7.436366089750299e-15,1.2169000568639586e-14
ethanol_reference,0.01,0.004,1.05,0.7,True,18,72.4846584434784,522.7577693958114,0.043401123503475005,170.3038434041099,113242.56408036675,1.0978576308599433,1697.9667006756486,4.533121982472696e-15,2.1443912035640425e-16
ethanol_reference,0.01,0.004,1.05,0.8,True,17,97.67933455398952,695.92598366852,0.05041638996006131,197.56511959008415,117413.44746830685,1.1382932761675444,2003.4871490440955,3.82686713924773e-15,2.4277846173798507e-14
ethanol_reference,0.01,0.004,1.05,0.9,True,16,122.00235062340268,869.4218393358173,0.057292788061628054,217.14386602774513,121707.0100584815,1.1799182648939808,2327.717909424938,-8.086910088915351e-16,-4.4758000965006115e-14
ethanol_reference,0.01,0.004,1.05,1.0,True,16,147.22779194965835,1045.4204037491966,0.06414003414082349,234.06686395331005,126182.05459699163,1.2233026745895685,2600.0000000000005,-7.294493111859705e-15,-2.3600967295616907e-14
ethanol_reference,0.01,0.004,1.05,1.1,True,16,149.12756151806204,1050.3638156197828,0.07034703952147733,216.1680055283693,126309.50852626454,1.2245383077631167,2600.0,-7.548069890269565e-15,7.13988775668132e-15
ethanol_reference,0.01,0.004,1.08,0.7,True,18,72.4843978653468,522.7577693958114,0.04340119628156734,170.30294559559925,113242.56408036675,1.0978576308599433,1697.9667006731818,3.776926810356656e-15,4.123295837481244e-15
ethanol_reference,0.01,0.004,1.08,0.8,True,17,97.67889250245267,695.9259836686861,0.0504165312758199,197.5636717360805,117413.44746831091,1.138293276167584,2003.4871490440955,2.075514885289857e-15,2.4702779871343778e-14
ethanol_reference,0.01,0.004,1.08,0.9,True,16,121.5772471532518,869.4218393358803,0.05733319744458287,216.23473934316436,121707.01005848314,1.1799182648939968,2327.717909424938,-1.4997102271381444e-15,-4.690873723249523e-14
ethanol_reference,0.01,0.004,1.08,1.0,True,16,147.2263439924232,1045.4204037491966,0.06414060983947707,234.06246108707646,126182.05459699163,1.2233026745895685,2600.0000000000005,-8.7057011724936e-15,-2.3483869447973628e-14
ethanol_reference,0.01,0.004,1.08,1.1,True,16,149.12524812838183,1050.3638156197828,0.07034804601399977,216.16155941361228,126309.50852626454,1.2245383077631167,2600.0,-7.445777788494464e-15,1.0303102763960537e-14
ethanol_reference,0.01,0.005,1.01,0.7,True,17,52.153512110425815,369.0787263968019,0.041340292158189705,128.64394295821728,109635.28853744305,1.0628860191380232,1747.568195698913,-2.169445785392228e-15,-9.543367484138012e-15
ethanol_reference,0.01,0.005,1.01,0.8,True,17,72.33909504918209,496.5431865170523,0.04814815149126282,153.20494301258512,112621.01245646118,1.0918318471908817,2088.0010035899104,4.392978796200023e-15,-3.3710993156500253e-14
ethanol_reference,0.01,0.005,1.01,0.9,True,15,87.90389390929347,626.5557938809629,0.055567891851748506,161.31082683925464,115728.9897161703,1.1219628900440735,2458.199900781539,-2.1171194906183787e-15,-6.203347481610429e-14
ethanol_reference,0.01,0.005,1.01,1.0,True,15,112.4223443880377,764.1891405593094,0.061762436772366605,185.61263652207668,119088.9540910771,1.1545368833862864,2600.0,-1.956770827517111e-14,-5.1852004735277976e-14
ethanol_reference,0.01,0.005,1.01,1.1,True,15,117.08204024611359,767.9181484299354,0.06750595773636549,176.85913760939155,119180.99676349363,1.1554292135017148,2600.0000000000005,1.0868933869500919e-14,-9.083199992522319e-14
ethanol_reference,0.01,0.005,1.02,0.7,True,17,52.15326287206143,369.078726396802,0.04134036180451173,128.64311145079733,109635.28853744308,1.0628860191380236,1747.568195702799,-9.149040262118813e-16,9.38209924043842e-16
ethanol_reference,0.01,0.005,1.02,0.8,True,17,72.52292274879308,496.5431865170523,0.04812191725961851,153.67800027690834,112621.01245646118,1.0918318471908817,2088.001003587669,3.5584157067656166e-15,-4.283869766656918e-14
ethanol_reference,0.01,0.005,1.02,0.9,True,15,87.90571394835317,626.5557938809796,0.05556724037948925,161.31605801252437,115728.98971617073,1.1219628900440777,2458.199900781539,1.2812506784460512e-15,-6.662835884951577e-14
ethanol_reference,0.01,0.005,1.02,1.0,True,15,112.13712816019647,764.1891405593094,0.06179621553033029,185.04053473244298,119088.9540910771,1.1545368833862864,2600.0,-2.016338552115228e-14,-5.0054682524970986e-14
ethanol_reference,0.01,0.005,1.02,1.1,True,15,117.00414215507848,767.9181484299354,0.06750595773636549,176.74146807465397,119180.99676349363,1.1554292135017148,2600.0000000000005,1.0593757010436542e-14,-9.461316948010333e-14
ethanol_reference,0.01,0.005,1.03,0.7,True,17,52.15301451679387,369.078726396802,0.04134043121737131,128.64228285093725,109635.28853744308,1.0628860191380236,1747.5681957028619,3.135101438711677e-16,3.105290985962157e-15
ethanol_reference,0.01,0.005,1.03,0.8,True,17,72.65098535851442,496.5431865170523,0.04810443151539157,154.00532825171294,112621.01245646118,1.0918318471908817,2088.001003587028,2.1167808911633934e-15,-4.2094435194009766e-14
ethanol_reference,0.01,0.005,1.03,0.9,True,15,87.90716501661218,626.5557938810003,0.055566720871483836,161.32022908403783,115728.98971617121,1.1219628900440823,2458.199900781539,1.3746553011816371e-15,-7.055837744368279e-14
ethanol_reference,0.01,0.005,1.03,1.0,True,15,111.90475115661748,764.1891405593094,0.061824353945979044,184.57303923203392,119088.9540910771,1.1545368833862864,2600.0,-1.950477204449682e-14,-5.104321448794141e-14
ethanol_reference,0.01,0.005,1.03,1.1,True,15,116.89936627102607,767.9181484299354,0.06750595773636549,176.5831980918554,119180.99676349363,1.1554292135017148,2600.0000000000005,1.0414285915126714e-14,-9.293998148798352e-14
ethanol_reference,0.01,0.005,1.05,0.7,True,17,52.152668295633305,369.078726396802,0.04134052800496061,128.6411276719443,109635.28853744308,1.0628860191380236,1747.5681957050053,1.263144018937689e-15,3.2391765529712514e-15
ethanol_reference,0.01,0.005,1.05,0.8,True,17,72.95144636875393,496.5431865170523,0.048065099494513715,154.76878942256067,112621.01245646118,1.0918318471908817,2088.0010035773726,2.8303167239712635e-15,-5.015779237229008e-14
ethanol_reference,0.01,0.005,1.05,0.9,True,15,87.91005398298772,626.5557938810456,0.05556568628863907,161.328534420614,115728.98971617229,1.1219628900440928,2458.199900781539,9.24391963002481e-16,-6.712242633975986e-14
ethanol_reference,0.01,0.005,1.05,1.0,True,15,111.58776366555746,764.1891405593094,0.06186373168550832,183.93305524822276,119088.9540910771,1.1545368833862864,2600.0,-2.053472835260409e-14,-4.4366580154788736e-14
ethanol_reference,0.01,0.005,1.05,1.1,True,15,116.71739922189272,767.9181484299354,0.06750595773636549,176.30832642652229,119180.99676349363,1.1554292135017148,2600.0000000000005,1.113301573830809e-14,-9.310959856481176e-14
ethanol_reference,0.01,0.005,1.08,0.7,True,17,52.152520440044356,369.0787263968019,0.04134056934648809,128.64063432375968,109635.28853744305,1.0628860191380232,1747.5681957068168,5.636778946578217e-16,-6.6710540680096024e-15
ethanol_reference,0.01,0.005,1.08,0.8,True,16,73.17769818301294,496.5431865170523,0.04804180993293976,155.3240508003018,112621.01245646118,1.0918318471908817,2088.0010035739247,3.99141050086544e-15,-5.429360121579973e-14
ethanol_reference,0.01,0.005,1.08,0.9,True,15,87.91328320737965,626.5557938811121,0.055564529409498374,161.33781960431904,115728.98971617389,1.1219628900441083,2458.199900781539,-1.024377283051772e-15,-6.627091283044809e-14
ethanol_reference,0.01,0.005,1.08,1.0,True,15,111.19483026154552,764.1891405593094,0.06191433284511644,183.13557783247643,119088.9540910771,1.1545368833862864,2600.0,-2.0570933317181375e-14,-5.177586165195863e-14
ethanol_reference,0.01,0.005,1.08,1.1,True,15,116.49471669112222,767.9181484299354,0.06750595773636549,175.97195169073905,119180.99676349363,1.1554292135017148,2600.0000000000005,1.110207545922685e-14,-8.662400970880289e-14
ethanol_reference,0.01,0.006,1.01,0.7,True,16,37.08115383936101,273.4875270518858,0.03947461638762204,95.78878080695388,107435.51944309336,1.0415598216435216,1778.2336607808566,1.0576761302800628e-14,4.096492955144531e-14
ethanol_reference,0.01,0.006,1.01,0.8,True,15,53.852222553261186,372.21674846160465,0.045999517860437655,119.3794783003267,109708.07083525653,1.0635916248587605,2143.6732902297686,4.557756655050063e-15,-4.038012546751855e-14
ethanol_reference,0.01,0.006,1.01,0.9,True,15,72.64545112737315,473.3566087412907,0.05215168919106979,142.0428474373613,112073.39614615495,1.0865228474350443,2548.063245057329,-5.612817912722441e-15,-6.74835911530219e-14
ethanol_reference,0.01,0.006,1.01,1.0,True,15,86.83274271762653,582.0397074254554,0.05956457607179404,148.6533799212818,114657.65690879813,1.1115765930954329,2600.0,-1.928289815031303e-15,-8.244965180916522e-14
ethanol_reference,0.01,0.006,1.01,1.1,True,15,82.55707729795901,585.3595769915122,0.06624149203133128,127.08770233765665,114737.2951925479,1.1123486658424013,2600.0,5.330254761150572e-15,2.1844738055978025e-14
ethanol_reference,0.01,0.006,1.02,0.7,True,17,37.08305660744622,273.4875270518858,0.039474050491033266,95.7950693658379,107435.51944309336,1.0415598216435216,1778.2336607797436,7.372187364320569e-15,2.935712981233113e-14
ethanol_reference,0.01,0.006,1.02,0.8,True,15,53.736750803100136,372.21674846160465,0.04602639226714125,119.05394563326563,109708.07083525653,1.0635916248587605,2143.673290226286,6.1869170986729944e-15,-3.5602005764544993e-14
ethanol_reference,0.01,0.006,1.02,0.9,True,15,72.6447377432509,473.35660874127814,0.05215194386668345,142.04075892873027,112073.39614615467,1.0865228474350417,2548.063245057329,-7.073382737953675e-15,-8.741614751755434e-14
ethanol_reference,0.01,0.006,1.02,1.0,True,15,86.98458525546106,582.0397074254554,0.05953671744004292,148.98300692086417,114657.65690879813,1.1115765930954329,2600.0,-2.3199858399216026e-15,-7.805973373420865e-14
ethanol_reference,0.01,0.006,1.02,1.1,True,15,82.70277926460642,585.3595769915122,0.06621689036055377,127.3592952119244,114737.2951925479,1.1123486658424013,2600.0,5.2664121386231134e-15,2.3204416753003193e-14
ethanol_reference,0.01,0.006,1.03,0.7,True,17,37.11532137723795,273.4875270518858,0.03946125596281548,95.90950423351785,107435.51944309336,1.0415598216435216,1778.2336607718717,1.055353331931222e-14,2.698070787510483e-14
ethanol_reference,0.01,0.006,1.03,0.8,True,15,53.64229256799266,372.21674846160465,0.0460487804317611,118.78689276895491,109708.07083525653,1.0635916248587605,2143.673290222846,6.3665908222997266e-15,-2.2288618835724893e-14
ethanol_reference,0.01,0.006,1.03,0.9,True,15,72.64384908910328,473.3566087413151,0.05215226118070013,142.0381571426355,112073.39614615547,1.0865228474350495,2548.063245057329,-7.936443358302018e-15,-8.692324839179034e-14
ethanol_reference,0.01,0.006,1.03,1.0,True,15,87.13302981877898,582.0397074254554,0.05950886733243158,149.30709854676655,114657.65690879813,1.1115765930954329,2600.0,-2.9329318459518567e-15,-8.492253449159477e-14
ethanol_reference,0.01,0.006,1.03,1.1,True,15,82.89165757109276,585.3595769915122,0.0661861475198515,127.7094532817546,114737.2951925479,1.1123486658424013,2600.0,4.316456760951622e-15,2.911716189620457e-14
ethanol_reference,0.01,0.006,1.05,0.7,True,17,37.207904334307905,273.4875270518858,0.03943058284379139,96.22354163755317,107435.51944309336,1.0415598216435216,1778.2336607552602,8.686017762026855e-15,1.0410351955181349e-14
ethanol_reference,0.01,0.006,1.05,0.8,True,15,53.512693336080716,372.21674846160465,0.04608011295134255,118.4193299450834,109708.07083525653,1.0635916248587605,2143.6732902200015,6.391380908980286e-15,-2.480512405308957e-14
ethanol_reference,0.01,0.006,1.05,0.9,True,15,72.6424343163201,473.356608741365,0.05215276651214998,142.0340146390484,112073.39614615668,1.0865228474350612,2548.063245057329,-6.537663919318618e-15,-8.46350387706229e-14
ethanol_reference,0.01,0.006,1.05,1.0,True,15,87.33523668213438,582.0397074254554,0.059469891442208135,149.75167206346998,114657.65690879813,1.1115765930954329,2600.0,-2.572834587549965e-15,-6.900655979657279e-14
ethanol_reference,0.01,0.006,1.05,1.1,True,15,83.20620037690186,585.3595769915122,0.06613698025540961,128.28936431169623,114737.2951925479,1.1123486658424013,2600.0,5.405359940360771e-15,1.4972131287336573e-14
ethanol_reference,0.01,0.006,1.08,0.7,True,17,37.264683248164694,273.4875270518858,0.03941525010567791,96.407866441945,107435.51944309336,1.0415598216435216,1778.2336607462194,8.146424847804774e-15,3.4821584935796916e-14
ethanol_reference,0.01,0.006,1.08,0.8,True,15,53.38610523813971,372.21674846160465,0.0461114327982615,118.05895795354559,109708.07083525653,1.0635916248587605,2143.6732902155713,5.330625666560788e-15,-2.8432198787584686e-14
ethanol_reference,0.01,0.006,1.08,0.9,True,15,72.64085303673134,473.3566087414441,0.0521533315422451,142.02938407894706,112073.39614615859,1.0865228474350797,2548.063245057329,-5.066386358669473e-15,-7.200896080990352e-14
ethanol_reference,0.01,0.006,1.08,1.0,True,15,87.61301428715163,582.0397074254554,0.05941424030280808,150.36868380567836,114657.65690879813,1.1115765930954329,2600.0,-1.6098953645819517e-15,-7.573123886123576e-14
ethanol_reference,0.01,0.006,1.08,1.1,True,15,83.57294526947216,585.3595769915122,0.06608169821580426,128.96261681909414,114737.29519254793,1.1123486658424016,2600.0,7.5450960755518e-15,2.2336602473555838e-14
ethanol_reference,0.014,0.002,1.01,0.7,True,20,133.2966473460142,1363.2253481806997,0.047232253368567366,287.7795208576449,134574.84332846216,1.3046686099855662,1534.720946327155,2.519783499554876e-15,7.909778328899564e-15
ethanol_reference,0.014,0.002,1.01,0.8,True,18,160.80629348571247,1745.668033908151,0.0547980949573481,299.23811173344393,145223.30689769407,1.4079027347279094,1754.528621473025,-1.4726703772766321e-15,3.1954587826923747e-14
ethanol_reference,0.014,0.002,1.01,0.9,True,17,190.7434717591151,2066.7078319330867,0.06194010320024712,314.0198362983858,157074.10847856794,1.522793218293224,1975.4342852149575,-1.5134945795128914e-14,1.4501387110747593e-14
ethanol_reference,0.014,0.002,1.01,1.0,True,17,232.91480591271812,2426.3075538527255,0.06837647597120443,347.3519225118125,169955.30177313153,1.6476730853985146,2192.725813547246,-2.0463802648166923e-15,-1.1256156975508177e-14
ethanol_reference,0.014,0.002,1.01,1.1,True,17,234.27261032119168,2434.143535738198,0.07504115036585059,318.3474371548191,170235.99386260437,1.650394323255078,2175.184844329598,1.3545629494334957e-14,2.5979285729321603e-14
ethanol_reference,0.014,0.002,1.02,0.7,True,20,133.29659215905,1363.2253481816992,0.047232268867237956,287.7793072811123,134574.84332848917,1.304668609985828,1534.720946327155,3.1897621817275474e-15,1.2426957744222857e-14
ethanol_reference,0.014,0.002,1.02,0.8,True,18,160.80777303998946,1745.668033908421,0.05479762147242734,299.2434506017047,145223.30689770175,1.4079027347279838,1754.528621473025,-1.7233159871496013e-15,3.2659764788546504e-14
ethanol_reference,0.014,0.002,1.02,0.9,True,17,190.74477489717975,2066.707831933166,0.06193963363854333,314.0243622339479,157074.10847857076,1.5227932182932513,1975.4342852149575,-1.7884818192366757e-14,1.1958300538842355e-14
ethanol_reference,0.014,0.002,1.02,1.0,True,17,232.91397537248736,2426.307553852806,0.0683768071955035,347.34900130301173,169955.30177313444,1.6476730853985428,2192.725813547246,-1.2387689162376914e-15,-6.713439929068501e-15
ethanol_reference,0.014,0.002,1.02,1.1,True,17,234.27175408262033,2434.1435357382434,0.07504152450729104,318.3446864244016,170235.99386260597,1.6503943232550935,2175.184844329598,1.4007637361706129e-14,2.8729491174477886e-14
ethanol_reference,0.014,0.002,1.03,0.7,True,20,133.2965371630903,1363.225348182915,0.047232284314980645,287.7790944273829,134574.84332852205,1.3046686099861469,1534.720946327155,4.054756598808351e-15,1.5121564897662418e-14
ethanol_reference,0.014,0.002,1.03,0.8,True,19,160.82850924474707,1745.6680339087022,0.054789499476658884,299.32640369493674,145223.30689770982,1.407902734728062,1754.528621473025,-1.3784997798240748e-15,3.4835734618356046e-14
ethanol_reference,0.014,0.002,1.03,0.9,True,17,190.7463983941346,2066.707831933266,0.061939048533167305,314.0300014545603,157074.10847857437,1.5227932182932862,1975.4342852149575,-1.8391365268255667e-14,1.3535506641616696e-14
ethanol_reference,0.014,0.002,1.03,1.0,True,17,232.91342382561598,2426.307553852889,0.06837702720636867,347.3470611384798,169955.30177313738,1.6476730853985715,2192.725813547246,4.1353858762843594e-16,-1.0334696184561161e-14
ethanol_reference,0.014,0.002,1.03,1.1,True,17,234.27090060740633,2434.143535738305,0.07504189751813273,318.34194427264976,170235.9938626082,1.6503943232551148,2175.184844329598,1.5262171457728806e-14,2.735627657994453e-14
ethanol_reference,0.014,0.002,1.05,0.7,True,20,133.2964604880629,1363.2253481850803,0.04723230585665216,287.77879764069587,134574.8433285806,1.3046686099867146,1534.720946327155,9.357185414892793e-16,1.2165630042061666e-14
ethanol_reference,0.014,0.002,1.05,0.8,True,19,161.0116615460759,1745.6680339092425,0.054758360292692064,299.8376884907571,145223.3068977253,1.407902734728212,1754.528621473025,-1.1762561127222533e-15,3.097200386688595e-14
ethanol_reference,0.014,0.002,1.05,0.9,True,18,190.8378592415681,2066.7078319334514,0.06191390794631583,314.30815074273863,157074.10847858098,1.5227932182933503,1975.4342852149575,-1.7922402360231402e-14,1.7481759904128444e-14
ethanol_reference,0.014,0.002,1.05,1.0,True,17,232.91246272851626,2426.3075538530147,0.06837741068279483,347.3436798457864,169955.3017731419,1.6476730853986152,2192.725813547246,1.2621864394932625e-15,-9.536149977448026e-15
ethanol_reference,0.014,0.002,1.05,1.1,True,17,234.26920190599043,2434.143535738408,0.07504264016316385,318.33648558410016,170235.99386261188,1.6503943232551508,2175.184844329598,1.5653339427035588e-14,2.5709866759890658e-14
ethanol_reference,0.014,0.002,1.08,0.7,True,20,133.29642774088592,1363.225348186248,0.04723231505850238,287.77867087621024,134574.84332861225,1.3046686099870213,1534.720946327155,3.481153015923152e-15,1.1066212950720276e-14
ethanol_reference,0.014,0.002,1.08,0.8,True,19,161.28126214725228,1745.6680339098932,0.054731678894513025,300.4861557016556,145223.30689774395,1.407902734728393,1754.528621473025,-4.287525368501071e-15,3.571602329825952e-14
ethanol_reference,0.014,0.002,1.08,0.9,True,18,191.30143943710743,2066.7078319336892,0.0618638816207652,315.3264461416458,157074.10847858948,1.5227932182934327,1975.4342852149575,-1.9258244494545082e-14,1.481869624630646e-14
ethanol_reference,0.014,0.002,1.08,1.0,True,17,232.9113706982458,2426.3075538534445,0.06837784655086059,347.3398371960348,169955.3017731573,1.6476730853987644,2192.725813547246,5.716155751605315e-16,-6.905024742193373e-15
ethanol_reference,0.014,0.002,1.08,1.1,True,17,234.26730392784273,2434.143535738601,0.07504347028904458,318.33038512975537,170235.99386261878,1.6503943232552176,2175.184844329598,1.5859744034293563e-14,2.5727766318067246e-14
ethanol_reference,0.014,0.003,1.01,0.7,True,19,99.7610946081075,796.175432729496,0.04546219609506107,223.76394968602,119880.20754566703,1.1622078828035138,1624.7916864029646,-4.385809447004638e-15,-4.1254260894702143e-14
ethanol_reference,0.014,0.003,1.01,0.8,True,18,131.61872694981759,1043.1570498254025,0.052465255609245885,255.81453524566774,126123.73176869874,1.2227372497193822,1886.8908793239611,-1.7678853013122375e-14,-2.560139024410839e-14
ethanol_reference,0.014,0.003,1.01,0.9,True,17,158.94157153630422,1288.8482121592658,0.059690375836847526,271.5266827181037,132574.12203180804,1.2852721298670404,2156.27507136586,-9.520031869188807e-15,4.057600597140719e-14
ethanol_reference,0.014,0.003,1.01,1.0,True,16,181.15787408347015,1528.9294361105929,0.067130248151256,275.18090041213753,139113.80692128805,1.3486726985281297,2431.1339775171327,-5.6128750557472184e-15,2.3956575970093504e-14
ethanol_reference,0.014,0.003,1.01,1.1,True,16,184.79948070129547,1537.4813864334553,0.0734440391712425,256.5804233365189,139351.14326093046,1.3509736135036319,2410.078144163444,-1.877997495170234e-15,-2.1370765119931296e-14
ethanol_reference,0.014,0.003,1.02,0.7,True,19,99.76088922689418,796.1754327298031,0.0454622535677957,223.76320613771884,119880.20754567461,1.1622078828035873,1624.7916864029646,-2.889122146907877e-15,-3.7438854562519685e-14
ethanol_reference,0.014,0.003,1.02,0.8,True,18,131.61809313133176,1043.1570498253564,0.05246545668643266,255.81232293354805,126123.73176869747,1.22273724971937,1886.8908793239611,-1.6031937896983005e-14,-2.1222748158710557e-14
ethanol_reference,0.014,0.003,1.02,0.9,True,17,158.94145623402662,1288.848212159298,0.05969041746923164,271.5262963602205,132574.12203180886,1.2852721298670484,2156.27507136586,-9.776749227323422e-15,3.9492763996965326e-14
ethanol_reference,0.014,0.003,1.02,1.0,True,16,181.15940270324785,1528.9294361105929,0.0671296440814341,275.18569865468726,139113.80692128805,1.3486726985281297,2431.133977516988,-3.0892028446209118e-15,2.0194569883699172e-14
ethanol_reference,0.014,0.003,1.02,1.1,True,16,184.43388976941105,1537.4813864334646,0.07346854725479479,255.98740501593144,139351.14326093078,1.350973613503635,2410.078144163444,-6.329594616638173e-17,-2.5125125136877442e-14
ethanol_reference,0.014,0.003,1.03,0.7,True,19,99.76068456876447,796.175432730293,0.04546231084890388,223.76246515634142,119880.20754568675,1.162207882803705,1624.7916864029646,-2.208459670601698e-15,-4.531674546690264e-14
ethanol_reference,0.014,0.003,1.03,0.8,True,18,131.61714594972227,1043.157049825655,0.05246575724490828,255.80901654447987,126123.73176870518,1.2227372497194449,1886.8908793239611,-1.7638161336038228e-14,-1.779554177900744e-14
ethanol_reference,0.014,0.003,1.03,0.9,True,17,158.9413125823791,1288.8482121593397,0.059690469347017217,271.52581496721604,132574.12203180997,1.285272129867059,2156.27507136586,-8.375065053422676e-15,4.05097216283104e-14
ethanol_reference,0.014,0.003,1.03,1.0,True,16,181.16062128752873,1528.9294361105929,0.06712916241555587,275.18952424354893,139113.80692128805,1.3486726985281297,2431.1339775168517,-4.3897224194508576e-15,1.2192724033418242e-14
ethanol_reference,0.014,0.003,1.03,1.1,True,16,183.99090871815616,1537.4813864334803,0.07349917351174404,255.2661529322739,139351.1432609312,1.350973613503639,2410.078144163444,-6.630376677418854e-16,-2.9081605049666855e-14
ethanol_reference,0.014,0.003,1.05,0.7,True,19,99.76043992902243,796.1754327309607,0.045462379334381596,223.76157935161578,119880.20754570326,1.1622078828038651,1624.7916864029646,-3.75305186225551e-15,-3.816613201068593e-14
ethanol_reference,0.014,0.003,1.05,0.8,True,18,131.6162030040907,1043.157049825846,0.05246605653984393,255.80572458679552,126123.73176871015,1.2227372497194928,1886.8908793239611,-1.6600979089846837e-14,-2.0610104076502144e-14
ethanol_reference,0.014,0.003,1.05,0.9,True,17,158.9410838345325,1288.8482121594484,0.05969055197729555,271.5250483125121,132574.1220318129,1.2852721298670875,2156.27507136586,-8.437348553308714e-15,4.034465251113915e-14
ethanol_reference,0.014,0.003,1.05,1.0,True,16,181.16274461957195,1528.9294361105929,0.06712832289146019,275.19619129298803,139113.80692128805,1.3486726985281297,2431.1339775166107,-2.4734907391064357e-15,1.3932867248688366e-14
ethanol_reference,0.014,0.003,1.05,1.1,True,16,183.5024640545157,1537.4813864335265,0.07354203382308852,254.4401181070447,139351.14326093247,1.3509736135036514,2410.078144163444,-4.3490762529350633e-16,-2.919093908027408e-14
ethanol_reference,0.014,0.003,1.08,0.7,True,19,99.7602774091112,796.1754327315919,0.04546242483934839,223.7609908506246,119880.20754571896,1.1622078828040174,1624.7916864029646,-3.17985916874087e-15,-3.5687739418735744e-14
ethanol_reference,0.014,0.003,1.08,0.8,True,18,131.61510822561044,1043.1570498261822,0.05246640412815108,255.8019021137541,126123.73176871879,1.2227372497195768,1886.8908793239611,-1.592897264411121e-14,-2.3786291895661436e-14
ethanol_reference,0.014,0.003,1.08,0.9,True,17,158.9408564254189,1288.8482121595857,0.05969063414980702,271.52428602925266,132574.1220318166,1.2852721298671235,2156.27507136586,-8.75309007533892e-15,4.649653330540272e-14
ethanol_reference,0.014,0.003,1.08,1.0,True,16,181.16575775536307,1528.9294361105929,0.06712713102900894,275.2056546849013,139113.80692128805,1.3486726985281297,2431.133977516174,-4.799841444896511e-15,1.928482734253568e-14
ethanol_reference,0.014,0.003,1.08,1.1,True,16,183.08293042048894,1537.4813864335845,0.07360322973617289,253.64733740417773,139351.1432609341,1.3509736135036672,2410.078144163444,-1.9802704879440313e-15,-2.7873129166256144e-14
ethanol_reference,0.014,0.004,1.01,0.7,True,18,72.48570821367043,522.7577693958114,0.04340083042236151,170.3074599157527,113242.56408036675,1.0978576308599433,1697.9667006766404,6.3072153820461845e-15,2.5461074616978593e-15
ethanol_reference,0.014,0.004,1.01,0.8,True,17,97.68041754404987,695.9259836683544,0.05041604391518753,197.56866609304805,117413.44746830285,1.1382932761675058,2003.4871490440955,3.4162556335095077e-15,1.8497157188289616e-14
ethanol_reference,0.014,0.004,1.01,0.9,True,16,123.00862411189264,869.4218393357224,0.05720179206413695,219.28314449023404,121707.01005847918,1.1799182648939583,2327.717909424938,-6.755967012240765e-16,-4.8992670517971264e-14
ethanol_reference,0.014,0.004,1.01,1.0,True,16,147.23055508372127,1045.4204037491966,0.06413893623062336,234.07526361955595,126182.05459699163,1.2233026745895685,2600.0000000000005,-7.089991474160499e-15,-1.8769880876608076e-14
ethanol_reference,0.014,0.004,1.01,1.1,True,16,149.131977515559,1050.3638156197828,0.07034511961583895,216.18030671716235,126309.50852626454,1.2245383077631167,2600.0,-6.7810757417369425e-15,1.091596905759472e-14
ethanol_reference,0.014,0.004,1.02,0.7,True,18,72.48537887306745,522.7577693958114,0.04340092234996113,170.30632539260048,113242.56408036675,1.0978576308599433,1697.9667006771147,7.19215525186329e-15,-1.5351473708930665e-14
ethanol_reference,0.014,0.004,1.02,0.8,True,17,97.68003377749264,695.9259836684374,0.05041616651193246,197.56740946094396,117413.44746830488,1.1382932761675253,2003.4871490440955,2.2662863767134026e-15,2.9315356798056756e-14
ethanol_reference,0.014,0.004,1.02,0.9,True,16,122.72268768592042,869.4218393357474,0.05722707918298605,218.6767455550402,121707.0100584798,1.1799182648939646,2327.717909424938,-6.904692066119307e-16,-4.4218063984517836e-14
ethanol_reference,0.014,0.004,1.02,1.0,True,16,147.22973855752764,1045.4204037491966,0.06413926057628863,234.07278177309456,126182.05459699163,1.2233026745895685,2600.0000000000005,-6.912971421403965e-15,-2.043514416893934e-14
ethanol_reference,0.014,0.004,1.02,1.1,True,16,149.13067238199093,1050.3638156197828,0.07034568685014231,216.17667164750736,126309.50852626454,1.2245383077631167,2600.0,-7.392562914255822e-15,1.133168869974134e-14
ethanol_reference,0.014,0.004,1.03,0.7,True,18,72.48511624498225,522.7577693958114,0.043400995669237524,170.3054206357491,113242.56408036675,1.0978576308599433,1697.9667006774391,6.030364110343042e-15,2.6191255853117306e-15
ethanol_reference,0.014,0.004,1.03,0.8,True,17,97.67977886524892,695.9259836684374,0.05041624796178427,197.56657469729723,117413.44746830488,1.1382932761675253,2003.4871490440955,2.1896755360443222e-15,3.231864590970145e-14
ethanol_reference,0.014,0.004,1.03,0.9,True,16,122.44152088709501,869.4218393357638,0.05725235824587951,218.07940810758197,121707.01005848018,1.1799182648939681,2327.717909424938,-3.4477248484891967e-15,-4.9261639913415496e-14
ethanol_reference,0.014,0.004,1.03,1.0,True,16,147.2289252379595,1045.4204037491966,0.06413958372721652,234.07030940981426,126182.05459699163,1.2233026745895685,2600.0000000000005,-7.477012693328972e-15,-2.0803835721381006e-14
ethanol_reference,0.014,0.004,1.03,1.1,True,16,149.12963206850867,1050.3638156197828,0.07034613910155506,216.17377385297019,126309.50852626454,1.2245383077631167,2600.0,-7.436366089750299e-15,1.2169000568639586e-14
ethanol_reference,0.014,0.004,1.05,0.7,True,18,72.4846584434784,522.7577693958114,0.043401123503475005,170.3038434041099,113242.56408036675,1.0978576308599433,1697.9667006756486,4.533121982472696e-15,2.1443912035640425e-16
ethanol_reference,0.014,0.004,1.05,0.8,True,17,97.67933455398952,695.92598366852,0.05041638996006131,197.56511959008415,117413.44746830685,1.1382932761675444,2003.4871490440955,3.82686713924773e-15,2.4277846173798507e-14
ethanol_reference,0.014,0.004,1.05,0.9,True,16,122.00235062340268,869.4218393358173,0.057292788061628054,217.14386602774513,121707.0100584815,1.1799182648939808,2327.717909424938,-8.086910088915351e-16,-4.4758000965006115e-14
ethanol_reference,0.014,0.004,1.05,1.0,True,16,147.22779194965835,1045.4204037491966,0.06414003414082349,234.06686395331005,126182.05459699163,1.2233026745895685,2600.0000000000005,-7.294493111859705e-15,-2.3600967295616907e-14
ethanol_reference,0.014,0.004,1.05,1.1,True,16,149.12756151806204,1050.3638156197828,0.07034703952147733,216.1680055283693,126309.50852626454,1.2245383077631167,2600.0,-7.548069890269565e-15,7.13988775668132e-15
ethanol_reference,0.014,0.004,1.08,0.7,True,18,72.4843978653468,522.7577693958114,0.04340119628156734,170.30294559559925,113242.56408036675,1.0978576308599433,1697.9667006731818,3.776926810356656e-15,4.123295837481244e-15
ethanol_reference,0.014,0.004,1.08,0.8,True,17,97.67889250245267,695.9259836686861,0.0504165312758199,197.5636717360805,117413.44746831091,1.138293276167584,2003.4871490440955,2.075514885289857e-15,2.4702779871343778e-14
ethanol_reference,0.014,0.004,1.08,0.9,True,16,121.5772471532518,869.4218393358803,0.05733319744458287,216.23473934316436,121707.01005848314,1.1799182648939968,2327.717909424938,-1.4997102271381444e-15,-4.690873723249523e-14
ethanol_reference,0.014,0.004,1.08,1.0,True,16,147.2263439924232,1045.4204037491966,0.06414060983947707,234.06246108707646,126182.05459699163,1.2233026745895685,2600.0000000000005,-8.7057011724936e-15,-2.3483869447973628e-14
ethanol_reference,0.014,0.004,1.08,1.1,True,16,149.12524812838183,1050.3638156197828,0.07034804601399977,216.16155941361228,126309.50852626454,1.2245383077631167,2600.0,-7.445777788494464e-15,1.0303102763960537e-14
ethanol_reference,0.014,0.005,1.01,0.7,True,17,52.153512110425815,369.0787263968019,0.041340292158189705,128.64394295821728,109635.28853744305,1.0628860191380232,1747.568195698913,-2.169445785392228e-15,-9.543367484138012e-15
ethanol_reference,0.014,0.005,1.01,0.8,True,17,72.33909504918209,496.5431865170523,0.04814815149126282,153.20494301258512,112621.01245646118,1.0918318471908817,2088.0010035899104,4.392978796200023e-15,-3.3710993156500253e-14
ethanol_reference,0.014,0.005,1.01,0.9,True,15,87.90389390929347,626.5557938809629,0.055567891851748506,161.31082683925464,115728.9897161703,1.1219628900440735,2458.199900781539,-2.1171194906183787e-15,-6.203347481610429e-14
ethanol_reference,0.014,0.005,1.01,1.0,True,15,112.4223443880377,764.1891405593094,0.061762436772366605,185.61263652207668,119088.9540910771,1.1545368833862864,2600.0,-1.956770827517111e-14,-5.1852004735277976e-14
ethanol_reference,0.014,0.005,1.01,1.1,True,15,117.08204024611359,767.9181484299354,0.06750595773636549,176.85913760939155,119180.99676349363,1.1554292135017148,2600.0000000000005,1.0868933869500919e-14,-9.083199992522319e-14
ethanol_reference,0.014,0.005,1.02,0.7,True,17,52.15326287206143,369.078726396802,0.04134036180451173,128.64311145079733,109635.28853744308,1.0628860191380236,1747.568195702799,-9.149040262118813e-16,9.38209924043842e-16
ethanol_reference,0.014,0.005,1.02,0.8,True,17,72.52292274879308,496.5431865170523,0.04812191725961851,153.67800027690834,112621.01245646118,1.0918318471908817,2088.001003587669,3.5584157067656166e-15,-4.283869766656918e-14
ethanol_reference,0.014,0.005,1.02,0.9,True,15,87.90571394835317,626.5557938809796,0.05556724037948925,161.31605801252437,115728.98971617073,1.1219628900440777,2458.199900781539,1.2812506784460512e-15,-6.662835884951577e-14
ethanol_reference,0.014,0.005,1.02,1.0,True,15,112.13712816019647,764.1891405593094,0.06179621553033029,185.04053473244298,119088.9540910771,1.1545368833862864,2600.0,-2.016338552115228e-14,-5.0054682524970986e-14
ethanol_reference,0.014,0.005,1.02,1.1,True,15,117.00414215507848,767.9181484299354,0.06750595773636549,176.74146807465397,119180.99676349363,1.1554292135017148,2600.0000000000005,1.0593757010436542e-14,-9.461316948010333e-14
ethanol_reference,0.014,0.005,1.03,0.7,True,17,52.15301451679387,369.078726396802,0.04134043121737131,128.64228285093725,109635.28853744308,1.0628860191380236,1747.5681957028619,3.135101438711677e-16,3.105290985962157e-15
ethanol_reference,0.014,0.005,1.03,0.8,True,17,72.65098535851442,496.5431865170523,0.04810443151539157,154.00532825171294,112621.01245646118,1.0918318471908817,2088.001003587028,2.1167808911633934e-15,-4.2094435194009766e-14
ethanol_reference,0.014,0.005,1.03,0.9,True,15,87.90716501661218,626.5557938810003,0.055566720871483836,161.32022908403783,115728.98971617121,1.1219628900440823,2458.199900781539,1.3746553011816371e-15,-7.055837744368279e-14
ethanol_reference,0.014,0.005,1.03,1.0,True,15,111.90475115661748,764.1891405593094,0.061824353945979044,184.57303923203392,119088.9540910771,1.1545368833862864,2600.0,-1.950477204449682e-14,-5.104321448794141e-14
ethanol_reference,0.014,0.005,1.03,1.1,True,15,116.89936627102607,767.9181484299354,0.06750595773636549,176.5831980918554,119180.99676349363,1.1554292135017148,2600.0000000000005,1.0414285915126714e-14,-9.293998148798352e-14
ethanol_reference,0.014,0.005,1.05,0.7,True,17,52.152668295633305,369.078726396802,0.04134052800496061,128.6411276719443,109635.28853744308,1.0628860191380236,1747.5681957050053,1.263144018937689e-15,3.2391765529712514e-15
ethanol_reference,0.014,0.005,1.05,0.8,True,17,72.95144636875393,496.5431865170523,0.048065099494513715,154.76878942256067,112621.01245646118,1.0918318471908817,2088.0010035773726,2.8303167239712635e-15,-5.015779237229008e-14
ethanol_reference,0.014,0.005,1.05,0.9,True,15,87.91005398298772,626.5557938810456,0.05556568628863907,161.328534420614,115728.98971617229,1.1219628900440928,2458.199900781539,9.24391963002481e-16,-6.712242633975986e-14
ethanol_reference,0.014,0.005,1.05,1.0,True,15,111.58776366555746,764.1891405593094,0.06186373168550832,183.93305524822276,119088.9540910771,1.1545368833862864,2600.0,-2.053472835260409e-14,-4.4366580154788736e-14
ethanol_reference,0.014,0.005,1.05,1.1,True,15,116.71739922189272,767.9181484299354,0.06750595773636549,176.30832642652229,119180.99676349363,1.1554292135017148,2600.0000000000005,1.113301573830809e-14,-9.310959856481176e-14
ethanol_reference,0.014,0.005,1.08,0.7,True,17,52.152520440044356,369.0787263968019,0.04134056934648809,128.64063432375968,109635.28853744305,1.0628860191380232,1747.5681957068168,5.636778946578217e-16,-6.6710540680096024e-15
ethanol_reference,0.014,0.005,1.08,0.8,True,16,73.17769818301294,496.5431865170523,0.04804180993293976,155.3240508003018,112621.01245646118,1.0918318471908817,2088.0010035739247,3.99141050086544e-15,-5.429360121579973e-14
ethanol_reference,0.014,0.005,1.08,0.9,True,15,87.91328320737965,626.5557938811121,0.055564529409498374,161.33781960431904,115728.98971617389,1.1219628900441083,2458.199900781539,-1.024377283051772e-15,-6.627091283044809e-14
ethanol_reference,0.014,0.005,1.08,1.0,True,15,111.19483026154552,764.1891405593094,0.06191433284511644,183.13557783247643,119088.9540910771,1.1545368833862864,2600.0,-2.0570933317181375e-14,-5.177586165195863e-14
ethanol_reference,0.014,0.005,1.08,1.1,True,15,116.49471669112222,767.9181484299354,0.06750595773636549,175.97195169073905,119180.99676349363,1.1554292135017148,2600.0000000000005,1.110207545922685e-14,-8.662400970880289e-14
ethanol_reference,0.014,0.006,1.01,0.7,True,16,37.08115383936101,273.4875270518858,0.03947461638762204,95.78878080695388,107435.51944309336,1.0415598216435216,1778.2336607808566,1.0576761302800628e-14,4.096492955144531e-14
ethanol_reference,0.014,0.006,1.01,0.8,True,15,53.852222553261186,372.21674846160465,0.045999517860437655,119.3794783003267,109708.07083525653,1.0635916248587605,2143.6732902297686,4.557756655050063e-15,-4.038012546751855e-14
ethanol_reference,0.014,0.006,1.01,0.9,True,15,72.64545112737315,473.3566087412907,0.05215168919106979,142.0428474373613,112073.39614615495,1.0865228474350443,2548.063245057329,-5.612817912722441e-15,-6.74835911530219e-14
ethanol_reference,0.014,0.006,1.01,1.0,True,15,86.83274271762653,582.0397074254554,0.05956457607179404,148.6533799212818,114657.65690879813,1.1115765930954329,2600.0,-1.928289815031303e-15,-8.244965180916522e-14
ethanol_reference,0.014,0.006,1.01,1.1,True,15,82.55707729795901,585.3595769915122,0.06624149203133128,127.08770233765665,114737.2951925479,1.1123486658424013,2600.0,5.330254761150572e-15,2.1844738055978025e-14
ethanol_reference,0.014,0.006,1.02,0.7,True,17,37.08305660744622,273.4875270518858,0.039474050491033266,95.7950693658379,107435.51944309336,1.0415598216435216,1778.2336607797436,7.372187364320569e-15,2.935712981233113e-14
ethanol_reference,0.014,0.006,1.02,0.8,True,15,53.736750803100136,372.21674846160465,0.04602639226714125,119.05394563326563,109708.07083525653,1.0635916248587605,2143.673290226286,6.1869170986729944e-15,-3.5602005764544993e-14
ethanol_reference,0.014,0.006,1.02,0.9,True,15,72.6447377432509,473.35660874127814,0.05215194386668345,142.04075892873027,112073.39614615467,1.0865228474350417,2548.063245057329,-7.073382737953675e-15,-8.741614751755434e-14
ethanol_reference,0.014,0.006,1.02,1.0,True,15,86.98458525546106,582.0397074254554,0.05953671744004292,148.98300692086417,114657.65690879813,1.1115765930954329,2600.0,-2.3199858399216026e-15,-7.805973373420865e-14
ethanol_reference,0.014,0.006,1.02,1.1,True,15,82.70277926460642,585.3595769915122,0.06621689036055377,127.3592952119244,114737.2951925479,1.1123486658424013,2600.0,5.2664121386231134e-15,2.3204416753003193e-14
ethanol_reference,0.014,0.006,1.03,0.7,True,17,37.11532137723795,273.4875270518858,0.03946125596281548,95.90950423351785,107435.51944309336,1.0415598216435216,1778.2336607718717,1.055353331931222e-14,2.698070787510483e-14
ethanol_reference,0.014,0.006,1.03,0.8,True,15,53.64229256799266,372.21674846160465,0.0460487804317611,118.78689276895491,109708.07083525653,1.0635916248587605,2143.673290222846,6.3665908222997266e-15,-2.2288618835724893e-14
ethanol_reference,0.014,0.006,1.03,0.9,True,15,72.64384908910328,473.3566087413151,0.05215226118070013,142.0381571426355,112073.39614615547,1.0865228474350495,2548.063245057329,-7.936443358302018e-15,-8.692324839179034e-14
ethanol_reference,0.014,0.006,1.03,1.0,True,15,87.13302981877898,582.0397074254554,0.05950886733243158,149.30709854676655,114657.65690879813,1.1115765930954329,2600.0,-2.9329318459518567e-15,-8.492253449159477e-14
ethanol_reference,0.014,0.006,1.03,1.1,True,15,82.89165757109276,585.3595769915122,0.0661861475198515,127.7094532817546,114737.2951925479,1.1123486658424013,2600.0,4.316456760951622e-15,2.911716189620457e-14
ethanol_reference,0.014,0.006,1.05,0.7,True,17,37.207904334307905,273.4875270518858,0.03943058284379139,96.22354163755317,107435.51944309336,1.0415598216435216,1778.2336607552602,8.686017762026855e-15,1.0410351955181349e-14
ethanol_reference,0.014,0.006,1.05,0.8,True,15,53.512693336080716,372.21674846160465,0.04608011295134255,118.4193299450834,109708.07083525653,1.0635916248587605,2143.6732902200015,6.391380908980286e-15,-2.480512405308957e-14
ethanol_reference,0.014,0.006,1.05,0.9,True,15,72.6424343163201,473.356608741365,0.05215276651214998,142.0340146390484,112073.39614615668,1.0865228474350612,2548.063245057329,-6.537663919318618e-15,-8.46350387706229e-14
ethanol_reference,0.014,0.006,1.05,1.0,True,15,87.33523668213438,582.0397074254554,0.059469891442208135,149.75167206346998,114657.65690879813,1.1115765930954329,2600.0,-2.572834587549965e-15,-6.900655979657279e-14
ethanol_reference,0.014,0.006,1.05,1.1,True,15,83.20620037690186,585.3595769915122,0.06613698025540961,128.28936431169623,114737.2951925479,1.1123486658424013,2600.0,5.405359940360771e-15,1.4972131287336573e-14
ethanol_reference,0.014,0.006,1.08,0.7,True,17,37.264683248164694,273.4875270518858,0.03941525010567791,96.407866441945,107435.51944309336,1.0415598216435216,1778.2336607462194,8.146424847804774e-15,3.4821584935796916e-14
ethanol_reference,0.014,0.006,1.08,0.8,True,15,53.38610523813971,372.21674846160465,0.0461114327982615,118.05895795354559,109708.07083525653,1.0635916248587605,2143.6732902155713,5.330625666560788e-15,-2.8432198787584686e-14
ethanol_reference,0.014,0.006,1.08,0.9,True,15,72.64085303673134,473.3566087414441,0.0521533315422451,142.02938407894706,112073.39614615859,1.0865228474350797,2548.063245057329,-5.066386358669473e-15,-7.200896080990352e-14
ethanol_reference,0.014,0.006,1.08,1.0,True,15,87.61301428715163,582.0397074254554,0.05941424030280808,150.36868380567836,114657.65690879813,1.1115765930954329,2600.0,-1.6098953645819517e-15,-7.573123886123576e-14
ethanol_reference,0.014,0.006,1.08,1.1,True,15,83.57294526947216,585.3595769915122,0.06608169821580426,128.96261681909414,114737.29519254793,1.1123486658424016,2600.0,7.5450960755518e-15,2.2336602473555838e-14
ethanol_reference,0.018,0.002,1.01,0.7,True,17,154.29710462602972,1779.3808742249823,0.048153642897115496,326.7442497318083,146191.44269975284,1.417288563162919,1568.194111642822,3.412177448722385e-15,6.4682559151030906e-15
ethanol_reference,0.018,0.002,1.01,0.8,True,17,181.82244699317752,1987.6002670668006,0.05490921562181388,337.6615290942273,154050.07020103282,1.493475942355809,1777.1666894881546,-1.165456724171593e-16,6.880302073279565e-15
ethanol_reference,0.018,0.002,1.01,0.9,True,17,208.89051214480006,2217.257987872971,0.061625007251714055,345.65357712861083,162466.95374784686,1.5750754708102461,1986.0559333460437,-4.2214621219969274e-15,-5.144230859010879e-15
ethanol_reference,0.018,0.002,1.01,1.0,True,17,236.05088917751743,2451.8859624007255,0.06831194188920628,352.36140581769,170871.54392959166,1.656555818241542,2194.268314907983,1.2892039108056089e-14,2.010339063879758e-15
ethanol_reference,0.018,0.002,1.01,1.1,True,17,235.60678726879414,2444.947172590155,0.07500599474996476,320.3104787377598,170622.99008671552,1.6541461524476144,2175.8337725057777,-1.1303335837259012e-14,5.115170101122492e-15
ethanol_reference,0.018,0.002,1.02,0.7,True,17,154.29589308036088,1779.3808742255844,0.048153980363824705,326.7393942955375,146191.44269977015,1.417288563163087,1568.194111642822,2.8664725710134434e-15,5.631373589904795e-16
ethanol_reference,0.018,0.002,1.02,0.8,True,17,181.82114128568702,1987.600267066946,0.05490963081912066,337.65655107373885,154050.070201039,1.493475942355869,1777.1666894881546,-1.1301680986856372e-15,5.579469898883981e-15
ethanol_reference,0.018,0.002,1.02,0.9,True,17,208.88955274918155,2217.2579878730185,0.06162534955892222,345.6500696298427,162466.95374784854,1.5750754708102626,1986.0559333460437,-2.697873588567673e-15,-5.565594516456356e-15
ethanol_reference,0.018,0.002,1.02,1.0,True,17,236.049308952524,2451.8859624007246,0.06831256666163535,352.35582435860204,170871.5439295916,1.6565558182415416,2194.268314907983,1.0753585600641396e-14,6.557290653896311e-15
ethanol_reference,0.018,0.002,1.02,1.1,True,17,235.60569400517537,2444.9471725901626,0.07500647052274632,320.3069606829933,170622.9900867158,1.6541461524476173,2175.8337725057777,-5.452448755122187e-15,7.529561624930189e-15
ethanol_reference,0.018,0.002,1.03,0.7,True,17,154.29488744046628,1779.3808742262365,0.04815426053939821,326.7353636838014,146191.44269978895,1.4172885631632692,1568.194111642822,1.767565673838929e-15,5.679070846244688e-15
ethanol_reference,0.018,0.002,1.03,0.8,True,17,181.82005762679955,1987.6002670670914,0.054909975490476874,337.6524191652277,154050.07020104514,1.4934759423559285,1777.1666894881546,1.4284039914827102e-15,2.8651437429468423e-15
ethanol_reference,0.018,0.002,1.03,0.9,True,17,208.88835763861485,2217.2579878730508,0.06162577605961091,345.6456999103507,162466.9537478497,1.5750754708102737,1986.0559333460437,-3.409371857558538e-15,2.7771608397916695e-15
ethanol_reference,0.018,0.002,1.03,1.0,True,17,236.04825960000846,2451.8859624007546,0.0683129816516569,352.35211747416594,170871.54392959268,1.656555818241552,2194.268314907983,9.818240945454007e-15,1.0030759207992178e-14
ethanol_reference,0.018,0.002,1.03,1.1,True,17,235.60460030480075,2444.9471725901867,0.07500694657529576,320.30344088439193,170622.9900867167,1.6541461524476258,2175.8337725057777,-8.946945919944139e-15,2.256800552415478e-15
ethanol_reference,0.018,0.002,1.05,0.7,True,17,154.2932859042648,1779.380874227451,0.048154706851035324,326.7289440197993,146191.44269982388,1.4172885631636079,1568.194111642822,9.647314512527562e-16,7.584041737691262e-15
ethanol_reference,0.018,0.002,1.05,0.8,True,17,181.818332104313,1987.6002670673493,0.05491052446919409,337.645839036537,154050.0702010562,1.4934759423560358,1777.1666894881546,-3.576550486576043e-15,1.0839691428505675e-14
ethanol_reference,0.018,0.002,1.05,0.9,True,17,208.8866921659402,2217.257987873148,0.061626370588748355,345.63960954051214,162466.9537478532,1.5750754708103076,1986.0559333460437,-2.8842743141939007e-15,8.248567353136622e-15
ethanol_reference,0.018,0.002,1.05,1.0,True,17,236.04643117996315,2451.885962400778,0.06831370494814447,352.34565754045684,170871.54392959355,1.6565558182415605,2194.268314907983,9.713266647517384e-15,9.260144445939838e-15
ethanol_reference,0.018,0.002,1.05,1.1,True,17,235.60242297381413,2444.9471725901917,0.0750078946038626,320.29643251833124,170622.99008671683,1.654146152447627,2175.8337725057777,-8.042520580734739e-15,6.501022151500108e-15
ethanol_reference,0.018,0.002,1.08,0.7,True,17,154.2924885751107,1779.3808742281533,0.04815492910203569,326.725747653735,146191.44269984413,1.4172885631638044,1568.194111642822,-1.4814524429567783e-15,3.715876352767137e-15
ethanol_reference,0.018,0.002,1.08,0.8,True,17,181.81661677344064,1987.600267067667,0.05491107039377608,337.6392967449539,154050.07020106973,1.493475942356167,1777.1666894881546,3.996853777627178e-16,4.942138596031037e-15
ethanol_reference,0.018,0.002,1.08,0.9,True,17,208.88456393511464,2217.2579878732554,0.06162713059800513,345.6318254940073,162466.95374785704,1.575075470810345,1986.0559333460437,-1.753353706355328e-15,1.1520394239373925e-14
ethanol_reference,0.018,0.002,1.08,1.0,True,17,236.04409514296165,2451.885962400824,0.06831462943312153,352.3374023870254,170871.54392959515,1.656555818241576,2194.268314907983,1.0663066816980148e-14,7.653338575474618e-15
ethanol_reference,0.018,0.002,1.08,1.1,True,17,235.5999902570397,2444.947172590251,0.0750089543155831,320.2886002540025,170622.99008671896,1.6541461524476477,2175.8337725057777,-8.390130232909607e-15,1.4612665806936044e-14
ethanol_reference,0.018,0.003,1.01,0.7,True,17,116.21185861317605,997.0580313276479,0.046396809688253736,255.4122086505351,124940.24192835441,1.2112636190857176,1663.3782259511092,-2.0059097080760873e-15,-8.316129942993177e-15
ethanol_reference,0.018,0.003,1.01,0.8,True,17,140.57093099864437,1161.5613746709814,0.05300592487389353,270.4272357359023,129202.13304658774,1.2525815610101525,1909.1633353366183,5.0013878890919085e-15,2.0751143204962774e-14
ethanol_reference,0.018,0.003,1.01,0.9,True,17,164.7381663242436,1324.9824829580882,0.05960174551254843,281.8477506866276,133543.30825444835,1.2946681418603299,2162.921262635882,1.0467891450990967e-15,1.6989967944123573e-14
ethanol_reference,0.018,0.003,1.01,1.0,True,16,181.15787408347015,1528.9294361105929,0.067130248151256,275.18090041213753,139113.80692128805,1.3486726985281297,2431.1339775171327,-5.6128750557472184e-15,2.3956575970093504e-14
ethanol_reference,0.018,0.003,1.01,1.1,True,16,184.79948070129547,1537.4813864334553,0.0734440391712425,256.5804233365189,139351.14326093046,1.3509736135036319,2410.078144163444,-1.877997495170234e-15,-2.1370765119931296e-14
ethanol_reference,0.018,0.003,1.02,0.7,True,17,116.21058027596303,997.0580313276479,0.046397164662183236,255.40744502337958,124940.24192835441,1.2112636190857176,1663.3782259477262,-2.5474476495880908e-15,-2.6424039787809864e-15
ethanol_reference,0.018,0.003,1.02,0.8,True,17,140.56976282023342,1161.5613746709814,0.05300629474959638,270.4231014059806,129202.13304658774,1.2525815610101525,1909.1633353359548,2.2956854837283054e-15,1.7221898762888373e-14
ethanol_reference,0.018,0.003,1.02,0.9,True,17,164.73713357218858,1324.9824829580882,0.05960211224673922,281.84424955889307,133543.30825444835,1.2946681418603299,2162.9212626357175,7.094020344123988e-16,2.276169356153546e-14
ethanol_reference,0.018,0.003,1.02,1.0,True,16,181.15940270324785,1528.9294361105929,0.0671296440814341,275.18569865468726,139113.80692128805,1.3486726985281297,2431.133977516988,-3.0892028446209118e-15,2.0194569883699172e-14
ethanol_reference,0.018,0.003,1.02,1.1,True,16,184.43388976941105,1537.4813864334646,0.07346854725479479,255.98740501593144,139351.14326093078,1.350973613503635,2410.078144163444,-6.329594616638173e-17,-2.5125125136877442e-14
ethanol_reference,0.018,0.003,1.03,0.7,True,17,116.20951923517971,997.0580313276479,0.046397459365163866,255.40349081151604,124940.24192835441,1.2112636190857176,1663.3782259445445,-8.277613145672815e-16,-1.7939497613844327e-15
ethanol_reference,0.018,0.003,1.03,0.8,True,17,140.56859900372697,1161.5613746709814,0.05300666332967103,270.41898213475616,129202.13304658774,1.2525815610101525,1909.1633353348793,5.137090526908036e-15,1.6920833150997927e-14
ethanol_reference,0.018,0.003,1.03,0.9,True,17,164.73584695571057,1324.9824829580882,0.05960256923362455,281.8398873728775,133543.30825444835,1.2946681418603299,2162.9212626353888,1.8481777011002563e-15,1.8688496072019908e-14
ethanol_reference,0.018,0.003,1.03,1.0,True,16,181.16062128752873,1528.9294361105929,0.06712916241555587,275.18952424354893,139113.80692128805,1.3486726985281297,2431.1339775168517,-4.3897224194508576e-15,1.2192724033418242e-14
ethanol_reference,0.018,0.003,1.03,1.1,True,16,183.99090871815616,1537.4813864334803,0.07349917351174404,255.2661529322739,139351.1432609312,1.350973613503639,2410.078144163444,-6.630376677418854e-16,-2.9081605049666855e-14
ethanol_reference,0.018,0.003,1.05,0.7,True,17,116.20782954582165,997.0580313276479,0.046397928803590525,255.39719319039898,124940.24192835441,1.2112636190857176,1663.3782259375844,-5.992557282180948e-16,-1.2610462832211251e-14
ethanol_reference,0.018,0.003,1.05,0.8,True,17,140.56720815766843,1161.5613746709814,0.05300710392185079,270.41405880755957,129202.13304658774,1.2525815610101525,1909.1633353335008,1.936580044577927e-15,2.4822597867823807e-14
ethanol_reference,0.018,0.003,1.05,0.9,True,17,164.73379857992796,1324.9824829580882,0.05960329702602443,281.8329414965879,133543.30825444835,1.2946681418603299,2162.921262634743,-1.866310639867181e-15,1.622870568872297e-14
ethanol_reference,0.018,0.003,1.05,1.0,True,16,181.16274461957195,1528.9294361105929,0.06712832289146019,275.19619129298803,139113.80692128805,1.3486726985281297,2431.1339775166107,-2.4734907391064357e-15,1.3932867248688366e-14
ethanol_reference,0.018,0.003,1.05,1.1,True,16,183.5024640545157,1537.4813864335265,0.07354203382308852,254.4401181070447,139351.14326093247,1.3509736135036514,2410.078144163444,-4.3490762529350633e-16,-2.919093908027408e-14
ethanol_reference,0.018,0.003,1.08,0.7,True,17,116.20698836498319,997.0580313276479,0.04639816256400077,255.3940577574741,124940.24192835441,1.2112636190857176,1663.3782259335287,-1.923346069622059e-15,-6.181218357612622e-15
ethanol_reference,0.018,0.003,1.08,0.8,True,17,140.56559337211502,1161.5613746709814,0.05300761560663753,270.4083420995455,129202.13304658774,1.2525815610101525,1909.1633353312313,5.33127323143989e-15,1.8125022559176746e-14
ethanol_reference,0.018,0.003,1.08,0.9,True,17,164.73176272512768,1324.9824829580882,0.059604020662185585,281.82603686300763,133543.30825444835,1.2946681418603299,2162.9212626338895,-7.787648350476734e-17,1.813577882982502e-14
ethanol_reference,0.018,0.003,1.08,1.0,True,16,181.16575775536307,1528.9294361105929,0.06712713102900894,275.2056546849013,139113.80692128805,1.3486726985281297,2431.133977516174,-4.799841444896511e-15,1.928482734253568e-14
ethanol_reference,0.018,0.003,1.08,1.1,True,16,183.08293042048894,1537.4813864335845,0.07360322973617289,253.64733740417773,139351.1432609341,1.3509736135036672,2410.078144163444,-1.9802704879440313e-15,-2.7873129166256144e-14
ethanol_reference,0.018,0.004,1.01,0.7,True,17,81.89553942286238,604.4124146778671,0.044053467010282066,189.5655778932782,115195.14641522648,1.1167874160835165,1731.6253428762084,-2.2154229141671695e-15,2.5277059323387003e-14
ethanol_reference,0.018,0.004,1.01,0.8,True,17,101.30528684045028,714.7571501496594,0.050391171707944125,205.0014713892853,117873.87304939181,1.1427569841535143,2011.5634915714802,-3.879640686425123e-15,1.93912822212368e-14
ethanol_reference,0.018,0.004,1.01,0.9,True,16,123.00862411189264,869.4218393357224,0.05720179206413695,219.28314449023404,121707.01005847918,1.1799182648939583,2327.717909424938,-6.755967012240765e-16,-4.8992670517971264e-14
ethanol_reference,0.018,0.004,1.01,1.0,True,16,147.23055508372127,1045.4204037491966,0.06413893623062336,234.07526361955595,126182.05459699163,1.2233026745895685,2600.0000000000005,-7.089991474160499e-15,-1.8769880876608076e-14
ethanol_reference,0.018,0.004,1.01,1.1,True,16,149.131977515559,1050.3638156197828,0.07034511961583895,216.18030671716235,126309.50852626454,1.2245383077631167,2600.0,-6.7810757417369425e-15,1.091596905759472e-14
ethanol_reference,0.018,0.004,1.02,0.7,True,17,81.89441794955168,604.4124146778671,0.04405377746872186,189.56164609230132,115195.14641522648,1.1167874160835165,1731.6253428766706,-2.9044662906805246e-15,1.812838702234699e-14
ethanol_reference,0.018,0.004,1.02,0.8,True,17,101.36568996492832,714.7571501496594,0.050367290257749144,205.22096179480022,117873.87304939181,1.1427569841535143,2011.563491571031,-4.884621888037952e-15,1.2436603033796102e-14
ethanol_reference,0.018,0.004,1.02,0.9,True,16,122.72268768592042,869.4218393357474,0.05722707918298605,218.6767455550402,121707.0100584798,1.1799182648939646,2327.717909424938,-6.904692066119307e-16,-4.4218063984517836e-14
ethanol_reference,0.018,0.004,1.02,1.0,True,16,147.22973855752764,1045.4204037491966,0.06413926057628863,234.07278177309456,126182.05459699163,1.2233026745895685,2600.0000000000005,-6.912971421403965e-15,-2.043514416893934e-14
ethanol_reference,0.018,0.004,1.02,1.1,True,16,149.13067238199093,1050.3638156197828,0.07034568685014231,216.17667164750736,126309.50852626454,1.2245383077631167,2600.0,-7.392562914255822e-15,1.133168869974134e-14
ethanol_reference,0.018,0.004,1.03,0.7,True,17,81.89352370706982,604.4124146778671,0.04405402507220126,189.55851077200728,115195.14641522648,1.1167874160835165,1731.6253428769849,-7.957278208596169e-16,1.681859241430863e-14
ethanol_reference,0.018,0.004,1.03,0.8,True,17,101.37751569254208,714.7571501496594,0.05036306933496904,205.26210524530384,117873.87304939181,1.1427569841535143,2011.5634915710334,-4.9957338367371945e-15,8.081987276283783e-16
ethanol_reference,0.018,0.004,1.03,0.9,True,16,122.44152088709501,869.4218393357638,0.05725235824587951,218.07940810758197,121707.01005848018,1.1799182648939681,2327.717909424938,-3.4477248484891967e-15,-4.9261639913415496e-14
ethanol_reference,0.018,0.004,1.03,1.0,True,16,147.2289252379595,1045.4204037491966,0.06413958372721652,234.07030940981426,126182.05459699163,1.2233026745895685,2600.0000000000005,-7.477012693328972e-15,-2.0803835721381006e-14
ethanol_reference,0.018,0.004,1.03,1.1,True,16,149.12963206850867,1050.3638156197828,0.07034613910155506,216.17377385297019,126309.50852626454,1.2245383077631167,2600.0,-7.436366089750299e-15,1.2169000568639586e-14
ethanol_reference,0.018,0.004,1.05,0.7,True,17,81.89196503788408,604.4124146778671,0.044054456751490965,189.5530455245618,115195.14641522648,1.1167874160835165,1731.6253428752598,-4.202936434595419e-15,1.8275798669469043e-14
ethanol_reference,0.018,0.004,1.05,0.8,True,17,101.37943220432074,714.7571501496594,0.05036244118007238,205.26854588245754,117873.87304939181,1.1427569841535143,2011.5634915704204,-2.6183272628044966e-15,5.513201481764136e-15
ethanol_reference,0.018,0.004,1.05,0.9,True,16,122.00235062340268,869.4218393358173,0.057292788061628054,217.14386602774513,121707.0100584815,1.1799182648939808,2327.717909424938,-8.086910088915351e-16,-4.4758000965006115e-14
ethanol_reference,0.018,0.004,1.05,1.0,True,16,147.22779194965835,1045.4204037491966,0.06414003414082349,234.06686395331005,126182.05459699163,1.2233026745895685,2600.0000000000005,-7.294493111859705e-15,-2.3600967295616907e-14
ethanol_reference,0.018,0.004,1.05,1.1,True,16,149.12756151806204,1050.3638156197828,0.07034703952147733,216.1680055283693,126309.50852626454,1.2245383077631167,2600.0,-7.548069890269565e-15,7.13988775668132e-15
ethanol_reference,0.018,0.004,1.08,0.7,True,17,81.89107793067095,604.4124146778671,0.04405470249888707,189.54993480265526,115195.14641522648,1.1167874160835165,1731.6253428728942,-2.572059352374702e-15,3.1097239729575667e-14
ethanol_reference,0.018,0.004,1.08,0.8,True,17,101.37774776971749,714.7571501496594,0.050362972668950914,205.26296911719075,117873.87304939181,1.1427569841535143,2011.5634915694259,-3.995706674240728e-15,7.682175747757738e-15
ethanol_reference,0.018,0.004,1.08,0.9,True,16,121.5772471532518,869.4218393358803,0.05733319744458287,216.23473934316436,121707.01005848314,1.1799182648939968,2327.717909424938,-1.4997102271381444e-15,-4.690873723249523e-14
ethanol_reference,0.018,0.004,1.08,1.0,True,16,147.2263439924232,1045.4204037491966,0.06414060983947707,234.06246108707646,126182.05459699163,1.2233026745895685,2600.0000000000005,-8.7057011724936e-15,-2.3483869447973628e-14
ethanol_reference,0.018,0.004,1.08,1.1,True,16,149.12524812838183,1050.3638156197828,0.07034804601399977,216.16155941361228,126309.50852626454,1.2245383077631167,2600.0,-7.445777788494464e-15,1.0303102763960537e-14
ethanol_reference,0.018,0.005,1.01,0.7,True,17,54.406208349377586,381.92549355627517,0.04146165150201836,133.80772528517042,109933.48250669628,1.0657769332327336,1757.1435992730514,5.280360616852956e-15,1.3876669466013818e-14
ethanol_reference,0.018,0.005,1.01,0.8,True,17,72.33909504918209,496.5431865170523,0.04814815149126282,153.20494301258512,112621.01245646118,1.0918318471908817,2088.0010035899104,4.392978796200023e-15,-3.3710993156500253e-14
ethanol_reference,0.018,0.005,1.01,0.9,True,15,87.90389390929347,626.5557938809629,0.055567891851748506,161.31082683925464,115728.9897161703,1.1219628900440735,2458.199900781539,-2.1171194906183787e-15,-6.203347481610429e-14
ethanol_reference,0.018,0.005,1.01,1.0,True,15,112.4223443880377,764.1891405593094,0.061762436772366605,185.61263652207668,119088.9540910771,1.1545368833862864,2600.0,-1.956770827517111e-14,-5.1852004735277976e-14
ethanol_reference,0.018,0.005,1.01,1.1,True,15,117.08204024611359,767.9181484299354,0.06750595773636549,176.85913760939155,119180.99676349363,1.1554292135017148,2600.0000000000005,1.0868933869500919e-14,-9.083199992522319e-14
ethanol_reference,0.018,0.005,1.02,0.7,True,17,54.50365938718383,381.92549355627517,0.041442184337335555,134.11036612195934,109933.48250669628,1.0657769332327336,1757.143599276063,7.593711981661601e-15,8.211346457940583e-15
ethanol_reference,0.018,0.005,1.02,0.8,True,17,72.52292274879308,496.5431865170523,0.04812191725961851,153.67800027690834,112621.01245646118,1.0918318471908817,2088.001003587669,3.5584157067656166e-15,-4.283869766656918e-14
ethanol_reference,0.018,0.005,1.02,0.9,True,15,87.90571394835317,626.5557938809796,0.05556724037948925,161.31605801252437,115728.98971617073,1.1219628900440777,2458.199900781539,1.2812506784460512e-15,-6.662835884951577e-14
ethanol_reference,0.018,0.005,1.02,1.0,True,15,112.13712816019647,764.1891405593094,0.06179621553033029,185.04053473244298,119088.9540910771,1.1545368833862864,2600.0,-2.016338552115228e-14,-5.0054682524970986e-14
ethanol_reference,0.018,0.005,1.02,1.1,True,15,117.00414215507848,767.9181484299354,0.06750595773636549,176.74146807465397,119180.99676349363,1.1554292135017148,2600.0000000000005,1.0593757010436542e-14,-9.461316948010333e-14
ethanol_reference,0.018,0.005,1.03,0.7,True,17,54.599462830693604,381.92549355627517,0.04142272214718466,134.40921934225926,109933.48250669628,1.0657769332327336,1757.143599276141,6.2085454940227405e-15,4.690907484113457e-15
ethanol_reference,0.018,0.005,1.03,0.8,True,17,72.65098535851442,496.5431865170523,0.04810443151539157,154.00532825171294,112621.01245646118,1.0918318471908817,2088.001003587028,2.1167808911633934e-15,-4.2094435194009766e-14
ethanol_reference,0.018,0.005,1.03,0.9,True,15,87.90716501661218,626.5557938810003,0.055566720871483836,161.32022908403783,115728.98971617121,1.1219628900440823,2458.199900781539,1.3746553011816371e-15,-7.055837744368279e-14
ethanol_reference,0.018,0.005,1.03,1.0,True,15,111.90475115661748,764.1891405593094,0.061824353945979044,184.57303923203392,119088.9540910771,1.1545368833862864,2600.0,-1.950477204449682e-14,-5.104321448794141e-14
ethanol_reference,0.018,0.005,1.03,1.1,True,15,116.89936627102607,767.9181484299354,0.06750595773636549,176.5831980918554,119180.99676349363,1.1554292135017148,2600.0000000000005,1.0414285915126714e-14,-9.293998148798352e-14
ethanol_reference,0.018,0.005,1.05,0.7,True,17,54.73087628883596,381.92549355627517,0.041395483405829235,134.82137979902473,109933.48250669628,1.0657769332327336,1757.1435992777933,5.64137422127945e-15,4.6299765303679714e-15
ethanol_reference,0.018,0.005,1.05,0.8,True,17,72.95144636875393,496.5431865170523,0.048065099494513715,154.76878942256067,112621.01245646118,1.0918318471908817,2088.0010035773726,2.8303167239712635e-15,-5.015779237229008e-14
ethanol_reference,0.018,0.005,1.05,0.9,True,15,87.91005398298772,626.5557938810456,0.05556568628863907,161.328534420614,115728.98971617229,1.1219628900440928,2458.199900781539,9.24391963002481e-16,-6.712242633975986e-14
ethanol_reference,0.018,0.005,1.05,1.0,True,15,111.58776366555746,764.1891405593094,0.06186373168550832,183.93305524822276,119088.9540910771,1.1545368833862864,2600.0,-2.053472835260409e-14,-4.4366580154788736e-14
ethanol_reference,0.018,0.005,1.05,1.1,True,15,116.71739922189272,767.9181484299354,0.06750595773636549,176.30832642652229,119180.99676349363,1.1554292135017148,2600.0000000000005,1.113301573830809e-14,-9.310959856481176e-14
ethanol_reference,0.018,0.005,1.08,0.7,True,17,54.7862458144345,381.92549355627517,0.041383812622539304,134.9958342763854,109933.48250669628,1.0657769332327336,1757.143599279203,5.066829650396751e-15,-5.509810727475705e-15
ethanol_reference,0.018,0.005,1.08,0.8,True,16,73.17769818301294,496.5431865170523,0.04804180993293976,155.3240508003018,112621.01245646118,1.0918318471908817,2088.0010035739247,3.99141050086544e-15,-5.429360121579973e-14
ethanol_reference,0.018,0.005,1.08,0.9,True,15,87.91328320737965,626.5557938811121,0.055564529409498374,161.33781960431904,115728.98971617389,1.1219628900441083,2458.199900781539,-1.024377283051772e-15,-6.627091283044809e-14
ethanol_reference,0.018,0.005,1.08,1.0,True,15,111.19483026154552,764.1891405593094,0.06191433284511644,183.13557783247643,119088.9540910771,1.1545368833862864,2600.0,-2.0570933317181375e-14,-5.177586165195863e-14
ethanol_reference,0.018,0.005,1.08,1.1,True,15,116.49471669112222,767.9181484299354,0.06750595773636549,175.97195169073905,119180.99676349363,1.1554292135017148,2600.0000000000005,1.110207545922685e-14,-8.662400970880289e-14
ethanol_reference,0.018,0.006,1.01,0.7,True,16,37.08115383936101,273.4875270518858,0.03947461638762204,95.78878080695388,107435.51944309336,1.0415598216435216,1778.2336607808566,1.0576761302800628e-14,4.096492955144531e-14
ethanol_reference,0.018,0.006,1.01,0.8,True,15,53.852222553261186,372.21674846160465,0.045999517860437655,119.3794783003267,109708.07083525653,1.0635916248587605,2143.6732902297686,4.557756655050063e-15,-4.038012546751855e-14
ethanol_reference,0.018,0.006,1.01,0.9,True,15,72.64545112737315,473.3566087412907,0.05215168919106979,142.0428474373613,112073.39614615495,1.0865228474350443,2548.063245057329,-5.612817912722441e-15,-6.74835911530219e-14
ethanol_reference,0.018,0.006,1.01,1.0,True,15,86.83274271762653,582.0397074254554,0.05956457607179404,148.6533799212818,114657.65690879813,1.1115765930954329,2600.0,-1.928289815031303e-15,-8.244965180916522e-14
ethanol_reference,0.018,0.006,1.01,1.1,True,15,82.55707729795901,585.3595769915122,0.06624149203133128,127.08770233765665,114737.2951925479,1.1123486658424013,2600.0,5.330254761150572e-15,2.1844738055978025e-14
ethanol_reference,0.018,0.006,1.02,0.7,True,17,37.08305660744622,273.4875270518858,0.039474050491033266,95.7950693658379,107435.51944309336,1.0415598216435216,1778.2336607797436,7.372187364320569e-15,2.935712981233113e-14
ethanol_reference,0.018,0.006,1.02,0.8,True,15,53.736750803100136,372.21674846160465,0.04602639226714125,119.05394563326563,109708.07083525653,1.0635916248587605,2143.673290226286,6.1869170986729944e-15,-3.5602005764544993e-14
ethanol_reference,0.018,0.006,1.02,0.9,True,15,72.6447377432509,473.35660874127814,0.05215194386668345,142.04075892873027,112073.39614615467,1.0865228474350417,2548.063245057329,-7.073382737953675e-15,-8.741614751755434e-14
ethanol_reference,0.018,0.006,1.02,1.0,True,15,86.98458525546106,582.0397074254554,0.05953671744004292,148.98300692086417,114657.65690879813,1.1115765930954329,2600.0,-2.3199858399216026e-15,-7.805973373420865e-14
ethanol_reference,0.018,0.006,1.02,1.1,True,15,82.70277926460642,585.3595769915122,0.06621689036055377,127.3592952119244,114737.2951925479,1.1123486658424013,2600.0,5.2664121386231134e-15,2.3204416753003193e-14
ethanol_reference,0.018,0.006,1.03,0.7,True,17,37.11532137723795,273.4875270518858,0.03946125596281548,95.90950423351785,107435.51944309336,1.0415598216435216,1778.2336607718717,1.055353331931222e-14,2.698070787510483e-14
ethanol_reference,0.018,0.006,1.03,0.8,True,15,53.64229256799266,372.21674846160465,0.0460487804317611,118.78689276895491,109708.07083525653,1.0635916248587605,2143.673290222846,6.3665908222997266e-15,-2.2288618835724893e-14
ethanol_reference,0.018,0.006,1.03,0.9,True,15,72.64384908910328,473.3566087413151,0.05215226118070013,142.0381571426355,112073.39614615547,1.0865228474350495,2548.063245057329,-7.936443358302018e-15,-8.692324839179034e-14
ethanol_reference,0.018,0.006,1.03,1.0,True,15,87.13302981877898,582.0397074254554,0.05950886733243158,149.30709854676655,114657.65690879813,1.1115765930954329,2600.0,-2.9329318459518567e-15,-8.492253449159477e-14
ethanol_reference,0.018,0.006,1.03,1.1,True,15,82.89165757109276,585.3595769915122,0.0661861475198515,127.7094532817546,114737.2951925479,1.1123486658424013,2600.0,4.316456760951622e-15,2.911716189620457e-14
ethanol_reference,0.018,0.006,1.05,0.7,True,17,37.207904334307905,273.4875270518858,0.03943058284379139,96.22354163755317,107435.51944309336,1.0415598216435216,1778.2336607552602,8.686017762026855e-15,1.0410351955181349e-14
ethanol_reference,0.018,0.006,1.05,0.8,True,15,53.512693336080716,372.21674846160465,0.04608011295134255,118.4193299450834,109708.07083525653,1.0635916248587605,2143.6732902200015,6.391380908980286e-15,-2.480512405308957e-14
ethanol_reference,0.018,0.006,1.05,0.9,True,15,72.6424343163201,473.356608741365,0.05215276651214998,142.0340146390484,112073.39614615668,1.0865228474350612,2548.063245057329,-6.537663919318618e-15,-8.46350387706229e-14
ethanol_reference,0.018,0.006,1.05,1.0,True,15,87.33523668213438,582.0397074254554,0.059469891442208135,149.75167206346998,114657.65690879813,1.1115765930954329,2600.0,-2.572834587549965e-15,-6.900655979657279e-14
ethanol_reference,0.018,0.006,1.05,1.1,True,15,83.20620037690186,585.3595769915122,0.06613698025540961,128.28936431169623,114737.2951925479,1.1123486658424013,2600.0,5.405359940360771e-15,1.4972131287336573e-14
ethanol_reference,0.018,0.006,1.08,0.7,True,17,37.264683248164694,273.4875270518858,0.03941525010567791,96.407866441945,107435.51944309336,1.0415598216435216,1778.2336607462194,8.146424847804774e-15,3.4821584935796916e-14
ethanol_reference,0.018,0.006,1.08,0.8,True,15,53.38610523813971,372.21674846160465,0.0461114327982615,118.05895795354559,109708.07083525653,1.0635916248587605,2143.6732902155713,5.330625666560788e-15,-2.8432198787584686e-14
ethanol_reference,0.018,0.006,1.08,0.9,True,15,72.64085303673134,473.3566087414441,0.0521533315422451,142.02938407894706,112073.39614615859,1.0865228474350797,2548.063245057329,-5.066386358669473e-15,-7.200896080990352e-14
ethanol_reference,0.018,0.006,1.08,1.0,True,15,87.61301428715163,582.0397074254554,0.05941424030280808,150.36868380567836,114657.65690879813,1.1115765930954329,2600.0,-1.6098953645819517e-15,-7.573123886123576e-14
ethanol_reference,0.018,0.006,1.08,1.1,True,15,83.57294526947216,585.3595769915122,0.06608169821580426,128.96261681909414,114737.29519254793,1.1123486658424016,2600.0,7.5450960755518e-15,2.2336602473555838e-14
ethanol_reference,0.022,0.002,1.01,0.7,True,14,170.28387826353259,2248.8829596994206,0.04907263306917301,353.8453525192311,163599.78937090293,1.5860580217916904,1602.2536509569134,2.7561036631189455e-15,-6.692657258458741e-15
ethanol_reference,0.022,0.002,1.01,0.8,True,14,200.0038607821865,2555.0478608380217,0.05594571149627112,364.54479537965915,174566.89816210108,1.6923813302814485,1811.7639365974383,-1.8332694947541736e-15,9.054949330328146e-15
ethanol_reference,0.022,0.002,1.01,0.9,True,14,229.20482616525695,2856.095278476086,0.06280292228137462,372.15446167672263,185350.69398019608,1.7969274664862869,2020.8414024167391,-2.8227634598671597e-15,8.62973663225774e-15
ethanol_reference,0.022,0.002,1.01,1.0,True,14,257.70229894008423,3149.817250252954,0.06963488566766367,377.37293575096265,195872.08557950245,1.8989296610530455,2229.189274871437,-4.2356807677364466e-15,-5.218575414093639e-15
ethanol_reference,0.022,0.002,1.01,1.1,True,14,256.9143646991048,3137.436248850042,0.0764532030326508,342.6667983010706,195428.58670414236,1.894630053140191,2210.539170285239,8.056422972554487e-15,3.780546244685784e-15
ethanol_reference,0.022,0.002,1.02,0.7,True,14,170.28231033592684,2248.8829597036356,0.04907307049287687,353.83894035749825,163599.78937105392,1.5860580217931541,1602.2536509569134,2.5975557926941883e-15,-6.640264036649203e-15
ethanol_reference,0.022,0.002,1.02,0.8,True,14,200.0021738892377,2555.047860839644,0.05594624883553951,364.53821943488634,174566.8981621592,1.692381330282012,1811.7639365974383,-3.1156323406240044e-15,5.763120294330362e-15
ethanol_reference,0.022,0.002,1.02,0.9,True,14,229.20332518964966,2856.095278476566,0.06280345982603444,372.14883927055763,185350.69398021328,1.7969274664864536,2020.8414024167391,-1.7623563703615807e-15,6.3478138853077e-15
ethanol_reference,0.022,0.002,1.02,1.0,True,14,257.7003857034373,3149.817250252954,0.06963564666496919,377.3660100505032,195872.08557950245,1.8989296610530455,2229.189274871437,-3.935622156020427e-15,-7.085973326878321e-15
ethanol_reference,0.022,0.002,1.02,1.1,True,14,256.9127137075046,3137.4362488502097,0.07645392617066606,342.66135515773607,195428.58670414833,1.894630053140249,2210.539170285239,7.057389482324733e-15,-3.1003002963126045e-16
ethanol_reference,0.022,0.002,1.03,0.7,True,14,170.28100884776026,2248.8829597079434,0.04907343366356248,353.83361733912534,163599.78937120823,1.58605802179465,1602.2536509569134,1.2887121834214083e-15,-1.1147984888194462e-15
ethanol_reference,0.022,0.002,1.03,0.8,True,14,200.00077382991597,2555.0478608412573,0.055946694911453446,364.5327610599308,174566.89816221697,1.692381330282572,1811.7639365974383,-8.81928571320061e-16,2.1953627632858117e-15
ethanol_reference,0.022,0.002,1.03,0.9,True,14,229.20182990064598,2856.0952784771134,0.0628039954552936,372.1432375433341,185350.6939802329,1.7969274664866437,2020.8414024167391,-2.9415646955183194e-15,7.580778705822839e-15
ethanol_reference,0.022,0.002,1.03,1.0,True,14,257.6987981755701,3149.817250252954,0.06963627827718416,377.36026258981406,195872.08557950245,1.8989296610530455,2229.189274871437,-8.948656677998167e-16,-4.640471569621286e-15
ethanol_reference,0.022,0.002,1.03,1.1,True,14,256.9110693107529,3137.4362488504376,0.07645464659967513,342.655933054544,195428.5867041565,1.8946300531403282,2210.539170285239,6.250902455519318e-15,3.935529519039187e-15
ethanol_reference,0.022,0.002,1.05,0.7,True,14,170.27893609193626,2248.8829597163003,0.049074012198500584,353.82513897423945,163599.78937150756,1.5860580217975522,1602.2536509569134,1.4925188014478194e-15,-1.6778396739821613e-15
ethanol_reference,0.022,0.002,1.05,0.8,True,14,199.9985444247793,2555.0478608443505,0.05594740542190133,364.5240682458856,174566.8981623278,1.6923813302836466,1811.7639365974383,-4.8026166815772585e-15,8.662048507687413e-15
ethanol_reference,0.022,0.002,1.05,0.9,True,14,229.19915263000118,2856.095278478353,0.0628049547859009,372.1332062642969,185350.69398027728,1.796927466487074,2020.8414024167391,-1.261320603927928e-15,1.3677838398326337e-15
ethanol_reference,0.022,0.002,1.05,1.0,True,14,257.6962709836361,3149.817250252954,0.06963728405562115,377.35111170631006,195872.08557950245,1.8989296610530455,2229.189274871437,-2.406027841465208e-15,-1.0634160034305101e-14
ethanol_reference,0.022,0.002,1.05,1.1,True,14,256.9081259173627,3137.4362488508887,0.07645593658177866,342.64622599122623,195428.58670417266,1.8946300531404847,2210.539170285239,8.597997389588786e-15,2.118058424417497e-15
ethanol_reference,0.022,0.002,1.08,0.7,True,14,170.27790413474048,2248.882959721148,0.04907430029978468,353.82091746065737,163599.78937168123,1.5860580217992357,1602.2536509569134,1.3730276494740443e-15,-6.0162219232522915e-15
ethanol_reference,0.022,0.002,1.08,0.8,True,14,199.99632809538957,2555.0478608481308,0.05594811200260957,364.51542508781995,174566.89816246319,1.692381330284959,1811.7639365974383,-2.3502076580439374e-15,7.309743499720773e-15
ethanol_reference,0.022,0.002,1.08,0.9,True,14,229.19619921888935,2856.095278480036,0.06280601351473959,372.12213802038457,185350.6939803376,1.7969274664876587,2020.8414024167391,-9.414406702908834e-16,3.1833382656369015e-15
ethanol_reference,0.022,0.002,1.08,1.0,True,14,257.6928217367468,3149.817250252954,0.06963865741591455,377.3386191574395,195872.08557950245,1.8989296610530455,2229.189274871437,-2.03536699033e-16,-8.72726778708933e-15
ethanol_reference,0.022,0.002,1.08,1.1,True,14,256.9045570568093,3137.436248851583,0.07645750145497708,342.63445317135523,195428.58670419754,1.8946300531407259,2210.539170285239,6.680508067169088e-15,4.103854884575298e-15
ethanol_reference,0.022,0.003,1.01,0.7,True,14,137.66012619614926,1372.9787481769904,0.047848023957122565,293.37525555620186,134838.88045035384,1.3072283822006616,1718.844935503424,3.962154173139943e-15,1.7636818601749185e-14
ethanol_reference,0.022,0.003,1.01,0.8,True,14,164.4315008304904,1586.8169451610206,0.05465244452157536,306.79957463741925,140726.26853708536,1.3643051005648366,1972.8962927660966,5.902026949193692e-16,-9.942236388506339e-15
ethanol_reference,0.022,0.003,1.01,0.9,True,14,190.70409451766747,1796.3170234278944,0.06143637537104226,316.52918305561445,146679.62741046576,1.4220213887950286,2233.5556078347395,-1.4308525930805343e-15,6.35475701687259e-15
ethanol_reference,0.022,0.003,1.01,1.0,True,14,215.71927820495216,1964.5441387546014,0.06816821187330688,322.6906491933701,153068.5518509776,1.4839603735483733,2495.617889885892,-2.3265055176745087e-15,1.2928970427466244e-15
ethanol_reference,0.022,0.003,1.01,1.1,True,14,215.22534617563662,1958.6021837260196,0.07484777670347947,293.2201657886804,152814.9018170035,1.481501301488077,2471.7340078335046,5.622331651072206e-15,-3.3336112460294836e-16
ethanol_reference,0.022,0.003,1.02,0.7,True,14,137.65846583052664,1372.9787481769904,0.047848485672142484,293.36888616055296,134838.88045035384,1.3072283822006616,1718.8449354966062,4.819600341220786e-15,1.6928364713510285e-14
ethanol_reference,0.022,0.003,1.02,0.8,True,14,164.4297127122483,1586.8169451610206,0.05465301215390132,306.7930519105223,140726.26853708536,1.3643051005648366,1972.8962927634493,1.9033469825763892e-16,-5.2102467013205646e-15
ethanol_reference,0.022,0.003,1.02,0.9,True,14,190.70250226946442,1796.3170234278944,0.06143694355257974,316.5236129515554,146679.62741046576,1.4220213887950286,2233.5556078338736,-2.9800798336460214e-15,-2.5004674284913925e-15
ethanol_reference,0.022,0.003,1.02,1.0,True,14,215.71724830744876,1964.544138754721,0.06816901626673588,322.68380499636015,153068.5518509826,1.4839603735484217,2495.617889885892,3.585696106417132e-16,1.3440830381318038e-15
ethanol_reference,0.022,0.003,1.02,1.1,True,14,215.2235922973023,1958.60218372603,0.07484854194768557,293.2147784980292,152814.901817004,1.4815013014880818,2471.7340078335046,4.261907104642817e-15,2.003793348829492e-15
ethanol_reference,0.022,0.003,1.03,0.7,True,14,137.6570876698969,1372.9787481769904,0.04784886899910829,293.3635988991378,134838.88045035384,1.3072283822006616,1718.8449354897082,5.1864929381046274e-15,9.061118680440104e-15
ethanol_reference,0.022,0.003,1.03,0.8,True,14,164.4282286939878,1586.8169451610206,0.05465348336644692,306.78763793752745,140726.26853708536,1.3643051005648366,1972.8962927607738,1.2879150240541242e-15,1.0670367054910883e-15
ethanol_reference,0.022,0.003,1.03,0.9,True,14,190.70091609627488,1796.3170234278944,0.061437509701243224,316.5180635066985,146679.62741046576,1.4220213887950286,2233.555607832807,-2.4315084138834946e-15,4.7080504860411406e-15
ethanol_reference,0.022,0.003,1.03,1.0,True,14,215.71556401395478,1964.5441387548112,0.06816968389245276,322.6781253140901,153068.55185098655,1.48396037354846,2495.617889885892,-1.6830469175242679e-15,3.4200919313852393e-15
ethanol_reference,0.022,0.003,1.03,1.1,True,14,215.2218454679514,1958.602183726057,0.0748493043167117,293.20941218380835,152814.9018170052,1.4815013014880933,2471.7340078335046,7.093746495269748e-15,4.308795878365544e-15
ethanol_reference,0.022,0.003,1.05,0.7,True,14,137.65489291560402,1372.9787481769904,0.0478494796207818,293.3551779752637,134838.88045035384,1.3072283822006616,1718.8449354750983,7.796485334059383e-15,1.0578024895601534e-14
ethanol_reference,0.022,0.003,1.05,0.8,True,14,164.42586570207243,1586.8169451610206,0.05465423389179299,306.7790162813207,140726.26853708536,1.3643051005648366,1972.8962927552534,-2.0539414702118607e-16,-7.424238975506371e-15
ethanol_reference,0.022,0.003,1.05,0.9,True,14,190.6980762154349,1796.3170234278944,0.06143852366925579,316.5081263140565,146679.62741046576,1.4220213887950286,2233.555607830381,-2.4530582202048818e-15,3.2200709835325788e-15
ethanol_reference,0.022,0.003,1.05,1.0,True,14,215.71288285672753,1964.5441387550059,0.06817074700621392,322.6690826450285,153068.55185099476,1.4839603735485396,2495.617889885892,-2.913325031249526e-16,3.6765878435370634e-16
ethanol_reference,0.022,0.003,1.05,1.1,True,14,215.2187188460695,1958.6021837261023,0.0748506693686664,293.1998054189019,152814.901817007,1.4815013014881109,2471.7340078335046,4.97101752499176e-15,3.8785636817615226e-17
ethanol_reference,0.022,0.003,1.08,0.7,True,14,137.65380027105218,1372.9787481769904,0.04784978369016786,293.35098529036844,134838.88045035384,1.3072283822006616,1718.8449354664638,7.137722506675571e-15,1.898333481764324e-14
ethanol_reference,0.022,0.003,1.08,0.8,True,14,164.42351670504914,1586.8169451610206,0.054654980236453994,306.7704444382101,140726.26853708536,1.3643051005648366,1972.8962927483956,-1.0218006400822345e-15,-4.909146043679122e-15
ethanol_reference,0.022,0.003,1.08,0.9,True,14,190.69494360936557,1796.3170234278944,0.0614396426554176,316.4971626250748,146679.62741046576,1.4220213887950286,2233.5556078268964,-8.481179972466535e-16,7.27521902122165e-15
ethanol_reference,0.022,0.003,1.08,1.0,True,14,215.70922364618417,1964.5441387553378,0.06817219862141816,322.6567385077541,153068.55185100908,1.4839603735486786,2495.617889885892,-2.196948489027354e-15,6.871095964421222e-15
ethanol_reference,0.022,0.003,1.08,1.1,True,14,215.21492805775847,1958.6021837261565,0.07485232525035912,293.1881550524335,152814.90181700935,1.4815013014881337,2471.7340078335046,5.606684663194225e-15,-2.7361142606067585e-15
ethanol_reference,0.022,0.004,1.01,0.7,True,14,104.50442857062916,880.8624199360723,0.04607789084500543,231.27113283010735,121994.22273497724,1.1827027181702843,1824.6548528849553,6.35696695936186e-15,-1.0416420651332516e-14
ethanol_reference,0.022,0.004,1.01,0.8,True,14,127.14883272675709,1033.6643425494244,0.0526671860085348,246.1793310386507,125879.34139252032,1.2203679476678517,2126.27303781119,1.0552685253028932e-14,9.967652761489428e-15
ethanol_reference,0.022,0.004,1.01,0.9,True,14,149.6602931909759,1186.7248772144296,0.059265607368259705,257.5035238525215,129863.57266018761,1.2589940485146593,2444.852644851571,6.751655405571474e-15,3.1899674396141852e-15
ethanol_reference,0.022,0.004,1.01,1.0,True,14,170.07289492907765,1352.7569065972111,0.06612149507823128,262.2839791237086,134291.8818457082,1.3019253709428649,2600.0000000000005,6.958942743439377e-15,-1.172928708617289e-14
ethanol_reference,0.022,0.004,1.01,1.1,True,14,170.09991643517174,1345.4427113090394,0.07255951660892003,239.0501628477112,134094.44512388972,1.300011272534544,2600.0000000000005,-3.0472389657176204e-15,-1.4020061929969252e-14
ethanol_reference,0.022,0.004,1.02,0.7,True,14,104.50268294955184,880.8624199360723,0.04607837483979231,231.2648405544991,121994.22273497724,1.1827027181702843,1824.6548528826156,8.658790786795803e-15,-1.0485414263619883e-15
ethanol_reference,0.022,0.004,1.02,0.8,True,14,127.14694971412064,1033.6643425494244,0.05266778186675848,246.17290012741125,125879.34139252032,1.2203679476678517,2126.273037810245,9.868773981949314e-15,1.6478374235233272e-14
ethanol_reference,0.022,0.004,1.02,0.9,True,14,149.65861455052718,1186.7248772144296,0.05926620435667058,257.49804180231837,129863.57266018761,1.2589940485146593,2444.8526448505986,6.6007473648462915e-15,-4.3057155308383975e-15
ethanol_reference,0.022,0.004,1.02,1.0,True,14,170.07077892000777,1352.7569065972111,0.06612233130302239,262.27739887717746,134291.8818457082,1.3019253709428649,2600.0000000000005,7.935673418488257e-15,-2.021439742565488e-14
ethanol_reference,0.022,0.004,1.02,1.1,True,14,170.098082629768,1345.4427113090394,0.07256031434921927,239.04495757728213,134094.44512388972,1.300011272534544,2600.0000000000005,-3.6644006230405965e-15,-1.6641689267111033e-14
ethanol_reference,0.022,0.004,1.03,0.7,True,14,104.50123405497665,880.8624199360723,0.046078776659559374,231.25961747934974,121994.22273497724,1.1827027181702843,1824.6548528799358,5.1381670758092034e-15,-1.3161128890579145e-14
ethanol_reference,0.022,0.004,1.03,0.8,True,14,127.14538694941845,1033.6643425494244,0.05266827651330892,246.16756245082755,125879.34139252032,1.2203679476678517,2126.273037809089,1.1828322149633051e-14,1.2096173965428536e-14
ethanol_reference,0.022,0.004,1.03,0.9,True,14,149.65694229112378,1186.7248772144296,0.05926679922417189,257.49258005605316,129863.57266018761,1.2589940485146593,2444.8526448495404,4.512945675940838e-15,5.506565885095562e-15
ethanol_reference,0.022,0.004,1.03,1.0,True,14,170.06902313343357,1352.7569065972111,0.06612302537176791,262.2719381628981,134291.8818457082,1.3019253709428649,2600.0000000000005,7.802996221062333e-15,-1.8835703104580264e-14
ethanol_reference,0.022,0.004,1.03,1.1,True,14,170.09625615910792,1345.4427113090394,0.0725611091157856,239.03977252541097,134094.44512388972,1.300011272534544,2600.0000000000005,-3.636872453488281e-15,-8.010149418837552e-15
ethanol_reference,0.022,0.004,1.05,0.7,True,14,104.49892671844307,880.8624199360723,0.046079416729712504,231.25129911828566,121994.22273497724,1.1827027181702843,1824.6548528733965,3.727602708540424e-15,-1.5524710533686575e-15
ethanol_reference,0.022,0.004,1.05,0.8,True,14,127.1428985977744,1033.6643425494244,0.052669064365117084,246.15906249328918,125879.34139252032,1.2203679476678517,2126.273037806663,1.1883843169219742e-14,9.07648392328683e-15
ethanol_reference,0.022,0.004,1.05,0.9,True,14,149.65394824349423,1186.7248772144296,0.059267864657648356,257.4827998976299,129863.57266018761,1.2589940485146593,2444.852644847262,5.365264612956444e-15,-4.957785229586124e-15
ethanol_reference,0.022,0.004,1.05,1.0,True,14,170.06622810800107,1352.7569065972111,0.06612413063027246,262.2632440362668,134291.8818457082,1.3019253709428649,2600.0000000000005,7.446721759245151e-15,-1.5168960761238882e-14
ethanol_reference,0.022,0.004,1.05,1.1,True,14,170.09298692472993,1345.4427113090394,0.07256253222491367,239.03049020309493,134094.44512388972,1.300011272534544,2600.0000000000005,-4.077358666270749e-15,-1.0575149849383481e-14
ethanol_reference,0.022,0.004,1.08,0.7,True,14,104.49777805654466,880.8624199360723,0.046079735458477204,231.2471576588109,121994.22273497724,1.1827027181702843,1824.6548528688706,2.768949433524726e-15,-6.336741154506271e-15
ethanol_reference,0.022,0.004,1.08,0.8,True,14,127.14042502942694,1033.6643425494244,0.05266984782675131,246.15061192860125,125879.34139252032,1.2203679476678517,2126.2730378033925,1.1093653566694556e-14,1.4749158890578735e-14
ethanol_reference,0.022,0.004,1.08,0.9,True,14,149.65064555806612,1186.7248772144296,0.05926904047220566,257.47200957257957,129863.57266018761,1.2589940485146593,2444.8526448440984,5.3365875739326284e-15,-1.8915417913511797e-14
ethanol_reference,0.022,0.004,1.08,1.0,True,14,170.06241341151818,1352.7569065972111,0.06612563984937954,262.25137566741796,134291.8818457082,1.3019253709428649,2600.0000000000005,8.160712467849218e-15,-1.2649311104032456e-14
ethanol_reference,0.022,0.004,1.08,1.1,True,14,170.08902317019025,1345.4427113090394,0.07256425859425876,239.01923334739917,134094.44512388972,1.300011272534544,2600.0000000000005,-3.902419217778609e-15,-1.5928214614822173e-14
ethanol_reference,0.022,0.005,1.01,0.7,True,14,76.40673578822677,589.4353104758858,0.04392355779601067,177.38359817257827,114835.12228859786,1.1132970744622124,1891.1868310545992,6.184061927725999e-16,5.31110434071852e-15
ethanol_reference,0.022,0.005,1.01,0.8,True,14,94.85304780430911,700.2745067010914,0.05023722978127728,192.53289068194576,117519.64938923145,1.139322876567764,2230.156568034986,2.1296678480961266e-15,-3.375267659939811e-14
ethanol_reference,0.022,0.005,1.01,0.9,True,14,113.23790289457813,812.6847320679252,0.05654234933156732,204.21953963761982,120290.14573130007,1.1661821284322045,2597.98890092018,4.27136524779045e-16,-8.78414933575224e-15
ethanol_reference,0.022,0.005,1.01,1.0,True,14,130.051640332348,954.3911869125131,0.06363936157425104,208.3863868064428,123852.32431786401,1.2007165367220918,2600.0000000000005,-3.5209412129191263e-15,5.31224137997389e-14
ethanol_reference,0.022,0.005,1.01,1.1,True,14,130.14894734879084,949.0517178404074,0.06983307716790911,190.04603133049426,123716.68191238238,1.1994015183706837,2600.0000000000005,5.028876921867532e-15,2.917532931662996e-14
ethanol_reference,0.022,0.005,1.02,0.7,True,14,76.40554521381308,589.4353104758858,0.04392388758002596,177.3795023812355,114835.12228859786,1.1132970744622124,1891.186831055179,-7.028966683192207e-17,7.494184435606579e-15
ethanol_reference,0.022,0.005,1.02,0.8,True,14,94.85466355729517,700.2745067010914,0.05023669696904694,192.53821238593176,117519.64938923145,1.139322876567764,2230.1565680328795,2.0762152536194947e-15,-2.961519977361551e-14
ethanol_reference,0.022,0.005,1.02,0.9,True,14,113.24624449013916,812.6847320679252,0.05653911144716019,204.2462794509614,120290.14573130007,1.1661821284322045,2597.9889009195886,-1.4089676872034722e-15,-1.2444014086399568e-14
ethanol_reference,0.022,0.005,1.02,1.0,True,14,130.04952245112915,954.3911869125131,0.06364019699002388,208.38025777048074,123852.32431786401,1.2007165367220918,2600.0000000000005,-3.0116791200693833e-15,5.0358735556503314e-14
ethanol_reference,0.022,0.005,1.02,1.1,True,14,130.14832841664182,949.0517178404074,0.06983334427424988,190.04440064796142,123716.68191238238,1.1994015183706837,2600.0000000000005,6.127960000475731e-15,3.1636821496917345e-14
ethanol_reference,0.022,0.005,1.03,0.7,True,14,76.40404248680176,589.4353104758858,0.043924303265655724,177.37433509107964,114835.12228859786,1.1132970744622124,1891.1868310550556,1.3408626647719361e-15,-6.2957548861131385e-15
ethanol_reference,0.022,0.005,1.03,0.8,True,14,94.85308671797387,700.2745067010914,0.05023719481563964,192.53310367402892,117519.64938923145,1.139322876567764,2230.156568030919,1.7189694152351e-15,-2.8232965548894504e-14
ethanol_reference,0.022,0.005,1.03,0.9,True,14,113.24516355566661,812.6847320679252,0.05653949530338141,204.242943272513,120290.14573130007,1.1661821284322045,2597.988900918841,1.204965605155622e-15,-6.654704953224617e-15
ethanol_reference,0.022,0.005,1.03,1.0,True,14,130.0477106657226,954.3911869125131,0.06364091166016735,208.3750146990765,123852.32431786401,1.2007165367220918,2600.0000000000005,-3.12165687031974e-15,5.2126607308335694e-14
ethanol_reference,0.022,0.005,1.03,1.1,True,14,130.14645219265765,949.0517178404074,0.06983415892249609,190.0394440343985,123716.68191238238,1.1994015183706837,2600.0000000000005,5.070634800825303e-15,2.761008310110467e-14
ethanol_reference,0.022,0.005,1.05,0.7,True,14,76.4016344380253,589.4353104758858,0.04392496953990776,177.3660543206169,114835.12228859786,1.1132970744622124,1891.1868310535974,2.56931563889166e-16,-7.612478346223599e-16
ethanol_reference,0.022,0.005,1.05,0.8,True,14,94.85048618671824,700.2745067010914,0.050238015863864054,192.52467859306174,117519.64938923145,1.139322876567764,2230.1565680270432,1.3997030325502277e-15,-3.879509209766894e-14
ethanol_reference,0.022,0.005,1.05,0.9,True,14,113.24203283574845,812.6847320679252,0.05654060599732778,204.23328479827256,120290.14573130007,1.1661821284322045,2597.9889009173553,-9.526503004900334e-16,-1.6240529501560318e-14
ethanol_reference,0.022,0.005,1.05,1.0,True,14,130.04482623399028,954.3911869125131,0.06364204983826732,208.36666647553668,123852.32431786401,1.2007165367220918,2600.0000000000005,-3.181580976187701e-15,5.144417947574457e-14
ethanol_reference,0.022,0.005,1.05,1.1,True,14,130.1430760803004,949.0517178404074,0.06983562530435088,190.03052397331987,123716.68191238238,1.1994015183706837,2600.0000000000005,4.822855220079354e-15,2.8377075934259223e-14
ethanol_reference,0.022,0.005,1.08,0.7,True,14,76.40043551668225,589.4353104758858,0.04392530135396323,177.3619312185012,114835.12228859786,1.1132970744622124,1891.1868310526286,3.474903881373545e-15,-4.007625144674574e-15
ethanol_reference,0.022,0.005,1.08,0.8,True,14,94.8479004879947,700.2745067010914,0.0502388325420804,192.51630063957742,117519.64938923145,1.139322876567764,2230.1565680224476,-7.908774662068371e-16,-2.4683785965689633e-14
ethanol_reference,0.022,0.005,1.08,0.9,True,14,113.23857574609276,812.6847320679252,0.056541833065034235,204.22261777400348,120290.14573130007,1.1661821284322045,2597.988900915332,2.2557035513390075e-15,1.2022976233971277e-14
ethanol_reference,0.022,0.005,1.08,1.0,True,14,130.04088918684113,954.3911869125131,0.06364360415830288,208.35526964195125,123852.32431786401,1.2007165367220918,2600.0000000000005,-3.367843115381064e-15,5.54872768516294e-14
ethanol_reference,0.022,0.005,1.08,1.1,True,14,130.1389823663495,949.0517178404074,0.069837404356982,190.0197057454758,123716.68191238238,1.1994015183706837,2600.0000000000005,4.486990939176709e-15,2.2894362344424832e-14
ethanol_reference,0.022,0.006,1.01,0.7,True,14,53.98572844635832,405.15742440407706,0.041708531567448436,131.98767853323176,110474.28073698563,1.0710198334505119,1914.4448103719722,-4.616793822827752e-15,-1.4618189235777423e-14
ethanol_reference,0.022,0.006,1.01,0.8,True,14,68.59650919930236,485.7448112932377,0.04771680849792623,146.59189242980952,112365.7287273453,1.0893569368749572,2272.513955301666,-1.7579827855376773e-15,-9.479235770491697e-16
ethanol_reference,0.022,0.006,1.01,0.9,True,14,83.50449578886297,573.6937215318793,0.053912960172815494,157.94140766803284,114457.6338228185,1.1096374205495425,2600.0,2.4444476758828617e-15,2.0421844339085772e-14
ethanol_reference,0.022,0.006,1.01,1.0,True,14,97.86884719753424,682.0516301596224,0.06080091026875209,164.1397304607056,117075.0830563951,1.1350129199283028,2600.0,2.88611493163322e-15,-2.0989404817722367e-14
ethanol_reference,0.022,0.006,1.01,1.1,True,14,97.83469656306177,677.9982956034083,0.06672064432881963,149.52437477291824,116976.36983263714,1.1340559205275071,2600.0,-5.230075683257651e-15,3.414267948723983e-14
ethanol_reference,0.022,0.006,1.02,0.7,True,14,54.0915435035731,405.15742440407706,0.041685256213151334,132.3202227990446,110474.28073698563,1.0710198334505119,1914.4448103669433,2.4632204284002794e-15,-3.2600780670801405e-15
ethanol_reference,0.022,0.006,1.02,0.8,True,14,68.71446500188601,485.7448112932377,0.0476901733985434,146.9259787398209,112365.7287273453,1.0893569368749572,2272.51395529991,-1.3348255484212377e-15,6.55991754217938e-15
ethanol_reference,0.022,0.006,1.02,0.9,True,14,83.61329782412345,573.6937215318793,0.053887978704969634,158.22051125467033,114457.6338228185,1.1096374205495425,2600.0,2.1678572226420654e-15,9.292381283112065e-15
ethanol_reference,0.022,0.006,1.02,1.0,True,14,98.01573314140374,682.0516301596224,0.06076764586169236,164.4760641850277,117075.0830563951,1.1350129199283028,2600.0,2.5211632454253486e-15,-1.4662001423647696e-14
ethanol_reference,0.022,0.006,1.02,1.1,True,14,97.95902937492481,677.9982956034083,0.06669018865927348,149.78276785441645,116976.36983263714,1.1340559205275071,2600.0,-5.660458783190728e-15,2.3511886048135886e-14
ethanol_reference,0.022,0.006,1.03,0.7,True,14,54.178109407391425,405.15742440407706,0.04166586528981999,132.5936619026777,110474.28073698563,1.0710198334505119,1914.4448103616714,-2.0014832670248448e-15,-4.391847185981607e-15
ethanol_reference,0.022,0.006,1.03,0.8,True,14,68.81067474822672,485.7448112932377,0.04766798388560882,147.20018542236176,112365.7287273453,1.0893569368749572,2272.5139552981436,-9.904613131167552e-16,1.2550362833635855e-14
ethanol_reference,0.022,0.006,1.03,0.9,True,14,83.71969854808931,573.6937215318793,0.05386300419230746,158.49530718768133,114457.6338228185,1.1096374205495425,2600.0,2.7943052560584284e-15,2.3549287367450668e-14
ethanol_reference,0.022,0.006,1.03,1.0,True,14,98.13359618732079,682.0516301596224,0.06073993433587103,164.74897473002844,117075.0830563951,1.1350129199283028,2600.0,3.075598730202965e-15,-2.1185624726182348e-14
ethanol_reference,0.022,0.006,1.03,1.1,True,14,98.08024863707115,677.9982956034045,0.06665974213951964,150.03661355124547,116976.36983263711,1.134055920527507,2600.0,-4.715790297940929e-15,3.813265993947356e-14
ethanol_reference,0.022,0.006,1.05,0.7,True,14,54.31363848105481,405.15742440407706,0.04163484961289673,133.02437323515082,110474.28073698563,1.0710198334505119,1914.4448103504099,-7.958363924333905e-17,9.232694537364665e-15
ethanol_reference,0.022,0.006,1.05,0.8,True,14,68.96077372442588,485.7448112932377,0.04763249271925834,147.6311967143136,112365.7287273453,1.0893569368749572,2272.513955294938,-3.6808096230839626e-15,9.012471202367017e-15
ethanol_reference,0.022,0.006,1.05,0.9,True,14,83.90535616436884,573.6937215318793,0.053818067516894955,158.979420823007,114457.6338228185,1.1096374205495425,2600.0,3.38275820044474e-15,1.87646021098347e-14
ethanol_reference,0.022,0.006,1.05,1.0,True,14,98.25857826958922,682.0516301596224,0.060695612482301715,165.07925569558603,117075.0830563951,1.1350129199283028,2600.0,1.9445544523231646e-15,-9.448998962246233e-15
ethanol_reference,0.022,0.006,1.05,1.1,True,14,98.2771733748275,677.9982956034045,0.06660496135155983,150.46150470231817,116976.36983263711,1.134055920527507,2600.0,-4.301512193758806e-15,3.952123032020419e-14
ethanol_reference,0.022,0.006,1.08,0.7,True,14,54.380059386541305,405.15742440407706,0.041619346280334236,133.236663174983,110474.28073698563,1.0710198334505119,1914.444810344368,-9.99896185292799e-16,-1.819725284808594e-15
ethanol_reference,0.022,0.006,1.08,0.8,True,14,69.10629569786754,485.7448112932377,0.04759701631656876,148.05299910665164,112365.7287273453,1.0893569368749572,2272.5139552908718,-4.207745876299917e-15,-2.007332443028476e-15
ethanol_reference,0.022,0.006,1.08,0.9,True,14,84.10314776582209,573.6937215318793,0.05376816403622258,159.5020861815394,114457.6338228185,1.1096374205495425,2600.0,3.38606034455728e-15,1.8055885037420684e-14
ethanol_reference,0.022,0.006,1.08,1.0,True,14,98.32875200834687,682.0516301596224,0.060658687312341135,165.297712607107,117075.0830563951,1.1350129199283028,2600.0,1.9508009213799665e-15,-1.224296880669247e-14
ethanol_reference,0.022,0.006,1.08,1.1,True,14,98.38573056985395,677.9982956034045,0.06654903092484821,150.75429828730762,116976.36983263711,1.134055920527507,2600.0,-5.104814305512484e-15,3.7750067465530995e-14
ethanol_reference,0.026,0.002,1.01,0.7,True,12,172.19585933120302,2726.5735724106094,0.05002895295601149,350.9785817866,180711.10715636672,1.751947861512282,1625.5259210883562,4.349328149776854e-15,3.2831546365150264e-15
ethanol_reference,0.026,0.002,1.01,0.8,True,12,200.72300113943015,3092.093530283637,0.05708420033426588,358.5589311594521,193804.36875637266,1.8788836764785573,1835.6165059677987,2.6980007336451664e-15,6.3384538785886525e-15
ethanol_reference,0.026,0.002,1.01,0.9,True,12,228.43247734792504,3447.012721403236,0.0641161533490172,363.30361157881765,206517.9011260762,2.0021381138944956,2045.1273782546518,-9.3742392166636e-16,8.241164375301204e-15
ethanol_reference,0.026,0.002,1.01,1.0,True,12,254.93589758525758,3791.117807838067,0.071137794945697,365.43481314849566,218844.06230425456,2.121637086904935,2253.8215793782847,1.4537720181577055e-15,-5.61697187703076e-17
ethanol_reference,0.026,0.002,1.01,1.1,True,12,253.26180188115006,3772.6343108746214,0.07811300666208007,330.617366482172,218181.96641643066,2.115218236990051,2235.0213263491246,6.5279531310760624e-15,6.224740963811245e-15
ethanol_reference,0.026,0.002,1.02,0.7,True,12,173.22318081648314,2726.5735724185747,0.050005945027846326,353.2349720494476,180711.10715665205,1.7519478615150483,1625.5259210883562,2.3635415014081387e-15,1.538536541785244e-15
ethanol_reference,0.026,0.002,1.02,0.8,True,12,201.86150212528105,3092.0935302841153,0.05705789475188929,360.758922824456,193804.36875638977,1.8788836764787231,1835.6165059677987,2.9854899396521257e-15,8.477297634525656e-16
ethanol_reference,0.026,0.002,1.02,0.9,True,12,229.46791550403407,3447.0127214033746,0.06409148996235371,365.09083177057676,206517.90112608115,2.0021381138945435,2045.1273782546518,2.1062782038606907e-15,8.739810760753208e-15
ethanol_reference,0.026,0.002,1.02,1.0,True,12,256.27184599724285,3791.117807838501,0.07110491563005072,367.5196770541262,218844.06230427008,2.121637086905085,2253.8215793782847,2.030665184003457e-15,-1.4772117388993938e-15
ethanol_reference,0.026,0.002,1.02,1.1,True,12,254.3410050324494,3772.6343108746814,0.07808291943504614,332.15413605588407,218181.96641643273,2.115218236990071,2235.0213263491246,5.542120544085282e-15,-5.513589787873899e-16
ethanol_reference,0.026,0.002,1.03,0.7,True,12,174.0991483771207,2726.5735724265846,0.049986776142318286,355.15737954443404,180711.107156939,1.75194786151783,1625.5259210883562,5.4731015968233615e-16,-3.3624533278978212e-15
ethanol_reference,0.026,0.002,1.03,0.8,True,12,202.83634018832527,3092.0935302845987,0.057035978798651576,362.64040528052044,193804.36875640712,1.8788836764788912,1835.6165059677987,1.1495467969428379e-15,7.387831857918028e-16
ethanol_reference,0.026,0.002,1.03,0.9,True,12,230.53311079893493,3447.0127214035224,0.06406683240696118,366.92675738463487,206517.90112608645,2.0021381138945946,2045.1273782546518,1.0661981106446005e-15,4.5579814772060256e-15
ethanol_reference,0.026,0.002,1.03,1.0,True,12,257.42490867916,3791.1178078389557,0.0710775237352742,369.3155574498847,218844.06230428637,2.121637086905243,2253.8215793782847,5.812884509849743e-16,-2.2241870324008087e-15
ethanol_reference,0.026,0.002,1.03,1.1,True,12,255.45971320116905,3772.6343108747506,0.0780528399931653,333.7436681826493,218181.96641643526,2.115218236990096,2235.0213263491246,5.1169327008802706e-15,-1.749791631613669e-15
ethanol_reference,0.026,0.002,1.05,0.7,True,12,175.5312487566153,2726.5735724422107,0.04995611418833716,358.2986049847132,180711.1071574987,1.7519478615232564,1625.5259210883562,1.5837443323671369e-15,-4.477956312080834e-15
ethanol_reference,0.026,0.002,1.05,0.8,True,12,204.43670580124117,3092.093530285505,0.05700092337573801,365.7263972008864,193804.3687564396,1.8788836764792063,1835.6165059677987,5.987483707158573e-16,1.134546636607712e-15
ethanol_reference,0.026,0.002,1.05,0.9,True,12,232.51275950700213,3447.012721403853,0.0640224634376791,370.33412627791733,206517.9011260983,2.0021381138947096,2045.1273782546518,-5.181682427235198e-16,3.879481535154459e-15
ethanol_reference,0.026,0.002,1.05,1.0,True,12,259.33266668024874,3791.1178078398325,0.0710337108873829,372.2820073245276,218844.06230431778,2.121637086905548,2253.8215793782847,-1.1118877393824527e-16,3.398406148459626e-16
ethanol_reference,0.026,0.002,1.05,1.1,True,12,257.5578005918302,3772.6343108749375,0.07799871652622364,336.7181881180387,218181.96641644192,2.1152182369901604,2235.0213263491246,4.787461411572254e-15,-1.3867811979526368e-15
ethanol_reference,0.026,0.002,1.08,0.7,True,12,176.25860957036653,2726.5735724512756,0.049940787010861715,359.89373138384616,180711.10715782346,1.7519478615264048,1625.5259210883562,1.8919866164846934e-15,-3.814878102209201e-15
ethanol_reference,0.026,0.002,1.08,0.8,True,12,206.07574335374852,3092.093530286632,0.05696588032789919,368.8853316928026,193804.36875647996,1.8788836764795975,1835.6165059677987,-1.6118190209374515e-15,9.713800596947216e-15
ethanol_reference,0.026,0.002,1.08,0.9,True,12,234.7832671863581,3447.012721404313,0.06397318652280727,374.23851632043466,206517.90112611477,2.0021381138948695,2045.1273782546518,2.4340707986946766e-16,1.1804301870119872e-14
ethanol_reference,0.026,0.002,1.08,1.0,True,12,262.05231878584823,3791.1178078413004,0.0709734965637406,376.505330936321,218844.06230437034,2.1216370869060572,2253.8215793782847,5.171056074745666e-16,3.506190834453387e-15
ethanol_reference,0.026,0.002,1.08,1.1,True,12,260.2363186415444,3772.634310875156,0.07793259951377801,340.50858688161406,218181.96641644975,2.1152182369902364,2235.0213263491246,5.683554476751345e-15,-2.5298452192594394e-16
ethanol_reference,0.026,0.003,1.01,0.7,True,12,142.74264143838542,1734.7688724679983,0.04922434162135816,295.70123431546386,144911.34796314538,1.4048783728230856,1758.774213313177,-4.827946284264587e-16,-1.2560886976576885e-14
ethanol_reference,0.026,0.003,1.01,0.8,True,12,168.25584141429667,1956.740636061223,0.05621149590209419,305.22797279267814,152735.37692119938,1.4807303280081765,2014.8146437887349,-8.968579458092134e-16,2.3171517540432863e-15
ethanol_reference,0.026,0.003,1.01,0.9,True,12,192.84761836500755,2183.2943097373104,0.06313453570202703,311.4774519117348,161250.34351042972,1.5632807464168386,2271.278377688403,3.178644599157231e-15,-6.15642635229093e-15
ethanol_reference,0.026,0.003,1.01,1.0,True,12,217.6332322114147,2421.7524118098813,0.07005270057009995,316.79597440600605,169792.13238905958,1.6460912000457688,2528.1169424700483,2.7282323828847907e-15,-1.820398361705522e-15
ethanol_reference,0.026,0.003,1.01,1.1,True,12,216.3814341699785,2410.0112829282643,0.07692770242087663,286.82470640207765,169371.55433684884,1.6420138036379652,2504.134576530274,5.571929361212985e-16,6.608236195627327e-15
ethanol_reference,0.026,0.003,1.02,0.7,True,12,143.41723730626703,1734.7688724679983,0.049201251200568556,297.23813629360205,144911.34796314538,1.4048783728230856,1758.774213301369,-1.6979575579703894e-15,-1.9327698745038788e-14
ethanol_reference,0.026,0.003,1.02,0.8,True,12,169.0144871955532,1956.740636061353,0.056185091852215256,306.74829770641514,152735.37692120488,1.4807303280082298,2014.8146437887349,-2.5801306183500306e-15,9.185486629518706e-15
ethanol_reference,0.026,0.003,1.02,0.9,True,12,193.52678352300154,2183.2943097373545,0.06310977735941341,312.6970289880749,161250.3435104313,1.5632807464168537,2271.278377688403,8.002167580888501e-16,-1.5196426617081427e-15
ethanol_reference,0.026,0.003,1.02,1.0,True,12,218.5093183169322,2421.7524118102174,0.07001969184990182,318.22118705145823,169792.13238907163,1.6460912000458856,2528.1169424700483,4.950771648616765e-16,5.36375161702928e-15
ethanol_reference,0.026,0.003,1.02,1.1,True,12,217.09274006068472,2410.0112829283094,0.07689749305819502,287.8806290761014,169371.55433685047,1.642013803637981,2504.134576530274,2.320624444733553e-17,5.930098133683067e-15
ethanol_reference,0.026,0.003,1.03,0.7,True,12,143.98984728129793,1734.7688724679983,0.049182013820043495,298.5416219722121,144911.34796314538,1.4048783728230856,1758.77421328914,-1.7232848249547233e-15,-1.3006656897935135e-14
ethanol_reference,0.026,0.003,1.03,0.8,True,12,169.65712601808985,1956.740636061477,0.05616309414865805,308.03524034834436,152735.37692121026,1.480730328008282,2014.8146437887349,-1.1973469744728531e-15,3.1756287209671432e-15
ethanol_reference,0.026,0.003,1.03,0.9,True,12,194.21952569938364,2183.294309737402,0.06308502517906292,313.9394787755029,161250.34351043295,1.5632807464168699,2271.278377688403,2.8457700034044275e-15,3.6575880501571837e-16
ethanol_reference,0.026,0.003,1.03,1.0,True,12,219.2608332271626,2421.7524118105484,0.06999219254263232,319.44109534303016,169792.1323890835,1.6460912000460008,2528.1169424700483,-1.733975765844246e-16,-4.1653702695205225e-15
ethanol_reference,0.026,0.003,1.03,1.1,True,12,217.82529197032034,2410.011282928366,0.07686729192737572,288.9655355995183,169371.55433685248,1.6420138036380005,2504.134576530274,-2.0625483862385876e-15,-6.256656771839511e-15
ethanol_reference,0.026,0.003,1.05,0.7,True,12,144.92068181760726,1734.7688724679983,0.04915124274222898,300.6596793904954,144911.34796314538,1.4048783728230856,1758.77421326326,-8.080936392766676e-16,-5.577758128636209e-15
ethanol_reference,0.026,0.003,1.05,0.8,True,12,170.69983638036,1956.740636061749,0.05612790850067289,310.12270964567637,152735.3769212218,1.4807303280083937,2014.8146437887349,-2.8369137977773326e-15,4.8468367712182106e-15
ethanol_reference,0.026,0.003,1.05,0.9,True,12,195.49746048575614,2183.2943097375164,0.06304048671442232,316.2284119988083,161250.3435104371,1.5632807464169098,2271.278377688403,1.9501152119600234e-15,-1.271370062594397e-15
ethanol_reference,0.026,0.003,1.05,1.0,True,12,220.49716182741668,2421.752411811124,0.06994820863319866,321.4443017548838,169792.1323891041,1.6460912000462005,2528.1169424700483,-1.699727448995679e-15,8.841579926002688e-15
ethanol_reference,0.026,0.003,1.05,1.1,True,12,219.1892960860193,2410.011282928442,0.07681295053957418,290.9807231203548,169371.55433685522,1.642013803638027,2504.134576530274,-5.157330567050127e-16,8.529184484009928e-15
ethanol_reference,0.026,0.003,1.08,0.7,True,12,145.3909149303841,1734.7688724679983,0.049135861217924306,301.7296725840728,144911.34796314538,1.4048783728230856,1758.774213247691,-5.8468635991889436e-15,-1.1307313471040196e-14
ethanol_reference,0.026,0.003,1.08,0.8,True,12,171.75561581952493,1956.7406360620969,0.056092735931871585,312.23648340829675,152735.3769212366,1.4807303280085373,2014.8146437887349,-2.4708495885825215e-15,6.589985238458349e-15
ethanol_reference,0.026,0.003,1.08,0.9,True,12,196.95192988739353,2183.294309737701,0.0629910227137277,318.8312674270951,161250.3435104437,1.563280746416974,2271.278377688403,2.113429086490926e-15,-3.711951004109263e-15
ethanol_reference,0.026,0.003,1.08,1.0,True,12,222.24914144555166,2421.7524118121264,0.06988776069317137,324.27860129534474,169792.13238914002,1.6460912000465489,2528.1169424700483,-8.500930889023326e-16,-1.264790153582025e-16
ethanol_reference,0.026,0.003,1.08,1.1,True,12,220.91782476900545,2410.0112829285986,0.07674656911884933,293.5290661709118,169371.55433686078,1.642013803638081,2504.134576530274,-2.3756907392476784e-15,7.602772355502188e-15
ethanol_reference,0.026,0.004,1.01,0.7,True,12,112.54209637102696,1157.862246479298,0.047963081371366914,239.26944856501837,129105.11294975244,1.2516409760408662,1894.2907074457476,5.692936565916846e-16,4.834598654627896e-15
ethanol_reference,0.026,0.004,1.01,0.8,True,12,135.50843872582433,1349.432815229022,0.0548408365331966,251.96579902716317,134202.12545956776,1.3010552057868308,2208.6883767970166,-7.144245373979662e-15,-1.1698073093150027e-14
ethanol_reference,0.026,0.004,1.01,0.9,True,12,158.0579625705729,1538.3153374193187,0.06169857817358654,261.22849471508766,139374.30360409015,1.3511981470937857,2538.756843657397,-9.657823514630649e-17,1.4358437653965468e-14
ethanol_reference,0.026,0.004,1.01,1.0,True,12,176.272236201406,1742.9498462075217,0.06882444093739043,261.1683505224038,145145.4589321308,1.40714801865684,2600.0000000000005,-5.680828701390842e-15,-2.1704880190105848e-14
ethanol_reference,0.026,0.004,1.01,1.1,True,12,175.80382940188164,1732.2538608068173,0.07554619544690298,237.2985351336494,144839.434181364,1.4041811871426495,2600.0000000000005,1.5893651760460702e-14,3.689555088382955e-14
ethanol_reference,0.026,0.004,1.02,0.7,True,12,113.00433958664878,1157.8622464792938,0.04793991366484888,240.36830357886407,129105.11294975234,1.2516409760408653,1894.2907074421023,7.970736438776575e-16,-9.644708901367296e-17
ethanol_reference,0.026,0.004,1.02,0.8,True,12,136.0360945175324,1349.432815229022,0.054814338118091575,253.06920760563094,134202.12545956776,1.3010552057868308,2208.6883767951863,-7.303558067756462e-15,-2.010243191554046e-14
ethanol_reference,0.026,0.004,1.02,0.9,True,12,158.5492272715438,1538.3153374193187,0.061673725968708,262.14601933722355,139374.30360409015,1.3511981470937857,2538.7568436551146,-3.0530954179818267e-15,8.233293652926095e-15
ethanol_reference,0.026,0.004,1.02,1.0,True,12,176.92371927832914,1742.9498462075217,0.06879134442455796,262.25971670945023,145145.4589321308,1.40714801865684,2600.0000000000005,-6.775221741039624e-15,-1.6743820781991217e-14
ethanol_reference,0.026,0.004,1.02,1.1,True,12,176.33217754859533,1732.2538608068173,0.0755158987354395,238.1071844830224,144839.434181364,1.4041811871426495,2600.0000000000005,1.6858086504772098e-14,3.671176993083577e-14
ethanol_reference,0.026,0.004,1.03,0.7,True,12,113.39551568826685,1157.8622464792938,0.04792061211543706,241.29751420489367,129105.11294975234,1.2516409760408653,1894.2907074377958,4.600004385083801e-16,5.843231641337034e-15
ethanol_reference,0.026,0.004,1.03,0.8,True,12,136.4843828269658,1349.432815229022,0.05479226207355768,254.0054612092905,134202.12545956776,1.3010552057868308,2208.6883767929044,-9.037679045184105e-15,-1.7214916135710842e-14
ethanol_reference,0.026,0.004,1.03,0.9,True,12,159.05098646866114,1538.3153374193187,0.06164888025728221,263.0816146463077,139374.30360409015,1.3511981470937857,2538.7568436525976,-8.202761268101203e-16,-1.179815589661612e-15
ethanol_reference,0.026,0.004,1.03,1.0,True,12,177.4817611067555,1742.9498462075217,0.06876377224787308,263.19240988707094,145145.4589321308,1.40714801865684,2600.0000000000005,-6.540486312955518e-15,-1.7937360349988524e-14
ethanol_reference,0.026,0.004,1.03,1.1,True,12,176.87605203360334,1732.2538608068173,0.0754856105789265,238.9374300120525,144839.434181364,1.4041811871426495,2600.0000000000005,1.6375061268551127e-14,3.216816365722429e-14
ethanol_reference,0.026,0.004,1.05,0.7,True,12,114.02930604910465,1157.8622464792938,0.04788973881115401,242.80260243518373,129105.11294975234,1.2516409760408653,1894.2907074269199,9.441138986475814e-17,7.330678615263666e-15
ethanol_reference,0.026,0.004,1.05,0.8,True,12,137.21358887122994,1349.432815229022,0.05475695163809681,255.52722901311634,134202.12545956776,1.3010552057868308,2208.6883767879176,-7.0773088243385386e-15,-1.0173170128546241e-14
ethanol_reference,0.026,0.004,1.05,0.9,True,12,159.97431926812635,1538.3153374193187,0.061604174266761916,264.80089857454766,139374.30360409015,1.3511981470937857,2538.756843647128,3.7771345075257473e-16,1.222197423154214e-14
ethanol_reference,0.026,0.004,1.05,1.0,True,12,178.39707251263536,1742.9498462075217,0.06871967229475881,264.71952079260404,145145.4589321308,1.40714801865684,2600.0000000000005,-5.848682612764258e-15,-1.7035078658140603e-14
ethanol_reference,0.026,0.004,1.05,1.1,True,12,177.88631438690643,1732.2538608068173,0.07543111335436184,240.47578085592215,144839.434181364,1.4041811871426495,2600.0000000000005,1.611969232297883e-14,3.137016305374452e-14
ethanol_reference,0.026,0.004,1.08,0.7,True,12,114.34857251240001,1157.8622464792938,0.047874306377481475,243.56090384345055,129105.11294975234,1.2516409760408653,1894.290707419294,4.001136174380784e-16,-7.860487984217556e-15
ethanol_reference,0.026,0.004,1.08,0.8,True,12,137.952242356278,1349.432815229022,0.05472165496468114,257.06850101326575,134202.12545956776,1.3010552057868308,2208.6883767810805,-6.4524060475422575e-15,-1.4858706823588486e-14
ethanol_reference,0.026,0.004,1.08,0.9,True,12,161.01988218557648,1538.3153374193187,0.0615545253692722,266.74656898320194,139374.30360409015,1.3511981470937857,2538.756843639618,1.0038300359731673e-16,1.6562421395781797e-14
ethanol_reference,0.026,0.004,1.08,1.0,True,12,179.68662698664934,1742.9498462075217,0.06865906588692097,266.8684236039213,145145.4589321308,1.40714801865684,2600.0000000000005,-5.4418718712963634e-15,-1.6151425793715172e-14
ethanol_reference,0.026,0.004,1.08,1.1,True,12,179.15957327726053,1732.2538608068173,0.07536454286915213,242.41097288710336,144839.434181364,1.4041811871426495,2600.0000000000005,1.6507316439199588e-14,3.4621326899424465e-14
ethanol_reference,0.026,0.005,1.01,0.7,True,12,85.77136333804036,806.3128873491702,0.046381719561453524,188.5709512971742,120131.80339633262,1.164647040083191,2000.9036726592908,3.0027673694803708e-15,5.7064725329844866e-15
ethanol_reference,0.026,0.005,1.01,0.8,True,12,105.13123161447862,951.1449489301583,0.05304559907532895,202.09786153113924,123769.84446204414,1.1999169156622949,2370.161907812657,4.8634937792430286e-15,2.0807438915914615e-14
ethanol_reference,0.026,0.005,1.01,0.9,True,12,123.54556468675226,1107.6715772856783,0.05995608041851106,210.12283403652702,127794.1269635939,1.238931302955107,2600.0000000000005,4.728216562147828e-15,2.1759412467613526e-14
ethanol_reference,0.026,0.005,1.01,1.0,True,12,139.09668383242362,1277.242191681146,0.06711761525661579,211.32923619691053,132263.952742458,1.282265118113671,2600.0000000000005,-5.0898739860067554e-15,3.375232360592071e-14
ethanol_reference,0.026,0.005,1.01,1.1,True,12,138.82283830824915,1269.2513186530957,0.07368122751033,192.124783663096,132050.71514631942,1.2801978342791154,2600.0000000000005,-5.612141646108466e-16,-3.6622150899450795e-14
ethanol_reference,0.026,0.005,1.02,0.7,True,12,86.10291766494646,806.3128873491702,0.0463584817256437,189.39477277807774,120131.80339633262,1.164647040083191,2000.9036726603035,4.224306462424788e-16,3.5131493954147255e-15
ethanol_reference,0.026,0.005,1.02,0.8,True,12,105.51383321591122,951.1449489301583,0.05301901410309089,202.93505687319302,123769.84446204414,1.1999169156622949,2370.161907808786,2.5923812445774667e-15,1.870568154257247e-14
ethanol_reference,0.026,0.005,1.02,0.9,True,12,123.90829535813526,1107.6715772856783,0.059931163937891184,210.82737159934135,127794.1269635939,1.238931302955107,2600.0000000000005,5.5849591108152705e-15,2.350635881502129e-14
ethanol_reference,0.026,0.005,1.02,1.0,True,12,139.58497274711627,1277.242191681146,0.0670844471441187,212.175945182244,132263.952742458,1.282265118113671,2600.0000000000005,-3.763872169790286e-15,3.110826317660135e-14
ethanol_reference,0.026,0.005,1.02,1.1,True,12,139.21946384023505,1269.2513186530957,0.0736508632660177,192.75313030238988,132050.71514631942,1.2801978342791154,2600.0000000000005,-7.123602017074615e-16,-3.7836395326634716e-14
ethanol_reference,0.026,0.005,1.03,0.7,True,12,86.38254207045514,806.3128873491702,0.046339121951320186,190.08922689563727,120131.80339633262,1.164647040083191,2000.903672660207,5.453762690797708e-16,-1.0357467647581115e-15
ethanol_reference,0.026,0.005,1.03,0.8,True,12,105.83781962458467,951.1449489301583,0.05299686620252058,203.64324978198346,123769.84446204414,1.1999169156622949,2370.1619078052195,4.868241047378751e-15,2.7714010762218864e-14
ethanol_reference,0.026,0.005,1.03,0.9,True,12,124.27782070792485,1107.6715772856783,0.05990625417958954,211.54403730455942,127794.1269635939,1.238931302955107,2600.0000000000005,6.780269005828904e-15,1.8912054820240786e-14
ethanol_reference,0.026,0.005,1.03,1.0,True,12,140.00221322970953,1277.242191681146,0.06705681554012884,212.89786210872836,132263.952742458,1.282265118113671,2600.0000000000005,-4.1568326814936455e-15,2.961034588649472e-14
ethanol_reference,0.026,0.005,1.03,1.1,True,12,139.62679715361654,1269.2513186530957,0.07362050782835902,193.396803450027,132050.71514631942,1.2801978342791154,2600.0000000000005,2.783855999603364e-16,-3.343066816091525e-14
ethanol_reference,0.026,0.005,1.05,0.7,True,12,86.83394702669814,806.3128873491702,0.0463081558938313,191.21034278064582,120131.80339633262,1.164647040083191,2000.9036726580423,5.726752768200421e-17,-5.885242128958204e-15
ethanol_reference,0.026,0.005,1.05,0.8,True,12,106.3629584345218,951.1449489301583,0.05296144131449412,204.79056174458148,123769.84446204414,1.1999169156622949,2370.16190779809,1.2478758971037808e-15,8.905873812890798e-15
ethanol_reference,0.026,0.005,1.05,0.9,True,12,124.9555619755584,1107.6715772856785,0.05986143347832028,212.85693483165923,127794.12696359391,1.2389313029551072,2600.0000000000005,5.806878681910497e-15,1.9443791216540977e-14
ethanol_reference,0.026,0.005,1.05,1.0,True,12,140.68476341851988,1277.242191681146,0.06701262095288879,214.07688900525633,132263.952742458,1.282265118113671,2600.0000000000005,-3.616109063131338e-15,3.490512721420127e-14
ethanol_reference,0.026,0.005,1.05,1.1,True,12,140.3811566657443,1269.2513186530957,0.07356589012837786,194.58602512502554,132050.71514631942,1.2801978342791154,2600.0000000000005,-9.95901246937643e-16,-3.452074137601494e-14
ethanol_reference,0.026,0.005,1.08,0.7,True,12,87.06064802566384,806.3128873491702,0.04629267727038003,191.77364442677757,120131.80339633262,1.164647040083191,2000.9036726554891,6.806809384450263e-16,3.3105396990598798e-15
ethanol_reference,0.026,0.005,1.08,0.8,True,12,106.89280976270291,951.1449489301583,0.05292603082123375,205.94843307626795,123769.84446204414,1.1999169156622949,2370.161907789548,1.7524175345844149e-15,2.038897100861754e-14
ethanol_reference,0.026,0.005,1.08,0.9,True,12,125.71994384288654,1107.6715772856783,0.0598116579835333,214.337253561104,127794.1269635939,1.238931302955107,2600.0000000000005,4.66514831689058e-15,2.0216512126008035e-14
ethanol_reference,0.026,0.005,1.08,1.0,True,12,141.64302824141305,1277.242191681146,0.06695188532021083,215.7305827345515,132263.952742458,1.282265118113671,2600.0000000000005,-4.419258824221189e-15,3.5923789492893375e-14
ethanol_reference,0.026,0.005,1.08,1.1,True,12,141.32823301784586,1269.2513186530957,0.07349917348823642,196.0766138178215,132050.71514631942,1.2801978342791154,2600.0000000000005,-1.2247927147172608e-15,-3.570185799237944e-14
ethanol_reference,0.026,0.006,1.01,0.7,True,12,63.99253239423406,576.758619737273,0.04458210947166937,146.36862985001395,114531.05783538872,1.110349247530353,2061.8196211269533,4.435497345300399e-15,1.9510411558550782e-14
ethanol_reference,0.026,0.006,1.01,0.8,True,12,80.07041434941321,687.4068285624558,0.05100780891611295,160.0717643571726,117205.5973530957,1.1362782225795867,2468.4773441032885,2.1808707321628456e-16,-1.0589789536184192e-14
ethanol_reference,0.026,0.006,1.01,0.9,True,12,95.41417912028429,818.170344220107,0.05796490705408524,167.85222359823803,120426.59056631771,1.1675049261322745,2600.0000000000005,9.204175196433305e-15,-7.765821938737595e-15
ethanol_reference,0.026,0.006,1.01,1.0,True,12,108.85745520032185,951.4929743109142,0.06494257403135574,170.92595054469444,123778.68505396375,1.2000026229348126,2600.0000000000005,8.20776529168813e-15,3.180452627257022e-14
ethanol_reference,0.026,0.006,1.01,1.1,True,12,108.64354981765082,945.2036610729784,0.07127762976257908,155.42827329353267,123618.99621243385,1.1984544805498314,2600.0000000000005,-1.351421441188461e-14,-1.0058769641024584e-15
ethanol_reference,0.026,0.006,1.02,0.7,True,12,64.23753976939093,576.758619737273,0.044558807675877575,147.00586528513367,114531.05783538872,1.110349247530353,2061.819621120498,6.752324155408198e-15,2.824215424297239e-14
ethanol_reference,0.026,0.006,1.02,0.8,True,12,80.35572068461961,687.4068285624558,0.05098114452462054,160.72615072041162,117205.5973530957,1.1362782225795867,2468.477344100702,6.256770339100842e-16,-1.778785727084726e-14
ethanol_reference,0.026,0.006,1.02,0.9,True,12,95.68971449470068,818.170344220107,0.05793993038512233,168.40951074137078,120426.59056631771,1.1675049261322745,2600.0000000000005,8.942603277668977e-15,-3.034031283589845e-15
ethanol_reference,0.026,0.006,1.02,1.0,True,12,109.23135677826892,951.4929743109142,0.06490931155032906,171.60093492289192,123778.68505396375,1.2000026229348126,2600.0000000000005,8.422761785487676e-15,4.085069378554703e-14
ethanol_reference,0.026,0.006,1.02,1.1,True,12,108.94782153565146,945.2036610729784,0.07124717592582294,155.93019448826172,123618.99621243385,1.1984544805498314,2600.0000000000005,-1.3788940328733405e-14,2.1979768278667553e-15
ethanol_reference,0.026,0.006,1.03,0.7,True,12,64.44344929863327,576.758619737273,0.0445393948002843,147.54136279736335,114531.05783538872,1.110349247530353,2061.8196211136897,8.558654592113953e-15,2.1738187969542325e-14
ethanol_reference,0.026,0.006,1.03,0.8,True,12,80.59645907613914,687.4068285624558,0.050958930695548535,161.27794462478863,117205.5973530957,1.1362782225795867,2468.4773440981303,-2.0050409001587808e-16,-1.5707533120022775e-14
ethanol_reference,0.026,0.006,1.03,0.9,True,12,95.96959884155078,818.170344220107,0.057914960654103224,168.97491561152205,120426.59056631771,1.1675049261322745,2600.0000000000005,8.982426271493345e-15,-1.7780599351810163e-15
ethanol_reference,0.026,0.006,1.03,1.0,True,12,109.54986806583345,951.4929743109142,0.0648816016230409,172.17481350930885,123778.68505396375,1.2000026229348126,2600.0000000000005,9.106186374949782e-15,3.7738201396217753e-14
ethanol_reference,0.026,0.006,1.03,1.1,True,12,109.25937949353131,945.2036610729784,0.07121673123195577,156.44295766199042,123618.99621243385,1.1984544805498314,2600.0000000000005,-1.3115621141849577e-14,-9.531688566411648e-16
ethanol_reference,0.026,0.006,1.05,0.7,True,12,64.77464226803968,576.758619737273,0.04450834415460971,148.4030784904509,114531.05783538872,1.110349247530353,2061.819621099009,6.357096829691317e-15,1.5280575785827662e-14
ethanol_reference,0.026,0.006,1.05,0.8,True,12,80.98519631148204,687.4068285624558,0.05092340080012744,162.16889758433396,117205.5973530957,1.1362782225795867,2468.477344093419,6.752849527817465e-16,-1.733742177152932e-14
ethanol_reference,0.026,0.006,1.05,0.9,True,12,96.48105372052473,818.170344220107,0.0578700325424317,170.0073257292132,120426.59056631771,1.1675049261322745,2600.0000000000005,9.694852756911862e-15,-9.247765373279869e-15
ethanol_reference,0.026,0.006,1.05,1.0,True,12,110.0691705764655,951.4929743109142,0.06483728231491123,173.10922632554926,123778.68505396375,1.2000026229348126,2600.0000000000005,8.45743520761206e-15,3.1830834909615406e-14
ethanol_reference,0.026,0.006,1.05,1.1,True,12,109.83417232184297,945.2036610729784,0.07116195371329348,157.38703114705618,123618.99621243385,1.1984544805498314,2600.0000000000005,-1.3534689248767545e-14,-3.9547461507287714e-16
ethanol_reference,0.026,0.006,1.08,0.7,True,12,64.94047752084889,576.7586197372897,0.04449282340882534,148.83491928139387,114531.05783538915,1.1103492475303571,2061.819621091242,7.380398719493678e-15,7.60777913196098e-15
ethanol_reference,0.026,0.006,1.08,0.8,True,12,81.37583562016259,687.406828562456,0.05088788588467033,163.06485813650966,117205.59735309574,1.136278222579587,2468.4773440874797,5.269110586598794e-16,-2.1502353287005415e-14
ethanol_reference,0.026,0.006,1.08,0.9,True,12,97.05540995567476,818.170344220107,0.057820138512292854,171.16696299158758,120426.59056631771,1.1675049261322745,2600.0000000000005,1.0570333632363087e-14,-1.2503875727473723e-14
ethanol_reference,0.026,0.006,1.08,1.0,True,12,110.79508764405367,951.4929743109142,0.06477637638117167,174.41473805841264,123778.68505396375,1.2000026229348126,2600.0000000000005,8.539513931853634e-15,3.7132590931082255e-14
ethanol_reference,0.026,0.006,1.08,1.1,True,12,110.55233989542147,945.2036610729784,0.071095043199207,158.56522241379741,123618.99621243385,1.1984544805498314,2600.0000000000005,-1.2975933163439951e-14,2.2753426408442937e-15
ethanol_reference,0.03,0.002,1.01,0.7,True,10,179.98406959332308,3169.536610697469,0.050479952067935804,363.57537264508784,196578.45123566868,1.905777695024169,1642.96744666671,-3.264990996735247e-15,-4.338349309808138e-15
ethanol_reference,0.03,0.002,1.01,0.8,True,10,209.64307864527575,3585.338435544705,0.057584252715892306,371.241157348901,211472.85562924738,2.050175127680317,1853.6208653371616,2.0224082390041822e-15,-1.4211188050552924e-15
ethanol_reference,0.03,0.002,1.01,0.9,True,10,238.21642253755292,3986.9886106252397,0.06466903827493603,375.6251132519007,225860.3348919924,2.189658051135088,2063.585893811394,2.2049048103884855e-15,-1.5426376898064855e-15
ethanol_reference,0.03,0.002,1.01,1.0,True,10,265.72226785903695,4374.646051998921,0.07173248322193607,377.73863738522135,239746.58154355755,2.3242816529073407,2272.6233180140407,4.7915614951421975e-15,-1.882146676058559e-15
ethanol_reference,0.03,0.002,1.01,1.1,True,10,264.40791035193286,4349.753488316759,0.07874196482999155,342.41085246933824,238854.9069819771,2.315637096599166,2253.7029551956607,-6.329991059541463e-16,-6.849202961854501e-16
ethanol_reference,0.03,0.002,1.02,0.7,True,10,179.9840714729308,3169.536610727133,0.05047995152812208,363.57538032991334,196578.4512367313,1.9057776950344707,1642.96744666671,-4.983120316599992e-16,3.2298417484645135e-15
ethanol_reference,0.03,0.002,1.02,0.8,True,10,209.64308062795726,3585.3384355532376,0.0575842520643053,371.24116506061296,211472.855629553,2.0501751276832794,1853.6208653371616,1.4932653252203586e-15,-6.0112671103533474e-15
ethanol_reference,0.03,0.002,1.02,0.9,True,10,238.21642427006242,3986.9886106285503,0.06466903763353317,375.6251197093004,225860.33489211104,2.189658051136238,2063.585893811394,4.0932457197851474e-15,-9.47961163733629e-16
ethanol_reference,0.03,0.002,1.02,1.0,True,10,265.72227002987177,4374.646052001631,0.07173248232766113,377.7386451803753,239746.58154365467,2.324281652908282,2272.6233180140407,6.479555800390444e-15,-3.1953034530128123e-15
ethanol_reference,0.03,0.002,1.02,1.1,True,10,264.4079122003257,4349.753488318822,0.07874196399057097,342.4108585132608,238854.90698205095,2.315637096599882,2253.7029551956607,-3.649741406622365e-15,-4.1650946884758505e-15
ethanol_reference,0.03,0.002,1.03,0.7,True,10,179.98407303430497,3169.5366107570962,0.05047995107967642,363.5753867138272,196578.4512378046,1.9057776950448762,1642.96744666671,-4.24106054557219e-15,-2.3519404300288735e-15
ethanol_reference,0.03,0.002,1.03,0.8,True,10,209.6430822747604,3585.338435561947,0.05758425152304801,371.24117146625616,211472.855629865,2.050175127686304,1853.6208653371616,-1.784716741340189e-15,-3.3610369685128276e-15
ethanol_reference,0.03,0.002,1.03,0.9,True,10,238.21642599724998,3986.9886106324507,0.06466903699403473,375.6251261472468,225860.3348922507,2.189658051137592,2063.585893811394,4.5398232495938336e-15,1.7355495758201008e-15
ethanol_reference,0.03,0.002,1.03,1.0,True,10,265.72227183237226,4374.646052004446,0.07173248158503116,377.73865165336946,239746.58154375548,2.3242816529092596,2272.6233180140407,6.035687282232446e-15,-1.595669864927924e-15
ethanol_reference,0.03,0.002,1.03,1.1,True,10,264.40791404261915,4349.753488321233,0.07874196315382434,342.41086453765695,238854.90698213733,2.3156370966007196,2253.7029551956607,-1.2088652706059133e-15,-5.3407285737572165e-15
ethanol_reference,0.03,0.002,1.05,0.7,True,10,179.98407552316613,3169.5366108155254,0.05047995036479732,363.5753968902566,196578.45123989758,1.905777695065167,1642.96744666671,-2.3692508429406366e-15,1.3449231843463335e-15
ethanol_reference,0.03,0.002,1.05,0.8,True,10,209.6430848994165,3585.338435578667,0.05758425066029705,371.2411816761505,211472.85563046395,2.050175127692111,1853.6208653371616,1.3995353676213419e-15,-1.1549658094535233e-14
ethanol_reference,0.03,0.002,1.05,0.9,True,10,238.21642909284049,3986.988610640951,0.06466903584771395,375.62513768676115,225860.33489255517,2.1896580511405435,2063.585893811394,4.353986434696524e-15,-2.4734001285296965e-15
ethanol_reference,0.03,0.002,1.05,1.0,True,10,265.72227470441186,4374.646052009737,0.07173248040158131,377.7386619681011,239746.58154394507,2.3242816529110977,2272.6233180140407,5.0606911517708645e-15,1.0573307274821505e-15
ethanol_reference,0.03,0.002,1.05,1.1,True,10,264.40791734374375,4349.753488326634,0.07874196165425762,342.4108753335394,238854.9069823308,2.3156370966025954,2253.7029551956607,-3.754684055095607e-15,-7.505796863151558e-15
ethanol_reference,0.03,0.002,1.08,0.7,True,10,179.98407676330507,3169.5366108496123,0.0504799500085688,363.5754019610799,196578.45124111863,1.905777695077005,1642.96744666671,-1.9219112279050616e-16,-4.122934421881275e-15
ethanol_reference,0.03,0.002,1.08,0.8,True,10,209.64308751155704,3585.338435599188,0.0575842498015393,371.2411918381385,211472.855631199,2.050175127699237,1853.6208653371616,2.297182538011635e-15,-7.904634822571732e-15
ethanol_reference,0.03,0.002,1.08,0.9,True,10,238.21643251238797,3986.9886106528606,0.06466903458118468,375.6251504353207,225860.33489298183,2.18965805114468,2063.585893811394,2.704296197737115e-15,-3.747020991868981e-15
ethanol_reference,0.03,0.002,1.08,1.0,True,10,265.7222786298485,4374.646052018993,0.07173247878373358,377.73867606780595,239746.5815442766,2.3242816529143115,2272.6233180140407,6.579275821717191e-15,-5.110882764555664e-15
ethanol_reference,0.03,0.002,1.08,1.1,True,10,264.40792135263825,4349.753488334878,0.07874195983276765,342.4108884458807,238854.90698262613,2.3156370966054585,2253.7029551956607,-2.174257290137628e-15,-5.7122108815561485e-15
ethanol_reference,0.03,0.003,1.01,0.7,True,10,153.77298311458742,2023.444520859599,0.04980028808191652,314.86726290016173,155524.37682269924,1.5077689671382146,1786.0041231698215,-2.0139863725029544e-15,-1.3652724185572408e-14
ethanol_reference,0.03,0.003,1.01,0.8,True,10,181.15417403187953,2308.3570860268405,0.056807135115180894,325.1807152999121,165730.20736221605,1.6067118781192857,2039.2357699279246,-6.7795593150694625e-15,-3.244122154413941e-16
ethanol_reference,0.03,0.003,1.01,0.9,True,10,208.1421778140194,2590.4655461118477,0.06379866131443146,332.68088851494394,175835.5922746069,1.7046809944929824,2293.349446089142,-8.818462860546121e-16,-6.907879927850038e-16
ethanol_reference,0.03,0.003,1.01,1.0,True,10,234.32717196751798,2865.976563473423,0.07076727429274379,337.6521404626798,185704.65071122439,1.8003589862625247,2548.554756196444,1.2144996939243842e-15,-9.382399793799126e-15
ethanol_reference,0.03,0.003,1.01,1.1,True,10,233.18279181830408,2849.4149294345316,0.07768797601596364,306.07088200588674,185111.3977237361,1.794607550619631,2524.553227539371,7.980210900344948e-15,-2.9286958925705135e-15
ethanol_reference,0.03,0.003,1.02,0.7,True,10,153.77298509423687,2023.444520870868,0.04980028751427822,314.86727054266345,155524.37682310294,1.5077689671421284,1786.0041231698215,-2.359250406024548e-15,-1.1413142114921237e-14
ethanol_reference,0.03,0.003,1.02,0.8,True,10,181.15417612412423,2308.3570860307973,0.05680713442877399,325.1807229847896,165730.2073623578,1.60671187812066,2039.2357699279246,-8.431922144864564e-15,8.54813929027579e-15
ethanol_reference,0.03,0.003,1.02,0.9,True,10,208.14217978082846,2590.4655461134676,0.06379866058760018,332.68089544865666,175835.5922746649,1.7046809944935446,2293.349446089142,-1.014389938191434e-16,2.0401753119456864e-15
ethanol_reference,0.03,0.003,1.02,1.0,True,10,234.32717442818569,2865.976563475897,0.07076727328098438,337.6521488357735,185704.650711313,1.800358986263384,2548.554756196444,3.093832135331819e-17,-8.297266106543396e-15
ethanol_reference,0.03,0.003,1.02,1.1,True,10,233.18279391260575,2849.4149294364115,0.07768797506669561,306.0708884946984,185111.39772380344,1.794607550620284,2524.553227539371,8.14034838439997e-15,-4.690195313080953e-15
ethanol_reference,0.03,0.003,1.03,0.7,True,10,153.7729867386103,2023.4445208831546,0.04980028704273411,314.86727689108534,155524.37682354308,1.5077689671463954,1786.0041231698215,-1.8069568434389727e-15,-9.128959801576053e-15
ethanol_reference,0.03,0.003,1.03,0.8,True,10,181.15417785874516,2308.3570860351574,0.05680713385963019,325.1807293564665,165730.20736251393,1.6067118781221736,2039.2357699279246,-5.8489106584089185e-15,2.9676142192174115e-15
ethanol_reference,0.03,0.003,1.03,0.9,True,10,208.142181741281,2590.465546115403,0.0637986598630299,332.6809023604197,175835.59227473423,1.7046809944942167,2293.349446089142,-1.4511911422793223e-15,-5.8227540054024416e-15
ethanol_reference,0.03,0.003,1.03,1.0,True,10,234.32717647129186,2865.976563478367,0.07076727244079786,337.65215578855856,185704.65071140148,1.8003589862642415,2548.554756196444,3.9828285884630913e-16,1.7367995878290954e-15
ethanol_reference,0.03,0.003,1.03,1.1,True,10,233.18279599986602,2849.4149294385525,0.0776879741204952,306.0708949621822,185111.39772388013,1.7946075506210275,2524.553227539371,8.515314883423165e-15,-7.289115981860126e-15
ethanol_reference,0.03,0.003,1.05,0.7,True,10,153.77298935957978,2023.4445209090068,0.04980028629106368,314.8672870103229,155524.37682446907,1.5077689671553727,1786.0041231698215,-5.3484393201415184e-15,-1.7453200922253755e-14
ethanol_reference,0.03,0.003,1.05,0.8,True,10,181.15418062109876,2308.357086043994,0.056807132953159645,325.1807395039321,165730.2073628305,1.6067118781252427,2039.2357699279246,-8.641942732326821e-15,8.078052604202406e-15
ethanol_reference,0.03,0.003,1.05,0.9,True,10,208.14218524111885,2590.465546120027,0.0637986585692969,332.68091470056004,175835.5922748999,1.7046809944958228,2293.349446089142,-7.293470383457419e-16,6.310259698497651e-15
ethanol_reference,0.03,0.003,1.05,1.0,True,10,234.32717972624303,2865.9765634828923,0.07076727110204378,337.652166866361,185704.65071156362,1.8003589862658136,2548.554756196444,8.853412687157878e-16,-4.726808944219726e-15
ethanol_reference,0.03,0.003,1.05,1.1,True,10,233.18279973928648,2849.414929443118,0.07768797242502642,306.07090655018465,185111.39772404367,1.794607550622613,2524.553227539371,8.766659189626893e-15,-9.171040228227326e-15
ethanol_reference,0.03,0.003,1.08,0.7,True,10,153.77299066546064,2023.4445209250723,0.049800285916515565,314.867292052377,155524.3768250446,1.5077689671609522,1786.0041231698215,-2.0843948710342576e-15,-6.893235578853636e-15
ethanol_reference,0.03,0.003,1.08,0.8,True,10,181.1541833692322,2308.3570860555465,0.05680713205121265,325.18074959997796,165730.20736324432,1.6067118781292546,2039.2357699279246,-6.0947291527802445e-15,5.258676859034481e-16
ethanol_reference,0.03,0.003,1.08,0.9,True,10,208.14218892801424,2590.465546126799,0.0637986572061185,332.6809277018076,175835.59227514244,1.7046809944981742,2293.349446089142,-2.2226662178973388e-15,2.2457887896681546e-15
ethanol_reference,0.03,0.003,1.08,1.0,True,10,234.3271841738124,2865.976563490316,0.07076726927233065,337.6521820051741,185704.65071182954,1.8003589862683915,2548.554756196444,1.6195168991722695e-15,1.7465075649631228e-15
ethanol_reference,0.03,0.003,1.08,1.1,True,10,233.18280427908547,2849.4149294498766,0.07768797036613014,306.0709206205602,185111.39772428578,1.7946075506249601,2524.553227539371,8.46547995731129e-15,-7.918045596824326e-15
ethanol_reference,0.03,0.004,1.01,0.7,True,10,127.3506196289262,1424.8507125204103,0.04877609102996643,266.24005496590246,136249.67188940346,1.3209056435686868,1945.9683718988729,2.0360505615466035e-15,4.899282722214787e-15
ethanol_reference,0.03,0.004,1.01,0.8,True,10,152.15755143042006,1649.9185658792087,0.055735311325246784,278.3828033456047,142499.9348738061,1.381500341048674,2267.2469488341358,-1.5220622370314378e-15,1.239449177262986e-15
ethanol_reference,0.03,0.004,1.01,0.9,True,10,176.31309520107945,1866.210720971553,0.06268155037344716,286.8297300652332,148832.91072191863,1.4428969185402238,2600.0,-4.365122061986131e-15,-1.1275546425821141e-14
ethanol_reference,0.03,0.004,1.01,1.0,True,10,193.40667905481197,2051.5667792014897,0.06980272526993465,282.53900627481204,156531.74202211536,1.5175351145247826,2600.0000000000005,-1.4922924434353372e-15,2.470230965449097e-14
ethanol_reference,0.03,0.004,1.01,1.1,True,10,193.11139261318752,2038.3032757304159,0.07661523395249266,257.02305899179044,156056.6311097321,1.5129290360162226,2600.0000000000005,-8.750757914867535e-15,-1.5796547762672394e-15
ethanol_reference,0.03,0.004,1.02,0.7,True,10,127.35062188612574,1424.8507125225772,0.04877609038380362,266.24006321184254,136249.67188946268,1.3209056435692608,1945.9683718850686,4.565268945747745e-15,8.114015106180672e-15
ethanol_reference,0.03,0.004,1.02,0.8,True,10,152.15755381064872,1649.918565880507,0.055735310545805716,278.38281159349566,142499.93487384272,1.381500341049029,2267.246948826068,-1.9583640782437962e-15,2.1907920099312597e-15
ethanol_reference,0.03,0.004,1.02,0.9,True,10,176.3130972762978,1866.210720971553,0.06268154960804634,286.8297369437022,148832.91072191863,1.4428969185402238,2600.0,-4.836332604741043e-15,-9.538531945324663e-15
ethanol_reference,0.03,0.004,1.02,1.0,True,10,193.40668160227702,2051.5667792014897,0.06980272422379027,282.53901423074416,156531.74202211536,1.5175351145247826,2600.0000000000005,-1.5351544578453322e-15,2.9580647962444625e-14
ethanol_reference,0.03,0.004,1.02,1.1,True,10,193.1113947857933,2038.3032757304159,0.07661523296904856,257.0230651826212,156056.6311097321,1.5129290360162226,2600.0000000000005,-8.55542109103466e-15,1.8761788969336612e-15
ethanol_reference,0.03,0.004,1.03,0.7,True,10,127.35062376069887,1424.8507125253739,0.048776089847110474,266.24007006033077,136249.67188953902,1.320905643570001,1945.9683718674723,1.4891985854798267e-15,4.6167773143858826e-15
ethanol_reference,0.03,0.004,1.03,0.8,True,10,152.1575557872127,1649.9185658821757,0.055735309898466194,278.38281844304277,142499.93487388993,1.3815003410494866,2267.246948815728,-4.4688630124694116e-15,-9.616341650994592e-16
ethanol_reference,0.03,0.004,1.03,0.9,True,10,176.31309934472617,1866.210720971553,0.06268154884505069,286.8297438001191,148832.91072191863,1.4428969185402238,2600.0,-4.7842111956422735e-15,-1.1919909772251903e-14
ethanol_reference,0.03,0.004,1.03,1.0,True,10,193.40668371738707,2051.5667792014897,0.06980272335506968,282.5390208369142,156531.74202211536,1.5175351145247826,2600.0000000000005,-1.793406329006189e-15,2.4505692925834924e-14
ethanol_reference,0.03,0.004,1.03,1.1,True,10,193.11139695103228,2038.3032757304159,0.07661523198880474,257.02307135291124,156056.6311097321,1.5129290360162226,2600.0000000000005,-7.474413974226262e-15,6.955444314880039e-16
ethanol_reference,0.03,0.004,1.05,0.7,True,10,127.35062672902372,1424.8507125325978,0.04877608899716124,266.2400809053053,136249.6718897363,1.3209056435719133,1945.96837182172,1.8328304764886446e-15,4.6879532611841514e-15
ethanol_reference,0.03,0.004,1.05,0.8,True,10,152.1575589366186,1649.9185658859185,0.0557353088668535,278.3828293577266,142499.9348739956,1.3815003410505111,2267.2469487925523,-2.1539425461796405e-15,-3.839054157934818e-15
ethanol_reference,0.03,0.004,1.05,0.9,True,10,176.31310305087356,1866.210720971553,0.06268154747769038,286.829756086374,148832.91072191863,1.4428969185402238,2600.0,-6.067173338912424e-15,-8.076872654754892e-15
ethanol_reference,0.03,0.004,1.05,1.0,True,10,193.40668708693298,2051.5667792014897,0.06980272197088662,282.5390313620594,156531.74202211536,1.5175351145247826,2600.0000000000005,-2.349001623910071e-16,2.4238904204569727e-14
ethanol_reference,0.03,0.004,1.05,1.1,True,10,193.1114008299967,2038.3032757304159,0.07661523023239031,257.0230824079367,156056.6311097321,1.5129290360162226,2600.0000000000005,-9.007023181685635e-15,-1.1801968783765088e-16
ethanol_reference,0.03,0.004,1.08,0.7,True,10,127.35062815358779,1424.8507125377548,0.048776088589205194,266.24008611030155,136249.67188987703,1.320905643573278,1945.9683717892121,3.264821266311422e-15,6.531498618508665e-15
ethanol_reference,0.03,0.004,1.08,0.8,True,10,152.1575620699981,1649.9185658911558,0.055735307840298225,278.382840217829,142499.9348741435,1.3815003410519449,2267.246948760097,-2.0254596632537626e-15,5.057688268191597e-15
ethanol_reference,0.03,0.004,1.08,0.9,True,10,176.3131071433093,1866.210720971553,0.06268154596744172,286.829769654906,148832.91072191863,1.4428969185402238,2600.0,-5.788483211299545e-15,-1.5831673938355763e-14
ethanol_reference,0.03,0.004,1.08,1.0,True,10,193.40669169084995,2051.5667792014897,0.06980272007915848,282.53904574482146,156531.74202211536,1.5175351145247826,2600.0000000000005,-1.1389872165614055e-15,3.010852853466301e-14
ethanol_reference,0.03,0.004,1.08,1.1,True,10,193.11140553893543,2038.3032757304159,0.07661522809958046,257.0230958303268,156056.6311097321,1.5129290360162226,2600.0000000000005,-7.665134724230073e-15,-6.058384244853199e-15
ethanol_reference,0.03,0.005,1.01,0.7,True,10,101.29918795005995,1021.0591647262233,0.04740612668112367,217.89678158900384,125555.37077471938,1.217227135572898,2088.763392237471,-2.375910582281474e-15,6.288106862994836e-15
ethanol_reference,0.03,0.005,1.01,0.8,True,10,122.86069951237562,1197.0323529780508,0.054203447086194796,231.13483360449877,130135.24534234707,1.2616278455292984,2478.393997963845,-3.1792629894273053e-15,4.782213210915841e-15
ethanol_reference,0.03,0.005,1.01,0.9,True,10,141.6903056681245,1388.064635510947,0.061314320666178604,235.64462647840003,135248.0418030027,1.3111950966326993,2600.0000000000005,-2.9652065303400114e-15,2.948238970416904e-14
ethanol_reference,0.03,0.005,1.01,1.0,True,10,157.67347261874977,1581.6999879703064,0.06847565762558701,234.80197483461885,140583.1718691581,1.3629178150497976,2600.0000000000005,-6.230296337445224e-15,1.3238298502396327e-14
ethanol_reference,0.03,0.005,1.01,1.1,True,10,157.41782627791227,1570.1976469791427,0.07514032940391462,213.62896721473163,140261.90613278095,1.3598032260868949,2600.0000000000005,-4.346984807729971e-15,3.989392918707091e-14
ethanol_reference,0.03,0.005,1.02,0.7,True,10,101.29919031780338,1021.0591647262233,0.047406126004414545,217.89678979248743,125555.37077471938,1.217227135572898,2088.7633922434343,-2.3257117912700997e-16,6.036724228994059e-15
ethanol_reference,0.03,0.005,1.02,0.8,True,10,122.860702008944,1197.0323529780508,0.05420344627009136,231.13484178126774,130135.24534234707,1.2616278455292984,2478.3939979434,-4.5258583116498884e-15,1.5083025901726913e-14
ethanol_reference,0.03,0.005,1.02,0.9,True,10,141.69030780144763,1388.064635510947,0.061314319880215684,235.644633046953,135248.0418030027,1.3111950966326993,2600.0000000000005,-2.5077669471908674e-15,3.256218834624235e-14
ethanol_reference,0.03,0.005,1.02,1.0,True,10,157.67347523108162,1581.6999879703064,0.06847565655389308,234.80198239963676,140583.1718691581,1.3629178150497976,2600.0000000000005,-6.7634308023200464e-15,1.5934251016367702e-14
ethanol_reference,0.03,0.005,1.02,1.1,True,10,157.4178285074008,1570.1976469791427,0.07514032839578669,213.62897310650638,140261.90613278095,1.3598032260868949,2600.0000000000005,-5.04250196548015e-15,3.560263475086034e-14
ethanol_reference,0.03,0.005,1.03,0.7,True,10,101.29919228410934,1021.0591647262233,0.047406125442366144,217.8967966054456,125555.37077471938,1.217227135572898,2088.763392244307,-2.2631348744554734e-15,1.8121201565689995e-14
ethanol_reference,0.03,0.005,1.03,0.8,True,10,122.86070408203696,1197.0323529780508,0.05420344559232367,231.13484857147031,130135.24534234707,1.2616278455292984,2478.3939979244724,-4.229614992148447e-15,-5.198481689166984e-16
ethanol_reference,0.03,0.005,1.03,0.9,True,10,141.69030992774594,1388.064635510947,0.06131431909673639,235.64463959427803,135248.0418030027,1.3111950966326993,2600.0000000000005,-2.289072702070717e-15,3.7128419379698774e-14
ethanol_reference,0.03,0.005,1.03,1.0,True,10,157.67347740000216,1581.6999879703064,0.06847565566397236,234.80198868104418,140583.1718691581,1.3629178150497976,2600.0000000000005,-6.0492633645720826e-15,1.4802367758297443e-14
ethanol_reference,0.03,0.005,1.03,1.1,True,10,157.41783072928314,1570.1976469791427,0.07514032739095702,213.6289789785818,140261.90613278095,1.3598032260868949,2600.0000000000005,-4.5554883422843705e-15,3.8144522486052875e-14
ethanol_reference,0.03,0.005,1.05,0.7,True,10,101.2991954173811,1021.0591647262233,0.0474061245466194,217.8968074623792,125555.37077471938,1.217227135572898,2088.7633922370474,-5.189663445524732e-16,1.2746925261082457e-14
ethanol_reference,0.03,0.005,1.05,0.8,True,10,122.86070738511057,1197.0323529780508,0.05420344451225838,231.13485939108713,130135.24534234707,1.2616278455292984,2478.393997886854,-1.0140873194242055e-15,1.1592617493581441e-14
ethanol_reference,0.03,0.005,1.05,0.9,True,10,141.69031373747123,1388.064635510947,0.06131431769270202,235.6446513262366,135248.0418030027,1.3111950966326993,2600.0000000000005,-2.6363041083707197e-15,3.24271346175241e-14
ethanol_reference,0.03,0.005,1.05,1.0,True,10,157.6734808551844,1581.6999879703064,0.0684756542460403,234.80199868845207,140583.1718691581,1.3629178150497976,2600.0000000000005,-5.749283790979698e-15,1.4284738376432445e-14
ethanol_reference,0.03,0.005,1.05,1.1,True,10,157.4178347096064,1570.1976469791427,0.07514032559053348,213.62898949893366,140261.90613278095,1.3598032260868949,2600.0000000000005,-5.1277678768974105e-15,3.3612867974450136e-14
ethanol_reference,0.03,0.005,1.08,0.7,True,10,101.29919697813466,1021.0591647262233,0.047406124100368714,217.8968128707347,125555.37077471938,1.217227135572898,2088.763392227255,-2.237572692279593e-15,1.0244205520321711e-14
ethanol_reference,0.03,0.005,1.08,0.8,True,10,122.86071067119632,1197.0323529780508,0.05420344343753497,231.1348701559666,130135.24534234707,1.2616278455292984,2478.393997841942,-6.013579519827929e-15,5.525413134946349e-15
ethanol_reference,0.03,0.005,1.08,0.9,True,10,141.690317944114,1388.064635510947,0.06131431614199845,235.64466428199046,135248.0418030027,1.3111950966326993,2600.0000000000005,-2.9105799556429047e-15,2.935225043264053e-14
ethanol_reference,0.03,0.005,1.08,1.0,True,10,157.67348557593365,1581.6999879703064,0.0684756523082487,234.80201236309063,140583.1718691581,1.3629178150497976,2600.0000000000005,-6.3492801084198916e-15,1.185292853824607e-14
ethanol_reference,0.03,0.005,1.08,1.1,True,10,157.4178395413912,1570.1976469791427,0.07514032340435964,213.62900227150362,140261.90613278095,1.3598032260868949,2600.0000000000005,-5.177824916790984e-15,3.185463261300353e-14
ethanol_reference,0.03,0.006,1.01,0.7,True,10,79.11229346019712,752.1237837377298,0.04583144429668085,176.01908367760748,118791.51246311335,1.151653263047527,2188.3962528658353,2.1499078924996894e-15,-1.7592510894405234e-15
ethanol_reference,0.03,0.006,1.01,0.8,True,10,97.3463902694608,892.6194547708848,0.05245946914220349,189.223593101111,122289.9105561536,1.1855693358017998,2600.0000000000005,-5.372813681631281e-16,-2.2354150537164122e-14
ethanol_reference,0.03,0.006,1.01,0.9,True,10,113.0373757683796,1054.8054841367746,0.05962407465635616,193.32131426413218,126424.10875126612,1.2256493275685931,2600.0000000000005,-1.69029548727904e-14,1.7145393551471843e-14
ethanol_reference,0.03,0.006,1.01,1.0,True,10,127.2283360933912,1211.3657102702402,0.06662341430079556,194.7315345906653,130513.73761093256,1.265297231052865,2600.0000000000005,-6.566599715794345e-15,1.0136098468300474e-14
ethanol_reference,0.03,0.006,1.01,1.1,True,10,127.03926100458095,1202.436240415114,0.07310536319027096,177.20176533962686,130277.84546411931,1.263010317156646,2600.0000000000005,-3.7102162487561885e-15,1.0457112660743417e-14
ethanol_reference,0.03,0.006,1.02,0.7,True,10,79.11229592810312,752.1237837377298,0.04583144359243221,176.019091873238,118791.51246311335,1.151653263047527,2188.3962528404027,2.1623968634267388e-15,-3.5880810441152266e-15
ethanol_reference,0.03,0.006,1.02,0.8,True,10,97.3463928478962,892.6194547708848,0.052459468300585364,189.22360114887164,122289.9105561536,1.1855693358017998,2600.0000000000005,-1.831542876818465e-15,-3.0699819400393704e-14
ethanol_reference,0.03,0.006,1.02,0.9,True,10,113.03737796447254,1054.8054841367746,0.0596240738482312,193.32132064019663,126424.10875126612,1.2256493275685931,2600.0000000000005,-1.5776577106782087e-14,1.0379914158734308e-14
ethanol_reference,0.03,0.006,1.02,1.0,True,10,127.22833879475098,1211.3657102702402,0.06662341319411015,194.7315419599753,130513.73761093256,1.265297231052865,2600.0000000000005,-6.226469648239311e-15,1.32080367410166e-14
ethanol_reference,0.03,0.006,1.02,1.1,True,10,127.03926331046775,1202.436240415114,0.07310536214905956,177.20177107982838,130277.84546411931,1.263010317156646,2600.0000000000005,-3.9448943537944905e-15,1.7489715025719994e-15
ethanol_reference,0.03,0.006,1.03,0.7,True,10,79.11229797753022,752.1237837377298,0.04583144300752532,176.0190986794427,118791.51246311335,1.151653263047527,2188.396252813606,1.0275343048453393e-15,-7.694965472084758e-15
ethanol_reference,0.03,0.006,1.03,0.8,True,10,97.34639498889655,892.6194547708849,0.05245946760164611,189.22360783168972,122289.9105561536,1.1855693358017998,2600.0000000000005,-4.779155122339974e-16,-2.048600198669803e-14
ethanol_reference,0.03,0.006,1.03,0.9,True,10,113.03738015328418,1054.8054841367746,0.05962407304267524,193.3213269954789,126424.10875126612,1.2256493275685931,2600.0000000000005,-1.702714972430267e-14,2.2731011420480157e-14
ethanol_reference,0.03,0.006,1.03,1.0,True,10,127.22834103752162,1211.3657102702398,0.06662341227515578,194.73154807867056,130513.73761093248,1.2652972310528643,2600.0000000000005,-6.613742233113354e-15,1.0608796097738453e-14
ethanol_reference,0.03,0.006,1.03,1.1,True,10,127.03926560842365,1202.436240415114,0.073105361111279,177.20177680065157,130277.84546411931,1.263010317156646,2600.0000000000005,-4.3254424971928565e-15,-3.1141888921490067e-16
ethanol_reference,0.03,0.006,1.05,0.7,True,10,79.11230124315357,752.1237837377298,0.04583144207537615,176.0191095252058,118791.51246311335,1.151653263047527,2188.3962527559006,-5.992706376474175e-17,-2.78579468899552e-15
ethanol_reference,0.03,0.006,1.05,0.8,True,10,97.34639840001924,892.6194547708847,0.05245946648787701,189.22361847970342,122289.91055615357,1.1855693358017994,2600.0000000000005,-2.9176399729301547e-16,-3.183059578000608e-14
ethanol_reference,0.03,0.006,1.05,0.9,True,10,113.03738407489136,1054.8054841367746,0.05962407159911674,193.32133838288112,126424.10875126606,1.2256493275685927,2600.0000000000005,-1.6874016667867614e-14,8.822449674425729e-15
ethanol_reference,0.03,0.006,1.05,1.0,True,10,127.22834461022559,1211.3657102702361,0.06662341081100655,194.73155782645225,130513.73761093245,1.265297231052864,2600.0000000000005,-5.7669804137193605e-15,6.600332265244909e-15
ethanol_reference,0.03,0.006,1.05,1.1,True,10,127.03926972486654,1202.436240415114,0.07310535925187568,177.20178704955717,130277.84546411931,1.263010317156646,2600.0000000000005,-4.2231486825397584e-15,5.2866469652522704e-15
ethanol_reference,0.03,0.006,1.08,0.7,True,10,79.11230286976341,752.1237837377298,0.045831441611003304,176.01911492775326,118791.51246311335,1.151653263047527,2188.396252725284,2.097224903522691e-16,1.4292422096922566e-14
ethanol_reference,0.03,0.006,1.08,0.8,True,10,97.34640179342293,892.6194547708847,0.05245946537965835,189.22362907325441,122289.91055615355,1.1855693358017994,2600.0000000000005,-1.0695870021146448e-15,-2.0704746414941436e-14
ethanol_reference,0.03,0.006,1.08,0.9,True,10,113.03738840488715,1054.8054841367498,0.05962407000481745,193.32135095748,126424.10875126542,1.2256493275685865,2600.0000000000005,-1.678280680618361e-14,1.3987868729939112e-14
ethanol_reference,0.03,0.006,1.08,1.0,True,10,127.22834949129523,1211.365710270236,0.06662340881013822,194.73157114553646,130513.73761093241,1.2652972310528636,2600.0000000000005,-6.071667440900946e-15,5.158356199632698e-15
ethanol_reference,0.03,0.006,1.08,1.1,True,10,127.03927472161344,1202.436240415114,0.07310535699419007,177.20179949176858,130277.84546411931,1.263010317156646,2600.0000000000005,-3.654752932563886e-15,1.231076225483617e-14
