chain,x_mm,r_mm,diameter_mm,segment,source,station
oml,153.4576,69.12637,138.25273,cowl outer,ASSUMED,cowl_lip
oml,154.4576,69.40177,138.80353,cowl outer,ASSUMED,
oml,155.4576,69.67616,139.35233,cowl outer,ASSUMED,
oml,156.4576,69.94955,139.89911,cowl outer,ASSUMED,
oml,157.4576,70.22194,140.44388,cowl outer,ASSUMED,
oml,158.4576,70.49332,140.98664,cowl outer,ASSUMED,
oml,159.4576,70.76370,141.52740,cowl outer,ASSUMED,
oml,160.4576,71.03307,142.06614,cowl outer,ASSUMED,
oml,161.4576,71.30144,142.60287,cowl outer,ASSUMED,
oml,162.4576,71.56880,143.13760,cowl outer,ASSUMED,
oml,163.4576,71.83515,143.67031,cowl outer,ASSUMED,
oml,164.4576,72.10051,144.20101,cowl outer,ASSUMED,
oml,165.4576,72.36485,144.72971,cowl outer,ASSUMED,
oml,166.4576,72.62819,145.25639,cowl outer,ASSUMED,
oml,167.4576,72.89053,145.78106,cowl outer,ASSUMED,
oml,168.4576,73.15186,146.30373,cowl outer,ASSUMED,
oml,169.4576,73.41219,146.82438,cowl outer,ASSUMED,
oml,170.4576,73.67151,147.34302,cowl outer,ASSUMED,
oml,171.4576,73.92983,147.85966,cowl outer,ASSUMED,
oml,172.4576,74.18714,148.37428,cowl outer,ASSUMED,
oml,173.4576,74.44345,148.88690,cowl outer,ASSUMED,
oml,174.4576,74.69875,149.39750,cowl outer,ASSUMED,
oml,175.4576,74.95305,149.90609,cowl outer,ASSUMED,
oml,176.4576,75.20634,150.41268,cowl outer,ASSUMED,
oml,177.4576,75.45863,150.91725,cowl outer,ASSUMED,
oml,178.4576,75.70991,151.41982,cowl outer,ASSUMED,
oml,179.4576,75.96019,151.92037,cowl outer,ASSUMED,
oml,180.4576,76.20946,152.41892,cowl outer,ASSUMED,
oml,181.4576,76.45773,152.91545,cowl outer,ASSUMED,
oml,182.4576,76.70499,153.40998,cowl outer,ASSUMED,
oml,183.4576,76.95125,153.90249,cowl outer,ASSUMED,
oml,184.4576,77.19650,154.39300,cowl outer,ASSUMED,
oml,185.4576,77.44075,154.88149,cowl outer,ASSUMED,
oml,186.4576,77.68399,155.36798,cowl outer,ASSUMED,
oml,187.4576,77.92623,155.85245,cowl outer,ASSUMED,
oml,188.4576,78.16746,156.33492,cowl outer,ASSUMED,
oml,189.4576,78.40769,156.81537,cowl outer,ASSUMED,
oml,190.4576,78.64691,157.29382,cowl outer,ASSUMED,
oml,191.4576,78.88513,157.77025,cowl outer,ASSUMED,
oml,192.4576,79.12234,158.24468,cowl outer,ASSUMED,
oml,193.4576,79.35855,158.71709,cowl outer,ASSUMED,
oml,194.4576,79.59375,159.18750,cowl outer,ASSUMED,
oml,195.4576,79.82795,159.65590,cowl outer,ASSUMED,
oml,196.4576,80.06114,160.12228,cowl outer,ASSUMED,
oml,197.4576,80.29333,160.58666,cowl outer,ASSUMED,
oml,198.4576,80.52451,161.04902,cowl outer,ASSUMED,
oml,199.4576,80.75469,161.50938,cowl outer,ASSUMED,
oml,200.4576,80.98386,161.96773,cowl outer,ASSUMED,
oml,201.4576,81.21203,162.42406,cowl outer,ASSUMED,
oml,202.4576,81.43920,162.87839,cowl outer,ASSUMED,
oml,203.4576,81.66535,163.33071,cowl outer,ASSUMED,
oml,204.4576,81.89051,163.78101,cowl outer,ASSUMED,
oml,205.4576,82.11465,164.22931,cowl outer,ASSUMED,
oml,206.4576,82.33780,164.67560,cowl outer,ASSUMED,
oml,207.4576,82.55994,165.11987,cowl outer,ASSUMED,
oml,208.4576,82.78107,165.56214,cowl outer,ASSUMED,
oml,209.4576,83.00120,166.00240,cowl outer,ASSUMED,
oml,210.4576,83.22032,166.44064,cowl outer,ASSUMED,
oml,211.4576,83.43844,166.87688,cowl outer,ASSUMED,
oml,212.4576,83.65555,167.31111,cowl outer,ASSUMED,
oml,213.4576,83.87166,167.74333,cowl outer,ASSUMED,
oml,214.4576,84.08677,168.17353,cowl outer,ASSUMED,
oml,215.4576,84.30087,168.60173,cowl outer,ASSUMED,
oml,216.4576,84.51396,169.02792,cowl outer,ASSUMED,
oml,217.4576,84.72605,169.45210,cowl outer,ASSUMED,
oml,218.4576,84.93713,169.87426,cowl outer,ASSUMED,
oml,219.4576,85.14721,170.29442,cowl outer,ASSUMED,
oml,220.4576,85.35629,170.71257,cowl outer,ASSUMED,
oml,221.4576,85.56435,171.12871,cowl outer,ASSUMED,
oml,222.4576,85.77142,171.54284,cowl outer,ASSUMED,
oml,223.4576,85.97748,171.95496,cowl outer,ASSUMED,
oml,224.4576,86.18253,172.36506,cowl outer,ASSUMED,
oml,225.4576,86.38658,172.77316,cowl outer,ASSUMED,
oml,226.4576,86.58963,173.17925,cowl outer,ASSUMED,
oml,227.4576,86.79166,173.58333,cowl outer,ASSUMED,
oml,228.4576,86.99270,173.98540,cowl outer,ASSUMED,
oml,229.4576,87.19273,174.38546,cowl outer,ASSUMED,
oml,230.4576,87.39175,174.78350,cowl outer,ASSUMED,
oml,231.4576,87.58977,175.17954,cowl outer,ASSUMED,
oml,232.4576,87.78679,175.57357,cowl outer,ASSUMED,
oml,233.4576,87.98280,175.96559,cowl outer,ASSUMED,
oml,234.4576,88.17780,176.35560,cowl outer,ASSUMED,
oml,235.4576,88.37180,176.74360,cowl outer,ASSUMED,
oml,236.4576,88.56479,177.12959,cowl outer,ASSUMED,
oml,237.4576,88.75678,177.51357,cowl outer,ASSUMED,
oml,238.4576,88.94777,177.89554,cowl outer,ASSUMED,
oml,239.4576,89.13775,178.27550,cowl outer,ASSUMED,
oml,240.4576,89.32672,178.65345,cowl outer,ASSUMED,
oml,241.4576,89.51469,179.02939,cowl outer,ASSUMED,
oml,242.4576,89.70166,179.40332,cowl outer,ASSUMED,
oml,243.4576,89.88762,179.77524,cowl outer,ASSUMED,
oml,244.4576,90.07257,180.14515,cowl outer,ASSUMED,
oml,245.4576,90.25652,180.51305,cowl outer,ASSUMED,
oml,246.4576,90.43947,180.87894,cowl outer,ASSUMED,
oml,247.4576,90.62141,181.24282,cowl outer,ASSUMED,
oml,248.4576,90.80234,181.60469,cowl outer,ASSUMED,
oml,249.4576,90.98227,181.96455,cowl outer,ASSUMED,
oml,250.4576,91.16120,182.32240,cowl outer,ASSUMED,
oml,251.4576,91.33912,182.67824,cowl outer,ASSUMED,
oml,252.4576,91.51603,183.03207,cowl outer,ASSUMED,
oml,253.4576,91.69194,183.38389,cowl outer,ASSUMED,
oml,254.4576,91.86685,183.73370,cowl outer,ASSUMED,
oml,255.4576,92.04075,184.08150,cowl outer,ASSUMED,
oml,256.4576,92.21365,184.42729,cowl outer,ASSUMED,
oml,257.4576,92.38554,184.77107,cowl outer,ASSUMED,
oml,258.4576,92.55642,185.11284,cowl outer,ASSUMED,
oml,259.4576,92.72630,185.45261,cowl outer,ASSUMED,
oml,260.4576,92.89518,185.79036,cowl outer,ASSUMED,
oml,261.4576,93.06305,186.12610,cowl outer,ASSUMED,
oml,262.4576,93.22991,186.45983,cowl outer,ASSUMED,
oml,263.4576,93.39578,186.79155,cowl outer,ASSUMED,
oml,264.4576,93.56063,187.12126,cowl outer,ASSUMED,
oml,265.4576,93.72448,187.44896,cowl outer,ASSUMED,
oml,266.4576,93.88733,187.77466,cowl outer,ASSUMED,
oml,267.4576,94.04917,188.09834,cowl outer,ASSUMED,
oml,268.4576,94.21001,188.42001,cowl outer,ASSUMED,
oml,269.4576,94.36984,188.73967,cowl outer,ASSUMED,
oml,270.4576,94.52866,189.05732,cowl outer,ASSUMED,
oml,271.4576,94.68648,189.37297,cowl outer,ASSUMED,
oml,272.4576,94.84330,189.68660,cowl outer,ASSUMED,
oml,273.4576,94.99911,189.99822,cowl outer,ASSUMED,centrebody_max_dia_end
oml,274.4576,95.15392,190.30783,cowl outer,ASSUMED,
oml,275.4576,95.30772,190.61544,cowl outer,ASSUMED,
oml,276.4576,95.46051,190.92103,cowl outer,ASSUMED,
oml,277.4576,95.61231,191.22461,cowl outer,ASSUMED,
oml,278.4576,95.76309,191.52618,cowl outer,ASSUMED,
oml,279.4576,95.91287,191.82575,cowl outer,ASSUMED,
oml,280.4576,96.06165,192.12330,cowl outer,ASSUMED,
oml,281.4576,96.20942,192.41884,cowl outer,ASSUMED,
oml,282.4576,96.35619,192.71238,cowl outer,ASSUMED,
oml,283.4576,96.50195,193.00390,cowl outer,ASSUMED,
oml,284.4576,96.64671,193.29341,cowl outer,ASSUMED,
oml,285.4576,96.79046,193.58092,cowl outer,ASSUMED,
oml,286.4576,96.93320,193.86641,cowl outer,ASSUMED,
oml,287.4576,97.07495,194.14989,cowl outer,ASSUMED,
oml,288.4576,97.21568,194.43137,cowl outer,ASSUMED,
oml,289.4576,97.35542,194.71083,cowl outer,ASSUMED,
oml,290.4576,97.49414,194.98828,cowl outer,ASSUMED,
oml,291.4576,97.63186,195.26373,cowl outer,ASSUMED,
oml,292.4576,97.76858,195.53716,cowl outer,ASSUMED,
oml,293.4576,97.90429,195.80859,cowl outer,ASSUMED,
oml,294.4576,98.03900,196.07800,cowl outer,ASSUMED,
oml,295.4576,98.17270,196.34540,cowl outer,ASSUMED,
oml,296.4576,98.30540,196.61080,cowl outer,ASSUMED,
oml,297.4576,98.43709,196.87418,cowl outer,ASSUMED,
oml,298.4576,98.56778,197.13556,cowl outer,ASSUMED,
oml,299.4576,98.69746,197.39492,cowl outer,ASSUMED,
oml,300.4576,98.82614,197.65228,cowl outer,ASSUMED,
oml,301.4576,98.95381,197.90762,cowl outer,ASSUMED,
oml,302.4576,99.08048,198.16096,cowl outer,ASSUMED,
oml,303.4576,99.20614,198.41228,cowl outer,ASSUMED,
oml,304.4576,99.33080,198.66160,cowl outer,ASSUMED,
oml,305.4576,99.45445,198.90890,cowl outer,ASSUMED,
oml,306.4576,99.57710,199.15420,cowl outer,ASSUMED,
oml,307.4576,99.69874,199.39748,cowl outer,ASSUMED,
oml,308.4576,99.81938,199.63876,cowl outer,ASSUMED,
oml,309.4576,99.93901,199.87802,cowl outer,ASSUMED,
oml,310.4576,100.05764,200.11528,cowl outer,ASSUMED,
oml,311.4576,100.17526,200.35052,cowl outer,ASSUMED,
oml,312.4576,100.29188,200.58376,cowl outer,ASSUMED,
oml,313.4576,100.40749,200.81498,cowl outer,ASSUMED,
oml,314.4576,100.52210,201.04420,cowl outer,ASSUMED,
oml,315.4576,100.63570,201.27141,cowl outer,ASSUMED,
oml,316.4576,100.74830,201.49660,cowl outer,ASSUMED,
oml,317.4576,100.85989,201.71979,cowl outer,ASSUMED,
oml,318.4576,100.97048,201.94096,cowl outer,ASSUMED,
oml,319.4576,101.08006,202.16013,cowl outer,ASSUMED,
oml,320.4576,101.18864,202.37729,cowl outer,ASSUMED,
oml,321.4576,101.29622,202.59243,cowl outer,ASSUMED,
oml,322.4576,101.40278,202.80557,cowl outer,ASSUMED,
oml,323.4576,101.50835,203.01670,cowl outer,ASSUMED,
oml,324.4576,101.61291,203.22581,cowl outer,ASSUMED,
oml,325.4576,101.71646,203.43292,cowl outer,ASSUMED,
oml,326.4576,101.81901,203.63802,cowl outer,ASSUMED,
oml,327.4576,101.92055,203.84110,cowl outer,ASSUMED,
oml,328.4576,102.02109,204.04218,cowl outer,ASSUMED,
oml,329.4576,102.12062,204.24125,cowl outer,ASSUMED,
oml,330.4576,102.21915,204.43830,cowl outer,ASSUMED,
oml,331.4576,102.31668,204.63335,cowl outer,ASSUMED,
oml,332.4576,102.41319,204.82639,cowl outer,ASSUMED,
oml,333.4576,102.50871,205.01741,cowl outer,ASSUMED,
oml,334.4576,102.60322,205.20643,cowl outer,ASSUMED,
oml,335.4576,102.69672,205.39344,cowl outer,ASSUMED,
oml,336.4576,102.78922,205.57844,cowl outer,ASSUMED,
oml,337.4576,102.88071,205.76142,cowl outer,ASSUMED,
oml,338.4576,102.97120,205.94240,cowl outer,ASSUMED,
oml,339.4576,103.06069,206.12137,cowl outer,ASSUMED,
oml,340.4576,103.14916,206.29833,cowl outer,ASSUMED,
oml,341.4576,103.23664,206.47328,cowl outer,ASSUMED,
oml,342.4576,103.32311,206.64621,cowl outer,ASSUMED,
oml,343.4576,103.40857,206.81714,cowl outer,ASSUMED,
oml,344.4576,103.49303,206.98606,cowl outer,ASSUMED,
oml,345.4576,103.57648,207.15297,cowl outer,ASSUMED,
oml,346.4576,103.65893,207.31787,cowl outer,ASSUMED,
oml,347.4576,103.74038,207.48076,cowl outer,ASSUMED,
oml,348.4576,103.82082,207.64163,cowl outer,ASSUMED,
oml,349.4576,103.90025,207.80050,cowl outer,ASSUMED,
oml,350.4576,103.97868,207.95736,cowl outer,ASSUMED,
oml,351.4576,104.05611,208.11221,cowl outer,ASSUMED,
oml,352.4576,104.13252,208.26505,cowl outer,ASSUMED,
oml,353.4576,104.20794,208.41588,cowl outer,ASSUMED,
oml,354.4576,104.28235,208.56470,cowl outer,ASSUMED,
oml,355.4576,104.35575,208.71151,cowl outer,ASSUMED,
oml,356.4576,104.42815,208.85631,cowl outer,ASSUMED,
oml,357.4576,104.49955,208.99910,cowl outer,ASSUMED,
oml,358.4576,104.56994,209.13987,cowl outer,ASSUMED,
oml,359.4576,104.63932,209.27864,cowl outer,ASSUMED,
oml,360.4576,104.70770,209.41540,cowl outer,ASSUMED,
oml,361.4576,104.77508,209.55015,cowl outer,ASSUMED,
oml,362.4576,104.84145,209.68289,cowl outer,ASSUMED,
oml,363.4576,104.90681,209.81362,cowl outer,ASSUMED,
oml,364.4576,104.97117,209.94234,cowl outer,ASSUMED,
oml,365.4576,105.03453,210.06905,cowl outer,ASSUMED,
oml,366.4576,105.09688,210.19375,cowl outer,ASSUMED,
oml,367.4576,105.15822,210.31644,cowl outer,ASSUMED,
oml,368.4576,105.21856,210.43712,cowl outer,ASSUMED,
oml,369.4576,105.27790,210.55579,cowl outer,ASSUMED,
oml,370.4576,105.33623,210.67245,cowl outer,ASSUMED,
oml,371.4576,105.39355,210.78710,cowl outer,ASSUMED,
oml,372.4576,105.44987,210.89975,cowl outer,ASSUMED,
oml,373.4576,105.50519,211.01038,cowl outer,ASSUMED,
oml,374.4576,105.55950,211.11900,cowl outer,ASSUMED,
oml,375.4576,105.61280,211.22561,cowl outer,ASSUMED,
oml,376.4576,105.66510,211.33021,cowl outer,ASSUMED,
oml,377.4576,105.71640,211.43280,cowl outer,ASSUMED,
oml,378.4576,105.76669,211.53338,cowl outer,ASSUMED,
oml,379.4576,105.81598,211.63195,cowl outer,ASSUMED,
oml,380.4576,105.86426,211.72851,cowl outer,ASSUMED,
oml,381.4576,105.91153,211.82306,cowl outer,ASSUMED,
oml,382.4576,105.95780,211.91561,cowl outer,ASSUMED,
oml,383.4576,106.00307,212.00614,cowl outer,ASSUMED,
oml,384.4576,106.04733,212.09466,cowl outer,ASSUMED,
oml,385.4576,106.09059,212.18117,cowl outer,ASSUMED,
oml,386.4576,106.13284,212.26567,cowl outer,ASSUMED,
oml,387.4576,106.17408,212.34816,cowl outer,ASSUMED,
oml,388.4576,106.21432,212.42865,cowl outer,ASSUMED,
oml,389.4576,106.25356,212.50712,cowl outer,ASSUMED,
oml,390.4576,106.29179,212.58358,cowl outer,ASSUMED,
oml,391.4576,106.32902,212.65803,cowl outer,ASSUMED,
oml,392.4576,106.36524,212.73047,cowl outer,ASSUMED,
oml,393.4576,106.40045,212.80091,cowl outer,ASSUMED,
oml,394.4576,106.43466,212.86933,cowl outer,ASSUMED,
oml,395.4576,106.46787,212.93574,cowl outer,ASSUMED,
oml,396.4576,106.50007,213.00014,cowl outer,ASSUMED,
oml,397.4576,106.53127,213.06254,cowl outer,ASSUMED,
oml,398.4576,106.56146,213.12292,cowl outer,ASSUMED,
oml,399.4576,106.59065,213.18129,cowl outer,ASSUMED,
oml,400.4576,106.61883,213.23765,cowl outer,ASSUMED,
oml,401.4576,106.64600,213.29201,cowl outer,ASSUMED,
oml,402.4576,106.67218,213.34435,cowl outer,ASSUMED,
oml,403.4576,106.69734,213.39468,cowl outer,ASSUMED,
oml,404.4576,106.72150,213.44301,cowl outer,ASSUMED,
oml,405.4576,106.74466,213.48932,cowl outer,ASSUMED,
oml,406.4576,106.76681,213.53362,cowl outer,ASSUMED,
oml,407.4576,106.78796,213.57592,cowl outer,ASSUMED,
oml,408.4576,106.80810,213.61620,cowl outer,ASSUMED,
oml,409.4576,106.82724,213.65447,cowl outer,ASSUMED,
oml,410.4576,106.84537,213.69074,cowl outer,ASSUMED,
oml,411.4576,106.86250,213.72499,cowl outer,ASSUMED,
oml,412.4576,106.87862,213.75724,cowl outer,ASSUMED,
oml,413.4576,106.89374,213.78747,cowl outer,ASSUMED,
oml,414.4576,106.90785,213.81569,cowl outer,ASSUMED,
oml,415.4576,106.92095,213.84191,cowl outer,ASSUMED,
oml,416.4576,106.93306,213.86611,cowl outer,ASSUMED,
oml,417.4576,106.94415,213.88831,cowl outer,ASSUMED,
oml,418.4576,106.95425,213.90849,cowl outer,ASSUMED,
oml,419.4576,106.96333,213.92667,cowl outer,ASSUMED,
oml,420.4576,106.97142,213.94283,cowl outer,ASSUMED,
oml,421.4576,106.97849,213.95698,cowl outer,ASSUMED,
oml,422.4576,106.98456,213.96913,cowl outer,ASSUMED,
oml,423.4576,106.98963,213.97926,cowl outer,ASSUMED,
oml,424.4576,106.99369,213.98739,cowl outer,ASSUMED,
oml,425.4576,106.99675,213.99350,cowl outer,ASSUMED,
oml,426.4576,106.99880,213.99761,cowl outer,ASSUMED,
oml,427.4576,106.99985,213.99970,cowl outer,ASSUMED,
oml,428.0000,107.00000,214.00000,cowl outer,ASSUMED,nose_fairing_end|chamber_start
oml,428.4576,107.00000,214.00000,barrel,JSON,
oml,429.4576,107.00000,214.00000,barrel,JSON,
oml,430.4576,107.00000,214.00000,barrel,JSON,
oml,431.4576,107.00000,214.00000,barrel,JSON,
oml,432.4576,107.00000,214.00000,barrel,JSON,
oml,433.4576,107.00000,214.00000,barrel,JSON,
oml,434.4576,107.00000,214.00000,barrel,JSON,
oml,435.4576,107.00000,214.00000,barrel,JSON,
oml,436.4576,107.00000,214.00000,barrel,JSON,
oml,437.4576,107.00000,214.00000,barrel,JSON,
oml,438.4576,107.00000,214.00000,barrel,JSON,
oml,439.4576,107.00000,214.00000,barrel,JSON,
oml,440.4576,107.00000,214.00000,barrel,JSON,
oml,441.4576,107.00000,214.00000,barrel,JSON,
oml,442.4576,107.00000,214.00000,barrel,JSON,
oml,443.4576,107.00000,214.00000,barrel,JSON,
oml,444.4576,107.00000,214.00000,barrel,JSON,
oml,445.4576,107.00000,214.00000,barrel,JSON,
oml,446.4576,107.00000,214.00000,barrel,JSON,
oml,447.4576,107.00000,214.00000,barrel,JSON,
oml,448.4576,107.00000,214.00000,barrel,JSON,
oml,449.4576,107.00000,214.00000,barrel,JSON,
oml,450.4576,107.00000,214.00000,barrel,JSON,
oml,451.4576,107.00000,214.00000,barrel,JSON,
oml,452.4576,107.00000,214.00000,barrel,JSON,
oml,453.4576,107.00000,214.00000,barrel,JSON,
oml,454.4576,107.00000,214.00000,barrel,JSON,
oml,455.4576,107.00000,214.00000,barrel,JSON,
oml,456.4576,107.00000,214.00000,barrel,JSON,
oml,457.4576,107.00000,214.00000,barrel,JSON,
oml,458.4576,107.00000,214.00000,barrel,JSON,
oml,459.4576,107.00000,214.00000,barrel,JSON,
oml,460.4576,107.00000,214.00000,barrel,JSON,
oml,461.4576,107.00000,214.00000,barrel,JSON,
oml,462.4576,107.00000,214.00000,barrel,JSON,
oml,463.4576,107.00000,214.00000,barrel,JSON,
oml,464.4576,107.00000,214.00000,barrel,JSON,
oml,465.4576,107.00000,214.00000,barrel,JSON,
oml,466.4576,107.00000,214.00000,barrel,JSON,
oml,467.4576,107.00000,214.00000,barrel,JSON,
oml,468.4576,107.00000,214.00000,barrel,JSON,
oml,469.4576,107.00000,214.00000,barrel,JSON,
oml,470.4576,107.00000,214.00000,barrel,JSON,
oml,471.4576,107.00000,214.00000,barrel,JSON,
oml,472.4576,107.00000,214.00000,barrel,JSON,
oml,473.4576,107.00000,214.00000,barrel,JSON,
oml,474.4576,107.00000,214.00000,barrel,JSON,
oml,475.4576,107.00000,214.00000,barrel,JSON,
oml,476.4576,107.00000,214.00000,barrel,JSON,
oml,477.4576,107.00000,214.00000,barrel,JSON,
oml,478.4576,107.00000,214.00000,barrel,JSON,
oml,479.4576,107.00000,214.00000,barrel,JSON,
oml,480.4576,107.00000,214.00000,barrel,JSON,
oml,481.4576,107.00000,214.00000,barrel,JSON,
oml,482.4576,107.00000,214.00000,barrel,JSON,
oml,483.4576,107.00000,214.00000,barrel,JSON,
oml,484.4576,107.00000,214.00000,barrel,JSON,
oml,485.4576,107.00000,214.00000,barrel,JSON,
oml,486.4576,107.00000,214.00000,barrel,JSON,
oml,487.4576,107.00000,214.00000,barrel,JSON,
oml,488.4576,107.00000,214.00000,barrel,JSON,
oml,489.4576,107.00000,214.00000,barrel,JSON,
oml,490.4576,107.00000,214.00000,barrel,JSON,
oml,491.4576,107.00000,214.00000,barrel,JSON,
oml,492.4576,107.00000,214.00000,barrel,JSON,
oml,493.4576,107.00000,214.00000,barrel,JSON,
oml,494.4576,107.00000,214.00000,barrel,JSON,
oml,495.4576,107.00000,214.00000,barrel,JSON,
oml,496.4576,107.00000,214.00000,barrel,JSON,
oml,497.4576,107.00000,214.00000,barrel,JSON,
oml,498.4576,107.00000,214.00000,barrel,JSON,
oml,499.4576,107.00000,214.00000,barrel,JSON,
oml,500.4576,107.00000,214.00000,barrel,JSON,
oml,501.4576,107.00000,214.00000,barrel,JSON,
oml,502.4576,107.00000,214.00000,barrel,JSON,
oml,503.4576,107.00000,214.00000,barrel,JSON,
oml,504.4576,107.00000,214.00000,barrel,JSON,
oml,505.4576,107.00000,214.00000,barrel,JSON,
oml,506.4576,107.00000,214.00000,barrel,JSON,
oml,507.4576,107.00000,214.00000,barrel,JSON,
oml,508.4576,107.00000,214.00000,barrel,JSON,
oml,509.4576,107.00000,214.00000,barrel,JSON,
oml,510.4576,107.00000,214.00000,barrel,JSON,
oml,511.4576,107.00000,214.00000,barrel,JSON,
oml,512.4576,107.00000,214.00000,barrel,JSON,
oml,513.4576,107.00000,214.00000,barrel,JSON,
oml,514.4576,107.00000,214.00000,barrel,JSON,
oml,515.4576,107.00000,214.00000,barrel,JSON,
oml,516.4576,107.00000,214.00000,barrel,JSON,
oml,517.4576,107.00000,214.00000,barrel,JSON,
oml,518.4576,107.00000,214.00000,barrel,JSON,
oml,519.4576,107.00000,214.00000,barrel,JSON,
oml,520.4576,107.00000,214.00000,barrel,JSON,
oml,521.4576,107.00000,214.00000,barrel,JSON,
oml,522.4576,107.00000,214.00000,barrel,JSON,
oml,523.4576,107.00000,214.00000,barrel,JSON,
oml,524.4576,107.00000,214.00000,barrel,JSON,
oml,525.4576,107.00000,214.00000,barrel,JSON,
oml,526.4576,107.00000,214.00000,barrel,JSON,
oml,527.4576,107.00000,214.00000,barrel,JSON,
oml,528.4576,107.00000,214.00000,barrel,JSON,
oml,529.4576,107.00000,214.00000,barrel,JSON,
oml,530.4576,107.00000,214.00000,barrel,JSON,
oml,531.4576,107.00000,214.00000,barrel,JSON,
oml,532.4576,107.00000,214.00000,barrel,JSON,
oml,533.4576,107.00000,214.00000,barrel,JSON,
oml,534.4576,107.00000,214.00000,barrel,JSON,
oml,535.4576,107.00000,214.00000,barrel,JSON,
oml,536.4576,107.00000,214.00000,barrel,JSON,
oml,537.4576,107.00000,214.00000,barrel,JSON,
oml,538.4576,107.00000,214.00000,barrel,JSON,
oml,539.4576,107.00000,214.00000,barrel,JSON,
oml,540.4576,107.00000,214.00000,barrel,JSON,
oml,541.4576,107.00000,214.00000,barrel,JSON,
oml,542.4576,107.00000,214.00000,barrel,JSON,
oml,543.4576,107.00000,214.00000,barrel,JSON,
oml,544.4576,107.00000,214.00000,barrel,JSON,
oml,545.4576,107.00000,214.00000,barrel,JSON,
oml,546.4576,107.00000,214.00000,barrel,JSON,
oml,547.4576,107.00000,214.00000,barrel,JSON,
oml,548.4576,107.00000,214.00000,barrel,JSON,
oml,549.4576,107.00000,214.00000,barrel,JSON,
oml,550.4576,107.00000,214.00000,barrel,JSON,
oml,551.4576,107.00000,214.00000,barrel,JSON,
oml,552.4576,107.00000,214.00000,barrel,JSON,
oml,553.4576,107.00000,214.00000,barrel,JSON,
oml,554.4576,107.00000,214.00000,barrel,JSON,
oml,555.4576,107.00000,214.00000,barrel,JSON,
oml,556.4576,107.00000,214.00000,barrel,JSON,
oml,557.4576,107.00000,214.00000,barrel,JSON,
oml,558.4576,107.00000,214.00000,barrel,JSON,
oml,559.4576,107.00000,214.00000,barrel,JSON,
oml,560.4576,107.00000,214.00000,barrel,JSON,
oml,561.4576,107.00000,214.00000,barrel,JSON,
oml,562.4576,107.00000,214.00000,barrel,JSON,
oml,563.4576,107.00000,214.00000,barrel,JSON,
oml,564.4576,107.00000,214.00000,barrel,JSON,
oml,565.4576,107.00000,214.00000,barrel,JSON,
oml,566.4576,107.00000,214.00000,barrel,JSON,
oml,567.4576,107.00000,214.00000,barrel,JSON,
oml,568.4576,107.00000,214.00000,barrel,JSON,
oml,569.4576,107.00000,214.00000,barrel,JSON,
oml,570.4576,107.00000,214.00000,barrel,JSON,
oml,571.4576,107.00000,214.00000,barrel,JSON,
oml,572.4576,107.00000,214.00000,barrel,JSON,
oml,573.4576,107.00000,214.00000,barrel,JSON,
oml,574.4576,107.00000,214.00000,barrel,JSON,
oml,575.4576,107.00000,214.00000,barrel,JSON,
oml,576.4576,107.00000,214.00000,barrel,JSON,
oml,577.4576,107.00000,214.00000,barrel,JSON,
oml,578.4576,107.00000,214.00000,barrel,JSON,
oml,579.4576,107.00000,214.00000,barrel,JSON,
oml,580.4576,107.00000,214.00000,barrel,JSON,
oml,581.4576,107.00000,214.00000,barrel,JSON,
oml,582.4576,107.00000,214.00000,barrel,JSON,
oml,583.4576,107.00000,214.00000,barrel,JSON,
oml,584.4576,107.00000,214.00000,barrel,JSON,
oml,585.4576,107.00000,214.00000,barrel,JSON,
oml,586.4576,107.00000,214.00000,barrel,JSON,
oml,587.4576,107.00000,214.00000,barrel,JSON,
oml,588.4576,107.00000,214.00000,barrel,JSON,
oml,589.4576,107.00000,214.00000,barrel,JSON,
oml,590.4576,107.00000,214.00000,barrel,JSON,
oml,591.4576,107.00000,214.00000,barrel,JSON,
oml,592.4576,107.00000,214.00000,barrel,JSON,
oml,593.4576,107.00000,214.00000,barrel,JSON,
oml,594.4576,107.00000,214.00000,barrel,JSON,
oml,595.4576,107.00000,214.00000,barrel,JSON,
oml,596.4576,107.00000,214.00000,barrel,JSON,
oml,597.4576,107.00000,214.00000,barrel,JSON,
oml,598.4576,107.00000,214.00000,barrel,JSON,
oml,599.4576,107.00000,214.00000,barrel,JSON,
oml,600.4576,107.00000,214.00000,barrel,JSON,
oml,601.4576,107.00000,214.00000,barrel,JSON,
oml,602.4576,107.00000,214.00000,barrel,JSON,
oml,603.4576,107.00000,214.00000,barrel,JSON,
oml,604.4576,107.00000,214.00000,barrel,JSON,
oml,605.4576,107.00000,214.00000,barrel,JSON,
oml,606.4576,107.00000,214.00000,barrel,JSON,
oml,607.4576,107.00000,214.00000,barrel,JSON,
oml,608.4576,107.00000,214.00000,barrel,JSON,
oml,609.4576,107.00000,214.00000,barrel,JSON,
oml,610.4576,107.00000,214.00000,barrel,JSON,
oml,611.4576,107.00000,214.00000,barrel,JSON,
oml,612.4576,107.00000,214.00000,barrel,JSON,
oml,613.4576,107.00000,214.00000,barrel,JSON,
oml,614.4576,107.00000,214.00000,barrel,JSON,
oml,615.4576,107.00000,214.00000,barrel,JSON,
oml,616.4576,107.00000,214.00000,barrel,JSON,
oml,617.4576,107.00000,214.00000,barrel,JSON,
oml,618.4576,107.00000,214.00000,barrel,JSON,
oml,619.4576,107.00000,214.00000,barrel,JSON,
oml,620.4576,107.00000,214.00000,barrel,JSON,
oml,621.4576,107.00000,214.00000,barrel,JSON,
oml,622.4576,107.00000,214.00000,barrel,JSON,
oml,623.4576,107.00000,214.00000,barrel,JSON,
oml,624.4576,107.00000,214.00000,barrel,JSON,
oml,625.4576,107.00000,214.00000,barrel,JSON,
oml,626.4576,107.00000,214.00000,barrel,JSON,
oml,627.4576,107.00000,214.00000,barrel,JSON,
oml,628.4576,107.00000,214.00000,barrel,JSON,
oml,629.4576,107.00000,214.00000,barrel,JSON,
oml,630.4576,107.00000,214.00000,barrel,JSON,
oml,631.4576,107.00000,214.00000,barrel,JSON,
oml,632.4576,107.00000,214.00000,barrel,JSON,
oml,633.4576,107.00000,214.00000,barrel,JSON,
oml,634.4576,107.00000,214.00000,barrel,JSON,
oml,635.4576,107.00000,214.00000,barrel,JSON,
oml,636.4576,107.00000,214.00000,barrel,JSON,
oml,637.4576,107.00000,214.00000,barrel,JSON,
oml,638.4576,107.00000,214.00000,barrel,JSON,
oml,639.4576,107.00000,214.00000,barrel,JSON,
oml,640.4576,107.00000,214.00000,barrel,JSON,
oml,641.4576,107.00000,214.00000,barrel,JSON,
oml,642.4576,107.00000,214.00000,barrel,JSON,
oml,643.4576,107.00000,214.00000,barrel,JSON,
oml,644.4576,107.00000,214.00000,barrel,JSON,
oml,645.4576,107.00000,214.00000,barrel,JSON,
oml,646.4576,107.00000,214.00000,barrel,JSON,
oml,647.4576,107.00000,214.00000,barrel,JSON,
oml,648.4576,107.00000,214.00000,barrel,JSON,
oml,649.4576,107.00000,214.00000,barrel,JSON,
oml,650.4576,107.00000,214.00000,barrel,JSON,
oml,651.4576,107.00000,214.00000,barrel,JSON,
oml,652.4576,107.00000,214.00000,barrel,JSON,
oml,653.4576,107.00000,214.00000,barrel,JSON,
oml,654.4576,107.00000,214.00000,barrel,JSON,
oml,655.4576,107.00000,214.00000,barrel,JSON,
oml,656.4576,107.00000,214.00000,barrel,JSON,
oml,657.4576,107.00000,214.00000,barrel,JSON,
oml,658.4576,107.00000,214.00000,barrel,JSON,
oml,659.4576,107.00000,214.00000,barrel,JSON,
oml,660.4576,107.00000,214.00000,barrel,JSON,
oml,661.4576,107.00000,214.00000,barrel,JSON,
oml,662.4576,107.00000,214.00000,barrel,JSON,
oml,663.4576,107.00000,214.00000,barrel,JSON,
oml,664.4576,107.00000,214.00000,barrel,JSON,
oml,665.4576,107.00000,214.00000,barrel,JSON,
oml,666.4576,107.00000,214.00000,barrel,JSON,
oml,667.4576,107.00000,214.00000,barrel,JSON,
oml,668.4576,107.00000,214.00000,barrel,JSON,
oml,669.4576,107.00000,214.00000,barrel,JSON,
oml,670.4576,107.00000,214.00000,barrel,JSON,
oml,671.4576,107.00000,214.00000,barrel,JSON,
oml,672.4576,107.00000,214.00000,barrel,JSON,
oml,673.4576,107.00000,214.00000,barrel,JSON,
oml,674.4576,107.00000,214.00000,barrel,JSON,
oml,675.4576,107.00000,214.00000,barrel,JSON,
oml,676.4576,107.00000,214.00000,barrel,JSON,
oml,677.4576,107.00000,214.00000,barrel,JSON,
oml,678.4576,107.00000,214.00000,barrel,JSON,
oml,679.4576,107.00000,214.00000,barrel,JSON,
oml,680.4576,107.00000,214.00000,barrel,JSON,
oml,681.4576,107.00000,214.00000,barrel,JSON,
oml,682.4576,107.00000,214.00000,barrel,JSON,
oml,683.4576,107.00000,214.00000,barrel,JSON,
oml,684.4576,107.00000,214.00000,barrel,JSON,
oml,685.4576,107.00000,214.00000,barrel,JSON,
oml,686.4576,107.00000,214.00000,barrel,JSON,
oml,687.4576,107.00000,214.00000,barrel,JSON,
oml,688.4576,107.00000,214.00000,barrel,JSON,
oml,689.4576,107.00000,214.00000,barrel,JSON,
oml,690.4576,107.00000,214.00000,barrel,JSON,
oml,691.4576,107.00000,214.00000,barrel,JSON,
oml,692.4576,107.00000,214.00000,barrel,JSON,
oml,693.4576,107.00000,214.00000,barrel,JSON,
oml,694.4576,107.00000,214.00000,barrel,JSON,
oml,695.4576,107.00000,214.00000,barrel,JSON,
oml,696.4576,107.00000,214.00000,barrel,JSON,
oml,697.4576,107.00000,214.00000,barrel,JSON,
oml,698.4576,107.00000,214.00000,barrel,JSON,
oml,699.4576,107.00000,214.00000,barrel,JSON,
oml,700.4576,107.00000,214.00000,barrel,JSON,
oml,701.4576,107.00000,214.00000,barrel,JSON,
oml,702.4576,107.00000,214.00000,barrel,JSON,
oml,703.4576,107.00000,214.00000,barrel,JSON,
oml,704.4576,107.00000,214.00000,barrel,JSON,
oml,705.4576,107.00000,214.00000,barrel,JSON,
oml,706.4576,107.00000,214.00000,barrel,JSON,
oml,707.4576,107.00000,214.00000,barrel,JSON,
oml,708.4576,107.00000,214.00000,barrel,JSON,
oml,709.4576,107.00000,214.00000,barrel,JSON,
oml,710.4576,107.00000,214.00000,barrel,JSON,
oml,711.4576,107.00000,214.00000,barrel,JSON,
oml,712.4576,107.00000,214.00000,barrel,JSON,
oml,713.4576,107.00000,214.00000,barrel,JSON,
oml,714.4576,107.00000,214.00000,barrel,JSON,
oml,715.4576,107.00000,214.00000,barrel,JSON,
oml,716.4576,107.00000,214.00000,barrel,JSON,
oml,717.4576,107.00000,214.00000,barrel,JSON,
oml,718.4576,107.00000,214.00000,barrel,JSON,
oml,719.4576,107.00000,214.00000,barrel,JSON,
oml,720.4576,107.00000,214.00000,barrel,JSON,
oml,721.4576,107.00000,214.00000,barrel,JSON,
oml,722.4576,107.00000,214.00000,barrel,JSON,
oml,723.4576,107.00000,214.00000,barrel,JSON,
oml,724.4576,107.00000,214.00000,barrel,JSON,
oml,725.4576,107.00000,214.00000,barrel,JSON,
oml,726.4576,107.00000,214.00000,barrel,JSON,
oml,727.4576,107.00000,214.00000,barrel,JSON,
oml,728.4576,107.00000,214.00000,barrel,JSON,
oml,729.4576,107.00000,214.00000,barrel,JSON,
oml,730.4576,107.00000,214.00000,barrel,JSON,
oml,731.4576,107.00000,214.00000,barrel,JSON,
oml,732.4576,107.00000,214.00000,barrel,JSON,
oml,733.4576,107.00000,214.00000,barrel,JSON,
oml,734.4576,107.00000,214.00000,barrel,JSON,
oml,735.4576,107.00000,214.00000,barrel,JSON,
oml,736.4576,107.00000,214.00000,barrel,JSON,
oml,737.4576,107.00000,214.00000,barrel,JSON,
oml,738.4576,107.00000,214.00000,barrel,JSON,
oml,739.4576,107.00000,214.00000,barrel,JSON,
oml,740.4576,107.00000,214.00000,barrel,JSON,
oml,741.4576,107.00000,214.00000,barrel,JSON,
oml,742.4576,107.00000,214.00000,barrel,JSON,
oml,743.4576,107.00000,214.00000,barrel,JSON,
oml,744.4576,107.00000,214.00000,barrel,JSON,
oml,745.4576,107.00000,214.00000,barrel,JSON,
oml,746.4576,107.00000,214.00000,barrel,JSON,
oml,747.4576,107.00000,214.00000,barrel,JSON,
oml,748.4576,107.00000,214.00000,barrel,JSON,
oml,749.4576,107.00000,214.00000,barrel,JSON,
oml,750.4576,107.00000,214.00000,barrel,JSON,
oml,751.4576,107.00000,214.00000,barrel,JSON,
oml,752.4576,107.00000,214.00000,barrel,JSON,
oml,753.4576,107.00000,214.00000,barrel,JSON,
oml,754.4576,107.00000,214.00000,barrel,JSON,
oml,755.4576,107.00000,214.00000,barrel,JSON,
oml,756.4576,107.00000,214.00000,barrel,JSON,
oml,757.4576,107.00000,214.00000,barrel,JSON,
oml,758.4576,107.00000,214.00000,barrel,JSON,
oml,759.4576,107.00000,214.00000,barrel,JSON,
oml,760.4576,107.00000,214.00000,barrel,JSON,
oml,761.4576,107.00000,214.00000,barrel,JSON,
oml,762.4576,107.00000,214.00000,barrel,JSON,
oml,763.4576,107.00000,214.00000,barrel,JSON,
oml,764.4576,107.00000,214.00000,barrel,JSON,
oml,765.4576,107.00000,214.00000,barrel,JSON,
oml,766.4576,107.00000,214.00000,barrel,JSON,
oml,767.4576,107.00000,214.00000,barrel,JSON,
oml,768.4576,107.00000,214.00000,barrel,JSON,
oml,769.4576,107.00000,214.00000,barrel,JSON,
oml,770.4576,107.00000,214.00000,barrel,JSON,
oml,771.4576,107.00000,214.00000,barrel,JSON,
oml,772.4576,107.00000,214.00000,barrel,JSON,
oml,773.4576,107.00000,214.00000,barrel,JSON,
oml,774.4576,107.00000,214.00000,barrel,JSON,
oml,775.4576,107.00000,214.00000,barrel,JSON,
oml,776.4576,107.00000,214.00000,barrel,JSON,
oml,777.4576,107.00000,214.00000,barrel,JSON,
oml,778.4576,107.00000,214.00000,barrel,JSON,
oml,779.4576,107.00000,214.00000,barrel,JSON,
oml,780.4576,107.00000,214.00000,barrel,JSON,
oml,781.4576,107.00000,214.00000,barrel,JSON,
oml,782.4576,107.00000,214.00000,barrel,JSON,
oml,783.4576,107.00000,214.00000,barrel,JSON,
oml,784.4576,107.00000,214.00000,barrel,JSON,
oml,785.4576,107.00000,214.00000,barrel,JSON,
oml,786.4576,107.00000,214.00000,barrel,JSON,
oml,787.4576,107.00000,214.00000,barrel,JSON,
oml,788.4576,107.00000,214.00000,barrel,JSON,
oml,789.4576,107.00000,214.00000,barrel,JSON,
oml,790.4576,107.00000,214.00000,barrel,JSON,
oml,791.4576,107.00000,214.00000,barrel,JSON,
oml,792.4576,107.00000,214.00000,barrel,JSON,
oml,793.4576,107.00000,214.00000,barrel,JSON,
oml,794.4576,107.00000,214.00000,barrel,JSON,
oml,795.4576,107.00000,214.00000,barrel,JSON,
oml,796.4576,107.00000,214.00000,barrel,JSON,
oml,797.4576,107.00000,214.00000,barrel,JSON,
oml,798.4576,107.00000,214.00000,barrel,JSON,
oml,799.4576,107.00000,214.00000,barrel,JSON,
oml,800.4576,107.00000,214.00000,barrel,JSON,
oml,801.4576,107.00000,214.00000,barrel,JSON,
oml,802.4576,107.00000,214.00000,barrel,JSON,
oml,803.4576,107.00000,214.00000,barrel,JSON,
oml,804.4576,107.00000,214.00000,barrel,JSON,
oml,805.4576,107.00000,214.00000,barrel,JSON,
oml,806.4576,107.00000,214.00000,barrel,JSON,
oml,807.4576,107.00000,214.00000,barrel,JSON,
oml,808.4576,107.00000,214.00000,barrel,JSON,
oml,809.4576,107.00000,214.00000,barrel,JSON,
oml,810.4576,107.00000,214.00000,barrel,JSON,
oml,811.4576,107.00000,214.00000,barrel,JSON,
oml,812.4576,107.00000,214.00000,barrel,JSON,
oml,813.4576,107.00000,214.00000,barrel,JSON,
oml,814.4576,107.00000,214.00000,barrel,JSON,
oml,815.4576,107.00000,214.00000,barrel,JSON,
oml,816.4576,107.00000,214.00000,barrel,JSON,
oml,817.3073,107.00000,214.00000,barrel,JSON,chamber_end
oml,817.4576,107.00000,214.00000,barrel,JSON,
oml,818.4576,107.00000,214.00000,barrel,JSON,
oml,819.4576,107.00000,214.00000,barrel,JSON,
oml,820.4576,107.00000,214.00000,barrel,JSON,
oml,821.4576,107.00000,214.00000,barrel,JSON,
oml,822.4576,107.00000,214.00000,barrel,JSON,
oml,823.4576,107.00000,214.00000,barrel,JSON,
oml,824.4576,107.00000,214.00000,barrel,JSON,
oml,825.4576,107.00000,214.00000,barrel,JSON,
oml,826.4576,107.00000,214.00000,barrel,JSON,
oml,827.4576,107.00000,214.00000,barrel,JSON,
oml,828.4576,107.00000,214.00000,barrel,JSON,
oml,829.4576,107.00000,214.00000,barrel,JSON,
oml,830.4576,107.00000,214.00000,barrel,JSON,
oml,831.4576,107.00000,214.00000,barrel,JSON,
oml,832.4576,107.00000,214.00000,barrel,JSON,
oml,833.4576,107.00000,214.00000,barrel,JSON,
oml,834.4576,107.00000,214.00000,barrel,JSON,
oml,835.4576,107.00000,214.00000,barrel,JSON,
oml,836.4576,107.00000,214.00000,barrel,JSON,
oml,837.4576,107.00000,214.00000,barrel,JSON,
oml,838.4576,107.00000,214.00000,barrel,JSON,
oml,839.4576,107.00000,214.00000,barrel,JSON,
oml,840.4576,107.00000,214.00000,barrel,JSON,
oml,841.4576,107.00000,214.00000,barrel,JSON,
oml,842.4576,107.00000,214.00000,barrel,JSON,
oml,843.4576,107.00000,214.00000,barrel,JSON,
oml,844.4576,107.00000,214.00000,barrel,JSON,
oml,845.4576,107.00000,214.00000,barrel,JSON,
oml,846.4576,107.00000,214.00000,barrel,JSON,
oml,847.4576,107.00000,214.00000,barrel,JSON,
oml,848.4576,107.00000,214.00000,barrel,JSON,
oml,849.4576,107.00000,214.00000,barrel,JSON,
oml,850.4576,107.00000,214.00000,barrel,JSON,
oml,851.4576,107.00000,214.00000,barrel,JSON,
oml,852.4576,107.00000,214.00000,barrel,JSON,
oml,853.4576,107.00000,214.00000,barrel,JSON,
oml,854.4576,107.00000,214.00000,barrel,JSON,
oml,855.4576,107.00000,214.00000,barrel,JSON,
oml,856.4576,107.00000,214.00000,barrel,JSON,
oml,857.4576,107.00000,214.00000,barrel,JSON,
oml,858.4576,107.00000,214.00000,barrel,JSON,
oml,859.4576,107.00000,214.00000,barrel,JSON,
oml,860.4576,107.00000,214.00000,barrel,JSON,
oml,861.4576,107.00000,214.00000,barrel,JSON,
oml,862.4576,107.00000,214.00000,barrel,JSON,
oml,863.4576,107.00000,214.00000,barrel,JSON,
oml,864.4576,107.00000,214.00000,barrel,JSON,
oml,865.4576,107.00000,214.00000,barrel,JSON,
oml,866.4576,107.00000,214.00000,barrel,JSON,
oml,867.4576,107.00000,214.00000,barrel,JSON,
oml,868.4576,107.00000,214.00000,barrel,JSON,
oml,869.4576,107.00000,214.00000,barrel,JSON,
oml,870.4576,107.00000,214.00000,barrel,JSON,
oml,871.4576,107.00000,214.00000,barrel,JSON,
oml,872.4576,107.00000,214.00000,barrel,JSON,
oml,873.4576,107.00000,214.00000,barrel,JSON,
oml,874.4576,107.00000,214.00000,barrel,JSON,
oml,875.4576,107.00000,214.00000,barrel,JSON,
oml,876.4576,107.00000,214.00000,barrel,JSON,
oml,877.4576,107.00000,214.00000,barrel,JSON,
oml,878.4576,107.00000,214.00000,barrel,JSON,
oml,879.4576,107.00000,214.00000,barrel,JSON,
oml,880.4576,107.00000,214.00000,barrel,JSON,
oml,881.4576,107.00000,214.00000,barrel,JSON,
oml,882.4576,107.00000,214.00000,barrel,JSON,
oml,883.4576,107.00000,214.00000,barrel,JSON,
oml,884.4576,107.00000,214.00000,barrel,JSON,
oml,885.4576,107.00000,214.00000,barrel,JSON,
oml,886.4576,107.00000,214.00000,barrel,JSON,
oml,887.4576,107.00000,214.00000,barrel,JSON,
oml,888.4576,107.00000,214.00000,barrel,JSON,
oml,889.4576,107.00000,214.00000,barrel,JSON,
oml,890.4576,107.00000,214.00000,barrel,JSON,
oml,891.4576,107.00000,214.00000,barrel,JSON,
oml,892.4576,107.00000,214.00000,barrel,JSON,
oml,893.4576,107.00000,214.00000,barrel,JSON,
oml,894.4576,107.00000,214.00000,barrel,JSON,
oml,895.4576,107.00000,214.00000,barrel,JSON,
oml,896.4576,107.00000,214.00000,barrel,JSON,
oml,897.4576,107.00000,214.00000,barrel,JSON,
oml,898.4576,107.00000,214.00000,barrel,JSON,
oml,899.4576,107.00000,214.00000,barrel,JSON,
oml,900.4576,107.00000,214.00000,barrel,JSON,
oml,901.4576,107.00000,214.00000,barrel,JSON,
oml,902.4576,107.00000,214.00000,barrel,JSON,
oml,903.4576,107.00000,214.00000,barrel,JSON,
oml,904.4576,107.00000,214.00000,barrel,JSON,
oml,905.4576,107.00000,214.00000,barrel,JSON,
oml,906.4576,107.00000,214.00000,barrel,JSON,
oml,907.4576,107.00000,214.00000,barrel,JSON,
oml,908.4576,107.00000,214.00000,barrel,JSON,
oml,909.4576,107.00000,214.00000,barrel,JSON,
oml,910.4576,107.00000,214.00000,barrel,JSON,
oml,911.4576,107.00000,214.00000,barrel,JSON,
oml,912.4576,107.00000,214.00000,barrel,JSON,
oml,913.4576,107.00000,214.00000,barrel,JSON,
oml,914.4576,107.00000,214.00000,barrel,JSON,
oml,915.4576,107.00000,214.00000,barrel,JSON,
oml,916.4576,107.00000,214.00000,barrel,JSON,
oml,917.4576,107.00000,214.00000,barrel,JSON,
oml,918.4576,107.00000,214.00000,barrel,JSON,
oml,919.4576,107.00000,214.00000,barrel,JSON,
oml,920.4576,107.00000,214.00000,barrel,JSON,
oml,921.4576,107.00000,214.00000,barrel,JSON,
oml,922.4576,107.00000,214.00000,barrel,JSON,
oml,923.4576,107.00000,214.00000,barrel,JSON,
oml,924.4576,107.00000,214.00000,barrel,JSON,
oml,925.4576,107.00000,214.00000,barrel,JSON,
oml,926.4576,107.00000,214.00000,barrel,JSON,
oml,927.4576,107.00000,214.00000,barrel,JSON,
oml,928.4576,107.00000,214.00000,barrel,JSON,
oml,929.4576,107.00000,214.00000,barrel,JSON,
oml,930.4576,107.00000,214.00000,barrel,JSON,
oml,931.4576,107.00000,214.00000,barrel,JSON,
oml,932.4576,107.00000,214.00000,barrel,JSON,
oml,933.4576,107.00000,214.00000,barrel,JSON,
oml,934.4576,107.00000,214.00000,barrel,JSON,
oml,935.4576,107.00000,214.00000,barrel,JSON,
oml,936.4576,107.00000,214.00000,barrel,JSON,
oml,937.4576,107.00000,214.00000,barrel,JSON,
oml,938.4576,107.00000,214.00000,barrel,JSON,
oml,939.4576,107.00000,214.00000,barrel,JSON,
oml,940.4576,107.00000,214.00000,barrel,JSON,
oml,941.4576,107.00000,214.00000,barrel,JSON,
oml,942.4576,107.00000,214.00000,barrel,JSON,
oml,943.4576,107.00000,214.00000,barrel,JSON,
oml,944.4576,107.00000,214.00000,barrel,JSON,
oml,945.4576,107.00000,214.00000,barrel,JSON,
oml,946.4576,107.00000,214.00000,barrel,JSON,
oml,947.4576,107.00000,214.00000,barrel,JSON,
oml,948.4576,107.00000,214.00000,barrel,JSON,
oml,949.4576,107.00000,214.00000,barrel,JSON,
oml,950.4576,107.00000,214.00000,barrel,JSON,
oml,951.4576,107.00000,214.00000,barrel,JSON,
oml,952.4576,107.00000,214.00000,barrel,JSON,
oml,953.4576,107.00000,214.00000,barrel,JSON,
oml,954.4576,107.00000,214.00000,barrel,JSON,
oml,955.4576,107.00000,214.00000,barrel,JSON,
oml,956.4576,107.00000,214.00000,barrel,JSON,
oml,957.4576,107.00000,214.00000,barrel,JSON,
oml,958.4576,107.00000,214.00000,barrel,JSON,
oml,959.4576,107.00000,214.00000,barrel,JSON,
oml,960.4576,107.00000,214.00000,barrel,JSON,
oml,961.4576,107.00000,214.00000,barrel,JSON,
oml,962.4576,107.00000,214.00000,barrel,JSON,
oml,963.4576,107.00000,214.00000,barrel,JSON,
oml,964.4576,107.00000,214.00000,barrel,JSON,
oml,965.4576,107.00000,214.00000,barrel,JSON,
oml,966.4576,107.00000,214.00000,barrel,JSON,
oml,967.4576,107.00000,214.00000,barrel,JSON,
oml,968.4576,107.00000,214.00000,barrel,JSON,
oml,969.4576,107.00000,214.00000,barrel,JSON,
oml,970.4576,107.00000,214.00000,barrel,JSON,
oml,971.4576,107.00000,214.00000,barrel,JSON,
oml,972.4576,107.00000,214.00000,barrel,JSON,
oml,973.4576,107.00000,214.00000,barrel,JSON,
oml,974.4576,107.00000,214.00000,barrel,JSON,
oml,975.4576,107.00000,214.00000,barrel,JSON,
oml,976.4576,107.00000,214.00000,barrel,JSON,
oml,977.4576,107.00000,214.00000,barrel,JSON,
oml,978.4576,107.00000,214.00000,barrel,JSON,
oml,979.4576,107.00000,214.00000,barrel,JSON,
oml,980.4576,107.00000,214.00000,barrel,JSON,
oml,981.4576,107.00000,214.00000,barrel,JSON,
oml,982.4576,107.00000,214.00000,barrel,JSON,
oml,983.4576,107.00000,214.00000,barrel,JSON,
oml,984.4576,107.00000,214.00000,barrel,JSON,
oml,985.4576,107.00000,214.00000,barrel,JSON,
oml,986.4576,107.00000,214.00000,barrel,JSON,
oml,987.4576,107.00000,214.00000,barrel,JSON,
oml,988.4576,107.00000,214.00000,barrel,JSON,
oml,989.4576,107.00000,214.00000,barrel,JSON,
oml,990.4576,107.00000,214.00000,barrel,JSON,
oml,991.4576,107.00000,214.00000,barrel,JSON,
oml,991.5231,107.00000,214.00000,barrel,JSON,cone_end
oml,992.4576,107.00000,214.00000,barrel,JSON,
oml,993.4576,107.00000,214.00000,barrel,JSON,
oml,994.4576,107.00000,214.00000,barrel,JSON,
oml,995.4576,107.00000,214.00000,barrel,JSON,
oml,996.4576,107.00000,214.00000,barrel,JSON,
oml,997.4576,107.00000,214.00000,barrel,JSON,
oml,998.4576,107.00000,214.00000,barrel,JSON,
oml,999.4576,107.00000,214.00000,barrel,JSON,
oml,1000.4576,107.00000,214.00000,barrel,JSON,
oml,1001.4576,107.00000,214.00000,barrel,JSON,
oml,1002.4576,107.00000,214.00000,barrel,JSON,
oml,1003.4576,107.00000,214.00000,barrel,JSON,
oml,1004.4576,107.00000,214.00000,barrel,JSON,
oml,1005.4576,107.00000,214.00000,barrel,JSON,
oml,1006.4576,107.00000,214.00000,barrel,JSON,
oml,1007.4576,107.00000,214.00000,barrel,JSON,
oml,1008.4576,107.00000,214.00000,barrel,JSON,
oml,1009.4576,107.00000,214.00000,barrel,JSON,
oml,1010.4576,107.00000,214.00000,barrel,JSON,
oml,1011.4576,107.00000,214.00000,barrel,JSON,
oml,1012.4576,107.00000,214.00000,barrel,JSON,
oml,1013.4576,107.00000,214.00000,barrel,JSON,
oml,1014.4576,107.00000,214.00000,barrel,JSON,
oml,1015.4576,107.00000,214.00000,barrel,JSON,
oml,1016.4576,107.00000,214.00000,barrel,JSON,
oml,1017.4576,107.00000,214.00000,barrel,JSON,
oml,1018.4576,107.00000,214.00000,barrel,JSON,
oml,1019.4576,107.00000,214.00000,barrel,JSON,
oml,1020.4576,107.00000,214.00000,barrel,JSON,
oml,1021.4576,107.00000,214.00000,barrel,JSON,
oml,1022.4576,107.00000,214.00000,barrel,JSON,
oml,1023.4576,107.00000,214.00000,barrel,JSON,
oml,1024.4576,107.00000,214.00000,barrel,JSON,
oml,1025.4576,107.00000,214.00000,barrel,JSON,
oml,1026.4576,107.00000,214.00000,barrel,JSON,
oml,1027.4576,107.00000,214.00000,barrel,JSON,
oml,1028.4576,107.00000,214.00000,barrel,JSON,
oml,1029.4576,107.00000,214.00000,barrel,JSON,
oml,1030.4576,107.00000,214.00000,barrel,JSON,
oml,1031.4576,107.00000,214.00000,barrel,JSON,
oml,1032.4576,107.00000,214.00000,barrel,JSON,
oml,1033.4576,107.00000,214.00000,barrel,JSON,
oml,1034.4576,107.00000,214.00000,barrel,JSON,
oml,1035.4576,107.00000,214.00000,barrel,JSON,
oml,1036.4576,107.00000,214.00000,barrel,JSON,
oml,1037.4576,107.00000,214.00000,barrel,JSON,
oml,1038.4576,107.00000,214.00000,barrel,JSON,
oml,1039.4576,107.00000,214.00000,barrel,JSON,
oml,1040.4576,107.00000,214.00000,barrel,JSON,
oml,1041.4576,107.00000,214.00000,barrel,JSON,
oml,1042.4576,107.00000,214.00000,barrel,JSON,
oml,1043.4576,107.00000,214.00000,barrel,JSON,
oml,1044.4576,107.00000,214.00000,barrel,JSON,
oml,1045.4576,107.00000,214.00000,barrel,JSON,
oml,1046.4576,107.00000,214.00000,barrel,JSON,
oml,1047.4576,107.00000,214.00000,barrel,JSON,
oml,1048.4576,107.00000,214.00000,barrel,JSON,
oml,1049.4576,107.00000,214.00000,barrel,JSON,
oml,1050.4576,107.00000,214.00000,barrel,JSON,
oml,1051.4576,107.00000,214.00000,barrel,JSON,
oml,1052.4576,107.00000,214.00000,barrel,JSON,
oml,1053.4576,107.00000,214.00000,barrel,JSON,
oml,1054.4576,107.00000,214.00000,barrel,JSON,
oml,1055.4576,107.00000,214.00000,barrel,JSON,
oml,1056.4576,107.00000,214.00000,barrel,JSON,
oml,1057.4576,107.00000,214.00000,barrel,JSON,
oml,1058.4576,107.00000,214.00000,barrel,JSON,
oml,1059.4576,107.00000,214.00000,barrel,JSON,
oml,1060.4576,107.00000,214.00000,barrel,JSON,
oml,1061.4576,107.00000,214.00000,barrel,JSON,
oml,1062.4576,107.00000,214.00000,barrel,JSON,
oml,1063.4576,107.00000,214.00000,barrel,JSON,
oml,1064.4576,107.00000,214.00000,barrel,JSON,
oml,1065.4576,107.00000,214.00000,barrel,JSON,
oml,1066.4576,107.00000,214.00000,barrel,JSON,
oml,1067.4576,107.00000,214.00000,barrel,JSON,
oml,1068.4576,107.00000,214.00000,barrel,JSON,
oml,1069.4576,107.00000,214.00000,barrel,JSON,
oml,1070.4576,107.00000,214.00000,barrel,JSON,
oml,1071.4576,107.00000,214.00000,barrel,JSON,
oml,1072.4576,107.00000,214.00000,barrel,JSON,
oml,1073.4576,107.00000,214.00000,barrel,JSON,
oml,1074.4576,107.00000,214.00000,barrel,JSON,
oml,1075.4576,107.00000,214.00000,barrel,JSON,
oml,1076.4576,107.00000,214.00000,barrel,JSON,
oml,1077.4576,107.00000,214.00000,barrel,JSON,
oml,1078.4576,107.00000,214.00000,barrel,JSON,
oml,1079.4576,107.00000,214.00000,barrel,JSON,
oml,1080.4576,107.00000,214.00000,barrel,JSON,
oml,1081.4576,107.00000,214.00000,barrel,JSON,
oml,1082.4576,107.00000,214.00000,barrel,JSON,
oml,1083.4576,107.00000,214.00000,barrel,JSON,
oml,1084.4576,107.00000,214.00000,barrel,JSON,
oml,1085.4576,107.00000,214.00000,barrel,JSON,
oml,1086.4576,107.00000,214.00000,barrel,JSON,
oml,1087.4576,107.00000,214.00000,barrel,JSON,
oml,1088.4576,107.00000,214.00000,barrel,JSON,
oml,1089.4576,107.00000,214.00000,barrel,JSON,
oml,1090.4576,107.00000,214.00000,barrel,JSON,
oml,1091.4576,107.00000,214.00000,barrel,JSON,
oml,1092.4576,107.00000,214.00000,barrel,JSON,
oml,1093.4576,107.00000,214.00000,barrel,JSON,
oml,1094.4576,107.00000,214.00000,barrel,JSON,
oml,1095.4576,107.00000,214.00000,barrel,JSON,
oml,1096.4576,107.00000,214.00000,barrel,JSON,
oml,1097.4576,107.00000,214.00000,barrel,JSON,
oml,1098.4576,107.00000,214.00000,barrel,JSON,
oml,1099.4576,107.00000,214.00000,barrel,JSON,
oml,1100.4576,107.00000,214.00000,barrel,JSON,
oml,1101.4576,107.00000,214.00000,barrel,JSON,
oml,1102.4576,107.00000,214.00000,barrel,JSON,
oml,1103.4576,107.00000,214.00000,barrel,JSON,
oml,1104.4576,107.00000,214.00000,barrel,JSON,
oml,1105.4576,107.00000,214.00000,barrel,JSON,
oml,1106.4576,107.00000,214.00000,barrel,JSON,
oml,1107.4576,107.00000,214.00000,barrel,JSON,
oml,1108.4576,107.00000,214.00000,barrel,JSON,
oml,1109.4576,107.00000,214.00000,barrel,JSON,
oml,1110.4576,107.00000,214.00000,barrel,JSON,
oml,1111.4576,107.00000,214.00000,barrel,JSON,
oml,1112.4576,107.00000,214.00000,barrel,JSON,
oml,1113.4576,107.00000,214.00000,barrel,JSON,
oml,1114.4576,107.00000,214.00000,barrel,JSON,
oml,1115.4576,107.00000,214.00000,barrel,JSON,
oml,1116.4576,107.00000,214.00000,barrel,JSON,
oml,1117.4576,107.00000,214.00000,barrel,JSON,
oml,1118.4576,107.00000,214.00000,barrel,JSON,
oml,1119.4576,107.00000,214.00000,barrel,JSON,
oml,1120.4576,107.00000,214.00000,barrel,JSON,
oml,1121.4576,107.00000,214.00000,barrel,JSON,
oml,1122.4576,107.00000,214.00000,barrel,JSON,
oml,1123.4576,107.00000,214.00000,barrel,JSON,
oml,1124.4576,107.00000,214.00000,barrel,JSON,
oml,1125.4576,107.00000,214.00000,barrel,JSON,
oml,1126.4576,107.00000,214.00000,barrel,JSON,
oml,1127.4576,107.00000,214.00000,barrel,JSON,
oml,1128.4576,107.00000,214.00000,barrel,JSON,
oml,1129.4576,107.00000,214.00000,barrel,JSON,
oml,1130.4576,107.00000,214.00000,barrel,JSON,
oml,1131.4576,107.00000,214.00000,barrel,JSON,
oml,1132.4576,107.00000,214.00000,barrel,JSON,
oml,1133.4576,107.00000,214.00000,barrel,JSON,
oml,1134.4576,107.00000,214.00000,barrel,JSON,
oml,1135.4576,107.00000,214.00000,barrel,JSON,
oml,1136.4576,107.00000,214.00000,barrel,JSON,
oml,1137.4576,107.00000,214.00000,barrel,JSON,
oml,1138.4576,107.00000,214.00000,barrel,JSON,
oml,1139.4576,107.00000,214.00000,barrel,JSON,
oml,1140.4576,107.00000,214.00000,barrel,JSON,
oml,1141.4576,107.00000,214.00000,barrel,JSON,
oml,1142.4576,107.00000,214.00000,barrel,JSON,
oml,1143.4576,107.00000,214.00000,barrel,JSON,
oml,1144.4576,107.00000,214.00000,barrel,JSON,
oml,1145.4576,107.00000,214.00000,barrel,JSON,
oml,1146.4576,107.00000,214.00000,barrel,JSON,
oml,1147.4576,107.00000,214.00000,barrel,JSON,
oml,1148.4576,107.00000,214.00000,barrel,JSON,
oml,1149.4576,107.00000,214.00000,barrel,JSON,
oml,1150.4576,107.00000,214.00000,barrel,JSON,
oml,1151.4576,107.00000,214.00000,barrel,JSON,
oml,1152.4576,107.00000,214.00000,barrel,JSON,
oml,1153.4576,107.00000,214.00000,barrel,JSON,
oml,1154.4576,107.00000,214.00000,barrel,JSON,
oml,1155.4576,107.00000,214.00000,barrel,JSON,
oml,1156.4576,107.00000,214.00000,barrel,JSON,
oml,1157.4576,107.00000,214.00000,barrel,JSON,
oml,1158.4576,107.00000,214.00000,barrel,JSON,
oml,1159.4576,107.00000,214.00000,barrel,JSON,
oml,1160.4576,107.00000,214.00000,barrel,JSON,
oml,1161.4576,107.00000,214.00000,barrel,JSON,
oml,1162.4576,107.00000,214.00000,barrel,JSON,
oml,1163.4576,107.00000,214.00000,barrel,JSON,
oml,1164.4576,107.00000,214.00000,barrel,JSON,
oml,1165.4576,107.00000,214.00000,barrel,JSON,
oml,1166.4576,107.00000,214.00000,barrel,JSON,
oml,1167.4576,107.00000,214.00000,barrel,JSON,
oml,1168.4576,107.00000,214.00000,barrel,JSON,
oml,1169.4576,107.00000,214.00000,barrel,JSON,
oml,1170.4576,107.00000,214.00000,barrel,JSON,
oml,1171.4576,107.00000,214.00000,barrel,JSON,
oml,1172.4576,107.00000,214.00000,barrel,JSON,
oml,1173.4576,107.00000,214.00000,barrel,JSON,
oml,1174.4576,107.00000,214.00000,barrel,JSON,
oml,1175.4576,107.00000,214.00000,barrel,JSON,
oml,1176.4576,107.00000,214.00000,barrel,JSON,
oml,1177.4576,107.00000,214.00000,barrel,JSON,
oml,1178.4576,107.00000,214.00000,barrel,JSON,
oml,1179.4576,107.00000,214.00000,barrel,JSON,
oml,1180.4576,107.00000,214.00000,barrel,JSON,
oml,1181.4576,107.00000,214.00000,barrel,JSON,
oml,1182.4576,107.00000,214.00000,barrel,JSON,
oml,1183.4576,107.00000,214.00000,barrel,JSON,
oml,1184.4576,107.00000,214.00000,barrel,JSON,
oml,1185.4576,107.00000,214.00000,barrel,JSON,
oml,1186.4576,107.00000,214.00000,barrel,JSON,
oml,1187.4576,107.00000,214.00000,barrel,JSON,
oml,1188.4576,107.00000,214.00000,barrel,JSON,
oml,1189.4576,107.00000,214.00000,barrel,JSON,
oml,1190.4576,107.00000,214.00000,barrel,JSON,
oml,1191.4576,107.00000,214.00000,barrel,JSON,
oml,1192.4576,107.00000,214.00000,barrel,JSON,
oml,1193.4576,107.00000,214.00000,barrel,JSON,
oml,1194.4576,107.00000,214.00000,barrel,JSON,
oml,1195.4576,107.00000,214.00000,barrel,JSON,
oml,1196.4576,107.00000,214.00000,barrel,JSON,
oml,1197.4576,107.00000,214.00000,barrel,JSON,
oml,1198.4576,107.00000,214.00000,barrel,JSON,
oml,1199.4576,107.00000,214.00000,barrel,JSON,
oml,1200.4576,107.00000,214.00000,barrel,JSON,
oml,1201.4576,107.00000,214.00000,barrel,JSON,
oml,1202.4576,107.00000,214.00000,barrel,JSON,
oml,1203.4576,107.00000,214.00000,barrel,JSON,
oml,1204.4576,107.00000,214.00000,barrel,JSON,
oml,1205.4576,107.00000,214.00000,barrel,JSON,
oml,1206.4576,107.00000,214.00000,barrel,JSON,
oml,1207.4576,107.00000,214.00000,barrel,JSON,
oml,1208.4576,107.00000,214.00000,barrel,JSON,
oml,1209.4576,107.00000,214.00000,barrel,JSON,
oml,1210.4576,107.00000,214.00000,barrel,JSON,
oml,1211.4576,107.00000,214.00000,barrel,JSON,
oml,1212.4576,107.00000,214.00000,barrel,JSON,
oml,1213.4576,107.00000,214.00000,barrel,JSON,
oml,1214.4576,107.00000,214.00000,barrel,JSON,
oml,1215.4576,107.00000,214.00000,barrel,JSON,
oml,1216.4576,107.00000,214.00000,barrel,JSON,
oml,1217.4576,107.00000,214.00000,barrel,JSON,
oml,1218.4576,107.00000,214.00000,barrel,JSON,
oml,1219.4576,107.00000,214.00000,barrel,JSON,
oml,1220.4576,107.00000,214.00000,barrel,JSON,
oml,1221.4576,107.00000,214.00000,barrel,JSON,
oml,1222.4576,107.00000,214.00000,barrel,JSON,
oml,1223.4576,107.00000,214.00000,barrel,JSON,
oml,1224.4576,107.00000,214.00000,barrel,JSON,
oml,1225.4576,107.00000,214.00000,barrel,JSON,
oml,1226.4576,107.00000,214.00000,barrel,JSON,
oml,1227.4576,107.00000,214.00000,barrel,JSON,
oml,1228.4576,107.00000,214.00000,barrel,JSON,
oml,1229.4576,107.00000,214.00000,barrel,JSON,
oml,1230.4576,107.00000,214.00000,barrel,JSON,
oml,1231.4576,107.00000,214.00000,barrel,JSON,
oml,1232.4576,107.00000,214.00000,barrel,JSON,
oml,1233.4576,107.00000,214.00000,barrel,JSON,
oml,1234.4576,107.00000,214.00000,barrel,JSON,
oml,1235.4576,107.00000,214.00000,barrel,JSON,
oml,1236.4576,107.00000,214.00000,barrel,JSON,
oml,1237.4576,107.00000,214.00000,barrel,JSON,
oml,1238.4576,107.00000,214.00000,barrel,JSON,
oml,1239.4576,107.00000,214.00000,barrel,JSON,
oml,1240.4576,107.00000,214.00000,barrel,JSON,
oml,1241.4576,107.00000,214.00000,barrel,JSON,
oml,1242.4576,107.00000,214.00000,barrel,JSON,
oml,1243.4576,107.00000,214.00000,barrel,JSON,
oml,1244.4576,107.00000,214.00000,barrel,JSON,
oml,1245.4576,107.00000,214.00000,barrel,JSON,
oml,1246.4576,107.00000,214.00000,barrel,JSON,
oml,1247.4576,107.00000,214.00000,barrel,JSON,
oml,1248.4576,107.00000,214.00000,barrel,JSON,
oml,1249.4576,107.00000,214.00000,barrel,JSON,
oml,1250.4576,107.00000,214.00000,barrel,JSON,
oml,1251.4576,107.00000,214.00000,barrel,JSON,
oml,1252.4576,107.00000,214.00000,barrel,JSON,
oml,1253.4576,107.00000,214.00000,barrel,JSON,
oml,1254.4576,107.00000,214.00000,barrel,JSON,
oml,1255.4576,107.00000,214.00000,barrel,JSON,
oml,1256.4576,107.00000,214.00000,barrel,JSON,
oml,1257.4576,107.00000,214.00000,barrel,JSON,
oml,1258.4576,107.00000,214.00000,barrel,JSON,
oml,1259.4576,107.00000,214.00000,barrel,JSON,
oml,1260.4576,107.00000,214.00000,barrel,JSON,
oml,1261.4576,107.00000,214.00000,barrel,JSON,
oml,1262.4576,107.00000,214.00000,barrel,JSON,
oml,1263.4576,107.00000,214.00000,barrel,JSON,
oml,1264.4576,107.00000,214.00000,barrel,JSON,
oml,1265.4576,107.00000,214.00000,barrel,JSON,
oml,1266.4576,107.00000,214.00000,barrel,JSON,
oml,1267.4576,107.00000,214.00000,barrel,JSON,
oml,1268.4576,107.00000,214.00000,barrel,JSON,
oml,1269.4576,107.00000,214.00000,barrel,JSON,
oml,1270.4576,107.00000,214.00000,barrel,JSON,
oml,1271.4576,107.00000,214.00000,barrel,JSON,
oml,1272.4576,107.00000,214.00000,barrel,JSON,
oml,1273.4576,107.00000,214.00000,barrel,JSON,
oml,1274.4576,107.00000,214.00000,barrel,JSON,
oml,1275.4576,107.00000,214.00000,barrel,JSON,
oml,1276.4576,107.00000,214.00000,barrel,JSON,
oml,1277.4576,107.00000,214.00000,barrel,JSON,
oml,1278.4576,107.00000,214.00000,barrel,JSON,
oml,1279.4576,107.00000,214.00000,barrel,JSON,
oml,1280.4576,107.00000,214.00000,barrel,JSON,
oml,1281.4576,107.00000,214.00000,barrel,JSON,
oml,1282.4576,107.00000,214.00000,barrel,JSON,
oml,1283.4576,107.00000,214.00000,barrel,JSON,
oml,1284.4576,107.00000,214.00000,barrel,JSON,
oml,1285.4576,107.00000,214.00000,barrel,JSON,
oml,1286.4576,107.00000,214.00000,barrel,JSON,
oml,1287.4576,107.00000,214.00000,barrel,JSON,
oml,1288.4576,107.00000,214.00000,barrel,JSON,
oml,1289.4576,107.00000,214.00000,barrel,JSON,
oml,1290.4576,107.00000,214.00000,barrel,JSON,
oml,1291.4576,107.00000,214.00000,barrel,JSON,
oml,1292.4576,107.00000,214.00000,barrel,JSON,
oml,1293.4576,107.00000,214.00000,barrel,JSON,
oml,1294.4576,107.00000,214.00000,barrel,JSON,
oml,1295.4576,107.00000,214.00000,barrel,JSON,
oml,1296.4576,107.00000,214.00000,barrel,JSON,
oml,1297.4576,107.00000,214.00000,barrel,JSON,
oml,1298.4576,107.00000,214.00000,barrel,JSON,
oml,1299.4576,107.00000,214.00000,barrel,JSON,
oml,1300.4576,107.00000,214.00000,barrel,JSON,
oml,1301.4576,107.00000,214.00000,barrel,JSON,
oml,1302.4576,107.00000,214.00000,barrel,JSON,
oml,1303.4576,107.00000,214.00000,barrel,JSON,
oml,1304.4576,107.00000,214.00000,barrel,JSON,
oml,1305.4576,107.00000,214.00000,barrel,JSON,
oml,1306.4576,107.00000,214.00000,barrel,JSON,
oml,1307.4576,107.00000,214.00000,barrel,JSON,
oml,1308.4576,107.00000,214.00000,barrel,JSON,
oml,1309.4576,107.00000,214.00000,barrel,JSON,
oml,1310.4576,107.00000,214.00000,barrel,JSON,
oml,1311.4576,107.00000,214.00000,barrel,JSON,
oml,1312.4576,107.00000,214.00000,barrel,JSON,
oml,1313.4576,107.00000,214.00000,barrel,JSON,
oml,1314.4576,107.00000,214.00000,barrel,JSON,
oml,1315.4576,107.00000,214.00000,barrel,JSON,
oml,1316.4576,107.00000,214.00000,barrel,JSON,
oml,1317.4576,107.00000,214.00000,barrel,JSON,
oml,1318.4576,107.00000,214.00000,barrel,JSON,
oml,1319.4576,107.00000,214.00000,barrel,JSON,
oml,1320.4576,107.00000,214.00000,barrel,JSON,
oml,1321.4576,107.00000,214.00000,barrel,JSON,
oml,1322.4576,107.00000,214.00000,barrel,JSON,
oml,1323.4576,107.00000,214.00000,barrel,JSON,
oml,1324.4576,107.00000,214.00000,barrel,JSON,
oml,1325.4576,107.00000,214.00000,barrel,JSON,
oml,1326.4576,107.00000,214.00000,barrel,JSON,
oml,1327.4576,107.00000,214.00000,barrel,JSON,
oml,1328.4576,107.00000,214.00000,barrel,JSON,
oml,1329.4576,107.00000,214.00000,barrel,JSON,
oml,1330.4576,107.00000,214.00000,barrel,JSON,
oml,1331.4576,107.00000,214.00000,barrel,JSON,
oml,1332.4576,107.00000,214.00000,barrel,JSON,
oml,1333.4576,107.00000,214.00000,barrel,JSON,
oml,1334.4576,107.00000,214.00000,barrel,JSON,
oml,1335.4576,107.00000,214.00000,barrel,JSON,
oml,1336.4576,107.00000,214.00000,barrel,JSON,
oml,1337.4576,107.00000,214.00000,barrel,JSON,
oml,1338.4576,107.00000,214.00000,barrel,JSON,
oml,1339.4576,107.00000,214.00000,barrel,JSON,
oml,1340.4576,107.00000,214.00000,barrel,JSON,
oml,1341.4576,107.00000,214.00000,barrel,JSON,
oml,1342.4576,107.00000,214.00000,barrel,JSON,
oml,1343.4576,107.00000,214.00000,barrel,JSON,
oml,1344.4576,107.00000,214.00000,barrel,JSON,
oml,1345.4576,107.00000,214.00000,barrel,JSON,
oml,1346.4576,107.00000,214.00000,barrel,JSON,
oml,1347.4576,107.00000,214.00000,barrel,JSON,
oml,1348.4576,107.00000,214.00000,barrel,JSON,
oml,1349.4576,107.00000,214.00000,barrel,JSON,
oml,1350.4576,107.00000,214.00000,barrel,JSON,
oml,1351.4576,107.00000,214.00000,barrel,JSON,
oml,1352.4576,107.00000,214.00000,barrel,JSON,
oml,1353.4576,107.00000,214.00000,barrel,JSON,
oml,1354.4576,107.00000,214.00000,barrel,JSON,
oml,1355.4576,107.00000,214.00000,barrel,JSON,
oml,1356.4576,107.00000,214.00000,barrel,JSON,
oml,1357.4576,107.00000,214.00000,barrel,JSON,
oml,1358.4576,107.00000,214.00000,barrel,JSON,
oml,1359.4576,107.00000,214.00000,barrel,JSON,
oml,1360.4576,107.00000,214.00000,barrel,JSON,
oml,1361.4576,107.00000,214.00000,barrel,JSON,
oml,1362.4576,107.00000,214.00000,barrel,JSON,
oml,1363.4576,107.00000,214.00000,barrel,JSON,
oml,1364.4576,107.00000,214.00000,barrel,JSON,
oml,1365.4576,107.00000,214.00000,barrel,JSON,
oml,1366.4576,107.00000,214.00000,barrel,JSON,
oml,1367.4576,107.00000,214.00000,barrel,JSON,
oml,1368.4576,107.00000,214.00000,barrel,JSON,
oml,1369.4576,107.00000,214.00000,barrel,JSON,
oml,1370.4576,107.00000,214.00000,barrel,JSON,
oml,1371.4576,107.00000,214.00000,barrel,JSON,
oml,1372.4576,107.00000,214.00000,barrel,JSON,
oml,1373.4576,107.00000,214.00000,barrel,JSON,
oml,1374.4576,107.00000,214.00000,barrel,JSON,
oml,1375.4576,107.00000,214.00000,barrel,JSON,
oml,1376.4576,107.00000,214.00000,barrel,JSON,
oml,1377.4576,107.00000,214.00000,barrel,JSON,
oml,1378.4576,107.00000,214.00000,barrel,JSON,
oml,1379.4576,107.00000,214.00000,barrel,JSON,
oml,1380.4576,107.00000,214.00000,barrel,JSON,
oml,1381.4576,107.00000,214.00000,barrel,JSON,
oml,1382.4576,107.00000,214.00000,barrel,JSON,
oml,1383.4576,107.00000,214.00000,barrel,JSON,
oml,1384.4576,107.00000,214.00000,barrel,JSON,
oml,1385.4576,107.00000,214.00000,barrel,JSON,
oml,1386.4576,107.00000,214.00000,barrel,JSON,
oml,1387.4576,107.00000,214.00000,barrel,JSON,
oml,1388.4576,107.00000,214.00000,barrel,JSON,
oml,1389.4576,107.00000,214.00000,barrel,JSON,
oml,1390.4576,107.00000,214.00000,barrel,JSON,
oml,1391.4576,107.00000,214.00000,barrel,JSON,
oml,1392.4576,107.00000,214.00000,barrel,JSON,
oml,1393.4576,107.00000,214.00000,barrel,JSON,
oml,1394.4576,107.00000,214.00000,barrel,JSON,
oml,1395.4576,107.00000,214.00000,barrel,JSON,
oml,1396.4576,107.00000,214.00000,barrel,JSON,
oml,1397.4576,107.00000,214.00000,barrel,JSON,
oml,1398.4576,107.00000,214.00000,barrel,JSON,
oml,1399.4576,107.00000,214.00000,barrel,JSON,
oml,1400.4576,107.00000,214.00000,barrel,JSON,
oml,1401.4576,107.00000,214.00000,barrel,JSON,
oml,1402.4576,107.00000,214.00000,barrel,JSON,
oml,1403.4576,107.00000,214.00000,barrel,JSON,
oml,1404.4576,107.00000,214.00000,barrel,JSON,
oml,1405.4576,107.00000,214.00000,barrel,JSON,
oml,1406.4576,107.00000,214.00000,barrel,JSON,
oml,1407.4576,107.00000,214.00000,barrel,JSON,
oml,1408.4576,107.00000,214.00000,barrel,JSON,
oml,1409.4576,107.00000,214.00000,barrel,JSON,
oml,1410.4576,107.00000,214.00000,barrel,JSON,
oml,1411.4576,107.00000,214.00000,barrel,JSON,
oml,1412.4576,107.00000,214.00000,barrel,JSON,
oml,1413.4576,107.00000,214.00000,barrel,JSON,
oml,1414.4576,107.00000,214.00000,barrel,JSON,
oml,1415.4576,107.00000,214.00000,barrel,JSON,
oml,1416.4576,107.00000,214.00000,barrel,JSON,
oml,1417.4576,107.00000,214.00000,barrel,JSON,
oml,1418.4576,107.00000,214.00000,barrel,JSON,
oml,1419.4576,107.00000,214.00000,barrel,JSON,
oml,1420.4576,107.00000,214.00000,barrel,JSON,
oml,1421.4576,107.00000,214.00000,barrel,JSON,
oml,1422.4576,107.00000,214.00000,barrel,JSON,
oml,1423.4576,107.00000,214.00000,barrel,JSON,
oml,1424.4576,107.00000,214.00000,barrel,JSON,
oml,1425.4576,107.00000,214.00000,barrel,JSON,
oml,1426.4576,107.00000,214.00000,barrel,JSON,
oml,1427.4576,107.00000,214.00000,barrel,JSON,
oml,1428.4576,107.00000,214.00000,barrel,JSON,
oml,1429.4576,107.00000,214.00000,barrel,JSON,
oml,1430.4576,107.00000,214.00000,barrel,JSON,
oml,1431.4576,107.00000,214.00000,barrel,JSON,
oml,1432.4576,107.00000,214.00000,barrel,JSON,
oml,1433.4576,107.00000,214.00000,barrel,JSON,
oml,1434.4576,107.00000,214.00000,barrel,JSON,
oml,1435.4576,107.00000,214.00000,barrel,JSON,
oml,1436.4576,107.00000,214.00000,barrel,JSON,
oml,1437.4576,107.00000,214.00000,barrel,JSON,
oml,1438.4576,107.00000,214.00000,barrel,JSON,
oml,1439.4576,107.00000,214.00000,barrel,JSON,
oml,1440.4576,107.00000,214.00000,barrel,JSON,
oml,1441.4576,107.00000,214.00000,barrel,JSON,
oml,1442.4576,107.00000,214.00000,barrel,JSON,
oml,1443.4576,107.00000,214.00000,barrel,JSON,
oml,1444.4576,107.00000,214.00000,barrel,JSON,
oml,1445.4576,107.00000,214.00000,barrel,JSON,
oml,1446.4576,107.00000,214.00000,barrel,JSON,
oml,1447.4576,107.00000,214.00000,barrel,JSON,
oml,1448.4576,107.00000,214.00000,barrel,JSON,
oml,1449.4576,107.00000,214.00000,barrel,JSON,
oml,1450.4576,107.00000,214.00000,barrel,JSON,
oml,1451.4576,107.00000,214.00000,barrel,JSON,
oml,1452.4576,107.00000,214.00000,barrel,JSON,
oml,1453.4576,107.00000,214.00000,barrel,JSON,
oml,1454.4576,107.00000,214.00000,barrel,JSON,
oml,1455.4576,107.00000,214.00000,barrel,JSON,
oml,1456.4576,107.00000,214.00000,barrel,JSON,
oml,1457.4576,107.00000,214.00000,barrel,JSON,
oml,1458.4576,107.00000,214.00000,barrel,JSON,
oml,1459.4576,107.00000,214.00000,barrel,JSON,
oml,1460.4576,107.00000,214.00000,barrel,JSON,
oml,1461.4576,107.00000,214.00000,barrel,JSON,
oml,1462.4576,107.00000,214.00000,barrel,JSON,
oml,1463.4576,107.00000,214.00000,barrel,JSON,
oml,1464.4576,107.00000,214.00000,barrel,JSON,
oml,1465.4576,107.00000,214.00000,barrel,JSON,
oml,1466.4576,107.00000,214.00000,barrel,JSON,
oml,1467.4576,107.00000,214.00000,barrel,JSON,
oml,1468.4576,107.00000,214.00000,barrel,JSON,
oml,1469.4576,107.00000,214.00000,barrel,JSON,
oml,1470.4576,107.00000,214.00000,barrel,JSON,
oml,1471.4576,107.00000,214.00000,barrel,JSON,
oml,1472.4576,107.00000,214.00000,barrel,JSON,
oml,1473.4576,107.00000,214.00000,barrel,JSON,
oml,1474.4576,107.00000,214.00000,barrel,JSON,
oml,1475.4576,107.00000,214.00000,barrel,JSON,
oml,1476.4576,107.00000,214.00000,barrel,JSON,
oml,1477.4576,107.00000,214.00000,barrel,JSON,
oml,1478.4576,107.00000,214.00000,barrel,JSON,
oml,1479.4576,107.00000,214.00000,barrel,JSON,
oml,1480.4576,107.00000,214.00000,barrel,JSON,
oml,1481.4576,107.00000,214.00000,barrel,JSON,
oml,1482.4576,107.00000,214.00000,barrel,JSON,
oml,1483.4576,107.00000,214.00000,barrel,JSON,
oml,1484.4576,107.00000,214.00000,barrel,JSON,
oml,1485.4576,107.00000,214.00000,barrel,JSON,
oml,1486.4576,107.00000,214.00000,barrel,JSON,
oml,1487.4576,107.00000,214.00000,barrel,JSON,
oml,1488.4576,107.00000,214.00000,barrel,JSON,
oml,1489.4576,107.00000,214.00000,barrel,JSON,
oml,1490.4576,107.00000,214.00000,barrel,JSON,
oml,1491.4576,107.00000,214.00000,barrel,JSON,
oml,1492.4576,107.00000,214.00000,barrel,JSON,
oml,1493.4576,107.00000,214.00000,barrel,JSON,
oml,1494.4576,107.00000,214.00000,barrel,JSON,
oml,1495.4576,107.00000,214.00000,barrel,JSON,
oml,1496.4576,107.00000,214.00000,barrel,JSON,
oml,1497.4576,107.00000,214.00000,barrel,JSON,
oml,1498.4576,107.00000,214.00000,barrel,JSON,
oml,1499.4576,107.00000,214.00000,barrel,JSON,
oml,1500.4576,107.00000,214.00000,barrel,JSON,
oml,1501.4576,107.00000,214.00000,barrel,JSON,
oml,1502.4576,107.00000,214.00000,barrel,JSON,
oml,1503.4576,107.00000,214.00000,barrel,JSON,
oml,1504.4576,107.00000,214.00000,barrel,JSON,
oml,1505.4576,107.00000,214.00000,barrel,JSON,
oml,1506.4576,107.00000,214.00000,barrel,JSON,
oml,1507.4576,107.00000,214.00000,barrel,JSON,
oml,1508.4576,107.00000,214.00000,barrel,JSON,
oml,1509.4576,107.00000,214.00000,barrel,JSON,
oml,1510.4576,107.00000,214.00000,barrel,JSON,
oml,1511.4576,107.00000,214.00000,barrel,JSON,
oml,1512.4576,107.00000,214.00000,barrel,JSON,
oml,1513.4576,107.00000,214.00000,barrel,JSON,
oml,1514.4576,107.00000,214.00000,barrel,JSON,
oml,1515.4576,107.00000,214.00000,barrel,JSON,
oml,1516.4576,107.00000,214.00000,barrel,JSON,
oml,1517.4576,107.00000,214.00000,barrel,JSON,
oml,1518.4576,107.00000,214.00000,barrel,JSON,
oml,1519.4576,107.00000,214.00000,barrel,JSON,
oml,1520.4576,107.00000,214.00000,barrel,JSON,
oml,1521.4576,107.00000,214.00000,barrel,JSON,
oml,1522.4576,107.00000,214.00000,barrel,JSON,
oml,1523.4576,107.00000,214.00000,barrel,JSON,
oml,1524.4576,107.00000,214.00000,barrel,JSON,
oml,1525.4576,107.00000,214.00000,barrel,JSON,
oml,1526.4576,107.00000,214.00000,barrel,JSON,
oml,1527.4576,107.00000,214.00000,barrel,JSON,
oml,1528.4576,107.00000,214.00000,barrel,JSON,
oml,1529.4576,107.00000,214.00000,barrel,JSON,
oml,1530.4576,107.00000,214.00000,barrel,JSON,
oml,1531.4576,107.00000,214.00000,barrel,JSON,
oml,1532.4576,107.00000,214.00000,barrel,JSON,
oml,1533.4576,107.00000,214.00000,barrel,JSON,
oml,1534.4576,107.00000,214.00000,barrel,JSON,
oml,1535.4576,107.00000,214.00000,barrel,JSON,
oml,1536.4576,107.00000,214.00000,barrel,JSON,
oml,1537.4576,107.00000,214.00000,barrel,JSON,
oml,1538.4576,107.00000,214.00000,barrel,JSON,
oml,1539.4576,107.00000,214.00000,barrel,JSON,
oml,1540.4576,107.00000,214.00000,barrel,JSON,
oml,1541.4576,107.00000,214.00000,barrel,JSON,
oml,1542.4576,107.00000,214.00000,barrel,JSON,
oml,1543.4576,107.00000,214.00000,barrel,JSON,
oml,1544.4576,107.00000,214.00000,barrel,JSON,
oml,1545.4576,107.00000,214.00000,barrel,JSON,
oml,1546.4576,107.00000,214.00000,barrel,JSON,
oml,1547.4576,107.00000,214.00000,barrel,JSON,
oml,1548.4576,107.00000,214.00000,barrel,JSON,
oml,1549.4576,107.00000,214.00000,barrel,JSON,
oml,1550.4576,107.00000,214.00000,barrel,JSON,
oml,1551.4576,107.00000,214.00000,barrel,JSON,
oml,1552.4576,107.00000,214.00000,barrel,JSON,
oml,1553.4576,107.00000,214.00000,barrel,JSON,
oml,1554.4576,107.00000,214.00000,barrel,JSON,
oml,1555.4576,107.00000,214.00000,barrel,JSON,
oml,1556.4576,107.00000,214.00000,barrel,JSON,
oml,1557.4576,107.00000,214.00000,barrel,JSON,
oml,1558.4576,107.00000,214.00000,barrel,JSON,
oml,1559.4576,107.00000,214.00000,barrel,JSON,
oml,1560.4576,107.00000,214.00000,barrel,JSON,
oml,1561.4576,107.00000,214.00000,barrel,JSON,
oml,1562.4576,107.00000,214.00000,barrel,JSON,
oml,1563.4576,107.00000,214.00000,barrel,JSON,
oml,1564.4576,107.00000,214.00000,barrel,JSON,
oml,1565.4576,107.00000,214.00000,barrel,JSON,
oml,1566.4576,107.00000,214.00000,barrel,JSON,
oml,1567.4576,107.00000,214.00000,barrel,JSON,
oml,1568.4576,107.00000,214.00000,barrel,JSON,
oml,1569.4576,107.00000,214.00000,barrel,JSON,
oml,1570.4576,107.00000,214.00000,barrel,JSON,
oml,1571.4576,107.00000,214.00000,barrel,JSON,
oml,1572.4576,107.00000,214.00000,barrel,JSON,
oml,1573.4576,107.00000,214.00000,barrel,JSON,
oml,1574.4576,107.00000,214.00000,barrel,JSON,
oml,1575.4576,107.00000,214.00000,barrel,JSON,
oml,1576.4576,107.00000,214.00000,barrel,JSON,
oml,1577.4576,107.00000,214.00000,barrel,JSON,
oml,1578.4576,107.00000,214.00000,barrel,JSON,
oml,1579.4576,107.00000,214.00000,barrel,JSON,
oml,1580.4576,107.00000,214.00000,barrel,JSON,
oml,1581.4576,107.00000,214.00000,barrel,JSON,
oml,1582.4576,107.00000,214.00000,barrel,JSON,
oml,1583.4576,107.00000,214.00000,barrel,JSON,
oml,1584.4576,107.00000,214.00000,barrel,JSON,
oml,1585.4576,107.00000,214.00000,barrel,JSON,
oml,1586.4576,107.00000,214.00000,barrel,JSON,
oml,1587.4576,107.00000,214.00000,barrel,JSON,
oml,1588.4576,107.00000,214.00000,barrel,JSON,
oml,1589.4576,107.00000,214.00000,barrel,JSON,
oml,1590.4576,107.00000,214.00000,barrel,JSON,
oml,1591.4576,107.00000,214.00000,barrel,JSON,
oml,1592.4576,107.00000,214.00000,barrel,JSON,
oml,1593.4576,107.00000,214.00000,barrel,JSON,
oml,1594.4576,107.00000,214.00000,barrel,JSON,
oml,1595.4576,107.00000,214.00000,barrel,JSON,
oml,1596.4576,107.00000,214.00000,barrel,JSON,
oml,1597.4576,107.00000,214.00000,barrel,JSON,
oml,1598.4576,107.00000,214.00000,barrel,JSON,
oml,1599.4576,107.00000,214.00000,barrel,JSON,
oml,1600.4576,107.00000,214.00000,barrel,JSON,
oml,1601.4576,107.00000,214.00000,barrel,JSON,
oml,1602.4576,107.00000,214.00000,barrel,JSON,
oml,1603.4576,107.00000,214.00000,barrel,JSON,
oml,1604.4576,107.00000,214.00000,barrel,JSON,
oml,1605.4576,107.00000,214.00000,barrel,JSON,
oml,1606.4576,107.00000,214.00000,barrel,JSON,
oml,1607.4576,107.00000,214.00000,barrel,JSON,
oml,1608.4576,107.00000,214.00000,barrel,JSON,
oml,1609.4576,107.00000,214.00000,barrel,JSON,
oml,1610.4576,107.00000,214.00000,barrel,JSON,
oml,1611.4576,107.00000,214.00000,barrel,JSON,
oml,1612.4576,107.00000,214.00000,barrel,JSON,
oml,1613.4576,107.00000,214.00000,barrel,JSON,
oml,1614.4576,107.00000,214.00000,barrel,JSON,
oml,1615.4576,107.00000,214.00000,barrel,JSON,
oml,1616.4576,107.00000,214.00000,barrel,JSON,
oml,1617.4576,107.00000,214.00000,barrel,JSON,
oml,1618.4576,107.00000,214.00000,barrel,JSON,
oml,1619.4576,107.00000,214.00000,barrel,JSON,
oml,1620.4576,107.00000,214.00000,barrel,JSON,
oml,1621.4576,107.00000,214.00000,barrel,JSON,
oml,1622.4576,107.00000,214.00000,barrel,JSON,
oml,1623.4576,107.00000,214.00000,barrel,JSON,
oml,1624.4576,107.00000,214.00000,barrel,JSON,
oml,1625.4576,107.00000,214.00000,barrel,JSON,
oml,1626.4576,107.00000,214.00000,barrel,JSON,
oml,1627.4576,107.00000,214.00000,barrel,JSON,
oml,1628.4576,107.00000,214.00000,barrel,JSON,
oml,1629.4576,107.00000,214.00000,barrel,JSON,
oml,1630.4576,107.00000,214.00000,barrel,JSON,
oml,1631.4576,107.00000,214.00000,barrel,JSON,
oml,1632.4576,107.00000,214.00000,barrel,JSON,
oml,1633.4576,107.00000,214.00000,barrel,JSON,
oml,1634.4576,107.00000,214.00000,barrel,JSON,
oml,1635.4576,107.00000,214.00000,barrel,JSON,
oml,1636.4576,107.00000,214.00000,barrel,JSON,
oml,1637.4576,107.00000,214.00000,barrel,JSON,
oml,1638.4576,107.00000,214.00000,barrel,JSON,
oml,1639.4576,107.00000,214.00000,barrel,JSON,
oml,1640.4576,107.00000,214.00000,barrel,JSON,
oml,1641.4576,107.00000,214.00000,barrel,JSON,
oml,1642.4576,107.00000,214.00000,barrel,JSON,
oml,1643.4576,107.00000,214.00000,barrel,JSON,
oml,1644.4576,107.00000,214.00000,barrel,JSON,
oml,1645.4576,107.00000,214.00000,barrel,JSON,
oml,1646.4576,107.00000,214.00000,barrel,JSON,
oml,1647.4576,107.00000,214.00000,barrel,JSON,
oml,1648.4576,107.00000,214.00000,barrel,JSON,
oml,1649.4576,107.00000,214.00000,barrel,JSON,
oml,1650.4576,107.00000,214.00000,barrel,JSON,
oml,1651.4576,107.00000,214.00000,barrel,JSON,
oml,1652.4576,107.00000,214.00000,barrel,JSON,
oml,1653.4576,107.00000,214.00000,barrel,JSON,
oml,1654.4576,107.00000,214.00000,barrel,JSON,
oml,1655.4576,107.00000,214.00000,barrel,JSON,
oml,1656.4576,107.00000,214.00000,barrel,JSON,
oml,1657.4576,107.00000,214.00000,barrel,JSON,
oml,1658.4576,107.00000,214.00000,barrel,JSON,
oml,1659.4576,107.00000,214.00000,barrel,JSON,
oml,1660.4576,107.00000,214.00000,barrel,JSON,
oml,1661.4576,107.00000,214.00000,barrel,JSON,
oml,1662.4576,107.00000,214.00000,barrel,JSON,
oml,1663.4576,107.00000,214.00000,barrel,JSON,
oml,1664.4576,107.00000,214.00000,barrel,JSON,
oml,1665.4576,107.00000,214.00000,barrel,JSON,
oml,1666.4576,107.00000,214.00000,barrel,JSON,
oml,1667.4576,107.00000,214.00000,barrel,JSON,
oml,1668.4576,107.00000,214.00000,barrel,JSON,
oml,1669.4576,107.00000,214.00000,barrel,JSON,
oml,1670.4576,107.00000,214.00000,barrel,JSON,
oml,1671.4576,107.00000,214.00000,barrel,JSON,
oml,1672.4576,107.00000,214.00000,barrel,JSON,
oml,1673.4576,107.00000,214.00000,barrel,JSON,
oml,1674.4576,107.00000,214.00000,barrel,JSON,
oml,1675.4576,107.00000,214.00000,barrel,JSON,
oml,1676.4576,107.00000,214.00000,barrel,JSON,
oml,1677.4576,107.00000,214.00000,barrel,JSON,
oml,1678.4576,107.00000,214.00000,barrel,JSON,
oml,1679.4576,107.00000,214.00000,barrel,JSON,
oml,1680.4576,107.00000,214.00000,barrel,JSON,
oml,1681.4576,107.00000,214.00000,barrel,JSON,
oml,1682.4576,107.00000,214.00000,barrel,JSON,
oml,1683.4576,107.00000,214.00000,barrel,JSON,
oml,1684.4576,107.00000,214.00000,barrel,JSON,
oml,1685.4576,107.00000,214.00000,barrel,JSON,
oml,1686.4576,107.00000,214.00000,barrel,JSON,
oml,1687.4576,107.00000,214.00000,barrel,JSON,
oml,1688.4576,107.00000,214.00000,barrel,JSON,
oml,1689.4576,107.00000,214.00000,barrel,JSON,
oml,1690.4576,107.00000,214.00000,barrel,JSON,
oml,1691.4576,107.00000,214.00000,barrel,JSON,
oml,1692.4576,107.00000,214.00000,barrel,JSON,
oml,1693.4576,107.00000,214.00000,barrel,JSON,
oml,1694.4576,107.00000,214.00000,barrel,JSON,
oml,1695.4576,107.00000,214.00000,barrel,JSON,
oml,1696.4576,107.00000,214.00000,barrel,JSON,
oml,1697.4576,107.00000,214.00000,barrel,JSON,
oml,1698.4576,107.00000,214.00000,barrel,JSON,
oml,1699.4576,107.00000,214.00000,barrel,JSON,
oml,1700.4576,107.00000,214.00000,barrel,JSON,
oml,1701.4576,107.00000,214.00000,barrel,JSON,
oml,1702.4576,107.00000,214.00000,barrel,JSON,
oml,1703.4576,107.00000,214.00000,barrel,JSON,
oml,1704.4576,107.00000,214.00000,barrel,JSON,
oml,1705.4576,107.00000,214.00000,barrel,JSON,
oml,1706.4576,107.00000,214.00000,barrel,JSON,
oml,1707.4576,107.00000,214.00000,barrel,JSON,
oml,1708.4576,107.00000,214.00000,barrel,JSON,
oml,1709.4576,107.00000,214.00000,barrel,JSON,
oml,1710.4576,107.00000,214.00000,barrel,JSON,
oml,1711.4576,107.00000,214.00000,barrel,JSON,
oml,1712.4576,107.00000,214.00000,barrel,JSON,
oml,1713.4576,107.00000,214.00000,barrel,JSON,
oml,1714.4576,107.00000,214.00000,barrel,JSON,
oml,1715.4576,107.00000,214.00000,barrel,JSON,
oml,1716.4576,107.00000,214.00000,barrel,JSON,
oml,1717.4576,107.00000,214.00000,barrel,JSON,
oml,1718.4576,107.00000,214.00000,barrel,JSON,
oml,1719.4576,107.00000,214.00000,barrel,JSON,
oml,1720.4576,107.00000,214.00000,barrel,JSON,
oml,1721.4576,107.00000,214.00000,barrel,JSON,
oml,1722.4576,107.00000,214.00000,barrel,JSON,
oml,1723.4576,107.00000,214.00000,barrel,JSON,
oml,1724.4576,107.00000,214.00000,barrel,JSON,
oml,1725.4576,107.00000,214.00000,barrel,JSON,
oml,1726.4576,107.00000,214.00000,barrel,JSON,
oml,1727.4576,107.00000,214.00000,barrel,JSON,
oml,1728.4576,107.00000,214.00000,barrel,JSON,
oml,1729.4576,107.00000,214.00000,barrel,JSON,
oml,1730.4576,107.00000,214.00000,barrel,JSON,
oml,1731.4576,107.00000,214.00000,barrel,JSON,
oml,1732.4576,107.00000,214.00000,barrel,JSON,
oml,1733.4576,107.00000,214.00000,barrel,JSON,
oml,1734.4576,107.00000,214.00000,barrel,JSON,
oml,1735.4576,107.00000,214.00000,barrel,JSON,
oml,1736.4576,107.00000,214.00000,barrel,JSON,
oml,1737.4576,107.00000,214.00000,barrel,JSON,
oml,1738.4576,107.00000,214.00000,barrel,JSON,
oml,1739.4576,107.00000,214.00000,barrel,JSON,
oml,1740.4576,107.00000,214.00000,barrel,JSON,
oml,1741.4576,107.00000,214.00000,barrel,JSON,
oml,1742.4576,107.00000,214.00000,barrel,JSON,
oml,1743.4576,107.00000,214.00000,barrel,JSON,
oml,1744.4576,107.00000,214.00000,barrel,JSON,
oml,1745.4576,107.00000,214.00000,barrel,JSON,
oml,1746.4576,107.00000,214.00000,barrel,JSON,
oml,1747.4576,107.00000,214.00000,barrel,JSON,
oml,1748.4576,107.00000,214.00000,barrel,JSON,
oml,1749.4576,107.00000,214.00000,barrel,JSON,
oml,1750.4576,107.00000,214.00000,barrel,JSON,
oml,1751.4576,107.00000,214.00000,barrel,JSON,
oml,1752.4576,107.00000,214.00000,barrel,JSON,
oml,1753.4576,107.00000,214.00000,barrel,JSON,
oml,1754.4576,107.00000,214.00000,barrel,JSON,
oml,1755.4576,107.00000,214.00000,barrel,JSON,
oml,1756.4576,107.00000,214.00000,barrel,JSON,
oml,1757.4576,107.00000,214.00000,barrel,JSON,
oml,1758.4576,107.00000,214.00000,barrel,JSON,
oml,1759.4576,107.00000,214.00000,barrel,JSON,
oml,1760.4576,107.00000,214.00000,barrel,JSON,
oml,1761.4576,107.00000,214.00000,barrel,JSON,
oml,1762.4576,107.00000,214.00000,barrel,JSON,
oml,1763.4576,107.00000,214.00000,barrel,JSON,
oml,1764.4576,107.00000,214.00000,barrel,JSON,
oml,1765.4576,107.00000,214.00000,barrel,JSON,
oml,1766.4576,107.00000,214.00000,barrel,JSON,
oml,1767.4576,107.00000,214.00000,barrel,JSON,
oml,1768.4576,107.00000,214.00000,barrel,JSON,
oml,1769.4576,107.00000,214.00000,barrel,JSON,
oml,1770.4576,107.00000,214.00000,barrel,JSON,
oml,1771.4576,107.00000,214.00000,barrel,JSON,
oml,1772.4576,107.00000,214.00000,barrel,JSON,
oml,1773.4576,107.00000,214.00000,barrel,JSON,
oml,1774.4576,107.00000,214.00000,barrel,JSON,
oml,1775.4576,107.00000,214.00000,barrel,JSON,
oml,1776.4576,107.00000,214.00000,barrel,JSON,
oml,1777.4576,107.00000,214.00000,barrel,JSON,
oml,1778.4576,107.00000,214.00000,barrel,JSON,
oml,1779.4576,107.00000,214.00000,barrel,JSON,
oml,1780.4576,107.00000,214.00000,barrel,JSON,
oml,1781.4576,107.00000,214.00000,barrel,JSON,
oml,1782.4576,107.00000,214.00000,barrel,JSON,
oml,1783.4576,107.00000,214.00000,barrel,JSON,
oml,1784.4576,107.00000,214.00000,barrel,JSON,
oml,1785.4576,107.00000,214.00000,barrel,JSON,
oml,1786.4576,107.00000,214.00000,barrel,JSON,
oml,1787.4576,107.00000,214.00000,barrel,JSON,
oml,1788.4576,107.00000,214.00000,barrel,JSON,
oml,1789.4576,107.00000,214.00000,barrel,JSON,
oml,1790.4576,107.00000,214.00000,barrel,JSON,
oml,1791.4576,107.00000,214.00000,barrel,JSON,
oml,1792.4576,107.00000,214.00000,barrel,JSON,
oml,1793.4576,107.00000,214.00000,barrel,JSON,
oml,1794.4576,107.00000,214.00000,barrel,JSON,
oml,1795.4576,107.00000,214.00000,barrel,JSON,
oml,1796.4576,107.00000,214.00000,barrel,JSON,
oml,1797.4576,107.00000,214.00000,barrel,JSON,
oml,1798.4576,107.00000,214.00000,barrel,JSON,
oml,1799.4576,107.00000,214.00000,barrel,JSON,
oml,1800.4576,107.00000,214.00000,barrel,JSON,
oml,1801.4576,107.00000,214.00000,barrel,JSON,
oml,1802.4576,107.00000,214.00000,barrel,JSON,
oml,1803.4576,107.00000,214.00000,barrel,JSON,
oml,1804.4576,107.00000,214.00000,barrel,JSON,
oml,1805.4576,107.00000,214.00000,barrel,JSON,
oml,1806.4576,107.00000,214.00000,barrel,JSON,
oml,1807.4576,107.00000,214.00000,barrel,JSON,
oml,1808.4576,107.00000,214.00000,barrel,JSON,
oml,1809.4576,107.00000,214.00000,barrel,JSON,
oml,1810.4576,107.00000,214.00000,barrel,JSON,
oml,1811.4576,107.00000,214.00000,barrel,JSON,
oml,1812.4576,107.00000,214.00000,barrel,JSON,
oml,1813.4576,107.00000,214.00000,barrel,JSON,
oml,1814.4576,107.00000,214.00000,barrel,JSON,
oml,1815.4576,107.00000,214.00000,barrel,JSON,
oml,1816.4576,107.00000,214.00000,barrel,JSON,
oml,1817.4576,107.00000,214.00000,barrel,JSON,
oml,1818.4576,107.00000,214.00000,barrel,JSON,
oml,1819.4576,107.00000,214.00000,barrel,JSON,
oml,1820.4576,107.00000,214.00000,barrel,JSON,
oml,1821.4576,107.00000,214.00000,barrel,JSON,
oml,1822.4576,107.00000,214.00000,barrel,JSON,
oml,1823.4576,107.00000,214.00000,barrel,JSON,
oml,1824.4576,107.00000,214.00000,barrel,JSON,
oml,1825.4576,107.00000,214.00000,barrel,JSON,
oml,1826.4576,107.00000,214.00000,barrel,JSON,
oml,1827.4576,107.00000,214.00000,barrel,JSON,
oml,1828.4576,107.00000,214.00000,barrel,JSON,
oml,1829.4576,107.00000,214.00000,barrel,JSON,
oml,1830.4576,107.00000,214.00000,barrel,JSON,
oml,1831.4576,107.00000,214.00000,barrel,JSON,
oml,1832.4576,107.00000,214.00000,barrel,JSON,
oml,1833.4576,107.00000,214.00000,barrel,JSON,
oml,1834.4576,107.00000,214.00000,barrel,JSON,
oml,1835.4576,107.00000,214.00000,barrel,JSON,
oml,1836.4576,107.00000,214.00000,barrel,JSON,
oml,1837.4576,107.00000,214.00000,barrel,JSON,
oml,1838.4576,107.00000,214.00000,barrel,JSON,
oml,1839.4576,107.00000,214.00000,barrel,JSON,
oml,1840.4576,107.00000,214.00000,barrel,JSON,
oml,1841.4576,107.00000,214.00000,barrel,JSON,
oml,1842.4576,107.00000,214.00000,barrel,JSON,
oml,1843.4576,107.00000,214.00000,barrel,JSON,
oml,1844.4576,107.00000,214.00000,barrel,JSON,
oml,1845.4576,107.00000,214.00000,barrel,JSON,
oml,1846.4576,107.00000,214.00000,barrel,JSON,
oml,1847.4576,107.00000,214.00000,barrel,JSON,
oml,1848.4576,107.00000,214.00000,barrel,JSON,
oml,1849.4576,107.00000,214.00000,barrel,JSON,
oml,1850.4576,107.00000,214.00000,barrel,JSON,
oml,1851.4576,107.00000,214.00000,barrel,JSON,
oml,1852.4576,107.00000,214.00000,barrel,JSON,
oml,1853.4576,107.00000,214.00000,barrel,JSON,
oml,1854.4576,107.00000,214.00000,barrel,JSON,
oml,1855.4576,107.00000,214.00000,barrel,JSON,
oml,1856.4576,107.00000,214.00000,barrel,JSON,
oml,1857.4576,107.00000,214.00000,barrel,JSON,
oml,1858.4576,107.00000,214.00000,barrel,JSON,
oml,1859.4576,107.00000,214.00000,barrel,JSON,
oml,1860.4576,107.00000,214.00000,barrel,JSON,
oml,1861.4576,107.00000,214.00000,barrel,JSON,
oml,1862.4576,107.00000,214.00000,barrel,JSON,
oml,1863.4576,107.00000,214.00000,barrel,JSON,
oml,1864.4576,107.00000,214.00000,barrel,JSON,
oml,1865.4576,107.00000,214.00000,barrel,JSON,
oml,1866.4576,107.00000,214.00000,barrel,JSON,
oml,1867.4576,107.00000,214.00000,barrel,JSON,
oml,1868.4576,107.00000,214.00000,barrel,JSON,
oml,1869.4576,107.00000,214.00000,barrel,JSON,
oml,1870.4576,107.00000,214.00000,barrel,JSON,
oml,1871.4576,107.00000,214.00000,barrel,JSON,
oml,1872.4576,107.00000,214.00000,barrel,JSON,
oml,1873.4576,107.00000,214.00000,barrel,JSON,
oml,1874.4576,107.00000,214.00000,barrel,JSON,
oml,1875.4576,107.00000,214.00000,barrel,JSON,
oml,1876.4576,107.00000,214.00000,barrel,JSON,
oml,1877.4576,107.00000,214.00000,barrel,JSON,
oml,1878.4576,107.00000,214.00000,barrel,JSON,
oml,1879.4576,107.00000,214.00000,barrel,JSON,
oml,1880.4576,107.00000,214.00000,barrel,JSON,
oml,1881.4576,107.00000,214.00000,barrel,JSON,
oml,1882.4576,107.00000,214.00000,barrel,JSON,
oml,1883.4576,107.00000,214.00000,barrel,JSON,
oml,1884.4576,107.00000,214.00000,barrel,JSON,
oml,1885.4576,107.00000,214.00000,barrel,JSON,
oml,1886.4576,107.00000,214.00000,barrel,JSON,
oml,1887.4576,107.00000,214.00000,barrel,JSON,
oml,1888.4576,107.00000,214.00000,barrel,JSON,
oml,1889.4576,107.00000,214.00000,barrel,JSON,
oml,1890.4576,107.00000,214.00000,barrel,JSON,
oml,1891.4576,107.00000,214.00000,barrel,JSON,
oml,1892.4576,107.00000,214.00000,barrel,JSON,
oml,1893.4576,107.00000,214.00000,barrel,JSON,
oml,1894.4576,107.00000,214.00000,barrel,JSON,
oml,1895.4576,107.00000,214.00000,barrel,JSON,
oml,1896.4576,107.00000,214.00000,barrel,JSON,
oml,1897.4576,107.00000,214.00000,barrel,JSON,
oml,1898.4576,107.00000,214.00000,barrel,JSON,
oml,1899.4576,107.00000,214.00000,barrel,JSON,
oml,1900.4576,107.00000,214.00000,barrel,JSON,
oml,1901.4576,107.00000,214.00000,barrel,JSON,
oml,1902.4576,107.00000,214.00000,barrel,JSON,
oml,1903.4576,107.00000,214.00000,barrel,JSON,
oml,1904.4576,107.00000,214.00000,barrel,JSON,
oml,1905.4576,107.00000,214.00000,barrel,JSON,
oml,1906.4576,107.00000,214.00000,barrel,JSON,
oml,1907.4576,107.00000,214.00000,barrel,JSON,
oml,1908.4576,107.00000,214.00000,barrel,JSON,
oml,1909.4576,107.00000,214.00000,barrel,JSON,
oml,1910.4576,107.00000,214.00000,barrel,JSON,
oml,1911.4576,107.00000,214.00000,barrel,JSON,
oml,1912.4576,107.00000,214.00000,barrel,JSON,
oml,1913.4576,107.00000,214.00000,barrel,JSON,
oml,1914.4576,107.00000,214.00000,barrel,JSON,
oml,1915.4576,107.00000,214.00000,barrel,JSON,
oml,1916.4576,107.00000,214.00000,barrel,JSON,
oml,1917.4576,107.00000,214.00000,barrel,JSON,
oml,1918.4576,107.00000,214.00000,barrel,JSON,
oml,1919.4576,107.00000,214.00000,barrel,JSON,
oml,1920.4576,107.00000,214.00000,barrel,JSON,
oml,1921.4576,107.00000,214.00000,barrel,JSON,
oml,1922.4576,107.00000,214.00000,barrel,JSON,
oml,1923.4576,107.00000,214.00000,barrel,JSON,
oml,1924.4576,107.00000,214.00000,barrel,JSON,
oml,1925.4576,107.00000,214.00000,barrel,JSON,
oml,1926.4576,107.00000,214.00000,barrel,JSON,
oml,1927.4576,107.00000,214.00000,barrel,JSON,
oml,1928.4576,107.00000,214.00000,barrel,JSON,
oml,1929.4576,107.00000,214.00000,barrel,JSON,
oml,1930.4576,107.00000,214.00000,barrel,JSON,
oml,1931.4576,107.00000,214.00000,barrel,JSON,
oml,1932.4576,107.00000,214.00000,barrel,JSON,
oml,1933.4576,107.00000,214.00000,barrel,JSON,
oml,1934.4576,107.00000,214.00000,barrel,JSON,
oml,1935.4576,107.00000,214.00000,barrel,JSON,
oml,1936.4576,107.00000,214.00000,barrel,JSON,
oml,1937.4576,107.00000,214.00000,barrel,JSON,
oml,1938.4576,107.00000,214.00000,barrel,JSON,
oml,1939.4576,107.00000,214.00000,barrel,JSON,
oml,1940.4576,107.00000,214.00000,barrel,JSON,
oml,1941.4576,107.00000,214.00000,barrel,JSON,
oml,1942.4576,107.00000,214.00000,barrel,JSON,
oml,1943.4576,107.00000,214.00000,barrel,JSON,
oml,1944.4576,107.00000,214.00000,barrel,JSON,
oml,1945.4576,107.00000,214.00000,barrel,JSON,
oml,1946.4576,107.00000,214.00000,barrel,JSON,
oml,1947.4576,107.00000,214.00000,barrel,JSON,
oml,1948.4576,107.00000,214.00000,barrel,JSON,
oml,1949.4576,107.00000,214.00000,barrel,JSON,
oml,1950.4576,107.00000,214.00000,barrel,JSON,
oml,1951.4576,107.00000,214.00000,barrel,JSON,
oml,1952.4576,107.00000,214.00000,barrel,JSON,
oml,1953.4576,107.00000,214.00000,barrel,JSON,
oml,1954.4576,107.00000,214.00000,barrel,JSON,
oml,1955.4576,107.00000,214.00000,barrel,JSON,
oml,1956.4576,107.00000,214.00000,barrel,JSON,
oml,1957.4576,107.00000,214.00000,barrel,JSON,
oml,1958.4576,107.00000,214.00000,barrel,JSON,
oml,1959.4576,107.00000,214.00000,barrel,JSON,
oml,1960.4576,107.00000,214.00000,barrel,JSON,
oml,1961.4576,107.00000,214.00000,barrel,JSON,
oml,1962.4576,107.00000,214.00000,barrel,JSON,
oml,1963.4576,107.00000,214.00000,barrel,JSON,
oml,1964.4576,107.00000,214.00000,barrel,JSON,
oml,1965.4576,107.00000,214.00000,barrel,JSON,
oml,1966.4576,107.00000,214.00000,barrel,JSON,
oml,1967.4576,107.00000,214.00000,barrel,JSON,
oml,1968.4576,107.00000,214.00000,barrel,JSON,
oml,1969.4576,107.00000,214.00000,barrel,JSON,
oml,1970.4576,107.00000,214.00000,barrel,JSON,
oml,1971.4576,107.00000,214.00000,barrel,JSON,
oml,1972.4576,107.00000,214.00000,barrel,JSON,
oml,1973.4576,107.00000,214.00000,barrel,JSON,
oml,1974.4576,107.00000,214.00000,barrel,JSON,
oml,1975.4576,107.00000,214.00000,barrel,JSON,
oml,1976.4576,107.00000,214.00000,barrel,JSON,
oml,1977.4576,107.00000,214.00000,barrel,JSON,
oml,1978.4576,107.00000,214.00000,barrel,JSON,
oml,1979.4576,107.00000,214.00000,barrel,JSON,
oml,1980.4576,107.00000,214.00000,barrel,JSON,
oml,1981.4576,107.00000,214.00000,barrel,JSON,
oml,1982.4576,107.00000,214.00000,barrel,JSON,
oml,1983.4576,107.00000,214.00000,barrel,JSON,
oml,1984.4576,107.00000,214.00000,barrel,JSON,
oml,1985.4576,107.00000,214.00000,barrel,JSON,
oml,1986.4576,107.00000,214.00000,barrel,JSON,
oml,1987.4576,107.00000,214.00000,barrel,JSON,
oml,1988.4576,107.00000,214.00000,barrel,JSON,
oml,1989.4576,107.00000,214.00000,barrel,JSON,
oml,1990.4576,107.00000,214.00000,barrel,JSON,
oml,1991.4576,107.00000,214.00000,barrel,JSON,
oml,1992.4576,107.00000,214.00000,barrel,JSON,
oml,1993.4576,107.00000,214.00000,barrel,JSON,
oml,1994.4576,107.00000,214.00000,barrel,JSON,
oml,1995.4576,107.00000,214.00000,barrel,JSON,
oml,1996.4576,107.00000,214.00000,barrel,JSON,
oml,1997.4576,107.00000,214.00000,barrel,JSON,
oml,1998.4576,107.00000,214.00000,barrel,JSON,
oml,1999.4576,107.00000,214.00000,barrel,JSON,
oml,2000.4576,107.00000,214.00000,barrel,JSON,
oml,2001.4576,107.00000,214.00000,barrel,JSON,
oml,2002.4576,107.00000,214.00000,barrel,JSON,
oml,2003.4576,107.00000,214.00000,barrel,JSON,
oml,2004.4576,107.00000,214.00000,barrel,JSON,
oml,2005.4576,107.00000,214.00000,barrel,JSON,
oml,2006.4576,107.00000,214.00000,barrel,JSON,
oml,2007.4576,107.00000,214.00000,barrel,JSON,
oml,2008.4576,107.00000,214.00000,barrel,JSON,
oml,2009.4576,107.00000,214.00000,barrel,JSON,
oml,2010.4576,107.00000,214.00000,barrel,JSON,
oml,2011.4576,107.00000,214.00000,barrel,JSON,
oml,2012.4576,107.00000,214.00000,barrel,JSON,
oml,2013.4576,107.00000,214.00000,barrel,JSON,
oml,2014.4576,107.00000,214.00000,barrel,JSON,
oml,2015.4576,107.00000,214.00000,barrel,JSON,
oml,2016.4576,107.00000,214.00000,barrel,JSON,
oml,2017.4576,107.00000,214.00000,barrel,JSON,
oml,2018.4576,107.00000,214.00000,barrel,JSON,
oml,2019.4576,107.00000,214.00000,barrel,JSON,
oml,2020.4576,107.00000,214.00000,barrel,JSON,
oml,2021.4576,107.00000,214.00000,barrel,JSON,
oml,2022.4576,107.00000,214.00000,barrel,JSON,
oml,2023.4576,107.00000,214.00000,barrel,JSON,
oml,2024.4576,107.00000,214.00000,barrel,JSON,
oml,2025.4576,107.00000,214.00000,barrel,JSON,
oml,2026.4576,107.00000,214.00000,barrel,JSON,
oml,2027.4576,107.00000,214.00000,barrel,JSON,
oml,2028.4576,107.00000,214.00000,barrel,JSON,
oml,2029.4576,107.00000,214.00000,barrel,JSON,
oml,2030.4576,107.00000,214.00000,barrel,JSON,
oml,2031.4576,107.00000,214.00000,barrel,JSON,
oml,2032.4576,107.00000,214.00000,barrel,JSON,
oml,2033.4576,107.00000,214.00000,barrel,JSON,
oml,2034.4576,107.00000,214.00000,barrel,JSON,
oml,2035.4576,107.00000,214.00000,barrel,JSON,
oml,2036.4576,107.00000,214.00000,barrel,JSON,
oml,2037.4576,107.00000,214.00000,barrel,JSON,
oml,2038.4576,107.00000,214.00000,barrel,JSON,
oml,2039.4576,107.00000,214.00000,barrel,JSON,
oml,2040.4576,107.00000,214.00000,barrel,JSON,
oml,2041.4576,107.00000,214.00000,barrel,JSON,
oml,2042.4576,107.00000,214.00000,barrel,JSON,
oml,2043.4576,107.00000,214.00000,barrel,JSON,
oml,2044.4576,107.00000,214.00000,barrel,JSON,
oml,2045.4576,107.00000,214.00000,barrel,JSON,
oml,2046.4576,107.00000,214.00000,barrel,JSON,
oml,2047.4576,107.00000,214.00000,barrel,JSON,
oml,2048.4576,107.00000,214.00000,barrel,JSON,
oml,2049.4576,107.00000,214.00000,barrel,JSON,
oml,2050.4576,107.00000,214.00000,barrel,JSON,
oml,2051.4576,107.00000,214.00000,barrel,JSON,
oml,2052.4576,107.00000,214.00000,barrel,JSON,
oml,2053.4576,107.00000,214.00000,barrel,JSON,
oml,2054.4576,107.00000,214.00000,barrel,JSON,
oml,2055.4576,107.00000,214.00000,barrel,JSON,
oml,2056.4576,107.00000,214.00000,barrel,JSON,
oml,2057.4576,107.00000,214.00000,barrel,JSON,
oml,2058.4576,107.00000,214.00000,barrel,JSON,
oml,2059.4576,107.00000,214.00000,barrel,JSON,
oml,2059.6073,107.00000,214.00000,barrel,JSON,tailpipe_end
oml,2060.4576,106.88050,213.76101,boattail,DERIVED,
oml,2061.4576,106.73996,213.47993,boattail,DERIVED,
oml,2062.4576,106.59942,213.19884,boattail,DERIVED,
oml,2063.4576,106.45888,212.91776,boattail,DERIVED,
oml,2064.4576,106.31834,212.63668,boattail,DERIVED,
oml,2065.4576,106.17780,212.35560,boattail,DERIVED,
oml,2066.4576,106.03726,212.07452,boattail,DERIVED,
oml,2067.4576,105.89672,211.79344,boattail,DERIVED,
oml,2068.4576,105.75618,211.51235,boattail,DERIVED,
oml,2069.4576,105.61564,211.23127,boattail,DERIVED,
oml,2070.4576,105.47510,210.95019,boattail,DERIVED,
oml,2071.4576,105.33455,210.66911,boattail,DERIVED,
oml,2072.4576,105.19401,210.38803,boattail,DERIVED,
oml,2073.4576,105.05347,210.10695,boattail,DERIVED,
oml,2074.4576,104.91293,209.82586,boattail,DERIVED,
oml,2075.4576,104.77239,209.54478,boattail,DERIVED,
oml,2076.4576,104.63185,209.26370,boattail,DERIVED,
oml,2077.4576,104.49131,208.98262,boattail,DERIVED,
oml,2078.4576,104.35077,208.70154,boattail,DERIVED,
oml,2079.4576,104.21023,208.42046,boattail,DERIVED,
oml,2080.4576,104.06969,208.13937,boattail,DERIVED,
oml,2081.4576,103.92915,207.85829,boattail,DERIVED,
oml,2082.4576,103.78861,207.57721,boattail,DERIVED,
oml,2083.4576,103.64806,207.29613,boattail,DERIVED,
oml,2084.4576,103.50752,207.01505,boattail,DERIVED,
oml,2085.4576,103.36698,206.73397,boattail,DERIVED,
oml,2086.4576,103.22644,206.45288,boattail,DERIVED,
oml,2087.4576,103.08590,206.17180,boattail,DERIVED,
oml,2088.4576,102.94536,205.89072,boattail,DERIVED,
oml,2089.4576,102.80482,205.60964,boattail,DERIVED,
oml,2090.4576,102.66428,205.32856,boattail,DERIVED,
oml,2091.4576,102.52374,205.04748,boattail,DERIVED,
oml,2092.4576,102.38320,204.76639,boattail,DERIVED,
oml,2093.4576,102.24266,204.48531,boattail,DERIVED,
oml,2094.4576,102.10212,204.20423,boattail,DERIVED,
oml,2095.4576,101.96157,203.92315,boattail,DERIVED,
oml,2096.4576,101.82103,203.64207,boattail,DERIVED,
oml,2097.4576,101.68049,203.36099,boattail,DERIVED,
oml,2098.4576,101.53995,203.07990,boattail,DERIVED,
oml,2099.4576,101.39941,202.79882,boattail,DERIVED,
oml,2100.4576,101.25887,202.51774,boattail,DERIVED,
oml,2101.4576,101.11833,202.23666,boattail,DERIVED,
oml,2102.4576,100.97779,201.95558,boattail,DERIVED,
oml,2103.4576,100.83725,201.67450,boattail,DERIVED,
oml,2104.4576,100.69671,201.39341,boattail,DERIVED,
oml,2105.4576,100.55617,201.11233,boattail,DERIVED,
oml,2106.4576,100.41563,200.83125,boattail,DERIVED,
oml,2107.4576,100.27508,200.55017,boattail,DERIVED,
oml,2108.4576,100.13454,200.26909,boattail,DERIVED,
oml,2109.4576,99.99400,199.98801,boattail,DERIVED,
oml,2110.4576,99.85346,199.70692,boattail,DERIVED,
oml,2111.4576,99.71292,199.42584,boattail,DERIVED,
oml,2112.4576,99.57238,199.14476,boattail,DERIVED,
oml,2113.4576,99.43184,198.86368,boattail,DERIVED,
oml,2114.4576,99.29130,198.58260,boattail,DERIVED,
oml,2115.4576,99.15076,198.30152,boattail,DERIVED,
oml,2116.4576,99.01022,198.02043,boattail,DERIVED,
oml,2117.4576,98.86968,197.73935,boattail,DERIVED,
oml,2118.4576,98.72914,197.45827,boattail,DERIVED,
oml,2119.4576,98.58859,197.17719,boattail,DERIVED,
oml,2120.4576,98.44805,196.89611,boattail,DERIVED,
oml,2121.4576,98.30751,196.61503,boattail,DERIVED,
oml,2122.4576,98.16697,196.33394,boattail,DERIVED,
oml,2123.4576,98.02643,196.05286,boattail,DERIVED,
oml,2124.4576,97.88589,195.77178,boattail,DERIVED,
oml,2125.4576,97.74535,195.49070,boattail,DERIVED,
oml,2126.4576,97.60481,195.20962,boattail,DERIVED,
oml,2127.4576,97.46427,194.92854,boattail,DERIVED,
oml,2128.4576,97.32373,194.64745,boattail,DERIVED,
oml,2129.4576,97.18319,194.36637,boattail,DERIVED,
oml,2130.4576,97.04265,194.08529,boattail,DERIVED,
oml,2131.4576,96.90210,193.80421,boattail,DERIVED,
oml,2132.4576,96.76156,193.52313,boattail,DERIVED,
oml,2133.4576,96.62102,193.24205,boattail,DERIVED,
oml,2134.4576,96.48048,192.96096,boattail,DERIVED,
oml,2135.4576,96.33994,192.67988,boattail,DERIVED,
oml,2136.4576,96.19940,192.39880,boattail,DERIVED,
oml,2137.4576,96.05886,192.11772,boattail,DERIVED,
oml,2138.4576,95.91832,191.83664,boattail,DERIVED,
oml,2139.4576,95.77778,191.55556,boattail,DERIVED,
oml,2140.4576,95.63724,191.27447,boattail,DERIVED,
oml,2141.4576,95.49670,190.99339,boattail,DERIVED,
oml,2142.4576,95.35616,190.71231,boattail,DERIVED,
oml,2143.4576,95.21561,190.43123,boattail,DERIVED,
oml,2144.4576,95.07507,190.15015,boattail,DERIVED,
oml,2145.4576,94.93453,189.86907,boattail,DERIVED,
oml,2146.4576,94.79399,189.58798,boattail,DERIVED,
oml,2147.4576,94.65345,189.30690,boattail,DERIVED,
oml,2148.4576,94.51291,189.02582,boattail,DERIVED,
oml,2149.4576,94.37237,188.74474,boattail,DERIVED,
oml,2150.4576,94.23183,188.46366,boattail,DERIVED,
oml,2151.4576,94.09129,188.18258,boattail,DERIVED,
oml,2152.4576,93.95075,187.90149,boattail,DERIVED,
oml,2153.4576,93.81021,187.62041,boattail,DERIVED,
oml,2154.4576,93.66967,187.33933,boattail,DERIVED,
oml,2155.4576,93.52912,187.05825,boattail,DERIVED,
oml,2156.4576,93.38858,186.77717,boattail,DERIVED,
oml,2157.4576,93.24804,186.49609,boattail,DERIVED,
oml,2158.4576,93.10750,186.21500,boattail,DERIVED,
oml,2159.4576,92.96696,185.93392,boattail,DERIVED,
oml,2160.4576,92.82642,185.65284,boattail,DERIVED,
oml,2161.4576,92.68588,185.37176,boattail,DERIVED,
oml,2162.4576,92.54534,185.09068,boattail,DERIVED,
oml,2163.4576,92.40480,184.80960,boattail,DERIVED,
oml,2164.4576,92.26426,184.52851,boattail,DERIVED,
oml,2165.4576,92.12372,184.24743,boattail,DERIVED,
oml,2166.4576,91.98318,183.96635,boattail,DERIVED,
oml,2167.4576,91.84263,183.68527,boattail,DERIVED,
oml,2168.4576,91.70209,183.40419,boattail,DERIVED,
oml,2169.4576,91.56155,183.12311,boattail,DERIVED,
oml,2170.4576,91.42101,182.84202,boattail,DERIVED,
oml,2171.4576,91.28047,182.56094,boattail,DERIVED,
oml,2172.4576,91.13993,182.27986,boattail,DERIVED,
oml,2173.4576,90.99939,181.99878,boattail,DERIVED,
oml,2174.4576,90.85885,181.71770,boattail,DERIVED,
oml,2175.4576,90.71831,181.43662,boattail,DERIVED,
oml,2176.4576,90.57777,181.15553,boattail,DERIVED,
oml,2177.4576,90.43723,180.87445,boattail,DERIVED,
oml,2178.4576,90.29669,180.59337,boattail,DERIVED,
oml,2179.4576,90.15614,180.31229,boattail,DERIVED,
oml,2180.4576,90.01560,180.03121,boattail,DERIVED,
oml,2181.4576,89.87506,179.75013,boattail,DERIVED,
oml,2182.4576,89.73452,179.46904,boattail,DERIVED,
oml,2183.4576,89.59398,179.18796,boattail,DERIVED,
oml,2184.4576,89.45344,178.90688,boattail,DERIVED,
oml,2185.4576,89.31290,178.62580,boattail,DERIVED,
oml,2186.4576,89.17236,178.34472,boattail,DERIVED,
oml,2187.4576,89.03182,178.06364,boattail,DERIVED,
oml,2188.4576,88.89128,177.78255,boattail,DERIVED,
oml,2189.4576,88.75074,177.50147,boattail,DERIVED,
oml,2190.4576,88.61020,177.22039,boattail,DERIVED,
oml,2191.4576,88.46965,176.93931,boattail,DERIVED,
oml,2192.4576,88.32911,176.65823,boattail,DERIVED,
oml,2193.4576,88.18857,176.37715,boattail,DERIVED,
oml,2194.4576,88.04803,176.09606,boattail,DERIVED,
oml,2195.4576,87.90749,175.81498,boattail,DERIVED,
oml,2196.4576,87.76695,175.53390,boattail,DERIVED,
oml,2197.4576,87.62641,175.25282,boattail,DERIVED,
oml,2198.4576,87.48587,174.97174,boattail,DERIVED,
oml,2199.4576,87.34533,174.69066,boattail,DERIVED,
oml,2200.4576,87.20479,174.40957,boattail,DERIVED,
oml,2201.4576,87.06425,174.12849,boattail,DERIVED,
oml,2202.4576,86.92371,173.84741,boattail,DERIVED,
oml,2203.4576,86.78316,173.56633,boattail,DERIVED,
oml,2204.4576,86.64262,173.28525,boattail,DERIVED,
oml,2205.4576,86.50208,173.00417,boattail,DERIVED,
oml,2206.4576,86.36154,172.72308,boattail,DERIVED,
oml,2207.4576,86.22100,172.44200,boattail,DERIVED,
oml,2208.4576,86.08046,172.16092,boattail,DERIVED,
oml,2209.4576,85.93992,171.87984,boattail,DERIVED,
oml,2210.4576,85.79938,171.59876,boattail,DERIVED,
oml,2211.4576,85.65884,171.31768,boattail,DERIVED,
oml,2212.4576,85.51830,171.03659,boattail,DERIVED,
oml,2213.4576,85.37776,170.75551,boattail,DERIVED,
oml,2214.4576,85.23722,170.47443,boattail,DERIVED,
oml,2215.4576,85.09667,170.19335,boattail,DERIVED,
oml,2216.4576,84.95613,169.91227,boattail,DERIVED,
oml,2217.4576,84.81559,169.63119,boattail,DERIVED,
oml,2218.4576,84.67505,169.35010,boattail,DERIVED,
oml,2219.4576,84.53451,169.06902,boattail,DERIVED,
oml,2220.4576,84.39397,168.78794,boattail,DERIVED,
oml,2221.4576,84.25343,168.50686,boattail,DERIVED,
oml,2222.4576,84.11289,168.22578,boattail,DERIVED,
oml,2223.4576,83.97235,167.94470,boattail,DERIVED,
oml,2224.4576,83.83181,167.66361,boattail,DERIVED,
oml,2225.4576,83.69127,167.38253,boattail,DERIVED,
oml,2226.4576,83.55073,167.10145,boattail,DERIVED,
oml,2227.4576,83.41018,166.82037,boattail,DERIVED,
oml,2228.4576,83.26964,166.53929,boattail,DERIVED,
oml,2229.4576,83.12910,166.25821,boattail,DERIVED,
oml,2230.4576,82.98856,165.97712,boattail,DERIVED,
oml,2231.4576,82.84802,165.69604,boattail,DERIVED,
oml,2232.4576,82.70748,165.41496,boattail,DERIVED,
oml,2233.4576,82.56694,165.13388,boattail,DERIVED,
oml,2234.4576,82.42640,164.85280,boattail,DERIVED,
oml,2235.4576,82.28586,164.57172,boattail,DERIVED,
oml,2236.4576,82.14532,164.29063,boattail,DERIVED,
oml,2237.4576,82.00478,164.00955,boattail,DERIVED,
oml,2238.4576,81.86424,163.72847,boattail,DERIVED,
oml,2239.4576,81.72369,163.44739,boattail,DERIVED,
oml,2240.4576,81.58315,163.16631,boattail,DERIVED,
oml,2241.4576,81.44261,162.88523,boattail,DERIVED,
oml,2242.4576,81.30207,162.60414,boattail,DERIVED,
oml,2243.4576,81.16153,162.32306,boattail,DERIVED,
oml,2244.4576,81.02099,162.04198,boattail,DERIVED,
oml,2245.4576,80.88045,161.76090,boattail,DERIVED,
oml,2246.4576,80.73991,161.47982,boattail,DERIVED,
oml,2247.4576,80.59937,161.19874,boattail,DERIVED,
oml,2248.4576,80.45883,160.91765,boattail,DERIVED,
oml,2249.4576,80.31829,160.63657,boattail,DERIVED,
oml,2250.4576,80.17775,160.35549,boattail,DERIVED,
oml,2251.4576,80.03720,160.07441,boattail,DERIVED,
oml,2252.4576,79.89666,159.79333,boattail,DERIVED,
oml,2253.4576,79.75612,159.51225,boattail,DERIVED,
oml,2254.4576,79.61558,159.23116,boattail,DERIVED,
oml,2255.4576,79.47504,158.95008,boattail,DERIVED,
oml,2256.4576,79.33450,158.66900,boattail,DERIVED,
oml,2257.4576,79.19396,158.38792,boattail,DERIVED,
oml,2258.4576,79.05342,158.10684,boattail,DERIVED,
oml,2259.4576,78.91288,157.82576,boattail,DERIVED,
oml,2260.4576,78.77234,157.54467,boattail,DERIVED,
oml,2261.4576,78.63180,157.26359,boattail,DERIVED,
oml,2262.4576,78.49126,156.98251,boattail,DERIVED,
oml,2263.0752,78.40446,156.80892,boattail,DERIVED,nozzle_throat
oml,2263.4576,78.35071,156.70143,boattail,DERIVED,
oml,2264.4576,78.21017,156.42035,boattail,DERIVED,
oml,2265.4576,78.06963,156.13927,boattail,DERIVED,
oml,2266.4576,77.92909,155.85818,boattail,DERIVED,
oml,2267.4576,77.78855,155.57710,boattail,DERIVED,
oml,2268.4576,77.64801,155.29602,boattail,DERIVED,
oml,2269.4576,77.50747,155.01494,boattail,DERIVED,
oml,2270.4576,77.36693,154.73386,boattail,DERIVED,
oml,2271.4576,77.22639,154.45278,boattail,DERIVED,
oml,2272.4576,77.08585,154.17169,boattail,DERIVED,
oml,2273.4576,76.94531,153.89061,boattail,DERIVED,
oml,2273.6073,76.92426,153.84852,boattail,DERIVED,nozzle_exit
flow,428.0000,104.50000,209.00000,chamber,DERIVED,nose_fairing_end|chamber_start
flow,429.0000,104.50000,209.00000,chamber,DERIVED,
flow,430.0000,104.50000,209.00000,chamber,DERIVED,
flow,431.0000,104.50000,209.00000,chamber,DERIVED,
flow,432.0000,104.50000,209.00000,chamber,DERIVED,
flow,433.0000,104.50000,209.00000,chamber,DERIVED,
flow,434.0000,104.50000,209.00000,chamber,DERIVED,
flow,435.0000,104.50000,209.00000,chamber,DERIVED,
flow,436.0000,104.50000,209.00000,chamber,DERIVED,
flow,437.0000,104.50000,209.00000,chamber,DERIVED,
flow,438.0000,104.50000,209.00000,chamber,DERIVED,
flow,439.0000,104.50000,209.00000,chamber,DERIVED,
flow,440.0000,104.50000,209.00000,chamber,DERIVED,
flow,441.0000,104.50000,209.00000,chamber,DERIVED,
flow,442.0000,104.50000,209.00000,chamber,DERIVED,
flow,443.0000,104.50000,209.00000,chamber,DERIVED,
flow,444.0000,104.50000,209.00000,chamber,DERIVED,
flow,445.0000,104.50000,209.00000,chamber,DERIVED,
flow,446.0000,104.50000,209.00000,chamber,DERIVED,
flow,447.0000,104.50000,209.00000,chamber,DERIVED,
flow,448.0000,104.50000,209.00000,chamber,DERIVED,
flow,449.0000,104.50000,209.00000,chamber,DERIVED,
flow,450.0000,104.50000,209.00000,chamber,DERIVED,
flow,451.0000,104.50000,209.00000,chamber,DERIVED,
flow,452.0000,104.50000,209.00000,chamber,DERIVED,
flow,453.0000,104.50000,209.00000,chamber,DERIVED,
flow,454.0000,104.50000,209.00000,chamber,DERIVED,
flow,455.0000,104.50000,209.00000,chamber,DERIVED,
flow,456.0000,104.50000,209.00000,chamber,DERIVED,
flow,457.0000,104.50000,209.00000,chamber,DERIVED,
flow,458.0000,104.50000,209.00000,chamber,DERIVED,
flow,459.0000,104.50000,209.00000,chamber,DERIVED,
flow,460.0000,104.50000,209.00000,chamber,DERIVED,
flow,461.0000,104.50000,209.00000,chamber,DERIVED,
flow,462.0000,104.50000,209.00000,chamber,DERIVED,
flow,463.0000,104.50000,209.00000,chamber,DERIVED,
flow,464.0000,104.50000,209.00000,chamber,DERIVED,
flow,465.0000,104.50000,209.00000,chamber,DERIVED,
flow,466.0000,104.50000,209.00000,chamber,DERIVED,
flow,467.0000,104.50000,209.00000,chamber,DERIVED,
flow,468.0000,104.50000,209.00000,chamber,DERIVED,
flow,469.0000,104.50000,209.00000,chamber,DERIVED,
flow,470.0000,104.50000,209.00000,chamber,DERIVED,
flow,471.0000,104.50000,209.00000,chamber,DERIVED,
flow,472.0000,104.50000,209.00000,chamber,DERIVED,
flow,473.0000,104.50000,209.00000,chamber,DERIVED,
flow,474.0000,104.50000,209.00000,chamber,DERIVED,
flow,475.0000,104.50000,209.00000,chamber,DERIVED,
flow,476.0000,104.50000,209.00000,chamber,DERIVED,
flow,477.0000,104.50000,209.00000,chamber,DERIVED,
flow,478.0000,104.50000,209.00000,chamber,DERIVED,
flow,479.0000,104.50000,209.00000,chamber,DERIVED,
flow,480.0000,104.50000,209.00000,chamber,DERIVED,
flow,481.0000,104.50000,209.00000,chamber,DERIVED,
flow,482.0000,104.50000,209.00000,chamber,DERIVED,
flow,483.0000,104.50000,209.00000,chamber,DERIVED,
flow,484.0000,104.50000,209.00000,chamber,DERIVED,
flow,485.0000,104.50000,209.00000,chamber,DERIVED,
flow,486.0000,104.50000,209.00000,chamber,DERIVED,
flow,487.0000,104.50000,209.00000,chamber,DERIVED,
flow,488.0000,104.50000,209.00000,chamber,DERIVED,
flow,489.0000,104.50000,209.00000,chamber,DERIVED,
flow,490.0000,104.50000,209.00000,chamber,DERIVED,
flow,491.0000,104.50000,209.00000,chamber,DERIVED,
flow,492.0000,104.50000,209.00000,chamber,DERIVED,
flow,493.0000,104.50000,209.00000,chamber,DERIVED,
flow,494.0000,104.50000,209.00000,chamber,DERIVED,
flow,495.0000,104.50000,209.00000,chamber,DERIVED,
flow,496.0000,104.50000,209.00000,chamber,DERIVED,
flow,497.0000,104.50000,209.00000,chamber,DERIVED,
flow,498.0000,104.50000,209.00000,chamber,DERIVED,
flow,499.0000,104.50000,209.00000,chamber,DERIVED,
flow,500.0000,104.50000,209.00000,chamber,DERIVED,
flow,501.0000,104.50000,209.00000,chamber,DERIVED,
flow,502.0000,104.50000,209.00000,chamber,DERIVED,
flow,503.0000,104.50000,209.00000,chamber,DERIVED,
flow,504.0000,104.50000,209.00000,chamber,DERIVED,
flow,505.0000,104.50000,209.00000,chamber,DERIVED,
flow,506.0000,104.50000,209.00000,chamber,DERIVED,
flow,507.0000,104.50000,209.00000,chamber,DERIVED,
flow,508.0000,104.50000,209.00000,chamber,DERIVED,
flow,509.0000,104.50000,209.00000,chamber,DERIVED,
flow,510.0000,104.50000,209.00000,chamber,DERIVED,
flow,511.0000,104.50000,209.00000,chamber,DERIVED,
flow,512.0000,104.50000,209.00000,chamber,DERIVED,
flow,513.0000,104.50000,209.00000,chamber,DERIVED,
flow,514.0000,104.50000,209.00000,chamber,DERIVED,
flow,515.0000,104.50000,209.00000,chamber,DERIVED,
flow,516.0000,104.50000,209.00000,chamber,DERIVED,
flow,517.0000,104.50000,209.00000,chamber,DERIVED,
flow,518.0000,104.50000,209.00000,chamber,DERIVED,
flow,519.0000,104.50000,209.00000,chamber,DERIVED,
flow,520.0000,104.50000,209.00000,chamber,DERIVED,
flow,521.0000,104.50000,209.00000,chamber,DERIVED,
flow,522.0000,104.50000,209.00000,chamber,DERIVED,
flow,523.0000,104.50000,209.00000,chamber,DERIVED,
flow,524.0000,104.50000,209.00000,chamber,DERIVED,
flow,525.0000,104.50000,209.00000,chamber,DERIVED,
flow,526.0000,104.50000,209.00000,chamber,DERIVED,
flow,527.0000,104.50000,209.00000,chamber,DERIVED,
flow,528.0000,104.50000,209.00000,chamber,DERIVED,
flow,529.0000,104.50000,209.00000,chamber,DERIVED,
flow,530.0000,104.50000,209.00000,chamber,DERIVED,
flow,531.0000,104.50000,209.00000,chamber,DERIVED,
flow,532.0000,104.50000,209.00000,chamber,DERIVED,
flow,533.0000,104.50000,209.00000,chamber,DERIVED,
flow,534.0000,104.50000,209.00000,chamber,DERIVED,
flow,535.0000,104.50000,209.00000,chamber,DERIVED,
flow,536.0000,104.50000,209.00000,chamber,DERIVED,
flow,537.0000,104.50000,209.00000,chamber,DERIVED,
flow,538.0000,104.50000,209.00000,chamber,DERIVED,
flow,539.0000,104.50000,209.00000,chamber,DERIVED,
flow,540.0000,104.50000,209.00000,chamber,DERIVED,
flow,541.0000,104.50000,209.00000,chamber,DERIVED,
flow,542.0000,104.50000,209.00000,chamber,DERIVED,
flow,543.0000,104.50000,209.00000,chamber,DERIVED,
flow,544.0000,104.50000,209.00000,chamber,DERIVED,
flow,545.0000,104.50000,209.00000,chamber,DERIVED,
flow,546.0000,104.50000,209.00000,chamber,DERIVED,
flow,547.0000,104.50000,209.00000,chamber,DERIVED,
flow,548.0000,104.50000,209.00000,chamber,DERIVED,
flow,549.0000,104.50000,209.00000,chamber,DERIVED,
flow,550.0000,104.50000,209.00000,chamber,DERIVED,
flow,551.0000,104.50000,209.00000,chamber,DERIVED,
flow,552.0000,104.50000,209.00000,chamber,DERIVED,
flow,553.0000,104.50000,209.00000,chamber,DERIVED,
flow,554.0000,104.50000,209.00000,chamber,DERIVED,
flow,555.0000,104.50000,209.00000,chamber,DERIVED,
flow,556.0000,104.50000,209.00000,chamber,DERIVED,
flow,557.0000,104.50000,209.00000,chamber,DERIVED,
flow,558.0000,104.50000,209.00000,chamber,DERIVED,
flow,559.0000,104.50000,209.00000,chamber,DERIVED,
flow,560.0000,104.50000,209.00000,chamber,DERIVED,
flow,561.0000,104.50000,209.00000,chamber,DERIVED,
flow,562.0000,104.50000,209.00000,chamber,DERIVED,
flow,563.0000,104.50000,209.00000,chamber,DERIVED,
flow,564.0000,104.50000,209.00000,chamber,DERIVED,
flow,565.0000,104.50000,209.00000,chamber,DERIVED,
flow,566.0000,104.50000,209.00000,chamber,DERIVED,
flow,567.0000,104.50000,209.00000,chamber,DERIVED,
flow,568.0000,104.50000,209.00000,chamber,DERIVED,
flow,569.0000,104.50000,209.00000,chamber,DERIVED,
flow,570.0000,104.50000,209.00000,chamber,DERIVED,
flow,571.0000,104.50000,209.00000,chamber,DERIVED,
flow,572.0000,104.50000,209.00000,chamber,DERIVED,
flow,573.0000,104.50000,209.00000,chamber,DERIVED,
flow,574.0000,104.50000,209.00000,chamber,DERIVED,
flow,575.0000,104.50000,209.00000,chamber,DERIVED,
flow,576.0000,104.50000,209.00000,chamber,DERIVED,
flow,577.0000,104.50000,209.00000,chamber,DERIVED,
flow,578.0000,104.50000,209.00000,chamber,DERIVED,
flow,579.0000,104.50000,209.00000,chamber,DERIVED,
flow,580.0000,104.50000,209.00000,chamber,DERIVED,
flow,581.0000,104.50000,209.00000,chamber,DERIVED,
flow,582.0000,104.50000,209.00000,chamber,DERIVED,
flow,583.0000,104.50000,209.00000,chamber,DERIVED,
flow,584.0000,104.50000,209.00000,chamber,DERIVED,
flow,585.0000,104.50000,209.00000,chamber,DERIVED,
flow,586.0000,104.50000,209.00000,chamber,DERIVED,
flow,587.0000,104.50000,209.00000,chamber,DERIVED,
flow,588.0000,104.50000,209.00000,chamber,DERIVED,
flow,589.0000,104.50000,209.00000,chamber,DERIVED,
flow,590.0000,104.50000,209.00000,chamber,DERIVED,
flow,591.0000,104.50000,209.00000,chamber,DERIVED,
flow,592.0000,104.50000,209.00000,chamber,DERIVED,
flow,593.0000,104.50000,209.00000,chamber,DERIVED,
flow,594.0000,104.50000,209.00000,chamber,DERIVED,
flow,595.0000,104.50000,209.00000,chamber,DERIVED,
flow,596.0000,104.50000,209.00000,chamber,DERIVED,
flow,597.0000,104.50000,209.00000,chamber,DERIVED,
flow,598.0000,104.50000,209.00000,chamber,DERIVED,
flow,599.0000,104.50000,209.00000,chamber,DERIVED,
flow,600.0000,104.50000,209.00000,chamber,DERIVED,
flow,601.0000,104.50000,209.00000,chamber,DERIVED,
flow,602.0000,104.50000,209.00000,chamber,DERIVED,
flow,603.0000,104.50000,209.00000,chamber,DERIVED,
flow,604.0000,104.50000,209.00000,chamber,DERIVED,
flow,605.0000,104.50000,209.00000,chamber,DERIVED,
flow,606.0000,104.50000,209.00000,chamber,DERIVED,
flow,607.0000,104.50000,209.00000,chamber,DERIVED,
flow,608.0000,104.50000,209.00000,chamber,DERIVED,
flow,609.0000,104.50000,209.00000,chamber,DERIVED,
flow,610.0000,104.50000,209.00000,chamber,DERIVED,
flow,611.0000,104.50000,209.00000,chamber,DERIVED,
flow,612.0000,104.50000,209.00000,chamber,DERIVED,
flow,613.0000,104.50000,209.00000,chamber,DERIVED,
flow,614.0000,104.50000,209.00000,chamber,DERIVED,
flow,615.0000,104.50000,209.00000,chamber,DERIVED,
flow,616.0000,104.50000,209.00000,chamber,DERIVED,
flow,617.0000,104.50000,209.00000,chamber,DERIVED,
flow,618.0000,104.50000,209.00000,chamber,DERIVED,
flow,619.0000,104.50000,209.00000,chamber,DERIVED,
flow,620.0000,104.50000,209.00000,chamber,DERIVED,
flow,621.0000,104.50000,209.00000,chamber,DERIVED,
flow,622.0000,104.50000,209.00000,chamber,DERIVED,
flow,623.0000,104.50000,209.00000,chamber,DERIVED,
flow,624.0000,104.50000,209.00000,chamber,DERIVED,
flow,625.0000,104.50000,209.00000,chamber,DERIVED,
flow,626.0000,104.50000,209.00000,chamber,DERIVED,
flow,627.0000,104.50000,209.00000,chamber,DERIVED,
flow,628.0000,104.50000,209.00000,chamber,DERIVED,
flow,629.0000,104.50000,209.00000,chamber,DERIVED,
flow,630.0000,104.50000,209.00000,chamber,DERIVED,
flow,631.0000,104.50000,209.00000,chamber,DERIVED,
flow,632.0000,104.50000,209.00000,chamber,DERIVED,
flow,633.0000,104.50000,209.00000,chamber,DERIVED,
flow,634.0000,104.50000,209.00000,chamber,DERIVED,
flow,635.0000,104.50000,209.00000,chamber,DERIVED,
flow,636.0000,104.50000,209.00000,chamber,DERIVED,
flow,637.0000,104.50000,209.00000,chamber,DERIVED,
flow,638.0000,104.50000,209.00000,chamber,DERIVED,
flow,639.0000,104.50000,209.00000,chamber,DERIVED,
flow,640.0000,104.50000,209.00000,chamber,DERIVED,
flow,641.0000,104.50000,209.00000,chamber,DERIVED,
flow,642.0000,104.50000,209.00000,chamber,DERIVED,
flow,643.0000,104.50000,209.00000,chamber,DERIVED,
flow,644.0000,104.50000,209.00000,chamber,DERIVED,
flow,645.0000,104.50000,209.00000,chamber,DERIVED,
flow,646.0000,104.50000,209.00000,chamber,DERIVED,
flow,647.0000,104.50000,209.00000,chamber,DERIVED,
flow,648.0000,104.50000,209.00000,chamber,DERIVED,
flow,649.0000,104.50000,209.00000,chamber,DERIVED,
flow,650.0000,104.50000,209.00000,chamber,DERIVED,
flow,651.0000,104.50000,209.00000,chamber,DERIVED,
flow,652.0000,104.50000,209.00000,chamber,DERIVED,
flow,653.0000,104.50000,209.00000,chamber,DERIVED,
flow,654.0000,104.50000,209.00000,chamber,DERIVED,
flow,655.0000,104.50000,209.00000,chamber,DERIVED,
flow,656.0000,104.50000,209.00000,chamber,DERIVED,
flow,657.0000,104.50000,209.00000,chamber,DERIVED,
flow,658.0000,104.50000,209.00000,chamber,DERIVED,
flow,659.0000,104.50000,209.00000,chamber,DERIVED,
flow,660.0000,104.50000,209.00000,chamber,DERIVED,
flow,661.0000,104.50000,209.00000,chamber,DERIVED,
flow,662.0000,104.50000,209.00000,chamber,DERIVED,
flow,663.0000,104.50000,209.00000,chamber,DERIVED,
flow,664.0000,104.50000,209.00000,chamber,DERIVED,
flow,665.0000,104.50000,209.00000,chamber,DERIVED,
flow,666.0000,104.50000,209.00000,chamber,DERIVED,
flow,667.0000,104.50000,209.00000,chamber,DERIVED,
flow,668.0000,104.50000,209.00000,chamber,DERIVED,
flow,669.0000,104.50000,209.00000,chamber,DERIVED,
flow,670.0000,104.50000,209.00000,chamber,DERIVED,
flow,671.0000,104.50000,209.00000,chamber,DERIVED,
flow,672.0000,104.50000,209.00000,chamber,DERIVED,
flow,673.0000,104.50000,209.00000,chamber,DERIVED,
flow,674.0000,104.50000,209.00000,chamber,DERIVED,
flow,675.0000,104.50000,209.00000,chamber,DERIVED,
flow,676.0000,104.50000,209.00000,chamber,DERIVED,
flow,677.0000,104.50000,209.00000,chamber,DERIVED,
flow,678.0000,104.50000,209.00000,chamber,DERIVED,
flow,679.0000,104.50000,209.00000,chamber,DERIVED,
flow,680.0000,104.50000,209.00000,chamber,DERIVED,
flow,681.0000,104.50000,209.00000,chamber,DERIVED,
flow,682.0000,104.50000,209.00000,chamber,DERIVED,
flow,683.0000,104.50000,209.00000,chamber,DERIVED,
flow,684.0000,104.50000,209.00000,chamber,DERIVED,
flow,685.0000,104.50000,209.00000,chamber,DERIVED,
flow,686.0000,104.50000,209.00000,chamber,DERIVED,
flow,687.0000,104.50000,209.00000,chamber,DERIVED,
flow,688.0000,104.50000,209.00000,chamber,DERIVED,
flow,689.0000,104.50000,209.00000,chamber,DERIVED,
flow,690.0000,104.50000,209.00000,chamber,DERIVED,
flow,691.0000,104.50000,209.00000,chamber,DERIVED,
flow,692.0000,104.50000,209.00000,chamber,DERIVED,
flow,693.0000,104.50000,209.00000,chamber,DERIVED,
flow,694.0000,104.50000,209.00000,chamber,DERIVED,
flow,695.0000,104.50000,209.00000,chamber,DERIVED,
flow,696.0000,104.50000,209.00000,chamber,DERIVED,
flow,697.0000,104.50000,209.00000,chamber,DERIVED,
flow,698.0000,104.50000,209.00000,chamber,DERIVED,
flow,699.0000,104.50000,209.00000,chamber,DERIVED,
flow,700.0000,104.50000,209.00000,chamber,DERIVED,
flow,701.0000,104.50000,209.00000,chamber,DERIVED,
flow,702.0000,104.50000,209.00000,chamber,DERIVED,
flow,703.0000,104.50000,209.00000,chamber,DERIVED,
flow,704.0000,104.50000,209.00000,chamber,DERIVED,
flow,705.0000,104.50000,209.00000,chamber,DERIVED,
flow,706.0000,104.50000,209.00000,chamber,DERIVED,
flow,707.0000,104.50000,209.00000,chamber,DERIVED,
flow,708.0000,104.50000,209.00000,chamber,DERIVED,
flow,709.0000,104.50000,209.00000,chamber,DERIVED,
flow,710.0000,104.50000,209.00000,chamber,DERIVED,
flow,711.0000,104.50000,209.00000,chamber,DERIVED,
flow,712.0000,104.50000,209.00000,chamber,DERIVED,
flow,713.0000,104.50000,209.00000,chamber,DERIVED,
flow,714.0000,104.50000,209.00000,chamber,DERIVED,
flow,715.0000,104.50000,209.00000,chamber,DERIVED,
flow,716.0000,104.50000,209.00000,chamber,DERIVED,
flow,717.0000,104.50000,209.00000,chamber,DERIVED,
flow,718.0000,104.50000,209.00000,chamber,DERIVED,
flow,719.0000,104.50000,209.00000,chamber,DERIVED,
flow,720.0000,104.50000,209.00000,chamber,DERIVED,
flow,721.0000,104.50000,209.00000,chamber,DERIVED,
flow,722.0000,104.50000,209.00000,chamber,DERIVED,
flow,723.0000,104.50000,209.00000,chamber,DERIVED,
flow,724.0000,104.50000,209.00000,chamber,DERIVED,
flow,725.0000,104.50000,209.00000,chamber,DERIVED,
flow,726.0000,104.50000,209.00000,chamber,DERIVED,
flow,727.0000,104.50000,209.00000,chamber,DERIVED,
flow,728.0000,104.50000,209.00000,chamber,DERIVED,
flow,729.0000,104.50000,209.00000,chamber,DERIVED,
flow,730.0000,104.50000,209.00000,chamber,DERIVED,
flow,731.0000,104.50000,209.00000,chamber,DERIVED,
flow,732.0000,104.50000,209.00000,chamber,DERIVED,
flow,733.0000,104.50000,209.00000,chamber,DERIVED,
flow,734.0000,104.50000,209.00000,chamber,DERIVED,
flow,735.0000,104.50000,209.00000,chamber,DERIVED,
flow,736.0000,104.50000,209.00000,chamber,DERIVED,
flow,737.0000,104.50000,209.00000,chamber,DERIVED,
flow,738.0000,104.50000,209.00000,chamber,DERIVED,
flow,739.0000,104.50000,209.00000,chamber,DERIVED,
flow,740.0000,104.50000,209.00000,chamber,DERIVED,
flow,741.0000,104.50000,209.00000,chamber,DERIVED,
flow,742.0000,104.50000,209.00000,chamber,DERIVED,
flow,743.0000,104.50000,209.00000,chamber,DERIVED,
flow,744.0000,104.50000,209.00000,chamber,DERIVED,
flow,745.0000,104.50000,209.00000,chamber,DERIVED,
flow,746.0000,104.50000,209.00000,chamber,DERIVED,
flow,747.0000,104.50000,209.00000,chamber,DERIVED,
flow,748.0000,104.50000,209.00000,chamber,DERIVED,
flow,749.0000,104.50000,209.00000,chamber,DERIVED,
flow,750.0000,104.50000,209.00000,chamber,DERIVED,
flow,751.0000,104.50000,209.00000,chamber,DERIVED,
flow,752.0000,104.50000,209.00000,chamber,DERIVED,
flow,753.0000,104.50000,209.00000,chamber,DERIVED,
flow,754.0000,104.50000,209.00000,chamber,DERIVED,
flow,755.0000,104.50000,209.00000,chamber,DERIVED,
flow,756.0000,104.50000,209.00000,chamber,DERIVED,
flow,757.0000,104.50000,209.00000,chamber,DERIVED,
flow,758.0000,104.50000,209.00000,chamber,DERIVED,
flow,759.0000,104.50000,209.00000,chamber,DERIVED,
flow,760.0000,104.50000,209.00000,chamber,DERIVED,
flow,761.0000,104.50000,209.00000,chamber,DERIVED,
flow,762.0000,104.50000,209.00000,chamber,DERIVED,
flow,763.0000,104.50000,209.00000,chamber,DERIVED,
flow,764.0000,104.50000,209.00000,chamber,DERIVED,
flow,765.0000,104.50000,209.00000,chamber,DERIVED,
flow,766.0000,104.50000,209.00000,chamber,DERIVED,
flow,767.0000,104.50000,209.00000,chamber,DERIVED,
flow,768.0000,104.50000,209.00000,chamber,DERIVED,
flow,769.0000,104.50000,209.00000,chamber,DERIVED,
flow,770.0000,104.50000,209.00000,chamber,DERIVED,
flow,771.0000,104.50000,209.00000,chamber,DERIVED,
flow,772.0000,104.50000,209.00000,chamber,DERIVED,
flow,773.0000,104.50000,209.00000,chamber,DERIVED,
flow,774.0000,104.50000,209.00000,chamber,DERIVED,
flow,775.0000,104.50000,209.00000,chamber,DERIVED,
flow,776.0000,104.50000,209.00000,chamber,DERIVED,
flow,777.0000,104.50000,209.00000,chamber,DERIVED,
flow,778.0000,104.50000,209.00000,chamber,DERIVED,
flow,779.0000,104.50000,209.00000,chamber,DERIVED,
flow,780.0000,104.50000,209.00000,chamber,DERIVED,
flow,781.0000,104.50000,209.00000,chamber,DERIVED,
flow,782.0000,104.50000,209.00000,chamber,DERIVED,
flow,783.0000,104.50000,209.00000,chamber,DERIVED,
flow,784.0000,104.50000,209.00000,chamber,DERIVED,
flow,785.0000,104.50000,209.00000,chamber,DERIVED,
flow,786.0000,104.50000,209.00000,chamber,DERIVED,
flow,787.0000,104.50000,209.00000,chamber,DERIVED,
flow,788.0000,104.50000,209.00000,chamber,DERIVED,
flow,789.0000,104.50000,209.00000,chamber,DERIVED,
flow,790.0000,104.50000,209.00000,chamber,DERIVED,
flow,791.0000,104.50000,209.00000,chamber,DERIVED,
flow,792.0000,104.50000,209.00000,chamber,DERIVED,
flow,793.0000,104.50000,209.00000,chamber,DERIVED,
flow,794.0000,104.50000,209.00000,chamber,DERIVED,
flow,795.0000,104.50000,209.00000,chamber,DERIVED,
flow,796.0000,104.50000,209.00000,chamber,DERIVED,
flow,797.0000,104.50000,209.00000,chamber,DERIVED,
flow,798.0000,104.50000,209.00000,chamber,DERIVED,
flow,799.0000,104.50000,209.00000,chamber,DERIVED,
flow,800.0000,104.50000,209.00000,chamber,DERIVED,
flow,801.0000,104.50000,209.00000,chamber,DERIVED,
flow,802.0000,104.50000,209.00000,chamber,DERIVED,
flow,803.0000,104.50000,209.00000,chamber,DERIVED,
flow,804.0000,104.50000,209.00000,chamber,DERIVED,
flow,805.0000,104.50000,209.00000,chamber,DERIVED,
flow,806.0000,104.50000,209.00000,chamber,DERIVED,
flow,807.0000,104.50000,209.00000,chamber,DERIVED,
flow,808.0000,104.50000,209.00000,chamber,DERIVED,
flow,809.0000,104.50000,209.00000,chamber,DERIVED,
flow,810.0000,104.50000,209.00000,chamber,DERIVED,
flow,811.0000,104.50000,209.00000,chamber,DERIVED,
flow,812.0000,104.50000,209.00000,chamber,DERIVED,
flow,813.0000,104.50000,209.00000,chamber,DERIVED,
flow,814.0000,104.50000,209.00000,chamber,DERIVED,
flow,815.0000,104.50000,209.00000,chamber,DERIVED,
flow,816.0000,104.50000,209.00000,chamber,DERIVED,
flow,817.0000,104.50000,209.00000,chamber,DERIVED,
flow,817.3073,104.50000,209.00000,chamber,DERIVED,chamber_end
flow,818.0000,104.31440,208.62881,contraction cone,ASSUMED,
flow,819.0000,104.04645,208.09291,contraction cone,ASSUMED,
flow,820.0000,103.77851,207.55701,contraction cone,ASSUMED,
flow,821.0000,103.51056,207.02111,contraction cone,ASSUMED,
flow,822.0000,103.24261,206.48521,contraction cone,ASSUMED,
flow,823.0000,102.97466,205.94932,contraction cone,ASSUMED,
flow,824.0000,102.70671,205.41342,contraction cone,ASSUMED,
flow,825.0000,102.43876,204.87752,contraction cone,ASSUMED,
flow,826.0000,102.17081,204.34162,contraction cone,ASSUMED,
flow,827.0000,101.90286,203.80572,contraction cone,ASSUMED,
flow,828.0000,101.63491,203.26982,contraction cone,ASSUMED,
flow,829.0000,101.36696,202.73392,contraction cone,ASSUMED,
flow,830.0000,101.09901,202.19803,contraction cone,ASSUMED,
flow,831.0000,100.83106,201.66213,contraction cone,ASSUMED,
flow,832.0000,100.56311,201.12623,contraction cone,ASSUMED,
flow,833.0000,100.29517,200.59033,contraction cone,ASSUMED,
flow,834.0000,100.02722,200.05443,contraction cone,ASSUMED,
flow,835.0000,99.75927,199.51853,contraction cone,ASSUMED,
flow,836.0000,99.49132,198.98264,contraction cone,ASSUMED,
flow,837.0000,99.22337,198.44674,contraction cone,ASSUMED,
flow,838.0000,98.95542,197.91084,contraction cone,ASSUMED,
flow,839.0000,98.68747,197.37494,contraction cone,ASSUMED,
flow,840.0000,98.41952,196.83904,contraction cone,ASSUMED,
flow,841.0000,98.15157,196.30314,contraction cone,ASSUMED,
flow,842.0000,97.88362,195.76725,contraction cone,ASSUMED,
flow,843.0000,97.61567,195.23135,contraction cone,ASSUMED,
flow,844.0000,97.34772,194.69545,contraction cone,ASSUMED,
flow,845.0000,97.07978,194.15955,contraction cone,ASSUMED,
flow,846.0000,96.81183,193.62365,contraction cone,ASSUMED,
flow,847.0000,96.54388,193.08775,contraction cone,ASSUMED,
flow,848.0000,96.27593,192.55186,contraction cone,ASSUMED,
flow,849.0000,96.00798,192.01596,contraction cone,ASSUMED,
flow,850.0000,95.74003,191.48006,contraction cone,ASSUMED,
flow,851.0000,95.47208,190.94416,contraction cone,ASSUMED,
flow,852.0000,95.20413,190.40826,contraction cone,ASSUMED,
flow,853.0000,94.93618,189.87236,contraction cone,ASSUMED,
flow,854.0000,94.66823,189.33647,contraction cone,ASSUMED,
flow,855.0000,94.40028,188.80057,contraction cone,ASSUMED,
flow,856.0000,94.13233,188.26467,contraction cone,ASSUMED,
flow,857.0000,93.86439,187.72877,contraction cone,ASSUMED,
flow,858.0000,93.59644,187.19287,contraction cone,ASSUMED,
flow,859.0000,93.32849,186.65697,contraction cone,ASSUMED,
flow,860.0000,93.06054,186.12107,contraction cone,ASSUMED,
flow,861.0000,92.79259,185.58518,contraction cone,ASSUMED,
flow,862.0000,92.52464,185.04928,contraction cone,ASSUMED,
flow,863.0000,92.25669,184.51338,contraction cone,ASSUMED,
flow,864.0000,91.98874,183.97748,contraction cone,ASSUMED,
flow,865.0000,91.72079,183.44158,contraction cone,ASSUMED,
flow,866.0000,91.45284,182.90568,contraction cone,ASSUMED,
flow,867.0000,91.18489,182.36979,contraction cone,ASSUMED,
flow,868.0000,90.91694,181.83389,contraction cone,ASSUMED,
flow,869.0000,90.64899,181.29799,contraction cone,ASSUMED,
flow,870.0000,90.38105,180.76209,contraction cone,ASSUMED,
flow,871.0000,90.11310,180.22619,contraction cone,ASSUMED,
flow,872.0000,89.84515,179.69029,contraction cone,ASSUMED,
flow,873.0000,89.57720,179.15440,contraction cone,ASSUMED,
flow,874.0000,89.30925,178.61850,contraction cone,ASSUMED,
flow,875.0000,89.04130,178.08260,contraction cone,ASSUMED,
flow,876.0000,88.77335,177.54670,contraction cone,ASSUMED,
flow,877.0000,88.50540,177.01080,contraction cone,ASSUMED,
flow,878.0000,88.23745,176.47490,contraction cone,ASSUMED,
flow,879.0000,87.96950,175.93901,contraction cone,ASSUMED,
flow,880.0000,87.70155,175.40311,contraction cone,ASSUMED,
flow,881.0000,87.43360,174.86721,contraction cone,ASSUMED,
flow,882.0000,87.16566,174.33131,contraction cone,ASSUMED,
flow,883.0000,86.89771,173.79541,contraction cone,ASSUMED,
flow,884.0000,86.62976,173.25951,contraction cone,ASSUMED,
flow,885.0000,86.36181,172.72362,contraction cone,ASSUMED,
flow,886.0000,86.09386,172.18772,contraction cone,ASSUMED,
flow,887.0000,85.82591,171.65182,contraction cone,ASSUMED,
flow,888.0000,85.55796,171.11592,contraction cone,ASSUMED,
flow,889.0000,85.29001,170.58002,contraction cone,ASSUMED,
flow,890.0000,85.02206,170.04412,contraction cone,ASSUMED,
flow,891.0000,84.75411,169.50822,contraction cone,ASSUMED,
flow,892.0000,84.48616,168.97233,contraction cone,ASSUMED,
flow,893.0000,84.21821,168.43643,contraction cone,ASSUMED,
flow,894.0000,83.95026,167.90053,contraction cone,ASSUMED,
flow,895.0000,83.68232,167.36463,contraction cone,ASSUMED,
flow,896.0000,83.41437,166.82873,contraction cone,ASSUMED,
flow,897.0000,83.14642,166.29283,contraction cone,ASSUMED,
flow,898.0000,82.87847,165.75694,contraction cone,ASSUMED,
flow,899.0000,82.61052,165.22104,contraction cone,ASSUMED,
flow,900.0000,82.34257,164.68514,contraction cone,ASSUMED,
flow,901.0000,82.07462,164.14924,contraction cone,ASSUMED,
flow,902.0000,81.80667,163.61334,contraction cone,ASSUMED,
flow,903.0000,81.53872,163.07744,contraction cone,ASSUMED,
flow,904.0000,81.27077,162.54155,contraction cone,ASSUMED,
flow,905.0000,81.00282,162.00565,contraction cone,ASSUMED,
flow,906.0000,80.73487,161.46975,contraction cone,ASSUMED,
flow,907.0000,80.46693,160.93385,contraction cone,ASSUMED,
flow,908.0000,80.19898,160.39795,contraction cone,ASSUMED,
flow,909.0000,79.93103,159.86205,contraction cone,ASSUMED,
flow,910.0000,79.66308,159.32616,contraction cone,ASSUMED,
flow,911.0000,79.39513,158.79026,contraction cone,ASSUMED,
flow,912.0000,79.12718,158.25436,contraction cone,ASSUMED,
flow,913.0000,78.85923,157.71846,contraction cone,ASSUMED,
flow,914.0000,78.59128,157.18256,contraction cone,ASSUMED,
flow,915.0000,78.32333,156.64666,contraction cone,ASSUMED,
flow,916.0000,78.05538,156.11077,contraction cone,ASSUMED,
flow,917.0000,77.78743,155.57487,contraction cone,ASSUMED,
flow,918.0000,77.51948,155.03897,contraction cone,ASSUMED,
flow,919.0000,77.25154,154.50307,contraction cone,ASSUMED,
flow,920.0000,76.98359,153.96717,contraction cone,ASSUMED,
flow,921.0000,76.71564,153.43127,contraction cone,ASSUMED,
flow,922.0000,76.44769,152.89538,contraction cone,ASSUMED,
flow,923.0000,76.17974,152.35948,contraction cone,ASSUMED,
flow,924.0000,75.91179,151.82358,contraction cone,ASSUMED,
flow,925.0000,75.64384,151.28768,contraction cone,ASSUMED,
flow,926.0000,75.37589,150.75178,contraction cone,ASSUMED,
flow,927.0000,75.10794,150.21588,contraction cone,ASSUMED,
flow,928.0000,74.83999,149.67998,contraction cone,ASSUMED,
flow,929.0000,74.57204,149.14409,contraction cone,ASSUMED,
flow,930.0000,74.30409,148.60819,contraction cone,ASSUMED,
flow,931.0000,74.03614,148.07229,contraction cone,ASSUMED,
flow,932.0000,73.76820,147.53639,contraction cone,ASSUMED,
flow,933.0000,73.50025,147.00049,contraction cone,ASSUMED,
flow,934.0000,73.23230,146.46459,contraction cone,ASSUMED,
flow,935.0000,72.96435,145.92870,contraction cone,ASSUMED,
flow,936.0000,72.69640,145.39280,contraction cone,ASSUMED,
flow,937.0000,72.42845,144.85690,contraction cone,ASSUMED,
flow,938.0000,72.16050,144.32100,contraction cone,ASSUMED,
flow,939.0000,71.89255,143.78510,contraction cone,ASSUMED,
flow,940.0000,71.62460,143.24920,contraction cone,ASSUMED,
flow,941.0000,71.35665,142.71331,contraction cone,ASSUMED,
flow,942.0000,71.08870,142.17741,contraction cone,ASSUMED,
flow,943.0000,70.82075,141.64151,contraction cone,ASSUMED,
flow,944.0000,70.55281,141.10561,contraction cone,ASSUMED,
flow,945.0000,70.28486,140.56971,contraction cone,ASSUMED,
flow,946.0000,70.01691,140.03381,contraction cone,ASSUMED,
flow,947.0000,69.74896,139.49792,contraction cone,ASSUMED,
flow,948.0000,69.48101,138.96202,contraction cone,ASSUMED,
flow,949.0000,69.21306,138.42612,contraction cone,ASSUMED,
flow,950.0000,68.94511,137.89022,contraction cone,ASSUMED,
flow,951.0000,68.67716,137.35432,contraction cone,ASSUMED,
flow,952.0000,68.40921,136.81842,contraction cone,ASSUMED,
flow,953.0000,68.14126,136.28253,contraction cone,ASSUMED,
flow,954.0000,67.87331,135.74663,contraction cone,ASSUMED,
flow,955.0000,67.60536,135.21073,contraction cone,ASSUMED,
flow,956.0000,67.33741,134.67483,contraction cone,ASSUMED,
flow,957.0000,67.06947,134.13893,contraction cone,ASSUMED,
flow,958.0000,66.80152,133.60303,contraction cone,ASSUMED,
flow,959.0000,66.53357,133.06713,contraction cone,ASSUMED,
flow,960.0000,66.26562,132.53124,contraction cone,ASSUMED,
flow,961.0000,65.99767,131.99534,contraction cone,ASSUMED,
flow,962.0000,65.72972,131.45944,contraction cone,ASSUMED,
flow,963.0000,65.46177,130.92354,contraction cone,ASSUMED,
flow,964.0000,65.19382,130.38764,contraction cone,ASSUMED,
flow,965.0000,64.92587,129.85174,contraction cone,ASSUMED,
flow,966.0000,64.65792,129.31585,contraction cone,ASSUMED,
flow,967.0000,64.38997,128.77995,contraction cone,ASSUMED,
flow,968.0000,64.12202,128.24405,contraction cone,ASSUMED,
flow,969.0000,63.85408,127.70815,contraction cone,ASSUMED,
flow,970.0000,63.58613,127.17225,contraction cone,ASSUMED,
flow,971.0000,63.31818,126.63635,contraction cone,ASSUMED,
flow,972.0000,63.05023,126.10046,contraction cone,ASSUMED,
flow,973.0000,62.78228,125.56456,contraction cone,ASSUMED,
flow,974.0000,62.51433,125.02866,contraction cone,ASSUMED,
flow,975.0000,62.24638,124.49276,contraction cone,ASSUMED,
flow,976.0000,61.97843,123.95686,contraction cone,ASSUMED,
flow,977.0000,61.71048,123.42096,contraction cone,ASSUMED,
flow,978.0000,61.44253,122.88507,contraction cone,ASSUMED,
flow,979.0000,61.17458,122.34917,contraction cone,ASSUMED,
flow,980.0000,60.90663,121.81327,contraction cone,ASSUMED,
flow,981.0000,60.63869,121.27737,contraction cone,ASSUMED,
flow,982.0000,60.37074,120.74147,contraction cone,ASSUMED,
flow,983.0000,60.10279,120.20557,contraction cone,ASSUMED,
flow,984.0000,59.83484,119.66968,contraction cone,ASSUMED,
flow,985.0000,59.56689,119.13378,contraction cone,ASSUMED,
flow,986.0000,59.29894,118.59788,contraction cone,ASSUMED,
flow,987.0000,59.03099,118.06198,contraction cone,ASSUMED,
flow,988.0000,58.76304,117.52608,contraction cone,ASSUMED,
flow,989.0000,58.49509,116.99018,contraction cone,ASSUMED,
flow,990.0000,58.22714,116.45428,contraction cone,ASSUMED,
flow,991.0000,57.95919,115.91839,contraction cone,ASSUMED,
flow,991.5231,57.81903,115.63805,contraction cone,ASSUMED,cone_end
flow,992.0000,57.81903,115.63805,tailpipe,JSON,
flow,993.0000,57.81903,115.63805,tailpipe,JSON,
flow,994.0000,57.81903,115.63805,tailpipe,JSON,
flow,995.0000,57.81903,115.63805,tailpipe,JSON,
flow,996.0000,57.81903,115.63805,tailpipe,JSON,
flow,997.0000,57.81903,115.63805,tailpipe,JSON,
flow,998.0000,57.81903,115.63805,tailpipe,JSON,
flow,999.0000,57.81903,115.63805,tailpipe,JSON,
flow,1000.0000,57.81903,115.63805,tailpipe,JSON,
flow,1001.0000,57.81903,115.63805,tailpipe,JSON,
flow,1002.0000,57.81903,115.63805,tailpipe,JSON,
flow,1003.0000,57.81903,115.63805,tailpipe,JSON,
flow,1004.0000,57.81903,115.63805,tailpipe,JSON,
flow,1005.0000,57.81903,115.63805,tailpipe,JSON,
flow,1006.0000,57.81903,115.63805,tailpipe,JSON,
flow,1007.0000,57.81903,115.63805,tailpipe,JSON,
flow,1008.0000,57.81903,115.63805,tailpipe,JSON,
flow,1009.0000,57.81903,115.63805,tailpipe,JSON,
flow,1010.0000,57.81903,115.63805,tailpipe,JSON,
flow,1011.0000,57.81903,115.63805,tailpipe,JSON,
flow,1012.0000,57.81903,115.63805,tailpipe,JSON,
flow,1013.0000,57.81903,115.63805,tailpipe,JSON,
flow,1014.0000,57.81903,115.63805,tailpipe,JSON,
flow,1015.0000,57.81903,115.63805,tailpipe,JSON,
flow,1016.0000,57.81903,115.63805,tailpipe,JSON,
flow,1017.0000,57.81903,115.63805,tailpipe,JSON,
flow,1018.0000,57.81903,115.63805,tailpipe,JSON,
flow,1019.0000,57.81903,115.63805,tailpipe,JSON,
flow,1020.0000,57.81903,115.63805,tailpipe,JSON,
flow,1021.0000,57.81903,115.63805,tailpipe,JSON,
flow,1022.0000,57.81903,115.63805,tailpipe,JSON,
flow,1023.0000,57.81903,115.63805,tailpipe,JSON,
flow,1024.0000,57.81903,115.63805,tailpipe,JSON,
flow,1025.0000,57.81903,115.63805,tailpipe,JSON,
flow,1026.0000,57.81903,115.63805,tailpipe,JSON,
flow,1027.0000,57.81903,115.63805,tailpipe,JSON,
flow,1028.0000,57.81903,115.63805,tailpipe,JSON,
flow,1029.0000,57.81903,115.63805,tailpipe,JSON,
flow,1030.0000,57.81903,115.63805,tailpipe,JSON,
flow,1031.0000,57.81903,115.63805,tailpipe,JSON,
flow,1032.0000,57.81903,115.63805,tailpipe,JSON,
flow,1033.0000,57.81903,115.63805,tailpipe,JSON,
flow,1034.0000,57.81903,115.63805,tailpipe,JSON,
flow,1035.0000,57.81903,115.63805,tailpipe,JSON,
flow,1036.0000,57.81903,115.63805,tailpipe,JSON,
flow,1037.0000,57.81903,115.63805,tailpipe,JSON,
flow,1038.0000,57.81903,115.63805,tailpipe,JSON,
flow,1039.0000,57.81903,115.63805,tailpipe,JSON,
flow,1040.0000,57.81903,115.63805,tailpipe,JSON,
flow,1041.0000,57.81903,115.63805,tailpipe,JSON,
flow,1042.0000,57.81903,115.63805,tailpipe,JSON,
flow,1043.0000,57.81903,115.63805,tailpipe,JSON,
flow,1044.0000,57.81903,115.63805,tailpipe,JSON,
flow,1045.0000,57.81903,115.63805,tailpipe,JSON,
flow,1046.0000,57.81903,115.63805,tailpipe,JSON,
flow,1047.0000,57.81903,115.63805,tailpipe,JSON,
flow,1048.0000,57.81903,115.63805,tailpipe,JSON,
flow,1049.0000,57.81903,115.63805,tailpipe,JSON,
flow,1050.0000,57.81903,115.63805,tailpipe,JSON,
flow,1051.0000,57.81903,115.63805,tailpipe,JSON,
flow,1052.0000,57.81903,115.63805,tailpipe,JSON,
flow,1053.0000,57.81903,115.63805,tailpipe,JSON,
flow,1054.0000,57.81903,115.63805,tailpipe,JSON,
flow,1055.0000,57.81903,115.63805,tailpipe,JSON,
flow,1056.0000,57.81903,115.63805,tailpipe,JSON,
flow,1057.0000,57.81903,115.63805,tailpipe,JSON,
flow,1058.0000,57.81903,115.63805,tailpipe,JSON,
flow,1059.0000,57.81903,115.63805,tailpipe,JSON,
flow,1060.0000,57.81903,115.63805,tailpipe,JSON,
flow,1061.0000,57.81903,115.63805,tailpipe,JSON,
flow,1062.0000,57.81903,115.63805,tailpipe,JSON,
flow,1063.0000,57.81903,115.63805,tailpipe,JSON,
flow,1064.0000,57.81903,115.63805,tailpipe,JSON,
flow,1065.0000,57.81903,115.63805,tailpipe,JSON,
flow,1066.0000,57.81903,115.63805,tailpipe,JSON,
flow,1067.0000,57.81903,115.63805,tailpipe,JSON,
flow,1068.0000,57.81903,115.63805,tailpipe,JSON,
flow,1069.0000,57.81903,115.63805,tailpipe,JSON,
flow,1070.0000,57.81903,115.63805,tailpipe,JSON,
flow,1071.0000,57.81903,115.63805,tailpipe,JSON,
flow,1072.0000,57.81903,115.63805,tailpipe,JSON,
flow,1073.0000,57.81903,115.63805,tailpipe,JSON,
flow,1074.0000,57.81903,115.63805,tailpipe,JSON,
flow,1075.0000,57.81903,115.63805,tailpipe,JSON,
flow,1076.0000,57.81903,115.63805,tailpipe,JSON,
flow,1077.0000,57.81903,115.63805,tailpipe,JSON,
flow,1078.0000,57.81903,115.63805,tailpipe,JSON,
flow,1079.0000,57.81903,115.63805,tailpipe,JSON,
flow,1080.0000,57.81903,115.63805,tailpipe,JSON,
flow,1081.0000,57.81903,115.63805,tailpipe,JSON,
flow,1082.0000,57.81903,115.63805,tailpipe,JSON,
flow,1083.0000,57.81903,115.63805,tailpipe,JSON,
flow,1084.0000,57.81903,115.63805,tailpipe,JSON,
flow,1085.0000,57.81903,115.63805,tailpipe,JSON,
flow,1086.0000,57.81903,115.63805,tailpipe,JSON,
flow,1087.0000,57.81903,115.63805,tailpipe,JSON,
flow,1088.0000,57.81903,115.63805,tailpipe,JSON,
flow,1089.0000,57.81903,115.63805,tailpipe,JSON,
flow,1090.0000,57.81903,115.63805,tailpipe,JSON,
flow,1091.0000,57.81903,115.63805,tailpipe,JSON,
flow,1092.0000,57.81903,115.63805,tailpipe,JSON,
flow,1093.0000,57.81903,115.63805,tailpipe,JSON,
flow,1094.0000,57.81903,115.63805,tailpipe,JSON,
flow,1095.0000,57.81903,115.63805,tailpipe,JSON,
flow,1096.0000,57.81903,115.63805,tailpipe,JSON,
flow,1097.0000,57.81903,115.63805,tailpipe,JSON,
flow,1098.0000,57.81903,115.63805,tailpipe,JSON,
flow,1099.0000,57.81903,115.63805,tailpipe,JSON,
flow,1100.0000,57.81903,115.63805,tailpipe,JSON,
flow,1101.0000,57.81903,115.63805,tailpipe,JSON,
flow,1102.0000,57.81903,115.63805,tailpipe,JSON,
flow,1103.0000,57.81903,115.63805,tailpipe,JSON,
flow,1104.0000,57.81903,115.63805,tailpipe,JSON,
flow,1105.0000,57.81903,115.63805,tailpipe,JSON,
flow,1106.0000,57.81903,115.63805,tailpipe,JSON,
flow,1107.0000,57.81903,115.63805,tailpipe,JSON,
flow,1108.0000,57.81903,115.63805,tailpipe,JSON,
flow,1109.0000,57.81903,115.63805,tailpipe,JSON,
flow,1110.0000,57.81903,115.63805,tailpipe,JSON,
flow,1111.0000,57.81903,115.63805,tailpipe,JSON,
flow,1112.0000,57.81903,115.63805,tailpipe,JSON,
flow,1113.0000,57.81903,115.63805,tailpipe,JSON,
flow,1114.0000,57.81903,115.63805,tailpipe,JSON,
flow,1115.0000,57.81903,115.63805,tailpipe,JSON,
flow,1116.0000,57.81903,115.63805,tailpipe,JSON,
flow,1117.0000,57.81903,115.63805,tailpipe,JSON,
flow,1118.0000,57.81903,115.63805,tailpipe,JSON,
flow,1119.0000,57.81903,115.63805,tailpipe,JSON,
flow,1120.0000,57.81903,115.63805,tailpipe,JSON,
flow,1121.0000,57.81903,115.63805,tailpipe,JSON,
flow,1122.0000,57.81903,115.63805,tailpipe,JSON,
flow,1123.0000,57.81903,115.63805,tailpipe,JSON,
flow,1124.0000,57.81903,115.63805,tailpipe,JSON,
flow,1125.0000,57.81903,115.63805,tailpipe,JSON,
flow,1126.0000,57.81903,115.63805,tailpipe,JSON,
flow,1127.0000,57.81903,115.63805,tailpipe,JSON,
flow,1128.0000,57.81903,115.63805,tailpipe,JSON,
flow,1129.0000,57.81903,115.63805,tailpipe,JSON,
flow,1130.0000,57.81903,115.63805,tailpipe,JSON,
flow,1131.0000,57.81903,115.63805,tailpipe,JSON,
flow,1132.0000,57.81903,115.63805,tailpipe,JSON,
flow,1133.0000,57.81903,115.63805,tailpipe,JSON,
flow,1134.0000,57.81903,115.63805,tailpipe,JSON,
flow,1135.0000,57.81903,115.63805,tailpipe,JSON,
flow,1136.0000,57.81903,115.63805,tailpipe,JSON,
flow,1137.0000,57.81903,115.63805,tailpipe,JSON,
flow,1138.0000,57.81903,115.63805,tailpipe,JSON,
flow,1139.0000,57.81903,115.63805,tailpipe,JSON,
flow,1140.0000,57.81903,115.63805,tailpipe,JSON,
flow,1141.0000,57.81903,115.63805,tailpipe,JSON,
flow,1142.0000,57.81903,115.63805,tailpipe,JSON,
flow,1143.0000,57.81903,115.63805,tailpipe,JSON,
flow,1144.0000,57.81903,115.63805,tailpipe,JSON,
flow,1145.0000,57.81903,115.63805,tailpipe,JSON,
flow,1146.0000,57.81903,115.63805,tailpipe,JSON,
flow,1147.0000,57.81903,115.63805,tailpipe,JSON,
flow,1148.0000,57.81903,115.63805,tailpipe,JSON,
flow,1149.0000,57.81903,115.63805,tailpipe,JSON,
flow,1150.0000,57.81903,115.63805,tailpipe,JSON,
flow,1151.0000,57.81903,115.63805,tailpipe,JSON,
flow,1152.0000,57.81903,115.63805,tailpipe,JSON,
flow,1153.0000,57.81903,115.63805,tailpipe,JSON,
flow,1154.0000,57.81903,115.63805,tailpipe,JSON,
flow,1155.0000,57.81903,115.63805,tailpipe,JSON,
flow,1156.0000,57.81903,115.63805,tailpipe,JSON,
flow,1157.0000,57.81903,115.63805,tailpipe,JSON,
flow,1158.0000,57.81903,115.63805,tailpipe,JSON,
flow,1159.0000,57.81903,115.63805,tailpipe,JSON,
flow,1160.0000,57.81903,115.63805,tailpipe,JSON,
flow,1161.0000,57.81903,115.63805,tailpipe,JSON,
flow,1162.0000,57.81903,115.63805,tailpipe,JSON,
flow,1163.0000,57.81903,115.63805,tailpipe,JSON,
flow,1164.0000,57.81903,115.63805,tailpipe,JSON,
flow,1165.0000,57.81903,115.63805,tailpipe,JSON,
flow,1166.0000,57.81903,115.63805,tailpipe,JSON,
flow,1167.0000,57.81903,115.63805,tailpipe,JSON,
flow,1168.0000,57.81903,115.63805,tailpipe,JSON,
flow,1169.0000,57.81903,115.63805,tailpipe,JSON,
flow,1170.0000,57.81903,115.63805,tailpipe,JSON,
flow,1171.0000,57.81903,115.63805,tailpipe,JSON,
flow,1172.0000,57.81903,115.63805,tailpipe,JSON,
flow,1173.0000,57.81903,115.63805,tailpipe,JSON,
flow,1174.0000,57.81903,115.63805,tailpipe,JSON,
flow,1175.0000,57.81903,115.63805,tailpipe,JSON,
flow,1176.0000,57.81903,115.63805,tailpipe,JSON,
flow,1177.0000,57.81903,115.63805,tailpipe,JSON,
flow,1178.0000,57.81903,115.63805,tailpipe,JSON,
flow,1179.0000,57.81903,115.63805,tailpipe,JSON,
flow,1180.0000,57.81903,115.63805,tailpipe,JSON,
flow,1181.0000,57.81903,115.63805,tailpipe,JSON,
flow,1182.0000,57.81903,115.63805,tailpipe,JSON,
flow,1183.0000,57.81903,115.63805,tailpipe,JSON,
flow,1184.0000,57.81903,115.63805,tailpipe,JSON,
flow,1185.0000,57.81903,115.63805,tailpipe,JSON,
flow,1186.0000,57.81903,115.63805,tailpipe,JSON,
flow,1187.0000,57.81903,115.63805,tailpipe,JSON,
flow,1188.0000,57.81903,115.63805,tailpipe,JSON,
flow,1189.0000,57.81903,115.63805,tailpipe,JSON,
flow,1190.0000,57.81903,115.63805,tailpipe,JSON,
flow,1191.0000,57.81903,115.63805,tailpipe,JSON,
flow,1192.0000,57.81903,115.63805,tailpipe,JSON,
flow,1193.0000,57.81903,115.63805,tailpipe,JSON,
flow,1194.0000,57.81903,115.63805,tailpipe,JSON,
flow,1195.0000,57.81903,115.63805,tailpipe,JSON,
flow,1196.0000,57.81903,115.63805,tailpipe,JSON,
flow,1197.0000,57.81903,115.63805,tailpipe,JSON,
flow,1198.0000,57.81903,115.63805,tailpipe,JSON,
flow,1199.0000,57.81903,115.63805,tailpipe,JSON,
flow,1200.0000,57.81903,115.63805,tailpipe,JSON,
flow,1201.0000,57.81903,115.63805,tailpipe,JSON,
flow,1202.0000,57.81903,115.63805,tailpipe,JSON,
flow,1203.0000,57.81903,115.63805,tailpipe,JSON,
flow,1204.0000,57.81903,115.63805,tailpipe,JSON,
flow,1205.0000,57.81903,115.63805,tailpipe,JSON,
flow,1206.0000,57.81903,115.63805,tailpipe,JSON,
flow,1207.0000,57.81903,115.63805,tailpipe,JSON,
flow,1208.0000,57.81903,115.63805,tailpipe,JSON,
flow,1209.0000,57.81903,115.63805,tailpipe,JSON,
flow,1210.0000,57.81903,115.63805,tailpipe,JSON,
flow,1211.0000,57.81903,115.63805,tailpipe,JSON,
flow,1212.0000,57.81903,115.63805,tailpipe,JSON,
flow,1213.0000,57.81903,115.63805,tailpipe,JSON,
flow,1214.0000,57.81903,115.63805,tailpipe,JSON,
flow,1215.0000,57.81903,115.63805,tailpipe,JSON,
flow,1216.0000,57.81903,115.63805,tailpipe,JSON,
flow,1217.0000,57.81903,115.63805,tailpipe,JSON,
flow,1218.0000,57.81903,115.63805,tailpipe,JSON,
flow,1219.0000,57.81903,115.63805,tailpipe,JSON,
flow,1220.0000,57.81903,115.63805,tailpipe,JSON,
flow,1221.0000,57.81903,115.63805,tailpipe,JSON,
flow,1222.0000,57.81903,115.63805,tailpipe,JSON,
flow,1223.0000,57.81903,115.63805,tailpipe,JSON,
flow,1224.0000,57.81903,115.63805,tailpipe,JSON,
flow,1225.0000,57.81903,115.63805,tailpipe,JSON,
flow,1226.0000,57.81903,115.63805,tailpipe,JSON,
flow,1227.0000,57.81903,115.63805,tailpipe,JSON,
flow,1228.0000,57.81903,115.63805,tailpipe,JSON,
flow,1229.0000,57.81903,115.63805,tailpipe,JSON,
flow,1230.0000,57.81903,115.63805,tailpipe,JSON,
flow,1231.0000,57.81903,115.63805,tailpipe,JSON,
flow,1232.0000,57.81903,115.63805,tailpipe,JSON,
flow,1233.0000,57.81903,115.63805,tailpipe,JSON,
flow,1234.0000,57.81903,115.63805,tailpipe,JSON,
flow,1235.0000,57.81903,115.63805,tailpipe,JSON,
flow,1236.0000,57.81903,115.63805,tailpipe,JSON,
flow,1237.0000,57.81903,115.63805,tailpipe,JSON,
flow,1238.0000,57.81903,115.63805,tailpipe,JSON,
flow,1239.0000,57.81903,115.63805,tailpipe,JSON,
flow,1240.0000,57.81903,115.63805,tailpipe,JSON,
flow,1241.0000,57.81903,115.63805,tailpipe,JSON,
flow,1242.0000,57.81903,115.63805,tailpipe,JSON,
flow,1243.0000,57.81903,115.63805,tailpipe,JSON,
flow,1244.0000,57.81903,115.63805,tailpipe,JSON,
flow,1245.0000,57.81903,115.63805,tailpipe,JSON,
flow,1246.0000,57.81903,115.63805,tailpipe,JSON,
flow,1247.0000,57.81903,115.63805,tailpipe,JSON,
flow,1248.0000,57.81903,115.63805,tailpipe,JSON,
flow,1249.0000,57.81903,115.63805,tailpipe,JSON,
flow,1250.0000,57.81903,115.63805,tailpipe,JSON,
flow,1251.0000,57.81903,115.63805,tailpipe,JSON,
flow,1252.0000,57.81903,115.63805,tailpipe,JSON,
flow,1253.0000,57.81903,115.63805,tailpipe,JSON,
flow,1254.0000,57.81903,115.63805,tailpipe,JSON,
flow,1255.0000,57.81903,115.63805,tailpipe,JSON,
flow,1256.0000,57.81903,115.63805,tailpipe,JSON,
flow,1257.0000,57.81903,115.63805,tailpipe,JSON,
flow,1258.0000,57.81903,115.63805,tailpipe,JSON,
flow,1259.0000,57.81903,115.63805,tailpipe,JSON,
flow,1260.0000,57.81903,115.63805,tailpipe,JSON,
flow,1261.0000,57.81903,115.63805,tailpipe,JSON,
flow,1262.0000,57.81903,115.63805,tailpipe,JSON,
flow,1263.0000,57.81903,115.63805,tailpipe,JSON,
flow,1264.0000,57.81903,115.63805,tailpipe,JSON,
flow,1265.0000,57.81903,115.63805,tailpipe,JSON,
flow,1266.0000,57.81903,115.63805,tailpipe,JSON,
flow,1267.0000,57.81903,115.63805,tailpipe,JSON,
flow,1268.0000,57.81903,115.63805,tailpipe,JSON,
flow,1269.0000,57.81903,115.63805,tailpipe,JSON,
flow,1270.0000,57.81903,115.63805,tailpipe,JSON,
flow,1271.0000,57.81903,115.63805,tailpipe,JSON,
flow,1272.0000,57.81903,115.63805,tailpipe,JSON,
flow,1273.0000,57.81903,115.63805,tailpipe,JSON,
flow,1274.0000,57.81903,115.63805,tailpipe,JSON,
flow,1275.0000,57.81903,115.63805,tailpipe,JSON,
flow,1276.0000,57.81903,115.63805,tailpipe,JSON,
flow,1277.0000,57.81903,115.63805,tailpipe,JSON,
flow,1278.0000,57.81903,115.63805,tailpipe,JSON,
flow,1279.0000,57.81903,115.63805,tailpipe,JSON,
flow,1280.0000,57.81903,115.63805,tailpipe,JSON,
flow,1281.0000,57.81903,115.63805,tailpipe,JSON,
flow,1282.0000,57.81903,115.63805,tailpipe,JSON,
flow,1283.0000,57.81903,115.63805,tailpipe,JSON,
flow,1284.0000,57.81903,115.63805,tailpipe,JSON,
flow,1285.0000,57.81903,115.63805,tailpipe,JSON,
flow,1286.0000,57.81903,115.63805,tailpipe,JSON,
flow,1287.0000,57.81903,115.63805,tailpipe,JSON,
flow,1288.0000,57.81903,115.63805,tailpipe,JSON,
flow,1289.0000,57.81903,115.63805,tailpipe,JSON,
flow,1290.0000,57.81903,115.63805,tailpipe,JSON,
flow,1291.0000,57.81903,115.63805,tailpipe,JSON,
flow,1292.0000,57.81903,115.63805,tailpipe,JSON,
flow,1293.0000,57.81903,115.63805,tailpipe,JSON,
flow,1294.0000,57.81903,115.63805,tailpipe,JSON,
flow,1295.0000,57.81903,115.63805,tailpipe,JSON,
flow,1296.0000,57.81903,115.63805,tailpipe,JSON,
flow,1297.0000,57.81903,115.63805,tailpipe,JSON,
flow,1298.0000,57.81903,115.63805,tailpipe,JSON,
flow,1299.0000,57.81903,115.63805,tailpipe,JSON,
flow,1300.0000,57.81903,115.63805,tailpipe,JSON,
flow,1301.0000,57.81903,115.63805,tailpipe,JSON,
flow,1302.0000,57.81903,115.63805,tailpipe,JSON,
flow,1303.0000,57.81903,115.63805,tailpipe,JSON,
flow,1304.0000,57.81903,115.63805,tailpipe,JSON,
flow,1305.0000,57.81903,115.63805,tailpipe,JSON,
flow,1306.0000,57.81903,115.63805,tailpipe,JSON,
flow,1307.0000,57.81903,115.63805,tailpipe,JSON,
flow,1308.0000,57.81903,115.63805,tailpipe,JSON,
flow,1309.0000,57.81903,115.63805,tailpipe,JSON,
flow,1310.0000,57.81903,115.63805,tailpipe,JSON,
flow,1311.0000,57.81903,115.63805,tailpipe,JSON,
flow,1312.0000,57.81903,115.63805,tailpipe,JSON,
flow,1313.0000,57.81903,115.63805,tailpipe,JSON,
flow,1314.0000,57.81903,115.63805,tailpipe,JSON,
flow,1315.0000,57.81903,115.63805,tailpipe,JSON,
flow,1316.0000,57.81903,115.63805,tailpipe,JSON,
flow,1317.0000,57.81903,115.63805,tailpipe,JSON,
flow,1318.0000,57.81903,115.63805,tailpipe,JSON,
flow,1319.0000,57.81903,115.63805,tailpipe,JSON,
flow,1320.0000,57.81903,115.63805,tailpipe,JSON,
flow,1321.0000,57.81903,115.63805,tailpipe,JSON,
flow,1322.0000,57.81903,115.63805,tailpipe,JSON,
flow,1323.0000,57.81903,115.63805,tailpipe,JSON,
flow,1324.0000,57.81903,115.63805,tailpipe,JSON,
flow,1325.0000,57.81903,115.63805,tailpipe,JSON,
flow,1326.0000,57.81903,115.63805,tailpipe,JSON,
flow,1327.0000,57.81903,115.63805,tailpipe,JSON,
flow,1328.0000,57.81903,115.63805,tailpipe,JSON,
flow,1329.0000,57.81903,115.63805,tailpipe,JSON,
flow,1330.0000,57.81903,115.63805,tailpipe,JSON,
flow,1331.0000,57.81903,115.63805,tailpipe,JSON,
flow,1332.0000,57.81903,115.63805,tailpipe,JSON,
flow,1333.0000,57.81903,115.63805,tailpipe,JSON,
flow,1334.0000,57.81903,115.63805,tailpipe,JSON,
flow,1335.0000,57.81903,115.63805,tailpipe,JSON,
flow,1336.0000,57.81903,115.63805,tailpipe,JSON,
flow,1337.0000,57.81903,115.63805,tailpipe,JSON,
flow,1338.0000,57.81903,115.63805,tailpipe,JSON,
flow,1339.0000,57.81903,115.63805,tailpipe,JSON,
flow,1340.0000,57.81903,115.63805,tailpipe,JSON,
flow,1341.0000,57.81903,115.63805,tailpipe,JSON,
flow,1342.0000,57.81903,115.63805,tailpipe,JSON,
flow,1343.0000,57.81903,115.63805,tailpipe,JSON,
flow,1344.0000,57.81903,115.63805,tailpipe,JSON,
flow,1345.0000,57.81903,115.63805,tailpipe,JSON,
flow,1346.0000,57.81903,115.63805,tailpipe,JSON,
flow,1347.0000,57.81903,115.63805,tailpipe,JSON,
flow,1348.0000,57.81903,115.63805,tailpipe,JSON,
flow,1349.0000,57.81903,115.63805,tailpipe,JSON,
flow,1350.0000,57.81903,115.63805,tailpipe,JSON,
flow,1351.0000,57.81903,115.63805,tailpipe,JSON,
flow,1352.0000,57.81903,115.63805,tailpipe,JSON,
flow,1353.0000,57.81903,115.63805,tailpipe,JSON,
flow,1354.0000,57.81903,115.63805,tailpipe,JSON,
flow,1355.0000,57.81903,115.63805,tailpipe,JSON,
flow,1356.0000,57.81903,115.63805,tailpipe,JSON,
flow,1357.0000,57.81903,115.63805,tailpipe,JSON,
flow,1358.0000,57.81903,115.63805,tailpipe,JSON,
flow,1359.0000,57.81903,115.63805,tailpipe,JSON,
flow,1360.0000,57.81903,115.63805,tailpipe,JSON,
flow,1361.0000,57.81903,115.63805,tailpipe,JSON,
flow,1362.0000,57.81903,115.63805,tailpipe,JSON,
flow,1363.0000,57.81903,115.63805,tailpipe,JSON,
flow,1364.0000,57.81903,115.63805,tailpipe,JSON,
flow,1365.0000,57.81903,115.63805,tailpipe,JSON,
flow,1366.0000,57.81903,115.63805,tailpipe,JSON,
flow,1367.0000,57.81903,115.63805,tailpipe,JSON,
flow,1368.0000,57.81903,115.63805,tailpipe,JSON,
flow,1369.0000,57.81903,115.63805,tailpipe,JSON,
flow,1370.0000,57.81903,115.63805,tailpipe,JSON,
flow,1371.0000,57.81903,115.63805,tailpipe,JSON,
flow,1372.0000,57.81903,115.63805,tailpipe,JSON,
flow,1373.0000,57.81903,115.63805,tailpipe,JSON,
flow,1374.0000,57.81903,115.63805,tailpipe,JSON,
flow,1375.0000,57.81903,115.63805,tailpipe,JSON,
flow,1376.0000,57.81903,115.63805,tailpipe,JSON,
flow,1377.0000,57.81903,115.63805,tailpipe,JSON,
flow,1378.0000,57.81903,115.63805,tailpipe,JSON,
flow,1379.0000,57.81903,115.63805,tailpipe,JSON,
flow,1380.0000,57.81903,115.63805,tailpipe,JSON,
flow,1381.0000,57.81903,115.63805,tailpipe,JSON,
flow,1382.0000,57.81903,115.63805,tailpipe,JSON,
flow,1383.0000,57.81903,115.63805,tailpipe,JSON,
flow,1384.0000,57.81903,115.63805,tailpipe,JSON,
flow,1385.0000,57.81903,115.63805,tailpipe,JSON,
flow,1386.0000,57.81903,115.63805,tailpipe,JSON,
flow,1387.0000,57.81903,115.63805,tailpipe,JSON,
flow,1388.0000,57.81903,115.63805,tailpipe,JSON,
flow,1389.0000,57.81903,115.63805,tailpipe,JSON,
flow,1390.0000,57.81903,115.63805,tailpipe,JSON,
flow,1391.0000,57.81903,115.63805,tailpipe,JSON,
flow,1392.0000,57.81903,115.63805,tailpipe,JSON,
flow,1393.0000,57.81903,115.63805,tailpipe,JSON,
flow,1394.0000,57.81903,115.63805,tailpipe,JSON,
flow,1395.0000,57.81903,115.63805,tailpipe,JSON,
flow,1396.0000,57.81903,115.63805,tailpipe,JSON,
flow,1397.0000,57.81903,115.63805,tailpipe,JSON,
flow,1398.0000,57.81903,115.63805,tailpipe,JSON,
flow,1399.0000,57.81903,115.63805,tailpipe,JSON,
flow,1400.0000,57.81903,115.63805,tailpipe,JSON,
flow,1401.0000,57.81903,115.63805,tailpipe,JSON,
flow,1402.0000,57.81903,115.63805,tailpipe,JSON,
flow,1403.0000,57.81903,115.63805,tailpipe,JSON,
flow,1404.0000,57.81903,115.63805,tailpipe,JSON,
flow,1405.0000,57.81903,115.63805,tailpipe,JSON,
flow,1406.0000,57.81903,115.63805,tailpipe,JSON,
flow,1407.0000,57.81903,115.63805,tailpipe,JSON,
flow,1408.0000,57.81903,115.63805,tailpipe,JSON,
flow,1409.0000,57.81903,115.63805,tailpipe,JSON,
flow,1410.0000,57.81903,115.63805,tailpipe,JSON,
flow,1411.0000,57.81903,115.63805,tailpipe,JSON,
flow,1412.0000,57.81903,115.63805,tailpipe,JSON,
flow,1413.0000,57.81903,115.63805,tailpipe,JSON,
flow,1414.0000,57.81903,115.63805,tailpipe,JSON,
flow,1415.0000,57.81903,115.63805,tailpipe,JSON,
flow,1416.0000,57.81903,115.63805,tailpipe,JSON,
flow,1417.0000,57.81903,115.63805,tailpipe,JSON,
flow,1418.0000,57.81903,115.63805,tailpipe,JSON,
flow,1419.0000,57.81903,115.63805,tailpipe,JSON,
flow,1420.0000,57.81903,115.63805,tailpipe,JSON,
flow,1421.0000,57.81903,115.63805,tailpipe,JSON,
flow,1422.0000,57.81903,115.63805,tailpipe,JSON,
flow,1423.0000,57.81903,115.63805,tailpipe,JSON,
flow,1424.0000,57.81903,115.63805,tailpipe,JSON,
flow,1425.0000,57.81903,115.63805,tailpipe,JSON,
flow,1426.0000,57.81903,115.63805,tailpipe,JSON,
flow,1427.0000,57.81903,115.63805,tailpipe,JSON,
flow,1428.0000,57.81903,115.63805,tailpipe,JSON,
flow,1429.0000,57.81903,115.63805,tailpipe,JSON,
flow,1430.0000,57.81903,115.63805,tailpipe,JSON,
flow,1431.0000,57.81903,115.63805,tailpipe,JSON,
flow,1432.0000,57.81903,115.63805,tailpipe,JSON,
flow,1433.0000,57.81903,115.63805,tailpipe,JSON,
flow,1434.0000,57.81903,115.63805,tailpipe,JSON,
flow,1435.0000,57.81903,115.63805,tailpipe,JSON,
flow,1436.0000,57.81903,115.63805,tailpipe,JSON,
flow,1437.0000,57.81903,115.63805,tailpipe,JSON,
flow,1438.0000,57.81903,115.63805,tailpipe,JSON,
flow,1439.0000,57.81903,115.63805,tailpipe,JSON,
flow,1440.0000,57.81903,115.63805,tailpipe,JSON,
flow,1441.0000,57.81903,115.63805,tailpipe,JSON,
flow,1442.0000,57.81903,115.63805,tailpipe,JSON,
flow,1443.0000,57.81903,115.63805,tailpipe,JSON,
flow,1444.0000,57.81903,115.63805,tailpipe,JSON,
flow,1445.0000,57.81903,115.63805,tailpipe,JSON,
flow,1446.0000,57.81903,115.63805,tailpipe,JSON,
flow,1447.0000,57.81903,115.63805,tailpipe,JSON,
flow,1448.0000,57.81903,115.63805,tailpipe,JSON,
flow,1449.0000,57.81903,115.63805,tailpipe,JSON,
flow,1450.0000,57.81903,115.63805,tailpipe,JSON,
flow,1451.0000,57.81903,115.63805,tailpipe,JSON,
flow,1452.0000,57.81903,115.63805,tailpipe,JSON,
flow,1453.0000,57.81903,115.63805,tailpipe,JSON,
flow,1454.0000,57.81903,115.63805,tailpipe,JSON,
flow,1455.0000,57.81903,115.63805,tailpipe,JSON,
flow,1456.0000,57.81903,115.63805,tailpipe,JSON,
flow,1457.0000,57.81903,115.63805,tailpipe,JSON,
flow,1458.0000,57.81903,115.63805,tailpipe,JSON,
flow,1459.0000,57.81903,115.63805,tailpipe,JSON,
flow,1460.0000,57.81903,115.63805,tailpipe,JSON,
flow,1461.0000,57.81903,115.63805,tailpipe,JSON,
flow,1462.0000,57.81903,115.63805,tailpipe,JSON,
flow,1463.0000,57.81903,115.63805,tailpipe,JSON,
flow,1464.0000,57.81903,115.63805,tailpipe,JSON,
flow,1465.0000,57.81903,115.63805,tailpipe,JSON,
flow,1466.0000,57.81903,115.63805,tailpipe,JSON,
flow,1467.0000,57.81903,115.63805,tailpipe,JSON,
flow,1468.0000,57.81903,115.63805,tailpipe,JSON,
flow,1469.0000,57.81903,115.63805,tailpipe,JSON,
flow,1470.0000,57.81903,115.63805,tailpipe,JSON,
flow,1471.0000,57.81903,115.63805,tailpipe,JSON,
flow,1472.0000,57.81903,115.63805,tailpipe,JSON,
flow,1473.0000,57.81903,115.63805,tailpipe,JSON,
flow,1474.0000,57.81903,115.63805,tailpipe,JSON,
flow,1475.0000,57.81903,115.63805,tailpipe,JSON,
flow,1476.0000,57.81903,115.63805,tailpipe,JSON,
flow,1477.0000,57.81903,115.63805,tailpipe,JSON,
flow,1478.0000,57.81903,115.63805,tailpipe,JSON,
flow,1479.0000,57.81903,115.63805,tailpipe,JSON,
flow,1480.0000,57.81903,115.63805,tailpipe,JSON,
flow,1481.0000,57.81903,115.63805,tailpipe,JSON,
flow,1482.0000,57.81903,115.63805,tailpipe,JSON,
flow,1483.0000,57.81903,115.63805,tailpipe,JSON,
flow,1484.0000,57.81903,115.63805,tailpipe,JSON,
flow,1485.0000,57.81903,115.63805,tailpipe,JSON,
flow,1486.0000,57.81903,115.63805,tailpipe,JSON,
flow,1487.0000,57.81903,115.63805,tailpipe,JSON,
flow,1488.0000,57.81903,115.63805,tailpipe,JSON,
flow,1489.0000,57.81903,115.63805,tailpipe,JSON,
flow,1490.0000,57.81903,115.63805,tailpipe,JSON,
flow,1491.0000,57.81903,115.63805,tailpipe,JSON,
flow,1492.0000,57.81903,115.63805,tailpipe,JSON,
flow,1493.0000,57.81903,115.63805,tailpipe,JSON,
flow,1494.0000,57.81903,115.63805,tailpipe,JSON,
flow,1495.0000,57.81903,115.63805,tailpipe,JSON,
flow,1496.0000,57.81903,115.63805,tailpipe,JSON,
flow,1497.0000,57.81903,115.63805,tailpipe,JSON,
flow,1498.0000,57.81903,115.63805,tailpipe,JSON,
flow,1499.0000,57.81903,115.63805,tailpipe,JSON,
flow,1500.0000,57.81903,115.63805,tailpipe,JSON,
flow,1501.0000,57.81903,115.63805,tailpipe,JSON,
flow,1502.0000,57.81903,115.63805,tailpipe,JSON,
flow,1503.0000,57.81903,115.63805,tailpipe,JSON,
flow,1504.0000,57.81903,115.63805,tailpipe,JSON,
flow,1505.0000,57.81903,115.63805,tailpipe,JSON,
flow,1506.0000,57.81903,115.63805,tailpipe,JSON,
flow,1507.0000,57.81903,115.63805,tailpipe,JSON,
flow,1508.0000,57.81903,115.63805,tailpipe,JSON,
flow,1509.0000,57.81903,115.63805,tailpipe,JSON,
flow,1510.0000,57.81903,115.63805,tailpipe,JSON,
flow,1511.0000,57.81903,115.63805,tailpipe,JSON,
flow,1512.0000,57.81903,115.63805,tailpipe,JSON,
flow,1513.0000,57.81903,115.63805,tailpipe,JSON,
flow,1514.0000,57.81903,115.63805,tailpipe,JSON,
flow,1515.0000,57.81903,115.63805,tailpipe,JSON,
flow,1516.0000,57.81903,115.63805,tailpipe,JSON,
flow,1517.0000,57.81903,115.63805,tailpipe,JSON,
flow,1518.0000,57.81903,115.63805,tailpipe,JSON,
flow,1519.0000,57.81903,115.63805,tailpipe,JSON,
flow,1520.0000,57.81903,115.63805,tailpipe,JSON,
flow,1521.0000,57.81903,115.63805,tailpipe,JSON,
flow,1522.0000,57.81903,115.63805,tailpipe,JSON,
flow,1523.0000,57.81903,115.63805,tailpipe,JSON,
flow,1524.0000,57.81903,115.63805,tailpipe,JSON,
flow,1525.0000,57.81903,115.63805,tailpipe,JSON,
flow,1526.0000,57.81903,115.63805,tailpipe,JSON,
flow,1527.0000,57.81903,115.63805,tailpipe,JSON,
flow,1528.0000,57.81903,115.63805,tailpipe,JSON,
flow,1529.0000,57.81903,115.63805,tailpipe,JSON,
flow,1530.0000,57.81903,115.63805,tailpipe,JSON,
flow,1531.0000,57.81903,115.63805,tailpipe,JSON,
flow,1532.0000,57.81903,115.63805,tailpipe,JSON,
flow,1533.0000,57.81903,115.63805,tailpipe,JSON,
flow,1534.0000,57.81903,115.63805,tailpipe,JSON,
flow,1535.0000,57.81903,115.63805,tailpipe,JSON,
flow,1536.0000,57.81903,115.63805,tailpipe,JSON,
flow,1537.0000,57.81903,115.63805,tailpipe,JSON,
flow,1538.0000,57.81903,115.63805,tailpipe,JSON,
flow,1539.0000,57.81903,115.63805,tailpipe,JSON,
flow,1540.0000,57.81903,115.63805,tailpipe,JSON,
flow,1541.0000,57.81903,115.63805,tailpipe,JSON,
flow,1542.0000,57.81903,115.63805,tailpipe,JSON,
flow,1543.0000,57.81903,115.63805,tailpipe,JSON,
flow,1544.0000,57.81903,115.63805,tailpipe,JSON,
flow,1545.0000,57.81903,115.63805,tailpipe,JSON,
flow,1546.0000,57.81903,115.63805,tailpipe,JSON,
flow,1547.0000,57.81903,115.63805,tailpipe,JSON,
flow,1548.0000,57.81903,115.63805,tailpipe,JSON,
flow,1549.0000,57.81903,115.63805,tailpipe,JSON,
flow,1550.0000,57.81903,115.63805,tailpipe,JSON,
flow,1551.0000,57.81903,115.63805,tailpipe,JSON,
flow,1552.0000,57.81903,115.63805,tailpipe,JSON,
flow,1553.0000,57.81903,115.63805,tailpipe,JSON,
flow,1554.0000,57.81903,115.63805,tailpipe,JSON,
flow,1555.0000,57.81903,115.63805,tailpipe,JSON,
flow,1556.0000,57.81903,115.63805,tailpipe,JSON,
flow,1557.0000,57.81903,115.63805,tailpipe,JSON,
flow,1558.0000,57.81903,115.63805,tailpipe,JSON,
flow,1559.0000,57.81903,115.63805,tailpipe,JSON,
flow,1560.0000,57.81903,115.63805,tailpipe,JSON,
flow,1561.0000,57.81903,115.63805,tailpipe,JSON,
flow,1562.0000,57.81903,115.63805,tailpipe,JSON,
flow,1563.0000,57.81903,115.63805,tailpipe,JSON,
flow,1564.0000,57.81903,115.63805,tailpipe,JSON,
flow,1565.0000,57.81903,115.63805,tailpipe,JSON,
flow,1566.0000,57.81903,115.63805,tailpipe,JSON,
flow,1567.0000,57.81903,115.63805,tailpipe,JSON,
flow,1568.0000,57.81903,115.63805,tailpipe,JSON,
flow,1569.0000,57.81903,115.63805,tailpipe,JSON,
flow,1570.0000,57.81903,115.63805,tailpipe,JSON,
flow,1571.0000,57.81903,115.63805,tailpipe,JSON,
flow,1572.0000,57.81903,115.63805,tailpipe,JSON,
flow,1573.0000,57.81903,115.63805,tailpipe,JSON,
flow,1574.0000,57.81903,115.63805,tailpipe,JSON,
flow,1575.0000,57.81903,115.63805,tailpipe,JSON,
flow,1576.0000,57.81903,115.63805,tailpipe,JSON,
flow,1577.0000,57.81903,115.63805,tailpipe,JSON,
flow,1578.0000,57.81903,115.63805,tailpipe,JSON,
flow,1579.0000,57.81903,115.63805,tailpipe,JSON,
flow,1580.0000,57.81903,115.63805,tailpipe,JSON,
flow,1581.0000,57.81903,115.63805,tailpipe,JSON,
flow,1582.0000,57.81903,115.63805,tailpipe,JSON,
flow,1583.0000,57.81903,115.63805,tailpipe,JSON,
flow,1584.0000,57.81903,115.63805,tailpipe,JSON,
flow,1585.0000,57.81903,115.63805,tailpipe,JSON,
flow,1586.0000,57.81903,115.63805,tailpipe,JSON,
flow,1587.0000,57.81903,115.63805,tailpipe,JSON,
flow,1588.0000,57.81903,115.63805,tailpipe,JSON,
flow,1589.0000,57.81903,115.63805,tailpipe,JSON,
flow,1590.0000,57.81903,115.63805,tailpipe,JSON,
flow,1591.0000,57.81903,115.63805,tailpipe,JSON,
flow,1592.0000,57.81903,115.63805,tailpipe,JSON,
flow,1593.0000,57.81903,115.63805,tailpipe,JSON,
flow,1594.0000,57.81903,115.63805,tailpipe,JSON,
flow,1595.0000,57.81903,115.63805,tailpipe,JSON,
flow,1596.0000,57.81903,115.63805,tailpipe,JSON,
flow,1597.0000,57.81903,115.63805,tailpipe,JSON,
flow,1598.0000,57.81903,115.63805,tailpipe,JSON,
flow,1599.0000,57.81903,115.63805,tailpipe,JSON,
flow,1600.0000,57.81903,115.63805,tailpipe,JSON,
flow,1601.0000,57.81903,115.63805,tailpipe,JSON,
flow,1602.0000,57.81903,115.63805,tailpipe,JSON,
flow,1603.0000,57.81903,115.63805,tailpipe,JSON,
flow,1604.0000,57.81903,115.63805,tailpipe,JSON,
flow,1605.0000,57.81903,115.63805,tailpipe,JSON,
flow,1606.0000,57.81903,115.63805,tailpipe,JSON,
flow,1607.0000,57.81903,115.63805,tailpipe,JSON,
flow,1608.0000,57.81903,115.63805,tailpipe,JSON,
flow,1609.0000,57.81903,115.63805,tailpipe,JSON,
flow,1610.0000,57.81903,115.63805,tailpipe,JSON,
flow,1611.0000,57.81903,115.63805,tailpipe,JSON,
flow,1612.0000,57.81903,115.63805,tailpipe,JSON,
flow,1613.0000,57.81903,115.63805,tailpipe,JSON,
flow,1614.0000,57.81903,115.63805,tailpipe,JSON,
flow,1615.0000,57.81903,115.63805,tailpipe,JSON,
flow,1616.0000,57.81903,115.63805,tailpipe,JSON,
flow,1617.0000,57.81903,115.63805,tailpipe,JSON,
flow,1618.0000,57.81903,115.63805,tailpipe,JSON,
flow,1619.0000,57.81903,115.63805,tailpipe,JSON,
flow,1620.0000,57.81903,115.63805,tailpipe,JSON,
flow,1621.0000,57.81903,115.63805,tailpipe,JSON,
flow,1622.0000,57.81903,115.63805,tailpipe,JSON,
flow,1623.0000,57.81903,115.63805,tailpipe,JSON,
flow,1624.0000,57.81903,115.63805,tailpipe,JSON,
flow,1625.0000,57.81903,115.63805,tailpipe,JSON,
flow,1626.0000,57.81903,115.63805,tailpipe,JSON,
flow,1627.0000,57.81903,115.63805,tailpipe,JSON,
flow,1628.0000,57.81903,115.63805,tailpipe,JSON,
flow,1629.0000,57.81903,115.63805,tailpipe,JSON,
flow,1630.0000,57.81903,115.63805,tailpipe,JSON,
flow,1631.0000,57.81903,115.63805,tailpipe,JSON,
flow,1632.0000,57.81903,115.63805,tailpipe,JSON,
flow,1633.0000,57.81903,115.63805,tailpipe,JSON,
flow,1634.0000,57.81903,115.63805,tailpipe,JSON,
flow,1635.0000,57.81903,115.63805,tailpipe,JSON,
flow,1636.0000,57.81903,115.63805,tailpipe,JSON,
flow,1637.0000,57.81903,115.63805,tailpipe,JSON,
flow,1638.0000,57.81903,115.63805,tailpipe,JSON,
flow,1639.0000,57.81903,115.63805,tailpipe,JSON,
flow,1640.0000,57.81903,115.63805,tailpipe,JSON,
flow,1641.0000,57.81903,115.63805,tailpipe,JSON,
flow,1642.0000,57.81903,115.63805,tailpipe,JSON,
flow,1643.0000,57.81903,115.63805,tailpipe,JSON,
flow,1644.0000,57.81903,115.63805,tailpipe,JSON,
flow,1645.0000,57.81903,115.63805,tailpipe,JSON,
flow,1646.0000,57.81903,115.63805,tailpipe,JSON,
flow,1647.0000,57.81903,115.63805,tailpipe,JSON,
flow,1648.0000,57.81903,115.63805,tailpipe,JSON,
flow,1649.0000,57.81903,115.63805,tailpipe,JSON,
flow,1650.0000,57.81903,115.63805,tailpipe,JSON,
flow,1651.0000,57.81903,115.63805,tailpipe,JSON,
flow,1652.0000,57.81903,115.63805,tailpipe,JSON,
flow,1653.0000,57.81903,115.63805,tailpipe,JSON,
flow,1654.0000,57.81903,115.63805,tailpipe,JSON,
flow,1655.0000,57.81903,115.63805,tailpipe,JSON,
flow,1656.0000,57.81903,115.63805,tailpipe,JSON,
flow,1657.0000,57.81903,115.63805,tailpipe,JSON,
flow,1658.0000,57.81903,115.63805,tailpipe,JSON,
flow,1659.0000,57.81903,115.63805,tailpipe,JSON,
flow,1660.0000,57.81903,115.63805,tailpipe,JSON,
flow,1661.0000,57.81903,115.63805,tailpipe,JSON,
flow,1662.0000,57.81903,115.63805,tailpipe,JSON,
flow,1663.0000,57.81903,115.63805,tailpipe,JSON,
flow,1664.0000,57.81903,115.63805,tailpipe,JSON,
flow,1665.0000,57.81903,115.63805,tailpipe,JSON,
flow,1666.0000,57.81903,115.63805,tailpipe,JSON,
flow,1667.0000,57.81903,115.63805,tailpipe,JSON,
flow,1668.0000,57.81903,115.63805,tailpipe,JSON,
flow,1669.0000,57.81903,115.63805,tailpipe,JSON,
flow,1670.0000,57.81903,115.63805,tailpipe,JSON,
flow,1671.0000,57.81903,115.63805,tailpipe,JSON,
flow,1672.0000,57.81903,115.63805,tailpipe,JSON,
flow,1673.0000,57.81903,115.63805,tailpipe,JSON,
flow,1674.0000,57.81903,115.63805,tailpipe,JSON,
flow,1675.0000,57.81903,115.63805,tailpipe,JSON,
flow,1676.0000,57.81903,115.63805,tailpipe,JSON,
flow,1677.0000,57.81903,115.63805,tailpipe,JSON,
flow,1678.0000,57.81903,115.63805,tailpipe,JSON,
flow,1679.0000,57.81903,115.63805,tailpipe,JSON,
flow,1680.0000,57.81903,115.63805,tailpipe,JSON,
flow,1681.0000,57.81903,115.63805,tailpipe,JSON,
flow,1682.0000,57.81903,115.63805,tailpipe,JSON,
flow,1683.0000,57.81903,115.63805,tailpipe,JSON,
flow,1684.0000,57.81903,115.63805,tailpipe,JSON,
flow,1685.0000,57.81903,115.63805,tailpipe,JSON,
flow,1686.0000,57.81903,115.63805,tailpipe,JSON,
flow,1687.0000,57.81903,115.63805,tailpipe,JSON,
flow,1688.0000,57.81903,115.63805,tailpipe,JSON,
flow,1689.0000,57.81903,115.63805,tailpipe,JSON,
flow,1690.0000,57.81903,115.63805,tailpipe,JSON,
flow,1691.0000,57.81903,115.63805,tailpipe,JSON,
flow,1692.0000,57.81903,115.63805,tailpipe,JSON,
flow,1693.0000,57.81903,115.63805,tailpipe,JSON,
flow,1694.0000,57.81903,115.63805,tailpipe,JSON,
flow,1695.0000,57.81903,115.63805,tailpipe,JSON,
flow,1696.0000,57.81903,115.63805,tailpipe,JSON,
flow,1697.0000,57.81903,115.63805,tailpipe,JSON,
flow,1698.0000,57.81903,115.63805,tailpipe,JSON,
flow,1699.0000,57.81903,115.63805,tailpipe,JSON,
flow,1700.0000,57.81903,115.63805,tailpipe,JSON,
flow,1701.0000,57.81903,115.63805,tailpipe,JSON,
flow,1702.0000,57.81903,115.63805,tailpipe,JSON,
flow,1703.0000,57.81903,115.63805,tailpipe,JSON,
flow,1704.0000,57.81903,115.63805,tailpipe,JSON,
flow,1705.0000,57.81903,115.63805,tailpipe,JSON,
flow,1706.0000,57.81903,115.63805,tailpipe,JSON,
flow,1707.0000,57.81903,115.63805,tailpipe,JSON,
flow,1708.0000,57.81903,115.63805,tailpipe,JSON,
flow,1709.0000,57.81903,115.63805,tailpipe,JSON,
flow,1710.0000,57.81903,115.63805,tailpipe,JSON,
flow,1711.0000,57.81903,115.63805,tailpipe,JSON,
flow,1712.0000,57.81903,115.63805,tailpipe,JSON,
flow,1713.0000,57.81903,115.63805,tailpipe,JSON,
flow,1714.0000,57.81903,115.63805,tailpipe,JSON,
flow,1715.0000,57.81903,115.63805,tailpipe,JSON,
flow,1716.0000,57.81903,115.63805,tailpipe,JSON,
flow,1717.0000,57.81903,115.63805,tailpipe,JSON,
flow,1718.0000,57.81903,115.63805,tailpipe,JSON,
flow,1719.0000,57.81903,115.63805,tailpipe,JSON,
flow,1720.0000,57.81903,115.63805,tailpipe,JSON,
flow,1721.0000,57.81903,115.63805,tailpipe,JSON,
flow,1722.0000,57.81903,115.63805,tailpipe,JSON,
flow,1723.0000,57.81903,115.63805,tailpipe,JSON,
flow,1724.0000,57.81903,115.63805,tailpipe,JSON,
flow,1725.0000,57.81903,115.63805,tailpipe,JSON,
flow,1726.0000,57.81903,115.63805,tailpipe,JSON,
flow,1727.0000,57.81903,115.63805,tailpipe,JSON,
flow,1728.0000,57.81903,115.63805,tailpipe,JSON,
flow,1729.0000,57.81903,115.63805,tailpipe,JSON,
flow,1730.0000,57.81903,115.63805,tailpipe,JSON,
flow,1731.0000,57.81903,115.63805,tailpipe,JSON,
flow,1732.0000,57.81903,115.63805,tailpipe,JSON,
flow,1733.0000,57.81903,115.63805,tailpipe,JSON,
flow,1734.0000,57.81903,115.63805,tailpipe,JSON,
flow,1735.0000,57.81903,115.63805,tailpipe,JSON,
flow,1736.0000,57.81903,115.63805,tailpipe,JSON,
flow,1737.0000,57.81903,115.63805,tailpipe,JSON,
flow,1738.0000,57.81903,115.63805,tailpipe,JSON,
flow,1739.0000,57.81903,115.63805,tailpipe,JSON,
flow,1740.0000,57.81903,115.63805,tailpipe,JSON,
flow,1741.0000,57.81903,115.63805,tailpipe,JSON,
flow,1742.0000,57.81903,115.63805,tailpipe,JSON,
flow,1743.0000,57.81903,115.63805,tailpipe,JSON,
flow,1744.0000,57.81903,115.63805,tailpipe,JSON,
flow,1745.0000,57.81903,115.63805,tailpipe,JSON,
flow,1746.0000,57.81903,115.63805,tailpipe,JSON,
flow,1747.0000,57.81903,115.63805,tailpipe,JSON,
flow,1748.0000,57.81903,115.63805,tailpipe,JSON,
flow,1749.0000,57.81903,115.63805,tailpipe,JSON,
flow,1750.0000,57.81903,115.63805,tailpipe,JSON,
flow,1751.0000,57.81903,115.63805,tailpipe,JSON,
flow,1752.0000,57.81903,115.63805,tailpipe,JSON,
flow,1753.0000,57.81903,115.63805,tailpipe,JSON,
flow,1754.0000,57.81903,115.63805,tailpipe,JSON,
flow,1755.0000,57.81903,115.63805,tailpipe,JSON,
flow,1756.0000,57.81903,115.63805,tailpipe,JSON,
flow,1757.0000,57.81903,115.63805,tailpipe,JSON,
flow,1758.0000,57.81903,115.63805,tailpipe,JSON,
flow,1759.0000,57.81903,115.63805,tailpipe,JSON,
flow,1760.0000,57.81903,115.63805,tailpipe,JSON,
flow,1761.0000,57.81903,115.63805,tailpipe,JSON,
flow,1762.0000,57.81903,115.63805,tailpipe,JSON,
flow,1763.0000,57.81903,115.63805,tailpipe,JSON,
flow,1764.0000,57.81903,115.63805,tailpipe,JSON,
flow,1765.0000,57.81903,115.63805,tailpipe,JSON,
flow,1766.0000,57.81903,115.63805,tailpipe,JSON,
flow,1767.0000,57.81903,115.63805,tailpipe,JSON,
flow,1768.0000,57.81903,115.63805,tailpipe,JSON,
flow,1769.0000,57.81903,115.63805,tailpipe,JSON,
flow,1770.0000,57.81903,115.63805,tailpipe,JSON,
flow,1771.0000,57.81903,115.63805,tailpipe,JSON,
flow,1772.0000,57.81903,115.63805,tailpipe,JSON,
flow,1773.0000,57.81903,115.63805,tailpipe,JSON,
flow,1774.0000,57.81903,115.63805,tailpipe,JSON,
flow,1775.0000,57.81903,115.63805,tailpipe,JSON,
flow,1776.0000,57.81903,115.63805,tailpipe,JSON,
flow,1777.0000,57.81903,115.63805,tailpipe,JSON,
flow,1778.0000,57.81903,115.63805,tailpipe,JSON,
flow,1779.0000,57.81903,115.63805,tailpipe,JSON,
flow,1780.0000,57.81903,115.63805,tailpipe,JSON,
flow,1781.0000,57.81903,115.63805,tailpipe,JSON,
flow,1782.0000,57.81903,115.63805,tailpipe,JSON,
flow,1783.0000,57.81903,115.63805,tailpipe,JSON,
flow,1784.0000,57.81903,115.63805,tailpipe,JSON,
flow,1785.0000,57.81903,115.63805,tailpipe,JSON,
flow,1786.0000,57.81903,115.63805,tailpipe,JSON,
flow,1787.0000,57.81903,115.63805,tailpipe,JSON,
flow,1788.0000,57.81903,115.63805,tailpipe,JSON,
flow,1789.0000,57.81903,115.63805,tailpipe,JSON,
flow,1790.0000,57.81903,115.63805,tailpipe,JSON,
flow,1791.0000,57.81903,115.63805,tailpipe,JSON,
flow,1792.0000,57.81903,115.63805,tailpipe,JSON,
flow,1793.0000,57.81903,115.63805,tailpipe,JSON,
flow,1794.0000,57.81903,115.63805,tailpipe,JSON,
flow,1795.0000,57.81903,115.63805,tailpipe,JSON,
flow,1796.0000,57.81903,115.63805,tailpipe,JSON,
flow,1797.0000,57.81903,115.63805,tailpipe,JSON,
flow,1798.0000,57.81903,115.63805,tailpipe,JSON,
flow,1799.0000,57.81903,115.63805,tailpipe,JSON,
flow,1800.0000,57.81903,115.63805,tailpipe,JSON,
flow,1801.0000,57.81903,115.63805,tailpipe,JSON,
flow,1802.0000,57.81903,115.63805,tailpipe,JSON,
flow,1803.0000,57.81903,115.63805,tailpipe,JSON,
flow,1804.0000,57.81903,115.63805,tailpipe,JSON,
flow,1805.0000,57.81903,115.63805,tailpipe,JSON,
flow,1806.0000,57.81903,115.63805,tailpipe,JSON,
flow,1807.0000,57.81903,115.63805,tailpipe,JSON,
flow,1808.0000,57.81903,115.63805,tailpipe,JSON,
flow,1809.0000,57.81903,115.63805,tailpipe,JSON,
flow,1810.0000,57.81903,115.63805,tailpipe,JSON,
flow,1811.0000,57.81903,115.63805,tailpipe,JSON,
flow,1812.0000,57.81903,115.63805,tailpipe,JSON,
flow,1813.0000,57.81903,115.63805,tailpipe,JSON,
flow,1814.0000,57.81903,115.63805,tailpipe,JSON,
flow,1815.0000,57.81903,115.63805,tailpipe,JSON,
flow,1816.0000,57.81903,115.63805,tailpipe,JSON,
flow,1817.0000,57.81903,115.63805,tailpipe,JSON,
flow,1818.0000,57.81903,115.63805,tailpipe,JSON,
flow,1819.0000,57.81903,115.63805,tailpipe,JSON,
flow,1820.0000,57.81903,115.63805,tailpipe,JSON,
flow,1821.0000,57.81903,115.63805,tailpipe,JSON,
flow,1822.0000,57.81903,115.63805,tailpipe,JSON,
flow,1823.0000,57.81903,115.63805,tailpipe,JSON,
flow,1824.0000,57.81903,115.63805,tailpipe,JSON,
flow,1825.0000,57.81903,115.63805,tailpipe,JSON,
flow,1826.0000,57.81903,115.63805,tailpipe,JSON,
flow,1827.0000,57.81903,115.63805,tailpipe,JSON,
flow,1828.0000,57.81903,115.63805,tailpipe,JSON,
flow,1829.0000,57.81903,115.63805,tailpipe,JSON,
flow,1830.0000,57.81903,115.63805,tailpipe,JSON,
flow,1831.0000,57.81903,115.63805,tailpipe,JSON,
flow,1832.0000,57.81903,115.63805,tailpipe,JSON,
flow,1833.0000,57.81903,115.63805,tailpipe,JSON,
flow,1834.0000,57.81903,115.63805,tailpipe,JSON,
flow,1835.0000,57.81903,115.63805,tailpipe,JSON,
flow,1836.0000,57.81903,115.63805,tailpipe,JSON,
flow,1837.0000,57.81903,115.63805,tailpipe,JSON,
flow,1838.0000,57.81903,115.63805,tailpipe,JSON,
flow,1839.0000,57.81903,115.63805,tailpipe,JSON,
flow,1840.0000,57.81903,115.63805,tailpipe,JSON,
flow,1841.0000,57.81903,115.63805,tailpipe,JSON,
flow,1842.0000,57.81903,115.63805,tailpipe,JSON,
flow,1843.0000,57.81903,115.63805,tailpipe,JSON,
flow,1844.0000,57.81903,115.63805,tailpipe,JSON,
flow,1845.0000,57.81903,115.63805,tailpipe,JSON,
flow,1846.0000,57.81903,115.63805,tailpipe,JSON,
flow,1847.0000,57.81903,115.63805,tailpipe,JSON,
flow,1848.0000,57.81903,115.63805,tailpipe,JSON,
flow,1849.0000,57.81903,115.63805,tailpipe,JSON,
flow,1850.0000,57.81903,115.63805,tailpipe,JSON,
flow,1851.0000,57.81903,115.63805,tailpipe,JSON,
flow,1852.0000,57.81903,115.63805,tailpipe,JSON,
flow,1853.0000,57.81903,115.63805,tailpipe,JSON,
flow,1854.0000,57.81903,115.63805,tailpipe,JSON,
flow,1855.0000,57.81903,115.63805,tailpipe,JSON,
flow,1856.0000,57.81903,115.63805,tailpipe,JSON,
flow,1857.0000,57.81903,115.63805,tailpipe,JSON,
flow,1858.0000,57.81903,115.63805,tailpipe,JSON,
flow,1859.0000,57.81903,115.63805,tailpipe,JSON,
flow,1860.0000,57.81903,115.63805,tailpipe,JSON,
flow,1861.0000,57.81903,115.63805,tailpipe,JSON,
flow,1862.0000,57.81903,115.63805,tailpipe,JSON,
flow,1863.0000,57.81903,115.63805,tailpipe,JSON,
flow,1864.0000,57.81903,115.63805,tailpipe,JSON,
flow,1865.0000,57.81903,115.63805,tailpipe,JSON,
flow,1866.0000,57.81903,115.63805,tailpipe,JSON,
flow,1867.0000,57.81903,115.63805,tailpipe,JSON,
flow,1868.0000,57.81903,115.63805,tailpipe,JSON,
flow,1869.0000,57.81903,115.63805,tailpipe,JSON,
flow,1870.0000,57.81903,115.63805,tailpipe,JSON,
flow,1871.0000,57.81903,115.63805,tailpipe,JSON,
flow,1872.0000,57.81903,115.63805,tailpipe,JSON,
flow,1873.0000,57.81903,115.63805,tailpipe,JSON,
flow,1874.0000,57.81903,115.63805,tailpipe,JSON,
flow,1875.0000,57.81903,115.63805,tailpipe,JSON,
flow,1876.0000,57.81903,115.63805,tailpipe,JSON,
flow,1877.0000,57.81903,115.63805,tailpipe,JSON,
flow,1878.0000,57.81903,115.63805,tailpipe,JSON,
flow,1879.0000,57.81903,115.63805,tailpipe,JSON,
flow,1880.0000,57.81903,115.63805,tailpipe,JSON,
flow,1881.0000,57.81903,115.63805,tailpipe,JSON,
flow,1882.0000,57.81903,115.63805,tailpipe,JSON,
flow,1883.0000,57.81903,115.63805,tailpipe,JSON,
flow,1884.0000,57.81903,115.63805,tailpipe,JSON,
flow,1885.0000,57.81903,115.63805,tailpipe,JSON,
flow,1886.0000,57.81903,115.63805,tailpipe,JSON,
flow,1887.0000,57.81903,115.63805,tailpipe,JSON,
flow,1888.0000,57.81903,115.63805,tailpipe,JSON,
flow,1889.0000,57.81903,115.63805,tailpipe,JSON,
flow,1890.0000,57.81903,115.63805,tailpipe,JSON,
flow,1891.0000,57.81903,115.63805,tailpipe,JSON,
flow,1892.0000,57.81903,115.63805,tailpipe,JSON,
flow,1893.0000,57.81903,115.63805,tailpipe,JSON,
flow,1894.0000,57.81903,115.63805,tailpipe,JSON,
flow,1895.0000,57.81903,115.63805,tailpipe,JSON,
flow,1896.0000,57.81903,115.63805,tailpipe,JSON,
flow,1897.0000,57.81903,115.63805,tailpipe,JSON,
flow,1898.0000,57.81903,115.63805,tailpipe,JSON,
flow,1899.0000,57.81903,115.63805,tailpipe,JSON,
flow,1900.0000,57.81903,115.63805,tailpipe,JSON,
flow,1901.0000,57.81903,115.63805,tailpipe,JSON,
flow,1902.0000,57.81903,115.63805,tailpipe,JSON,
flow,1903.0000,57.81903,115.63805,tailpipe,JSON,
flow,1904.0000,57.81903,115.63805,tailpipe,JSON,
flow,1905.0000,57.81903,115.63805,tailpipe,JSON,
flow,1906.0000,57.81903,115.63805,tailpipe,JSON,
flow,1907.0000,57.81903,115.63805,tailpipe,JSON,
flow,1908.0000,57.81903,115.63805,tailpipe,JSON,
flow,1909.0000,57.81903,115.63805,tailpipe,JSON,
flow,1910.0000,57.81903,115.63805,tailpipe,JSON,
flow,1911.0000,57.81903,115.63805,tailpipe,JSON,
flow,1912.0000,57.81903,115.63805,tailpipe,JSON,
flow,1913.0000,57.81903,115.63805,tailpipe,JSON,
flow,1914.0000,57.81903,115.63805,tailpipe,JSON,
flow,1915.0000,57.81903,115.63805,tailpipe,JSON,
flow,1916.0000,57.81903,115.63805,tailpipe,JSON,
flow,1917.0000,57.81903,115.63805,tailpipe,JSON,
flow,1918.0000,57.81903,115.63805,tailpipe,JSON,
flow,1919.0000,57.81903,115.63805,tailpipe,JSON,
flow,1920.0000,57.81903,115.63805,tailpipe,JSON,
flow,1921.0000,57.81903,115.63805,tailpipe,JSON,
flow,1922.0000,57.81903,115.63805,tailpipe,JSON,
flow,1923.0000,57.81903,115.63805,tailpipe,JSON,
flow,1924.0000,57.81903,115.63805,tailpipe,JSON,
flow,1925.0000,57.81903,115.63805,tailpipe,JSON,
flow,1926.0000,57.81903,115.63805,tailpipe,JSON,
flow,1927.0000,57.81903,115.63805,tailpipe,JSON,
flow,1928.0000,57.81903,115.63805,tailpipe,JSON,
flow,1929.0000,57.81903,115.63805,tailpipe,JSON,
flow,1930.0000,57.81903,115.63805,tailpipe,JSON,
flow,1931.0000,57.81903,115.63805,tailpipe,JSON,
flow,1932.0000,57.81903,115.63805,tailpipe,JSON,
flow,1933.0000,57.81903,115.63805,tailpipe,JSON,
flow,1934.0000,57.81903,115.63805,tailpipe,JSON,
flow,1935.0000,57.81903,115.63805,tailpipe,JSON,
flow,1936.0000,57.81903,115.63805,tailpipe,JSON,
flow,1937.0000,57.81903,115.63805,tailpipe,JSON,
flow,1938.0000,57.81903,115.63805,tailpipe,JSON,
flow,1939.0000,57.81903,115.63805,tailpipe,JSON,
flow,1940.0000,57.81903,115.63805,tailpipe,JSON,
flow,1941.0000,57.81903,115.63805,tailpipe,JSON,
flow,1942.0000,57.81903,115.63805,tailpipe,JSON,
flow,1943.0000,57.81903,115.63805,tailpipe,JSON,
flow,1944.0000,57.81903,115.63805,tailpipe,JSON,
flow,1945.0000,57.81903,115.63805,tailpipe,JSON,
flow,1946.0000,57.81903,115.63805,tailpipe,JSON,
flow,1947.0000,57.81903,115.63805,tailpipe,JSON,
flow,1948.0000,57.81903,115.63805,tailpipe,JSON,
flow,1949.0000,57.81903,115.63805,tailpipe,JSON,
flow,1950.0000,57.81903,115.63805,tailpipe,JSON,
flow,1951.0000,57.81903,115.63805,tailpipe,JSON,
flow,1952.0000,57.81903,115.63805,tailpipe,JSON,
flow,1953.0000,57.81903,115.63805,tailpipe,JSON,
flow,1954.0000,57.81903,115.63805,tailpipe,JSON,
flow,1955.0000,57.81903,115.63805,tailpipe,JSON,
flow,1956.0000,57.81903,115.63805,tailpipe,JSON,
flow,1957.0000,57.81903,115.63805,tailpipe,JSON,
flow,1958.0000,57.81903,115.63805,tailpipe,JSON,
flow,1959.0000,57.81903,115.63805,tailpipe,JSON,
flow,1960.0000,57.81903,115.63805,tailpipe,JSON,
flow,1961.0000,57.81903,115.63805,tailpipe,JSON,
flow,1962.0000,57.81903,115.63805,tailpipe,JSON,
flow,1963.0000,57.81903,115.63805,tailpipe,JSON,
flow,1964.0000,57.81903,115.63805,tailpipe,JSON,
flow,1965.0000,57.81903,115.63805,tailpipe,JSON,
flow,1966.0000,57.81903,115.63805,tailpipe,JSON,
flow,1967.0000,57.81903,115.63805,tailpipe,JSON,
flow,1968.0000,57.81903,115.63805,tailpipe,JSON,
flow,1969.0000,57.81903,115.63805,tailpipe,JSON,
flow,1970.0000,57.81903,115.63805,tailpipe,JSON,
flow,1971.0000,57.81903,115.63805,tailpipe,JSON,
flow,1972.0000,57.81903,115.63805,tailpipe,JSON,
flow,1973.0000,57.81903,115.63805,tailpipe,JSON,
flow,1974.0000,57.81903,115.63805,tailpipe,JSON,
flow,1975.0000,57.81903,115.63805,tailpipe,JSON,
flow,1976.0000,57.81903,115.63805,tailpipe,JSON,
flow,1977.0000,57.81903,115.63805,tailpipe,JSON,
flow,1978.0000,57.81903,115.63805,tailpipe,JSON,
flow,1979.0000,57.81903,115.63805,tailpipe,JSON,
flow,1980.0000,57.81903,115.63805,tailpipe,JSON,
flow,1981.0000,57.81903,115.63805,tailpipe,JSON,
flow,1982.0000,57.81903,115.63805,tailpipe,JSON,
flow,1983.0000,57.81903,115.63805,tailpipe,JSON,
flow,1984.0000,57.81903,115.63805,tailpipe,JSON,
flow,1985.0000,57.81903,115.63805,tailpipe,JSON,
flow,1986.0000,57.81903,115.63805,tailpipe,JSON,
flow,1987.0000,57.81903,115.63805,tailpipe,JSON,
flow,1988.0000,57.81903,115.63805,tailpipe,JSON,
flow,1989.0000,57.81903,115.63805,tailpipe,JSON,
flow,1990.0000,57.81903,115.63805,tailpipe,JSON,
flow,1991.0000,57.81903,115.63805,tailpipe,JSON,
flow,1992.0000,57.81903,115.63805,tailpipe,JSON,
flow,1993.0000,57.81903,115.63805,tailpipe,JSON,
flow,1994.0000,57.81903,115.63805,tailpipe,JSON,
flow,1995.0000,57.81903,115.63805,tailpipe,JSON,
flow,1996.0000,57.81903,115.63805,tailpipe,JSON,
flow,1997.0000,57.81903,115.63805,tailpipe,JSON,
flow,1998.0000,57.81903,115.63805,tailpipe,JSON,
flow,1999.0000,57.81903,115.63805,tailpipe,JSON,
flow,2000.0000,57.81903,115.63805,tailpipe,JSON,
flow,2001.0000,57.81903,115.63805,tailpipe,JSON,
flow,2002.0000,57.81903,115.63805,tailpipe,JSON,
flow,2003.0000,57.81903,115.63805,tailpipe,JSON,
flow,2004.0000,57.81903,115.63805,tailpipe,JSON,
flow,2005.0000,57.81903,115.63805,tailpipe,JSON,
flow,2006.0000,57.81903,115.63805,tailpipe,JSON,
flow,2007.0000,57.81903,115.63805,tailpipe,JSON,
flow,2008.0000,57.81903,115.63805,tailpipe,JSON,
flow,2009.0000,57.81903,115.63805,tailpipe,JSON,
flow,2010.0000,57.81903,115.63805,tailpipe,JSON,
flow,2011.0000,57.81903,115.63805,tailpipe,JSON,
flow,2012.0000,57.81903,115.63805,tailpipe,JSON,
flow,2013.0000,57.81903,115.63805,tailpipe,JSON,
flow,2014.0000,57.81903,115.63805,tailpipe,JSON,
flow,2015.0000,57.81903,115.63805,tailpipe,JSON,
flow,2016.0000,57.81903,115.63805,tailpipe,JSON,
flow,2017.0000,57.81903,115.63805,tailpipe,JSON,
flow,2018.0000,57.81903,115.63805,tailpipe,JSON,
flow,2019.0000,57.81903,115.63805,tailpipe,JSON,
flow,2020.0000,57.81903,115.63805,tailpipe,JSON,
flow,2021.0000,57.81903,115.63805,tailpipe,JSON,
flow,2022.0000,57.81903,115.63805,tailpipe,JSON,
flow,2023.0000,57.81903,115.63805,tailpipe,JSON,
flow,2024.0000,57.81903,115.63805,tailpipe,JSON,
flow,2025.0000,57.81903,115.63805,tailpipe,JSON,
flow,2026.0000,57.81903,115.63805,tailpipe,JSON,
flow,2027.0000,57.81903,115.63805,tailpipe,JSON,
flow,2028.0000,57.81903,115.63805,tailpipe,JSON,
flow,2029.0000,57.81903,115.63805,tailpipe,JSON,
flow,2030.0000,57.81903,115.63805,tailpipe,JSON,
flow,2031.0000,57.81903,115.63805,tailpipe,JSON,
flow,2032.0000,57.81903,115.63805,tailpipe,JSON,
flow,2033.0000,57.81903,115.63805,tailpipe,JSON,
flow,2034.0000,57.81903,115.63805,tailpipe,JSON,
flow,2035.0000,57.81903,115.63805,tailpipe,JSON,
flow,2036.0000,57.81903,115.63805,tailpipe,JSON,
flow,2037.0000,57.81903,115.63805,tailpipe,JSON,
flow,2038.0000,57.81903,115.63805,tailpipe,JSON,
flow,2039.0000,57.81903,115.63805,tailpipe,JSON,
flow,2040.0000,57.81903,115.63805,tailpipe,JSON,
flow,2041.0000,57.81903,115.63805,tailpipe,JSON,
flow,2042.0000,57.81903,115.63805,tailpipe,JSON,
flow,2043.0000,57.81903,115.63805,tailpipe,JSON,
flow,2044.0000,57.81903,115.63805,tailpipe,JSON,
flow,2045.0000,57.81903,115.63805,tailpipe,JSON,
flow,2046.0000,57.81903,115.63805,tailpipe,JSON,
flow,2047.0000,57.81903,115.63805,tailpipe,JSON,
flow,2048.0000,57.81903,115.63805,tailpipe,JSON,
flow,2049.0000,57.81903,115.63805,tailpipe,JSON,
flow,2050.0000,57.81903,115.63805,tailpipe,JSON,
flow,2051.0000,57.81903,115.63805,tailpipe,JSON,
flow,2052.0000,57.81903,115.63805,tailpipe,JSON,
flow,2053.0000,57.81903,115.63805,tailpipe,JSON,
flow,2054.0000,57.81903,115.63805,tailpipe,JSON,
flow,2055.0000,57.81903,115.63805,tailpipe,JSON,
flow,2056.0000,57.81903,115.63805,tailpipe,JSON,
flow,2057.0000,57.81903,115.63805,tailpipe,JSON,
flow,2058.0000,57.81903,115.63805,tailpipe,JSON,
flow,2059.0000,57.81903,115.63805,tailpipe,JSON,
flow,2059.6073,57.81903,115.63805,tailpipe,JSON,tailpipe_end
flow,2060.0000,57.81903,115.63805,tailpipe,JSON,
flow,2061.0000,57.81903,115.63805,tailpipe,JSON,
flow,2062.0000,57.81903,115.63805,tailpipe,JSON,
flow,2063.0000,57.81903,115.63805,tailpipe,JSON,
flow,2064.0000,57.81903,115.63805,tailpipe,JSON,
flow,2065.0000,57.81903,115.63805,tailpipe,JSON,
flow,2066.0000,57.81903,115.63805,tailpipe,JSON,
flow,2067.0000,57.81903,115.63805,tailpipe,JSON,
flow,2068.0000,57.81903,115.63805,tailpipe,JSON,
flow,2069.0000,57.81903,115.63805,tailpipe,JSON,
flow,2070.0000,57.81903,115.63805,tailpipe,JSON,
flow,2071.0000,57.81903,115.63805,tailpipe,JSON,
flow,2072.0000,57.81903,115.63805,tailpipe,JSON,
flow,2073.0000,57.81903,115.63805,tailpipe,JSON,
flow,2074.0000,57.81903,115.63805,tailpipe,JSON,
flow,2075.0000,57.81903,115.63805,tailpipe,JSON,
flow,2076.0000,57.81903,115.63805,tailpipe,JSON,
flow,2077.0000,57.81903,115.63805,tailpipe,JSON,
flow,2078.0000,57.81903,115.63805,tailpipe,JSON,
flow,2079.0000,57.81903,115.63805,tailpipe,JSON,
flow,2080.0000,57.81903,115.63805,tailpipe,JSON,
flow,2081.0000,57.81903,115.63805,tailpipe,JSON,
flow,2082.0000,57.81903,115.63805,tailpipe,JSON,
flow,2083.0000,57.81903,115.63805,tailpipe,JSON,
flow,2084.0000,57.81903,115.63805,tailpipe,JSON,
flow,2085.0000,57.81903,115.63805,tailpipe,JSON,
flow,2086.0000,57.81903,115.63805,tailpipe,JSON,
flow,2087.0000,57.81903,115.63805,tailpipe,JSON,
flow,2088.0000,57.81903,115.63805,tailpipe,JSON,
flow,2089.0000,57.81903,115.63805,tailpipe,JSON,
flow,2090.0000,57.81903,115.63805,tailpipe,JSON,
flow,2091.0000,57.81903,115.63805,tailpipe,JSON,
flow,2092.0000,57.81903,115.63805,tailpipe,JSON,
flow,2093.0000,57.81903,115.63805,tailpipe,JSON,
flow,2094.0000,57.81903,115.63805,tailpipe,JSON,
flow,2095.0000,57.81903,115.63805,tailpipe,JSON,
flow,2096.0000,57.81903,115.63805,tailpipe,JSON,
flow,2097.0000,57.81903,115.63805,tailpipe,JSON,
flow,2098.0000,57.81903,115.63805,tailpipe,JSON,
flow,2099.0000,57.81903,115.63805,tailpipe,JSON,
flow,2100.0000,57.81903,115.63805,tailpipe,JSON,
flow,2101.0000,57.81903,115.63805,tailpipe,JSON,
flow,2102.0000,57.81903,115.63805,tailpipe,JSON,
flow,2103.0000,57.81903,115.63805,tailpipe,JSON,
flow,2104.0000,57.81903,115.63805,tailpipe,JSON,
flow,2105.0000,57.81903,115.63805,tailpipe,JSON,
flow,2106.0000,57.81903,115.63805,tailpipe,JSON,
flow,2107.0000,57.81903,115.63805,tailpipe,JSON,
flow,2108.0000,57.81903,115.63805,tailpipe,JSON,
flow,2109.0000,57.81903,115.63805,tailpipe,JSON,
flow,2110.0000,57.81903,115.63805,tailpipe,JSON,
flow,2111.0000,57.81903,115.63805,tailpipe,JSON,
flow,2112.0000,57.81903,115.63805,tailpipe,JSON,
flow,2113.0000,57.81903,115.63805,tailpipe,JSON,
flow,2114.0000,57.81903,115.63805,tailpipe,JSON,
flow,2115.0000,57.81903,115.63805,tailpipe,JSON,
flow,2116.0000,57.81903,115.63805,tailpipe,JSON,
flow,2117.0000,57.81903,115.63805,tailpipe,JSON,
flow,2118.0000,57.81903,115.63805,tailpipe,JSON,
flow,2119.0000,57.81903,115.63805,tailpipe,JSON,
flow,2120.0000,57.81903,115.63805,tailpipe,JSON,
flow,2121.0000,57.81903,115.63805,tailpipe,JSON,
flow,2122.0000,57.81903,115.63805,tailpipe,JSON,
flow,2123.0000,57.81903,115.63805,tailpipe,JSON,
flow,2124.0000,57.81903,115.63805,tailpipe,JSON,
flow,2125.0000,57.81903,115.63805,tailpipe,JSON,
flow,2126.0000,57.81903,115.63805,tailpipe,JSON,
flow,2127.0000,57.81903,115.63805,tailpipe,JSON,
flow,2128.0000,57.81903,115.63805,tailpipe,JSON,
flow,2129.0000,57.81903,115.63805,tailpipe,JSON,
flow,2130.0000,57.81903,115.63805,tailpipe,JSON,
flow,2131.0000,57.81903,115.63805,tailpipe,JSON,
flow,2132.0000,57.81903,115.63805,tailpipe,JSON,
flow,2133.0000,57.81903,115.63805,tailpipe,JSON,
flow,2134.0000,57.81903,115.63805,tailpipe,JSON,
flow,2135.0000,57.81903,115.63805,tailpipe,JSON,
flow,2136.0000,57.81903,115.63805,tailpipe,JSON,
flow,2137.0000,57.81903,115.63805,tailpipe,JSON,
flow,2138.0000,57.81903,115.63805,tailpipe,JSON,
flow,2139.0000,57.81903,115.63805,tailpipe,JSON,
flow,2140.0000,57.81903,115.63805,tailpipe,JSON,
flow,2141.0000,57.81903,115.63805,tailpipe,JSON,
flow,2142.0000,57.81903,115.63805,tailpipe,JSON,
flow,2143.0000,57.81903,115.63805,tailpipe,JSON,
flow,2144.0000,57.81903,115.63805,tailpipe,JSON,
flow,2145.0000,57.81903,115.63805,tailpipe,JSON,
flow,2146.0000,57.81903,115.63805,tailpipe,JSON,
flow,2147.0000,57.81903,115.63805,tailpipe,JSON,
flow,2148.0000,57.81903,115.63805,tailpipe,JSON,
flow,2149.0000,57.81903,115.63805,tailpipe,JSON,
flow,2150.0000,57.81903,115.63805,tailpipe,JSON,
flow,2151.0000,57.81903,115.63805,tailpipe,JSON,
flow,2152.0000,57.81903,115.63805,tailpipe,JSON,
flow,2153.0000,57.81903,115.63805,tailpipe,JSON,
flow,2154.0000,57.81903,115.63805,tailpipe,JSON,
flow,2155.0000,57.81903,115.63805,tailpipe,JSON,
flow,2156.0000,57.81903,115.63805,tailpipe,JSON,
flow,2157.0000,57.81903,115.63805,tailpipe,JSON,
flow,2158.0000,57.81903,115.63805,tailpipe,JSON,
flow,2159.0000,57.81903,115.63805,tailpipe,JSON,
flow,2160.0000,57.81903,115.63805,tailpipe,JSON,
flow,2161.0000,57.81903,115.63805,tailpipe,JSON,
flow,2162.0000,57.81903,115.63805,tailpipe,JSON,
flow,2163.0000,57.81903,115.63805,tailpipe,JSON,
flow,2164.0000,57.81903,115.63805,tailpipe,JSON,
flow,2165.0000,57.81903,115.63805,tailpipe,JSON,
flow,2166.0000,57.81903,115.63805,tailpipe,JSON,
flow,2167.0000,57.81903,115.63805,tailpipe,JSON,
flow,2168.0000,57.81903,115.63805,tailpipe,JSON,
flow,2169.0000,57.81903,115.63805,tailpipe,JSON,
flow,2170.0000,57.81903,115.63805,tailpipe,JSON,
flow,2171.0000,57.81903,115.63805,tailpipe,JSON,
flow,2172.0000,57.81903,115.63805,tailpipe,JSON,
flow,2173.0000,57.81903,115.63805,tailpipe,JSON,
flow,2174.0000,57.81903,115.63805,tailpipe,JSON,
flow,2175.0000,57.81903,115.63805,tailpipe,JSON,
flow,2176.0000,57.81903,115.63805,tailpipe,JSON,
flow,2177.0000,57.81903,115.63805,tailpipe,JSON,
flow,2178.0000,57.81903,115.63805,tailpipe,JSON,
flow,2179.0000,57.81903,115.63805,tailpipe,JSON,
flow,2180.0000,57.81903,115.63805,tailpipe,JSON,
flow,2181.0000,57.81903,115.63805,tailpipe,JSON,
flow,2182.0000,57.81903,115.63805,tailpipe,JSON,
flow,2183.0000,57.81903,115.63805,tailpipe,JSON,
flow,2184.0000,57.81903,115.63805,tailpipe,JSON,
flow,2185.0000,57.81903,115.63805,tailpipe,JSON,
flow,2186.0000,57.81903,115.63805,tailpipe,JSON,
flow,2187.0000,57.81903,115.63805,tailpipe,JSON,
flow,2188.0000,57.81903,115.63805,tailpipe,JSON,
flow,2189.0000,57.81903,115.63805,tailpipe,JSON,
flow,2190.0000,57.81903,115.63805,tailpipe,JSON,
flow,2191.0000,57.81903,115.63805,tailpipe,JSON,
flow,2192.0000,57.81903,115.63805,tailpipe,JSON,
flow,2193.0000,57.81903,115.63805,tailpipe,JSON,
flow,2194.0000,57.81903,115.63805,tailpipe,JSON,
flow,2195.0000,57.81903,115.63805,tailpipe,JSON,
flow,2196.0000,57.81903,115.63805,tailpipe,JSON,
flow,2197.0000,57.81903,115.63805,tailpipe,JSON,
flow,2198.0000,57.81903,115.63805,tailpipe,JSON,
flow,2199.0000,57.81903,115.63805,tailpipe,JSON,
flow,2200.0000,57.81903,115.63805,tailpipe,JSON,
flow,2201.0000,57.81903,115.63805,tailpipe,JSON,
flow,2202.0000,57.81903,115.63805,tailpipe,JSON,
flow,2203.0000,57.81903,115.63805,tailpipe,JSON,
flow,2204.0000,57.81903,115.63805,tailpipe,JSON,
flow,2205.0000,57.81903,115.63805,tailpipe,JSON,
flow,2206.0000,57.81903,115.63805,tailpipe,JSON,
flow,2207.0000,57.81903,115.63805,tailpipe,JSON,
flow,2208.0000,57.81903,115.63805,tailpipe,JSON,
flow,2209.0000,57.81903,115.63805,tailpipe,JSON,
flow,2210.0000,57.81903,115.63805,tailpipe,JSON,
flow,2211.0000,57.81903,115.63805,tailpipe,JSON,
flow,2212.0000,57.81903,115.63805,tailpipe,JSON,
flow,2213.0000,57.81903,115.63805,tailpipe,JSON,
flow,2214.0000,57.81903,115.63805,tailpipe,JSON,
flow,2215.0000,57.81903,115.63805,tailpipe,JSON,
flow,2216.0000,57.81903,115.63805,tailpipe,JSON,
flow,2217.0000,57.81903,115.63805,tailpipe,JSON,
flow,2218.0000,57.81903,115.63805,tailpipe,JSON,
flow,2219.0000,57.81903,115.63805,tailpipe,JSON,
flow,2220.0000,57.81903,115.63805,tailpipe,JSON,
flow,2221.0000,57.81903,115.63805,tailpipe,JSON,
flow,2222.0000,57.81903,115.63805,tailpipe,JSON,
flow,2223.0000,57.81903,115.63805,tailpipe,JSON,
flow,2224.0000,57.81903,115.63805,tailpipe,JSON,
flow,2225.0000,57.81903,115.63805,tailpipe,JSON,
flow,2226.0000,57.81903,115.63805,tailpipe,JSON,
flow,2227.0000,57.81903,115.63805,tailpipe,JSON,
flow,2228.0000,57.81903,115.63805,tailpipe,JSON,
flow,2229.0000,57.81903,115.63805,tailpipe,JSON,
flow,2230.0000,57.81903,115.63805,tailpipe,JSON,
flow,2231.0000,57.81903,115.63805,tailpipe,JSON,
flow,2232.0000,57.81903,115.63805,tailpipe,JSON,
flow,2233.0000,57.81903,115.63805,tailpipe,JSON,
flow,2234.0000,57.81903,115.63805,tailpipe,JSON,
flow,2235.0000,57.81903,115.63805,tailpipe,JSON,
flow,2236.0000,57.81903,115.63805,tailpipe,JSON,
flow,2237.0000,57.81903,115.63805,tailpipe,JSON,
flow,2238.0000,57.81903,115.63805,tailpipe,JSON,
flow,2239.0000,57.81903,115.63805,tailpipe,JSON,
flow,2240.0000,57.81903,115.63805,tailpipe,JSON,
flow,2241.0000,57.81903,115.63805,tailpipe,JSON,
flow,2242.0000,57.81903,115.63805,tailpipe,JSON,
flow,2243.0000,57.81903,115.63805,tailpipe,JSON,
flow,2244.0000,57.81903,115.63805,tailpipe,JSON,
flow,2245.0000,57.81903,115.63805,tailpipe,JSON,
flow,2246.0000,57.81903,115.63805,tailpipe,JSON,
flow,2247.0000,57.81903,115.63805,tailpipe,JSON,
flow,2248.0000,57.81903,115.63805,tailpipe,JSON,
flow,2249.0000,57.81903,115.63805,tailpipe,JSON,
flow,2250.0000,57.81903,115.63805,tailpipe,JSON,
flow,2251.0000,57.81903,115.63805,tailpipe,JSON,
flow,2252.0000,57.81903,115.63805,tailpipe,JSON,
flow,2253.0000,57.81903,115.63805,tailpipe,JSON,
flow,2254.0000,57.81903,115.63805,tailpipe,JSON,
flow,2255.0000,57.81903,115.63805,tailpipe,JSON,
flow,2256.0000,57.81903,115.63805,tailpipe,JSON,
flow,2257.0000,57.81903,115.63805,tailpipe,JSON,
flow,2258.0000,57.81903,115.63805,tailpipe,JSON,
flow,2259.0000,57.81903,115.63805,tailpipe,JSON,
flow,2260.0000,57.81903,115.63805,tailpipe,JSON,
flow,2261.0000,57.81903,115.63805,tailpipe,JSON,
flow,2262.0000,57.81903,115.63805,tailpipe,JSON,
flow,2263.0000,57.81903,115.63805,tailpipe,JSON,
flow,2263.0752,57.81903,115.63805,tailpipe,JSON,nozzle_throat
flow,2264.0000,58.06682,116.13365,divergent nozzle,ASSUMED,
flow,2265.0000,58.33477,116.66955,divergent nozzle,ASSUMED,
flow,2266.0000,58.60272,117.20545,divergent nozzle,ASSUMED,
flow,2267.0000,58.87067,117.74134,divergent nozzle,ASSUMED,
flow,2268.0000,59.13862,118.27724,divergent nozzle,ASSUMED,
flow,2269.0000,59.40657,118.81314,divergent nozzle,ASSUMED,
flow,2270.0000,59.67452,119.34904,divergent nozzle,ASSUMED,
flow,2271.0000,59.94247,119.88494,divergent nozzle,ASSUMED,
flow,2272.0000,60.21042,120.42084,divergent nozzle,ASSUMED,
flow,2273.0000,60.47837,120.95674,divergent nozzle,ASSUMED,
flow,2273.6073,60.64111,121.28221,divergent nozzle,ASSUMED,nozzle_exit
duct_od,428.0000,105.50000,211.00000,chamber liner OD,DERIVED,nose_fairing_end|chamber_start
duct_od,429.0000,105.50000,211.00000,chamber liner OD,DERIVED,
duct_od,430.0000,105.50000,211.00000,chamber liner OD,DERIVED,
duct_od,431.0000,105.50000,211.00000,chamber liner OD,DERIVED,
duct_od,432.0000,105.50000,211.00000,chamber liner OD,DERIVED,
duct_od,433.0000,105.50000,211.00000,chamber liner OD,DERIVED,
duct_od,434.0000,105.50000,211.00000,chamber liner OD,DERIVED,
duct_od,435.0000,105.50000,211.00000,chamber liner OD,DERIVED,
duct_od,436.0000,105.50000,211.00000,chamber liner OD,DERIVED,
duct_od,437.0000,105.50000,211.00000,chamber liner OD,DERIVED,
duct_od,438.0000,105.50000,211.00000,chamber liner OD,DERIVED,
duct_od,439.0000,105.50000,211.00000,chamber liner OD,DERIVED,
duct_od,440.0000,105.50000,211.00000,chamber liner OD,DERIVED,
duct_od,441.0000,105.50000,211.00000,chamber liner OD,DERIVED,
duct_od,442.0000,105.50000,211.00000,chamber liner OD,DERIVED,
duct_od,443.0000,105.50000,211.00000,chamber liner OD,DERIVED,
duct_od,444.0000,105.50000,211.00000,chamber liner OD,DERIVED,
duct_od,445.0000,105.50000,211.00000,chamber liner OD,DERIVED,
duct_od,446.0000,105.50000,211.00000,chamber liner OD,DERIVED,
duct_od,447.0000,105.50000,211.00000,chamber liner OD,DERIVED,
duct_od,448.0000,105.50000,211.00000,chamber liner OD,DERIVED,
duct_od,449.0000,105.50000,211.00000,chamber liner OD,DERIVED,
duct_od,450.0000,105.50000,211.00000,chamber liner OD,DERIVED,
duct_od,451.0000,105.50000,211.00000,chamber liner OD,DERIVED,
duct_od,452.0000,105.50000,211.00000,chamber liner OD,DERIVED,
duct_od,453.0000,105.50000,211.00000,chamber liner OD,DERIVED,
duct_od,454.0000,105.50000,211.00000,chamber liner OD,DERIVED,
duct_od,455.0000,105.50000,211.00000,chamber liner OD,DERIVED,
duct_od,456.0000,105.50000,211.00000,chamber liner OD,DERIVED,
duct_od,457.0000,105.50000,211.00000,chamber liner OD,DERIVED,
duct_od,458.0000,105.50000,211.00000,chamber liner OD,DERIVED,
duct_od,459.0000,105.50000,211.00000,chamber liner OD,DERIVED,
duct_od,460.0000,105.50000,211.00000,chamber liner OD,DERIVED,
duct_od,461.0000,105.50000,211.00000,chamber liner OD,DERIVED,
duct_od,462.0000,105.50000,211.00000,chamber liner OD,DERIVED,
duct_od,463.0000,105.50000,211.00000,chamber liner OD,DERIVED,
duct_od,464.0000,105.50000,211.00000,chamber liner OD,DERIVED,
duct_od,465.0000,105.50000,211.00000,chamber liner OD,DERIVED,
duct_od,466.0000,105.50000,211.00000,chamber liner OD,DERIVED,
duct_od,467.0000,105.50000,211.00000,chamber liner OD,DERIVED,
duct_od,468.0000,105.50000,211.00000,chamber liner OD,DERIVED,
duct_od,469.0000,105.50000,211.00000,chamber liner OD,DERIVED,
duct_od,470.0000,105.50000,211.00000,chamber liner OD,DERIVED,
duct_od,471.0000,105.50000,211.00000,chamber liner OD,DERIVED,
duct_od,472.0000,105.50000,211.00000,chamber liner OD,DERIVED,
duct_od,473.0000,105.50000,211.00000,chamber liner OD,DERIVED,
duct_od,474.0000,105.50000,211.00000,chamber liner OD,DERIVED,
duct_od,475.0000,105.50000,211.00000,chamber liner OD,DERIVED,
duct_od,476.0000,105.50000,211.00000,chamber liner OD,DERIVED,
duct_od,477.0000,105.50000,211.00000,chamber liner OD,DERIVED,
duct_od,478.0000,105.50000,211.00000,chamber liner OD,DERIVED,
duct_od,479.0000,105.50000,211.00000,chamber liner OD,DERIVED,
duct_od,480.0000,105.50000,211.00000,chamber liner OD,DERIVED,
duct_od,481.0000,105.50000,211.00000,chamber liner OD,DERIVED,
duct_od,482.0000,105.50000,211.00000,chamber liner OD,DERIVED,
duct_od,483.0000,105.50000,211.00000,chamber liner OD,DERIVED,
duct_od,484.0000,105.50000,211.00000,chamber liner OD,DERIVED,
duct_od,485.0000,105.50000,211.00000,chamber liner OD,DERIVED,
duct_od,486.0000,105.50000,211.00000,chamber liner OD,DERIVED,
duct_od,487.0000,105.50000,211.00000,chamber liner OD,DERIVED,
duct_od,488.0000,105.50000,211.00000,chamber liner OD,DERIVED,
duct_od,489.0000,105.50000,211.00000,chamber liner OD,DERIVED,
duct_od,490.0000,105.50000,211.00000,chamber liner OD,DERIVED,
duct_od,491.0000,105.50000,211.00000,chamber liner OD,DERIVED,
duct_od,492.0000,105.50000,211.00000,chamber liner OD,DERIVED,
duct_od,493.0000,105.50000,211.00000,chamber liner OD,DERIVED,
duct_od,494.0000,105.50000,211.00000,chamber liner OD,DERIVED,
duct_od,495.0000,105.50000,211.00000,chamber liner OD,DERIVED,
duct_od,496.0000,105.50000,211.00000,chamber liner OD,DERIVED,
duct_od,497.0000,105.50000,211.00000,chamber liner OD,DERIVED,
duct_od,498.0000,105.50000,211.00000,chamber liner OD,DERIVED,
duct_od,499.0000,105.50000,211.00000,chamber liner OD,DERIVED,
duct_od,500.0000,105.50000,211.00000,chamber liner OD,DERIVED,
duct_od,501.0000,105.50000,211.00000,chamber liner OD,DERIVED,
duct_od,502.0000,105.50000,211.00000,chamber liner OD,DERIVED,
duct_od,503.0000,105.50000,211.00000,chamber liner OD,DERIVED,
duct_od,504.0000,105.50000,211.00000,chamber liner OD,DERIVED,
duct_od,505.0000,105.50000,211.00000,chamber liner OD,DERIVED,
duct_od,506.0000,105.50000,211.00000,chamber liner OD,DERIVED,
duct_od,507.0000,105.50000,211.00000,chamber liner OD,DERIVED,
duct_od,508.0000,105.50000,211.00000,chamber liner OD,DERIVED,
duct_od,509.0000,105.50000,211.00000,chamber liner OD,DERIVED,
duct_od,510.0000,105.50000,211.00000,chamber liner OD,DERIVED,
duct_od,511.0000,105.50000,211.00000,chamber liner OD,DERIVED,
duct_od,512.0000,105.50000,211.00000,chamber liner OD,DERIVED,
duct_od,513.0000,105.50000,211.00000,chamber liner OD,DERIVED,
duct_od,514.0000,105.50000,211.00000,chamber liner OD,DERIVED,
duct_od,515.0000,105.50000,211.00000,chamber liner OD,DERIVED,
duct_od,516.0000,105.50000,211.00000,chamber liner OD,DERIVED,
duct_od,517.0000,105.50000,211.00000,chamber liner OD,DERIVED,
duct_od,518.0000,105.50000,211.00000,chamber liner OD,DERIVED,
duct_od,519.0000,105.50000,211.00000,chamber liner OD,DERIVED,
duct_od,520.0000,105.50000,211.00000,chamber liner OD,DERIVED,
duct_od,521.0000,105.50000,211.00000,chamber liner OD,DERIVED,
duct_od,522.0000,105.50000,211.00000,chamber liner OD,DERIVED,
duct_od,523.0000,105.50000,211.00000,chamber liner OD,DERIVED,
duct_od,524.0000,105.50000,211.00000,chamber liner OD,DERIVED,
duct_od,525.0000,105.50000,211.00000,chamber liner OD,DERIVED,
duct_od,526.0000,105.50000,211.00000,chamber liner OD,DERIVED,
duct_od,527.0000,105.50000,211.00000,chamber liner OD,DERIVED,
duct_od,528.0000,105.50000,211.00000,chamber liner OD,DERIVED,
duct_od,529.0000,105.50000,211.00000,chamber liner OD,DERIVED,
duct_od,530.0000,105.50000,211.00000,chamber liner OD,DERIVED,
duct_od,531.0000,105.50000,211.00000,chamber liner OD,DERIVED,
duct_od,532.0000,105.50000,211.00000,chamber liner OD,DERIVED,
duct_od,533.0000,105.50000,211.00000,chamber liner OD,DERIVED,
duct_od,534.0000,105.50000,211.00000,chamber liner OD,DERIVED,
duct_od,535.0000,105.50000,211.00000,chamber liner OD,DERIVED,
duct_od,536.0000,105.50000,211.00000,chamber liner OD,DERIVED,
duct_od,537.0000,105.50000,211.00000,chamber liner OD,DERIVED,
duct_od,538.0000,105.50000,211.00000,chamber liner OD,DERIVED,
duct_od,539.0000,105.50000,211.00000,chamber liner OD,DERIVED,
duct_od,540.0000,105.50000,211.00000,chamber liner OD,DERIVED,
duct_od,541.0000,105.50000,211.00000,chamber liner OD,DERIVED,
duct_od,542.0000,105.50000,211.00000,chamber liner OD,DERIVED,
duct_od,543.0000,105.50000,211.00000,chamber liner OD,DERIVED,
duct_od,544.0000,105.50000,211.00000,chamber liner OD,DERIVED,
duct_od,545.0000,105.50000,211.00000,chamber liner OD,DERIVED,
duct_od,546.0000,105.50000,211.00000,chamber liner OD,DERIVED,
duct_od,547.0000,105.50000,211.00000,chamber liner OD,DERIVED,
duct_od,548.0000,105.50000,211.00000,chamber liner OD,DERIVED,
duct_od,549.0000,105.50000,211.00000,chamber liner OD,DERIVED,
duct_od,550.0000,105.50000,211.00000,chamber liner OD,DERIVED,
duct_od,551.0000,105.50000,211.00000,chamber liner OD,DERIVED,
duct_od,552.0000,105.50000,211.00000,chamber liner OD,DERIVED,
duct_od,553.0000,105.50000,211.00000,chamber liner OD,DERIVED,
duct_od,554.0000,105.50000,211.00000,chamber liner OD,DERIVED,
duct_od,555.0000,105.50000,211.00000,chamber liner OD,DERIVED,
duct_od,556.0000,105.50000,211.00000,chamber liner OD,DERIVED,
duct_od,557.0000,105.50000,211.00000,chamber liner OD,DERIVED,
duct_od,558.0000,105.50000,211.00000,chamber liner OD,DERIVED,
duct_od,559.0000,105.50000,211.00000,chamber liner OD,DERIVED,
duct_od,560.0000,105.50000,211.00000,chamber liner OD,DERIVED,
duct_od,561.0000,105.50000,211.00000,chamber liner OD,DERIVED,
duct_od,562.0000,105.50000,211.00000,chamber liner OD,DERIVED,
duct_od,563.0000,105.50000,211.00000,chamber liner OD,DERIVED,
duct_od,564.0000,105.50000,211.00000,chamber liner OD,DERIVED,
duct_od,565.0000,105.50000,211.00000,chamber liner OD,DERIVED,
duct_od,566.0000,105.50000,211.00000,chamber liner OD,DERIVED,
duct_od,567.0000,105.50000,211.00000,chamber liner OD,DERIVED,
duct_od,568.0000,105.50000,211.00000,chamber liner OD,DERIVED,
duct_od,569.0000,105.50000,211.00000,chamber liner OD,DERIVED,
duct_od,570.0000,105.50000,211.00000,chamber liner OD,DERIVED,
duct_od,571.0000,105.50000,211.00000,chamber liner OD,DERIVED,
duct_od,572.0000,105.50000,211.00000,chamber liner OD,DERIVED,
duct_od,573.0000,105.50000,211.00000,chamber liner OD,DERIVED,
duct_od,574.0000,105.50000,211.00000,chamber liner OD,DERIVED,
duct_od,575.0000,105.50000,211.00000,chamber liner OD,DERIVED,
duct_od,576.0000,105.50000,211.00000,chamber liner OD,DERIVED,
duct_od,577.0000,105.50000,211.00000,chamber liner OD,DERIVED,
duct_od,578.0000,105.50000,211.00000,chamber liner OD,DERIVED,
duct_od,579.0000,105.50000,211.00000,chamber liner OD,DERIVED,
duct_od,580.0000,105.50000,211.00000,chamber liner OD,DERIVED,
duct_od,581.0000,105.50000,211.00000,chamber liner OD,DERIVED,
duct_od,582.0000,105.50000,211.00000,chamber liner OD,DERIVED,
duct_od,583.0000,105.50000,211.00000,chamber liner OD,DERIVED,
duct_od,584.0000,105.50000,211.00000,chamber liner OD,DERIVED,
duct_od,585.0000,105.50000,211.00000,chamber liner OD,DERIVED,
duct_od,586.0000,105.50000,211.00000,chamber liner OD,DERIVED,
duct_od,587.0000,105.50000,211.00000,chamber liner OD,DERIVED,
duct_od,588.0000,105.50000,211.00000,chamber liner OD,DERIVED,
duct_od,589.0000,105.50000,211.00000,chamber liner OD,DERIVED,
duct_od,590.0000,105.50000,211.00000,chamber liner OD,DERIVED,
duct_od,591.0000,105.50000,211.00000,chamber liner OD,DERIVED,
duct_od,592.0000,105.50000,211.00000,chamber liner OD,DERIVED,
duct_od,593.0000,105.50000,211.00000,chamber liner OD,DERIVED,
duct_od,594.0000,105.50000,211.00000,chamber liner OD,DERIVED,
duct_od,595.0000,105.50000,211.00000,chamber liner OD,DERIVED,
duct_od,596.0000,105.50000,211.00000,chamber liner OD,DERIVED,
duct_od,597.0000,105.50000,211.00000,chamber liner OD,DERIVED,
duct_od,598.0000,105.50000,211.00000,chamber liner OD,DERIVED,
duct_od,599.0000,105.50000,211.00000,chamber liner OD,DERIVED,
duct_od,600.0000,105.50000,211.00000,chamber liner OD,DERIVED,
duct_od,601.0000,105.50000,211.00000,chamber liner OD,DERIVED,
duct_od,602.0000,105.50000,211.00000,chamber liner OD,DERIVED,
duct_od,603.0000,105.50000,211.00000,chamber liner OD,DERIVED,
duct_od,604.0000,105.50000,211.00000,chamber liner OD,DERIVED,
duct_od,605.0000,105.50000,211.00000,chamber liner OD,DERIVED,
duct_od,606.0000,105.50000,211.00000,chamber liner OD,DERIVED,
duct_od,607.0000,105.50000,211.00000,chamber liner OD,DERIVED,
duct_od,608.0000,105.50000,211.00000,chamber liner OD,DERIVED,
duct_od,609.0000,105.50000,211.00000,chamber liner OD,DERIVED,
duct_od,610.0000,105.50000,211.00000,chamber liner OD,DERIVED,
duct_od,611.0000,105.50000,211.00000,chamber liner OD,DERIVED,
duct_od,612.0000,105.50000,211.00000,chamber liner OD,DERIVED,
duct_od,613.0000,105.50000,211.00000,chamber liner OD,DERIVED,
duct_od,614.0000,105.50000,211.00000,chamber liner OD,DERIVED,
duct_od,615.0000,105.50000,211.00000,chamber liner OD,DERIVED,
duct_od,616.0000,105.50000,211.00000,chamber liner OD,DERIVED,
duct_od,617.0000,105.50000,211.00000,chamber liner OD,DERIVED,
duct_od,618.0000,105.50000,211.00000,chamber liner OD,DERIVED,
duct_od,619.0000,105.50000,211.00000,chamber liner OD,DERIVED,
duct_od,620.0000,105.50000,211.00000,chamber liner OD,DERIVED,
duct_od,621.0000,105.50000,211.00000,chamber liner OD,DERIVED,
duct_od,622.0000,105.50000,211.00000,chamber liner OD,DERIVED,
duct_od,623.0000,105.50000,211.00000,chamber liner OD,DERIVED,
duct_od,624.0000,105.50000,211.00000,chamber liner OD,DERIVED,
duct_od,625.0000,105.50000,211.00000,chamber liner OD,DERIVED,
duct_od,626.0000,105.50000,211.00000,chamber liner OD,DERIVED,
duct_od,627.0000,105.50000,211.00000,chamber liner OD,DERIVED,
duct_od,628.0000,105.50000,211.00000,chamber liner OD,DERIVED,
duct_od,629.0000,105.50000,211.00000,chamber liner OD,DERIVED,
duct_od,630.0000,105.50000,211.00000,chamber liner OD,DERIVED,
duct_od,631.0000,105.50000,211.00000,chamber liner OD,DERIVED,
duct_od,632.0000,105.50000,211.00000,chamber liner OD,DERIVED,
duct_od,633.0000,105.50000,211.00000,chamber liner OD,DERIVED,
duct_od,634.0000,105.50000,211.00000,chamber liner OD,DERIVED,
duct_od,635.0000,105.50000,211.00000,chamber liner OD,DERIVED,
duct_od,636.0000,105.50000,211.00000,chamber liner OD,DERIVED,
duct_od,637.0000,105.50000,211.00000,chamber liner OD,DERIVED,
duct_od,638.0000,105.50000,211.00000,chamber liner OD,DERIVED,
duct_od,639.0000,105.50000,211.00000,chamber liner OD,DERIVED,
duct_od,640.0000,105.50000,211.00000,chamber liner OD,DERIVED,
duct_od,641.0000,105.50000,211.00000,chamber liner OD,DERIVED,
duct_od,642.0000,105.50000,211.00000,chamber liner OD,DERIVED,
duct_od,643.0000,105.50000,211.00000,chamber liner OD,DERIVED,
duct_od,644.0000,105.50000,211.00000,chamber liner OD,DERIVED,
duct_od,645.0000,105.50000,211.00000,chamber liner OD,DERIVED,
duct_od,646.0000,105.50000,211.00000,chamber liner OD,DERIVED,
duct_od,647.0000,105.50000,211.00000,chamber liner OD,DERIVED,
duct_od,648.0000,105.50000,211.00000,chamber liner OD,DERIVED,
duct_od,649.0000,105.50000,211.00000,chamber liner OD,DERIVED,
duct_od,650.0000,105.50000,211.00000,chamber liner OD,DERIVED,
duct_od,651.0000,105.50000,211.00000,chamber liner OD,DERIVED,
duct_od,652.0000,105.50000,211.00000,chamber liner OD,DERIVED,
duct_od,653.0000,105.50000,211.00000,chamber liner OD,DERIVED,
duct_od,654.0000,105.50000,211.00000,chamber liner OD,DERIVED,
duct_od,655.0000,105.50000,211.00000,chamber liner OD,DERIVED,
duct_od,656.0000,105.50000,211.00000,chamber liner OD,DERIVED,
duct_od,657.0000,105.50000,211.00000,chamber liner OD,DERIVED,
duct_od,658.0000,105.50000,211.00000,chamber liner OD,DERIVED,
duct_od,659.0000,105.50000,211.00000,chamber liner OD,DERIVED,
duct_od,660.0000,105.50000,211.00000,chamber liner OD,DERIVED,
duct_od,661.0000,105.50000,211.00000,chamber liner OD,DERIVED,
duct_od,662.0000,105.50000,211.00000,chamber liner OD,DERIVED,
duct_od,663.0000,105.50000,211.00000,chamber liner OD,DERIVED,
duct_od,664.0000,105.50000,211.00000,chamber liner OD,DERIVED,
duct_od,665.0000,105.50000,211.00000,chamber liner OD,DERIVED,
duct_od,666.0000,105.50000,211.00000,chamber liner OD,DERIVED,
duct_od,667.0000,105.50000,211.00000,chamber liner OD,DERIVED,
duct_od,668.0000,105.50000,211.00000,chamber liner OD,DERIVED,
duct_od,669.0000,105.50000,211.00000,chamber liner OD,DERIVED,
duct_od,670.0000,105.50000,211.00000,chamber liner OD,DERIVED,
duct_od,671.0000,105.50000,211.00000,chamber liner OD,DERIVED,
duct_od,672.0000,105.50000,211.00000,chamber liner OD,DERIVED,
duct_od,673.0000,105.50000,211.00000,chamber liner OD,DERIVED,
duct_od,674.0000,105.50000,211.00000,chamber liner OD,DERIVED,
duct_od,675.0000,105.50000,211.00000,chamber liner OD,DERIVED,
duct_od,676.0000,105.50000,211.00000,chamber liner OD,DERIVED,
duct_od,677.0000,105.50000,211.00000,chamber liner OD,DERIVED,
duct_od,678.0000,105.50000,211.00000,chamber liner OD,DERIVED,
duct_od,679.0000,105.50000,211.00000,chamber liner OD,DERIVED,
duct_od,680.0000,105.50000,211.00000,chamber liner OD,DERIVED,
duct_od,681.0000,105.50000,211.00000,chamber liner OD,DERIVED,
duct_od,682.0000,105.50000,211.00000,chamber liner OD,DERIVED,
duct_od,683.0000,105.50000,211.00000,chamber liner OD,DERIVED,
duct_od,684.0000,105.50000,211.00000,chamber liner OD,DERIVED,
duct_od,685.0000,105.50000,211.00000,chamber liner OD,DERIVED,
duct_od,686.0000,105.50000,211.00000,chamber liner OD,DERIVED,
duct_od,687.0000,105.50000,211.00000,chamber liner OD,DERIVED,
duct_od,688.0000,105.50000,211.00000,chamber liner OD,DERIVED,
duct_od,689.0000,105.50000,211.00000,chamber liner OD,DERIVED,
duct_od,690.0000,105.50000,211.00000,chamber liner OD,DERIVED,
duct_od,691.0000,105.50000,211.00000,chamber liner OD,DERIVED,
duct_od,692.0000,105.50000,211.00000,chamber liner OD,DERIVED,
duct_od,693.0000,105.50000,211.00000,chamber liner OD,DERIVED,
duct_od,694.0000,105.50000,211.00000,chamber liner OD,DERIVED,
duct_od,695.0000,105.50000,211.00000,chamber liner OD,DERIVED,
duct_od,696.0000,105.50000,211.00000,chamber liner OD,DERIVED,
duct_od,697.0000,105.50000,211.00000,chamber liner OD,DERIVED,
duct_od,698.0000,105.50000,211.00000,chamber liner OD,DERIVED,
duct_od,699.0000,105.50000,211.00000,chamber liner OD,DERIVED,
duct_od,700.0000,105.50000,211.00000,chamber liner OD,DERIVED,
duct_od,701.0000,105.50000,211.00000,chamber liner OD,DERIVED,
duct_od,702.0000,105.50000,211.00000,chamber liner OD,DERIVED,
duct_od,703.0000,105.50000,211.00000,chamber liner OD,DERIVED,
duct_od,704.0000,105.50000,211.00000,chamber liner OD,DERIVED,
duct_od,705.0000,105.50000,211.00000,chamber liner OD,DERIVED,
duct_od,706.0000,105.50000,211.00000,chamber liner OD,DERIVED,
duct_od,707.0000,105.50000,211.00000,chamber liner OD,DERIVED,
duct_od,708.0000,105.50000,211.00000,chamber liner OD,DERIVED,
duct_od,709.0000,105.50000,211.00000,chamber liner OD,DERIVED,
duct_od,710.0000,105.50000,211.00000,chamber liner OD,DERIVED,
duct_od,711.0000,105.50000,211.00000,chamber liner OD,DERIVED,
duct_od,712.0000,105.50000,211.00000,chamber liner OD,DERIVED,
duct_od,713.0000,105.50000,211.00000,chamber liner OD,DERIVED,
duct_od,714.0000,105.50000,211.00000,chamber liner OD,DERIVED,
duct_od,715.0000,105.50000,211.00000,chamber liner OD,DERIVED,
duct_od,716.0000,105.50000,211.00000,chamber liner OD,DERIVED,
duct_od,717.0000,105.50000,211.00000,chamber liner OD,DERIVED,
duct_od,718.0000,105.50000,211.00000,chamber liner OD,DERIVED,
duct_od,719.0000,105.50000,211.00000,chamber liner OD,DERIVED,
duct_od,720.0000,105.50000,211.00000,chamber liner OD,DERIVED,
duct_od,721.0000,105.50000,211.00000,chamber liner OD,DERIVED,
duct_od,722.0000,105.50000,211.00000,chamber liner OD,DERIVED,
duct_od,723.0000,105.50000,211.00000,chamber liner OD,DERIVED,
duct_od,724.0000,105.50000,211.00000,chamber liner OD,DERIVED,
duct_od,725.0000,105.50000,211.00000,chamber liner OD,DERIVED,
duct_od,726.0000,105.50000,211.00000,chamber liner OD,DERIVED,
duct_od,727.0000,105.50000,211.00000,chamber liner OD,DERIVED,
duct_od,728.0000,105.50000,211.00000,chamber liner OD,DERIVED,
duct_od,729.0000,105.50000,211.00000,chamber liner OD,DERIVED,
duct_od,730.0000,105.50000,211.00000,chamber liner OD,DERIVED,
duct_od,731.0000,105.50000,211.00000,chamber liner OD,DERIVED,
duct_od,732.0000,105.50000,211.00000,chamber liner OD,DERIVED,
duct_od,733.0000,105.50000,211.00000,chamber liner OD,DERIVED,
duct_od,734.0000,105.50000,211.00000,chamber liner OD,DERIVED,
duct_od,735.0000,105.50000,211.00000,chamber liner OD,DERIVED,
duct_od,736.0000,105.50000,211.00000,chamber liner OD,DERIVED,
duct_od,737.0000,105.50000,211.00000,chamber liner OD,DERIVED,
duct_od,738.0000,105.50000,211.00000,chamber liner OD,DERIVED,
duct_od,739.0000,105.50000,211.00000,chamber liner OD,DERIVED,
duct_od,740.0000,105.50000,211.00000,chamber liner OD,DERIVED,
duct_od,741.0000,105.50000,211.00000,chamber liner OD,DERIVED,
duct_od,742.0000,105.50000,211.00000,chamber liner OD,DERIVED,
duct_od,743.0000,105.50000,211.00000,chamber liner OD,DERIVED,
duct_od,744.0000,105.50000,211.00000,chamber liner OD,DERIVED,
duct_od,745.0000,105.50000,211.00000,chamber liner OD,DERIVED,
duct_od,746.0000,105.50000,211.00000,chamber liner OD,DERIVED,
duct_od,747.0000,105.50000,211.00000,chamber liner OD,DERIVED,
duct_od,748.0000,105.50000,211.00000,chamber liner OD,DERIVED,
duct_od,749.0000,105.50000,211.00000,chamber liner OD,DERIVED,
duct_od,750.0000,105.50000,211.00000,chamber liner OD,DERIVED,
duct_od,751.0000,105.50000,211.00000,chamber liner OD,DERIVED,
duct_od,752.0000,105.50000,211.00000,chamber liner OD,DERIVED,
duct_od,753.0000,105.50000,211.00000,chamber liner OD,DERIVED,
duct_od,754.0000,105.50000,211.00000,chamber liner OD,DERIVED,
duct_od,755.0000,105.50000,211.00000,chamber liner OD,DERIVED,
duct_od,756.0000,105.50000,211.00000,chamber liner OD,DERIVED,
duct_od,757.0000,105.50000,211.00000,chamber liner OD,DERIVED,
duct_od,758.0000,105.50000,211.00000,chamber liner OD,DERIVED,
duct_od,759.0000,105.50000,211.00000,chamber liner OD,DERIVED,
duct_od,760.0000,105.50000,211.00000,chamber liner OD,DERIVED,
duct_od,761.0000,105.50000,211.00000,chamber liner OD,DERIVED,
duct_od,762.0000,105.50000,211.00000,chamber liner OD,DERIVED,
duct_od,763.0000,105.50000,211.00000,chamber liner OD,DERIVED,
duct_od,764.0000,105.50000,211.00000,chamber liner OD,DERIVED,
duct_od,765.0000,105.50000,211.00000,chamber liner OD,DERIVED,
duct_od,766.0000,105.50000,211.00000,chamber liner OD,DERIVED,
duct_od,767.0000,105.50000,211.00000,chamber liner OD,DERIVED,
duct_od,768.0000,105.50000,211.00000,chamber liner OD,DERIVED,
duct_od,769.0000,105.50000,211.00000,chamber liner OD,DERIVED,
duct_od,770.0000,105.50000,211.00000,chamber liner OD,DERIVED,
duct_od,771.0000,105.50000,211.00000,chamber liner OD,DERIVED,
duct_od,772.0000,105.50000,211.00000,chamber liner OD,DERIVED,
duct_od,773.0000,105.50000,211.00000,chamber liner OD,DERIVED,
duct_od,774.0000,105.50000,211.00000,chamber liner OD,DERIVED,
duct_od,775.0000,105.50000,211.00000,chamber liner OD,DERIVED,
duct_od,776.0000,105.50000,211.00000,chamber liner OD,DERIVED,
duct_od,777.0000,105.50000,211.00000,chamber liner OD,DERIVED,
duct_od,778.0000,105.50000,211.00000,chamber liner OD,DERIVED,
duct_od,779.0000,105.50000,211.00000,chamber liner OD,DERIVED,
duct_od,780.0000,105.50000,211.00000,chamber liner OD,DERIVED,
duct_od,781.0000,105.50000,211.00000,chamber liner OD,DERIVED,
duct_od,782.0000,105.50000,211.00000,chamber liner OD,DERIVED,
duct_od,783.0000,105.50000,211.00000,chamber liner OD,DERIVED,
duct_od,784.0000,105.50000,211.00000,chamber liner OD,DERIVED,
duct_od,785.0000,105.50000,211.00000,chamber liner OD,DERIVED,
duct_od,786.0000,105.50000,211.00000,chamber liner OD,DERIVED,
duct_od,787.0000,105.50000,211.00000,chamber liner OD,DERIVED,
duct_od,788.0000,105.50000,211.00000,chamber liner OD,DERIVED,
duct_od,789.0000,105.50000,211.00000,chamber liner OD,DERIVED,
duct_od,790.0000,105.50000,211.00000,chamber liner OD,DERIVED,
duct_od,791.0000,105.50000,211.00000,chamber liner OD,DERIVED,
duct_od,792.0000,105.50000,211.00000,chamber liner OD,DERIVED,
duct_od,793.0000,105.50000,211.00000,chamber liner OD,DERIVED,
duct_od,794.0000,105.50000,211.00000,chamber liner OD,DERIVED,
duct_od,795.0000,105.50000,211.00000,chamber liner OD,DERIVED,
duct_od,796.0000,105.50000,211.00000,chamber liner OD,DERIVED,
duct_od,797.0000,105.50000,211.00000,chamber liner OD,DERIVED,
duct_od,798.0000,105.50000,211.00000,chamber liner OD,DERIVED,
duct_od,799.0000,105.50000,211.00000,chamber liner OD,DERIVED,
duct_od,800.0000,105.50000,211.00000,chamber liner OD,DERIVED,
duct_od,801.0000,105.50000,211.00000,chamber liner OD,DERIVED,
duct_od,802.0000,105.50000,211.00000,chamber liner OD,DERIVED,
duct_od,803.0000,105.50000,211.00000,chamber liner OD,DERIVED,
duct_od,804.0000,105.50000,211.00000,chamber liner OD,DERIVED,
duct_od,805.0000,105.50000,211.00000,chamber liner OD,DERIVED,
duct_od,806.0000,105.50000,211.00000,chamber liner OD,DERIVED,
duct_od,807.0000,105.50000,211.00000,chamber liner OD,DERIVED,
duct_od,808.0000,105.50000,211.00000,chamber liner OD,DERIVED,
duct_od,809.0000,105.50000,211.00000,chamber liner OD,DERIVED,
duct_od,810.0000,105.50000,211.00000,chamber liner OD,DERIVED,
duct_od,811.0000,105.50000,211.00000,chamber liner OD,DERIVED,
duct_od,812.0000,105.50000,211.00000,chamber liner OD,DERIVED,
duct_od,813.0000,105.50000,211.00000,chamber liner OD,DERIVED,
duct_od,814.0000,105.50000,211.00000,chamber liner OD,DERIVED,
duct_od,815.0000,105.50000,211.00000,chamber liner OD,DERIVED,
duct_od,816.0000,105.50000,211.00000,chamber liner OD,DERIVED,
duct_od,817.0000,105.50000,211.00000,chamber liner OD,DERIVED,
duct_od,817.3073,105.50000,211.00000,chamber liner OD,DERIVED,chamber_end
duct_od,818.0000,105.31440,210.62881,cone OD,DERIVED,
duct_od,819.0000,105.04645,210.09291,cone OD,DERIVED,
duct_od,820.0000,104.77851,209.55701,cone OD,DERIVED,
duct_od,821.0000,104.51056,209.02111,cone OD,DERIVED,
duct_od,822.0000,104.24261,208.48521,cone OD,DERIVED,
duct_od,823.0000,103.97466,207.94932,cone OD,DERIVED,
duct_od,824.0000,103.70671,207.41342,cone OD,DERIVED,
duct_od,825.0000,103.43876,206.87752,cone OD,DERIVED,
duct_od,826.0000,103.17081,206.34162,cone OD,DERIVED,
duct_od,827.0000,102.90286,205.80572,cone OD,DERIVED,
duct_od,828.0000,102.63491,205.26982,cone OD,DERIVED,
duct_od,829.0000,102.36696,204.73392,cone OD,DERIVED,
duct_od,830.0000,102.09901,204.19803,cone OD,DERIVED,
duct_od,831.0000,101.83106,203.66213,cone OD,DERIVED,
duct_od,832.0000,101.56311,203.12623,cone OD,DERIVED,
duct_od,833.0000,101.29517,202.59033,cone OD,DERIVED,
duct_od,834.0000,101.02722,202.05443,cone OD,DERIVED,
duct_od,835.0000,100.75927,201.51853,cone OD,DERIVED,
duct_od,836.0000,100.49132,200.98264,cone OD,DERIVED,
duct_od,837.0000,100.22337,200.44674,cone OD,DERIVED,
duct_od,838.0000,99.95542,199.91084,cone OD,DERIVED,
duct_od,839.0000,99.68747,199.37494,cone OD,DERIVED,
duct_od,840.0000,99.41952,198.83904,cone OD,DERIVED,
duct_od,841.0000,99.15157,198.30314,cone OD,DERIVED,
duct_od,842.0000,98.88362,197.76725,cone OD,DERIVED,
duct_od,843.0000,98.61567,197.23135,cone OD,DERIVED,
duct_od,844.0000,98.34772,196.69545,cone OD,DERIVED,
duct_od,845.0000,98.07978,196.15955,cone OD,DERIVED,
duct_od,846.0000,97.81183,195.62365,cone OD,DERIVED,
duct_od,847.0000,97.54388,195.08775,cone OD,DERIVED,
duct_od,848.0000,97.27593,194.55186,cone OD,DERIVED,
duct_od,849.0000,97.00798,194.01596,cone OD,DERIVED,
duct_od,850.0000,96.74003,193.48006,cone OD,DERIVED,
duct_od,851.0000,96.47208,192.94416,cone OD,DERIVED,
duct_od,852.0000,96.20413,192.40826,cone OD,DERIVED,
duct_od,853.0000,95.93618,191.87236,cone OD,DERIVED,
duct_od,854.0000,95.66823,191.33647,cone OD,DERIVED,
duct_od,855.0000,95.40028,190.80057,cone OD,DERIVED,
duct_od,856.0000,95.13233,190.26467,cone OD,DERIVED,
duct_od,857.0000,94.86439,189.72877,cone OD,DERIVED,
duct_od,858.0000,94.59644,189.19287,cone OD,DERIVED,
duct_od,859.0000,94.32849,188.65697,cone OD,DERIVED,
duct_od,860.0000,94.06054,188.12107,cone OD,DERIVED,
duct_od,861.0000,93.79259,187.58518,cone OD,DERIVED,
duct_od,862.0000,93.52464,187.04928,cone OD,DERIVED,
duct_od,863.0000,93.25669,186.51338,cone OD,DERIVED,
duct_od,864.0000,92.98874,185.97748,cone OD,DERIVED,
duct_od,865.0000,92.72079,185.44158,cone OD,DERIVED,
duct_od,866.0000,92.45284,184.90568,cone OD,DERIVED,
duct_od,867.0000,92.18489,184.36979,cone OD,DERIVED,
duct_od,868.0000,91.91694,183.83389,cone OD,DERIVED,
duct_od,869.0000,91.64899,183.29799,cone OD,DERIVED,
duct_od,870.0000,91.38105,182.76209,cone OD,DERIVED,
duct_od,871.0000,91.11310,182.22619,cone OD,DERIVED,
duct_od,872.0000,90.84515,181.69029,cone OD,DERIVED,
duct_od,873.0000,90.57720,181.15440,cone OD,DERIVED,
duct_od,874.0000,90.30925,180.61850,cone OD,DERIVED,
duct_od,875.0000,90.04130,180.08260,cone OD,DERIVED,
duct_od,876.0000,89.77335,179.54670,cone OD,DERIVED,
duct_od,877.0000,89.50540,179.01080,cone OD,DERIVED,
duct_od,878.0000,89.23745,178.47490,cone OD,DERIVED,
duct_od,879.0000,88.96950,177.93901,cone OD,DERIVED,
duct_od,880.0000,88.70155,177.40311,cone OD,DERIVED,
duct_od,881.0000,88.43360,176.86721,cone OD,DERIVED,
duct_od,882.0000,88.16566,176.33131,cone OD,DERIVED,
duct_od,883.0000,87.89771,175.79541,cone OD,DERIVED,
duct_od,884.0000,87.62976,175.25951,cone OD,DERIVED,
duct_od,885.0000,87.36181,174.72362,cone OD,DERIVED,
duct_od,886.0000,87.09386,174.18772,cone OD,DERIVED,
duct_od,887.0000,86.82591,173.65182,cone OD,DERIVED,
duct_od,888.0000,86.55796,173.11592,cone OD,DERIVED,
duct_od,889.0000,86.29001,172.58002,cone OD,DERIVED,
duct_od,890.0000,86.02206,172.04412,cone OD,DERIVED,
duct_od,891.0000,85.75411,171.50822,cone OD,DERIVED,
duct_od,892.0000,85.48616,170.97233,cone OD,DERIVED,
duct_od,893.0000,85.21821,170.43643,cone OD,DERIVED,
duct_od,894.0000,84.95026,169.90053,cone OD,DERIVED,
duct_od,895.0000,84.68232,169.36463,cone OD,DERIVED,
duct_od,896.0000,84.41437,168.82873,cone OD,DERIVED,
duct_od,897.0000,84.14642,168.29283,cone OD,DERIVED,
duct_od,898.0000,83.87847,167.75694,cone OD,DERIVED,
duct_od,899.0000,83.61052,167.22104,cone OD,DERIVED,
duct_od,900.0000,83.34257,166.68514,cone OD,DERIVED,
duct_od,901.0000,83.07462,166.14924,cone OD,DERIVED,
duct_od,902.0000,82.80667,165.61334,cone OD,DERIVED,
duct_od,903.0000,82.53872,165.07744,cone OD,DERIVED,
duct_od,904.0000,82.27077,164.54155,cone OD,DERIVED,
duct_od,905.0000,82.00282,164.00565,cone OD,DERIVED,
duct_od,906.0000,81.73487,163.46975,cone OD,DERIVED,
duct_od,907.0000,81.46693,162.93385,cone OD,DERIVED,
duct_od,908.0000,81.19898,162.39795,cone OD,DERIVED,
duct_od,909.0000,80.93103,161.86205,cone OD,DERIVED,
duct_od,910.0000,80.66308,161.32616,cone OD,DERIVED,
duct_od,911.0000,80.39513,160.79026,cone OD,DERIVED,
duct_od,912.0000,80.12718,160.25436,cone OD,DERIVED,
duct_od,913.0000,79.85923,159.71846,cone OD,DERIVED,
duct_od,914.0000,79.59128,159.18256,cone OD,DERIVED,
duct_od,915.0000,79.32333,158.64666,cone OD,DERIVED,
duct_od,916.0000,79.05538,158.11077,cone OD,DERIVED,
duct_od,917.0000,78.78743,157.57487,cone OD,DERIVED,
duct_od,918.0000,78.51948,157.03897,cone OD,DERIVED,
duct_od,919.0000,78.25154,156.50307,cone OD,DERIVED,
duct_od,920.0000,77.98359,155.96717,cone OD,DERIVED,
duct_od,921.0000,77.71564,155.43127,cone OD,DERIVED,
duct_od,922.0000,77.44769,154.89538,cone OD,DERIVED,
duct_od,923.0000,77.17974,154.35948,cone OD,DERIVED,
duct_od,924.0000,76.91179,153.82358,cone OD,DERIVED,
duct_od,925.0000,76.64384,153.28768,cone OD,DERIVED,
duct_od,926.0000,76.37589,152.75178,cone OD,DERIVED,
duct_od,927.0000,76.10794,152.21588,cone OD,DERIVED,
duct_od,928.0000,75.83999,151.67998,cone OD,DERIVED,
duct_od,929.0000,75.57204,151.14409,cone OD,DERIVED,
duct_od,930.0000,75.30409,150.60819,cone OD,DERIVED,
duct_od,931.0000,75.03614,150.07229,cone OD,DERIVED,
duct_od,932.0000,74.76820,149.53639,cone OD,DERIVED,
duct_od,933.0000,74.50025,149.00049,cone OD,DERIVED,
duct_od,934.0000,74.23230,148.46459,cone OD,DERIVED,
duct_od,935.0000,73.96435,147.92870,cone OD,DERIVED,
duct_od,936.0000,73.69640,147.39280,cone OD,DERIVED,
duct_od,937.0000,73.42845,146.85690,cone OD,DERIVED,
duct_od,938.0000,73.16050,146.32100,cone OD,DERIVED,
duct_od,939.0000,72.89255,145.78510,cone OD,DERIVED,
duct_od,940.0000,72.62460,145.24920,cone OD,DERIVED,
duct_od,941.0000,72.35665,144.71331,cone OD,DERIVED,
duct_od,942.0000,72.08870,144.17741,cone OD,DERIVED,
duct_od,943.0000,71.82075,143.64151,cone OD,DERIVED,
duct_od,944.0000,71.55281,143.10561,cone OD,DERIVED,
duct_od,945.0000,71.28486,142.56971,cone OD,DERIVED,
duct_od,946.0000,71.01691,142.03381,cone OD,DERIVED,
duct_od,947.0000,70.74896,141.49792,cone OD,DERIVED,
duct_od,948.0000,70.48101,140.96202,cone OD,DERIVED,
duct_od,949.0000,70.21306,140.42612,cone OD,DERIVED,
duct_od,950.0000,69.94511,139.89022,cone OD,DERIVED,
duct_od,951.0000,69.67716,139.35432,cone OD,DERIVED,
duct_od,952.0000,69.40921,138.81842,cone OD,DERIVED,
duct_od,953.0000,69.14126,138.28253,cone OD,DERIVED,
duct_od,954.0000,68.87331,137.74663,cone OD,DERIVED,
duct_od,955.0000,68.60536,137.21073,cone OD,DERIVED,
duct_od,956.0000,68.33741,136.67483,cone OD,DERIVED,
duct_od,957.0000,68.06947,136.13893,cone OD,DERIVED,
duct_od,958.0000,67.80152,135.60303,cone OD,DERIVED,
duct_od,959.0000,67.53357,135.06713,cone OD,DERIVED,
duct_od,960.0000,67.26562,134.53124,cone OD,DERIVED,
duct_od,961.0000,66.99767,133.99534,cone OD,DERIVED,
duct_od,962.0000,66.72972,133.45944,cone OD,DERIVED,
duct_od,963.0000,66.46177,132.92354,cone OD,DERIVED,
duct_od,964.0000,66.19382,132.38764,cone OD,DERIVED,
duct_od,965.0000,65.92587,131.85174,cone OD,DERIVED,
duct_od,966.0000,65.65792,131.31585,cone OD,DERIVED,
duct_od,967.0000,65.38997,130.77995,cone OD,DERIVED,
duct_od,968.0000,65.12202,130.24405,cone OD,DERIVED,
duct_od,969.0000,64.85408,129.70815,cone OD,DERIVED,
duct_od,970.0000,64.58613,129.17225,cone OD,DERIVED,
duct_od,971.0000,64.31818,128.63635,cone OD,DERIVED,
duct_od,972.0000,64.05023,128.10046,cone OD,DERIVED,
duct_od,973.0000,63.78228,127.56456,cone OD,DERIVED,
duct_od,974.0000,63.51433,127.02866,cone OD,DERIVED,
duct_od,975.0000,63.24638,126.49276,cone OD,DERIVED,
duct_od,976.0000,62.97843,125.95686,cone OD,DERIVED,
duct_od,977.0000,62.71048,125.42096,cone OD,DERIVED,
duct_od,978.0000,62.44253,124.88507,cone OD,DERIVED,
duct_od,979.0000,62.17458,124.34917,cone OD,DERIVED,
duct_od,980.0000,61.90663,123.81327,cone OD,DERIVED,
duct_od,981.0000,61.63869,123.27737,cone OD,DERIVED,
duct_od,982.0000,61.37074,122.74147,cone OD,DERIVED,
duct_od,983.0000,61.10279,122.20557,cone OD,DERIVED,
duct_od,984.0000,60.83484,121.66968,cone OD,DERIVED,
duct_od,985.0000,60.56689,121.13378,cone OD,DERIVED,
duct_od,986.0000,60.29894,120.59788,cone OD,DERIVED,
duct_od,987.0000,60.03099,120.06198,cone OD,DERIVED,
duct_od,988.0000,59.76304,119.52608,cone OD,DERIVED,
duct_od,989.0000,59.49509,118.99018,cone OD,DERIVED,
duct_od,990.0000,59.22714,118.45428,cone OD,DERIVED,
duct_od,991.0000,58.95919,117.91839,cone OD,DERIVED,
duct_od,991.5231,58.81903,117.63805,cone OD,DERIVED,cone_end
duct_od,992.0000,58.81903,117.63805,tailpipe OD,DERIVED,
duct_od,993.0000,58.81903,117.63805,tailpipe OD,DERIVED,
duct_od,994.0000,58.81903,117.63805,tailpipe OD,DERIVED,
duct_od,995.0000,58.81903,117.63805,tailpipe OD,DERIVED,
duct_od,996.0000,58.81903,117.63805,tailpipe OD,DERIVED,
duct_od,997.0000,58.81903,117.63805,tailpipe OD,DERIVED,
duct_od,998.0000,58.81903,117.63805,tailpipe OD,DERIVED,
duct_od,999.0000,58.81903,117.63805,tailpipe OD,DERIVED,
duct_od,1000.0000,58.81903,117.63805,tailpipe OD,DERIVED,
duct_od,1001.0000,58.81903,117.63805,tailpipe OD,DERIVED,
duct_od,1002.0000,58.81903,117.63805,tailpipe OD,DERIVED,
duct_od,1003.0000,58.81903,117.63805,tailpipe OD,DERIVED,
duct_od,1004.0000,58.81903,117.63805,tailpipe OD,DERIVED,
duct_od,1005.0000,58.81903,117.63805,tailpipe OD,DERIVED,
duct_od,1006.0000,58.81903,117.63805,tailpipe OD,DERIVED,
duct_od,1007.0000,58.81903,117.63805,tailpipe OD,DERIVED,
duct_od,1008.0000,58.81903,117.63805,tailpipe OD,DERIVED,
duct_od,1009.0000,58.81903,117.63805,tailpipe OD,DERIVED,
duct_od,1010.0000,58.81903,117.63805,tailpipe OD,DERIVED,
duct_od,1011.0000,58.81903,117.63805,tailpipe OD,DERIVED,
duct_od,1012.0000,58.81903,117.63805,tailpipe OD,DERIVED,
duct_od,1013.0000,58.81903,117.63805,tailpipe OD,DERIVED,
duct_od,1014.0000,58.81903,117.63805,tailpipe OD,DERIVED,
duct_od,1015.0000,58.81903,117.63805,tailpipe OD,DERIVED,
duct_od,1016.0000,58.81903,117.63805,tailpipe OD,DERIVED,
duct_od,1017.0000,58.81903,117.63805,tailpipe OD,DERIVED,
duct_od,1018.0000,58.81903,117.63805,tailpipe OD,DERIVED,
duct_od,1019.0000,58.81903,117.63805,tailpipe OD,DERIVED,
duct_od,1020.0000,58.81903,117.63805,tailpipe OD,DERIVED,
duct_od,1021.0000,58.81903,117.63805,tailpipe OD,DERIVED,
duct_od,1022.0000,58.81903,117.63805,tailpipe OD,DERIVED,
duct_od,1023.0000,58.81903,117.63805,tailpipe OD,DERIVED,
duct_od,1024.0000,58.81903,117.63805,tailpipe OD,DERIVED,
duct_od,1025.0000,58.81903,117.63805,tailpipe OD,DERIVED,
duct_od,1026.0000,58.81903,117.63805,tailpipe OD,DERIVED,
duct_od,1027.0000,58.81903,117.63805,tailpipe OD,DERIVED,
duct_od,1028.0000,58.81903,117.63805,tailpipe OD,DERIVED,
duct_od,1029.0000,58.81903,117.63805,tailpipe OD,DERIVED,
duct_od,1030.0000,58.81903,117.63805,tailpipe OD,DERIVED,
duct_od,1031.0000,58.81903,117.63805,tailpipe OD,DERIVED,
duct_od,1032.0000,58.81903,117.63805,tailpipe OD,DERIVED,
duct_od,1033.0000,58.81903,117.63805,tailpipe OD,DERIVED,
duct_od,1034.0000,58.81903,117.63805,tailpipe OD,DERIVED,
duct_od,1035.0000,58.81903,117.63805,tailpipe OD,DERIVED,
duct_od,1036.0000,58.81903,117.63805,tailpipe OD,DERIVED,
duct_od,1037.0000,58.81903,117.63805,tailpipe OD,DERIVED,
duct_od,1038.0000,58.81903,117.63805,tailpipe OD,DERIVED,
duct_od,1039.0000,58.81903,117.63805,tailpipe OD,DERIVED,
duct_od,1040.0000,58.81903,117.63805,tailpipe OD,DERIVED,
duct_od,1041.0000,58.81903,117.63805,tailpipe OD,DERIVED,
duct_od,1042.0000,58.81903,117.63805,tailpipe OD,DERIVED,
duct_od,1043.0000,58.81903,117.63805,tailpipe OD,DERIVED,
duct_od,1044.0000,58.81903,117.63805,tailpipe OD,DERIVED,
duct_od,1045.0000,58.81903,117.63805,tailpipe OD,DERIVED,
duct_od,1046.0000,58.81903,117.63805,tailpipe OD,DERIVED,
duct_od,1047.0000,58.81903,117.63805,tailpipe OD,DERIVED,
duct_od,1048.0000,58.81903,117.63805,tailpipe OD,DERIVED,
duct_od,1049.0000,58.81903,117.63805,tailpipe OD,DERIVED,
duct_od,1050.0000,58.81903,117.63805,tailpipe OD,DERIVED,
duct_od,1051.0000,58.81903,117.63805,tailpipe OD,DERIVED,
duct_od,1052.0000,58.81903,117.63805,tailpipe OD,DERIVED,
duct_od,1053.0000,58.81903,117.63805,tailpipe OD,DERIVED,
duct_od,1054.0000,58.81903,117.63805,tailpipe OD,DERIVED,
duct_od,1055.0000,58.81903,117.63805,tailpipe OD,DERIVED,
duct_od,1056.0000,58.81903,117.63805,tailpipe OD,DERIVED,
duct_od,1057.0000,58.81903,117.63805,tailpipe OD,DERIVED,
duct_od,1058.0000,58.81903,117.63805,tailpipe OD,DERIVED,
duct_od,1059.0000,58.81903,117.63805,tailpipe OD,DERIVED,
duct_od,1060.0000,58.81903,117.63805,tailpipe OD,DERIVED,
duct_od,1061.0000,58.81903,117.63805,tailpipe OD,DERIVED,
duct_od,1062.0000,58.81903,117.63805,tailpipe OD,DERIVED,
duct_od,1063.0000,58.81903,117.63805,tailpipe OD,DERIVED,
duct_od,1064.0000,58.81903,117.63805,tailpipe OD,DERIVED,
duct_od,1065.0000,58.81903,117.63805,tailpipe OD,DERIVED,
duct_od,1066.0000,58.81903,117.63805,tailpipe OD,DERIVED,
duct_od,1067.0000,58.81903,117.63805,tailpipe OD,DERIVED,
duct_od,1068.0000,58.81903,117.63805,tailpipe OD,DERIVED,
duct_od,1069.0000,58.81903,117.63805,tailpipe OD,DERIVED,
duct_od,1070.0000,58.81903,117.63805,tailpipe OD,DERIVED,
duct_od,1071.0000,58.81903,117.63805,tailpipe OD,DERIVED,
duct_od,1072.0000,58.81903,117.63805,tailpipe OD,DERIVED,
duct_od,1073.0000,58.81903,117.63805,tailpipe OD,DERIVED,
duct_od,1074.0000,58.81903,117.63805,tailpipe OD,DERIVED,
duct_od,1075.0000,58.81903,117.63805,tailpipe OD,DERIVED,
duct_od,1076.0000,58.81903,117.63805,tailpipe OD,DERIVED,
duct_od,1077.0000,58.81903,117.63805,tailpipe OD,DERIVED,
duct_od,1078.0000,58.81903,117.63805,tailpipe OD,DERIVED,
duct_od,1079.0000,58.81903,117.63805,tailpipe OD,DERIVED,
duct_od,1080.0000,58.81903,117.63805,tailpipe OD,DERIVED,
duct_od,1081.0000,58.81903,117.63805,tailpipe OD,DERIVED,
duct_od,1082.0000,58.81903,117.63805,tailpipe OD,DERIVED,
duct_od,1083.0000,58.81903,117.63805,tailpipe OD,DERIVED,
duct_od,1084.0000,58.81903,117.63805,tailpipe OD,DERIVED,
duct_od,1085.0000,58.81903,117.63805,tailpipe OD,DERIVED,
duct_od,1086.0000,58.81903,117.63805,tailpipe OD,DERIVED,
duct_od,1087.0000,58.81903,117.63805,tailpipe OD,DERIVED,
duct_od,1088.0000,58.81903,117.63805,tailpipe OD,DERIVED,
duct_od,1089.0000,58.81903,117.63805,tailpipe OD,DERIVED,
duct_od,1090.0000,58.81903,117.63805,tailpipe OD,DERIVED,
duct_od,1091.0000,58.81903,117.63805,tailpipe OD,DERIVED,
duct_od,1092.0000,58.81903,117.63805,tailpipe OD,DERIVED,
duct_od,1093.0000,58.81903,117.63805,tailpipe OD,DERIVED,
duct_od,1094.0000,58.81903,117.63805,tailpipe OD,DERIVED,
duct_od,1095.0000,58.81903,117.63805,tailpipe OD,DERIVED,
duct_od,1096.0000,58.81903,117.63805,tailpipe OD,DERIVED,
duct_od,1097.0000,58.81903,117.63805,tailpipe OD,DERIVED,
duct_od,1098.0000,58.81903,117.63805,tailpipe OD,DERIVED,
duct_od,1099.0000,58.81903,117.63805,tailpipe OD,DERIVED,
duct_od,1100.0000,58.81903,117.63805,tailpipe OD,DERIVED,
duct_od,1101.0000,58.81903,117.63805,tailpipe OD,DERIVED,
duct_od,1102.0000,58.81903,117.63805,tailpipe OD,DERIVED,
duct_od,1103.0000,58.81903,117.63805,tailpipe OD,DERIVED,
duct_od,1104.0000,58.81903,117.63805,tailpipe OD,DERIVED,
duct_od,1105.0000,58.81903,117.63805,tailpipe OD,DERIVED,
duct_od,1106.0000,58.81903,117.63805,tailpipe OD,DERIVED,
duct_od,1107.0000,58.81903,117.63805,tailpipe OD,DERIVED,
duct_od,1108.0000,58.81903,117.63805,tailpipe OD,DERIVED,
duct_od,1109.0000,58.81903,117.63805,tailpipe OD,DERIVED,
duct_od,1110.0000,58.81903,117.63805,tailpipe OD,DERIVED,
duct_od,1111.0000,58.81903,117.63805,tailpipe OD,DERIVED,
duct_od,1112.0000,58.81903,117.63805,tailpipe OD,DERIVED,
duct_od,1113.0000,58.81903,117.63805,tailpipe OD,DERIVED,
duct_od,1114.0000,58.81903,117.63805,tailpipe OD,DERIVED,
duct_od,1115.0000,58.81903,117.63805,tailpipe OD,DERIVED,
duct_od,1116.0000,58.81903,117.63805,tailpipe OD,DERIVED,
duct_od,1117.0000,58.81903,117.63805,tailpipe OD,DERIVED,
duct_od,1118.0000,58.81903,117.63805,tailpipe OD,DERIVED,
duct_od,1119.0000,58.81903,117.63805,tailpipe OD,DERIVED,
duct_od,1120.0000,58.81903,117.63805,tailpipe OD,DERIVED,
duct_od,1121.0000,58.81903,117.63805,tailpipe OD,DERIVED,
duct_od,1122.0000,58.81903,117.63805,tailpipe OD,DERIVED,
duct_od,1123.0000,58.81903,117.63805,tailpipe OD,DERIVED,
duct_od,1124.0000,58.81903,117.63805,tailpipe OD,DERIVED,
duct_od,1125.0000,58.81903,117.63805,tailpipe OD,DERIVED,
duct_od,1126.0000,58.81903,117.63805,tailpipe OD,DERIVED,
duct_od,1127.0000,58.81903,117.63805,tailpipe OD,DERIVED,
duct_od,1128.0000,58.81903,117.63805,tailpipe OD,DERIVED,
duct_od,1129.0000,58.81903,117.63805,tailpipe OD,DERIVED,
duct_od,1130.0000,58.81903,117.63805,tailpipe OD,DERIVED,
duct_od,1131.0000,58.81903,117.63805,tailpipe OD,DERIVED,
duct_od,1132.0000,58.81903,117.63805,tailpipe OD,DERIVED,
duct_od,1133.0000,58.81903,117.63805,tailpipe OD,DERIVED,
duct_od,1134.0000,58.81903,117.63805,tailpipe OD,DERIVED,
duct_od,1135.0000,58.81903,117.63805,tailpipe OD,DERIVED,
duct_od,1136.0000,58.81903,117.63805,tailpipe OD,DERIVED,
duct_od,1137.0000,58.81903,117.63805,tailpipe OD,DERIVED,
duct_od,1138.0000,58.81903,117.63805,tailpipe OD,DERIVED,
duct_od,1139.0000,58.81903,117.63805,tailpipe OD,DERIVED,
duct_od,1140.0000,58.81903,117.63805,tailpipe OD,DERIVED,
duct_od,1141.0000,58.81903,117.63805,tailpipe OD,DERIVED,
duct_od,1142.0000,58.81903,117.63805,tailpipe OD,DERIVED,
duct_od,1143.0000,58.81903,117.63805,tailpipe OD,DERIVED,
duct_od,1144.0000,58.81903,117.63805,tailpipe OD,DERIVED,
duct_od,1145.0000,58.81903,117.63805,tailpipe OD,DERIVED,
duct_od,1146.0000,58.81903,117.63805,tailpipe OD,DERIVED,
duct_od,1147.0000,58.81903,117.63805,tailpipe OD,DERIVED,
duct_od,1148.0000,58.81903,117.63805,tailpipe OD,DERIVED,
duct_od,1149.0000,58.81903,117.63805,tailpipe OD,DERIVED,
duct_od,1150.0000,58.81903,117.63805,tailpipe OD,DERIVED,
duct_od,1151.0000,58.81903,117.63805,tailpipe OD,DERIVED,
duct_od,1152.0000,58.81903,117.63805,tailpipe OD,DERIVED,
duct_od,1153.0000,58.81903,117.63805,tailpipe OD,DERIVED,
duct_od,1154.0000,58.81903,117.63805,tailpipe OD,DERIVED,
duct_od,1155.0000,58.81903,117.63805,tailpipe OD,DERIVED,
duct_od,1156.0000,58.81903,117.63805,tailpipe OD,DERIVED,
duct_od,1157.0000,58.81903,117.63805,tailpipe OD,DERIVED,
duct_od,1158.0000,58.81903,117.63805,tailpipe OD,DERIVED,
duct_od,1159.0000,58.81903,117.63805,tailpipe OD,DERIVED,
duct_od,1160.0000,58.81903,117.63805,tailpipe OD,DERIVED,
duct_od,1161.0000,58.81903,117.63805,tailpipe OD,DERIVED,
duct_od,1162.0000,58.81903,117.63805,tailpipe OD,DERIVED,
duct_od,1163.0000,58.81903,117.63805,tailpipe OD,DERIVED,
duct_od,1164.0000,58.81903,117.63805,tailpipe OD,DERIVED,
duct_od,1165.0000,58.81903,117.63805,tailpipe OD,DERIVED,
duct_od,1166.0000,58.81903,117.63805,tailpipe OD,DERIVED,
duct_od,1167.0000,58.81903,117.63805,tailpipe OD,DERIVED,
duct_od,1168.0000,58.81903,117.63805,tailpipe OD,DERIVED,
duct_od,1169.0000,58.81903,117.63805,tailpipe OD,DERIVED,
duct_od,1170.0000,58.81903,117.63805,tailpipe OD,DERIVED,
duct_od,1171.0000,58.81903,117.63805,tailpipe OD,DERIVED,
duct_od,1172.0000,58.81903,117.63805,tailpipe OD,DERIVED,
duct_od,1173.0000,58.81903,117.63805,tailpipe OD,DERIVED,
duct_od,1174.0000,58.81903,117.63805,tailpipe OD,DERIVED,
duct_od,1175.0000,58.81903,117.63805,tailpipe OD,DERIVED,
duct_od,1176.0000,58.81903,117.63805,tailpipe OD,DERIVED,
duct_od,1177.0000,58.81903,117.63805,tailpipe OD,DERIVED,
duct_od,1178.0000,58.81903,117.63805,tailpipe OD,DERIVED,
duct_od,1179.0000,58.81903,117.63805,tailpipe OD,DERIVED,
duct_od,1180.0000,58.81903,117.63805,tailpipe OD,DERIVED,
duct_od,1181.0000,58.81903,117.63805,tailpipe OD,DERIVED,
duct_od,1182.0000,58.81903,117.63805,tailpipe OD,DERIVED,
duct_od,1183.0000,58.81903,117.63805,tailpipe OD,DERIVED,
duct_od,1184.0000,58.81903,117.63805,tailpipe OD,DERIVED,
duct_od,1185.0000,58.81903,117.63805,tailpipe OD,DERIVED,
duct_od,1186.0000,58.81903,117.63805,tailpipe OD,DERIVED,
duct_od,1187.0000,58.81903,117.63805,tailpipe OD,DERIVED,
duct_od,1188.0000,58.81903,117.63805,tailpipe OD,DERIVED,
duct_od,1189.0000,58.81903,117.63805,tailpipe OD,DERIVED,
duct_od,1190.0000,58.81903,117.63805,tailpipe OD,DERIVED,
duct_od,1191.0000,58.81903,117.63805,tailpipe OD,DERIVED,
duct_od,1192.0000,58.81903,117.63805,tailpipe OD,DERIVED,
duct_od,1193.0000,58.81903,117.63805,tailpipe OD,DERIVED,
duct_od,1194.0000,58.81903,117.63805,tailpipe OD,DERIVED,
duct_od,1195.0000,58.81903,117.63805,tailpipe OD,DERIVED,
duct_od,1196.0000,58.81903,117.63805,tailpipe OD,DERIVED,
duct_od,1197.0000,58.81903,117.63805,tailpipe OD,DERIVED,
duct_od,1198.0000,58.81903,117.63805,tailpipe OD,DERIVED,
duct_od,1199.0000,58.81903,117.63805,tailpipe OD,DERIVED,
duct_od,1200.0000,58.81903,117.63805,tailpipe OD,DERIVED,
duct_od,1201.0000,58.81903,117.63805,tailpipe OD,DERIVED,
duct_od,1202.0000,58.81903,117.63805,tailpipe OD,DERIVED,
duct_od,1203.0000,58.81903,117.63805,tailpipe OD,DERIVED,
duct_od,1204.0000,58.81903,117.63805,tailpipe OD,DERIVED,
duct_od,1205.0000,58.81903,117.63805,tailpipe OD,DERIVED,
duct_od,1206.0000,58.81903,117.63805,tailpipe OD,DERIVED,
duct_od,1207.0000,58.81903,117.63805,tailpipe OD,DERIVED,
duct_od,1208.0000,58.81903,117.63805,tailpipe OD,DERIVED,
duct_od,1209.0000,58.81903,117.63805,tailpipe OD,DERIVED,
duct_od,1210.0000,58.81903,117.63805,tailpipe OD,DERIVED,
duct_od,1211.0000,58.81903,117.63805,tailpipe OD,DERIVED,
duct_od,1212.0000,58.81903,117.63805,tailpipe OD,DERIVED,
duct_od,1213.0000,58.81903,117.63805,tailpipe OD,DERIVED,
duct_od,1214.0000,58.81903,117.63805,tailpipe OD,DERIVED,
duct_od,1215.0000,58.81903,117.63805,tailpipe OD,DERIVED,
duct_od,1216.0000,58.81903,117.63805,tailpipe OD,DERIVED,
duct_od,1217.0000,58.81903,117.63805,tailpipe OD,DERIVED,
duct_od,1218.0000,58.81903,117.63805,tailpipe OD,DERIVED,
duct_od,1219.0000,58.81903,117.63805,tailpipe OD,DERIVED,
duct_od,1220.0000,58.81903,117.63805,tailpipe OD,DERIVED,
duct_od,1221.0000,58.81903,117.63805,tailpipe OD,DERIVED,
duct_od,1222.0000,58.81903,117.63805,tailpipe OD,DERIVED,
duct_od,1223.0000,58.81903,117.63805,tailpipe OD,DERIVED,
duct_od,1224.0000,58.81903,117.63805,tailpipe OD,DERIVED,
duct_od,1225.0000,58.81903,117.63805,tailpipe OD,DERIVED,
duct_od,1226.0000,58.81903,117.63805,tailpipe OD,DERIVED,
duct_od,1227.0000,58.81903,117.63805,tailpipe OD,DERIVED,
duct_od,1228.0000,58.81903,117.63805,tailpipe OD,DERIVED,
duct_od,1229.0000,58.81903,117.63805,tailpipe OD,DERIVED,
duct_od,1230.0000,58.81903,117.63805,tailpipe OD,DERIVED,
duct_od,1231.0000,58.81903,117.63805,tailpipe OD,DERIVED,
duct_od,1232.0000,58.81903,117.63805,tailpipe OD,DERIVED,
duct_od,1233.0000,58.81903,117.63805,tailpipe OD,DERIVED,
duct_od,1234.0000,58.81903,117.63805,tailpipe OD,DERIVED,
duct_od,1235.0000,58.81903,117.63805,tailpipe OD,DERIVED,
duct_od,1236.0000,58.81903,117.63805,tailpipe OD,DERIVED,
duct_od,1237.0000,58.81903,117.63805,tailpipe OD,DERIVED,
duct_od,1238.0000,58.81903,117.63805,tailpipe OD,DERIVED,
duct_od,1239.0000,58.81903,117.63805,tailpipe OD,DERIVED,
duct_od,1240.0000,58.81903,117.63805,tailpipe OD,DERIVED,
duct_od,1241.0000,58.81903,117.63805,tailpipe OD,DERIVED,
duct_od,1242.0000,58.81903,117.63805,tailpipe OD,DERIVED,
duct_od,1243.0000,58.81903,117.63805,tailpipe OD,DERIVED,
duct_od,1244.0000,58.81903,117.63805,tailpipe OD,DERIVED,
duct_od,1245.0000,58.81903,117.63805,tailpipe OD,DERIVED,
duct_od,1246.0000,58.81903,117.63805,tailpipe OD,DERIVED,
duct_od,1247.0000,58.81903,117.63805,tailpipe OD,DERIVED,
duct_od,1248.0000,58.81903,117.63805,tailpipe OD,DERIVED,
duct_od,1249.0000,58.81903,117.63805,tailpipe OD,DERIVED,
duct_od,1250.0000,58.81903,117.63805,tailpipe OD,DERIVED,
duct_od,1251.0000,58.81903,117.63805,tailpipe OD,DERIVED,
duct_od,1252.0000,58.81903,117.63805,tailpipe OD,DERIVED,
duct_od,1253.0000,58.81903,117.63805,tailpipe OD,DERIVED,
duct_od,1254.0000,58.81903,117.63805,tailpipe OD,DERIVED,
duct_od,1255.0000,58.81903,117.63805,tailpipe OD,DERIVED,
duct_od,1256.0000,58.81903,117.63805,tailpipe OD,DERIVED,
duct_od,1257.0000,58.81903,117.63805,tailpipe OD,DERIVED,
duct_od,1258.0000,58.81903,117.63805,tailpipe OD,DERIVED,
duct_od,1259.0000,58.81903,117.63805,tailpipe OD,DERIVED,
duct_od,1260.0000,58.81903,117.63805,tailpipe OD,DERIVED,
duct_od,1261.0000,58.81903,117.63805,tailpipe OD,DERIVED,
duct_od,1262.0000,58.81903,117.63805,tailpipe OD,DERIVED,
duct_od,1263.0000,58.81903,117.63805,tailpipe OD,DERIVED,
duct_od,1264.0000,58.81903,117.63805,tailpipe OD,DERIVED,
duct_od,1265.0000,58.81903,117.63805,tailpipe OD,DERIVED,
duct_od,1266.0000,58.81903,117.63805,tailpipe OD,DERIVED,
duct_od,1267.0000,58.81903,117.63805,tailpipe OD,DERIVED,
duct_od,1268.0000,58.81903,117.63805,tailpipe OD,DERIVED,
duct_od,1269.0000,58.81903,117.63805,tailpipe OD,DERIVED,
duct_od,1270.0000,58.81903,117.63805,tailpipe OD,DERIVED,
duct_od,1271.0000,58.81903,117.63805,tailpipe OD,DERIVED,
duct_od,1272.0000,58.81903,117.63805,tailpipe OD,DERIVED,
duct_od,1273.0000,58.81903,117.63805,tailpipe OD,DERIVED,
duct_od,1274.0000,58.81903,117.63805,tailpipe OD,DERIVED,
duct_od,1275.0000,58.81903,117.63805,tailpipe OD,DERIVED,
duct_od,1276.0000,58.81903,117.63805,tailpipe OD,DERIVED,
duct_od,1277.0000,58.81903,117.63805,tailpipe OD,DERIVED,
duct_od,1278.0000,58.81903,117.63805,tailpipe OD,DERIVED,
duct_od,1279.0000,58.81903,117.63805,tailpipe OD,DERIVED,
duct_od,1280.0000,58.81903,117.63805,tailpipe OD,DERIVED,
duct_od,1281.0000,58.81903,117.63805,tailpipe OD,DERIVED,
duct_od,1282.0000,58.81903,117.63805,tailpipe OD,DERIVED,
duct_od,1283.0000,58.81903,117.63805,tailpipe OD,DERIVED,
duct_od,1284.0000,58.81903,117.63805,tailpipe OD,DERIVED,
duct_od,1285.0000,58.81903,117.63805,tailpipe OD,DERIVED,
duct_od,1286.0000,58.81903,117.63805,tailpipe OD,DERIVED,
duct_od,1287.0000,58.81903,117.63805,tailpipe OD,DERIVED,
duct_od,1288.0000,58.81903,117.63805,tailpipe OD,DERIVED,
duct_od,1289.0000,58.81903,117.63805,tailpipe OD,DERIVED,
duct_od,1290.0000,58.81903,117.63805,tailpipe OD,DERIVED,
duct_od,1291.0000,58.81903,117.63805,tailpipe OD,DERIVED,
duct_od,1292.0000,58.81903,117.63805,tailpipe OD,DERIVED,
duct_od,1293.0000,58.81903,117.63805,tailpipe OD,DERIVED,
duct_od,1294.0000,58.81903,117.63805,tailpipe OD,DERIVED,
duct_od,1295.0000,58.81903,117.63805,tailpipe OD,DERIVED,
duct_od,1296.0000,58.81903,117.63805,tailpipe OD,DERIVED,
duct_od,1297.0000,58.81903,117.63805,tailpipe OD,DERIVED,
duct_od,1298.0000,58.81903,117.63805,tailpipe OD,DERIVED,
duct_od,1299.0000,58.81903,117.63805,tailpipe OD,DERIVED,
duct_od,1300.0000,58.81903,117.63805,tailpipe OD,DERIVED,
duct_od,1301.0000,58.81903,117.63805,tailpipe OD,DERIVED,
duct_od,1302.0000,58.81903,117.63805,tailpipe OD,DERIVED,
duct_od,1303.0000,58.81903,117.63805,tailpipe OD,DERIVED,
duct_od,1304.0000,58.81903,117.63805,tailpipe OD,DERIVED,
duct_od,1305.0000,58.81903,117.63805,tailpipe OD,DERIVED,
duct_od,1306.0000,58.81903,117.63805,tailpipe OD,DERIVED,
duct_od,1307.0000,58.81903,117.63805,tailpipe OD,DERIVED,
duct_od,1308.0000,58.81903,117.63805,tailpipe OD,DERIVED,
duct_od,1309.0000,58.81903,117.63805,tailpipe OD,DERIVED,
duct_od,1310.0000,58.81903,117.63805,tailpipe OD,DERIVED,
duct_od,1311.0000,58.81903,117.63805,tailpipe OD,DERIVED,
duct_od,1312.0000,58.81903,117.63805,tailpipe OD,DERIVED,
duct_od,1313.0000,58.81903,117.63805,tailpipe OD,DERIVED,
duct_od,1314.0000,58.81903,117.63805,tailpipe OD,DERIVED,
duct_od,1315.0000,58.81903,117.63805,tailpipe OD,DERIVED,
duct_od,1316.0000,58.81903,117.63805,tailpipe OD,DERIVED,
duct_od,1317.0000,58.81903,117.63805,tailpipe OD,DERIVED,
duct_od,1318.0000,58.81903,117.63805,tailpipe OD,DERIVED,
duct_od,1319.0000,58.81903,117.63805,tailpipe OD,DERIVED,
duct_od,1320.0000,58.81903,117.63805,tailpipe OD,DERIVED,
duct_od,1321.0000,58.81903,117.63805,tailpipe OD,DERIVED,
duct_od,1322.0000,58.81903,117.63805,tailpipe OD,DERIVED,
duct_od,1323.0000,58.81903,117.63805,tailpipe OD,DERIVED,
duct_od,1324.0000,58.81903,117.63805,tailpipe OD,DERIVED,
duct_od,1325.0000,58.81903,117.63805,tailpipe OD,DERIVED,
duct_od,1326.0000,58.81903,117.63805,tailpipe OD,DERIVED,
duct_od,1327.0000,58.81903,117.63805,tailpipe OD,DERIVED,
duct_od,1328.0000,58.81903,117.63805,tailpipe OD,DERIVED,
duct_od,1329.0000,58.81903,117.63805,tailpipe OD,DERIVED,
duct_od,1330.0000,58.81903,117.63805,tailpipe OD,DERIVED,
duct_od,1331.0000,58.81903,117.63805,tailpipe OD,DERIVED,
duct_od,1332.0000,58.81903,117.63805,tailpipe OD,DERIVED,
duct_od,1333.0000,58.81903,117.63805,tailpipe OD,DERIVED,
duct_od,1334.0000,58.81903,117.63805,tailpipe OD,DERIVED,
duct_od,1335.0000,58.81903,117.63805,tailpipe OD,DERIVED,
duct_od,1336.0000,58.81903,117.63805,tailpipe OD,DERIVED,
duct_od,1337.0000,58.81903,117.63805,tailpipe OD,DERIVED,
duct_od,1338.0000,58.81903,117.63805,tailpipe OD,DERIVED,
duct_od,1339.0000,58.81903,117.63805,tailpipe OD,DERIVED,
duct_od,1340.0000,58.81903,117.63805,tailpipe OD,DERIVED,
duct_od,1341.0000,58.81903,117.63805,tailpipe OD,DERIVED,
duct_od,1342.0000,58.81903,117.63805,tailpipe OD,DERIVED,
duct_od,1343.0000,58.81903,117.63805,tailpipe OD,DERIVED,
duct_od,1344.0000,58.81903,117.63805,tailpipe OD,DERIVED,
duct_od,1345.0000,58.81903,117.63805,tailpipe OD,DERIVED,
duct_od,1346.0000,58.81903,117.63805,tailpipe OD,DERIVED,
duct_od,1347.0000,58.81903,117.63805,tailpipe OD,DERIVED,
duct_od,1348.0000,58.81903,117.63805,tailpipe OD,DERIVED,
duct_od,1349.0000,58.81903,117.63805,tailpipe OD,DERIVED,
duct_od,1350.0000,58.81903,117.63805,tailpipe OD,DERIVED,
duct_od,1351.0000,58.81903,117.63805,tailpipe OD,DERIVED,
duct_od,1352.0000,58.81903,117.63805,tailpipe OD,DERIVED,
duct_od,1353.0000,58.81903,117.63805,tailpipe OD,DERIVED,
duct_od,1354.0000,58.81903,117.63805,tailpipe OD,DERIVED,
duct_od,1355.0000,58.81903,117.63805,tailpipe OD,DERIVED,
duct_od,1356.0000,58.81903,117.63805,tailpipe OD,DERIVED,
duct_od,1357.0000,58.81903,117.63805,tailpipe OD,DERIVED,
duct_od,1358.0000,58.81903,117.63805,tailpipe OD,DERIVED,
duct_od,1359.0000,58.81903,117.63805,tailpipe OD,DERIVED,
duct_od,1360.0000,58.81903,117.63805,tailpipe OD,DERIVED,
duct_od,1361.0000,58.81903,117.63805,tailpipe OD,DERIVED,
duct_od,1362.0000,58.81903,117.63805,tailpipe OD,DERIVED,
duct_od,1363.0000,58.81903,117.63805,tailpipe OD,DERIVED,
duct_od,1364.0000,58.81903,117.63805,tailpipe OD,DERIVED,
duct_od,1365.0000,58.81903,117.63805,tailpipe OD,DERIVED,
duct_od,1366.0000,58.81903,117.63805,tailpipe OD,DERIVED,
duct_od,1367.0000,58.81903,117.63805,tailpipe OD,DERIVED,
duct_od,1368.0000,58.81903,117.63805,tailpipe OD,DERIVED,
duct_od,1369.0000,58.81903,117.63805,tailpipe OD,DERIVED,
duct_od,1370.0000,58.81903,117.63805,tailpipe OD,DERIVED,
duct_od,1371.0000,58.81903,117.63805,tailpipe OD,DERIVED,
duct_od,1372.0000,58.81903,117.63805,tailpipe OD,DERIVED,
duct_od,1373.0000,58.81903,117.63805,tailpipe OD,DERIVED,
duct_od,1374.0000,58.81903,117.63805,tailpipe OD,DERIVED,
duct_od,1375.0000,58.81903,117.63805,tailpipe OD,DERIVED,
duct_od,1376.0000,58.81903,117.63805,tailpipe OD,DERIVED,
duct_od,1377.0000,58.81903,117.63805,tailpipe OD,DERIVED,
duct_od,1378.0000,58.81903,117.63805,tailpipe OD,DERIVED,
duct_od,1379.0000,58.81903,117.63805,tailpipe OD,DERIVED,
duct_od,1380.0000,58.81903,117.63805,tailpipe OD,DERIVED,
duct_od,1381.0000,58.81903,117.63805,tailpipe OD,DERIVED,
duct_od,1382.0000,58.81903,117.63805,tailpipe OD,DERIVED,
duct_od,1383.0000,58.81903,117.63805,tailpipe OD,DERIVED,
duct_od,1384.0000,58.81903,117.63805,tailpipe OD,DERIVED,
duct_od,1385.0000,58.81903,117.63805,tailpipe OD,DERIVED,
duct_od,1386.0000,58.81903,117.63805,tailpipe OD,DERIVED,
duct_od,1387.0000,58.81903,117.63805,tailpipe OD,DERIVED,
duct_od,1388.0000,58.81903,117.63805,tailpipe OD,DERIVED,
duct_od,1389.0000,58.81903,117.63805,tailpipe OD,DERIVED,
duct_od,1390.0000,58.81903,117.63805,tailpipe OD,DERIVED,
duct_od,1391.0000,58.81903,117.63805,tailpipe OD,DERIVED,
duct_od,1392.0000,58.81903,117.63805,tailpipe OD,DERIVED,
duct_od,1393.0000,58.81903,117.63805,tailpipe OD,DERIVED,
duct_od,1394.0000,58.81903,117.63805,tailpipe OD,DERIVED,
duct_od,1395.0000,58.81903,117.63805,tailpipe OD,DERIVED,
duct_od,1396.0000,58.81903,117.63805,tailpipe OD,DERIVED,
duct_od,1397.0000,58.81903,117.63805,tailpipe OD,DERIVED,
duct_od,1398.0000,58.81903,117.63805,tailpipe OD,DERIVED,
duct_od,1399.0000,58.81903,117.63805,tailpipe OD,DERIVED,
duct_od,1400.0000,58.81903,117.63805,tailpipe OD,DERIVED,
duct_od,1401.0000,58.81903,117.63805,tailpipe OD,DERIVED,
duct_od,1402.0000,58.81903,117.63805,tailpipe OD,DERIVED,
duct_od,1403.0000,58.81903,117.63805,tailpipe OD,DERIVED,
duct_od,1404.0000,58.81903,117.63805,tailpipe OD,DERIVED,
duct_od,1405.0000,58.81903,117.63805,tailpipe OD,DERIVED,
duct_od,1406.0000,58.81903,117.63805,tailpipe OD,DERIVED,
duct_od,1407.0000,58.81903,117.63805,tailpipe OD,DERIVED,
duct_od,1408.0000,58.81903,117.63805,tailpipe OD,DERIVED,
duct_od,1409.0000,58.81903,117.63805,tailpipe OD,DERIVED,
duct_od,1410.0000,58.81903,117.63805,tailpipe OD,DERIVED,
duct_od,1411.0000,58.81903,117.63805,tailpipe OD,DERIVED,
duct_od,1412.0000,58.81903,117.63805,tailpipe OD,DERIVED,
duct_od,1413.0000,58.81903,117.63805,tailpipe OD,DERIVED,
duct_od,1414.0000,58.81903,117.63805,tailpipe OD,DERIVED,
duct_od,1415.0000,58.81903,117.63805,tailpipe OD,DERIVED,
duct_od,1416.0000,58.81903,117.63805,tailpipe OD,DERIVED,
duct_od,1417.0000,58.81903,117.63805,tailpipe OD,DERIVED,
duct_od,1418.0000,58.81903,117.63805,tailpipe OD,DERIVED,
duct_od,1419.0000,58.81903,117.63805,tailpipe OD,DERIVED,
duct_od,1420.0000,58.81903,117.63805,tailpipe OD,DERIVED,
duct_od,1421.0000,58.81903,117.63805,tailpipe OD,DERIVED,
duct_od,1422.0000,58.81903,117.63805,tailpipe OD,DERIVED,
duct_od,1423.0000,58.81903,117.63805,tailpipe OD,DERIVED,
duct_od,1424.0000,58.81903,117.63805,tailpipe OD,DERIVED,
duct_od,1425.0000,58.81903,117.63805,tailpipe OD,DERIVED,
duct_od,1426.0000,58.81903,117.63805,tailpipe OD,DERIVED,
duct_od,1427.0000,58.81903,117.63805,tailpipe OD,DERIVED,
duct_od,1428.0000,58.81903,117.63805,tailpipe OD,DERIVED,
duct_od,1429.0000,58.81903,117.63805,tailpipe OD,DERIVED,
duct_od,1430.0000,58.81903,117.63805,tailpipe OD,DERIVED,
duct_od,1431.0000,58.81903,117.63805,tailpipe OD,DERIVED,
duct_od,1432.0000,58.81903,117.63805,tailpipe OD,DERIVED,
duct_od,1433.0000,58.81903,117.63805,tailpipe OD,DERIVED,
duct_od,1434.0000,58.81903,117.63805,tailpipe OD,DERIVED,
duct_od,1435.0000,58.81903,117.63805,tailpipe OD,DERIVED,
duct_od,1436.0000,58.81903,117.63805,tailpipe OD,DERIVED,
duct_od,1437.0000,58.81903,117.63805,tailpipe OD,DERIVED,
duct_od,1438.0000,58.81903,117.63805,tailpipe OD,DERIVED,
duct_od,1439.0000,58.81903,117.63805,tailpipe OD,DERIVED,
duct_od,1440.0000,58.81903,117.63805,tailpipe OD,DERIVED,
duct_od,1441.0000,58.81903,117.63805,tailpipe OD,DERIVED,
duct_od,1442.0000,58.81903,117.63805,tailpipe OD,DERIVED,
duct_od,1443.0000,58.81903,117.63805,tailpipe OD,DERIVED,
duct_od,1444.0000,58.81903,117.63805,tailpipe OD,DERIVED,
duct_od,1445.0000,58.81903,117.63805,tailpipe OD,DERIVED,
duct_od,1446.0000,58.81903,117.63805,tailpipe OD,DERIVED,
duct_od,1447.0000,58.81903,117.63805,tailpipe OD,DERIVED,
duct_od,1448.0000,58.81903,117.63805,tailpipe OD,DERIVED,
duct_od,1449.0000,58.81903,117.63805,tailpipe OD,DERIVED,
duct_od,1450.0000,58.81903,117.63805,tailpipe OD,DERIVED,
duct_od,1451.0000,58.81903,117.63805,tailpipe OD,DERIVED,
duct_od,1452.0000,58.81903,117.63805,tailpipe OD,DERIVED,
duct_od,1453.0000,58.81903,117.63805,tailpipe OD,DERIVED,
duct_od,1454.0000,58.81903,117.63805,tailpipe OD,DERIVED,
duct_od,1455.0000,58.81903,117.63805,tailpipe OD,DERIVED,
duct_od,1456.0000,58.81903,117.63805,tailpipe OD,DERIVED,
duct_od,1457.0000,58.81903,117.63805,tailpipe OD,DERIVED,
duct_od,1458.0000,58.81903,117.63805,tailpipe OD,DERIVED,
duct_od,1459.0000,58.81903,117.63805,tailpipe OD,DERIVED,
duct_od,1460.0000,58.81903,117.63805,tailpipe OD,DERIVED,
duct_od,1461.0000,58.81903,117.63805,tailpipe OD,DERIVED,
duct_od,1462.0000,58.81903,117.63805,tailpipe OD,DERIVED,
duct_od,1463.0000,58.81903,117.63805,tailpipe OD,DERIVED,
duct_od,1464.0000,58.81903,117.63805,tailpipe OD,DERIVED,
duct_od,1465.0000,58.81903,117.63805,tailpipe OD,DERIVED,
duct_od,1466.0000,58.81903,117.63805,tailpipe OD,DERIVED,
duct_od,1467.0000,58.81903,117.63805,tailpipe OD,DERIVED,
duct_od,1468.0000,58.81903,117.63805,tailpipe OD,DERIVED,
duct_od,1469.0000,58.81903,117.63805,tailpipe OD,DERIVED,
duct_od,1470.0000,58.81903,117.63805,tailpipe OD,DERIVED,
duct_od,1471.0000,58.81903,117.63805,tailpipe OD,DERIVED,
duct_od,1472.0000,58.81903,117.63805,tailpipe OD,DERIVED,
duct_od,1473.0000,58.81903,117.63805,tailpipe OD,DERIVED,
duct_od,1474.0000,58.81903,117.63805,tailpipe OD,DERIVED,
duct_od,1475.0000,58.81903,117.63805,tailpipe OD,DERIVED,
duct_od,1476.0000,58.81903,117.63805,tailpipe OD,DERIVED,
duct_od,1477.0000,58.81903,117.63805,tailpipe OD,DERIVED,
duct_od,1478.0000,58.81903,117.63805,tailpipe OD,DERIVED,
duct_od,1479.0000,58.81903,117.63805,tailpipe OD,DERIVED,
duct_od,1480.0000,58.81903,117.63805,tailpipe OD,DERIVED,
duct_od,1481.0000,58.81903,117.63805,tailpipe OD,DERIVED,
duct_od,1482.0000,58.81903,117.63805,tailpipe OD,DERIVED,
duct_od,1483.0000,58.81903,117.63805,tailpipe OD,DERIVED,
duct_od,1484.0000,58.81903,117.63805,tailpipe OD,DERIVED,
duct_od,1485.0000,58.81903,117.63805,tailpipe OD,DERIVED,
duct_od,1486.0000,58.81903,117.63805,tailpipe OD,DERIVED,
duct_od,1487.0000,58.81903,117.63805,tailpipe OD,DERIVED,
duct_od,1488.0000,58.81903,117.63805,tailpipe OD,DERIVED,
duct_od,1489.0000,58.81903,117.63805,tailpipe OD,DERIVED,
duct_od,1490.0000,58.81903,117.63805,tailpipe OD,DERIVED,
duct_od,1491.0000,58.81903,117.63805,tailpipe OD,DERIVED,
duct_od,1492.0000,58.81903,117.63805,tailpipe OD,DERIVED,
duct_od,1493.0000,58.81903,117.63805,tailpipe OD,DERIVED,
duct_od,1494.0000,58.81903,117.63805,tailpipe OD,DERIVED,
duct_od,1495.0000,58.81903,117.63805,tailpipe OD,DERIVED,
duct_od,1496.0000,58.81903,117.63805,tailpipe OD,DERIVED,
duct_od,1497.0000,58.81903,117.63805,tailpipe OD,DERIVED,
duct_od,1498.0000,58.81903,117.63805,tailpipe OD,DERIVED,
duct_od,1499.0000,58.81903,117.63805,tailpipe OD,DERIVED,
duct_od,1500.0000,58.81903,117.63805,tailpipe OD,DERIVED,
duct_od,1501.0000,58.81903,117.63805,tailpipe OD,DERIVED,
duct_od,1502.0000,58.81903,117.63805,tailpipe OD,DERIVED,
duct_od,1503.0000,58.81903,117.63805,tailpipe OD,DERIVED,
duct_od,1504.0000,58.81903,117.63805,tailpipe OD,DERIVED,
duct_od,1505.0000,58.81903,117.63805,tailpipe OD,DERIVED,
duct_od,1506.0000,58.81903,117.63805,tailpipe OD,DERIVED,
duct_od,1507.0000,58.81903,117.63805,tailpipe OD,DERIVED,
duct_od,1508.0000,58.81903,117.63805,tailpipe OD,DERIVED,
duct_od,1509.0000,58.81903,117.63805,tailpipe OD,DERIVED,
duct_od,1510.0000,58.81903,117.63805,tailpipe OD,DERIVED,
duct_od,1511.0000,58.81903,117.63805,tailpipe OD,DERIVED,
duct_od,1512.0000,58.81903,117.63805,tailpipe OD,DERIVED,
duct_od,1513.0000,58.81903,117.63805,tailpipe OD,DERIVED,
duct_od,1514.0000,58.81903,117.63805,tailpipe OD,DERIVED,
duct_od,1515.0000,58.81903,117.63805,tailpipe OD,DERIVED,
duct_od,1516.0000,58.81903,117.63805,tailpipe OD,DERIVED,
duct_od,1517.0000,58.81903,117.63805,tailpipe OD,DERIVED,
duct_od,1518.0000,58.81903,117.63805,tailpipe OD,DERIVED,
duct_od,1519.0000,58.81903,117.63805,tailpipe OD,DERIVED,
duct_od,1520.0000,58.81903,117.63805,tailpipe OD,DERIVED,
duct_od,1521.0000,58.81903,117.63805,tailpipe OD,DERIVED,
duct_od,1522.0000,58.81903,117.63805,tailpipe OD,DERIVED,
duct_od,1523.0000,58.81903,117.63805,tailpipe OD,DERIVED,
duct_od,1524.0000,58.81903,117.63805,tailpipe OD,DERIVED,
duct_od,1525.0000,58.81903,117.63805,tailpipe OD,DERIVED,
duct_od,1526.0000,58.81903,117.63805,tailpipe OD,DERIVED,
duct_od,1527.0000,58.81903,117.63805,tailpipe OD,DERIVED,
duct_od,1528.0000,58.81903,117.63805,tailpipe OD,DERIVED,
duct_od,1529.0000,58.81903,117.63805,tailpipe OD,DERIVED,
duct_od,1530.0000,58.81903,117.63805,tailpipe OD,DERIVED,
duct_od,1531.0000,58.81903,117.63805,tailpipe OD,DERIVED,
duct_od,1532.0000,58.81903,117.63805,tailpipe OD,DERIVED,
duct_od,1533.0000,58.81903,117.63805,tailpipe OD,DERIVED,
duct_od,1534.0000,58.81903,117.63805,tailpipe OD,DERIVED,
duct_od,1535.0000,58.81903,117.63805,tailpipe OD,DERIVED,
duct_od,1536.0000,58.81903,117.63805,tailpipe OD,DERIVED,
duct_od,1537.0000,58.81903,117.63805,tailpipe OD,DERIVED,
duct_od,1538.0000,58.81903,117.63805,tailpipe OD,DERIVED,
duct_od,1539.0000,58.81903,117.63805,tailpipe OD,DERIVED,
duct_od,1540.0000,58.81903,117.63805,tailpipe OD,DERIVED,
duct_od,1541.0000,58.81903,117.63805,tailpipe OD,DERIVED,
duct_od,1542.0000,58.81903,117.63805,tailpipe OD,DERIVED,
duct_od,1543.0000,58.81903,117.63805,tailpipe OD,DERIVED,
duct_od,1544.0000,58.81903,117.63805,tailpipe OD,DERIVED,
duct_od,1545.0000,58.81903,117.63805,tailpipe OD,DERIVED,
duct_od,1546.0000,58.81903,117.63805,tailpipe OD,DERIVED,
duct_od,1547.0000,58.81903,117.63805,tailpipe OD,DERIVED,
duct_od,1548.0000,58.81903,117.63805,tailpipe OD,DERIVED,
duct_od,1549.0000,58.81903,117.63805,tailpipe OD,DERIVED,
duct_od,1550.0000,58.81903,117.63805,tailpipe OD,DERIVED,
duct_od,1551.0000,58.81903,117.63805,tailpipe OD,DERIVED,
duct_od,1552.0000,58.81903,117.63805,tailpipe OD,DERIVED,
duct_od,1553.0000,58.81903,117.63805,tailpipe OD,DERIVED,
duct_od,1554.0000,58.81903,117.63805,tailpipe OD,DERIVED,
duct_od,1555.0000,58.81903,117.63805,tailpipe OD,DERIVED,
duct_od,1556.0000,58.81903,117.63805,tailpipe OD,DERIVED,
duct_od,1557.0000,58.81903,117.63805,tailpipe OD,DERIVED,
duct_od,1558.0000,58.81903,117.63805,tailpipe OD,DERIVED,
duct_od,1559.0000,58.81903,117.63805,tailpipe OD,DERIVED,
duct_od,1560.0000,58.81903,117.63805,tailpipe OD,DERIVED,
duct_od,1561.0000,58.81903,117.63805,tailpipe OD,DERIVED,
duct_od,1562.0000,58.81903,117.63805,tailpipe OD,DERIVED,
duct_od,1563.0000,58.81903,117.63805,tailpipe OD,DERIVED,
duct_od,1564.0000,58.81903,117.63805,tailpipe OD,DERIVED,
duct_od,1565.0000,58.81903,117.63805,tailpipe OD,DERIVED,
duct_od,1566.0000,58.81903,117.63805,tailpipe OD,DERIVED,
duct_od,1567.0000,58.81903,117.63805,tailpipe OD,DERIVED,
duct_od,1568.0000,58.81903,117.63805,tailpipe OD,DERIVED,
duct_od,1569.0000,58.81903,117.63805,tailpipe OD,DERIVED,
duct_od,1570.0000,58.81903,117.63805,tailpipe OD,DERIVED,
duct_od,1571.0000,58.81903,117.63805,tailpipe OD,DERIVED,
duct_od,1572.0000,58.81903,117.63805,tailpipe OD,DERIVED,
duct_od,1573.0000,58.81903,117.63805,tailpipe OD,DERIVED,
duct_od,1574.0000,58.81903,117.63805,tailpipe OD,DERIVED,
duct_od,1575.0000,58.81903,117.63805,tailpipe OD,DERIVED,
duct_od,1576.0000,58.81903,117.63805,tailpipe OD,DERIVED,
duct_od,1577.0000,58.81903,117.63805,tailpipe OD,DERIVED,
duct_od,1578.0000,58.81903,117.63805,tailpipe OD,DERIVED,
duct_od,1579.0000,58.81903,117.63805,tailpipe OD,DERIVED,
duct_od,1580.0000,58.81903,117.63805,tailpipe OD,DERIVED,
duct_od,1581.0000,58.81903,117.63805,tailpipe OD,DERIVED,
duct_od,1582.0000,58.81903,117.63805,tailpipe OD,DERIVED,
duct_od,1583.0000,58.81903,117.63805,tailpipe OD,DERIVED,
duct_od,1584.0000,58.81903,117.63805,tailpipe OD,DERIVED,
duct_od,1585.0000,58.81903,117.63805,tailpipe OD,DERIVED,
duct_od,1586.0000,58.81903,117.63805,tailpipe OD,DERIVED,
duct_od,1587.0000,58.81903,117.63805,tailpipe OD,DERIVED,
duct_od,1588.0000,58.81903,117.63805,tailpipe OD,DERIVED,
duct_od,1589.0000,58.81903,117.63805,tailpipe OD,DERIVED,
duct_od,1590.0000,58.81903,117.63805,tailpipe OD,DERIVED,
duct_od,1591.0000,58.81903,117.63805,tailpipe OD,DERIVED,
duct_od,1592.0000,58.81903,117.63805,tailpipe OD,DERIVED,
duct_od,1593.0000,58.81903,117.63805,tailpipe OD,DERIVED,
duct_od,1594.0000,58.81903,117.63805,tailpipe OD,DERIVED,
duct_od,1595.0000,58.81903,117.63805,tailpipe OD,DERIVED,
duct_od,1596.0000,58.81903,117.63805,tailpipe OD,DERIVED,
duct_od,1597.0000,58.81903,117.63805,tailpipe OD,DERIVED,
duct_od,1598.0000,58.81903,117.63805,tailpipe OD,DERIVED,
duct_od,1599.0000,58.81903,117.63805,tailpipe OD,DERIVED,
duct_od,1600.0000,58.81903,117.63805,tailpipe OD,DERIVED,
duct_od,1601.0000,58.81903,117.63805,tailpipe OD,DERIVED,
duct_od,1602.0000,58.81903,117.63805,tailpipe OD,DERIVED,
duct_od,1603.0000,58.81903,117.63805,tailpipe OD,DERIVED,
duct_od,1604.0000,58.81903,117.63805,tailpipe OD,DERIVED,
duct_od,1605.0000,58.81903,117.63805,tailpipe OD,DERIVED,
duct_od,1606.0000,58.81903,117.63805,tailpipe OD,DERIVED,
duct_od,1607.0000,58.81903,117.63805,tailpipe OD,DERIVED,
duct_od,1608.0000,58.81903,117.63805,tailpipe OD,DERIVED,
duct_od,1609.0000,58.81903,117.63805,tailpipe OD,DERIVED,
duct_od,1610.0000,58.81903,117.63805,tailpipe OD,DERIVED,
duct_od,1611.0000,58.81903,117.63805,tailpipe OD,DERIVED,
duct_od,1612.0000,58.81903,117.63805,tailpipe OD,DERIVED,
duct_od,1613.0000,58.81903,117.63805,tailpipe OD,DERIVED,
duct_od,1614.0000,58.81903,117.63805,tailpipe OD,DERIVED,
duct_od,1615.0000,58.81903,117.63805,tailpipe OD,DERIVED,
duct_od,1616.0000,58.81903,117.63805,tailpipe OD,DERIVED,
duct_od,1617.0000,58.81903,117.63805,tailpipe OD,DERIVED,
duct_od,1618.0000,58.81903,117.63805,tailpipe OD,DERIVED,
duct_od,1619.0000,58.81903,117.63805,tailpipe OD,DERIVED,
duct_od,1620.0000,58.81903,117.63805,tailpipe OD,DERIVED,
duct_od,1621.0000,58.81903,117.63805,tailpipe OD,DERIVED,
duct_od,1622.0000,58.81903,117.63805,tailpipe OD,DERIVED,
duct_od,1623.0000,58.81903,117.63805,tailpipe OD,DERIVED,
duct_od,1624.0000,58.81903,117.63805,tailpipe OD,DERIVED,
duct_od,1625.0000,58.81903,117.63805,tailpipe OD,DERIVED,
duct_od,1626.0000,58.81903,117.63805,tailpipe OD,DERIVED,
duct_od,1627.0000,58.81903,117.63805,tailpipe OD,DERIVED,
duct_od,1628.0000,58.81903,117.63805,tailpipe OD,DERIVED,
duct_od,1629.0000,58.81903,117.63805,tailpipe OD,DERIVED,
duct_od,1630.0000,58.81903,117.63805,tailpipe OD,DERIVED,
duct_od,1631.0000,58.81903,117.63805,tailpipe OD,DERIVED,
duct_od,1632.0000,58.81903,117.63805,tailpipe OD,DERIVED,
duct_od,1633.0000,58.81903,117.63805,tailpipe OD,DERIVED,
duct_od,1634.0000,58.81903,117.63805,tailpipe OD,DERIVED,
duct_od,1635.0000,58.81903,117.63805,tailpipe OD,DERIVED,
duct_od,1636.0000,58.81903,117.63805,tailpipe OD,DERIVED,
duct_od,1637.0000,58.81903,117.63805,tailpipe OD,DERIVED,
duct_od,1638.0000,58.81903,117.63805,tailpipe OD,DERIVED,
duct_od,1639.0000,58.81903,117.63805,tailpipe OD,DERIVED,
duct_od,1640.0000,58.81903,117.63805,tailpipe OD,DERIVED,
duct_od,1641.0000,58.81903,117.63805,tailpipe OD,DERIVED,
duct_od,1642.0000,58.81903,117.63805,tailpipe OD,DERIVED,
duct_od,1643.0000,58.81903,117.63805,tailpipe OD,DERIVED,
duct_od,1644.0000,58.81903,117.63805,tailpipe OD,DERIVED,
duct_od,1645.0000,58.81903,117.63805,tailpipe OD,DERIVED,
duct_od,1646.0000,58.81903,117.63805,tailpipe OD,DERIVED,
duct_od,1647.0000,58.81903,117.63805,tailpipe OD,DERIVED,
duct_od,1648.0000,58.81903,117.63805,tailpipe OD,DERIVED,
duct_od,1649.0000,58.81903,117.63805,tailpipe OD,DERIVED,
duct_od,1650.0000,58.81903,117.63805,tailpipe OD,DERIVED,
duct_od,1651.0000,58.81903,117.63805,tailpipe OD,DERIVED,
duct_od,1652.0000,58.81903,117.63805,tailpipe OD,DERIVED,
duct_od,1653.0000,58.81903,117.63805,tailpipe OD,DERIVED,
duct_od,1654.0000,58.81903,117.63805,tailpipe OD,DERIVED,
duct_od,1655.0000,58.81903,117.63805,tailpipe OD,DERIVED,
duct_od,1656.0000,58.81903,117.63805,tailpipe OD,DERIVED,
duct_od,1657.0000,58.81903,117.63805,tailpipe OD,DERIVED,
duct_od,1658.0000,58.81903,117.63805,tailpipe OD,DERIVED,
duct_od,1659.0000,58.81903,117.63805,tailpipe OD,DERIVED,
duct_od,1660.0000,58.81903,117.63805,tailpipe OD,DERIVED,
duct_od,1661.0000,58.81903,117.63805,tailpipe OD,DERIVED,
duct_od,1662.0000,58.81903,117.63805,tailpipe OD,DERIVED,
duct_od,1663.0000,58.81903,117.63805,tailpipe OD,DERIVED,
duct_od,1664.0000,58.81903,117.63805,tailpipe OD,DERIVED,
duct_od,1665.0000,58.81903,117.63805,tailpipe OD,DERIVED,
duct_od,1666.0000,58.81903,117.63805,tailpipe OD,DERIVED,
duct_od,1667.0000,58.81903,117.63805,tailpipe OD,DERIVED,
duct_od,1668.0000,58.81903,117.63805,tailpipe OD,DERIVED,
duct_od,1669.0000,58.81903,117.63805,tailpipe OD,DERIVED,
duct_od,1670.0000,58.81903,117.63805,tailpipe OD,DERIVED,
duct_od,1671.0000,58.81903,117.63805,tailpipe OD,DERIVED,
duct_od,1672.0000,58.81903,117.63805,tailpipe OD,DERIVED,
duct_od,1673.0000,58.81903,117.63805,tailpipe OD,DERIVED,
duct_od,1674.0000,58.81903,117.63805,tailpipe OD,DERIVED,
duct_od,1675.0000,58.81903,117.63805,tailpipe OD,DERIVED,
duct_od,1676.0000,58.81903,117.63805,tailpipe OD,DERIVED,
duct_od,1677.0000,58.81903,117.63805,tailpipe OD,DERIVED,
duct_od,1678.0000,58.81903,117.63805,tailpipe OD,DERIVED,
duct_od,1679.0000,58.81903,117.63805,tailpipe OD,DERIVED,
duct_od,1680.0000,58.81903,117.63805,tailpipe OD,DERIVED,
duct_od,1681.0000,58.81903,117.63805,tailpipe OD,DERIVED,
duct_od,1682.0000,58.81903,117.63805,tailpipe OD,DERIVED,
duct_od,1683.0000,58.81903,117.63805,tailpipe OD,DERIVED,
duct_od,1684.0000,58.81903,117.63805,tailpipe OD,DERIVED,
duct_od,1685.0000,58.81903,117.63805,tailpipe OD,DERIVED,
duct_od,1686.0000,58.81903,117.63805,tailpipe OD,DERIVED,
duct_od,1687.0000,58.81903,117.63805,tailpipe OD,DERIVED,
duct_od,1688.0000,58.81903,117.63805,tailpipe OD,DERIVED,
duct_od,1689.0000,58.81903,117.63805,tailpipe OD,DERIVED,
duct_od,1690.0000,58.81903,117.63805,tailpipe OD,DERIVED,
duct_od,1691.0000,58.81903,117.63805,tailpipe OD,DERIVED,
duct_od,1692.0000,58.81903,117.63805,tailpipe OD,DERIVED,
duct_od,1693.0000,58.81903,117.63805,tailpipe OD,DERIVED,
duct_od,1694.0000,58.81903,117.63805,tailpipe OD,DERIVED,
duct_od,1695.0000,58.81903,117.63805,tailpipe OD,DERIVED,
duct_od,1696.0000,58.81903,117.63805,tailpipe OD,DERIVED,
duct_od,1697.0000,58.81903,117.63805,tailpipe OD,DERIVED,
duct_od,1698.0000,58.81903,117.63805,tailpipe OD,DERIVED,
duct_od,1699.0000,58.81903,117.63805,tailpipe OD,DERIVED,
duct_od,1700.0000,58.81903,117.63805,tailpipe OD,DERIVED,
duct_od,1701.0000,58.81903,117.63805,tailpipe OD,DERIVED,
duct_od,1702.0000,58.81903,117.63805,tailpipe OD,DERIVED,
duct_od,1703.0000,58.81903,117.63805,tailpipe OD,DERIVED,
duct_od,1704.0000,58.81903,117.63805,tailpipe OD,DERIVED,
duct_od,1705.0000,58.81903,117.63805,tailpipe OD,DERIVED,
duct_od,1706.0000,58.81903,117.63805,tailpipe OD,DERIVED,
duct_od,1707.0000,58.81903,117.63805,tailpipe OD,DERIVED,
duct_od,1708.0000,58.81903,117.63805,tailpipe OD,DERIVED,
duct_od,1709.0000,58.81903,117.63805,tailpipe OD,DERIVED,
duct_od,1710.0000,58.81903,117.63805,tailpipe OD,DERIVED,
duct_od,1711.0000,58.81903,117.63805,tailpipe OD,DERIVED,
duct_od,1712.0000,58.81903,117.63805,tailpipe OD,DERIVED,
duct_od,1713.0000,58.81903,117.63805,tailpipe OD,DERIVED,
duct_od,1714.0000,58.81903,117.63805,tailpipe OD,DERIVED,
duct_od,1715.0000,58.81903,117.63805,tailpipe OD,DERIVED,
duct_od,1716.0000,58.81903,117.63805,tailpipe OD,DERIVED,
duct_od,1717.0000,58.81903,117.63805,tailpipe OD,DERIVED,
duct_od,1718.0000,58.81903,117.63805,tailpipe OD,DERIVED,
duct_od,1719.0000,58.81903,117.63805,tailpipe OD,DERIVED,
duct_od,1720.0000,58.81903,117.63805,tailpipe OD,DERIVED,
duct_od,1721.0000,58.81903,117.63805,tailpipe OD,DERIVED,
duct_od,1722.0000,58.81903,117.63805,tailpipe OD,DERIVED,
duct_od,1723.0000,58.81903,117.63805,tailpipe OD,DERIVED,
duct_od,1724.0000,58.81903,117.63805,tailpipe OD,DERIVED,
duct_od,1725.0000,58.81903,117.63805,tailpipe OD,DERIVED,
duct_od,1726.0000,58.81903,117.63805,tailpipe OD,DERIVED,
duct_od,1727.0000,58.81903,117.63805,tailpipe OD,DERIVED,
duct_od,1728.0000,58.81903,117.63805,tailpipe OD,DERIVED,
duct_od,1729.0000,58.81903,117.63805,tailpipe OD,DERIVED,
duct_od,1730.0000,58.81903,117.63805,tailpipe OD,DERIVED,
duct_od,1731.0000,58.81903,117.63805,tailpipe OD,DERIVED,
duct_od,1732.0000,58.81903,117.63805,tailpipe OD,DERIVED,
duct_od,1733.0000,58.81903,117.63805,tailpipe OD,DERIVED,
duct_od,1734.0000,58.81903,117.63805,tailpipe OD,DERIVED,
duct_od,1735.0000,58.81903,117.63805,tailpipe OD,DERIVED,
duct_od,1736.0000,58.81903,117.63805,tailpipe OD,DERIVED,
duct_od,1737.0000,58.81903,117.63805,tailpipe OD,DERIVED,
duct_od,1738.0000,58.81903,117.63805,tailpipe OD,DERIVED,
duct_od,1739.0000,58.81903,117.63805,tailpipe OD,DERIVED,
duct_od,1740.0000,58.81903,117.63805,tailpipe OD,DERIVED,
duct_od,1741.0000,58.81903,117.63805,tailpipe OD,DERIVED,
duct_od,1742.0000,58.81903,117.63805,tailpipe OD,DERIVED,
duct_od,1743.0000,58.81903,117.63805,tailpipe OD,DERIVED,
duct_od,1744.0000,58.81903,117.63805,tailpipe OD,DERIVED,
duct_od,1745.0000,58.81903,117.63805,tailpipe OD,DERIVED,
duct_od,1746.0000,58.81903,117.63805,tailpipe OD,DERIVED,
duct_od,1747.0000,58.81903,117.63805,tailpipe OD,DERIVED,
duct_od,1748.0000,58.81903,117.63805,tailpipe OD,DERIVED,
duct_od,1749.0000,58.81903,117.63805,tailpipe OD,DERIVED,
duct_od,1750.0000,58.81903,117.63805,tailpipe OD,DERIVED,
duct_od,1751.0000,58.81903,117.63805,tailpipe OD,DERIVED,
duct_od,1752.0000,58.81903,117.63805,tailpipe OD,DERIVED,
duct_od,1753.0000,58.81903,117.63805,tailpipe OD,DERIVED,
duct_od,1754.0000,58.81903,117.63805,tailpipe OD,DERIVED,
duct_od,1755.0000,58.81903,117.63805,tailpipe OD,DERIVED,
duct_od,1756.0000,58.81903,117.63805,tailpipe OD,DERIVED,
duct_od,1757.0000,58.81903,117.63805,tailpipe OD,DERIVED,
duct_od,1758.0000,58.81903,117.63805,tailpipe OD,DERIVED,
duct_od,1759.0000,58.81903,117.63805,tailpipe OD,DERIVED,
duct_od,1760.0000,58.81903,117.63805,tailpipe OD,DERIVED,
duct_od,1761.0000,58.81903,117.63805,tailpipe OD,DERIVED,
duct_od,1762.0000,58.81903,117.63805,tailpipe OD,DERIVED,
duct_od,1763.0000,58.81903,117.63805,tailpipe OD,DERIVED,
duct_od,1764.0000,58.81903,117.63805,tailpipe OD,DERIVED,
duct_od,1765.0000,58.81903,117.63805,tailpipe OD,DERIVED,
duct_od,1766.0000,58.81903,117.63805,tailpipe OD,DERIVED,
duct_od,1767.0000,58.81903,117.63805,tailpipe OD,DERIVED,
duct_od,1768.0000,58.81903,117.63805,tailpipe OD,DERIVED,
duct_od,1769.0000,58.81903,117.63805,tailpipe OD,DERIVED,
duct_od,1770.0000,58.81903,117.63805,tailpipe OD,DERIVED,
duct_od,1771.0000,58.81903,117.63805,tailpipe OD,DERIVED,
duct_od,1772.0000,58.81903,117.63805,tailpipe OD,DERIVED,
duct_od,1773.0000,58.81903,117.63805,tailpipe OD,DERIVED,
duct_od,1774.0000,58.81903,117.63805,tailpipe OD,DERIVED,
duct_od,1775.0000,58.81903,117.63805,tailpipe OD,DERIVED,
duct_od,1776.0000,58.81903,117.63805,tailpipe OD,DERIVED,
duct_od,1777.0000,58.81903,117.63805,tailpipe OD,DERIVED,
duct_od,1778.0000,58.81903,117.63805,tailpipe OD,DERIVED,
duct_od,1779.0000,58.81903,117.63805,tailpipe OD,DERIVED,
duct_od,1780.0000,58.81903,117.63805,tailpipe OD,DERIVED,
duct_od,1781.0000,58.81903,117.63805,tailpipe OD,DERIVED,
duct_od,1782.0000,58.81903,117.63805,tailpipe OD,DERIVED,
duct_od,1783.0000,58.81903,117.63805,tailpipe OD,DERIVED,
duct_od,1784.0000,58.81903,117.63805,tailpipe OD,DERIVED,
duct_od,1785.0000,58.81903,117.63805,tailpipe OD,DERIVED,
duct_od,1786.0000,58.81903,117.63805,tailpipe OD,DERIVED,
duct_od,1787.0000,58.81903,117.63805,tailpipe OD,DERIVED,
duct_od,1788.0000,58.81903,117.63805,tailpipe OD,DERIVED,
duct_od,1789.0000,58.81903,117.63805,tailpipe OD,DERIVED,
duct_od,1790.0000,58.81903,117.63805,tailpipe OD,DERIVED,
duct_od,1791.0000,58.81903,117.63805,tailpipe OD,DERIVED,
duct_od,1792.0000,58.81903,117.63805,tailpipe OD,DERIVED,
duct_od,1793.0000,58.81903,117.63805,tailpipe OD,DERIVED,
duct_od,1794.0000,58.81903,117.63805,tailpipe OD,DERIVED,
duct_od,1795.0000,58.81903,117.63805,tailpipe OD,DERIVED,
duct_od,1796.0000,58.81903,117.63805,tailpipe OD,DERIVED,
duct_od,1797.0000,58.81903,117.63805,tailpipe OD,DERIVED,
duct_od,1798.0000,58.81903,117.63805,tailpipe OD,DERIVED,
duct_od,1799.0000,58.81903,117.63805,tailpipe OD,DERIVED,
duct_od,1800.0000,58.81903,117.63805,tailpipe OD,DERIVED,
duct_od,1801.0000,58.81903,117.63805,tailpipe OD,DERIVED,
duct_od,1802.0000,58.81903,117.63805,tailpipe OD,DERIVED,
duct_od,1803.0000,58.81903,117.63805,tailpipe OD,DERIVED,
duct_od,1804.0000,58.81903,117.63805,tailpipe OD,DERIVED,
duct_od,1805.0000,58.81903,117.63805,tailpipe OD,DERIVED,
duct_od,1806.0000,58.81903,117.63805,tailpipe OD,DERIVED,
duct_od,1807.0000,58.81903,117.63805,tailpipe OD,DERIVED,
duct_od,1808.0000,58.81903,117.63805,tailpipe OD,DERIVED,
duct_od,1809.0000,58.81903,117.63805,tailpipe OD,DERIVED,
duct_od,1810.0000,58.81903,117.63805,tailpipe OD,DERIVED,
duct_od,1811.0000,58.81903,117.63805,tailpipe OD,DERIVED,
duct_od,1812.0000,58.81903,117.63805,tailpipe OD,DERIVED,
duct_od,1813.0000,58.81903,117.63805,tailpipe OD,DERIVED,
duct_od,1814.0000,58.81903,117.63805,tailpipe OD,DERIVED,
duct_od,1815.0000,58.81903,117.63805,tailpipe OD,DERIVED,
duct_od,1816.0000,58.81903,117.63805,tailpipe OD,DERIVED,
duct_od,1817.0000,58.81903,117.63805,tailpipe OD,DERIVED,
duct_od,1818.0000,58.81903,117.63805,tailpipe OD,DERIVED,
duct_od,1819.0000,58.81903,117.63805,tailpipe OD,DERIVED,
duct_od,1820.0000,58.81903,117.63805,tailpipe OD,DERIVED,
duct_od,1821.0000,58.81903,117.63805,tailpipe OD,DERIVED,
duct_od,1822.0000,58.81903,117.63805,tailpipe OD,DERIVED,
duct_od,1823.0000,58.81903,117.63805,tailpipe OD,DERIVED,
duct_od,1824.0000,58.81903,117.63805,tailpipe OD,DERIVED,
duct_od,1825.0000,58.81903,117.63805,tailpipe OD,DERIVED,
duct_od,1826.0000,58.81903,117.63805,tailpipe OD,DERIVED,
duct_od,1827.0000,58.81903,117.63805,tailpipe OD,DERIVED,
duct_od,1828.0000,58.81903,117.63805,tailpipe OD,DERIVED,
duct_od,1829.0000,58.81903,117.63805,tailpipe OD,DERIVED,
duct_od,1830.0000,58.81903,117.63805,tailpipe OD,DERIVED,
duct_od,1831.0000,58.81903,117.63805,tailpipe OD,DERIVED,
duct_od,1832.0000,58.81903,117.63805,tailpipe OD,DERIVED,
duct_od,1833.0000,58.81903,117.63805,tailpipe OD,DERIVED,
duct_od,1834.0000,58.81903,117.63805,tailpipe OD,DERIVED,
duct_od,1835.0000,58.81903,117.63805,tailpipe OD,DERIVED,
duct_od,1836.0000,58.81903,117.63805,tailpipe OD,DERIVED,
duct_od,1837.0000,58.81903,117.63805,tailpipe OD,DERIVED,
duct_od,1838.0000,58.81903,117.63805,tailpipe OD,DERIVED,
duct_od,1839.0000,58.81903,117.63805,tailpipe OD,DERIVED,
duct_od,1840.0000,58.81903,117.63805,tailpipe OD,DERIVED,
duct_od,1841.0000,58.81903,117.63805,tailpipe OD,DERIVED,
duct_od,1842.0000,58.81903,117.63805,tailpipe OD,DERIVED,
duct_od,1843.0000,58.81903,117.63805,tailpipe OD,DERIVED,
duct_od,1844.0000,58.81903,117.63805,tailpipe OD,DERIVED,
duct_od,1845.0000,58.81903,117.63805,tailpipe OD,DERIVED,
duct_od,1846.0000,58.81903,117.63805,tailpipe OD,DERIVED,
duct_od,1847.0000,58.81903,117.63805,tailpipe OD,DERIVED,
duct_od,1848.0000,58.81903,117.63805,tailpipe OD,DERIVED,
duct_od,1849.0000,58.81903,117.63805,tailpipe OD,DERIVED,
duct_od,1850.0000,58.81903,117.63805,tailpipe OD,DERIVED,
duct_od,1851.0000,58.81903,117.63805,tailpipe OD,DERIVED,
duct_od,1852.0000,58.81903,117.63805,tailpipe OD,DERIVED,
duct_od,1853.0000,58.81903,117.63805,tailpipe OD,DERIVED,
duct_od,1854.0000,58.81903,117.63805,tailpipe OD,DERIVED,
duct_od,1855.0000,58.81903,117.63805,tailpipe OD,DERIVED,
duct_od,1856.0000,58.81903,117.63805,tailpipe OD,DERIVED,
duct_od,1857.0000,58.81903,117.63805,tailpipe OD,DERIVED,
duct_od,1858.0000,58.81903,117.63805,tailpipe OD,DERIVED,
duct_od,1859.0000,58.81903,117.63805,tailpipe OD,DERIVED,
duct_od,1860.0000,58.81903,117.63805,tailpipe OD,DERIVED,
duct_od,1861.0000,58.81903,117.63805,tailpipe OD,DERIVED,
duct_od,1862.0000,58.81903,117.63805,tailpipe OD,DERIVED,
duct_od,1863.0000,58.81903,117.63805,tailpipe OD,DERIVED,
duct_od,1864.0000,58.81903,117.63805,tailpipe OD,DERIVED,
duct_od,1865.0000,58.81903,117.63805,tailpipe OD,DERIVED,
duct_od,1866.0000,58.81903,117.63805,tailpipe OD,DERIVED,
duct_od,1867.0000,58.81903,117.63805,tailpipe OD,DERIVED,
duct_od,1868.0000,58.81903,117.63805,tailpipe OD,DERIVED,
duct_od,1869.0000,58.81903,117.63805,tailpipe OD,DERIVED,
duct_od,1870.0000,58.81903,117.63805,tailpipe OD,DERIVED,
duct_od,1871.0000,58.81903,117.63805,tailpipe OD,DERIVED,
duct_od,1872.0000,58.81903,117.63805,tailpipe OD,DERIVED,
duct_od,1873.0000,58.81903,117.63805,tailpipe OD,DERIVED,
duct_od,1874.0000,58.81903,117.63805,tailpipe OD,DERIVED,
duct_od,1875.0000,58.81903,117.63805,tailpipe OD,DERIVED,
duct_od,1876.0000,58.81903,117.63805,tailpipe OD,DERIVED,
duct_od,1877.0000,58.81903,117.63805,tailpipe OD,DERIVED,
duct_od,1878.0000,58.81903,117.63805,tailpipe OD,DERIVED,
duct_od,1879.0000,58.81903,117.63805,tailpipe OD,DERIVED,
duct_od,1880.0000,58.81903,117.63805,tailpipe OD,DERIVED,
duct_od,1881.0000,58.81903,117.63805,tailpipe OD,DERIVED,
duct_od,1882.0000,58.81903,117.63805,tailpipe OD,DERIVED,
duct_od,1883.0000,58.81903,117.63805,tailpipe OD,DERIVED,
duct_od,1884.0000,58.81903,117.63805,tailpipe OD,DERIVED,
duct_od,1885.0000,58.81903,117.63805,tailpipe OD,DERIVED,
duct_od,1886.0000,58.81903,117.63805,tailpipe OD,DERIVED,
duct_od,1887.0000,58.81903,117.63805,tailpipe OD,DERIVED,
duct_od,1888.0000,58.81903,117.63805,tailpipe OD,DERIVED,
duct_od,1889.0000,58.81903,117.63805,tailpipe OD,DERIVED,
duct_od,1890.0000,58.81903,117.63805,tailpipe OD,DERIVED,
duct_od,1891.0000,58.81903,117.63805,tailpipe OD,DERIVED,
duct_od,1892.0000,58.81903,117.63805,tailpipe OD,DERIVED,
duct_od,1893.0000,58.81903,117.63805,tailpipe OD,DERIVED,
duct_od,1894.0000,58.81903,117.63805,tailpipe OD,DERIVED,
duct_od,1895.0000,58.81903,117.63805,tailpipe OD,DERIVED,
duct_od,1896.0000,58.81903,117.63805,tailpipe OD,DERIVED,
duct_od,1897.0000,58.81903,117.63805,tailpipe OD,DERIVED,
duct_od,1898.0000,58.81903,117.63805,tailpipe OD,DERIVED,
duct_od,1899.0000,58.81903,117.63805,tailpipe OD,DERIVED,
duct_od,1900.0000,58.81903,117.63805,tailpipe OD,DERIVED,
duct_od,1901.0000,58.81903,117.63805,tailpipe OD,DERIVED,
duct_od,1902.0000,58.81903,117.63805,tailpipe OD,DERIVED,
duct_od,1903.0000,58.81903,117.63805,tailpipe OD,DERIVED,
duct_od,1904.0000,58.81903,117.63805,tailpipe OD,DERIVED,
duct_od,1905.0000,58.81903,117.63805,tailpipe OD,DERIVED,
duct_od,1906.0000,58.81903,117.63805,tailpipe OD,DERIVED,
duct_od,1907.0000,58.81903,117.63805,tailpipe OD,DERIVED,
duct_od,1908.0000,58.81903,117.63805,tailpipe OD,DERIVED,
duct_od,1909.0000,58.81903,117.63805,tailpipe OD,DERIVED,
duct_od,1910.0000,58.81903,117.63805,tailpipe OD,DERIVED,
duct_od,1911.0000,58.81903,117.63805,tailpipe OD,DERIVED,
duct_od,1912.0000,58.81903,117.63805,tailpipe OD,DERIVED,
duct_od,1913.0000,58.81903,117.63805,tailpipe OD,DERIVED,
duct_od,1914.0000,58.81903,117.63805,tailpipe OD,DERIVED,
duct_od,1915.0000,58.81903,117.63805,tailpipe OD,DERIVED,
duct_od,1916.0000,58.81903,117.63805,tailpipe OD,DERIVED,
duct_od,1917.0000,58.81903,117.63805,tailpipe OD,DERIVED,
duct_od,1918.0000,58.81903,117.63805,tailpipe OD,DERIVED,
duct_od,1919.0000,58.81903,117.63805,tailpipe OD,DERIVED,
duct_od,1920.0000,58.81903,117.63805,tailpipe OD,DERIVED,
duct_od,1921.0000,58.81903,117.63805,tailpipe OD,DERIVED,
duct_od,1922.0000,58.81903,117.63805,tailpipe OD,DERIVED,
duct_od,1923.0000,58.81903,117.63805,tailpipe OD,DERIVED,
duct_od,1924.0000,58.81903,117.63805,tailpipe OD,DERIVED,
duct_od,1925.0000,58.81903,117.63805,tailpipe OD,DERIVED,
duct_od,1926.0000,58.81903,117.63805,tailpipe OD,DERIVED,
duct_od,1927.0000,58.81903,117.63805,tailpipe OD,DERIVED,
duct_od,1928.0000,58.81903,117.63805,tailpipe OD,DERIVED,
duct_od,1929.0000,58.81903,117.63805,tailpipe OD,DERIVED,
duct_od,1930.0000,58.81903,117.63805,tailpipe OD,DERIVED,
duct_od,1931.0000,58.81903,117.63805,tailpipe OD,DERIVED,
duct_od,1932.0000,58.81903,117.63805,tailpipe OD,DERIVED,
duct_od,1933.0000,58.81903,117.63805,tailpipe OD,DERIVED,
duct_od,1934.0000,58.81903,117.63805,tailpipe OD,DERIVED,
duct_od,1935.0000,58.81903,117.63805,tailpipe OD,DERIVED,
duct_od,1936.0000,58.81903,117.63805,tailpipe OD,DERIVED,
duct_od,1937.0000,58.81903,117.63805,tailpipe OD,DERIVED,
duct_od,1938.0000,58.81903,117.63805,tailpipe OD,DERIVED,
duct_od,1939.0000,58.81903,117.63805,tailpipe OD,DERIVED,
duct_od,1940.0000,58.81903,117.63805,tailpipe OD,DERIVED,
duct_od,1941.0000,58.81903,117.63805,tailpipe OD,DERIVED,
duct_od,1942.0000,58.81903,117.63805,tailpipe OD,DERIVED,
duct_od,1943.0000,58.81903,117.63805,tailpipe OD,DERIVED,
duct_od,1944.0000,58.81903,117.63805,tailpipe OD,DERIVED,
duct_od,1945.0000,58.81903,117.63805,tailpipe OD,DERIVED,
duct_od,1946.0000,58.81903,117.63805,tailpipe OD,DERIVED,
duct_od,1947.0000,58.81903,117.63805,tailpipe OD,DERIVED,
duct_od,1948.0000,58.81903,117.63805,tailpipe OD,DERIVED,
duct_od,1949.0000,58.81903,117.63805,tailpipe OD,DERIVED,
duct_od,1950.0000,58.81903,117.63805,tailpipe OD,DERIVED,
duct_od,1951.0000,58.81903,117.63805,tailpipe OD,DERIVED,
duct_od,1952.0000,58.81903,117.63805,tailpipe OD,DERIVED,
duct_od,1953.0000,58.81903,117.63805,tailpipe OD,DERIVED,
duct_od,1954.0000,58.81903,117.63805,tailpipe OD,DERIVED,
duct_od,1955.0000,58.81903,117.63805,tailpipe OD,DERIVED,
duct_od,1956.0000,58.81903,117.63805,tailpipe OD,DERIVED,
duct_od,1957.0000,58.81903,117.63805,tailpipe OD,DERIVED,
duct_od,1958.0000,58.81903,117.63805,tailpipe OD,DERIVED,
duct_od,1959.0000,58.81903,117.63805,tailpipe OD,DERIVED,
duct_od,1960.0000,58.81903,117.63805,tailpipe OD,DERIVED,
duct_od,1961.0000,58.81903,117.63805,tailpipe OD,DERIVED,
duct_od,1962.0000,58.81903,117.63805,tailpipe OD,DERIVED,
duct_od,1963.0000,58.81903,117.63805,tailpipe OD,DERIVED,
duct_od,1964.0000,58.81903,117.63805,tailpipe OD,DERIVED,
duct_od,1965.0000,58.81903,117.63805,tailpipe OD,DERIVED,
duct_od,1966.0000,58.81903,117.63805,tailpipe OD,DERIVED,
duct_od,1967.0000,58.81903,117.63805,tailpipe OD,DERIVED,
duct_od,1968.0000,58.81903,117.63805,tailpipe OD,DERIVED,
duct_od,1969.0000,58.81903,117.63805,tailpipe OD,DERIVED,
duct_od,1970.0000,58.81903,117.63805,tailpipe OD,DERIVED,
duct_od,1971.0000,58.81903,117.63805,tailpipe OD,DERIVED,
duct_od,1972.0000,58.81903,117.63805,tailpipe OD,DERIVED,
duct_od,1973.0000,58.81903,117.63805,tailpipe OD,DERIVED,
duct_od,1974.0000,58.81903,117.63805,tailpipe OD,DERIVED,
duct_od,1975.0000,58.81903,117.63805,tailpipe OD,DERIVED,
duct_od,1976.0000,58.81903,117.63805,tailpipe OD,DERIVED,
duct_od,1977.0000,58.81903,117.63805,tailpipe OD,DERIVED,
duct_od,1978.0000,58.81903,117.63805,tailpipe OD,DERIVED,
duct_od,1979.0000,58.81903,117.63805,tailpipe OD,DERIVED,
duct_od,1980.0000,58.81903,117.63805,tailpipe OD,DERIVED,
duct_od,1981.0000,58.81903,117.63805,tailpipe OD,DERIVED,
duct_od,1982.0000,58.81903,117.63805,tailpipe OD,DERIVED,
duct_od,1983.0000,58.81903,117.63805,tailpipe OD,DERIVED,
duct_od,1984.0000,58.81903,117.63805,tailpipe OD,DERIVED,
duct_od,1985.0000,58.81903,117.63805,tailpipe OD,DERIVED,
duct_od,1986.0000,58.81903,117.63805,tailpipe OD,DERIVED,
duct_od,1987.0000,58.81903,117.63805,tailpipe OD,DERIVED,
duct_od,1988.0000,58.81903,117.63805,tailpipe OD,DERIVED,
duct_od,1989.0000,58.81903,117.63805,tailpipe OD,DERIVED,
duct_od,1990.0000,58.81903,117.63805,tailpipe OD,DERIVED,
duct_od,1991.0000,58.81903,117.63805,tailpipe OD,DERIVED,
duct_od,1992.0000,58.81903,117.63805,tailpipe OD,DERIVED,
duct_od,1993.0000,58.81903,117.63805,tailpipe OD,DERIVED,
duct_od,1994.0000,58.81903,117.63805,tailpipe OD,DERIVED,
duct_od,1995.0000,58.81903,117.63805,tailpipe OD,DERIVED,
duct_od,1996.0000,58.81903,117.63805,tailpipe OD,DERIVED,
duct_od,1997.0000,58.81903,117.63805,tailpipe OD,DERIVED,
duct_od,1998.0000,58.81903,117.63805,tailpipe OD,DERIVED,
duct_od,1999.0000,58.81903,117.63805,tailpipe OD,DERIVED,
duct_od,2000.0000,58.81903,117.63805,tailpipe OD,DERIVED,
duct_od,2001.0000,58.81903,117.63805,tailpipe OD,DERIVED,
duct_od,2002.0000,58.81903,117.63805,tailpipe OD,DERIVED,
duct_od,2003.0000,58.81903,117.63805,tailpipe OD,DERIVED,
duct_od,2004.0000,58.81903,117.63805,tailpipe OD,DERIVED,
duct_od,2005.0000,58.81903,117.63805,tailpipe OD,DERIVED,
duct_od,2006.0000,58.81903,117.63805,tailpipe OD,DERIVED,
duct_od,2007.0000,58.81903,117.63805,tailpipe OD,DERIVED,
duct_od,2008.0000,58.81903,117.63805,tailpipe OD,DERIVED,
duct_od,2009.0000,58.81903,117.63805,tailpipe OD,DERIVED,
duct_od,2010.0000,58.81903,117.63805,tailpipe OD,DERIVED,
duct_od,2011.0000,58.81903,117.63805,tailpipe OD,DERIVED,
duct_od,2012.0000,58.81903,117.63805,tailpipe OD,DERIVED,
duct_od,2013.0000,58.81903,117.63805,tailpipe OD,DERIVED,
duct_od,2014.0000,58.81903,117.63805,tailpipe OD,DERIVED,
duct_od,2015.0000,58.81903,117.63805,tailpipe OD,DERIVED,
duct_od,2016.0000,58.81903,117.63805,tailpipe OD,DERIVED,
duct_od,2017.0000,58.81903,117.63805,tailpipe OD,DERIVED,
duct_od,2018.0000,58.81903,117.63805,tailpipe OD,DERIVED,
duct_od,2019.0000,58.81903,117.63805,tailpipe OD,DERIVED,
duct_od,2020.0000,58.81903,117.63805,tailpipe OD,DERIVED,
duct_od,2021.0000,58.81903,117.63805,tailpipe OD,DERIVED,
duct_od,2022.0000,58.81903,117.63805,tailpipe OD,DERIVED,
duct_od,2023.0000,58.81903,117.63805,tailpipe OD,DERIVED,
duct_od,2024.0000,58.81903,117.63805,tailpipe OD,DERIVED,
duct_od,2025.0000,58.81903,117.63805,tailpipe OD,DERIVED,
duct_od,2026.0000,58.81903,117.63805,tailpipe OD,DERIVED,
duct_od,2027.0000,58.81903,117.63805,tailpipe OD,DERIVED,
duct_od,2028.0000,58.81903,117.63805,tailpipe OD,DERIVED,
duct_od,2029.0000,58.81903,117.63805,tailpipe OD,DERIVED,
duct_od,2030.0000,58.81903,117.63805,tailpipe OD,DERIVED,
duct_od,2031.0000,58.81903,117.63805,tailpipe OD,DERIVED,
duct_od,2032.0000,58.81903,117.63805,tailpipe OD,DERIVED,
duct_od,2033.0000,58.81903,117.63805,tailpipe OD,DERIVED,
duct_od,2034.0000,58.81903,117.63805,tailpipe OD,DERIVED,
duct_od,2035.0000,58.81903,117.63805,tailpipe OD,DERIVED,
duct_od,2036.0000,58.81903,117.63805,tailpipe OD,DERIVED,
duct_od,2037.0000,58.81903,117.63805,tailpipe OD,DERIVED,
duct_od,2038.0000,58.81903,117.63805,tailpipe OD,DERIVED,
duct_od,2039.0000,58.81903,117.63805,tailpipe OD,DERIVED,
duct_od,2040.0000,58.81903,117.63805,tailpipe OD,DERIVED,
duct_od,2041.0000,58.81903,117.63805,tailpipe OD,DERIVED,
duct_od,2042.0000,58.81903,117.63805,tailpipe OD,DERIVED,
duct_od,2043.0000,58.81903,117.63805,tailpipe OD,DERIVED,
duct_od,2044.0000,58.81903,117.63805,tailpipe OD,DERIVED,
duct_od,2045.0000,58.81903,117.63805,tailpipe OD,DERIVED,
duct_od,2046.0000,58.81903,117.63805,tailpipe OD,DERIVED,
duct_od,2047.0000,58.81903,117.63805,tailpipe OD,DERIVED,
duct_od,2048.0000,58.81903,117.63805,tailpipe OD,DERIVED,
duct_od,2049.0000,58.81903,117.63805,tailpipe OD,DERIVED,
duct_od,2050.0000,58.81903,117.63805,tailpipe OD,DERIVED,
duct_od,2051.0000,58.81903,117.63805,tailpipe OD,DERIVED,
duct_od,2052.0000,58.81903,117.63805,tailpipe OD,DERIVED,
duct_od,2053.0000,58.81903,117.63805,tailpipe OD,DERIVED,
duct_od,2054.0000,58.81903,117.63805,tailpipe OD,DERIVED,
duct_od,2055.0000,58.81903,117.63805,tailpipe OD,DERIVED,
duct_od,2056.0000,58.81903,117.63805,tailpipe OD,DERIVED,
duct_od,2057.0000,58.81903,117.63805,tailpipe OD,DERIVED,
duct_od,2058.0000,58.81903,117.63805,tailpipe OD,DERIVED,
duct_od,2059.0000,58.81903,117.63805,tailpipe OD,DERIVED,
duct_od,2059.6073,58.81903,117.63805,tailpipe OD,DERIVED,tailpipe_end
duct_od,2060.0000,58.81903,117.63805,tailpipe OD,DERIVED,
duct_od,2061.0000,58.81903,117.63805,tailpipe OD,DERIVED,
duct_od,2062.0000,58.81903,117.63805,tailpipe OD,DERIVED,
duct_od,2063.0000,58.81903,117.63805,tailpipe OD,DERIVED,
duct_od,2064.0000,58.81903,117.63805,tailpipe OD,DERIVED,
duct_od,2065.0000,58.81903,117.63805,tailpipe OD,DERIVED,
duct_od,2066.0000,58.81903,117.63805,tailpipe OD,DERIVED,
duct_od,2067.0000,58.81903,117.63805,tailpipe OD,DERIVED,
duct_od,2068.0000,58.81903,117.63805,tailpipe OD,DERIVED,
duct_od,2069.0000,58.81903,117.63805,tailpipe OD,DERIVED,
duct_od,2070.0000,58.81903,117.63805,tailpipe OD,DERIVED,
duct_od,2071.0000,58.81903,117.63805,tailpipe OD,DERIVED,
duct_od,2072.0000,58.81903,117.63805,tailpipe OD,DERIVED,
duct_od,2073.0000,58.81903,117.63805,tailpipe OD,DERIVED,
duct_od,2074.0000,58.81903,117.63805,tailpipe OD,DERIVED,
duct_od,2075.0000,58.81903,117.63805,tailpipe OD,DERIVED,
duct_od,2076.0000,58.81903,117.63805,tailpipe OD,DERIVED,
duct_od,2077.0000,58.81903,117.63805,tailpipe OD,DERIVED,
duct_od,2078.0000,58.81903,117.63805,tailpipe OD,DERIVED,
duct_od,2079.0000,58.81903,117.63805,tailpipe OD,DERIVED,
duct_od,2080.0000,58.81903,117.63805,tailpipe OD,DERIVED,
duct_od,2081.0000,58.81903,117.63805,tailpipe OD,DERIVED,
duct_od,2082.0000,58.81903,117.63805,tailpipe OD,DERIVED,
duct_od,2083.0000,58.81903,117.63805,tailpipe OD,DERIVED,
duct_od,2084.0000,58.81903,117.63805,tailpipe OD,DERIVED,
duct_od,2085.0000,58.81903,117.63805,tailpipe OD,DERIVED,
duct_od,2086.0000,58.81903,117.63805,tailpipe OD,DERIVED,
duct_od,2087.0000,58.81903,117.63805,tailpipe OD,DERIVED,
duct_od,2088.0000,58.81903,117.63805,tailpipe OD,DERIVED,
duct_od,2089.0000,58.81903,117.63805,tailpipe OD,DERIVED,
duct_od,2090.0000,58.81903,117.63805,tailpipe OD,DERIVED,
duct_od,2091.0000,58.81903,117.63805,tailpipe OD,DERIVED,
duct_od,2092.0000,58.81903,117.63805,tailpipe OD,DERIVED,
duct_od,2093.0000,58.81903,117.63805,tailpipe OD,DERIVED,
duct_od,2094.0000,58.81903,117.63805,tailpipe OD,DERIVED,
duct_od,2095.0000,58.81903,117.63805,tailpipe OD,DERIVED,
duct_od,2096.0000,58.81903,117.63805,tailpipe OD,DERIVED,
duct_od,2097.0000,58.81903,117.63805,tailpipe OD,DERIVED,
duct_od,2098.0000,58.81903,117.63805,tailpipe OD,DERIVED,
duct_od,2099.0000,58.81903,117.63805,tailpipe OD,DERIVED,
duct_od,2100.0000,58.81903,117.63805,tailpipe OD,DERIVED,
duct_od,2101.0000,58.81903,117.63805,tailpipe OD,DERIVED,
duct_od,2102.0000,58.81903,117.63805,tailpipe OD,DERIVED,
duct_od,2103.0000,58.81903,117.63805,tailpipe OD,DERIVED,
duct_od,2104.0000,58.81903,117.63805,tailpipe OD,DERIVED,
duct_od,2105.0000,58.81903,117.63805,tailpipe OD,DERIVED,
duct_od,2106.0000,58.81903,117.63805,tailpipe OD,DERIVED,
duct_od,2107.0000,58.81903,117.63805,tailpipe OD,DERIVED,
duct_od,2108.0000,58.81903,117.63805,tailpipe OD,DERIVED,
duct_od,2109.0000,58.81903,117.63805,tailpipe OD,DERIVED,
duct_od,2110.0000,58.81903,117.63805,tailpipe OD,DERIVED,
duct_od,2111.0000,58.81903,117.63805,tailpipe OD,DERIVED,
duct_od,2112.0000,58.81903,117.63805,tailpipe OD,DERIVED,
duct_od,2113.0000,58.81903,117.63805,tailpipe OD,DERIVED,
duct_od,2114.0000,58.81903,117.63805,tailpipe OD,DERIVED,
duct_od,2115.0000,58.81903,117.63805,tailpipe OD,DERIVED,
duct_od,2116.0000,58.81903,117.63805,tailpipe OD,DERIVED,
duct_od,2117.0000,58.81903,117.63805,tailpipe OD,DERIVED,
duct_od,2118.0000,58.81903,117.63805,tailpipe OD,DERIVED,
duct_od,2119.0000,58.81903,117.63805,tailpipe OD,DERIVED,
duct_od,2120.0000,58.81903,117.63805,tailpipe OD,DERIVED,
duct_od,2121.0000,58.81903,117.63805,tailpipe OD,DERIVED,
duct_od,2122.0000,58.81903,117.63805,tailpipe OD,DERIVED,
duct_od,2123.0000,58.81903,117.63805,tailpipe OD,DERIVED,
duct_od,2124.0000,58.81903,117.63805,tailpipe OD,DERIVED,
duct_od,2125.0000,58.81903,117.63805,tailpipe OD,DERIVED,
duct_od,2126.0000,58.81903,117.63805,tailpipe OD,DERIVED,
duct_od,2127.0000,58.81903,117.63805,tailpipe OD,DERIVED,
duct_od,2128.0000,58.81903,117.63805,tailpipe OD,DERIVED,
duct_od,2129.0000,58.81903,117.63805,tailpipe OD,DERIVED,
duct_od,2130.0000,58.81903,117.63805,tailpipe OD,DERIVED,
duct_od,2131.0000,58.81903,117.63805,tailpipe OD,DERIVED,
duct_od,2132.0000,58.81903,117.63805,tailpipe OD,DERIVED,
duct_od,2133.0000,58.81903,117.63805,tailpipe OD,DERIVED,
duct_od,2134.0000,58.81903,117.63805,tailpipe OD,DERIVED,
duct_od,2135.0000,58.81903,117.63805,tailpipe OD,DERIVED,
duct_od,2136.0000,58.81903,117.63805,tailpipe OD,DERIVED,
duct_od,2137.0000,58.81903,117.63805,tailpipe OD,DERIVED,
duct_od,2138.0000,58.81903,117.63805,tailpipe OD,DERIVED,
duct_od,2139.0000,58.81903,117.63805,tailpipe OD,DERIVED,
duct_od,2140.0000,58.81903,117.63805,tailpipe OD,DERIVED,
duct_od,2141.0000,58.81903,117.63805,tailpipe OD,DERIVED,
duct_od,2142.0000,58.81903,117.63805,tailpipe OD,DERIVED,
duct_od,2143.0000,58.81903,117.63805,tailpipe OD,DERIVED,
duct_od,2144.0000,58.81903,117.63805,tailpipe OD,DERIVED,
duct_od,2145.0000,58.81903,117.63805,tailpipe OD,DERIVED,
duct_od,2146.0000,58.81903,117.63805,tailpipe OD,DERIVED,
duct_od,2147.0000,58.81903,117.63805,tailpipe OD,DERIVED,
duct_od,2148.0000,58.81903,117.63805,tailpipe OD,DERIVED,
duct_od,2149.0000,58.81903,117.63805,tailpipe OD,DERIVED,
duct_od,2150.0000,58.81903,117.63805,tailpipe OD,DERIVED,
duct_od,2151.0000,58.81903,117.63805,tailpipe OD,DERIVED,
duct_od,2152.0000,58.81903,117.63805,tailpipe OD,DERIVED,
duct_od,2153.0000,58.81903,117.63805,tailpipe OD,DERIVED,
duct_od,2154.0000,58.81903,117.63805,tailpipe OD,DERIVED,
duct_od,2155.0000,58.81903,117.63805,tailpipe OD,DERIVED,
duct_od,2156.0000,58.81903,117.63805,tailpipe OD,DERIVED,
duct_od,2157.0000,58.81903,117.63805,tailpipe OD,DERIVED,
duct_od,2158.0000,58.81903,117.63805,tailpipe OD,DERIVED,
duct_od,2159.0000,58.81903,117.63805,tailpipe OD,DERIVED,
duct_od,2160.0000,58.81903,117.63805,tailpipe OD,DERIVED,
duct_od,2161.0000,58.81903,117.63805,tailpipe OD,DERIVED,
duct_od,2162.0000,58.81903,117.63805,tailpipe OD,DERIVED,
duct_od,2163.0000,58.81903,117.63805,tailpipe OD,DERIVED,
duct_od,2164.0000,58.81903,117.63805,tailpipe OD,DERIVED,
duct_od,2165.0000,58.81903,117.63805,tailpipe OD,DERIVED,
duct_od,2166.0000,58.81903,117.63805,tailpipe OD,DERIVED,
duct_od,2167.0000,58.81903,117.63805,tailpipe OD,DERIVED,
duct_od,2168.0000,58.81903,117.63805,tailpipe OD,DERIVED,
duct_od,2169.0000,58.81903,117.63805,tailpipe OD,DERIVED,
duct_od,2170.0000,58.81903,117.63805,tailpipe OD,DERIVED,
duct_od,2171.0000,58.81903,117.63805,tailpipe OD,DERIVED,
duct_od,2172.0000,58.81903,117.63805,tailpipe OD,DERIVED,
duct_od,2173.0000,58.81903,117.63805,tailpipe OD,DERIVED,
duct_od,2174.0000,58.81903,117.63805,tailpipe OD,DERIVED,
duct_od,2175.0000,58.81903,117.63805,tailpipe OD,DERIVED,
duct_od,2176.0000,58.81903,117.63805,tailpipe OD,DERIVED,
duct_od,2177.0000,58.81903,117.63805,tailpipe OD,DERIVED,
duct_od,2178.0000,58.81903,117.63805,tailpipe OD,DERIVED,
duct_od,2179.0000,58.81903,117.63805,tailpipe OD,DERIVED,
duct_od,2180.0000,58.81903,117.63805,tailpipe OD,DERIVED,
duct_od,2181.0000,58.81903,117.63805,tailpipe OD,DERIVED,
duct_od,2182.0000,58.81903,117.63805,tailpipe OD,DERIVED,
duct_od,2183.0000,58.81903,117.63805,tailpipe OD,DERIVED,
duct_od,2184.0000,58.81903,117.63805,tailpipe OD,DERIVED,
duct_od,2185.0000,58.81903,117.63805,tailpipe OD,DERIVED,
duct_od,2186.0000,58.81903,117.63805,tailpipe OD,DERIVED,
duct_od,2187.0000,58.81903,117.63805,tailpipe OD,DERIVED,
duct_od,2188.0000,58.81903,117.63805,tailpipe OD,DERIVED,
duct_od,2189.0000,58.81903,117.63805,tailpipe OD,DERIVED,
duct_od,2190.0000,58.81903,117.63805,tailpipe OD,DERIVED,
duct_od,2191.0000,58.81903,117.63805,tailpipe OD,DERIVED,
duct_od,2192.0000,58.81903,117.63805,tailpipe OD,DERIVED,
duct_od,2193.0000,58.81903,117.63805,tailpipe OD,DERIVED,
duct_od,2194.0000,58.81903,117.63805,tailpipe OD,DERIVED,
duct_od,2195.0000,58.81903,117.63805,tailpipe OD,DERIVED,
duct_od,2196.0000,58.81903,117.63805,tailpipe OD,DERIVED,
duct_od,2197.0000,58.81903,117.63805,tailpipe OD,DERIVED,
duct_od,2198.0000,58.81903,117.63805,tailpipe OD,DERIVED,
duct_od,2199.0000,58.81903,117.63805,tailpipe OD,DERIVED,
duct_od,2200.0000,58.81903,117.63805,tailpipe OD,DERIVED,
duct_od,2201.0000,58.81903,117.63805,tailpipe OD,DERIVED,
duct_od,2202.0000,58.81903,117.63805,tailpipe OD,DERIVED,
duct_od,2203.0000,58.81903,117.63805,tailpipe OD,DERIVED,
duct_od,2204.0000,58.81903,117.63805,tailpipe OD,DERIVED,
duct_od,2205.0000,58.81903,117.63805,tailpipe OD,DERIVED,
duct_od,2206.0000,58.81903,117.63805,tailpipe OD,DERIVED,
duct_od,2207.0000,58.81903,117.63805,tailpipe OD,DERIVED,
duct_od,2208.0000,58.81903,117.63805,tailpipe OD,DERIVED,
duct_od,2209.0000,58.81903,117.63805,tailpipe OD,DERIVED,
duct_od,2210.0000,58.81903,117.63805,tailpipe OD,DERIVED,
duct_od,2211.0000,58.81903,117.63805,tailpipe OD,DERIVED,
duct_od,2212.0000,58.81903,117.63805,tailpipe OD,DERIVED,
duct_od,2213.0000,58.81903,117.63805,tailpipe OD,DERIVED,
duct_od,2214.0000,58.81903,117.63805,tailpipe OD,DERIVED,
duct_od,2215.0000,58.81903,117.63805,tailpipe OD,DERIVED,
duct_od,2216.0000,58.81903,117.63805,tailpipe OD,DERIVED,
duct_od,2217.0000,58.81903,117.63805,tailpipe OD,DERIVED,
duct_od,2218.0000,58.81903,117.63805,tailpipe OD,DERIVED,
duct_od,2219.0000,58.81903,117.63805,tailpipe OD,DERIVED,
duct_od,2220.0000,58.81903,117.63805,tailpipe OD,DERIVED,
duct_od,2221.0000,58.81903,117.63805,tailpipe OD,DERIVED,
duct_od,2222.0000,58.81903,117.63805,tailpipe OD,DERIVED,
duct_od,2223.0000,58.81903,117.63805,tailpipe OD,DERIVED,
duct_od,2224.0000,58.81903,117.63805,tailpipe OD,DERIVED,
duct_od,2225.0000,58.81903,117.63805,tailpipe OD,DERIVED,
duct_od,2226.0000,58.81903,117.63805,tailpipe OD,DERIVED,
duct_od,2227.0000,58.81903,117.63805,tailpipe OD,DERIVED,
duct_od,2228.0000,58.81903,117.63805,tailpipe OD,DERIVED,
duct_od,2229.0000,58.81903,117.63805,tailpipe OD,DERIVED,
duct_od,2230.0000,58.81903,117.63805,tailpipe OD,DERIVED,
duct_od,2231.0000,58.81903,117.63805,tailpipe OD,DERIVED,
duct_od,2232.0000,58.81903,117.63805,tailpipe OD,DERIVED,
duct_od,2233.0000,58.81903,117.63805,tailpipe OD,DERIVED,
duct_od,2234.0000,58.81903,117.63805,tailpipe OD,DERIVED,
duct_od,2235.0000,58.81903,117.63805,tailpipe OD,DERIVED,
duct_od,2236.0000,58.81903,117.63805,tailpipe OD,DERIVED,
duct_od,2237.0000,58.81903,117.63805,tailpipe OD,DERIVED,
duct_od,2238.0000,58.81903,117.63805,tailpipe OD,DERIVED,
duct_od,2239.0000,58.81903,117.63805,tailpipe OD,DERIVED,
duct_od,2240.0000,58.81903,117.63805,tailpipe OD,DERIVED,
duct_od,2241.0000,58.81903,117.63805,tailpipe OD,DERIVED,
duct_od,2242.0000,58.81903,117.63805,tailpipe OD,DERIVED,
duct_od,2243.0000,58.81903,117.63805,tailpipe OD,DERIVED,
duct_od,2244.0000,58.81903,117.63805,tailpipe OD,DERIVED,
duct_od,2245.0000,58.81903,117.63805,tailpipe OD,DERIVED,
duct_od,2246.0000,58.81903,117.63805,tailpipe OD,DERIVED,
duct_od,2247.0000,58.81903,117.63805,tailpipe OD,DERIVED,
duct_od,2248.0000,58.81903,117.63805,tailpipe OD,DERIVED,
duct_od,2249.0000,58.81903,117.63805,tailpipe OD,DERIVED,
duct_od,2250.0000,58.81903,117.63805,tailpipe OD,DERIVED,
duct_od,2251.0000,58.81903,117.63805,tailpipe OD,DERIVED,
duct_od,2252.0000,58.81903,117.63805,tailpipe OD,DERIVED,
duct_od,2253.0000,58.81903,117.63805,tailpipe OD,DERIVED,
duct_od,2254.0000,58.81903,117.63805,tailpipe OD,DERIVED,
duct_od,2255.0000,58.81903,117.63805,tailpipe OD,DERIVED,
duct_od,2256.0000,58.81903,117.63805,tailpipe OD,DERIVED,
duct_od,2257.0000,58.81903,117.63805,tailpipe OD,DERIVED,
duct_od,2258.0000,58.81903,117.63805,tailpipe OD,DERIVED,
duct_od,2259.0000,58.81903,117.63805,tailpipe OD,DERIVED,
duct_od,2260.0000,58.81903,117.63805,tailpipe OD,DERIVED,
duct_od,2261.0000,58.81903,117.63805,tailpipe OD,DERIVED,
duct_od,2262.0000,58.81903,117.63805,tailpipe OD,DERIVED,
duct_od,2263.0000,58.81903,117.63805,tailpipe OD,DERIVED,
duct_od,2263.0752,58.81903,117.63805,tailpipe OD,DERIVED,nozzle_throat
duct_od,2264.0000,59.06682,118.13365,divergent nozzle OD,DERIVED,
duct_od,2265.0000,59.33477,118.66955,divergent nozzle OD,DERIVED,
duct_od,2266.0000,59.60272,119.20545,divergent nozzle OD,DERIVED,
duct_od,2267.0000,59.87067,119.74134,divergent nozzle OD,DERIVED,
duct_od,2268.0000,60.13862,120.27724,divergent nozzle OD,DERIVED,
duct_od,2269.0000,60.40657,120.81314,divergent nozzle OD,DERIVED,
duct_od,2270.0000,60.67452,121.34904,divergent nozzle OD,DERIVED,
duct_od,2271.0000,60.94247,121.88494,divergent nozzle OD,DERIVED,
duct_od,2272.0000,61.21042,122.42084,divergent nozzle OD,DERIVED,
duct_od,2273.0000,61.47837,122.95674,divergent nozzle OD,DERIVED,
duct_od,2273.6073,61.64111,123.28221,divergent nozzle OD,DERIVED,nozzle_exit
skin_id,428.0000,105.50000,211.00000,skin ID barrel,DERIVED,nose_fairing_end|chamber_start
skin_id,429.0000,105.50000,211.00000,skin ID barrel,DERIVED,
skin_id,430.0000,105.50000,211.00000,skin ID barrel,DERIVED,
skin_id,431.0000,105.50000,211.00000,skin ID barrel,DERIVED,
skin_id,432.0000,105.50000,211.00000,skin ID barrel,DERIVED,
skin_id,433.0000,105.50000,211.00000,skin ID barrel,DERIVED,
skin_id,434.0000,105.50000,211.00000,skin ID barrel,DERIVED,
skin_id,435.0000,105.50000,211.00000,skin ID barrel,DERIVED,
skin_id,436.0000,105.50000,211.00000,skin ID barrel,DERIVED,
skin_id,437.0000,105.50000,211.00000,skin ID barrel,DERIVED,
skin_id,438.0000,105.50000,211.00000,skin ID barrel,DERIVED,
skin_id,439.0000,105.50000,211.00000,skin ID barrel,DERIVED,
skin_id,440.0000,105.50000,211.00000,skin ID barrel,DERIVED,
skin_id,441.0000,105.50000,211.00000,skin ID barrel,DERIVED,
skin_id,442.0000,105.50000,211.00000,skin ID barrel,DERIVED,
skin_id,443.0000,105.50000,211.00000,skin ID barrel,DERIVED,
skin_id,444.0000,105.50000,211.00000,skin ID barrel,DERIVED,
skin_id,445.0000,105.50000,211.00000,skin ID barrel,DERIVED,
skin_id,446.0000,105.50000,211.00000,skin ID barrel,DERIVED,
skin_id,447.0000,105.50000,211.00000,skin ID barrel,DERIVED,
skin_id,448.0000,105.50000,211.00000,skin ID barrel,DERIVED,
skin_id,449.0000,105.50000,211.00000,skin ID barrel,DERIVED,
skin_id,450.0000,105.50000,211.00000,skin ID barrel,DERIVED,
skin_id,451.0000,105.50000,211.00000,skin ID barrel,DERIVED,
skin_id,452.0000,105.50000,211.00000,skin ID barrel,DERIVED,
skin_id,453.0000,105.50000,211.00000,skin ID barrel,DERIVED,
skin_id,454.0000,105.50000,211.00000,skin ID barrel,DERIVED,
skin_id,455.0000,105.50000,211.00000,skin ID barrel,DERIVED,
skin_id,456.0000,105.50000,211.00000,skin ID barrel,DERIVED,
skin_id,457.0000,105.50000,211.00000,skin ID barrel,DERIVED,
skin_id,458.0000,105.50000,211.00000,skin ID barrel,DERIVED,
skin_id,459.0000,105.50000,211.00000,skin ID barrel,DERIVED,
skin_id,460.0000,105.50000,211.00000,skin ID barrel,DERIVED,
skin_id,461.0000,105.50000,211.00000,skin ID barrel,DERIVED,
skin_id,462.0000,105.50000,211.00000,skin ID barrel,DERIVED,
skin_id,463.0000,105.50000,211.00000,skin ID barrel,DERIVED,
skin_id,464.0000,105.50000,211.00000,skin ID barrel,DERIVED,
skin_id,465.0000,105.50000,211.00000,skin ID barrel,DERIVED,
skin_id,466.0000,105.50000,211.00000,skin ID barrel,DERIVED,
skin_id,467.0000,105.50000,211.00000,skin ID barrel,DERIVED,
skin_id,468.0000,105.50000,211.00000,skin ID barrel,DERIVED,
skin_id,469.0000,105.50000,211.00000,skin ID barrel,DERIVED,
skin_id,470.0000,105.50000,211.00000,skin ID barrel,DERIVED,
skin_id,471.0000,105.50000,211.00000,skin ID barrel,DERIVED,
skin_id,472.0000,105.50000,211.00000,skin ID barrel,DERIVED,
skin_id,473.0000,105.50000,211.00000,skin ID barrel,DERIVED,
skin_id,474.0000,105.50000,211.00000,skin ID barrel,DERIVED,
skin_id,475.0000,105.50000,211.00000,skin ID barrel,DERIVED,
skin_id,476.0000,105.50000,211.00000,skin ID barrel,DERIVED,
skin_id,477.0000,105.50000,211.00000,skin ID barrel,DERIVED,
skin_id,478.0000,105.50000,211.00000,skin ID barrel,DERIVED,
skin_id,479.0000,105.50000,211.00000,skin ID barrel,DERIVED,
skin_id,480.0000,105.50000,211.00000,skin ID barrel,DERIVED,
skin_id,481.0000,105.50000,211.00000,skin ID barrel,DERIVED,
skin_id,482.0000,105.50000,211.00000,skin ID barrel,DERIVED,
skin_id,483.0000,105.50000,211.00000,skin ID barrel,DERIVED,
skin_id,484.0000,105.50000,211.00000,skin ID barrel,DERIVED,
skin_id,485.0000,105.50000,211.00000,skin ID barrel,DERIVED,
skin_id,486.0000,105.50000,211.00000,skin ID barrel,DERIVED,
skin_id,487.0000,105.50000,211.00000,skin ID barrel,DERIVED,
skin_id,488.0000,105.50000,211.00000,skin ID barrel,DERIVED,
skin_id,489.0000,105.50000,211.00000,skin ID barrel,DERIVED,
skin_id,490.0000,105.50000,211.00000,skin ID barrel,DERIVED,
skin_id,491.0000,105.50000,211.00000,skin ID barrel,DERIVED,
skin_id,492.0000,105.50000,211.00000,skin ID barrel,DERIVED,
skin_id,493.0000,105.50000,211.00000,skin ID barrel,DERIVED,
skin_id,494.0000,105.50000,211.00000,skin ID barrel,DERIVED,
skin_id,495.0000,105.50000,211.00000,skin ID barrel,DERIVED,
skin_id,496.0000,105.50000,211.00000,skin ID barrel,DERIVED,
skin_id,497.0000,105.50000,211.00000,skin ID barrel,DERIVED,
skin_id,498.0000,105.50000,211.00000,skin ID barrel,DERIVED,
skin_id,499.0000,105.50000,211.00000,skin ID barrel,DERIVED,
skin_id,500.0000,105.50000,211.00000,skin ID barrel,DERIVED,
skin_id,501.0000,105.50000,211.00000,skin ID barrel,DERIVED,
skin_id,502.0000,105.50000,211.00000,skin ID barrel,DERIVED,
skin_id,503.0000,105.50000,211.00000,skin ID barrel,DERIVED,
skin_id,504.0000,105.50000,211.00000,skin ID barrel,DERIVED,
skin_id,505.0000,105.50000,211.00000,skin ID barrel,DERIVED,
skin_id,506.0000,105.50000,211.00000,skin ID barrel,DERIVED,
skin_id,507.0000,105.50000,211.00000,skin ID barrel,DERIVED,
skin_id,508.0000,105.50000,211.00000,skin ID barrel,DERIVED,
skin_id,509.0000,105.50000,211.00000,skin ID barrel,DERIVED,
skin_id,510.0000,105.50000,211.00000,skin ID barrel,DERIVED,
skin_id,511.0000,105.50000,211.00000,skin ID barrel,DERIVED,
skin_id,512.0000,105.50000,211.00000,skin ID barrel,DERIVED,
skin_id,513.0000,105.50000,211.00000,skin ID barrel,DERIVED,
skin_id,514.0000,105.50000,211.00000,skin ID barrel,DERIVED,
skin_id,515.0000,105.50000,211.00000,skin ID barrel,DERIVED,
skin_id,516.0000,105.50000,211.00000,skin ID barrel,DERIVED,
skin_id,517.0000,105.50000,211.00000,skin ID barrel,DERIVED,
skin_id,518.0000,105.50000,211.00000,skin ID barrel,DERIVED,
skin_id,519.0000,105.50000,211.00000,skin ID barrel,DERIVED,
skin_id,520.0000,105.50000,211.00000,skin ID barrel,DERIVED,
skin_id,521.0000,105.50000,211.00000,skin ID barrel,DERIVED,
skin_id,522.0000,105.50000,211.00000,skin ID barrel,DERIVED,
skin_id,523.0000,105.50000,211.00000,skin ID barrel,DERIVED,
skin_id,524.0000,105.50000,211.00000,skin ID barrel,DERIVED,
skin_id,525.0000,105.50000,211.00000,skin ID barrel,DERIVED,
skin_id,526.0000,105.50000,211.00000,skin ID barrel,DERIVED,
skin_id,527.0000,105.50000,211.00000,skin ID barrel,DERIVED,
skin_id,528.0000,105.50000,211.00000,skin ID barrel,DERIVED,
skin_id,529.0000,105.50000,211.00000,skin ID barrel,DERIVED,
skin_id,530.0000,105.50000,211.00000,skin ID barrel,DERIVED,
skin_id,531.0000,105.50000,211.00000,skin ID barrel,DERIVED,
skin_id,532.0000,105.50000,211.00000,skin ID barrel,DERIVED,
skin_id,533.0000,105.50000,211.00000,skin ID barrel,DERIVED,
skin_id,534.0000,105.50000,211.00000,skin ID barrel,DERIVED,
skin_id,535.0000,105.50000,211.00000,skin ID barrel,DERIVED,
skin_id,536.0000,105.50000,211.00000,skin ID barrel,DERIVED,
skin_id,537.0000,105.50000,211.00000,skin ID barrel,DERIVED,
skin_id,538.0000,105.50000,211.00000,skin ID barrel,DERIVED,
skin_id,539.0000,105.50000,211.00000,skin ID barrel,DERIVED,
skin_id,540.0000,105.50000,211.00000,skin ID barrel,DERIVED,
skin_id,541.0000,105.50000,211.00000,skin ID barrel,DERIVED,
skin_id,542.0000,105.50000,211.00000,skin ID barrel,DERIVED,
skin_id,543.0000,105.50000,211.00000,skin ID barrel,DERIVED,
skin_id,544.0000,105.50000,211.00000,skin ID barrel,DERIVED,
skin_id,545.0000,105.50000,211.00000,skin ID barrel,DERIVED,
skin_id,546.0000,105.50000,211.00000,skin ID barrel,DERIVED,
skin_id,547.0000,105.50000,211.00000,skin ID barrel,DERIVED,
skin_id,548.0000,105.50000,211.00000,skin ID barrel,DERIVED,
skin_id,549.0000,105.50000,211.00000,skin ID barrel,DERIVED,
skin_id,550.0000,105.50000,211.00000,skin ID barrel,DERIVED,
skin_id,551.0000,105.50000,211.00000,skin ID barrel,DERIVED,
skin_id,552.0000,105.50000,211.00000,skin ID barrel,DERIVED,
skin_id,553.0000,105.50000,211.00000,skin ID barrel,DERIVED,
skin_id,554.0000,105.50000,211.00000,skin ID barrel,DERIVED,
skin_id,555.0000,105.50000,211.00000,skin ID barrel,DERIVED,
skin_id,556.0000,105.50000,211.00000,skin ID barrel,DERIVED,
skin_id,557.0000,105.50000,211.00000,skin ID barrel,DERIVED,
skin_id,558.0000,105.50000,211.00000,skin ID barrel,DERIVED,
skin_id,559.0000,105.50000,211.00000,skin ID barrel,DERIVED,
skin_id,560.0000,105.50000,211.00000,skin ID barrel,DERIVED,
skin_id,561.0000,105.50000,211.00000,skin ID barrel,DERIVED,
skin_id,562.0000,105.50000,211.00000,skin ID barrel,DERIVED,
skin_id,563.0000,105.50000,211.00000,skin ID barrel,DERIVED,
skin_id,564.0000,105.50000,211.00000,skin ID barrel,DERIVED,
skin_id,565.0000,105.50000,211.00000,skin ID barrel,DERIVED,
skin_id,566.0000,105.50000,211.00000,skin ID barrel,DERIVED,
skin_id,567.0000,105.50000,211.00000,skin ID barrel,DERIVED,
skin_id,568.0000,105.50000,211.00000,skin ID barrel,DERIVED,
skin_id,569.0000,105.50000,211.00000,skin ID barrel,DERIVED,
skin_id,570.0000,105.50000,211.00000,skin ID barrel,DERIVED,
skin_id,571.0000,105.50000,211.00000,skin ID barrel,DERIVED,
skin_id,572.0000,105.50000,211.00000,skin ID barrel,DERIVED,
skin_id,573.0000,105.50000,211.00000,skin ID barrel,DERIVED,
skin_id,574.0000,105.50000,211.00000,skin ID barrel,DERIVED,
skin_id,575.0000,105.50000,211.00000,skin ID barrel,DERIVED,
skin_id,576.0000,105.50000,211.00000,skin ID barrel,DERIVED,
skin_id,577.0000,105.50000,211.00000,skin ID barrel,DERIVED,
skin_id,578.0000,105.50000,211.00000,skin ID barrel,DERIVED,
skin_id,579.0000,105.50000,211.00000,skin ID barrel,DERIVED,
skin_id,580.0000,105.50000,211.00000,skin ID barrel,DERIVED,
skin_id,581.0000,105.50000,211.00000,skin ID barrel,DERIVED,
skin_id,582.0000,105.50000,211.00000,skin ID barrel,DERIVED,
skin_id,583.0000,105.50000,211.00000,skin ID barrel,DERIVED,
skin_id,584.0000,105.50000,211.00000,skin ID barrel,DERIVED,
skin_id,585.0000,105.50000,211.00000,skin ID barrel,DERIVED,
skin_id,586.0000,105.50000,211.00000,skin ID barrel,DERIVED,
skin_id,587.0000,105.50000,211.00000,skin ID barrel,DERIVED,
skin_id,588.0000,105.50000,211.00000,skin ID barrel,DERIVED,
skin_id,589.0000,105.50000,211.00000,skin ID barrel,DERIVED,
skin_id,590.0000,105.50000,211.00000,skin ID barrel,DERIVED,
skin_id,591.0000,105.50000,211.00000,skin ID barrel,DERIVED,
skin_id,592.0000,105.50000,211.00000,skin ID barrel,DERIVED,
skin_id,593.0000,105.50000,211.00000,skin ID barrel,DERIVED,
skin_id,594.0000,105.50000,211.00000,skin ID barrel,DERIVED,
skin_id,595.0000,105.50000,211.00000,skin ID barrel,DERIVED,
skin_id,596.0000,105.50000,211.00000,skin ID barrel,DERIVED,
skin_id,597.0000,105.50000,211.00000,skin ID barrel,DERIVED,
skin_id,598.0000,105.50000,211.00000,skin ID barrel,DERIVED,
skin_id,599.0000,105.50000,211.00000,skin ID barrel,DERIVED,
skin_id,600.0000,105.50000,211.00000,skin ID barrel,DERIVED,
skin_id,601.0000,105.50000,211.00000,skin ID barrel,DERIVED,
skin_id,602.0000,105.50000,211.00000,skin ID barrel,DERIVED,
skin_id,603.0000,105.50000,211.00000,skin ID barrel,DERIVED,
skin_id,604.0000,105.50000,211.00000,skin ID barrel,DERIVED,
skin_id,605.0000,105.50000,211.00000,skin ID barrel,DERIVED,
skin_id,606.0000,105.50000,211.00000,skin ID barrel,DERIVED,
skin_id,607.0000,105.50000,211.00000,skin ID barrel,DERIVED,
skin_id,608.0000,105.50000,211.00000,skin ID barrel,DERIVED,
skin_id,609.0000,105.50000,211.00000,skin ID barrel,DERIVED,
skin_id,610.0000,105.50000,211.00000,skin ID barrel,DERIVED,
skin_id,611.0000,105.50000,211.00000,skin ID barrel,DERIVED,
skin_id,612.0000,105.50000,211.00000,skin ID barrel,DERIVED,
skin_id,613.0000,105.50000,211.00000,skin ID barrel,DERIVED,
skin_id,614.0000,105.50000,211.00000,skin ID barrel,DERIVED,
skin_id,615.0000,105.50000,211.00000,skin ID barrel,DERIVED,
skin_id,616.0000,105.50000,211.00000,skin ID barrel,DERIVED,
skin_id,617.0000,105.50000,211.00000,skin ID barrel,DERIVED,
skin_id,618.0000,105.50000,211.00000,skin ID barrel,DERIVED,
skin_id,619.0000,105.50000,211.00000,skin ID barrel,DERIVED,
skin_id,620.0000,105.50000,211.00000,skin ID barrel,DERIVED,
skin_id,621.0000,105.50000,211.00000,skin ID barrel,DERIVED,
skin_id,622.0000,105.50000,211.00000,skin ID barrel,DERIVED,
skin_id,623.0000,105.50000,211.00000,skin ID barrel,DERIVED,
skin_id,624.0000,105.50000,211.00000,skin ID barrel,DERIVED,
skin_id,625.0000,105.50000,211.00000,skin ID barrel,DERIVED,
skin_id,626.0000,105.50000,211.00000,skin ID barrel,DERIVED,
skin_id,627.0000,105.50000,211.00000,skin ID barrel,DERIVED,
skin_id,628.0000,105.50000,211.00000,skin ID barrel,DERIVED,
skin_id,629.0000,105.50000,211.00000,skin ID barrel,DERIVED,
skin_id,630.0000,105.50000,211.00000,skin ID barrel,DERIVED,
skin_id,631.0000,105.50000,211.00000,skin ID barrel,DERIVED,
skin_id,632.0000,105.50000,211.00000,skin ID barrel,DERIVED,
skin_id,633.0000,105.50000,211.00000,skin ID barrel,DERIVED,
skin_id,634.0000,105.50000,211.00000,skin ID barrel,DERIVED,
skin_id,635.0000,105.50000,211.00000,skin ID barrel,DERIVED,
skin_id,636.0000,105.50000,211.00000,skin ID barrel,DERIVED,
skin_id,637.0000,105.50000,211.00000,skin ID barrel,DERIVED,
skin_id,638.0000,105.50000,211.00000,skin ID barrel,DERIVED,
skin_id,639.0000,105.50000,211.00000,skin ID barrel,DERIVED,
skin_id,640.0000,105.50000,211.00000,skin ID barrel,DERIVED,
skin_id,641.0000,105.50000,211.00000,skin ID barrel,DERIVED,
skin_id,642.0000,105.50000,211.00000,skin ID barrel,DERIVED,
skin_id,643.0000,105.50000,211.00000,skin ID barrel,DERIVED,
skin_id,644.0000,105.50000,211.00000,skin ID barrel,DERIVED,
skin_id,645.0000,105.50000,211.00000,skin ID barrel,DERIVED,
skin_id,646.0000,105.50000,211.00000,skin ID barrel,DERIVED,
skin_id,647.0000,105.50000,211.00000,skin ID barrel,DERIVED,
skin_id,648.0000,105.50000,211.00000,skin ID barrel,DERIVED,
skin_id,649.0000,105.50000,211.00000,skin ID barrel,DERIVED,
skin_id,650.0000,105.50000,211.00000,skin ID barrel,DERIVED,
skin_id,651.0000,105.50000,211.00000,skin ID barrel,DERIVED,
skin_id,652.0000,105.50000,211.00000,skin ID barrel,DERIVED,
skin_id,653.0000,105.50000,211.00000,skin ID barrel,DERIVED,
skin_id,654.0000,105.50000,211.00000,skin ID barrel,DERIVED,
skin_id,655.0000,105.50000,211.00000,skin ID barrel,DERIVED,
skin_id,656.0000,105.50000,211.00000,skin ID barrel,DERIVED,
skin_id,657.0000,105.50000,211.00000,skin ID barrel,DERIVED,
skin_id,658.0000,105.50000,211.00000,skin ID barrel,DERIVED,
skin_id,659.0000,105.50000,211.00000,skin ID barrel,DERIVED,
skin_id,660.0000,105.50000,211.00000,skin ID barrel,DERIVED,
skin_id,661.0000,105.50000,211.00000,skin ID barrel,DERIVED,
skin_id,662.0000,105.50000,211.00000,skin ID barrel,DERIVED,
skin_id,663.0000,105.50000,211.00000,skin ID barrel,DERIVED,
skin_id,664.0000,105.50000,211.00000,skin ID barrel,DERIVED,
skin_id,665.0000,105.50000,211.00000,skin ID barrel,DERIVED,
skin_id,666.0000,105.50000,211.00000,skin ID barrel,DERIVED,
skin_id,667.0000,105.50000,211.00000,skin ID barrel,DERIVED,
skin_id,668.0000,105.50000,211.00000,skin ID barrel,DERIVED,
skin_id,669.0000,105.50000,211.00000,skin ID barrel,DERIVED,
skin_id,670.0000,105.50000,211.00000,skin ID barrel,DERIVED,
skin_id,671.0000,105.50000,211.00000,skin ID barrel,DERIVED,
skin_id,672.0000,105.50000,211.00000,skin ID barrel,DERIVED,
skin_id,673.0000,105.50000,211.00000,skin ID barrel,DERIVED,
skin_id,674.0000,105.50000,211.00000,skin ID barrel,DERIVED,
skin_id,675.0000,105.50000,211.00000,skin ID barrel,DERIVED,
skin_id,676.0000,105.50000,211.00000,skin ID barrel,DERIVED,
skin_id,677.0000,105.50000,211.00000,skin ID barrel,DERIVED,
skin_id,678.0000,105.50000,211.00000,skin ID barrel,DERIVED,
skin_id,679.0000,105.50000,211.00000,skin ID barrel,DERIVED,
skin_id,680.0000,105.50000,211.00000,skin ID barrel,DERIVED,
skin_id,681.0000,105.50000,211.00000,skin ID barrel,DERIVED,
skin_id,682.0000,105.50000,211.00000,skin ID barrel,DERIVED,
skin_id,683.0000,105.50000,211.00000,skin ID barrel,DERIVED,
skin_id,684.0000,105.50000,211.00000,skin ID barrel,DERIVED,
skin_id,685.0000,105.50000,211.00000,skin ID barrel,DERIVED,
skin_id,686.0000,105.50000,211.00000,skin ID barrel,DERIVED,
skin_id,687.0000,105.50000,211.00000,skin ID barrel,DERIVED,
skin_id,688.0000,105.50000,211.00000,skin ID barrel,DERIVED,
skin_id,689.0000,105.50000,211.00000,skin ID barrel,DERIVED,
skin_id,690.0000,105.50000,211.00000,skin ID barrel,DERIVED,
skin_id,691.0000,105.50000,211.00000,skin ID barrel,DERIVED,
skin_id,692.0000,105.50000,211.00000,skin ID barrel,DERIVED,
skin_id,693.0000,105.50000,211.00000,skin ID barrel,DERIVED,
skin_id,694.0000,105.50000,211.00000,skin ID barrel,DERIVED,
skin_id,695.0000,105.50000,211.00000,skin ID barrel,DERIVED,
skin_id,696.0000,105.50000,211.00000,skin ID barrel,DERIVED,
skin_id,697.0000,105.50000,211.00000,skin ID barrel,DERIVED,
skin_id,698.0000,105.50000,211.00000,skin ID barrel,DERIVED,
skin_id,699.0000,105.50000,211.00000,skin ID barrel,DERIVED,
skin_id,700.0000,105.50000,211.00000,skin ID barrel,DERIVED,
skin_id,701.0000,105.50000,211.00000,skin ID barrel,DERIVED,
skin_id,702.0000,105.50000,211.00000,skin ID barrel,DERIVED,
skin_id,703.0000,105.50000,211.00000,skin ID barrel,DERIVED,
skin_id,704.0000,105.50000,211.00000,skin ID barrel,DERIVED,
skin_id,705.0000,105.50000,211.00000,skin ID barrel,DERIVED,
skin_id,706.0000,105.50000,211.00000,skin ID barrel,DERIVED,
skin_id,707.0000,105.50000,211.00000,skin ID barrel,DERIVED,
skin_id,708.0000,105.50000,211.00000,skin ID barrel,DERIVED,
skin_id,709.0000,105.50000,211.00000,skin ID barrel,DERIVED,
skin_id,710.0000,105.50000,211.00000,skin ID barrel,DERIVED,
skin_id,711.0000,105.50000,211.00000,skin ID barrel,DERIVED,
skin_id,712.0000,105.50000,211.00000,skin ID barrel,DERIVED,
skin_id,713.0000,105.50000,211.00000,skin ID barrel,DERIVED,
skin_id,714.0000,105.50000,211.00000,skin ID barrel,DERIVED,
skin_id,715.0000,105.50000,211.00000,skin ID barrel,DERIVED,
skin_id,716.0000,105.50000,211.00000,skin ID barrel,DERIVED,
skin_id,717.0000,105.50000,211.00000,skin ID barrel,DERIVED,
skin_id,718.0000,105.50000,211.00000,skin ID barrel,DERIVED,
skin_id,719.0000,105.50000,211.00000,skin ID barrel,DERIVED,
skin_id,720.0000,105.50000,211.00000,skin ID barrel,DERIVED,
skin_id,721.0000,105.50000,211.00000,skin ID barrel,DERIVED,
skin_id,722.0000,105.50000,211.00000,skin ID barrel,DERIVED,
skin_id,723.0000,105.50000,211.00000,skin ID barrel,DERIVED,
skin_id,724.0000,105.50000,211.00000,skin ID barrel,DERIVED,
skin_id,725.0000,105.50000,211.00000,skin ID barrel,DERIVED,
skin_id,726.0000,105.50000,211.00000,skin ID barrel,DERIVED,
skin_id,727.0000,105.50000,211.00000,skin ID barrel,DERIVED,
skin_id,728.0000,105.50000,211.00000,skin ID barrel,DERIVED,
skin_id,729.0000,105.50000,211.00000,skin ID barrel,DERIVED,
skin_id,730.0000,105.50000,211.00000,skin ID barrel,DERIVED,
skin_id,731.0000,105.50000,211.00000,skin ID barrel,DERIVED,
skin_id,732.0000,105.50000,211.00000,skin ID barrel,DERIVED,
skin_id,733.0000,105.50000,211.00000,skin ID barrel,DERIVED,
skin_id,734.0000,105.50000,211.00000,skin ID barrel,DERIVED,
skin_id,735.0000,105.50000,211.00000,skin ID barrel,DERIVED,
skin_id,736.0000,105.50000,211.00000,skin ID barrel,DERIVED,
skin_id,737.0000,105.50000,211.00000,skin ID barrel,DERIVED,
skin_id,738.0000,105.50000,211.00000,skin ID barrel,DERIVED,
skin_id,739.0000,105.50000,211.00000,skin ID barrel,DERIVED,
skin_id,740.0000,105.50000,211.00000,skin ID barrel,DERIVED,
skin_id,741.0000,105.50000,211.00000,skin ID barrel,DERIVED,
skin_id,742.0000,105.50000,211.00000,skin ID barrel,DERIVED,
skin_id,743.0000,105.50000,211.00000,skin ID barrel,DERIVED,
skin_id,744.0000,105.50000,211.00000,skin ID barrel,DERIVED,
skin_id,745.0000,105.50000,211.00000,skin ID barrel,DERIVED,
skin_id,746.0000,105.50000,211.00000,skin ID barrel,DERIVED,
skin_id,747.0000,105.50000,211.00000,skin ID barrel,DERIVED,
skin_id,748.0000,105.50000,211.00000,skin ID barrel,DERIVED,
skin_id,749.0000,105.50000,211.00000,skin ID barrel,DERIVED,
skin_id,750.0000,105.50000,211.00000,skin ID barrel,DERIVED,
skin_id,751.0000,105.50000,211.00000,skin ID barrel,DERIVED,
skin_id,752.0000,105.50000,211.00000,skin ID barrel,DERIVED,
skin_id,753.0000,105.50000,211.00000,skin ID barrel,DERIVED,
skin_id,754.0000,105.50000,211.00000,skin ID barrel,DERIVED,
skin_id,755.0000,105.50000,211.00000,skin ID barrel,DERIVED,
skin_id,756.0000,105.50000,211.00000,skin ID barrel,DERIVED,
skin_id,757.0000,105.50000,211.00000,skin ID barrel,DERIVED,
skin_id,758.0000,105.50000,211.00000,skin ID barrel,DERIVED,
skin_id,759.0000,105.50000,211.00000,skin ID barrel,DERIVED,
skin_id,760.0000,105.50000,211.00000,skin ID barrel,DERIVED,
skin_id,761.0000,105.50000,211.00000,skin ID barrel,DERIVED,
skin_id,762.0000,105.50000,211.00000,skin ID barrel,DERIVED,
skin_id,763.0000,105.50000,211.00000,skin ID barrel,DERIVED,
skin_id,764.0000,105.50000,211.00000,skin ID barrel,DERIVED,
skin_id,765.0000,105.50000,211.00000,skin ID barrel,DERIVED,
skin_id,766.0000,105.50000,211.00000,skin ID barrel,DERIVED,
skin_id,767.0000,105.50000,211.00000,skin ID barrel,DERIVED,
skin_id,768.0000,105.50000,211.00000,skin ID barrel,DERIVED,
skin_id,769.0000,105.50000,211.00000,skin ID barrel,DERIVED,
skin_id,770.0000,105.50000,211.00000,skin ID barrel,DERIVED,
skin_id,771.0000,105.50000,211.00000,skin ID barrel,DERIVED,
skin_id,772.0000,105.50000,211.00000,skin ID barrel,DERIVED,
skin_id,773.0000,105.50000,211.00000,skin ID barrel,DERIVED,
skin_id,774.0000,105.50000,211.00000,skin ID barrel,DERIVED,
skin_id,775.0000,105.50000,211.00000,skin ID barrel,DERIVED,
skin_id,776.0000,105.50000,211.00000,skin ID barrel,DERIVED,
skin_id,777.0000,105.50000,211.00000,skin ID barrel,DERIVED,
skin_id,778.0000,105.50000,211.00000,skin ID barrel,DERIVED,
skin_id,779.0000,105.50000,211.00000,skin ID barrel,DERIVED,
skin_id,780.0000,105.50000,211.00000,skin ID barrel,DERIVED,
skin_id,781.0000,105.50000,211.00000,skin ID barrel,DERIVED,
skin_id,782.0000,105.50000,211.00000,skin ID barrel,DERIVED,
skin_id,783.0000,105.50000,211.00000,skin ID barrel,DERIVED,
skin_id,784.0000,105.50000,211.00000,skin ID barrel,DERIVED,
skin_id,785.0000,105.50000,211.00000,skin ID barrel,DERIVED,
skin_id,786.0000,105.50000,211.00000,skin ID barrel,DERIVED,
skin_id,787.0000,105.50000,211.00000,skin ID barrel,DERIVED,
skin_id,788.0000,105.50000,211.00000,skin ID barrel,DERIVED,
skin_id,789.0000,105.50000,211.00000,skin ID barrel,DERIVED,
skin_id,790.0000,105.50000,211.00000,skin ID barrel,DERIVED,
skin_id,791.0000,105.50000,211.00000,skin ID barrel,DERIVED,
skin_id,792.0000,105.50000,211.00000,skin ID barrel,DERIVED,
skin_id,793.0000,105.50000,211.00000,skin ID barrel,DERIVED,
skin_id,794.0000,105.50000,211.00000,skin ID barrel,DERIVED,
skin_id,795.0000,105.50000,211.00000,skin ID barrel,DERIVED,
skin_id,796.0000,105.50000,211.00000,skin ID barrel,DERIVED,
skin_id,797.0000,105.50000,211.00000,skin ID barrel,DERIVED,
skin_id,798.0000,105.50000,211.00000,skin ID barrel,DERIVED,
skin_id,799.0000,105.50000,211.00000,skin ID barrel,DERIVED,
skin_id,800.0000,105.50000,211.00000,skin ID barrel,DERIVED,
skin_id,801.0000,105.50000,211.00000,skin ID barrel,DERIVED,
skin_id,802.0000,105.50000,211.00000,skin ID barrel,DERIVED,
skin_id,803.0000,105.50000,211.00000,skin ID barrel,DERIVED,
skin_id,804.0000,105.50000,211.00000,skin ID barrel,DERIVED,
skin_id,805.0000,105.50000,211.00000,skin ID barrel,DERIVED,
skin_id,806.0000,105.50000,211.00000,skin ID barrel,DERIVED,
skin_id,807.0000,105.50000,211.00000,skin ID barrel,DERIVED,
skin_id,808.0000,105.50000,211.00000,skin ID barrel,DERIVED,
skin_id,809.0000,105.50000,211.00000,skin ID barrel,DERIVED,
skin_id,810.0000,105.50000,211.00000,skin ID barrel,DERIVED,
skin_id,811.0000,105.50000,211.00000,skin ID barrel,DERIVED,
skin_id,812.0000,105.50000,211.00000,skin ID barrel,DERIVED,
skin_id,813.0000,105.50000,211.00000,skin ID barrel,DERIVED,
skin_id,814.0000,105.50000,211.00000,skin ID barrel,DERIVED,
skin_id,815.0000,105.50000,211.00000,skin ID barrel,DERIVED,
skin_id,816.0000,105.50000,211.00000,skin ID barrel,DERIVED,
skin_id,817.0000,105.50000,211.00000,skin ID barrel,DERIVED,
skin_id,817.3073,105.50000,211.00000,skin ID barrel,DERIVED,chamber_end
skin_id,818.0000,105.50000,211.00000,skin ID barrel,DERIVED,
skin_id,819.0000,105.50000,211.00000,skin ID barrel,DERIVED,
skin_id,820.0000,105.50000,211.00000,skin ID barrel,DERIVED,
skin_id,821.0000,105.50000,211.00000,skin ID barrel,DERIVED,
skin_id,822.0000,105.50000,211.00000,skin ID barrel,DERIVED,
skin_id,823.0000,105.50000,211.00000,skin ID barrel,DERIVED,
skin_id,824.0000,105.50000,211.00000,skin ID barrel,DERIVED,
skin_id,825.0000,105.50000,211.00000,skin ID barrel,DERIVED,
skin_id,826.0000,105.50000,211.00000,skin ID barrel,DERIVED,
skin_id,827.0000,105.50000,211.00000,skin ID barrel,DERIVED,
skin_id,828.0000,105.50000,211.00000,skin ID barrel,DERIVED,
skin_id,829.0000,105.50000,211.00000,skin ID barrel,DERIVED,
skin_id,830.0000,105.50000,211.00000,skin ID barrel,DERIVED,
skin_id,831.0000,105.50000,211.00000,skin ID barrel,DERIVED,
skin_id,832.0000,105.50000,211.00000,skin ID barrel,DERIVED,
skin_id,833.0000,105.50000,211.00000,skin ID barrel,DERIVED,
skin_id,834.0000,105.50000,211.00000,skin ID barrel,DERIVED,
skin_id,835.0000,105.50000,211.00000,skin ID barrel,DERIVED,
skin_id,836.0000,105.50000,211.00000,skin ID barrel,DERIVED,
skin_id,837.0000,105.50000,211.00000,skin ID barrel,DERIVED,
skin_id,838.0000,105.50000,211.00000,skin ID barrel,DERIVED,
skin_id,839.0000,105.50000,211.00000,skin ID barrel,DERIVED,
skin_id,840.0000,105.50000,211.00000,skin ID barrel,DERIVED,
skin_id,841.0000,105.50000,211.00000,skin ID barrel,DERIVED,
skin_id,842.0000,105.50000,211.00000,skin ID barrel,DERIVED,
skin_id,843.0000,105.50000,211.00000,skin ID barrel,DERIVED,
skin_id,844.0000,105.50000,211.00000,skin ID barrel,DERIVED,
skin_id,845.0000,105.50000,211.00000,skin ID barrel,DERIVED,
skin_id,846.0000,105.50000,211.00000,skin ID barrel,DERIVED,
skin_id,847.0000,105.50000,211.00000,skin ID barrel,DERIVED,
skin_id,848.0000,105.50000,211.00000,skin ID barrel,DERIVED,
skin_id,849.0000,105.50000,211.00000,skin ID barrel,DERIVED,
skin_id,850.0000,105.50000,211.00000,skin ID barrel,DERIVED,
skin_id,851.0000,105.50000,211.00000,skin ID barrel,DERIVED,
skin_id,852.0000,105.50000,211.00000,skin ID barrel,DERIVED,
skin_id,853.0000,105.50000,211.00000,skin ID barrel,DERIVED,
skin_id,854.0000,105.50000,211.00000,skin ID barrel,DERIVED,
skin_id,855.0000,105.50000,211.00000,skin ID barrel,DERIVED,
skin_id,856.0000,105.50000,211.00000,skin ID barrel,DERIVED,
skin_id,857.0000,105.50000,211.00000,skin ID barrel,DERIVED,
skin_id,858.0000,105.50000,211.00000,skin ID barrel,DERIVED,
skin_id,859.0000,105.50000,211.00000,skin ID barrel,DERIVED,
skin_id,860.0000,105.50000,211.00000,skin ID barrel,DERIVED,
skin_id,861.0000,105.50000,211.00000,skin ID barrel,DERIVED,
skin_id,862.0000,105.50000,211.00000,skin ID barrel,DERIVED,
skin_id,863.0000,105.50000,211.00000,skin ID barrel,DERIVED,
skin_id,864.0000,105.50000,211.00000,skin ID barrel,DERIVED,
skin_id,865.0000,105.50000,211.00000,skin ID barrel,DERIVED,
skin_id,866.0000,105.50000,211.00000,skin ID barrel,DERIVED,
skin_id,867.0000,105.50000,211.00000,skin ID barrel,DERIVED,
skin_id,868.0000,105.50000,211.00000,skin ID barrel,DERIVED,
skin_id,869.0000,105.50000,211.00000,skin ID barrel,DERIVED,
skin_id,870.0000,105.50000,211.00000,skin ID barrel,DERIVED,
skin_id,871.0000,105.50000,211.00000,skin ID barrel,DERIVED,
skin_id,872.0000,105.50000,211.00000,skin ID barrel,DERIVED,
skin_id,873.0000,105.50000,211.00000,skin ID barrel,DERIVED,
skin_id,874.0000,105.50000,211.00000,skin ID barrel,DERIVED,
skin_id,875.0000,105.50000,211.00000,skin ID barrel,DERIVED,
skin_id,876.0000,105.50000,211.00000,skin ID barrel,DERIVED,
skin_id,877.0000,105.50000,211.00000,skin ID barrel,DERIVED,
skin_id,878.0000,105.50000,211.00000,skin ID barrel,DERIVED,
skin_id,879.0000,105.50000,211.00000,skin ID barrel,DERIVED,
skin_id,880.0000,105.50000,211.00000,skin ID barrel,DERIVED,
skin_id,881.0000,105.50000,211.00000,skin ID barrel,DERIVED,
skin_id,882.0000,105.50000,211.00000,skin ID barrel,DERIVED,
skin_id,883.0000,105.50000,211.00000,skin ID barrel,DERIVED,
skin_id,884.0000,105.50000,211.00000,skin ID barrel,DERIVED,
skin_id,885.0000,105.50000,211.00000,skin ID barrel,DERIVED,
skin_id,886.0000,105.50000,211.00000,skin ID barrel,DERIVED,
skin_id,887.0000,105.50000,211.00000,skin ID barrel,DERIVED,
skin_id,888.0000,105.50000,211.00000,skin ID barrel,DERIVED,
skin_id,889.0000,105.50000,211.00000,skin ID barrel,DERIVED,
skin_id,890.0000,105.50000,211.00000,skin ID barrel,DERIVED,
skin_id,891.0000,105.50000,211.00000,skin ID barrel,DERIVED,
skin_id,892.0000,105.50000,211.00000,skin ID barrel,DERIVED,
skin_id,893.0000,105.50000,211.00000,skin ID barrel,DERIVED,
skin_id,894.0000,105.50000,211.00000,skin ID barrel,DERIVED,
skin_id,895.0000,105.50000,211.00000,skin ID barrel,DERIVED,
skin_id,896.0000,105.50000,211.00000,skin ID barrel,DERIVED,
skin_id,897.0000,105.50000,211.00000,skin ID barrel,DERIVED,
skin_id,898.0000,105.50000,211.00000,skin ID barrel,DERIVED,
skin_id,899.0000,105.50000,211.00000,skin ID barrel,DERIVED,
skin_id,900.0000,105.50000,211.00000,skin ID barrel,DERIVED,
skin_id,901.0000,105.50000,211.00000,skin ID barrel,DERIVED,
skin_id,902.0000,105.50000,211.00000,skin ID barrel,DERIVED,
skin_id,903.0000,105.50000,211.00000,skin ID barrel,DERIVED,
skin_id,904.0000,105.50000,211.00000,skin ID barrel,DERIVED,
skin_id,905.0000,105.50000,211.00000,skin ID barrel,DERIVED,
skin_id,906.0000,105.50000,211.00000,skin ID barrel,DERIVED,
skin_id,907.0000,105.50000,211.00000,skin ID barrel,DERIVED,
skin_id,908.0000,105.50000,211.00000,skin ID barrel,DERIVED,
skin_id,909.0000,105.50000,211.00000,skin ID barrel,DERIVED,
skin_id,910.0000,105.50000,211.00000,skin ID barrel,DERIVED,
skin_id,911.0000,105.50000,211.00000,skin ID barrel,DERIVED,
skin_id,912.0000,105.50000,211.00000,skin ID barrel,DERIVED,
skin_id,913.0000,105.50000,211.00000,skin ID barrel,DERIVED,
skin_id,914.0000,105.50000,211.00000,skin ID barrel,DERIVED,
skin_id,915.0000,105.50000,211.00000,skin ID barrel,DERIVED,
skin_id,916.0000,105.50000,211.00000,skin ID barrel,DERIVED,
skin_id,917.0000,105.50000,211.00000,skin ID barrel,DERIVED,
skin_id,918.0000,105.50000,211.00000,skin ID barrel,DERIVED,
skin_id,919.0000,105.50000,211.00000,skin ID barrel,DERIVED,
skin_id,920.0000,105.50000,211.00000,skin ID barrel,DERIVED,
skin_id,921.0000,105.50000,211.00000,skin ID barrel,DERIVED,
skin_id,922.0000,105.50000,211.00000,skin ID barrel,DERIVED,
skin_id,923.0000,105.50000,211.00000,skin ID barrel,DERIVED,
skin_id,924.0000,105.50000,211.00000,skin ID barrel,DERIVED,
skin_id,925.0000,105.50000,211.00000,skin ID barrel,DERIVED,
skin_id,926.0000,105.50000,211.00000,skin ID barrel,DERIVED,
skin_id,927.0000,105.50000,211.00000,skin ID barrel,DERIVED,
skin_id,928.0000,105.50000,211.00000,skin ID barrel,DERIVED,
skin_id,929.0000,105.50000,211.00000,skin ID barrel,DERIVED,
skin_id,930.0000,105.50000,211.00000,skin ID barrel,DERIVED,
skin_id,931.0000,105.50000,211.00000,skin ID barrel,DERIVED,
skin_id,932.0000,105.50000,211.00000,skin ID barrel,DERIVED,
skin_id,933.0000,105.50000,211.00000,skin ID barrel,DERIVED,
skin_id,934.0000,105.50000,211.00000,skin ID barrel,DERIVED,
skin_id,935.0000,105.50000,211.00000,skin ID barrel,DERIVED,
skin_id,936.0000,105.50000,211.00000,skin ID barrel,DERIVED,
skin_id,937.0000,105.50000,211.00000,skin ID barrel,DERIVED,
skin_id,938.0000,105.50000,211.00000,skin ID barrel,DERIVED,
skin_id,939.0000,105.50000,211.00000,skin ID barrel,DERIVED,
skin_id,940.0000,105.50000,211.00000,skin ID barrel,DERIVED,
skin_id,941.0000,105.50000,211.00000,skin ID barrel,DERIVED,
skin_id,942.0000,105.50000,211.00000,skin ID barrel,DERIVED,
skin_id,943.0000,105.50000,211.00000,skin ID barrel,DERIVED,
skin_id,944.0000,105.50000,211.00000,skin ID barrel,DERIVED,
skin_id,945.0000,105.50000,211.00000,skin ID barrel,DERIVED,
skin_id,946.0000,105.50000,211.00000,skin ID barrel,DERIVED,
skin_id,947.0000,105.50000,211.00000,skin ID barrel,DERIVED,
skin_id,948.0000,105.50000,211.00000,skin ID barrel,DERIVED,
skin_id,949.0000,105.50000,211.00000,skin ID barrel,DERIVED,
skin_id,950.0000,105.50000,211.00000,skin ID barrel,DERIVED,
skin_id,951.0000,105.50000,211.00000,skin ID barrel,DERIVED,
skin_id,952.0000,105.50000,211.00000,skin ID barrel,DERIVED,
skin_id,953.0000,105.50000,211.00000,skin ID barrel,DERIVED,
skin_id,954.0000,105.50000,211.00000,skin ID barrel,DERIVED,
skin_id,955.0000,105.50000,211.00000,skin ID barrel,DERIVED,
skin_id,956.0000,105.50000,211.00000,skin ID barrel,DERIVED,
skin_id,957.0000,105.50000,211.00000,skin ID barrel,DERIVED,
skin_id,958.0000,105.50000,211.00000,skin ID barrel,DERIVED,
skin_id,959.0000,105.50000,211.00000,skin ID barrel,DERIVED,
skin_id,960.0000,105.50000,211.00000,skin ID barrel,DERIVED,
skin_id,961.0000,105.50000,211.00000,skin ID barrel,DERIVED,
skin_id,962.0000,105.50000,211.00000,skin ID barrel,DERIVED,
skin_id,963.0000,105.50000,211.00000,skin ID barrel,DERIVED,
skin_id,964.0000,105.50000,211.00000,skin ID barrel,DERIVED,
skin_id,965.0000,105.50000,211.00000,skin ID barrel,DERIVED,
skin_id,966.0000,105.50000,211.00000,skin ID barrel,DERIVED,
skin_id,967.0000,105.50000,211.00000,skin ID barrel,DERIVED,
skin_id,968.0000,105.50000,211.00000,skin ID barrel,DERIVED,
skin_id,969.0000,105.50000,211.00000,skin ID barrel,DERIVED,
skin_id,970.0000,105.50000,211.00000,skin ID barrel,DERIVED,
skin_id,971.0000,105.50000,211.00000,skin ID barrel,DERIVED,
skin_id,972.0000,105.50000,211.00000,skin ID barrel,DERIVED,
skin_id,973.0000,105.50000,211.00000,skin ID barrel,DERIVED,
skin_id,974.0000,105.50000,211.00000,skin ID barrel,DERIVED,
skin_id,975.0000,105.50000,211.00000,skin ID barrel,DERIVED,
skin_id,976.0000,105.50000,211.00000,skin ID barrel,DERIVED,
skin_id,977.0000,105.50000,211.00000,skin ID barrel,DERIVED,
skin_id,978.0000,105.50000,211.00000,skin ID barrel,DERIVED,
skin_id,979.0000,105.50000,211.00000,skin ID barrel,DERIVED,
skin_id,980.0000,105.50000,211.00000,skin ID barrel,DERIVED,
skin_id,981.0000,105.50000,211.00000,skin ID barrel,DERIVED,
skin_id,982.0000,105.50000,211.00000,skin ID barrel,DERIVED,
skin_id,983.0000,105.50000,211.00000,skin ID barrel,DERIVED,
skin_id,984.0000,105.50000,211.00000,skin ID barrel,DERIVED,
skin_id,985.0000,105.50000,211.00000,skin ID barrel,DERIVED,
skin_id,986.0000,105.50000,211.00000,skin ID barrel,DERIVED,
skin_id,987.0000,105.50000,211.00000,skin ID barrel,DERIVED,
skin_id,988.0000,105.50000,211.00000,skin ID barrel,DERIVED,
skin_id,989.0000,105.50000,211.00000,skin ID barrel,DERIVED,
skin_id,990.0000,105.50000,211.00000,skin ID barrel,DERIVED,
skin_id,991.0000,105.50000,211.00000,skin ID barrel,DERIVED,
skin_id,991.5231,105.50000,211.00000,skin ID barrel,DERIVED,cone_end
skin_id,992.0000,105.50000,211.00000,skin ID barrel,DERIVED,
skin_id,993.0000,105.50000,211.00000,skin ID barrel,DERIVED,
skin_id,994.0000,105.50000,211.00000,skin ID barrel,DERIVED,
skin_id,995.0000,105.50000,211.00000,skin ID barrel,DERIVED,
skin_id,996.0000,105.50000,211.00000,skin ID barrel,DERIVED,
skin_id,997.0000,105.50000,211.00000,skin ID barrel,DERIVED,
skin_id,998.0000,105.50000,211.00000,skin ID barrel,DERIVED,
skin_id,999.0000,105.50000,211.00000,skin ID barrel,DERIVED,
skin_id,1000.0000,105.50000,211.00000,skin ID barrel,DERIVED,
skin_id,1001.0000,105.50000,211.00000,skin ID barrel,DERIVED,
skin_id,1002.0000,105.50000,211.00000,skin ID barrel,DERIVED,
skin_id,1003.0000,105.50000,211.00000,skin ID barrel,DERIVED,
skin_id,1004.0000,105.50000,211.00000,skin ID barrel,DERIVED,
skin_id,1005.0000,105.50000,211.00000,skin ID barrel,DERIVED,
skin_id,1006.0000,105.50000,211.00000,skin ID barrel,DERIVED,
skin_id,1007.0000,105.50000,211.00000,skin ID barrel,DERIVED,
skin_id,1008.0000,105.50000,211.00000,skin ID barrel,DERIVED,
skin_id,1009.0000,105.50000,211.00000,skin ID barrel,DERIVED,
skin_id,1010.0000,105.50000,211.00000,skin ID barrel,DERIVED,
skin_id,1011.0000,105.50000,211.00000,skin ID barrel,DERIVED,
skin_id,1012.0000,105.50000,211.00000,skin ID barrel,DERIVED,
skin_id,1013.0000,105.50000,211.00000,skin ID barrel,DERIVED,
skin_id,1014.0000,105.50000,211.00000,skin ID barrel,DERIVED,
skin_id,1015.0000,105.50000,211.00000,skin ID barrel,DERIVED,
skin_id,1016.0000,105.50000,211.00000,skin ID barrel,DERIVED,
skin_id,1017.0000,105.50000,211.00000,skin ID barrel,DERIVED,
skin_id,1018.0000,105.50000,211.00000,skin ID barrel,DERIVED,
skin_id,1019.0000,105.50000,211.00000,skin ID barrel,DERIVED,
skin_id,1020.0000,105.50000,211.00000,skin ID barrel,DERIVED,
skin_id,1021.0000,105.50000,211.00000,skin ID barrel,DERIVED,
skin_id,1022.0000,105.50000,211.00000,skin ID barrel,DERIVED,
skin_id,1023.0000,105.50000,211.00000,skin ID barrel,DERIVED,
skin_id,1024.0000,105.50000,211.00000,skin ID barrel,DERIVED,
skin_id,1025.0000,105.50000,211.00000,skin ID barrel,DERIVED,
skin_id,1026.0000,105.50000,211.00000,skin ID barrel,DERIVED,
skin_id,1027.0000,105.50000,211.00000,skin ID barrel,DERIVED,
skin_id,1028.0000,105.50000,211.00000,skin ID barrel,DERIVED,
skin_id,1029.0000,105.50000,211.00000,skin ID barrel,DERIVED,
skin_id,1030.0000,105.50000,211.00000,skin ID barrel,DERIVED,
skin_id,1031.0000,105.50000,211.00000,skin ID barrel,DERIVED,
skin_id,1032.0000,105.50000,211.00000,skin ID barrel,DERIVED,
skin_id,1033.0000,105.50000,211.00000,skin ID barrel,DERIVED,
skin_id,1034.0000,105.50000,211.00000,skin ID barrel,DERIVED,
skin_id,1035.0000,105.50000,211.00000,skin ID barrel,DERIVED,
skin_id,1036.0000,105.50000,211.00000,skin ID barrel,DERIVED,
skin_id,1037.0000,105.50000,211.00000,skin ID barrel,DERIVED,
skin_id,1038.0000,105.50000,211.00000,skin ID barrel,DERIVED,
skin_id,1039.0000,105.50000,211.00000,skin ID barrel,DERIVED,
skin_id,1040.0000,105.50000,211.00000,skin ID barrel,DERIVED,
skin_id,1041.0000,105.50000,211.00000,skin ID barrel,DERIVED,
skin_id,1042.0000,105.50000,211.00000,skin ID barrel,DERIVED,
skin_id,1043.0000,105.50000,211.00000,skin ID barrel,DERIVED,
skin_id,1044.0000,105.50000,211.00000,skin ID barrel,DERIVED,
skin_id,1045.0000,105.50000,211.00000,skin ID barrel,DERIVED,
skin_id,1046.0000,105.50000,211.00000,skin ID barrel,DERIVED,
skin_id,1047.0000,105.50000,211.00000,skin ID barrel,DERIVED,
skin_id,1048.0000,105.50000,211.00000,skin ID barrel,DERIVED,
skin_id,1049.0000,105.50000,211.00000,skin ID barrel,DERIVED,
skin_id,1050.0000,105.50000,211.00000,skin ID barrel,DERIVED,
skin_id,1051.0000,105.50000,211.00000,skin ID barrel,DERIVED,
skin_id,1052.0000,105.50000,211.00000,skin ID barrel,DERIVED,
skin_id,1053.0000,105.50000,211.00000,skin ID barrel,DERIVED,
skin_id,1054.0000,105.50000,211.00000,skin ID barrel,DERIVED,
skin_id,1055.0000,105.50000,211.00000,skin ID barrel,DERIVED,
skin_id,1056.0000,105.50000,211.00000,skin ID barrel,DERIVED,
skin_id,1057.0000,105.50000,211.00000,skin ID barrel,DERIVED,
skin_id,1058.0000,105.50000,211.00000,skin ID barrel,DERIVED,
skin_id,1059.0000,105.50000,211.00000,skin ID barrel,DERIVED,
skin_id,1060.0000,105.50000,211.00000,skin ID barrel,DERIVED,
skin_id,1061.0000,105.50000,211.00000,skin ID barrel,DERIVED,
skin_id,1062.0000,105.50000,211.00000,skin ID barrel,DERIVED,
skin_id,1063.0000,105.50000,211.00000,skin ID barrel,DERIVED,
skin_id,1064.0000,105.50000,211.00000,skin ID barrel,DERIVED,
skin_id,1065.0000,105.50000,211.00000,skin ID barrel,DERIVED,
skin_id,1066.0000,105.50000,211.00000,skin ID barrel,DERIVED,
skin_id,1067.0000,105.50000,211.00000,skin ID barrel,DERIVED,
skin_id,1068.0000,105.50000,211.00000,skin ID barrel,DERIVED,
skin_id,1069.0000,105.50000,211.00000,skin ID barrel,DERIVED,
skin_id,1070.0000,105.50000,211.00000,skin ID barrel,DERIVED,
skin_id,1071.0000,105.50000,211.00000,skin ID barrel,DERIVED,
skin_id,1072.0000,105.50000,211.00000,skin ID barrel,DERIVED,
skin_id,1073.0000,105.50000,211.00000,skin ID barrel,DERIVED,
skin_id,1074.0000,105.50000,211.00000,skin ID barrel,DERIVED,
skin_id,1075.0000,105.50000,211.00000,skin ID barrel,DERIVED,
skin_id,1076.0000,105.50000,211.00000,skin ID barrel,DERIVED,
skin_id,1077.0000,105.50000,211.00000,skin ID barrel,DERIVED,
skin_id,1078.0000,105.50000,211.00000,skin ID barrel,DERIVED,
skin_id,1079.0000,105.50000,211.00000,skin ID barrel,DERIVED,
skin_id,1080.0000,105.50000,211.00000,skin ID barrel,DERIVED,
skin_id,1081.0000,105.50000,211.00000,skin ID barrel,DERIVED,
skin_id,1082.0000,105.50000,211.00000,skin ID barrel,DERIVED,
skin_id,1083.0000,105.50000,211.00000,skin ID barrel,DERIVED,
skin_id,1084.0000,105.50000,211.00000,skin ID barrel,DERIVED,
skin_id,1085.0000,105.50000,211.00000,skin ID barrel,DERIVED,
skin_id,1086.0000,105.50000,211.00000,skin ID barrel,DERIVED,
skin_id,1087.0000,105.50000,211.00000,skin ID barrel,DERIVED,
skin_id,1088.0000,105.50000,211.00000,skin ID barrel,DERIVED,
skin_id,1089.0000,105.50000,211.00000,skin ID barrel,DERIVED,
skin_id,1090.0000,105.50000,211.00000,skin ID barrel,DERIVED,
skin_id,1091.0000,105.50000,211.00000,skin ID barrel,DERIVED,
skin_id,1092.0000,105.50000,211.00000,skin ID barrel,DERIVED,
skin_id,1093.0000,105.50000,211.00000,skin ID barrel,DERIVED,
skin_id,1094.0000,105.50000,211.00000,skin ID barrel,DERIVED,
skin_id,1095.0000,105.50000,211.00000,skin ID barrel,DERIVED,
skin_id,1096.0000,105.50000,211.00000,skin ID barrel,DERIVED,
skin_id,1097.0000,105.50000,211.00000,skin ID barrel,DERIVED,
skin_id,1098.0000,105.50000,211.00000,skin ID barrel,DERIVED,
skin_id,1099.0000,105.50000,211.00000,skin ID barrel,DERIVED,
skin_id,1100.0000,105.50000,211.00000,skin ID barrel,DERIVED,
skin_id,1101.0000,105.50000,211.00000,skin ID barrel,DERIVED,
skin_id,1102.0000,105.50000,211.00000,skin ID barrel,DERIVED,
skin_id,1103.0000,105.50000,211.00000,skin ID barrel,DERIVED,
skin_id,1104.0000,105.50000,211.00000,skin ID barrel,DERIVED,
skin_id,1105.0000,105.50000,211.00000,skin ID barrel,DERIVED,
skin_id,1106.0000,105.50000,211.00000,skin ID barrel,DERIVED,
skin_id,1107.0000,105.50000,211.00000,skin ID barrel,DERIVED,
skin_id,1108.0000,105.50000,211.00000,skin ID barrel,DERIVED,
skin_id,1109.0000,105.50000,211.00000,skin ID barrel,DERIVED,
skin_id,1110.0000,105.50000,211.00000,skin ID barrel,DERIVED,
skin_id,1111.0000,105.50000,211.00000,skin ID barrel,DERIVED,
skin_id,1112.0000,105.50000,211.00000,skin ID barrel,DERIVED,
skin_id,1113.0000,105.50000,211.00000,skin ID barrel,DERIVED,
skin_id,1114.0000,105.50000,211.00000,skin ID barrel,DERIVED,
skin_id,1115.0000,105.50000,211.00000,skin ID barrel,DERIVED,
skin_id,1116.0000,105.50000,211.00000,skin ID barrel,DERIVED,
skin_id,1117.0000,105.50000,211.00000,skin ID barrel,DERIVED,
skin_id,1118.0000,105.50000,211.00000,skin ID barrel,DERIVED,
skin_id,1119.0000,105.50000,211.00000,skin ID barrel,DERIVED,
skin_id,1120.0000,105.50000,211.00000,skin ID barrel,DERIVED,
skin_id,1121.0000,105.50000,211.00000,skin ID barrel,DERIVED,
skin_id,1122.0000,105.50000,211.00000,skin ID barrel,DERIVED,
skin_id,1123.0000,105.50000,211.00000,skin ID barrel,DERIVED,
skin_id,1124.0000,105.50000,211.00000,skin ID barrel,DERIVED,
skin_id,1125.0000,105.50000,211.00000,skin ID barrel,DERIVED,
skin_id,1126.0000,105.50000,211.00000,skin ID barrel,DERIVED,
skin_id,1127.0000,105.50000,211.00000,skin ID barrel,DERIVED,
skin_id,1128.0000,105.50000,211.00000,skin ID barrel,DERIVED,
skin_id,1129.0000,105.50000,211.00000,skin ID barrel,DERIVED,
skin_id,1130.0000,105.50000,211.00000,skin ID barrel,DERIVED,
skin_id,1131.0000,105.50000,211.00000,skin ID barrel,DERIVED,
skin_id,1132.0000,105.50000,211.00000,skin ID barrel,DERIVED,
skin_id,1133.0000,105.50000,211.00000,skin ID barrel,DERIVED,
skin_id,1134.0000,105.50000,211.00000,skin ID barrel,DERIVED,
skin_id,1135.0000,105.50000,211.00000,skin ID barrel,DERIVED,
skin_id,1136.0000,105.50000,211.00000,skin ID barrel,DERIVED,
skin_id,1137.0000,105.50000,211.00000,skin ID barrel,DERIVED,
skin_id,1138.0000,105.50000,211.00000,skin ID barrel,DERIVED,
skin_id,1139.0000,105.50000,211.00000,skin ID barrel,DERIVED,
skin_id,1140.0000,105.50000,211.00000,skin ID barrel,DERIVED,
skin_id,1141.0000,105.50000,211.00000,skin ID barrel,DERIVED,
skin_id,1142.0000,105.50000,211.00000,skin ID barrel,DERIVED,
skin_id,1143.0000,105.50000,211.00000,skin ID barrel,DERIVED,
skin_id,1144.0000,105.50000,211.00000,skin ID barrel,DERIVED,
skin_id,1145.0000,105.50000,211.00000,skin ID barrel,DERIVED,
skin_id,1146.0000,105.50000,211.00000,skin ID barrel,DERIVED,
skin_id,1147.0000,105.50000,211.00000,skin ID barrel,DERIVED,
skin_id,1148.0000,105.50000,211.00000,skin ID barrel,DERIVED,
skin_id,1149.0000,105.50000,211.00000,skin ID barrel,DERIVED,
skin_id,1150.0000,105.50000,211.00000,skin ID barrel,DERIVED,
skin_id,1151.0000,105.50000,211.00000,skin ID barrel,DERIVED,
skin_id,1152.0000,105.50000,211.00000,skin ID barrel,DERIVED,
skin_id,1153.0000,105.50000,211.00000,skin ID barrel,DERIVED,
skin_id,1154.0000,105.50000,211.00000,skin ID barrel,DERIVED,
skin_id,1155.0000,105.50000,211.00000,skin ID barrel,DERIVED,
skin_id,1156.0000,105.50000,211.00000,skin ID barrel,DERIVED,
skin_id,1157.0000,105.50000,211.00000,skin ID barrel,DERIVED,
skin_id,1158.0000,105.50000,211.00000,skin ID barrel,DERIVED,
skin_id,1159.0000,105.50000,211.00000,skin ID barrel,DERIVED,
skin_id,1160.0000,105.50000,211.00000,skin ID barrel,DERIVED,
skin_id,1161.0000,105.50000,211.00000,skin ID barrel,DERIVED,
skin_id,1162.0000,105.50000,211.00000,skin ID barrel,DERIVED,
skin_id,1163.0000,105.50000,211.00000,skin ID barrel,DERIVED,
skin_id,1164.0000,105.50000,211.00000,skin ID barrel,DERIVED,
skin_id,1165.0000,105.50000,211.00000,skin ID barrel,DERIVED,
skin_id,1166.0000,105.50000,211.00000,skin ID barrel,DERIVED,
skin_id,1167.0000,105.50000,211.00000,skin ID barrel,DERIVED,
skin_id,1168.0000,105.50000,211.00000,skin ID barrel,DERIVED,
skin_id,1169.0000,105.50000,211.00000,skin ID barrel,DERIVED,
skin_id,1170.0000,105.50000,211.00000,skin ID barrel,DERIVED,
skin_id,1171.0000,105.50000,211.00000,skin ID barrel,DERIVED,
skin_id,1172.0000,105.50000,211.00000,skin ID barrel,DERIVED,
skin_id,1173.0000,105.50000,211.00000,skin ID barrel,DERIVED,
skin_id,1174.0000,105.50000,211.00000,skin ID barrel,DERIVED,
skin_id,1175.0000,105.50000,211.00000,skin ID barrel,DERIVED,
skin_id,1176.0000,105.50000,211.00000,skin ID barrel,DERIVED,
skin_id,1177.0000,105.50000,211.00000,skin ID barrel,DERIVED,
skin_id,1178.0000,105.50000,211.00000,skin ID barrel,DERIVED,
skin_id,1179.0000,105.50000,211.00000,skin ID barrel,DERIVED,
skin_id,1180.0000,105.50000,211.00000,skin ID barrel,DERIVED,
skin_id,1181.0000,105.50000,211.00000,skin ID barrel,DERIVED,
skin_id,1182.0000,105.50000,211.00000,skin ID barrel,DERIVED,
skin_id,1183.0000,105.50000,211.00000,skin ID barrel,DERIVED,
skin_id,1184.0000,105.50000,211.00000,skin ID barrel,DERIVED,
skin_id,1185.0000,105.50000,211.00000,skin ID barrel,DERIVED,
skin_id,1186.0000,105.50000,211.00000,skin ID barrel,DERIVED,
skin_id,1187.0000,105.50000,211.00000,skin ID barrel,DERIVED,
skin_id,1188.0000,105.50000,211.00000,skin ID barrel,DERIVED,
skin_id,1189.0000,105.50000,211.00000,skin ID barrel,DERIVED,
skin_id,1190.0000,105.50000,211.00000,skin ID barrel,DERIVED,
skin_id,1191.0000,105.50000,211.00000,skin ID barrel,DERIVED,
skin_id,1192.0000,105.50000,211.00000,skin ID barrel,DERIVED,
skin_id,1193.0000,105.50000,211.00000,skin ID barrel,DERIVED,
skin_id,1194.0000,105.50000,211.00000,skin ID barrel,DERIVED,
skin_id,1195.0000,105.50000,211.00000,skin ID barrel,DERIVED,
skin_id,1196.0000,105.50000,211.00000,skin ID barrel,DERIVED,
skin_id,1197.0000,105.50000,211.00000,skin ID barrel,DERIVED,
skin_id,1198.0000,105.50000,211.00000,skin ID barrel,DERIVED,
skin_id,1199.0000,105.50000,211.00000,skin ID barrel,DERIVED,
skin_id,1200.0000,105.50000,211.00000,skin ID barrel,DERIVED,
skin_id,1201.0000,105.50000,211.00000,skin ID barrel,DERIVED,
skin_id,1202.0000,105.50000,211.00000,skin ID barrel,DERIVED,
skin_id,1203.0000,105.50000,211.00000,skin ID barrel,DERIVED,
skin_id,1204.0000,105.50000,211.00000,skin ID barrel,DERIVED,
skin_id,1205.0000,105.50000,211.00000,skin ID barrel,DERIVED,
skin_id,1206.0000,105.50000,211.00000,skin ID barrel,DERIVED,
skin_id,1207.0000,105.50000,211.00000,skin ID barrel,DERIVED,
skin_id,1208.0000,105.50000,211.00000,skin ID barrel,DERIVED,
skin_id,1209.0000,105.50000,211.00000,skin ID barrel,DERIVED,
skin_id,1210.0000,105.50000,211.00000,skin ID barrel,DERIVED,
skin_id,1211.0000,105.50000,211.00000,skin ID barrel,DERIVED,
skin_id,1212.0000,105.50000,211.00000,skin ID barrel,DERIVED,
skin_id,1213.0000,105.50000,211.00000,skin ID barrel,DERIVED,
skin_id,1214.0000,105.50000,211.00000,skin ID barrel,DERIVED,
skin_id,1215.0000,105.50000,211.00000,skin ID barrel,DERIVED,
skin_id,1216.0000,105.50000,211.00000,skin ID barrel,DERIVED,
skin_id,1217.0000,105.50000,211.00000,skin ID barrel,DERIVED,
skin_id,1218.0000,105.50000,211.00000,skin ID barrel,DERIVED,
skin_id,1219.0000,105.50000,211.00000,skin ID barrel,DERIVED,
skin_id,1220.0000,105.50000,211.00000,skin ID barrel,DERIVED,
skin_id,1221.0000,105.50000,211.00000,skin ID barrel,DERIVED,
skin_id,1222.0000,105.50000,211.00000,skin ID barrel,DERIVED,
skin_id,1223.0000,105.50000,211.00000,skin ID barrel,DERIVED,
skin_id,1224.0000,105.50000,211.00000,skin ID barrel,DERIVED,
skin_id,1225.0000,105.50000,211.00000,skin ID barrel,DERIVED,
skin_id,1226.0000,105.50000,211.00000,skin ID barrel,DERIVED,
skin_id,1227.0000,105.50000,211.00000,skin ID barrel,DERIVED,
skin_id,1228.0000,105.50000,211.00000,skin ID barrel,DERIVED,
skin_id,1229.0000,105.50000,211.00000,skin ID barrel,DERIVED,
skin_id,1230.0000,105.50000,211.00000,skin ID barrel,DERIVED,
skin_id,1231.0000,105.50000,211.00000,skin ID barrel,DERIVED,
skin_id,1232.0000,105.50000,211.00000,skin ID barrel,DERIVED,
skin_id,1233.0000,105.50000,211.00000,skin ID barrel,DERIVED,
skin_id,1234.0000,105.50000,211.00000,skin ID barrel,DERIVED,
skin_id,1235.0000,105.50000,211.00000,skin ID barrel,DERIVED,
skin_id,1236.0000,105.50000,211.00000,skin ID barrel,DERIVED,
skin_id,1237.0000,105.50000,211.00000,skin ID barrel,DERIVED,
skin_id,1238.0000,105.50000,211.00000,skin ID barrel,DERIVED,
skin_id,1239.0000,105.50000,211.00000,skin ID barrel,DERIVED,
skin_id,1240.0000,105.50000,211.00000,skin ID barrel,DERIVED,
skin_id,1241.0000,105.50000,211.00000,skin ID barrel,DERIVED,
skin_id,1242.0000,105.50000,211.00000,skin ID barrel,DERIVED,
skin_id,1243.0000,105.50000,211.00000,skin ID barrel,DERIVED,
skin_id,1244.0000,105.50000,211.00000,skin ID barrel,DERIVED,
skin_id,1245.0000,105.50000,211.00000,skin ID barrel,DERIVED,
skin_id,1246.0000,105.50000,211.00000,skin ID barrel,DERIVED,
skin_id,1247.0000,105.50000,211.00000,skin ID barrel,DERIVED,
skin_id,1248.0000,105.50000,211.00000,skin ID barrel,DERIVED,
skin_id,1249.0000,105.50000,211.00000,skin ID barrel,DERIVED,
skin_id,1250.0000,105.50000,211.00000,skin ID barrel,DERIVED,
skin_id,1251.0000,105.50000,211.00000,skin ID barrel,DERIVED,
skin_id,1252.0000,105.50000,211.00000,skin ID barrel,DERIVED,
skin_id,1253.0000,105.50000,211.00000,skin ID barrel,DERIVED,
skin_id,1254.0000,105.50000,211.00000,skin ID barrel,DERIVED,
skin_id,1255.0000,105.50000,211.00000,skin ID barrel,DERIVED,
skin_id,1256.0000,105.50000,211.00000,skin ID barrel,DERIVED,
skin_id,1257.0000,105.50000,211.00000,skin ID barrel,DERIVED,
skin_id,1258.0000,105.50000,211.00000,skin ID barrel,DERIVED,
skin_id,1259.0000,105.50000,211.00000,skin ID barrel,DERIVED,
skin_id,1260.0000,105.50000,211.00000,skin ID barrel,DERIVED,
skin_id,1261.0000,105.50000,211.00000,skin ID barrel,DERIVED,
skin_id,1262.0000,105.50000,211.00000,skin ID barrel,DERIVED,
skin_id,1263.0000,105.50000,211.00000,skin ID barrel,DERIVED,
skin_id,1264.0000,105.50000,211.00000,skin ID barrel,DERIVED,
skin_id,1265.0000,105.50000,211.00000,skin ID barrel,DERIVED,
skin_id,1266.0000,105.50000,211.00000,skin ID barrel,DERIVED,
skin_id,1267.0000,105.50000,211.00000,skin ID barrel,DERIVED,
skin_id,1268.0000,105.50000,211.00000,skin ID barrel,DERIVED,
skin_id,1269.0000,105.50000,211.00000,skin ID barrel,DERIVED,
skin_id,1270.0000,105.50000,211.00000,skin ID barrel,DERIVED,
skin_id,1271.0000,105.50000,211.00000,skin ID barrel,DERIVED,
skin_id,1272.0000,105.50000,211.00000,skin ID barrel,DERIVED,
skin_id,1273.0000,105.50000,211.00000,skin ID barrel,DERIVED,
skin_id,1274.0000,105.50000,211.00000,skin ID barrel,DERIVED,
skin_id,1275.0000,105.50000,211.00000,skin ID barrel,DERIVED,
skin_id,1276.0000,105.50000,211.00000,skin ID barrel,DERIVED,
skin_id,1277.0000,105.50000,211.00000,skin ID barrel,DERIVED,
skin_id,1278.0000,105.50000,211.00000,skin ID barrel,DERIVED,
skin_id,1279.0000,105.50000,211.00000,skin ID barrel,DERIVED,
skin_id,1280.0000,105.50000,211.00000,skin ID barrel,DERIVED,
skin_id,1281.0000,105.50000,211.00000,skin ID barrel,DERIVED,
skin_id,1282.0000,105.50000,211.00000,skin ID barrel,DERIVED,
skin_id,1283.0000,105.50000,211.00000,skin ID barrel,DERIVED,
skin_id,1284.0000,105.50000,211.00000,skin ID barrel,DERIVED,
skin_id,1285.0000,105.50000,211.00000,skin ID barrel,DERIVED,
skin_id,1286.0000,105.50000,211.00000,skin ID barrel,DERIVED,
skin_id,1287.0000,105.50000,211.00000,skin ID barrel,DERIVED,
skin_id,1288.0000,105.50000,211.00000,skin ID barrel,DERIVED,
skin_id,1289.0000,105.50000,211.00000,skin ID barrel,DERIVED,
skin_id,1290.0000,105.50000,211.00000,skin ID barrel,DERIVED,
skin_id,1291.0000,105.50000,211.00000,skin ID barrel,DERIVED,
skin_id,1292.0000,105.50000,211.00000,skin ID barrel,DERIVED,
skin_id,1293.0000,105.50000,211.00000,skin ID barrel,DERIVED,
skin_id,1294.0000,105.50000,211.00000,skin ID barrel,DERIVED,
skin_id,1295.0000,105.50000,211.00000,skin ID barrel,DERIVED,
skin_id,1296.0000,105.50000,211.00000,skin ID barrel,DERIVED,
skin_id,1297.0000,105.50000,211.00000,skin ID barrel,DERIVED,
skin_id,1298.0000,105.50000,211.00000,skin ID barrel,DERIVED,
skin_id,1299.0000,105.50000,211.00000,skin ID barrel,DERIVED,
skin_id,1300.0000,105.50000,211.00000,skin ID barrel,DERIVED,
skin_id,1301.0000,105.50000,211.00000,skin ID barrel,DERIVED,
skin_id,1302.0000,105.50000,211.00000,skin ID barrel,DERIVED,
skin_id,1303.0000,105.50000,211.00000,skin ID barrel,DERIVED,
skin_id,1304.0000,105.50000,211.00000,skin ID barrel,DERIVED,
skin_id,1305.0000,105.50000,211.00000,skin ID barrel,DERIVED,
skin_id,1306.0000,105.50000,211.00000,skin ID barrel,DERIVED,
skin_id,1307.0000,105.50000,211.00000,skin ID barrel,DERIVED,
skin_id,1308.0000,105.50000,211.00000,skin ID barrel,DERIVED,
skin_id,1309.0000,105.50000,211.00000,skin ID barrel,DERIVED,
skin_id,1310.0000,105.50000,211.00000,skin ID barrel,DERIVED,
skin_id,1311.0000,105.50000,211.00000,skin ID barrel,DERIVED,
skin_id,1312.0000,105.50000,211.00000,skin ID barrel,DERIVED,
skin_id,1313.0000,105.50000,211.00000,skin ID barrel,DERIVED,
skin_id,1314.0000,105.50000,211.00000,skin ID barrel,DERIVED,
skin_id,1315.0000,105.50000,211.00000,skin ID barrel,DERIVED,
skin_id,1316.0000,105.50000,211.00000,skin ID barrel,DERIVED,
skin_id,1317.0000,105.50000,211.00000,skin ID barrel,DERIVED,
skin_id,1318.0000,105.50000,211.00000,skin ID barrel,DERIVED,
skin_id,1319.0000,105.50000,211.00000,skin ID barrel,DERIVED,
skin_id,1320.0000,105.50000,211.00000,skin ID barrel,DERIVED,
skin_id,1321.0000,105.50000,211.00000,skin ID barrel,DERIVED,
skin_id,1322.0000,105.50000,211.00000,skin ID barrel,DERIVED,
skin_id,1323.0000,105.50000,211.00000,skin ID barrel,DERIVED,
skin_id,1324.0000,105.50000,211.00000,skin ID barrel,DERIVED,
skin_id,1325.0000,105.50000,211.00000,skin ID barrel,DERIVED,
skin_id,1326.0000,105.50000,211.00000,skin ID barrel,DERIVED,
skin_id,1327.0000,105.50000,211.00000,skin ID barrel,DERIVED,
skin_id,1328.0000,105.50000,211.00000,skin ID barrel,DERIVED,
skin_id,1329.0000,105.50000,211.00000,skin ID barrel,DERIVED,
skin_id,1330.0000,105.50000,211.00000,skin ID barrel,DERIVED,
skin_id,1331.0000,105.50000,211.00000,skin ID barrel,DERIVED,
skin_id,1332.0000,105.50000,211.00000,skin ID barrel,DERIVED,
skin_id,1333.0000,105.50000,211.00000,skin ID barrel,DERIVED,
skin_id,1334.0000,105.50000,211.00000,skin ID barrel,DERIVED,
skin_id,1335.0000,105.50000,211.00000,skin ID barrel,DERIVED,
skin_id,1336.0000,105.50000,211.00000,skin ID barrel,DERIVED,
skin_id,1337.0000,105.50000,211.00000,skin ID barrel,DERIVED,
skin_id,1338.0000,105.50000,211.00000,skin ID barrel,DERIVED,
skin_id,1339.0000,105.50000,211.00000,skin ID barrel,DERIVED,
skin_id,1340.0000,105.50000,211.00000,skin ID barrel,DERIVED,
skin_id,1341.0000,105.50000,211.00000,skin ID barrel,DERIVED,
skin_id,1342.0000,105.50000,211.00000,skin ID barrel,DERIVED,
skin_id,1343.0000,105.50000,211.00000,skin ID barrel,DERIVED,
skin_id,1344.0000,105.50000,211.00000,skin ID barrel,DERIVED,
skin_id,1345.0000,105.50000,211.00000,skin ID barrel,DERIVED,
skin_id,1346.0000,105.50000,211.00000,skin ID barrel,DERIVED,
skin_id,1347.0000,105.50000,211.00000,skin ID barrel,DERIVED,
skin_id,1348.0000,105.50000,211.00000,skin ID barrel,DERIVED,
skin_id,1349.0000,105.50000,211.00000,skin ID barrel,DERIVED,
skin_id,1350.0000,105.50000,211.00000,skin ID barrel,DERIVED,
skin_id,1351.0000,105.50000,211.00000,skin ID barrel,DERIVED,
skin_id,1352.0000,105.50000,211.00000,skin ID barrel,DERIVED,
skin_id,1353.0000,105.50000,211.00000,skin ID barrel,DERIVED,
skin_id,1354.0000,105.50000,211.00000,skin ID barrel,DERIVED,
skin_id,1355.0000,105.50000,211.00000,skin ID barrel,DERIVED,
skin_id,1356.0000,105.50000,211.00000,skin ID barrel,DERIVED,
skin_id,1357.0000,105.50000,211.00000,skin ID barrel,DERIVED,
skin_id,1358.0000,105.50000,211.00000,skin ID barrel,DERIVED,
skin_id,1359.0000,105.50000,211.00000,skin ID barrel,DERIVED,
skin_id,1360.0000,105.50000,211.00000,skin ID barrel,DERIVED,
skin_id,1361.0000,105.50000,211.00000,skin ID barrel,DERIVED,
skin_id,1362.0000,105.50000,211.00000,skin ID barrel,DERIVED,
skin_id,1363.0000,105.50000,211.00000,skin ID barrel,DERIVED,
skin_id,1364.0000,105.50000,211.00000,skin ID barrel,DERIVED,
skin_id,1365.0000,105.50000,211.00000,skin ID barrel,DERIVED,
skin_id,1366.0000,105.50000,211.00000,skin ID barrel,DERIVED,
skin_id,1367.0000,105.50000,211.00000,skin ID barrel,DERIVED,
skin_id,1368.0000,105.50000,211.00000,skin ID barrel,DERIVED,
skin_id,1369.0000,105.50000,211.00000,skin ID barrel,DERIVED,
skin_id,1370.0000,105.50000,211.00000,skin ID barrel,DERIVED,
skin_id,1371.0000,105.50000,211.00000,skin ID barrel,DERIVED,
skin_id,1372.0000,105.50000,211.00000,skin ID barrel,DERIVED,
skin_id,1373.0000,105.50000,211.00000,skin ID barrel,DERIVED,
skin_id,1374.0000,105.50000,211.00000,skin ID barrel,DERIVED,
skin_id,1375.0000,105.50000,211.00000,skin ID barrel,DERIVED,
skin_id,1376.0000,105.50000,211.00000,skin ID barrel,DERIVED,
skin_id,1377.0000,105.50000,211.00000,skin ID barrel,DERIVED,
skin_id,1378.0000,105.50000,211.00000,skin ID barrel,DERIVED,
skin_id,1379.0000,105.50000,211.00000,skin ID barrel,DERIVED,
skin_id,1380.0000,105.50000,211.00000,skin ID barrel,DERIVED,
skin_id,1381.0000,105.50000,211.00000,skin ID barrel,DERIVED,
skin_id,1382.0000,105.50000,211.00000,skin ID barrel,DERIVED,
skin_id,1383.0000,105.50000,211.00000,skin ID barrel,DERIVED,
skin_id,1384.0000,105.50000,211.00000,skin ID barrel,DERIVED,
skin_id,1385.0000,105.50000,211.00000,skin ID barrel,DERIVED,
skin_id,1386.0000,105.50000,211.00000,skin ID barrel,DERIVED,
skin_id,1387.0000,105.50000,211.00000,skin ID barrel,DERIVED,
skin_id,1388.0000,105.50000,211.00000,skin ID barrel,DERIVED,
skin_id,1389.0000,105.50000,211.00000,skin ID barrel,DERIVED,
skin_id,1390.0000,105.50000,211.00000,skin ID barrel,DERIVED,
skin_id,1391.0000,105.50000,211.00000,skin ID barrel,DERIVED,
skin_id,1392.0000,105.50000,211.00000,skin ID barrel,DERIVED,
skin_id,1393.0000,105.50000,211.00000,skin ID barrel,DERIVED,
skin_id,1394.0000,105.50000,211.00000,skin ID barrel,DERIVED,
skin_id,1395.0000,105.50000,211.00000,skin ID barrel,DERIVED,
skin_id,1396.0000,105.50000,211.00000,skin ID barrel,DERIVED,
skin_id,1397.0000,105.50000,211.00000,skin ID barrel,DERIVED,
skin_id,1398.0000,105.50000,211.00000,skin ID barrel,DERIVED,
skin_id,1399.0000,105.50000,211.00000,skin ID barrel,DERIVED,
skin_id,1400.0000,105.50000,211.00000,skin ID barrel,DERIVED,
skin_id,1401.0000,105.50000,211.00000,skin ID barrel,DERIVED,
skin_id,1402.0000,105.50000,211.00000,skin ID barrel,DERIVED,
skin_id,1403.0000,105.50000,211.00000,skin ID barrel,DERIVED,
skin_id,1404.0000,105.50000,211.00000,skin ID barrel,DERIVED,
skin_id,1405.0000,105.50000,211.00000,skin ID barrel,DERIVED,
skin_id,1406.0000,105.50000,211.00000,skin ID barrel,DERIVED,
skin_id,1407.0000,105.50000,211.00000,skin ID barrel,DERIVED,
skin_id,1408.0000,105.50000,211.00000,skin ID barrel,DERIVED,
skin_id,1409.0000,105.50000,211.00000,skin ID barrel,DERIVED,
skin_id,1410.0000,105.50000,211.00000,skin ID barrel,DERIVED,
skin_id,1411.0000,105.50000,211.00000,skin ID barrel,DERIVED,
skin_id,1412.0000,105.50000,211.00000,skin ID barrel,DERIVED,
skin_id,1413.0000,105.50000,211.00000,skin ID barrel,DERIVED,
skin_id,1414.0000,105.50000,211.00000,skin ID barrel,DERIVED,
skin_id,1415.0000,105.50000,211.00000,skin ID barrel,DERIVED,
skin_id,1416.0000,105.50000,211.00000,skin ID barrel,DERIVED,
skin_id,1417.0000,105.50000,211.00000,skin ID barrel,DERIVED,
skin_id,1418.0000,105.50000,211.00000,skin ID barrel,DERIVED,
skin_id,1419.0000,105.50000,211.00000,skin ID barrel,DERIVED,
skin_id,1420.0000,105.50000,211.00000,skin ID barrel,DERIVED,
skin_id,1421.0000,105.50000,211.00000,skin ID barrel,DERIVED,
skin_id,1422.0000,105.50000,211.00000,skin ID barrel,DERIVED,
skin_id,1423.0000,105.50000,211.00000,skin ID barrel,DERIVED,
skin_id,1424.0000,105.50000,211.00000,skin ID barrel,DERIVED,
skin_id,1425.0000,105.50000,211.00000,skin ID barrel,DERIVED,
skin_id,1426.0000,105.50000,211.00000,skin ID barrel,DERIVED,
skin_id,1427.0000,105.50000,211.00000,skin ID barrel,DERIVED,
skin_id,1428.0000,105.50000,211.00000,skin ID barrel,DERIVED,
skin_id,1429.0000,105.50000,211.00000,skin ID barrel,DERIVED,
skin_id,1430.0000,105.50000,211.00000,skin ID barrel,DERIVED,
skin_id,1431.0000,105.50000,211.00000,skin ID barrel,DERIVED,
skin_id,1432.0000,105.50000,211.00000,skin ID barrel,DERIVED,
skin_id,1433.0000,105.50000,211.00000,skin ID barrel,DERIVED,
skin_id,1434.0000,105.50000,211.00000,skin ID barrel,DERIVED,
skin_id,1435.0000,105.50000,211.00000,skin ID barrel,DERIVED,
skin_id,1436.0000,105.50000,211.00000,skin ID barrel,DERIVED,
skin_id,1437.0000,105.50000,211.00000,skin ID barrel,DERIVED,
skin_id,1438.0000,105.50000,211.00000,skin ID barrel,DERIVED,
skin_id,1439.0000,105.50000,211.00000,skin ID barrel,DERIVED,
skin_id,1440.0000,105.50000,211.00000,skin ID barrel,DERIVED,
skin_id,1441.0000,105.50000,211.00000,skin ID barrel,DERIVED,
skin_id,1442.0000,105.50000,211.00000,skin ID barrel,DERIVED,
skin_id,1443.0000,105.50000,211.00000,skin ID barrel,DERIVED,
skin_id,1444.0000,105.50000,211.00000,skin ID barrel,DERIVED,
skin_id,1445.0000,105.50000,211.00000,skin ID barrel,DERIVED,
skin_id,1446.0000,105.50000,211.00000,skin ID barrel,DERIVED,
skin_id,1447.0000,105.50000,211.00000,skin ID barrel,DERIVED,
skin_id,1448.0000,105.50000,211.00000,skin ID barrel,DERIVED,
skin_id,1449.0000,105.50000,211.00000,skin ID barrel,DERIVED,
skin_id,1450.0000,105.50000,211.00000,skin ID barrel,DERIVED,
skin_id,1451.0000,105.50000,211.00000,skin ID barrel,DERIVED,
skin_id,1452.0000,105.50000,211.00000,skin ID barrel,DERIVED,
skin_id,1453.0000,105.50000,211.00000,skin ID barrel,DERIVED,
skin_id,1454.0000,105.50000,211.00000,skin ID barrel,DERIVED,
skin_id,1455.0000,105.50000,211.00000,skin ID barrel,DERIVED,
skin_id,1456.0000,105.50000,211.00000,skin ID barrel,DERIVED,
skin_id,1457.0000,105.50000,211.00000,skin ID barrel,DERIVED,
skin_id,1458.0000,105.50000,211.00000,skin ID barrel,DERIVED,
skin_id,1459.0000,105.50000,211.00000,skin ID barrel,DERIVED,
skin_id,1460.0000,105.50000,211.00000,skin ID barrel,DERIVED,
skin_id,1461.0000,105.50000,211.00000,skin ID barrel,DERIVED,
skin_id,1462.0000,105.50000,211.00000,skin ID barrel,DERIVED,
skin_id,1463.0000,105.50000,211.00000,skin ID barrel,DERIVED,
skin_id,1464.0000,105.50000,211.00000,skin ID barrel,DERIVED,
skin_id,1465.0000,105.50000,211.00000,skin ID barrel,DERIVED,
skin_id,1466.0000,105.50000,211.00000,skin ID barrel,DERIVED,
skin_id,1467.0000,105.50000,211.00000,skin ID barrel,DERIVED,
skin_id,1468.0000,105.50000,211.00000,skin ID barrel,DERIVED,
skin_id,1469.0000,105.50000,211.00000,skin ID barrel,DERIVED,
skin_id,1470.0000,105.50000,211.00000,skin ID barrel,DERIVED,
skin_id,1471.0000,105.50000,211.00000,skin ID barrel,DERIVED,
skin_id,1472.0000,105.50000,211.00000,skin ID barrel,DERIVED,
skin_id,1473.0000,105.50000,211.00000,skin ID barrel,DERIVED,
skin_id,1474.0000,105.50000,211.00000,skin ID barrel,DERIVED,
skin_id,1475.0000,105.50000,211.00000,skin ID barrel,DERIVED,
skin_id,1476.0000,105.50000,211.00000,skin ID barrel,DERIVED,
skin_id,1477.0000,105.50000,211.00000,skin ID barrel,DERIVED,
skin_id,1478.0000,105.50000,211.00000,skin ID barrel,DERIVED,
skin_id,1479.0000,105.50000,211.00000,skin ID barrel,DERIVED,
skin_id,1480.0000,105.50000,211.00000,skin ID barrel,DERIVED,
skin_id,1481.0000,105.50000,211.00000,skin ID barrel,DERIVED,
skin_id,1482.0000,105.50000,211.00000,skin ID barrel,DERIVED,
skin_id,1483.0000,105.50000,211.00000,skin ID barrel,DERIVED,
skin_id,1484.0000,105.50000,211.00000,skin ID barrel,DERIVED,
skin_id,1485.0000,105.50000,211.00000,skin ID barrel,DERIVED,
skin_id,1486.0000,105.50000,211.00000,skin ID barrel,DERIVED,
skin_id,1487.0000,105.50000,211.00000,skin ID barrel,DERIVED,
skin_id,1488.0000,105.50000,211.00000,skin ID barrel,DERIVED,
skin_id,1489.0000,105.50000,211.00000,skin ID barrel,DERIVED,
skin_id,1490.0000,105.50000,211.00000,skin ID barrel,DERIVED,
skin_id,1491.0000,105.50000,211.00000,skin ID barrel,DERIVED,
skin_id,1492.0000,105.50000,211.00000,skin ID barrel,DERIVED,
skin_id,1493.0000,105.50000,211.00000,skin ID barrel,DERIVED,
skin_id,1494.0000,105.50000,211.00000,skin ID barrel,DERIVED,
skin_id,1495.0000,105.50000,211.00000,skin ID barrel,DERIVED,
skin_id,1496.0000,105.50000,211.00000,skin ID barrel,DERIVED,
skin_id,1497.0000,105.50000,211.00000,skin ID barrel,DERIVED,
skin_id,1498.0000,105.50000,211.00000,skin ID barrel,DERIVED,
skin_id,1499.0000,105.50000,211.00000,skin ID barrel,DERIVED,
skin_id,1500.0000,105.50000,211.00000,skin ID barrel,DERIVED,
skin_id,1501.0000,105.50000,211.00000,skin ID barrel,DERIVED,
skin_id,1502.0000,105.50000,211.00000,skin ID barrel,DERIVED,
skin_id,1503.0000,105.50000,211.00000,skin ID barrel,DERIVED,
skin_id,1504.0000,105.50000,211.00000,skin ID barrel,DERIVED,
skin_id,1505.0000,105.50000,211.00000,skin ID barrel,DERIVED,
skin_id,1506.0000,105.50000,211.00000,skin ID barrel,DERIVED,
skin_id,1507.0000,105.50000,211.00000,skin ID barrel,DERIVED,
skin_id,1508.0000,105.50000,211.00000,skin ID barrel,DERIVED,
skin_id,1509.0000,105.50000,211.00000,skin ID barrel,DERIVED,
skin_id,1510.0000,105.50000,211.00000,skin ID barrel,DERIVED,
skin_id,1511.0000,105.50000,211.00000,skin ID barrel,DERIVED,
skin_id,1512.0000,105.50000,211.00000,skin ID barrel,DERIVED,
skin_id,1513.0000,105.50000,211.00000,skin ID barrel,DERIVED,
skin_id,1514.0000,105.50000,211.00000,skin ID barrel,DERIVED,
skin_id,1515.0000,105.50000,211.00000,skin ID barrel,DERIVED,
skin_id,1516.0000,105.50000,211.00000,skin ID barrel,DERIVED,
skin_id,1517.0000,105.50000,211.00000,skin ID barrel,DERIVED,
skin_id,1518.0000,105.50000,211.00000,skin ID barrel,DERIVED,
skin_id,1519.0000,105.50000,211.00000,skin ID barrel,DERIVED,
skin_id,1520.0000,105.50000,211.00000,skin ID barrel,DERIVED,
skin_id,1521.0000,105.50000,211.00000,skin ID barrel,DERIVED,
skin_id,1522.0000,105.50000,211.00000,skin ID barrel,DERIVED,
skin_id,1523.0000,105.50000,211.00000,skin ID barrel,DERIVED,
skin_id,1524.0000,105.50000,211.00000,skin ID barrel,DERIVED,
skin_id,1525.0000,105.50000,211.00000,skin ID barrel,DERIVED,
skin_id,1526.0000,105.50000,211.00000,skin ID barrel,DERIVED,
skin_id,1527.0000,105.50000,211.00000,skin ID barrel,DERIVED,
skin_id,1528.0000,105.50000,211.00000,skin ID barrel,DERIVED,
skin_id,1529.0000,105.50000,211.00000,skin ID barrel,DERIVED,
skin_id,1530.0000,105.50000,211.00000,skin ID barrel,DERIVED,
skin_id,1531.0000,105.50000,211.00000,skin ID barrel,DERIVED,
skin_id,1532.0000,105.50000,211.00000,skin ID barrel,DERIVED,
skin_id,1533.0000,105.50000,211.00000,skin ID barrel,DERIVED,
skin_id,1534.0000,105.50000,211.00000,skin ID barrel,DERIVED,
skin_id,1535.0000,105.50000,211.00000,skin ID barrel,DERIVED,
skin_id,1536.0000,105.50000,211.00000,skin ID barrel,DERIVED,
skin_id,1537.0000,105.50000,211.00000,skin ID barrel,DERIVED,
skin_id,1538.0000,105.50000,211.00000,skin ID barrel,DERIVED,
skin_id,1539.0000,105.50000,211.00000,skin ID barrel,DERIVED,
skin_id,1540.0000,105.50000,211.00000,skin ID barrel,DERIVED,
skin_id,1541.0000,105.50000,211.00000,skin ID barrel,DERIVED,
skin_id,1542.0000,105.50000,211.00000,skin ID barrel,DERIVED,
skin_id,1543.0000,105.50000,211.00000,skin ID barrel,DERIVED,
skin_id,1544.0000,105.50000,211.00000,skin ID barrel,DERIVED,
skin_id,1545.0000,105.50000,211.00000,skin ID barrel,DERIVED,
skin_id,1546.0000,105.50000,211.00000,skin ID barrel,DERIVED,
skin_id,1547.0000,105.50000,211.00000,skin ID barrel,DERIVED,
skin_id,1548.0000,105.50000,211.00000,skin ID barrel,DERIVED,
skin_id,1549.0000,105.50000,211.00000,skin ID barrel,DERIVED,
skin_id,1550.0000,105.50000,211.00000,skin ID barrel,DERIVED,
skin_id,1551.0000,105.50000,211.00000,skin ID barrel,DERIVED,
skin_id,1552.0000,105.50000,211.00000,skin ID barrel,DERIVED,
skin_id,1553.0000,105.50000,211.00000,skin ID barrel,DERIVED,
skin_id,1554.0000,105.50000,211.00000,skin ID barrel,DERIVED,
skin_id,1555.0000,105.50000,211.00000,skin ID barrel,DERIVED,
skin_id,1556.0000,105.50000,211.00000,skin ID barrel,DERIVED,
skin_id,1557.0000,105.50000,211.00000,skin ID barrel,DERIVED,
skin_id,1558.0000,105.50000,211.00000,skin ID barrel,DERIVED,
skin_id,1559.0000,105.50000,211.00000,skin ID barrel,DERIVED,
skin_id,1560.0000,105.50000,211.00000,skin ID barrel,DERIVED,
skin_id,1561.0000,105.50000,211.00000,skin ID barrel,DERIVED,
skin_id,1562.0000,105.50000,211.00000,skin ID barrel,DERIVED,
skin_id,1563.0000,105.50000,211.00000,skin ID barrel,DERIVED,
skin_id,1564.0000,105.50000,211.00000,skin ID barrel,DERIVED,
skin_id,1565.0000,105.50000,211.00000,skin ID barrel,DERIVED,
skin_id,1566.0000,105.50000,211.00000,skin ID barrel,DERIVED,
skin_id,1567.0000,105.50000,211.00000,skin ID barrel,DERIVED,
skin_id,1568.0000,105.50000,211.00000,skin ID barrel,DERIVED,
skin_id,1569.0000,105.50000,211.00000,skin ID barrel,DERIVED,
skin_id,1570.0000,105.50000,211.00000,skin ID barrel,DERIVED,
skin_id,1571.0000,105.50000,211.00000,skin ID barrel,DERIVED,
skin_id,1572.0000,105.50000,211.00000,skin ID barrel,DERIVED,
skin_id,1573.0000,105.50000,211.00000,skin ID barrel,DERIVED,
skin_id,1574.0000,105.50000,211.00000,skin ID barrel,DERIVED,
skin_id,1575.0000,105.50000,211.00000,skin ID barrel,DERIVED,
skin_id,1576.0000,105.50000,211.00000,skin ID barrel,DERIVED,
skin_id,1577.0000,105.50000,211.00000,skin ID barrel,DERIVED,
skin_id,1578.0000,105.50000,211.00000,skin ID barrel,DERIVED,
skin_id,1579.0000,105.50000,211.00000,skin ID barrel,DERIVED,
skin_id,1580.0000,105.50000,211.00000,skin ID barrel,DERIVED,
skin_id,1581.0000,105.50000,211.00000,skin ID barrel,DERIVED,
skin_id,1582.0000,105.50000,211.00000,skin ID barrel,DERIVED,
skin_id,1583.0000,105.50000,211.00000,skin ID barrel,DERIVED,
skin_id,1584.0000,105.50000,211.00000,skin ID barrel,DERIVED,
skin_id,1585.0000,105.50000,211.00000,skin ID barrel,DERIVED,
skin_id,1586.0000,105.50000,211.00000,skin ID barrel,DERIVED,
skin_id,1587.0000,105.50000,211.00000,skin ID barrel,DERIVED,
skin_id,1588.0000,105.50000,211.00000,skin ID barrel,DERIVED,
skin_id,1589.0000,105.50000,211.00000,skin ID barrel,DERIVED,
skin_id,1590.0000,105.50000,211.00000,skin ID barrel,DERIVED,
skin_id,1591.0000,105.50000,211.00000,skin ID barrel,DERIVED,
skin_id,1592.0000,105.50000,211.00000,skin ID barrel,DERIVED,
skin_id,1593.0000,105.50000,211.00000,skin ID barrel,DERIVED,
skin_id,1594.0000,105.50000,211.00000,skin ID barrel,DERIVED,
skin_id,1595.0000,105.50000,211.00000,skin ID barrel,DERIVED,
skin_id,1596.0000,105.50000,211.00000,skin ID barrel,DERIVED,
skin_id,1597.0000,105.50000,211.00000,skin ID barrel,DERIVED,
skin_id,1598.0000,105.50000,211.00000,skin ID barrel,DERIVED,
skin_id,1599.0000,105.50000,211.00000,skin ID barrel,DERIVED,
skin_id,1600.0000,105.50000,211.00000,skin ID barrel,DERIVED,
skin_id,1601.0000,105.50000,211.00000,skin ID barrel,DERIVED,
skin_id,1602.0000,105.50000,211.00000,skin ID barrel,DERIVED,
skin_id,1603.0000,105.50000,211.00000,skin ID barrel,DERIVED,
skin_id,1604.0000,105.50000,211.00000,skin ID barrel,DERIVED,
skin_id,1605.0000,105.50000,211.00000,skin ID barrel,DERIVED,
skin_id,1606.0000,105.50000,211.00000,skin ID barrel,DERIVED,
skin_id,1607.0000,105.50000,211.00000,skin ID barrel,DERIVED,
skin_id,1608.0000,105.50000,211.00000,skin ID barrel,DERIVED,
skin_id,1609.0000,105.50000,211.00000,skin ID barrel,DERIVED,
skin_id,1610.0000,105.50000,211.00000,skin ID barrel,DERIVED,
skin_id,1611.0000,105.50000,211.00000,skin ID barrel,DERIVED,
skin_id,1612.0000,105.50000,211.00000,skin ID barrel,DERIVED,
skin_id,1613.0000,105.50000,211.00000,skin ID barrel,DERIVED,
skin_id,1614.0000,105.50000,211.00000,skin ID barrel,DERIVED,
skin_id,1615.0000,105.50000,211.00000,skin ID barrel,DERIVED,
skin_id,1616.0000,105.50000,211.00000,skin ID barrel,DERIVED,
skin_id,1617.0000,105.50000,211.00000,skin ID barrel,DERIVED,
skin_id,1618.0000,105.50000,211.00000,skin ID barrel,DERIVED,
skin_id,1619.0000,105.50000,211.00000,skin ID barrel,DERIVED,
skin_id,1620.0000,105.50000,211.00000,skin ID barrel,DERIVED,
skin_id,1621.0000,105.50000,211.00000,skin ID barrel,DERIVED,
skin_id,1622.0000,105.50000,211.00000,skin ID barrel,DERIVED,
skin_id,1623.0000,105.50000,211.00000,skin ID barrel,DERIVED,
skin_id,1624.0000,105.50000,211.00000,skin ID barrel,DERIVED,
skin_id,1625.0000,105.50000,211.00000,skin ID barrel,DERIVED,
skin_id,1626.0000,105.50000,211.00000,skin ID barrel,DERIVED,
skin_id,1627.0000,105.50000,211.00000,skin ID barrel,DERIVED,
skin_id,1628.0000,105.50000,211.00000,skin ID barrel,DERIVED,
skin_id,1629.0000,105.50000,211.00000,skin ID barrel,DERIVED,
skin_id,1630.0000,105.50000,211.00000,skin ID barrel,DERIVED,
skin_id,1631.0000,105.50000,211.00000,skin ID barrel,DERIVED,
skin_id,1632.0000,105.50000,211.00000,skin ID barrel,DERIVED,
skin_id,1633.0000,105.50000,211.00000,skin ID barrel,DERIVED,
skin_id,1634.0000,105.50000,211.00000,skin ID barrel,DERIVED,
skin_id,1635.0000,105.50000,211.00000,skin ID barrel,DERIVED,
skin_id,1636.0000,105.50000,211.00000,skin ID barrel,DERIVED,
skin_id,1637.0000,105.50000,211.00000,skin ID barrel,DERIVED,
skin_id,1638.0000,105.50000,211.00000,skin ID barrel,DERIVED,
skin_id,1639.0000,105.50000,211.00000,skin ID barrel,DERIVED,
skin_id,1640.0000,105.50000,211.00000,skin ID barrel,DERIVED,
skin_id,1641.0000,105.50000,211.00000,skin ID barrel,DERIVED,
skin_id,1642.0000,105.50000,211.00000,skin ID barrel,DERIVED,
skin_id,1643.0000,105.50000,211.00000,skin ID barrel,DERIVED,
skin_id,1644.0000,105.50000,211.00000,skin ID barrel,DERIVED,
skin_id,1645.0000,105.50000,211.00000,skin ID barrel,DERIVED,
skin_id,1646.0000,105.50000,211.00000,skin ID barrel,DERIVED,
skin_id,1647.0000,105.50000,211.00000,skin ID barrel,DERIVED,
skin_id,1648.0000,105.50000,211.00000,skin ID barrel,DERIVED,
skin_id,1649.0000,105.50000,211.00000,skin ID barrel,DERIVED,
skin_id,1650.0000,105.50000,211.00000,skin ID barrel,DERIVED,
skin_id,1651.0000,105.50000,211.00000,skin ID barrel,DERIVED,
skin_id,1652.0000,105.50000,211.00000,skin ID barrel,DERIVED,
skin_id,1653.0000,105.50000,211.00000,skin ID barrel,DERIVED,
skin_id,1654.0000,105.50000,211.00000,skin ID barrel,DERIVED,
skin_id,1655.0000,105.50000,211.00000,skin ID barrel,DERIVED,
skin_id,1656.0000,105.50000,211.00000,skin ID barrel,DERIVED,
skin_id,1657.0000,105.50000,211.00000,skin ID barrel,DERIVED,
skin_id,1658.0000,105.50000,211.00000,skin ID barrel,DERIVED,
skin_id,1659.0000,105.50000,211.00000,skin ID barrel,DERIVED,
skin_id,1660.0000,105.50000,211.00000,skin ID barrel,DERIVED,
skin_id,1661.0000,105.50000,211.00000,skin ID barrel,DERIVED,
skin_id,1662.0000,105.50000,211.00000,skin ID barrel,DERIVED,
skin_id,1663.0000,105.50000,211.00000,skin ID barrel,DERIVED,
skin_id,1664.0000,105.50000,211.00000,skin ID barrel,DERIVED,
skin_id,1665.0000,105.50000,211.00000,skin ID barrel,DERIVED,
skin_id,1666.0000,105.50000,211.00000,skin ID barrel,DERIVED,
skin_id,1667.0000,105.50000,211.00000,skin ID barrel,DERIVED,
skin_id,1668.0000,105.50000,211.00000,skin ID barrel,DERIVED,
skin_id,1669.0000,105.50000,211.00000,skin ID barrel,DERIVED,
skin_id,1670.0000,105.50000,211.00000,skin ID barrel,DERIVED,
skin_id,1671.0000,105.50000,211.00000,skin ID barrel,DERIVED,
skin_id,1672.0000,105.50000,211.00000,skin ID barrel,DERIVED,
skin_id,1673.0000,105.50000,211.00000,skin ID barrel,DERIVED,
skin_id,1674.0000,105.50000,211.00000,skin ID barrel,DERIVED,
skin_id,1675.0000,105.50000,211.00000,skin ID barrel,DERIVED,
skin_id,1676.0000,105.50000,211.00000,skin ID barrel,DERIVED,
skin_id,1677.0000,105.50000,211.00000,skin ID barrel,DERIVED,
skin_id,1678.0000,105.50000,211.00000,skin ID barrel,DERIVED,
skin_id,1679.0000,105.50000,211.00000,skin ID barrel,DERIVED,
skin_id,1680.0000,105.50000,211.00000,skin ID barrel,DERIVED,
skin_id,1681.0000,105.50000,211.00000,skin ID barrel,DERIVED,
skin_id,1682.0000,105.50000,211.00000,skin ID barrel,DERIVED,
skin_id,1683.0000,105.50000,211.00000,skin ID barrel,DERIVED,
skin_id,1684.0000,105.50000,211.00000,skin ID barrel,DERIVED,
skin_id,1685.0000,105.50000,211.00000,skin ID barrel,DERIVED,
skin_id,1686.0000,105.50000,211.00000,skin ID barrel,DERIVED,
skin_id,1687.0000,105.50000,211.00000,skin ID barrel,DERIVED,
skin_id,1688.0000,105.50000,211.00000,skin ID barrel,DERIVED,
skin_id,1689.0000,105.50000,211.00000,skin ID barrel,DERIVED,
skin_id,1690.0000,105.50000,211.00000,skin ID barrel,DERIVED,
skin_id,1691.0000,105.50000,211.00000,skin ID barrel,DERIVED,
skin_id,1692.0000,105.50000,211.00000,skin ID barrel,DERIVED,
skin_id,1693.0000,105.50000,211.00000,skin ID barrel,DERIVED,
skin_id,1694.0000,105.50000,211.00000,skin ID barrel,DERIVED,
skin_id,1695.0000,105.50000,211.00000,skin ID barrel,DERIVED,
skin_id,1696.0000,105.50000,211.00000,skin ID barrel,DERIVED,
skin_id,1697.0000,105.50000,211.00000,skin ID barrel,DERIVED,
skin_id,1698.0000,105.50000,211.00000,skin ID barrel,DERIVED,
skin_id,1699.0000,105.50000,211.00000,skin ID barrel,DERIVED,
skin_id,1700.0000,105.50000,211.00000,skin ID barrel,DERIVED,
skin_id,1701.0000,105.50000,211.00000,skin ID barrel,DERIVED,
skin_id,1702.0000,105.50000,211.00000,skin ID barrel,DERIVED,
skin_id,1703.0000,105.50000,211.00000,skin ID barrel,DERIVED,
skin_id,1704.0000,105.50000,211.00000,skin ID barrel,DERIVED,
skin_id,1705.0000,105.50000,211.00000,skin ID barrel,DERIVED,
skin_id,1706.0000,105.50000,211.00000,skin ID barrel,DERIVED,
skin_id,1707.0000,105.50000,211.00000,skin ID barrel,DERIVED,
skin_id,1708.0000,105.50000,211.00000,skin ID barrel,DERIVED,
skin_id,1709.0000,105.50000,211.00000,skin ID barrel,DERIVED,
skin_id,1710.0000,105.50000,211.00000,skin ID barrel,DERIVED,
skin_id,1711.0000,105.50000,211.00000,skin ID barrel,DERIVED,
skin_id,1712.0000,105.50000,211.00000,skin ID barrel,DERIVED,
skin_id,1713.0000,105.50000,211.00000,skin ID barrel,DERIVED,
skin_id,1714.0000,105.50000,211.00000,skin ID barrel,DERIVED,
skin_id,1715.0000,105.50000,211.00000,skin ID barrel,DERIVED,
skin_id,1716.0000,105.50000,211.00000,skin ID barrel,DERIVED,
skin_id,1717.0000,105.50000,211.00000,skin ID barrel,DERIVED,
skin_id,1718.0000,105.50000,211.00000,skin ID barrel,DERIVED,
skin_id,1719.0000,105.50000,211.00000,skin ID barrel,DERIVED,
skin_id,1720.0000,105.50000,211.00000,skin ID barrel,DERIVED,
skin_id,1721.0000,105.50000,211.00000,skin ID barrel,DERIVED,
skin_id,1722.0000,105.50000,211.00000,skin ID barrel,DERIVED,
skin_id,1723.0000,105.50000,211.00000,skin ID barrel,DERIVED,
skin_id,1724.0000,105.50000,211.00000,skin ID barrel,DERIVED,
skin_id,1725.0000,105.50000,211.00000,skin ID barrel,DERIVED,
skin_id,1726.0000,105.50000,211.00000,skin ID barrel,DERIVED,
skin_id,1727.0000,105.50000,211.00000,skin ID barrel,DERIVED,
skin_id,1728.0000,105.50000,211.00000,skin ID barrel,DERIVED,
skin_id,1729.0000,105.50000,211.00000,skin ID barrel,DERIVED,
skin_id,1730.0000,105.50000,211.00000,skin ID barrel,DERIVED,
skin_id,1731.0000,105.50000,211.00000,skin ID barrel,DERIVED,
skin_id,1732.0000,105.50000,211.00000,skin ID barrel,DERIVED,
skin_id,1733.0000,105.50000,211.00000,skin ID barrel,DERIVED,
skin_id,1734.0000,105.50000,211.00000,skin ID barrel,DERIVED,
skin_id,1735.0000,105.50000,211.00000,skin ID barrel,DERIVED,
skin_id,1736.0000,105.50000,211.00000,skin ID barrel,DERIVED,
skin_id,1737.0000,105.50000,211.00000,skin ID barrel,DERIVED,
skin_id,1738.0000,105.50000,211.00000,skin ID barrel,DERIVED,
skin_id,1739.0000,105.50000,211.00000,skin ID barrel,DERIVED,
skin_id,1740.0000,105.50000,211.00000,skin ID barrel,DERIVED,
skin_id,1741.0000,105.50000,211.00000,skin ID barrel,DERIVED,
skin_id,1742.0000,105.50000,211.00000,skin ID barrel,DERIVED,
skin_id,1743.0000,105.50000,211.00000,skin ID barrel,DERIVED,
skin_id,1744.0000,105.50000,211.00000,skin ID barrel,DERIVED,
skin_id,1745.0000,105.50000,211.00000,skin ID barrel,DERIVED,
skin_id,1746.0000,105.50000,211.00000,skin ID barrel,DERIVED,
skin_id,1747.0000,105.50000,211.00000,skin ID barrel,DERIVED,
skin_id,1748.0000,105.50000,211.00000,skin ID barrel,DERIVED,
skin_id,1749.0000,105.50000,211.00000,skin ID barrel,DERIVED,
skin_id,1750.0000,105.50000,211.00000,skin ID barrel,DERIVED,
skin_id,1751.0000,105.50000,211.00000,skin ID barrel,DERIVED,
skin_id,1752.0000,105.50000,211.00000,skin ID barrel,DERIVED,
skin_id,1753.0000,105.50000,211.00000,skin ID barrel,DERIVED,
skin_id,1754.0000,105.50000,211.00000,skin ID barrel,DERIVED,
skin_id,1755.0000,105.50000,211.00000,skin ID barrel,DERIVED,
skin_id,1756.0000,105.50000,211.00000,skin ID barrel,DERIVED,
skin_id,1757.0000,105.50000,211.00000,skin ID barrel,DERIVED,
skin_id,1758.0000,105.50000,211.00000,skin ID barrel,DERIVED,
skin_id,1759.0000,105.50000,211.00000,skin ID barrel,DERIVED,
skin_id,1760.0000,105.50000,211.00000,skin ID barrel,DERIVED,
skin_id,1761.0000,105.50000,211.00000,skin ID barrel,DERIVED,
skin_id,1762.0000,105.50000,211.00000,skin ID barrel,DERIVED,
skin_id,1763.0000,105.50000,211.00000,skin ID barrel,DERIVED,
skin_id,1764.0000,105.50000,211.00000,skin ID barrel,DERIVED,
skin_id,1765.0000,105.50000,211.00000,skin ID barrel,DERIVED,
skin_id,1766.0000,105.50000,211.00000,skin ID barrel,DERIVED,
skin_id,1767.0000,105.50000,211.00000,skin ID barrel,DERIVED,
skin_id,1768.0000,105.50000,211.00000,skin ID barrel,DERIVED,
skin_id,1769.0000,105.50000,211.00000,skin ID barrel,DERIVED,
skin_id,1770.0000,105.50000,211.00000,skin ID barrel,DERIVED,
skin_id,1771.0000,105.50000,211.00000,skin ID barrel,DERIVED,
skin_id,1772.0000,105.50000,211.00000,skin ID barrel,DERIVED,
skin_id,1773.0000,105.50000,211.00000,skin ID barrel,DERIVED,
skin_id,1774.0000,105.50000,211.00000,skin ID barrel,DERIVED,
skin_id,1775.0000,105.50000,211.00000,skin ID barrel,DERIVED,
skin_id,1776.0000,105.50000,211.00000,skin ID barrel,DERIVED,
skin_id,1777.0000,105.50000,211.00000,skin ID barrel,DERIVED,
skin_id,1778.0000,105.50000,211.00000,skin ID barrel,DERIVED,
skin_id,1779.0000,105.50000,211.00000,skin ID barrel,DERIVED,
skin_id,1780.0000,105.50000,211.00000,skin ID barrel,DERIVED,
skin_id,1781.0000,105.50000,211.00000,skin ID barrel,DERIVED,
skin_id,1782.0000,105.50000,211.00000,skin ID barrel,DERIVED,
skin_id,1783.0000,105.50000,211.00000,skin ID barrel,DERIVED,
skin_id,1784.0000,105.50000,211.00000,skin ID barrel,DERIVED,
skin_id,1785.0000,105.50000,211.00000,skin ID barrel,DERIVED,
skin_id,1786.0000,105.50000,211.00000,skin ID barrel,DERIVED,
skin_id,1787.0000,105.50000,211.00000,skin ID barrel,DERIVED,
skin_id,1788.0000,105.50000,211.00000,skin ID barrel,DERIVED,
skin_id,1789.0000,105.50000,211.00000,skin ID barrel,DERIVED,
skin_id,1790.0000,105.50000,211.00000,skin ID barrel,DERIVED,
skin_id,1791.0000,105.50000,211.00000,skin ID barrel,DERIVED,
skin_id,1792.0000,105.50000,211.00000,skin ID barrel,DERIVED,
skin_id,1793.0000,105.50000,211.00000,skin ID barrel,DERIVED,
skin_id,1794.0000,105.50000,211.00000,skin ID barrel,DERIVED,
skin_id,1795.0000,105.50000,211.00000,skin ID barrel,DERIVED,
skin_id,1796.0000,105.50000,211.00000,skin ID barrel,DERIVED,
skin_id,1797.0000,105.50000,211.00000,skin ID barrel,DERIVED,
skin_id,1798.0000,105.50000,211.00000,skin ID barrel,DERIVED,
skin_id,1799.0000,105.50000,211.00000,skin ID barrel,DERIVED,
skin_id,1800.0000,105.50000,211.00000,skin ID barrel,DERIVED,
skin_id,1801.0000,105.50000,211.00000,skin ID barrel,DERIVED,
skin_id,1802.0000,105.50000,211.00000,skin ID barrel,DERIVED,
skin_id,1803.0000,105.50000,211.00000,skin ID barrel,DERIVED,
skin_id,1804.0000,105.50000,211.00000,skin ID barrel,DERIVED,
skin_id,1805.0000,105.50000,211.00000,skin ID barrel,DERIVED,
skin_id,1806.0000,105.50000,211.00000,skin ID barrel,DERIVED,
skin_id,1807.0000,105.50000,211.00000,skin ID barrel,DERIVED,
skin_id,1808.0000,105.50000,211.00000,skin ID barrel,DERIVED,
skin_id,1809.0000,105.50000,211.00000,skin ID barrel,DERIVED,
skin_id,1810.0000,105.50000,211.00000,skin ID barrel,DERIVED,
skin_id,1811.0000,105.50000,211.00000,skin ID barrel,DERIVED,
skin_id,1812.0000,105.50000,211.00000,skin ID barrel,DERIVED,
skin_id,1813.0000,105.50000,211.00000,skin ID barrel,DERIVED,
skin_id,1814.0000,105.50000,211.00000,skin ID barrel,DERIVED,
skin_id,1815.0000,105.50000,211.00000,skin ID barrel,DERIVED,
skin_id,1816.0000,105.50000,211.00000,skin ID barrel,DERIVED,
skin_id,1817.0000,105.50000,211.00000,skin ID barrel,DERIVED,
skin_id,1818.0000,105.50000,211.00000,skin ID barrel,DERIVED,
skin_id,1819.0000,105.50000,211.00000,skin ID barrel,DERIVED,
skin_id,1820.0000,105.50000,211.00000,skin ID barrel,DERIVED,
skin_id,1821.0000,105.50000,211.00000,skin ID barrel,DERIVED,
skin_id,1822.0000,105.50000,211.00000,skin ID barrel,DERIVED,
skin_id,1823.0000,105.50000,211.00000,skin ID barrel,DERIVED,
skin_id,1824.0000,105.50000,211.00000,skin ID barrel,DERIVED,
skin_id,1825.0000,105.50000,211.00000,skin ID barrel,DERIVED,
skin_id,1826.0000,105.50000,211.00000,skin ID barrel,DERIVED,
skin_id,1827.0000,105.50000,211.00000,skin ID barrel,DERIVED,
skin_id,1828.0000,105.50000,211.00000,skin ID barrel,DERIVED,
skin_id,1829.0000,105.50000,211.00000,skin ID barrel,DERIVED,
skin_id,1830.0000,105.50000,211.00000,skin ID barrel,DERIVED,
skin_id,1831.0000,105.50000,211.00000,skin ID barrel,DERIVED,
skin_id,1832.0000,105.50000,211.00000,skin ID barrel,DERIVED,
skin_id,1833.0000,105.50000,211.00000,skin ID barrel,DERIVED,
skin_id,1834.0000,105.50000,211.00000,skin ID barrel,DERIVED,
skin_id,1835.0000,105.50000,211.00000,skin ID barrel,DERIVED,
skin_id,1836.0000,105.50000,211.00000,skin ID barrel,DERIVED,
skin_id,1837.0000,105.50000,211.00000,skin ID barrel,DERIVED,
skin_id,1838.0000,105.50000,211.00000,skin ID barrel,DERIVED,
skin_id,1839.0000,105.50000,211.00000,skin ID barrel,DERIVED,
skin_id,1840.0000,105.50000,211.00000,skin ID barrel,DERIVED,
skin_id,1841.0000,105.50000,211.00000,skin ID barrel,DERIVED,
skin_id,1842.0000,105.50000,211.00000,skin ID barrel,DERIVED,
skin_id,1843.0000,105.50000,211.00000,skin ID barrel,DERIVED,
skin_id,1844.0000,105.50000,211.00000,skin ID barrel,DERIVED,
skin_id,1845.0000,105.50000,211.00000,skin ID barrel,DERIVED,
skin_id,1846.0000,105.50000,211.00000,skin ID barrel,DERIVED,
skin_id,1847.0000,105.50000,211.00000,skin ID barrel,DERIVED,
skin_id,1848.0000,105.50000,211.00000,skin ID barrel,DERIVED,
skin_id,1849.0000,105.50000,211.00000,skin ID barrel,DERIVED,
skin_id,1850.0000,105.50000,211.00000,skin ID barrel,DERIVED,
skin_id,1851.0000,105.50000,211.00000,skin ID barrel,DERIVED,
skin_id,1852.0000,105.50000,211.00000,skin ID barrel,DERIVED,
skin_id,1853.0000,105.50000,211.00000,skin ID barrel,DERIVED,
skin_id,1854.0000,105.50000,211.00000,skin ID barrel,DERIVED,
skin_id,1855.0000,105.50000,211.00000,skin ID barrel,DERIVED,
skin_id,1856.0000,105.50000,211.00000,skin ID barrel,DERIVED,
skin_id,1857.0000,105.50000,211.00000,skin ID barrel,DERIVED,
skin_id,1858.0000,105.50000,211.00000,skin ID barrel,DERIVED,
skin_id,1859.0000,105.50000,211.00000,skin ID barrel,DERIVED,
skin_id,1860.0000,105.50000,211.00000,skin ID barrel,DERIVED,
skin_id,1861.0000,105.50000,211.00000,skin ID barrel,DERIVED,
skin_id,1862.0000,105.50000,211.00000,skin ID barrel,DERIVED,
skin_id,1863.0000,105.50000,211.00000,skin ID barrel,DERIVED,
skin_id,1864.0000,105.50000,211.00000,skin ID barrel,DERIVED,
skin_id,1865.0000,105.50000,211.00000,skin ID barrel,DERIVED,
skin_id,1866.0000,105.50000,211.00000,skin ID barrel,DERIVED,
skin_id,1867.0000,105.50000,211.00000,skin ID barrel,DERIVED,
skin_id,1868.0000,105.50000,211.00000,skin ID barrel,DERIVED,
skin_id,1869.0000,105.50000,211.00000,skin ID barrel,DERIVED,
skin_id,1870.0000,105.50000,211.00000,skin ID barrel,DERIVED,
skin_id,1871.0000,105.50000,211.00000,skin ID barrel,DERIVED,
skin_id,1872.0000,105.50000,211.00000,skin ID barrel,DERIVED,
skin_id,1873.0000,105.50000,211.00000,skin ID barrel,DERIVED,
skin_id,1874.0000,105.50000,211.00000,skin ID barrel,DERIVED,
skin_id,1875.0000,105.50000,211.00000,skin ID barrel,DERIVED,
skin_id,1876.0000,105.50000,211.00000,skin ID barrel,DERIVED,
skin_id,1877.0000,105.50000,211.00000,skin ID barrel,DERIVED,
skin_id,1878.0000,105.50000,211.00000,skin ID barrel,DERIVED,
skin_id,1879.0000,105.50000,211.00000,skin ID barrel,DERIVED,
skin_id,1880.0000,105.50000,211.00000,skin ID barrel,DERIVED,
skin_id,1881.0000,105.50000,211.00000,skin ID barrel,DERIVED,
skin_id,1882.0000,105.50000,211.00000,skin ID barrel,DERIVED,
skin_id,1883.0000,105.50000,211.00000,skin ID barrel,DERIVED,
skin_id,1884.0000,105.50000,211.00000,skin ID barrel,DERIVED,
skin_id,1885.0000,105.50000,211.00000,skin ID barrel,DERIVED,
skin_id,1886.0000,105.50000,211.00000,skin ID barrel,DERIVED,
skin_id,1887.0000,105.50000,211.00000,skin ID barrel,DERIVED,
skin_id,1888.0000,105.50000,211.00000,skin ID barrel,DERIVED,
skin_id,1889.0000,105.50000,211.00000,skin ID barrel,DERIVED,
skin_id,1890.0000,105.50000,211.00000,skin ID barrel,DERIVED,
skin_id,1891.0000,105.50000,211.00000,skin ID barrel,DERIVED,
skin_id,1892.0000,105.50000,211.00000,skin ID barrel,DERIVED,
skin_id,1893.0000,105.50000,211.00000,skin ID barrel,DERIVED,
skin_id,1894.0000,105.50000,211.00000,skin ID barrel,DERIVED,
skin_id,1895.0000,105.50000,211.00000,skin ID barrel,DERIVED,
skin_id,1896.0000,105.50000,211.00000,skin ID barrel,DERIVED,
skin_id,1897.0000,105.50000,211.00000,skin ID barrel,DERIVED,
skin_id,1898.0000,105.50000,211.00000,skin ID barrel,DERIVED,
skin_id,1899.0000,105.50000,211.00000,skin ID barrel,DERIVED,
skin_id,1900.0000,105.50000,211.00000,skin ID barrel,DERIVED,
skin_id,1901.0000,105.50000,211.00000,skin ID barrel,DERIVED,
skin_id,1902.0000,105.50000,211.00000,skin ID barrel,DERIVED,
skin_id,1903.0000,105.50000,211.00000,skin ID barrel,DERIVED,
skin_id,1904.0000,105.50000,211.00000,skin ID barrel,DERIVED,
skin_id,1905.0000,105.50000,211.00000,skin ID barrel,DERIVED,
skin_id,1906.0000,105.50000,211.00000,skin ID barrel,DERIVED,
skin_id,1907.0000,105.50000,211.00000,skin ID barrel,DERIVED,
skin_id,1908.0000,105.50000,211.00000,skin ID barrel,DERIVED,
skin_id,1909.0000,105.50000,211.00000,skin ID barrel,DERIVED,
skin_id,1910.0000,105.50000,211.00000,skin ID barrel,DERIVED,
skin_id,1911.0000,105.50000,211.00000,skin ID barrel,DERIVED,
skin_id,1912.0000,105.50000,211.00000,skin ID barrel,DERIVED,
skin_id,1913.0000,105.50000,211.00000,skin ID barrel,DERIVED,
skin_id,1914.0000,105.50000,211.00000,skin ID barrel,DERIVED,
skin_id,1915.0000,105.50000,211.00000,skin ID barrel,DERIVED,
skin_id,1916.0000,105.50000,211.00000,skin ID barrel,DERIVED,
skin_id,1917.0000,105.50000,211.00000,skin ID barrel,DERIVED,
skin_id,1918.0000,105.50000,211.00000,skin ID barrel,DERIVED,
skin_id,1919.0000,105.50000,211.00000,skin ID barrel,DERIVED,
skin_id,1920.0000,105.50000,211.00000,skin ID barrel,DERIVED,
skin_id,1921.0000,105.50000,211.00000,skin ID barrel,DERIVED,
skin_id,1922.0000,105.50000,211.00000,skin ID barrel,DERIVED,
skin_id,1923.0000,105.50000,211.00000,skin ID barrel,DERIVED,
skin_id,1924.0000,105.50000,211.00000,skin ID barrel,DERIVED,
skin_id,1925.0000,105.50000,211.00000,skin ID barrel,DERIVED,
skin_id,1926.0000,105.50000,211.00000,skin ID barrel,DERIVED,
skin_id,1927.0000,105.50000,211.00000,skin ID barrel,DERIVED,
skin_id,1928.0000,105.50000,211.00000,skin ID barrel,DERIVED,
skin_id,1929.0000,105.50000,211.00000,skin ID barrel,DERIVED,
skin_id,1930.0000,105.50000,211.00000,skin ID barrel,DERIVED,
skin_id,1931.0000,105.50000,211.00000,skin ID barrel,DERIVED,
skin_id,1932.0000,105.50000,211.00000,skin ID barrel,DERIVED,
skin_id,1933.0000,105.50000,211.00000,skin ID barrel,DERIVED,
skin_id,1934.0000,105.50000,211.00000,skin ID barrel,DERIVED,
skin_id,1935.0000,105.50000,211.00000,skin ID barrel,DERIVED,
skin_id,1936.0000,105.50000,211.00000,skin ID barrel,DERIVED,
skin_id,1937.0000,105.50000,211.00000,skin ID barrel,DERIVED,
skin_id,1938.0000,105.50000,211.00000,skin ID barrel,DERIVED,
skin_id,1939.0000,105.50000,211.00000,skin ID barrel,DERIVED,
skin_id,1940.0000,105.50000,211.00000,skin ID barrel,DERIVED,
skin_id,1941.0000,105.50000,211.00000,skin ID barrel,DERIVED,
skin_id,1942.0000,105.50000,211.00000,skin ID barrel,DERIVED,
skin_id,1943.0000,105.50000,211.00000,skin ID barrel,DERIVED,
skin_id,1944.0000,105.50000,211.00000,skin ID barrel,DERIVED,
skin_id,1945.0000,105.50000,211.00000,skin ID barrel,DERIVED,
skin_id,1946.0000,105.50000,211.00000,skin ID barrel,DERIVED,
skin_id,1947.0000,105.50000,211.00000,skin ID barrel,DERIVED,
skin_id,1948.0000,105.50000,211.00000,skin ID barrel,DERIVED,
skin_id,1949.0000,105.50000,211.00000,skin ID barrel,DERIVED,
skin_id,1950.0000,105.50000,211.00000,skin ID barrel,DERIVED,
skin_id,1951.0000,105.50000,211.00000,skin ID barrel,DERIVED,
skin_id,1952.0000,105.50000,211.00000,skin ID barrel,DERIVED,
skin_id,1953.0000,105.50000,211.00000,skin ID barrel,DERIVED,
skin_id,1954.0000,105.50000,211.00000,skin ID barrel,DERIVED,
skin_id,1955.0000,105.50000,211.00000,skin ID barrel,DERIVED,
skin_id,1956.0000,105.50000,211.00000,skin ID barrel,DERIVED,
skin_id,1957.0000,105.50000,211.00000,skin ID barrel,DERIVED,
skin_id,1958.0000,105.50000,211.00000,skin ID barrel,DERIVED,
skin_id,1959.0000,105.50000,211.00000,skin ID barrel,DERIVED,
skin_id,1960.0000,105.50000,211.00000,skin ID barrel,DERIVED,
skin_id,1961.0000,105.50000,211.00000,skin ID barrel,DERIVED,
skin_id,1962.0000,105.50000,211.00000,skin ID barrel,DERIVED,
skin_id,1963.0000,105.50000,211.00000,skin ID barrel,DERIVED,
skin_id,1964.0000,105.50000,211.00000,skin ID barrel,DERIVED,
skin_id,1965.0000,105.50000,211.00000,skin ID barrel,DERIVED,
skin_id,1966.0000,105.50000,211.00000,skin ID barrel,DERIVED,
skin_id,1967.0000,105.50000,211.00000,skin ID barrel,DERIVED,
skin_id,1968.0000,105.50000,211.00000,skin ID barrel,DERIVED,
skin_id,1969.0000,105.50000,211.00000,skin ID barrel,DERIVED,
skin_id,1970.0000,105.50000,211.00000,skin ID barrel,DERIVED,
skin_id,1971.0000,105.50000,211.00000,skin ID barrel,DERIVED,
skin_id,1972.0000,105.50000,211.00000,skin ID barrel,DERIVED,
skin_id,1973.0000,105.50000,211.00000,skin ID barrel,DERIVED,
skin_id,1974.0000,105.50000,211.00000,skin ID barrel,DERIVED,
skin_id,1975.0000,105.50000,211.00000,skin ID barrel,DERIVED,
skin_id,1976.0000,105.50000,211.00000,skin ID barrel,DERIVED,
skin_id,1977.0000,105.50000,211.00000,skin ID barrel,DERIVED,
skin_id,1978.0000,105.50000,211.00000,skin ID barrel,DERIVED,
skin_id,1979.0000,105.50000,211.00000,skin ID barrel,DERIVED,
skin_id,1980.0000,105.50000,211.00000,skin ID barrel,DERIVED,
skin_id,1981.0000,105.50000,211.00000,skin ID barrel,DERIVED,
skin_id,1982.0000,105.50000,211.00000,skin ID barrel,DERIVED,
skin_id,1983.0000,105.50000,211.00000,skin ID barrel,DERIVED,
skin_id,1984.0000,105.50000,211.00000,skin ID barrel,DERIVED,
skin_id,1985.0000,105.50000,211.00000,skin ID barrel,DERIVED,
skin_id,1986.0000,105.50000,211.00000,skin ID barrel,DERIVED,
skin_id,1987.0000,105.50000,211.00000,skin ID barrel,DERIVED,
skin_id,1988.0000,105.50000,211.00000,skin ID barrel,DERIVED,
skin_id,1989.0000,105.50000,211.00000,skin ID barrel,DERIVED,
skin_id,1990.0000,105.50000,211.00000,skin ID barrel,DERIVED,
skin_id,1991.0000,105.50000,211.00000,skin ID barrel,DERIVED,
skin_id,1992.0000,105.50000,211.00000,skin ID barrel,DERIVED,
skin_id,1993.0000,105.50000,211.00000,skin ID barrel,DERIVED,
skin_id,1994.0000,105.50000,211.00000,skin ID barrel,DERIVED,
skin_id,1995.0000,105.50000,211.00000,skin ID barrel,DERIVED,
skin_id,1996.0000,105.50000,211.00000,skin ID barrel,DERIVED,
skin_id,1997.0000,105.50000,211.00000,skin ID barrel,DERIVED,
skin_id,1998.0000,105.50000,211.00000,skin ID barrel,DERIVED,
skin_id,1999.0000,105.50000,211.00000,skin ID barrel,DERIVED,
skin_id,2000.0000,105.50000,211.00000,skin ID barrel,DERIVED,
skin_id,2001.0000,105.50000,211.00000,skin ID barrel,DERIVED,
skin_id,2002.0000,105.50000,211.00000,skin ID barrel,DERIVED,
skin_id,2003.0000,105.50000,211.00000,skin ID barrel,DERIVED,
skin_id,2004.0000,105.50000,211.00000,skin ID barrel,DERIVED,
skin_id,2005.0000,105.50000,211.00000,skin ID barrel,DERIVED,
skin_id,2006.0000,105.50000,211.00000,skin ID barrel,DERIVED,
skin_id,2007.0000,105.50000,211.00000,skin ID barrel,DERIVED,
skin_id,2008.0000,105.50000,211.00000,skin ID barrel,DERIVED,
skin_id,2009.0000,105.50000,211.00000,skin ID barrel,DERIVED,
skin_id,2010.0000,105.50000,211.00000,skin ID barrel,DERIVED,
skin_id,2011.0000,105.50000,211.00000,skin ID barrel,DERIVED,
skin_id,2012.0000,105.50000,211.00000,skin ID barrel,DERIVED,
skin_id,2013.0000,105.50000,211.00000,skin ID barrel,DERIVED,
skin_id,2014.0000,105.50000,211.00000,skin ID barrel,DERIVED,
skin_id,2015.0000,105.50000,211.00000,skin ID barrel,DERIVED,
skin_id,2016.0000,105.50000,211.00000,skin ID barrel,DERIVED,
skin_id,2017.0000,105.50000,211.00000,skin ID barrel,DERIVED,
skin_id,2018.0000,105.50000,211.00000,skin ID barrel,DERIVED,
skin_id,2019.0000,105.50000,211.00000,skin ID barrel,DERIVED,
skin_id,2020.0000,105.50000,211.00000,skin ID barrel,DERIVED,
skin_id,2021.0000,105.50000,211.00000,skin ID barrel,DERIVED,
skin_id,2022.0000,105.50000,211.00000,skin ID barrel,DERIVED,
skin_id,2023.0000,105.50000,211.00000,skin ID barrel,DERIVED,
skin_id,2024.0000,105.50000,211.00000,skin ID barrel,DERIVED,
skin_id,2025.0000,105.50000,211.00000,skin ID barrel,DERIVED,
skin_id,2026.0000,105.50000,211.00000,skin ID barrel,DERIVED,
skin_id,2027.0000,105.50000,211.00000,skin ID barrel,DERIVED,
skin_id,2028.0000,105.50000,211.00000,skin ID barrel,DERIVED,
skin_id,2029.0000,105.50000,211.00000,skin ID barrel,DERIVED,
skin_id,2030.0000,105.50000,211.00000,skin ID barrel,DERIVED,
skin_id,2031.0000,105.50000,211.00000,skin ID barrel,DERIVED,
skin_id,2032.0000,105.50000,211.00000,skin ID barrel,DERIVED,
skin_id,2033.0000,105.50000,211.00000,skin ID barrel,DERIVED,
skin_id,2034.0000,105.50000,211.00000,skin ID barrel,DERIVED,
skin_id,2035.0000,105.50000,211.00000,skin ID barrel,DERIVED,
skin_id,2036.0000,105.50000,211.00000,skin ID barrel,DERIVED,
skin_id,2037.0000,105.50000,211.00000,skin ID barrel,DERIVED,
skin_id,2038.0000,105.50000,211.00000,skin ID barrel,DERIVED,
skin_id,2039.0000,105.50000,211.00000,skin ID barrel,DERIVED,
skin_id,2040.0000,105.50000,211.00000,skin ID barrel,DERIVED,
skin_id,2041.0000,105.50000,211.00000,skin ID barrel,DERIVED,
skin_id,2042.0000,105.50000,211.00000,skin ID barrel,DERIVED,
skin_id,2043.0000,105.50000,211.00000,skin ID barrel,DERIVED,
skin_id,2044.0000,105.50000,211.00000,skin ID barrel,DERIVED,
skin_id,2045.0000,105.50000,211.00000,skin ID barrel,DERIVED,
skin_id,2046.0000,105.50000,211.00000,skin ID barrel,DERIVED,
skin_id,2047.0000,105.50000,211.00000,skin ID barrel,DERIVED,
skin_id,2048.0000,105.50000,211.00000,skin ID barrel,DERIVED,
skin_id,2049.0000,105.50000,211.00000,skin ID barrel,DERIVED,
skin_id,2050.0000,105.50000,211.00000,skin ID barrel,DERIVED,
skin_id,2051.0000,105.50000,211.00000,skin ID barrel,DERIVED,
skin_id,2052.0000,105.50000,211.00000,skin ID barrel,DERIVED,
skin_id,2053.0000,105.50000,211.00000,skin ID barrel,DERIVED,
skin_id,2054.0000,105.50000,211.00000,skin ID barrel,DERIVED,
skin_id,2055.0000,105.50000,211.00000,skin ID barrel,DERIVED,
skin_id,2056.0000,105.50000,211.00000,skin ID barrel,DERIVED,
skin_id,2057.0000,105.50000,211.00000,skin ID barrel,DERIVED,
skin_id,2058.0000,105.50000,211.00000,skin ID barrel,DERIVED,
skin_id,2059.0000,105.50000,211.00000,skin ID barrel,DERIVED,
skin_id,2059.6073,105.50000,211.00000,skin ID barrel,DERIVED,tailpipe_end
skin_id,2060.0000,105.44482,210.88963,skin ID boattail,DERIVED,
skin_id,2061.0000,105.30428,210.60855,skin ID boattail,DERIVED,
skin_id,2062.0000,105.16373,210.32747,skin ID boattail,DERIVED,
skin_id,2063.0000,105.02319,210.04639,skin ID boattail,DERIVED,
skin_id,2064.0000,104.88265,209.76531,skin ID boattail,DERIVED,
skin_id,2065.0000,104.74211,209.48422,skin ID boattail,DERIVED,
skin_id,2066.0000,104.60157,209.20314,skin ID boattail,DERIVED,
skin_id,2067.0000,104.46103,208.92206,skin ID boattail,DERIVED,
skin_id,2068.0000,104.32049,208.64098,skin ID boattail,DERIVED,
skin_id,2069.0000,104.17995,208.35990,skin ID boattail,DERIVED,
skin_id,2070.0000,104.03941,208.07882,skin ID boattail,DERIVED,
skin_id,2071.0000,103.89887,207.79773,skin ID boattail,DERIVED,
skin_id,2072.0000,103.75833,207.51665,skin ID boattail,DERIVED,
skin_id,2073.0000,103.61779,207.23557,skin ID boattail,DERIVED,
skin_id,2074.0000,103.47724,206.95449,skin ID boattail,DERIVED,
skin_id,2075.0000,103.33670,206.67341,skin ID boattail,DERIVED,
skin_id,2076.0000,103.19616,206.39233,skin ID boattail,DERIVED,
skin_id,2077.0000,103.05562,206.11124,skin ID boattail,DERIVED,
skin_id,2078.0000,102.91508,205.83016,skin ID boattail,DERIVED,
skin_id,2079.0000,102.77454,205.54908,skin ID boattail,DERIVED,
skin_id,2080.0000,102.63400,205.26800,skin ID boattail,DERIVED,
skin_id,2081.0000,102.49346,204.98692,skin ID boattail,DERIVED,
skin_id,2082.0000,102.35292,204.70584,skin ID boattail,DERIVED,
skin_id,2083.0000,102.21238,204.42475,skin ID boattail,DERIVED,
skin_id,2084.0000,102.07184,204.14367,skin ID boattail,DERIVED,
skin_id,2085.0000,101.93129,203.86259,skin ID boattail,DERIVED,
skin_id,2086.0000,101.79075,203.58151,skin ID boattail,DERIVED,
skin_id,2087.0000,101.65021,203.30043,skin ID boattail,DERIVED,
skin_id,2088.0000,101.50967,203.01934,skin ID boattail,DERIVED,
skin_id,2089.0000,101.36913,202.73826,skin ID boattail,DERIVED,
skin_id,2090.0000,101.22859,202.45718,skin ID boattail,DERIVED,
skin_id,2091.0000,101.08805,202.17610,skin ID boattail,DERIVED,
skin_id,2092.0000,100.94751,201.89502,skin ID boattail,DERIVED,
skin_id,2093.0000,100.80697,201.61394,skin ID boattail,DERIVED,
skin_id,2094.0000,100.66643,201.33285,skin ID boattail,DERIVED,
skin_id,2095.0000,100.52589,201.05177,skin ID boattail,DERIVED,
skin_id,2096.0000,100.38535,200.77069,skin ID boattail,DERIVED,
skin_id,2097.0000,100.24480,200.48961,skin ID boattail,DERIVED,
skin_id,2098.0000,100.10426,200.20853,skin ID boattail,DERIVED,
skin_id,2099.0000,99.96372,199.92745,skin ID boattail,DERIVED,
skin_id,2100.0000,99.82318,199.64636,skin ID boattail,DERIVED,
skin_id,2101.0000,99.68264,199.36528,skin ID boattail,DERIVED,
skin_id,2102.0000,99.54210,199.08420,skin ID boattail,DERIVED,
skin_id,2103.0000,99.40156,198.80312,skin ID boattail,DERIVED,
skin_id,2104.0000,99.26102,198.52204,skin ID boattail,DERIVED,
skin_id,2105.0000,99.12048,198.24096,skin ID boattail,DERIVED,
skin_id,2106.0000,98.97994,197.95987,skin ID boattail,DERIVED,
skin_id,2107.0000,98.83940,197.67879,skin ID boattail,DERIVED,
skin_id,2108.0000,98.69886,197.39771,skin ID boattail,DERIVED,
skin_id,2109.0000,98.55831,197.11663,skin ID boattail,DERIVED,
skin_id,2110.0000,98.41777,196.83555,skin ID boattail,DERIVED,
skin_id,2111.0000,98.27723,196.55447,skin ID boattail,DERIVED,
skin_id,2112.0000,98.13669,196.27338,skin ID boattail,DERIVED,
skin_id,2113.0000,97.99615,195.99230,skin ID boattail,DERIVED,
skin_id,2114.0000,97.85561,195.71122,skin ID boattail,DERIVED,
skin_id,2115.0000,97.71507,195.43014,skin ID boattail,DERIVED,
skin_id,2116.0000,97.57453,195.14906,skin ID boattail,DERIVED,
skin_id,2117.0000,97.43399,194.86798,skin ID boattail,DERIVED,
skin_id,2118.0000,97.29345,194.58689,skin ID boattail,DERIVED,
skin_id,2119.0000,97.15291,194.30581,skin ID boattail,DERIVED,
skin_id,2120.0000,97.01237,194.02473,skin ID boattail,DERIVED,
skin_id,2121.0000,96.87182,193.74365,skin ID boattail,DERIVED,
skin_id,2122.0000,96.73128,193.46257,skin ID boattail,DERIVED,
skin_id,2123.0000,96.59074,193.18149,skin ID boattail,DERIVED,
skin_id,2124.0000,96.45020,192.90040,skin ID boattail,DERIVED,
skin_id,2125.0000,96.30966,192.61932,skin ID boattail,DERIVED,
skin_id,2126.0000,96.16912,192.33824,skin ID boattail,DERIVED,
skin_id,2127.0000,96.02858,192.05716,skin ID boattail,DERIVED,
skin_id,2128.0000,95.88804,191.77608,skin ID boattail,DERIVED,
skin_id,2129.0000,95.74750,191.49500,skin ID boattail,DERIVED,
skin_id,2130.0000,95.60696,191.21391,skin ID boattail,DERIVED,
skin_id,2131.0000,95.46642,190.93283,skin ID boattail,DERIVED,
skin_id,2132.0000,95.32588,190.65175,skin ID boattail,DERIVED,
skin_id,2133.0000,95.18533,190.37067,skin ID boattail,DERIVED,
skin_id,2134.0000,95.04479,190.08959,skin ID boattail,DERIVED,
skin_id,2135.0000,94.90425,189.80851,skin ID boattail,DERIVED,
skin_id,2136.0000,94.76371,189.52742,skin ID boattail,DERIVED,
skin_id,2137.0000,94.62317,189.24634,skin ID boattail,DERIVED,
skin_id,2138.0000,94.48263,188.96526,skin ID boattail,DERIVED,
skin_id,2139.0000,94.34209,188.68418,skin ID boattail,DERIVED,
skin_id,2140.0000,94.20155,188.40310,skin ID boattail,DERIVED,
skin_id,2141.0000,94.06101,188.12202,skin ID boattail,DERIVED,
skin_id,2142.0000,93.92047,187.84093,skin ID boattail,DERIVED,
skin_id,2143.0000,93.77993,187.55985,skin ID boattail,DERIVED,
skin_id,2144.0000,93.63939,187.27877,skin ID boattail,DERIVED,
skin_id,2145.0000,93.49884,186.99769,skin ID boattail,DERIVED,
skin_id,2146.0000,93.35830,186.71661,skin ID boattail,DERIVED,
skin_id,2147.0000,93.21776,186.43553,skin ID boattail,DERIVED,
skin_id,2148.0000,93.07722,186.15444,skin ID boattail,DERIVED,
skin_id,2149.0000,92.93668,185.87336,skin ID boattail,DERIVED,
skin_id,2150.0000,92.79614,185.59228,skin ID boattail,DERIVED,
skin_id,2151.0000,92.65560,185.31120,skin ID boattail,DERIVED,
skin_id,2152.0000,92.51506,185.03012,skin ID boattail,DERIVED,
skin_id,2153.0000,92.37452,184.74904,skin ID boattail,DERIVED,
skin_id,2154.0000,92.23398,184.46795,skin ID boattail,DERIVED,
skin_id,2155.0000,92.09344,184.18687,skin ID boattail,DERIVED,
skin_id,2156.0000,91.95290,183.90579,skin ID boattail,DERIVED,
skin_id,2157.0000,91.81235,183.62471,skin ID boattail,DERIVED,
skin_id,2158.0000,91.67181,183.34363,skin ID boattail,DERIVED,
skin_id,2159.0000,91.53127,183.06255,skin ID boattail,DERIVED,
skin_id,2160.0000,91.39073,182.78146,skin ID boattail,DERIVED,
skin_id,2161.0000,91.25019,182.50038,skin ID boattail,DERIVED,
skin_id,2162.0000,91.10965,182.21930,skin ID boattail,DERIVED,
skin_id,2163.0000,90.96911,181.93822,skin ID boattail,DERIVED,
skin_id,2164.0000,90.82857,181.65714,skin ID boattail,DERIVED,
skin_id,2165.0000,90.68803,181.37606,skin ID boattail,DERIVED,
skin_id,2166.0000,90.54749,181.09497,skin ID boattail,DERIVED,
skin_id,2167.0000,90.40695,180.81389,skin ID boattail,DERIVED,
skin_id,2168.0000,90.26641,180.53281,skin ID boattail,DERIVED,
skin_id,2169.0000,90.12586,180.25173,skin ID boattail,DERIVED,
skin_id,2170.0000,89.98532,179.97065,skin ID boattail,DERIVED,
skin_id,2171.0000,89.84478,179.68957,skin ID boattail,DERIVED,
skin_id,2172.0000,89.70424,179.40848,skin ID boattail,DERIVED,
skin_id,2173.0000,89.56370,179.12740,skin ID boattail,DERIVED,
skin_id,2174.0000,89.42316,178.84632,skin ID boattail,DERIVED,
skin_id,2175.0000,89.28262,178.56524,skin ID boattail,DERIVED,
skin_id,2176.0000,89.14208,178.28416,skin ID boattail,DERIVED,
skin_id,2177.0000,89.00154,178.00308,skin ID boattail,DERIVED,
skin_id,2178.0000,88.86100,177.72199,skin ID boattail,DERIVED,
skin_id,2179.0000,88.72046,177.44091,skin ID boattail,DERIVED,
skin_id,2180.0000,88.57992,177.15983,skin ID boattail,DERIVED,
skin_id,2181.0000,88.43937,176.87875,skin ID boattail,DERIVED,
skin_id,2182.0000,88.29883,176.59767,skin ID boattail,DERIVED,
skin_id,2183.0000,88.15829,176.31659,skin ID boattail,DERIVED,
skin_id,2184.0000,88.01775,176.03550,skin ID boattail,DERIVED,
skin_id,2185.0000,87.87721,175.75442,skin ID boattail,DERIVED,
skin_id,2186.0000,87.73667,175.47334,skin ID boattail,DERIVED,
skin_id,2187.0000,87.59613,175.19226,skin ID boattail,DERIVED,
skin_id,2188.0000,87.45559,174.91118,skin ID boattail,DERIVED,
skin_id,2189.0000,87.31505,174.63010,skin ID boattail,DERIVED,
skin_id,2190.0000,87.17451,174.34901,skin ID boattail,DERIVED,
skin_id,2191.0000,87.03397,174.06793,skin ID boattail,DERIVED,
skin_id,2192.0000,86.89343,173.78685,skin ID boattail,DERIVED,
skin_id,2193.0000,86.75288,173.50577,skin ID boattail,DERIVED,
skin_id,2194.0000,86.61234,173.22469,skin ID boattail,DERIVED,
skin_id,2195.0000,86.47180,172.94361,skin ID boattail,DERIVED,
skin_id,2196.0000,86.33126,172.66252,skin ID boattail,DERIVED,
skin_id,2197.0000,86.19072,172.38144,skin ID boattail,DERIVED,
skin_id,2198.0000,86.05018,172.10036,skin ID boattail,DERIVED,
skin_id,2199.0000,85.90964,171.81928,skin ID boattail,DERIVED,
skin_id,2200.0000,85.76910,171.53820,skin ID boattail,DERIVED,
skin_id,2201.0000,85.62856,171.25712,skin ID boattail,DERIVED,
skin_id,2202.0000,85.48802,170.97603,skin ID boattail,DERIVED,
skin_id,2203.0000,85.34748,170.69495,skin ID boattail,DERIVED,
skin_id,2204.0000,85.20694,170.41387,skin ID boattail,DERIVED,
skin_id,2205.0000,85.06639,170.13279,skin ID boattail,DERIVED,
skin_id,2206.0000,84.92585,169.85171,skin ID boattail,DERIVED,
skin_id,2207.0000,84.78531,169.57063,skin ID boattail,DERIVED,
skin_id,2208.0000,84.64477,169.28954,skin ID boattail,DERIVED,
skin_id,2209.0000,84.50423,169.00846,skin ID boattail,DERIVED,
skin_id,2210.0000,84.36369,168.72738,skin ID boattail,DERIVED,
skin_id,2211.0000,84.22315,168.44630,skin ID boattail,DERIVED,
skin_id,2212.0000,84.08261,168.16522,skin ID boattail,DERIVED,
skin_id,2213.0000,83.94207,167.88414,skin ID boattail,DERIVED,
skin_id,2214.0000,83.80153,167.60305,skin ID boattail,DERIVED,
skin_id,2215.0000,83.66099,167.32197,skin ID boattail,DERIVED,
skin_id,2216.0000,83.52045,167.04089,skin ID boattail,DERIVED,
skin_id,2217.0000,83.37990,166.75981,skin ID boattail,DERIVED,
skin_id,2218.0000,83.23936,166.47873,skin ID boattail,DERIVED,
skin_id,2219.0000,83.09882,166.19765,skin ID boattail,DERIVED,
skin_id,2220.0000,82.95828,165.91656,skin ID boattail,DERIVED,
skin_id,2221.0000,82.81774,165.63548,skin ID boattail,DERIVED,
skin_id,2222.0000,82.67720,165.35440,skin ID boattail,DERIVED,
skin_id,2223.0000,82.53666,165.07332,skin ID boattail,DERIVED,
skin_id,2224.0000,82.39612,164.79224,skin ID boattail,DERIVED,
skin_id,2225.0000,82.25558,164.51116,skin ID boattail,DERIVED,
skin_id,2226.0000,82.11504,164.23007,skin ID boattail,DERIVED,
skin_id,2227.0000,81.97450,163.94899,skin ID boattail,DERIVED,
skin_id,2228.0000,81.83396,163.66791,skin ID boattail,DERIVED,
skin_id,2229.0000,81.69341,163.38683,skin ID boattail,DERIVED,
skin_id,2230.0000,81.55287,163.10575,skin ID boattail,DERIVED,
skin_id,2231.0000,81.41233,162.82467,skin ID boattail,DERIVED,
skin_id,2232.0000,81.27179,162.54358,skin ID boattail,DERIVED,
skin_id,2233.0000,81.13125,162.26250,skin ID boattail,DERIVED,
skin_id,2234.0000,80.99071,161.98142,skin ID boattail,DERIVED,
skin_id,2235.0000,80.85017,161.70034,skin ID boattail,DERIVED,
skin_id,2236.0000,80.70963,161.41926,skin ID boattail,DERIVED,
skin_id,2237.0000,80.56909,161.13818,skin ID boattail,DERIVED,
skin_id,2238.0000,80.42855,160.85709,skin ID boattail,DERIVED,
skin_id,2239.0000,80.28801,160.57601,skin ID boattail,DERIVED,
skin_id,2240.0000,80.14747,160.29493,skin ID boattail,DERIVED,
skin_id,2241.0000,80.00692,160.01385,skin ID boattail,DERIVED,
skin_id,2242.0000,79.86638,159.73277,skin ID boattail,DERIVED,
skin_id,2243.0000,79.72584,159.45169,skin ID boattail,DERIVED,
skin_id,2244.0000,79.58530,159.17060,skin ID boattail,DERIVED,
skin_id,2245.0000,79.44476,158.88952,skin ID boattail,DERIVED,
skin_id,2246.0000,79.30422,158.60844,skin ID boattail,DERIVED,
skin_id,2247.0000,79.16368,158.32736,skin ID boattail,DERIVED,
skin_id,2248.0000,79.02314,158.04628,skin ID boattail,DERIVED,
skin_id,2249.0000,78.88260,157.76520,skin ID boattail,DERIVED,
skin_id,2250.0000,78.74206,157.48411,skin ID boattail,DERIVED,
skin_id,2251.0000,78.60152,157.20303,skin ID boattail,DERIVED,
skin_id,2252.0000,78.46098,156.92195,skin ID boattail,DERIVED,
skin_id,2253.0000,78.32043,156.64087,skin ID boattail,DERIVED,
skin_id,2254.0000,78.17989,156.35979,skin ID boattail,DERIVED,
skin_id,2255.0000,78.03935,156.07871,skin ID boattail,DERIVED,
skin_id,2256.0000,77.89881,155.79762,skin ID boattail,DERIVED,
skin_id,2257.0000,77.75827,155.51654,skin ID boattail,DERIVED,
skin_id,2258.0000,77.61773,155.23546,skin ID boattail,DERIVED,
skin_id,2259.0000,77.47719,154.95438,skin ID boattail,DERIVED,
skin_id,2260.0000,77.33665,154.67330,skin ID boattail,DERIVED,
skin_id,2261.0000,77.19611,154.39222,skin ID boattail,DERIVED,
skin_id,2262.0000,77.05557,154.11113,skin ID boattail,DERIVED,
skin_id,2263.0000,76.91503,153.83005,skin ID boattail,DERIVED,
skin_id,2263.0752,76.90446,153.80892,skin ID boattail,DERIVED,nozzle_throat
skin_id,2264.0000,76.77449,153.54897,skin ID boattail,DERIVED,
skin_id,2265.0000,76.63394,153.26789,skin ID boattail,DERIVED,
skin_id,2266.0000,76.49340,152.98681,skin ID boattail,DERIVED,
skin_id,2267.0000,76.35286,152.70573,skin ID boattail,DERIVED,
skin_id,2268.0000,76.21232,152.42464,skin ID boattail,DERIVED,
skin_id,2269.0000,76.07178,152.14356,skin ID boattail,DERIVED,
skin_id,2270.0000,75.93124,151.86248,skin ID boattail,DERIVED,
skin_id,2271.0000,75.79070,151.58140,skin ID boattail,DERIVED,
skin_id,2272.0000,75.65016,151.30032,skin ID boattail,DERIVED,
skin_id,2273.0000,75.50962,151.01924,skin ID boattail,DERIVED,
skin_id,2273.6073,75.42426,150.84852,skin ID boattail,DERIVED,nozzle_exit
centrebody,0.0000,0.00000,0.00000,spike cone,ASSUMED,nose_tip
centrebody,1.0000,0.36397,0.72794,spike cone,ASSUMED,
centrebody,2.0000,0.72794,1.45588,spike cone,ASSUMED,
centrebody,3.0000,1.09191,2.18382,spike cone,ASSUMED,
centrebody,4.0000,1.45588,2.91176,spike cone,ASSUMED,
centrebody,5.0000,1.81985,3.63970,spike cone,ASSUMED,
centrebody,6.0000,2.18382,4.36764,spike cone,ASSUMED,
centrebody,7.0000,2.54779,5.09558,spike cone,ASSUMED,
centrebody,8.0000,2.91176,5.82352,spike cone,ASSUMED,
centrebody,9.0000,3.27573,6.55146,spike cone,ASSUMED,
centrebody,10.0000,3.63970,7.27940,spike cone,ASSUMED,
centrebody,11.0000,4.00367,8.00735,spike cone,ASSUMED,
centrebody,12.0000,4.36764,8.73529,spike cone,ASSUMED,
centrebody,13.0000,4.73161,9.46323,spike cone,ASSUMED,
centrebody,14.0000,5.09558,10.19117,spike cone,ASSUMED,
centrebody,15.0000,5.45955,10.91911,spike cone,ASSUMED,
centrebody,16.0000,5.82352,11.64705,spike cone,ASSUMED,
centrebody,17.0000,6.18749,12.37499,spike cone,ASSUMED,
centrebody,18.0000,6.55146,13.10293,spike cone,ASSUMED,
centrebody,19.0000,6.91543,13.83087,spike cone,ASSUMED,
centrebody,20.0000,7.27940,14.55881,spike cone,ASSUMED,
centrebody,21.0000,7.64337,15.28675,spike cone,ASSUMED,
centrebody,22.0000,8.00735,16.01469,spike cone,ASSUMED,
centrebody,23.0000,8.37132,16.74263,spike cone,ASSUMED,
centrebody,24.0000,8.73529,17.47057,spike cone,ASSUMED,
centrebody,25.0000,9.09926,18.19851,spike cone,ASSUMED,
centrebody,26.0000,9.46323,18.92645,spike cone,ASSUMED,
centrebody,27.0000,9.82720,19.65439,spike cone,ASSUMED,
centrebody,28.0000,10.19117,20.38233,spike cone,ASSUMED,
centrebody,29.0000,10.55514,21.11027,spike cone,ASSUMED,
centrebody,30.0000,10.91911,21.83821,spike cone,ASSUMED,
centrebody,31.0000,11.28308,22.56615,spike cone,ASSUMED,
centrebody,32.0000,11.64705,23.29409,spike cone,ASSUMED,
centrebody,33.0000,12.01102,24.02204,spike cone,ASSUMED,
centrebody,34.0000,12.37499,24.74998,spike cone,ASSUMED,
centrebody,35.0000,12.73896,25.47792,spike cone,ASSUMED,
centrebody,36.0000,13.10293,26.20586,spike cone,ASSUMED,
centrebody,37.0000,13.46690,26.93380,spike cone,ASSUMED,
centrebody,38.0000,13.83087,27.66174,spike cone,ASSUMED,
centrebody,39.0000,14.19484,28.38968,spike cone,ASSUMED,
centrebody,40.0000,14.55881,29.11762,spike cone,ASSUMED,
centrebody,41.0000,14.92278,29.84556,spike cone,ASSUMED,
centrebody,42.0000,15.28675,30.57350,spike cone,ASSUMED,
centrebody,43.0000,15.65072,31.30144,spike cone,ASSUMED,
centrebody,44.0000,16.01469,32.02938,spike cone,ASSUMED,
centrebody,45.0000,16.37866,32.75732,spike cone,ASSUMED,
centrebody,46.0000,16.74263,33.48526,spike cone,ASSUMED,
centrebody,47.0000,17.10660,34.21320,spike cone,ASSUMED,
centrebody,48.0000,17.47057,34.94114,spike cone,ASSUMED,
centrebody,49.0000,17.83454,35.66908,spike cone,ASSUMED,
centrebody,50.0000,18.19851,36.39702,spike cone,ASSUMED,
centrebody,51.0000,18.56248,37.12496,spike cone,ASSUMED,
centrebody,52.0000,18.92645,37.85290,spike cone,ASSUMED,
centrebody,53.0000,19.29042,38.58084,spike cone,ASSUMED,
centrebody,54.0000,19.65439,39.30879,spike cone,ASSUMED,
centrebody,55.0000,20.01836,40.03673,spike cone,ASSUMED,
centrebody,56.0000,20.38233,40.76467,spike cone,ASSUMED,
centrebody,57.0000,20.74630,41.49261,spike cone,ASSUMED,
centrebody,58.0000,21.11027,42.22055,spike cone,ASSUMED,
centrebody,59.0000,21.47424,42.94849,spike cone,ASSUMED,
centrebody,60.0000,21.83821,43.67643,spike cone,ASSUMED,
centrebody,61.0000,22.20218,44.40437,spike cone,ASSUMED,
centrebody,62.0000,22.56615,45.13231,spike cone,ASSUMED,
centrebody,63.0000,22.93012,45.86025,spike cone,ASSUMED,
centrebody,64.0000,23.29409,46.58819,spike cone,ASSUMED,
centrebody,65.0000,23.65807,47.31613,spike cone,ASSUMED,
centrebody,66.0000,24.02204,48.04407,spike cone,ASSUMED,
centrebody,67.0000,24.38601,48.77201,spike cone,ASSUMED,
centrebody,68.0000,24.74998,49.49995,spike cone,ASSUMED,
centrebody,69.0000,25.11395,50.22789,spike cone,ASSUMED,
centrebody,70.0000,25.47792,50.95583,spike cone,ASSUMED,
centrebody,71.0000,25.84189,51.68377,spike cone,ASSUMED,
centrebody,72.0000,26.20586,52.41171,spike cone,ASSUMED,
centrebody,73.0000,26.56983,53.13965,spike cone,ASSUMED,
centrebody,74.0000,26.93380,53.86759,spike cone,ASSUMED,
centrebody,75.0000,27.29777,54.59554,spike cone,ASSUMED,
centrebody,76.0000,27.66174,55.32348,spike cone,ASSUMED,
centrebody,77.0000,28.02571,56.05142,spike cone,ASSUMED,
centrebody,78.0000,28.38968,56.77936,spike cone,ASSUMED,
centrebody,79.0000,28.75365,57.50730,spike cone,ASSUMED,
centrebody,80.0000,29.11762,58.23524,spike cone,ASSUMED,
centrebody,81.0000,29.48159,58.96318,spike cone,ASSUMED,
centrebody,82.0000,29.84556,59.69112,spike cone,ASSUMED,
centrebody,83.0000,30.20953,60.41906,spike cone,ASSUMED,
centrebody,84.0000,30.57350,61.14700,spike cone,ASSUMED,
centrebody,85.0000,30.93747,61.87494,spike cone,ASSUMED,
centrebody,86.0000,31.30144,62.60288,spike cone,ASSUMED,
centrebody,87.0000,31.66541,63.33082,spike cone,ASSUMED,
centrebody,88.0000,32.02938,64.05876,spike cone,ASSUMED,
centrebody,89.0000,32.39335,64.78670,spike cone,ASSUMED,
centrebody,90.0000,32.75732,65.51464,spike cone,ASSUMED,
centrebody,91.0000,33.12129,66.24258,spike cone,ASSUMED,
centrebody,92.0000,33.48526,66.97052,spike cone,ASSUMED,
centrebody,93.0000,33.84923,67.69846,spike cone,ASSUMED,
centrebody,94.0000,34.21320,68.42640,spike cone,ASSUMED,
centrebody,95.0000,34.57717,69.15434,spike cone,ASSUMED,
centrebody,96.0000,34.94114,69.88228,spike cone,ASSUMED,
centrebody,97.0000,35.30511,70.61023,spike cone,ASSUMED,
centrebody,98.0000,35.66908,71.33817,spike cone,ASSUMED,
centrebody,99.0000,36.03305,72.06611,spike cone,ASSUMED,
centrebody,100.0000,36.39702,72.79405,spike cone,ASSUMED,
centrebody,101.0000,36.76099,73.52199,spike cone,ASSUMED,
centrebody,102.0000,37.12496,74.24993,spike cone,ASSUMED,
centrebody,103.0000,37.48893,74.97787,spike cone,ASSUMED,
centrebody,104.0000,37.85290,75.70581,spike cone,ASSUMED,
centrebody,105.0000,38.21687,76.43375,spike cone,ASSUMED,
centrebody,106.0000,38.58084,77.16169,spike cone,ASSUMED,
centrebody,107.0000,38.94482,77.88963,spike cone,ASSUMED,
centrebody,108.0000,39.30879,78.61757,spike cone,ASSUMED,
centrebody,109.0000,39.67276,79.34551,spike cone,ASSUMED,
centrebody,110.0000,40.03673,80.07345,spike cone,ASSUMED,
centrebody,111.0000,40.40070,80.80139,spike cone,ASSUMED,
centrebody,112.0000,40.76467,81.52933,spike cone,ASSUMED,
centrebody,113.0000,41.12864,82.25727,spike cone,ASSUMED,
centrebody,114.0000,41.49261,82.98521,spike cone,ASSUMED,
centrebody,115.0000,41.85658,83.71315,spike cone,ASSUMED,
centrebody,116.0000,42.22055,84.44109,spike cone,ASSUMED,
centrebody,117.0000,42.58452,85.16903,spike cone,ASSUMED,
centrebody,118.0000,42.94849,85.89698,spike cone,ASSUMED,
centrebody,119.0000,43.31246,86.62492,spike cone,ASSUMED,
centrebody,120.0000,43.67643,87.35286,spike cone,ASSUMED,
centrebody,121.0000,44.04040,88.08080,spike cone,ASSUMED,
centrebody,122.0000,44.40437,88.80874,spike cone,ASSUMED,
centrebody,123.0000,44.76834,89.53668,spike cone,ASSUMED,
centrebody,124.0000,45.13231,90.26462,spike cone,ASSUMED,
centrebody,125.0000,45.49628,90.99256,spike cone,ASSUMED,
centrebody,126.0000,45.86025,91.72050,spike cone,ASSUMED,
centrebody,127.0000,46.22422,92.44844,spike cone,ASSUMED,
centrebody,128.0000,46.58819,93.17638,spike cone,ASSUMED,
centrebody,129.0000,46.95216,93.90432,spike cone,ASSUMED,
centrebody,130.0000,47.31613,94.63226,spike cone,ASSUMED,
centrebody,131.0000,47.68010,95.36020,spike cone,ASSUMED,
centrebody,132.0000,48.04407,96.08814,spike cone,ASSUMED,
centrebody,133.0000,48.40804,96.81608,spike cone,ASSUMED,
centrebody,134.0000,48.77201,97.54402,spike cone,ASSUMED,
centrebody,135.0000,49.13598,98.27196,spike cone,ASSUMED,
centrebody,136.0000,49.49995,98.99990,spike cone,ASSUMED,
centrebody,137.0000,49.86392,99.72784,spike cone,ASSUMED,
centrebody,138.0000,50.22789,100.45578,spike cone,ASSUMED,
centrebody,139.0000,50.59186,101.18373,spike cone,ASSUMED,
centrebody,140.0000,50.95583,101.91167,spike cone,ASSUMED,
centrebody,141.0000,51.31980,102.63961,spike cone,ASSUMED,
centrebody,142.0000,51.68377,103.36755,spike cone,ASSUMED,
centrebody,143.0000,52.04774,104.09549,spike cone,ASSUMED,
centrebody,144.0000,52.41171,104.82343,spike cone,ASSUMED,
centrebody,145.0000,52.77568,105.55137,spike cone,ASSUMED,
centrebody,146.0000,53.13965,106.27931,spike cone,ASSUMED,
centrebody,147.0000,53.50362,107.00725,spike cone,ASSUMED,
centrebody,148.0000,53.86759,107.73519,spike cone,ASSUMED,
centrebody,149.0000,54.23156,108.46313,spike cone,ASSUMED,
centrebody,150.0000,54.59554,109.19107,spike cone,ASSUMED,
centrebody,151.0000,54.95951,109.91901,spike cone,ASSUMED,
centrebody,152.0000,55.32348,110.64695,spike cone,ASSUMED,
centrebody,153.0000,55.68745,111.37489,spike cone,ASSUMED,
centrebody,153.4576,55.85400,111.70800,spike cone,ASSUMED,cowl_lip
centrebody,154.0000,55.85400,111.70800,centrebody barrel,ASSUMED,
centrebody,155.0000,55.85400,111.70800,centrebody barrel,ASSUMED,
centrebody,156.0000,55.85400,111.70800,centrebody barrel,ASSUMED,
centrebody,157.0000,55.85400,111.70800,centrebody barrel,ASSUMED,
centrebody,158.0000,55.85400,111.70800,centrebody barrel,ASSUMED,
centrebody,159.0000,55.85400,111.70800,centrebody barrel,ASSUMED,
centrebody,160.0000,55.85400,111.70800,centrebody barrel,ASSUMED,
centrebody,161.0000,55.85400,111.70800,centrebody barrel,ASSUMED,
centrebody,162.0000,55.85400,111.70800,centrebody barrel,ASSUMED,
centrebody,163.0000,55.85400,111.70800,centrebody barrel,ASSUMED,
centrebody,164.0000,55.85400,111.70800,centrebody barrel,ASSUMED,
centrebody,165.0000,55.85400,111.70800,centrebody barrel,ASSUMED,
centrebody,166.0000,55.85400,111.70800,centrebody barrel,ASSUMED,
centrebody,167.0000,55.85400,111.70800,centrebody barrel,ASSUMED,
centrebody,168.0000,55.85400,111.70800,centrebody barrel,ASSUMED,
centrebody,169.0000,55.85400,111.70800,centrebody barrel,ASSUMED,
centrebody,170.0000,55.85400,111.70800,centrebody barrel,ASSUMED,
centrebody,171.0000,55.85400,111.70800,centrebody barrel,ASSUMED,
centrebody,172.0000,55.85400,111.70800,centrebody barrel,ASSUMED,
centrebody,173.0000,55.85400,111.70800,centrebody barrel,ASSUMED,
centrebody,174.0000,55.85400,111.70800,centrebody barrel,ASSUMED,
centrebody,175.0000,55.85400,111.70800,centrebody barrel,ASSUMED,
centrebody,176.0000,55.85400,111.70800,centrebody barrel,ASSUMED,
centrebody,177.0000,55.85400,111.70800,centrebody barrel,ASSUMED,
centrebody,178.0000,55.85400,111.70800,centrebody barrel,ASSUMED,
centrebody,179.0000,55.85400,111.70800,centrebody barrel,ASSUMED,
centrebody,180.0000,55.85400,111.70800,centrebody barrel,ASSUMED,
centrebody,181.0000,55.85400,111.70800,centrebody barrel,ASSUMED,
centrebody,182.0000,55.85400,111.70800,centrebody barrel,ASSUMED,
centrebody,183.0000,55.85400,111.70800,centrebody barrel,ASSUMED,
centrebody,184.0000,55.85400,111.70800,centrebody barrel,ASSUMED,
centrebody,185.0000,55.85400,111.70800,centrebody barrel,ASSUMED,
centrebody,186.0000,55.85400,111.70800,centrebody barrel,ASSUMED,
centrebody,187.0000,55.85400,111.70800,centrebody barrel,ASSUMED,
centrebody,188.0000,55.85400,111.70800,centrebody barrel,ASSUMED,
centrebody,189.0000,55.85400,111.70800,centrebody barrel,ASSUMED,
centrebody,190.0000,55.85400,111.70800,centrebody barrel,ASSUMED,
centrebody,191.0000,55.85400,111.70800,centrebody barrel,ASSUMED,
centrebody,192.0000,55.85400,111.70800,centrebody barrel,ASSUMED,
centrebody,193.0000,55.85400,111.70800,centrebody barrel,ASSUMED,
centrebody,194.0000,55.85400,111.70800,centrebody barrel,ASSUMED,
centrebody,195.0000,55.85400,111.70800,centrebody barrel,ASSUMED,
centrebody,196.0000,55.85400,111.70800,centrebody barrel,ASSUMED,
centrebody,197.0000,55.85400,111.70800,centrebody barrel,ASSUMED,
centrebody,198.0000,55.85400,111.70800,centrebody barrel,ASSUMED,
centrebody,199.0000,55.85400,111.70800,centrebody barrel,ASSUMED,
centrebody,200.0000,55.85400,111.70800,centrebody barrel,ASSUMED,
centrebody,201.0000,55.85400,111.70800,centrebody barrel,ASSUMED,
centrebody,202.0000,55.85400,111.70800,centrebody barrel,ASSUMED,
centrebody,203.0000,55.85400,111.70800,centrebody barrel,ASSUMED,
centrebody,204.0000,55.85400,111.70800,centrebody barrel,ASSUMED,
centrebody,205.0000,55.85400,111.70800,centrebody barrel,ASSUMED,
centrebody,206.0000,55.85400,111.70800,centrebody barrel,ASSUMED,
centrebody,207.0000,55.85400,111.70800,centrebody barrel,ASSUMED,
centrebody,208.0000,55.85400,111.70800,centrebody barrel,ASSUMED,
centrebody,209.0000,55.85400,111.70800,centrebody barrel,ASSUMED,
centrebody,210.0000,55.85400,111.70800,centrebody barrel,ASSUMED,
centrebody,211.0000,55.85400,111.70800,centrebody barrel,ASSUMED,
centrebody,212.0000,55.85400,111.70800,centrebody barrel,ASSUMED,
centrebody,213.0000,55.85400,111.70800,centrebody barrel,ASSUMED,
centrebody,214.0000,55.85400,111.70800,centrebody barrel,ASSUMED,
centrebody,215.0000,55.85400,111.70800,centrebody barrel,ASSUMED,
centrebody,216.0000,55.85400,111.70800,centrebody barrel,ASSUMED,
centrebody,217.0000,55.85400,111.70800,centrebody barrel,ASSUMED,
centrebody,218.0000,55.85400,111.70800,centrebody barrel,ASSUMED,
centrebody,219.0000,55.85400,111.70800,centrebody barrel,ASSUMED,
centrebody,220.0000,55.85400,111.70800,centrebody barrel,ASSUMED,
centrebody,221.0000,55.85400,111.70800,centrebody barrel,ASSUMED,
centrebody,222.0000,55.85400,111.70800,centrebody barrel,ASSUMED,
centrebody,223.0000,55.85400,111.70800,centrebody barrel,ASSUMED,
centrebody,224.0000,55.85400,111.70800,centrebody barrel,ASSUMED,
centrebody,225.0000,55.85400,111.70800,centrebody barrel,ASSUMED,
centrebody,226.0000,55.85400,111.70800,centrebody barrel,ASSUMED,
centrebody,227.0000,55.85400,111.70800,centrebody barrel,ASSUMED,
centrebody,228.0000,55.85400,111.70800,centrebody barrel,ASSUMED,
centrebody,229.0000,55.85400,111.70800,centrebody barrel,ASSUMED,
centrebody,230.0000,55.85400,111.70800,centrebody barrel,ASSUMED,
centrebody,231.0000,55.85400,111.70800,centrebody barrel,ASSUMED,
centrebody,232.0000,55.85400,111.70800,centrebody barrel,ASSUMED,
centrebody,233.0000,55.85400,111.70800,centrebody barrel,ASSUMED,
centrebody,234.0000,55.85400,111.70800,centrebody barrel,ASSUMED,
centrebody,235.0000,55.85400,111.70800,centrebody barrel,ASSUMED,
centrebody,236.0000,55.85400,111.70800,centrebody barrel,ASSUMED,
centrebody,237.0000,55.85400,111.70800,centrebody barrel,ASSUMED,
centrebody,238.0000,55.85400,111.70800,centrebody barrel,ASSUMED,
centrebody,239.0000,55.85400,111.70800,centrebody barrel,ASSUMED,
centrebody,240.0000,55.85400,111.70800,centrebody barrel,ASSUMED,
centrebody,241.0000,55.85400,111.70800,centrebody barrel,ASSUMED,
centrebody,242.0000,55.85400,111.70800,centrebody barrel,ASSUMED,
centrebody,243.0000,55.85400,111.70800,centrebody barrel,ASSUMED,
centrebody,244.0000,55.85400,111.70800,centrebody barrel,ASSUMED,
centrebody,245.0000,55.85400,111.70800,centrebody barrel,ASSUMED,
centrebody,246.0000,55.85400,111.70800,centrebody barrel,ASSUMED,
centrebody,247.0000,55.85400,111.70800,centrebody barrel,ASSUMED,
centrebody,248.0000,55.85400,111.70800,centrebody barrel,ASSUMED,
centrebody,249.0000,55.85400,111.70800,centrebody barrel,ASSUMED,
centrebody,250.0000,55.85400,111.70800,centrebody barrel,ASSUMED,
centrebody,251.0000,55.85400,111.70800,centrebody barrel,ASSUMED,
centrebody,252.0000,55.85400,111.70800,centrebody barrel,ASSUMED,
centrebody,253.0000,55.85400,111.70800,centrebody barrel,ASSUMED,
centrebody,254.0000,55.85400,111.70800,centrebody barrel,ASSUMED,
centrebody,255.0000,55.85400,111.70800,centrebody barrel,ASSUMED,
centrebody,256.0000,55.85400,111.70800,centrebody barrel,ASSUMED,
centrebody,257.0000,55.85400,111.70800,centrebody barrel,ASSUMED,
centrebody,258.0000,55.85400,111.70800,centrebody barrel,ASSUMED,
centrebody,259.0000,55.85400,111.70800,centrebody barrel,ASSUMED,
centrebody,260.0000,55.85400,111.70800,centrebody barrel,ASSUMED,
centrebody,261.0000,55.85400,111.70800,centrebody barrel,ASSUMED,
centrebody,262.0000,55.85400,111.70800,centrebody barrel,ASSUMED,
centrebody,263.0000,55.85400,111.70800,centrebody barrel,ASSUMED,
centrebody,264.0000,55.85400,111.70800,centrebody barrel,ASSUMED,
centrebody,265.0000,55.85400,111.70800,centrebody barrel,ASSUMED,
centrebody,266.0000,55.85400,111.70800,centrebody barrel,ASSUMED,
centrebody,267.0000,55.85400,111.70800,centrebody barrel,ASSUMED,
centrebody,268.0000,55.85400,111.70800,centrebody barrel,ASSUMED,
centrebody,269.0000,55.85400,111.70800,centrebody barrel,ASSUMED,
centrebody,270.0000,55.85400,111.70800,centrebody barrel,ASSUMED,
centrebody,271.0000,55.85400,111.70800,centrebody barrel,ASSUMED,
centrebody,272.0000,55.85400,111.70800,centrebody barrel,ASSUMED,
centrebody,273.0000,55.85400,111.70800,centrebody barrel,ASSUMED,
centrebody,273.4576,55.85400,111.70800,centrebody barrel,ASSUMED,centrebody_max_dia_end
centrebody,274.0000,55.85194,111.70388,centrebody closure,ASSUMED,
centrebody,275.0000,55.83742,111.67484,centrebody closure,ASSUMED,
centrebody,276.0000,55.80915,111.61830,centrebody closure,ASSUMED,
centrebody,277.0000,55.76731,111.53461,centrebody closure,ASSUMED,
centrebody,278.0000,55.71208,111.42415,centrebody closure,ASSUMED,
centrebody,279.0000,55.64364,111.28728,centrebody closure,ASSUMED,
centrebody,280.0000,55.56218,111.12435,centrebody closure,ASSUMED,
centrebody,281.0000,55.46787,110.93574,centrebody closure,ASSUMED,
centrebody,282.0000,55.36090,110.72180,centrebody closure,ASSUMED,
centrebody,283.0000,55.24145,110.48291,centrebody closure,ASSUMED,
centrebody,284.0000,55.10971,110.21941,centrebody closure,ASSUMED,
centrebody,285.0000,54.96584,109.93168,centrebody closure,ASSUMED,
centrebody,286.0000,54.81004,109.62008,centrebody closure,ASSUMED,
centrebody,287.0000,54.64248,109.28497,centrebody closure,ASSUMED,
centrebody,288.0000,54.46336,108.92672,centrebody closure,ASSUMED,
centrebody,289.0000,54.27284,108.54568,centrebody closure,ASSUMED,
centrebody,290.0000,54.07111,108.14222,centrebody closure,ASSUMED,
centrebody,291.0000,53.85836,107.71671,centrebody closure,ASSUMED,
centrebody,292.0000,53.63475,107.26951,centrebody closure,ASSUMED,
centrebody,293.0000,53.40049,106.80098,centrebody closure,ASSUMED,
centrebody,294.0000,53.15574,106.31148,centrebody closure,ASSUMED,
centrebody,295.0000,52.90069,105.80138,centrebody closure,ASSUMED,
centrebody,296.0000,52.63552,105.27104,centrebody closure,ASSUMED,
centrebody,297.0000,52.36041,104.72082,centrebody closure,ASSUMED,
centrebody,298.0000,52.07555,104.15109,centrebody closure,ASSUMED,
centrebody,299.0000,51.78110,103.56221,centrebody closure,ASSUMED,
centrebody,300.0000,51.47727,102.95454,centrebody closure,ASSUMED,
centrebody,301.0000,51.16423,102.32845,centrebody closure,ASSUMED,
centrebody,302.0000,50.84215,101.68430,centrebody closure,ASSUMED,
centrebody,303.0000,50.51123,101.02245,centrebody closure,ASSUMED,
centrebody,304.0000,50.17163,100.34327,centrebody closure,ASSUMED,
centrebody,305.0000,49.82356,99.64711,centrebody closure,ASSUMED,
centrebody,306.0000,49.46718,98.93435,centrebody closure,ASSUMED,
centrebody,307.0000,49.10267,98.20535,centrebody closure,ASSUMED,
centrebody,308.0000,48.73023,97.46046,centrebody closure,ASSUMED,
centrebody,309.0000,48.35003,96.70005,centrebody closure,ASSUMED,
centrebody,310.0000,47.96225,95.92449,centrebody closure,ASSUMED,
centrebody,311.0000,47.56707,95.13414,centrebody closure,ASSUMED,
centrebody,312.0000,47.16468,94.32936,centrebody closure,ASSUMED,
centrebody,313.0000,46.75525,93.51051,centrebody closure,ASSUMED,
centrebody,314.0000,46.33898,92.67796,centrebody closure,ASSUMED,
centrebody,315.0000,45.91603,91.83207,centrebody closure,ASSUMED,
centrebody,316.0000,45.48660,90.97320,centrebody closure,ASSUMED,
centrebody,317.0000,45.05086,90.10173,centrebody closure,ASSUMED,
centrebody,318.0000,44.60900,89.21800,centrebody closure,ASSUMED,
centrebody,319.0000,44.16119,88.32238,centrebody closure,ASSUMED,
centrebody,320.0000,43.70762,87.41525,centrebody closure,ASSUMED,
centrebody,321.0000,43.24847,86.49695,centrebody closure,ASSUMED,
centrebody,322.0000,42.78393,85.56786,centrebody closure,ASSUMED,
centrebody,323.0000,42.31416,84.62833,centrebody closure,ASSUMED,
centrebody,324.0000,41.83936,83.67873,centrebody closure,ASSUMED,
centrebody,325.0000,41.35971,82.71942,centrebody closure,ASSUMED,
centrebody,326.0000,40.87539,81.75077,centrebody closure,ASSUMED,
centrebody,327.0000,40.38657,80.77314,centrebody closure,ASSUMED,
centrebody,328.0000,39.89345,79.78689,centrebody closure,ASSUMED,
centrebody,329.0000,39.39619,78.79239,centrebody closure,ASSUMED,
centrebody,330.0000,38.89500,77.78999,centrebody closure,ASSUMED,
centrebody,331.0000,38.39003,76.78007,centrebody closure,ASSUMED,
centrebody,332.0000,37.88149,75.76298,centrebody closure,ASSUMED,
centrebody,333.0000,37.36955,74.73909,centrebody closure,ASSUMED,
centrebody,334.0000,36.85438,73.70876,centrebody closure,ASSUMED,
centrebody,335.0000,36.33618,72.67236,centrebody closure,ASSUMED,
centrebody,336.0000,35.81512,71.63024,centrebody closure,ASSUMED,
centrebody,337.0000,35.29139,70.58277,centrebody closure,ASSUMED,
centrebody,338.0000,34.76516,69.53032,centrebody closure,ASSUMED,
centrebody,339.0000,34.23662,68.47324,centrebody closure,ASSUMED,
centrebody,340.0000,33.70595,67.41191,centrebody closure,ASSUMED,
centrebody,341.0000,33.17334,66.34668,centrebody closure,ASSUMED,
centrebody,342.0000,32.63896,65.27791,centrebody closure,ASSUMED,
centrebody,343.0000,32.10299,64.20598,centrebody closure,ASSUMED,
centrebody,344.0000,31.56562,63.13124,centrebody closure,ASSUMED,
centrebody,345.0000,31.02703,62.05405,centrebody closure,ASSUMED,
centrebody,346.0000,30.48739,60.97478,centrebody closure,ASSUMED,
centrebody,347.0000,29.94690,59.89380,centrebody closure,ASSUMED,
centrebody,348.0000,29.40573,58.81146,centrebody closure,ASSUMED,
centrebody,349.0000,28.86407,57.72813,centrebody closure,ASSUMED,
centrebody,350.0000,28.32209,56.64418,centrebody closure,ASSUMED,
centrebody,351.0000,27.77998,55.55996,centrebody closure,ASSUMED,
centrebody,352.0000,27.23792,54.47583,centrebody closure,ASSUMED,
centrebody,353.0000,26.69609,53.39217,centrebody closure,ASSUMED,
centrebody,354.0000,26.15467,52.30933,centrebody closure,ASSUMED,
centrebody,355.0000,25.61384,51.22769,centrebody closure,ASSUMED,
centrebody,356.0000,25.07379,50.14759,centrebody closure,ASSUMED,
centrebody,357.0000,24.53470,49.06941,centrebody closure,ASSUMED,
centrebody,358.0000,23.99675,47.99350,centrebody closure,ASSUMED,
centrebody,359.0000,23.46012,46.92024,centrebody closure,ASSUMED,
centrebody,360.0000,22.92499,45.84998,centrebody closure,ASSUMED,
centrebody,361.0000,22.39154,44.78308,centrebody closure,ASSUMED,
centrebody,362.0000,21.85996,43.71992,centrebody closure,ASSUMED,
centrebody,363.0000,21.33042,42.66085,centrebody closure,ASSUMED,
centrebody,364.0000,20.80312,41.60624,centrebody closure,ASSUMED,
centrebody,365.0000,20.27822,40.55644,centrebody closure,ASSUMED,
centrebody,366.0000,19.75592,39.51183,centrebody closure,ASSUMED,
centrebody,367.0000,19.23638,38.47277,centrebody closure,ASSUMED,
centrebody,368.0000,18.71981,37.43961,centrebody closure,ASSUMED,
centrebody,369.0000,18.20637,36.41273,centrebody closure,ASSUMED,
centrebody,370.0000,17.69624,35.39249,centrebody closure,ASSUMED,
centrebody,371.0000,17.18962,34.37924,centrebody closure,ASSUMED,
centrebody,372.0000,16.68668,33.37335,centrebody closure,ASSUMED,
centrebody,373.0000,16.18760,32.37519,centrebody closure,ASSUMED,
centrebody,374.0000,15.69256,31.38512,centrebody closure,ASSUMED,
centrebody,375.0000,15.20175,30.40350,centrebody closure,ASSUMED,
centrebody,376.0000,14.71535,29.43070,centrebody closure,ASSUMED,
centrebody,377.0000,14.23354,28.46707,centrebody closure,ASSUMED,
centrebody,378.0000,13.75649,27.51298,centrebody closure,ASSUMED,
centrebody,379.0000,13.28440,26.56880,centrebody closure,ASSUMED,
centrebody,380.0000,12.81744,25.63489,centrebody closure,ASSUMED,
centrebody,381.0000,12.35580,24.71161,centrebody closure,ASSUMED,
centrebody,382.0000,11.89966,23.79932,centrebody closure,ASSUMED,
centrebody,383.0000,11.44919,22.89838,centrebody closure,ASSUMED,
centrebody,384.0000,11.00459,22.00917,centrebody closure,ASSUMED,
centrebody,385.0000,10.56602,21.13204,centrebody closure,ASSUMED,
centrebody,386.0000,10.13368,20.26736,centrebody closure,ASSUMED,
centrebody,387.0000,9.70775,19.41549,centrebody closure,ASSUMED,
centrebody,388.0000,9.28840,18.57679,centrebody closure,ASSUMED,
centrebody,389.0000,8.87581,17.75163,centrebody closure,ASSUMED,
centrebody,390.0000,8.47018,16.94037,centrebody closure,ASSUMED,
centrebody,391.0000,8.07168,16.14336,centrebody closure,ASSUMED,
centrebody,392.0000,7.68049,15.36099,centrebody closure,ASSUMED,
centrebody,393.0000,7.29680,14.59360,centrebody closure,ASSUMED,
centrebody,394.0000,6.92078,13.84157,centrebody closure,ASSUMED,
centrebody,395.0000,6.55262,13.10525,centrebody closure,ASSUMED,
centrebody,396.0000,6.19250,12.38501,centrebody closure,ASSUMED,
centrebody,397.0000,5.84061,11.68121,centrebody closure,ASSUMED,
centrebody,398.0000,5.49711,10.99422,centrebody closure,ASSUMED,
centrebody,399.0000,5.16220,10.32439,centrebody closure,ASSUMED,
centrebody,400.0000,4.83605,9.67210,centrebody closure,ASSUMED,
centrebody,401.0000,4.51885,9.03769,centrebody closure,ASSUMED,
centrebody,402.0000,4.21078,8.42155,centrebody closure,ASSUMED,
centrebody,403.0000,3.91201,7.82403,centrebody closure,ASSUMED,
centrebody,404.0000,3.62275,7.24549,centrebody closure,ASSUMED,
centrebody,405.0000,3.34315,6.68630,centrebody closure,ASSUMED,
centrebody,406.0000,3.07341,6.14682,centrebody closure,ASSUMED,
centrebody,407.0000,2.81370,5.62741,centrebody closure,ASSUMED,
centrebody,408.0000,2.56422,5.12844,centrebody closure,ASSUMED,
centrebody,409.0000,2.32513,4.65027,centrebody closure,ASSUMED,
centrebody,410.0000,2.09663,4.19326,centrebody closure,ASSUMED,
centrebody,411.0000,1.87889,3.75778,centrebody closure,ASSUMED,
centrebody,412.0000,1.67209,3.34418,centrebody closure,ASSUMED,
centrebody,413.0000,1.47642,2.95284,centrebody closure,ASSUMED,
centrebody,414.0000,1.29206,2.58412,centrebody closure,ASSUMED,
centrebody,415.0000,1.11919,2.23837,centrebody closure,ASSUMED,
centrebody,416.0000,0.95798,1.91597,centrebody closure,ASSUMED,
centrebody,417.0000,0.80863,1.61727,centrebody closure,ASSUMED,
centrebody,418.0000,0.67132,1.34264,centrebody closure,ASSUMED,
centrebody,419.0000,0.54622,1.09244,centrebody closure,ASSUMED,
centrebody,420.0000,0.43352,0.86704,centrebody closure,ASSUMED,
centrebody,421.0000,0.33340,0.66679,centrebody closure,ASSUMED,
centrebody,422.0000,0.24603,0.49207,centrebody closure,ASSUMED,
centrebody,423.0000,0.17161,0.34323,centrebody closure,ASSUMED,
centrebody,424.0000,0.11032,0.22063,centrebody closure,ASSUMED,
centrebody,425.0000,0.06233,0.12465,centrebody closure,ASSUMED,
centrebody,426.0000,0.02782,0.05564,centrebody closure,ASSUMED,
centrebody,427.0000,0.00699,0.01397,centrebody closure,ASSUMED,
centrebody,428.0000,0.00000,0.00000,centrebody closure,ASSUMED,nose_fairing_end|chamber_start
cowl_inner,153.4576,66.12637,132.25273,diffuser,ASSUMED,cowl_lip
cowl_inner,154.4576,66.19217,132.38435,diffuser,ASSUMED,
cowl_inner,155.4576,66.25815,132.51629,diffuser,ASSUMED,
cowl_inner,156.4576,66.32428,132.64856,diffuser,ASSUMED,
cowl_inner,157.4576,66.39057,132.78115,diffuser,ASSUMED,
cowl_inner,158.4576,66.45703,132.91406,diffuser,ASSUMED,
cowl_inner,159.4576,66.52364,133.04729,diffuser,ASSUMED,
cowl_inner,160.4576,66.59042,133.18084,diffuser,ASSUMED,
cowl_inner,161.4576,66.65735,133.31470,diffuser,ASSUMED,
cowl_inner,162.4576,66.72444,133.44889,diffuser,ASSUMED,
cowl_inner,163.4576,66.79170,133.58339,diffuser,ASSUMED,
cowl_inner,164.4576,66.85910,133.71821,diffuser,ASSUMED,
cowl_inner,165.4576,66.92667,133.85334,diffuser,ASSUMED,
cowl_inner,166.4576,66.99439,133.98879,diffuser,ASSUMED,
cowl_inner,167.4576,67.06227,134.12455,diffuser,ASSUMED,
cowl_inner,168.4576,67.13031,134.26062,diffuser,ASSUMED,
cowl_inner,169.4576,67.19850,134.39700,diffuser,ASSUMED,
cowl_inner,170.4576,67.26685,134.53370,diffuser,ASSUMED,
cowl_inner,171.4576,67.33535,134.67070,diffuser,ASSUMED,
cowl_inner,172.4576,67.40400,134.80801,diffuser,ASSUMED,
cowl_inner,173.4576,67.47281,134.94562,diffuser,ASSUMED,
cowl_inner,174.4576,67.54177,135.08355,diffuser,ASSUMED,
cowl_inner,175.4576,67.61089,135.22177,diffuser,ASSUMED,
cowl_inner,176.4576,67.68015,135.36031,diffuser,ASSUMED,
cowl_inner,177.4576,67.74957,135.49914,diffuser,ASSUMED,
cowl_inner,178.4576,67.81914,135.63828,diffuser,ASSUMED,
cowl_inner,179.4576,67.88886,135.77772,diffuser,ASSUMED,
cowl_inner,180.4576,67.95873,135.91746,diffuser,ASSUMED,
cowl_inner,181.4576,68.02875,136.05750,diffuser,ASSUMED,
cowl_inner,182.4576,68.09892,136.19784,diffuser,ASSUMED,
cowl_inner,183.4576,68.16924,136.33848,diffuser,ASSUMED,
cowl_inner,184.4576,68.23971,136.47941,diffuser,ASSUMED,
cowl_inner,185.4576,68.31032,136.62064,diffuser,ASSUMED,
cowl_inner,186.4576,68.38108,136.76217,diffuser,ASSUMED,
cowl_inner,187.4576,68.45199,136.90399,diffuser,ASSUMED,
cowl_inner,188.4576,68.52305,137.04610,diffuser,ASSUMED,
cowl_inner,189.4576,68.59425,137.18850,diffuser,ASSUMED,
cowl_inner,190.4576,68.66560,137.33120,diffuser,ASSUMED,
cowl_inner,191.4576,68.73709,137.47419,diffuser,ASSUMED,
cowl_inner,192.4576,68.80873,137.61746,diffuser,ASSUMED,
cowl_inner,193.4576,68.88051,137.76103,diffuser,ASSUMED,
cowl_inner,194.4576,68.95244,137.90488,diffuser,ASSUMED,
cowl_inner,195.4576,69.02451,138.04902,diffuser,ASSUMED,
cowl_inner,196.4576,69.09672,138.19345,diffuser,ASSUMED,
cowl_inner,197.4576,69.16908,138.33816,diffuser,ASSUMED,
cowl_inner,198.4576,69.24158,138.48315,diffuser,ASSUMED,
cowl_inner,199.4576,69.31422,138.62843,diffuser,ASSUMED,
cowl_inner,200.4576,69.38700,138.77399,diffuser,ASSUMED,
cowl_inner,201.4576,69.45992,138.91984,diffuser,ASSUMED,
cowl_inner,202.4576,69.53298,139.06596,diffuser,ASSUMED,
cowl_inner,203.4576,69.60618,139.21236,diffuser,ASSUMED,
cowl_inner,204.4576,69.67952,139.35905,diffuser,ASSUMED,
cowl_inner,205.4576,69.75300,139.50601,diffuser,ASSUMED,
cowl_inner,206.4576,69.82662,139.65324,diffuser,ASSUMED,
cowl_inner,207.4576,69.90038,139.80076,diffuser,ASSUMED,
cowl_inner,208.4576,69.97427,139.94855,diffuser,ASSUMED,
cowl_inner,209.4576,70.04831,140.09661,diffuser,ASSUMED,
cowl_inner,210.4576,70.12247,140.24495,diffuser,ASSUMED,
cowl_inner,211.4576,70.19678,140.39356,diffuser,ASSUMED,
cowl_inner,212.4576,70.27122,140.54244,diffuser,ASSUMED,
cowl_inner,213.4576,70.34580,140.69159,diffuser,ASSUMED,
cowl_inner,214.4576,70.42051,140.84102,diffuser,ASSUMED,
cowl_inner,215.4576,70.49535,140.99071,diffuser,ASSUMED,
cowl_inner,216.4576,70.57034,141.14067,diffuser,ASSUMED,
cowl_inner,217.4576,70.64545,141.29090,diffuser,ASSUMED,
cowl_inner,218.4576,70.72070,141.44139,diffuser,ASSUMED,
cowl_inner,219.4576,70.79608,141.59216,diffuser,ASSUMED,
cowl_inner,220.4576,70.87159,141.74318,diffuser,ASSUMED,
cowl_inner,221.4576,70.94724,141.89447,diffuser,ASSUMED,
cowl_inner,222.4576,71.02301,142.04603,diffuser,ASSUMED,
cowl_inner,223.4576,71.09892,142.19784,diffuser,ASSUMED,
cowl_inner,224.4576,71.17496,142.34992,diffuser,ASSUMED,
cowl_inner,225.4576,71.25113,142.50226,diffuser,ASSUMED,
cowl_inner,226.4576,71.32743,142.65486,diffuser,ASSUMED,
cowl_inner,227.4576,71.40386,142.80772,diffuser,ASSUMED,
cowl_inner,228.4576,71.48042,142.96084,diffuser,ASSUMED,
cowl_inner,229.4576,71.55711,143.11421,diffuser,ASSUMED,
cowl_inner,230.4576,71.63392,143.26784,diffuser,ASSUMED,
cowl_inner,231.4576,71.71087,143.42173,diffuser,ASSUMED,
cowl_inner,232.4576,71.78794,143.57587,diffuser,ASSUMED,
cowl_inner,233.4576,71.86514,143.73027,diffuser,ASSUMED,
cowl_inner,234.4576,71.94246,143.88492,diffuser,ASSUMED,
cowl_inner,235.4576,72.01991,144.03982,diffuser,ASSUMED,
cowl_inner,236.4576,72.09749,144.19498,diffuser,ASSUMED,
cowl_inner,237.4576,72.17519,144.35038,diffuser,ASSUMED,
cowl_inner,238.4576,72.25302,144.50604,diffuser,ASSUMED,
cowl_inner,239.4576,72.33097,144.66194,diffuser,ASSUMED,
cowl_inner,240.4576,72.40905,144.81810,diffuser,ASSUMED,
cowl_inner,241.4576,72.48725,144.97450,diffuser,ASSUMED,
cowl_inner,242.4576,72.56557,145.13115,diffuser,ASSUMED,
cowl_inner,243.4576,72.64402,145.28804,diffuser,ASSUMED,
cowl_inner,244.4576,72.72259,145.44518,diffuser,ASSUMED,
cowl_inner,245.4576,72.80128,145.60257,diffuser,ASSUMED,
cowl_inner,246.4576,72.88010,145.76020,diffuser,ASSUMED,
cowl_inner,247.4576,72.95903,145.91807,diffuser,ASSUMED,
cowl_inner,248.4576,73.03809,146.07618,diffuser,ASSUMED,
cowl_inner,249.4576,73.11727,146.23454,diffuser,ASSUMED,
cowl_inner,250.4576,73.19657,146.39313,diffuser,ASSUMED,
cowl_inner,251.4576,73.27598,146.55197,diffuser,ASSUMED,
cowl_inner,252.4576,73.35552,146.71104,diffuser,ASSUMED,
cowl_inner,253.4576,73.43518,146.87035,diffuser,ASSUMED,
cowl_inner,254.4576,73.51495,147.02990,diffuser,ASSUMED,
cowl_inner,255.4576,73.59485,147.18969,diffuser,ASSUMED,
cowl_inner,256.4576,73.67486,147.34971,diffuser,ASSUMED,
cowl_inner,257.4576,73.75499,147.50997,diffuser,ASSUMED,
cowl_inner,258.4576,73.83523,147.67046,diffuser,ASSUMED,
cowl_inner,259.4576,73.91560,147.83119,diffuser,ASSUMED,
cowl_inner,260.4576,73.99608,147.99215,diffuser,ASSUMED,
cowl_inner,261.4576,74.07667,148.15334,diffuser,ASSUMED,
cowl_inner,262.4576,74.15738,148.31477,diffuser,ASSUMED,
cowl_inner,263.4576,74.23821,148.47642,diffuser,ASSUMED,
cowl_inner,264.4576,74.31915,148.63830,diffuser,ASSUMED,
cowl_inner,265.4576,74.40021,148.80041,diffuser,ASSUMED,
cowl_inner,266.4576,74.48138,148.96276,diffuser,ASSUMED,
cowl_inner,267.4576,74.56266,149.12532,diffuser,ASSUMED,
cowl_inner,268.4576,74.64406,149.28812,diffuser,ASSUMED,
cowl_inner,269.4576,74.72557,149.45114,diffuser,ASSUMED,
cowl_inner,270.4576,74.80719,149.61439,diffuser,ASSUMED,
cowl_inner,271.4576,74.88893,149.77786,diffuser,ASSUMED,
cowl_inner,272.4576,74.97078,149.94156,diffuser,ASSUMED,
cowl_inner,273.4576,75.05274,150.10548,diffuser,ASSUMED,centrebody_max_dia_end
cowl_inner,274.4576,75.12962,150.25923,diffuser,ASSUMED,
cowl_inner,275.4576,75.19633,150.39267,diffuser,ASSUMED,
cowl_inner,276.4576,75.25306,150.50613,diffuser,ASSUMED,
cowl_inner,277.4576,75.29998,150.59997,diffuser,ASSUMED,
cowl_inner,278.4576,75.33727,150.67454,diffuser,ASSUMED,
cowl_inner,279.4576,75.36510,150.73020,diffuser,ASSUMED,
cowl_inner,280.4576,75.38367,150.76733,diffuser,ASSUMED,
cowl_inner,281.4576,75.39314,150.78629,diffuser,ASSUMED,
cowl_inner,282.4576,75.39373,150.78746,diffuser,ASSUMED,
cowl_inner,283.4576,75.38560,150.77121,diffuser,ASSUMED,
cowl_inner,284.4576,75.36897,150.73793,diffuser,ASSUMED,
cowl_inner,285.4576,75.34400,150.68801,diffuser,ASSUMED,
cowl_inner,286.4576,75.31092,150.62183,diffuser,ASSUMED,
cowl_inner,287.4576,75.26990,150.53980,diffuser,ASSUMED,
cowl_inner,288.4576,75.22115,150.44230,diffuser,ASSUMED,
cowl_inner,289.4576,75.16487,150.32974,diffuser,ASSUMED,
cowl_inner,290.4576,75.10126,150.20253,diffuser,ASSUMED,
cowl_inner,291.4576,75.03053,150.06106,diffuser,ASSUMED,
cowl_inner,292.4576,74.95288,149.90576,diffuser,ASSUMED,
cowl_inner,293.4576,74.86851,149.73702,diffuser,ASSUMED,
cowl_inner,294.4576,74.77764,149.55528,diffuser,ASSUMED,
cowl_inner,295.4576,74.68047,149.36094,diffuser,ASSUMED,
cowl_inner,296.4576,74.57721,149.15442,diffuser,ASSUMED,
cowl_inner,297.4576,74.46808,148.93615,diffuser,ASSUMED,
cowl_inner,298.4576,74.35328,148.70656,diffuser,ASSUMED,
cowl_inner,299.4576,74.23303,148.46606,diffuser,ASSUMED,
cowl_inner,300.4576,74.10754,148.21508,diffuser,ASSUMED,
cowl_inner,301.4576,73.97703,147.95407,diffuser,ASSUMED,
cowl_inner,302.4576,73.84172,147.68344,diffuser,ASSUMED,
cowl_inner,303.4576,73.70181,147.40363,diffuser,ASSUMED,
cowl_inner,304.4576,73.55754,147.11507,diffuser,ASSUMED,
cowl_inner,305.4576,73.40910,146.81820,diffuser,ASSUMED,
cowl_inner,306.4576,73.25673,146.51346,diffuser,ASSUMED,
cowl_inner,307.4576,73.10064,146.20128,diffuser,ASSUMED,
cowl_inner,308.4576,72.94105,145.88210,diffuser,ASSUMED,
cowl_inner,309.4576,72.77818,145.55635,diffuser,ASSUMED,
cowl_inner,310.4576,72.61224,145.22449,diffuser,ASSUMED,
cowl_inner,311.4576,72.44347,144.88693,diffuser,ASSUMED,
cowl_inner,312.4576,72.27206,144.54413,diffuser,ASSUMED,
cowl_inner,313.4576,72.09826,144.19652,diffuser,ASSUMED,
cowl_inner,314.4576,71.92227,143.84453,diffuser,ASSUMED,
cowl_inner,315.4576,71.74430,143.48861,diffuser,ASSUMED,
cowl_inner,316.4576,71.56459,143.12919,diffuser,ASSUMED,
cowl_inner,317.4576,71.38335,142.76670,diffuser,ASSUMED,
cowl_inner,318.4576,71.20079,142.40158,diffuser,ASSUMED,
cowl_inner,319.4576,71.01713,142.03425,diffuser,ASSUMED,
cowl_inner,320.4576,70.83258,141.66516,diffuser,ASSUMED,
cowl_inner,321.4576,70.64736,141.29472,diffuser,ASSUMED,
cowl_inner,322.4576,70.46168,140.92336,diffuser,ASSUMED,
cowl_inner,323.4576,70.27575,140.55150,diffuser,ASSUMED,
cowl_inner,324.4576,70.08978,140.17957,diffuser,ASSUMED,
cowl_inner,325.4576,69.90399,139.80797,diffuser,ASSUMED,
cowl_inner,326.4576,69.71856,139.43712,diffuser,ASSUMED,
cowl_inner,327.4576,69.53372,139.06743,diffuser,ASSUMED,
cowl_inner,328.4576,69.34965,138.69930,diffuser,ASSUMED,
cowl_inner,329.4576,69.16657,138.33314,diffuser,ASSUMED,
cowl_inner,330.4576,68.98466,137.96933,diffuser,ASSUMED,
cowl_inner,331.4576,68.80413,137.60827,diffuser,ASSUMED,
cowl_inner,332.4576,68.62517,137.25033,diffuser,ASSUMED,
cowl_inner,333.4576,68.44795,136.89591,diffuser,ASSUMED,
cowl_inner,334.4576,68.27268,136.54536,diffuser,ASSUMED,
cowl_inner,335.4576,68.09953,136.19906,diffuser,ASSUMED,
cowl_inner,336.4576,67.92868,135.85737,diffuser,ASSUMED,
cowl_inner,337.4576,67.76031,135.52062,diffuser,ASSUMED,
cowl_inner,338.4576,67.59459,135.18918,diffuser,ASSUMED,
cowl_inner,339.4576,67.43168,134.86337,diffuser,ASSUMED,
cowl_inner,340.4576,67.27176,134.54352,diffuser,ASSUMED,
cowl_inner,341.4576,67.11497,134.22994,diffuser,ASSUMED,
cowl_inner,342.4576,66.96148,133.92295,diffuser,ASSUMED,
cowl_inner,343.4576,66.81143,133.62285,diffuser,ASSUMED,
cowl_inner,344.4576,66.66496,133.32993,diffuser,ASSUMED,
cowl_inner,345.4576,66.52223,133.04446,diffuser,ASSUMED,
cowl_inner,346.4576,66.38336,132.76671,diffuser,ASSUMED,
cowl_inner,347.4576,66.24847,132.49695,diffuser,ASSUMED,
cowl_inner,348.4576,66.11771,132.23541,diffuser,ASSUMED,
cowl_inner,349.4576,65.99117,131.98235,diffuser,ASSUMED,
cowl_inner,350.4576,65.86898,131.73797,diffuser,ASSUMED,
cowl_inner,351.4576,65.75124,131.50249,diffuser,ASSUMED,
cowl_inner,352.4576,65.63806,131.27611,diffuser,ASSUMED,
cowl_inner,353.4576,65.52951,131.05902,diffuser,ASSUMED,
cowl_inner,354.4576,65.42570,130.85139,diffuser,ASSUMED,
cowl_inner,355.4576,65.32670,130.65339,diffuser,ASSUMED,
cowl_inner,356.4576,65.23258,130.46516,diffuser,ASSUMED,
cowl_inner,357.4576,65.14342,130.28684,diffuser,ASSUMED,
cowl_inner,358.4576,65.05927,130.11854,diffuser,ASSUMED,
cowl_inner,359.4576,64.98019,129.96039,diffuser,ASSUMED,
cowl_inner,360.4576,64.90623,129.81246,diffuser,ASSUMED,
cowl_inner,361.4576,64.83742,129.67485,diffuser,ASSUMED,
cowl_inner,362.4576,64.77381,129.54761,diffuser,ASSUMED,
cowl_inner,363.4576,64.71541,129.43081,diffuser,ASSUMED,
cowl_inner,364.4576,64.66224,129.32448,diffuser,ASSUMED,
cowl_inner,365.4576,64.61432,129.22865,diffuser,ASSUMED,
cowl_inner,366.4576,64.57166,129.14332,diffuser,ASSUMED,
cowl_inner,367.4576,64.53425,129.06850,diffuser,ASSUMED,
cowl_inner,368.4576,64.50209,129.00418,diffuser,ASSUMED,
cowl_inner,369.4576,64.47516,128.95032,diffuser,ASSUMED,
cowl_inner,370.4576,64.45344,128.90688,diffuser,ASSUMED,
cowl_inner,371.4576,64.43690,128.87380,diffuser,ASSUMED,
cowl_inner,372.4576,64.42551,128.85102,diffuser,ASSUMED,
cowl_inner,373.4576,64.41923,128.83847,diffuser,ASSUMED,
cowl_inner,374.4576,64.41802,128.83603,diffuser,ASSUMED,
cowl_inner,375.4576,64.42181,128.84362,diffuser,ASSUMED,
cowl_inner,376.4576,64.43056,128.86112,diffuser,ASSUMED,
cowl_inner,377.4576,64.44419,128.88839,diffuser,ASSUMED,
cowl_inner,378.4576,64.46265,128.92530,diffuser,ASSUMED,
cowl_inner,379.4576,64.48585,128.97170,diffuser,ASSUMED,
cowl_inner,380.4576,64.51371,129.02743,diffuser,ASSUMED,
cowl_inner,381.4576,64.54616,129.09232,diffuser,ASSUMED,
cowl_inner,382.4576,64.58310,129.16620,diffuser,ASSUMED,
cowl_inner,383.4576,64.62443,129.24887,diffuser,ASSUMED,
cowl_inner,384.4576,64.67007,129.34014,diffuser,ASSUMED,
cowl_inner,385.4576,64.71990,129.43981,diffuser,ASSUMED,
cowl_inner,386.4576,64.77383,129.54766,diffuser,ASSUMED,
cowl_inner,387.4576,64.83174,129.66349,diffuser,ASSUMED,
cowl_inner,388.4576,64.89353,129.78705,diffuser,ASSUMED,
cowl_inner,389.4576,64.95907,129.91814,diffuser,ASSUMED,
cowl_inner,390.4576,65.02825,130.05650,diffuser,ASSUMED,
cowl_inner,391.4576,65.10095,130.20190,diffuser,ASSUMED,
cowl_inner,392.4576,65.17705,130.35409,diffuser,ASSUMED,
cowl_inner,393.4576,65.25642,130.51283,diffuser,ASSUMED,
cowl_inner,394.4576,65.33893,130.67787,diffuser,ASSUMED,
cowl_inner,395.4576,65.42447,130.84895,diffuser,ASSUMED,
cowl_inner,396.4576,65.51291,131.02582,diffuser,ASSUMED,
cowl_inner,397.4576,65.60411,131.20822,diffuser,ASSUMED,
cowl_inner,398.4576,65.69794,131.39589,diffuser,ASSUMED,
cowl_inner,399.4576,65.79429,131.58857,diffuser,ASSUMED,
cowl_inner,400.4576,65.89301,131.78602,diffuser,ASSUMED,
cowl_inner,401.4576,65.99398,131.98797,diffuser,ASSUMED,
cowl_inner,402.4576,66.09708,132.19416,diffuser,ASSUMED,
cowl_inner,403.4576,66.20217,132.40435,diffuser,ASSUMED,
cowl_inner,404.4576,66.30914,132.61828,diffuser,ASSUMED,
cowl_inner,405.4576,66.41786,132.83571,diffuser,ASSUMED,
cowl_inner,406.4576,66.52820,133.05639,diffuser,ASSUMED,
cowl_inner,407.4576,66.64005,133.28009,diffuser,ASSUMED,
cowl_inner,408.4576,66.75329,133.50657,diffuser,ASSUMED,
cowl_inner,409.4576,66.86780,133.73561,diffuser,ASSUMED,
cowl_inner,410.4576,66.98349,133.96697,diffuser,ASSUMED,
cowl_inner,411.4576,67.10023,134.20045,diffuser,ASSUMED,
cowl_inner,412.4576,67.21792,134.43584,diffuser,ASSUMED,
cowl_inner,413.4576,67.33647,134.67293,diffuser,ASSUMED,
cowl_inner,414.4576,67.45577,134.91154,diffuser,ASSUMED,
cowl_inner,415.4576,67.57574,135.15148,diffuser,ASSUMED,
cowl_inner,416.4576,67.69629,135.39257,diffuser,ASSUMED,
cowl_inner,417.4576,67.81733,135.63466,diffuser,ASSUMED,
cowl_inner,418.4576,67.93879,135.87758,diffuser,ASSUMED,
cowl_inner,419.4576,68.06060,136.12120,diffuser,ASSUMED,
cowl_inner,420.4576,68.18269,136.36538,diffuser,ASSUMED,
cowl_inner,421.4576,68.30501,136.61001,diffuser,ASSUMED,
cowl_inner,422.4576,68.42749,136.85498,diffuser,ASSUMED,
cowl_inner,423.4576,68.55010,137.10020,diffuser,ASSUMED,
cowl_inner,424.4576,68.67279,137.34558,diffuser,ASSUMED,
cowl_inner,425.4576,68.79553,137.59107,diffuser,ASSUMED,
cowl_inner,426.4576,68.91831,137.83661,diffuser,ASSUMED,
cowl_inner,427.4576,69.04109,138.08218,diffuser,ASSUMED,
cowl_inner,428.0000,69.10769,138.21537,diffuser,ASSUMED,nose_fairing_end|chamber_start
