x_mm,region,flow_radius_mm,flow_area_cm2,area_over_body,area_over_throat,equivalent_radius_mm,station
153.4576,SPIKE (external compression),66.12637,39.36500,0.109444,0.374817,35.39812,cowl_lip
154.0000,ANNULAR SUBSONIC DIFFUSER,66.16204,39.51326,0.109856,0.376228,35.46472,
155.0000,ANNULAR SUBSONIC DIFFUSER,66.22794,39.78734,0.110618,0.378838,35.58750,
156.0000,ANNULAR SUBSONIC DIFFUSER,66.29400,40.06236,0.111383,0.381457,35.71029,
157.0000,ANNULAR SUBSONIC DIFFUSER,66.36022,40.33833,0.112150,0.384084,35.83307,
158.0000,ANNULAR SUBSONIC DIFFUSER,66.42660,40.61525,0.112920,0.386721,35.95586,
159.0000,ANNULAR SUBSONIC DIFFUSER,66.49314,40.89312,0.113693,0.389367,36.07864,
160.0000,ANNULAR SUBSONIC DIFFUSER,66.55984,41.17193,0.114468,0.392021,36.20142,
161.0000,ANNULAR SUBSONIC DIFFUSER,66.62670,41.45169,0.115246,0.394685,36.32421,
162.0000,ANNULAR SUBSONIC DIFFUSER,66.69372,41.73239,0.116026,0.397358,36.44699,
163.0000,ANNULAR SUBSONIC DIFFUSER,66.76090,42.01405,0.116809,0.400040,36.56978,
164.0000,ANNULAR SUBSONIC DIFFUSER,66.82824,42.29665,0.117595,0.402731,36.69256,
165.0000,ANNULAR SUBSONIC DIFFUSER,66.89573,42.58020,0.118383,0.405430,36.81535,
166.0000,ANNULAR SUBSONIC DIFFUSER,66.96338,42.86469,0.119174,0.408139,36.93813,
167.0000,ANNULAR SUBSONIC DIFFUSER,67.03119,43.15014,0.119968,0.410857,37.06092,
168.0000,ANNULAR SUBSONIC DIFFUSER,67.09916,43.43653,0.120764,0.413584,37.18370,
169.0000,ANNULAR SUBSONIC DIFFUSER,67.16728,43.72387,0.121563,0.416320,37.30649,
170.0000,ANNULAR SUBSONIC DIFFUSER,67.23555,44.01215,0.122364,0.419065,37.42927,
171.0000,ANNULAR SUBSONIC DIFFUSER,67.30398,44.30138,0.123169,0.421819,37.55205,
172.0000,ANNULAR SUBSONIC DIFFUSER,67.37257,44.59156,0.123975,0.424582,37.67484,
173.0000,ANNULAR SUBSONIC DIFFUSER,67.44131,44.88269,0.124785,0.427354,37.79762,
174.0000,ANNULAR SUBSONIC DIFFUSER,67.51020,45.17476,0.125597,0.430135,37.92041,
175.0000,ANNULAR SUBSONIC DIFFUSER,67.57924,45.46779,0.126411,0.432925,38.04319,
176.0000,ANNULAR SUBSONIC DIFFUSER,67.64844,45.76175,0.127229,0.435724,38.16598,
177.0000,ANNULAR SUBSONIC DIFFUSER,67.71779,46.05667,0.128049,0.438532,38.28876,
178.0000,ANNULAR SUBSONIC DIFFUSER,67.78729,46.35253,0.128871,0.441349,38.41155,
179.0000,ANNULAR SUBSONIC DIFFUSER,67.85694,46.64934,0.129696,0.444175,38.53433,
180.0000,ANNULAR SUBSONIC DIFFUSER,67.92674,46.94710,0.130524,0.447010,38.65712,
181.0000,ANNULAR SUBSONIC DIFFUSER,67.99669,47.24581,0.131355,0.449854,38.77990,
182.0000,ANNULAR SUBSONIC DIFFUSER,68.06679,47.54546,0.132188,0.452707,38.90269,
183.0000,ANNULAR SUBSONIC DIFFUSER,68.13704,47.84606,0.133024,0.455570,39.02547,
184.0000,ANNULAR SUBSONIC DIFFUSER,68.20744,48.14760,0.133862,0.458441,39.14825,
185.0000,ANNULAR SUBSONIC DIFFUSER,68.27799,48.45010,0.134703,0.461321,39.27104,
186.0000,ANNULAR SUBSONIC DIFFUSER,68.34868,48.75354,0.135547,0.464210,39.39382,
187.0000,ANNULAR SUBSONIC DIFFUSER,68.41953,49.05793,0.136393,0.467109,39.51661,
188.0000,ANNULAR SUBSONIC DIFFUSER,68.49052,49.36326,0.137242,0.470016,39.63939,
189.0000,ANNULAR SUBSONIC DIFFUSER,68.56165,49.66955,0.138093,0.472932,39.76218,
190.0000,ANNULAR SUBSONIC DIFFUSER,68.63293,49.97678,0.138948,0.475857,39.88496,
191.0000,ANNULAR SUBSONIC DIFFUSER,68.70436,50.28495,0.139804,0.478792,40.00775,
192.0000,ANNULAR SUBSONIC DIFFUSER,68.77593,50.59408,0.140664,0.481735,40.13053,
193.0000,ANNULAR SUBSONIC DIFFUSER,68.84765,50.90415,0.141526,0.484687,40.25332,
194.0000,ANNULAR SUBSONIC DIFFUSER,68.91951,51.21517,0.142391,0.487649,40.37610,
195.0000,ANNULAR SUBSONIC DIFFUSER,68.99151,51.52713,0.143258,0.490619,40.49888,
196.0000,ANNULAR SUBSONIC DIFFUSER,69.06366,51.84005,0.144128,0.493599,40.62167,
197.0000,ANNULAR SUBSONIC DIFFUSER,69.13595,52.15391,0.145000,0.496587,40.74445,
198.0000,ANNULAR SUBSONIC DIFFUSER,69.20838,52.46872,0.145876,0.499585,40.86724,
199.0000,ANNULAR SUBSONIC DIFFUSER,69.28096,52.78447,0.146754,0.502591,40.99002,
200.0000,ANNULAR SUBSONIC DIFFUSER,69.35367,53.10118,0.147634,0.505607,41.11281,
201.0000,ANNULAR SUBSONIC DIFFUSER,69.42653,53.41883,0.148517,0.508631,41.23559,
202.0000,ANNULAR SUBSONIC DIFFUSER,69.49953,53.73742,0.149403,0.511665,41.35838,
203.0000,ANNULAR SUBSONIC DIFFUSER,69.57267,54.05697,0.150291,0.514707,41.48116,
204.0000,ANNULAR SUBSONIC DIFFUSER,69.64594,54.37746,0.151182,0.517759,41.60395,
205.0000,ANNULAR SUBSONIC DIFFUSER,69.71936,54.69890,0.152076,0.520819,41.72673,
206.0000,ANNULAR SUBSONIC DIFFUSER,69.79292,55.02128,0.152972,0.523889,41.84951,
207.0000,ANNULAR SUBSONIC DIFFUSER,69.86661,55.34462,0.153871,0.526968,41.97230,
208.0000,ANNULAR SUBSONIC DIFFUSER,69.94044,55.66890,0.154773,0.530055,42.09508,
209.0000,ANNULAR SUBSONIC DIFFUSER,70.01441,55.99413,0.155677,0.533152,42.21787,
210.0000,ANNULAR SUBSONIC DIFFUSER,70.08852,56.32030,0.156584,0.536258,42.34065,
211.0000,ANNULAR SUBSONIC DIFFUSER,70.16276,56.64742,0.157494,0.539372,42.46344,
212.0000,ANNULAR SUBSONIC DIFFUSER,70.23714,56.97549,0.158406,0.542496,42.58622,
213.0000,ANNULAR SUBSONIC DIFFUSER,70.31165,57.30451,0.159320,0.545629,42.70901,
214.0000,ANNULAR SUBSONIC DIFFUSER,70.38630,57.63448,0.160238,0.548771,42.83179,
215.0000,ANNULAR SUBSONIC DIFFUSER,70.46109,57.96539,0.161158,0.551922,42.95458,
216.0000,ANNULAR SUBSONIC DIFFUSER,70.53601,58.29725,0.162080,0.555081,43.07736,
217.0000,ANNULAR SUBSONIC DIFFUSER,70.61106,58.63005,0.163006,0.558250,43.20014,
218.0000,ANNULAR SUBSONIC DIFFUSER,70.68625,58.96380,0.163934,0.561428,43.32293,
219.0000,ANNULAR SUBSONIC DIFFUSER,70.76157,59.29851,0.164864,0.564615,43.44571,
220.0000,ANNULAR SUBSONIC DIFFUSER,70.83702,59.63415,0.165797,0.567811,43.56850,
221.0000,ANNULAR SUBSONIC DIFFUSER,70.91260,59.97075,0.166733,0.571016,43.69128,
222.0000,ANNULAR SUBSONIC DIFFUSER,70.98832,60.30829,0.167672,0.574230,43.81407,
223.0000,ANNULAR SUBSONIC DIFFUSER,71.06417,60.64678,0.168613,0.577453,43.93685,
224.0000,ANNULAR SUBSONIC DIFFUSER,71.14015,60.98622,0.169556,0.580685,44.05964,
225.0000,ANNULAR SUBSONIC DIFFUSER,71.21626,61.32660,0.170503,0.583926,44.18242,
226.0000,ANNULAR SUBSONIC DIFFUSER,71.29250,61.66793,0.171452,0.587176,44.30521,
227.0000,ANNULAR SUBSONIC DIFFUSER,71.36887,62.01021,0.172403,0.590435,44.42799,
228.0000,ANNULAR SUBSONIC DIFFUSER,71.44537,62.35344,0.173358,0.593703,44.55077,
229.0000,ANNULAR SUBSONIC DIFFUSER,71.52200,62.69761,0.174315,0.596980,44.67356,
230.0000,ANNULAR SUBSONIC DIFFUSER,71.59876,63.04273,0.175274,0.600266,44.79634,
231.0000,ANNULAR SUBSONIC DIFFUSER,71.67564,63.38880,0.176236,0.603561,44.91913,
232.0000,ANNULAR SUBSONIC DIFFUSER,71.75265,63.73581,0.177201,0.606865,45.04191,
233.0000,ANNULAR SUBSONIC DIFFUSER,71.82979,64.08378,0.178168,0.610178,45.16470,
234.0000,ANNULAR SUBSONIC DIFFUSER,71.90706,64.43268,0.179138,0.613500,45.28748,
235.0000,ANNULAR SUBSONIC DIFFUSER,71.98445,64.78254,0.180111,0.616832,45.41027,
236.0000,ANNULAR SUBSONIC DIFFUSER,72.06197,65.13335,0.181086,0.620172,45.53305,
237.0000,ANNULAR SUBSONIC DIFFUSER,72.13962,65.48510,0.182064,0.623521,45.65584,
238.0000,ANNULAR SUBSONIC DIFFUSER,72.21739,65.83779,0.183045,0.626879,45.77862,
239.0000,ANNULAR SUBSONIC DIFFUSER,72.29529,66.19144,0.184028,0.630246,45.90141,
240.0000,ANNULAR SUBSONIC DIFFUSER,72.37331,66.54603,0.185014,0.633623,46.02419,
241.0000,ANNULAR SUBSONIC DIFFUSER,72.45145,66.90157,0.186003,0.637008,46.14697,
242.0000,ANNULAR SUBSONIC DIFFUSER,72.52972,67.25806,0.186994,0.640402,46.26976,
243.0000,ANNULAR SUBSONIC DIFFUSER,72.60811,67.61550,0.187987,0.643806,46.39254,
244.0000,ANNULAR SUBSONIC DIFFUSER,72.68662,67.97388,0.188984,0.647218,46.51533,
245.0000,ANNULAR SUBSONIC DIFFUSER,72.76526,68.33321,0.189983,0.650639,46.63811,
246.0000,ANNULAR SUBSONIC DIFFUSER,72.84402,68.69348,0.190984,0.654070,46.76090,
247.0000,ANNULAR SUBSONIC DIFFUSER,72.92290,69.05471,0.191989,0.657509,46.88368,
248.0000,ANNULAR SUBSONIC DIFFUSER,73.00190,69.41688,0.192996,0.660958,47.00647,
249.0000,ANNULAR SUBSONIC DIFFUSER,73.08102,69.78000,0.194005,0.664415,47.12925,
250.0000,ANNULAR SUBSONIC DIFFUSER,73.16026,70.14406,0.195017,0.667882,47.25204,
251.0000,ANNULAR SUBSONIC DIFFUSER,73.23963,70.50907,0.196032,0.671357,47.37482,
252.0000,ANNULAR SUBSONIC DIFFUSER,73.31911,70.87503,0.197050,0.674842,47.49760,
253.0000,ANNULAR SUBSONIC DIFFUSER,73.39871,71.24194,0.198070,0.678335,47.62039,
254.0000,ANNULAR SUBSONIC DIFFUSER,73.47843,71.60980,0.199093,0.681838,47.74317,
255.0000,ANNULAR SUBSONIC DIFFUSER,73.55827,71.97860,0.200118,0.685349,47.86596,
256.0000,ANNULAR SUBSONIC DIFFUSER,73.63823,72.34835,0.201146,0.688870,47.98874,
257.0000,ANNULAR SUBSONIC DIFFUSER,73.71830,72.71904,0.202177,0.692400,48.11153,
258.0000,ANNULAR SUBSONIC DIFFUSER,73.79850,73.09069,0.203210,0.695938,48.23431,
259.0000,ANNULAR SUBSONIC DIFFUSER,73.87881,73.46328,0.204246,0.699486,48.35710,
260.0000,ANNULAR SUBSONIC DIFFUSER,73.95923,73.83682,0.205284,0.703042,48.47988,
261.0000,ANNULAR SUBSONIC DIFFUSER,74.03978,74.21130,0.206325,0.706608,48.60267,
262.0000,ANNULAR SUBSONIC DIFFUSER,74.12043,74.58673,0.207369,0.710183,48.72545,
263.0000,ANNULAR SUBSONIC DIFFUSER,74.20121,74.96311,0.208416,0.713767,48.84823,
264.0000,ANNULAR SUBSONIC DIFFUSER,74.28210,75.34044,0.209465,0.717359,48.97102,
265.0000,ANNULAR SUBSONIC DIFFUSER,74.36310,75.71872,0.210516,0.720961,49.09380,
266.0000,ANNULAR SUBSONIC DIFFUSER,74.44422,76.09794,0.211571,0.724572,49.21659,
267.0000,ANNULAR SUBSONIC DIFFUSER,74.52545,76.47811,0.212628,0.728192,49.33937,
268.0000,ANNULAR SUBSONIC DIFFUSER,74.60680,76.85922,0.213687,0.731821,49.46216,
269.0000,ANNULAR SUBSONIC DIFFUSER,74.68826,77.24129,0.214749,0.735458,49.58494,
270.0000,ANNULAR SUBSONIC DIFFUSER,74.76983,77.62430,0.215814,0.739105,49.70773,
271.0000,ANNULAR SUBSONIC DIFFUSER,74.85151,78.00825,0.216882,0.742761,49.83051,
272.0000,ANNULAR SUBSONIC DIFFUSER,74.93331,78.39316,0.217952,0.746426,49.95330,
273.0000,ANNULAR SUBSONIC DIFFUSER,75.01522,78.77901,0.219025,0.750100,50.07608,
273.4576,ANNULAR SUBSONIC DIFFUSER,75.05274,78.95589,0.219516,0.751784,50.13227,centrebody_max_dia_end
274.0000,ANNULAR SUBSONIC DIFFUSER,75.09571,79.16581,0.220100,0.753783,50.19886,
275.0000,ANNULAR SUBSONIC DIFFUSER,75.16705,79.55356,0.221178,0.757475,50.32165,
276.0000,ANNULAR SUBSONIC DIFFUSER,75.22833,79.94225,0.222259,0.761176,50.44443,
277.0000,ANNULAR SUBSONIC DIFFUSER,75.27972,80.33189,0.223342,0.764886,50.56722,
278.0000,ANNULAR SUBSONIC DIFFUSER,75.32139,80.72248,0.224428,0.768605,50.69000,
279.0000,ANNULAR SUBSONIC DIFFUSER,75.35353,81.11402,0.225517,0.772333,50.81279,
280.0000,ANNULAR SUBSONIC DIFFUSER,75.37631,81.50650,0.226608,0.776070,50.93557,
281.0000,ANNULAR SUBSONIC DIFFUSER,75.38992,81.89993,0.227702,0.779816,51.05836,
282.0000,ANNULAR SUBSONIC DIFFUSER,75.39455,82.29431,0.228798,0.783571,51.18114,
283.0000,ANNULAR SUBSONIC DIFFUSER,75.39039,82.68963,0.229897,0.787335,51.30393,
284.0000,ANNULAR SUBSONIC DIFFUSER,75.37762,83.08591,0.230999,0.791108,51.42671,
285.0000,ANNULAR SUBSONIC DIFFUSER,75.35645,83.48313,0.232103,0.794890,51.54949,
286.0000,ANNULAR SUBSONIC DIFFUSER,75.32705,83.88129,0.233210,0.798682,51.67228,
287.0000,ANNULAR SUBSONIC DIFFUSER,75.28964,84.28041,0.234320,0.802482,51.79506,
288.0000,ANNULAR SUBSONIC DIFFUSER,75.24440,84.68047,0.235432,0.806291,51.91785,
289.0000,ANNULAR SUBSONIC DIFFUSER,75.19155,85.08148,0.236547,0.810109,52.04063,
290.0000,ANNULAR SUBSONIC DIFFUSER,75.13127,85.48343,0.237665,0.813937,52.16342,
291.0000,ANNULAR SUBSONIC DIFFUSER,75.06377,85.88633,0.238785,0.817773,52.28620,
292.0000,ANNULAR SUBSONIC DIFFUSER,74.98926,86.29019,0.239908,0.821618,52.40899,
293.0000,ANNULAR SUBSONIC DIFFUSER,74.90794,86.69498,0.241033,0.825472,52.53177,
294.0000,ANNULAR SUBSONIC DIFFUSER,74.82002,87.10073,0.242161,0.829336,52.65456,
295.0000,ANNULAR SUBSONIC DIFFUSER,74.72570,87.50742,0.243292,0.833208,52.77734,
296.0000,ANNULAR SUBSONIC DIFFUSER,74.62520,87.91506,0.244425,0.837089,52.90013,
297.0000,ANNULAR SUBSONIC DIFFUSER,74.51873,88.32365,0.245561,0.840980,53.02291,
298.0000,ANNULAR SUBSONIC DIFFUSER,74.40650,88.73318,0.246700,0.844879,53.14569,
299.0000,ANNULAR SUBSONIC DIFFUSER,74.28872,89.14366,0.247841,0.848788,53.26848,
300.0000,ANNULAR SUBSONIC DIFFUSER,74.16560,89.55509,0.248985,0.852705,53.39126,
301.0000,ANNULAR SUBSONIC DIFFUSER,74.03736,89.96746,0.250131,0.856632,53.51405,
302.0000,ANNULAR SUBSONIC DIFFUSER,73.90422,90.38079,0.251280,0.860567,53.63683,
303.0000,ANNULAR SUBSONIC DIFFUSER,73.76639,90.79506,0.252432,0.864512,53.75962,
304.0000,ANNULAR SUBSONIC DIFFUSER,73.62409,91.21027,0.253587,0.868465,53.88240,
305.0000,ANNULAR SUBSONIC DIFFUSER,73.47753,91.62644,0.254744,0.872428,54.00519,
306.0000,ANNULAR SUBSONIC DIFFUSER,73.32693,92.04355,0.255903,0.876399,54.12797,
307.0000,ANNULAR SUBSONIC DIFFUSER,73.17251,92.46161,0.257066,0.880380,54.25076,
308.0000,ANNULAR SUBSONIC DIFFUSER,73.01450,92.88062,0.258231,0.884369,54.37354,
309.0000,ANNULAR SUBSONIC DIFFUSER,72.85310,93.30057,0.259398,0.888368,54.49632,
310.0000,ANNULAR SUBSONIC DIFFUSER,72.68854,93.72147,0.260568,0.892376,54.61911,
311.0000,ANNULAR SUBSONIC DIFFUSER,72.52104,94.14332,0.261741,0.896392,54.74189,
312.0000,ANNULAR SUBSONIC DIFFUSER,72.35081,94.56611,0.262917,0.900418,54.86468,
313.0000,ANNULAR SUBSONIC DIFFUSER,72.17808,94.98986,0.264095,0.904453,54.98746,
314.0000,ANNULAR SUBSONIC DIFFUSER,72.00306,95.41455,0.265276,0.908496,55.11025,
315.0000,ANNULAR SUBSONIC DIFFUSER,71.82597,95.84018,0.266459,0.912549,55.23303,
316.0000,ANNULAR SUBSONIC DIFFUSER,71.64703,96.26677,0.267645,0.916611,55.35582,
317.0000,ANNULAR SUBSONIC DIFFUSER,71.46646,96.69430,0.268834,0.920682,55.47860,
318.0000,ANNULAR SUBSONIC DIFFUSER,71.28448,97.12278,0.270025,0.924761,55.60139,
319.0000,ANNULAR SUBSONIC DIFFUSER,71.10129,97.55220,0.271219,0.928850,55.72417,
320.0000,ANNULAR SUBSONIC DIFFUSER,70.91713,97.98258,0.272415,0.932948,55.84695,
321.0000,ANNULAR SUBSONIC DIFFUSER,70.73219,98.41390,0.273614,0.937055,55.96974,
322.0000,ANNULAR SUBSONIC DIFFUSER,70.54669,98.84617,0.274816,0.941171,56.09252,
323.0000,ANNULAR SUBSONIC DIFFUSER,70.36085,99.27938,0.276021,0.945296,56.21531,
324.0000,ANNULAR SUBSONIC DIFFUSER,70.17488,99.71354,0.277228,0.949430,56.33809,
325.0000,ANNULAR SUBSONIC DIFFUSER,69.98897,100.14865,0.278437,0.953572,56.46088,
326.0000,ANNULAR SUBSONIC DIFFUSER,69.80335,100.58471,0.279650,0.957724,56.58366,
327.0000,ANNULAR SUBSONIC DIFFUSER,69.61822,101.02172,0.280865,0.961885,56.70645,
328.0000,ANNULAR SUBSONIC DIFFUSER,69.43377,101.45967,0.282082,0.966055,56.82923,
329.0000,ANNULAR SUBSONIC DIFFUSER,69.25021,101.89857,0.283303,0.970234,56.95202,
330.0000,ANNULAR SUBSONIC DIFFUSER,69.06775,102.33841,0.284526,0.974422,57.07480,
331.0000,ANNULAR SUBSONIC DIFFUSER,68.88656,102.77920,0.285751,0.978619,57.19758,
332.0000,ANNULAR SUBSONIC DIFFUSER,68.70686,103.22095,0.286979,0.982826,57.32037,
333.0000,ANNULAR SUBSONIC DIFFUSER,68.52882,103.66363,0.288210,0.987041,57.44315,
334.0000,ANNULAR SUBSONIC DIFFUSER,68.35263,104.10727,0.289443,0.991265,57.56594,
335.0000,ANNULAR SUBSONIC DIFFUSER,68.17849,104.55185,0.290679,0.995498,57.68872,
336.0000,ANNULAR SUBSONIC DIFFUSER,68.00657,104.99738,0.291918,0.999740,57.81151,
337.0000,ANNULAR SUBSONIC DIFFUSER,67.83704,105.44386,0.293159,1.003991,57.93429,
338.0000,ANNULAR SUBSONIC DIFFUSER,67.67009,105.89128,0.294403,1.008251,58.05708,
339.0000,ANNULAR SUBSONIC DIFFUSER,67.50587,106.33965,0.295650,1.012521,58.17986,
340.0000,ANNULAR SUBSONIC DIFFUSER,67.34456,106.78897,0.296899,1.016799,58.30265,
341.0000,ANNULAR SUBSONIC DIFFUSER,67.18632,107.23924,0.298151,1.021086,58.42543,
342.0000,ANNULAR SUBSONIC DIFFUSER,67.03130,107.69045,0.299405,1.025382,58.54821,
343.0000,ANNULAR SUBSONIC DIFFUSER,66.87965,108.14261,0.300663,1.029688,58.67100,
344.0000,ANNULAR SUBSONIC DIFFUSER,66.73153,108.59572,0.301922,1.034002,58.79378,
345.0000,ANNULAR SUBSONIC DIFFUSER,66.58707,109.04977,0.303185,1.038325,58.91657,
346.0000,ANNULAR SUBSONIC DIFFUSER,66.44642,109.50477,0.304450,1.042657,59.03935,
347.0000,ANNULAR SUBSONIC DIFFUSER,66.30969,109.96072,0.305717,1.046999,59.16214,
348.0000,ANNULAR SUBSONIC DIFFUSER,66.17703,110.41762,0.306988,1.051349,59.28492,
349.0000,ANNULAR SUBSONIC DIFFUSER,66.04854,110.87546,0.308261,1.055709,59.40771,
350.0000,ANNULAR SUBSONIC DIFFUSER,65.92435,111.33425,0.309536,1.060077,59.53049,
351.0000,ANNULAR SUBSONIC DIFFUSER,65.80456,111.79399,0.310814,1.064454,59.65328,
352.0000,ANNULAR SUBSONIC DIFFUSER,65.68928,112.25468,0.312095,1.068841,59.77606,
353.0000,ANNULAR SUBSONIC DIFFUSER,65.57860,112.71631,0.313379,1.073236,59.89885,
354.0000,ANNULAR SUBSONIC DIFFUSER,65.47261,113.17889,0.314665,1.077641,60.02163,
355.0000,ANNULAR SUBSONIC DIFFUSER,65.37140,113.64242,0.315953,1.082054,60.14441,
356.0000,ANNULAR SUBSONIC DIFFUSER,65.27504,114.10689,0.317245,1.086477,60.26720,
357.0000,ANNULAR SUBSONIC DIFFUSER,65.18360,114.57232,0.318539,1.090908,60.38998,
358.0000,ANNULAR SUBSONIC DIFFUSER,65.09715,115.03868,0.319835,1.095349,60.51277,
359.0000,ANNULAR SUBSONIC DIFFUSER,65.01575,115.50600,0.321135,1.099799,60.63555,
360.0000,ANNULAR SUBSONIC DIFFUSER,64.93944,115.97427,0.322437,1.104257,60.75834,
361.0000,ANNULAR SUBSONIC DIFFUSER,64.86827,116.44348,0.323741,1.108725,60.88112,
362.0000,ANNULAR SUBSONIC DIFFUSER,64.80227,116.91363,0.325048,1.113201,61.00391,
363.0000,ANNULAR SUBSONIC DIFFUSER,64.74148,117.38474,0.326358,1.117687,61.12669,
364.0000,ANNULAR SUBSONIC DIFFUSER,64.68592,117.85679,0.327670,1.122182,61.24948,
365.0000,ANNULAR SUBSONIC DIFFUSER,64.63560,118.32979,0.328985,1.126685,61.37226,
366.0000,ANNULAR SUBSONIC DIFFUSER,64.59053,118.80374,0.330303,1.131198,61.49504,
367.0000,ANNULAR SUBSONIC DIFFUSER,64.55072,119.27863,0.331623,1.135720,61.61783,
368.0000,ANNULAR SUBSONIC DIFFUSER,64.51616,119.75448,0.332946,1.140251,61.74061,
369.0000,ANNULAR SUBSONIC DIFFUSER,64.48683,120.23126,0.334272,1.144790,61.86340,
370.0000,ANNULAR SUBSONIC DIFFUSER,64.46273,120.70900,0.335600,1.149339,61.98618,
371.0000,ANNULAR SUBSONIC DIFFUSER,64.44383,121.18768,0.336931,1.153897,62.10897,
372.0000,ANNULAR SUBSONIC DIFFUSER,64.43009,121.66732,0.338265,1.158464,62.23175,
373.0000,ANNULAR SUBSONIC DIFFUSER,64.42148,122.14789,0.339601,1.163040,62.35454,
374.0000,ANNULAR SUBSONIC DIFFUSER,64.41795,122.62942,0.340939,1.167625,62.47732,
375.0000,ANNULAR SUBSONIC DIFFUSER,64.41946,123.11189,0.342281,1.172219,62.60011,
376.0000,ANNULAR SUBSONIC DIFFUSER,64.42595,123.59531,0.343625,1.176821,62.72289,
377.0000,ANNULAR SUBSONIC DIFFUSER,64.43735,124.07968,0.344972,1.181433,62.84567,
378.0000,ANNULAR SUBSONIC DIFFUSER,64.45361,124.56499,0.346321,1.186054,62.96846,
379.0000,ANNULAR SUBSONIC DIFFUSER,64.47465,125.05125,0.347673,1.190684,63.09124,
380.0000,ANNULAR SUBSONIC DIFFUSER,64.50039,125.53846,0.349027,1.195323,63.21403,
381.0000,ANNULAR SUBSONIC DIFFUSER,64.53075,126.02662,0.350384,1.199971,63.33681,
382.0000,ANNULAR SUBSONIC DIFFUSER,64.56564,126.51572,0.351744,1.204628,63.45960,
383.0000,ANNULAR SUBSONIC DIFFUSER,64.60498,127.00577,0.353107,1.209294,63.58238,
384.0000,ANNULAR SUBSONIC DIFFUSER,64.64866,127.49677,0.354472,1.213970,63.70517,
385.0000,ANNULAR SUBSONIC DIFFUSER,64.69659,127.98871,0.355840,1.218654,63.82795,
386.0000,ANNULAR SUBSONIC DIFFUSER,64.74865,128.48161,0.357210,1.223347,63.95074,
387.0000,ANNULAR SUBSONIC DIFFUSER,64.80476,128.97545,0.358583,1.228049,64.07352,
388.0000,ANNULAR SUBSONIC DIFFUSER,64.86478,129.47023,0.359959,1.232760,64.19630,
389.0000,ANNULAR SUBSONIC DIFFUSER,64.92862,129.96597,0.361337,1.237480,64.31909,
390.0000,ANNULAR SUBSONIC DIFFUSER,64.99615,130.46265,0.362718,1.242209,64.44187,
391.0000,ANNULAR SUBSONIC DIFFUSER,65.06725,130.96028,0.364101,1.246948,64.56466,
392.0000,ANNULAR SUBSONIC DIFFUSER,65.14181,131.45885,0.365487,1.251695,64.68744,
393.0000,ANNULAR SUBSONIC DIFFUSER,65.21970,131.95838,0.366876,1.256451,64.81023,
394.0000,ANNULAR SUBSONIC DIFFUSER,65.30079,132.45885,0.368268,1.261216,64.93301,
395.0000,ANNULAR SUBSONIC DIFFUSER,65.38496,132.96026,0.369662,1.265991,65.05580,
396.0000,ANNULAR SUBSONIC DIFFUSER,65.47209,133.46263,0.371058,1.270774,65.17858,
397.0000,ANNULAR SUBSONIC DIFFUSER,65.56204,133.96594,0.372458,1.275566,65.30137,
398.0000,ANNULAR SUBSONIC DIFFUSER,65.65468,134.47020,0.373860,1.280368,65.42415,
399.0000,ANNULAR SUBSONIC DIFFUSER,65.74990,134.97541,0.375264,1.285178,65.54693,
400.0000,ANNULAR SUBSONIC DIFFUSER,65.84755,135.48156,0.376672,1.289997,65.66972,
401.0000,ANNULAR SUBSONIC DIFFUSER,65.94751,135.98866,0.378081,1.294826,65.79250,
402.0000,ANNULAR SUBSONIC DIFFUSER,66.04965,136.49671,0.379494,1.299663,65.91529,
403.0000,ANNULAR SUBSONIC DIFFUSER,66.15384,137.00571,0.380909,1.304510,66.03807,
404.0000,ANNULAR SUBSONIC DIFFUSER,66.25997,137.51565,0.382327,1.309365,66.16086,
405.0000,ANNULAR SUBSONIC DIFFUSER,66.36790,138.02654,0.383747,1.314229,66.28364,
406.0000,ANNULAR SUBSONIC DIFFUSER,66.47751,138.53838,0.385170,1.319103,66.40643,
407.0000,ANNULAR SUBSONIC DIFFUSER,66.58868,139.05116,0.386596,1.323985,66.52921,
408.0000,ANNULAR SUBSONIC DIFFUSER,66.70130,139.56489,0.388024,1.328877,66.65200,
409.0000,ANNULAR SUBSONIC DIFFUSER,66.81525,140.07957,0.389455,1.333778,66.77478,
410.0000,ANNULAR SUBSONIC DIFFUSER,66.93041,140.59520,0.390889,1.338687,66.89757,
411.0000,ANNULAR SUBSONIC DIFFUSER,67.04668,141.11177,0.392325,1.343606,67.02035,
412.0000,ANNULAR SUBSONIC DIFFUSER,67.16395,141.62929,0.393764,1.348533,67.14313,
413.0000,ANNULAR SUBSONIC DIFFUSER,67.28212,142.14776,0.395205,1.353470,67.26592,
414.0000,ANNULAR SUBSONIC DIFFUSER,67.40109,142.66718,0.396649,1.358416,67.38870,
415.0000,ANNULAR SUBSONIC DIFFUSER,67.52076,143.18754,0.398096,1.363370,67.51149,
416.0000,ANNULAR SUBSONIC DIFFUSER,67.64106,143.70885,0.399545,1.368334,67.63427,
417.0000,ANNULAR SUBSONIC DIFFUSER,67.76188,144.23111,0.400997,1.373307,67.75706,
418.0000,ANNULAR SUBSONIC DIFFUSER,67.88316,144.75431,0.402452,1.378288,67.87984,
419.0000,ANNULAR SUBSONIC DIFFUSER,68.00482,145.27846,0.403909,1.383279,68.00263,
420.0000,ANNULAR SUBSONIC DIFFUSER,68.12679,145.80356,0.405369,1.388279,68.12541,
421.0000,ANNULAR SUBSONIC DIFFUSER,68.24901,146.32961,0.406832,1.393288,68.24820,
422.0000,ANNULAR SUBSONIC DIFFUSER,68.37142,146.85660,0.408297,1.398306,68.37098,
423.0000,ANNULAR SUBSONIC DIFFUSER,68.49398,147.38454,0.409765,1.403332,68.49376,
424.0000,ANNULAR SUBSONIC DIFFUSER,68.61664,147.91343,0.411235,1.408368,68.61655,
425.0000,ANNULAR SUBSONIC DIFFUSER,68.73936,148.44327,0.412708,1.413413,68.73933,
426.0000,ANNULAR SUBSONIC DIFFUSER,68.86212,148.97405,0.414184,1.418467,68.86212,
427.0000,ANNULAR SUBSONIC DIFFUSER,68.98490,149.50578,0.415662,1.423530,68.98490,
428.0000,ANNULAR SUBSONIC DIFFUSER,104.50000,343.06977,0.953817,3.266563,104.50000,nose_fairing_end|chamber_start
429.0000,COMBUSTION CHAMBER,104.50000,343.06977,0.953817,3.266563,104.50000,
430.0000,COMBUSTION CHAMBER,104.50000,343.06977,0.953817,3.266563,104.50000,
431.0000,COMBUSTION CHAMBER,104.50000,343.06977,0.953817,3.266563,104.50000,
432.0000,COMBUSTION CHAMBER,104.50000,343.06977,0.953817,3.266563,104.50000,
433.0000,COMBUSTION CHAMBER,104.50000,343.06977,0.953817,3.266563,104.50000,
434.0000,COMBUSTION CHAMBER,104.50000,343.06977,0.953817,3.266563,104.50000,
435.0000,COMBUSTION CHAMBER,104.50000,343.06977,0.953817,3.266563,104.50000,
436.0000,COMBUSTION CHAMBER,104.50000,343.06977,0.953817,3.266563,104.50000,
437.0000,COMBUSTION CHAMBER,104.50000,343.06977,0.953817,3.266563,104.50000,
438.0000,COMBUSTION CHAMBER,104.50000,343.06977,0.953817,3.266563,104.50000,
439.0000,COMBUSTION CHAMBER,104.50000,343.06977,0.953817,3.266563,104.50000,
440.0000,COMBUSTION CHAMBER,104.50000,343.06977,0.953817,3.266563,104.50000,
441.0000,COMBUSTION CHAMBER,104.50000,343.06977,0.953817,3.266563,104.50000,
442.0000,COMBUSTION CHAMBER,104.50000,343.06977,0.953817,3.266563,104.50000,
443.0000,COMBUSTION CHAMBER,104.50000,343.06977,0.953817,3.266563,104.50000,
444.0000,COMBUSTION CHAMBER,104.50000,343.06977,0.953817,3.266563,104.50000,
445.0000,COMBUSTION CHAMBER,104.50000,343.06977,0.953817,3.266563,104.50000,
446.0000,COMBUSTION CHAMBER,104.50000,343.06977,0.953817,3.266563,104.50000,
447.0000,COMBUSTION CHAMBER,104.50000,343.06977,0.953817,3.266563,104.50000,
448.0000,COMBUSTION CHAMBER,104.50000,343.06977,0.953817,3.266563,104.50000,
449.0000,COMBUSTION CHAMBER,104.50000,343.06977,0.953817,3.266563,104.50000,
450.0000,COMBUSTION CHAMBER,104.50000,343.06977,0.953817,3.266563,104.50000,
451.0000,COMBUSTION CHAMBER,104.50000,343.06977,0.953817,3.266563,104.50000,
452.0000,COMBUSTION CHAMBER,104.50000,343.06977,0.953817,3.266563,104.50000,
453.0000,COMBUSTION CHAMBER,104.50000,343.06977,0.953817,3.266563,104.50000,
454.0000,COMBUSTION CHAMBER,104.50000,343.06977,0.953817,3.266563,104.50000,
455.0000,COMBUSTION CHAMBER,104.50000,343.06977,0.953817,3.266563,104.50000,
456.0000,COMBUSTION CHAMBER,104.50000,343.06977,0.953817,3.266563,104.50000,
457.0000,COMBUSTION CHAMBER,104.50000,343.06977,0.953817,3.266563,104.50000,
458.0000,COMBUSTION CHAMBER,104.50000,343.06977,0.953817,3.266563,104.50000,
459.0000,COMBUSTION CHAMBER,104.50000,343.06977,0.953817,3.266563,104.50000,
460.0000,COMBUSTION CHAMBER,104.50000,343.06977,0.953817,3.266563,104.50000,
461.0000,COMBUSTION CHAMBER,104.50000,343.06977,0.953817,3.266563,104.50000,
462.0000,COMBUSTION CHAMBER,104.50000,343.06977,0.953817,3.266563,104.50000,
463.0000,COMBUSTION CHAMBER,104.50000,343.06977,0.953817,3.266563,104.50000,
464.0000,COMBUSTION CHAMBER,104.50000,343.06977,0.953817,3.266563,104.50000,
465.0000,COMBUSTION CHAMBER,104.50000,343.06977,0.953817,3.266563,104.50000,
466.0000,COMBUSTION CHAMBER,104.50000,343.06977,0.953817,3.266563,104.50000,
467.0000,COMBUSTION CHAMBER,104.50000,343.06977,0.953817,3.266563,104.50000,
468.0000,COMBUSTION CHAMBER,104.50000,343.06977,0.953817,3.266563,104.50000,
469.0000,COMBUSTION CHAMBER,104.50000,343.06977,0.953817,3.266563,104.50000,
470.0000,COMBUSTION CHAMBER,104.50000,343.06977,0.953817,3.266563,104.50000,
471.0000,COMBUSTION CHAMBER,104.50000,343.06977,0.953817,3.266563,104.50000,
472.0000,COMBUSTION CHAMBER,104.50000,343.06977,0.953817,3.266563,104.50000,
473.0000,COMBUSTION CHAMBER,104.50000,343.06977,0.953817,3.266563,104.50000,
474.0000,COMBUSTION CHAMBER,104.50000,343.06977,0.953817,3.266563,104.50000,
475.0000,COMBUSTION CHAMBER,104.50000,343.06977,0.953817,3.266563,104.50000,
476.0000,COMBUSTION CHAMBER,104.50000,343.06977,0.953817,3.266563,104.50000,
477.0000,COMBUSTION CHAMBER,104.50000,343.06977,0.953817,3.266563,104.50000,
478.0000,COMBUSTION CHAMBER,104.50000,343.06977,0.953817,3.266563,104.50000,
479.0000,COMBUSTION CHAMBER,104.50000,343.06977,0.953817,3.266563,104.50000,
480.0000,COMBUSTION CHAMBER,104.50000,343.06977,0.953817,3.266563,104.50000,
481.0000,COMBUSTION CHAMBER,104.50000,343.06977,0.953817,3.266563,104.50000,
482.0000,COMBUSTION CHAMBER,104.50000,343.06977,0.953817,3.266563,104.50000,
483.0000,COMBUSTION CHAMBER,104.50000,343.06977,0.953817,3.266563,104.50000,
484.0000,COMBUSTION CHAMBER,104.50000,343.06977,0.953817,3.266563,104.50000,
485.0000,COMBUSTION CHAMBER,104.50000,343.06977,0.953817,3.266563,104.50000,
486.0000,COMBUSTION CHAMBER,104.50000,343.06977,0.953817,3.266563,104.50000,
487.0000,COMBUSTION CHAMBER,104.50000,343.06977,0.953817,3.266563,104.50000,
488.0000,COMBUSTION CHAMBER,104.50000,343.06977,0.953817,3.266563,104.50000,
489.0000,COMBUSTION CHAMBER,104.50000,343.06977,0.953817,3.266563,104.50000,
490.0000,COMBUSTION CHAMBER,104.50000,343.06977,0.953817,3.266563,104.50000,
491.0000,COMBUSTION CHAMBER,104.50000,343.06977,0.953817,3.266563,104.50000,
492.0000,COMBUSTION CHAMBER,104.50000,343.06977,0.953817,3.266563,104.50000,
493.0000,COMBUSTION CHAMBER,104.50000,343.06977,0.953817,3.266563,104.50000,
494.0000,COMBUSTION CHAMBER,104.50000,343.06977,0.953817,3.266563,104.50000,
495.0000,COMBUSTION CHAMBER,104.50000,343.06977,0.953817,3.266563,104.50000,
496.0000,COMBUSTION CHAMBER,104.50000,343.06977,0.953817,3.266563,104.50000,
497.0000,COMBUSTION CHAMBER,104.50000,343.06977,0.953817,3.266563,104.50000,
498.0000,COMBUSTION CHAMBER,104.50000,343.06977,0.953817,3.266563,104.50000,
499.0000,COMBUSTION CHAMBER,104.50000,343.06977,0.953817,3.266563,104.50000,
500.0000,COMBUSTION CHAMBER,104.50000,343.06977,0.953817,3.266563,104.50000,
501.0000,COMBUSTION CHAMBER,104.50000,343.06977,0.953817,3.266563,104.50000,
502.0000,COMBUSTION CHAMBER,104.50000,343.06977,0.953817,3.266563,104.50000,
503.0000,COMBUSTION CHAMBER,104.50000,343.06977,0.953817,3.266563,104.50000,
504.0000,COMBUSTION CHAMBER,104.50000,343.06977,0.953817,3.266563,104.50000,
505.0000,COMBUSTION CHAMBER,104.50000,343.06977,0.953817,3.266563,104.50000,
506.0000,COMBUSTION CHAMBER,104.50000,343.06977,0.953817,3.266563,104.50000,
507.0000,COMBUSTION CHAMBER,104.50000,343.06977,0.953817,3.266563,104.50000,
508.0000,COMBUSTION CHAMBER,104.50000,343.06977,0.953817,3.266563,104.50000,
509.0000,COMBUSTION CHAMBER,104.50000,343.06977,0.953817,3.266563,104.50000,
510.0000,COMBUSTION CHAMBER,104.50000,343.06977,0.953817,3.266563,104.50000,
511.0000,COMBUSTION CHAMBER,104.50000,343.06977,0.953817,3.266563,104.50000,
512.0000,COMBUSTION CHAMBER,104.50000,343.06977,0.953817,3.266563,104.50000,
513.0000,COMBUSTION CHAMBER,104.50000,343.06977,0.953817,3.266563,104.50000,
514.0000,COMBUSTION CHAMBER,104.50000,343.06977,0.953817,3.266563,104.50000,
515.0000,COMBUSTION CHAMBER,104.50000,343.06977,0.953817,3.266563,104.50000,
516.0000,COMBUSTION CHAMBER,104.50000,343.06977,0.953817,3.266563,104.50000,
517.0000,COMBUSTION CHAMBER,104.50000,343.06977,0.953817,3.266563,104.50000,
518.0000,COMBUSTION CHAMBER,104.50000,343.06977,0.953817,3.266563,104.50000,
519.0000,COMBUSTION CHAMBER,104.50000,343.06977,0.953817,3.266563,104.50000,
520.0000,COMBUSTION CHAMBER,104.50000,343.06977,0.953817,3.266563,104.50000,
521.0000,COMBUSTION CHAMBER,104.50000,343.06977,0.953817,3.266563,104.50000,
522.0000,COMBUSTION CHAMBER,104.50000,343.06977,0.953817,3.266563,104.50000,
523.0000,COMBUSTION CHAMBER,104.50000,343.06977,0.953817,3.266563,104.50000,
524.0000,COMBUSTION CHAMBER,104.50000,343.06977,0.953817,3.266563,104.50000,
525.0000,COMBUSTION CHAMBER,104.50000,343.06977,0.953817,3.266563,104.50000,
526.0000,COMBUSTION CHAMBER,104.50000,343.06977,0.953817,3.266563,104.50000,
527.0000,COMBUSTION CHAMBER,104.50000,343.06977,0.953817,3.266563,104.50000,
528.0000,COMBUSTION CHAMBER,104.50000,343.06977,0.953817,3.266563,104.50000,
529.0000,COMBUSTION CHAMBER,104.50000,343.06977,0.953817,3.266563,104.50000,
530.0000,COMBUSTION CHAMBER,104.50000,343.06977,0.953817,3.266563,104.50000,
531.0000,COMBUSTION CHAMBER,104.50000,343.06977,0.953817,3.266563,104.50000,
532.0000,COMBUSTION CHAMBER,104.50000,343.06977,0.953817,3.266563,104.50000,
533.0000,COMBUSTION CHAMBER,104.50000,343.06977,0.953817,3.266563,104.50000,
534.0000,COMBUSTION CHAMBER,104.50000,343.06977,0.953817,3.266563,104.50000,
535.0000,COMBUSTION CHAMBER,104.50000,343.06977,0.953817,3.266563,104.50000,
536.0000,COMBUSTION CHAMBER,104.50000,343.06977,0.953817,3.266563,104.50000,
537.0000,COMBUSTION CHAMBER,104.50000,343.06977,0.953817,3.266563,104.50000,
538.0000,COMBUSTION CHAMBER,104.50000,343.06977,0.953817,3.266563,104.50000,
539.0000,COMBUSTION CHAMBER,104.50000,343.06977,0.953817,3.266563,104.50000,
540.0000,COMBUSTION CHAMBER,104.50000,343.06977,0.953817,3.266563,104.50000,
541.0000,COMBUSTION CHAMBER,104.50000,343.06977,0.953817,3.266563,104.50000,
542.0000,COMBUSTION CHAMBER,104.50000,343.06977,0.953817,3.266563,104.50000,
543.0000,COMBUSTION CHAMBER,104.50000,343.06977,0.953817,3.266563,104.50000,
544.0000,COMBUSTION CHAMBER,104.50000,343.06977,0.953817,3.266563,104.50000,
545.0000,COMBUSTION CHAMBER,104.50000,343.06977,0.953817,3.266563,104.50000,
546.0000,COMBUSTION CHAMBER,104.50000,343.06977,0.953817,3.266563,104.50000,
547.0000,COMBUSTION CHAMBER,104.50000,343.06977,0.953817,3.266563,104.50000,
548.0000,COMBUSTION CHAMBER,104.50000,343.06977,0.953817,3.266563,104.50000,
549.0000,COMBUSTION CHAMBER,104.50000,343.06977,0.953817,3.266563,104.50000,
550.0000,COMBUSTION CHAMBER,104.50000,343.06977,0.953817,3.266563,104.50000,
551.0000,COMBUSTION CHAMBER,104.50000,343.06977,0.953817,3.266563,104.50000,
552.0000,COMBUSTION CHAMBER,104.50000,343.06977,0.953817,3.266563,104.50000,
553.0000,COMBUSTION CHAMBER,104.50000,343.06977,0.953817,3.266563,104.50000,
554.0000,COMBUSTION CHAMBER,104.50000,343.06977,0.953817,3.266563,104.50000,
555.0000,COMBUSTION CHAMBER,104.50000,343.06977,0.953817,3.266563,104.50000,
556.0000,COMBUSTION CHAMBER,104.50000,343.06977,0.953817,3.266563,104.50000,
557.0000,COMBUSTION CHAMBER,104.50000,343.06977,0.953817,3.266563,104.50000,
558.0000,COMBUSTION CHAMBER,104.50000,343.06977,0.953817,3.266563,104.50000,
559.0000,COMBUSTION CHAMBER,104.50000,343.06977,0.953817,3.266563,104.50000,
560.0000,COMBUSTION CHAMBER,104.50000,343.06977,0.953817,3.266563,104.50000,
561.0000,COMBUSTION CHAMBER,104.50000,343.06977,0.953817,3.266563,104.50000,
562.0000,COMBUSTION CHAMBER,104.50000,343.06977,0.953817,3.266563,104.50000,
563.0000,COMBUSTION CHAMBER,104.50000,343.06977,0.953817,3.266563,104.50000,
564.0000,COMBUSTION CHAMBER,104.50000,343.06977,0.953817,3.266563,104.50000,
565.0000,COMBUSTION CHAMBER,104.50000,343.06977,0.953817,3.266563,104.50000,
566.0000,COMBUSTION CHAMBER,104.50000,343.06977,0.953817,3.266563,104.50000,
567.0000,COMBUSTION CHAMBER,104.50000,343.06977,0.953817,3.266563,104.50000,
568.0000,COMBUSTION CHAMBER,104.50000,343.06977,0.953817,3.266563,104.50000,
569.0000,COMBUSTION CHAMBER,104.50000,343.06977,0.953817,3.266563,104.50000,
570.0000,COMBUSTION CHAMBER,104.50000,343.06977,0.953817,3.266563,104.50000,
571.0000,COMBUSTION CHAMBER,104.50000,343.06977,0.953817,3.266563,104.50000,
572.0000,COMBUSTION CHAMBER,104.50000,343.06977,0.953817,3.266563,104.50000,
573.0000,COMBUSTION CHAMBER,104.50000,343.06977,0.953817,3.266563,104.50000,
574.0000,COMBUSTION CHAMBER,104.50000,343.06977,0.953817,3.266563,104.50000,
575.0000,COMBUSTION CHAMBER,104.50000,343.06977,0.953817,3.266563,104.50000,
576.0000,COMBUSTION CHAMBER,104.50000,343.06977,0.953817,3.266563,104.50000,
577.0000,COMBUSTION CHAMBER,104.50000,343.06977,0.953817,3.266563,104.50000,
578.0000,COMBUSTION CHAMBER,104.50000,343.06977,0.953817,3.266563,104.50000,
579.0000,COMBUSTION CHAMBER,104.50000,343.06977,0.953817,3.266563,104.50000,
580.0000,COMBUSTION CHAMBER,104.50000,343.06977,0.953817,3.266563,104.50000,
581.0000,COMBUSTION CHAMBER,104.50000,343.06977,0.953817,3.266563,104.50000,
582.0000,COMBUSTION CHAMBER,104.50000,343.06977,0.953817,3.266563,104.50000,
583.0000,COMBUSTION CHAMBER,104.50000,343.06977,0.953817,3.266563,104.50000,
584.0000,COMBUSTION CHAMBER,104.50000,343.06977,0.953817,3.266563,104.50000,
585.0000,COMBUSTION CHAMBER,104.50000,343.06977,0.953817,3.266563,104.50000,
586.0000,COMBUSTION CHAMBER,104.50000,343.06977,0.953817,3.266563,104.50000,
587.0000,COMBUSTION CHAMBER,104.50000,343.06977,0.953817,3.266563,104.50000,
588.0000,COMBUSTION CHAMBER,104.50000,343.06977,0.953817,3.266563,104.50000,
589.0000,COMBUSTION CHAMBER,104.50000,343.06977,0.953817,3.266563,104.50000,
590.0000,COMBUSTION CHAMBER,104.50000,343.06977,0.953817,3.266563,104.50000,
591.0000,COMBUSTION CHAMBER,104.50000,343.06977,0.953817,3.266563,104.50000,
592.0000,COMBUSTION CHAMBER,104.50000,343.06977,0.953817,3.266563,104.50000,
593.0000,COMBUSTION CHAMBER,104.50000,343.06977,0.953817,3.266563,104.50000,
594.0000,COMBUSTION CHAMBER,104.50000,343.06977,0.953817,3.266563,104.50000,
595.0000,COMBUSTION CHAMBER,104.50000,343.06977,0.953817,3.266563,104.50000,
596.0000,COMBUSTION CHAMBER,104.50000,343.06977,0.953817,3.266563,104.50000,
597.0000,COMBUSTION CHAMBER,104.50000,343.06977,0.953817,3.266563,104.50000,
598.0000,COMBUSTION CHAMBER,104.50000,343.06977,0.953817,3.266563,104.50000,
599.0000,COMBUSTION CHAMBER,104.50000,343.06977,0.953817,3.266563,104.50000,
600.0000,COMBUSTION CHAMBER,104.50000,343.06977,0.953817,3.266563,104.50000,
601.0000,COMBUSTION CHAMBER,104.50000,343.06977,0.953817,3.266563,104.50000,
602.0000,COMBUSTION CHAMBER,104.50000,343.06977,0.953817,3.266563,104.50000,
603.0000,COMBUSTION CHAMBER,104.50000,343.06977,0.953817,3.266563,104.50000,
604.0000,COMBUSTION CHAMBER,104.50000,343.06977,0.953817,3.266563,104.50000,
605.0000,COMBUSTION CHAMBER,104.50000,343.06977,0.953817,3.266563,104.50000,
606.0000,COMBUSTION CHAMBER,104.50000,343.06977,0.953817,3.266563,104.50000,
607.0000,COMBUSTION CHAMBER,104.50000,343.06977,0.953817,3.266563,104.50000,
608.0000,COMBUSTION CHAMBER,104.50000,343.06977,0.953817,3.266563,104.50000,
609.0000,COMBUSTION CHAMBER,104.50000,343.06977,0.953817,3.266563,104.50000,
610.0000,COMBUSTION CHAMBER,104.50000,343.06977,0.953817,3.266563,104.50000,
611.0000,COMBUSTION CHAMBER,104.50000,343.06977,0.953817,3.266563,104.50000,
612.0000,COMBUSTION CHAMBER,104.50000,343.06977,0.953817,3.266563,104.50000,
613.0000,COMBUSTION CHAMBER,104.50000,343.06977,0.953817,3.266563,104.50000,
614.0000,COMBUSTION CHAMBER,104.50000,343.06977,0.953817,3.266563,104.50000,
615.0000,COMBUSTION CHAMBER,104.50000,343.06977,0.953817,3.266563,104.50000,
616.0000,COMBUSTION CHAMBER,104.50000,343.06977,0.953817,3.266563,104.50000,
617.0000,COMBUSTION CHAMBER,104.50000,343.06977,0.953817,3.266563,104.50000,
618.0000,COMBUSTION CHAMBER,104.50000,343.06977,0.953817,3.266563,104.50000,
619.0000,COMBUSTION CHAMBER,104.50000,343.06977,0.953817,3.266563,104.50000,
620.0000,COMBUSTION CHAMBER,104.50000,343.06977,0.953817,3.266563,104.50000,
621.0000,COMBUSTION CHAMBER,104.50000,343.06977,0.953817,3.266563,104.50000,
622.0000,COMBUSTION CHAMBER,104.50000,343.06977,0.953817,3.266563,104.50000,
623.0000,COMBUSTION CHAMBER,104.50000,343.06977,0.953817,3.266563,104.50000,
624.0000,COMBUSTION CHAMBER,104.50000,343.06977,0.953817,3.266563,104.50000,
625.0000,COMBUSTION CHAMBER,104.50000,343.06977,0.953817,3.266563,104.50000,
626.0000,COMBUSTION CHAMBER,104.50000,343.06977,0.953817,3.266563,104.50000,
627.0000,COMBUSTION CHAMBER,104.50000,343.06977,0.953817,3.266563,104.50000,
628.0000,COMBUSTION CHAMBER,104.50000,343.06977,0.953817,3.266563,104.50000,
629.0000,COMBUSTION CHAMBER,104.50000,343.06977,0.953817,3.266563,104.50000,
630.0000,COMBUSTION CHAMBER,104.50000,343.06977,0.953817,3.266563,104.50000,
631.0000,COMBUSTION CHAMBER,104.50000,343.06977,0.953817,3.266563,104.50000,
632.0000,COMBUSTION CHAMBER,104.50000,343.06977,0.953817,3.266563,104.50000,
633.0000,COMBUSTION CHAMBER,104.50000,343.06977,0.953817,3.266563,104.50000,
634.0000,COMBUSTION CHAMBER,104.50000,343.06977,0.953817,3.266563,104.50000,
635.0000,COMBUSTION CHAMBER,104.50000,343.06977,0.953817,3.266563,104.50000,
636.0000,COMBUSTION CHAMBER,104.50000,343.06977,0.953817,3.266563,104.50000,
637.0000,COMBUSTION CHAMBER,104.50000,343.06977,0.953817,3.266563,104.50000,
638.0000,COMBUSTION CHAMBER,104.50000,343.06977,0.953817,3.266563,104.50000,
639.0000,COMBUSTION CHAMBER,104.50000,343.06977,0.953817,3.266563,104.50000,
640.0000,COMBUSTION CHAMBER,104.50000,343.06977,0.953817,3.266563,104.50000,
641.0000,COMBUSTION CHAMBER,104.50000,343.06977,0.953817,3.266563,104.50000,
642.0000,COMBUSTION CHAMBER,104.50000,343.06977,0.953817,3.266563,104.50000,
643.0000,COMBUSTION CHAMBER,104.50000,343.06977,0.953817,3.266563,104.50000,
644.0000,COMBUSTION CHAMBER,104.50000,343.06977,0.953817,3.266563,104.50000,
645.0000,COMBUSTION CHAMBER,104.50000,343.06977,0.953817,3.266563,104.50000,
646.0000,COMBUSTION CHAMBER,104.50000,343.06977,0.953817,3.266563,104.50000,
647.0000,COMBUSTION CHAMBER,104.50000,343.06977,0.953817,3.266563,104.50000,
648.0000,COMBUSTION CHAMBER,104.50000,343.06977,0.953817,3.266563,104.50000,
649.0000,COMBUSTION CHAMBER,104.50000,343.06977,0.953817,3.266563,104.50000,
650.0000,COMBUSTION CHAMBER,104.50000,343.06977,0.953817,3.266563,104.50000,
651.0000,COMBUSTION CHAMBER,104.50000,343.06977,0.953817,3.266563,104.50000,
652.0000,COMBUSTION CHAMBER,104.50000,343.06977,0.953817,3.266563,104.50000,
653.0000,COMBUSTION CHAMBER,104.50000,343.06977,0.953817,3.266563,104.50000,
654.0000,COMBUSTION CHAMBER,104.50000,343.06977,0.953817,3.266563,104.50000,
655.0000,COMBUSTION CHAMBER,104.50000,343.06977,0.953817,3.266563,104.50000,
656.0000,COMBUSTION CHAMBER,104.50000,343.06977,0.953817,3.266563,104.50000,
657.0000,COMBUSTION CHAMBER,104.50000,343.06977,0.953817,3.266563,104.50000,
658.0000,COMBUSTION CHAMBER,104.50000,343.06977,0.953817,3.266563,104.50000,
659.0000,COMBUSTION CHAMBER,104.50000,343.06977,0.953817,3.266563,104.50000,
660.0000,COMBUSTION CHAMBER,104.50000,343.06977,0.953817,3.266563,104.50000,
661.0000,COMBUSTION CHAMBER,104.50000,343.06977,0.953817,3.266563,104.50000,
662.0000,COMBUSTION CHAMBER,104.50000,343.06977,0.953817,3.266563,104.50000,
663.0000,COMBUSTION CHAMBER,104.50000,343.06977,0.953817,3.266563,104.50000,
664.0000,COMBUSTION CHAMBER,104.50000,343.06977,0.953817,3.266563,104.50000,
665.0000,COMBUSTION CHAMBER,104.50000,343.06977,0.953817,3.266563,104.50000,
666.0000,COMBUSTION CHAMBER,104.50000,343.06977,0.953817,3.266563,104.50000,
667.0000,COMBUSTION CHAMBER,104.50000,343.06977,0.953817,3.266563,104.50000,
668.0000,COMBUSTION CHAMBER,104.50000,343.06977,0.953817,3.266563,104.50000,
669.0000,COMBUSTION CHAMBER,104.50000,343.06977,0.953817,3.266563,104.50000,
670.0000,COMBUSTION CHAMBER,104.50000,343.06977,0.953817,3.266563,104.50000,
671.0000,COMBUSTION CHAMBER,104.50000,343.06977,0.953817,3.266563,104.50000,
672.0000,COMBUSTION CHAMBER,104.50000,343.06977,0.953817,3.266563,104.50000,
673.0000,COMBUSTION CHAMBER,104.50000,343.06977,0.953817,3.266563,104.50000,
674.0000,COMBUSTION CHAMBER,104.50000,343.06977,0.953817,3.266563,104.50000,
675.0000,COMBUSTION CHAMBER,104.50000,343.06977,0.953817,3.266563,104.50000,
676.0000,COMBUSTION CHAMBER,104.50000,343.06977,0.953817,3.266563,104.50000,
677.0000,COMBUSTION CHAMBER,104.50000,343.06977,0.953817,3.266563,104.50000,
678.0000,COMBUSTION CHAMBER,104.50000,343.06977,0.953817,3.266563,104.50000,
679.0000,COMBUSTION CHAMBER,104.50000,343.06977,0.953817,3.266563,104.50000,
680.0000,COMBUSTION CHAMBER,104.50000,343.06977,0.953817,3.266563,104.50000,
681.0000,COMBUSTION CHAMBER,104.50000,343.06977,0.953817,3.266563,104.50000,
682.0000,COMBUSTION CHAMBER,104.50000,343.06977,0.953817,3.266563,104.50000,
683.0000,COMBUSTION CHAMBER,104.50000,343.06977,0.953817,3.266563,104.50000,
684.0000,COMBUSTION CHAMBER,104.50000,343.06977,0.953817,3.266563,104.50000,
685.0000,COMBUSTION CHAMBER,104.50000,343.06977,0.953817,3.266563,104.50000,
686.0000,COMBUSTION CHAMBER,104.50000,343.06977,0.953817,3.266563,104.50000,
687.0000,COMBUSTION CHAMBER,104.50000,343.06977,0.953817,3.266563,104.50000,
688.0000,COMBUSTION CHAMBER,104.50000,343.06977,0.953817,3.266563,104.50000,
689.0000,COMBUSTION CHAMBER,104.50000,343.06977,0.953817,3.266563,104.50000,
690.0000,COMBUSTION CHAMBER,104.50000,343.06977,0.953817,3.266563,104.50000,
691.0000,COMBUSTION CHAMBER,104.50000,343.06977,0.953817,3.266563,104.50000,
692.0000,COMBUSTION CHAMBER,104.50000,343.06977,0.953817,3.266563,104.50000,
693.0000,COMBUSTION CHAMBER,104.50000,343.06977,0.953817,3.266563,104.50000,
694.0000,COMBUSTION CHAMBER,104.50000,343.06977,0.953817,3.266563,104.50000,
695.0000,COMBUSTION CHAMBER,104.50000,343.06977,0.953817,3.266563,104.50000,
696.0000,COMBUSTION CHAMBER,104.50000,343.06977,0.953817,3.266563,104.50000,
697.0000,COMBUSTION CHAMBER,104.50000,343.06977,0.953817,3.266563,104.50000,
698.0000,COMBUSTION CHAMBER,104.50000,343.06977,0.953817,3.266563,104.50000,
699.0000,COMBUSTION CHAMBER,104.50000,343.06977,0.953817,3.266563,104.50000,
700.0000,COMBUSTION CHAMBER,104.50000,343.06977,0.953817,3.266563,104.50000,
701.0000,COMBUSTION CHAMBER,104.50000,343.06977,0.953817,3.266563,104.50000,
702.0000,COMBUSTION CHAMBER,104.50000,343.06977,0.953817,3.266563,104.50000,
703.0000,COMBUSTION CHAMBER,104.50000,343.06977,0.953817,3.266563,104.50000,
704.0000,COMBUSTION CHAMBER,104.50000,343.06977,0.953817,3.266563,104.50000,
705.0000,COMBUSTION CHAMBER,104.50000,343.06977,0.953817,3.266563,104.50000,
706.0000,COMBUSTION CHAMBER,104.50000,343.06977,0.953817,3.266563,104.50000,
707.0000,COMBUSTION CHAMBER,104.50000,343.06977,0.953817,3.266563,104.50000,
708.0000,COMBUSTION CHAMBER,104.50000,343.06977,0.953817,3.266563,104.50000,
709.0000,COMBUSTION CHAMBER,104.50000,343.06977,0.953817,3.266563,104.50000,
710.0000,COMBUSTION CHAMBER,104.50000,343.06977,0.953817,3.266563,104.50000,
711.0000,COMBUSTION CHAMBER,104.50000,343.06977,0.953817,3.266563,104.50000,
712.0000,COMBUSTION CHAMBER,104.50000,343.06977,0.953817,3.266563,104.50000,
713.0000,COMBUSTION CHAMBER,104.50000,343.06977,0.953817,3.266563,104.50000,
714.0000,COMBUSTION CHAMBER,104.50000,343.06977,0.953817,3.266563,104.50000,
715.0000,COMBUSTION CHAMBER,104.50000,343.06977,0.953817,3.266563,104.50000,
716.0000,COMBUSTION CHAMBER,104.50000,343.06977,0.953817,3.266563,104.50000,
717.0000,COMBUSTION CHAMBER,104.50000,343.06977,0.953817,3.266563,104.50000,
718.0000,COMBUSTION CHAMBER,104.50000,343.06977,0.953817,3.266563,104.50000,
719.0000,COMBUSTION CHAMBER,104.50000,343.06977,0.953817,3.266563,104.50000,
720.0000,COMBUSTION CHAMBER,104.50000,343.06977,0.953817,3.266563,104.50000,
721.0000,COMBUSTION CHAMBER,104.50000,343.06977,0.953817,3.266563,104.50000,
722.0000,COMBUSTION CHAMBER,104.50000,343.06977,0.953817,3.266563,104.50000,
723.0000,COMBUSTION CHAMBER,104.50000,343.06977,0.953817,3.266563,104.50000,
724.0000,COMBUSTION CHAMBER,104.50000,343.06977,0.953817,3.266563,104.50000,
725.0000,COMBUSTION CHAMBER,104.50000,343.06977,0.953817,3.266563,104.50000,
726.0000,COMBUSTION CHAMBER,104.50000,343.06977,0.953817,3.266563,104.50000,
727.0000,COMBUSTION CHAMBER,104.50000,343.06977,0.953817,3.266563,104.50000,
728.0000,COMBUSTION CHAMBER,104.50000,343.06977,0.953817,3.266563,104.50000,
729.0000,COMBUSTION CHAMBER,104.50000,343.06977,0.953817,3.266563,104.50000,
730.0000,COMBUSTION CHAMBER,104.50000,343.06977,0.953817,3.266563,104.50000,
731.0000,COMBUSTION CHAMBER,104.50000,343.06977,0.953817,3.266563,104.50000,
732.0000,COMBUSTION CHAMBER,104.50000,343.06977,0.953817,3.266563,104.50000,
733.0000,COMBUSTION CHAMBER,104.50000,343.06977,0.953817,3.266563,104.50000,
734.0000,COMBUSTION CHAMBER,104.50000,343.06977,0.953817,3.266563,104.50000,
735.0000,COMBUSTION CHAMBER,104.50000,343.06977,0.953817,3.266563,104.50000,
736.0000,COMBUSTION CHAMBER,104.50000,343.06977,0.953817,3.266563,104.50000,
737.0000,COMBUSTION CHAMBER,104.50000,343.06977,0.953817,3.266563,104.50000,
738.0000,COMBUSTION CHAMBER,104.50000,343.06977,0.953817,3.266563,104.50000,
739.0000,COMBUSTION CHAMBER,104.50000,343.06977,0.953817,3.266563,104.50000,
740.0000,COMBUSTION CHAMBER,104.50000,343.06977,0.953817,3.266563,104.50000,
741.0000,COMBUSTION CHAMBER,104.50000,343.06977,0.953817,3.266563,104.50000,
742.0000,COMBUSTION CHAMBER,104.50000,343.06977,0.953817,3.266563,104.50000,
743.0000,COMBUSTION CHAMBER,104.50000,343.06977,0.953817,3.266563,104.50000,
744.0000,COMBUSTION CHAMBER,104.50000,343.06977,0.953817,3.266563,104.50000,
745.0000,COMBUSTION CHAMBER,104.50000,343.06977,0.953817,3.266563,104.50000,
746.0000,COMBUSTION CHAMBER,104.50000,343.06977,0.953817,3.266563,104.50000,
747.0000,COMBUSTION CHAMBER,104.50000,343.06977,0.953817,3.266563,104.50000,
748.0000,COMBUSTION CHAMBER,104.50000,343.06977,0.953817,3.266563,104.50000,
749.0000,COMBUSTION CHAMBER,104.50000,343.06977,0.953817,3.266563,104.50000,
750.0000,COMBUSTION CHAMBER,104.50000,343.06977,0.953817,3.266563,104.50000,
751.0000,COMBUSTION CHAMBER,104.50000,343.06977,0.953817,3.266563,104.50000,
752.0000,COMBUSTION CHAMBER,104.50000,343.06977,0.953817,3.266563,104.50000,
753.0000,COMBUSTION CHAMBER,104.50000,343.06977,0.953817,3.266563,104.50000,
754.0000,COMBUSTION CHAMBER,104.50000,343.06977,0.953817,3.266563,104.50000,
755.0000,COMBUSTION CHAMBER,104.50000,343.06977,0.953817,3.266563,104.50000,
756.0000,COMBUSTION CHAMBER,104.50000,343.06977,0.953817,3.266563,104.50000,
757.0000,COMBUSTION CHAMBER,104.50000,343.06977,0.953817,3.266563,104.50000,
758.0000,COMBUSTION CHAMBER,104.50000,343.06977,0.953817,3.266563,104.50000,
759.0000,COMBUSTION CHAMBER,104.50000,343.06977,0.953817,3.266563,104.50000,
760.0000,COMBUSTION CHAMBER,104.50000,343.06977,0.953817,3.266563,104.50000,
761.0000,COMBUSTION CHAMBER,104.50000,343.06977,0.953817,3.266563,104.50000,
762.0000,COMBUSTION CHAMBER,104.50000,343.06977,0.953817,3.266563,104.50000,
763.0000,COMBUSTION CHAMBER,104.50000,343.06977,0.953817,3.266563,104.50000,
764.0000,COMBUSTION CHAMBER,104.50000,343.06977,0.953817,3.266563,104.50000,
765.0000,COMBUSTION CHAMBER,104.50000,343.06977,0.953817,3.266563,104.50000,
766.0000,COMBUSTION CHAMBER,104.50000,343.06977,0.953817,3.266563,104.50000,
767.0000,COMBUSTION CHAMBER,104.50000,343.06977,0.953817,3.266563,104.50000,
768.0000,COMBUSTION CHAMBER,104.50000,343.06977,0.953817,3.266563,104.50000,
769.0000,COMBUSTION CHAMBER,104.50000,343.06977,0.953817,3.266563,104.50000,
770.0000,COMBUSTION CHAMBER,104.50000,343.06977,0.953817,3.266563,104.50000,
771.0000,COMBUSTION CHAMBER,104.50000,343.06977,0.953817,3.266563,104.50000,
772.0000,COMBUSTION CHAMBER,104.50000,343.06977,0.953817,3.266563,104.50000,
773.0000,COMBUSTION CHAMBER,104.50000,343.06977,0.953817,3.266563,104.50000,
774.0000,COMBUSTION CHAMBER,104.50000,343.06977,0.953817,3.266563,104.50000,
775.0000,COMBUSTION CHAMBER,104.50000,343.06977,0.953817,3.266563,104.50000,
776.0000,COMBUSTION CHAMBER,104.50000,343.06977,0.953817,3.266563,104.50000,
777.0000,COMBUSTION CHAMBER,104.50000,343.06977,0.953817,3.266563,104.50000,
778.0000,COMBUSTION CHAMBER,104.50000,343.06977,0.953817,3.266563,104.50000,
779.0000,COMBUSTION CHAMBER,104.50000,343.06977,0.953817,3.266563,104.50000,
780.0000,COMBUSTION CHAMBER,104.50000,343.06977,0.953817,3.266563,104.50000,
781.0000,COMBUSTION CHAMBER,104.50000,343.06977,0.953817,3.266563,104.50000,
782.0000,COMBUSTION CHAMBER,104.50000,343.06977,0.953817,3.266563,104.50000,
783.0000,COMBUSTION CHAMBER,104.50000,343.06977,0.953817,3.266563,104.50000,
784.0000,COMBUSTION CHAMBER,104.50000,343.06977,0.953817,3.266563,104.50000,
785.0000,COMBUSTION CHAMBER,104.50000,343.06977,0.953817,3.266563,104.50000,
786.0000,COMBUSTION CHAMBER,104.50000,343.06977,0.953817,3.266563,104.50000,
787.0000,COMBUSTION CHAMBER,104.50000,343.06977,0.953817,3.266563,104.50000,
788.0000,COMBUSTION CHAMBER,104.50000,343.06977,0.953817,3.266563,104.50000,
789.0000,COMBUSTION CHAMBER,104.50000,343.06977,0.953817,3.266563,104.50000,
790.0000,COMBUSTION CHAMBER,104.50000,343.06977,0.953817,3.266563,104.50000,
791.0000,COMBUSTION CHAMBER,104.50000,343.06977,0.953817,3.266563,104.50000,
792.0000,COMBUSTION CHAMBER,104.50000,343.06977,0.953817,3.266563,104.50000,
793.0000,COMBUSTION CHAMBER,104.50000,343.06977,0.953817,3.266563,104.50000,
794.0000,COMBUSTION CHAMBER,104.50000,343.06977,0.953817,3.266563,104.50000,
795.0000,COMBUSTION CHAMBER,104.50000,343.06977,0.953817,3.266563,104.50000,
796.0000,COMBUSTION CHAMBER,104.50000,343.06977,0.953817,3.266563,104.50000,
797.0000,COMBUSTION CHAMBER,104.50000,343.06977,0.953817,3.266563,104.50000,
798.0000,COMBUSTION CHAMBER,104.50000,343.06977,0.953817,3.266563,104.50000,
799.0000,COMBUSTION CHAMBER,104.50000,343.06977,0.953817,3.266563,104.50000,
800.0000,COMBUSTION CHAMBER,104.50000,343.06977,0.953817,3.266563,104.50000,
801.0000,COMBUSTION CHAMBER,104.50000,343.06977,0.953817,3.266563,104.50000,
802.0000,COMBUSTION CHAMBER,104.50000,343.06977,0.953817,3.266563,104.50000,
803.0000,COMBUSTION CHAMBER,104.50000,343.06977,0.953817,3.266563,104.50000,
804.0000,COMBUSTION CHAMBER,104.50000,343.06977,0.953817,3.266563,104.50000,
805.0000,COMBUSTION CHAMBER,104.50000,343.06977,0.953817,3.266563,104.50000,
806.0000,COMBUSTION CHAMBER,104.50000,343.06977,0.953817,3.266563,104.50000,
807.0000,COMBUSTION CHAMBER,104.50000,343.06977,0.953817,3.266563,104.50000,
808.0000,COMBUSTION CHAMBER,104.50000,343.06977,0.953817,3.266563,104.50000,
809.0000,COMBUSTION CHAMBER,104.50000,343.06977,0.953817,3.266563,104.50000,
810.0000,COMBUSTION CHAMBER,104.50000,343.06977,0.953817,3.266563,104.50000,
811.0000,COMBUSTION CHAMBER,104.50000,343.06977,0.953817,3.266563,104.50000,
812.0000,COMBUSTION CHAMBER,104.50000,343.06977,0.953817,3.266563,104.50000,
813.0000,COMBUSTION CHAMBER,104.50000,343.06977,0.953817,3.266563,104.50000,
814.0000,COMBUSTION CHAMBER,104.50000,343.06977,0.953817,3.266563,104.50000,
815.0000,COMBUSTION CHAMBER,104.50000,343.06977,0.953817,3.266563,104.50000,
816.0000,COMBUSTION CHAMBER,104.50000,343.06977,0.953817,3.266563,104.50000,
817.0000,COMBUSTION CHAMBER,104.50000,343.06977,0.953817,3.266563,104.50000,
817.3073,COMBUSTION CHAMBER,104.50000,343.06977,0.953817,3.266563,104.50000,chamber_end
818.0000,CONTRACTION CONE,104.31440,341.85224,0.950432,3.254970,104.31440,
819.0000,CONTRACTION CONE,104.04645,340.09829,0.945555,3.238270,104.04645,
820.0000,CONTRACTION CONE,103.77851,338.34884,0.940692,3.221612,103.77851,
821.0000,CONTRACTION CONE,103.51056,336.60391,0.935840,3.204998,103.51056,
822.0000,CONTRACTION CONE,103.24261,334.86349,0.931001,3.188426,103.24261,
823.0000,CONTRACTION CONE,102.97466,333.12758,0.926175,3.171898,102.97466,
824.0000,CONTRACTION CONE,102.70671,331.39618,0.921362,3.155412,102.70671,
825.0000,CONTRACTION CONE,102.43876,329.66929,0.916560,3.138969,102.43876,
826.0000,CONTRACTION CONE,102.17081,327.94691,0.911772,3.122570,102.17081,
827.0000,CONTRACTION CONE,101.90286,326.22905,0.906996,3.106213,101.90286,
828.0000,CONTRACTION CONE,101.63491,324.51569,0.902232,3.089899,101.63491,
829.0000,CONTRACTION CONE,101.36696,322.80685,0.897481,3.073628,101.36696,
830.0000,CONTRACTION CONE,101.09901,321.10251,0.892743,3.057400,101.09901,
831.0000,CONTRACTION CONE,100.83106,319.40269,0.888017,3.041215,100.83106,
832.0000,CONTRACTION CONE,100.56311,317.70738,0.883303,3.025073,100.56311,
833.0000,CONTRACTION CONE,100.29517,316.01658,0.878603,3.008974,100.29517,
834.0000,CONTRACTION CONE,100.02722,314.33029,0.873914,2.992918,100.02722,
835.0000,CONTRACTION CONE,99.75927,312.64852,0.869238,2.976905,99.75927,
836.0000,CONTRACTION CONE,99.49132,310.97125,0.864575,2.960935,99.49132,
837.0000,CONTRACTION CONE,99.22337,309.29850,0.859925,2.945008,99.22337,
838.0000,CONTRACTION CONE,98.95542,307.63025,0.855286,2.929123,98.95542,
839.0000,CONTRACTION CONE,98.68747,305.96652,0.850661,2.913282,98.68747,
840.0000,CONTRACTION CONE,98.41952,304.30730,0.846048,2.897483,98.41952,
841.0000,CONTRACTION CONE,98.15157,302.65259,0.841447,2.881728,98.15157,
842.0000,CONTRACTION CONE,97.88362,301.00239,0.836859,2.866016,97.88362,
843.0000,CONTRACTION CONE,97.61567,299.35670,0.832284,2.850346,97.61567,
844.0000,CONTRACTION CONE,97.34772,297.71552,0.827721,2.834719,97.34772,
845.0000,CONTRACTION CONE,97.07978,296.07886,0.823171,2.819136,97.07978,
846.0000,CONTRACTION CONE,96.81183,294.44670,0.818633,2.803595,96.81183,
847.0000,CONTRACTION CONE,96.54388,292.81906,0.814108,2.788097,96.54388,
848.0000,CONTRACTION CONE,96.27593,291.19593,0.809595,2.772643,96.27593,
849.0000,CONTRACTION CONE,96.00798,289.57731,0.805095,2.757231,96.00798,
850.0000,CONTRACTION CONE,95.74003,287.96320,0.800607,2.741862,95.74003,
851.0000,CONTRACTION CONE,95.47208,286.35360,0.796132,2.726536,95.47208,
852.0000,CONTRACTION CONE,95.20413,284.74851,0.791670,2.711253,95.20413,
853.0000,CONTRACTION CONE,94.93618,283.14793,0.787220,2.696013,94.93618,
854.0000,CONTRACTION CONE,94.66823,281.55187,0.782782,2.680816,94.66823,
855.0000,CONTRACTION CONE,94.40028,279.96031,0.778357,2.665662,94.40028,
856.0000,CONTRACTION CONE,94.13233,278.37327,0.773945,2.650551,94.13233,
857.0000,CONTRACTION CONE,93.86439,276.79074,0.769545,2.635483,93.86439,
858.0000,CONTRACTION CONE,93.59644,275.21271,0.765158,2.620457,93.59644,
859.0000,CONTRACTION CONE,93.32849,273.63920,0.760783,2.605475,93.32849,
860.0000,CONTRACTION CONE,93.06054,272.07021,0.756421,2.590536,93.06054,
861.0000,CONTRACTION CONE,92.79259,270.50572,0.752071,2.575639,92.79259,
862.0000,CONTRACTION CONE,92.52464,268.94574,0.747734,2.560786,92.52464,
863.0000,CONTRACTION CONE,92.25669,267.39028,0.743410,2.545975,92.25669,
864.0000,CONTRACTION CONE,91.98874,265.83932,0.739098,2.531208,91.98874,
865.0000,CONTRACTION CONE,91.72079,264.29288,0.734798,2.516483,91.72079,
866.0000,CONTRACTION CONE,91.45284,262.75095,0.730511,2.501802,91.45284,
867.0000,CONTRACTION CONE,91.18489,261.21352,0.726237,2.487163,91.18489,
868.0000,CONTRACTION CONE,90.91694,259.68061,0.721975,2.472567,90.91694,
869.0000,CONTRACTION CONE,90.64899,258.15222,0.717726,2.458015,90.64899,
870.0000,CONTRACTION CONE,90.38105,256.62833,0.713489,2.443505,90.38105,
871.0000,CONTRACTION CONE,90.11310,255.10895,0.709265,2.429038,90.11310,
872.0000,CONTRACTION CONE,89.84515,253.59409,0.705053,2.414614,89.84515,
873.0000,CONTRACTION CONE,89.57720,252.08373,0.700854,2.400233,89.57720,
874.0000,CONTRACTION CONE,89.30925,250.57789,0.696667,2.385895,89.30925,
875.0000,CONTRACTION CONE,89.04130,249.07656,0.692493,2.371600,89.04130,
876.0000,CONTRACTION CONE,88.77335,247.57974,0.688332,2.357348,88.77335,
877.0000,CONTRACTION CONE,88.50540,246.08743,0.684183,2.343139,88.50540,
878.0000,CONTRACTION CONE,88.23745,244.59963,0.680046,2.328973,88.23745,
879.0000,CONTRACTION CONE,87.96950,243.11634,0.675922,2.314849,87.96950,
880.0000,CONTRACTION CONE,87.70155,241.63756,0.671811,2.300769,87.70155,
881.0000,CONTRACTION CONE,87.43360,240.16330,0.667712,2.286732,87.43360,
882.0000,CONTRACTION CONE,87.16566,238.69354,0.663626,2.272737,87.16566,
883.0000,CONTRACTION CONE,86.89771,237.22830,0.659552,2.258786,86.89771,
884.0000,CONTRACTION CONE,86.62976,235.76757,0.655491,2.244878,86.62976,
885.0000,CONTRACTION CONE,86.36181,234.31135,0.651442,2.231012,86.36181,
886.0000,CONTRACTION CONE,86.09386,232.85964,0.647406,2.217190,86.09386,
887.0000,CONTRACTION CONE,85.82591,231.41244,0.643383,2.203410,85.82591,
888.0000,CONTRACTION CONE,85.55796,229.96975,0.639372,2.189673,85.55796,
889.0000,CONTRACTION CONE,85.29001,228.53157,0.635373,2.175980,85.29001,
890.0000,CONTRACTION CONE,85.02206,227.09791,0.631387,2.162329,85.02206,
891.0000,CONTRACTION CONE,84.75411,225.66876,0.627414,2.148721,84.75411,
892.0000,CONTRACTION CONE,84.48616,224.24411,0.623453,2.135156,84.48616,
893.0000,CONTRACTION CONE,84.21821,222.82398,0.619505,2.121634,84.21821,
894.0000,CONTRACTION CONE,83.95026,221.40836,0.615569,2.108155,83.95026,
895.0000,CONTRACTION CONE,83.68232,219.99725,0.611646,2.094719,83.68232,
896.0000,CONTRACTION CONE,83.41437,218.59065,0.607735,2.081326,83.41437,
897.0000,CONTRACTION CONE,83.14642,217.18856,0.603837,2.067976,83.14642,
898.0000,CONTRACTION CONE,82.87847,215.79099,0.599951,2.054669,82.87847,
899.0000,CONTRACTION CONE,82.61052,214.39792,0.596078,2.041405,82.61052,
900.0000,CONTRACTION CONE,82.34257,213.00937,0.592218,2.028184,82.34257,
901.0000,CONTRACTION CONE,82.07462,211.62533,0.588370,2.015006,82.07462,
902.0000,CONTRACTION CONE,81.80667,210.24579,0.584534,2.001870,81.80667,
903.0000,CONTRACTION CONE,81.53872,208.87077,0.580711,1.988778,81.53872,
904.0000,CONTRACTION CONE,81.27077,207.50026,0.576901,1.975728,81.27077,
905.0000,CONTRACTION CONE,81.00282,206.13427,0.573103,1.962722,81.00282,
906.0000,CONTRACTION CONE,80.73487,204.77278,0.569318,1.949758,80.73487,
907.0000,CONTRACTION CONE,80.46693,203.41580,0.565545,1.936838,80.46693,
908.0000,CONTRACTION CONE,80.19898,202.06334,0.561785,1.923960,80.19898,
909.0000,CONTRACTION CONE,79.93103,200.71538,0.558037,1.911126,79.93103,
910.0000,CONTRACTION CONE,79.66308,199.37194,0.554302,1.898334,79.66308,
911.0000,CONTRACTION CONE,79.39513,198.03301,0.550580,1.885585,79.39513,
912.0000,CONTRACTION CONE,79.12718,196.69859,0.546870,1.872880,79.12718,
913.0000,CONTRACTION CONE,78.85923,195.36868,0.543172,1.860217,78.85923,
914.0000,CONTRACTION CONE,78.59128,194.04328,0.539487,1.847597,78.59128,
915.0000,CONTRACTION CONE,78.32333,192.72239,0.535815,1.835020,78.32333,
916.0000,CONTRACTION CONE,78.05538,191.40602,0.532155,1.822486,78.05538,
917.0000,CONTRACTION CONE,77.78743,190.09415,0.528508,1.809995,77.78743,
918.0000,CONTRACTION CONE,77.51948,188.78680,0.524873,1.797547,77.51948,
919.0000,CONTRACTION CONE,77.25154,187.48396,0.521251,1.785142,77.25154,
920.0000,CONTRACTION CONE,76.98359,186.18562,0.517641,1.772780,76.98359,
921.0000,CONTRACTION CONE,76.71564,184.89180,0.514044,1.760460,76.71564,
922.0000,CONTRACTION CONE,76.44769,183.60249,0.510459,1.748184,76.44769,
923.0000,CONTRACTION CONE,76.17974,182.31770,0.506887,1.735951,76.17974,
924.0000,CONTRACTION CONE,75.91179,181.03741,0.503328,1.723761,75.91179,
925.0000,CONTRACTION CONE,75.64384,179.76163,0.499781,1.711613,75.64384,
926.0000,CONTRACTION CONE,75.37589,178.49037,0.496246,1.699509,75.37589,
927.0000,CONTRACTION CONE,75.10794,177.22362,0.492725,1.687447,75.10794,
928.0000,CONTRACTION CONE,74.83999,175.96137,0.489215,1.675429,74.83999,
929.0000,CONTRACTION CONE,74.57204,174.70364,0.485718,1.663453,74.57204,
930.0000,CONTRACTION CONE,74.30409,173.45042,0.482234,1.651520,74.30409,
931.0000,CONTRACTION CONE,74.03614,172.20171,0.478762,1.639631,74.03614,
932.0000,CONTRACTION CONE,73.76820,170.95751,0.475303,1.627784,73.76820,
933.0000,CONTRACTION CONE,73.50025,169.71783,0.471857,1.615980,73.50025,
934.0000,CONTRACTION CONE,73.23230,168.48265,0.468423,1.604219,73.23230,
935.0000,CONTRACTION CONE,72.96435,167.25199,0.465001,1.592502,72.96435,
936.0000,CONTRACTION CONE,72.69640,166.02583,0.461592,1.580827,72.69640,
937.0000,CONTRACTION CONE,72.42845,164.80419,0.458196,1.569195,72.42845,
938.0000,CONTRACTION CONE,72.16050,163.58706,0.454812,1.557606,72.16050,
939.0000,CONTRACTION CONE,71.89255,162.37444,0.451440,1.546060,71.89255,
940.0000,CONTRACTION CONE,71.62460,161.16633,0.448081,1.534557,71.62460,
941.0000,CONTRACTION CONE,71.35665,159.96273,0.444735,1.523096,71.35665,
942.0000,CONTRACTION CONE,71.08870,158.76365,0.441401,1.511679,71.08870,
943.0000,CONTRACTION CONE,70.82075,157.56907,0.438080,1.500305,70.82075,
944.0000,CONTRACTION CONE,70.55281,156.37901,0.434771,1.488974,70.55281,
945.0000,CONTRACTION CONE,70.28486,155.19345,0.431475,1.477685,70.28486,
946.0000,CONTRACTION CONE,70.01691,154.01241,0.428192,1.466440,70.01691,
947.0000,CONTRACTION CONE,69.74896,152.83588,0.424921,1.455238,69.74896,
948.0000,CONTRACTION CONE,69.48101,151.66386,0.421662,1.444078,69.48101,
949.0000,CONTRACTION CONE,69.21306,150.49635,0.418416,1.432962,69.21306,
950.0000,CONTRACTION CONE,68.94511,149.33335,0.415183,1.421888,68.94511,
951.0000,CONTRACTION CONE,68.67716,148.17486,0.411962,1.410857,68.67716,
952.0000,CONTRACTION CONE,68.40921,147.02089,0.408754,1.399870,68.40921,
953.0000,CONTRACTION CONE,68.14126,145.87142,0.405558,1.388925,68.14126,
954.0000,CONTRACTION CONE,67.87331,144.72647,0.402375,1.378023,67.87331,
955.0000,CONTRACTION CONE,67.60536,143.58603,0.399204,1.367165,67.60536,
956.0000,CONTRACTION CONE,67.33741,142.45010,0.396046,1.356349,67.33741,
957.0000,CONTRACTION CONE,67.06947,141.31868,0.392900,1.345576,67.06947,
958.0000,CONTRACTION CONE,66.80152,140.19177,0.389767,1.334846,66.80152,
959.0000,CONTRACTION CONE,66.53357,139.06937,0.386646,1.324159,66.53357,
960.0000,CONTRACTION CONE,66.26562,137.95149,0.383538,1.313515,66.26562,
961.0000,CONTRACTION CONE,65.99767,136.83811,0.380443,1.302914,65.99767,
962.0000,CONTRACTION CONE,65.72972,135.72925,0.377360,1.292356,65.72972,
963.0000,CONTRACTION CONE,65.46177,134.62489,0.374290,1.281840,65.46177,
964.0000,CONTRACTION CONE,65.19382,133.52505,0.371232,1.271368,65.19382,
965.0000,CONTRACTION CONE,64.92587,132.42972,0.368187,1.260939,64.92587,
966.0000,CONTRACTION CONE,64.65792,131.33890,0.365154,1.250553,64.65792,
967.0000,CONTRACTION CONE,64.38997,130.25259,0.362134,1.240209,64.38997,
968.0000,CONTRACTION CONE,64.12202,129.17079,0.359126,1.229909,64.12202,
969.0000,CONTRACTION CONE,63.85408,128.09351,0.356131,1.219651,63.85408,
970.0000,CONTRACTION CONE,63.58613,127.02073,0.353148,1.209437,63.58613,
971.0000,CONTRACTION CONE,63.31818,125.95247,0.350178,1.199265,63.31818,
972.0000,CONTRACTION CONE,63.05023,124.88871,0.347221,1.189137,63.05023,
973.0000,CONTRACTION CONE,62.78228,123.82947,0.344276,1.179051,62.78228,
974.0000,CONTRACTION CONE,62.51433,122.77474,0.341343,1.169008,62.51433,
975.0000,CONTRACTION CONE,62.24638,121.72452,0.338424,1.159009,62.24638,
976.0000,CONTRACTION CONE,61.97843,120.67881,0.335516,1.149052,61.97843,
977.0000,CONTRACTION CONE,61.71048,119.63762,0.332622,1.139138,61.71048,
978.0000,CONTRACTION CONE,61.44253,118.60093,0.329739,1.129267,61.44253,
979.0000,CONTRACTION CONE,61.17458,117.56875,0.326870,1.119439,61.17458,
980.0000,CONTRACTION CONE,60.90663,116.54109,0.324012,1.109654,60.90663,
981.0000,CONTRACTION CONE,60.63869,115.51794,0.321168,1.099912,60.63869,
982.0000,CONTRACTION CONE,60.37074,114.49930,0.318336,1.090213,60.37074,
983.0000,CONTRACTION CONE,60.10279,113.48516,0.315516,1.080557,60.10279,
984.0000,CONTRACTION CONE,59.83484,112.47554,0.312709,1.070944,59.83484,
985.0000,CONTRACTION CONE,59.56689,111.47044,0.309915,1.061374,59.56689,
986.0000,CONTRACTION CONE,59.29894,110.46984,0.307133,1.051846,59.29894,
987.0000,CONTRACTION CONE,59.03099,109.47375,0.304364,1.042362,59.03099,
988.0000,CONTRACTION CONE,58.76304,108.48218,0.301607,1.032921,58.76304,
989.0000,CONTRACTION CONE,58.49509,107.49511,0.298862,1.023522,58.49509,
990.0000,CONTRACTION CONE,58.22714,106.51256,0.296131,1.014167,58.22714,
991.0000,CONTRACTION CONE,57.95919,105.53452,0.293411,1.004854,57.95919,
991.5231,CONTRACTION CONE,57.81903,105.02469,0.291994,1.000000,57.81903,cone_end
992.0000,TAILPIPE (= nozzle throat),57.81903,105.02469,0.291994,1.000000,57.81903,
993.0000,TAILPIPE (= nozzle throat),57.81903,105.02469,0.291994,1.000000,57.81903,
994.0000,TAILPIPE (= nozzle throat),57.81903,105.02469,0.291994,1.000000,57.81903,
995.0000,TAILPIPE (= nozzle throat),57.81903,105.02469,0.291994,1.000000,57.81903,
996.0000,TAILPIPE (= nozzle throat),57.81903,105.02469,0.291994,1.000000,57.81903,
997.0000,TAILPIPE (= nozzle throat),57.81903,105.02469,0.291994,1.000000,57.81903,
998.0000,TAILPIPE (= nozzle throat),57.81903,105.02469,0.291994,1.000000,57.81903,
999.0000,TAILPIPE (= nozzle throat),57.81903,105.02469,0.291994,1.000000,57.81903,
1000.0000,TAILPIPE (= nozzle throat),57.81903,105.02469,0.291994,1.000000,57.81903,
1001.0000,TAILPIPE (= nozzle throat),57.81903,105.02469,0.291994,1.000000,57.81903,
1002.0000,TAILPIPE (= nozzle throat),57.81903,105.02469,0.291994,1.000000,57.81903,
1003.0000,TAILPIPE (= nozzle throat),57.81903,105.02469,0.291994,1.000000,57.81903,
1004.0000,TAILPIPE (= nozzle throat),57.81903,105.02469,0.291994,1.000000,57.81903,
1005.0000,TAILPIPE (= nozzle throat),57.81903,105.02469,0.291994,1.000000,57.81903,
1006.0000,TAILPIPE (= nozzle throat),57.81903,105.02469,0.291994,1.000000,57.81903,
1007.0000,TAILPIPE (= nozzle throat),57.81903,105.02469,0.291994,1.000000,57.81903,
1008.0000,TAILPIPE (= nozzle throat),57.81903,105.02469,0.291994,1.000000,57.81903,
1009.0000,TAILPIPE (= nozzle throat),57.81903,105.02469,0.291994,1.000000,57.81903,
1010.0000,TAILPIPE (= nozzle throat),57.81903,105.02469,0.291994,1.000000,57.81903,
1011.0000,TAILPIPE (= nozzle throat),57.81903,105.02469,0.291994,1.000000,57.81903,
1012.0000,TAILPIPE (= nozzle throat),57.81903,105.02469,0.291994,1.000000,57.81903,
1013.0000,TAILPIPE (= nozzle throat),57.81903,105.02469,0.291994,1.000000,57.81903,
1014.0000,TAILPIPE (= nozzle throat),57.81903,105.02469,0.291994,1.000000,57.81903,
1015.0000,TAILPIPE (= nozzle throat),57.81903,105.02469,0.291994,1.000000,57.81903,
1016.0000,TAILPIPE (= nozzle throat),57.81903,105.02469,0.291994,1.000000,57.81903,
1017.0000,TAILPIPE (= nozzle throat),57.81903,105.02469,0.291994,1.000000,57.81903,
1018.0000,TAILPIPE (= nozzle throat),57.81903,105.02469,0.291994,1.000000,57.81903,
1019.0000,TAILPIPE (= nozzle throat),57.81903,105.02469,0.291994,1.000000,57.81903,
1020.0000,TAILPIPE (= nozzle throat),57.81903,105.02469,0.291994,1.000000,57.81903,
1021.0000,TAILPIPE (= nozzle throat),57.81903,105.02469,0.291994,1.000000,57.81903,
1022.0000,TAILPIPE (= nozzle throat),57.81903,105.02469,0.291994,1.000000,57.81903,
1023.0000,TAILPIPE (= nozzle throat),57.81903,105.02469,0.291994,1.000000,57.81903,
1024.0000,TAILPIPE (= nozzle throat),57.81903,105.02469,0.291994,1.000000,57.81903,
1025.0000,TAILPIPE (= nozzle throat),57.81903,105.02469,0.291994,1.000000,57.81903,
1026.0000,TAILPIPE (= nozzle throat),57.81903,105.02469,0.291994,1.000000,57.81903,
1027.0000,TAILPIPE (= nozzle throat),57.81903,105.02469,0.291994,1.000000,57.81903,
1028.0000,TAILPIPE (= nozzle throat),57.81903,105.02469,0.291994,1.000000,57.81903,
1029.0000,TAILPIPE (= nozzle throat),57.81903,105.02469,0.291994,1.000000,57.81903,
1030.0000,TAILPIPE (= nozzle throat),57.81903,105.02469,0.291994,1.000000,57.81903,
1031.0000,TAILPIPE (= nozzle throat),57.81903,105.02469,0.291994,1.000000,57.81903,
1032.0000,TAILPIPE (= nozzle throat),57.81903,105.02469,0.291994,1.000000,57.81903,
1033.0000,TAILPIPE (= nozzle throat),57.81903,105.02469,0.291994,1.000000,57.81903,
1034.0000,TAILPIPE (= nozzle throat),57.81903,105.02469,0.291994,1.000000,57.81903,
1035.0000,TAILPIPE (= nozzle throat),57.81903,105.02469,0.291994,1.000000,57.81903,
1036.0000,TAILPIPE (= nozzle throat),57.81903,105.02469,0.291994,1.000000,57.81903,
1037.0000,TAILPIPE (= nozzle throat),57.81903,105.02469,0.291994,1.000000,57.81903,
1038.0000,TAILPIPE (= nozzle throat),57.81903,105.02469,0.291994,1.000000,57.81903,
1039.0000,TAILPIPE (= nozzle throat),57.81903,105.02469,0.291994,1.000000,57.81903,
1040.0000,TAILPIPE (= nozzle throat),57.81903,105.02469,0.291994,1.000000,57.81903,
1041.0000,TAILPIPE (= nozzle throat),57.81903,105.02469,0.291994,1.000000,57.81903,
1042.0000,TAILPIPE (= nozzle throat),57.81903,105.02469,0.291994,1.000000,57.81903,
1043.0000,TAILPIPE (= nozzle throat),57.81903,105.02469,0.291994,1.000000,57.81903,
1044.0000,TAILPIPE (= nozzle throat),57.81903,105.02469,0.291994,1.000000,57.81903,
1045.0000,TAILPIPE (= nozzle throat),57.81903,105.02469,0.291994,1.000000,57.81903,
1046.0000,TAILPIPE (= nozzle throat),57.81903,105.02469,0.291994,1.000000,57.81903,
1047.0000,TAILPIPE (= nozzle throat),57.81903,105.02469,0.291994,1.000000,57.81903,
1048.0000,TAILPIPE (= nozzle throat),57.81903,105.02469,0.291994,1.000000,57.81903,
1049.0000,TAILPIPE (= nozzle throat),57.81903,105.02469,0.291994,1.000000,57.81903,
1050.0000,TAILPIPE (= nozzle throat),57.81903,105.02469,0.291994,1.000000,57.81903,
1051.0000,TAILPIPE (= nozzle throat),57.81903,105.02469,0.291994,1.000000,57.81903,
1052.0000,TAILPIPE (= nozzle throat),57.81903,105.02469,0.291994,1.000000,57.81903,
1053.0000,TAILPIPE (= nozzle throat),57.81903,105.02469,0.291994,1.000000,57.81903,
1054.0000,TAILPIPE (= nozzle throat),57.81903,105.02469,0.291994,1.000000,57.81903,
1055.0000,TAILPIPE (= nozzle throat),57.81903,105.02469,0.291994,1.000000,57.81903,
1056.0000,TAILPIPE (= nozzle throat),57.81903,105.02469,0.291994,1.000000,57.81903,
1057.0000,TAILPIPE (= nozzle throat),57.81903,105.02469,0.291994,1.000000,57.81903,
1058.0000,TAILPIPE (= nozzle throat),57.81903,105.02469,0.291994,1.000000,57.81903,
1059.0000,TAILPIPE (= nozzle throat),57.81903,105.02469,0.291994,1.000000,57.81903,
1060.0000,TAILPIPE (= nozzle throat),57.81903,105.02469,0.291994,1.000000,57.81903,
1061.0000,TAILPIPE (= nozzle throat),57.81903,105.02469,0.291994,1.000000,57.81903,
1062.0000,TAILPIPE (= nozzle throat),57.81903,105.02469,0.291994,1.000000,57.81903,
1063.0000,TAILPIPE (= nozzle throat),57.81903,105.02469,0.291994,1.000000,57.81903,
1064.0000,TAILPIPE (= nozzle throat),57.81903,105.02469,0.291994,1.000000,57.81903,
1065.0000,TAILPIPE (= nozzle throat),57.81903,105.02469,0.291994,1.000000,57.81903,
1066.0000,TAILPIPE (= nozzle throat),57.81903,105.02469,0.291994,1.000000,57.81903,
1067.0000,TAILPIPE (= nozzle throat),57.81903,105.02469,0.291994,1.000000,57.81903,
1068.0000,TAILPIPE (= nozzle throat),57.81903,105.02469,0.291994,1.000000,57.81903,
1069.0000,TAILPIPE (= nozzle throat),57.81903,105.02469,0.291994,1.000000,57.81903,
1070.0000,TAILPIPE (= nozzle throat),57.81903,105.02469,0.291994,1.000000,57.81903,
1071.0000,TAILPIPE (= nozzle throat),57.81903,105.02469,0.291994,1.000000,57.81903,
1072.0000,TAILPIPE (= nozzle throat),57.81903,105.02469,0.291994,1.000000,57.81903,
1073.0000,TAILPIPE (= nozzle throat),57.81903,105.02469,0.291994,1.000000,57.81903,
1074.0000,TAILPIPE (= nozzle throat),57.81903,105.02469,0.291994,1.000000,57.81903,
1075.0000,TAILPIPE (= nozzle throat),57.81903,105.02469,0.291994,1.000000,57.81903,
1076.0000,TAILPIPE (= nozzle throat),57.81903,105.02469,0.291994,1.000000,57.81903,
1077.0000,TAILPIPE (= nozzle throat),57.81903,105.02469,0.291994,1.000000,57.81903,
1078.0000,TAILPIPE (= nozzle throat),57.81903,105.02469,0.291994,1.000000,57.81903,
1079.0000,TAILPIPE (= nozzle throat),57.81903,105.02469,0.291994,1.000000,57.81903,
1080.0000,TAILPIPE (= nozzle throat),57.81903,105.02469,0.291994,1.000000,57.81903,
1081.0000,TAILPIPE (= nozzle throat),57.81903,105.02469,0.291994,1.000000,57.81903,
1082.0000,TAILPIPE (= nozzle throat),57.81903,105.02469,0.291994,1.000000,57.81903,
1083.0000,TAILPIPE (= nozzle throat),57.81903,105.02469,0.291994,1.000000,57.81903,
1084.0000,TAILPIPE (= nozzle throat),57.81903,105.02469,0.291994,1.000000,57.81903,
1085.0000,TAILPIPE (= nozzle throat),57.81903,105.02469,0.291994,1.000000,57.81903,
1086.0000,TAILPIPE (= nozzle throat),57.81903,105.02469,0.291994,1.000000,57.81903,
1087.0000,TAILPIPE (= nozzle throat),57.81903,105.02469,0.291994,1.000000,57.81903,
1088.0000,TAILPIPE (= nozzle throat),57.81903,105.02469,0.291994,1.000000,57.81903,
1089.0000,TAILPIPE (= nozzle throat),57.81903,105.02469,0.291994,1.000000,57.81903,
1090.0000,TAILPIPE (= nozzle throat),57.81903,105.02469,0.291994,1.000000,57.81903,
1091.0000,TAILPIPE (= nozzle throat),57.81903,105.02469,0.291994,1.000000,57.81903,
1092.0000,TAILPIPE (= nozzle throat),57.81903,105.02469,0.291994,1.000000,57.81903,
1093.0000,TAILPIPE (= nozzle throat),57.81903,105.02469,0.291994,1.000000,57.81903,
1094.0000,TAILPIPE (= nozzle throat),57.81903,105.02469,0.291994,1.000000,57.81903,
1095.0000,TAILPIPE (= nozzle throat),57.81903,105.02469,0.291994,1.000000,57.81903,
1096.0000,TAILPIPE (= nozzle throat),57.81903,105.02469,0.291994,1.000000,57.81903,
1097.0000,TAILPIPE (= nozzle throat),57.81903,105.02469,0.291994,1.000000,57.81903,
1098.0000,TAILPIPE (= nozzle throat),57.81903,105.02469,0.291994,1.000000,57.81903,
1099.0000,TAILPIPE (= nozzle throat),57.81903,105.02469,0.291994,1.000000,57.81903,
1100.0000,TAILPIPE (= nozzle throat),57.81903,105.02469,0.291994,1.000000,57.81903,
1101.0000,TAILPIPE (= nozzle throat),57.81903,105.02469,0.291994,1.000000,57.81903,
1102.0000,TAILPIPE (= nozzle throat),57.81903,105.02469,0.291994,1.000000,57.81903,
1103.0000,TAILPIPE (= nozzle throat),57.81903,105.02469,0.291994,1.000000,57.81903,
1104.0000,TAILPIPE (= nozzle throat),57.81903,105.02469,0.291994,1.000000,57.81903,
1105.0000,TAILPIPE (= nozzle throat),57.81903,105.02469,0.291994,1.000000,57.81903,
1106.0000,TAILPIPE (= nozzle throat),57.81903,105.02469,0.291994,1.000000,57.81903,
1107.0000,TAILPIPE (= nozzle throat),57.81903,105.02469,0.291994,1.000000,57.81903,
1108.0000,TAILPIPE (= nozzle throat),57.81903,105.02469,0.291994,1.000000,57.81903,
1109.0000,TAILPIPE (= nozzle throat),57.81903,105.02469,0.291994,1.000000,57.81903,
1110.0000,TAILPIPE (= nozzle throat),57.81903,105.02469,0.291994,1.000000,57.81903,
1111.0000,TAILPIPE (= nozzle throat),57.81903,105.02469,0.291994,1.000000,57.81903,
1112.0000,TAILPIPE (= nozzle throat),57.81903,105.02469,0.291994,1.000000,57.81903,
1113.0000,TAILPIPE (= nozzle throat),57.81903,105.02469,0.291994,1.000000,57.81903,
1114.0000,TAILPIPE (= nozzle throat),57.81903,105.02469,0.291994,1.000000,57.81903,
1115.0000,TAILPIPE (= nozzle throat),57.81903,105.02469,0.291994,1.000000,57.81903,
1116.0000,TAILPIPE (= nozzle throat),57.81903,105.02469,0.291994,1.000000,57.81903,
1117.0000,TAILPIPE (= nozzle throat),57.81903,105.02469,0.291994,1.000000,57.81903,
1118.0000,TAILPIPE (= nozzle throat),57.81903,105.02469,0.291994,1.000000,57.81903,
1119.0000,TAILPIPE (= nozzle throat),57.81903,105.02469,0.291994,1.000000,57.81903,
1120.0000,TAILPIPE (= nozzle throat),57.81903,105.02469,0.291994,1.000000,57.81903,
1121.0000,TAILPIPE (= nozzle throat),57.81903,105.02469,0.291994,1.000000,57.81903,
1122.0000,TAILPIPE (= nozzle throat),57.81903,105.02469,0.291994,1.000000,57.81903,
1123.0000,TAILPIPE (= nozzle throat),57.81903,105.02469,0.291994,1.000000,57.81903,
1124.0000,TAILPIPE (= nozzle throat),57.81903,105.02469,0.291994,1.000000,57.81903,
1125.0000,TAILPIPE (= nozzle throat),57.81903,105.02469,0.291994,1.000000,57.81903,
1126.0000,TAILPIPE (= nozzle throat),57.81903,105.02469,0.291994,1.000000,57.81903,
1127.0000,TAILPIPE (= nozzle throat),57.81903,105.02469,0.291994,1.000000,57.81903,
1128.0000,TAILPIPE (= nozzle throat),57.81903,105.02469,0.291994,1.000000,57.81903,
1129.0000,TAILPIPE (= nozzle throat),57.81903,105.02469,0.291994,1.000000,57.81903,
1130.0000,TAILPIPE (= nozzle throat),57.81903,105.02469,0.291994,1.000000,57.81903,
1131.0000,TAILPIPE (= nozzle throat),57.81903,105.02469,0.291994,1.000000,57.81903,
1132.0000,TAILPIPE (= nozzle throat),57.81903,105.02469,0.291994,1.000000,57.81903,
1133.0000,TAILPIPE (= nozzle throat),57.81903,105.02469,0.291994,1.000000,57.81903,
1134.0000,TAILPIPE (= nozzle throat),57.81903,105.02469,0.291994,1.000000,57.81903,
1135.0000,TAILPIPE (= nozzle throat),57.81903,105.02469,0.291994,1.000000,57.81903,
1136.0000,TAILPIPE (= nozzle throat),57.81903,105.02469,0.291994,1.000000,57.81903,
1137.0000,TAILPIPE (= nozzle throat),57.81903,105.02469,0.291994,1.000000,57.81903,
1138.0000,TAILPIPE (= nozzle throat),57.81903,105.02469,0.291994,1.000000,57.81903,
1139.0000,TAILPIPE (= nozzle throat),57.81903,105.02469,0.291994,1.000000,57.81903,
1140.0000,TAILPIPE (= nozzle throat),57.81903,105.02469,0.291994,1.000000,57.81903,
1141.0000,TAILPIPE (= nozzle throat),57.81903,105.02469,0.291994,1.000000,57.81903,
1142.0000,TAILPIPE (= nozzle throat),57.81903,105.02469,0.291994,1.000000,57.81903,
1143.0000,TAILPIPE (= nozzle throat),57.81903,105.02469,0.291994,1.000000,57.81903,
1144.0000,TAILPIPE (= nozzle throat),57.81903,105.02469,0.291994,1.000000,57.81903,
1145.0000,TAILPIPE (= nozzle throat),57.81903,105.02469,0.291994,1.000000,57.81903,
1146.0000,TAILPIPE (= nozzle throat),57.81903,105.02469,0.291994,1.000000,57.81903,
1147.0000,TAILPIPE (= nozzle throat),57.81903,105.02469,0.291994,1.000000,57.81903,
1148.0000,TAILPIPE (= nozzle throat),57.81903,105.02469,0.291994,1.000000,57.81903,
1149.0000,TAILPIPE (= nozzle throat),57.81903,105.02469,0.291994,1.000000,57.81903,
1150.0000,TAILPIPE (= nozzle throat),57.81903,105.02469,0.291994,1.000000,57.81903,
1151.0000,TAILPIPE (= nozzle throat),57.81903,105.02469,0.291994,1.000000,57.81903,
1152.0000,TAILPIPE (= nozzle throat),57.81903,105.02469,0.291994,1.000000,57.81903,
1153.0000,TAILPIPE (= nozzle throat),57.81903,105.02469,0.291994,1.000000,57.81903,
1154.0000,TAILPIPE (= nozzle throat),57.81903,105.02469,0.291994,1.000000,57.81903,
1155.0000,TAILPIPE (= nozzle throat),57.81903,105.02469,0.291994,1.000000,57.81903,
1156.0000,TAILPIPE (= nozzle throat),57.81903,105.02469,0.291994,1.000000,57.81903,
1157.0000,TAILPIPE (= nozzle throat),57.81903,105.02469,0.291994,1.000000,57.81903,
1158.0000,TAILPIPE (= nozzle throat),57.81903,105.02469,0.291994,1.000000,57.81903,
1159.0000,TAILPIPE (= nozzle throat),57.81903,105.02469,0.291994,1.000000,57.81903,
1160.0000,TAILPIPE (= nozzle throat),57.81903,105.02469,0.291994,1.000000,57.81903,
1161.0000,TAILPIPE (= nozzle throat),57.81903,105.02469,0.291994,1.000000,57.81903,
1162.0000,TAILPIPE (= nozzle throat),57.81903,105.02469,0.291994,1.000000,57.81903,
1163.0000,TAILPIPE (= nozzle throat),57.81903,105.02469,0.291994,1.000000,57.81903,
1164.0000,TAILPIPE (= nozzle throat),57.81903,105.02469,0.291994,1.000000,57.81903,
1165.0000,TAILPIPE (= nozzle throat),57.81903,105.02469,0.291994,1.000000,57.81903,
1166.0000,TAILPIPE (= nozzle throat),57.81903,105.02469,0.291994,1.000000,57.81903,
1167.0000,TAILPIPE (= nozzle throat),57.81903,105.02469,0.291994,1.000000,57.81903,
1168.0000,TAILPIPE (= nozzle throat),57.81903,105.02469,0.291994,1.000000,57.81903,
1169.0000,TAILPIPE (= nozzle throat),57.81903,105.02469,0.291994,1.000000,57.81903,
1170.0000,TAILPIPE (= nozzle throat),57.81903,105.02469,0.291994,1.000000,57.81903,
1171.0000,TAILPIPE (= nozzle throat),57.81903,105.02469,0.291994,1.000000,57.81903,
1172.0000,TAILPIPE (= nozzle throat),57.81903,105.02469,0.291994,1.000000,57.81903,
1173.0000,TAILPIPE (= nozzle throat),57.81903,105.02469,0.291994,1.000000,57.81903,
1174.0000,TAILPIPE (= nozzle throat),57.81903,105.02469,0.291994,1.000000,57.81903,
1175.0000,TAILPIPE (= nozzle throat),57.81903,105.02469,0.291994,1.000000,57.81903,
1176.0000,TAILPIPE (= nozzle throat),57.81903,105.02469,0.291994,1.000000,57.81903,
1177.0000,TAILPIPE (= nozzle throat),57.81903,105.02469,0.291994,1.000000,57.81903,
1178.0000,TAILPIPE (= nozzle throat),57.81903,105.02469,0.291994,1.000000,57.81903,
1179.0000,TAILPIPE (= nozzle throat),57.81903,105.02469,0.291994,1.000000,57.81903,
1180.0000,TAILPIPE (= nozzle throat),57.81903,105.02469,0.291994,1.000000,57.81903,
1181.0000,TAILPIPE (= nozzle throat),57.81903,105.02469,0.291994,1.000000,57.81903,
1182.0000,TAILPIPE (= nozzle throat),57.81903,105.02469,0.291994,1.000000,57.81903,
1183.0000,TAILPIPE (= nozzle throat),57.81903,105.02469,0.291994,1.000000,57.81903,
1184.0000,TAILPIPE (= nozzle throat),57.81903,105.02469,0.291994,1.000000,57.81903,
1185.0000,TAILPIPE (= nozzle throat),57.81903,105.02469,0.291994,1.000000,57.81903,
1186.0000,TAILPIPE (= nozzle throat),57.81903,105.02469,0.291994,1.000000,57.81903,
1187.0000,TAILPIPE (= nozzle throat),57.81903,105.02469,0.291994,1.000000,57.81903,
1188.0000,TAILPIPE (= nozzle throat),57.81903,105.02469,0.291994,1.000000,57.81903,
1189.0000,TAILPIPE (= nozzle throat),57.81903,105.02469,0.291994,1.000000,57.81903,
1190.0000,TAILPIPE (= nozzle throat),57.81903,105.02469,0.291994,1.000000,57.81903,
1191.0000,TAILPIPE (= nozzle throat),57.81903,105.02469,0.291994,1.000000,57.81903,
1192.0000,TAILPIPE (= nozzle throat),57.81903,105.02469,0.291994,1.000000,57.81903,
1193.0000,TAILPIPE (= nozzle throat),57.81903,105.02469,0.291994,1.000000,57.81903,
1194.0000,TAILPIPE (= nozzle throat),57.81903,105.02469,0.291994,1.000000,57.81903,
1195.0000,TAILPIPE (= nozzle throat),57.81903,105.02469,0.291994,1.000000,57.81903,
1196.0000,TAILPIPE (= nozzle throat),57.81903,105.02469,0.291994,1.000000,57.81903,
1197.0000,TAILPIPE (= nozzle throat),57.81903,105.02469,0.291994,1.000000,57.81903,
1198.0000,TAILPIPE (= nozzle throat),57.81903,105.02469,0.291994,1.000000,57.81903,
1199.0000,TAILPIPE (= nozzle throat),57.81903,105.02469,0.291994,1.000000,57.81903,
1200.0000,TAILPIPE (= nozzle throat),57.81903,105.02469,0.291994,1.000000,57.81903,
1201.0000,TAILPIPE (= nozzle throat),57.81903,105.02469,0.291994,1.000000,57.81903,
1202.0000,TAILPIPE (= nozzle throat),57.81903,105.02469,0.291994,1.000000,57.81903,
1203.0000,TAILPIPE (= nozzle throat),57.81903,105.02469,0.291994,1.000000,57.81903,
1204.0000,TAILPIPE (= nozzle throat),57.81903,105.02469,0.291994,1.000000,57.81903,
1205.0000,TAILPIPE (= nozzle throat),57.81903,105.02469,0.291994,1.000000,57.81903,
1206.0000,TAILPIPE (= nozzle throat),57.81903,105.02469,0.291994,1.000000,57.81903,
1207.0000,TAILPIPE (= nozzle throat),57.81903,105.02469,0.291994,1.000000,57.81903,
1208.0000,TAILPIPE (= nozzle throat),57.81903,105.02469,0.291994,1.000000,57.81903,
1209.0000,TAILPIPE (= nozzle throat),57.81903,105.02469,0.291994,1.000000,57.81903,
1210.0000,TAILPIPE (= nozzle throat),57.81903,105.02469,0.291994,1.000000,57.81903,
1211.0000,TAILPIPE (= nozzle throat),57.81903,105.02469,0.291994,1.000000,57.81903,
1212.0000,TAILPIPE (= nozzle throat),57.81903,105.02469,0.291994,1.000000,57.81903,
1213.0000,TAILPIPE (= nozzle throat),57.81903,105.02469,0.291994,1.000000,57.81903,
1214.0000,TAILPIPE (= nozzle throat),57.81903,105.02469,0.291994,1.000000,57.81903,
1215.0000,TAILPIPE (= nozzle throat),57.81903,105.02469,0.291994,1.000000,57.81903,
1216.0000,TAILPIPE (= nozzle throat),57.81903,105.02469,0.291994,1.000000,57.81903,
1217.0000,TAILPIPE (= nozzle throat),57.81903,105.02469,0.291994,1.000000,57.81903,
1218.0000,TAILPIPE (= nozzle throat),57.81903,105.02469,0.291994,1.000000,57.81903,
1219.0000,TAILPIPE (= nozzle throat),57.81903,105.02469,0.291994,1.000000,57.81903,
1220.0000,TAILPIPE (= nozzle throat),57.81903,105.02469,0.291994,1.000000,57.81903,
1221.0000,TAILPIPE (= nozzle throat),57.81903,105.02469,0.291994,1.000000,57.81903,
1222.0000,TAILPIPE (= nozzle throat),57.81903,105.02469,0.291994,1.000000,57.81903,
1223.0000,TAILPIPE (= nozzle throat),57.81903,105.02469,0.291994,1.000000,57.81903,
1224.0000,TAILPIPE (= nozzle throat),57.81903,105.02469,0.291994,1.000000,57.81903,
1225.0000,TAILPIPE (= nozzle throat),57.81903,105.02469,0.291994,1.000000,57.81903,
1226.0000,TAILPIPE (= nozzle throat),57.81903,105.02469,0.291994,1.000000,57.81903,
1227.0000,TAILPIPE (= nozzle throat),57.81903,105.02469,0.291994,1.000000,57.81903,
1228.0000,TAILPIPE (= nozzle throat),57.81903,105.02469,0.291994,1.000000,57.81903,
1229.0000,TAILPIPE (= nozzle throat),57.81903,105.02469,0.291994,1.000000,57.81903,
1230.0000,TAILPIPE (= nozzle throat),57.81903,105.02469,0.291994,1.000000,57.81903,
1231.0000,TAILPIPE (= nozzle throat),57.81903,105.02469,0.291994,1.000000,57.81903,
1232.0000,TAILPIPE (= nozzle throat),57.81903,105.02469,0.291994,1.000000,57.81903,
1233.0000,TAILPIPE (= nozzle throat),57.81903,105.02469,0.291994,1.000000,57.81903,
1234.0000,TAILPIPE (= nozzle throat),57.81903,105.02469,0.291994,1.000000,57.81903,
1235.0000,TAILPIPE (= nozzle throat),57.81903,105.02469,0.291994,1.000000,57.81903,
1236.0000,TAILPIPE (= nozzle throat),57.81903,105.02469,0.291994,1.000000,57.81903,
1237.0000,TAILPIPE (= nozzle throat),57.81903,105.02469,0.291994,1.000000,57.81903,
1238.0000,TAILPIPE (= nozzle throat),57.81903,105.02469,0.291994,1.000000,57.81903,
1239.0000,TAILPIPE (= nozzle throat),57.81903,105.02469,0.291994,1.000000,57.81903,
1240.0000,TAILPIPE (= nozzle throat),57.81903,105.02469,0.291994,1.000000,57.81903,
1241.0000,TAILPIPE (= nozzle throat),57.81903,105.02469,0.291994,1.000000,57.81903,
1242.0000,TAILPIPE (= nozzle throat),57.81903,105.02469,0.291994,1.000000,57.81903,
1243.0000,TAILPIPE (= nozzle throat),57.81903,105.02469,0.291994,1.000000,57.81903,
1244.0000,TAILPIPE (= nozzle throat),57.81903,105.02469,0.291994,1.000000,57.81903,
1245.0000,TAILPIPE (= nozzle throat),57.81903,105.02469,0.291994,1.000000,57.81903,
1246.0000,TAILPIPE (= nozzle throat),57.81903,105.02469,0.291994,1.000000,57.81903,
1247.0000,TAILPIPE (= nozzle throat),57.81903,105.02469,0.291994,1.000000,57.81903,
1248.0000,TAILPIPE (= nozzle throat),57.81903,105.02469,0.291994,1.000000,57.81903,
1249.0000,TAILPIPE (= nozzle throat),57.81903,105.02469,0.291994,1.000000,57.81903,
1250.0000,TAILPIPE (= nozzle throat),57.81903,105.02469,0.291994,1.000000,57.81903,
1251.0000,TAILPIPE (= nozzle throat),57.81903,105.02469,0.291994,1.000000,57.81903,
1252.0000,TAILPIPE (= nozzle throat),57.81903,105.02469,0.291994,1.000000,57.81903,
1253.0000,TAILPIPE (= nozzle throat),57.81903,105.02469,0.291994,1.000000,57.81903,
1254.0000,TAILPIPE (= nozzle throat),57.81903,105.02469,0.291994,1.000000,57.81903,
1255.0000,TAILPIPE (= nozzle throat),57.81903,105.02469,0.291994,1.000000,57.81903,
1256.0000,TAILPIPE (= nozzle throat),57.81903,105.02469,0.291994,1.000000,57.81903,
1257.0000,TAILPIPE (= nozzle throat),57.81903,105.02469,0.291994,1.000000,57.81903,
1258.0000,TAILPIPE (= nozzle throat),57.81903,105.02469,0.291994,1.000000,57.81903,
1259.0000,TAILPIPE (= nozzle throat),57.81903,105.02469,0.291994,1.000000,57.81903,
1260.0000,TAILPIPE (= nozzle throat),57.81903,105.02469,0.291994,1.000000,57.81903,
1261.0000,TAILPIPE (= nozzle throat),57.81903,105.02469,0.291994,1.000000,57.81903,
1262.0000,TAILPIPE (= nozzle throat),57.81903,105.02469,0.291994,1.000000,57.81903,
1263.0000,TAILPIPE (= nozzle throat),57.81903,105.02469,0.291994,1.000000,57.81903,
1264.0000,TAILPIPE (= nozzle throat),57.81903,105.02469,0.291994,1.000000,57.81903,
1265.0000,TAILPIPE (= nozzle throat),57.81903,105.02469,0.291994,1.000000,57.81903,
1266.0000,TAILPIPE (= nozzle throat),57.81903,105.02469,0.291994,1.000000,57.81903,
1267.0000,TAILPIPE (= nozzle throat),57.81903,105.02469,0.291994,1.000000,57.81903,
1268.0000,TAILPIPE (= nozzle throat),57.81903,105.02469,0.291994,1.000000,57.81903,
1269.0000,TAILPIPE (= nozzle throat),57.81903,105.02469,0.291994,1.000000,57.81903,
1270.0000,TAILPIPE (= nozzle throat),57.81903,105.02469,0.291994,1.000000,57.81903,
1271.0000,TAILPIPE (= nozzle throat),57.81903,105.02469,0.291994,1.000000,57.81903,
1272.0000,TAILPIPE (= nozzle throat),57.81903,105.02469,0.291994,1.000000,57.81903,
1273.0000,TAILPIPE (= nozzle throat),57.81903,105.02469,0.291994,1.000000,57.81903,
1274.0000,TAILPIPE (= nozzle throat),57.81903,105.02469,0.291994,1.000000,57.81903,
1275.0000,TAILPIPE (= nozzle throat),57.81903,105.02469,0.291994,1.000000,57.81903,
1276.0000,TAILPIPE (= nozzle throat),57.81903,105.02469,0.291994,1.000000,57.81903,
1277.0000,TAILPIPE (= nozzle throat),57.81903,105.02469,0.291994,1.000000,57.81903,
1278.0000,TAILPIPE (= nozzle throat),57.81903,105.02469,0.291994,1.000000,57.81903,
1279.0000,TAILPIPE (= nozzle throat),57.81903,105.02469,0.291994,1.000000,57.81903,
1280.0000,TAILPIPE (= nozzle throat),57.81903,105.02469,0.291994,1.000000,57.81903,
1281.0000,TAILPIPE (= nozzle throat),57.81903,105.02469,0.291994,1.000000,57.81903,
1282.0000,TAILPIPE (= nozzle throat),57.81903,105.02469,0.291994,1.000000,57.81903,
1283.0000,TAILPIPE (= nozzle throat),57.81903,105.02469,0.291994,1.000000,57.81903,
1284.0000,TAILPIPE (= nozzle throat),57.81903,105.02469,0.291994,1.000000,57.81903,
1285.0000,TAILPIPE (= nozzle throat),57.81903,105.02469,0.291994,1.000000,57.81903,
1286.0000,TAILPIPE (= nozzle throat),57.81903,105.02469,0.291994,1.000000,57.81903,
1287.0000,TAILPIPE (= nozzle throat),57.81903,105.02469,0.291994,1.000000,57.81903,
1288.0000,TAILPIPE (= nozzle throat),57.81903,105.02469,0.291994,1.000000,57.81903,
1289.0000,TAILPIPE (= nozzle throat),57.81903,105.02469,0.291994,1.000000,57.81903,
1290.0000,TAILPIPE (= nozzle throat),57.81903,105.02469,0.291994,1.000000,57.81903,
1291.0000,TAILPIPE (= nozzle throat),57.81903,105.02469,0.291994,1.000000,57.81903,
1292.0000,TAILPIPE (= nozzle throat),57.81903,105.02469,0.291994,1.000000,57.81903,
1293.0000,TAILPIPE (= nozzle throat),57.81903,105.02469,0.291994,1.000000,57.81903,
1294.0000,TAILPIPE (= nozzle throat),57.81903,105.02469,0.291994,1.000000,57.81903,
1295.0000,TAILPIPE (= nozzle throat),57.81903,105.02469,0.291994,1.000000,57.81903,
1296.0000,TAILPIPE (= nozzle throat),57.81903,105.02469,0.291994,1.000000,57.81903,
1297.0000,TAILPIPE (= nozzle throat),57.81903,105.02469,0.291994,1.000000,57.81903,
1298.0000,TAILPIPE (= nozzle throat),57.81903,105.02469,0.291994,1.000000,57.81903,
1299.0000,TAILPIPE (= nozzle throat),57.81903,105.02469,0.291994,1.000000,57.81903,
1300.0000,TAILPIPE (= nozzle throat),57.81903,105.02469,0.291994,1.000000,57.81903,
1301.0000,TAILPIPE (= nozzle throat),57.81903,105.02469,0.291994,1.000000,57.81903,
1302.0000,TAILPIPE (= nozzle throat),57.81903,105.02469,0.291994,1.000000,57.81903,
1303.0000,TAILPIPE (= nozzle throat),57.81903,105.02469,0.291994,1.000000,57.81903,
1304.0000,TAILPIPE (= nozzle throat),57.81903,105.02469,0.291994,1.000000,57.81903,
1305.0000,TAILPIPE (= nozzle throat),57.81903,105.02469,0.291994,1.000000,57.81903,
1306.0000,TAILPIPE (= nozzle throat),57.81903,105.02469,0.291994,1.000000,57.81903,
1307.0000,TAILPIPE (= nozzle throat),57.81903,105.02469,0.291994,1.000000,57.81903,
1308.0000,TAILPIPE (= nozzle throat),57.81903,105.02469,0.291994,1.000000,57.81903,
1309.0000,TAILPIPE (= nozzle throat),57.81903,105.02469,0.291994,1.000000,57.81903,
1310.0000,TAILPIPE (= nozzle throat),57.81903,105.02469,0.291994,1.000000,57.81903,
1311.0000,TAILPIPE (= nozzle throat),57.81903,105.02469,0.291994,1.000000,57.81903,
1312.0000,TAILPIPE (= nozzle throat),57.81903,105.02469,0.291994,1.000000,57.81903,
1313.0000,TAILPIPE (= nozzle throat),57.81903,105.02469,0.291994,1.000000,57.81903,
1314.0000,TAILPIPE (= nozzle throat),57.81903,105.02469,0.291994,1.000000,57.81903,
1315.0000,TAILPIPE (= nozzle throat),57.81903,105.02469,0.291994,1.000000,57.81903,
1316.0000,TAILPIPE (= nozzle throat),57.81903,105.02469,0.291994,1.000000,57.81903,
1317.0000,TAILPIPE (= nozzle throat),57.81903,105.02469,0.291994,1.000000,57.81903,
1318.0000,TAILPIPE (= nozzle throat),57.81903,105.02469,0.291994,1.000000,57.81903,
1319.0000,TAILPIPE (= nozzle throat),57.81903,105.02469,0.291994,1.000000,57.81903,
1320.0000,TAILPIPE (= nozzle throat),57.81903,105.02469,0.291994,1.000000,57.81903,
1321.0000,TAILPIPE (= nozzle throat),57.81903,105.02469,0.291994,1.000000,57.81903,
1322.0000,TAILPIPE (= nozzle throat),57.81903,105.02469,0.291994,1.000000,57.81903,
1323.0000,TAILPIPE (= nozzle throat),57.81903,105.02469,0.291994,1.000000,57.81903,
1324.0000,TAILPIPE (= nozzle throat),57.81903,105.02469,0.291994,1.000000,57.81903,
1325.0000,TAILPIPE (= nozzle throat),57.81903,105.02469,0.291994,1.000000,57.81903,
1326.0000,TAILPIPE (= nozzle throat),57.81903,105.02469,0.291994,1.000000,57.81903,
1327.0000,TAILPIPE (= nozzle throat),57.81903,105.02469,0.291994,1.000000,57.81903,
1328.0000,TAILPIPE (= nozzle throat),57.81903,105.02469,0.291994,1.000000,57.81903,
1329.0000,TAILPIPE (= nozzle throat),57.81903,105.02469,0.291994,1.000000,57.81903,
1330.0000,TAILPIPE (= nozzle throat),57.81903,105.02469,0.291994,1.000000,57.81903,
1331.0000,TAILPIPE (= nozzle throat),57.81903,105.02469,0.291994,1.000000,57.81903,
1332.0000,TAILPIPE (= nozzle throat),57.81903,105.02469,0.291994,1.000000,57.81903,
1333.0000,TAILPIPE (= nozzle throat),57.81903,105.02469,0.291994,1.000000,57.81903,
1334.0000,TAILPIPE (= nozzle throat),57.81903,105.02469,0.291994,1.000000,57.81903,
1335.0000,TAILPIPE (= nozzle throat),57.81903,105.02469,0.291994,1.000000,57.81903,
1336.0000,TAILPIPE (= nozzle throat),57.81903,105.02469,0.291994,1.000000,57.81903,
1337.0000,TAILPIPE (= nozzle throat),57.81903,105.02469,0.291994,1.000000,57.81903,
1338.0000,TAILPIPE (= nozzle throat),57.81903,105.02469,0.291994,1.000000,57.81903,
1339.0000,TAILPIPE (= nozzle throat),57.81903,105.02469,0.291994,1.000000,57.81903,
1340.0000,TAILPIPE (= nozzle throat),57.81903,105.02469,0.291994,1.000000,57.81903,
1341.0000,TAILPIPE (= nozzle throat),57.81903,105.02469,0.291994,1.000000,57.81903,
1342.0000,TAILPIPE (= nozzle throat),57.81903,105.02469,0.291994,1.000000,57.81903,
1343.0000,TAILPIPE (= nozzle throat),57.81903,105.02469,0.291994,1.000000,57.81903,
1344.0000,TAILPIPE (= nozzle throat),57.81903,105.02469,0.291994,1.000000,57.81903,
1345.0000,TAILPIPE (= nozzle throat),57.81903,105.02469,0.291994,1.000000,57.81903,
1346.0000,TAILPIPE (= nozzle throat),57.81903,105.02469,0.291994,1.000000,57.81903,
1347.0000,TAILPIPE (= nozzle throat),57.81903,105.02469,0.291994,1.000000,57.81903,
1348.0000,TAILPIPE (= nozzle throat),57.81903,105.02469,0.291994,1.000000,57.81903,
1349.0000,TAILPIPE (= nozzle throat),57.81903,105.02469,0.291994,1.000000,57.81903,
1350.0000,TAILPIPE (= nozzle throat),57.81903,105.02469,0.291994,1.000000,57.81903,
1351.0000,TAILPIPE (= nozzle throat),57.81903,105.02469,0.291994,1.000000,57.81903,
1352.0000,TAILPIPE (= nozzle throat),57.81903,105.02469,0.291994,1.000000,57.81903,
1353.0000,TAILPIPE (= nozzle throat),57.81903,105.02469,0.291994,1.000000,57.81903,
1354.0000,TAILPIPE (= nozzle throat),57.81903,105.02469,0.291994,1.000000,57.81903,
1355.0000,TAILPIPE (= nozzle throat),57.81903,105.02469,0.291994,1.000000,57.81903,
1356.0000,TAILPIPE (= nozzle throat),57.81903,105.02469,0.291994,1.000000,57.81903,
1357.0000,TAILPIPE (= nozzle throat),57.81903,105.02469,0.291994,1.000000,57.81903,
1358.0000,TAILPIPE (= nozzle throat),57.81903,105.02469,0.291994,1.000000,57.81903,
1359.0000,TAILPIPE (= nozzle throat),57.81903,105.02469,0.291994,1.000000,57.81903,
1360.0000,TAILPIPE (= nozzle throat),57.81903,105.02469,0.291994,1.000000,57.81903,
1361.0000,TAILPIPE (= nozzle throat),57.81903,105.02469,0.291994,1.000000,57.81903,
1362.0000,TAILPIPE (= nozzle throat),57.81903,105.02469,0.291994,1.000000,57.81903,
1363.0000,TAILPIPE (= nozzle throat),57.81903,105.02469,0.291994,1.000000,57.81903,
1364.0000,TAILPIPE (= nozzle throat),57.81903,105.02469,0.291994,1.000000,57.81903,
1365.0000,TAILPIPE (= nozzle throat),57.81903,105.02469,0.291994,1.000000,57.81903,
1366.0000,TAILPIPE (= nozzle throat),57.81903,105.02469,0.291994,1.000000,57.81903,
1367.0000,TAILPIPE (= nozzle throat),57.81903,105.02469,0.291994,1.000000,57.81903,
1368.0000,TAILPIPE (= nozzle throat),57.81903,105.02469,0.291994,1.000000,57.81903,
1369.0000,TAILPIPE (= nozzle throat),57.81903,105.02469,0.291994,1.000000,57.81903,
1370.0000,TAILPIPE (= nozzle throat),57.81903,105.02469,0.291994,1.000000,57.81903,
1371.0000,TAILPIPE (= nozzle throat),57.81903,105.02469,0.291994,1.000000,57.81903,
1372.0000,TAILPIPE (= nozzle throat),57.81903,105.02469,0.291994,1.000000,57.81903,
1373.0000,TAILPIPE (= nozzle throat),57.81903,105.02469,0.291994,1.000000,57.81903,
1374.0000,TAILPIPE (= nozzle throat),57.81903,105.02469,0.291994,1.000000,57.81903,
1375.0000,TAILPIPE (= nozzle throat),57.81903,105.02469,0.291994,1.000000,57.81903,
1376.0000,TAILPIPE (= nozzle throat),57.81903,105.02469,0.291994,1.000000,57.81903,
1377.0000,TAILPIPE (= nozzle throat),57.81903,105.02469,0.291994,1.000000,57.81903,
1378.0000,TAILPIPE (= nozzle throat),57.81903,105.02469,0.291994,1.000000,57.81903,
1379.0000,TAILPIPE (= nozzle throat),57.81903,105.02469,0.291994,1.000000,57.81903,
1380.0000,TAILPIPE (= nozzle throat),57.81903,105.02469,0.291994,1.000000,57.81903,
1381.0000,TAILPIPE (= nozzle throat),57.81903,105.02469,0.291994,1.000000,57.81903,
1382.0000,TAILPIPE (= nozzle throat),57.81903,105.02469,0.291994,1.000000,57.81903,
1383.0000,TAILPIPE (= nozzle throat),57.81903,105.02469,0.291994,1.000000,57.81903,
1384.0000,TAILPIPE (= nozzle throat),57.81903,105.02469,0.291994,1.000000,57.81903,
1385.0000,TAILPIPE (= nozzle throat),57.81903,105.02469,0.291994,1.000000,57.81903,
1386.0000,TAILPIPE (= nozzle throat),57.81903,105.02469,0.291994,1.000000,57.81903,
1387.0000,TAILPIPE (= nozzle throat),57.81903,105.02469,0.291994,1.000000,57.81903,
1388.0000,TAILPIPE (= nozzle throat),57.81903,105.02469,0.291994,1.000000,57.81903,
1389.0000,TAILPIPE (= nozzle throat),57.81903,105.02469,0.291994,1.000000,57.81903,
1390.0000,TAILPIPE (= nozzle throat),57.81903,105.02469,0.291994,1.000000,57.81903,
1391.0000,TAILPIPE (= nozzle throat),57.81903,105.02469,0.291994,1.000000,57.81903,
1392.0000,TAILPIPE (= nozzle throat),57.81903,105.02469,0.291994,1.000000,57.81903,
1393.0000,TAILPIPE (= nozzle throat),57.81903,105.02469,0.291994,1.000000,57.81903,
1394.0000,TAILPIPE (= nozzle throat),57.81903,105.02469,0.291994,1.000000,57.81903,
1395.0000,TAILPIPE (= nozzle throat),57.81903,105.02469,0.291994,1.000000,57.81903,
1396.0000,TAILPIPE (= nozzle throat),57.81903,105.02469,0.291994,1.000000,57.81903,
1397.0000,TAILPIPE (= nozzle throat),57.81903,105.02469,0.291994,1.000000,57.81903,
1398.0000,TAILPIPE (= nozzle throat),57.81903,105.02469,0.291994,1.000000,57.81903,
1399.0000,TAILPIPE (= nozzle throat),57.81903,105.02469,0.291994,1.000000,57.81903,
1400.0000,TAILPIPE (= nozzle throat),57.81903,105.02469,0.291994,1.000000,57.81903,
1401.0000,TAILPIPE (= nozzle throat),57.81903,105.02469,0.291994,1.000000,57.81903,
1402.0000,TAILPIPE (= nozzle throat),57.81903,105.02469,0.291994,1.000000,57.81903,
1403.0000,TAILPIPE (= nozzle throat),57.81903,105.02469,0.291994,1.000000,57.81903,
1404.0000,TAILPIPE (= nozzle throat),57.81903,105.02469,0.291994,1.000000,57.81903,
1405.0000,TAILPIPE (= nozzle throat),57.81903,105.02469,0.291994,1.000000,57.81903,
1406.0000,TAILPIPE (= nozzle throat),57.81903,105.02469,0.291994,1.000000,57.81903,
1407.0000,TAILPIPE (= nozzle throat),57.81903,105.02469,0.291994,1.000000,57.81903,
1408.0000,TAILPIPE (= nozzle throat),57.81903,105.02469,0.291994,1.000000,57.81903,
1409.0000,TAILPIPE (= nozzle throat),57.81903,105.02469,0.291994,1.000000,57.81903,
1410.0000,TAILPIPE (= nozzle throat),57.81903,105.02469,0.291994,1.000000,57.81903,
1411.0000,TAILPIPE (= nozzle throat),57.81903,105.02469,0.291994,1.000000,57.81903,
1412.0000,TAILPIPE (= nozzle throat),57.81903,105.02469,0.291994,1.000000,57.81903,
1413.0000,TAILPIPE (= nozzle throat),57.81903,105.02469,0.291994,1.000000,57.81903,
1414.0000,TAILPIPE (= nozzle throat),57.81903,105.02469,0.291994,1.000000,57.81903,
1415.0000,TAILPIPE (= nozzle throat),57.81903,105.02469,0.291994,1.000000,57.81903,
1416.0000,TAILPIPE (= nozzle throat),57.81903,105.02469,0.291994,1.000000,57.81903,
1417.0000,TAILPIPE (= nozzle throat),57.81903,105.02469,0.291994,1.000000,57.81903,
1418.0000,TAILPIPE (= nozzle throat),57.81903,105.02469,0.291994,1.000000,57.81903,
1419.0000,TAILPIPE (= nozzle throat),57.81903,105.02469,0.291994,1.000000,57.81903,
1420.0000,TAILPIPE (= nozzle throat),57.81903,105.02469,0.291994,1.000000,57.81903,
1421.0000,TAILPIPE (= nozzle throat),57.81903,105.02469,0.291994,1.000000,57.81903,
1422.0000,TAILPIPE (= nozzle throat),57.81903,105.02469,0.291994,1.000000,57.81903,
1423.0000,TAILPIPE (= nozzle throat),57.81903,105.02469,0.291994,1.000000,57.81903,
1424.0000,TAILPIPE (= nozzle throat),57.81903,105.02469,0.291994,1.000000,57.81903,
1425.0000,TAILPIPE (= nozzle throat),57.81903,105.02469,0.291994,1.000000,57.81903,
1426.0000,TAILPIPE (= nozzle throat),57.81903,105.02469,0.291994,1.000000,57.81903,
1427.0000,TAILPIPE (= nozzle throat),57.81903,105.02469,0.291994,1.000000,57.81903,
1428.0000,TAILPIPE (= nozzle throat),57.81903,105.02469,0.291994,1.000000,57.81903,
1429.0000,TAILPIPE (= nozzle throat),57.81903,105.02469,0.291994,1.000000,57.81903,
1430.0000,TAILPIPE (= nozzle throat),57.81903,105.02469,0.291994,1.000000,57.81903,
1431.0000,TAILPIPE (= nozzle throat),57.81903,105.02469,0.291994,1.000000,57.81903,
1432.0000,TAILPIPE (= nozzle throat),57.81903,105.02469,0.291994,1.000000,57.81903,
1433.0000,TAILPIPE (= nozzle throat),57.81903,105.02469,0.291994,1.000000,57.81903,
1434.0000,TAILPIPE (= nozzle throat),57.81903,105.02469,0.291994,1.000000,57.81903,
1435.0000,TAILPIPE (= nozzle throat),57.81903,105.02469,0.291994,1.000000,57.81903,
1436.0000,TAILPIPE (= nozzle throat),57.81903,105.02469,0.291994,1.000000,57.81903,
1437.0000,TAILPIPE (= nozzle throat),57.81903,105.02469,0.291994,1.000000,57.81903,
1438.0000,TAILPIPE (= nozzle throat),57.81903,105.02469,0.291994,1.000000,57.81903,
1439.0000,TAILPIPE (= nozzle throat),57.81903,105.02469,0.291994,1.000000,57.81903,
1440.0000,TAILPIPE (= nozzle throat),57.81903,105.02469,0.291994,1.000000,57.81903,
1441.0000,TAILPIPE (= nozzle throat),57.81903,105.02469,0.291994,1.000000,57.81903,
1442.0000,TAILPIPE (= nozzle throat),57.81903,105.02469,0.291994,1.000000,57.81903,
1443.0000,TAILPIPE (= nozzle throat),57.81903,105.02469,0.291994,1.000000,57.81903,
1444.0000,TAILPIPE (= nozzle throat),57.81903,105.02469,0.291994,1.000000,57.81903,
1445.0000,TAILPIPE (= nozzle throat),57.81903,105.02469,0.291994,1.000000,57.81903,
1446.0000,TAILPIPE (= nozzle throat),57.81903,105.02469,0.291994,1.000000,57.81903,
1447.0000,TAILPIPE (= nozzle throat),57.81903,105.02469,0.291994,1.000000,57.81903,
1448.0000,TAILPIPE (= nozzle throat),57.81903,105.02469,0.291994,1.000000,57.81903,
1449.0000,TAILPIPE (= nozzle throat),57.81903,105.02469,0.291994,1.000000,57.81903,
1450.0000,TAILPIPE (= nozzle throat),57.81903,105.02469,0.291994,1.000000,57.81903,
1451.0000,TAILPIPE (= nozzle throat),57.81903,105.02469,0.291994,1.000000,57.81903,
1452.0000,TAILPIPE (= nozzle throat),57.81903,105.02469,0.291994,1.000000,57.81903,
1453.0000,TAILPIPE (= nozzle throat),57.81903,105.02469,0.291994,1.000000,57.81903,
1454.0000,TAILPIPE (= nozzle throat),57.81903,105.02469,0.291994,1.000000,57.81903,
1455.0000,TAILPIPE (= nozzle throat),57.81903,105.02469,0.291994,1.000000,57.81903,
1456.0000,TAILPIPE (= nozzle throat),57.81903,105.02469,0.291994,1.000000,57.81903,
1457.0000,TAILPIPE (= nozzle throat),57.81903,105.02469,0.291994,1.000000,57.81903,
1458.0000,TAILPIPE (= nozzle throat),57.81903,105.02469,0.291994,1.000000,57.81903,
1459.0000,TAILPIPE (= nozzle throat),57.81903,105.02469,0.291994,1.000000,57.81903,
1460.0000,TAILPIPE (= nozzle throat),57.81903,105.02469,0.291994,1.000000,57.81903,
1461.0000,TAILPIPE (= nozzle throat),57.81903,105.02469,0.291994,1.000000,57.81903,
1462.0000,TAILPIPE (= nozzle throat),57.81903,105.02469,0.291994,1.000000,57.81903,
1463.0000,TAILPIPE (= nozzle throat),57.81903,105.02469,0.291994,1.000000,57.81903,
1464.0000,TAILPIPE (= nozzle throat),57.81903,105.02469,0.291994,1.000000,57.81903,
1465.0000,TAILPIPE (= nozzle throat),57.81903,105.02469,0.291994,1.000000,57.81903,
1466.0000,TAILPIPE (= nozzle throat),57.81903,105.02469,0.291994,1.000000,57.81903,
1467.0000,TAILPIPE (= nozzle throat),57.81903,105.02469,0.291994,1.000000,57.81903,
1468.0000,TAILPIPE (= nozzle throat),57.81903,105.02469,0.291994,1.000000,57.81903,
1469.0000,TAILPIPE (= nozzle throat),57.81903,105.02469,0.291994,1.000000,57.81903,
1470.0000,TAILPIPE (= nozzle throat),57.81903,105.02469,0.291994,1.000000,57.81903,
1471.0000,TAILPIPE (= nozzle throat),57.81903,105.02469,0.291994,1.000000,57.81903,
1472.0000,TAILPIPE (= nozzle throat),57.81903,105.02469,0.291994,1.000000,57.81903,
1473.0000,TAILPIPE (= nozzle throat),57.81903,105.02469,0.291994,1.000000,57.81903,
1474.0000,TAILPIPE (= nozzle throat),57.81903,105.02469,0.291994,1.000000,57.81903,
1475.0000,TAILPIPE (= nozzle throat),57.81903,105.02469,0.291994,1.000000,57.81903,
1476.0000,TAILPIPE (= nozzle throat),57.81903,105.02469,0.291994,1.000000,57.81903,
1477.0000,TAILPIPE (= nozzle throat),57.81903,105.02469,0.291994,1.000000,57.81903,
1478.0000,TAILPIPE (= nozzle throat),57.81903,105.02469,0.291994,1.000000,57.81903,
1479.0000,TAILPIPE (= nozzle throat),57.81903,105.02469,0.291994,1.000000,57.81903,
1480.0000,TAILPIPE (= nozzle throat),57.81903,105.02469,0.291994,1.000000,57.81903,
1481.0000,TAILPIPE (= nozzle throat),57.81903,105.02469,0.291994,1.000000,57.81903,
1482.0000,TAILPIPE (= nozzle throat),57.81903,105.02469,0.291994,1.000000,57.81903,
1483.0000,TAILPIPE (= nozzle throat),57.81903,105.02469,0.291994,1.000000,57.81903,
1484.0000,TAILPIPE (= nozzle throat),57.81903,105.02469,0.291994,1.000000,57.81903,
1485.0000,TAILPIPE (= nozzle throat),57.81903,105.02469,0.291994,1.000000,57.81903,
1486.0000,TAILPIPE (= nozzle throat),57.81903,105.02469,0.291994,1.000000,57.81903,
1487.0000,TAILPIPE (= nozzle throat),57.81903,105.02469,0.291994,1.000000,57.81903,
1488.0000,TAILPIPE (= nozzle throat),57.81903,105.02469,0.291994,1.000000,57.81903,
1489.0000,TAILPIPE (= nozzle throat),57.81903,105.02469,0.291994,1.000000,57.81903,
1490.0000,TAILPIPE (= nozzle throat),57.81903,105.02469,0.291994,1.000000,57.81903,
1491.0000,TAILPIPE (= nozzle throat),57.81903,105.02469,0.291994,1.000000,57.81903,
1492.0000,TAILPIPE (= nozzle throat),57.81903,105.02469,0.291994,1.000000,57.81903,
1493.0000,TAILPIPE (= nozzle throat),57.81903,105.02469,0.291994,1.000000,57.81903,
1494.0000,TAILPIPE (= nozzle throat),57.81903,105.02469,0.291994,1.000000,57.81903,
1495.0000,TAILPIPE (= nozzle throat),57.81903,105.02469,0.291994,1.000000,57.81903,
1496.0000,TAILPIPE (= nozzle throat),57.81903,105.02469,0.291994,1.000000,57.81903,
1497.0000,TAILPIPE (= nozzle throat),57.81903,105.02469,0.291994,1.000000,57.81903,
1498.0000,TAILPIPE (= nozzle throat),57.81903,105.02469,0.291994,1.000000,57.81903,
1499.0000,TAILPIPE (= nozzle throat),57.81903,105.02469,0.291994,1.000000,57.81903,
1500.0000,TAILPIPE (= nozzle throat),57.81903,105.02469,0.291994,1.000000,57.81903,
1501.0000,TAILPIPE (= nozzle throat),57.81903,105.02469,0.291994,1.000000,57.81903,
1502.0000,TAILPIPE (= nozzle throat),57.81903,105.02469,0.291994,1.000000,57.81903,
1503.0000,TAILPIPE (= nozzle throat),57.81903,105.02469,0.291994,1.000000,57.81903,
1504.0000,TAILPIPE (= nozzle throat),57.81903,105.02469,0.291994,1.000000,57.81903,
1505.0000,TAILPIPE (= nozzle throat),57.81903,105.02469,0.291994,1.000000,57.81903,
1506.0000,TAILPIPE (= nozzle throat),57.81903,105.02469,0.291994,1.000000,57.81903,
1507.0000,TAILPIPE (= nozzle throat),57.81903,105.02469,0.291994,1.000000,57.81903,
1508.0000,TAILPIPE (= nozzle throat),57.81903,105.02469,0.291994,1.000000,57.81903,
1509.0000,TAILPIPE (= nozzle throat),57.81903,105.02469,0.291994,1.000000,57.81903,
1510.0000,TAILPIPE (= nozzle throat),57.81903,105.02469,0.291994,1.000000,57.81903,
1511.0000,TAILPIPE (= nozzle throat),57.81903,105.02469,0.291994,1.000000,57.81903,
1512.0000,TAILPIPE (= nozzle throat),57.81903,105.02469,0.291994,1.000000,57.81903,
1513.0000,TAILPIPE (= nozzle throat),57.81903,105.02469,0.291994,1.000000,57.81903,
1514.0000,TAILPIPE (= nozzle throat),57.81903,105.02469,0.291994,1.000000,57.81903,
1515.0000,TAILPIPE (= nozzle throat),57.81903,105.02469,0.291994,1.000000,57.81903,
1516.0000,TAILPIPE (= nozzle throat),57.81903,105.02469,0.291994,1.000000,57.81903,
1517.0000,TAILPIPE (= nozzle throat),57.81903,105.02469,0.291994,1.000000,57.81903,
1518.0000,TAILPIPE (= nozzle throat),57.81903,105.02469,0.291994,1.000000,57.81903,
1519.0000,TAILPIPE (= nozzle throat),57.81903,105.02469,0.291994,1.000000,57.81903,
1520.0000,TAILPIPE (= nozzle throat),57.81903,105.02469,0.291994,1.000000,57.81903,
1521.0000,TAILPIPE (= nozzle throat),57.81903,105.02469,0.291994,1.000000,57.81903,
1522.0000,TAILPIPE (= nozzle throat),57.81903,105.02469,0.291994,1.000000,57.81903,
1523.0000,TAILPIPE (= nozzle throat),57.81903,105.02469,0.291994,1.000000,57.81903,
1524.0000,TAILPIPE (= nozzle throat),57.81903,105.02469,0.291994,1.000000,57.81903,
1525.0000,TAILPIPE (= nozzle throat),57.81903,105.02469,0.291994,1.000000,57.81903,
1526.0000,TAILPIPE (= nozzle throat),57.81903,105.02469,0.291994,1.000000,57.81903,
1527.0000,TAILPIPE (= nozzle throat),57.81903,105.02469,0.291994,1.000000,57.81903,
1528.0000,TAILPIPE (= nozzle throat),57.81903,105.02469,0.291994,1.000000,57.81903,
1529.0000,TAILPIPE (= nozzle throat),57.81903,105.02469,0.291994,1.000000,57.81903,
1530.0000,TAILPIPE (= nozzle throat),57.81903,105.02469,0.291994,1.000000,57.81903,
1531.0000,TAILPIPE (= nozzle throat),57.81903,105.02469,0.291994,1.000000,57.81903,
1532.0000,TAILPIPE (= nozzle throat),57.81903,105.02469,0.291994,1.000000,57.81903,
1533.0000,TAILPIPE (= nozzle throat),57.81903,105.02469,0.291994,1.000000,57.81903,
1534.0000,TAILPIPE (= nozzle throat),57.81903,105.02469,0.291994,1.000000,57.81903,
1535.0000,TAILPIPE (= nozzle throat),57.81903,105.02469,0.291994,1.000000,57.81903,
1536.0000,TAILPIPE (= nozzle throat),57.81903,105.02469,0.291994,1.000000,57.81903,
1537.0000,TAILPIPE (= nozzle throat),57.81903,105.02469,0.291994,1.000000,57.81903,
1538.0000,TAILPIPE (= nozzle throat),57.81903,105.02469,0.291994,1.000000,57.81903,
1539.0000,TAILPIPE (= nozzle throat),57.81903,105.02469,0.291994,1.000000,57.81903,
1540.0000,TAILPIPE (= nozzle throat),57.81903,105.02469,0.291994,1.000000,57.81903,
1541.0000,TAILPIPE (= nozzle throat),57.81903,105.02469,0.291994,1.000000,57.81903,
1542.0000,TAILPIPE (= nozzle throat),57.81903,105.02469,0.291994,1.000000,57.81903,
1543.0000,TAILPIPE (= nozzle throat),57.81903,105.02469,0.291994,1.000000,57.81903,
1544.0000,TAILPIPE (= nozzle throat),57.81903,105.02469,0.291994,1.000000,57.81903,
1545.0000,TAILPIPE (= nozzle throat),57.81903,105.02469,0.291994,1.000000,57.81903,
1546.0000,TAILPIPE (= nozzle throat),57.81903,105.02469,0.291994,1.000000,57.81903,
1547.0000,TAILPIPE (= nozzle throat),57.81903,105.02469,0.291994,1.000000,57.81903,
1548.0000,TAILPIPE (= nozzle throat),57.81903,105.02469,0.291994,1.000000,57.81903,
1549.0000,TAILPIPE (= nozzle throat),57.81903,105.02469,0.291994,1.000000,57.81903,
1550.0000,TAILPIPE (= nozzle throat),57.81903,105.02469,0.291994,1.000000,57.81903,
1551.0000,TAILPIPE (= nozzle throat),57.81903,105.02469,0.291994,1.000000,57.81903,
1552.0000,TAILPIPE (= nozzle throat),57.81903,105.02469,0.291994,1.000000,57.81903,
1553.0000,TAILPIPE (= nozzle throat),57.81903,105.02469,0.291994,1.000000,57.81903,
1554.0000,TAILPIPE (= nozzle throat),57.81903,105.02469,0.291994,1.000000,57.81903,
1555.0000,TAILPIPE (= nozzle throat),57.81903,105.02469,0.291994,1.000000,57.81903,
1556.0000,TAILPIPE (= nozzle throat),57.81903,105.02469,0.291994,1.000000,57.81903,
1557.0000,TAILPIPE (= nozzle throat),57.81903,105.02469,0.291994,1.000000,57.81903,
1558.0000,TAILPIPE (= nozzle throat),57.81903,105.02469,0.291994,1.000000,57.81903,
1559.0000,TAILPIPE (= nozzle throat),57.81903,105.02469,0.291994,1.000000,57.81903,
1560.0000,TAILPIPE (= nozzle throat),57.81903,105.02469,0.291994,1.000000,57.81903,
1561.0000,TAILPIPE (= nozzle throat),57.81903,105.02469,0.291994,1.000000,57.81903,
1562.0000,TAILPIPE (= nozzle throat),57.81903,105.02469,0.291994,1.000000,57.81903,
1563.0000,TAILPIPE (= nozzle throat),57.81903,105.02469,0.291994,1.000000,57.81903,
1564.0000,TAILPIPE (= nozzle throat),57.81903,105.02469,0.291994,1.000000,57.81903,
1565.0000,TAILPIPE (= nozzle throat),57.81903,105.02469,0.291994,1.000000,57.81903,
1566.0000,TAILPIPE (= nozzle throat),57.81903,105.02469,0.291994,1.000000,57.81903,
1567.0000,TAILPIPE (= nozzle throat),57.81903,105.02469,0.291994,1.000000,57.81903,
1568.0000,TAILPIPE (= nozzle throat),57.81903,105.02469,0.291994,1.000000,57.81903,
1569.0000,TAILPIPE (= nozzle throat),57.81903,105.02469,0.291994,1.000000,57.81903,
1570.0000,TAILPIPE (= nozzle throat),57.81903,105.02469,0.291994,1.000000,57.81903,
1571.0000,TAILPIPE (= nozzle throat),57.81903,105.02469,0.291994,1.000000,57.81903,
1572.0000,TAILPIPE (= nozzle throat),57.81903,105.02469,0.291994,1.000000,57.81903,
1573.0000,TAILPIPE (= nozzle throat),57.81903,105.02469,0.291994,1.000000,57.81903,
1574.0000,TAILPIPE (= nozzle throat),57.81903,105.02469,0.291994,1.000000,57.81903,
1575.0000,TAILPIPE (= nozzle throat),57.81903,105.02469,0.291994,1.000000,57.81903,
1576.0000,TAILPIPE (= nozzle throat),57.81903,105.02469,0.291994,1.000000,57.81903,
1577.0000,TAILPIPE (= nozzle throat),57.81903,105.02469,0.291994,1.000000,57.81903,
1578.0000,TAILPIPE (= nozzle throat),57.81903,105.02469,0.291994,1.000000,57.81903,
1579.0000,TAILPIPE (= nozzle throat),57.81903,105.02469,0.291994,1.000000,57.81903,
1580.0000,TAILPIPE (= nozzle throat),57.81903,105.02469,0.291994,1.000000,57.81903,
1581.0000,TAILPIPE (= nozzle throat),57.81903,105.02469,0.291994,1.000000,57.81903,
1582.0000,TAILPIPE (= nozzle throat),57.81903,105.02469,0.291994,1.000000,57.81903,
1583.0000,TAILPIPE (= nozzle throat),57.81903,105.02469,0.291994,1.000000,57.81903,
1584.0000,TAILPIPE (= nozzle throat),57.81903,105.02469,0.291994,1.000000,57.81903,
1585.0000,TAILPIPE (= nozzle throat),57.81903,105.02469,0.291994,1.000000,57.81903,
1586.0000,TAILPIPE (= nozzle throat),57.81903,105.02469,0.291994,1.000000,57.81903,
1587.0000,TAILPIPE (= nozzle throat),57.81903,105.02469,0.291994,1.000000,57.81903,
1588.0000,TAILPIPE (= nozzle throat),57.81903,105.02469,0.291994,1.000000,57.81903,
1589.0000,TAILPIPE (= nozzle throat),57.81903,105.02469,0.291994,1.000000,57.81903,
1590.0000,TAILPIPE (= nozzle throat),57.81903,105.02469,0.291994,1.000000,57.81903,
1591.0000,TAILPIPE (= nozzle throat),57.81903,105.02469,0.291994,1.000000,57.81903,
1592.0000,TAILPIPE (= nozzle throat),57.81903,105.02469,0.291994,1.000000,57.81903,
1593.0000,TAILPIPE (= nozzle throat),57.81903,105.02469,0.291994,1.000000,57.81903,
1594.0000,TAILPIPE (= nozzle throat),57.81903,105.02469,0.291994,1.000000,57.81903,
1595.0000,TAILPIPE (= nozzle throat),57.81903,105.02469,0.291994,1.000000,57.81903,
1596.0000,TAILPIPE (= nozzle throat),57.81903,105.02469,0.291994,1.000000,57.81903,
1597.0000,TAILPIPE (= nozzle throat),57.81903,105.02469,0.291994,1.000000,57.81903,
1598.0000,TAILPIPE (= nozzle throat),57.81903,105.02469,0.291994,1.000000,57.81903,
1599.0000,TAILPIPE (= nozzle throat),57.81903,105.02469,0.291994,1.000000,57.81903,
1600.0000,TAILPIPE (= nozzle throat),57.81903,105.02469,0.291994,1.000000,57.81903,
1601.0000,TAILPIPE (= nozzle throat),57.81903,105.02469,0.291994,1.000000,57.81903,
1602.0000,TAILPIPE (= nozzle throat),57.81903,105.02469,0.291994,1.000000,57.81903,
1603.0000,TAILPIPE (= nozzle throat),57.81903,105.02469,0.291994,1.000000,57.81903,
1604.0000,TAILPIPE (= nozzle throat),57.81903,105.02469,0.291994,1.000000,57.81903,
1605.0000,TAILPIPE (= nozzle throat),57.81903,105.02469,0.291994,1.000000,57.81903,
1606.0000,TAILPIPE (= nozzle throat),57.81903,105.02469,0.291994,1.000000,57.81903,
1607.0000,TAILPIPE (= nozzle throat),57.81903,105.02469,0.291994,1.000000,57.81903,
1608.0000,TAILPIPE (= nozzle throat),57.81903,105.02469,0.291994,1.000000,57.81903,
1609.0000,TAILPIPE (= nozzle throat),57.81903,105.02469,0.291994,1.000000,57.81903,
1610.0000,TAILPIPE (= nozzle throat),57.81903,105.02469,0.291994,1.000000,57.81903,
1611.0000,TAILPIPE (= nozzle throat),57.81903,105.02469,0.291994,1.000000,57.81903,
1612.0000,TAILPIPE (= nozzle throat),57.81903,105.02469,0.291994,1.000000,57.81903,
1613.0000,TAILPIPE (= nozzle throat),57.81903,105.02469,0.291994,1.000000,57.81903,
1614.0000,TAILPIPE (= nozzle throat),57.81903,105.02469,0.291994,1.000000,57.81903,
1615.0000,TAILPIPE (= nozzle throat),57.81903,105.02469,0.291994,1.000000,57.81903,
1616.0000,TAILPIPE (= nozzle throat),57.81903,105.02469,0.291994,1.000000,57.81903,
1617.0000,TAILPIPE (= nozzle throat),57.81903,105.02469,0.291994,1.000000,57.81903,
1618.0000,TAILPIPE (= nozzle throat),57.81903,105.02469,0.291994,1.000000,57.81903,
1619.0000,TAILPIPE (= nozzle throat),57.81903,105.02469,0.291994,1.000000,57.81903,
1620.0000,TAILPIPE (= nozzle throat),57.81903,105.02469,0.291994,1.000000,57.81903,
1621.0000,TAILPIPE (= nozzle throat),57.81903,105.02469,0.291994,1.000000,57.81903,
1622.0000,TAILPIPE (= nozzle throat),57.81903,105.02469,0.291994,1.000000,57.81903,
1623.0000,TAILPIPE (= nozzle throat),57.81903,105.02469,0.291994,1.000000,57.81903,
1624.0000,TAILPIPE (= nozzle throat),57.81903,105.02469,0.291994,1.000000,57.81903,
1625.0000,TAILPIPE (= nozzle throat),57.81903,105.02469,0.291994,1.000000,57.81903,
1626.0000,TAILPIPE (= nozzle throat),57.81903,105.02469,0.291994,1.000000,57.81903,
1627.0000,TAILPIPE (= nozzle throat),57.81903,105.02469,0.291994,1.000000,57.81903,
1628.0000,TAILPIPE (= nozzle throat),57.81903,105.02469,0.291994,1.000000,57.81903,
1629.0000,TAILPIPE (= nozzle throat),57.81903,105.02469,0.291994,1.000000,57.81903,
1630.0000,TAILPIPE (= nozzle throat),57.81903,105.02469,0.291994,1.000000,57.81903,
1631.0000,TAILPIPE (= nozzle throat),57.81903,105.02469,0.291994,1.000000,57.81903,
1632.0000,TAILPIPE (= nozzle throat),57.81903,105.02469,0.291994,1.000000,57.81903,
1633.0000,TAILPIPE (= nozzle throat),57.81903,105.02469,0.291994,1.000000,57.81903,
1634.0000,TAILPIPE (= nozzle throat),57.81903,105.02469,0.291994,1.000000,57.81903,
1635.0000,TAILPIPE (= nozzle throat),57.81903,105.02469,0.291994,1.000000,57.81903,
1636.0000,TAILPIPE (= nozzle throat),57.81903,105.02469,0.291994,1.000000,57.81903,
1637.0000,TAILPIPE (= nozzle throat),57.81903,105.02469,0.291994,1.000000,57.81903,
1638.0000,TAILPIPE (= nozzle throat),57.81903,105.02469,0.291994,1.000000,57.81903,
1639.0000,TAILPIPE (= nozzle throat),57.81903,105.02469,0.291994,1.000000,57.81903,
1640.0000,TAILPIPE (= nozzle throat),57.81903,105.02469,0.291994,1.000000,57.81903,
1641.0000,TAILPIPE (= nozzle throat),57.81903,105.02469,0.291994,1.000000,57.81903,
1642.0000,TAILPIPE (= nozzle throat),57.81903,105.02469,0.291994,1.000000,57.81903,
1643.0000,TAILPIPE (= nozzle throat),57.81903,105.02469,0.291994,1.000000,57.81903,
1644.0000,TAILPIPE (= nozzle throat),57.81903,105.02469,0.291994,1.000000,57.81903,
1645.0000,TAILPIPE (= nozzle throat),57.81903,105.02469,0.291994,1.000000,57.81903,
1646.0000,TAILPIPE (= nozzle throat),57.81903,105.02469,0.291994,1.000000,57.81903,
1647.0000,TAILPIPE (= nozzle throat),57.81903,105.02469,0.291994,1.000000,57.81903,
1648.0000,TAILPIPE (= nozzle throat),57.81903,105.02469,0.291994,1.000000,57.81903,
1649.0000,TAILPIPE (= nozzle throat),57.81903,105.02469,0.291994,1.000000,57.81903,
1650.0000,TAILPIPE (= nozzle throat),57.81903,105.02469,0.291994,1.000000,57.81903,
1651.0000,TAILPIPE (= nozzle throat),57.81903,105.02469,0.291994,1.000000,57.81903,
1652.0000,TAILPIPE (= nozzle throat),57.81903,105.02469,0.291994,1.000000,57.81903,
1653.0000,TAILPIPE (= nozzle throat),57.81903,105.02469,0.291994,1.000000,57.81903,
1654.0000,TAILPIPE (= nozzle throat),57.81903,105.02469,0.291994,1.000000,57.81903,
1655.0000,TAILPIPE (= nozzle throat),57.81903,105.02469,0.291994,1.000000,57.81903,
1656.0000,TAILPIPE (= nozzle throat),57.81903,105.02469,0.291994,1.000000,57.81903,
1657.0000,TAILPIPE (= nozzle throat),57.81903,105.02469,0.291994,1.000000,57.81903,
1658.0000,TAILPIPE (= nozzle throat),57.81903,105.02469,0.291994,1.000000,57.81903,
1659.0000,TAILPIPE (= nozzle throat),57.81903,105.02469,0.291994,1.000000,57.81903,
1660.0000,TAILPIPE (= nozzle throat),57.81903,105.02469,0.291994,1.000000,57.81903,
1661.0000,TAILPIPE (= nozzle throat),57.81903,105.02469,0.291994,1.000000,57.81903,
1662.0000,TAILPIPE (= nozzle throat),57.81903,105.02469,0.291994,1.000000,57.81903,
1663.0000,TAILPIPE (= nozzle throat),57.81903,105.02469,0.291994,1.000000,57.81903,
1664.0000,TAILPIPE (= nozzle throat),57.81903,105.02469,0.291994,1.000000,57.81903,
1665.0000,TAILPIPE (= nozzle throat),57.81903,105.02469,0.291994,1.000000,57.81903,
1666.0000,TAILPIPE (= nozzle throat),57.81903,105.02469,0.291994,1.000000,57.81903,
1667.0000,TAILPIPE (= nozzle throat),57.81903,105.02469,0.291994,1.000000,57.81903,
1668.0000,TAILPIPE (= nozzle throat),57.81903,105.02469,0.291994,1.000000,57.81903,
1669.0000,TAILPIPE (= nozzle throat),57.81903,105.02469,0.291994,1.000000,57.81903,
1670.0000,TAILPIPE (= nozzle throat),57.81903,105.02469,0.291994,1.000000,57.81903,
1671.0000,TAILPIPE (= nozzle throat),57.81903,105.02469,0.291994,1.000000,57.81903,
1672.0000,TAILPIPE (= nozzle throat),57.81903,105.02469,0.291994,1.000000,57.81903,
1673.0000,TAILPIPE (= nozzle throat),57.81903,105.02469,0.291994,1.000000,57.81903,
1674.0000,TAILPIPE (= nozzle throat),57.81903,105.02469,0.291994,1.000000,57.81903,
1675.0000,TAILPIPE (= nozzle throat),57.81903,105.02469,0.291994,1.000000,57.81903,
1676.0000,TAILPIPE (= nozzle throat),57.81903,105.02469,0.291994,1.000000,57.81903,
1677.0000,TAILPIPE (= nozzle throat),57.81903,105.02469,0.291994,1.000000,57.81903,
1678.0000,TAILPIPE (= nozzle throat),57.81903,105.02469,0.291994,1.000000,57.81903,
1679.0000,TAILPIPE (= nozzle throat),57.81903,105.02469,0.291994,1.000000,57.81903,
1680.0000,TAILPIPE (= nozzle throat),57.81903,105.02469,0.291994,1.000000,57.81903,
1681.0000,TAILPIPE (= nozzle throat),57.81903,105.02469,0.291994,1.000000,57.81903,
1682.0000,TAILPIPE (= nozzle throat),57.81903,105.02469,0.291994,1.000000,57.81903,
1683.0000,TAILPIPE (= nozzle throat),57.81903,105.02469,0.291994,1.000000,57.81903,
1684.0000,TAILPIPE (= nozzle throat),57.81903,105.02469,0.291994,1.000000,57.81903,
1685.0000,TAILPIPE (= nozzle throat),57.81903,105.02469,0.291994,1.000000,57.81903,
1686.0000,TAILPIPE (= nozzle throat),57.81903,105.02469,0.291994,1.000000,57.81903,
1687.0000,TAILPIPE (= nozzle throat),57.81903,105.02469,0.291994,1.000000,57.81903,
1688.0000,TAILPIPE (= nozzle throat),57.81903,105.02469,0.291994,1.000000,57.81903,
1689.0000,TAILPIPE (= nozzle throat),57.81903,105.02469,0.291994,1.000000,57.81903,
1690.0000,TAILPIPE (= nozzle throat),57.81903,105.02469,0.291994,1.000000,57.81903,
1691.0000,TAILPIPE (= nozzle throat),57.81903,105.02469,0.291994,1.000000,57.81903,
1692.0000,TAILPIPE (= nozzle throat),57.81903,105.02469,0.291994,1.000000,57.81903,
1693.0000,TAILPIPE (= nozzle throat),57.81903,105.02469,0.291994,1.000000,57.81903,
1694.0000,TAILPIPE (= nozzle throat),57.81903,105.02469,0.291994,1.000000,57.81903,
1695.0000,TAILPIPE (= nozzle throat),57.81903,105.02469,0.291994,1.000000,57.81903,
1696.0000,TAILPIPE (= nozzle throat),57.81903,105.02469,0.291994,1.000000,57.81903,
1697.0000,TAILPIPE (= nozzle throat),57.81903,105.02469,0.291994,1.000000,57.81903,
1698.0000,TAILPIPE (= nozzle throat),57.81903,105.02469,0.291994,1.000000,57.81903,
1699.0000,TAILPIPE (= nozzle throat),57.81903,105.02469,0.291994,1.000000,57.81903,
1700.0000,TAILPIPE (= nozzle throat),57.81903,105.02469,0.291994,1.000000,57.81903,
1701.0000,TAILPIPE (= nozzle throat),57.81903,105.02469,0.291994,1.000000,57.81903,
1702.0000,TAILPIPE (= nozzle throat),57.81903,105.02469,0.291994,1.000000,57.81903,
1703.0000,TAILPIPE (= nozzle throat),57.81903,105.02469,0.291994,1.000000,57.81903,
1704.0000,TAILPIPE (= nozzle throat),57.81903,105.02469,0.291994,1.000000,57.81903,
1705.0000,TAILPIPE (= nozzle throat),57.81903,105.02469,0.291994,1.000000,57.81903,
1706.0000,TAILPIPE (= nozzle throat),57.81903,105.02469,0.291994,1.000000,57.81903,
1707.0000,TAILPIPE (= nozzle throat),57.81903,105.02469,0.291994,1.000000,57.81903,
1708.0000,TAILPIPE (= nozzle throat),57.81903,105.02469,0.291994,1.000000,57.81903,
1709.0000,TAILPIPE (= nozzle throat),57.81903,105.02469,0.291994,1.000000,57.81903,
1710.0000,TAILPIPE (= nozzle throat),57.81903,105.02469,0.291994,1.000000,57.81903,
1711.0000,TAILPIPE (= nozzle throat),57.81903,105.02469,0.291994,1.000000,57.81903,
1712.0000,TAILPIPE (= nozzle throat),57.81903,105.02469,0.291994,1.000000,57.81903,
1713.0000,TAILPIPE (= nozzle throat),57.81903,105.02469,0.291994,1.000000,57.81903,
1714.0000,TAILPIPE (= nozzle throat),57.81903,105.02469,0.291994,1.000000,57.81903,
1715.0000,TAILPIPE (= nozzle throat),57.81903,105.02469,0.291994,1.000000,57.81903,
1716.0000,TAILPIPE (= nozzle throat),57.81903,105.02469,0.291994,1.000000,57.81903,
1717.0000,TAILPIPE (= nozzle throat),57.81903,105.02469,0.291994,1.000000,57.81903,
1718.0000,TAILPIPE (= nozzle throat),57.81903,105.02469,0.291994,1.000000,57.81903,
1719.0000,TAILPIPE (= nozzle throat),57.81903,105.02469,0.291994,1.000000,57.81903,
1720.0000,TAILPIPE (= nozzle throat),57.81903,105.02469,0.291994,1.000000,57.81903,
1721.0000,TAILPIPE (= nozzle throat),57.81903,105.02469,0.291994,1.000000,57.81903,
1722.0000,TAILPIPE (= nozzle throat),57.81903,105.02469,0.291994,1.000000,57.81903,
1723.0000,TAILPIPE (= nozzle throat),57.81903,105.02469,0.291994,1.000000,57.81903,
1724.0000,TAILPIPE (= nozzle throat),57.81903,105.02469,0.291994,1.000000,57.81903,
1725.0000,TAILPIPE (= nozzle throat),57.81903,105.02469,0.291994,1.000000,57.81903,
1726.0000,TAILPIPE (= nozzle throat),57.81903,105.02469,0.291994,1.000000,57.81903,
1727.0000,TAILPIPE (= nozzle throat),57.81903,105.02469,0.291994,1.000000,57.81903,
1728.0000,TAILPIPE (= nozzle throat),57.81903,105.02469,0.291994,1.000000,57.81903,
1729.0000,TAILPIPE (= nozzle throat),57.81903,105.02469,0.291994,1.000000,57.81903,
1730.0000,TAILPIPE (= nozzle throat),57.81903,105.02469,0.291994,1.000000,57.81903,
1731.0000,TAILPIPE (= nozzle throat),57.81903,105.02469,0.291994,1.000000,57.81903,
1732.0000,TAILPIPE (= nozzle throat),57.81903,105.02469,0.291994,1.000000,57.81903,
1733.0000,TAILPIPE (= nozzle throat),57.81903,105.02469,0.291994,1.000000,57.81903,
1734.0000,TAILPIPE (= nozzle throat),57.81903,105.02469,0.291994,1.000000,57.81903,
1735.0000,TAILPIPE (= nozzle throat),57.81903,105.02469,0.291994,1.000000,57.81903,
1736.0000,TAILPIPE (= nozzle throat),57.81903,105.02469,0.291994,1.000000,57.81903,
1737.0000,TAILPIPE (= nozzle throat),57.81903,105.02469,0.291994,1.000000,57.81903,
1738.0000,TAILPIPE (= nozzle throat),57.81903,105.02469,0.291994,1.000000,57.81903,
1739.0000,TAILPIPE (= nozzle throat),57.81903,105.02469,0.291994,1.000000,57.81903,
1740.0000,TAILPIPE (= nozzle throat),57.81903,105.02469,0.291994,1.000000,57.81903,
1741.0000,TAILPIPE (= nozzle throat),57.81903,105.02469,0.291994,1.000000,57.81903,
1742.0000,TAILPIPE (= nozzle throat),57.81903,105.02469,0.291994,1.000000,57.81903,
1743.0000,TAILPIPE (= nozzle throat),57.81903,105.02469,0.291994,1.000000,57.81903,
1744.0000,TAILPIPE (= nozzle throat),57.81903,105.02469,0.291994,1.000000,57.81903,
1745.0000,TAILPIPE (= nozzle throat),57.81903,105.02469,0.291994,1.000000,57.81903,
1746.0000,TAILPIPE (= nozzle throat),57.81903,105.02469,0.291994,1.000000,57.81903,
1747.0000,TAILPIPE (= nozzle throat),57.81903,105.02469,0.291994,1.000000,57.81903,
1748.0000,TAILPIPE (= nozzle throat),57.81903,105.02469,0.291994,1.000000,57.81903,
1749.0000,TAILPIPE (= nozzle throat),57.81903,105.02469,0.291994,1.000000,57.81903,
1750.0000,TAILPIPE (= nozzle throat),57.81903,105.02469,0.291994,1.000000,57.81903,
1751.0000,TAILPIPE (= nozzle throat),57.81903,105.02469,0.291994,1.000000,57.81903,
1752.0000,TAILPIPE (= nozzle throat),57.81903,105.02469,0.291994,1.000000,57.81903,
1753.0000,TAILPIPE (= nozzle throat),57.81903,105.02469,0.291994,1.000000,57.81903,
1754.0000,TAILPIPE (= nozzle throat),57.81903,105.02469,0.291994,1.000000,57.81903,
1755.0000,TAILPIPE (= nozzle throat),57.81903,105.02469,0.291994,1.000000,57.81903,
1756.0000,TAILPIPE (= nozzle throat),57.81903,105.02469,0.291994,1.000000,57.81903,
1757.0000,TAILPIPE (= nozzle throat),57.81903,105.02469,0.291994,1.000000,57.81903,
1758.0000,TAILPIPE (= nozzle throat),57.81903,105.02469,0.291994,1.000000,57.81903,
1759.0000,TAILPIPE (= nozzle throat),57.81903,105.02469,0.291994,1.000000,57.81903,
1760.0000,TAILPIPE (= nozzle throat),57.81903,105.02469,0.291994,1.000000,57.81903,
1761.0000,TAILPIPE (= nozzle throat),57.81903,105.02469,0.291994,1.000000,57.81903,
1762.0000,TAILPIPE (= nozzle throat),57.81903,105.02469,0.291994,1.000000,57.81903,
1763.0000,TAILPIPE (= nozzle throat),57.81903,105.02469,0.291994,1.000000,57.81903,
1764.0000,TAILPIPE (= nozzle throat),57.81903,105.02469,0.291994,1.000000,57.81903,
1765.0000,TAILPIPE (= nozzle throat),57.81903,105.02469,0.291994,1.000000,57.81903,
1766.0000,TAILPIPE (= nozzle throat),57.81903,105.02469,0.291994,1.000000,57.81903,
1767.0000,TAILPIPE (= nozzle throat),57.81903,105.02469,0.291994,1.000000,57.81903,
1768.0000,TAILPIPE (= nozzle throat),57.81903,105.02469,0.291994,1.000000,57.81903,
1769.0000,TAILPIPE (= nozzle throat),57.81903,105.02469,0.291994,1.000000,57.81903,
1770.0000,TAILPIPE (= nozzle throat),57.81903,105.02469,0.291994,1.000000,57.81903,
1771.0000,TAILPIPE (= nozzle throat),57.81903,105.02469,0.291994,1.000000,57.81903,
1772.0000,TAILPIPE (= nozzle throat),57.81903,105.02469,0.291994,1.000000,57.81903,
1773.0000,TAILPIPE (= nozzle throat),57.81903,105.02469,0.291994,1.000000,57.81903,
1774.0000,TAILPIPE (= nozzle throat),57.81903,105.02469,0.291994,1.000000,57.81903,
1775.0000,TAILPIPE (= nozzle throat),57.81903,105.02469,0.291994,1.000000,57.81903,
1776.0000,TAILPIPE (= nozzle throat),57.81903,105.02469,0.291994,1.000000,57.81903,
1777.0000,TAILPIPE (= nozzle throat),57.81903,105.02469,0.291994,1.000000,57.81903,
1778.0000,TAILPIPE (= nozzle throat),57.81903,105.02469,0.291994,1.000000,57.81903,
1779.0000,TAILPIPE (= nozzle throat),57.81903,105.02469,0.291994,1.000000,57.81903,
1780.0000,TAILPIPE (= nozzle throat),57.81903,105.02469,0.291994,1.000000,57.81903,
1781.0000,TAILPIPE (= nozzle throat),57.81903,105.02469,0.291994,1.000000,57.81903,
1782.0000,TAILPIPE (= nozzle throat),57.81903,105.02469,0.291994,1.000000,57.81903,
1783.0000,TAILPIPE (= nozzle throat),57.81903,105.02469,0.291994,1.000000,57.81903,
1784.0000,TAILPIPE (= nozzle throat),57.81903,105.02469,0.291994,1.000000,57.81903,
1785.0000,TAILPIPE (= nozzle throat),57.81903,105.02469,0.291994,1.000000,57.81903,
1786.0000,TAILPIPE (= nozzle throat),57.81903,105.02469,0.291994,1.000000,57.81903,
1787.0000,TAILPIPE (= nozzle throat),57.81903,105.02469,0.291994,1.000000,57.81903,
1788.0000,TAILPIPE (= nozzle throat),57.81903,105.02469,0.291994,1.000000,57.81903,
1789.0000,TAILPIPE (= nozzle throat),57.81903,105.02469,0.291994,1.000000,57.81903,
1790.0000,TAILPIPE (= nozzle throat),57.81903,105.02469,0.291994,1.000000,57.81903,
1791.0000,TAILPIPE (= nozzle throat),57.81903,105.02469,0.291994,1.000000,57.81903,
1792.0000,TAILPIPE (= nozzle throat),57.81903,105.02469,0.291994,1.000000,57.81903,
1793.0000,TAILPIPE (= nozzle throat),57.81903,105.02469,0.291994,1.000000,57.81903,
1794.0000,TAILPIPE (= nozzle throat),57.81903,105.02469,0.291994,1.000000,57.81903,
1795.0000,TAILPIPE (= nozzle throat),57.81903,105.02469,0.291994,1.000000,57.81903,
1796.0000,TAILPIPE (= nozzle throat),57.81903,105.02469,0.291994,1.000000,57.81903,
1797.0000,TAILPIPE (= nozzle throat),57.81903,105.02469,0.291994,1.000000,57.81903,
1798.0000,TAILPIPE (= nozzle throat),57.81903,105.02469,0.291994,1.000000,57.81903,
1799.0000,TAILPIPE (= nozzle throat),57.81903,105.02469,0.291994,1.000000,57.81903,
1800.0000,TAILPIPE (= nozzle throat),57.81903,105.02469,0.291994,1.000000,57.81903,
1801.0000,TAILPIPE (= nozzle throat),57.81903,105.02469,0.291994,1.000000,57.81903,
1802.0000,TAILPIPE (= nozzle throat),57.81903,105.02469,0.291994,1.000000,57.81903,
1803.0000,TAILPIPE (= nozzle throat),57.81903,105.02469,0.291994,1.000000,57.81903,
1804.0000,TAILPIPE (= nozzle throat),57.81903,105.02469,0.291994,1.000000,57.81903,
1805.0000,TAILPIPE (= nozzle throat),57.81903,105.02469,0.291994,1.000000,57.81903,
1806.0000,TAILPIPE (= nozzle throat),57.81903,105.02469,0.291994,1.000000,57.81903,
1807.0000,TAILPIPE (= nozzle throat),57.81903,105.02469,0.291994,1.000000,57.81903,
1808.0000,TAILPIPE (= nozzle throat),57.81903,105.02469,0.291994,1.000000,57.81903,
1809.0000,TAILPIPE (= nozzle throat),57.81903,105.02469,0.291994,1.000000,57.81903,
1810.0000,TAILPIPE (= nozzle throat),57.81903,105.02469,0.291994,1.000000,57.81903,
1811.0000,TAILPIPE (= nozzle throat),57.81903,105.02469,0.291994,1.000000,57.81903,
1812.0000,TAILPIPE (= nozzle throat),57.81903,105.02469,0.291994,1.000000,57.81903,
1813.0000,TAILPIPE (= nozzle throat),57.81903,105.02469,0.291994,1.000000,57.81903,
1814.0000,TAILPIPE (= nozzle throat),57.81903,105.02469,0.291994,1.000000,57.81903,
1815.0000,TAILPIPE (= nozzle throat),57.81903,105.02469,0.291994,1.000000,57.81903,
1816.0000,TAILPIPE (= nozzle throat),57.81903,105.02469,0.291994,1.000000,57.81903,
1817.0000,TAILPIPE (= nozzle throat),57.81903,105.02469,0.291994,1.000000,57.81903,
1818.0000,TAILPIPE (= nozzle throat),57.81903,105.02469,0.291994,1.000000,57.81903,
1819.0000,TAILPIPE (= nozzle throat),57.81903,105.02469,0.291994,1.000000,57.81903,
1820.0000,TAILPIPE (= nozzle throat),57.81903,105.02469,0.291994,1.000000,57.81903,
1821.0000,TAILPIPE (= nozzle throat),57.81903,105.02469,0.291994,1.000000,57.81903,
1822.0000,TAILPIPE (= nozzle throat),57.81903,105.02469,0.291994,1.000000,57.81903,
1823.0000,TAILPIPE (= nozzle throat),57.81903,105.02469,0.291994,1.000000,57.81903,
1824.0000,TAILPIPE (= nozzle throat),57.81903,105.02469,0.291994,1.000000,57.81903,
1825.0000,TAILPIPE (= nozzle throat),57.81903,105.02469,0.291994,1.000000,57.81903,
1826.0000,TAILPIPE (= nozzle throat),57.81903,105.02469,0.291994,1.000000,57.81903,
1827.0000,TAILPIPE (= nozzle throat),57.81903,105.02469,0.291994,1.000000,57.81903,
1828.0000,TAILPIPE (= nozzle throat),57.81903,105.02469,0.291994,1.000000,57.81903,
1829.0000,TAILPIPE (= nozzle throat),57.81903,105.02469,0.291994,1.000000,57.81903,
1830.0000,TAILPIPE (= nozzle throat),57.81903,105.02469,0.291994,1.000000,57.81903,
1831.0000,TAILPIPE (= nozzle throat),57.81903,105.02469,0.291994,1.000000,57.81903,
1832.0000,TAILPIPE (= nozzle throat),57.81903,105.02469,0.291994,1.000000,57.81903,
1833.0000,TAILPIPE (= nozzle throat),57.81903,105.02469,0.291994,1.000000,57.81903,
1834.0000,TAILPIPE (= nozzle throat),57.81903,105.02469,0.291994,1.000000,57.81903,
1835.0000,TAILPIPE (= nozzle throat),57.81903,105.02469,0.291994,1.000000,57.81903,
1836.0000,TAILPIPE (= nozzle throat),57.81903,105.02469,0.291994,1.000000,57.81903,
1837.0000,TAILPIPE (= nozzle throat),57.81903,105.02469,0.291994,1.000000,57.81903,
1838.0000,TAILPIPE (= nozzle throat),57.81903,105.02469,0.291994,1.000000,57.81903,
1839.0000,TAILPIPE (= nozzle throat),57.81903,105.02469,0.291994,1.000000,57.81903,
1840.0000,TAILPIPE (= nozzle throat),57.81903,105.02469,0.291994,1.000000,57.81903,
1841.0000,TAILPIPE (= nozzle throat),57.81903,105.02469,0.291994,1.000000,57.81903,
1842.0000,TAILPIPE (= nozzle throat),57.81903,105.02469,0.291994,1.000000,57.81903,
1843.0000,TAILPIPE (= nozzle throat),57.81903,105.02469,0.291994,1.000000,57.81903,
1844.0000,TAILPIPE (= nozzle throat),57.81903,105.02469,0.291994,1.000000,57.81903,
1845.0000,TAILPIPE (= nozzle throat),57.81903,105.02469,0.291994,1.000000,57.81903,
1846.0000,TAILPIPE (= nozzle throat),57.81903,105.02469,0.291994,1.000000,57.81903,
1847.0000,TAILPIPE (= nozzle throat),57.81903,105.02469,0.291994,1.000000,57.81903,
1848.0000,TAILPIPE (= nozzle throat),57.81903,105.02469,0.291994,1.000000,57.81903,
1849.0000,TAILPIPE (= nozzle throat),57.81903,105.02469,0.291994,1.000000,57.81903,
1850.0000,TAILPIPE (= nozzle throat),57.81903,105.02469,0.291994,1.000000,57.81903,
1851.0000,TAILPIPE (= nozzle throat),57.81903,105.02469,0.291994,1.000000,57.81903,
1852.0000,TAILPIPE (= nozzle throat),57.81903,105.02469,0.291994,1.000000,57.81903,
1853.0000,TAILPIPE (= nozzle throat),57.81903,105.02469,0.291994,1.000000,57.81903,
1854.0000,TAILPIPE (= nozzle throat),57.81903,105.02469,0.291994,1.000000,57.81903,
1855.0000,TAILPIPE (= nozzle throat),57.81903,105.02469,0.291994,1.000000,57.81903,
1856.0000,TAILPIPE (= nozzle throat),57.81903,105.02469,0.291994,1.000000,57.81903,
1857.0000,TAILPIPE (= nozzle throat),57.81903,105.02469,0.291994,1.000000,57.81903,
1858.0000,TAILPIPE (= nozzle throat),57.81903,105.02469,0.291994,1.000000,57.81903,
1859.0000,TAILPIPE (= nozzle throat),57.81903,105.02469,0.291994,1.000000,57.81903,
1860.0000,TAILPIPE (= nozzle throat),57.81903,105.02469,0.291994,1.000000,57.81903,
1861.0000,TAILPIPE (= nozzle throat),57.81903,105.02469,0.291994,1.000000,57.81903,
1862.0000,TAILPIPE (= nozzle throat),57.81903,105.02469,0.291994,1.000000,57.81903,
1863.0000,TAILPIPE (= nozzle throat),57.81903,105.02469,0.291994,1.000000,57.81903,
1864.0000,TAILPIPE (= nozzle throat),57.81903,105.02469,0.291994,1.000000,57.81903,
1865.0000,TAILPIPE (= nozzle throat),57.81903,105.02469,0.291994,1.000000,57.81903,
1866.0000,TAILPIPE (= nozzle throat),57.81903,105.02469,0.291994,1.000000,57.81903,
1867.0000,TAILPIPE (= nozzle throat),57.81903,105.02469,0.291994,1.000000,57.81903,
1868.0000,TAILPIPE (= nozzle throat),57.81903,105.02469,0.291994,1.000000,57.81903,
1869.0000,TAILPIPE (= nozzle throat),57.81903,105.02469,0.291994,1.000000,57.81903,
1870.0000,TAILPIPE (= nozzle throat),57.81903,105.02469,0.291994,1.000000,57.81903,
1871.0000,TAILPIPE (= nozzle throat),57.81903,105.02469,0.291994,1.000000,57.81903,
1872.0000,TAILPIPE (= nozzle throat),57.81903,105.02469,0.291994,1.000000,57.81903,
1873.0000,TAILPIPE (= nozzle throat),57.81903,105.02469,0.291994,1.000000,57.81903,
1874.0000,TAILPIPE (= nozzle throat),57.81903,105.02469,0.291994,1.000000,57.81903,
1875.0000,TAILPIPE (= nozzle throat),57.81903,105.02469,0.291994,1.000000,57.81903,
1876.0000,TAILPIPE (= nozzle throat),57.81903,105.02469,0.291994,1.000000,57.81903,
1877.0000,TAILPIPE (= nozzle throat),57.81903,105.02469,0.291994,1.000000,57.81903,
1878.0000,TAILPIPE (= nozzle throat),57.81903,105.02469,0.291994,1.000000,57.81903,
1879.0000,TAILPIPE (= nozzle throat),57.81903,105.02469,0.291994,1.000000,57.81903,
1880.0000,TAILPIPE (= nozzle throat),57.81903,105.02469,0.291994,1.000000,57.81903,
1881.0000,TAILPIPE (= nozzle throat),57.81903,105.02469,0.291994,1.000000,57.81903,
1882.0000,TAILPIPE (= nozzle throat),57.81903,105.02469,0.291994,1.000000,57.81903,
1883.0000,TAILPIPE (= nozzle throat),57.81903,105.02469,0.291994,1.000000,57.81903,
1884.0000,TAILPIPE (= nozzle throat),57.81903,105.02469,0.291994,1.000000,57.81903,
1885.0000,TAILPIPE (= nozzle throat),57.81903,105.02469,0.291994,1.000000,57.81903,
1886.0000,TAILPIPE (= nozzle throat),57.81903,105.02469,0.291994,1.000000,57.81903,
1887.0000,TAILPIPE (= nozzle throat),57.81903,105.02469,0.291994,1.000000,57.81903,
1888.0000,TAILPIPE (= nozzle throat),57.81903,105.02469,0.291994,1.000000,57.81903,
1889.0000,TAILPIPE (= nozzle throat),57.81903,105.02469,0.291994,1.000000,57.81903,
1890.0000,TAILPIPE (= nozzle throat),57.81903,105.02469,0.291994,1.000000,57.81903,
1891.0000,TAILPIPE (= nozzle throat),57.81903,105.02469,0.291994,1.000000,57.81903,
1892.0000,TAILPIPE (= nozzle throat),57.81903,105.02469,0.291994,1.000000,57.81903,
1893.0000,TAILPIPE (= nozzle throat),57.81903,105.02469,0.291994,1.000000,57.81903,
1894.0000,TAILPIPE (= nozzle throat),57.81903,105.02469,0.291994,1.000000,57.81903,
1895.0000,TAILPIPE (= nozzle throat),57.81903,105.02469,0.291994,1.000000,57.81903,
1896.0000,TAILPIPE (= nozzle throat),57.81903,105.02469,0.291994,1.000000,57.81903,
1897.0000,TAILPIPE (= nozzle throat),57.81903,105.02469,0.291994,1.000000,57.81903,
1898.0000,TAILPIPE (= nozzle throat),57.81903,105.02469,0.291994,1.000000,57.81903,
1899.0000,TAILPIPE (= nozzle throat),57.81903,105.02469,0.291994,1.000000,57.81903,
1900.0000,TAILPIPE (= nozzle throat),57.81903,105.02469,0.291994,1.000000,57.81903,
1901.0000,TAILPIPE (= nozzle throat),57.81903,105.02469,0.291994,1.000000,57.81903,
1902.0000,TAILPIPE (= nozzle throat),57.81903,105.02469,0.291994,1.000000,57.81903,
1903.0000,TAILPIPE (= nozzle throat),57.81903,105.02469,0.291994,1.000000,57.81903,
1904.0000,TAILPIPE (= nozzle throat),57.81903,105.02469,0.291994,1.000000,57.81903,
1905.0000,TAILPIPE (= nozzle throat),57.81903,105.02469,0.291994,1.000000,57.81903,
1906.0000,TAILPIPE (= nozzle throat),57.81903,105.02469,0.291994,1.000000,57.81903,
1907.0000,TAILPIPE (= nozzle throat),57.81903,105.02469,0.291994,1.000000,57.81903,
1908.0000,TAILPIPE (= nozzle throat),57.81903,105.02469,0.291994,1.000000,57.81903,
1909.0000,TAILPIPE (= nozzle throat),57.81903,105.02469,0.291994,1.000000,57.81903,
1910.0000,TAILPIPE (= nozzle throat),57.81903,105.02469,0.291994,1.000000,57.81903,
1911.0000,TAILPIPE (= nozzle throat),57.81903,105.02469,0.291994,1.000000,57.81903,
1912.0000,TAILPIPE (= nozzle throat),57.81903,105.02469,0.291994,1.000000,57.81903,
1913.0000,TAILPIPE (= nozzle throat),57.81903,105.02469,0.291994,1.000000,57.81903,
1914.0000,TAILPIPE (= nozzle throat),57.81903,105.02469,0.291994,1.000000,57.81903,
1915.0000,TAILPIPE (= nozzle throat),57.81903,105.02469,0.291994,1.000000,57.81903,
1916.0000,TAILPIPE (= nozzle throat),57.81903,105.02469,0.291994,1.000000,57.81903,
1917.0000,TAILPIPE (= nozzle throat),57.81903,105.02469,0.291994,1.000000,57.81903,
1918.0000,TAILPIPE (= nozzle throat),57.81903,105.02469,0.291994,1.000000,57.81903,
1919.0000,TAILPIPE (= nozzle throat),57.81903,105.02469,0.291994,1.000000,57.81903,
1920.0000,TAILPIPE (= nozzle throat),57.81903,105.02469,0.291994,1.000000,57.81903,
1921.0000,TAILPIPE (= nozzle throat),57.81903,105.02469,0.291994,1.000000,57.81903,
1922.0000,TAILPIPE (= nozzle throat),57.81903,105.02469,0.291994,1.000000,57.81903,
1923.0000,TAILPIPE (= nozzle throat),57.81903,105.02469,0.291994,1.000000,57.81903,
1924.0000,TAILPIPE (= nozzle throat),57.81903,105.02469,0.291994,1.000000,57.81903,
1925.0000,TAILPIPE (= nozzle throat),57.81903,105.02469,0.291994,1.000000,57.81903,
1926.0000,TAILPIPE (= nozzle throat),57.81903,105.02469,0.291994,1.000000,57.81903,
1927.0000,TAILPIPE (= nozzle throat),57.81903,105.02469,0.291994,1.000000,57.81903,
1928.0000,TAILPIPE (= nozzle throat),57.81903,105.02469,0.291994,1.000000,57.81903,
1929.0000,TAILPIPE (= nozzle throat),57.81903,105.02469,0.291994,1.000000,57.81903,
1930.0000,TAILPIPE (= nozzle throat),57.81903,105.02469,0.291994,1.000000,57.81903,
1931.0000,TAILPIPE (= nozzle throat),57.81903,105.02469,0.291994,1.000000,57.81903,
1932.0000,TAILPIPE (= nozzle throat),57.81903,105.02469,0.291994,1.000000,57.81903,
1933.0000,TAILPIPE (= nozzle throat),57.81903,105.02469,0.291994,1.000000,57.81903,
1934.0000,TAILPIPE (= nozzle throat),57.81903,105.02469,0.291994,1.000000,57.81903,
1935.0000,TAILPIPE (= nozzle throat),57.81903,105.02469,0.291994,1.000000,57.81903,
1936.0000,TAILPIPE (= nozzle throat),57.81903,105.02469,0.291994,1.000000,57.81903,
1937.0000,TAILPIPE (= nozzle throat),57.81903,105.02469,0.291994,1.000000,57.81903,
1938.0000,TAILPIPE (= nozzle throat),57.81903,105.02469,0.291994,1.000000,57.81903,
1939.0000,TAILPIPE (= nozzle throat),57.81903,105.02469,0.291994,1.000000,57.81903,
1940.0000,TAILPIPE (= nozzle throat),57.81903,105.02469,0.291994,1.000000,57.81903,
1941.0000,TAILPIPE (= nozzle throat),57.81903,105.02469,0.291994,1.000000,57.81903,
1942.0000,TAILPIPE (= nozzle throat),57.81903,105.02469,0.291994,1.000000,57.81903,
1943.0000,TAILPIPE (= nozzle throat),57.81903,105.02469,0.291994,1.000000,57.81903,
1944.0000,TAILPIPE (= nozzle throat),57.81903,105.02469,0.291994,1.000000,57.81903,
1945.0000,TAILPIPE (= nozzle throat),57.81903,105.02469,0.291994,1.000000,57.81903,
1946.0000,TAILPIPE (= nozzle throat),57.81903,105.02469,0.291994,1.000000,57.81903,
1947.0000,TAILPIPE (= nozzle throat),57.81903,105.02469,0.291994,1.000000,57.81903,
1948.0000,TAILPIPE (= nozzle throat),57.81903,105.02469,0.291994,1.000000,57.81903,
1949.0000,TAILPIPE (= nozzle throat),57.81903,105.02469,0.291994,1.000000,57.81903,
1950.0000,TAILPIPE (= nozzle throat),57.81903,105.02469,0.291994,1.000000,57.81903,
1951.0000,TAILPIPE (= nozzle throat),57.81903,105.02469,0.291994,1.000000,57.81903,
1952.0000,TAILPIPE (= nozzle throat),57.81903,105.02469,0.291994,1.000000,57.81903,
1953.0000,TAILPIPE (= nozzle throat),57.81903,105.02469,0.291994,1.000000,57.81903,
1954.0000,TAILPIPE (= nozzle throat),57.81903,105.02469,0.291994,1.000000,57.81903,
1955.0000,TAILPIPE (= nozzle throat),57.81903,105.02469,0.291994,1.000000,57.81903,
1956.0000,TAILPIPE (= nozzle throat),57.81903,105.02469,0.291994,1.000000,57.81903,
1957.0000,TAILPIPE (= nozzle throat),57.81903,105.02469,0.291994,1.000000,57.81903,
1958.0000,TAILPIPE (= nozzle throat),57.81903,105.02469,0.291994,1.000000,57.81903,
1959.0000,TAILPIPE (= nozzle throat),57.81903,105.02469,0.291994,1.000000,57.81903,
1960.0000,TAILPIPE (= nozzle throat),57.81903,105.02469,0.291994,1.000000,57.81903,
1961.0000,TAILPIPE (= nozzle throat),57.81903,105.02469,0.291994,1.000000,57.81903,
1962.0000,TAILPIPE (= nozzle throat),57.81903,105.02469,0.291994,1.000000,57.81903,
1963.0000,TAILPIPE (= nozzle throat),57.81903,105.02469,0.291994,1.000000,57.81903,
1964.0000,TAILPIPE (= nozzle throat),57.81903,105.02469,0.291994,1.000000,57.81903,
1965.0000,TAILPIPE (= nozzle throat),57.81903,105.02469,0.291994,1.000000,57.81903,
1966.0000,TAILPIPE (= nozzle throat),57.81903,105.02469,0.291994,1.000000,57.81903,
1967.0000,TAILPIPE (= nozzle throat),57.81903,105.02469,0.291994,1.000000,57.81903,
1968.0000,TAILPIPE (= nozzle throat),57.81903,105.02469,0.291994,1.000000,57.81903,
1969.0000,TAILPIPE (= nozzle throat),57.81903,105.02469,0.291994,1.000000,57.81903,
1970.0000,TAILPIPE (= nozzle throat),57.81903,105.02469,0.291994,1.000000,57.81903,
1971.0000,TAILPIPE (= nozzle throat),57.81903,105.02469,0.291994,1.000000,57.81903,
1972.0000,TAILPIPE (= nozzle throat),57.81903,105.02469,0.291994,1.000000,57.81903,
1973.0000,TAILPIPE (= nozzle throat),57.81903,105.02469,0.291994,1.000000,57.81903,
1974.0000,TAILPIPE (= nozzle throat),57.81903,105.02469,0.291994,1.000000,57.81903,
1975.0000,TAILPIPE (= nozzle throat),57.81903,105.02469,0.291994,1.000000,57.81903,
1976.0000,TAILPIPE (= nozzle throat),57.81903,105.02469,0.291994,1.000000,57.81903,
1977.0000,TAILPIPE (= nozzle throat),57.81903,105.02469,0.291994,1.000000,57.81903,
1978.0000,TAILPIPE (= nozzle throat),57.81903,105.02469,0.291994,1.000000,57.81903,
1979.0000,TAILPIPE (= nozzle throat),57.81903,105.02469,0.291994,1.000000,57.81903,
1980.0000,TAILPIPE (= nozzle throat),57.81903,105.02469,0.291994,1.000000,57.81903,
1981.0000,TAILPIPE (= nozzle throat),57.81903,105.02469,0.291994,1.000000,57.81903,
1982.0000,TAILPIPE (= nozzle throat),57.81903,105.02469,0.291994,1.000000,57.81903,
1983.0000,TAILPIPE (= nozzle throat),57.81903,105.02469,0.291994,1.000000,57.81903,
1984.0000,TAILPIPE (= nozzle throat),57.81903,105.02469,0.291994,1.000000,57.81903,
1985.0000,TAILPIPE (= nozzle throat),57.81903,105.02469,0.291994,1.000000,57.81903,
1986.0000,TAILPIPE (= nozzle throat),57.81903,105.02469,0.291994,1.000000,57.81903,
1987.0000,TAILPIPE (= nozzle throat),57.81903,105.02469,0.291994,1.000000,57.81903,
1988.0000,TAILPIPE (= nozzle throat),57.81903,105.02469,0.291994,1.000000,57.81903,
1989.0000,TAILPIPE (= nozzle throat),57.81903,105.02469,0.291994,1.000000,57.81903,
1990.0000,TAILPIPE (= nozzle throat),57.81903,105.02469,0.291994,1.000000,57.81903,
1991.0000,TAILPIPE (= nozzle throat),57.81903,105.02469,0.291994,1.000000,57.81903,
1992.0000,TAILPIPE (= nozzle throat),57.81903,105.02469,0.291994,1.000000,57.81903,
1993.0000,TAILPIPE (= nozzle throat),57.81903,105.02469,0.291994,1.000000,57.81903,
1994.0000,TAILPIPE (= nozzle throat),57.81903,105.02469,0.291994,1.000000,57.81903,
1995.0000,TAILPIPE (= nozzle throat),57.81903,105.02469,0.291994,1.000000,57.81903,
1996.0000,TAILPIPE (= nozzle throat),57.81903,105.02469,0.291994,1.000000,57.81903,
1997.0000,TAILPIPE (= nozzle throat),57.81903,105.02469,0.291994,1.000000,57.81903,
1998.0000,TAILPIPE (= nozzle throat),57.81903,105.02469,0.291994,1.000000,57.81903,
1999.0000,TAILPIPE (= nozzle throat),57.81903,105.02469,0.291994,1.000000,57.81903,
2000.0000,TAILPIPE (= nozzle throat),57.81903,105.02469,0.291994,1.000000,57.81903,
2001.0000,TAILPIPE (= nozzle throat),57.81903,105.02469,0.291994,1.000000,57.81903,
2002.0000,TAILPIPE (= nozzle throat),57.81903,105.02469,0.291994,1.000000,57.81903,
2003.0000,TAILPIPE (= nozzle throat),57.81903,105.02469,0.291994,1.000000,57.81903,
2004.0000,TAILPIPE (= nozzle throat),57.81903,105.02469,0.291994,1.000000,57.81903,
2005.0000,TAILPIPE (= nozzle throat),57.81903,105.02469,0.291994,1.000000,57.81903,
2006.0000,TAILPIPE (= nozzle throat),57.81903,105.02469,0.291994,1.000000,57.81903,
2007.0000,TAILPIPE (= nozzle throat),57.81903,105.02469,0.291994,1.000000,57.81903,
2008.0000,TAILPIPE (= nozzle throat),57.81903,105.02469,0.291994,1.000000,57.81903,
2009.0000,TAILPIPE (= nozzle throat),57.81903,105.02469,0.291994,1.000000,57.81903,
2010.0000,TAILPIPE (= nozzle throat),57.81903,105.02469,0.291994,1.000000,57.81903,
2011.0000,TAILPIPE (= nozzle throat),57.81903,105.02469,0.291994,1.000000,57.81903,
2012.0000,TAILPIPE (= nozzle throat),57.81903,105.02469,0.291994,1.000000,57.81903,
2013.0000,TAILPIPE (= nozzle throat),57.81903,105.02469,0.291994,1.000000,57.81903,
2014.0000,TAILPIPE (= nozzle throat),57.81903,105.02469,0.291994,1.000000,57.81903,
2015.0000,TAILPIPE (= nozzle throat),57.81903,105.02469,0.291994,1.000000,57.81903,
2016.0000,TAILPIPE (= nozzle throat),57.81903,105.02469,0.291994,1.000000,57.81903,
2017.0000,TAILPIPE (= nozzle throat),57.81903,105.02469,0.291994,1.000000,57.81903,
2018.0000,TAILPIPE (= nozzle throat),57.81903,105.02469,0.291994,1.000000,57.81903,
2019.0000,TAILPIPE (= nozzle throat),57.81903,105.02469,0.291994,1.000000,57.81903,
2020.0000,TAILPIPE (= nozzle throat),57.81903,105.02469,0.291994,1.000000,57.81903,
2021.0000,TAILPIPE (= nozzle throat),57.81903,105.02469,0.291994,1.000000,57.81903,
2022.0000,TAILPIPE (= nozzle throat),57.81903,105.02469,0.291994,1.000000,57.81903,
2023.0000,TAILPIPE (= nozzle throat),57.81903,105.02469,0.291994,1.000000,57.81903,
2024.0000,TAILPIPE (= nozzle throat),57.81903,105.02469,0.291994,1.000000,57.81903,
2025.0000,TAILPIPE (= nozzle throat),57.81903,105.02469,0.291994,1.000000,57.81903,
2026.0000,TAILPIPE (= nozzle throat),57.81903,105.02469,0.291994,1.000000,57.81903,
2027.0000,TAILPIPE (= nozzle throat),57.81903,105.02469,0.291994,1.000000,57.81903,
2028.0000,TAILPIPE (= nozzle throat),57.81903,105.02469,0.291994,1.000000,57.81903,
2029.0000,TAILPIPE (= nozzle throat),57.81903,105.02469,0.291994,1.000000,57.81903,
2030.0000,TAILPIPE (= nozzle throat),57.81903,105.02469,0.291994,1.000000,57.81903,
2031.0000,TAILPIPE (= nozzle throat),57.81903,105.02469,0.291994,1.000000,57.81903,
2032.0000,TAILPIPE (= nozzle throat),57.81903,105.02469,0.291994,1.000000,57.81903,
2033.0000,TAILPIPE (= nozzle throat),57.81903,105.02469,0.291994,1.000000,57.81903,
2034.0000,TAILPIPE (= nozzle throat),57.81903,105.02469,0.291994,1.000000,57.81903,
2035.0000,TAILPIPE (= nozzle throat),57.81903,105.02469,0.291994,1.000000,57.81903,
2036.0000,TAILPIPE (= nozzle throat),57.81903,105.02469,0.291994,1.000000,57.81903,
2037.0000,TAILPIPE (= nozzle throat),57.81903,105.02469,0.291994,1.000000,57.81903,
2038.0000,TAILPIPE (= nozzle throat),57.81903,105.02469,0.291994,1.000000,57.81903,
2039.0000,TAILPIPE (= nozzle throat),57.81903,105.02469,0.291994,1.000000,57.81903,
2040.0000,TAILPIPE (= nozzle throat),57.81903,105.02469,0.291994,1.000000,57.81903,
2041.0000,TAILPIPE (= nozzle throat),57.81903,105.02469,0.291994,1.000000,57.81903,
2042.0000,TAILPIPE (= nozzle throat),57.81903,105.02469,0.291994,1.000000,57.81903,
2043.0000,TAILPIPE (= nozzle throat),57.81903,105.02469,0.291994,1.000000,57.81903,
2044.0000,TAILPIPE (= nozzle throat),57.81903,105.02469,0.291994,1.000000,57.81903,
2045.0000,TAILPIPE (= nozzle throat),57.81903,105.02469,0.291994,1.000000,57.81903,
2046.0000,TAILPIPE (= nozzle throat),57.81903,105.02469,0.291994,1.000000,57.81903,
2047.0000,TAILPIPE (= nozzle throat),57.81903,105.02469,0.291994,1.000000,57.81903,
2048.0000,TAILPIPE (= nozzle throat),57.81903,105.02469,0.291994,1.000000,57.81903,
2049.0000,TAILPIPE (= nozzle throat),57.81903,105.02469,0.291994,1.000000,57.81903,
2050.0000,TAILPIPE (= nozzle throat),57.81903,105.02469,0.291994,1.000000,57.81903,
2051.0000,TAILPIPE (= nozzle throat),57.81903,105.02469,0.291994,1.000000,57.81903,
2052.0000,TAILPIPE (= nozzle throat),57.81903,105.02469,0.291994,1.000000,57.81903,
2053.0000,TAILPIPE (= nozzle throat),57.81903,105.02469,0.291994,1.000000,57.81903,
2054.0000,TAILPIPE (= nozzle throat),57.81903,105.02469,0.291994,1.000000,57.81903,
2055.0000,TAILPIPE (= nozzle throat),57.81903,105.02469,0.291994,1.000000,57.81903,
2056.0000,TAILPIPE (= nozzle throat),57.81903,105.02469,0.291994,1.000000,57.81903,
2057.0000,TAILPIPE (= nozzle throat),57.81903,105.02469,0.291994,1.000000,57.81903,
2058.0000,TAILPIPE (= nozzle throat),57.81903,105.02469,0.291994,1.000000,57.81903,
2059.0000,TAILPIPE (= nozzle throat),57.81903,105.02469,0.291994,1.000000,57.81903,
2059.6073,TAILPIPE (= nozzle throat),57.81903,105.02469,0.291994,1.000000,57.81903,tailpipe_end
2060.0000,TAILPIPE (= nozzle throat),57.81903,105.02469,0.291994,1.000000,57.81903,
2061.0000,TAILPIPE (= nozzle throat),57.81903,105.02469,0.291994,1.000000,57.81903,
2062.0000,TAILPIPE (= nozzle throat),57.81903,105.02469,0.291994,1.000000,57.81903,
2063.0000,TAILPIPE (= nozzle throat),57.81903,105.02469,0.291994,1.000000,57.81903,
2064.0000,TAILPIPE (= nozzle throat),57.81903,105.02469,0.291994,1.000000,57.81903,
2065.0000,TAILPIPE (= nozzle throat),57.81903,105.02469,0.291994,1.000000,57.81903,
2066.0000,TAILPIPE (= nozzle throat),57.81903,105.02469,0.291994,1.000000,57.81903,
2067.0000,TAILPIPE (= nozzle throat),57.81903,105.02469,0.291994,1.000000,57.81903,
2068.0000,TAILPIPE (= nozzle throat),57.81903,105.02469,0.291994,1.000000,57.81903,
2069.0000,TAILPIPE (= nozzle throat),57.81903,105.02469,0.291994,1.000000,57.81903,
2070.0000,TAILPIPE (= nozzle throat),57.81903,105.02469,0.291994,1.000000,57.81903,
2071.0000,TAILPIPE (= nozzle throat),57.81903,105.02469,0.291994,1.000000,57.81903,
2072.0000,TAILPIPE (= nozzle throat),57.81903,105.02469,0.291994,1.000000,57.81903,
2073.0000,TAILPIPE (= nozzle throat),57.81903,105.02469,0.291994,1.000000,57.81903,
2074.0000,TAILPIPE (= nozzle throat),57.81903,105.02469,0.291994,1.000000,57.81903,
2075.0000,TAILPIPE (= nozzle throat),57.81903,105.02469,0.291994,1.000000,57.81903,
2076.0000,TAILPIPE (= nozzle throat),57.81903,105.02469,0.291994,1.000000,57.81903,
2077.0000,TAILPIPE (= nozzle throat),57.81903,105.02469,0.291994,1.000000,57.81903,
2078.0000,TAILPIPE (= nozzle throat),57.81903,105.02469,0.291994,1.000000,57.81903,
2079.0000,TAILPIPE (= nozzle throat),57.81903,105.02469,0.291994,1.000000,57.81903,
2080.0000,TAILPIPE (= nozzle throat),57.81903,105.02469,0.291994,1.000000,57.81903,
2081.0000,TAILPIPE (= nozzle throat),57.81903,105.02469,0.291994,1.000000,57.81903,
2082.0000,TAILPIPE (= nozzle throat),57.81903,105.02469,0.291994,1.000000,57.81903,
2083.0000,TAILPIPE (= nozzle throat),57.81903,105.02469,0.291994,1.000000,57.81903,
2084.0000,TAILPIPE (= nozzle throat),57.81903,105.02469,0.291994,1.000000,57.81903,
2085.0000,TAILPIPE (= nozzle throat),57.81903,105.02469,0.291994,1.000000,57.81903,
2086.0000,TAILPIPE (= nozzle throat),57.81903,105.02469,0.291994,1.000000,57.81903,
2087.0000,TAILPIPE (= nozzle throat),57.81903,105.02469,0.291994,1.000000,57.81903,
2088.0000,TAILPIPE (= nozzle throat),57.81903,105.02469,0.291994,1.000000,57.81903,
2089.0000,TAILPIPE (= nozzle throat),57.81903,105.02469,0.291994,1.000000,57.81903,
2090.0000,TAILPIPE (= nozzle throat),57.81903,105.02469,0.291994,1.000000,57.81903,
2091.0000,TAILPIPE (= nozzle throat),57.81903,105.02469,0.291994,1.000000,57.81903,
2092.0000,TAILPIPE (= nozzle throat),57.81903,105.02469,0.291994,1.000000,57.81903,
2093.0000,TAILPIPE (= nozzle throat),57.81903,105.02469,0.291994,1.000000,57.81903,
2094.0000,TAILPIPE (= nozzle throat),57.81903,105.02469,0.291994,1.000000,57.81903,
2095.0000,TAILPIPE (= nozzle throat),57.81903,105.02469,0.291994,1.000000,57.81903,
2096.0000,TAILPIPE (= nozzle throat),57.81903,105.02469,0.291994,1.000000,57.81903,
2097.0000,TAILPIPE (= nozzle throat),57.81903,105.02469,0.291994,1.000000,57.81903,
2098.0000,TAILPIPE (= nozzle throat),57.81903,105.02469,0.291994,1.000000,57.81903,
2099.0000,TAILPIPE (= nozzle throat),57.81903,105.02469,0.291994,1.000000,57.81903,
2100.0000,TAILPIPE (= nozzle throat),57.81903,105.02469,0.291994,1.000000,57.81903,
2101.0000,TAILPIPE (= nozzle throat),57.81903,105.02469,0.291994,1.000000,57.81903,
2102.0000,TAILPIPE (= nozzle throat),57.81903,105.02469,0.291994,1.000000,57.81903,
2103.0000,TAILPIPE (= nozzle throat),57.81903,105.02469,0.291994,1.000000,57.81903,
2104.0000,TAILPIPE (= nozzle throat),57.81903,105.02469,0.291994,1.000000,57.81903,
2105.0000,TAILPIPE (= nozzle throat),57.81903,105.02469,0.291994,1.000000,57.81903,
2106.0000,TAILPIPE (= nozzle throat),57.81903,105.02469,0.291994,1.000000,57.81903,
2107.0000,TAILPIPE (= nozzle throat),57.81903,105.02469,0.291994,1.000000,57.81903,
2108.0000,TAILPIPE (= nozzle throat),57.81903,105.02469,0.291994,1.000000,57.81903,
2109.0000,TAILPIPE (= nozzle throat),57.81903,105.02469,0.291994,1.000000,57.81903,
2110.0000,TAILPIPE (= nozzle throat),57.81903,105.02469,0.291994,1.000000,57.81903,
2111.0000,TAILPIPE (= nozzle throat),57.81903,105.02469,0.291994,1.000000,57.81903,
2112.0000,TAILPIPE (= nozzle throat),57.81903,105.02469,0.291994,1.000000,57.81903,
2113.0000,TAILPIPE (= nozzle throat),57.81903,105.02469,0.291994,1.000000,57.81903,
2114.0000,TAILPIPE (= nozzle throat),57.81903,105.02469,0.291994,1.000000,57.81903,
2115.0000,TAILPIPE (= nozzle throat),57.81903,105.02469,0.291994,1.000000,57.81903,
2116.0000,TAILPIPE (= nozzle throat),57.81903,105.02469,0.291994,1.000000,57.81903,
2117.0000,TAILPIPE (= nozzle throat),57.81903,105.02469,0.291994,1.000000,57.81903,
2118.0000,TAILPIPE (= nozzle throat),57.81903,105.02469,0.291994,1.000000,57.81903,
2119.0000,TAILPIPE (= nozzle throat),57.81903,105.02469,0.291994,1.000000,57.81903,
2120.0000,TAILPIPE (= nozzle throat),57.81903,105.02469,0.291994,1.000000,57.81903,
2121.0000,TAILPIPE (= nozzle throat),57.81903,105.02469,0.291994,1.000000,57.81903,
2122.0000,TAILPIPE (= nozzle throat),57.81903,105.02469,0.291994,1.000000,57.81903,
2123.0000,TAILPIPE (= nozzle throat),57.81903,105.02469,0.291994,1.000000,57.81903,
2124.0000,TAILPIPE (= nozzle throat),57.81903,105.02469,0.291994,1.000000,57.81903,
2125.0000,TAILPIPE (= nozzle throat),57.81903,105.02469,0.291994,1.000000,57.81903,
2126.0000,TAILPIPE (= nozzle throat),57.81903,105.02469,0.291994,1.000000,57.81903,
2127.0000,TAILPIPE (= nozzle throat),57.81903,105.02469,0.291994,1.000000,57.81903,
2128.0000,TAILPIPE (= nozzle throat),57.81903,105.02469,0.291994,1.000000,57.81903,
2129.0000,TAILPIPE (= nozzle throat),57.81903,105.02469,0.291994,1.000000,57.81903,
2130.0000,TAILPIPE (= nozzle throat),57.81903,105.02469,0.291994,1.000000,57.81903,
2131.0000,TAILPIPE (= nozzle throat),57.81903,105.02469,0.291994,1.000000,57.81903,
2132.0000,TAILPIPE (= nozzle throat),57.81903,105.02469,0.291994,1.000000,57.81903,
2133.0000,TAILPIPE (= nozzle throat),57.81903,105.02469,0.291994,1.000000,57.81903,
2134.0000,TAILPIPE (= nozzle throat),57.81903,105.02469,0.291994,1.000000,57.81903,
2135.0000,TAILPIPE (= nozzle throat),57.81903,105.02469,0.291994,1.000000,57.81903,
2136.0000,TAILPIPE (= nozzle throat),57.81903,105.02469,0.291994,1.000000,57.81903,
2137.0000,TAILPIPE (= nozzle throat),57.81903,105.02469,0.291994,1.000000,57.81903,
2138.0000,TAILPIPE (= nozzle throat),57.81903,105.02469,0.291994,1.000000,57.81903,
2139.0000,TAILPIPE (= nozzle throat),57.81903,105.02469,0.291994,1.000000,57.81903,
2140.0000,TAILPIPE (= nozzle throat),57.81903,105.02469,0.291994,1.000000,57.81903,
2141.0000,TAILPIPE (= nozzle throat),57.81903,105.02469,0.291994,1.000000,57.81903,
2142.0000,TAILPIPE (= nozzle throat),57.81903,105.02469,0.291994,1.000000,57.81903,
2143.0000,TAILPIPE (= nozzle throat),57.81903,105.02469,0.291994,1.000000,57.81903,
2144.0000,TAILPIPE (= nozzle throat),57.81903,105.02469,0.291994,1.000000,57.81903,
2145.0000,TAILPIPE (= nozzle throat),57.81903,105.02469,0.291994,1.000000,57.81903,
2146.0000,TAILPIPE (= nozzle throat),57.81903,105.02469,0.291994,1.000000,57.81903,
2147.0000,TAILPIPE (= nozzle throat),57.81903,105.02469,0.291994,1.000000,57.81903,
2148.0000,TAILPIPE (= nozzle throat),57.81903,105.02469,0.291994,1.000000,57.81903,
2149.0000,TAILPIPE (= nozzle throat),57.81903,105.02469,0.291994,1.000000,57.81903,
2150.0000,TAILPIPE (= nozzle throat),57.81903,105.02469,0.291994,1.000000,57.81903,
2151.0000,TAILPIPE (= nozzle throat),57.81903,105.02469,0.291994,1.000000,57.81903,
2152.0000,TAILPIPE (= nozzle throat),57.81903,105.02469,0.291994,1.000000,57.81903,
2153.0000,TAILPIPE (= nozzle throat),57.81903,105.02469,0.291994,1.000000,57.81903,
2154.0000,TAILPIPE (= nozzle throat),57.81903,105.02469,0.291994,1.000000,57.81903,
2155.0000,TAILPIPE (= nozzle throat),57.81903,105.02469,0.291994,1.000000,57.81903,
2156.0000,TAILPIPE (= nozzle throat),57.81903,105.02469,0.291994,1.000000,57.81903,
2157.0000,TAILPIPE (= nozzle throat),57.81903,105.02469,0.291994,1.000000,57.81903,
2158.0000,TAILPIPE (= nozzle throat),57.81903,105.02469,0.291994,1.000000,57.81903,
2159.0000,TAILPIPE (= nozzle throat),57.81903,105.02469,0.291994,1.000000,57.81903,
2160.0000,TAILPIPE (= nozzle throat),57.81903,105.02469,0.291994,1.000000,57.81903,
2161.0000,TAILPIPE (= nozzle throat),57.81903,105.02469,0.291994,1.000000,57.81903,
2162.0000,TAILPIPE (= nozzle throat),57.81903,105.02469,0.291994,1.000000,57.81903,
2163.0000,TAILPIPE (= nozzle throat),57.81903,105.02469,0.291994,1.000000,57.81903,
2164.0000,TAILPIPE (= nozzle throat),57.81903,105.02469,0.291994,1.000000,57.81903,
2165.0000,TAILPIPE (= nozzle throat),57.81903,105.02469,0.291994,1.000000,57.81903,
2166.0000,TAILPIPE (= nozzle throat),57.81903,105.02469,0.291994,1.000000,57.81903,
2167.0000,TAILPIPE (= nozzle throat),57.81903,105.02469,0.291994,1.000000,57.81903,
2168.0000,TAILPIPE (= nozzle throat),57.81903,105.02469,0.291994,1.000000,57.81903,
2169.0000,TAILPIPE (= nozzle throat),57.81903,105.02469,0.291994,1.000000,57.81903,
2170.0000,TAILPIPE (= nozzle throat),57.81903,105.02469,0.291994,1.000000,57.81903,
2171.0000,TAILPIPE (= nozzle throat),57.81903,105.02469,0.291994,1.000000,57.81903,
2172.0000,TAILPIPE (= nozzle throat),57.81903,105.02469,0.291994,1.000000,57.81903,
2173.0000,TAILPIPE (= nozzle throat),57.81903,105.02469,0.291994,1.000000,57.81903,
2174.0000,TAILPIPE (= nozzle throat),57.81903,105.02469,0.291994,1.000000,57.81903,
2175.0000,TAILPIPE (= nozzle throat),57.81903,105.02469,0.291994,1.000000,57.81903,
2176.0000,TAILPIPE (= nozzle throat),57.81903,105.02469,0.291994,1.000000,57.81903,
2177.0000,TAILPIPE (= nozzle throat),57.81903,105.02469,0.291994,1.000000,57.81903,
2178.0000,TAILPIPE (= nozzle throat),57.81903,105.02469,0.291994,1.000000,57.81903,
2179.0000,TAILPIPE (= nozzle throat),57.81903,105.02469,0.291994,1.000000,57.81903,
2180.0000,TAILPIPE (= nozzle throat),57.81903,105.02469,0.291994,1.000000,57.81903,
2181.0000,TAILPIPE (= nozzle throat),57.81903,105.02469,0.291994,1.000000,57.81903,
2182.0000,TAILPIPE (= nozzle throat),57.81903,105.02469,0.291994,1.000000,57.81903,
2183.0000,TAILPIPE (= nozzle throat),57.81903,105.02469,0.291994,1.000000,57.81903,
2184.0000,TAILPIPE (= nozzle throat),57.81903,105.02469,0.291994,1.000000,57.81903,
2185.0000,TAILPIPE (= nozzle throat),57.81903,105.02469,0.291994,1.000000,57.81903,
2186.0000,TAILPIPE (= nozzle throat),57.81903,105.02469,0.291994,1.000000,57.81903,
2187.0000,TAILPIPE (= nozzle throat),57.81903,105.02469,0.291994,1.000000,57.81903,
2188.0000,TAILPIPE (= nozzle throat),57.81903,105.02469,0.291994,1.000000,57.81903,
2189.0000,TAILPIPE (= nozzle throat),57.81903,105.02469,0.291994,1.000000,57.81903,
2190.0000,TAILPIPE (= nozzle throat),57.81903,105.02469,0.291994,1.000000,57.81903,
2191.0000,TAILPIPE (= nozzle throat),57.81903,105.02469,0.291994,1.000000,57.81903,
2192.0000,TAILPIPE (= nozzle throat),57.81903,105.02469,0.291994,1.000000,57.81903,
2193.0000,TAILPIPE (= nozzle throat),57.81903,105.02469,0.291994,1.000000,57.81903,
2194.0000,TAILPIPE (= nozzle throat),57.81903,105.02469,0.291994,1.000000,57.81903,
2195.0000,TAILPIPE (= nozzle throat),57.81903,105.02469,0.291994,1.000000,57.81903,
2196.0000,TAILPIPE (= nozzle throat),57.81903,105.02469,0.291994,1.000000,57.81903,
2197.0000,TAILPIPE (= nozzle throat),57.81903,105.02469,0.291994,1.000000,57.81903,
2198.0000,TAILPIPE (= nozzle throat),57.81903,105.02469,0.291994,1.000000,57.81903,
2199.0000,TAILPIPE (= nozzle throat),57.81903,105.02469,0.291994,1.000000,57.81903,
2200.0000,TAILPIPE (= nozzle throat),57.81903,105.02469,0.291994,1.000000,57.81903,
2201.0000,TAILPIPE (= nozzle throat),57.81903,105.02469,0.291994,1.000000,57.81903,
2202.0000,TAILPIPE (= nozzle throat),57.81903,105.02469,0.291994,1.000000,57.81903,
2203.0000,TAILPIPE (= nozzle throat),57.81903,105.02469,0.291994,1.000000,57.81903,
2204.0000,TAILPIPE (= nozzle throat),57.81903,105.02469,0.291994,1.000000,57.81903,
2205.0000,TAILPIPE (= nozzle throat),57.81903,105.02469,0.291994,1.000000,57.81903,
2206.0000,TAILPIPE (= nozzle throat),57.81903,105.02469,0.291994,1.000000,57.81903,
2207.0000,TAILPIPE (= nozzle throat),57.81903,105.02469,0.291994,1.000000,57.81903,
2208.0000,TAILPIPE (= nozzle throat),57.81903,105.02469,0.291994,1.000000,57.81903,
2209.0000,TAILPIPE (= nozzle throat),57.81903,105.02469,0.291994,1.000000,57.81903,
2210.0000,TAILPIPE (= nozzle throat),57.81903,105.02469,0.291994,1.000000,57.81903,
2211.0000,TAILPIPE (= nozzle throat),57.81903,105.02469,0.291994,1.000000,57.81903,
2212.0000,TAILPIPE (= nozzle throat),57.81903,105.02469,0.291994,1.000000,57.81903,
2213.0000,TAILPIPE (= nozzle throat),57.81903,105.02469,0.291994,1.000000,57.81903,
2214.0000,TAILPIPE (= nozzle throat),57.81903,105.02469,0.291994,1.000000,57.81903,
2215.0000,TAILPIPE (= nozzle throat),57.81903,105.02469,0.291994,1.000000,57.81903,
2216.0000,TAILPIPE (= nozzle throat),57.81903,105.02469,0.291994,1.000000,57.81903,
2217.0000,TAILPIPE (= nozzle throat),57.81903,105.02469,0.291994,1.000000,57.81903,
2218.0000,TAILPIPE (= nozzle throat),57.81903,105.02469,0.291994,1.000000,57.81903,
2219.0000,TAILPIPE (= nozzle throat),57.81903,105.02469,0.291994,1.000000,57.81903,
2220.0000,TAILPIPE (= nozzle throat),57.81903,105.02469,0.291994,1.000000,57.81903,
2221.0000,TAILPIPE (= nozzle throat),57.81903,105.02469,0.291994,1.000000,57.81903,
2222.0000,TAILPIPE (= nozzle throat),57.81903,105.02469,0.291994,1.000000,57.81903,
2223.0000,TAILPIPE (= nozzle throat),57.81903,105.02469,0.291994,1.000000,57.81903,
2224.0000,TAILPIPE (= nozzle throat),57.81903,105.02469,0.291994,1.000000,57.81903,
2225.0000,TAILPIPE (= nozzle throat),57.81903,105.02469,0.291994,1.000000,57.81903,
2226.0000,TAILPIPE (= nozzle throat),57.81903,105.02469,0.291994,1.000000,57.81903,
2227.0000,TAILPIPE (= nozzle throat),57.81903,105.02469,0.291994,1.000000,57.81903,
2228.0000,TAILPIPE (= nozzle throat),57.81903,105.02469,0.291994,1.000000,57.81903,
2229.0000,TAILPIPE (= nozzle throat),57.81903,105.02469,0.291994,1.000000,57.81903,
2230.0000,TAILPIPE (= nozzle throat),57.81903,105.02469,0.291994,1.000000,57.81903,
2231.0000,TAILPIPE (= nozzle throat),57.81903,105.02469,0.291994,1.000000,57.81903,
2232.0000,TAILPIPE (= nozzle throat),57.81903,105.02469,0.291994,1.000000,57.81903,
2233.0000,TAILPIPE (= nozzle throat),57.81903,105.02469,0.291994,1.000000,57.81903,
2234.0000,TAILPIPE (= nozzle throat),57.81903,105.02469,0.291994,1.000000,57.81903,
2235.0000,TAILPIPE (= nozzle throat),57.81903,105.02469,0.291994,1.000000,57.81903,
2236.0000,TAILPIPE (= nozzle throat),57.81903,105.02469,0.291994,1.000000,57.81903,
2237.0000,TAILPIPE (= nozzle throat),57.81903,105.02469,0.291994,1.000000,57.81903,
2238.0000,TAILPIPE (= nozzle throat),57.81903,105.02469,0.291994,1.000000,57.81903,
2239.0000,TAILPIPE (= nozzle throat),57.81903,105.02469,0.291994,1.000000,57.81903,
2240.0000,TAILPIPE (= nozzle throat),57.81903,105.02469,0.291994,1.000000,57.81903,
2241.0000,TAILPIPE (= nozzle throat),57.81903,105.02469,0.291994,1.000000,57.81903,
2242.0000,TAILPIPE (= nozzle throat),57.81903,105.02469,0.291994,1.000000,57.81903,
2243.0000,TAILPIPE (= nozzle throat),57.81903,105.02469,0.291994,1.000000,57.81903,
2244.0000,TAILPIPE (= nozzle throat),57.81903,105.02469,0.291994,1.000000,57.81903,
2245.0000,TAILPIPE (= nozzle throat),57.81903,105.02469,0.291994,1.000000,57.81903,
2246.0000,TAILPIPE (= nozzle throat),57.81903,105.02469,0.291994,1.000000,57.81903,
2247.0000,TAILPIPE (= nozzle throat),57.81903,105.02469,0.291994,1.000000,57.81903,
2248.0000,TAILPIPE (= nozzle throat),57.81903,105.02469,0.291994,1.000000,57.81903,
2249.0000,TAILPIPE (= nozzle throat),57.81903,105.02469,0.291994,1.000000,57.81903,
2250.0000,TAILPIPE (= nozzle throat),57.81903,105.02469,0.291994,1.000000,57.81903,
2251.0000,TAILPIPE (= nozzle throat),57.81903,105.02469,0.291994,1.000000,57.81903,
2252.0000,TAILPIPE (= nozzle throat),57.81903,105.02469,0.291994,1.000000,57.81903,
2253.0000,TAILPIPE (= nozzle throat),57.81903,105.02469,0.291994,1.000000,57.81903,
2254.0000,TAILPIPE (= nozzle throat),57.81903,105.02469,0.291994,1.000000,57.81903,
2255.0000,TAILPIPE (= nozzle throat),57.81903,105.02469,0.291994,1.000000,57.81903,
2256.0000,TAILPIPE (= nozzle throat),57.81903,105.02469,0.291994,1.000000,57.81903,
2257.0000,TAILPIPE (= nozzle throat),57.81903,105.02469,0.291994,1.000000,57.81903,
2258.0000,TAILPIPE (= nozzle throat),57.81903,105.02469,0.291994,1.000000,57.81903,
2259.0000,TAILPIPE (= nozzle throat),57.81903,105.02469,0.291994,1.000000,57.81903,
2260.0000,TAILPIPE (= nozzle throat),57.81903,105.02469,0.291994,1.000000,57.81903,
2261.0000,TAILPIPE (= nozzle throat),57.81903,105.02469,0.291994,1.000000,57.81903,
2262.0000,TAILPIPE (= nozzle throat),57.81903,105.02469,0.291994,1.000000,57.81903,
2263.0000,TAILPIPE (= nozzle throat),57.81903,105.02469,0.291994,1.000000,57.81903,
2263.0752,TAILPIPE (= nozzle throat),57.81903,105.02469,0.291994,1.000000,57.81903,nozzle_throat
2264.0000,DIVERGENT NOZZLE,58.06682,105.92684,0.294502,1.008590,58.06682,
2265.0000,DIVERGENT NOZZLE,58.33477,106.90670,0.297226,1.017920,58.33477,
2266.0000,DIVERGENT NOZZLE,58.60272,107.89106,0.299963,1.027292,58.60272,
2267.0000,DIVERGENT NOZZLE,58.87067,108.87994,0.302713,1.036708,58.87067,
2268.0000,DIVERGENT NOZZLE,59.13862,109.87333,0.305474,1.046167,59.13862,
2269.0000,DIVERGENT NOZZLE,59.40657,110.87122,0.308249,1.055668,59.40657,
2270.0000,DIVERGENT NOZZLE,59.67452,111.87363,0.311036,1.065213,59.67452,
2271.0000,DIVERGENT NOZZLE,59.94247,112.88055,0.313835,1.074800,59.94247,
2272.0000,DIVERGENT NOZZLE,60.21042,113.89199,0.316647,1.084431,60.21042,
2273.0000,DIVERGENT NOZZLE,60.47837,114.90793,0.319472,1.094104,60.47837,
2273.6073,DIVERGENT NOZZLE,60.64111,115.52716,0.321193,1.100000,60.64111,nozzle_exit
